GaugeID, Lat, Lon, Start Time (UTC), End Time (UTC), Peak Q (cms), Peak Time (UTC), Delta Time (h)
01116000,41.690000,-71.566389,1998-06-14 17:30:00,1998-06-16 01:45:00,27.9204,1998-06-15 05:00:00,11.5000
01116000,41.690000,-71.566389,2001-03-23 00:45:00,2001-03-24 12:30:00,30.2990,2001-03-23 12:15:00,11.5000
01116000,41.690000,-71.566389,2001-03-31 08:15:00,2001-04-01 13:30:00,26.4763,2001-03-31 18:15:00,10.0000
01116000,41.690000,-71.566389,2004-04-14 15:45:00,2004-04-15 22:30:00,27.9204,2004-04-15 00:45:00,9.0000
01116000,41.690000,-71.566389,2005-03-29 21:00:00,2005-03-30 15:45:00,24.8622,2005-03-30 04:00:00,7.0000
01116000,41.690000,-71.566389,2005-10-15 19:15:00,2005-10-17 17:00:00,47.2891,2005-10-16 07:00:00,11.7500
01116000,41.690000,-71.566389,2006-06-08 07:15:00,2006-06-09 08:30:00,26.7877,2006-06-08 15:15:00,8.0000
01116000,41.690000,-71.566389,2007-04-16 15:15:00,2007-04-18 08:15:00,31.4317,2007-04-17 02:45:00,11.5000
01116000,41.690000,-71.566389,2008-03-09 08:30:00,2008-03-10 07:45:00,25.5135,2008-03-09 18:30:00,10.0000
01116000,41.690000,-71.566389,2008-12-13 02:00:00,2008-12-14 05:15:00,28.3168,2008-12-13 09:45:00,7.7500
01116000,41.690000,-71.566389,2010-03-14 14:00:00,2010-03-17 08:30:00,57.2000,2010-03-15 06:00:00,16.0000
01116000,41.690000,-71.566389,2010-03-24 03:30:00,2010-03-25 18:15:00,30.2990,2010-03-24 17:45:00,14.2500
01116000,41.690000,-71.566389,2010-03-30 00:15:00,2010-04-02 18:45:00,155.4595,2010-03-31 07:00:00,30.7500
01116000,41.690000,-71.566389,2013-06-09 01:15:00,2013-06-09 09:00:00,22.9083,2013-06-09 04:15:00,3.0000
01082000,42.862500,-71.959722,2003-03-27 02:15:00,2003-03-28 03:30:00,32.5644,2003-03-27 07:45:00,5.5000
01082000,42.862500,-71.959722,2004-04-01 20:15:00,2004-04-04 05:00:00,90.8971,2004-04-02 07:30:00,11.2500
01082000,42.862500,-71.959722,2005-04-02 21:15:00,2005-04-05 09:00:00,73.6238,2005-04-03 12:30:00,14.2500
01082000,42.862500,-71.959722,2005-04-24 14:30:00,2005-04-24 20:30:00,28.8832,2005-04-24 16:00:00,1.5000
01082000,42.862500,-71.959722,2005-10-09 04:15:00,2005-10-10 12:00:00,47.8555,2005-10-09 11:00:00,6.7500
01082000,42.862500,-71.959722,2005-10-15 04:15:00,2005-10-17 16:30:00,75.6060,2005-10-15 20:45:00,16.5000
01082000,42.862500,-71.959722,2005-10-25 16:45:00,2005-10-27 05:15:00,42.4753,2005-10-26 03:00:00,10.2500
01082000,42.862500,-71.959722,2006-01-18 21:45:00,2006-01-19 09:30:00,34.5466,2006-01-19 01:45:00,4.0000
01082000,42.862500,-71.959722,2006-02-05 14:00:00,2006-02-06 02:00:00,29.4495,2006-02-05 17:15:00,3.2500
01082000,42.862500,-71.959722,2006-05-14 16:45:00,2006-05-16 00:15:00,41.6258,2006-05-15 01:15:00,8.5000
01082000,42.862500,-71.959722,2007-04-16 10:30:00,2007-04-20 15:15:00,116.3822,2007-04-16 17:00:00,6.5000
01082000,42.862500,-71.959722,2008-04-02 07:30:00,2008-04-02 14:30:00,29.7327,2008-04-02 11:30:00,4.0000
01082000,42.862500,-71.959722,2008-12-12 14:00:00,2008-12-13 05:30:00,32.8475,2008-12-12 15:45:00,1.7500
01082000,42.862500,-71.959722,2009-07-25 06:30:00,2009-07-25 22:15:00,33.4139,2009-07-25 08:45:00,2.2500
01082000,42.862500,-71.959722,2010-02-26 05:45:00,2010-02-27 01:45:00,37.0951,2010-02-26 10:15:00,4.5000
01082000,42.862500,-71.959722,2010-03-14 15:30:00,2010-03-19 09:30:00,76.7387,2010-03-15 10:45:00,19.2500
01082000,42.862500,-71.959722,2010-03-23 15:00:00,2010-03-25 02:45:00,37.9446,2010-03-23 19:30:00,4.5000
01082000,42.862500,-71.959722,2010-03-30 17:30:00,2010-04-02 04:15:00,68.8099,2010-03-31 04:00:00,10.5000
01082000,42.862500,-71.959722,2011-08-28 16:15:00,2011-08-29 06:45:00,39.9268,2011-08-28 20:00:00,3.7500
01082000,42.862500,-71.959722,2011-12-08 07:45:00,2011-12-09 05:30:00,41.9089,2011-12-08 12:15:00,4.5000
01082000,42.862500,-71.959722,2012-10-30 04:15:00,2012-10-31 19:30:00,38.5109,2012-10-31 04:00:00,23.7500
01082000,42.862500,-71.959722,2013-09-13 00:15:00,2013-09-13 08:30:00,37.3782,2013-09-13 01:45:00,1.5000
01082000,42.862500,-71.959722,2014-03-31 20:00:00,2014-04-01 06:45:00,33.4139,2014-03-31 20:15:00,0.2500
01082000,42.862500,-71.959722,2014-10-23 15:00:00,2014-10-24 05:45:00,41.9089,2014-10-23 18:15:00,3.2500
01082000,42.862500,-71.959722,2016-02-25 09:45:00,2016-02-26 01:00:00,35.1129,2016-02-25 14:15:00,4.5000
01104500,42.372222,-71.234167,1976-02-02 07:00:00,1976-02-05 04:00:00,117.5149,1976-02-03 19:00:00,36.0000
01104500,42.372222,-71.234167,1993-03-29 19:00:00,1993-04-08 03:00:00,61.7307,1993-04-02 05:30:00,82.5000
01104500,42.372222,-71.234167,1994-03-29 17:00:00,1994-03-30 07:00:00,40.4931,1994-03-29 18:00:00,1.0000
01104500,42.372222,-71.234167,1996-01-28 04:00:00,1996-01-28 10:45:00,40.4931,1996-01-28 04:45:00,0.7500
01104500,42.372222,-71.234167,1996-10-20 18:15:00,1996-10-26 06:45:00,84.6674,1996-10-21 16:45:00,22.5000
01104500,42.372222,-71.234167,1998-05-11 19:15:00,1998-05-12 16:30:00,42.7584,1998-05-12 00:45:00,5.5000
01104500,42.372222,-71.234167,1998-06-13 21:45:00,1998-06-22 17:15:00,61.7307,1998-06-15 01:15:00,27.5000
01104500,42.372222,-71.234167,2001-03-22 11:00:00,2001-04-06 03:00:00,62.0139,2001-03-23 19:00:00,32.0000
01104500,42.372222,-71.234167,2004-04-02 05:15:00,2004-04-03 06:00:00,42.7584,2004-04-02 10:15:00,5.0000
01104500,42.372222,-71.234167,2005-04-03 07:45:00,2005-04-03 20:00:00,41.3426,2005-04-03 11:00:00,3.2500
01104500,42.372222,-71.234167,2006-05-14 19:30:00,2006-05-15 23:15:00,42.4753,2006-05-15 00:30:00,5.0000
01104500,42.372222,-71.234167,2006-06-07 22:00:00,2006-06-13 13:45:00,45.0238,2006-06-10 16:45:00,66.7500
01104500,42.372222,-71.234167,2006-06-14 18:30:00,2006-06-15 02:15:00,41.0594,2006-06-14 21:45:00,3.2500
01104500,42.372222,-71.234167,2010-02-26 07:00:00,2010-02-27 06:00:00,41.3426,2010-02-26 19:15:00,12.2500
01104500,42.372222,-71.234167,2010-03-14 11:45:00,2010-04-12 10:30:00,120.9129,2010-03-16 00:30:00,36.7500
01104500,42.372222,-71.234167,2011-03-09 14:30:00,2011-03-09 23:15:00,50.1208,2011-03-09 15:00:00,0.5000
01104500,42.372222,-71.234167,2011-03-10 23:45:00,2011-03-12 00:45:00,43.0416,2011-03-11 17:30:00,17.7500
01104500,42.372222,-71.234167,2013-06-14 08:15:00,2013-06-17 15:15:00,44.4574,2013-06-14 14:45:00,6.5000
01104500,42.372222,-71.234167,2014-12-09 22:45:00,2014-12-11 15:45:00,46.4396,2014-12-10 14:15:00,15.5000
01105583,42.220833,-70.978611,2006-05-15 15:15:00,2006-05-16 20:15:00,14.7531,2006-05-16 05:30:00,14.2500
01105583,42.220833,-70.978611,2006-06-08 18:45:00,2006-06-11 01:30:00,17.3865,2006-06-09 14:30:00,19.7500
01105583,42.220833,-70.978611,2010-03-14 21:30:00,2010-03-19 21:30:00,45.3070,2010-03-17 02:30:00,53.0000
01105583,42.220833,-70.978611,2010-03-30 09:00:00,2010-04-03 11:00:00,36.2456,2010-04-01 02:30:00,41.5000
01105583,42.220833,-70.978611,2014-12-11 00:30:00,2014-12-12 00:15:00,15.1495,2014-12-11 03:30:00,3.0000
01105583,42.220833,-70.978611,2015-01-27 19:30:00,2015-01-28 22:00:00,16.1406,2015-01-28 02:45:00,7.2500
01105600,42.190278,-70.945278,1988-03-27 04:00:00,1988-03-28 03:00:00,3.3414,1988-03-27 17:30:00,13.5000
01105600,42.190278,-70.945278,1988-06-18 22:30:00,1988-06-18 23:30:00,2.7751,1988-06-18 23:00:00,0.5000
01105600,42.190278,-70.945278,1990-04-04 05:00:00,1990-04-05 02:15:00,3.2848,1990-04-04 07:15:00,2.2500
01105600,42.190278,-70.945278,1990-08-11 17:00:00,1990-08-12 01:00:00,3.2564,1990-08-11 18:15:00,1.2500
01105600,42.190278,-70.945278,1990-08-25 07:00:00,1990-08-25 09:15:00,3.2848,1990-08-25 07:45:00,0.7500
01105600,42.190278,-70.945278,1991-04-21 15:15:00,1991-04-22 14:30:00,3.5962,1991-04-22 02:30:00,11.2500
01105600,42.190278,-70.945278,1991-10-31 22:00:00,1991-11-02 13:45:00,4.4457,1991-11-01 15:45:00,17.7500
01105600,42.190278,-70.945278,1992-12-12 09:00:00,1992-12-14 08:45:00,8.2402,1992-12-13 07:30:00,22.5000
01105600,42.190278,-70.945278,1993-02-17 03:15:00,1993-02-17 16:30:00,2.9166,1993-02-17 04:15:00,1.0000
01105600,42.190278,-70.945278,1993-03-29 15:30:00,1993-03-31 02:45:00,3.5396,1993-03-30 04:30:00,13.0000
01105600,42.190278,-70.945278,1993-04-02 00:00:00,1993-04-02 21:00:00,3.8511,1993-04-02 08:30:00,8.5000
01105600,42.190278,-70.945278,1993-12-06 03:00:00,1993-12-06 04:45:00,2.6618,1993-12-06 04:30:00,1.5000
01105600,42.190278,-70.945278,1993-12-21 16:45:00,1993-12-22 11:00:00,4.1626,1993-12-21 18:30:00,1.7500
01105600,42.190278,-70.945278,1994-01-28 22:45:00,1994-01-29 00:45:00,2.8034,1994-01-28 23:30:00,0.7500
01105600,42.190278,-70.945278,1994-03-10 17:15:00,1994-03-12 02:30:00,4.5873,1994-03-11 09:15:00,16.0000
01105600,42.190278,-70.945278,1994-03-23 00:30:00,1994-03-23 08:00:00,2.6901,1994-03-23 04:00:00,3.5000
01105600,42.190278,-70.945278,1994-08-13 23:45:00,1994-08-14 01:15:00,9.4861,1994-08-14 00:15:00,0.5000
01105600,42.190278,-70.945278,1994-12-24 14:00:00,1994-12-25 17:15:00,5.0404,1994-12-25 01:15:00,11.2500
01105600,42.190278,-70.945278,1995-11-15 04:45:00,1995-11-15 20:45:00,3.2848,1995-11-15 05:45:00,1.0000
01105600,42.190278,-70.945278,1996-01-20 05:00:00,1996-01-21 07:30:00,7.5606,1996-01-20 10:30:00,5.5000
01105600,42.190278,-70.945278,1996-01-28 02:00:00,1996-01-28 22:30:00,3.1998,1996-01-28 13:30:00,11.5000
01105600,42.190278,-70.945278,1996-09-19 04:00:00,1996-09-19 12:45:00,4.3891,1996-09-19 04:15:00,0.2500
01105600,42.190278,-70.945278,1996-10-20 15:30:00,1996-10-22 17:30:00,8.5800,1996-10-21 13:45:00,22.2500
01105600,42.190278,-70.945278,1996-12-09 05:00:00,1996-12-09 05:15:00,2.4919,1996-12-09 05:15:00,0.2500
01105600,42.190278,-70.945278,1998-01-24 11:45:00,1998-01-25 14:30:00,4.4457,1998-01-24 22:45:00,11.0000
01105600,42.190278,-70.945278,1998-02-18 12:45:00,1998-02-19 16:00:00,4.4457,1998-02-19 02:15:00,13.5000
01105600,42.190278,-70.945278,1998-02-24 14:00:00,1998-02-26 03:30:00,6.3430,1998-02-25 02:00:00,12.0000
01105600,42.190278,-70.945278,1998-03-10 01:00:00,1998-03-11 01:00:00,5.4652,1998-03-10 03:00:00,2.0000
01105600,42.190278,-70.945278,1998-05-10 18:15:00,1998-05-12 02:30:00,3.3697,1998-05-11 05:00:00,10.7500
01105600,42.190278,-70.945278,1998-06-13 21:45:00,1998-06-15 05:00:00,4.2192,1998-06-14 13:15:00,15.5000
01105600,42.190278,-70.945278,1998-06-30 16:00:00,1998-07-01 16:45:00,4.1343,1998-07-01 03:45:00,11.7500
01105600,42.190278,-70.945278,1999-01-15 22:00:00,1999-01-16 00:15:00,2.8034,1999-01-15 22:45:00,0.7500
01105600,42.190278,-70.945278,1999-02-03 05:15:00,1999-02-04 05:30:00,4.8422,1999-02-03 17:15:00,12.0000
01105600,42.190278,-70.945278,1999-09-17 01:30:00,1999-09-17 03:45:00,3.0582,1999-09-17 02:00:00,0.5000
01105600,42.190278,-70.945278,2000-04-22 07:45:00,2000-04-23 08:30:00,3.7661,2000-04-22 20:00:00,12.2500
01105600,42.190278,-70.945278,2000-06-07 06:15:00,2000-06-07 18:30:00,2.5768,2000-06-07 06:45:00,0.5000
01105600,42.190278,-70.945278,2000-12-18 00:30:00,2000-12-18 02:15:00,2.6618,2000-12-18 01:15:00,0.7500
01105600,42.190278,-70.945278,2001-03-22 08:45:00,2001-03-24 02:30:00,8.2119,2001-03-23 01:00:00,16.2500
01105600,42.190278,-70.945278,2001-03-30 19:00:00,2001-03-31 22:15:00,5.6634,2001-03-31 05:45:00,10.7500
01105600,42.190278,-70.945278,2003-01-04 17:15:00,2003-01-05 02:00:00,2.6618,2003-01-04 20:45:00,3.5000
01105600,42.190278,-70.945278,2003-03-30 19:45:00,2003-03-31 13:30:00,3.1149,2003-03-31 03:30:00,7.7500
01105600,42.190278,-70.945278,2003-04-12 10:15:00,2003-04-13 06:30:00,3.5962,2003-04-12 16:15:00,6.0000
01105600,42.190278,-70.945278,2004-04-01 18:30:00,2004-04-03 02:00:00,4.8422,2004-04-02 07:00:00,12.5000
01105600,42.190278,-70.945278,2004-04-14 01:45:00,2004-04-14 18:45:00,2.8883,2004-04-14 02:45:00,1.0000
01105600,42.190278,-70.945278,2005-05-26 00:00:00,2005-05-27 08:45:00,4.6440,2005-05-26 15:15:00,15.2500
01105600,42.190278,-70.945278,2005-08-14 19:30:00,2005-08-15 16:30:00,11.3834,2005-08-14 21:00:00,1.5000
01105600,42.190278,-70.945278,2005-08-30 07:45:00,2005-08-31 08:00:00,4.0493,2005-08-30 08:45:00,1.0000
01105600,42.190278,-70.945278,2005-10-15 06:00:00,2005-10-17 02:30:00,12.9691,2005-10-15 19:45:00,13.7500
01105600,42.190278,-70.945278,2005-10-25 17:15:00,2005-10-26 22:00:00,4.3042,2005-10-26 05:30:00,12.2500
01105600,42.190278,-70.945278,2005-11-22 17:15:00,2005-11-23 16:45:00,4.0493,2005-11-23 04:00:00,10.7500
01105600,42.190278,-70.945278,2006-05-13 17:15:00,2006-05-16 01:30:00,7.5889,2006-05-14 14:00:00,20.7500
01105600,42.190278,-70.945278,2006-06-04 01:00:00,2006-06-04 18:45:00,2.7184,2006-06-04 10:30:00,9.5000
01105600,42.190278,-70.945278,2006-06-07 14:45:00,2006-06-09 05:45:00,8.8915,2006-06-08 01:15:00,10.5000
01105600,42.190278,-70.945278,2006-06-25 14:00:00,2006-06-26 11:45:00,3.7378,2006-06-25 15:30:00,1.5000
01105600,42.190278,-70.945278,2006-10-28 18:30:00,2006-10-28 22:15:00,3.9644,2006-10-28 20:15:00,1.7500
01105600,42.190278,-70.945278,2006-11-24 03:00:00,2006-11-25 05:15:00,4.7006,2006-11-24 15:45:00,12.7500
01105600,42.190278,-70.945278,2007-02-14 20:30:00,2007-02-14 23:30:00,4.1059,2007-02-14 21:45:00,1.2500
01105600,42.190278,-70.945278,2007-03-02 17:30:00,2007-03-03 07:45:00,2.9166,2007-03-03 05:15:00,11.7500
01105600,42.190278,-70.945278,2007-03-17 11:15:00,2007-03-17 12:45:00,2.6335,2007-03-17 12:15:00,1.0000
01105600,42.190278,-70.945278,2007-04-16 05:15:00,2007-04-17 10:30:00,5.4652,2007-04-16 18:15:00,13.0000
01105600,42.190278,-70.945278,2008-02-13 21:00:00,2008-02-15 01:15:00,6.3996,2008-02-13 23:30:00,2.5000
01105600,42.190278,-70.945278,2008-03-08 23:15:00,2008-03-09 21:45:00,4.6156,2008-03-09 01:30:00,2.2500
01105600,42.190278,-70.945278,2008-09-28 23:15:00,2008-09-29 01:00:00,2.7751,2008-09-29 00:15:00,1.0000
01105600,42.190278,-70.945278,2008-12-12 08:00:00,2008-12-13 11:30:00,5.5784,2008-12-12 20:00:00,12.0000
01105600,42.190278,-70.945278,2009-09-12 13:00:00,2009-09-12 14:15:00,2.6335,2009-09-12 14:00:00,1.0000
01105600,42.190278,-70.945278,2010-01-25 22:30:00,2010-01-26 19:00:00,3.7378,2010-01-26 08:45:00,10.2500
01105600,42.190278,-70.945278,2010-02-26 02:00:00,2010-02-26 22:00:00,3.6812,2010-02-26 13:00:00,11.0000
01105600,42.190278,-70.945278,2010-03-14 08:00:00,2010-03-17 02:45:00,11.2984,2010-03-15 22:45:00,38.7500
01105600,42.190278,-70.945278,2010-03-23 22:15:00,2010-03-24 15:15:00,3.2281,2010-03-24 01:30:00,3.2500
01105600,42.190278,-70.945278,2010-03-30 01:15:00,2010-03-31 21:00:00,9.6277,2010-03-30 18:45:00,17.5000
01105600,42.190278,-70.945278,2010-08-25 14:00:00,2010-08-25 16:45:00,3.9360,2010-08-25 15:15:00,1.2500
01105600,42.190278,-70.945278,2011-12-08 09:00:00,2011-12-09 01:15:00,2.9166,2011-12-08 17:30:00,8.5000
01105600,42.190278,-70.945278,2012-08-10 23:00:00,2012-08-11 01:30:00,4.6440,2012-08-11 00:00:00,1.0000
01105600,42.190278,-70.945278,2013-02-27 22:45:00,2013-02-28 18:45:00,3.3131,2013-02-28 08:30:00,9.7500
01105600,42.190278,-70.945278,2013-03-13 02:00:00,2013-03-13 21:45:00,3.1432,2013-03-13 11:30:00,9.5000
01105600,42.190278,-70.945278,2013-06-08 02:15:00,2013-06-09 04:00:00,4.1343,2013-06-08 03:15:00,1.0000
01105600,42.190278,-70.945278,2013-08-09 20:00:00,2013-08-09 21:30:00,3.0299,2013-08-09 20:45:00,0.7500
01105600,42.190278,-70.945278,2014-03-30 12:30:00,2014-03-31 11:00:00,2.9450,2014-03-31 06:00:00,17.5000
01105600,42.190278,-70.945278,2014-10-23 06:45:00,2014-10-24 10:45:00,4.2475,2014-10-23 09:00:00,2.2500
01105600,42.190278,-70.945278,2014-12-09 19:30:00,2014-12-10 22:45:00,4.3325,2014-12-10 07:00:00,11.5000
01105600,42.190278,-70.945278,2015-01-08 13:45:00,2015-01-08 14:30:00,8.2685,2015-01-08 14:30:00,0.7500
01105600,42.190278,-70.945278,2016-02-17 08:45:00,2016-02-17 13:30:00,2.5768,2016-02-17 10:00:00,1.2500
01109070,41.840278,-71.143333,1989-07-18 10:15:00,1989-07-18 11:00:00,5.9182,1989-07-18 10:30:00,0.2500
01109070,41.840278,-71.143333,1991-04-22 00:15:00,1991-04-22 20:45:00,6.5978,1991-04-22 01:00:00,0.7500
01109070,41.840278,-71.143333,1992-12-12 08:30:00,1992-12-15 02:15:00,13.3372,1992-12-13 11:00:00,26.5000
01109070,41.840278,-71.143333,1993-02-17 10:15:00,1993-02-18 08:45:00,7.7871,1993-02-17 22:15:00,12.0000
01109070,41.840278,-71.143333,1993-03-18 19:30:00,1993-03-18 23:30:00,5.7766,1993-03-18 20:15:00,0.7500
01109070,41.840278,-71.143333,1993-03-25 06:00:00,1993-03-25 17:00:00,5.8333,1993-03-25 10:00:00,4.0000
01109070,41.840278,-71.143333,1993-04-02 13:30:00,1993-04-03 01:45:00,6.0598,1993-04-02 18:45:00,5.2500
01109070,41.840278,-71.143333,1994-01-29 10:15:00,1994-01-30 02:00:00,6.5695,1994-01-29 19:00:00,8.7500
01109070,41.840278,-71.143333,1994-03-10 19:00:00,1994-03-12 18:30:00,13.9602,1994-03-11 10:15:00,15.2500
01109070,41.840278,-71.143333,1994-12-24 19:15:00,1994-12-25 22:00:00,7.1358,1994-12-25 06:45:00,11.5000
01109070,41.840278,-71.143333,1996-01-19 23:00:00,1996-01-21 07:45:00,8.7782,1996-01-20 08:00:00,9.0000
01109070,41.840278,-71.143333,1996-10-21 09:30:00,1996-10-22 00:30:00,6.1731,1996-10-21 14:30:00,5.0000
01109070,41.840278,-71.143333,1996-12-08 14:15:00,1996-12-09 13:45:00,7.0792,1996-12-09 00:45:00,10.5000
01109070,41.840278,-71.143333,1998-01-24 21:45:00,1998-01-26 03:15:00,8.0703,1998-01-25 09:00:00,11.2500
01109070,41.840278,-71.143333,1998-02-18 22:15:00,1998-02-19 19:30:00,6.7111,1998-02-19 07:45:00,9.5000
01109070,41.840278,-71.143333,1998-02-25 00:45:00,1998-02-26 02:45:00,7.1925,1998-02-25 11:30:00,10.7500
01109070,41.840278,-71.143333,1998-03-10 01:30:00,1998-03-11 18:30:00,11.6382,1998-03-10 18:00:00,16.5000
01109070,41.840278,-71.143333,1998-05-10 22:15:00,1998-05-12 06:00:00,7.4473,1998-05-11 10:45:00,12.5000
01109070,41.840278,-71.143333,1998-06-14 03:30:00,1998-06-18 03:30:00,16.6503,1998-06-16 07:30:00,52.0000
01109070,41.840278,-71.143333,1999-02-03 08:15:00,1999-02-04 20:45:00,10.5622,1999-02-04 01:30:00,17.2500
01109070,41.840278,-71.143333,1999-03-01 20:00:00,1999-03-02 07:00:00,5.9465,1999-03-02 00:00:00,4.0000
01109070,41.840278,-71.143333,2000-04-22 14:30:00,2000-04-24 02:30:00,8.5234,2000-04-23 04:45:00,14.2500
01109070,41.840278,-71.143333,2001-03-22 11:15:00,2001-03-24 04:15:00,10.5056,2001-03-23 05:00:00,17.7500
01109070,41.840278,-71.143333,2001-03-30 20:30:00,2001-04-01 13:00:00,11.8648,2001-03-31 12:45:00,16.2500
01109070,41.840278,-71.143333,2003-03-30 22:45:00,2003-04-01 02:45:00,7.4473,2003-03-31 10:30:00,11.7500
01109070,41.840278,-71.143333,2003-04-12 10:45:00,2003-04-13 12:15:00,7.7305,2003-04-12 20:15:00,9.5000
01109070,41.840278,-71.143333,2003-08-08 10:45:00,2003-08-10 03:30:00,13.7620,2003-08-08 17:15:00,6.5000
01109070,41.840278,-71.143333,2003-12-12 14:45:00,2003-12-13 02:45:00,6.0881,2003-12-12 20:00:00,5.2500
01109070,41.840278,-71.143333,2004-04-02 00:15:00,2004-04-03 02:15:00,7.0509,2004-04-02 09:00:00,8.7500
01109070,41.840278,-71.143333,2004-04-14 06:00:00,2004-04-15 16:30:00,7.9854,2004-04-14 22:00:00,16.0000
01109070,41.840278,-71.143333,2005-03-29 02:00:00,2005-03-31 00:00:00,17.1034,2005-03-29 16:30:00,14.5000
01109070,41.840278,-71.143333,2005-04-03 07:15:00,2005-04-04 08:30:00,7.3341,2005-04-03 14:00:00,6.7500
01109070,41.840278,-71.143333,2005-10-15 06:15:00,2005-10-17 12:45:00,23.2198,2005-10-15 21:15:00,15.0000
01109070,41.840278,-71.143333,2005-11-23 02:45:00,2005-11-23 17:00:00,6.0032,2005-11-23 09:30:00,6.7500
01109070,41.840278,-71.143333,2005-12-01 09:30:00,2005-12-02 00:15:00,6.2297,2005-12-01 16:15:00,6.7500
01109070,41.840278,-71.143333,2006-05-14 13:30:00,2006-05-15 21:00:00,6.8810,2006-05-15 01:15:00,11.7500
01109070,41.840278,-71.143333,2006-06-07 13:15:00,2006-06-09 15:15:00,19.8218,2006-06-08 04:30:00,15.2500
01109070,41.840278,-71.143333,2006-06-25 16:30:00,2006-06-27 11:30:00,13.8469,2006-06-26 06:00:00,13.5000
01109070,41.840278,-71.143333,2006-11-24 17:00:00,2006-11-25 07:15:00,6.2297,2006-11-24 23:15:00,6.2500
01109070,41.840278,-71.143333,2007-03-02 19:45:00,2007-03-04 02:00:00,8.6650,2007-03-03 15:00:00,19.2500
01109070,41.840278,-71.143333,2007-03-17 21:30:00,2007-03-18 19:30:00,6.6545,2007-03-18 05:30:00,8.0000
01109070,41.840278,-71.143333,2007-04-16 08:00:00,2007-04-17 17:30:00,9.1747,2007-04-16 18:30:00,10.5000
01109070,41.840278,-71.143333,2008-02-14 00:30:00,2008-02-15 06:45:00,9.9958,2008-02-14 13:15:00,12.7500
01109070,41.840278,-71.143333,2008-03-08 23:30:00,2008-03-10 07:15:00,8.5800,2008-03-09 14:30:00,14.0000
01109070,41.840278,-71.143333,2008-09-28 06:45:00,2008-09-28 23:45:00,8.5234,2008-09-28 16:45:00,10.0000
01109070,41.840278,-71.143333,2009-04-07 10:30:00,2009-04-07 18:15:00,7.3624,2009-04-07 11:15:00,0.7500
01109070,41.840278,-71.143333,2009-04-22 11:30:00,2009-04-22 12:15:00,6.1448,2009-04-22 11:45:00,0.2500
01109070,41.840278,-71.143333,2009-07-02 23:30:00,2009-07-03 10:15:00,5.6634,2009-07-02 23:45:00,0.2500
01109070,41.840278,-71.143333,2010-02-26 02:45:00,2010-02-27 04:00:00,7.5323,2010-02-26 14:15:00,11.5000
01109070,41.840278,-71.143333,2010-03-14 10:30:00,2010-03-17 01:00:00,12.0630,2010-03-15 08:45:00,22.2500
01109070,41.840278,-71.143333,2010-03-23 22:30:00,2010-03-25 02:00:00,8.2119,2010-03-24 13:00:00,14.5000
01109070,41.840278,-71.143333,2010-03-30 00:30:00,2010-04-01 15:45:00,28.6000,2010-03-30 18:00:00,17.5000
01109070,41.840278,-71.143333,2011-02-26 16:00:00,2011-02-27 00:30:00,6.1164,2011-02-26 19:45:00,3.7500
01109070,41.840278,-71.143333,2011-12-08 12:15:00,2011-12-09 10:45:00,7.2774,2011-12-08 14:30:00,2.2500
01109070,41.840278,-71.143333,2013-02-28 22:30:00,2013-03-01 00:00:00,6.7111,2013-02-28 23:00:00,0.5000
01109070,41.840278,-71.143333,2013-06-08 10:00:00,2013-06-09 17:15:00,9.9392,2013-06-08 13:00:00,3.0000
01109070,41.840278,-71.143333,2014-03-30 13:15:00,2014-04-01 08:00:00,10.0242,2014-03-31 08:30:00,19.2500
01109070,41.840278,-71.143333,2014-12-10 05:15:00,2014-12-11 04:30:00,6.5129,2014-12-10 14:30:00,9.2500
01109070,41.840278,-71.143333,2015-03-27 18:15:00,2015-03-27 23:15:00,5.6067,2015-03-27 19:15:00,1.0000
01184000,41.987222,-72.605833,1990-12-29 05:00:00,1991-01-02 04:45:00,1214.7927,1990-12-29 08:00:00,3.0000
01184000,41.987222,-72.605833,1991-01-12 05:00:00,1991-01-13 04:45:00,617.3073,1991-01-12 14:00:00,9.0000
01184000,41.987222,-72.605833,1991-01-17 05:00:00,1991-01-23 04:45:00,662.6142,1991-01-18 08:00:00,27.0000
01184000,41.987222,-72.605833,1991-01-28 05:00:00,1991-02-02 04:45:00,509.7032,1991-02-01 22:30:00,113.5000
01184000,41.987222,-72.605833,1991-02-04 05:00:00,1991-02-12 04:45:00,889.1490,1991-02-09 06:30:00,121.5000
01184000,41.987222,-72.605833,1991-02-20 05:00:00,1991-02-23 04:45:00,549.3468,1991-02-22 19:15:00,62.2500
01184000,41.987222,-72.605833,1991-03-02 05:00:00,1991-03-05 04:45:00,1132.6739,1991-03-04 22:30:00,65.5000
01184000,41.987222,-72.605833,1991-05-03 05:00:00,1991-08-21 04:45:00,1248.7729,1991-05-08 05:45:00,120.7500
01184000,41.987222,-72.605833,1991-12-22 05:00:00,1991-12-26 04:45:00,577.6637,1991-12-22 11:45:00,6.7500
01184000,41.987222,-72.605833,1991-12-28 05:00:00,1992-01-12 04:45:00,605.9805,1992-01-02 23:45:00,138.7500
01184000,41.987222,-72.605833,1992-01-13 05:00:00,1992-01-17 04:45:00,642.7924,1992-01-16 15:30:00,82.5000
01184000,41.987222,-72.605833,1992-01-24 05:00:00,1992-01-28 04:45:00,690.9311,1992-01-25 15:00:00,34.0000
01184000,41.987222,-72.605833,1992-09-19 05:00:00,1992-09-22 04:45:00,199.9169,1992-09-19 19:45:00,14.7500
01184000,41.987222,-72.605833,1992-09-24 05:00:00,1992-09-25 04:45:00,353.9606,1992-09-25 03:45:00,22.7500
01184000,41.987222,-72.605833,1992-09-27 05:00:00,1992-09-28 04:45:00,252.5863,1992-09-27 18:30:00,13.5000
01184000,41.987222,-72.605833,1993-12-29 05:00:00,1994-01-06 04:45:00,512.5349,1994-01-01 14:00:00,81.0000
01184000,41.987222,-72.605833,1994-01-12 05:00:00,1994-01-14 04:45:00,390.7725,1994-01-12 14:45:00,9.7500
01184000,41.987222,-72.605833,1994-01-18 05:00:00,1994-01-19 04:45:00,402.0992,1994-01-19 04:45:00,23.7500
01184000,41.987222,-72.605833,1994-01-26 05:00:00,1994-02-05 04:45:00,617.3073,1994-01-27 14:15:00,33.2500
01184000,41.987222,-72.605833,1994-02-14 05:00:00,1994-02-18 04:45:00,351.1289,1994-02-16 16:45:00,59.7500
01184000,41.987222,-72.605833,1994-06-23 05:00:00,1994-06-25 04:45:00,339.8022,1994-06-23 21:00:00,16.0000
01184000,41.987222,-72.605833,1994-06-28 05:00:00,1994-07-03 04:45:00,356.7923,1994-07-02 11:45:00,102.7500
01184000,41.987222,-72.605833,1994-07-06 05:00:00,1994-07-09 04:45:00,345.4655,1994-07-08 09:15:00,52.2500
01184000,41.987222,-72.605833,1994-07-12 05:00:00,1994-07-14 04:45:00,322.8121,1994-07-12 13:00:00,8.0000
01184000,41.987222,-72.605833,1994-07-24 05:00:00,1994-07-30 04:45:00,385.1091,1994-07-29 19:00:00,134.0000
01184000,41.987222,-72.605833,1994-08-01 05:00:00,1994-08-05 04:45:00,376.6141,1994-08-02 04:15:00,23.2500
01184000,41.987222,-72.605833,1994-08-18 05:00:00,1994-09-04 04:45:00,642.7924,1994-08-24 03:15:00,142.2500
01184000,41.987222,-72.605833,1994-09-14 05:00:00,1994-09-22 04:45:00,239.8437,1994-09-18 14:30:00,105.5000
01184000,41.987222,-72.605833,1994-09-23 05:00:00,1994-10-01 04:45:00,506.8716,1994-09-30 18:30:00,181.5000
01184000,41.987222,-72.605833,1995-12-31 05:00:00,1996-01-04 04:45:00,311.4853,1996-01-03 02:30:00,69.5000
01184000,41.987222,-72.605833,1996-02-28 05:00:00,1996-03-07 04:45:00,1194.9709,1996-02-28 05:15:00,0.2500
01184000,41.987222,-72.605833,1998-10-28 05:00:00,1998-11-02 04:45:00,294.4952,1998-10-29 18:30:00,37.5000
01184000,41.987222,-72.605833,1998-12-25 05:00:00,1998-12-28 04:45:00,526.6933,1998-12-25 09:00:00,4.0000
01184000,41.987222,-72.605833,1998-12-29 05:00:00,1998-12-31 04:45:00,345.4655,1998-12-31 03:00:00,46.0000
01184000,41.987222,-72.605833,1999-01-04 05:00:00,1999-01-09 04:45:00,300.1586,1999-01-08 05:45:00,96.7500
01184000,41.987222,-72.605833,1999-01-17 05:00:00,1999-01-24 04:45:00,662.6142,1999-01-22 07:00:00,122.0000
01184000,41.987222,-72.605833,1999-03-17 05:00:00,1999-04-07 04:45:00,2273.8428,1999-03-24 09:45:00,172.7500
01184000,41.987222,-72.605833,1999-04-09 05:00:00,1999-05-16 04:45:00,1413.0106,1999-04-10 11:15:00,30.2500
01184000,41.987222,-72.605833,1999-05-17 05:00:00,1999-08-10 04:45:00,1090.1986,1999-05-21 16:15:00,107.2500
01184000,41.987222,-72.605833,1999-08-15 05:00:00,1999-08-17 04:45:00,107.6040,1999-08-15 05:45:00,0.7500
01184000,41.987222,-72.605833,2000-01-24 05:00:00,2000-01-28 04:45:00,569.1686,2000-01-27 14:45:00,81.7500
01184000,41.987222,-72.605833,2004-12-24 05:00:00,2004-12-26 04:45:00,1251.6046,2004-12-25 16:30:00,35.5000
01184000,41.987222,-72.605833,2005-09-02 05:00:00,2005-09-17 04:45:00,526.6933,2005-09-04 02:30:00,45.5000
01197000,42.469444,-73.196944,1993-04-17 11:00:00,1993-04-17 18:00:00,47.0060,1993-04-17 14:00:00,3.0000
01197000,42.469444,-73.196944,1993-04-23 04:00:00,1993-04-23 16:00:00,64.5624,1993-04-23 08:00:00,4.0000
01197000,42.469444,-73.196944,1995-10-22 02:45:00,1995-10-22 06:45:00,47.8555,1995-10-22 04:30:00,1.7500
01197000,42.469444,-73.196944,1996-01-20 01:45:00,1996-01-20 05:15:00,47.5723,1996-01-20 03:15:00,1.5000
01197000,42.469444,-73.196944,1996-04-17 02:30:00,1996-04-17 06:15:00,47.0060,1996-04-17 05:00:00,2.5000
01197000,42.469444,-73.196944,2000-06-07 06:45:00,2000-06-07 23:45:00,74.7565,2000-06-07 11:15:00,4.5000
01197000,42.469444,-73.196944,2000-12-17 23:45:00,2000-12-18 04:45:00,60.0317,2000-12-18 03:15:00,3.5000
01197000,42.469444,-73.196944,2003-03-30 01:00:00,2003-03-30 11:45:00,60.0317,2003-03-30 04:15:00,3.2500
01197000,42.469444,-73.196944,2003-08-13 07:00:00,2003-08-13 13:00:00,68.5268,2003-08-13 08:30:00,1.5000
01197000,42.469444,-73.196944,2004-04-02 02:45:00,2004-04-02 13:15:00,60.5981,2004-04-02 06:15:00,3.5000
01197000,42.469444,-73.196944,2005-04-03 06:00:00,2005-04-04 02:00:00,82.4020,2005-04-03 12:45:00,6.7500
01197000,42.469444,-73.196944,2005-10-08 23:15:00,2005-10-10 00:45:00,179.2456,2005-10-09 09:30:00,10.2500
01197000,42.469444,-73.196944,2006-01-18 20:45:00,2006-01-19 06:45:00,64.5624,2006-01-19 00:15:00,3.5000
01197000,42.469444,-73.196944,2007-04-16 18:30:00,2007-04-17 13:15:00,62.5802,2007-04-17 05:00:00,10.5000
01197000,42.469444,-73.196944,2008-12-12 11:15:00,2008-12-12 15:15:00,54.9347,2008-12-12 13:00:00,1.7500
01197000,42.469444,-73.196944,2011-08-28 14:15:00,2011-08-29 16:30:00,181.5110,2011-08-28 21:00:00,6.7500
01197000,42.469444,-73.196944,2011-09-07 10:30:00,2011-09-09 02:15:00,83.8179,2011-09-07 16:30:00,6.0000
01197000,42.469444,-73.196944,2014-07-28 16:00:00,2014-07-29 07:30:00,55.2179,2014-07-29 00:45:00,8.7500
01197000,42.469444,-73.196944,2016-02-25 10:45:00,2016-02-25 17:15:00,48.7050,2016-02-25 12:15:00,1.5000
01097000,42.431944,-71.450278,1993-03-29 12:30:00,1993-04-09 03:30:00,55.5010,1993-04-02 05:30:00,89.0000
01097000,42.431944,-71.450278,1993-04-12 15:30:00,1993-04-14 10:00:00,24.2675,1993-04-13 02:30:00,11.0000
01097000,42.431944,-71.450278,1994-03-23 01:00:00,1994-04-03 15:30:00,39.0772,1994-03-25 01:00:00,48.0000
01097000,42.431944,-71.450278,1996-01-21 07:00:00,1996-01-23 09:00:00,26.8444,1996-01-22 11:30:00,28.5000
01097000,42.431944,-71.450278,1996-01-25 11:00:00,1996-02-01 21:30:00,45.5901,1996-01-29 07:30:00,92.5000
01097000,42.431944,-71.450278,1996-02-22 13:30:00,1996-02-26 15:30:00,32.2812,1996-02-23 11:30:00,22.0000
01097000,42.431944,-71.450278,1996-04-17 02:00:00,1996-04-21 07:00:00,43.0416,1996-04-18 09:00:00,31.0000
01097000,42.431944,-71.450278,1996-10-21 02:00:00,1996-10-25 01:30:00,45.0238,1996-10-22 00:30:00,22.5000
01097000,42.431944,-71.450278,1996-12-19 01:15:00,1996-12-22 18:45:00,30.8654,1996-12-20 17:15:00,40.0000
01097000,42.431944,-71.450278,1997-04-05 21:15:00,1997-04-08 14:45:00,26.4196,1997-04-06 17:00:00,18.7500
01097000,42.431944,-71.450278,1997-04-19 15:45:00,1997-04-22 14:00:00,33.1307,1997-04-20 19:45:00,28.0000
01097000,42.431944,-71.450278,1998-02-26 17:00:00,1998-02-26 17:15:00,24.0127,1998-02-26 17:15:00,0.2500
01097000,42.431944,-71.450278,1998-03-10 08:30:00,1998-03-14 07:30:00,43.8911,1998-03-11 09:00:00,24.5000
01097000,42.431944,-71.450278,1998-05-11 09:45:00,1998-05-14 17:45:00,33.1307,1998-05-12 18:45:00,33.0000
01097000,42.431944,-71.450278,1998-06-14 09:30:00,1998-06-20 08:15:00,41.9089,1998-06-15 10:30:00,25.0000
01097000,42.431944,-71.450278,2000-04-22 18:15:00,2000-04-28 08:00:00,43.8911,2000-04-24 10:15:00,40.0000
01097000,42.431944,-71.450278,2001-03-22 13:00:00,2001-04-05 13:15:00,59.1822,2001-03-23 17:45:00,28.7500
01097000,42.431944,-71.450278,2001-04-08 16:45:00,2001-04-11 03:45:00,26.0515,2001-04-10 02:45:00,34.0000
01097000,42.431944,-71.450278,2002-12-16 09:00:00,2002-12-17 00:45:00,26.3347,2002-12-16 12:30:00,3.5000
01097000,42.431944,-71.450278,2003-03-22 12:00:00,2003-03-25 10:15:00,29.4495,2003-03-23 09:30:00,21.5000
01097000,42.431944,-71.450278,2003-03-31 11:45:00,2003-04-01 15:45:00,25.3153,2003-04-01 01:15:00,13.5000
01097000,42.431944,-71.450278,2004-04-02 00:00:00,2004-04-06 15:45:00,50.1208,2004-04-03 00:15:00,24.2500
01097000,42.431944,-71.450278,2004-04-14 14:00:00,2004-04-17 12:15:00,33.9802,2004-04-15 19:00:00,29.0000
01097000,42.431944,-71.450278,2005-01-15 08:15:00,2005-01-17 07:45:00,29.4495,2005-01-16 05:30:00,21.2500
01097000,42.431944,-71.450278,2005-03-29 10:30:00,2005-04-07 21:15:00,46.7228,2005-04-04 01:45:00,134.2500
01097000,42.431944,-71.450278,2005-10-15 14:15:00,2005-10-19 19:15:00,43.3248,2005-10-16 18:00:00,27.7500
01097000,42.431944,-71.450278,2005-10-25 21:15:00,2005-10-29 16:00:00,36.5287,2005-10-27 08:30:00,35.2500
01097000,42.431944,-71.450278,2006-01-20 03:15:00,2006-01-20 18:00:00,24.6073,2006-01-20 08:15:00,5.0000
01097000,42.431944,-71.450278,2006-02-05 12:45:00,2006-02-08 02:45:00,30.8654,2006-02-06 12:30:00,23.7500
01097000,42.431944,-71.450278,2006-05-14 15:00:00,2006-05-21 02:15:00,40.7763,2006-05-15 21:30:00,30.5000
01097000,42.431944,-71.450278,2006-06-05 02:45:00,2006-06-05 23:15:00,25.0321,2006-06-05 10:45:00,8.0000
01097000,42.431944,-71.450278,2006-06-08 09:15:00,2006-06-13 00:30:00,30.5822,2006-06-09 08:30:00,23.2500
01097000,42.431944,-71.450278,2007-04-16 07:30:00,2007-04-23 13:00:00,57.7664,2007-04-17 14:30:00,31.0000
01097000,42.431944,-71.450278,2007-05-19 10:45:00,2007-05-22 16:45:00,29.4495,2007-05-21 06:30:00,43.7500
01097000,42.431944,-71.450278,2008-02-07 15:45:00,2008-02-10 01:00:00,28.8832,2008-02-08 09:45:00,18.0000
01097000,42.431944,-71.450278,2008-02-14 11:15:00,2008-02-17 05:15:00,30.0159,2008-02-15 10:00:00,22.7500
01097000,42.431944,-71.450278,2008-02-18 20:30:00,2008-02-22 06:00:00,33.9802,2008-02-20 04:45:00,32.2500
01097000,42.431944,-71.450278,2008-03-06 02:15:00,2008-03-13 18:45:00,43.0416,2008-03-09 19:15:00,88.0000
01097000,42.431944,-71.450278,2008-09-07 18:45:00,2008-09-09 17:15:00,27.1275,2008-09-08 19:00:00,24.2500
01097000,42.431944,-71.450278,2008-12-12 16:00:00,2008-12-17 05:30:00,39.9268,2008-12-13 15:45:00,23.7500
01097000,42.431944,-71.450278,2010-02-25 22:30:00,2010-03-03 14:30:00,55.2179,2010-02-26 23:00:00,24.5000
01097000,42.431944,-71.450278,2010-03-14 14:00:00,2010-03-22 03:30:00,71.6416,2010-03-16 04:45:00,38.7500
01097000,42.431944,-71.450278,2010-03-23 11:30:00,2010-03-27 19:30:00,37.3782,2010-03-24 23:15:00,35.7500
01097000,42.431944,-71.450278,2010-03-30 03:00:00,2010-04-06 20:00:00,70.7921,2010-03-31 15:00:00,36.0000
01097000,42.431944,-71.450278,2011-03-07 14:45:00,2011-03-15 22:00:00,39.3604,2011-03-08 21:00:00,30.2500
01097000,42.431944,-71.450278,2011-04-18 12:45:00,2011-04-19 08:00:00,25.2303,2011-04-18 23:30:00,10.7500
01097000,42.431944,-71.450278,2011-08-30 00:15:00,2011-08-30 08:45:00,24.1826,2011-08-30 03:30:00,3.2500
01097000,42.431944,-71.450278,2011-09-09 03:45:00,2011-09-11 09:45:00,30.0159,2011-09-09 23:00:00,19.2500
01097000,42.431944,-71.450278,2011-12-09 00:30:00,2011-12-10 21:15:00,28.2319,2011-12-09 17:45:00,17.2500
01097000,42.431944,-71.450278,2013-06-12 10:15:00,2013-06-18 00:15:00,34.2634,2013-06-15 15:15:00,77.0000
01097000,42.431944,-71.450278,2014-03-30 21:45:00,2014-04-04 17:15:00,43.3248,2014-04-01 10:15:00,36.5000
01097000,42.431944,-71.450278,2014-12-10 23:15:00,2014-12-12 16:45:00,25.9382,2014-12-11 11:45:00,12.5000
01097000,42.431944,-71.450278,2015-04-05 02:00:00,2015-04-07 00:45:00,26.1931,2015-04-05 18:15:00,16.2500
01103500,42.256111,-71.260556,1993-03-29 09:30:00,1993-04-09 12:30:00,60.8812,1993-04-02 07:00:00,93.5000
01103500,42.256111,-71.260556,1994-03-15 21:00:00,1994-03-19 00:30:00,36.8119,1994-03-17 04:30:00,31.5000
01103500,42.256111,-71.260556,1994-03-22 23:00:00,1994-04-03 04:30:00,43.0416,1994-03-26 07:00:00,80.0000
01103500,42.256111,-71.260556,1996-01-25 05:15:00,1996-01-25 16:15:00,35.1129,1996-01-25 08:15:00,3.0000
01103500,42.256111,-71.260556,1996-01-28 05:00:00,1996-02-01 22:30:00,38.5109,1996-01-28 09:15:00,4.2500
01103500,42.256111,-71.260556,1996-10-21 10:30:00,1996-10-26 07:15:00,38.7941,1996-10-24 08:00:00,69.5000
01103500,42.256111,-71.260556,1998-05-11 18:15:00,1998-05-16 22:45:00,41.0594,1998-05-14 00:30:00,54.2500
01103500,42.256111,-71.260556,1998-06-14 15:45:00,1998-06-25 03:15:00,58.6159,1998-06-19 00:00:00,104.2500
01103500,42.256111,-71.260556,2001-03-22 12:45:00,2001-03-30 04:45:00,60.3149,2001-03-26 01:30:00,84.7500
01103500,42.256111,-71.260556,2001-04-01 05:00:00,2001-04-08 17:45:00,54.0852,2001-04-02 12:45:00,31.7500
01103500,42.256111,-71.260556,2004-04-04 05:45:00,2004-04-07 11:00:00,38.2277,2004-04-05 12:30:00,30.7500
01103500,42.256111,-71.260556,2004-04-16 20:00:00,2004-04-19 16:45:00,37.0951,2004-04-17 20:00:00,24.0000
01103500,42.256111,-71.260556,2005-03-31 13:15:00,2005-04-10 06:00:00,44.7406,2005-04-03 16:00:00,73.7500
01103500,42.256111,-71.260556,2005-10-16 16:45:00,2005-10-24 01:45:00,52.1030,2005-10-19 06:00:00,61.2500
01103500,42.256111,-71.260556,2005-10-25 16:45:00,2005-10-30 09:30:00,37.9446,2005-10-25 23:30:00,6.7500
01103500,42.256111,-71.260556,2006-05-16 19:15:00,2006-05-21 05:45:00,37.6614,2006-05-18 04:00:00,32.7500
01103500,42.256111,-71.260556,2006-06-07 17:45:00,2006-06-18 07:00:00,56.9169,2006-06-11 09:30:00,87.7500
01103500,42.256111,-71.260556,2007-04-17 18:15:00,2007-04-24 10:15:00,47.2891,2007-04-20 03:15:00,57.0000
01103500,42.256111,-71.260556,2008-02-16 09:00:00,2008-02-23 07:00:00,40.4931,2008-02-18 21:00:00,60.0000
01103500,42.256111,-71.260556,2008-03-09 02:15:00,2008-03-15 08:30:00,41.6258,2008-03-11 19:45:00,64.5000
01103500,42.256111,-71.260556,2008-12-14 10:15:00,2008-12-20 11:45:00,44.4574,2008-12-16 06:30:00,44.2500
01103500,42.256111,-71.260556,2010-02-26 05:30:00,2010-03-05 13:00:00,47.8555,2010-03-01 09:15:00,75.7500
01103500,42.256111,-71.260556,2011-03-07 13:30:00,2011-03-16 05:30:00,45.5901,2011-03-11 18:45:00,101.2500
01103500,42.256111,-71.260556,2013-06-13 16:30:00,2013-06-22 18:30:00,45.5901,2013-06-19 00:45:00,128.2500
01103500,42.256111,-71.260556,2014-04-01 23:15:00,2014-04-06 07:30:00,39.6436,2014-04-03 06:15:00,31.0000
01105730,42.100556,-70.823056,1991-11-01 13:15:00,1991-11-02 22:00:00,15.2345,1991-11-02 05:00:00,15.7500
01105730,42.100556,-70.823056,1992-12-12 15:15:00,1992-12-15 13:45:00,28.3168,1992-12-13 22:15:00,31.0000
01105730,42.100556,-70.823056,1993-03-29 14:30:00,1993-03-31 14:30:00,15.1495,1993-03-30 10:00:00,19.5000
01105730,42.100556,-70.823056,1993-04-02 02:30:00,1993-04-03 12:45:00,15.1495,1993-04-02 17:30:00,15.0000
01105730,42.100556,-70.823056,1994-03-10 21:00:00,1994-03-12 20:00:00,21.3509,1994-03-11 17:15:00,20.2500
01105730,42.100556,-70.823056,1994-12-24 16:45:00,1994-12-26 11:15:00,18.8590,1994-12-25 07:45:00,15.0000
01105730,42.100556,-70.823056,1996-01-20 03:00:00,1996-01-21 23:00:00,20.3881,1996-01-20 23:45:00,20.7500
01105730,42.100556,-70.823056,1996-09-18 12:15:00,1996-09-20 10:00:00,19.4254,1996-09-19 10:15:00,22.0000
01105730,42.100556,-70.823056,1996-10-20 18:30:00,1996-10-24 10:30:00,36.5287,1996-10-21 23:30:00,29.0000
01105730,42.100556,-70.823056,1996-12-08 07:30:00,1996-12-10 00:30:00,17.3016,1996-12-09 05:30:00,22.0000
01105730,42.100556,-70.823056,1998-01-24 14:30:00,1998-01-26 09:45:00,18.0378,1998-01-25 13:00:00,22.5000
01105730,42.100556,-70.823056,1998-02-19 01:45:00,1998-02-20 03:30:00,14.0452,1998-02-19 14:45:00,13.0000
01105730,42.100556,-70.823056,1998-02-24 17:15:00,1998-02-27 07:15:00,24.0410,1998-02-25 19:30:00,26.2500
01105730,42.100556,-70.823056,1998-03-10 02:30:00,1998-03-11 20:15:00,17.9246,1998-03-10 21:00:00,18.5000
01105730,42.100556,-70.823056,1998-05-10 20:15:00,1998-05-12 23:15:00,16.4238,1998-05-11 23:15:00,27.0000
01105730,42.100556,-70.823056,1998-06-13 23:00:00,1998-06-17 00:15:00,20.7846,1998-06-14 16:15:00,17.2500
01105730,42.100556,-70.823056,1998-06-30 16:00:00,1998-07-02 15:45:00,20.5863,1998-06-30 18:15:00,2.2500
01105730,42.100556,-70.823056,1999-02-03 08:00:00,1999-02-05 01:00:00,18.2077,1999-02-04 02:30:00,18.5000
01105730,42.100556,-70.823056,2000-04-22 18:45:00,2000-04-24 00:45:00,14.6398,2000-04-23 04:45:00,10.0000
01105730,42.100556,-70.823056,2001-03-22 10:15:00,2001-03-25 07:15:00,31.4317,2001-03-23 08:45:00,22.5000
01105730,42.100556,-70.823056,2001-03-30 21:15:00,2001-04-01 20:00:00,21.2660,2001-03-31 15:45:00,18.5000
01105730,42.100556,-70.823056,2003-03-30 20:30:00,2003-04-01 08:15:00,16.0840,2003-03-31 12:00:00,15.5000
01105730,42.100556,-70.823056,2003-04-12 13:00:00,2003-04-13 23:15:00,16.2539,2003-04-12 21:15:00,8.2500
01105730,42.100556,-70.823056,2003-08-08 12:30:00,2003-08-09 14:45:00,15.0646,2003-08-08 21:00:00,8.5000
01105730,42.100556,-70.823056,2004-04-02 01:30:00,2004-04-03 17:45:00,16.8768,2004-04-02 18:00:00,16.5000
01105730,42.100556,-70.823056,2005-03-29 03:15:00,2005-03-31 05:15:00,22.6818,2005-03-30 00:15:00,21.0000
01105730,42.100556,-70.823056,2005-05-26 02:30:00,2005-05-28 03:00:00,17.2166,2005-05-27 03:30:00,25.0000
01105730,42.100556,-70.823056,2005-10-15 09:00:00,2005-10-18 08:00:00,36.5287,2005-10-16 08:30:00,23.5000
01105730,42.100556,-70.823056,2005-10-25 22:45:00,2005-10-27 10:15:00,14.8947,2005-10-26 17:00:00,18.2500
01105730,42.100556,-70.823056,2005-11-22 18:30:00,2005-11-24 05:15:00,14.9796,2005-11-23 11:15:00,16.7500
01105730,42.100556,-70.823056,2006-05-14 01:00:00,2006-05-17 05:45:00,24.3525,2006-05-15 02:45:00,25.7500
01105730,42.100556,-70.823056,2006-06-07 15:45:00,2006-06-10 10:00:00,26.1081,2006-06-08 17:45:00,26.0000
01105730,42.100556,-70.823056,2006-06-24 22:45:00,2006-06-27 03:15:00,15.4044,2006-06-25 20:15:00,21.5000
01105730,42.100556,-70.823056,2006-11-24 10:15:00,2006-11-25 17:15:00,15.0646,2006-11-25 00:45:00,14.5000
01105730,42.100556,-70.823056,2007-04-16 08:45:00,2007-04-19 16:15:00,19.0572,2007-04-17 07:00:00,22.2500
01105730,42.100556,-70.823056,2008-02-14 03:45:00,2008-02-15 13:45:00,16.1689,2008-02-14 19:45:00,16.0000
01105730,42.100556,-70.823056,2008-03-09 03:00:00,2008-03-10 06:15:00,13.7337,2008-03-09 18:00:00,15.0000
01105730,42.100556,-70.823056,2008-12-12 12:30:00,2008-12-14 01:45:00,16.4238,2008-12-13 05:30:00,17.0000
01105730,42.100556,-70.823056,2010-01-26 12:30:00,2010-01-27 03:30:00,12.9408,2010-01-26 19:30:00,7.0000
01105730,42.100556,-70.823056,2010-02-26 02:45:00,2010-02-27 14:15:00,16.4238,2010-02-26 19:30:00,16.7500
01105730,42.100556,-70.823056,2010-03-14 10:00:00,2010-03-18 16:45:00,43.0416,2010-03-16 01:30:00,39.5000
01105730,42.100556,-70.823056,2010-03-24 00:45:00,2010-03-25 06:15:00,14.6398,2010-03-24 13:15:00,12.5000
01105730,42.100556,-70.823056,2010-03-30 05:45:00,2010-04-02 10:00:00,31.9980,2010-03-31 03:00:00,21.2500
01105730,42.100556,-70.823056,2013-02-28 02:00:00,2013-03-01 12:15:00,13.8186,2013-02-28 20:15:00,18.2500
01105730,42.100556,-70.823056,2013-03-13 06:30:00,2013-03-14 15:00:00,14.0168,2013-03-13 21:15:00,14.7500
01105730,42.100556,-70.823056,2013-06-08 10:45:00,2013-06-09 13:45:00,13.0541,2013-06-09 01:45:00,15.0000
01105730,42.100556,-70.823056,2014-03-31 06:30:00,2014-04-01 01:45:00,12.9974,2014-03-31 12:30:00,6.0000
01105730,42.100556,-70.823056,2014-12-10 05:45:00,2014-12-11 17:45:00,15.4044,2014-12-10 22:15:00,16.5000
01055000,44.642778,-70.588889,1990-10-14 01:45:00,1990-10-14 03:15:00,58.3327,1990-10-14 02:15:00,0.5000
01055000,44.642778,-70.588889,1990-10-24 10:30:00,1990-10-25 02:30:00,223.7031,1990-10-24 16:45:00,6.2500
01055000,44.642778,-70.588889,1990-12-23 20:15:00,1990-12-24 01:30:00,65.4119,1990-12-23 23:00:00,2.7500
01055000,44.642778,-70.588889,1991-04-06 23:45:00,1991-04-10 10:15:00,138.4694,1991-04-10 01:15:00,72.5000
01055000,44.642778,-70.588889,1991-04-22 00:00:00,1991-04-23 05:15:00,160.8397,1991-04-22 03:00:00,3.0000
01055000,44.642778,-70.588889,1991-08-10 19:30:00,1991-08-11 00:00:00,77.3050,1991-08-10 20:45:00,1.2500
01055000,44.642778,-70.588889,1991-08-20 01:00:00,1991-08-20 13:15:00,270.1427,1991-08-20 04:45:00,3.7500
01055000,44.642778,-70.588889,1991-10-06 22:00:00,1991-10-07 09:15:00,124.5941,1991-10-07 02:45:00,4.7500
01055000,44.642778,-70.588889,1991-10-16 17:30:00,1991-10-16 21:15:00,65.6951,1991-10-16 18:45:00,1.2500
01055000,44.642778,-70.588889,1992-03-27 17:45:00,1992-03-29 08:30:00,95.9941,1992-03-27 22:00:00,4.2500
01055000,44.642778,-70.588889,1992-04-21 20:00:00,1992-04-25 03:30:00,109.3030,1992-04-23 00:30:00,28.5000
01055000,44.642778,-70.588889,1993-04-11 02:45:00,1993-04-13 08:45:00,156.0258,1993-04-11 12:15:00,9.5000
01055000,44.642778,-70.588889,1993-04-17 12:00:00,1993-04-18 12:45:00,334.1388,1993-04-17 17:30:00,5.5000
01055000,44.642778,-70.588889,1993-11-28 22:45:00,1993-11-29 11:15:00,134.7882,1993-11-29 03:15:00,4.5000
01055000,44.642778,-70.588889,1994-04-15 20:30:00,1994-04-17 13:45:00,165.9367,1994-04-16 23:00:00,26.5000
01055000,44.642778,-70.588889,1994-04-27 22:15:00,1994-04-28 13:00:00,103.3565,1994-04-28 01:15:00,3.0000
01055000,44.642778,-70.588889,1994-05-08 19:45:00,1994-05-09 01:30:00,69.9426,1994-05-08 21:30:00,1.7500
01055000,44.642778,-70.588889,1995-10-22 05:15:00,1995-10-22 17:00:00,288.8318,1995-10-22 09:15:00,4.0000
01055000,44.642778,-70.588889,1995-10-28 15:00:00,1995-10-29 07:00:00,317.1487,1995-10-28 18:30:00,3.5000
01055000,44.642778,-70.588889,1995-11-12 12:30:00,1995-11-13 04:30:00,308.6536,1995-11-12 16:45:00,4.2500
01055000,44.642778,-70.588889,1996-01-19 21:00:00,1996-01-20 04:45:00,345.4655,1996-01-20 04:30:00,7.5000
01055000,44.642778,-70.588889,1996-01-28 00:30:00,1996-01-28 16:15:00,206.1466,1996-01-28 04:15:00,3.7500
01055000,44.642778,-70.588889,1996-04-21 19:30:00,1996-04-24 21:45:00,166.5031,1996-04-24 06:00:00,58.5000
01055000,44.642778,-70.588889,1996-04-27 00:45:00,1996-04-28 03:00:00,128.8417,1996-04-27 08:00:00,7.2500
01055000,44.642778,-70.588889,1996-05-01 08:45:00,1996-05-02 04:15:00,126.2931,1996-05-01 12:00:00,3.2500
01055000,44.642778,-70.588889,1996-05-12 04:30:00,1996-05-12 13:30:00,75.0396,1996-05-12 07:45:00,3.2500
01055000,44.642778,-70.588889,1996-07-05 04:00:00,1996-07-05 19:15:00,187.1744,1996-07-05 10:45:00,6.7500
01055000,44.642778,-70.588889,1996-07-14 02:45:00,1996-07-14 14:30:00,177.5466,1996-07-14 06:15:00,3.5000
01055000,44.642778,-70.588889,1996-11-09 23:15:00,1996-11-10 03:30:00,67.1109,1996-11-10 00:45:00,1.5000
01055000,44.642778,-70.588889,1996-12-02 11:00:00,1996-12-03 04:45:00,235.0298,1996-12-02 18:15:00,7.2500
01055000,44.642778,-70.588889,1997-04-18 21:45:00,1997-04-20 02:45:00,103.9228,1997-04-19 08:00:00,10.2500
01055000,44.642778,-70.588889,1997-05-02 00:00:00,1997-05-02 10:15:00,65.6951,1997-05-02 07:00:00,7.0000
01055000,44.642778,-70.588889,1997-06-22 03:30:00,1997-06-22 13:15:00,121.7624,1997-06-22 06:45:00,3.2500
01055000,44.642778,-70.588889,1997-07-04 03:30:00,1997-07-04 05:30:00,62.8634,1997-07-04 04:15:00,0.7500
01055000,44.642778,-70.588889,1997-11-02 08:00:00,1997-11-03 11:45:00,169.0516,1997-11-02 11:30:00,3.5000
01055000,44.642778,-70.588889,1998-03-28 21:14:00,1998-04-02 05:44:00,218.3229,1998-03-31 08:14:00,59.0000
01055000,44.642778,-70.588889,1998-04-17 08:14:00,1998-04-17 11:59:00,71.6416,1998-04-17 09:14:00,1.0000
01055000,44.642778,-70.588889,1998-05-06 16:14:00,1998-05-07 04:29:00,74.1901,1998-05-06 17:59:00,1.7500
01055000,44.642778,-70.588889,1998-06-14 01:30:00,1998-06-15 12:30:00,270.7091,1998-06-14 20:15:00,18.7500
01055000,44.642778,-70.588889,1998-06-16 19:00:00,1998-06-17 13:30:00,137.0535,1998-06-17 05:30:00,10.5000
01055000,44.642778,-70.588889,1998-06-27 14:45:00,1998-06-28 02:00:00,137.0535,1998-06-27 18:15:00,3.5000
01055000,44.642778,-70.588889,1999-09-10 23:00:00,1999-09-11 06:45:00,156.8753,1999-09-11 00:45:00,1.7500
01055000,44.642778,-70.588889,1999-09-17 04:00:00,1999-09-18 08:15:00,314.3170,1999-09-17 07:00:00,3.0000
01055000,44.642778,-70.588889,1999-09-30 22:00:00,1999-10-01 01:15:00,75.8891,1999-09-30 22:45:00,0.7500
01055000,44.642778,-70.588889,1999-10-23 15:00:00,1999-10-24 01:30:00,105.9050,1999-10-23 17:30:00,2.5000
01055000,44.642778,-70.588889,1999-11-03 13:15:00,1999-11-03 21:30:00,111.5684,1999-11-03 15:30:00,2.2500
01055000,44.642778,-70.588889,2000-03-28 18:45:00,2000-03-29 14:00:00,155.4595,2000-03-28 23:00:00,4.2500
01055000,44.642778,-70.588889,2000-04-04 14:00:00,2000-04-05 00:45:00,86.6496,2000-04-04 16:30:00,2.5000
01055000,44.642778,-70.588889,2000-04-09 13:30:00,2000-04-10 08:15:00,300.1586,2000-04-09 19:15:00,5.7500
01055000,44.642778,-70.588889,2000-04-24 03:30:00,2000-04-24 14:15:00,62.5802,2000-04-24 09:30:00,6.0000
01055000,44.642778,-70.588889,2000-05-09 22:00:00,2000-05-10 17:45:00,134.7882,2000-05-10 10:45:00,12.7500
01055000,44.642778,-70.588889,2000-05-14 08:00:00,2000-05-14 09:30:00,58.6159,2000-05-14 08:30:00,0.5000
01055000,44.642778,-70.588889,2000-12-17 23:15:00,2000-12-18 15:15:00,188.0239,2000-12-18 05:45:00,6.5000
01055000,44.642778,-70.588889,2001-04-22 21:30:00,2001-04-25 13:15:00,127.7090,2001-04-25 00:45:00,51.2500
01055000,44.642778,-70.588889,2001-05-01 23:15:00,2001-05-03 03:45:00,66.5446,2001-05-03 00:15:00,25.0000
01055000,44.642778,-70.588889,2002-04-14 03:45:00,2002-04-18 16:15:00,145.8318,2002-04-14 09:45:00,6.0000
01055000,44.642778,-70.588889,2002-06-12 14:00:00,2002-06-13 00:00:00,82.4020,2002-06-12 19:00:00,5.0000
01055000,44.642778,-70.588889,2003-03-30 05:15:00,2003-03-30 07:00:00,58.6159,2003-03-30 05:45:00,0.5000
01055000,44.642778,-70.588889,2003-08-10 13:15:00,2003-08-10 15:15:00,58.8990,2003-08-10 14:45:00,1.5000
01055000,44.642778,-70.588889,2003-10-15 17:15:00,2003-10-15 23:30:00,107.0377,2003-10-15 18:15:00,1.0000
01055000,44.642778,-70.588889,2003-10-21 15:30:00,2003-10-22 04:00:00,120.9129,2003-10-21 18:00:00,2.5000
01055000,44.642778,-70.588889,2003-10-28 00:00:00,2003-10-28 14:00:00,132.2397,2003-10-28 06:45:00,6.7500
01055000,44.642778,-70.588889,2003-10-29 18:00:00,2003-10-30 09:15:00,130.2575,2003-10-30 01:15:00,7.2500
01055000,44.642778,-70.588889,2003-11-20 14:30:00,2003-11-21 01:00:00,140.4516,2003-11-20 16:45:00,2.2500
01055000,44.642778,-70.588889,2003-12-12 05:00:00,2003-12-12 16:15:00,117.5149,2003-12-12 07:45:00,2.7500
01055000,44.642778,-70.588889,2003-12-18 02:45:00,2003-12-19 01:45:00,336.9705,2003-12-18 09:15:00,6.5000
01055000,44.642778,-70.588889,2003-12-25 05:30:00,2003-12-26 03:30:00,77.0218,2003-12-25 08:00:00,2.5000
01055000,44.642778,-70.588889,2004-11-29 04:00:00,2004-11-29 15:00:00,188.0239,2004-11-29 07:15:00,3.2500
01055000,44.642778,-70.588889,2004-12-24 05:00:00,2004-12-24 16:45:00,192.2714,2004-12-24 05:30:00,0.5000
01055000,44.642778,-70.588889,2005-04-21 05:00:00,2005-04-21 09:15:00,67.6773,2005-04-21 06:30:00,1.5000
01055000,44.642778,-70.588889,2005-04-24 18:00:00,2005-04-25 20:30:00,249.7546,2005-04-24 22:15:00,4.2500
01055000,44.642778,-70.588889,2005-04-28 02:45:00,2005-04-29 05:15:00,92.8793,2005-04-28 06:45:00,4.0000
01055000,44.642778,-70.588889,2005-05-23 21:45:00,2005-05-24 11:15:00,91.4634,2005-05-24 01:15:00,3.5000
01055000,44.642778,-70.588889,2005-05-26 21:00:00,2005-05-27 12:30:00,126.8595,2005-05-27 00:45:00,3.7500
01055000,44.642778,-70.588889,2005-06-15 03:15:00,2005-06-15 07:15:00,64.8456,2005-06-15 04:45:00,1.5000
01055000,44.642778,-70.588889,2005-09-01 03:30:00,2005-09-01 11:15:00,141.3011,2005-09-01 06:00:00,2.5000
01055000,44.642778,-70.588889,2005-10-09 08:45:00,2005-10-10 02:45:00,144.9823,2005-10-09 14:45:00,6.0000
01055000,44.642778,-70.588889,2005-10-15 18:45:00,2005-10-17 05:00:00,226.8179,2005-10-16 01:45:00,7.0000
01055000,44.642778,-70.588889,2005-10-26 00:30:00,2005-10-26 11:30:00,69.9426,2005-10-26 07:30:00,7.0000
01055000,44.642778,-70.588889,2005-11-17 03:00:00,2005-11-17 14:45:00,105.9050,2005-11-17 06:45:00,3.7500
01055000,44.642778,-70.588889,2005-11-22 23:45:00,2005-11-23 04:30:00,70.5089,2005-11-23 01:30:00,1.7500
01055000,44.642778,-70.588889,2005-11-30 13:30:00,2005-12-01 07:15:00,88.6317,2005-12-01 01:15:00,11.7500
01055000,44.642778,-70.588889,2006-05-13 05:15:00,2006-05-13 20:45:00,145.8318,2006-05-13 11:45:00,6.5000
01055000,44.642778,-70.588889,2006-05-20 10:30:00,2006-05-20 15:45:00,63.9961,2006-05-20 12:30:00,2.0000
01055000,44.642778,-70.588889,2006-06-10 16:45:00,2006-06-11 05:15:00,135.0714,2006-06-10 20:15:00,3.5000
01055000,44.642778,-70.588889,2006-10-21 02:00:00,2006-10-21 12:30:00,209.8278,2006-10-21 04:30:00,2.5000
01055000,44.642778,-70.588889,2006-10-28 21:30:00,2006-10-29 15:30:00,256.8338,2006-10-29 03:15:00,6.7500
01055000,44.642778,-70.588889,2006-11-17 11:00:00,2006-11-17 23:15:00,116.9486,2006-11-17 16:45:00,5.7500
01055000,44.642778,-70.588889,2007-04-21 23:00:00,2007-04-25 06:45:00,118.9308,2007-04-24 00:15:00,49.2500
01055000,44.642778,-70.588889,2007-05-16 16:00:00,2007-05-17 05:00:00,89.4812,2007-05-16 19:00:00,3.0000
01055000,44.642778,-70.588889,2007-07-12 05:30:00,2007-07-12 07:00:00,61.7307,2007-07-12 06:00:00,0.5000
01055000,44.642778,-70.588889,2007-11-06 20:00:00,2007-11-07 03:30:00,98.2595,2007-11-06 22:30:00,2.5000
01055000,44.642778,-70.588889,2007-11-15 21:00:00,2007-11-16 10:30:00,109.0199,2007-11-16 02:45:00,5.7500
01055000,44.642778,-70.588889,2008-04-17 23:30:00,2008-04-25 02:45:00,105.0555,2008-04-19 23:45:00,48.2500
01055000,44.642778,-70.588889,2008-04-29 09:45:00,2008-04-30 09:15:00,151.4951,2008-04-29 23:15:00,13.5000
01055000,44.642778,-70.588889,2008-06-11 06:30:00,2008-06-11 10:45:00,77.8713,2008-06-11 08:00:00,1.5000
01055000,44.642778,-70.588889,2008-06-18 01:45:00,2008-06-18 05:45:00,69.0931,2008-06-18 03:30:00,1.7500
01055000,44.642778,-70.588889,2008-07-21 05:00:00,2008-07-21 13:15:00,106.7545,2008-07-21 08:30:00,3.5000
01055000,44.642778,-70.588889,2008-07-24 11:15:00,2008-07-25 15:15:00,171.0338,2008-07-25 01:45:00,14.5000
01055000,44.642778,-70.588889,2008-08-07 03:15:00,2008-08-08 19:30:00,87.4991,2008-08-07 12:00:00,8.7500
01055000,44.642778,-70.588889,2008-08-11 02:15:00,2008-08-11 05:15:00,63.9961,2008-08-11 04:00:00,1.7500
01055000,44.642778,-70.588889,2008-10-26 08:15:00,2008-10-26 19:30:00,199.3506,2008-10-26 10:30:00,2.2500
01055000,44.642778,-70.588889,2008-11-26 05:00:00,2008-11-26 19:00:00,134.7882,2008-11-26 09:30:00,4.5000
01055000,44.642778,-70.588889,2009-04-04 03:00:00,2009-04-04 14:30:00,78.1545,2009-04-04 07:00:00,4.0000
01055000,44.642778,-70.588889,2009-04-07 04:00:00,2009-04-07 14:00:00,81.5525,2009-04-07 07:45:00,3.7500
01055000,44.642778,-70.588889,2009-04-23 01:45:00,2009-04-23 14:45:00,83.2515,2009-04-23 08:30:00,6.7500
01055000,44.642778,-70.588889,2009-06-19 16:15:00,2009-06-20 01:45:00,107.8872,2009-06-19 20:15:00,4.0000
01055000,44.642778,-70.588889,2009-06-27 08:45:00,2009-06-27 10:30:00,60.5981,2009-06-27 09:30:00,0.7500
01055000,44.642778,-70.588889,2009-06-29 07:15:00,2009-06-30 00:45:00,174.7149,2009-06-29 13:45:00,6.5000
01055000,44.642778,-70.588889,2009-07-04 01:30:00,2009-07-04 17:15:00,94.8614,2009-07-04 03:00:00,1.5000
01055000,44.642778,-70.588889,2009-10-24 23:00:00,2009-10-25 07:00:00,83.8179,2009-10-25 01:45:00,2.7500
01055000,44.642778,-70.588889,2009-12-03 18:45:00,2009-12-03 21:30:00,60.0317,2009-12-03 19:45:00,1.0000
01055000,44.642778,-70.588889,2010-03-23 16:00:00,2010-03-24 13:00:00,84.1010,2010-03-24 06:00:00,14.0000
01055000,44.642778,-70.588889,2010-03-29 22:30:00,2010-04-05 02:15:00,126.8595,2010-03-31 13:00:00,38.5000
01055000,44.642778,-70.588889,2010-10-01 19:30:00,2010-10-02 03:30:00,69.0931,2010-10-01 22:45:00,3.2500
01055000,44.642778,-70.588889,2010-10-15 16:30:00,2010-10-16 07:30:00,113.2674,2010-10-15 19:15:00,2.7500
01055000,44.642778,-70.588889,2010-11-08 21:15:00,2010-11-09 02:45:00,70.5089,2010-11-08 23:30:00,2.2500
01055000,44.642778,-70.588889,2010-12-02 08:00:00,2010-12-02 13:30:00,71.0753,2010-12-02 09:45:00,1.7500
01055000,44.642778,-70.588889,2010-12-13 05:00:00,2010-12-14 15:45:00,291.6635,2010-12-13 10:15:00,5.2500
01055000,44.642778,-70.588889,2011-04-12 06:45:00,2011-04-13 03:15:00,71.0753,2011-04-12 23:00:00,16.2500
01055000,44.642778,-70.588889,2011-04-17 14:15:00,2011-04-18 01:30:00,67.6773,2011-04-17 16:30:00,2.2500
01055000,44.642778,-70.588889,2011-04-26 14:30:00,2011-04-29 10:45:00,102.2238,2011-04-29 00:15:00,57.7500
01055000,44.642778,-70.588889,2011-05-16 02:45:00,2011-05-16 10:30:00,77.8713,2011-05-16 06:30:00,3.7500
01055000,44.642778,-70.588889,2011-05-28 05:45:00,2011-05-28 09:15:00,59.7485,2011-05-28 06:00:00,0.2500
01055000,44.642778,-70.588889,2011-08-28 17:45:00,2011-08-29 12:00:00,336.9705,2011-08-28 22:45:00,5.0000
01055000,44.642778,-70.588889,2011-10-02 20:15:00,2011-10-03 07:45:00,66.2614,2011-10-02 21:45:00,1.5000
01055000,44.642778,-70.588889,2011-10-15 06:45:00,2011-10-15 13:30:00,59.1822,2011-10-15 07:45:00,1.0000
01055000,44.642778,-70.588889,2011-11-11 06:15:00,2011-11-11 08:15:00,59.7485,2011-11-11 06:45:00,0.5000
01055000,44.642778,-70.588889,2011-11-30 12:30:00,2011-11-30 18:00:00,84.3842,2011-11-30 13:45:00,1.2500
01055000,44.642778,-70.588889,2012-03-19 22:15:00,2012-03-20 02:15:00,60.3149,2012-03-19 23:45:00,1.5000
01055000,44.642778,-70.588889,2012-04-23 14:00:00,2012-04-24 10:30:00,102.2238,2012-04-24 03:15:00,13.2500
01055000,44.642778,-70.588889,2012-05-29 16:45:00,2012-05-29 18:45:00,66.8278,2012-05-29 17:15:00,0.5000
01055000,44.642778,-70.588889,2012-06-03 06:15:00,2012-06-04 22:00:00,208.9783,2012-06-03 10:00:00,3.7500
01055000,44.642778,-70.588889,2012-06-26 15:45:00,2012-06-27 00:45:00,66.2614,2012-06-26 18:15:00,2.5000
01055000,44.642778,-70.588889,2012-09-19 10:00:00,2012-09-19 12:15:00,66.2614,2012-09-19 10:45:00,0.7500
01055000,44.642778,-70.588889,2012-10-30 06:15:00,2012-10-31 18:45:00,179.2456,2012-10-30 12:30:00,6.2500
01055000,44.642778,-70.588889,2012-12-22 02:15:00,2012-12-22 06:45:00,65.4119,2012-12-22 04:45:00,2.5000
01055000,44.642778,-70.588889,2013-04-19 23:00:00,2013-04-21 00:30:00,99.3921,2013-04-20 08:45:00,9.7500
01055000,44.642778,-70.588889,2013-05-24 12:30:00,2013-05-26 10:30:00,98.8258,2013-05-25 17:45:00,29.2500
01055000,44.642778,-70.588889,2013-06-03 00:45:00,2013-06-03 02:00:00,60.0317,2013-06-03 01:15:00,0.5000
01055000,44.642778,-70.588889,2013-07-02 10:30:00,2013-07-02 20:15:00,116.0991,2013-07-02 13:45:00,3.2500
01055000,44.642778,-70.588889,2013-09-12 23:30:00,2013-09-13 07:30:00,161.6892,2013-09-13 01:15:00,1.7500
01055000,44.642778,-70.588889,2014-04-15 01:00:00,2014-04-16 20:30:00,269.2932,2014-04-16 02:45:00,25.7500
01055000,44.642778,-70.588889,2014-05-17 09:15:00,2014-05-18 02:00:00,229.3665,2014-05-17 16:30:00,7.2500
01055000,44.642778,-70.588889,2014-05-28 03:00:00,2014-05-28 08:15:00,65.9783,2014-05-28 05:45:00,2.7500
01055000,44.642778,-70.588889,2014-07-05 08:30:00,2014-07-05 14:00:00,66.2614,2014-07-05 10:00:00,1.5000
01055000,44.642778,-70.588889,2014-10-23 22:00:00,2014-10-24 14:00:00,82.1189,2014-10-24 06:45:00,8.7500
01055000,44.642778,-70.588889,2015-04-21 09:30:00,2015-04-22 04:45:00,104.4892,2015-04-21 14:45:00,5.2500
01055000,44.642778,-70.588889,2015-06-13 09:30:00,2015-06-13 10:45:00,61.7307,2015-06-13 10:00:00,0.5000
01055000,44.642778,-70.588889,2015-09-30 16:30:00,2015-10-01 00:00:00,97.9763,2015-09-30 19:30:00,3.0000
01055000,44.642778,-70.588889,2016-03-11 03:00:00,2016-03-11 10:45:00,80.1367,2016-03-11 07:00:00,4.0000
01094400,42.576111,-71.788611,1988-03-27 10:00:00,1988-03-27 16:45:00,22.9650,1988-03-27 12:00:00,2.0000
01094400,42.576111,-71.788611,1988-04-28 18:45:00,1988-04-29 15:15:00,35.3961,1988-04-28 23:15:00,4.5000
01094400,42.576111,-71.788611,1989-10-20 22:30:00,1989-10-21 23:15:00,43.8911,1989-10-21 03:00:00,4.5000
01094400,42.576111,-71.788611,1990-02-24 00:00:00,1990-02-24 15:00:00,26.6462,1990-02-24 07:00:00,7.0000
01094400,42.576111,-71.788611,1990-04-04 09:00:00,1990-04-04 11:15:00,22.0022,1990-04-04 10:15:00,1.2500
01094400,42.576111,-71.788611,1990-10-13 20:15:00,1990-10-14 09:00:00,34.8297,1990-10-13 22:30:00,2.2500
01094400,42.576111,-71.788611,1991-04-21 18:45:00,1991-04-23 00:00:00,43.6079,1991-04-22 02:00:00,7.2500
01094400,42.576111,-71.788611,1991-05-07 01:15:00,1991-05-07 03:45:00,30.2990,1991-05-07 03:30:00,2.2500
01094400,42.576111,-71.788611,1991-08-19 17:30:00,1991-08-21 14:45:00,65.6951,1991-08-19 21:15:00,3.7500
01094400,42.576111,-71.788611,1991-09-25 14:00:00,1991-09-26 21:45:00,37.9446,1991-09-25 18:15:00,4.2500
01094400,42.576111,-71.788611,1991-11-23 04:45:00,1991-11-24 01:00:00,31.9980,1991-11-23 12:00:00,7.2500
01094400,42.576111,-71.788611,1992-03-27 11:15:00,1992-03-27 22:45:00,28.1753,1992-03-27 14:15:00,3.0000
01094400,42.576111,-71.788611,1992-06-06 11:30:00,1992-06-06 17:00:00,26.3913,1992-06-06 11:45:00,0.2500
01094400,42.576111,-71.788611,1993-03-29 15:00:00,1993-04-02 03:00:00,46.7228,1993-03-30 07:00:00,16.0000
01094400,42.576111,-71.788611,1993-04-11 00:00:00,1993-04-13 16:45:00,33.6970,1993-04-11 07:45:00,7.7500
01094400,42.576111,-71.788611,1993-12-21 20:45:00,1993-12-22 02:00:00,22.9366,1993-12-21 22:15:00,1.5000
01094400,42.576111,-71.788611,1994-12-24 15:00:00,1994-12-26 00:30:00,52.6693,1994-12-24 23:45:00,8.7500
01094400,42.576111,-71.788611,1995-03-09 06:45:00,1995-03-09 22:00:00,31.4317,1995-03-09 11:30:00,4.7500
01094400,42.576111,-71.788611,1995-10-21 23:45:00,1995-10-22 19:30:00,40.7763,1995-10-22 03:45:00,4.0000
01094400,42.576111,-71.788611,1995-11-12 10:00:00,1995-11-12 19:00:00,25.6267,1995-11-12 15:45:00,5.7500
01094400,42.576111,-71.788611,1995-11-15 06:45:00,1995-11-16 01:00:00,31.4317,1995-11-15 12:30:00,5.7500
01094400,42.576111,-71.788611,1996-01-19 22:45:00,1996-01-21 02:15:00,51.2535,1996-01-20 04:30:00,5.7500
01094400,42.576111,-71.788611,1996-01-24 23:15:00,1996-01-25 23:15:00,41.9089,1996-01-25 05:00:00,5.7500
01094400,42.576111,-71.788611,1996-01-27 21:00:00,1996-01-29 06:30:00,72.4911,1996-01-28 03:30:00,6.5000
01094400,42.576111,-71.788611,1996-04-16 15:00:00,1996-04-18 11:30:00,80.4198,1996-04-17 00:30:00,9.5000
01094400,42.576111,-71.788611,1996-07-13 19:45:00,1996-07-14 11:45:00,43.3248,1996-07-14 00:00:00,4.2500
01094400,42.576111,-71.788611,1996-10-20 14:15:00,1996-10-22 09:00:00,61.1644,1996-10-21 04:45:00,14.5000
01094400,42.576111,-71.788611,1996-12-02 12:00:00,1996-12-03 02:45:00,30.2990,1996-12-02 16:45:00,4.7500
01094400,42.576111,-71.788611,1996-12-17 22:00:00,1996-12-20 14:00:00,26.5895,1996-12-20 03:30:00,53.5000
01094400,42.576111,-71.788611,1996-12-25 06:30:00,1996-12-25 17:30:00,25.8250,1996-12-25 10:00:00,3.5000
01094400,42.576111,-71.788611,1997-03-26 13:45:00,1997-03-26 20:00:00,23.7862,1997-03-26 15:30:00,1.7500
01094400,42.576111,-71.788611,1997-04-19 09:15:00,1997-04-20 05:45:00,29.7327,1997-04-19 14:45:00,5.5000
01094400,42.576111,-71.788611,1998-01-08 10:30:00,1998-01-08 20:45:00,23.5879,1998-01-08 12:30:00,2.0000
01094400,42.576111,-71.788611,1998-03-09 13:30:00,1998-03-11 13:45:00,72.7743,1998-03-10 03:45:00,14.2500
01094400,42.576111,-71.788611,1998-05-10 23:00:00,1998-05-12 07:00:00,25.2586,1998-05-12 01:45:00,26.7500
01094400,42.576111,-71.788611,1998-06-01 02:15:00,1998-06-01 17:15:00,36.5287,1998-06-01 05:45:00,3.5000
01094400,42.576111,-71.788611,1998-06-14 12:00:00,1998-06-17 04:30:00,48.4218,1998-06-14 17:00:00,5.0000
01094400,42.576111,-71.788611,1999-01-24 18:15:00,1999-01-25 11:30:00,31.9980,1999-01-24 23:30:00,5.2500
01094400,42.576111,-71.788611,1999-03-04 11:45:00,1999-03-04 21:45:00,28.6000,1999-03-04 14:30:00,2.7500
01094400,42.576111,-71.788611,1999-03-22 14:30:00,1999-03-23 08:30:00,34.5466,1999-03-22 18:00:00,3.5000
01094400,42.576111,-71.788611,1999-09-17 01:45:00,1999-09-17 11:30:00,27.7788,1999-09-17 07:00:00,5.2500
01094400,42.576111,-71.788611,2000-04-22 02:45:00,2000-04-23 23:45:00,52.1030,2000-04-22 07:30:00,4.7500
01094400,42.576111,-71.788611,2000-06-06 23:00:00,2000-06-08 03:45:00,45.8733,2000-06-07 08:45:00,9.7500
01094400,42.576111,-71.788611,2000-12-17 22:15:00,2000-12-18 10:00:00,31.9980,2000-12-18 00:15:00,2.0000
01094400,42.576111,-71.788611,2001-03-22 10:30:00,2001-03-24 03:45:00,47.0060,2001-03-22 21:00:00,10.5000
01094400,42.576111,-71.788611,2001-04-09 20:45:00,2001-04-15 06:45:00,36.8119,2001-04-11 00:30:00,27.7500
01094400,42.576111,-71.788611,2001-06-17 16:30:00,2001-06-18 09:00:00,53.2357,2001-06-17 16:45:00,0.2500
01094400,42.576111,-71.788611,2001-07-01 20:30:00,2001-07-01 21:15:00,25.2586,2001-07-01 21:15:00,0.7500
01094400,42.576111,-71.788611,2002-05-14 00:30:00,2002-05-14 15:30:00,27.1842,2002-05-14 07:15:00,6.7500
01094400,42.576111,-71.788611,2003-03-21 20:45:00,2003-03-23 10:00:00,25.2586,2003-03-23 01:45:00,29.0000
01094400,42.576111,-71.788611,2003-04-12 05:15:00,2003-04-12 08:45:00,22.6252,2003-04-12 06:45:00,1.5000
01094400,42.576111,-71.788611,2003-10-29 15:00:00,2003-10-30 02:30:00,28.8832,2003-10-29 19:45:00,4.7500
01094400,42.576111,-71.788611,2003-12-18 03:30:00,2003-12-18 21:00:00,34.8297,2003-12-18 07:30:00,4.0000
01094400,42.576111,-71.788611,2004-04-01 15:30:00,2004-04-03 15:30:00,80.4198,2004-04-02 05:30:00,14.0000
01094400,42.576111,-71.788611,2004-04-14 02:30:00,2004-04-14 20:15:00,35.9624,2004-04-14 06:15:00,3.7500
01094400,42.576111,-71.788611,2004-09-18 17:00:00,2004-09-18 21:15:00,23.5879,2004-09-18 17:15:00,0.2500
01094400,42.576111,-71.788611,2005-01-14 14:30:00,2005-01-14 18:45:00,25.4568,2005-01-14 16:00:00,1.5000
01094400,42.576111,-71.788611,2005-03-29 06:45:00,2005-03-31 02:00:00,46.4396,2005-03-29 17:45:00,11.0000
01094400,42.576111,-71.788611,2005-04-02 16:45:00,2005-04-05 03:15:00,78.4377,2005-04-03 11:15:00,17.5000
01094400,42.576111,-71.788611,2005-04-24 08:30:00,2005-04-25 02:15:00,32.2812,2005-04-24 14:45:00,6.2500
01094400,42.576111,-71.788611,2005-10-09 01:00:00,2005-10-09 21:45:00,41.6258,2005-10-09 07:45:00,6.7500
01094400,42.576111,-71.788611,2005-10-15 03:15:00,2005-10-16 21:30:00,65.1287,2005-10-15 12:00:00,8.7500
01094400,42.576111,-71.788611,2005-10-25 11:00:00,2005-10-26 23:15:00,45.3070,2005-10-25 22:30:00,11.5000
01094400,42.576111,-71.788611,2005-12-26 20:45:00,2005-12-27 09:00:00,26.3913,2005-12-27 01:30:00,4.7500
01094400,42.576111,-71.788611,2006-01-15 07:30:00,2006-01-15 12:00:00,22.4553,2006-01-15 09:15:00,1.7500
01094400,42.576111,-71.788611,2006-01-18 19:45:00,2006-01-19 16:00:00,34.5466,2006-01-19 00:15:00,4.5000
01094400,42.576111,-71.788611,2006-02-05 05:15:00,2006-02-06 07:45:00,35.1129,2006-02-05 12:45:00,7.5000
01094400,42.576111,-71.788611,2006-05-14 11:45:00,2006-05-18 11:15:00,36.2456,2006-05-14 20:00:00,8.2500
01094400,42.576111,-71.788611,2006-06-07 21:30:00,2006-06-08 23:30:00,29.4495,2006-06-08 03:15:00,5.7500
01094400,42.576111,-71.788611,2006-06-14 20:00:00,2006-06-14 20:15:00,22.4553,2006-06-14 20:15:00,0.2500
01094400,42.576111,-71.788611,2006-07-12 23:30:00,2006-07-13 00:15:00,32.5644,2006-07-12 23:45:00,0.2500
01094400,42.576111,-71.788611,2006-10-28 19:45:00,2006-10-29 01:45:00,28.1753,2006-10-28 20:15:00,0.5000
01094400,42.576111,-71.788611,2006-11-09 04:45:00,2006-11-09 17:00:00,31.4317,2006-11-09 08:45:00,4.0000
01094400,42.576111,-71.788611,2006-11-17 07:00:00,2006-11-17 19:15:00,28.6000,2006-11-17 11:00:00,4.0000
01094400,42.576111,-71.788611,2007-04-16 02:45:00,2007-04-19 07:15:00,111.2852,2007-04-16 13:30:00,10.7500
01094400,42.576111,-71.788611,2007-07-29 23:30:00,2007-07-29 23:45:00,24.3525,2007-07-29 23:45:00,0.2500
01094400,42.576111,-71.788611,2008-02-07 04:45:00,2008-02-07 17:45:00,27.0143,2008-02-07 08:30:00,3.7500
01094400,42.576111,-71.788611,2008-02-13 21:30:00,2008-02-15 01:15:00,42.1921,2008-02-14 04:15:00,6.7500
01094400,42.576111,-71.788611,2008-02-18 17:30:00,2008-02-19 19:00:00,32.5644,2008-02-19 02:00:00,8.5000
01094400,42.576111,-71.788611,2008-03-05 12:15:00,2008-03-06 04:45:00,26.3347,2008-03-05 16:00:00,3.7500
01094400,42.576111,-71.788611,2008-03-08 22:45:00,2008-03-10 00:45:00,42.1921,2008-03-09 04:00:00,4.2500
01094400,42.576111,-71.788611,2008-09-07 02:30:00,2008-09-07 18:30:00,56.0674,2008-09-07 05:45:00,3.2500
01094400,42.576111,-71.788611,2009-06-14 08:00:00,2009-06-14 16:30:00,23.5596,2009-06-14 12:30:00,4.5000
01094400,42.576111,-71.788611,2009-07-02 10:45:00,2009-07-02 23:30:00,40.7763,2009-07-02 12:45:00,2.0000
01094400,42.576111,-71.788611,2009-07-24 09:45:00,2009-07-25 01:30:00,36.8119,2009-07-24 12:45:00,3.0000
01094400,42.576111,-71.788611,2010-01-26 00:45:00,2010-01-26 12:30:00,26.1648,2010-01-26 05:00:00,4.2500
01094400,42.576111,-71.788611,2010-02-25 22:30:00,2010-02-27 21:30:00,73.3406,2010-02-26 09:15:00,10.7500
01094400,42.576111,-71.788611,2010-03-14 08:00:00,2010-03-19 11:30:00,92.3129,2010-03-15 15:30:00,31.5000
01094400,42.576111,-71.788611,2010-03-23 09:15:00,2010-03-25 04:15:00,32.5644,2010-03-23 17:15:00,8.0000
01094400,42.576111,-71.788611,2010-03-29 22:30:00,2010-04-02 14:00:00,42.1921,2010-03-30 19:45:00,21.2500
01094400,42.576111,-71.788611,2010-12-13 03:00:00,2010-12-13 13:00:00,26.6745,2010-12-13 07:00:00,4.0000
01094400,42.576111,-71.788611,2011-03-07 00:00:00,2011-03-09 10:00:00,93.1624,2011-03-07 12:30:00,12.5000
01094400,42.576111,-71.788611,2011-03-11 13:45:00,2011-03-13 03:45:00,34.2634,2011-03-11 19:30:00,5.7500
01094400,42.576111,-71.788611,2011-03-16 22:45:00,2011-03-17 03:30:00,22.1438,2011-03-17 00:15:00,1.5000
01094400,42.576111,-71.788611,2011-03-18 22:00:00,2011-03-19 09:30:00,23.2481,2011-03-19 02:00:00,4.0000
01094400,42.576111,-71.788611,2011-04-17 09:00:00,2011-04-17 18:15:00,26.8444,2011-04-17 12:00:00,3.0000
01094400,42.576111,-71.788611,2011-08-28 13:45:00,2011-08-29 19:15:00,53.2357,2011-08-28 16:30:00,2.7500
01094400,42.576111,-71.788611,2011-09-08 09:30:00,2011-09-09 10:30:00,39.3604,2011-09-08 15:30:00,6.0000
01094400,42.576111,-71.788611,2011-12-08 05:30:00,2011-12-09 02:30:00,36.2456,2011-12-08 12:00:00,6.5000
01094400,42.576111,-71.788611,2012-10-30 01:15:00,2012-10-31 09:45:00,32.5644,2012-10-30 22:00:00,20.7500
01094400,42.576111,-71.788611,2013-06-14 09:15:00,2013-06-14 22:30:00,27.0143,2013-06-14 13:00:00,3.7500
01094400,42.576111,-71.788611,2014-03-30 07:15:00,2014-04-02 02:15:00,48.4218,2014-03-31 15:15:00,32.0000
01094400,42.576111,-71.788611,2014-10-23 12:00:00,2014-10-24 08:45:00,39.9268,2014-10-23 17:00:00,5.0000
01094400,42.576111,-71.788611,2014-12-09 22:00:00,2014-12-11 10:30:00,35.1129,2014-12-10 03:30:00,5.5000
01094400,42.576111,-71.788611,2015-01-19 07:45:00,2015-01-19 22:00:00,34.2634,2015-01-19 13:00:00,5.2500
01094400,42.576111,-71.788611,2016-02-17 16:15:00,2016-02-17 17:00:00,26.3347,2016-02-17 16:30:00,0.2500
01094400,42.576111,-71.788611,2016-02-25 07:45:00,2016-02-26 05:15:00,41.6258,2016-02-25 11:45:00,4.0000
01100600,42.568056,-71.215278,1990-10-14 17:15:00,1990-10-16 18:30:00,11.9497,1990-10-15 09:45:00,16.5000
01100600,42.568056,-71.215278,1991-04-22 12:30:00,1991-04-23 18:45:00,9.6560,1991-04-22 21:45:00,9.2500
01100600,42.568056,-71.215278,1991-08-20 08:00:00,1991-08-23 01:00:00,12.1479,1991-08-21 05:45:00,21.7500
01100600,42.568056,-71.215278,1991-09-26 12:30:00,1991-09-28 14:15:00,10.9020,1991-09-27 06:15:00,17.7500
01100600,42.568056,-71.215278,1992-12-14 04:15:00,1992-12-14 19:45:00,7.2208,1992-12-14 13:30:00,9.2500
01100600,42.568056,-71.215278,1993-03-27 23:00:00,1993-03-30 04:45:00,16.9335,1993-03-30 04:45:00,53.7500
01100600,42.568056,-71.215278,1993-04-12 23:45:00,1993-04-14 17:30:00,8.6083,1993-04-13 18:15:00,18.5000
01100600,42.568056,-71.215278,1994-03-23 00:00:00,1994-03-27 01:30:00,12.4311,1994-03-23 17:45:00,17.7500
01100600,42.568056,-71.215278,1994-03-29 21:45:00,1994-03-31 02:45:00,7.3624,1994-03-30 11:15:00,13.5000
01100600,42.568056,-71.215278,1994-09-24 11:00:00,1994-09-26 07:00:00,9.5994,1994-09-25 04:00:00,17.0000
01100600,42.568056,-71.215278,1994-12-25 19:15:00,1994-12-26 17:30:00,7.5606,1994-12-26 03:00:00,7.7500
01100600,42.568056,-71.215278,1995-11-16 06:45:00,1995-11-17 09:00:00,8.0420,1995-11-16 16:00:00,9.2500
01100600,42.568056,-71.215278,1996-01-26 04:30:00,1996-01-26 16:15:00,7.2491,1996-01-26 09:30:00,5.0000
01100600,42.568056,-71.215278,1996-01-28 07:30:00,1996-01-30 13:30:00,12.8842,1996-01-29 01:45:00,18.2500
01100600,42.568056,-71.215278,1996-04-17 06:15:00,1996-04-19 00:30:00,11.6382,1996-04-17 19:15:00,13.0000
01100600,42.568056,-71.215278,1996-07-14 19:15:00,1996-07-16 07:30:00,9.3162,1996-07-15 09:45:00,14.5000
01100600,42.568056,-71.215278,1996-09-19 14:30:00,1996-09-20 15:45:00,8.3818,1996-09-19 23:45:00,9.2500
01100600,42.568056,-71.215278,1996-10-21 01:15:00,1996-10-23 03:45:00,52.3862,1996-10-22 04:15:00,27.0000
01100600,42.568056,-71.215278,1996-11-28 02:30:00,1996-11-28 04:30:00,7.0509,1996-11-28 03:45:00,1.2500
01100600,42.568056,-71.215278,1996-12-09 09:15:00,1996-12-10 20:30:00,8.6650,1996-12-09 20:45:00,11.5000
01100600,42.568056,-71.215278,1996-12-20 10:00:00,1996-12-21 20:45:00,8.0137,1996-12-20 23:30:00,13.5000
01100600,42.568056,-71.215278,1997-04-05 14:00:00,1997-04-07 02:45:00,7.7022,1997-04-06 05:00:00,14.0000
01100600,42.568056,-71.215278,1997-04-19 17:30:00,1997-04-21 13:45:00,10.7038,1997-04-20 08:45:00,15.2500
01100600,42.568056,-71.215278,1998-01-25 14:00:00,1998-01-27 02:00:00,8.3535,1998-01-26 00:45:00,10.7500
01100600,42.568056,-71.215278,1998-02-19 08:30:00,1998-02-20 22:00:00,9.6277,1998-02-19 21:00:00,12.5000
01100600,42.568056,-71.215278,1998-02-25 09:30:00,1998-02-27 13:30:00,11.8364,1998-02-26 02:45:00,17.2500
01100600,42.568056,-71.215278,1998-03-10 08:00:00,1998-03-12 10:45:00,13.3656,1998-03-11 02:15:00,18.2500
01100600,42.568056,-71.215278,1998-05-07 02:45:00,1998-05-09 01:00:00,10.0242,1998-05-07 21:45:00,19.0000
01100600,42.568056,-71.215278,1998-05-11 09:00:00,1998-05-13 21:45:00,10.1941,1998-05-12 12:15:00,27.2500
01100600,42.568056,-71.215278,1998-06-14 04:00:00,1998-06-19 23:00:00,35.1129,1998-06-15 04:15:00,24.2500
01100600,42.568056,-71.215278,1999-01-19 20:15:00,1999-01-21 01:30:00,8.7782,1999-01-20 04:45:00,8.5000
01100600,42.568056,-71.215278,1999-01-25 11:45:00,1999-01-26 13:30:00,8.6650,1999-01-25 19:45:00,8.0000
01100600,42.568056,-71.215278,1999-02-03 16:15:00,1999-02-05 11:45:00,12.8842,1999-02-04 07:45:00,15.5000
01100600,42.568056,-71.215278,1999-09-11 23:45:00,1999-09-12 20:30:00,8.0137,1999-09-12 08:00:00,8.2500
01100600,42.568056,-71.215278,2000-04-22 16:00:00,2000-04-25 12:30:00,17.3865,2000-04-23 09:15:00,17.2500
01100600,42.568056,-71.215278,2000-06-07 22:15:00,2000-06-09 11:45:00,10.0242,2000-06-08 12:15:00,14.0000
01100600,42.568056,-71.215278,2000-12-19 00:30:00,2000-12-19 20:00:00,7.6739,2000-12-19 08:15:00,7.7500
01100600,42.568056,-71.215278,2001-03-22 10:30:00,2001-03-28 05:00:00,44.7406,2001-03-23 16:30:00,30.0000
01100600,42.568056,-71.215278,2001-03-31 01:45:00,2001-04-03 14:30:00,16.9052,2001-04-01 03:30:00,24.7500
01100600,42.568056,-71.215278,2002-05-14 19:00:00,2002-05-16 00:15:00,9.5711,2002-05-15 07:00:00,12.0000
01100600,42.568056,-71.215278,2002-05-31 05:30:00,2002-05-31 16:00:00,7.2491,2002-05-31 10:15:00,4.7500
01100600,42.568056,-71.215278,2002-12-15 08:00:00,2002-12-17 09:30:00,12.6859,2002-12-16 00:15:00,16.2500
01100600,42.568056,-71.215278,2002-12-21 20:45:00,2002-12-22 21:45:00,8.4667,2002-12-22 05:30:00,8.7500
01100600,42.568056,-71.215278,2003-03-30 22:00:00,2003-04-01 17:15:00,10.3356,2003-03-31 15:30:00,17.5000
01100600,42.568056,-71.215278,2003-04-12 19:30:00,2003-04-13 16:30:00,7.7871,2003-04-13 04:45:00,9.2500
01100600,42.568056,-71.215278,2003-06-02 17:45:00,2003-06-03 11:30:00,7.6172,2003-06-02 23:45:00,6.0000
01100600,42.568056,-71.215278,2003-06-24 01:45:00,2003-06-24 21:15:00,7.6739,2003-06-24 09:30:00,7.7500
01100600,42.568056,-71.215278,2003-10-30 15:15:00,2003-10-31 07:15:00,7.6172,2003-10-30 21:30:00,6.2500
01100600,42.568056,-71.215278,2003-12-18 17:59:00,2003-12-20 02:44:00,8.6933,2003-12-19 03:44:00,9.7500
01100600,42.568056,-71.215278,2004-04-01 21:15:00,2004-04-05 13:30:00,31.4317,2004-04-02 22:30:00,25.2500
01100600,42.568056,-71.215278,2004-04-14 15:30:00,2004-04-16 12:30:00,10.7604,2004-04-15 03:15:00,11.7500
01100600,42.568056,-71.215278,2004-09-19 15:30:00,2004-09-20 11:45:00,7.8721,2004-09-19 23:15:00,7.7500
01100600,42.568056,-71.215278,2005-01-15 03:30:00,2005-01-16 16:15:00,10.3923,2005-01-15 17:15:00,13.7500
01100600,42.568056,-71.215278,2005-03-29 06:45:00,2005-03-31 18:45:00,16.3955,2005-03-30 02:45:00,20.0000
01100600,42.568056,-71.215278,2005-04-03 07:45:00,2005-04-05 04:15:00,10.2507,2005-04-04 01:30:00,17.7500
01100600,42.568056,-71.215278,2005-05-26 09:15:00,2005-05-28 06:00:00,9.2030,2005-05-27 04:15:00,19.0000
01100600,42.568056,-71.215278,2005-10-15 21:45:00,2005-10-18 06:15:00,17.1317,2005-10-16 13:30:00,15.7500
01100600,42.568056,-71.215278,2005-10-26 10:15:00,2005-10-27 22:00:00,9.4578,2005-10-26 23:15:00,13.0000
01100600,42.568056,-71.215278,2006-02-06 03:00:00,2006-02-06 16:45:00,7.1358,2006-02-06 08:15:00,5.2500
01100600,42.568056,-71.215278,2006-05-14 01:45:00,2006-05-18 21:00:00,34.2634,2006-05-15 08:15:00,30.5000
01100600,42.568056,-71.215278,2006-06-04 16:45:00,2006-06-05 23:45:00,9.2030,2006-06-05 03:00:00,10.2500
01100600,42.568056,-71.215278,2006-06-08 09:15:00,2006-06-12 14:45:00,13.2806,2006-06-09 00:30:00,15.2500
01100600,42.568056,-71.215278,2006-06-15 16:45:00,2006-06-16 22:15:00,8.2685,2006-06-16 04:00:00,11.2500
01100600,42.568056,-71.215278,2006-11-18 05:00:00,2006-11-19 03:15:00,7.7871,2006-11-18 14:00:00,9.0000
01100600,42.568056,-71.215278,2006-11-25 03:30:00,2006-11-25 23:30:00,7.7588,2006-11-25 10:00:00,6.5000
01100600,42.568056,-71.215278,2007-03-03 14:15:00,2007-03-04 18:15:00,9.2030,2007-03-03 19:15:00,5.0000
01100600,42.568056,-71.215278,2007-04-16 09:15:00,2007-04-20 01:30:00,23.2481,2007-04-17 05:00:00,19.7500
01100600,42.568056,-71.215278,2007-05-19 15:30:00,2007-05-21 18:45:00,9.0048,2007-05-20 07:45:00,16.2500
01100600,42.568056,-71.215278,2008-02-07 14:30:00,2008-02-09 05:00:00,9.0614,2008-02-08 04:45:00,14.2500
01100600,42.568056,-71.215278,2008-02-14 11:00:00,2008-02-16 06:45:00,11.2701,2008-02-14 22:30:00,11.5000
01100600,42.568056,-71.215278,2008-02-19 04:00:00,2008-02-20 21:00:00,10.4489,2008-02-19 18:00:00,14.0000
01100600,42.568056,-71.215278,2008-03-06 00:00:00,2008-03-07 08:30:00,9.0048,2008-03-06 11:45:00,11.7500
01100600,42.568056,-71.215278,2008-03-08 23:30:00,2008-03-11 07:15:00,14.4416,2008-03-09 20:15:00,19.7500
01100600,42.568056,-71.215278,2008-07-24 23:30:00,2008-07-27 13:00:00,15.6592,2008-07-25 21:30:00,22.0000
01100600,42.568056,-71.215278,2008-09-28 09:00:00,2008-09-29 22:00:00,8.1553,2008-09-28 22:15:00,13.2500
01100600,42.568056,-71.215278,2008-11-27 01:30:00,2008-11-27 11:30:00,7.0792,2008-11-27 05:30:00,4.0000
01100600,42.568056,-71.215278,2008-12-12 16:45:00,2008-12-15 07:45:00,20.6996,2008-12-13 12:30:00,19.7500
01100600,42.568056,-71.215278,2009-07-03 12:00:00,2009-07-04 18:30:00,8.7782,2009-07-03 23:45:00,11.7500
01100600,42.568056,-71.215278,2009-07-25 07:30:00,2009-07-26 15:00:00,9.1463,2009-07-25 18:45:00,11.2500
01100600,42.568056,-71.215278,2009-11-15 13:30:00,2009-11-17 01:15:00,11.2135,2009-11-16 03:00:00,13.5000
01100600,42.568056,-71.215278,2010-01-26 10:15:00,2010-01-28 04:15:00,12.7426,2010-01-26 21:45:00,11.5000
01100600,42.568056,-71.215278,2010-02-25 06:15:00,2010-03-01 01:30:00,26.3064,2010-02-26 16:30:00,34.2500
01100600,42.568056,-71.215278,2010-03-14 14:00:00,2010-03-20 07:15:00,53.2357,2010-03-16 00:45:00,34.7500
01100600,42.568056,-71.215278,2010-03-23 21:00:00,2010-03-25 20:30:00,12.2612,2010-03-24 14:30:00,17.5000
01100600,42.568056,-71.215278,2010-03-30 08:00:00,2010-04-04 01:00:00,38.7941,2010-03-31 16:15:00,32.2500
01100600,42.568056,-71.215278,2010-12-14 05:00:00,2010-12-14 18:00:00,7.3907,2010-12-14 09:45:00,4.7500
01100600,42.568056,-71.215278,2011-03-07 12:15:00,2011-03-10 03:15:00,17.5564,2011-03-08 09:00:00,20.7500
01100600,42.568056,-71.215278,2011-03-12 05:30:00,2011-03-13 17:45:00,8.3818,2011-03-12 19:00:00,13.5000
01100600,42.568056,-71.215278,2011-08-29 13:00:00,2011-08-30 18:45:00,9.1180,2011-08-29 22:45:00,9.7500
01100600,42.568056,-71.215278,2011-10-21 06:15:00,2011-10-22 03:45:00,8.1553,2011-10-21 20:45:00,14.5000
01100600,42.568056,-71.215278,2011-12-08 20:15:00,2011-12-10 15:30:00,11.5533,2011-12-09 09:30:00,13.2500
01100600,42.568056,-71.215278,2012-04-24 09:15:00,2012-04-24 19:00:00,7.1925,2012-04-24 14:15:00,5.0000
01100600,42.568056,-71.215278,2012-12-28 09:45:00,2012-12-29 17:45:00,10.2224,2012-12-28 20:00:00,10.2500
01100600,42.568056,-71.215278,2013-02-28 11:45:00,2013-03-02 03:30:00,9.9392,2013-02-28 22:15:00,10.5000
01100600,42.568056,-71.215278,2013-06-08 23:30:00,2013-06-10 07:45:00,9.7976,2013-06-09 11:45:00,12.2500
01100600,42.568056,-71.215278,2013-06-14 21:15:00,2013-06-16 12:00:00,9.4012,2013-06-15 14:45:00,17.5000
01100600,42.568056,-71.215278,2014-03-30 22:30:00,2014-04-02 21:00:00,19.4254,2014-03-31 20:15:00,21.7500
01100600,42.568056,-71.215278,2014-10-24 16:30:00,2014-10-25 01:30:00,6.9943,2014-10-24 19:00:00,2.5000
01100600,42.568056,-71.215278,2014-12-10 06:30:00,2014-12-13 01:45:00,19.3404,2014-12-11 00:45:00,18.2500
01102345,42.469444,-71.007500,1996-10-20 18:45:00,1996-10-23 07:00:00,26.6745,1996-10-21 14:15:00,19.5000
01102345,42.469444,-71.007500,1998-06-13 23:15:00,1998-06-15 13:30:00,16.3388,1998-06-14 14:45:00,15.5000
01102345,42.469444,-71.007500,2001-03-22 13:00:00,2001-03-24 11:45:00,20.8978,2001-03-23 00:00:00,11.0000
01102345,42.469444,-71.007500,2001-03-31 05:30:00,2001-03-31 08:00:00,10.6755,2001-03-31 06:00:00,0.5000
01102345,42.469444,-71.007500,2004-04-01 23:00:00,2004-04-03 03:45:00,23.0216,2004-04-02 12:00:00,13.0000
01102345,42.469444,-71.007500,2006-05-13 21:30:00,2006-05-20 03:45:00,40.2099,2006-05-15 00:00:00,26.5000
01102345,42.469444,-71.007500,2007-04-16 09:15:00,2007-04-16 22:15:00,11.5250,2007-04-16 09:45:00,0.5000
01102345,42.469444,-71.007500,2010-03-14 15:30:00,2010-03-18 04:45:00,25.4568,2010-03-15 21:00:00,29.5000
01102345,42.469444,-71.007500,2010-03-30 16:45:00,2010-04-02 02:30:00,23.0216,2010-03-31 07:45:00,15.0000
01102345,42.469444,-71.007500,2014-12-09 22:45:00,2014-12-10 22:15:00,19.3121,2014-12-10 05:45:00,7.0000
01114500,41.858889,-71.487778,1992-12-12 07:30:00,1992-12-12 10:45:00,19.4537,1992-12-12 09:45:00,2.2500
01114500,41.858889,-71.487778,1994-03-10 22:45:00,1994-03-11 06:45:00,21.4925,1994-03-11 02:00:00,3.2500
01114500,41.858889,-71.487778,1998-01-24 11:30:00,1998-01-24 19:15:00,22.2004,1998-01-24 15:00:00,3.5000
01114500,41.858889,-71.487778,1998-03-10 03:30:00,1998-03-10 11:15:00,24.1260,1998-03-10 06:30:00,3.0000
01114500,41.858889,-71.487778,1998-06-14 14:00:00,1998-06-15 06:15:00,25.4568,1998-06-14 17:45:00,3.7500
01114500,41.858889,-71.487778,1998-06-30 16:00:00,1998-07-02 05:30:00,43.0416,1998-06-30 20:00:00,4.0000
01114500,41.858889,-71.487778,1999-09-11 00:30:00,1999-09-11 02:15:00,19.8218,1999-09-11 02:00:00,1.5000
01114500,41.858889,-71.487778,2001-03-22 09:30:00,2001-03-24 11:45:00,36.8119,2001-03-22 14:30:00,5.0000
01114500,41.858889,-71.487778,2001-03-30 18:30:00,2001-04-01 02:15:00,32.5644,2001-03-31 00:15:00,5.7500
01114500,41.858889,-71.487778,2001-06-17 23:30:00,2001-06-19 06:00:00,23.6446,2001-06-18 01:00:00,1.5000
01114500,41.858889,-71.487778,2004-04-14 04:45:00,2004-04-15 07:45:00,21.8323,2004-04-14 06:30:00,1.7500
01114500,41.858889,-71.487778,2005-04-03 07:30:00,2005-04-04 04:45:00,31.4317,2005-04-03 11:00:00,3.5000
01114500,41.858889,-71.487778,2005-10-15 06:15:00,2005-10-16 21:30:00,43.3248,2005-10-15 14:00:00,7.7500
01114500,41.858889,-71.487778,2006-06-25 14:30:00,2006-06-26 09:00:00,23.0499,2006-06-25 19:15:00,4.7500
01114500,41.858889,-71.487778,2007-03-02 19:15:00,2007-03-03 00:30:00,23.8711,2007-03-02 21:30:00,2.2500
01114500,41.858889,-71.487778,2007-04-16 08:15:00,2007-04-17 04:30:00,24.0976,2007-04-16 14:30:00,6.2500
01114500,41.858889,-71.487778,2008-02-14 00:45:00,2008-02-14 06:30:00,22.4553,2008-02-14 02:45:00,2.0000
01114500,41.858889,-71.487778,2008-03-09 02:00:00,2008-03-09 09:30:00,21.6907,2008-03-09 04:15:00,1.2500
01114500,41.858889,-71.487778,2008-12-12 14:45:00,2008-12-13 05:15:00,26.5612,2008-12-12 18:00:00,3.2500
01114500,41.858889,-71.487778,2010-02-26 05:30:00,2010-02-26 13:00:00,20.9545,2010-02-26 08:00:00,2.5000
01114500,41.858889,-71.487778,2010-12-13 09:45:00,2010-12-13 13:00:00,20.6996,2010-12-13 10:45:00,1.0000
01114500,41.858889,-71.487778,2013-06-08 05:00:00,2013-06-08 15:30:00,24.8339,2013-06-08 06:30:00,1.5000
01114500,41.858889,-71.487778,2013-06-14 11:30:00,2013-06-14 19:15:00,21.4359,2013-06-14 14:00:00,2.5000
01117500,41.445000,-71.681389,1993-04-02 20:00:00,1993-04-04 22:00:00,25.6551,1993-04-03 14:00:00,18.0000
01117500,41.445000,-71.681389,1994-03-11 12:00:00,1994-03-15 08:30:00,28.8832,1994-03-12 21:00:00,33.0000
01117500,41.445000,-71.681389,1998-03-11 03:30:00,1998-03-13 08:00:00,26.7311,1998-03-12 00:30:00,21.0000
01117500,41.445000,-71.681389,1998-06-16 10:30:00,1998-06-17 19:00:00,25.4002,1998-06-16 18:30:00,8.0000
01117500,41.445000,-71.681389,2000-04-23 22:00:00,2000-04-26 01:15:00,26.6462,2000-04-24 17:15:00,19.2500
01117500,41.445000,-71.681389,2001-03-23 05:15:00,2001-03-27 02:45:00,30.2990,2001-03-24 11:45:00,30.5000
01117500,41.445000,-71.681389,2001-03-31 01:15:00,2001-04-04 09:45:00,31.7149,2001-04-01 18:15:00,40.0000
01117500,41.445000,-71.681389,2005-03-31 00:15:00,2005-03-31 20:00:00,24.6073,2005-03-31 05:30:00,5.2500
01117500,41.445000,-71.681389,2005-04-03 18:30:00,2005-04-05 20:15:00,25.5701,2005-04-04 15:15:00,20.7500
01117500,41.445000,-71.681389,2005-10-15 17:15:00,2005-10-19 08:30:00,31.7149,2005-10-16 23:00:00,29.7500
01117500,41.445000,-71.681389,2007-03-04 01:30:00,2007-03-05 05:45:00,25.0887,2007-03-04 07:15:00,5.7500
01117500,41.445000,-71.681389,2007-04-16 20:15:00,2007-04-20 02:15:00,28.1469,2007-04-18 00:30:00,28.2500
01117500,41.445000,-71.681389,2010-02-26 06:30:00,2010-03-01 23:30:00,30.5822,2010-02-27 07:15:00,24.7500
01117500,41.445000,-71.681389,2010-03-14 17:30:00,2010-03-19 22:15:00,34.8297,2010-03-15 23:45:00,30.2500
01117500,41.445000,-71.681389,2010-03-23 18:15:00,2010-03-25 03:45:00,35.9624,2010-03-25 02:00:00,31.7500
01117500,41.445000,-71.681389,2010-03-27 04:00:00,2010-04-07 03:45:00,98.8258,2010-03-31 12:30:00,104.5000
01117500,41.445000,-71.681389,2014-03-30 19:15:00,2014-04-05 04:30:00,36.8119,2014-04-01 06:30:00,35.2500
01135300,44.435278,-72.038889,1998-08-12 06:30:00,1998-08-12 09:45:00,214.3585,1998-08-12 07:30:00,1.0000
01135300,44.435278,-72.038889,2000-12-18 00:00:00,2000-12-18 03:30:00,108.1704,2000-12-18 02:00:00,2.0000
01135300,44.435278,-72.038889,2008-07-24 22:15:00,2008-07-24 23:00:00,93.4456,2008-07-24 22:45:00,0.5000
01135300,44.435278,-72.038889,2008-08-06 15:45:00,2008-08-06 17:00:00,101.0911,2008-08-06 16:15:00,0.5000
01135300,44.435278,-72.038889,2011-05-27 04:00:00,2011-05-27 09:45:00,265.0457,2011-05-27 07:00:00,3.0000
01135300,44.435278,-72.038889,2011-08-28 19:45:00,2011-08-29 02:00:00,169.6179,2011-08-28 22:45:00,3.0000
01139000,44.150278,-72.065556,1990-10-24 15:30:00,1990-10-24 22:30:00,53.8020,1990-10-24 18:00:00,2.5000
01139000,44.150278,-72.065556,1993-04-17 16:00:00,1993-04-18 06:30:00,55.7842,1993-04-17 21:00:00,5.0000
01139000,44.150278,-72.065556,1994-04-16 22:30:00,1994-04-17 11:30:00,57.7664,1994-04-17 02:00:00,3.5000
01139000,44.150278,-72.065556,1996-01-20 13:00:00,1996-01-21 05:00:00,99.1090,1996-01-20 18:00:00,5.0000
01139000,44.150278,-72.065556,1996-10-21 22:00:00,1996-10-22 05:30:00,54.6515,1996-10-22 01:30:00,3.5000
01139000,44.150278,-72.065556,1996-12-02 16:30:00,1996-12-03 00:00:00,51.8198,1996-12-02 19:00:00,2.5000
01139000,44.150278,-72.065556,1997-04-07 22:00:00,1997-04-08 12:30:00,58.6159,1997-04-08 04:30:00,6.5000
01139000,44.150278,-72.065556,1997-08-22 09:00:00,1997-08-22 13:00:00,48.9881,1997-08-22 11:30:00,2.5000
01139000,44.150278,-72.065556,1998-04-01 00:00:00,1998-04-02 12:00:00,53.5188,1998-04-01 03:30:00,3.5000
01139000,44.150278,-72.065556,1998-08-11 16:30:00,1998-08-11 20:30:00,49.8377,1998-08-11 18:00:00,1.5000
01139000,44.150278,-72.065556,1999-09-17 08:30:00,1999-09-17 23:15:00,75.3228,1999-09-17 12:45:00,4.2500
01139000,44.150278,-72.065556,2000-12-18 00:00:00,2000-12-18 13:15:00,85.2337,2000-12-18 05:15:00,5.2500
01139000,44.150278,-72.065556,2001-04-22 22:15:00,2001-04-25 14:30:00,62.0139,2001-04-25 04:00:00,53.7500
01139000,44.150278,-72.065556,2002-04-14 07:30:00,2002-04-14 20:00:00,56.6337,2002-04-14 12:00:00,4.5000
01139000,44.150278,-72.065556,2002-06-12 20:15:00,2002-06-13 05:00:00,52.9525,2002-06-12 23:30:00,3.2500
01139000,44.150278,-72.065556,2003-10-28 07:00:00,2003-10-28 12:45:00,48.7050,2003-10-28 09:15:00,2.2500
01139000,44.150278,-72.065556,2003-10-29 21:30:00,2003-10-30 07:30:00,55.5010,2003-10-30 00:30:00,3.0000
01139000,44.150278,-72.065556,2005-04-03 17:45:00,2005-04-04 02:45:00,47.2891,2005-04-03 20:30:00,2.7500
01139000,44.150278,-72.065556,2006-01-19 02:00:00,2006-01-19 07:45:00,54.0852,2006-01-19 04:00:00,2.0000
01139000,44.150278,-72.065556,2008-04-12 23:00:00,2008-04-13 11:45:00,55.5010,2008-04-13 03:45:00,4.7500
01139000,44.150278,-72.065556,2008-04-19 04:15:00,2008-04-20 10:15:00,47.2891,2008-04-20 04:45:00,24.5000
01139000,44.150278,-72.065556,2008-04-29 10:30:00,2008-04-30 09:00:00,62.8634,2008-04-29 22:45:00,12.2500
01139000,44.150278,-72.065556,2008-07-25 03:15:00,2008-07-25 13:30:00,47.2891,2008-07-25 05:00:00,1.7500
01139000,44.150278,-72.065556,2008-08-06 19:45:00,2008-08-07 02:45:00,51.8198,2008-08-06 23:00:00,3.2500
01139000,44.150278,-72.065556,2009-04-04 08:15:00,2009-04-04 14:45:00,47.2891,2009-04-04 10:45:00,2.5000
01139000,44.150278,-72.065556,2010-03-23 18:30:00,2010-03-24 00:45:00,46.7228,2010-03-23 21:00:00,2.5000
01139000,44.150278,-72.065556,2010-10-01 12:00:00,2010-10-02 08:15:00,80.4198,2010-10-01 19:45:00,7.7500
01139000,44.150278,-72.065556,2011-04-11 13:45:00,2011-04-13 14:00:00,73.0575,2011-04-11 22:45:00,9.0000
01139000,44.150278,-72.065556,2011-05-27 07:30:00,2011-05-28 06:15:00,97.9763,2011-05-27 12:00:00,4.5000
01139000,44.150278,-72.065556,2011-08-28 21:00:00,2011-08-29 21:30:00,146.3981,2011-08-29 03:30:00,6.5000
01139000,44.150278,-72.065556,2014-04-15 02:45:00,2014-04-16 21:00:00,103.0733,2014-04-16 04:30:00,25.7500
01139000,44.150278,-72.065556,2015-07-20 06:45:00,2015-07-20 16:30:00,70.7921,2015-07-20 09:30:00,2.7500
01139000,44.150278,-72.065556,2015-09-30 22:15:00,2015-10-01 01:30:00,45.5901,2015-09-30 23:30:00,1.2500
01139000,44.150278,-72.065556,2016-02-25 12:15:00,2016-02-25 19:45:00,62.8634,2016-02-25 13:15:00,1.0000
01139800,44.092778,-72.336111,2009-08-21 19:15:00,2009-08-21 19:30:00,19.6519,2009-08-21 19:30:00,0.2500
01139800,44.092778,-72.336111,2011-08-28 18:30:00,2011-08-28 20:30:00,20.3598,2011-08-28 20:15:00,1.7500
01152500,43.387500,-72.362500,1993-03-30 09:30:00,1993-04-01 04:30:00,199.6338,1993-03-30 18:00:00,8.5000
01152500,43.387500,-72.362500,1993-04-11 17:00:00,1993-04-12 08:00:00,94.5783,1993-04-12 00:00:00,7.0000
01152500,43.387500,-72.362500,1993-04-17 20:00:00,1993-04-18 05:00:00,95.7109,1993-04-17 23:00:00,3.0000
01152500,43.387500,-72.362500,1994-04-07 15:00:00,1994-04-08 05:00:00,95.1446,1994-04-07 22:00:00,7.0000
01152500,43.387500,-72.362500,1994-04-14 00:00:00,1994-04-15 09:30:00,113.2674,1994-04-14 10:00:00,10.0000
01152500,43.387500,-72.362500,1994-04-16 21:00:00,1994-04-17 14:30:00,97.1268,1994-04-17 04:30:00,7.5000
01152500,43.387500,-72.362500,1995-10-28 21:15:00,1995-10-29 06:45:00,101.9406,1995-10-29 00:15:00,3.0000
01152500,43.387500,-72.362500,1996-04-16 19:45:00,1996-04-18 06:30:00,160.2734,1996-04-17 07:45:00,12.0000
01152500,43.387500,-72.362500,1996-04-24 01:00:00,1996-04-25 08:00:00,142.4337,1996-04-24 11:15:00,10.2500
01152500,43.387500,-72.362500,1996-05-01 05:45:00,1996-05-01 22:45:00,106.7545,1996-05-01 12:15:00,6.5000
01152500,43.387500,-72.362500,1996-05-12 03:30:00,1996-05-13 14:00:00,143.8496,1996-05-12 16:30:00,13.0000
01152500,43.387500,-72.362500,1996-10-21 10:00:00,1996-10-22 15:15:00,156.3090,1996-10-21 22:45:00,12.7500
01152500,43.387500,-72.362500,1996-12-02 14:15:00,1996-12-03 08:45:00,119.7803,1996-12-02 21:45:00,7.5000
01152500,43.387500,-72.362500,1997-04-19 02:00:00,1997-04-20 22:30:00,162.2555,1997-04-19 19:45:00,17.7500
01152500,43.387500,-72.362500,1998-03-29 04:00:00,1998-04-02 20:00:00,118.9308,1998-04-01 07:45:00,75.7500
01152500,43.387500,-72.362500,1999-03-22 21:30:00,1999-03-23 07:30:00,100.8080,1999-03-23 02:15:00,4.7500
01152500,43.387500,-72.362500,1999-09-17 03:45:00,1999-09-18 09:00:00,169.6179,1999-09-17 13:30:00,9.7500
01152500,43.387500,-72.362500,2000-03-28 19:00:00,2000-03-29 14:15:00,123.1783,2000-03-29 02:15:00,7.2500
01152500,43.387500,-72.362500,2000-04-04 19:30:00,2000-04-05 05:30:00,99.3921,2000-04-04 22:45:00,3.2500
01152500,43.387500,-72.362500,2000-04-09 16:45:00,2000-04-10 11:45:00,120.3466,2000-04-10 01:45:00,9.0000
01152500,43.387500,-72.362500,2000-12-18 05:00:00,2000-12-18 19:30:00,152.0615,2000-12-18 07:15:00,2.2500
01152500,43.387500,-72.362500,2001-04-22 06:45:00,2001-04-26 08:45:00,165.0872,2001-04-23 06:15:00,23.5000
01152500,43.387500,-72.362500,2001-06-12 03:15:00,2001-06-12 08:00:00,92.3129,2001-06-12 03:45:00,0.5000
01152500,43.387500,-72.362500,2003-03-30 01:45:00,2003-03-31 09:15:00,134.2219,2003-03-30 13:00:00,11.2500
01152500,43.387500,-72.362500,2003-10-28 06:00:00,2003-10-28 13:45:00,92.8793,2003-10-28 10:15:00,4.2500
01152500,43.387500,-72.362500,2003-10-29 16:30:00,2003-10-30 15:15:00,117.2317,2003-10-29 22:45:00,6.2500
01152500,43.387500,-72.362500,2004-04-02 05:45:00,2004-04-03 02:45:00,129.6912,2004-04-02 16:00:00,10.2500
01152500,43.387500,-72.362500,2005-04-03 08:45:00,2005-04-05 12:30:00,186.6080,2005-04-03 22:30:00,13.7500
01152500,43.387500,-72.362500,2005-10-09 02:00:00,2005-10-10 17:45:00,275.8061,2005-10-09 14:15:00,12.2500
01152500,43.387500,-72.362500,2005-10-15 09:30:00,2005-10-17 05:00:00,153.4773,2005-10-15 23:30:00,14.0000
01152500,43.387500,-72.362500,2005-10-25 17:00:00,2005-10-27 13:15:00,147.2476,2005-10-26 04:45:00,11.7500
01152500,43.387500,-72.362500,2005-11-30 14:45:00,2005-12-01 06:15:00,107.0377,2005-11-30 20:30:00,5.7500
01152500,43.387500,-72.362500,2006-01-14 22:00:00,2006-01-15 12:30:00,108.4535,2006-01-15 05:00:00,7.0000
01152500,43.387500,-72.362500,2006-01-18 21:15:00,2006-01-19 20:30:00,147.5308,2006-01-19 05:15:00,8.0000
01152500,43.387500,-72.362500,2006-02-05 19:15:00,2006-02-06 01:00:00,92.5961,2006-02-05 21:30:00,2.2500
01152500,43.387500,-72.362500,2006-05-14 06:45:00,2006-05-18 07:00:00,186.3249,2006-05-15 10:45:00,28.0000
01152500,43.387500,-72.362500,2006-05-19 20:15:00,2006-05-21 00:30:00,118.3644,2006-05-20 05:30:00,9.2500
01152500,43.387500,-72.362500,2006-06-10 11:15:00,2006-06-12 03:30:00,159.7070,2006-06-10 23:45:00,12.5000
01152500,43.387500,-72.362500,2006-07-13 09:45:00,2006-07-14 03:30:00,131.9565,2006-07-13 13:00:00,3.2500
01152500,43.387500,-72.362500,2006-07-23 01:45:00,2006-07-23 21:30:00,163.3882,2006-07-23 07:45:00,6.0000
01152500,43.387500,-72.362500,2007-04-16 18:30:00,2007-04-19 03:45:00,239.5605,2007-04-17 04:30:00,10.0000
01152500,43.387500,-72.362500,2007-04-20 04:00:00,2007-04-21 03:45:00,122.0456,2007-04-20 06:00:00,2.0000
01152500,43.387500,-72.362500,2008-03-09 03:30:00,2008-03-09 17:30:00,106.7545,2008-03-09 08:15:00,4.7500
01152500,43.387500,-72.362500,2008-04-02 13:00:00,2008-04-02 16:15:00,90.8971,2008-04-02 13:45:00,0.7500
01152500,43.387500,-72.362500,2008-04-13 04:30:00,2008-04-13 19:45:00,99.6753,2008-04-13 12:15:00,7.7500
01152500,43.387500,-72.362500,2008-12-12 17:30:00,2008-12-13 11:45:00,126.2931,2008-12-13 00:00:00,6.5000
01152500,43.387500,-72.362500,2009-10-25 05:00:00,2009-10-25 19:30:00,114.4001,2009-10-25 11:15:00,6.2500
01152500,43.387500,-72.362500,2010-02-26 15:15:00,2010-02-26 18:00:00,97.9763,2010-02-26 16:00:00,0.7500
01152500,43.387500,-72.362500,2010-03-16 00:30:00,2010-03-16 05:45:00,91.7466,2010-03-16 02:15:00,1.7500
01152500,43.387500,-72.362500,2010-03-23 16:30:00,2010-03-24 23:30:00,129.9743,2010-03-24 05:00:00,12.5000
01152500,43.387500,-72.362500,2010-03-31 03:00:00,2010-04-01 00:45:00,120.6298,2010-03-31 12:15:00,9.2500
01152500,43.387500,-72.362500,2010-10-15 21:45:00,2010-10-16 10:30:00,111.2852,2010-10-16 01:45:00,4.0000
01152500,43.387500,-72.362500,2011-03-19 01:00:00,2011-03-19 08:00:00,92.5961,2011-03-19 03:45:00,2.7500
01152500,43.387500,-72.362500,2011-04-12 04:30:00,2011-04-13 04:15:00,103.9228,2011-04-12 12:30:00,8.0000
01152500,43.387500,-72.362500,2011-08-28 19:45:00,2011-08-29 22:30:00,183.2100,2011-08-29 04:15:00,8.5000
01152500,43.387500,-72.362500,2014-04-16 06:15:00,2014-04-16 16:45:00,94.5783,2014-04-16 11:15:00,5.0000
01152500,43.387500,-72.362500,2014-10-23 21:00:00,2014-10-24 06:45:00,100.8080,2014-10-24 01:30:00,4.5000
01152500,43.387500,-72.362500,2016-02-25 08:00:00,2016-02-26 12:00:00,120.3466,2016-02-25 10:45:00,2.7500
01162500,42.682500,-72.115556,1996-01-28 13:45:00,1996-01-29 06:45:00,13.1673,1996-01-28 19:00:00,5.2500
01162500,42.682500,-72.115556,1996-04-17 00:45:00,1996-04-18 09:00:00,16.2256,1996-04-17 14:00:00,13.2500
01162500,42.682500,-72.115556,2004-04-02 14:00:00,2004-04-02 20:30:00,11.6099,2004-04-02 15:00:00,1.0000
01162500,42.682500,-72.115556,2005-04-03 11:45:00,2005-04-04 14:00:00,14.3566,2005-04-03 16:45:00,5.0000
01162500,42.682500,-72.115556,2005-10-09 13:45:00,2005-10-10 11:00:00,13.8753,2005-10-09 18:45:00,5.0000
01162500,42.682500,-72.115556,2005-10-15 17:00:00,2005-10-17 05:15:00,16.5087,2005-10-16 07:30:00,14.5000
01162500,42.682500,-72.115556,2007-04-17 02:15:00,2007-04-18 04:30:00,12.3461,2007-04-17 06:30:00,4.2500
01162500,42.682500,-72.115556,2010-03-15 19:15:00,2010-03-16 16:45:00,12.7992,2010-03-16 03:00:00,7.7500
01162500,42.682500,-72.115556,2011-03-07 17:30:00,2011-03-09 21:45:00,20.9261,2011-03-08 18:15:00,24.7500
01173500,42.236111,-72.273056,1993-03-29 14:30:00,1993-04-01 06:00:00,95.4278,1993-03-30 04:30:00,14.0000
01173500,42.236111,-72.273056,1996-01-20 06:15:00,1996-01-21 08:30:00,78.1545,1996-01-20 15:00:00,8.7500
01173500,42.236111,-72.273056,1996-01-25 00:00:00,1996-01-26 07:15:00,77.5882,1996-01-25 12:15:00,12.2500
01173500,42.236111,-72.273056,1996-01-27 22:30:00,1996-01-29 14:00:00,96.8436,1996-01-28 14:00:00,15.5000
01173500,42.236111,-72.273056,1996-04-16 18:45:00,1996-04-18 19:00:00,128.8417,1996-04-17 11:00:00,16.2500
01173500,42.236111,-72.273056,1996-12-02 22:15:00,1996-12-03 14:00:00,66.5446,1996-12-03 05:00:00,6.7500
01173500,42.236111,-72.273056,1996-12-18 02:00:00,1996-12-21 01:15:00,75.6060,1996-12-18 14:30:00,12.5000
01173500,42.236111,-72.273056,1996-12-25 15:15:00,1996-12-26 08:00:00,61.4476,1996-12-26 00:15:00,9.0000
01173500,42.236111,-72.273056,1998-03-09 22:30:00,1998-03-11 13:30:00,109.3030,1998-03-10 15:45:00,17.2500
01173500,42.236111,-72.273056,1999-01-25 00:30:00,1999-01-25 18:45:00,69.6594,1999-01-25 06:30:00,6.0000
01173500,42.236111,-72.273056,1999-03-04 22:15:00,1999-03-05 06:30:00,59.7485,1999-03-05 03:30:00,5.2500
01173500,42.236111,-72.273056,2000-04-22 10:15:00,2000-04-23 09:00:00,78.4377,2000-04-22 20:30:00,10.2500
01173500,42.236111,-72.273056,2001-04-08 17:00:00,2001-04-11 21:15:00,75.0396,2001-04-10 17:30:00,48.5000
01173500,42.236111,-72.273056,2001-06-18 05:15:00,2001-06-18 13:00:00,60.8812,2001-06-18 11:15:00,6.0000
01173500,42.236111,-72.273056,2003-06-23 11:00:00,2003-06-23 21:45:00,61.4476,2003-06-23 16:15:00,5.2500
01173500,42.236111,-72.273056,2003-12-18 06:15:00,2003-12-19 02:15:00,76.1723,2003-12-18 15:44:00,9.4833
01173500,42.236111,-72.273056,2005-01-15 01:00:00,2005-01-15 12:15:00,62.8634,2005-01-15 06:00:00,5.0000
01173500,42.236111,-72.273056,2005-03-29 10:30:00,2005-03-30 20:30:00,83.5347,2005-03-30 04:30:00,18.0000
01173500,42.236111,-72.273056,2005-04-03 04:00:00,2005-04-05 08:30:00,114.4001,2005-04-04 00:00:00,20.0000
01173500,42.236111,-72.273056,2005-04-24 15:15:00,2005-04-25 07:30:00,65.1287,2005-04-24 20:45:00,5.5000
01173500,42.236111,-72.273056,2005-10-09 09:30:00,2005-10-10 07:00:00,75.6060,2005-10-09 19:30:00,10.0000
01173500,42.236111,-72.273056,2005-10-15 07:30:00,2005-10-16 17:30:00,150.3625,2005-10-15 22:15:00,14.7500
01173500,42.236111,-72.273056,2005-10-25 22:00:00,2005-10-26 22:15:00,73.6238,2005-10-26 09:00:00,11.0000
01173500,42.236111,-72.273056,2006-01-19 02:45:00,2006-01-19 15:30:00,62.2971,2006-01-19 07:30:00,4.7500
01173500,42.236111,-72.273056,2007-04-16 10:45:00,2007-04-18 05:30:00,94.0119,2007-04-17 01:15:00,14.5000
01173500,42.236111,-72.273056,2008-02-07 08:00:00,2008-02-08 02:00:00,63.4297,2008-02-07 17:15:00,9.2500
01173500,42.236111,-72.273056,2008-02-14 05:15:00,2008-02-15 08:15:00,71.0753,2008-02-14 20:45:00,15.5000
01173500,42.236111,-72.273056,2008-02-18 18:00:00,2008-02-20 01:45:00,82.6852,2008-02-19 06:15:00,12.2500
01173500,42.236111,-72.273056,2008-03-09 05:00:00,2008-03-10 04:30:00,71.0753,2008-03-09 16:00:00,11.0000
01173500,42.236111,-72.273056,2008-07-24 23:30:00,2008-07-25 16:00:00,63.9961,2008-07-25 08:45:00,9.2500
01173500,42.236111,-72.273056,2008-09-07 07:00:00,2008-09-07 23:00:00,65.6951,2008-09-07 17:00:00,10.0000
01173500,42.236111,-72.273056,2008-12-12 12:45:00,2008-12-14 01:15:00,101.6575,2008-12-13 03:45:00,15.0000
01173500,42.236111,-72.273056,2009-07-24 17:30:00,2009-07-25 11:45:00,73.6238,2009-07-25 01:45:00,8.2500
01173500,42.236111,-72.273056,2010-03-14 23:30:00,2010-03-16 16:45:00,63.9961,2010-03-15 05:00:00,5.5000
01173500,42.236111,-72.273056,2010-03-30 18:00:00,2010-04-01 05:30:00,84.9505,2010-03-31 11:30:00,17.5000
01173500,42.236111,-72.273056,2011-03-07 07:15:00,2011-03-09 04:45:00,156.5922,2011-03-07 23:30:00,16.2500
01173500,42.236111,-72.273056,2011-03-11 23:45:00,2011-03-12 15:00:00,62.0139,2011-03-12 08:00:00,8.2500
01173500,42.236111,-72.273056,2011-08-28 15:30:00,2011-08-29 14:45:00,97.4100,2011-08-29 04:00:00,12.5000
01173500,42.236111,-72.273056,2011-09-08 13:00:00,2011-09-09 20:45:00,107.8872,2011-09-09 03:00:00,14.0000
01173500,42.236111,-72.273056,2011-12-08 13:00:00,2011-12-09 09:15:00,69.3763,2011-12-09 00:00:00,11.0000
01173500,42.236111,-72.273056,2013-06-14 12:15:00,2013-06-15 09:15:00,66.5446,2013-06-14 22:30:00,10.2500
01173500,42.236111,-72.273056,2014-03-30 19:45:00,2014-04-01 10:30:00,94.5783,2014-03-31 22:30:00,26.7500
01176000,42.182222,-72.264167,1991-08-19 22:00:00,1991-08-20 00:00:00,20.8412,1991-08-19 22:30:00,0.5000
01176000,42.182222,-72.264167,1993-03-28 00:00:00,1993-04-21 05:30:00,51.2535,1993-04-01 21:30:00,117.5000
01176000,42.182222,-72.264167,1993-12-05 18:30:00,1993-12-06 00:30:00,21.0677,1993-12-05 20:30:00,2.0000
01176000,42.182222,-72.264167,1994-03-15 20:30:00,1994-03-18 23:30:00,21.1810,1994-03-16 02:00:00,5.5000
01176000,42.182222,-72.264167,1994-03-22 14:00:00,1994-04-17 11:30:00,31.4317,1994-03-29 22:00:00,176.0000
01176000,42.182222,-72.264167,1995-03-09 09:00:00,1995-03-09 15:00:00,20.7279,1995-03-09 10:45:00,1.7500
01176000,42.182222,-72.264167,1995-08-04 21:15:00,1995-08-05 00:30:00,32.2812,1995-08-04 22:30:00,1.2500
01176000,42.182222,-72.264167,1995-11-12 10:30:00,1995-11-12 17:15:00,21.6624,1995-11-12 12:15:00,1.7500
01176000,42.182222,-72.264167,1995-11-15 04:00:00,1995-11-17 22:45:00,23.4180,1995-11-15 10:45:00,6.7500
01176000,42.182222,-72.264167,1996-01-19 18:45:00,1996-02-01 04:45:00,57.4832,1996-01-28 03:00:00,200.2500
01176000,42.182222,-72.264167,1996-02-22 19:15:00,1996-03-01 23:30:00,25.7966,1996-02-24 20:15:00,49.0000
01176000,42.182222,-72.264167,1996-04-16 10:00:00,1996-04-28 13:15:00,50.4040,1996-04-16 22:15:00,12.2500
01176000,42.182222,-72.264167,1996-04-29 22:00:00,1996-05-07 03:15:00,23.0216,1996-05-01 06:15:00,32.2500
01176000,42.182222,-72.264167,1996-05-12 05:00:00,1996-05-12 21:15:00,20.5863,1996-05-12 07:30:00,2.5000
01176000,42.182222,-72.264167,1996-07-13 21:00:00,1996-07-14 04:00:00,23.5596,1996-07-13 23:00:00,2.0000
01176000,42.182222,-72.264167,1996-10-23 02:15:00,1996-10-25 01:15:00,20.3032,1996-10-24 02:30:00,24.2500
01176000,42.182222,-72.264167,1996-11-09 13:30:00,1996-11-10 01:30:00,22.8800,1996-11-09 18:45:00,5.2500
01176000,42.182222,-72.264167,1997-03-31 16:15:00,1997-04-26 09:45:00,28.8832,1997-04-07 03:15:00,154.0000
01176000,42.182222,-72.264167,1998-03-09 12:30:00,1998-03-28 17:30:00,45.5901,1998-03-10 03:00:00,14.5000
01176000,42.182222,-72.264167,1999-03-04 07:00:00,1999-03-09 16:45:00,27.4390,1999-03-04 13:15:00,6.2500
01176000,42.182222,-72.264167,1999-03-22 12:00:00,1999-03-26 01:15:00,25.0604,1999-03-22 17:00:00,5.0000
01176000,42.182222,-72.264167,2000-03-12 18:00:00,2000-03-13 03:15:00,19.6519,2000-03-12 18:30:00,0.5000
01176000,42.182222,-72.264167,2000-03-17 07:30:00,2000-03-22 04:30:00,22.5402,2000-03-17 11:15:00,3.7500
01176000,42.182222,-72.264167,2000-04-22 01:45:00,2000-04-27 03:45:00,37.3782,2000-04-22 07:30:00,5.7500
01176000,42.182222,-72.264167,2001-06-17 16:15:00,2001-06-18 03:45:00,27.8921,2001-06-17 17:00:00,0.7500
01176000,42.182222,-72.264167,2002-12-20 21:00:00,2002-12-23 08:15:00,24.2675,2002-12-20 22:30:00,1.5000
01176000,42.182222,-72.264167,2003-03-21 04:45:00,2003-04-16 10:15:00,35.9624,2003-03-24 23:15:00,90.5000
01176000,42.182222,-72.264167,2003-06-22 22:45:00,2003-06-25 13:30:00,24.2675,2003-06-23 02:45:00,4.0000
01176000,42.182222,-72.264167,2003-12-17 20:45:00,2003-12-20 04:45:00,38.7941,2003-12-18 03:45:00,7.0000
01176000,42.182222,-72.264167,2003-12-23 05:00:00,2004-01-01 23:15:00,30.8654,2003-12-25 01:45:00,44.7500
01176000,42.182222,-72.264167,2004-01-05 09:45:00,2004-01-05 22:30:00,19.6519,2004-01-05 10:45:00,1.0000
01176000,42.182222,-72.264167,2004-04-01 20:45:00,2004-04-06 11:15:00,23.1915,2004-04-02 04:00:00,7.2500
01176000,42.182222,-72.264167,2004-04-14 02:00:00,2004-04-21 16:30:00,27.5806,2004-04-16 19:45:00,65.7500
01176000,42.182222,-72.264167,2004-04-27 01:15:00,2004-04-29 15:30:00,20.5863,2004-04-27 07:30:00,6.2500
01176000,42.182222,-72.264167,2004-12-24 03:15:00,2004-12-24 04:30:00,19.7935,2004-12-24 03:30:00,0.2500
01176000,42.182222,-72.264167,2005-01-14 09:00:00,2005-01-24 02:45:00,32.8475,2005-01-14 20:00:00,11.0000
01176000,42.182222,-72.264167,2005-03-28 23:30:00,2005-04-14 21:30:00,49.2713,2005-04-03 08:45:00,128.2500
01176000,42.182222,-72.264167,2005-04-24 07:00:00,2005-05-02 05:30:00,22.6818,2005-04-24 18:45:00,11.7500
01176000,42.182222,-72.264167,2005-10-14 22:00:00,2005-11-04 12:00:00,99.1090,2005-10-15 10:00:00,12.0000
01176000,42.182222,-72.264167,2005-11-22 18:15:00,2005-11-25 08:30:00,22.7951,2005-11-22 20:45:00,2.5000
01176000,42.182222,-72.264167,2005-11-30 11:45:00,2005-12-02 16:30:00,20.0483,2005-11-30 20:45:00,9.0000
01176000,42.182222,-72.264167,2005-12-26 20:45:00,2006-01-04 17:45:00,23.3331,2005-12-30 06:00:00,81.2500
01176000,42.182222,-72.264167,2006-01-12 07:00:00,2006-02-15 05:00:00,38.2277,2006-01-18 22:00:00,159.0000
01176000,42.182222,-72.264167,2006-02-17 17:45:00,2006-02-17 22:30:00,19.9067,2006-02-17 18:45:00,1.0000
01176000,42.182222,-72.264167,2006-06-10 09:15:00,2006-06-11 05:30:00,20.4448,2006-06-10 12:15:00,3.0000
01176000,42.182222,-72.264167,2006-06-29 20:00:00,2006-06-29 22:30:00,22.6818,2006-06-29 20:30:00,0.5000
01176000,42.182222,-72.264167,2006-11-24 02:30:00,2006-11-27 07:30:00,22.4269,2006-11-24 08:15:00,5.7500
01176000,42.182222,-72.264167,2007-03-24 21:00:00,2007-04-09 16:45:00,25.3436,2007-03-27 07:45:00,58.7500
01176000,42.182222,-72.264167,2007-04-12 19:45:00,2007-04-13 15:15:00,21.6341,2007-04-12 22:45:00,3.0000
01176000,42.182222,-72.264167,2007-04-15 15:45:00,2007-04-30 21:30:00,54.0852,2007-04-16 14:30:00,22.7500
01176000,42.182222,-72.264167,2007-05-17 02:15:00,2007-05-23 20:30:00,26.7311,2007-05-17 06:00:00,3.7500
01176000,42.182222,-72.264167,2008-03-05 00:45:00,2008-03-25 01:00:00,46.7228,2008-03-09 01:45:00,97.0000
01176000,42.182222,-72.264167,2008-04-04 20:00:00,2008-04-08 02:30:00,20.1899,2008-04-05 12:45:00,16.7500
01176000,42.182222,-72.264167,2008-07-24 20:45:00,2008-07-25 04:45:00,22.6818,2008-07-24 23:00:00,2.2500
01176000,42.182222,-72.264167,2008-07-27 23:15:00,2008-07-28 10:00:00,20.1899,2008-07-28 00:00:00,0.7500
01176000,42.182222,-72.264167,2008-09-07 03:30:00,2008-09-08 09:45:00,37.3782,2008-09-07 08:45:00,5.2500
01176000,42.182222,-72.264167,2008-09-09 16:45:00,2008-09-11 00:30:00,21.8889,2008-09-09 18:00:00,1.2500
01176000,42.182222,-72.264167,2008-12-12 06:45:00,2009-01-06 16:30:00,41.3426,2008-12-12 15:00:00,8.2500
01176000,42.182222,-72.264167,2009-01-07 19:00:00,2009-01-09 13:15:00,21.1244,2009-01-08 02:45:00,7.7500
01176000,42.182222,-72.264167,2009-03-09 13:30:00,2009-03-10 00:00:00,19.7935,2009-03-09 18:45:00,5.2500
01176000,42.182222,-72.264167,2009-03-11 10:15:00,2009-03-12 10:00:00,20.3032,2009-03-11 22:45:00,12.5000
01176000,42.182222,-72.264167,2009-07-24 10:45:00,2009-07-24 14:00:00,22.1438,2009-07-24 11:45:00,1.0000
01176000,42.182222,-72.264167,2009-07-31 22:15:00,2009-08-01 00:45:00,19.7935,2009-07-31 22:30:00,0.2500
01176000,42.182222,-72.264167,2009-08-05 19:00:00,2009-08-06 01:30:00,27.2974,2009-08-05 20:30:00,1.5000
01176000,42.182222,-72.264167,2010-01-25 21:30:00,2010-01-27 10:45:00,23.4463,2010-01-25 22:45:00,1.2500
01176000,42.182222,-72.264167,2010-02-26 02:15:00,2010-03-06 10:15:00,27.0143,2010-02-26 06:30:00,4.2500
01176000,42.182222,-72.264167,2011-03-06 17:45:00,2011-03-27 19:00:00,60.0317,2011-03-11 18:15:00,120.5000
01176000,42.182222,-72.264167,2011-04-17 07:30:00,2011-04-26 04:00:00,26.8727,2011-04-17 11:00:00,3.5000
01176000,42.182222,-72.264167,2011-09-07 09:45:00,2011-09-17 17:45:00,52.1030,2011-09-08 17:00:00,31.2500
01176000,42.182222,-72.264167,2011-11-10 22:45:00,2011-11-14 04:00:00,22.7951,2011-11-11 02:00:00,3.2500
01176000,42.182222,-72.264167,2011-11-17 03:45:00,2011-11-17 09:45:00,19.6519,2011-11-17 06:00:00,2.2500
01176000,42.182222,-72.264167,2011-11-23 11:00:00,2011-11-28 11:30:00,25.6267,2011-11-23 15:15:00,4.2500
01176000,42.182222,-72.264167,2011-11-30 03:45:00,2011-12-04 18:45:00,28.6000,2011-11-30 08:00:00,4.2500
01176000,42.182222,-72.264167,2011-12-07 18:15:00,2011-12-17 22:45:00,39.3604,2011-12-08 10:00:00,15.7500
01176000,42.182222,-72.264167,2011-12-23 11:00:00,2011-12-24 15:45:00,20.9828,2011-12-23 13:00:00,2.0000
01176000,42.182222,-72.264167,2011-12-28 04:45:00,2011-12-28 17:00:00,20.1899,2011-12-28 08:15:00,3.5000
01176000,42.182222,-72.264167,2013-03-13 00:15:00,2013-03-20 03:30:00,24.3242,2013-03-15 15:45:00,63.5000
01176000,42.182222,-72.264167,2013-05-25 15:45:00,2013-05-27 17:30:00,32.2812,2013-05-25 17:15:00,1.5000
01176000,42.182222,-72.264167,2013-06-08 04:45:00,2013-06-23 14:45:00,53.8020,2013-06-14 13:00:00,152.2500
01176000,42.182222,-72.264167,2014-03-30 08:15:00,2014-04-12 22:15:00,44.4574,2014-03-31 12:00:00,27.7500
01176000,42.182222,-72.264167,2014-04-15 22:45:00,2014-04-19 11:15:00,22.4553,2014-04-16 06:15:00,7.5000
01176000,42.182222,-72.264167,2014-05-01 08:45:00,2014-05-06 01:15:00,23.0216,2014-05-02 05:00:00,20.2500
01176000,42.182222,-72.264167,2014-12-10 02:45:00,2014-12-12 17:15:00,21.2093,2014-12-11 04:00:00,25.2500
01176000,42.182222,-72.264167,2015-01-18 22:15:00,2015-01-19 11:15:00,24.9188,2015-01-19 03:15:00,5.0000
01176000,42.182222,-72.264167,2015-04-04 03:00:00,2015-04-17 17:15:00,28.8832,2015-04-10 23:15:00,164.2500
01176000,42.182222,-72.264167,2016-02-25 08:45:00,2016-02-26 07:30:00,22.0305,2016-02-25 10:00:00,1.2500
01186500,41.967222,-73.034444,1990-10-24 04:30:00,1990-10-25 06:30:00,98.5426,1990-10-24 10:30:00,6.0000
01186500,41.967222,-73.034444,1991-05-06 22:30:00,1991-05-07 06:00:00,37.3782,1991-05-07 02:00:00,3.5000
01186500,41.967222,-73.034444,1991-05-31 00:30:00,1991-05-31 11:30:00,80.4198,1991-05-31 02:30:00,2.0000
01186500,41.967222,-73.034444,1992-03-27 07:00:00,1992-03-28 02:00:00,56.0674,1992-03-27 12:00:00,5.0000
01186500,41.967222,-73.034444,1992-06-06 06:00:00,1992-06-07 02:30:00,65.4119,1992-06-06 11:00:00,5.0000
01186500,41.967222,-73.034444,1993-01-05 13:30:00,1993-01-06 03:00:00,42.4753,1993-01-05 20:00:00,6.5000
01186500,41.967222,-73.034444,1993-03-29 13:00:00,1993-04-02 06:00:00,51.5367,1993-03-30 07:30:00,18.5000
01186500,41.967222,-73.034444,1993-04-10 22:00:00,1993-04-12 16:30:00,50.4040,1993-04-11 18:00:00,20.0000
01186500,41.967222,-73.034444,1993-04-17 08:30:00,1993-04-17 19:30:00,41.9089,1993-04-17 10:30:00,2.0000
01186500,41.967222,-73.034444,1994-04-14 01:00:00,1994-04-14 11:30:00,41.0594,1994-04-14 04:30:00,3.5000
01186500,41.967222,-73.034444,1995-10-21 23:00:00,1995-10-22 10:30:00,53.5188,1995-10-22 02:30:00,3.5000
01186500,41.967222,-73.034444,1995-10-28 16:30:00,1995-10-29 02:30:00,45.0238,1995-10-28 19:30:00,3.0000
01186500,41.967222,-73.034444,1995-11-12 09:30:00,1995-11-13 12:00:00,100.8080,1995-11-12 13:00:00,3.5000
01186500,41.967222,-73.034444,1995-11-15 07:00:00,1995-11-15 22:00:00,37.9446,1995-11-15 09:00:00,2.0000
01186500,41.967222,-73.034444,1996-01-19 21:00:00,1996-01-21 04:30:00,84.3842,1996-01-20 03:00:00,6.0000
01186500,41.967222,-73.034444,1996-01-25 02:30:00,1996-01-25 13:00:00,40.7763,1996-01-25 06:00:00,3.5000
01186500,41.967222,-73.034444,1996-01-27 20:30:00,1996-01-29 06:00:00,124.0278,1996-01-28 02:00:00,5.5000
01186500,41.967222,-73.034444,1996-04-16 16:30:00,1996-04-17 20:00:00,63.9961,1996-04-17 02:00:00,9.5000
01186500,41.967222,-73.034444,1996-07-13 22:00:00,1996-07-14 00:30:00,36.5287,1996-07-13 23:00:00,1.0000
01186500,41.967222,-73.034444,1996-09-18 17:30:00,1996-09-18 22:00:00,36.8119,1996-09-18 19:00:00,1.5000
01186500,41.967222,-73.034444,1996-10-20 07:30:00,1996-10-21 20:30:00,68.8099,1996-10-20 17:00:00,9.5000
01186500,41.967222,-73.034444,1996-11-09 10:00:00,1996-11-10 07:00:00,63.7129,1996-11-09 16:30:00,6.5000
01186500,41.967222,-73.034444,1996-12-02 11:00:00,1996-12-03 07:30:00,65.1287,1996-12-02 15:00:00,4.0000
01186500,41.967222,-73.034444,1998-03-09 15:15:00,1998-03-10 20:30:00,49.5545,1998-03-09 21:45:00,6.5000
01186500,41.967222,-73.034444,1998-06-16 11:01:06,1998-06-16 22:46:06,44.1743,1998-06-16 15:46:06,4.7500
01186500,41.967222,-73.034444,1999-01-15 21:30:00,1999-01-19 04:30:00,53.8020,1999-01-19 02:30:00,77.0000
01186500,41.967222,-73.034444,1999-01-25 01:15:00,1999-01-25 07:00:00,35.9624,1999-01-25 03:45:00,2.5000
01186500,41.967222,-73.034444,1999-03-04 09:45:00,1999-03-05 01:30:00,49.2713,1999-03-04 14:30:00,4.7500
01186500,41.967222,-73.034444,1999-03-22 11:30:00,1999-03-23 17:45:00,102.2238,1999-03-22 17:45:00,6.2500
01186500,41.967222,-73.034444,1999-05-20 02:30:00,1999-05-20 16:30:00,54.6515,1999-05-20 06:15:00,3.7500
01186500,41.967222,-73.034444,1999-05-24 22:15:00,1999-05-25 00:30:00,35.3961,1999-05-24 22:45:00,0.5000
01186500,41.967222,-73.034444,1999-09-16 21:30:00,1999-09-18 08:15:00,109.0199,1999-09-17 05:00:00,7.5000
01186500,41.967222,-73.034444,2000-06-07 03:00:00,2000-06-08 08:15:00,83.8179,2000-06-07 10:30:00,7.5000
01186500,41.967222,-73.034444,2000-07-27 17:15:00,2000-07-27 22:45:00,39.3604,2000-07-27 19:45:00,2.5000
01186500,41.967222,-73.034444,2001-03-22 19:45:00,2001-03-23 00:45:00,35.1129,2001-03-22 21:30:00,1.7500
01186500,41.967222,-73.034444,2001-03-30 20:45:00,2001-03-31 08:15:00,42.4753,2001-03-31 01:00:00,4.2500
01186500,41.967222,-73.034444,2001-04-10 00:15:00,2001-04-11 11:45:00,43.0416,2001-04-10 08:30:00,8.2500
01186500,41.967222,-73.034444,2002-06-07 12:45:00,2002-06-07 20:00:00,37.3782,2002-06-07 15:15:00,2.5000
01186500,41.967222,-73.034444,2003-03-21 14:45:00,2003-03-23 20:45:00,50.9703,2003-03-22 23:30:00,32.7500
01186500,41.967222,-73.034444,2003-09-28 17:30:00,2003-09-29 17:30:00,69.6594,2003-09-28 21:00:00,3.5000
01186500,41.967222,-73.034444,2005-01-14 13:45:00,2005-01-15 07:15:00,48.4218,2005-01-14 17:00:00,3.2500
01186500,41.967222,-73.034444,2005-03-29 05:45:00,2005-03-30 08:45:00,47.5723,2005-03-29 08:15:00,2.5000
01186500,41.967222,-73.034444,2005-04-02 15:15:00,2005-04-04 20:00:00,105.0555,2005-04-03 08:45:00,16.5000
01186500,41.967222,-73.034444,2005-10-09 01:30:00,2005-10-10 04:45:00,95.4278,2005-10-09 09:00:00,7.5000
01186500,41.967222,-73.034444,2005-10-15 05:00:00,2005-10-16 04:45:00,116.6654,2005-10-15 08:00:00,3.0000
01186500,41.967222,-73.034444,2005-10-25 17:00:00,2005-10-26 05:45:00,36.5287,2005-10-26 01:30:00,8.5000
01186500,41.967222,-73.034444,2005-12-26 20:15:00,2005-12-27 02:00:00,36.2456,2005-12-26 21:00:00,0.7500
01186500,41.967222,-73.034444,2006-01-14 15:00:00,2006-01-15 22:45:00,68.8099,2006-01-14 20:30:00,5.5000
01186500,41.967222,-73.034444,2006-01-18 16:15:00,2006-01-20 03:45:00,99.3921,2006-01-18 23:15:00,7.0000
01186500,41.967222,-73.034444,2006-04-23 19:00:00,2006-04-24 13:30:00,60.3149,2006-04-23 22:00:00,3.0000
01186500,41.967222,-73.034444,2006-05-12 16:15:00,2006-05-14 13:15:00,101.6575,2006-05-13 06:15:00,14.0000
01186500,41.967222,-73.034444,2007-04-16 03:00:00,2007-04-19 13:30:00,230.2160,2007-04-16 14:00:00,11.0000
01186500,41.967222,-73.034444,2008-09-07 02:00:00,2008-09-07 17:45:00,78.1545,2008-09-07 04:45:00,2.7500
01186500,41.967222,-73.034444,2008-12-12 06:15:00,2008-12-13 13:15:00,91.7466,2008-12-12 16:00:00,9.7500
01186500,41.967222,-73.034444,2009-06-18 21:45:00,2009-06-19 13:30:00,47.2891,2009-06-19 02:15:00,4.5000
01186500,41.967222,-73.034444,2009-06-21 09:15:00,2009-06-21 14:15:00,35.9624,2009-06-21 10:30:00,1.2500
01186500,41.967222,-73.034444,2010-01-25 19:15:00,2010-01-26 20:30:00,65.1287,2010-01-26 01:00:00,5.7500
01186500,41.967222,-73.034444,2010-03-14 04:30:00,2010-03-16 09:15:00,92.0298,2010-03-14 09:15:00,4.7500
01186500,41.967222,-73.034444,2010-03-23 10:00:00,2010-03-23 19:15:00,36.8119,2010-03-23 12:00:00,2.0000
01186500,41.967222,-73.034444,2010-03-29 13:30:00,2010-04-01 02:45:00,80.9862,2010-03-30 20:00:00,30.5000
01186500,41.967222,-73.034444,2010-10-01 13:00:00,2010-10-02 06:45:00,55.5010,2010-10-01 18:45:00,5.7500
01186500,41.967222,-73.034444,2010-12-01 22:45:00,2010-12-02 17:15:00,47.8555,2010-12-02 04:30:00,5.7500
01186500,41.967222,-73.034444,2010-12-13 02:00:00,2010-12-13 23:15:00,49.2713,2010-12-13 05:00:00,3.0000
01186500,41.967222,-73.034444,2011-03-06 22:45:00,2011-03-09 06:45:00,197.6516,2011-03-07 10:00:00,11.2500
01186500,41.967222,-73.034444,2011-03-11 07:00:00,2011-03-13 14:15:00,99.6753,2011-03-11 15:45:00,8.7500
01186500,41.967222,-73.034444,2011-04-17 05:45:00,2011-04-18 02:45:00,63.7129,2011-04-17 09:45:00,4.0000
01186500,41.967222,-73.034444,2011-08-28 08:00:00,2011-08-30 14:00:00,348.2972,2011-08-28 17:00:00,9.0000
01186500,41.967222,-73.034444,2011-09-07 09:45:00,2011-09-09 22:00:00,91.4634,2011-09-08 13:30:00,27.7500
01186500,41.967222,-73.034444,2011-09-29 15:45:00,2011-10-02 09:30:00,89.1981,2011-09-29 19:00:00,3.2500
01186500,41.967222,-73.034444,2011-12-08 05:00:00,2011-12-09 03:00:00,59.4654,2011-12-08 10:00:00,5.0000
01186500,41.967222,-73.034444,2012-12-21 17:45:00,2012-12-21 20:15:00,36.2456,2012-12-21 18:45:00,1.0000
01186500,41.967222,-73.034444,2013-03-12 22:30:00,2013-03-13 13:00:00,43.3248,2013-03-13 02:30:00,4.0000
01186500,41.967222,-73.034444,2013-06-08 06:15:00,2013-06-09 02:30:00,55.2179,2013-06-08 11:30:00,5.2500
01186500,41.967222,-73.034444,2013-06-11 08:15:00,2013-06-12 11:30:00,44.7406,2013-06-12 00:30:00,16.2500
01186500,41.967222,-73.034444,2013-06-13 23:45:00,2013-06-15 16:30:00,80.4198,2013-06-14 07:30:00,7.7500
01186500,41.967222,-73.034444,2013-08-09 17:15:00,2013-08-10 08:30:00,81.5525,2013-08-09 18:00:00,0.7500
01186500,41.967222,-73.034444,2014-03-30 06:15:00,2014-04-01 01:30:00,57.2000,2014-03-30 09:45:00,3.5000
01186500,41.967222,-73.034444,2014-05-01 04:30:00,2014-05-02 06:00:00,55.7842,2014-05-01 09:45:00,5.2500
01186500,41.967222,-73.034444,2014-08-13 17:15:00,2014-08-14 02:45:00,83.5347,2014-08-13 18:45:00,1.5000
01186500,41.967222,-73.034444,2014-12-09 22:45:00,2014-12-10 16:45:00,45.3070,2014-12-10 03:15:00,4.5000
01186500,41.967222,-73.034444,2016-02-25 04:45:00,2016-02-26 12:00:00,95.1446,2016-02-25 10:15:00,5.5000
01188000,41.786111,-72.965278,1990-10-24 06:30:00,1990-10-24 16:30:00,8.8349,1990-10-24 10:30:00,4.0000
01188000,41.786111,-72.965278,1990-11-11 00:00:00,1990-11-11 04:30:00,4.6723,1990-11-11 01:30:00,1.5000
01188000,41.786111,-72.965278,1991-03-04 10:00:00,1991-03-04 12:15:00,3.8228,1991-03-04 11:00:00,1.0000
01188000,41.786111,-72.965278,1991-05-06 22:30:00,1991-05-07 03:00:00,4.4174,1991-05-06 23:45:00,1.2500
01188000,41.786111,-72.965278,1991-05-18 03:00:00,1991-05-18 08:45:00,7.5323,1991-05-18 04:30:00,1.5000
01188000,41.786111,-72.965278,1991-08-19 19:45:00,1991-08-20 00:30:00,5.5784,1991-08-19 21:30:00,1.7500
01188000,41.786111,-72.965278,1991-09-25 14:15:00,1991-09-25 19:45:00,5.1253,1991-09-25 16:45:00,2.5000
01188000,41.786111,-72.965278,1993-01-05 16:00:00,1993-01-05 20:30:00,4.1626,1993-01-05 17:45:00,1.7500
01188000,41.786111,-72.965278,1993-11-28 22:15:00,1993-11-28 23:00:00,3.4830,1993-11-28 22:30:00,0.2500
01188000,41.786111,-72.965278,1993-12-05 15:00:00,1993-12-05 21:00:00,4.0493,1993-12-05 16:15:00,1.2500
01188000,41.786111,-72.965278,1993-12-21 17:45:00,1993-12-22 01:15:00,8.0137,1993-12-21 19:45:00,2.0000
01188000,41.786111,-72.965278,1994-01-29 00:00:00,1994-01-29 11:30:00,5.1537,1994-01-29 04:00:00,4.0000
01188000,41.786111,-72.965278,1994-03-10 21:15:00,1994-03-11 00:00:00,3.5396,1994-03-10 22:00:00,0.7500
01188000,41.786111,-72.965278,1994-07-28 22:30:00,1994-07-29 01:15:00,4.3042,1994-07-28 23:30:00,1.0000
01188000,41.786111,-72.965278,1994-08-18 12:45:00,1994-08-18 15:15:00,3.8228,1994-08-18 13:45:00,1.0000
01188000,41.786111,-72.965278,1995-10-21 23:15:00,1995-10-22 05:00:00,5.2953,1995-10-22 02:00:00,2.7500
01188000,41.786111,-72.965278,1995-10-28 14:15:00,1995-10-28 19:00:00,4.6156,1995-10-28 15:45:00,1.5000
01188000,41.786111,-72.965278,1995-11-12 08:15:00,1995-11-12 17:00:00,10.2224,1995-11-12 11:15:00,3.0000
01188000,41.786111,-72.965278,1995-11-15 06:30:00,1995-11-15 12:15:00,4.5024,1995-11-15 08:30:00,2.0000
01188000,41.786111,-72.965278,1996-01-19 20:00:00,1996-01-20 11:30:00,14.7248,1996-01-20 01:15:00,5.2500
01188000,41.786111,-72.965278,1996-01-24 23:00:00,1996-01-25 06:15:00,4.4457,1996-01-25 01:45:00,2.7500
01188000,41.786111,-72.965278,1996-01-27 20:15:00,1996-01-28 08:15:00,15.9141,1996-01-28 00:30:00,4.2500
01188000,41.786111,-72.965278,1996-04-16 15:30:00,1996-04-17 04:15:00,6.5129,1996-04-16 21:30:00,6.0000
01188000,41.786111,-72.965278,1996-07-13 20:15:00,1996-07-14 04:00:00,6.8527,1996-07-14 00:15:00,4.0000
01188000,41.786111,-72.965278,1996-09-18 18:30:00,1996-09-18 19:30:00,4.4174,1996-09-18 18:45:00,0.2500
01188000,41.786111,-72.965278,1996-10-20 04:45:00,1996-10-21 00:45:00,13.8753,1996-10-20 13:00:00,8.2500
01188000,41.786111,-72.965278,1996-11-09 12:15:00,1996-11-09 18:30:00,4.2758,1996-11-09 15:30:00,3.2500
01188000,41.786111,-72.965278,1996-11-26 16:00:00,1996-11-26 20:15:00,4.8422,1996-11-26 17:30:00,1.5000
01188000,41.786111,-72.965278,1996-12-02 10:45:00,1996-12-02 19:15:00,9.9392,1996-12-02 13:30:00,2.7500
01188000,41.786111,-72.965278,1997-11-02 02:15:00,1997-11-02 06:30:00,5.6634,1997-11-02 03:00:00,0.7500
01188000,41.786111,-72.965278,1998-03-09 13:45:00,1998-03-10 02:15:00,7.9854,1998-03-09 16:30:00,2.7500
01188000,41.786111,-72.965278,1998-05-10 12:00:00,1998-05-12 04:30:00,5.2669,1998-05-11 03:30:00,15.5000
01188000,41.786111,-72.965278,1998-06-30 16:30:00,1998-07-01 08:15:00,6.8810,1998-07-01 05:00:00,12.5000
01188000,41.786111,-72.965278,1998-10-14 18:45:00,1998-10-14 23:15:00,6.0315,1998-10-14 20:30:00,1.7500
01188000,41.786111,-72.965278,1999-01-24 13:00:00,1999-01-25 02:15:00,4.1626,1999-01-24 16:30:00,3.5000
01188000,41.786111,-72.965278,1999-02-03 01:15:00,1999-02-03 06:15:00,4.2758,1999-02-03 03:30:00,2.2500
01188000,41.786111,-72.965278,1999-03-04 11:00:00,1999-03-04 12:30:00,3.5396,1999-03-04 11:30:00,0.5000
01188000,41.786111,-72.965278,1999-03-22 09:45:00,1999-03-22 21:30:00,10.6471,1999-03-22 13:45:00,4.0000
01188000,41.786111,-72.965278,1999-09-16 20:00:00,1999-09-17 12:45:00,35.1129,1999-09-17 02:15:00,6.2500
01188000,41.786111,-72.965278,2000-06-07 03:00:00,2000-06-07 14:45:00,5.2103,2000-06-07 10:00:00,7.0000
01188000,41.786111,-72.965278,2001-03-22 08:15:00,2001-03-23 04:45:00,6.2580,2001-03-22 11:00:00,2.7500
01188000,41.786111,-72.965278,2001-03-30 16:45:00,2001-03-31 06:15:00,7.2774,2001-03-30 20:30:00,3.7500
01188000,41.786111,-72.965278,2001-06-17 13:45:00,2001-06-18 00:15:00,13.1957,2001-06-17 15:45:00,2.0000
01188000,41.786111,-72.965278,2002-06-07 07:30:00,2002-06-07 13:30:00,4.4457,2002-06-07 10:15:00,2.7500
01188000,41.786111,-72.965278,2003-03-21 09:15:00,2003-03-21 17:45:00,5.0404,2003-03-21 10:45:00,1.5000
01188000,41.786111,-72.965278,2003-06-01 15:45:00,2003-06-01 17:30:00,3.5113,2003-06-01 16:45:00,1.0000
01188000,41.786111,-72.965278,2003-09-02 09:00:00,2003-09-02 17:45:00,5.0687,2003-09-02 15:00:00,6.0000
01188000,41.786111,-72.965278,2003-09-23 18:30:00,2003-09-23 22:30:00,5.7483,2003-09-23 20:00:00,1.5000
01188000,41.786111,-72.965278,2003-09-28 20:00:00,2003-09-29 00:00:00,4.3325,2003-09-28 21:30:00,1.5000
01188000,41.786111,-72.965278,2003-10-28 01:30:00,2003-10-28 06:30:00,4.6156,2003-10-28 03:15:00,1.7500
01188000,41.786111,-72.965278,2003-10-29 15:45:00,2003-10-29 22:30:00,7.7022,2003-10-29 18:30:00,2.7500
01188000,41.786111,-72.965278,2003-11-20 09:45:00,2003-11-20 15:00:00,3.8794,2003-11-20 11:45:00,2.0000
01188000,41.786111,-72.965278,2003-12-11 20:15:00,2003-12-12 02:15:00,10.4489,2003-12-11 21:00:00,0.7500
01188000,41.786111,-72.965278,2003-12-17 23:00:00,2003-12-18 06:30:00,5.3519,2003-12-18 02:45:00,3.7500
01188000,41.786111,-72.965278,2004-04-14 00:00:00,2004-04-14 09:45:00,6.9659,2004-04-14 02:45:00,2.7500
01188000,41.786111,-72.965278,2004-08-21 20:45:00,2004-08-21 23:30:00,4.8705,2004-08-21 21:45:00,1.0000
01188000,41.786111,-72.965278,2004-09-18 17:15:00,2004-09-18 21:00:00,5.7483,2004-09-18 18:45:00,1.5000
01188000,41.786111,-72.965278,2004-12-01 19:30:00,2004-12-01 21:30:00,5.5501,2004-12-01 20:00:00,0.5000
01188000,41.786111,-72.965278,2005-01-14 12:00:00,2005-01-14 23:00:00,8.6933,2005-01-14 20:15:00,8.2500
01188000,41.786111,-72.965278,2005-03-29 02:45:00,2005-03-29 14:00:00,6.5129,2005-03-29 08:45:00,6.0000
01188000,41.786111,-72.965278,2005-04-03 05:45:00,2005-04-03 11:30:00,5.7483,2005-04-03 07:30:00,1.7500
01188000,41.786111,-72.965278,2005-07-09 01:00:00,2005-07-09 04:45:00,3.9077,2005-07-09 03:00:00,2.0000
01188000,41.786111,-72.965278,2005-10-09 03:15:00,2005-10-09 12:15:00,11.4117,2005-10-09 07:15:00,4.0000
01188000,41.786111,-72.965278,2005-10-14 23:30:00,2005-10-15 17:45:00,52.3862,2005-10-15 03:30:00,4.0000
01188000,41.786111,-72.965278,2005-10-25 15:30:00,2005-10-25 20:15:00,4.3325,2005-10-25 17:45:00,2.2500
01188000,41.786111,-72.965278,2006-01-14 14:00:00,2006-01-15 07:45:00,5.5501,2006-01-14 17:30:00,3.5000
01188000,41.786111,-72.965278,2006-01-18 18:00:00,2006-01-19 02:15:00,8.2119,2006-01-18 21:00:00,3.0000
01188000,41.786111,-72.965278,2006-04-23 17:00:00,2006-04-24 03:45:00,9.3162,2006-04-23 22:15:00,5.2500
01188000,41.786111,-72.965278,2006-05-12 15:30:00,2006-05-13 14:00:00,18.0661,2006-05-13 01:45:00,10.2500
01188000,41.786111,-72.965278,2006-06-28 16:30:00,2006-06-28 18:30:00,3.8228,2006-06-28 17:15:00,0.7500
01188000,41.786111,-72.965278,2006-10-12 08:30:00,2006-10-12 12:30:00,5.1820,2006-10-12 09:45:00,1.2500
01188000,41.786111,-72.965278,2006-10-28 16:15:00,2006-10-29 00:00:00,6.1731,2006-10-28 18:30:00,2.2500
01188000,41.786111,-72.965278,2006-11-09 03:15:00,2006-11-09 07:30:00,3.9644,2006-11-09 05:30:00,2.2500
01188000,41.786111,-72.965278,2007-04-15 21:45:00,2007-04-16 23:15:00,23.1632,2007-04-16 08:45:00,11.0000
01188000,41.786111,-72.965278,2008-08-08 04:45:00,2008-08-08 07:00:00,4.1343,2008-08-08 05:30:00,0.7500
01188000,41.786111,-72.965278,2008-08-12 07:30:00,2008-08-12 14:15:00,8.5800,2008-08-12 09:45:00,2.2500
01188000,41.786111,-72.965278,2008-09-07 03:00:00,2008-09-07 10:15:00,12.0347,2008-09-07 06:15:00,3.2500
01188000,41.786111,-72.965278,2008-12-12 08:30:00,2008-12-12 20:15:00,9.9675,2008-12-12 11:45:00,3.2500
01188000,41.786111,-72.965278,2009-06-21 07:45:00,2009-06-21 12:15:00,4.6723,2009-06-21 09:15:00,1.5000
01188000,41.786111,-72.965278,2009-07-31 18:00:00,2009-08-01 03:45:00,8.2119,2009-07-31 23:45:00,5.7500
01188000,41.786111,-72.965278,2009-10-25 05:30:00,2009-10-25 08:00:00,3.9927,2009-10-25 06:15:00,0.7500
01188000,41.786111,-72.965278,2009-12-27 13:15:00,2009-12-27 20:30:00,4.4741,2009-12-27 16:15:00,3.0000
01188000,41.786111,-72.965278,2010-01-25 20:00:00,2010-01-26 03:45:00,12.3745,2010-01-25 22:00:00,2.0000
01188000,41.786111,-72.965278,2010-02-26 03:30:00,2010-02-26 14:15:00,7.2774,2010-02-26 08:45:00,5.2500
01188000,41.786111,-72.965278,2010-03-14 06:30:00,2010-03-14 17:00:00,12.5160,2010-03-14 09:15:00,2.7500
01188000,41.786111,-72.965278,2010-03-23 10:00:00,2010-03-23 13:45:00,4.3042,2010-03-23 11:15:00,1.2500
01188000,41.786111,-72.965278,2010-03-30 15:30:00,2010-03-31 03:00:00,8.1553,2010-03-30 19:45:00,4.2500
01188000,41.786111,-72.965278,2010-10-01 15:30:00,2010-10-01 21:45:00,8.5234,2010-10-01 17:30:00,2.0000
01188000,41.786111,-72.965278,2010-12-02 00:15:00,2010-12-02 05:45:00,7.6455,2010-12-02 02:45:00,2.5000
01188000,41.786111,-72.965278,2010-12-13 00:30:00,2010-12-13 10:30:00,5.2669,2010-12-13 06:30:00,6.0000
01188000,41.786111,-72.965278,2011-03-06 22:00:00,2011-03-07 21:45:00,19.9351,2011-03-07 10:30:00,12.5000
01188000,41.786111,-72.965278,2011-03-11 06:45:00,2011-03-11 23:45:00,9.2030,2011-03-11 14:30:00,7.7500
01188000,41.786111,-72.965278,2011-04-17 05:45:00,2011-04-17 14:00:00,8.9764,2011-04-17 07:45:00,2.0000
01188000,41.786111,-72.965278,2011-08-15 07:30:00,2011-08-15 16:15:00,12.0347,2011-08-15 10:00:00,2.5000
01188000,41.786111,-72.965278,2011-08-27 21:15:00,2011-08-29 04:00:00,37.0951,2011-08-28 15:30:00,18.2500
01188000,41.786111,-72.965278,2011-09-08 10:15:00,2011-09-08 22:45:00,30.5822,2011-09-08 12:45:00,2.5000
01188000,41.786111,-72.965278,2011-09-24 01:00:00,2011-09-24 02:30:00,3.6812,2011-09-24 01:30:00,0.5000
01188000,41.786111,-72.965278,2011-11-23 14:45:00,2011-11-23 16:00:00,3.5396,2011-11-23 15:15:00,0.5000
01188000,41.786111,-72.965278,2011-12-08 05:30:00,2011-12-08 15:15:00,8.9764,2011-12-08 08:15:00,2.7500
01188000,41.786111,-72.965278,2012-12-21 17:45:00,2012-12-22 00:00:00,10.4489,2012-12-21 19:00:00,1.2500
01188000,41.786111,-72.965278,2013-01-31 15:00:00,2013-01-31 17:45:00,7.1075,2013-01-31 15:45:00,0.7500
01188000,41.786111,-72.965278,2013-03-12 22:45:00,2013-03-13 07:30:00,9.8543,2013-03-12 23:45:00,1.0000
01188000,41.786111,-72.965278,2013-06-08 04:15:00,2013-06-08 11:15:00,4.5307,2013-06-08 07:45:00,3.5000
01188000,41.786111,-72.965278,2013-06-11 10:00:00,2013-06-11 11:15:00,3.5396,2013-06-11 10:30:00,0.5000
01188000,41.786111,-72.965278,2013-06-14 03:45:00,2013-06-14 17:00:00,12.4594,2013-06-14 07:45:00,4.0000
01188000,41.786111,-72.965278,2013-11-27 14:30:00,2013-11-27 19:15:00,6.8810,2013-11-27 15:45:00,1.2500
01188000,41.786111,-72.965278,2014-03-30 07:45:00,2014-03-30 16:15:00,8.0986,2014-03-30 13:45:00,6.0000
01188000,41.786111,-72.965278,2014-05-01 06:45:00,2014-05-01 16:45:00,11.1568,2014-05-01 12:30:00,5.7500
01188000,41.786111,-72.965278,2014-12-09 23:45:00,2014-12-10 07:15:00,5.6351,2014-12-10 01:30:00,1.7500
01188000,41.786111,-72.965278,2015-01-19 02:00:00,2015-01-19 06:15:00,5.6351,2015-01-19 06:15:00,4.2500
01188000,41.786111,-72.965278,2016-02-25 02:30:00,2016-02-25 14:15:00,11.5533,2016-02-25 10:00:00,7.5000
01075000,43.976111,-71.680000,2002-03-10 14:45:00,2002-03-10 19:45:00,104.2060,2002-03-10 16:00:00,1.2500
01075000,43.976111,-71.680000,2002-04-13 21:15:00,2002-04-20 04:30:00,654.1192,2002-04-14 07:30:00,10.2500
01075000,43.976111,-71.680000,2002-06-12 16:45:00,2002-06-13 07:15:00,207.5625,2002-06-12 20:45:00,4.0000
01075000,43.976111,-71.680000,2003-03-30 01:45:00,2003-03-30 20:15:00,198.5011,2003-03-30 04:45:00,3.0000
01075000,43.976111,-71.680000,2003-05-02 22:00:00,2003-05-03 09:30:00,155.4595,2003-05-03 00:45:00,2.7500
01075000,43.976111,-71.680000,2003-08-10 07:15:00,2003-08-11 05:15:00,404.9309,2003-08-10 11:15:00,4.0000
01075000,43.976111,-71.680000,2003-08-12 16:45:00,2003-08-12 18:15:00,89.4812,2003-08-12 17:30:00,0.7500
01075000,43.976111,-71.680000,2003-09-23 21:00:00,2003-09-24 05:30:00,151.2120,2003-09-24 00:15:00,3.2500
01075000,43.976111,-71.680000,2003-10-15 16:15:00,2003-10-16 00:45:00,208.4120,2003-10-15 17:30:00,1.2500
01075000,43.976111,-71.680000,2003-10-27 13:30:00,2003-10-30 13:45:00,376.6141,2003-10-28 04:45:00,15.2500
01075000,43.976111,-71.680000,2003-11-20 11:15:00,2003-11-21 07:00:00,339.8022,2003-11-20 15:00:00,3.7500
01075000,43.976111,-71.680000,2003-11-29 09:15:00,2003-11-29 20:15:00,157.1585,2003-11-29 12:15:00,3.0000
01075000,43.976111,-71.680000,2003-12-12 01:45:00,2003-12-12 13:15:00,164.5209,2003-12-12 04:15:00,2.5000
01075000,43.976111,-71.680000,2003-12-18 02:00:00,2003-12-19 02:00:00,450.2379,2003-12-18 07:30:00,5.5000
01075000,43.976111,-71.680000,2003-12-25 02:00:00,2003-12-26 04:45:00,220.0219,2003-12-25 06:30:00,4.5000
01075000,43.976111,-71.680000,2004-04-14 07:15:00,2004-04-15 02:00:00,150.6456,2004-04-14 11:45:00,4.5000
01075000,43.976111,-71.680000,2004-04-20 01:00:00,2004-04-20 15:30:00,113.2674,2004-04-20 09:15:00,8.2500
01075000,43.976111,-71.680000,2004-05-04 08:00:00,2004-05-04 16:30:00,110.4357,2004-05-04 11:15:00,3.2500
01075000,43.976111,-71.680000,2004-05-24 13:00:00,2004-05-24 23:30:00,116.3822,2004-05-24 17:15:00,4.2500
01075000,43.976111,-71.680000,2004-07-09 17:45:00,2004-07-09 23:45:00,127.4258,2004-07-09 20:00:00,2.2500
01075000,43.976111,-71.680000,2004-09-10 08:15:00,2004-09-10 14:00:00,102.7902,2004-09-10 10:45:00,2.5000
01075000,43.976111,-71.680000,2004-11-25 10:30:00,2004-11-26 03:30:00,174.7149,2004-11-25 13:15:00,2.7500
01075000,43.976111,-71.680000,2004-11-29 03:45:00,2004-11-29 13:15:00,154.3268,2004-11-29 05:45:00,2.0000
01075000,43.976111,-71.680000,2004-12-01 22:15:00,2004-12-02 10:30:00,149.5130,2004-12-02 02:45:00,4.5000
01075000,43.976111,-71.680000,2004-12-24 02:30:00,2004-12-24 16:30:00,311.4853,2004-12-24 05:00:00,2.5000
01075000,43.976111,-71.680000,2005-04-03 12:30:00,2005-04-04 10:30:00,228.5170,2005-04-03 18:15:00,5.7500
01075000,43.976111,-71.680000,2005-04-20 23:30:00,2005-04-21 19:00:00,191.4219,2005-04-21 08:00:00,8.5000
01075000,43.976111,-71.680000,2005-04-24 03:45:00,2005-04-25 21:45:00,555.0102,2005-04-24 18:15:00,14.5000
01075000,43.976111,-71.680000,2005-04-28 01:30:00,2005-04-28 19:45:00,151.2120,2005-04-28 05:00:00,3.5000
01075000,43.976111,-71.680000,2005-08-31 19:15:00,2005-09-01 19:15:00,444.5745,2005-09-01 05:15:00,10.0000
01075000,43.976111,-71.680000,2005-10-08 12:30:00,2005-10-10 07:30:00,410.5943,2005-10-09 11:30:00,23.0000
01075000,43.976111,-71.680000,2005-10-15 17:45:00,2005-10-18 08:00:00,322.8121,2005-10-16 01:45:00,8.0000
01075000,43.976111,-71.680000,2005-10-25 21:45:00,2005-10-26 09:45:00,126.2931,2005-10-26 02:00:00,4.2500
01075000,43.976111,-71.680000,2005-11-17 03:15:00,2005-11-17 18:45:00,170.4674,2005-11-17 07:15:00,4.0000
01075000,43.976111,-71.680000,2005-11-30 10:00:00,2005-12-01 09:30:00,204.7308,2005-11-30 15:15:00,5.2500
01075000,43.976111,-71.680000,2006-01-14 20:00:00,2006-01-15 10:45:00,233.0476,2006-01-14 23:00:00,3.0000
01075000,43.976111,-71.680000,2006-01-18 20:30:00,2006-01-19 14:00:00,336.9705,2006-01-19 00:30:00,4.0000
01075000,43.976111,-71.680000,2006-05-13 20:45:00,2006-05-15 00:30:00,239.8437,2006-05-14 11:45:00,15.0000
01075000,43.976111,-71.680000,2006-05-16 19:45:00,2006-05-17 15:45:00,126.8595,2006-05-17 04:30:00,8.7500
01075000,43.976111,-71.680000,2006-05-20 00:15:00,2006-05-20 21:45:00,168.4852,2006-05-20 10:00:00,9.7500
01075000,43.976111,-71.680000,2006-06-10 22:00:00,2006-06-11 09:00:00,148.9466,2006-06-11 01:15:00,3.2500
01075000,43.976111,-71.680000,2006-10-21 00:00:00,2006-10-21 13:45:00,279.4873,2006-10-21 03:00:00,3.0000
01075000,43.976111,-71.680000,2006-10-28 21:00:00,2006-10-29 17:30:00,294.4952,2006-10-29 02:30:00,6.5000
01075000,43.976111,-71.680000,2006-11-17 08:00:00,2006-11-18 04:30:00,331.3071,2006-11-17 13:15:00,5.2500
01075000,43.976111,-71.680000,2006-12-02 05:00:00,2006-12-02 11:30:00,106.4713,2006-12-02 07:30:00,2.5000
01075000,43.976111,-71.680000,2007-04-16 16:45:00,2007-04-17 02:30:00,114.9664,2007-04-16 20:00:00,3.2500
01075000,43.976111,-71.680000,2007-04-23 21:30:00,2007-04-25 06:45:00,126.2931,2007-04-24 02:30:00,5.0000
01075000,43.976111,-71.680000,2007-04-30 23:15:00,2007-05-01 03:30:00,91.1802,2007-05-01 00:45:00,1.5000
01075000,43.976111,-71.680000,2007-05-16 23:45:00,2007-05-17 02:45:00,93.4456,2007-05-17 00:45:00,1.0000
01075000,43.976111,-71.680000,2007-05-20 20:30:00,2007-05-21 06:00:00,104.2060,2007-05-21 01:30:00,5.0000
01075000,43.976111,-71.680000,2007-10-20 08:45:00,2007-10-20 17:00:00,148.9466,2007-10-20 10:45:00,2.0000
01075000,43.976111,-71.680000,2007-10-27 21:30:00,2007-10-28 13:15:00,300.1586,2007-10-28 01:30:00,4.0000
01075000,43.976111,-71.680000,2007-11-06 20:45:00,2007-11-06 23:15:00,91.1802,2007-11-06 21:45:00,1.0000
01075000,43.976111,-71.680000,2007-11-15 21:45:00,2007-11-16 04:30:00,94.8614,2007-11-16 00:45:00,3.0000
01075000,43.976111,-71.680000,2008-04-12 19:30:00,2008-04-13 10:45:00,122.6119,2008-04-12 23:45:00,4.2500
01075000,43.976111,-71.680000,2008-04-18 21:30:00,2008-04-25 12:15:00,158.5743,2008-04-24 01:45:00,124.2500
01075000,43.976111,-71.680000,2008-04-29 00:45:00,2008-04-30 20:00:00,288.8318,2008-04-29 10:45:00,10.0000
01075000,43.976111,-71.680000,2008-07-24 21:30:00,2008-07-25 14:30:00,291.6635,2008-07-25 00:45:00,3.2500
01075000,43.976111,-71.680000,2008-08-03 06:00:00,2008-08-04 05:45:00,98.5426,2008-08-04 03:45:00,21.7500
01075000,43.976111,-71.680000,2008-08-06 16:45:00,2008-08-07 07:30:00,167.9189,2008-08-06 18:15:00,1.5000
01075000,43.976111,-71.680000,2008-10-26 06:45:00,2008-10-26 20:15:00,322.8121,2008-10-26 09:30:00,2.7500
01075000,43.976111,-71.680000,2008-11-16 04:30:00,2008-11-16 23:45:00,126.2931,2008-11-16 16:45:00,12.2500
01075000,43.976111,-71.680000,2008-12-12 13:45:00,2008-12-13 05:30:00,212.6595,2008-12-12 18:30:00,4.7500
01075000,43.976111,-71.680000,2009-04-04 01:45:00,2009-04-05 01:00:00,144.6991,2009-04-04 06:15:00,4.5000
01075000,43.976111,-71.680000,2009-04-07 04:30:00,2009-04-07 12:00:00,98.8258,2009-04-07 07:15:00,2.7500
01075000,43.976111,-71.680000,2009-04-23 06:30:00,2009-04-23 15:00:00,115.8159,2009-04-23 09:00:00,2.5000
01075000,43.976111,-71.680000,2009-04-26 01:00:00,2009-04-27 04:30:00,105.9050,2009-04-26 17:00:00,16.0000
01075000,43.976111,-71.680000,2009-04-28 19:15:00,2009-04-29 09:15:00,118.9308,2009-04-29 00:30:00,5.2500
01075000,43.976111,-71.680000,2009-05-10 03:00:00,2009-05-10 08:15:00,118.0813,2009-05-10 04:00:00,1.0000
01075000,43.976111,-71.680000,2009-06-12 16:30:00,2009-06-12 18:45:00,93.4456,2009-06-12 17:30:00,1.0000
01075000,43.976111,-71.680000,2009-07-02 23:00:00,2009-07-03 13:00:00,179.5288,2009-07-03 01:45:00,2.7500
01075000,43.976111,-71.680000,2009-07-30 08:30:00,2009-08-01 03:30:00,204.7308,2009-07-30 12:00:00,3.5000
01075000,43.976111,-71.680000,2009-08-03 05:00:00,2009-08-03 14:00:00,139.6021,2009-08-03 07:30:00,2.5000
01075000,43.976111,-71.680000,2009-08-22 00:30:00,2009-08-22 02:45:00,97.1268,2009-08-22 01:30:00,1.0000
01075000,43.976111,-71.680000,2009-10-24 21:45:00,2009-10-25 18:15:00,288.8318,2009-10-25 04:30:00,6.7500
01075000,43.976111,-71.680000,2009-12-03 14:30:00,2009-12-04 08:30:00,213.5090,2009-12-03 18:00:00,3.5000
01075000,43.976111,-71.680000,2010-03-23 14:45:00,2010-03-24 10:45:00,131.1070,2010-03-23 21:00:00,6.2500
01075000,43.976111,-71.680000,2010-03-29 19:15:00,2010-04-01 05:45:00,154.8932,2010-03-31 10:45:00,39.5000
01075000,43.976111,-71.680000,2010-04-03 02:15:00,2010-04-05 09:00:00,122.0456,2010-04-04 03:00:00,24.7500
01075000,43.976111,-71.680000,2010-04-07 21:30:00,2010-04-08 16:45:00,130.2575,2010-04-08 03:30:00,6.0000
01075000,43.976111,-71.680000,2010-06-28 16:30:00,2010-06-28 21:45:00,97.4100,2010-06-28 18:45:00,2.2500
01075000,43.976111,-71.680000,2010-09-30 19:45:00,2010-10-02 15:15:00,345.4655,2010-10-01 19:15:00,23.5000
01075000,43.976111,-71.680000,2010-10-15 17:00:00,2010-10-16 06:45:00,152.9110,2010-10-15 18:45:00,1.7500
01075000,43.976111,-71.680000,2010-11-05 19:00:00,2010-11-06 02:00:00,103.0733,2010-11-05 22:00:00,3.0000
01075000,43.976111,-71.680000,2010-12-02 03:45:00,2010-12-02 16:00:00,205.5803,2010-12-02 07:15:00,3.5000
01075000,43.976111,-71.680000,2010-12-13 06:15:00,2010-12-13 23:00:00,214.9249,2010-12-13 10:15:00,4.0000
01075000,43.976111,-71.680000,2011-03-07 00:30:00,2011-03-08 01:45:00,185.4753,2011-03-07 13:00:00,12.5000
01075000,43.976111,-71.680000,2011-04-11 15:30:00,2011-04-13 08:15:00,162.2555,2011-04-12 09:15:00,17.7500
01075000,43.976111,-71.680000,2011-04-17 14:15:00,2011-04-18 02:15:00,101.3743,2011-04-17 17:45:00,3.5000
01075000,43.976111,-71.680000,2011-04-26 08:30:00,2011-04-30 09:00:00,283.1685,2011-04-29 00:00:00,63.5000
01075000,43.976111,-71.680000,2011-05-04 19:30:00,2011-05-05 10:00:00,111.8515,2011-05-05 03:15:00,7.7500
01075000,43.976111,-71.680000,2011-05-16 01:30:00,2011-05-16 13:15:00,139.6021,2011-05-16 05:45:00,4.2500
01075000,43.976111,-71.680000,2011-08-22 06:00:00,2011-08-22 15:00:00,183.4932,2011-08-22 08:45:00,2.7500
01075000,43.976111,-71.680000,2011-08-28 15:15:00,2011-08-30 00:30:00,1520.6147,2011-08-28 21:52:00,6.6167
01075000,43.976111,-71.680000,2011-10-01 09:45:00,2011-10-01 12:00:00,91.1802,2011-10-01 10:30:00,0.7500
01075000,43.976111,-71.680000,2011-10-02 21:45:00,2011-10-03 10:30:00,136.7704,2011-10-03 01:00:00,3.2500
01075000,43.976111,-71.680000,2011-10-15 04:30:00,2011-10-15 16:15:00,139.0357,2011-10-15 06:30:00,2.0000
01075000,43.976111,-71.680000,2011-11-30 11:15:00,2011-11-30 23:00:00,195.6694,2011-11-30 13:15:00,2.0000
01075000,43.976111,-71.680000,2012-03-20 01:30:00,2012-03-23 03:30:00,95.1446,2012-03-21 02:15:00,24.7500
01075000,43.976111,-71.680000,2012-04-23 12:30:00,2012-04-24 10:30:00,259.3823,2012-04-23 18:30:00,6.0000
01075000,43.976111,-71.680000,2012-05-08 22:15:00,2012-05-09 12:45:00,150.6456,2012-05-09 02:00:00,3.7500
01075000,43.976111,-71.680000,2012-05-16 03:30:00,2012-05-16 07:45:00,89.4812,2012-05-16 05:00:00,1.5000
01075000,43.976111,-71.680000,2012-05-30 00:00:00,2012-05-30 16:00:00,305.8219,2012-05-30 03:45:00,3.7500
01075000,43.976111,-71.680000,2012-06-03 02:45:00,2012-06-03 16:45:00,186.0417,2012-06-03 05:30:00,2.7500
01075000,43.976111,-71.680000,2012-08-11 01:00:00,2012-08-11 04:45:00,92.8793,2012-08-11 02:30:00,1.5000
01075000,43.976111,-71.680000,2012-09-19 03:30:00,2012-09-19 17:45:00,302.9903,2012-09-19 06:30:00,3.0000
01075000,43.976111,-71.680000,2012-10-30 05:30:00,2012-10-31 23:45:00,376.6141,2012-10-30 08:45:00,3.2500
01075000,43.976111,-71.680000,2013-01-31 14:00:00,2013-02-01 05:30:00,279.4873,2013-01-31 17:30:00,3.5000
01075000,43.976111,-71.680000,2013-03-13 03:45:00,2013-03-13 15:45:00,168.4852,2013-03-13 05:45:00,2.0000
01075000,43.976111,-71.680000,2013-04-20 03:15:00,2013-04-21 01:45:00,180.0951,2013-04-20 09:15:00,6.0000
01075000,43.976111,-71.680000,2013-05-12 02:15:00,2013-05-12 12:15:00,163.3882,2013-05-12 04:15:00,2.0000
01075000,43.976111,-71.680000,2013-07-02 08:30:00,2013-07-03 06:15:00,252.8694,2013-07-02 12:15:00,3.7500
01075000,43.976111,-71.680000,2013-07-18 08:00:00,2013-07-18 10:45:00,99.3921,2013-07-18 08:45:00,0.7500
01075000,43.976111,-71.680000,2013-08-09 21:30:00,2013-08-10 06:00:00,147.5308,2013-08-09 23:30:00,2.0000
01075000,43.976111,-71.680000,2013-09-13 03:15:00,2013-09-13 07:00:00,104.4892,2013-09-13 04:30:00,1.2500
01075000,43.976111,-71.680000,2013-11-01 16:30:00,2013-11-02 02:15:00,161.4060,2013-11-01 20:15:00,3.7500
01075000,43.976111,-71.680000,2013-11-18 16:00:00,2013-11-18 20:15:00,100.8080,2013-11-18 17:45:00,1.7500
01075000,43.976111,-71.680000,2013-11-27 18:45:00,2013-11-28 06:00:00,138.4694,2013-11-27 21:45:00,3.0000
01075000,43.976111,-71.680000,2014-01-06 20:30:00,2014-01-07 04:00:00,132.2397,2014-01-06 23:15:00,2.7500
01075000,43.976111,-71.680000,2014-01-11 23:45:00,2014-01-12 20:15:00,353.9606,2014-01-12 03:00:00,3.2500
01075000,43.976111,-71.680000,2014-04-14 22:15:00,2014-04-17 00:00:00,676.7726,2014-04-16 01:23:00,27.1333
01075000,43.976111,-71.680000,2014-05-05 01:30:00,2014-05-05 09:15:00,104.4892,2014-05-05 03:45:00,2.2500
01075000,43.976111,-71.680000,2014-05-10 16:45:00,2014-05-10 23:00:00,96.5604,2014-05-10 18:15:00,1.5000
01075000,43.976111,-71.680000,2014-05-17 08:45:00,2014-05-18 04:00:00,396.4359,2014-05-17 15:00:00,6.2500
01075000,43.976111,-71.680000,2014-06-26 06:15:00,2014-06-27 02:45:00,588.9904,2014-06-26 10:38:00,4.3833
01075000,43.976111,-71.680000,2014-07-28 20:45:00,2014-07-29 10:30:00,122.6119,2014-07-28 23:00:00,2.2500
01075000,43.976111,-71.680000,2014-08-14 02:45:00,2014-08-14 06:30:00,107.3208,2014-08-14 04:15:00,1.5000
01075000,43.976111,-71.680000,2014-10-16 21:30:00,2014-10-17 12:30:00,311.4853,2014-10-17 01:15:00,3.7500
01075000,43.976111,-71.680000,2014-12-25 06:00:00,2014-12-26 03:00:00,155.4595,2014-12-25 17:30:00,11.5000
01075000,43.976111,-71.680000,2015-04-21 12:45:00,2015-04-22 04:15:00,113.8337,2015-04-21 16:15:00,3.5000
01075000,43.976111,-71.680000,2015-05-12 08:00:00,2015-05-12 14:00:00,109.8694,2015-05-12 09:45:00,1.7500
01075000,43.976111,-71.680000,2015-06-01 15:00:00,2015-06-02 02:30:00,122.0456,2015-06-01 18:30:00,3.5000
01075000,43.976111,-71.680000,2015-06-23 18:30:00,2015-06-24 02:15:00,111.2852,2015-06-23 20:45:00,2.2500
01075000,43.976111,-71.680000,2015-07-20 03:45:00,2015-07-20 11:00:00,136.2040,2015-07-20 05:15:00,1.5000
01075000,43.976111,-71.680000,2015-09-30 15:00:00,2015-10-01 03:45:00,247.2061,2015-09-30 18:15:00,3.2500
01075000,43.976111,-71.680000,2015-11-20 09:30:00,2015-11-20 18:30:00,167.9189,2015-11-20 12:00:00,2.5000
01075000,43.976111,-71.680000,2016-01-11 01:45:00,2016-01-11 09:45:00,125.1605,2016-01-11 04:15:00,2.5000
01075000,43.976111,-71.680000,2016-02-25 07:45:00,2016-02-26 10:30:00,300.1586,2016-02-25 12:15:00,4.5000
01075000,43.976111,-71.680000,2016-03-11 02:15:00,2016-03-11 20:45:00,135.0714,2016-03-11 11:15:00,9.0000
01075000,43.976111,-71.680000,2016-04-08 04:00:00,2016-04-08 10:00:00,116.9486,2016-04-08 06:00:00,2.0000
01078000,43.566389,-71.748333,1992-03-11 18:00:00,1992-03-12 03:00:00,39.9268,1992-03-11 22:30:00,4.5000
01078000,43.566389,-71.748333,1992-03-27 12:00:00,1992-03-27 14:30:00,41.0594,1992-03-27 13:00:00,1.0000
01078000,43.566389,-71.748333,1993-03-30 13:00:00,1993-04-01 12:30:00,46.7228,1993-03-31 19:30:00,30.5000
01078000,43.566389,-71.748333,1993-04-11 02:00:00,1993-04-13 21:00:00,44.7406,1993-04-12 00:30:00,22.5000
01078000,43.566389,-71.748333,1995-10-28 15:00:00,1995-10-29 04:45:00,41.6258,1995-10-28 16:00:00,1.0000
01078000,43.566389,-71.748333,1996-01-28 01:30:00,1996-01-28 03:45:00,38.2277,1996-01-28 02:00:00,0.5000
01078000,43.566389,-71.748333,1996-04-16 18:15:00,1996-04-18 19:30:00,62.5802,1996-04-17 02:45:00,8.5000
01078000,43.566389,-71.748333,1996-04-24 01:30:00,1996-04-25 20:30:00,62.2971,1996-04-24 22:30:00,21.0000
01078000,43.566389,-71.748333,1996-05-12 00:15:00,1996-05-13 18:45:00,45.0238,1996-05-12 02:30:00,2.2500
01078000,43.566389,-71.748333,1996-07-14 04:00:00,1996-07-15 11:45:00,40.2099,1996-07-15 06:30:00,26.5000
01078000,43.566389,-71.748333,1996-10-21 08:45:00,1996-10-23 12:15:00,84.9505,1996-10-21 20:30:00,11.7500
01078000,43.566389,-71.748333,1997-04-19 05:45:00,1997-04-21 10:15:00,66.2614,1997-04-20 01:15:00,19.5000
01078000,43.566389,-71.748333,1998-03-29 21:30:00,1998-04-03 02:45:00,52.3862,1998-03-31 23:15:00,49.7500
01078000,43.566389,-71.748333,1998-06-14 17:45:00,1998-06-14 23:00:00,42.1921,1998-06-14 19:45:00,2.0000
01078000,43.566389,-71.748333,1998-06-16 14:00:00,1998-06-17 16:00:00,51.8198,1998-06-16 17:00:00,3.0000
01078000,43.566389,-71.748333,1999-09-17 04:30:00,1999-09-18 21:15:00,63.7129,1999-09-17 07:15:00,2.7500
01078000,43.566389,-71.748333,2000-03-28 16:45:00,2000-03-29 18:45:00,43.8911,2000-03-28 18:45:00,2.0000
01078000,43.566389,-71.748333,2000-04-09 15:45:00,2000-04-11 05:30:00,53.8020,2000-04-10 14:00:00,22.2500
01078000,43.566389,-71.748333,2001-04-22 20:30:00,2001-04-26 08:00:00,58.0495,2001-04-23 23:45:00,27.2500
01078000,43.566389,-71.748333,2004-04-02 15:00:00,2004-04-03 08:00:00,38.2277,2004-04-02 22:30:00,7.5000
01078000,43.566389,-71.748333,2005-04-03 09:30:00,2005-04-05 14:00:00,71.0753,2005-04-04 08:15:00,22.7500
01078000,43.566389,-71.748333,2005-10-09 03:15:00,2005-10-10 23:45:00,68.5268,2005-10-09 13:00:00,9.7500
01078000,43.566389,-71.748333,2005-10-15 19:45:00,2005-10-17 07:15:00,49.2713,2005-10-16 00:45:00,5.0000
01078000,43.566389,-71.748333,2005-10-26 04:00:00,2005-10-27 11:15:00,53.5188,2005-10-26 04:15:00,0.2500
01078000,43.566389,-71.748333,2006-05-13 21:30:00,2006-05-18 04:00:00,129.9743,2006-05-15 02:00:00,28.5000
01078000,43.566389,-71.748333,2006-07-22 23:30:00,2006-07-23 22:15:00,68.5268,2006-07-23 02:30:00,3.0000
01078000,43.566389,-71.748333,2007-04-16 13:45:00,2007-04-21 08:00:00,78.4377,2007-04-17 23:15:00,33.5000
01078000,43.566389,-71.748333,2008-04-12 21:30:00,2008-04-14 01:00:00,41.9089,2008-04-13 03:15:00,5.7500
01078000,43.566389,-71.748333,2008-04-29 18:45:00,2008-04-30 05:15:00,39.9268,2008-04-29 21:15:00,2.5000
01078000,43.566389,-71.748333,2008-11-25 23:00:00,2008-11-26 05:00:00,41.0594,2008-11-26 01:30:00,2.5000
01078000,43.566389,-71.748333,2011-04-12 02:00:00,2011-04-14 07:30:00,49.2713,2011-04-12 06:00:00,4.0000
01078000,43.566389,-71.748333,2011-04-17 11:15:00,2011-04-17 15:15:00,41.0594,2011-04-17 12:45:00,1.5000
01078000,43.566389,-71.748333,2011-08-28 17:45:00,2011-08-30 12:45:00,70.5089,2011-08-29 16:00:00,22.2500
01078000,43.566389,-71.748333,2014-04-15 22:00:00,2014-04-16 20:15:00,38.7941,2014-04-16 02:00:00,4.0000
01078000,43.566389,-71.748333,2014-08-13 23:45:00,2014-08-14 02:00:00,42.1921,2014-08-14 00:30:00,0.7500
01078000,43.566389,-71.748333,2014-10-16 21:15:00,2014-10-17 00:15:00,47.0060,2014-10-16 22:15:00,1.0000
01086000,43.250833,-71.732778,2002-04-01 14:30:00,2002-04-05 06:30:00,37.3782,2002-04-02 04:30:00,14.0000
01086000,43.250833,-71.732778,2002-05-14 08:15:00,2002-05-16 10:15:00,40.7763,2002-05-14 21:15:00,13.0000
01086000,43.250833,-71.732778,2003-03-22 18:15:00,2003-04-04 17:30:00,54.9347,2003-03-31 04:45:00,202.5000
01086000,43.250833,-71.732778,2003-04-13 03:15:00,2003-04-19 05:15:00,31.7149,2003-04-17 03:00:00,95.7500
01086000,43.250833,-71.732778,2003-04-27 12:00:00,2003-04-28 09:00:00,26.4479,2003-04-27 19:30:00,7.5000
01086000,43.250833,-71.732778,2003-08-13 00:00:00,2003-08-14 17:00:00,41.6258,2003-08-13 14:30:00,14.5000
01086000,43.250833,-71.732778,2003-08-18 21:15:00,2003-08-19 16:00:00,23.6163,2003-08-18 21:30:00,0.2500
01086000,43.250833,-71.732778,2003-10-29 21:30:00,2003-11-01 09:30:00,40.4931,2003-10-30 09:15:00,11.7500
01086000,43.250833,-71.732778,2003-12-12 17:45:00,2003-12-13 11:00:00,24.9188,2003-12-13 00:45:00,7.0000
01086000,43.250833,-71.732778,2003-12-18 11:15:00,2003-12-22 07:45:00,53.8020,2003-12-18 21:45:00,10.5000
01086000,43.250833,-71.732778,2003-12-25 10:00:00,2003-12-28 10:15:00,36.5287,2003-12-25 23:45:00,13.7500
01086000,43.250833,-71.732778,2004-04-01 12:00:00,2004-04-07 14:30:00,84.3842,2004-04-02 20:00:00,32.0000
01086000,43.250833,-71.732778,2004-04-14 09:15:00,2004-04-17 03:30:00,46.4396,2004-04-14 19:30:00,10.2500
01086000,43.250833,-71.732778,2004-12-02 11:30:00,2004-12-03 03:45:00,24.0976,2004-12-02 18:00:00,6.5000
01086000,43.250833,-71.732778,2005-03-29 10:15:00,2005-04-11 21:00:00,103.0733,2005-04-03 22:30:00,131.2500
01086000,43.250833,-71.732778,2005-04-24 11:00:00,2005-04-30 09:00:00,45.8733,2005-04-25 04:15:00,17.2500
01086000,43.250833,-71.732778,2005-06-30 06:30:00,2005-07-01 02:00:00,25.2586,2005-06-30 09:30:00,3.0000
01086000,43.250833,-71.732778,2005-10-09 08:15:00,2005-10-13 22:15:00,137.9030,2005-10-09 20:15:00,12.0000
01086000,43.250833,-71.732778,2005-10-15 07:15:00,2005-10-20 18:30:00,126.5763,2005-10-16 06:00:00,22.7500
01086000,43.250833,-71.732778,2005-10-24 04:45:00,2005-10-30 18:15:00,90.6139,2005-10-26 11:15:00,54.5000
01086000,43.250833,-71.732778,2005-11-17 14:45:00,2005-11-18 16:30:00,27.2408,2005-11-17 21:30:00,6.7500
01086000,43.250833,-71.732778,2005-11-23 04:30:00,2005-11-24 17:45:00,30.2990,2005-11-23 11:00:00,6.5000
01086000,43.250833,-71.732778,2005-11-30 20:15:00,2005-12-03 12:00:00,35.1129,2005-12-01 10:45:00,14.5000
01086000,43.250833,-71.732778,2005-12-27 05:30:00,2005-12-28 05:30:00,27.2408,2005-12-27 20:00:00,14.5000
01086000,43.250833,-71.732778,2005-12-30 10:30:00,2006-01-01 03:15:00,29.4495,2005-12-30 19:30:00,9.0000
01086000,43.250833,-71.732778,2006-01-15 03:00:00,2006-01-16 04:45:00,32.5644,2006-01-15 12:00:00,9.0000
01086000,43.250833,-71.732778,2006-01-18 23:30:00,2006-01-23 16:00:00,55.5010,2006-01-19 10:15:00,10.7500
01086000,43.250833,-71.732778,2006-02-05 10:00:00,2006-02-09 00:45:00,51.2535,2006-02-06 01:45:00,15.7500
01086000,43.250833,-71.732778,2006-04-05 08:00:00,2006-04-05 20:45:00,24.4091,2006-04-05 12:15:00,4.2500
01086000,43.250833,-71.732778,2006-05-13 23:15:00,2006-05-23 18:45:00,244.6576,2006-05-15 09:15:00,34.0000
01086000,43.250833,-71.732778,2006-06-04 06:30:00,2006-06-05 19:30:00,28.2602,2006-06-04 15:15:00,8.7500
01086000,43.250833,-71.732778,2006-06-08 07:00:00,2006-06-16 02:00:00,81.8357,2006-06-11 08:00:00,73.0000
01086000,43.250833,-71.732778,2006-06-29 05:00:00,2006-07-01 15:30:00,33.6970,2006-06-29 20:15:00,15.2500
01086000,43.250833,-71.732778,2006-07-13 21:45:00,2006-07-15 01:00:00,27.5806,2006-07-14 09:00:00,11.2500
01086000,43.250833,-71.732778,2006-07-24 00:15:00,2006-07-24 08:30:00,24.0976,2006-07-24 03:30:00,3.2500
01086000,43.250833,-71.732778,2006-10-29 03:45:00,2006-10-31 10:15:00,39.9268,2006-10-29 17:45:00,14.0000
01086000,43.250833,-71.732778,2006-11-09 13:00:00,2006-11-11 19:00:00,40.4931,2006-11-09 23:45:00,10.7500
01086000,43.250833,-71.732778,2006-11-14 17:00:00,2006-11-20 17:00:00,44.1743,2006-11-18 00:30:00,79.5000
01086000,43.250833,-71.732778,2006-12-02 10:30:00,2006-12-03 12:30:00,29.1664,2006-12-02 16:00:00,5.5000
01086000,43.250833,-71.732778,2007-01-09 01:45:00,2007-01-10 14:30:00,30.2990,2007-01-09 11:30:00,9.7500
01086000,43.250833,-71.732778,2007-03-28 08:15:00,2007-03-30 10:30:00,28.2602,2007-03-29 07:00:00,22.7500
01086000,43.250833,-71.732778,2007-04-16 10:00:00,2007-04-25 21:45:00,218.8892,2007-04-17 02:30:00,16.5000
01086000,43.250833,-71.732778,2007-05-21 03:45:00,2007-05-21 10:00:00,23.7578,2007-05-21 05:30:00,1.7500
01086000,43.250833,-71.732778,2008-01-10 20:30:00,2008-01-11 02:30:00,23.7578,2008-01-10 23:30:00,3.0000
01086000,43.250833,-71.732778,2008-01-12 13:15:00,2008-01-13 05:15:00,24.2392,2008-01-12 19:45:00,6.5000
01086000,43.250833,-71.732778,2008-02-19 12:15:00,2008-02-21 03:45:00,27.7505,2008-02-19 22:00:00,9.7500
01086000,43.250833,-71.732778,2008-03-09 06:45:00,2008-03-13 03:45:00,43.6079,2008-03-10 01:00:00,18.2500
01086000,43.250833,-71.732778,2008-03-21 01:15:00,2008-03-21 11:30:00,23.9277,2008-03-21 04:30:00,3.2500
01086000,43.250833,-71.732778,2008-04-29 07:00:00,2008-05-03 15:15:00,62.2971,2008-04-30 06:15:00,23.2500
01086000,43.250833,-71.732778,2008-11-26 03:00:00,2008-11-28 10:45:00,46.7228,2008-11-26 12:00:00,9.0000
01086000,43.250833,-71.732778,2008-12-13 05:00:00,2008-12-14 04:45:00,58.3327,2008-12-13 06:45:00,1.7500
01086000,43.250833,-71.732778,2009-03-20 03:30:00,2009-03-20 20:30:00,24.4091,2009-03-20 09:15:00,5.7500
01086000,43.250833,-71.732778,2009-03-29 20:00:00,2009-04-11 04:00:00,52.9525,2009-04-04 12:30:00,136.5000
01086000,43.250833,-71.732778,2009-07-03 00:45:00,2009-07-04 18:45:00,31.9980,2009-07-03 11:45:00,11.0000
01086000,43.250833,-71.732778,2009-07-25 01:30:00,2009-07-25 21:45:00,24.7206,2009-07-25 06:15:00,4.7500
01086000,43.250833,-71.732778,2009-07-30 11:45:00,2009-08-04 01:00:00,43.0416,2009-08-01 15:15:00,51.5000
01086000,43.250833,-71.732778,2009-10-25 10:15:00,2009-10-27 05:15:00,42.4753,2009-10-25 23:30:00,13.2500
01086000,43.250833,-71.732778,2009-12-28 15:30:00,2009-12-29 00:30:00,23.7862,2009-12-28 20:15:00,4.7500
01086000,43.250833,-71.732778,2010-01-26 14:15:00,2010-01-28 04:45:00,30.0159,2010-01-26 21:30:00,7.2500
01086000,43.250833,-71.732778,2010-02-26 08:45:00,2010-03-01 04:45:00,53.5188,2010-02-26 22:15:00,13.5000
01086000,43.250833,-71.732778,2010-04-17 18:30:00,2010-04-18 18:00:00,25.0321,2010-04-18 03:00:00,8.5000
01086000,43.250833,-71.732778,2010-10-16 16:15:00,2010-10-17 03:00:00,24.4091,2010-10-16 19:30:00,3.2500
01086000,43.250833,-71.732778,2010-12-13 19:15:00,2010-12-15 06:15:00,29.1664,2010-12-14 10:30:00,15.2500
01086000,43.250833,-71.732778,2011-04-11 05:45:00,2011-04-22 00:45:00,60.3149,2011-04-17 22:00:00,160.2500
01086000,43.250833,-71.732778,2011-05-19 16:00:00,2011-05-23 23:45:00,35.3961,2011-05-20 01:30:00,9.5000
01086000,43.250833,-71.732778,2011-08-28 22:45:00,2011-08-31 18:30:00,67.1109,2011-08-29 08:00:00,9.2500
01086000,43.250833,-71.732778,2011-09-06 19:00:00,2011-09-10 20:00:00,38.5109,2011-09-08 06:45:00,35.7500
01086000,43.250833,-71.732778,2011-11-30 16:00:00,2011-12-02 05:15:00,32.8475,2011-12-01 00:30:00,8.5000
01086000,43.250833,-71.732778,2011-12-08 09:00:00,2011-12-11 20:00:00,56.0674,2011-12-08 19:00:00,10.0000
01086000,43.250833,-71.732778,2012-06-03 06:15:00,2012-06-05 07:30:00,36.5287,2012-06-03 17:15:00,11.0000
01086000,43.250833,-71.732778,2012-10-31 08:45:00,2012-11-01 10:30:00,28.6000,2012-10-31 15:30:00,6.7500
01086000,43.250833,-71.732778,2012-12-22 03:15:00,2012-12-23 20:00:00,37.3782,2012-12-22 10:00:00,6.7500
01086000,43.250833,-71.732778,2013-04-01 18:30:00,2013-04-03 17:00:00,30.0159,2013-04-02 08:15:00,13.7500
01086000,43.250833,-71.732778,2013-04-10 10:00:00,2013-04-16 04:00:00,33.9802,2013-04-11 18:30:00,32.5000
01086000,43.250833,-71.732778,2013-06-08 19:45:00,2013-06-09 13:15:00,26.9860,2013-06-09 01:00:00,5.2500
01086000,43.250833,-71.732778,2013-06-12 04:45:00,2013-06-14 21:00:00,37.3782,2013-06-12 16:45:00,12.0000
01086000,43.250833,-71.732778,2013-06-28 23:00:00,2013-07-06 12:00:00,59.7485,2013-06-29 16:15:00,17.2500
01086000,43.250833,-71.732778,2013-07-09 05:15:00,2013-07-10 09:45:00,38.5109,2013-07-09 11:15:00,6.0000
01086000,43.250833,-71.732778,2013-07-23 20:30:00,2013-07-25 10:15:00,35.1129,2013-07-24 04:15:00,7.7500
01086000,43.250833,-71.732778,2014-03-30 22:15:00,2014-04-01 03:45:00,40.4931,2014-04-01 00:15:00,26.0000
01086000,43.250833,-71.732778,2014-04-04 04:00:00,2014-04-20 02:45:00,52.9525,2014-04-09 10:15:00,126.2500
01086000,43.250833,-71.732778,2014-08-14 05:15:00,2014-08-16 14:15:00,52.6693,2014-08-14 17:30:00,12.2500
01086000,43.250833,-71.732778,2014-10-17 07:30:00,2014-10-17 12:30:00,23.7862,2014-10-17 08:45:00,1.2500
01086000,43.250833,-71.732778,2014-10-23 23:15:00,2014-10-26 13:15:00,38.5109,2014-10-24 11:30:00,12.2500
01086000,43.250833,-71.732778,2014-12-10 09:45:00,2014-12-14 17:30:00,48.9881,2014-12-11 12:00:00,26.2500
01086000,43.250833,-71.732778,2014-12-18 15:30:00,2014-12-19 02:30:00,23.4747,2014-12-18 16:45:00,1.2500
01086000,43.250833,-71.732778,2014-12-25 06:00:00,2014-12-30 19:00:00,36.8119,2014-12-26 07:45:00,25.7500
01086000,43.250833,-71.732778,2015-04-04 20:30:00,2015-04-06 09:30:00,26.6745,2015-04-05 07:45:00,11.2500
01086000,43.250833,-71.732778,2015-04-11 16:45:00,2015-04-18 11:00:00,35.6792,2015-04-15 07:15:00,86.5000
01086000,43.250833,-71.732778,2015-04-21 08:45:00,2015-04-24 16:30:00,41.3426,2015-04-21 21:30:00,12.7500
01086000,43.250833,-71.732778,2015-09-30 21:45:00,2015-10-02 00:45:00,35.6792,2015-10-01 04:15:00,6.5000
01086000,43.250833,-71.732778,2016-01-11 06:45:00,2016-01-12 16:15:00,35.9624,2016-01-11 17:15:00,10.5000
01086000,43.250833,-71.732778,2016-02-25 12:00:00,2016-02-29 04:45:00,51.8198,2016-02-26 03:45:00,15.7500
01086000,43.250833,-71.732778,2016-03-02 19:45:00,2016-03-04 13:15:00,32.5644,2016-03-03 04:30:00,8.7500
01096000,42.634167,-71.658333,1993-03-30 11:00:00,1993-03-31 16:45:00,56.3505,1993-03-30 20:30:00,9.5000
01096000,42.634167,-71.658333,1994-12-25 13:00:00,1994-12-25 17:45:00,42.1921,1994-12-25 15:15:00,2.2500
01096000,42.634167,-71.658333,1996-01-28 14:15:00,1996-01-29 04:15:00,54.3683,1996-01-28 20:00:00,5.7500
01096000,42.634167,-71.658333,1996-04-17 04:45:00,1996-04-18 03:45:00,87.4991,1996-04-17 13:15:00,8.5000
01096000,42.634167,-71.658333,1996-10-21 09:30:00,1996-10-22 16:00:00,94.2951,1996-10-21 22:30:00,13.0000
01096000,42.634167,-71.658333,1998-03-10 08:45:00,1998-03-11 06:45:00,67.9604,1998-03-10 16:30:00,7.7500
01096000,42.634167,-71.658333,1998-06-15 01:45:00,1998-06-15 17:00:00,52.9525,1998-06-15 08:00:00,6.2500
01096000,42.634167,-71.658333,2001-03-23 10:30:00,2001-03-23 22:15:00,45.0238,2001-03-23 15:00:00,4.5000
01096000,42.634167,-71.658333,2004-04-02 07:00:00,2004-04-03 13:45:00,114.9664,2004-04-02 15:00:00,8.0000
01096000,42.634167,-71.658333,2005-03-30 00:30:00,2005-03-30 14:45:00,47.8555,2005-03-30 06:00:00,5.5000
01096000,42.634167,-71.658333,2005-04-03 19:00:00,2005-04-04 10:30:00,55.2179,2005-04-04 01:15:00,6.2500
01096000,42.634167,-71.658333,2005-10-15 20:00:00,2005-10-16 14:45:00,61.4476,2005-10-16 01:30:00,5.5000
01096000,42.634167,-71.658333,2006-05-14 21:30:00,2006-05-16 03:00:00,72.7743,2006-05-15 08:45:00,11.2500
01096000,42.634167,-71.658333,2007-04-16 15:45:00,2007-04-18 03:30:00,136.4872,2007-04-17 00:15:00,8.5000
01096000,42.634167,-71.658333,2008-12-13 09:30:00,2008-12-13 11:30:00,41.0594,2008-12-13 10:15:00,0.7500
01096000,42.634167,-71.658333,2009-07-03 04:30:00,2009-07-03 13:30:00,47.8555,2009-07-03 08:00:00,3.5000
01096000,42.634167,-71.658333,2010-02-26 13:15:00,2010-02-27 12:15:00,81.8357,2010-02-26 20:00:00,6.7500
01096000,42.634167,-71.658333,2010-03-14 23:30:00,2010-03-17 01:45:00,112.9842,2010-03-15 18:30:00,19.0000
01096000,42.634167,-71.658333,2010-03-31 03:30:00,2010-04-01 10:45:00,90.8971,2010-03-31 14:00:00,10.5000
01096000,42.634167,-71.658333,2011-03-07 21:15:00,2011-03-08 20:00:00,77.8713,2011-03-08 03:45:00,6.5000
01096000,42.634167,-71.658333,2014-03-31 05:15:00,2014-04-01 08:45:00,44.4574,2014-04-01 02:30:00,21.2500
01118500,41.383611,-71.833611,1991-01-17 13:00:00,1991-01-20 18:00:00,44.1743,1991-01-18 14:00:00,25.0000
01118500,41.383611,-71.833611,1991-03-05 03:00:00,1991-03-06 05:00:00,41.0594,1991-03-05 05:00:00,2.0000
01118500,41.383611,-71.833611,1991-03-19 03:00:00,1991-03-21 20:00:00,45.0238,1991-03-20 04:00:00,25.0000
01118500,41.383611,-71.833611,1991-03-24 16:00:00,1991-03-28 14:00:00,42.7584,1991-03-25 22:00:00,30.0000
01118500,41.383611,-71.833611,1991-04-22 05:00:00,1991-04-26 00:00:00,47.8555,1991-04-22 21:00:00,16.0000
01118500,41.383611,-71.833611,1992-01-24 05:00:00,1992-01-27 17:00:00,46.7228,1992-01-24 17:00:00,12.0000
01118500,41.383611,-71.833611,1992-12-13 05:00:00,1992-12-24 21:00:00,82.1189,1992-12-13 16:00:00,11.0000
01118500,41.383611,-71.833611,1992-12-31 18:00:00,1993-01-02 01:00:00,37.9446,1993-01-01 08:00:00,14.0000
01118500,41.383611,-71.833611,1993-01-06 05:00:00,1993-01-09 15:00:00,43.0416,1993-01-07 13:00:00,32.0000
01118500,41.383611,-71.833611,1993-02-17 04:00:00,1993-02-22 16:00:00,58.0495,1993-02-18 12:00:00,32.0000
01118500,41.383611,-71.833611,1993-12-06 11:00:00,1993-12-07 23:00:00,44.4574,1993-12-06 19:00:00,8.0000
01118500,41.383611,-71.833611,1994-03-10 08:00:00,1994-04-05 11:00:00,97.9763,1994-03-11 14:00:00,30.0000
01118500,41.383611,-71.833611,1994-04-15 01:00:00,1994-04-16 05:00:00,37.0951,1994-04-15 05:00:00,4.0000
01118500,41.383611,-71.833611,1994-12-25 05:00:00,1994-12-28 10:00:00,47.2891,1994-12-25 06:00:00,1.0000
01118500,41.383611,-71.833611,1996-01-20 05:00:00,1996-01-26 20:00:00,51.2535,1996-01-20 14:00:00,9.0000
01118500,41.383611,-71.833611,1996-01-28 01:00:00,1996-02-01 14:00:00,45.3070,1996-01-29 22:00:00,45.0000
01118500,41.383611,-71.833611,1996-02-23 05:00:00,1996-02-28 11:00:00,47.8555,1996-02-25 07:00:00,50.0000
01118500,41.383611,-71.833611,1996-03-07 16:00:00,1996-03-09 05:00:00,41.0594,1996-03-08 03:00:00,11.0000
01118500,41.383611,-71.833611,1996-04-13 08:00:00,1996-04-14 11:00:00,36.8119,1996-04-13 22:00:00,14.0000
01118500,41.383611,-71.833611,1996-04-16 11:00:00,1996-04-22 17:00:00,61.1644,1996-04-17 13:00:00,26.0000
01118500,41.383611,-71.833611,1996-04-30 23:00:00,1996-05-05 04:00:00,40.7763,1996-05-02 01:00:00,26.0000
01118500,41.383611,-71.833611,1996-12-03 12:00:00,1996-12-04 10:00:00,36.2456,1996-12-03 21:00:00,9.0000
01118500,41.383611,-71.833611,1996-12-07 09:00:00,1996-12-29 16:00:00,68.5268,1996-12-09 12:00:00,51.0000
01118500,41.383611,-71.833611,1997-01-26 11:00:00,1997-02-01 10:00:00,42.1921,1997-01-29 16:00:00,77.0000
01118500,41.383611,-71.833611,1997-02-05 12:00:00,1997-02-10 04:00:00,44.4574,1997-02-06 13:00:00,25.0000
01118500,41.383611,-71.833611,1997-04-01 05:00:00,1997-04-09 03:00:00,54.3683,1997-04-02 10:00:00,29.0000
01118500,41.383611,-71.833611,1997-04-13 19:00:00,1997-04-16 10:00:00,39.0772,1997-04-14 08:00:00,13.0000
01118500,41.383611,-71.833611,1997-04-19 22:00:00,1997-04-22 02:00:00,43.8911,1997-04-20 00:00:00,2.0000
01118500,41.383611,-71.833611,1998-01-10 11:15:00,1998-01-10 11:45:00,36.2456,1998-01-10 11:45:00,0.5000
01118500,41.383611,-71.833611,1998-01-24 10:45:00,1998-01-31 16:45:00,72.2080,1998-01-25 10:45:00,24.0000
01118500,41.383611,-71.833611,1998-02-18 14:45:00,1998-03-05 08:30:00,57.7664,1998-02-25 12:45:00,166.0000
01118500,41.383611,-71.833611,1998-03-09 18:00:00,1998-03-31 04:30:00,81.8357,1998-03-10 22:00:00,28.0000
01118500,41.383611,-71.833611,1998-04-02 04:30:00,1998-04-08 12:45:00,59.4654,1998-04-03 06:45:00,26.2500
01118500,41.383611,-71.833611,1998-04-10 00:30:00,1998-04-14 04:45:00,43.6079,1998-04-11 01:00:00,24.5000
01118500,41.383611,-71.833611,1998-04-17 20:30:00,1998-04-30 04:45:00,54.9347,1998-04-20 07:00:00,58.5000
01118500,41.383611,-71.833611,1998-06-14 04:15:00,1998-06-26 04:00:00,72.7743,1998-06-16 06:15:00,50.0000
01118500,41.383611,-71.833611,1998-07-01 15:00:00,1998-07-03 23:45:00,40.4931,1998-07-02 20:15:00,29.2500
01118500,41.383611,-71.833611,1999-01-16 09:00:00,1999-01-21 06:15:00,53.5188,1999-01-19 01:45:00,64.7500
01118500,41.383611,-71.833611,1999-01-25 02:45:00,1999-01-29 12:00:00,47.8555,1999-01-26 08:15:00,29.5000
01118500,41.383611,-71.833611,1999-02-03 02:15:00,1999-02-10 18:00:00,73.3406,1999-02-05 04:15:00,50.0000
01118500,41.383611,-71.833611,1999-03-01 10:15:00,1999-03-10 00:00:00,59.1822,1999-03-04 15:00:00,76.7500
01118500,41.383611,-71.833611,2000-03-12 14:45:00,2000-03-21 09:30:00,51.5367,2000-03-13 08:00:00,17.2500
01118500,41.383611,-71.833611,2000-04-22 07:00:00,2000-05-01 02:00:00,71.3585,2000-04-24 18:00:00,59.0000
01118500,41.383611,-71.833611,2000-06-07 18:00:00,2000-06-09 07:45:00,37.9446,2000-06-08 03:45:00,9.7500
01118500,41.383611,-71.833611,2000-06-12 11:15:00,2000-06-15 00:45:00,46.4396,2000-06-13 10:00:00,22.7500
01118500,41.383611,-71.833611,2000-12-18 05:45:00,2000-12-22 02:30:00,48.7050,2000-12-18 20:45:00,15.0000
01118500,41.383611,-71.833611,2001-03-13 15:30:00,2001-03-20 06:00:00,54.6515,2001-03-14 16:15:00,24.7500
01118500,41.383611,-71.833611,2001-05-25 23:45:00,2001-05-31 11:00:00,63.7129,2001-05-28 00:00:00,48.2500
01118500,41.383611,-71.833611,2001-06-02 19:45:00,2001-06-06 14:30:00,50.1208,2001-06-03 19:00:00,23.2500
01118500,41.383611,-71.833611,2001-06-13 14:15:00,2001-06-14 19:45:00,37.9446,2001-06-13 19:00:00,4.7500
01118500,41.383611,-71.833611,2001-06-17 21:45:00,2001-06-22 17:00:00,63.7129,2001-06-18 14:45:00,17.0000
01118500,41.383611,-71.833611,2002-05-14 19:45:00,2002-05-16 17:15:00,39.0772,2002-05-15 15:45:00,20.0000
01118500,41.383611,-71.833611,2002-05-18 18:45:00,2002-05-21 23:30:00,47.0060,2002-05-19 19:00:00,24.2500
01118500,41.383611,-71.833611,2002-12-15 10:00:00,2002-12-16 11:00:00,36.5287,2002-12-15 12:00:00,2.0000
01118500,41.383611,-71.833611,2002-12-21 09:30:00,2002-12-24 11:15:00,41.9089,2002-12-22 03:15:00,17.7500
01118500,41.383611,-71.833611,2003-01-03 23:15:00,2003-01-09 00:45:00,47.5723,2003-01-05 03:30:00,28.2500
01118500,41.383611,-71.833611,2003-02-23 23:45:00,2003-02-25 17:45:00,41.9089,2003-02-24 18:30:00,18.7500
01118500,41.383611,-71.833611,2003-03-02 22:45:00,2003-03-07 09:45:00,53.2357,2003-03-03 20:00:00,21.2500
01118500,41.383611,-71.833611,2003-03-21 17:15:00,2003-03-26 01:30:00,47.2891,2003-03-23 03:30:00,34.2500
01118500,41.383611,-71.833611,2003-03-30 11:30:00,2003-04-06 08:30:00,59.7485,2003-04-01 02:30:00,39.0000
01118500,41.383611,-71.833611,2003-04-10 20:00:00,2003-04-16 23:00:00,49.5545,2003-04-13 02:30:00,54.5000
01118500,41.383611,-71.833611,2003-04-23 17:00:00,2003-04-24 23:45:00,37.0951,2003-04-24 03:30:00,10.5000
01118500,41.383611,-71.833611,2003-04-26 19:45:00,2003-05-01 14:00:00,50.9703,2003-04-27 23:30:00,27.7500
01118500,41.383611,-71.833611,2003-05-27 07:45:00,2003-05-29 15:45:00,41.9089,2003-05-27 19:15:00,11.5000
01118500,41.383611,-71.833611,2003-06-06 03:00:00,2003-06-07 10:00:00,37.3782,2003-06-06 18:00:00,15.0000
01118500,41.383611,-71.833611,2003-06-15 00:45:00,2003-06-16 06:00:00,37.0951,2003-06-15 11:30:00,10.7500
01118500,41.383611,-71.833611,2003-10-29 22:45:00,2003-11-01 16:30:00,49.8377,2003-10-30 09:00:00,10.2500
01118500,41.383611,-71.833611,2003-12-16 01:45:00,2003-12-22 05:45:00,48.1386,2003-12-18 20:15:00,66.5000
01118500,41.383611,-71.833611,2004-02-07 14:45:00,2004-02-08 17:45:00,39.0772,2004-02-07 22:15:00,7.5000
01118500,41.383611,-71.833611,2004-04-01 18:00:00,2004-04-08 20:45:00,67.6773,2004-04-02 12:45:00,18.7500
01118500,41.383611,-71.833611,2004-04-13 21:30:00,2004-04-22 06:45:00,88.0654,2004-04-15 08:15:00,34.7500
01118500,41.383611,-71.833611,2004-04-27 07:30:00,2004-04-29 10:15:00,38.7941,2004-04-28 08:30:00,25.0000
01118500,41.383611,-71.833611,2004-12-02 02:00:00,2004-12-04 21:45:00,43.6079,2004-12-02 17:30:00,15.5000
01118500,41.383611,-71.833611,2004-12-11 05:00:00,2004-12-14 04:45:00,40.4931,2004-12-11 17:15:00,12.2500
01118500,41.383611,-71.833611,2005-01-15 01:45:00,2005-01-18 02:30:00,40.7763,2005-01-15 17:45:00,16.0000
01118500,41.383611,-71.833611,2005-02-15 19:30:00,2005-02-20 01:00:00,45.5901,2005-02-17 08:30:00,37.0000
01118500,41.383611,-71.833611,2005-03-29 02:00:00,2005-04-13 19:30:00,79.0040,2005-04-04 00:15:00,141.2500
01118500,41.383611,-71.833611,2005-05-01 05:00:00,2005-05-05 11:45:00,49.8377,2005-05-02 06:30:00,25.5000
01118500,41.383611,-71.833611,2005-10-14 23:30:00,2005-10-22 20:30:00,119.4971,2005-10-15 23:45:00,24.2500
01118500,41.383611,-71.833611,2005-10-25 14:15:00,2005-10-29 17:00:00,44.1743,2005-10-26 21:45:00,31.5000
01118500,41.383611,-71.833611,2005-11-22 21:30:00,2005-11-27 23:30:00,49.5545,2005-11-24 17:45:00,44.2500
01118500,41.383611,-71.833611,2005-12-01 04:15:00,2005-12-04 19:30:00,42.4753,2005-12-02 19:45:00,39.5000
01118500,41.383611,-71.833611,2005-12-16 23:00:00,2005-12-21 02:45:00,47.2891,2005-12-17 14:30:00,15.5000
01118500,41.383611,-71.833611,2005-12-27 07:15:00,2006-01-01 01:30:00,38.5109,2005-12-27 22:15:00,15.0000
01118500,41.383611,-71.833611,2006-01-03 13:15:00,2006-01-09 09:00:00,49.5545,2006-01-04 22:00:00,32.7500
01118500,41.383611,-71.833611,2006-01-15 07:00:00,2006-01-28 05:30:00,52.6693,2006-01-19 17:45:00,106.7500
01118500,41.383611,-71.833611,2006-02-03 18:15:00,2006-02-13 04:15:00,69.3763,2006-02-06 03:45:00,57.5000
01118500,41.383611,-71.833611,2006-05-13 00:15:00,2006-05-23 14:15:00,70.2258,2006-05-14 17:00:00,40.7500
01118500,41.383611,-71.833611,2006-06-04 15:15:00,2006-06-14 19:45:00,62.2971,2006-06-09 16:45:00,121.5000
01118500,41.383611,-71.833611,2006-06-25 11:45:00,2006-06-28 17:30:00,42.1921,2006-06-26 06:15:00,18.5000
01118500,41.383611,-71.833611,2006-10-28 20:15:00,2006-11-02 21:00:00,73.6238,2006-10-29 10:15:00,15.0000
01118500,41.383611,-71.833611,2006-11-09 07:00:00,2006-11-13 06:15:00,47.5723,2006-11-09 19:15:00,12.2500
01118500,41.383611,-71.833611,2006-11-14 19:00:00,2006-11-15 12:15:00,36.2456,2006-11-14 21:00:00,2.0000
01118500,41.383611,-71.833611,2006-11-17 08:00:00,2006-11-21 14:00:00,48.7050,2006-11-18 07:15:00,23.2500
01118500,41.383611,-71.833611,2006-11-24 03:15:00,2006-11-29 22:30:00,51.2535,2006-11-25 03:45:00,24.5000
01118500,41.383611,-71.833611,2007-01-01 22:00:00,2007-01-07 04:30:00,55.5010,2007-01-02 15:45:00,17.7500
01118500,41.383611,-71.833611,2007-01-08 10:15:00,2007-01-14 06:45:00,56.0674,2007-01-09 15:45:00,29.5000
01118500,41.383611,-71.833611,2007-03-02 16:00:00,2007-03-08 07:30:00,103.6397,2007-03-03 07:15:00,15.2500
01118500,41.383611,-71.833611,2007-03-17 11:30:00,2007-03-28 11:00:00,51.8198,2007-03-18 11:45:00,24.2500
01118500,41.383611,-71.833611,2007-04-05 05:00:00,2007-04-09 14:15:00,48.9881,2007-04-06 00:00:00,19.0000
01118500,41.383611,-71.833611,2007-04-13 02:30:00,2007-04-25 22:30:00,94.8614,2007-04-16 20:15:00,89.7500
01118500,41.383611,-71.833611,2007-04-27 14:15:00,2007-05-02 05:30:00,47.2891,2007-04-28 19:00:00,28.7500
01118500,41.383611,-71.833611,2008-02-14 06:00:00,2008-02-18 06:45:00,50.1208,2008-02-15 21:15:00,39.2500
01118500,41.383611,-71.833611,2008-03-08 11:45:00,2008-03-16 23:45:00,74.4733,2008-03-09 15:45:00,27.0000
01118500,41.383611,-71.833611,2008-03-20 09:30:00,2008-03-23 15:45:00,43.0416,2008-03-21 06:15:00,20.7500
01118500,41.383611,-71.833611,2008-04-05 14:30:00,2008-04-06 13:45:00,36.2456,2008-04-05 21:45:00,7.2500
01118500,41.383611,-71.833611,2008-04-30 03:15:00,2008-05-01 14:00:00,38.2277,2008-04-30 09:45:00,6.5000
01118500,41.383611,-71.833611,2008-09-27 18:15:00,2008-10-01 22:15:00,46.1565,2008-09-28 15:30:00,21.2500
01118500,41.383611,-71.833611,2008-12-12 06:45:00,2009-01-01 11:45:00,89.4812,2008-12-13 02:15:00,19.5000
01118500,41.383611,-71.833611,2009-01-08 01:30:00,2009-01-11 16:00:00,43.8911,2009-01-09 10:00:00,32.5000
01118500,41.383611,-71.833611,2009-03-10 04:30:00,2009-03-12 20:00:00,37.6614,2009-03-12 04:00:00,47.5000
01118500,41.383611,-71.833611,2009-04-07 02:45:00,2009-04-10 19:15:00,43.3248,2009-04-08 05:15:00,26.5000
01118500,41.383611,-71.833611,2009-04-12 03:15:00,2009-04-14 05:30:00,37.6614,2009-04-12 15:30:00,12.2500
01118500,41.383611,-71.833611,2009-04-21 20:45:00,2009-04-26 22:30:00,52.6693,2009-04-23 18:15:00,45.5000
01118500,41.383611,-71.833611,2009-05-07 22:15:00,2009-05-10 06:15:00,39.9268,2009-05-08 18:00:00,19.7500
01118500,41.383611,-71.833611,2009-07-01 16:45:00,2009-07-12 06:15:00,107.0377,2009-07-02 22:45:00,30.0000
01118500,41.383611,-71.833611,2009-07-24 08:00:00,2009-07-30 12:00:00,69.6594,2009-07-25 18:00:00,34.0000
01118500,41.383611,-71.833611,2009-12-04 03:15:00,2009-12-08 08:15:00,40.7763,2009-12-06 15:00:00,59.7500
01118500,41.383611,-71.833611,2009-12-09 16:15:00,2009-12-18 13:30:00,50.1208,2009-12-15 06:00:00,133.7500
01118500,41.383611,-71.833611,2009-12-27 19:15:00,2010-01-01 00:15:00,48.9881,2009-12-28 19:45:00,24.5000
01118500,41.383611,-71.833611,2010-01-19 14:15:00,2010-01-20 15:45:00,36.5287,2010-01-20 07:45:00,17.5000
01118500,41.383611,-71.833611,2010-01-27 02:15:00,2010-01-28 23:15:00,37.9446,2010-01-27 20:45:00,18.5000
01118500,41.383611,-71.833611,2010-02-24 17:30:00,2010-03-07 19:45:00,107.3208,2010-02-26 22:15:00,52.7500
01118500,41.383611,-71.833611,2010-12-13 13:30:00,2010-12-15 20:30:00,43.8911,2010-12-13 21:30:00,8.0000
01118500,41.383611,-71.833611,2011-02-26 01:45:00,2011-03-06 00:15:00,54.3683,2011-03-01 22:15:00,92.5000
01118500,41.383611,-71.833611,2011-03-07 05:45:00,2011-03-14 00:45:00,44.1743,2011-03-09 06:00:00,48.2500
01118500,41.383611,-71.833611,2011-04-17 11:00:00,2011-04-21 04:45:00,44.7406,2011-04-18 23:45:00,36.7500
01118500,41.383611,-71.833611,2011-05-18 20:45:00,2011-05-21 08:15:00,38.7941,2011-05-19 05:45:00,9.0000
01118500,41.383611,-71.833611,2011-08-16 00:15:00,2011-08-18 11:30:00,54.9347,2011-08-16 15:30:00,15.2500
01118500,41.383611,-71.833611,2011-09-08 16:30:00,2011-09-12 02:00:00,53.8020,2011-09-09 08:45:00,16.2500
01118500,41.383611,-71.833611,2011-10-20 15:00:00,2011-10-23 07:30:00,45.8733,2011-10-20 20:15:00,5.2500
01118500,41.383611,-71.833611,2011-10-30 11:45:00,2011-11-02 11:45:00,41.6258,2011-10-31 14:45:00,27.0000
01118500,41.383611,-71.833611,2011-11-23 22:15:00,2011-11-27 01:30:00,42.7584,2011-11-24 16:15:00,18.0000
01118500,41.383611,-71.833611,2011-12-08 03:00:00,2011-12-15 08:30:00,74.4733,2011-12-09 01:00:00,22.0000
01118500,41.383611,-71.833611,2012-04-24 01:00:00,2012-04-24 14:15:00,37.9446,2012-04-24 03:45:00,2.7500
01118500,41.383611,-71.833611,2012-05-10 13:15:00,2012-05-12 09:30:00,41.9089,2012-05-11 07:45:00,18.5000
01118500,41.383611,-71.833611,2013-06-08 11:30:00,2013-06-12 03:45:00,80.1367,2013-06-12 03:30:00,88.0000
01118500,41.383611,-71.833611,2014-01-03 14:00:00,2014-01-03 16:30:00,53.5188,2014-01-03 15:45:00,1.7500
01118500,41.383611,-71.833611,2014-01-15 00:15:00,2014-01-17 14:30:00,41.3426,2014-01-16 14:15:00,38.0000
01118500,41.383611,-71.833611,2014-03-30 10:15:00,2014-04-13 13:45:00,110.1525,2014-03-31 02:15:00,16.0000
01118500,41.383611,-71.833611,2014-04-16 00:45:00,2014-04-21 21:15:00,60.8812,2014-04-18 03:45:00,51.0000
01118500,41.383611,-71.833611,2014-04-30 02:30:00,2014-04-30 03:00:00,48.1386,2014-04-30 02:45:00,0.2500
01118500,41.383611,-71.833611,2014-05-01 10:00:00,2014-05-07 08:30:00,71.9248,2014-05-02 03:30:00,17.5000
01118500,41.383611,-71.833611,2014-11-24 14:15:00,2014-11-24 15:15:00,48.4218,2014-11-24 14:45:00,0.5000
01118500,41.383611,-71.833611,2014-12-10 13:45:00,2014-12-12 07:15:00,47.2891,2014-12-10 16:15:00,2.5000
01118500,41.383611,-71.833611,2015-02-02 13:30:00,2015-02-02 15:15:00,50.4040,2015-02-02 15:00:00,1.5000
01118500,41.383611,-71.833611,2015-03-15 04:00:00,2015-03-22 03:45:00,53.2357,2015-03-17 11:15:00,55.2500
01118500,41.383611,-71.833611,2015-03-27 08:00:00,2015-04-03 03:30:00,56.9169,2015-03-29 09:15:00,49.2500
01118500,41.383611,-71.833611,2015-04-04 11:45:00,2015-04-05 15:30:00,36.5287,2015-04-04 13:45:00,2.0000
01118500,41.383611,-71.833611,2015-12-24 12:00:00,2015-12-27 15:30:00,47.5723,2015-12-25 14:00:00,26.0000
01118500,41.383611,-71.833611,2016-01-11 10:30:00,2016-01-13 05:45:00,46.1565,2016-01-11 14:15:00,3.7500
01118500,41.383611,-71.833611,2016-01-24 13:15:00,2016-01-24 14:45:00,43.0416,2016-01-24 13:45:00,0.5000
01118500,41.383611,-71.833611,2016-02-05 17:30:00,2016-02-10 15:45:00,64.5624,2016-02-09 14:15:00,92.7500
01118500,41.383611,-71.833611,2016-02-17 06:45:00,2016-02-21 02:00:00,47.5723,2016-02-18 08:30:00,25.7500
01118500,41.383611,-71.833611,2016-02-25 13:45:00,2016-02-28 12:15:00,43.3248,2016-02-26 03:45:00,14.0000
01118500,41.383611,-71.833611,2016-03-16 05:45:00,2016-03-17 22:15:00,39.6436,2016-03-17 08:15:00,26.5000
01118500,41.383611,-71.833611,2016-04-07 23:15:00,2016-04-12 07:45:00,59.4654,2016-04-09 02:45:00,27.5000
01121000,41.843611,-72.169444,1991-08-19 20:30:00,1991-08-20 01:00:00,24.9755,1991-08-19 22:30:00,2.0000
01121000,41.843611,-72.169444,1993-03-29 16:30:00,1993-03-30 09:00:00,36.8119,1993-03-30 00:15:00,7.7500
01121000,41.843611,-72.169444,1993-11-29 01:30:00,1993-11-29 04:00:00,22.1438,1993-11-29 03:00:00,1.5000
01121000,41.843611,-72.169444,1993-12-05 20:30:00,1993-12-06 03:00:00,26.2780,1993-12-05 23:30:00,3.0000
01121000,41.843611,-72.169444,1996-01-20 03:30:00,1996-01-20 12:30:00,26.5046,1996-01-20 09:15:00,5.7500
01121000,41.843611,-72.169444,1996-01-27 23:15:00,1996-01-28 13:15:00,39.3604,1996-01-28 04:00:00,4.7500
01121000,41.843611,-72.169444,1996-04-16 16:15:00,1996-04-17 13:15:00,77.5882,1996-04-16 23:15:00,7.0000
01121000,41.843611,-72.169444,1996-10-20 12:30:00,1996-10-20 19:30:00,23.4463,1996-10-20 15:15:00,2.7500
01121000,41.843611,-72.169444,1996-11-26 17:30:00,1996-11-26 21:00:00,22.7951,1996-11-26 18:30:00,1.0000
01121000,41.843611,-72.169444,1996-12-02 13:00:00,1996-12-02 21:15:00,29.7327,1996-12-02 15:15:00,2.2500
01121000,41.843611,-72.169444,1996-12-17 21:30:00,1996-12-18 04:30:00,23.5596,1996-12-18 00:15:00,2.7500
01121000,41.843611,-72.169444,1998-03-09 16:15:00,1998-03-10 19:00:00,64.8456,1998-03-10 03:15:00,11.0000
01121000,41.843611,-72.169444,1998-06-30 16:45:00,1998-07-01 07:00:00,27.4390,1998-06-30 20:30:00,3.7500
01121000,41.843611,-72.169444,1999-01-19 03:15:00,1999-01-19 07:00:00,23.6163,1999-01-19 04:00:00,0.7500
01121000,41.843611,-72.169444,1999-02-03 02:15:00,1999-02-03 09:30:00,27.6372,1999-02-03 04:45:00,2.5000
01121000,41.843611,-72.169444,1999-03-04 08:45:00,1999-03-04 15:15:00,24.5507,1999-03-04 11:15:00,2.5000
01121000,41.843611,-72.169444,2000-04-22 05:15:00,2000-04-22 16:30:00,30.0159,2000-04-22 08:45:00,3.5000
01121000,41.843611,-72.169444,2000-12-18 00:45:00,2000-12-18 01:45:00,21.4642,2000-12-18 01:00:00,0.2500
01121000,41.843611,-72.169444,2001-03-22 07:30:00,2001-03-23 02:30:00,31.7149,2001-03-22 11:30:00,4.0000
01121000,41.843611,-72.169444,2001-03-30 18:00:00,2001-03-31 05:15:00,30.2990,2001-03-30 22:00:00,4.0000
01121000,41.843611,-72.169444,2001-06-17 19:30:00,2001-06-18 04:30:00,28.8832,2001-06-17 23:15:00,3.7500
01121000,41.843611,-72.169444,2003-05-26 23:30:00,2003-05-27 03:00:00,23.0216,2003-05-27 00:30:00,1.0000
01121000,41.843611,-72.169444,2003-10-29 16:45:00,2003-10-29 21:00:00,22.8517,2003-10-29 18:15:00,1.5000
01121000,41.843611,-72.169444,2003-12-18 01:45:00,2003-12-18 11:15:00,34.5466,2003-12-18 06:00:00,4.2500
01121000,41.843611,-72.169444,2004-04-14 01:15:00,2004-04-14 13:15:00,37.6614,2004-04-14 05:30:00,4.2500
01121000,41.843611,-72.169444,2004-09-18 17:30:00,2004-09-18 21:15:00,23.7578,2004-09-18 19:15:00,1.7500
01121000,41.843611,-72.169444,2005-01-14 15:30:00,2005-01-15 03:15:00,28.8832,2005-01-14 22:00:00,6.5000
01121000,41.843611,-72.169444,2005-04-03 07:00:00,2005-04-03 16:15:00,29.4495,2005-04-03 09:45:00,2.7500
01121000,41.843611,-72.169444,2005-04-24 08:15:00,2005-04-24 10:30:00,21.2943,2005-04-24 09:15:00,1.0000
01121000,41.843611,-72.169444,2005-10-15 03:30:00,2005-10-16 03:45:00,141.5842,2005-10-15 10:15:00,6.7500
01121000,41.843611,-72.169444,2006-02-05 14:00:00,2006-02-05 17:30:00,22.2004,2006-02-05 15:15:00,1.2500
01121000,41.843611,-72.169444,2006-06-03 23:45:00,2006-06-04 06:00:00,22.5968,2006-06-04 00:45:00,1.0000
01121000,41.843611,-72.169444,2006-06-07 20:15:00,2006-06-07 23:30:00,21.8606,2006-06-07 21:30:00,1.2500
01121000,41.843611,-72.169444,2006-06-25 14:00:00,2006-06-26 13:00:00,41.3426,2006-06-26 02:15:00,12.2500
01121000,41.843611,-72.169444,2007-04-16 01:45:00,2007-04-17 01:45:00,38.2277,2007-04-16 10:30:00,8.7500
01121000,41.843611,-72.169444,2008-09-07 06:00:00,2008-09-07 11:15:00,28.1469,2008-09-07 07:45:00,1.7500
01121000,41.843611,-72.169444,2008-12-12 07:15:00,2008-12-13 04:15:00,70.2258,2008-12-12 15:00:00,7.7500
01121000,41.843611,-72.169444,2009-07-03 00:00:00,2009-07-03 07:30:00,38.7941,2009-07-03 01:30:00,1.5000
01121000,41.843611,-72.169444,2009-07-24 10:15:00,2009-07-24 15:30:00,25.2586,2009-07-24 12:15:00,2.0000
01121000,41.843611,-72.169444,2010-01-25 21:15:00,2010-01-26 05:45:00,30.8654,2010-01-26 00:00:00,2.7500
01121000,41.843611,-72.169444,2010-02-26 03:45:00,2010-02-26 12:45:00,28.3168,2010-02-26 07:00:00,3.2500
01121000,41.843611,-72.169444,2010-03-14 10:30:00,2010-03-14 14:30:00,22.3420,2010-03-14 12:15:00,1.7500
01121000,41.843611,-72.169444,2010-03-29 21:30:00,2010-03-31 18:15:00,49.5545,2010-03-30 21:45:00,24.2500
01121000,41.843611,-72.169444,2011-03-07 05:30:00,2011-03-08 02:45:00,69.3763,2011-03-07 13:00:00,7.5000
01121000,41.843611,-72.169444,2011-03-11 14:30:00,2011-03-12 01:00:00,31.7149,2011-03-11 17:30:00,3.0000
01121000,41.843611,-72.169444,2011-04-17 08:45:00,2011-04-17 16:15:00,32.2812,2011-04-17 11:15:00,2.5000
01121000,41.843611,-72.169444,2011-05-18 05:15:00,2011-05-18 16:00:00,48.9881,2011-05-18 08:45:00,3.5000
01121000,41.843611,-72.169444,2011-08-15 18:45:00,2011-08-16 05:30:00,27.6372,2011-08-15 21:15:00,2.5000
01121000,41.843611,-72.169444,2011-08-28 13:45:00,2011-08-29 03:15:00,47.5723,2011-08-28 17:30:00,3.7500
01121000,41.843611,-72.169444,2011-12-08 07:15:00,2011-12-08 15:00:00,27.7222,2011-12-08 10:30:00,3.2500
01121000,41.843611,-72.169444,2013-06-08 04:15:00,2013-06-08 16:30:00,37.6614,2013-06-08 08:45:00,4.5000
01121000,41.843611,-72.169444,2013-06-14 08:30:00,2013-06-14 18:30:00,27.0709,2013-06-14 12:45:00,4.2500
01121000,41.843611,-72.169444,2014-03-30 09:30:00,2014-03-30 21:45:00,41.0594,2014-03-30 14:45:00,5.2500
01133000,44.633889,-71.898056,1998-03-31 00:00:00,1998-04-02 10:30:00,59.4654,1998-03-31 23:30:00,23.5000
01133000,44.633889,-71.898056,1999-09-17 10:00:00,1999-09-17 22:45:00,57.7664,1999-09-17 15:45:00,5.7500
01133000,44.633889,-71.898056,2000-04-04 14:30:00,2000-04-05 03:00:00,36.2456,2000-04-04 17:00:00,2.5000
01133000,44.633889,-71.898056,2001-04-22 19:30:00,2001-04-25 09:30:00,61.7307,2001-04-24 23:45:00,52.2500
01133000,44.633889,-71.898056,2002-04-14 06:00:00,2002-04-15 18:15:00,42.7584,2002-04-14 13:00:00,7.0000
01133000,44.633889,-71.898056,2002-04-18 09:30:00,2002-04-18 13:00:00,33.9802,2002-04-18 12:00:00,2.5000
01133000,44.633889,-71.898056,2002-06-12 06:30:00,2002-06-13 05:15:00,108.7367,2002-06-12 14:00:00,7.5000
01133000,44.633889,-71.898056,2003-03-30 00:15:00,2003-03-30 09:00:00,43.3248,2003-03-30 03:45:00,3.5000
01133000,44.633889,-71.898056,2003-10-28 03:15:00,2003-10-28 10:30:00,37.6614,2003-10-28 06:00:00,2.7500
01133000,44.633889,-71.898056,2005-09-01 03:15:00,2005-09-01 06:45:00,33.9802,2005-09-01 04:15:00,1.0000
01133000,44.633889,-71.898056,2005-10-16 01:15:00,2005-10-17 15:30:00,47.8555,2005-10-17 04:15:00,27.0000
01133000,44.633889,-71.898056,2006-12-02 05:00:00,2006-12-02 08:30:00,33.9802,2006-12-02 07:00:00,2.0000
01133000,44.633889,-71.898056,2007-04-23 22:15:00,2007-04-24 13:30:00,37.0951,2007-04-24 01:30:00,3.2500
01133000,44.633889,-71.898056,2007-05-16 19:00:00,2007-05-17 01:30:00,37.0951,2007-05-16 21:45:00,2.7500
01133000,44.633889,-71.898056,2007-10-28 00:00:00,2007-10-28 04:30:00,36.2456,2007-10-28 02:00:00,2.0000
01133000,44.633889,-71.898056,2008-04-18 23:30:00,2008-04-20 05:30:00,39.0772,2008-04-20 00:30:00,25.0000
01133000,44.633889,-71.898056,2008-04-29 14:00:00,2008-04-30 03:00:00,41.9089,2008-04-29 20:45:00,6.7500
01133000,44.633889,-71.898056,2008-07-25 08:45:00,2008-07-25 13:15:00,38.2277,2008-07-25 12:15:00,3.5000
01133000,44.633889,-71.898056,2008-10-26 06:45:00,2008-10-26 12:00:00,43.0416,2008-10-26 07:45:00,1.0000
01133000,44.633889,-71.898056,2009-07-30 06:45:00,2009-07-30 10:15:00,37.0951,2009-07-30 07:45:00,1.0000
01133000,44.633889,-71.898056,2009-12-03 19:15:00,2009-12-03 21:30:00,33.4139,2009-12-03 19:30:00,0.2500
01133000,44.633889,-71.898056,2010-03-23 14:30:00,2010-03-23 17:30:00,33.1307,2010-03-23 16:45:00,2.2500
01133000,44.633889,-71.898056,2010-08-04 05:30:00,2010-08-04 14:45:00,65.1287,2010-08-04 08:30:00,3.0000
01133000,44.633889,-71.898056,2010-10-01 08:30:00,2010-10-02 02:30:00,58.6159,2010-10-01 19:00:00,10.5000
01133000,44.633889,-71.898056,2011-04-11 18:00:00,2011-04-12 12:45:00,39.6436,2011-04-12 01:30:00,7.5000
01133000,44.633889,-71.898056,2011-04-27 04:30:00,2011-04-29 09:00:00,79.0040,2011-04-27 10:00:00,5.5000
01133000,44.633889,-71.898056,2011-05-28 04:00:00,2011-05-28 08:15:00,42.7584,2011-05-28 05:45:00,1.7500
01133000,44.633889,-71.898056,2011-08-28 19:30:00,2011-08-29 09:45:00,92.0298,2011-08-29 00:30:00,5.0000
01133000,44.633889,-71.898056,2013-04-20 05:30:00,2013-04-20 15:15:00,48.7050,2013-04-20 08:45:00,3.2500
01133000,44.633889,-71.898056,2013-05-24 02:30:00,2013-05-24 12:45:00,43.0416,2013-05-24 06:15:00,3.7500
01133000,44.633889,-71.898056,2013-05-25 14:00:00,2013-05-26 03:15:00,48.7050,2013-05-25 18:30:00,4.5000
01133000,44.633889,-71.898056,2014-04-15 00:00:00,2014-04-16 10:00:00,75.8891,2014-04-16 01:45:00,25.7500
01133000,44.633889,-71.898056,2014-05-17 14:45:00,2014-05-17 15:00:00,33.1307,2014-05-17 15:00:00,0.2500
01133000,44.633889,-71.898056,2016-02-25 17:30:00,2016-02-26 00:00:00,34.8297,2016-02-26 00:00:00,6.5000
01133000,44.633889,-71.898056,2016-04-01 19:30:00,2016-04-02 01:30:00,42.7584,2016-04-01 22:15:00,2.7500
01153550,43.191667,-72.485556,1990-10-24 12:00:00,1990-10-24 15:45:00,76.7387,1990-10-24 13:15:00,1.2500
01153550,43.191667,-72.485556,1990-11-10 23:30:00,1990-11-11 07:15:00,105.0555,1990-11-11 02:30:00,3.0000
01153550,43.191667,-72.485556,1990-12-24 09:30:00,1990-12-24 19:30:00,132.2397,1990-12-24 12:30:00,3.0000
01153550,43.191667,-72.485556,1991-04-21 20:30:00,1991-04-22 13:15:00,161.6892,1991-04-22 00:15:00,3.7500
01153550,43.191667,-72.485556,1993-03-29 07:24:00,1993-04-01 04:19:12,264.7625,1993-03-29 13:08:36,5.7433
01153550,43.191667,-72.485556,1995-10-28 17:00:00,1995-10-28 19:00:00,62.0139,1995-10-28 18:30:00,1.5000
01153550,43.191667,-72.485556,1995-11-12 10:30:00,1995-11-12 19:00:00,166.2199,1995-11-12 13:15:00,2.7500
01153550,43.191667,-72.485556,1996-01-27 20:45:00,1996-01-28 11:15:00,199.9169,1996-01-28 01:30:00,4.7500
01153550,43.191667,-72.485556,1996-04-16 15:15:00,1996-04-17 13:00:00,178.6793,1996-04-16 23:30:00,8.2500
01153550,43.191667,-72.485556,1996-04-23 06:45:00,1996-04-24 13:00:00,110.7189,1996-04-24 04:00:00,21.2500
01153550,43.191667,-72.485556,1996-05-01 03:45:00,1996-05-01 13:15:00,120.3466,1996-05-01 07:30:00,3.7500
01153550,43.191667,-72.485556,1996-06-12 23:15:00,1996-06-13 01:45:00,86.0832,1996-06-13 00:00:00,0.7500
01153550,43.191667,-72.485556,1996-11-09 14:45:00,1996-11-09 21:30:00,92.0298,1996-11-09 17:15:00,2.5000
01153550,43.191667,-72.485556,1996-12-02 11:15:00,1996-12-02 20:00:00,97.9763,1996-12-02 14:45:00,3.5000
01153550,43.191667,-72.485556,1996-12-25 03:45:00,1996-12-25 08:30:00,70.7921,1996-12-25 06:45:00,3.0000
01153550,43.191667,-72.485556,1997-04-07 18:30:00,1997-04-08 05:45:00,96.5604,1997-04-07 22:30:00,4.0000
01153550,43.191667,-72.485556,1997-04-19 10:30:00,1997-04-19 13:45:00,60.5981,1997-04-19 11:15:00,0.7500
01153550,43.191667,-72.485556,1997-04-28 17:15:00,1997-04-28 23:00:00,69.0931,1997-04-28 19:15:00,2.0000
01153550,43.191667,-72.485556,1997-11-02 06:45:00,1997-11-02 07:45:00,62.0139,1997-11-02 07:00:00,0.2500
01153550,43.191667,-72.485556,1998-01-08 11:15:00,1998-01-09 12:45:00,85.5169,1998-01-08 14:30:00,3.2500
01153550,43.191667,-72.485556,1998-03-28 20:00:00,1998-04-02 08:15:00,119.7803,1998-03-30 00:15:00,28.2500
01153550,43.191667,-72.485556,1998-06-14 14:30:00,1998-06-15 11:30:00,178.1130,1998-06-14 19:15:00,4.7500
01153550,43.191667,-72.485556,1999-03-22 14:45:00,1999-03-23 06:15:00,201.0496,1999-03-22 19:45:00,5.0000
01153550,43.191667,-72.485556,1999-04-01 23:00:00,1999-04-02 05:15:00,66.5446,1999-04-02 02:15:00,3.2500
01153550,43.191667,-72.485556,1999-05-20 04:00:00,1999-05-20 07:30:00,67.6773,1999-05-20 05:30:00,1.5000
01153550,43.191667,-72.485556,2000-03-28 14:15:00,2000-03-29 04:15:00,201.0496,2000-03-28 17:15:00,3.0000
01153550,43.191667,-72.485556,2000-04-04 12:30:00,2000-04-05 01:15:00,82.1189,2000-04-04 15:30:00,3.0000
01153550,43.191667,-72.485556,2000-07-31 18:45:00,2000-07-31 21:30:00,67.3941,2000-07-31 19:15:00,0.5000
01153550,43.191667,-72.485556,2001-04-13 22:00:00,2001-04-14 06:30:00,73.6238,2001-04-14 00:00:00,2.0000
01153550,43.191667,-72.485556,2001-04-22 00:00:00,2001-04-25 05:30:00,161.6892,2001-04-22 23:15:00,23.2500
01153550,43.191667,-72.485556,2002-04-01 14:15:00,2002-04-01 16:45:00,61.7307,2002-04-01 15:45:00,1.5000
01153550,43.191667,-72.485556,2002-05-13 22:30:00,2002-05-14 11:45:00,98.5426,2002-05-14 01:45:00,3.2500
01153550,43.191667,-72.485556,2003-03-29 22:00:00,2003-03-30 13:00:00,138.7525,2003-03-30 01:15:00,3.2500
01153550,43.191667,-72.485556,2003-04-15 23:00:00,2003-04-16 22:45:00,72.4911,2003-04-16 02:15:00,3.2500
01153550,43.191667,-72.485556,2003-08-03 22:15:00,2003-08-04 01:30:00,129.1248,2003-08-03 23:15:00,1.0000
01153550,43.191667,-72.485556,2003-08-18 03:15:00,2003-08-18 08:00:00,83.8179,2003-08-18 04:15:00,1.0000
01153550,43.191667,-72.485556,2003-09-28 23:15:00,2003-09-29 01:30:00,62.5802,2003-09-29 00:15:00,1.0000
01153550,43.191667,-72.485556,2003-10-29 15:30:00,2003-10-30 02:45:00,184.0595,2003-10-29 18:45:00,3.2500
01153550,43.191667,-72.485556,2003-11-20 14:15:00,2003-11-20 16:00:00,60.0317,2003-11-20 14:30:00,0.2500
01153550,43.191667,-72.485556,2003-11-29 07:15:00,2003-11-29 11:00:00,74.4733,2003-11-29 09:15:00,2.0000
01153550,43.191667,-72.485556,2003-12-25 02:15:00,2003-12-25 10:45:00,81.8357,2003-12-25 04:30:00,2.2500
01153550,43.191667,-72.485556,2004-04-01 21:45:00,2004-04-02 14:30:00,94.8614,2004-04-02 02:45:00,5.0000
01153550,43.191667,-72.485556,2004-09-18 20:00:00,2004-09-18 21:00:00,59.7485,2004-09-18 21:00:00,1.0000
01153550,43.191667,-72.485556,2004-12-01 18:15:00,2004-12-02 02:15:00,90.3307,2004-12-01 20:30:00,2.2500
01153550,43.191667,-72.485556,2005-03-29 01:00:00,2005-03-29 01:15:00,60.3149,2005-03-29 01:15:00,0.2500
01153550,43.191667,-72.485556,2005-04-02 18:45:00,2005-04-04 06:30:00,246.0734,2005-04-03 12:15:00,16.5000
01153550,43.191667,-72.485556,2005-04-24 09:45:00,2005-04-24 21:00:00,95.7109,2005-04-24 11:45:00,2.0000
01153550,43.191667,-72.485556,2005-10-09 00:30:00,2005-10-09 14:45:00,163.9545,2005-10-09 07:15:00,6.7500
01153550,43.191667,-72.485556,2005-10-15 06:00:00,2005-10-16 02:30:00,85.8000,2005-10-15 22:00:00,16.0000
01153550,43.191667,-72.485556,2005-10-25 12:45:00,2005-10-26 07:15:00,103.6397,2005-10-25 19:45:00,7.0000
01153550,43.191667,-72.485556,2005-11-10 07:45:00,2005-11-10 10:00:00,63.4297,2005-11-10 09:15:00,1.5000
01153550,43.191667,-72.485556,2005-11-30 10:15:00,2005-11-30 19:15:00,124.8773,2005-11-30 12:15:00,2.0000
01153550,43.191667,-72.485556,2006-01-14 18:15:00,2006-01-15 05:30:00,89.4812,2006-01-14 20:15:00,2.0000
01153550,43.191667,-72.485556,2006-01-18 19:00:00,2006-01-19 07:30:00,206.4298,2006-01-18 22:30:00,3.5000
01153550,43.191667,-72.485556,2006-02-05 13:00:00,2006-02-05 19:45:00,85.8000,2006-02-05 15:15:00,2.2500
01153550,43.191667,-72.485556,2006-04-04 14:30:00,2006-04-04 18:00:00,68.8099,2006-04-04 15:45:00,1.2500
01153550,43.191667,-72.485556,2006-05-14 01:30:00,2006-05-15 23:00:00,235.3130,2006-05-14 21:15:00,19.7500
01153550,43.191667,-72.485556,2006-05-19 19:00:00,2006-05-20 04:45:00,105.9050,2006-05-19 21:45:00,2.7500
01153550,43.191667,-72.485556,2006-06-08 06:30:00,2006-06-08 09:45:00,62.8634,2006-06-08 08:00:00,1.5000
01153550,43.191667,-72.485556,2006-06-28 20:00:00,2006-06-28 22:45:00,71.3585,2006-06-28 21:00:00,1.0000
01153550,43.191667,-72.485556,2006-07-13 02:15:00,2006-07-13 05:45:00,78.4377,2006-07-13 03:15:00,1.0000
01153550,43.191667,-72.485556,2006-10-28 17:45:00,2006-10-29 05:15:00,110.4357,2006-10-28 23:45:00,6.0000
01153550,43.191667,-72.485556,2006-11-09 05:00:00,2006-11-09 11:15:00,95.1446,2006-11-09 07:15:00,2.2500
01153550,43.191667,-72.485556,2006-11-17 06:15:00,2006-11-17 14:00:00,99.3921,2006-11-17 07:45:00,1.5000
01153550,43.191667,-72.485556,2007-01-08 17:30:00,2007-01-09 00:45:00,80.1367,2007-01-08 21:30:00,4.0000
01153550,43.191667,-72.485556,2007-04-16 11:30:00,2007-04-18 05:30:00,145.5486,2007-04-17 02:15:00,14.7500
01153550,43.191667,-72.485556,2007-04-19 20:30:00,2007-04-24 00:30:00,84.9505,2007-04-20 00:45:00,4.2500
01153550,43.191667,-72.485556,2008-03-08 23:45:00,2008-03-09 15:45:00,128.2753,2008-03-09 04:30:00,3.7500
01153550,43.191667,-72.485556,2008-04-02 04:00:00,2008-04-02 09:45:00,69.6594,2008-04-02 06:30:00,2.5000
01153550,43.191667,-72.485556,2008-04-10 20:45:00,2008-04-11 06:15:00,83.8179,2008-04-11 00:30:00,3.7500
01153550,43.191667,-72.485556,2008-04-12 18:00:00,2008-04-13 09:00:00,99.9585,2008-04-13 00:15:00,6.2500
01153550,43.191667,-72.485556,2008-04-29 05:45:00,2008-04-29 22:30:00,91.1802,2008-04-29 18:15:00,12.5000
01153550,43.191667,-72.485556,2008-10-26 05:15:00,2008-10-26 10:45:00,113.5506,2008-10-26 06:45:00,1.5000
01153550,43.191667,-72.485556,2008-12-12 12:30:00,2008-12-12 21:00:00,89.4812,2008-12-12 15:00:00,2.5000
01153550,43.191667,-72.485556,2009-03-30 07:15:00,2009-03-30 09:15:00,61.4476,2009-03-30 07:45:00,0.5000
01153550,43.191667,-72.485556,2009-04-04 00:15:00,2009-04-04 09:30:00,102.5070,2009-04-04 02:30:00,2.2500
01153550,43.191667,-72.485556,2009-07-31 18:15:00,2009-08-01 00:30:00,75.3228,2009-07-31 21:30:00,3.2500
01153550,43.191667,-72.485556,2009-10-24 22:15:00,2009-10-25 07:00:00,94.8614,2009-10-25 03:45:00,5.5000
01153550,43.191667,-72.485556,2009-12-03 15:15:00,2009-12-03 17:00:00,61.1644,2009-12-03 16:15:00,1.0000
01153550,43.191667,-72.485556,2010-03-23 08:00:00,2010-03-24 05:45:00,154.3268,2010-03-23 15:45:00,7.7500
01153550,43.191667,-72.485556,2010-03-31 04:00:00,2010-03-31 11:30:00,62.8634,2010-03-31 06:00:00,2.0000
01153550,43.191667,-72.485556,2010-10-01 15:15:00,2010-10-01 19:30:00,88.0654,2010-10-01 16:15:00,1.0000
01153550,43.191667,-72.485556,2010-10-15 14:45:00,2010-10-16 01:30:00,88.3486,2010-10-15 18:00:00,3.2500
01153550,43.191667,-72.485556,2010-10-26 09:30:00,2010-10-26 10:45:00,62.8634,2010-10-26 09:45:00,0.2500
01153550,43.191667,-72.485556,2010-12-02 01:00:00,2010-12-02 10:00:00,146.1149,2010-12-02 03:45:00,2.7500
01153550,43.191667,-72.485556,2010-12-13 02:30:00,2010-12-13 19:00:00,148.0971,2010-12-13 07:00:00,4.5000
01153550,43.191667,-72.485556,2011-03-11 17:30:00,2011-03-12 06:15:00,74.1901,2011-03-11 19:45:00,2.2500
01153550,43.191667,-72.485556,2011-03-18 19:45:00,2011-03-19 07:30:00,91.7466,2011-03-18 23:30:00,3.7500
01153550,43.191667,-72.485556,2011-04-12 01:00:00,2011-04-12 14:15:00,111.0020,2011-04-12 05:45:00,4.7500
01153550,43.191667,-72.485556,2011-04-13 20:00:00,2011-04-13 21:30:00,59.4654,2011-04-13 20:15:00,0.2500
01153550,43.191667,-72.485556,2011-04-17 09:00:00,2011-04-17 19:30:00,109.3030,2011-04-17 13:00:00,4.0000
01153550,43.191667,-72.485556,2011-08-28 14:15:00,2011-08-29 14:00:00,603.1488,2011-08-28 20:45:00,6.5000
01153550,43.191667,-72.485556,2011-09-06 07:15:00,2011-09-06 16:00:00,75.3228,2011-09-06 12:30:00,5.2500
01153550,43.191667,-72.485556,2011-09-07 17:30:00,2011-09-08 18:15:00,121.7624,2011-09-07 20:30:00,3.0000
01153550,43.191667,-72.485556,2011-09-29 18:30:00,2011-09-30 07:15:00,122.3288,2011-09-30 01:45:00,7.2500
01153550,43.191667,-72.485556,2011-10-14 22:30:00,2011-10-15 07:30:00,125.1605,2011-10-15 00:00:00,1.5000
01153550,43.191667,-72.485556,2011-11-30 08:45:00,2011-11-30 11:30:00,67.1109,2011-11-30 09:30:00,0.7500
01153550,43.191667,-72.485556,2011-12-08 07:15:00,2011-12-08 10:00:00,65.4119,2011-12-08 08:30:00,1.2500
01153550,43.191667,-72.485556,2013-04-11 06:00:00,2013-04-11 09:00:00,62.2971,2013-04-11 07:30:00,1.5000
01153550,43.191667,-72.485556,2013-07-03 04:15:00,2013-07-03 14:45:00,96.8436,2013-07-03 05:00:00,0.7500
01153550,43.191667,-72.485556,2014-04-08 22:00:00,2014-04-09 04:00:00,65.6951,2014-04-09 00:30:00,2.5000
01153550,43.191667,-72.485556,2014-04-12 03:45:00,2014-04-12 04:00:00,59.1822,2014-04-12 04:00:00,0.2500
01153550,43.191667,-72.485556,2014-07-28 22:00:00,2014-07-29 05:30:00,217.4734,2014-07-28 23:15:00,1.2500
01153550,43.191667,-72.485556,2014-08-13 22:00:00,2014-08-14 00:00:00,63.7129,2014-08-13 22:45:00,0.7500
01153550,43.191667,-72.485556,2015-04-13 23:15:00,2015-04-15 02:45:00,67.6773,2015-04-14 23:15:00,24.0000
01153550,43.191667,-72.485556,2015-04-21 11:45:00,2015-04-21 16:45:00,76.1723,2015-04-21 13:30:00,1.7500
01153550,43.191667,-72.485556,2016-02-25 06:45:00,2016-02-26 04:45:00,146.3981,2016-02-25 09:45:00,3.0000
01169000,42.638333,-72.725556,1990-10-24 08:00:00,1990-10-24 16:30:00,107.6040,1990-10-24 12:00:00,4.0000
01169000,42.638333,-72.725556,1990-11-10 23:30:00,1990-11-11 05:30:00,94.8614,1990-11-11 01:15:00,1.7500
01169000,42.638333,-72.725556,1991-04-21 20:30:00,1991-04-22 08:00:00,85.2337,1991-04-21 23:15:00,2.7500
01169000,42.638333,-72.725556,1991-11-23 06:15:00,1991-11-23 09:30:00,73.0575,1991-11-23 07:00:00,0.7500
01169000,42.638333,-72.725556,1992-03-11 10:45:00,1992-03-12 00:15:00,104.2060,1992-03-11 16:15:00,5.5000
01169000,42.638333,-72.725556,1992-03-27 07:00:00,1992-03-27 18:15:00,172.7328,1992-03-27 10:00:00,3.0000
01169000,42.638333,-72.725556,1992-05-03 04:15:00,1992-05-03 09:30:00,87.7822,1992-05-03 06:00:00,1.7500
01169000,42.638333,-72.725556,1992-06-06 10:30:00,1992-06-06 15:00:00,81.2693,1992-06-06 11:45:00,1.2500
01169000,42.638333,-72.725556,1993-03-30 05:00:00,1993-03-31 01:00:00,91.4634,1993-03-30 06:00:00,1.0000
01169000,42.638333,-72.725556,1993-04-11 02:00:00,1993-04-11 15:00:00,106.1882,1993-04-11 06:00:00,4.0000
01169000,42.638333,-72.725556,1993-04-17 06:00:00,1993-04-17 21:00:00,114.1169,1993-04-17 10:00:00,4.0000
01169000,42.638333,-72.725556,1993-04-23 03:00:00,1993-04-23 13:00:00,130.5407,1993-04-23 07:00:00,4.0000
01169000,42.638333,-72.725556,1993-11-28 20:00:00,1993-11-28 23:45:00,84.6674,1993-11-28 21:15:00,1.2500
01169000,42.638333,-72.725556,1993-12-21 19:45:00,1993-12-22 02:30:00,93.4456,1993-12-21 21:15:00,1.5000
01169000,42.638333,-72.725556,1994-04-13 22:15:00,1994-04-14 11:30:00,107.6040,1994-04-14 03:00:00,4.7500
01169000,42.638333,-72.725556,1994-04-16 17:30:00,1994-04-17 01:15:00,86.0832,1994-04-16 19:30:00,2.0000
01169000,42.638333,-72.725556,1995-10-21 20:45:00,1995-10-22 08:30:00,214.6417,1995-10-22 02:15:00,5.5000
01169000,42.638333,-72.725556,1995-10-28 12:15:00,1995-10-28 17:30:00,74.4733,1995-10-28 15:45:00,3.5000
01169000,42.638333,-72.725556,1995-11-12 08:30:00,1995-11-12 18:30:00,221.7209,1995-11-12 11:00:00,2.5000
01169000,42.638333,-72.725556,1996-01-27 20:45:00,1996-01-28 06:45:00,126.2931,1996-01-28 00:15:00,3.5000
01169000,42.638333,-72.725556,1996-04-16 17:30:00,1996-04-17 07:45:00,120.9129,1996-04-17 01:15:00,7.7500
01169000,42.638333,-72.725556,1996-05-01 05:00:00,1996-05-01 08:30:00,77.3050,1996-05-01 06:30:00,1.5000
01169000,42.638333,-72.725556,1996-07-13 21:30:00,1996-07-14 00:15:00,74.1901,1996-07-13 21:45:00,0.2500
01169000,42.638333,-72.725556,1996-10-20 14:45:00,1996-10-20 18:30:00,81.8357,1996-10-20 17:00:00,2.2500
01169000,42.638333,-72.725556,1996-11-09 11:15:00,1996-11-09 19:45:00,100.2416,1996-11-09 14:45:00,3.5000
01169000,42.638333,-72.725556,1996-12-02 10:30:00,1996-12-02 18:00:00,105.9050,1996-12-02 13:15:00,2.7500
01169000,42.638333,-72.725556,1997-11-02 02:30:00,1997-11-02 08:30:00,122.3288,1997-11-02 04:15:00,1.7500
01169000,42.638333,-72.725556,1999-03-04 10:00:00,1999-03-04 18:15:00,86.3664,1999-03-04 13:00:00,3.0000
01169000,42.638333,-72.725556,1999-03-22 12:00:00,1999-03-23 00:30:00,215.2080,1999-03-22 16:45:00,4.7500
01169000,42.638333,-72.725556,1999-05-20 02:45:00,1999-05-20 05:00:00,74.1901,1999-05-20 03:30:00,0.7500
01169000,42.638333,-72.725556,1999-09-17 01:00:00,1999-09-17 08:30:00,108.7367,1999-09-17 03:00:00,2.0000
01169000,42.638333,-72.725556,2000-03-28 14:30:00,2000-03-28 20:00:00,75.0396,2000-03-28 16:00:00,1.5000
01169000,42.638333,-72.725556,2000-06-07 04:30:00,2000-06-07 13:00:00,110.4357,2000-06-07 07:45:00,3.2500
01169000,42.638333,-72.725556,2000-07-16 05:45:00,2000-07-16 18:15:00,305.8219,2000-07-16 10:45:00,5.0000
01169000,42.638333,-72.725556,2000-12-17 18:30:00,2000-12-18 05:00:00,152.0615,2000-12-17 22:45:00,4.2500
01169000,42.638333,-72.725556,2001-04-13 21:45:00,2001-04-14 02:15:00,70.5089,2001-04-14 00:15:00,2.5000
01169000,42.638333,-72.725556,2001-04-22 19:45:00,2001-04-23 05:45:00,93.7288,2001-04-23 00:15:00,4.5000
01169000,42.638333,-72.725556,2001-06-03 04:00:00,2001-06-04 00:15:00,114.9664,2001-06-03 05:45:00,1.7500
01169000,42.638333,-72.725556,2002-05-13 23:30:00,2002-05-14 03:00:00,73.0575,2002-05-14 00:45:00,1.2500
01169000,42.638333,-72.725556,2003-03-30 00:00:00,2003-03-30 08:30:00,101.6575,2003-03-30 02:00:00,2.0000
01169000,42.638333,-72.725556,2003-09-28 18:45:00,2003-09-29 02:00:00,102.7902,2003-09-28 21:00:00,2.2500
01169000,42.638333,-72.725556,2003-10-29 14:30:00,2003-10-30 01:00:00,202.7486,2003-10-29 18:15:00,3.7500
01169000,42.638333,-72.725556,2003-11-20 11:15:00,2003-11-20 15:15:00,72.7743,2003-11-20 13:00:00,1.7500
01169000,42.638333,-72.725556,2003-12-18 01:15:00,2003-12-18 07:15:00,116.9486,2003-12-18 01:30:00,0.2500
01169000,42.638333,-72.725556,2003-12-25 03:00:00,2003-12-25 04:30:00,67.1109,2003-12-25 04:00:00,1.0000
01169000,42.638333,-72.725556,2004-04-01 17:30:00,2004-04-02 17:30:00,308.6536,2004-04-02 00:00:00,6.5000
01169000,42.638333,-72.725556,2004-09-18 13:15:00,2004-09-18 23:00:00,134.2219,2004-09-18 17:30:00,4.2500
01169000,42.638333,-72.725556,2005-03-29 12:30:00,2005-03-29 14:15:00,72.4911,2005-03-29 14:00:00,1.5000
01169000,42.638333,-72.725556,2005-04-02 17:45:00,2005-04-04 00:15:00,286.0002,2005-04-03 09:30:00,14.7500
01169000,42.638333,-72.725556,2005-04-24 06:45:00,2005-04-24 20:30:00,99.1090,2005-04-24 09:30:00,2.7500
01169000,42.638333,-72.725556,2005-10-08 19:30:00,2005-10-09 18:30:00,532.3567,2005-10-09 09:15:00,13.7500
01169000,42.638333,-72.725556,2005-10-15 03:00:00,2005-10-15 20:15:00,110.4357,2005-10-15 05:45:00,2.7500
01169000,42.638333,-72.725556,2005-10-25 13:45:00,2005-10-26 04:00:00,112.7010,2005-10-25 17:45:00,4.0000
01169000,42.638333,-72.725556,2005-11-30 10:30:00,2005-11-30 15:15:00,88.0654,2005-11-30 12:00:00,1.5000
01169000,42.638333,-72.725556,2006-01-14 16:15:00,2006-01-14 23:00:00,95.7109,2006-01-14 18:30:00,2.2500
01169000,42.638333,-72.725556,2006-01-18 18:30:00,2006-01-19 04:45:00,148.0971,2006-01-18 22:00:00,3.5000
01169000,42.638333,-72.725556,2006-02-05 13:00:00,2006-02-05 16:00:00,71.0753,2006-02-05 14:00:00,1.0000
01169000,42.638333,-72.725556,2006-05-13 08:30:00,2006-05-13 12:45:00,77.8713,2006-05-13 10:30:00,2.0000
01169000,42.638333,-72.725556,2006-05-14 17:45:00,2006-05-15 01:30:00,75.8891,2006-05-14 22:45:00,5.0000
01169000,42.638333,-72.725556,2006-10-28 17:30:00,2006-10-29 02:30:00,101.0911,2006-10-28 21:45:00,4.2500
01169000,42.638333,-72.725556,2006-11-09 02:45:00,2006-11-09 10:15:00,119.7803,2006-11-09 05:00:00,2.2500
01169000,42.638333,-72.725556,2006-11-17 05:15:00,2006-11-17 14:00:00,124.5941,2006-11-17 07:15:00,2.0000
01169000,42.638333,-72.725556,2007-04-16 06:30:00,2007-04-17 16:00:00,257.4001,2007-04-16 19:45:00,13.2500
01169000,42.638333,-72.725556,2008-03-08 21:45:00,2008-03-09 12:15:00,141.5842,2008-03-09 01:00:00,3.2500
01169000,42.638333,-72.725556,2008-04-12 20:30:00,2008-04-13 04:15:00,79.2872,2008-04-12 23:30:00,3.0000
01169000,42.638333,-72.725556,2008-04-29 14:15:00,2008-04-29 18:45:00,84.1010,2008-04-29 15:30:00,1.2500
01169000,42.638333,-72.725556,2008-10-26 05:15:00,2008-10-26 09:45:00,109.8694,2008-10-26 06:15:00,1.0000
01169000,42.638333,-72.725556,2008-12-12 09:15:00,2008-12-12 22:45:00,216.6239,2008-12-12 12:45:00,3.5000
01169000,42.638333,-72.725556,2009-04-03 23:00:00,2009-04-04 05:00:00,90.3307,2009-04-04 00:45:00,1.7500
01169000,42.638333,-72.725556,2009-07-30 08:45:00,2009-07-30 13:15:00,74.7565,2009-07-30 10:00:00,1.2500
01169000,42.638333,-72.725556,2009-10-25 03:15:00,2009-10-25 07:30:00,88.0654,2009-10-25 04:45:00,1.5000
01169000,42.638333,-72.725556,2010-01-25 21:30:00,2010-01-26 06:15:00,92.5961,2010-01-26 03:00:00,5.5000
01169000,42.638333,-72.725556,2010-03-23 08:00:00,2010-03-23 23:15:00,145.8318,2010-03-23 11:30:00,3.5000
01169000,42.638333,-72.725556,2010-03-30 21:45:00,2010-03-31 16:30:00,127.4258,2010-03-31 05:30:00,7.7500
01169000,42.638333,-72.725556,2010-10-01 14:45:00,2010-10-01 20:30:00,87.7822,2010-10-01 16:15:00,1.5000
01169000,42.638333,-72.725556,2010-12-01 23:00:00,2010-12-02 07:45:00,143.2832,2010-12-02 02:15:00,3.2500
01169000,42.638333,-72.725556,2010-12-13 03:15:00,2010-12-13 11:30:00,109.8694,2010-12-13 06:30:00,3.2500
01169000,42.638333,-72.725556,2011-03-07 05:00:00,2011-03-07 20:45:00,120.0634,2011-03-07 12:00:00,7.0000
01169000,42.638333,-72.725556,2011-03-11 12:45:00,2011-03-12 08:30:00,114.4001,2011-03-11 17:15:00,4.5000
01169000,42.638333,-72.725556,2011-03-18 20:45:00,2011-03-19 03:45:00,77.3050,2011-03-18 23:15:00,2.5000
01169000,42.638333,-72.725556,2011-04-17 08:45:00,2011-04-17 16:15:00,94.0119,2011-04-17 12:15:00,3.5000
01169000,42.638333,-72.725556,2011-06-23 01:45:00,2011-06-23 09:00:00,103.6397,2011-06-23 04:45:00,3.0000
01169000,42.638333,-72.725556,2011-08-28 11:45:00,2011-08-29 08:15:00,1503.6246,2011-08-28 17:00:00,5.2500
01169000,42.638333,-72.725556,2011-09-06 01:45:00,2011-09-08 01:30:00,141.0179,2011-09-07 15:45:00,38.0000
01169000,42.638333,-72.725556,2011-09-29 17:45:00,2011-10-01 03:45:00,80.9862,2011-09-30 03:00:00,9.2500
01169000,42.638333,-72.725556,2011-12-08 04:30:00,2011-12-08 12:00:00,131.6733,2011-12-08 08:45:00,4.2500
01169000,42.638333,-72.725556,2012-12-21 18:45:00,2012-12-22 01:45:00,109.8694,2012-12-21 21:15:00,2.5000
01169000,42.638333,-72.725556,2013-04-11 02:15:00,2013-04-11 10:00:00,84.6674,2013-04-11 03:15:00,1.0000
01169000,42.638333,-72.725556,2013-05-22 09:30:00,2013-05-22 10:00:00,67.3941,2013-05-22 09:45:00,0.2500
01169000,42.638333,-72.725556,2013-06-08 10:30:00,2013-06-08 12:45:00,71.3585,2013-06-08 11:00:00,0.5000
01169000,42.638333,-72.725556,2013-06-11 09:15:00,2013-06-11 15:00:00,72.7743,2013-06-11 11:45:00,2.5000
01169000,42.638333,-72.725556,2013-06-13 23:00:00,2013-06-14 12:15:00,77.5882,2013-06-14 01:00:00,2.0000
01169000,42.638333,-72.725556,2013-06-28 11:45:00,2013-06-28 15:45:00,77.8713,2013-06-28 14:30:00,2.7500
01169000,42.638333,-72.725556,2014-03-30 09:00:00,2014-03-30 13:45:00,83.2515,2014-03-30 09:45:00,0.7500
01169000,42.638333,-72.725556,2014-04-15 23:15:00,2014-04-16 02:15:00,73.0575,2014-04-16 00:15:00,1.0000
01169000,42.638333,-72.725556,2014-06-26 02:00:00,2014-06-26 07:15:00,158.8575,2014-06-26 03:15:00,1.2500
01169000,42.638333,-72.725556,2014-07-02 21:45:00,2014-07-03 01:30:00,152.0615,2014-07-02 22:30:00,0.7500
01169000,42.638333,-72.725556,2014-10-23 12:15:00,2014-10-23 21:45:00,112.7010,2014-10-23 16:30:00,4.2500
01169000,42.638333,-72.725556,2015-09-30 12:45:00,2015-09-30 18:30:00,139.8852,2015-09-30 14:45:00,2.0000
01169000,42.638333,-72.725556,2016-02-25 05:45:00,2016-02-25 20:45:00,225.4021,2016-02-25 07:45:00,2.0000
01185500,42.079167,-73.073333,1990-10-24 04:45:00,1990-10-24 18:30:00,94.5783,1990-10-24 09:15:00,4.5000
01185500,42.079167,-73.073333,1993-01-05 20:00:00,1993-01-06 03:00:00,50.9703,1993-01-05 22:45:00,2.7500
01185500,42.079167,-73.073333,1993-03-30 01:15:00,1993-04-01 03:30:00,58.6159,1993-03-30 05:15:00,4.0000
01185500,42.079167,-73.073333,1993-04-11 02:30:00,1993-04-12 04:00:00,52.9525,1993-04-11 18:15:00,15.7500
01185500,42.079167,-73.073333,1993-04-17 04:30:00,1993-04-18 09:45:00,73.3406,1993-04-17 09:15:00,4.7500
01185500,42.079167,-73.073333,1994-04-13 21:45:00,1994-04-14 15:00:00,57.2000,1994-04-14 03:45:00,6.0000
01185500,42.079167,-73.073333,1994-12-24 20:45:00,1994-12-25 01:00:00,49.2713,1994-12-24 22:00:00,1.2500
01185500,42.079167,-73.073333,1995-10-28 12:00:00,1995-10-29 04:45:00,77.3050,1995-10-28 12:45:00,0.7500
01185500,42.079167,-73.073333,1995-11-12 08:30:00,1995-11-12 23:30:00,108.1704,1995-11-12 10:30:00,2.0000
01185500,42.079167,-73.073333,1996-01-19 16:30:00,1996-01-20 12:30:00,116.0991,1996-01-19 19:00:00,2.5000
01185500,42.079167,-73.073333,1996-01-27 18:30:00,1996-01-29 01:00:00,126.5763,1996-01-27 23:15:00,4.7500
01185500,42.079167,-73.073333,1996-04-16 19:00:00,1996-04-17 14:00:00,68.5268,1996-04-17 00:00:00,5.0000
01185500,42.079167,-73.073333,1996-07-13 21:00:00,1996-07-14 08:00:00,63.7129,1996-07-14 00:15:00,3.2500
01185500,42.079167,-73.073333,1996-10-20 10:15:00,1996-10-21 17:15:00,63.7129,1996-10-20 16:45:00,6.5000
01185500,42.079167,-73.073333,1996-11-09 09:00:00,1996-11-09 23:45:00,67.3941,1996-11-09 14:15:00,5.2500
01185500,42.079167,-73.073333,1996-12-02 11:00:00,1996-12-02 17:30:00,54.9347,1996-12-02 12:15:00,1.2500
01185500,42.079167,-73.073333,1998-06-16 11:45:00,1998-06-16 13:15:00,49.2713,1998-06-16 12:15:00,0.5000
01185500,42.079167,-73.073333,1999-03-04 09:15:00,1999-03-04 13:15:00,51.8198,1999-03-04 10:00:00,0.7500
01185500,42.079167,-73.073333,1999-03-22 10:00:00,1999-03-23 04:45:00,103.3565,1999-03-22 15:15:00,5.2500
01185500,42.079167,-73.073333,1999-05-19 23:30:00,1999-05-20 13:15:00,67.3941,1999-05-20 02:15:00,2.7500
01185500,42.079167,-73.073333,1999-09-17 01:00:00,1999-09-17 03:45:00,56.0674,1999-09-17 02:00:00,1.0000
01185500,42.079167,-73.073333,2000-06-07 05:00:00,2000-06-07 21:00:00,66.5446,2000-06-07 07:30:00,2.5000
01185500,42.079167,-73.073333,2000-07-16 04:30:00,2000-07-16 09:30:00,60.3149,2000-07-16 06:15:00,1.7500
01185500,42.079167,-73.073333,2000-12-17 20:30:00,2000-12-18 01:00:00,52.1030,2000-12-17 22:30:00,2.0000
01185500,42.079167,-73.073333,2001-04-11 00:00:00,2001-04-11 01:45:00,46.4396,2001-04-11 00:15:00,0.2500
01185500,42.079167,-73.073333,2001-04-13 23:00:00,2001-04-14 08:45:00,50.9703,2001-04-14 02:30:00,3.5000
01185500,42.079167,-73.073333,2003-06-23 23:45:00,2003-06-24 06:45:00,65.6951,2003-06-24 02:00:00,2.2500
01185500,42.079167,-73.073333,2003-09-28 18:15:00,2003-09-28 20:15:00,47.8555,2003-09-28 19:45:00,1.5000
01185500,42.079167,-73.073333,2003-10-29 14:15:00,2003-10-30 04:45:00,80.1367,2003-10-29 16:15:00,2.0000
01185500,42.079167,-73.073333,2004-09-18 12:45:00,2004-09-19 12:45:00,95.7109,2004-09-18 17:00:00,4.2500
01185500,42.079167,-73.073333,2005-04-03 02:15:00,2005-04-04 12:15:00,98.2595,2005-04-03 06:30:00,3.2500
01185500,42.079167,-73.073333,2005-10-09 02:00:00,2005-10-10 05:30:00,192.5546,2005-10-09 07:00:00,5.0000
01185500,42.079167,-73.073333,2005-10-15 03:45:00,2005-10-15 17:00:00,56.0674,2005-10-15 06:45:00,3.0000
01185500,42.079167,-73.073333,2005-10-25 15:30:00,2005-10-26 03:00:00,50.1208,2005-10-25 18:15:00,2.7500
01185500,42.079167,-73.073333,2006-01-14 14:30:00,2006-01-15 11:45:00,70.5089,2006-01-14 19:00:00,4.5000
01185500,42.079167,-73.073333,2006-01-18 16:15:00,2006-01-19 15:00:00,97.6931,2006-01-18 21:15:00,5.0000
01185500,42.079167,-73.073333,2006-05-13 01:00:00,2006-05-13 09:45:00,53.2357,2006-05-13 06:00:00,5.0000
01185500,42.079167,-73.073333,2007-04-16 06:45:00,2007-04-18 11:30:00,214.6417,2007-04-16 13:30:00,6.7500
01185500,42.079167,-73.073333,2008-02-13 20:45:00,2008-02-14 02:00:00,54.0852,2008-02-13 23:15:00,2.5000
01185500,42.079167,-73.073333,2008-03-08 21:15:00,2008-03-09 19:30:00,70.5089,2008-03-09 03:15:00,5.0000
01185500,42.079167,-73.073333,2008-09-07 02:30:00,2008-09-07 07:15:00,62.5802,2008-09-07 03:45:00,1.2500
01185500,42.079167,-73.073333,2008-12-12 07:15:00,2008-12-13 00:00:00,90.6139,2008-12-12 12:45:00,5.5000
01185500,42.079167,-73.073333,2009-06-15 21:00:00,2009-06-15 23:00:00,86.9327,2009-06-15 21:30:00,0.5000
01185500,42.079167,-73.073333,2009-06-19 00:30:00,2009-06-19 04:30:00,48.7050,2009-06-19 03:00:00,2.5000
01185500,42.079167,-73.073333,2009-08-22 23:00:00,2009-08-23 06:30:00,107.6040,2009-08-22 23:45:00,0.7500
01185500,42.079167,-73.073333,2010-01-25 19:30:00,2010-01-26 06:15:00,59.1822,2010-01-25 21:45:00,2.2500
01185500,42.079167,-73.073333,2010-03-14 07:15:00,2010-03-16 04:15:00,60.8812,2010-03-14 09:45:00,2.5000
01185500,42.079167,-73.073333,2010-03-23 08:15:00,2010-03-23 19:00:00,55.7842,2010-03-23 09:45:00,1.5000
01185500,42.079167,-73.073333,2010-03-30 17:15:00,2010-03-31 17:15:00,68.8099,2010-03-30 22:00:00,4.7500
01185500,42.079167,-73.073333,2010-12-01 23:45:00,2010-12-02 01:00:00,47.5723,2010-12-02 00:30:00,0.7500
01185500,42.079167,-73.073333,2011-03-07 03:30:00,2011-03-08 08:00:00,116.6654,2011-03-07 10:30:00,7.0000
01185500,42.079167,-73.073333,2011-03-11 12:15:00,2011-03-12 07:30:00,55.5010,2011-03-11 14:45:00,2.5000
01185500,42.079167,-73.073333,2011-04-17 08:15:00,2011-04-17 15:00:00,54.3683,2011-04-17 11:45:00,3.5000
01185500,42.079167,-73.073333,2011-09-06 07:15:00,2011-09-09 10:15:00,89.7644,2011-09-08 13:45:00,54.5000
01185500,42.079167,-73.073333,2011-09-29 14:15:00,2011-10-01 16:30:00,141.3011,2011-09-29 15:15:00,1.0000
01185500,42.079167,-73.073333,2011-12-08 05:30:00,2011-12-08 09:00:00,50.9703,2011-12-08 06:45:00,1.2500
01185500,42.079167,-73.073333,2013-06-08 09:30:00,2013-06-08 13:00:00,52.1030,2013-06-08 10:15:00,0.7500
01185500,42.079167,-73.073333,2013-06-11 21:15:00,2013-06-12 01:30:00,47.2891,2013-06-11 23:00:00,1.7500
01185500,42.079167,-73.073333,2013-06-14 04:45:00,2013-06-14 22:15:00,56.6337,2013-06-14 11:30:00,6.7500
01185500,42.079167,-73.073333,2014-12-09 22:30:00,2014-12-10 12:45:00,59.7485,2014-12-10 01:15:00,2.7500
01185500,42.079167,-73.073333,2016-02-25 14:15:00,2016-02-26 09:30:00,62.0139,2016-02-25 15:15:00,1.0000
01199000,41.957222,-73.369722,1988-03-27 12:00:00,1988-03-30 15:15:00,163.6714,1988-03-28 22:15:00,34.2500
01199000,41.957222,-73.369722,1989-10-21 07:45:00,1989-10-24 02:00:00,167.6357,1989-10-22 03:45:00,20.0000
01199000,41.957222,-73.369722,1990-03-19 12:45:00,1990-03-24 13:00:00,181.7942,1990-03-22 02:30:00,61.7500
01199000,41.957222,-73.369722,1990-04-04 21:30:00,1990-04-06 07:15:00,142.7169,1990-04-05 18:00:00,20.5000
01199000,41.957222,-73.369722,1990-08-09 07:00:00,1990-08-10 03:00:00,126.5763,1990-08-09 19:30:00,12.5000
01199000,41.957222,-73.369722,1990-10-24 23:15:00,1990-10-26 22:00:00,158.2912,1990-10-25 09:45:00,10.5000
01199000,41.957222,-73.369722,1993-01-06 12:15:00,1993-01-07 17:00:00,131.6733,1993-01-06 21:30:00,9.2500
01199000,41.957222,-73.369722,1993-03-29 13:00:00,1993-04-05 15:30:00,256.5506,1993-04-01 06:45:00,65.7500
01199000,41.957222,-73.369722,1993-04-11 06:00:00,1993-04-15 11:30:00,163.3882,1993-04-13 11:00:00,53.0000
01199000,41.957222,-73.369722,1993-04-18 05:30:00,1993-04-19 23:30:00,128.2753,1993-04-18 17:45:00,12.2500
01199000,41.957222,-73.369722,1993-04-23 11:15:00,1993-04-26 11:15:00,138.1862,1993-04-24 09:30:00,22.2500
01199000,41.957222,-73.369722,1993-04-27 15:45:00,1993-04-28 09:00:00,126.0100,1993-04-28 01:00:00,9.2500
01199000,41.957222,-73.369722,1995-10-29 05:15:00,1995-10-29 21:00:00,132.5228,1995-10-29 12:15:00,7.0000
01199000,41.957222,-73.369722,1995-11-13 03:00:00,1995-11-13 19:45:00,131.6733,1995-11-13 08:45:00,5.7500
01199000,41.957222,-73.369722,1996-04-17 04:45:00,1996-04-20 06:30:00,152.3446,1996-04-18 03:45:00,23.0000
01199000,41.957222,-73.369722,1996-05-01 20:15:00,1996-05-03 08:00:00,130.8238,1996-05-02 09:15:00,13.0000
01199000,41.957222,-73.369722,1996-07-14 11:45:00,1996-07-19 02:00:00,202.7486,1996-07-17 00:30:00,60.7500
01199000,41.957222,-73.369722,1996-12-03 04:00:00,1996-12-05 00:45:00,135.0714,1996-12-03 13:30:00,9.5000
01199000,41.957222,-73.369722,1998-01-09 14:45:00,1998-01-12 15:45:00,154.0436,1998-01-11 02:45:00,36.0000
01199000,41.957222,-73.369722,1998-06-16 16:00:00,1998-06-19 09:00:00,151.2120,1998-06-17 20:15:00,28.2500
01199000,41.957222,-73.369722,1999-01-25 04:45:00,1999-01-27 19:45:00,188.0239,1999-01-25 15:15:00,10.5000
01199000,41.957222,-73.369722,1999-03-23 00:15:00,1999-03-25 10:15:00,154.3268,1999-03-23 09:00:00,8.7500
01199000,41.957222,-73.369722,1999-09-17 19:00:00,1999-09-18 13:15:00,137.6199,1999-09-18 00:45:00,5.7500
01199000,41.957222,-73.369722,2000-02-29 11:18:45,2000-03-01 13:02:00,126.5763,2000-02-29 23:32:00,12.2208
01199000,41.957222,-73.369722,2000-06-07 13:30:00,2000-06-11 05:00:00,182.3605,2000-06-08 14:15:00,24.7500
01199000,41.957222,-73.369722,2000-07-16 15:15:00,2000-07-18 11:15:00,156.3090,2000-07-17 05:00:00,13.7500
01199000,41.957222,-73.369722,2000-12-18 11:00:00,2000-12-20 18:45:00,158.8575,2000-12-18 22:15:00,11.2500
01199000,41.957222,-73.369722,2001-04-09 06:30:00,2001-04-18 19:15:00,212.3763,2001-04-12 05:00:00,70.5000
01199000,41.957222,-73.369722,2001-06-04 05:30:00,2001-06-06 04:15:00,131.3902,2001-06-04 23:30:00,18.0000
01199000,41.957222,-73.369722,2003-03-22 04:00:00,2003-04-03 00:30:00,187.1744,2003-03-23 21:15:00,41.2500
01199000,41.957222,-73.369722,2003-10-29 14:45:00,2003-11-01 23:45:00,161.1229,2003-10-30 17:00:00,26.2500
01199000,41.957222,-73.369722,2003-12-18 13:00:00,2003-12-21 00:00:00,152.6278,2003-12-19 02:45:00,13.7500
01199000,41.957222,-73.369722,2003-12-25 06:30:00,2003-12-28 23:45:00,184.9090,2003-12-26 14:45:00,32.2500
01199000,41.957222,-73.369722,2004-04-02 15:29:00,2004-04-05 01:29:00,127.7090,2004-04-03 00:29:00,9.0000
01199000,41.957222,-73.369722,2004-09-18 22:00:00,2004-09-22 00:45:00,164.5209,2004-09-19 17:30:00,19.5000
01199000,41.957222,-73.369722,2004-09-30 01:15:00,2004-10-01 00:30:00,126.8595,2004-09-30 11:30:00,10.2500
01199000,41.957222,-73.369722,2005-01-14 19:15:00,2005-01-17 04:45:00,160.8397,2005-01-15 08:15:00,13.0000
01199000,41.957222,-73.369722,2005-03-29 10:45:00,2005-04-09 02:30:00,254.8516,2005-04-04 11:45:00,144.0000
01199000,41.957222,-73.369722,2005-10-09 07:15:00,2005-10-13 13:30:00,291.6635,2005-10-10 20:00:00,36.7500
01199000,41.957222,-73.369722,2005-10-15 05:15:00,2005-10-17 22:00:00,180.9446,2005-10-15 21:30:00,16.2500
01199000,41.957222,-73.369722,2005-10-25 21:15:00,2005-10-29 08:15:00,159.7070,2005-10-26 20:00:00,22.7500
01199000,41.957222,-73.369722,2005-11-30 21:30:00,2005-12-04 01:30:00,175.5644,2005-12-02 00:00:00,26.5000
01199000,41.957222,-73.369722,2006-01-14 20:30:00,2006-01-16 04:45:00,172.1664,2006-01-15 23:30:00,27.0000
01199000,41.957222,-73.369722,2006-01-23 05:00:00,2006-01-23 09:59:46,128.2753,2006-01-23 05:44:46,0.7461
01199000,41.957222,-73.369722,2007-03-28 01:45:00,2007-03-31 15:15:00,154.0436,2007-03-29 14:15:00,36.5000
01199000,41.957222,-73.369722,2007-04-16 10:00:00,2007-04-22 04:15:00,308.6536,2007-04-18 04:00:00,42.0000
01199000,41.957222,-73.369722,2008-12-12 08:45:00,2008-12-17 20:30:00,286.0002,2008-12-13 20:15:00,35.5000
01199000,41.957222,-73.369722,2008-12-29 07:00:00,2008-12-30 16:00:00,127.7090,2008-12-29 23:15:00,16.2500
01199000,41.957222,-73.369722,2009-06-19 01:45:00,2009-06-24 11:15:00,175.5644,2009-06-22 14:00:00,84.2500
01199000,41.957222,-73.369722,2009-07-31 01:00:00,2009-08-05 01:00:00,203.5981,2009-08-02 00:45:00,47.7500
01199000,41.957222,-73.369722,2010-01-26 09:00:00,2010-01-28 13:15:00,157.4417,2010-01-26 22:45:00,13.7500
01199000,41.957222,-73.369722,2010-03-14 10:45:00,2010-03-19 15:45:00,185.1922,2010-03-16 10:30:00,47.7500
01199000,41.957222,-73.369722,2010-03-23 16:45:00,2010-03-27 04:00:00,155.1763,2010-03-24 19:00:00,26.2500
01199000,41.957222,-73.369722,2010-03-30 11:45:00,2010-04-03 18:00:00,185.7585,2010-03-31 15:45:00,28.0000
01199000,41.957222,-73.369722,2011-03-07 03:45:00,2011-03-22 08:45:00,334.1388,2011-03-09 01:45:00,46.0000
01199000,41.957222,-73.369722,2011-04-17 19:30:00,2011-04-19 17:45:00,147.8139,2011-04-18 04:45:00,9.2500
01199000,41.957222,-73.369722,2011-08-28 14:45:00,2011-09-02 13:00:00,339.8022,2011-08-30 08:15:00,41.5000
01199000,41.957222,-73.369722,2011-09-06 10:30:00,2011-09-13 15:45:00,413.4260,2011-09-09 09:00:00,70.5000
01199000,41.957222,-73.369722,2011-09-30 04:15:00,2011-10-03 20:30:00,163.9545,2011-09-30 16:15:00,12.0000
01199000,41.957222,-73.369722,2011-12-08 17:30:00,2011-12-11 08:00:00,157.1585,2011-12-09 05:45:00,12.2500
01199000,41.957222,-73.369722,2013-03-13 18:00:00,2013-03-14 15:45:00,129.9743,2013-03-13 23:15:00,5.2500
01199000,41.957222,-73.369722,2013-05-30 22:30:00,2013-05-31 13:00:00,128.2753,2013-05-31 02:30:00,4.0000
01199000,41.957222,-73.369722,2013-06-08 20:45:00,2013-06-10 01:45:00,142.7169,2013-06-09 08:00:00,11.2500
01199000,41.957222,-73.369722,2013-06-12 00:30:00,2013-06-18 14:30:00,224.2694,2013-06-15 02:00:00,73.5000
01199000,41.957222,-73.369722,2014-03-30 14:15:00,2014-04-03 15:00:00,191.7051,2014-04-01 00:00:00,33.7500
01199000,41.957222,-73.369722,2014-04-16 17:15:00,2014-04-18 02:30:00,131.9565,2014-04-17 02:00:00,8.7500
01199000,41.957222,-73.369722,2014-07-17 00:45:00,2014-07-18 01:15:00,143.5664,2014-07-17 12:15:00,11.5000
01199000,41.957222,-73.369722,2014-07-30 06:00:00,2014-08-01 05:30:00,134.5050,2014-07-31 07:45:00,25.7500
01199000,41.957222,-73.369722,2014-12-10 13:15:00,2014-12-12 11:45:00,145.2654,2014-12-10 21:15:00,8.0000
01199000,41.957222,-73.369722,2015-04-04 21:30:00,2015-04-06 15:30:00,139.0357,2015-04-06 03:15:00,29.7500
01199000,41.957222,-73.369722,2015-04-11 13:00:00,2015-04-12 19:45:00,125.7268,2015-04-12 13:00:00,24.0000
01199000,41.957222,-73.369722,2016-02-25 15:15:00,2016-02-28 23:30:00,182.9268,2016-02-26 19:15:00,28.0000
01200000,41.658889,-73.528889,1993-03-28 15:30:00,1993-03-31 07:30:00,93.1624,1993-03-30 02:00:00,34.5000
01200000,41.658889,-73.528889,1996-01-20 00:00:00,1996-01-22 04:30:00,148.0971,1996-01-20 20:30:00,20.5000
01200000,41.658889,-73.528889,1996-01-27 20:00:00,1996-01-29 12:30:00,137.0535,1996-01-28 14:30:00,18.5000
01200000,41.658889,-73.528889,1996-10-21 04:30:00,1996-10-21 07:30:00,77.3050,1996-10-21 06:00:00,1.5000
01200000,41.658889,-73.528889,1999-09-17 05:00:00,1999-09-17 23:30:00,106.4713,1999-09-17 06:45:00,1.7500
01200000,41.658889,-73.528889,2003-03-21 20:15:00,2003-03-23 18:15:00,108.7367,2003-03-22 11:30:00,15.2500
01200000,41.658889,-73.528889,2003-12-25 07:15:00,2003-12-26 04:30:00,90.0476,2003-12-25 18:15:00,11.0000
01200000,41.658889,-73.528889,2005-01-14 16:30:00,2005-01-15 04:45:00,111.0020,2005-01-15 04:45:00,12.2500
01200000,41.658889,-73.528889,2005-03-29 06:45:00,2005-03-30 21:15:00,112.9842,2005-03-30 01:45:00,19.0000
01200000,41.658889,-73.528889,2005-04-03 06:00:00,2005-04-04 12:15:00,94.2951,2005-04-03 22:45:00,16.7500
01200000,41.658889,-73.528889,2005-10-09 05:45:00,2005-10-10 11:00:00,130.5407,2005-10-09 11:30:00,5.7500
01200000,41.658889,-73.528889,2005-10-14 23:00:00,2005-10-17 03:30:00,208.9783,2005-10-15 09:15:00,10.2500
01200000,41.658889,-73.528889,2005-10-25 22:45:00,2005-10-27 04:15:00,93.4456,2005-10-26 14:30:00,15.7500
01200000,41.658889,-73.528889,2006-01-18 18:15:00,2006-01-20 08:15:00,127.7090,2006-01-19 12:45:00,18.5000
01200000,41.658889,-73.528889,2007-04-16 03:00:00,2007-04-19 07:15:00,273.2576,2007-04-16 21:45:00,18.7500
01200000,41.658889,-73.528889,2008-12-12 10:45:00,2008-12-14 03:45:00,141.3011,2008-12-13 07:00:00,20.2500
01200000,41.658889,-73.528889,2010-03-31 09:45:00,2010-03-31 20:45:00,81.2693,2010-03-31 14:45:00,5.0000
01200000,41.658889,-73.528889,2011-03-07 01:30:00,2011-03-09 20:15:00,227.9506,2011-03-07 23:15:00,21.7500
01200000,41.658889,-73.528889,2011-03-11 07:00:00,2011-03-13 19:00:00,177.5466,2011-03-12 04:45:00,21.7500
01200000,41.658889,-73.528889,2011-08-28 12:00:00,2011-08-30 09:45:00,216.3407,2011-08-28 21:45:00,9.7500
01200000,41.658889,-73.528889,2011-09-07 11:15:00,2011-09-10 07:00:00,145.2654,2011-09-08 17:45:00,30.5000
01200000,41.658889,-73.528889,2013-06-14 09:45:00,2013-06-15 16:45:00,96.5604,2013-06-15 04:00:00,18.2500
01206900,41.673611,-73.070000,2011-08-30 14:45:00,2011-08-31 03:00:00,107.8872,2011-08-30 15:00:00,0.2500
01102000,42.659722,-70.894167,1993-03-30 23:00:00,1993-04-06 07:00:00,71.0753,1993-04-02 05:00:00,54.0000
01102000,42.659722,-70.894167,1996-10-21 23:15:00,1996-10-28 05:15:00,88.3486,1996-10-23 20:00:00,44.7500
01102000,42.659722,-70.894167,1998-06-16 09:30:00,1998-06-20 04:15:00,55.2179,1998-06-17 14:30:00,29.0000
01102000,42.659722,-70.894167,2001-03-22 22:15:00,2001-04-02 23:45:00,86.0832,2001-03-25 05:00:00,54.7500
01102000,42.659722,-70.894167,2004-04-02 16:15:00,2004-04-08 04:30:00,68.5268,2004-04-04 10:30:00,41.2500
01102000,42.659722,-70.894167,2006-05-14 07:00:00,2006-05-23 16:00:00,130.2575,2006-05-16 16:00:00,57.0000
01102000,42.659722,-70.894167,2007-04-17 03:00:00,2007-04-22 12:45:00,54.6515,2007-04-19 02:00:00,47.0000
01102000,42.659722,-70.894167,2010-02-27 07:15:00,2010-03-03 09:15:00,53.5188,2010-02-28 04:00:00,20.7500
01102000,42.659722,-70.894167,2010-03-14 18:45:00,2010-03-27 00:00:00,111.8515,2010-03-17 08:30:00,61.7500
01102000,42.659722,-70.894167,2010-03-30 11:00:00,2010-04-06 15:00:00,78.1545,2010-04-01 23:45:00,60.7500
01102000,42.659722,-70.894167,2014-12-11 05:45:00,2014-12-13 19:30:00,51.8198,2014-12-12 02:45:00,21.0000
01049000,44.716667,-69.413889,1990-03-24 00:15:00,1990-03-24 02:45:00,151.4951,1990-03-24 00:30:00,0.2500
01049000,44.716667,-69.413889,1991-04-11 12:00:00,1991-04-14 07:15:00,149.5130,1991-04-12 17:45:00,29.7500
01049000,44.716667,-69.413889,1992-03-30 07:00:00,1992-04-02 11:30:00,163.6714,1992-03-31 02:00:00,19.0000
01049000,44.716667,-69.413889,1993-04-12 09:15:00,1993-04-28 05:45:00,275.2397,1993-04-15 09:45:00,72.5000
01049000,44.716667,-69.413889,1996-01-28 05:15:00,1996-02-03 19:15:00,207.8457,1996-01-31 01:00:00,67.7500
01049000,44.716667,-69.413889,1996-02-24 21:30:00,1996-02-29 13:45:00,170.1842,1996-02-26 20:00:00,46.5000
01049000,44.716667,-69.413889,1996-04-18 10:15:00,1996-04-22 02:15:00,164.5209,1996-04-19 20:30:00,34.2500
01049000,44.716667,-69.413889,1997-04-20 05:15:00,1997-04-22 22:15:00,150.3625,1997-04-21 20:30:00,39.2500
01049000,44.716667,-69.413889,1998-03-10 10:30:00,1998-03-14 04:45:00,229.3665,1998-03-12 14:45:00,52.2500
01049000,44.716667,-69.413889,1998-04-01 14:15:00,1998-04-08 22:45:00,213.7922,1998-04-04 18:30:00,76.2500
01049000,44.716667,-69.413889,1999-03-04 16:15:00,1999-03-08 03:00:00,161.6892,1999-03-06 09:30:00,41.2500
01049000,44.716667,-69.413889,2000-03-29 15:30:00,2000-04-12 07:45:00,214.0754,2000-04-01 04:00:00,60.5000
01049000,44.716667,-69.413889,2000-04-25 02:15:00,2000-04-30 01:15:00,199.3506,2000-04-26 18:45:00,40.5000
01049000,44.716667,-69.413889,2001-04-15 06:00:00,2001-04-28 06:00:00,211.5268,2001-04-19 01:30:00,91.5000
01049000,44.716667,-69.413889,2002-04-05 05:15:00,2002-04-07 16:00:00,153.4773,2002-04-06 05:15:00,24.0000
01049000,44.716667,-69.413889,2003-03-30 02:00:00,2003-04-04 23:30:00,192.8377,2003-04-02 19:45:00,89.7500
01049000,44.716667,-69.413889,2003-10-30 23:30:00,2003-11-02 20:00:00,151.2120,2003-11-01 01:30:00,26.0000
01049000,44.716667,-69.413889,2003-12-20 21:00:00,2003-12-22 13:30:00,143.5664,2003-12-21 12:30:00,15.5000
01049000,44.716667,-69.413889,2005-04-01 00:00:00,2005-04-14 09:45:00,280.9031,2005-04-06 00:15:00,119.2500
01049000,44.716667,-69.413889,2005-04-27 13:45:00,2005-05-06 04:15:00,250.0378,2005-05-01 00:15:00,82.5000
01049000,44.716667,-69.413889,2005-05-27 23:30:00,2005-06-01 16:30:00,188.0239,2005-05-29 15:30:00,40.0000
01049000,44.716667,-69.413889,2005-10-10 12:00:00,2005-10-22 23:00:00,233.0476,2005-10-18 21:00:00,201.0000
01049000,44.716667,-69.413889,2005-10-26 09:30:00,2005-10-31 21:30:00,190.8555,2005-10-28 15:30:00,54.0000
01049000,44.716667,-69.413889,2005-11-23 18:30:00,2005-11-27 11:45:00,165.0872,2005-11-25 12:15:00,41.7500
01049000,44.716667,-69.413889,2005-12-02 11:30:00,2005-12-06 19:45:00,176.4140,2005-12-04 09:15:00,45.7500
01049000,44.716667,-69.413889,2006-01-17 23:45:00,2006-01-23 02:45:00,156.8753,2006-01-21 08:00:00,80.2500
01049000,44.716667,-69.413889,2006-06-11 08:45:00,2006-06-16 03:15:00,177.2635,2006-06-13 16:30:00,55.7500
01049000,44.716667,-69.413889,2007-04-17 11:15:00,2007-04-30 23:00:00,297.3269,2007-04-20 04:45:00,65.5000
01049000,44.716667,-69.413889,2008-04-12 13:30:00,2008-04-23 18:00:00,167.0694,2008-04-15 17:30:00,76.0000
01049000,44.716667,-69.413889,2008-04-30 13:00:00,2008-05-06 18:30:00,206.1466,2008-05-02 13:45:00,48.7500
01049000,44.716667,-69.413889,2009-03-31 17:30:00,2009-03-31 21:30:00,185.4753,2009-03-31 18:15:00,0.7500
01049000,44.716667,-69.413889,2009-04-04 09:15:00,2009-04-14 08:30:00,219.1724,2009-04-09 16:15:00,127.0000
01049000,44.716667,-69.413889,2010-03-31 20:45:00,2010-04-05 18:45:00,187.4575,2010-04-02 23:30:00,50.7500
01049000,44.716667,-69.413889,2010-12-15 11:45:00,2010-12-19 02:00:00,169.0516,2010-12-16 23:45:00,36.0000
01049000,44.716667,-69.413889,2011-03-09 21:00:00,2011-03-17 08:45:00,167.0694,2011-03-11 00:30:00,27.5000
01049000,44.716667,-69.413889,2011-03-20 03:15:00,2011-03-22 01:15:00,180.9446,2011-03-20 23:30:00,20.2500
01049000,44.716667,-69.413889,2011-04-14 18:15:00,2011-04-23 06:30:00,175.2813,2011-04-20 03:00:00,128.7500
01054000,44.435833,-71.190278,1990-10-24 16:30:00,1990-10-26 17:15:00,353.9606,1990-10-25 04:45:00,12.2500
01054000,44.435833,-71.190278,1991-04-10 00:15:00,1991-04-12 23:30:00,402.0992,1991-04-10 17:30:00,17.2500
01054000,44.435833,-71.190278,1991-04-22 15:45:00,1991-04-22 21:45:00,258.2496,1991-04-22 18:45:00,3.0000
01054000,44.435833,-71.190278,1993-04-17 12:45:00,1993-04-20 15:45:00,336.9705,1993-04-17 21:30:00,8.7500
01054000,44.435833,-71.190278,1994-04-16 20:00:00,1994-04-19 17:45:00,351.1289,1994-04-17 11:30:00,15.5000
01054000,44.435833,-71.190278,1994-04-28 11:45:00,1994-04-30 04:30:00,302.9903,1994-04-28 13:15:00,1.5000
01054000,44.435833,-71.190278,1995-11-12 15:15:00,1995-11-12 22:15:00,269.2932,1995-11-12 19:00:00,3.7500
01054000,44.435833,-71.190278,1995-11-15 23:00:00,1995-11-16 04:45:00,262.2140,1995-11-16 03:45:00,4.7500
01054000,44.435833,-71.190278,1996-04-23 21:30:00,1996-05-09 06:30:00,470.0597,1996-04-24 18:00:00,20.5000
01054000,44.435833,-71.190278,1996-05-11 23:45:00,1996-05-17 07:15:00,345.4655,1996-05-13 01:00:00,25.2500
01054000,44.435833,-71.190278,1996-07-16 03:30:00,1996-07-23 21:00:00,302.9903,1996-07-17 00:30:00,21.0000
01054000,44.435833,-71.190278,1998-03-31 01:00:00,1998-04-05 10:15:00,577.6637,1998-04-01 12:15:00,35.2500
01054000,44.435833,-71.190278,1998-06-16 14:30:00,1998-06-19 17:15:00,382.2774,1998-06-17 11:45:00,21.2500
01054000,44.435833,-71.190278,1999-09-17 10:30:00,1999-09-18 22:45:00,328.4754,1999-09-17 18:45:00,8.2500
01054000,44.435833,-71.190278,2000-03-29 04:15:00,2000-03-29 21:00:00,269.0100,2000-03-29 17:00:00,12.7500
01054000,44.435833,-71.190278,2000-04-04 17:00:00,2000-04-06 10:15:00,319.9804,2000-04-05 08:00:00,15.0000
01054000,44.435833,-71.190278,2000-04-09 15:30:00,2000-04-11 14:00:00,393.6042,2000-04-10 05:15:00,13.7500
01054000,44.435833,-71.190278,2000-05-10 01:30:00,2000-05-20 03:00:00,467.2280,2000-05-12 02:00:00,48.5000
01054000,44.435833,-71.190278,2001-04-23 08:44:00,2001-04-29 01:44:00,492.7131,2001-04-25 11:29:00,50.7500
01054000,44.435833,-71.190278,2002-04-14 05:30:00,2002-04-21 06:15:00,453.0695,2002-04-18 18:45:00,109.2500
01054000,44.435833,-71.190278,2002-06-12 12:15:00,2002-06-14 11:45:00,416.2576,2002-06-12 23:15:00,11.0000
01054000,44.435833,-71.190278,2003-10-28 11:15:00,2003-10-31 12:30:00,328.4754,2003-10-30 08:45:00,45.5000
01054000,44.435833,-71.190278,2003-11-21 05:30:00,2003-11-21 08:15:00,259.9487,2003-11-21 06:45:00,1.2500
01054000,44.435833,-71.190278,2003-12-18 22:30:00,2003-12-22 19:30:00,281.1863,2003-12-19 09:30:00,11.0000
01054000,44.435833,-71.190278,2003-12-25 12:30:00,2003-12-27 01:15:00,286.0002,2003-12-26 05:15:00,16.7500
01054000,44.435833,-71.190278,2005-04-24 16:15:00,2005-04-30 16:00:00,319.9804,2005-04-25 06:15:00,14.0000
01054000,44.435833,-71.190278,2005-05-24 11:30:00,2005-05-25 00:00:00,269.5764,2005-05-24 15:15:00,3.7500
01054000,44.435833,-71.190278,2005-05-27 01:15:00,2005-06-01 18:00:00,302.9903,2005-05-27 11:15:00,10.0000
01054000,44.435833,-71.190278,2005-06-15 12:00:00,2005-06-16 05:00:00,272.9744,2005-06-15 13:45:00,1.7500
01054000,44.435833,-71.190278,2005-10-16 13:00:00,2005-10-20 01:45:00,455.9012,2005-10-17 14:30:00,25.5000
01054000,44.435833,-71.190278,2005-11-17 10:45:00,2005-11-19 17:30:00,302.9903,2005-11-18 05:00:00,18.2500
01054000,44.435833,-71.190278,2005-12-01 02:15:00,2005-12-02 17:15:00,288.8318,2005-12-01 10:45:00,8.5000
01054000,44.435833,-71.190278,2006-06-10 23:15:00,2006-06-14 08:30:00,365.2873,2006-06-11 14:45:00,15.5000
01054000,44.435833,-71.190278,2007-04-24 00:45:00,2007-04-27 16:30:00,373.7824,2007-04-25 08:00:00,31.2500
01054000,44.435833,-71.190278,2007-04-30 20:15:00,2007-05-03 01:15:00,274.1071,2007-05-02 11:00:00,38.7500
01054000,44.435833,-71.190278,2007-05-16 21:00:00,2007-05-23 21:15:00,421.9210,2007-05-17 12:45:00,15.7500
01054000,44.435833,-71.190278,2008-04-19 02:45:00,2008-04-27 06:00:00,325.6437,2008-04-24 18:45:00,136.0000
01054000,44.435833,-71.190278,2008-04-29 11:00:00,2008-05-02 15:00:00,373.7824,2008-04-30 04:45:00,17.7500
01054000,44.435833,-71.190278,2008-06-21 05:15:00,2008-06-23 23:15:00,276.6556,2008-06-21 16:30:00,11.2500
01054000,44.435833,-71.190278,2008-07-25 06:15:00,2008-07-26 11:30:00,291.6635,2008-07-25 18:30:00,12.2500
01054000,44.435833,-71.190278,2008-08-07 08:45:00,2008-08-10 05:30:00,305.8219,2008-08-08 02:30:00,17.7500
01054000,44.435833,-71.190278,2008-11-27 01:15:00,2008-11-27 02:45:00,270.4259,2008-11-27 01:30:00,0.2500
01054000,44.435833,-71.190278,2009-04-07 14:30:00,2009-04-07 21:00:00,261.6477,2009-04-07 17:45:00,3.2500
01054000,44.435833,-71.190278,2009-06-30 03:15:00,2009-07-01 04:30:00,275.8061,2009-06-30 14:45:00,11.5000
01054000,44.435833,-71.190278,2009-07-05 05:00:00,2009-07-06 23:45:00,270.4259,2009-07-05 14:15:00,9.2500
01054000,44.435833,-71.190278,2010-03-23 22:30:00,2010-03-25 11:30:00,353.9606,2010-03-24 08:15:00,9.7500
01054000,44.435833,-71.190278,2010-10-02 08:30:00,2010-10-02 16:15:00,265.8952,2010-10-02 11:15:00,2.7500
01054000,44.435833,-71.190278,2010-12-15 14:30:00,2010-12-16 01:00:00,261.3645,2010-12-15 17:00:00,2.5000
01054000,44.435833,-71.190278,2011-04-12 05:15:00,2011-04-15 17:15:00,302.9903,2011-04-12 20:15:00,15.0000
01054000,44.435833,-71.190278,2011-04-27 20:15:00,2011-05-08 04:00:00,368.1190,2011-04-29 10:15:00,38.0000
01054000,44.435833,-71.190278,2011-05-16 02:30:00,2011-05-21 01:30:00,317.1487,2011-05-16 14:15:00,11.7500
01054000,44.435833,-71.190278,2011-05-28 00:15:00,2011-06-03 00:00:00,444.5745,2011-05-30 21:45:00,69.5000
01054000,44.435833,-71.190278,2011-08-28 20:00:00,2011-08-29 17:00:00,356.7923,2011-08-29 09:00:00,13.0000
01054000,44.435833,-71.190278,2012-03-20 10:00:00,2012-03-21 19:30:00,274.3902,2012-03-20 17:45:00,7.7500
01054000,44.435833,-71.190278,2012-06-03 13:45:00,2012-06-07 01:45:00,328.4754,2012-06-04 18:00:00,28.2500
01054000,44.435833,-71.190278,2013-04-20 04:45:00,2013-04-21 23:00:00,317.1487,2013-04-20 19:45:00,15.0000
01054000,44.435833,-71.190278,2013-05-25 19:45:00,2013-05-30 23:45:00,396.4359,2013-05-26 17:45:00,22.0000
01054000,44.435833,-71.190278,2014-04-15 18:15:00,2014-04-18 23:00:00,478.5547,2014-04-16 14:30:00,20.2500
01054000,44.435833,-71.190278,2014-05-28 08:15:00,2014-05-29 00:15:00,286.0002,2014-05-28 15:30:00,7.2500
01054000,44.435833,-71.190278,2015-06-24 07:00:00,2015-06-25 06:15:00,276.9388,2015-06-24 14:45:00,7.7500
01064500,43.990833,-71.090556,1988-04-05 21:15:00,1988-04-06 08:15:00,223.9863,1988-04-06 01:15:00,4.0000
01064500,43.990833,-71.090556,1988-04-29 06:30:00,1988-04-30 18:00:00,605.9805,1988-04-29 15:15:00,8.7500
01064500,43.990833,-71.090556,1989-10-21 03:15:00,1989-10-21 22:15:00,385.1091,1989-10-21 11:00:00,7.7500
01064500,43.990833,-71.090556,1989-11-17 01:30:00,1989-11-17 16:00:00,370.9507,1989-11-17 06:45:00,5.2500
01064500,43.990833,-71.090556,1990-03-17 22:30:00,1990-03-18 19:15:00,246.0734,1990-03-18 09:15:00,10.7500
01064500,43.990833,-71.090556,1990-04-04 18:45:00,1990-04-05 01:30:00,199.9169,1990-04-04 21:15:00,2.5000
01064500,43.990833,-71.090556,1990-05-11 08:45:00,1990-05-11 21:45:00,319.9804,1990-05-11 12:45:00,4.0000
01064500,43.990833,-71.090556,1990-05-14 05:45:00,1990-05-14 17:45:00,253.4358,1990-05-14 10:00:00,4.2500
01064500,43.990833,-71.090556,1990-08-08 08:45:00,1990-08-08 20:00:00,237.0120,1990-08-08 15:30:00,6.7500
01064500,43.990833,-71.090556,1990-08-11 06:00:00,1990-08-12 08:45:00,501.2082,1990-08-11 13:45:00,7.7500
01064500,43.990833,-71.090556,1990-08-14 10:30:00,1990-08-14 20:00:00,258.5328,1990-08-14 13:45:00,3.2500
01064500,43.990833,-71.090556,1990-10-14 03:15:00,1990-10-14 16:45:00,221.4377,1990-10-14 05:45:00,2.5000
01064500,43.990833,-71.090556,1990-10-24 13:15:00,1990-10-25 07:15:00,413.4260,1990-10-24 20:15:00,7.0000
01064500,43.990833,-71.090556,1990-12-23 17:30:00,1990-12-26 01:30:00,741.9014,1990-12-24 18:45:00,25.2500
01064500,43.990833,-71.090556,1991-04-08 03:00:00,1991-04-08 06:15:00,182.3605,1991-04-08 04:00:00,1.0000
01064500,43.990833,-71.090556,1991-04-10 02:30:00,1991-04-10 10:45:00,213.5090,1991-04-10 05:45:00,3.2500
01064500,43.990833,-71.090556,1991-04-22 01:30:00,1991-04-23 12:15:00,342.6338,1991-04-22 06:15:00,4.7500
01064500,43.990833,-71.090556,1991-08-20 01:30:00,1991-08-20 16:15:00,441.7428,1991-08-20 08:00:00,6.5000
01064500,43.990833,-71.090556,1991-10-06 17:30:00,1991-10-07 16:45:00,427.5844,1991-10-07 04:00:00,10.5000
01064500,43.990833,-71.090556,1991-10-16 18:30:00,1991-10-17 00:45:00,210.3942,1991-10-16 21:15:00,2.7500
01064500,43.990833,-71.090556,1992-03-12 05:00:00,1992-03-12 14:30:00,351.1289,1992-03-12 05:15:00,0.2500
01064500,43.990833,-71.090556,1992-03-27 18:45:00,1992-03-28 05:45:00,250.6041,1992-03-27 21:45:00,3.0000
01064500,43.990833,-71.090556,1992-04-22 02:45:00,1992-04-23 07:15:00,187.1744,1992-04-23 03:45:00,25.0000
01064500,43.990833,-71.090556,1992-11-13 16:45:00,1992-11-13 23:30:00,228.5170,1992-11-13 19:30:00,2.7500
01064500,43.990833,-71.090556,1993-04-11 04:45:00,1993-04-13 19:00:00,319.9804,1993-04-11 14:00:00,9.2500
01064500,43.990833,-71.090556,1993-04-17 12:00:00,1993-04-18 19:15:00,583.3270,1993-04-17 22:45:00,10.7500
01064500,43.990833,-71.090556,1993-04-23 15:45:00,1993-04-23 21:45:00,191.4219,1993-04-23 18:15:00,2.5000
01064500,43.990833,-71.090556,1993-11-28 23:15:00,1993-11-29 21:00:00,506.8716,1993-11-29 07:30:00,8.2500
01064500,43.990833,-71.090556,1994-04-16 00:30:00,1994-04-17 19:15:00,302.9903,1994-04-17 04:00:00,27.5000
01064500,43.990833,-71.090556,1994-04-28 00:15:00,1994-04-28 19:30:00,271.8417,1994-04-28 06:45:00,6.5000
01064500,43.990833,-71.090556,1994-05-08 22:00:00,1994-05-09 05:30:00,216.0575,1994-05-09 00:45:00,2.7500
01064500,43.990833,-71.090556,1995-10-22 01:30:00,1995-10-22 23:45:00,659.7825,1995-10-22 12:30:00,11.0000
01064500,43.990833,-71.090556,1995-10-28 13:45:00,1995-10-29 16:45:00,702.2578,1995-10-28 22:15:00,8.5000
01064500,43.990833,-71.090556,1995-11-12 12:15:00,1995-11-13 13:15:00,866.4955,1995-11-12 21:15:00,9.0000
01064500,43.990833,-71.090556,1995-11-15 20:00:00,1995-11-16 06:15:00,208.6952,1995-11-15 23:15:00,3.2500
01064500,43.990833,-71.090556,1996-01-20 00:15:00,1996-01-21 00:45:00,594.6538,1996-01-20 10:15:00,10.0000
01064500,43.990833,-71.090556,1996-04-17 06:30:00,1996-04-17 18:00:00,233.6140,1996-04-17 10:45:00,4.2500
01064500,43.990833,-71.090556,1996-04-21 23:15:00,1996-04-25 12:45:00,495.5448,1996-04-24 11:15:00,60.0000
01064500,43.990833,-71.090556,1996-04-27 05:30:00,1996-04-28 06:15:00,270.7091,1996-04-27 12:15:00,6.7500
01064500,43.990833,-71.090556,1996-05-01 10:00:00,1996-05-02 11:00:00,356.7923,1996-05-01 15:30:00,5.5000
01064500,43.990833,-71.090556,1996-05-12 07:30:00,1996-05-12 19:15:00,209.5447,1996-05-12 11:15:00,3.7500
01064500,43.990833,-71.090556,1996-07-14 04:00:00,1996-07-14 16:30:00,336.9705,1996-07-14 08:00:00,4.0000
01064500,43.990833,-71.090556,1996-10-21 17:45:00,1996-10-23 07:45:00,651.2875,1996-10-22 08:15:00,14.5000
01064500,43.990833,-71.090556,1996-11-09 19:15:00,1996-11-10 04:45:00,319.9804,1996-11-10 02:15:00,7.0000
01064500,43.990833,-71.090556,1997-04-18 22:30:00,1997-04-20 14:45:00,399.2675,1997-04-19 12:30:00,14.0000
01064500,43.990833,-71.090556,1997-05-02 11:00:00,1997-05-02 11:45:00,178.9625,1997-05-02 11:30:00,0.5000
01064500,43.990833,-71.090556,1997-11-02 10:00:00,1997-11-03 17:30:00,348.2972,1997-11-03 09:00:00,23.0000
01064500,43.990833,-71.090556,1998-03-10 09:45:00,1998-03-10 22:00:00,193.1209,1998-03-10 14:00:00,4.2500
01064500,43.990833,-71.090556,1998-03-29 00:00:00,1998-04-02 15:15:00,404.9309,1998-04-01 03:45:00,75.7500
01064500,43.990833,-71.090556,1998-05-06 15:00:00,1998-05-07 15:30:00,345.4655,1998-05-06 20:45:00,5.7500
01064500,43.990833,-71.090556,1998-06-13 23:15:00,1998-06-18 05:15:00,1033.5649,1998-06-15 01:45:00,26.5000
01064500,43.990833,-71.090556,1998-10-11 14:30:00,1998-10-11 19:30:00,196.8021,1998-10-11 16:30:00,2.0000
01064500,43.990833,-71.090556,1999-03-04 19:00:00,1999-03-05 03:45:00,243.8080,1999-03-04 21:45:00,2.7500
01064500,43.990833,-71.090556,1999-05-20 08:00:00,1999-05-20 11:30:00,193.6872,1999-05-20 09:30:00,1.5000
01064500,43.990833,-71.090556,1999-09-17 04:15:00,1999-09-18 14:30:00,693.7627,1999-09-17 13:45:00,9.5000
01064500,43.990833,-71.090556,1999-10-23 19:45:00,1999-10-24 06:45:00,267.0279,1999-10-24 00:30:00,4.7500
01064500,43.990833,-71.090556,1999-11-03 14:15:00,1999-11-03 23:15:00,262.4972,1999-11-03 17:45:00,3.5000
01064500,43.990833,-71.090556,2000-04-04 13:45:00,2000-04-05 19:30:00,351.1289,2000-04-04 21:15:00,7.5000
01064500,43.990833,-71.090556,2000-04-09 15:30:00,2000-04-10 16:00:00,535.1884,2000-04-10 00:45:00,9.2500
01064500,43.990833,-71.090556,2000-12-18 01:00:00,2000-12-18 23:15:00,574.8320,2000-12-18 10:45:00,9.7500
01064500,43.990833,-71.090556,2001-04-22 22:45:00,2001-04-25 23:00:00,396.4359,2001-04-25 05:00:00,54.2500
01064500,43.990833,-71.090556,2001-05-04 04:15:00,2001-05-04 06:00:00,179.8120,2001-05-04 04:30:00,0.2500
01064500,43.990833,-71.090556,2002-04-14 05:30:00,2002-04-16 10:00:00,642.7924,2002-04-14 15:30:00,10.0000
01064500,43.990833,-71.090556,2002-04-18 02:00:00,2002-04-18 09:45:00,204.4476,2002-04-18 05:00:00,3.0000
01064500,43.990833,-71.090556,2002-06-12 21:15:00,2002-06-13 04:45:00,217.1902,2002-06-13 00:15:00,3.0000
01064500,43.990833,-71.090556,2003-03-30 05:45:00,2003-03-30 19:00:00,239.5605,2003-03-30 10:00:00,4.2500
01064500,43.990833,-71.090556,2003-08-10 12:30:00,2003-08-11 03:30:00,331.3071,2003-08-10 18:45:00,6.2500
01064500,43.990833,-71.090556,2003-10-15 17:45:00,2003-10-16 06:15:00,365.2873,2003-10-15 22:15:00,4.5000
01064500,43.990833,-71.090556,2003-10-28 03:15:00,2003-10-30 16:15:00,413.4260,2003-10-28 10:00:00,6.7500
01064500,43.990833,-71.090556,2003-11-20 16:30:00,2003-11-21 05:45:00,325.6437,2003-11-20 20:45:00,4.2500
01064500,43.990833,-71.090556,2003-11-29 12:15:00,2003-11-29 22:15:00,233.8972,2003-11-29 16:30:00,4.2500
01064500,43.990833,-71.090556,2003-12-12 05:00:00,2003-12-12 17:15:00,300.1586,2003-12-12 09:00:00,4.0000
01064500,43.990833,-71.090556,2003-12-25 07:15:00,2003-12-26 04:30:00,240.4100,2003-12-25 10:30:00,3.2500
01064500,43.990833,-71.090556,2004-04-14 09:15:00,2004-04-14 23:30:00,242.1090,2004-04-14 14:00:00,4.7500
01064500,43.990833,-71.090556,2004-11-29 04:45:00,2004-11-29 18:30:00,334.1388,2004-11-29 09:45:00,5.0000
01064500,43.990833,-71.090556,2004-12-24 06:00:00,2004-12-24 18:15:00,353.9606,2004-12-24 10:45:00,4.7500
01064500,43.990833,-71.090556,2005-04-03 14:15:00,2005-04-04 17:45:00,489.8814,2005-04-03 22:45:00,8.5000
01064500,43.990833,-71.090556,2005-04-21 06:30:00,2005-04-21 20:30:00,281.4695,2005-04-21 12:00:00,5.5000
01064500,43.990833,-71.090556,2005-04-24 08:00:00,2005-04-25 23:30:00,713.5845,2005-04-25 01:00:00,17.0000
01064500,43.990833,-71.090556,2005-04-28 00:45:00,2005-04-29 11:00:00,393.6042,2005-04-28 09:00:00,8.2500
01064500,43.990833,-71.090556,2005-05-24 11:00:00,2005-05-24 21:15:00,208.4120,2005-05-24 15:15:00,4.2500
01064500,43.990833,-71.090556,2005-05-27 06:00:00,2005-05-27 09:00:00,181.2278,2005-05-27 08:00:00,2.0000
01064500,43.990833,-71.090556,2005-09-01 08:15:00,2005-09-01 13:00:00,217.1902,2005-09-01 10:00:00,1.7500
01064500,43.990833,-71.090556,2005-10-09 08:30:00,2005-10-10 03:30:00,351.1289,2005-10-09 17:15:00,8.7500
01064500,43.990833,-71.090556,2005-10-15 13:15:00,2005-10-17 21:00:00,370.9507,2005-10-16 04:30:00,15.2500
01064500,43.990833,-71.090556,2005-10-25 22:00:00,2005-10-26 16:45:00,244.0912,2005-10-26 08:00:00,10.0000
01064500,43.990833,-71.090556,2005-11-17 07:45:00,2005-11-17 18:15:00,222.8536,2005-11-17 12:30:00,4.7500
01064500,43.990833,-71.090556,2005-11-30 17:30:00,2005-12-01 09:45:00,233.0476,2005-11-30 21:00:00,3.5000
01064500,43.990833,-71.090556,2006-01-15 01:15:00,2006-01-15 09:45:00,222.8536,2006-01-15 04:45:00,3.5000
01064500,43.990833,-71.090556,2006-01-18 23:30:00,2006-01-19 16:30:00,438.9111,2006-01-19 06:00:00,6.5000
01064500,43.990833,-71.090556,2006-05-13 15:15:00,2006-05-17 15:00:00,379.4457,2006-05-14 16:45:00,25.5000
01064500,43.990833,-71.090556,2006-05-20 02:15:00,2006-05-20 15:00:00,215.4912,2006-05-20 05:15:00,3.0000
01064500,43.990833,-71.090556,2006-10-21 04:15:00,2006-10-21 13:00:00,256.8338,2006-10-21 07:30:00,3.2500
01064500,43.990833,-71.090556,2006-10-28 22:15:00,2006-10-30 02:00:00,654.1192,2006-10-29 08:00:00,10.7500
01064500,43.990833,-71.090556,2006-11-17 11:15:00,2006-11-18 11:15:00,484.2181,2006-11-17 20:15:00,9.0000
01064500,43.990833,-71.090556,2007-04-17 02:15:00,2007-04-17 05:00:00,179.8120,2007-04-17 03:15:00,1.0000
01064500,43.990833,-71.090556,2007-04-23 21:00:00,2007-04-25 13:00:00,276.0893,2007-04-24 05:30:00,8.5000
01064500,43.990833,-71.090556,2007-11-16 03:30:00,2007-11-16 06:00:00,181.2278,2007-11-16 04:30:00,1.0000
01064500,43.990833,-71.090556,2008-04-13 01:45:00,2008-04-13 11:00:00,196.5189,2008-04-13 05:30:00,3.7500
01064500,43.990833,-71.090556,2008-04-19 00:45:00,2008-04-25 11:15:00,248.9051,2008-04-24 06:30:00,125.7500
01064500,43.990833,-71.090556,2008-04-29 04:15:00,2008-04-30 22:15:00,430.4161,2008-04-29 15:30:00,11.2500
01064500,43.990833,-71.090556,2008-07-25 04:00:00,2008-07-25 11:15:00,213.2259,2008-07-25 06:30:00,2.5000
01064500,43.990833,-71.090556,2008-08-06 23:30:00,2008-08-07 05:15:00,193.6872,2008-08-07 01:15:00,1.7500
01064500,43.990833,-71.090556,2008-10-26 10:15:00,2008-10-26 21:45:00,331.3071,2008-10-26 14:15:00,4.0000
01064500,43.990833,-71.090556,2008-11-26 06:45:00,2008-11-26 20:00:00,251.1704,2008-11-26 12:15:00,5.5000
01064500,43.990833,-71.090556,2008-12-12 17:00:00,2008-12-13 08:15:00,291.6635,2008-12-12 22:15:00,5.2500
01064500,43.990833,-71.090556,2009-04-04 04:30:00,2009-04-05 03:00:00,286.0002,2009-04-04 09:15:00,4.7500
01064500,43.990833,-71.090556,2009-04-07 05:15:00,2009-04-07 21:45:00,251.1704,2009-04-07 10:00:00,4.7500
01064500,43.990833,-71.090556,2009-07-02 22:15:00,2009-07-03 20:00:00,300.1586,2009-07-03 07:30:00,9.2500
01064500,43.990833,-71.090556,2009-10-25 04:00:00,2009-10-25 15:45:00,277.7883,2009-10-25 09:15:00,5.2500
01064500,43.990833,-71.090556,2009-11-15 07:45:00,2009-11-15 12:15:00,191.4219,2009-11-15 09:45:00,2.0000
01064500,43.990833,-71.090556,2009-12-03 18:30:00,2009-12-04 05:00:00,240.1269,2009-12-03 21:45:00,3.2500
01064500,43.990833,-71.090556,2010-01-26 01:45:00,2010-01-26 20:30:00,461.5646,2010-01-26 08:45:00,7.0000
01064500,43.990833,-71.090556,2010-03-23 17:15:00,2010-03-24 23:00:00,300.1586,2010-03-24 01:00:00,7.7500
01064500,43.990833,-71.090556,2010-03-30 00:30:00,2010-04-05 14:45:00,387.9408,2010-03-31 14:30:00,38.0000
01064500,43.990833,-71.090556,2010-04-08 01:45:00,2010-04-08 16:00:00,216.0575,2010-04-08 07:00:00,5.2500
01064500,43.990833,-71.090556,2010-10-01 04:00:00,2010-10-02 07:45:00,250.0378,2010-10-02 02:00:00,22.0000
01064500,43.990833,-71.090556,2010-10-15 19:45:00,2010-10-16 05:45:00,254.2853,2010-10-15 23:00:00,3.2500
01064500,43.990833,-71.090556,2010-11-17 20:30:00,2010-11-18 01:45:00,203.8813,2010-11-17 22:00:00,1.5000
01064500,43.990833,-71.090556,2010-12-02 06:00:00,2010-12-03 01:00:00,441.7428,2010-12-02 12:15:00,6.2500
01064500,43.990833,-71.090556,2010-12-13 07:45:00,2010-12-14 22:15:00,543.6835,2010-12-13 16:15:00,8.5000
01064500,43.990833,-71.090556,2011-04-11 23:00:00,2011-04-13 07:15:00,250.8873,2011-04-12 12:00:00,13.0000
01064500,43.990833,-71.090556,2011-04-17 14:15:00,2011-04-18 12:00:00,281.1863,2011-04-17 19:30:00,5.2500
01064500,43.990833,-71.090556,2011-04-26 12:30:00,2011-04-29 21:15:00,328.4754,2011-04-29 04:45:00,64.2500
01064500,43.990833,-71.090556,2011-08-28 18:45:00,2011-08-30 01:30:00,1648.0405,2011-08-29 04:27:00,9.7000
01064500,43.990833,-71.090556,2011-10-02 22:00:00,2011-10-03 17:00:00,319.9804,2011-10-03 06:00:00,8.0000
01064500,43.990833,-71.090556,2011-10-15 04:00:00,2011-10-15 23:00:00,421.9210,2011-10-15 09:30:00,5.5000
01064500,43.990833,-71.090556,2011-11-30 12:15:00,2011-12-01 04:00:00,393.6042,2011-11-30 16:15:00,4.0000
01064500,43.990833,-71.090556,2012-04-23 17:45:00,2012-04-24 11:45:00,308.6536,2012-04-23 22:30:00,4.7500
01064500,43.990833,-71.090556,2012-05-30 04:45:00,2012-05-30 14:15:00,268.7269,2012-05-30 08:30:00,3.7500
01064500,43.990833,-71.090556,2012-06-03 03:00:00,2012-06-05 07:45:00,566.3369,2012-06-03 11:00:00,8.0000
01064500,43.990833,-71.090556,2012-08-11 05:30:00,2012-08-11 11:15:00,214.6417,2012-08-11 07:45:00,2.2500
01064500,43.990833,-71.090556,2012-09-19 07:00:00,2012-09-19 19:00:00,359.6240,2012-09-19 11:30:00,4.5000
01064500,43.990833,-71.090556,2012-10-30 06:45:00,2012-11-01 03:15:00,543.6835,2012-10-30 15:15:00,8.5000
01064500,43.990833,-71.090556,2012-12-22 04:30:00,2012-12-22 12:00:00,206.9961,2012-12-22 08:15:00,3.7500
01064500,43.990833,-71.090556,2013-03-13 06:30:00,2013-03-13 16:30:00,243.2417,2013-03-13 10:00:00,3.5000
01064500,43.990833,-71.090556,2013-04-20 07:30:00,2013-04-20 23:30:00,237.2952,2013-04-20 14:45:00,7.2500
01064500,43.990833,-71.090556,2013-07-02 17:45:00,2013-07-02 21:15:00,191.9882,2013-07-02 19:15:00,1.5000
01064500,43.990833,-71.090556,2013-11-27 23:45:00,2013-11-28 06:00:00,191.9882,2013-11-28 02:15:00,2.5000
01064500,43.990833,-71.090556,2014-04-15 01:00:00,2014-04-17 07:00:00,903.3074,2014-04-16 06:15:00,29.2500
01064500,43.990833,-71.090556,2014-05-17 13:45:00,2014-05-18 06:00:00,424.7527,2014-05-17 21:45:00,8.0000
01064500,43.990833,-71.090556,2014-06-26 09:45:00,2014-06-27 00:30:00,359.6240,2014-06-26 15:30:00,5.7500
01064500,43.990833,-71.090556,2014-07-29 03:45:00,2014-07-29 05:15:00,180.3783,2014-07-29 04:15:00,0.5000
01064500,43.990833,-71.090556,2014-08-14 04:45:00,2014-08-14 12:15:00,240.6932,2014-08-14 07:15:00,2.5000
01064500,43.990833,-71.090556,2014-12-25 18:45:00,2014-12-26 00:45:00,193.4041,2014-12-25 21:30:00,2.7500
01064500,43.990833,-71.090556,2015-04-21 09:45:00,2015-04-22 09:45:00,308.6536,2015-04-21 18:00:00,8.2500
01064500,43.990833,-71.090556,2015-09-30 20:15:00,2015-10-01 03:15:00,238.9942,2015-09-30 23:00:00,2.7500
01064500,43.990833,-71.090556,2016-01-11 03:15:00,2016-01-11 15:30:00,291.6635,2016-01-11 08:00:00,4.7500
01064500,43.990833,-71.090556,2016-02-17 09:30:00,2016-02-17 10:30:00,201.6159,2016-02-17 10:00:00,0.5000
01064500,43.990833,-71.090556,2016-02-25 12:00:00,2016-02-26 06:30:00,311.4853,2016-02-25 17:30:00,5.5000
01064500,43.990833,-71.090556,2016-03-11 07:45:00,2016-03-11 15:45:00,191.9882,2016-03-11 10:30:00,2.7500
01064500,43.990833,-71.090556,2016-04-08 07:30:00,2016-04-08 13:00:00,209.8278,2016-04-08 09:45:00,2.2500
01073500,43.102500,-70.953056,1993-03-30 15:26:06,1993-04-03 12:21:06,96.2773,1993-04-01 08:23:54,40.9633
01073500,43.102500,-70.953056,1994-03-26 05:00:00,1994-03-26 18:30:00,62.5802,1994-03-26 07:30:00,2.5000
01073500,43.102500,-70.953056,1996-04-17 04:00:00,1996-04-19 19:30:00,80.7030,1996-04-18 17:45:00,37.7500
01073500,43.102500,-70.953056,1996-10-21 05:45:00,1996-10-25 03:45:00,200.4833,1996-10-23 04:00:00,46.2500
01073500,43.102500,-70.953056,1997-04-19 14:15:00,1997-04-22 07:30:00,83.5347,1997-04-20 23:45:00,33.5000
01073500,43.102500,-70.953056,1998-03-10 19:30:00,1998-03-12 04:45:00,70.5089,1998-03-11 20:15:00,24.7500
01073500,43.102500,-70.953056,1998-06-14 09:15:00,1998-06-20 09:45:00,133.6555,1998-06-16 03:00:00,41.7500
01073500,43.102500,-70.953056,2000-04-23 10:30:00,2000-04-25 10:15:00,65.4119,2000-04-24 07:00:00,20.5000
01073500,43.102500,-70.953056,2001-03-23 15:30:00,2001-03-27 16:30:00,93.1624,2001-03-25 05:00:00,37.5000
01073500,43.102500,-70.953056,2003-03-26 02:45:00,2003-03-26 12:00:00,60.3149,2003-03-26 07:30:00,4.7500
01073500,43.102500,-70.953056,2003-03-31 04:45:00,2003-04-01 20:30:00,59.1822,2003-04-01 01:15:00,20.5000
01073500,43.102500,-70.953056,2004-04-02 06:30:00,2004-04-06 04:30:00,132.8060,2004-04-03 20:15:00,37.7500
01073500,43.102500,-70.953056,2005-03-30 05:30:00,2005-04-01 13:00:00,72.2080,2005-03-31 07:00:00,25.5000
01073500,43.102500,-70.953056,2005-04-03 09:00:00,2005-04-06 08:45:00,75.0396,2005-04-05 02:00:00,41.0000
01073500,43.102500,-70.953056,2005-05-26 15:45:00,2005-05-28 15:30:00,67.1109,2005-05-27 09:30:00,17.7500
01073500,43.102500,-70.953056,2005-10-16 02:45:00,2005-10-18 18:45:00,94.5783,2005-10-17 12:00:00,33.2500
01073500,43.102500,-70.953056,2006-05-14 02:00:00,2006-05-20 08:45:00,254.0021,2006-05-16 09:00:00,55.0000
01073500,43.102500,-70.953056,2006-06-04 17:00:00,2006-06-06 07:30:00,62.5802,2006-06-05 06:00:00,13.0000
01073500,43.102500,-70.953056,2006-06-08 15:30:00,2006-06-13 08:15:00,73.9070,2006-06-11 07:00:00,63.5000
01073500,43.102500,-70.953056,2007-04-16 08:30:00,2007-04-21 07:15:00,239.2774,2007-04-18 05:30:00,45.0000
01073500,43.102500,-70.953056,2008-12-13 20:30:00,2008-12-14 23:30:00,59.7485,2008-12-14 04:45:00,8.2500
01073500,43.102500,-70.953056,2010-02-26 00:00:00,2010-03-02 09:15:00,146.9644,2010-02-28 09:30:00,57.5000
01073500,43.102500,-70.953056,2010-03-14 19:00:00,2010-03-19 17:45:00,191.4219,2010-03-16 18:45:00,47.7500
01073500,43.102500,-70.953056,2010-03-30 21:15:00,2010-04-03 21:30:00,152.0615,2010-04-01 09:45:00,36.5000
01073500,43.102500,-70.953056,2011-03-09 18:30:00,2011-03-10 12:15:00,60.0317,2011-03-10 01:30:00,7.0000
01073500,43.102500,-70.953056,2011-03-13 22:00:00,2011-03-14 10:00:00,58.0495,2011-03-14 01:45:00,3.7500
01073500,43.102500,-70.953056,2014-03-31 18:45:00,2014-04-03 22:45:00,92.3129,2014-04-02 05:30:00,34.7500
01096500,42.667500,-71.575556,1993-03-30 09:30:00,1993-04-04 09:15:00,166.2199,1993-04-01 09:15:00,47.7500
01096500,42.667500,-71.575556,1993-04-12 06:45:00,1993-04-15 18:45:00,114.6832,1993-04-13 19:45:00,37.0000
01096500,42.667500,-71.575556,1994-12-26 03:00:00,1994-12-26 19:30:00,98.5426,1994-12-26 07:30:00,4.5000
01096500,42.667500,-71.575556,1996-01-28 14:30:00,1996-01-31 04:45:00,133.3723,1996-01-30 01:15:00,34.7500
01096500,42.667500,-71.575556,1996-04-17 03:45:00,1996-04-21 04:00:00,169.3347,1996-04-18 18:45:00,39.0000
01096500,42.667500,-71.575556,1996-10-21 14:30:00,1996-10-24 11:15:00,163.9545,1996-10-22 21:45:00,31.2500
01096500,42.667500,-71.575556,1997-04-20 21:45:00,1997-04-21 23:15:00,100.5248,1997-04-21 08:30:00,10.7500
01096500,42.667500,-71.575556,1998-03-10 12:45:00,1998-03-14 04:45:00,149.2298,1998-03-12 05:30:00,40.7500
01096500,42.667500,-71.575556,1998-06-15 03:45:00,1998-06-17 12:15:00,116.0991,1998-06-16 01:30:00,21.7500
01096500,42.667500,-71.575556,2000-04-23 06:30:00,2000-04-26 14:30:00,131.9565,2000-04-24 21:30:00,39.0000
01096500,42.667500,-71.575556,2000-06-08 19:45:00,2000-06-09 06:00:00,96.5604,2000-06-08 23:00:00,3.2500
01096500,42.667500,-71.575556,2001-03-23 07:45:00,2001-03-26 21:30:00,143.8496,2001-03-24 23:00:00,39.2500
01096500,42.667500,-71.575556,2001-04-11 06:15:00,2001-04-12 03:45:00,105.9050,2001-04-12 03:30:00,21.2500
01096500,42.667500,-71.575556,2001-04-13 04:00:00,2001-04-15 12:45:00,107.3208,2001-04-13 04:15:00,0.2500
01096500,42.667500,-71.575556,2004-04-02 11:00:00,2004-04-05 16:30:00,173.8654,2004-04-03 19:30:00,32.5000
01096500,42.667500,-71.575556,2005-03-30 05:00:00,2005-04-01 20:15:00,123.4615,2005-03-31 18:30:00,37.5000
01096500,42.667500,-71.575556,2005-04-03 20:45:00,2005-04-06 15:30:00,134.2219,2005-04-05 04:30:00,31.7500
01096500,42.667500,-71.575556,2006-05-14 23:30:00,2006-05-19 00:45:00,141.0179,2006-05-16 04:00:00,28.5000
01096500,42.667500,-71.575556,2007-04-16 17:45:00,2007-04-21 21:15:00,229.6496,2007-04-18 09:15:00,39.5000
01096500,42.667500,-71.575556,2008-02-15 22:00:00,2008-02-16 04:45:00,96.2773,2008-02-16 03:30:00,5.5000
01096500,42.667500,-71.575556,2008-03-09 14:45:00,2008-03-11 16:30:00,115.8159,2008-03-10 15:30:00,24.7500
01096500,42.667500,-71.575556,2008-09-08 17:00:00,2008-09-08 18:15:00,96.2773,2008-09-08 17:30:00,0.5000
01096500,42.667500,-71.575556,2008-12-13 17:00:00,2008-12-15 02:30:00,110.7189,2008-12-14 13:45:00,20.7500
01096500,42.667500,-71.575556,2009-07-03 23:00:00,2009-07-04 20:15:00,101.6575,2009-07-04 04:00:00,5.0000
01096500,42.667500,-71.575556,2010-02-26 14:45:00,2010-03-01 12:15:00,159.7070,2010-02-28 00:00:00,33.2500
01096500,42.667500,-71.575556,2010-03-15 02:15:00,2010-03-16 03:45:00,234.4635,2010-03-16 03:45:00,25.5000
01096500,42.667500,-71.575556,2010-03-24 11:00:00,2010-03-27 10:30:00,126.0100,2010-03-25 17:00:00,30.0000
01096500,42.667500,-71.575556,2010-03-30 20:30:00,2010-04-05 19:15:00,255.7011,2010-04-01 19:00:00,46.5000
01096500,42.667500,-71.575556,2011-03-08 06:00:00,2011-03-11 00:15:00,164.2377,2011-03-09 10:45:00,28.7500
01096500,42.667500,-71.575556,2011-03-12 21:45:00,2011-03-14 08:15:00,119.4971,2011-03-13 19:15:00,20.5000
01096500,42.667500,-71.575556,2011-09-10 03:45:00,2011-09-10 20:45:00,118.9308,2011-09-10 04:45:00,1.0000
01096500,42.667500,-71.575556,2014-03-31 11:15:00,2014-04-03 19:00:00,152.9110,2014-04-02 11:45:00,48.5000
01096500,42.667500,-71.575556,2014-12-11 16:45:00,2014-12-12 12:00:00,98.2595,2014-12-12 00:30:00,7.7500
01109403,41.830833,-71.351667,1992-12-13 07:45:00,1992-12-14 07:45:00,27.5806,1992-12-13 16:45:00,9.0000
01109403,41.830833,-71.351667,1994-03-11 12:15:00,1994-03-12 08:30:00,27.8071,1994-03-11 21:00:00,8.7500
01109403,41.830833,-71.351667,1998-01-25 15:30:00,1998-01-25 17:00:00,24.6073,1998-01-25 17:00:00,1.5000
01109403,41.830833,-71.351667,1998-03-10 23:00:00,1998-03-11 10:00:00,25.5135,1998-03-11 05:15:00,6.2500
01109403,41.830833,-71.351667,1998-06-14 11:15:00,1998-06-17 23:15:00,41.0594,1998-06-15 06:00:00,18.7500
01109403,41.830833,-71.351667,1998-07-01 10:15:00,1998-07-02 18:30:00,36.5287,1998-07-02 00:00:00,13.7500
01109403,41.830833,-71.351667,2001-03-23 08:30:00,2001-03-24 00:15:00,26.9576,2001-03-23 14:15:00,5.7500
01109403,41.830833,-71.351667,2001-03-31 11:30:00,2001-04-01 13:00:00,29.1664,2001-03-31 21:45:00,10.2500
01109403,41.830833,-71.351667,2004-04-14 19:45:00,2004-04-15 21:45:00,29.7327,2004-04-15 06:30:00,10.7500
01109403,41.830833,-71.351667,2005-03-29 13:00:00,2005-03-30 21:30:00,32.5644,2005-03-30 01:00:00,12.0000
01109403,41.830833,-71.351667,2005-10-15 11:45:00,2005-10-17 20:00:00,53.8020,2005-10-16 14:45:00,27.0000
01109403,41.830833,-71.351667,2006-06-07 22:15:00,2006-06-09 20:15:00,40.4931,2006-06-08 18:15:00,20.0000
01109403,41.830833,-71.351667,2006-06-25 15:45:00,2006-06-26 22:15:00,30.8654,2006-06-26 00:15:00,8.5000
01109403,41.830833,-71.351667,2007-04-17 06:00:00,2007-04-17 11:30:00,24.9755,2007-04-17 09:45:00,3.7500
01109403,41.830833,-71.351667,2008-12-12 21:45:00,2008-12-14 04:30:00,32.5644,2008-12-13 11:30:00,13.7500
01109403,41.830833,-71.351667,2010-03-15 03:15:00,2010-03-16 20:00:00,30.0159,2010-03-15 14:45:00,11.5000
01109403,41.830833,-71.351667,2010-03-30 06:45:00,2010-04-02 14:15:00,72.7743,2010-03-31 09:30:00,26.7500
01109403,41.830833,-71.351667,2013-06-08 22:30:00,2013-06-09 20:15:00,28.8832,2013-06-09 06:45:00,8.2500
01109403,41.830833,-71.351667,2013-06-12 14:00:00,2013-06-13 05:45:00,26.0798,2013-06-12 22:00:00,8.0000
01109403,41.830833,-71.351667,2013-06-15 06:00:00,2013-06-15 20:00:00,25.9099,2013-06-15 12:45:00,6.7500
01109403,41.830833,-71.351667,2014-03-31 05:15:00,2014-04-01 08:45:00,28.6000,2014-03-31 15:15:00,10.0000
01119500,41.750556,-72.266111,1990-10-14 06:00:00,1990-10-14 10:00:00,47.5723,1990-10-14 07:00:00,1.0000
01119500,41.750556,-72.266111,1991-08-19 22:30:00,1991-08-20 09:00:00,48.1386,1991-08-20 01:30:00,3.0000
01119500,41.750556,-72.266111,1993-03-29 12:00:00,1993-04-02 16:30:00,95.4278,1993-03-30 07:00:00,19.0000
01119500,41.750556,-72.266111,1993-12-05 23:00:00,1993-12-06 17:30:00,57.4832,1993-12-06 02:30:00,3.5000
01119500,41.750556,-72.266111,1996-01-20 00:30:00,1996-01-21 09:00:00,87.4991,1996-01-20 08:30:00,8.0000
01119500,41.750556,-72.266111,1996-01-25 04:00:00,1996-01-25 22:00:00,47.2891,1996-01-25 12:30:00,8.5000
01119500,41.750556,-72.266111,1996-01-27 23:30:00,1996-01-29 14:30:00,91.1802,1996-01-28 12:30:00,13.0000
01119500,41.750556,-72.266111,1996-04-16 17:00:00,1996-04-18 16:00:00,112.1347,1996-04-17 07:30:00,14.5000
01119500,41.750556,-72.266111,1996-10-20 15:15:00,1996-10-21 00:30:00,46.1565,1996-10-20 17:45:00,2.5000
01119500,41.750556,-72.266111,1996-11-09 21:30:00,1996-11-10 07:15:00,44.1743,1996-11-10 01:00:00,3.5000
01119500,41.750556,-72.266111,1996-12-02 14:15:00,1996-12-03 14:45:00,62.0139,1996-12-03 01:15:00,11.0000
01119500,41.750556,-72.266111,1996-12-18 09:15:00,1996-12-18 15:30:00,42.4753,1996-12-18 11:00:00,1.7500
01119500,41.750556,-72.266111,1998-03-09 17:45:00,1998-03-11 14:00:00,111.5684,1998-03-10 08:30:00,14.7500
01119500,41.750556,-72.266111,1998-06-30 21:00:00,1998-07-01 15:00:00,49.5545,1998-07-01 09:15:00,12.2500
01119500,41.750556,-72.266111,1999-02-03 04:15:00,1999-02-03 11:45:00,48.9881,1999-02-03 06:30:00,2.2500
01119500,41.750556,-72.266111,2003-03-22 02:00:00,2003-03-22 20:00:00,45.8733,2003-03-22 11:45:00,9.7500
01119500,41.750556,-72.266111,2003-12-18 01:30:00,2003-12-19 03:30:00,66.8278,2003-12-18 14:30:00,13.0000
01119500,41.750556,-72.266111,2004-04-02 04:45:00,2004-04-02 08:00:00,42.7584,2004-04-02 05:15:00,0.5000
01119500,41.750556,-72.266111,2004-04-14 03:30:00,2004-04-15 01:45:00,53.2357,2004-04-14 07:30:00,4.0000
01119500,41.750556,-72.266111,2004-09-18 19:30:00,2004-09-19 03:00:00,44.7406,2004-09-18 23:15:00,3.7500
01119500,41.750556,-72.266111,2005-01-14 17:15:00,2005-01-15 19:45:00,59.7485,2005-01-15 04:15:00,11.0000
01119500,41.750556,-72.266111,2005-03-29 11:00:00,2005-03-29 14:15:00,42.7584,2005-03-29 11:45:00,0.7500
01119500,41.750556,-72.266111,2005-04-03 07:30:00,2005-04-04 08:15:00,54.6515,2005-04-03 19:30:00,12.0000
01119500,41.750556,-72.266111,2005-04-24 07:00:00,2005-04-25 03:45:00,50.4040,2005-04-24 12:00:00,5.0000
01119500,41.750556,-72.266111,2005-10-15 05:00:00,2005-10-17 15:30:00,351.1289,2005-10-15 17:45:00,12.7500
01119500,41.750556,-72.266111,2005-10-25 20:15:00,2005-10-26 18:00:00,52.6693,2005-10-26 02:30:00,6.2500
01119500,41.750556,-72.266111,2006-01-19 01:39:15,2006-01-19 12:24:15,44.4574,2006-01-19 06:09:15,4.5000
01119500,41.750556,-72.266111,2006-06-04 03:30:00,2006-06-04 09:30:00,43.8911,2006-06-04 06:00:00,2.5000
01119500,41.750556,-72.266111,2006-06-25 13:30:00,2006-06-26 19:30:00,71.9248,2006-06-26 02:00:00,12.5000
01119500,41.750556,-72.266111,2007-04-16 01:30:00,2007-04-18 09:45:00,107.3208,2007-04-16 19:15:00,17.7500
01119500,41.750556,-72.266111,2008-09-07 06:30:00,2008-09-08 09:00:00,104.7723,2008-09-07 15:15:00,8.7500
01119500,41.750556,-72.266111,2008-12-12 09:15:00,2008-12-14 00:45:00,109.3030,2008-12-12 16:30:00,7.2500
01119500,41.750556,-72.266111,2009-07-24 12:15:00,2009-07-24 22:15:00,50.4040,2009-07-24 15:30:00,3.2500
01119500,41.750556,-72.266111,2010-01-26 00:00:00,2010-01-26 16:15:00,55.5010,2010-01-26 04:45:00,4.7500
01119500,41.750556,-72.266111,2010-02-26 05:30:00,2010-02-26 22:45:00,51.5367,2010-02-26 10:30:00,5.0000
01119500,41.750556,-72.266111,2010-03-30 00:45:00,2010-04-01 15:15:00,91.1802,2010-03-31 00:30:00,23.7500
01119500,41.750556,-72.266111,2011-03-07 04:15:00,2011-03-09 11:45:00,154.0436,2011-03-07 20:45:00,16.5000
01119500,41.750556,-72.266111,2011-03-11 13:30:00,2011-03-13 08:00:00,78.4377,2011-03-12 02:45:00,13.2500
01119500,41.750556,-72.266111,2011-04-17 09:00:00,2011-04-18 10:15:00,76.1723,2011-04-17 15:00:00,6.0000
01119500,41.750556,-72.266111,2011-05-18 11:30:00,2011-05-19 12:45:00,53.8020,2011-05-18 18:00:00,6.5000
01119500,41.750556,-72.266111,2011-08-16 02:45:00,2011-08-16 04:00:00,42.7584,2011-08-16 03:00:00,0.2500
01119500,41.750556,-72.266111,2011-08-28 13:30:00,2011-08-29 23:00:00,86.0832,2011-08-29 02:30:00,13.0000
01119500,41.750556,-72.266111,2011-09-08 18:15:00,2011-09-09 12:30:00,54.3683,2011-09-09 03:00:00,8.7500
01119500,41.750556,-72.266111,2011-12-08 07:00:00,2011-12-09 14:30:00,69.9426,2011-12-08 15:30:00,8.5000
01119500,41.750556,-72.266111,2013-03-13 05:15:00,2013-03-13 14:45:00,43.6079,2013-03-13 07:15:00,2.0000
01119500,41.750556,-72.266111,2013-06-08 04:30:00,2013-06-09 09:30:00,73.6238,2013-06-08 12:00:00,7.5000
01119500,41.750556,-72.266111,2013-06-12 01:15:00,2013-06-12 13:00:00,45.0238,2013-06-12 06:00:00,4.7500
01119500,41.750556,-72.266111,2013-06-14 07:15:00,2013-06-15 19:30:00,78.1545,2013-06-14 18:00:00,10.7500
01119500,41.750556,-72.266111,2014-03-30 10:15:00,2014-04-01 08:45:00,65.9783,2014-03-30 15:00:00,4.7500
01137500,44.268611,-71.630833,1991-10-06 18:30:00,1991-10-07 04:00:00,124.0278,1991-10-07 00:00:00,5.5000
01137500,44.268611,-71.630833,1992-03-12 00:00:00,1992-03-12 02:30:00,97.1268,1992-03-12 01:00:00,1.0000
01137500,44.268611,-71.630833,1993-04-17 13:30:00,1993-04-18 00:30:00,128.5585,1993-04-17 19:30:00,6.0000
01137500,44.268611,-71.630833,1995-10-22 04:00:00,1995-10-22 13:00:00,235.8793,1995-10-22 05:30:00,1.5000
01137500,44.268611,-71.630833,1995-10-28 15:30:00,1995-10-28 23:00:00,137.3367,1995-10-28 18:00:00,2.5000
01137500,44.268611,-71.630833,1996-01-28 02:00:00,1996-01-28 06:00:00,107.0377,1996-01-28 04:00:00,2.0000
01137500,44.268611,-71.630833,1996-04-24 01:45:00,1996-04-24 10:45:00,111.5684,1996-04-24 05:45:00,4.0000
01137500,44.268611,-71.630833,1996-04-27 07:15:00,1996-04-27 07:45:00,91.1802,1996-04-27 07:45:00,0.5000
01137500,44.268611,-71.630833,1996-05-01 07:45:00,1996-05-01 14:30:00,129.1248,1996-05-01 11:00:00,3.2500
01137500,44.268611,-71.630833,1996-10-21 20:15:00,1996-10-22 09:15:00,151.7783,1996-10-22 01:15:00,5.0000
01137500,44.268611,-71.630833,1996-11-09 19:15:00,1996-11-09 23:30:00,107.6040,1996-11-09 21:15:00,2.0000
01137500,44.268611,-71.630833,1996-12-02 14:15:00,1996-12-02 20:00:00,115.8159,1996-12-02 16:00:00,1.7500
01137500,44.268611,-71.630833,1998-03-31 22:15:00,1998-04-01 01:30:00,94.5783,1998-04-01 00:00:00,1.7500
01137500,44.268611,-71.630833,1998-06-14 18:45:00,1998-06-15 01:00:00,141.5842,1998-06-14 22:15:00,3.5000
01137500,44.268611,-71.630833,1999-09-17 04:30:00,1999-09-18 05:45:00,141.0179,1999-09-18 00:45:00,20.2500
01137500,44.268611,-71.630833,2000-03-28 18:30:00,2000-03-29 02:45:00,115.2496,2000-03-28 21:30:00,3.0000
01137500,44.268611,-71.630833,2000-04-09 14:45:00,2000-04-10 00:45:00,175.5644,2000-04-09 19:15:00,4.5000
01137500,44.268611,-71.630833,2000-12-18 05:00:00,2000-12-18 11:45:00,210.6773,2000-12-18 05:15:00,0.2500
01137500,44.268611,-71.630833,2001-04-24 20:15:00,2001-04-25 03:15:00,107.0377,2001-04-24 23:15:00,3.0000
01137500,44.268611,-71.630833,2002-04-14 03:45:00,2002-04-14 18:00:00,173.8654,2002-04-14 09:45:00,6.0000
01137500,44.268611,-71.630833,2003-03-30 02:00:00,2003-03-30 06:30:00,104.7723,2003-03-30 04:15:00,2.2500
01137500,44.268611,-71.630833,2003-08-10 10:00:00,2003-08-10 13:00:00,105.6218,2003-08-10 11:15:00,1.2500
01137500,44.268611,-71.630833,2003-10-28 04:00:00,2003-10-28 08:30:00,107.3208,2003-10-28 06:15:00,2.2500
01137500,44.268611,-71.630833,2003-11-20 13:15:00,2003-11-20 18:45:00,122.6119,2003-11-20 15:45:00,2.5000
01137500,44.268611,-71.630833,2003-12-18 03:30:00,2003-12-18 13:30:00,156.8753,2003-12-18 08:00:00,4.5000
01137500,44.268611,-71.630833,2004-12-24 05:00:00,2004-12-24 07:45:00,104.7723,2004-12-24 06:15:00,1.2500
01137500,44.268611,-71.630833,2005-04-03 13:30:00,2005-04-03 22:45:00,134.7882,2005-04-03 16:30:00,3.0000
01137500,44.268611,-71.630833,2005-04-24 14:00:00,2005-04-25 02:15:00,202.7486,2005-04-24 18:15:00,4.2500
01137500,44.268611,-71.630833,2005-10-16 00:45:00,2005-10-16 11:30:00,109.3030,2005-10-16 04:00:00,3.2500
01137500,44.268611,-71.630833,2006-01-18 23:30:00,2006-01-19 03:45:00,108.7367,2006-01-19 01:15:00,1.7500
01137500,44.268611,-71.630833,2006-06-10 23:15:00,2006-06-11 03:15:00,100.8080,2006-06-11 00:45:00,1.5000
01137500,44.268611,-71.630833,2006-10-28 22:45:00,2006-10-29 05:30:00,101.6575,2006-10-29 01:30:00,2.7500
01137500,44.268611,-71.630833,2007-04-16 19:30:00,2007-04-16 22:15:00,95.4278,2007-04-16 20:45:00,1.2500
01137500,44.268611,-71.630833,2008-07-24 23:00:00,2008-07-25 01:45:00,100.5248,2008-07-24 23:45:00,0.7500
01137500,44.268611,-71.630833,2010-10-01 16:30:00,2010-10-02 02:15:00,131.1070,2010-10-01 20:30:00,4.0000
01137500,44.268611,-71.630833,2010-12-13 07:45:00,2010-12-13 15:15:00,131.1070,2010-12-13 11:00:00,3.2500
01137500,44.268611,-71.630833,2011-04-12 05:15:00,2011-04-12 07:00:00,91.7466,2011-04-12 06:30:00,1.2500
01137500,44.268611,-71.630833,2011-04-28 20:15:00,2011-04-29 08:00:00,101.3743,2011-04-28 23:00:00,2.7500
01137500,44.268611,-71.630833,2011-08-28 18:30:00,2011-08-29 06:30:00,243.5249,2011-08-28 23:45:00,5.2500
01137500,44.268611,-71.630833,2012-10-30 08:30:00,2012-10-30 19:30:00,100.5248,2012-10-30 10:45:00,2.2500
01137500,44.268611,-71.630833,2013-01-31 14:15:00,2013-01-31 19:15:00,114.4001,2013-01-31 16:15:00,2.0000
01137500,44.268611,-71.630833,2014-04-15 20:45:00,2014-04-16 08:00:00,190.5724,2014-04-16 02:45:00,6.0000
01137500,44.268611,-71.630833,2014-05-17 13:30:00,2014-05-17 17:45:00,111.2852,2014-05-17 16:00:00,2.5000
01137500,44.268611,-71.630833,2014-06-26 09:45:00,2014-06-26 13:00:00,103.9228,2014-06-26 11:00:00,1.2500
01142500,43.934444,-72.658333,1994-04-16 21:00:00,1994-04-17 00:00:00,33.1307,1994-04-16 22:00:00,1.0000
01142500,43.934444,-72.658333,1998-06-27 08:30:00,1998-06-27 21:00:00,98.5426,1998-06-27 13:00:00,4.5000
01142500,43.934444,-72.658333,2000-12-17 23:00:00,2000-12-18 04:15:00,33.9802,2000-12-18 00:00:00,1.0000
01142500,43.934444,-72.658333,2002-04-14 05:45:00,2002-04-14 10:30:00,41.3426,2002-04-14 07:45:00,2.0000
01142500,43.934444,-72.658333,2007-07-11 22:00:00,2007-07-12 04:45:00,60.8812,2007-07-12 00:45:00,2.7500
01142500,43.934444,-72.658333,2011-05-27 09:30:00,2011-05-27 12:15:00,37.9446,2011-05-27 10:30:00,1.0000
01142500,43.934444,-72.658333,2011-08-28 19:45:00,2011-08-29 08:15:00,111.0020,2011-08-28 23:30:00,3.7500
01142500,43.934444,-72.658333,2013-07-04 07:30:00,2013-07-05 05:45:00,48.7050,2013-07-04 09:00:00,1.5000
01197500,42.231944,-73.355278,1993-03-30 14:15:00,1993-04-03 00:07:00,122.8951,1993-03-31 08:45:00,18.5000
01197500,42.231944,-73.355278,1994-04-14 15:45:00,1994-04-16 00:15:00,112.7010,1994-04-15 06:30:00,14.7500
01197500,42.231944,-73.355278,1996-01-20 10:45:00,1996-01-22 02:45:00,125.4436,1996-01-21 06:45:00,20.0000
01197500,42.231944,-73.355278,1996-01-28 12:00:00,1996-01-29 14:00:00,114.4001,1996-01-28 23:15:00,11.2500
01197500,42.231944,-73.355278,1998-06-16 13:00:00,1998-06-17 18:15:00,117.2317,1998-06-16 23:15:00,10.2500
01197500,42.231944,-73.355278,2000-06-08 03:30:00,2000-06-09 11:45:00,115.5327,2000-06-08 20:15:00,16.7500
01197500,42.231944,-73.355278,2001-04-10 11:00:00,2001-04-16 07:30:00,122.3288,2001-04-11 08:15:00,21.2500
01197500,42.231944,-73.355278,2003-03-30 20:30:00,2003-04-01 02:15:00,117.2317,2003-03-31 11:15:00,14.7500
01197500,42.231944,-73.355278,2003-12-26 03:30:00,2003-12-26 16:45:00,105.3387,2003-12-26 08:30:00,5.0000
01197500,42.231944,-73.355278,2005-04-04 04:00:00,2005-04-05 19:45:00,147.8139,2005-04-04 04:45:00,0.7500
01197500,42.231944,-73.355278,2005-10-09 06:30:00,2005-10-11 20:00:00,228.8001,2005-10-09 19:30:00,13.0000
01197500,42.231944,-73.355278,2006-01-19 05:30:00,2006-01-20 20:15:00,128.5585,2006-01-20 02:45:00,21.2500
01197500,42.231944,-73.355278,2007-04-16 20:45:00,2007-04-19 08:45:00,162.2555,2007-04-17 10:45:00,14.0000
01197500,42.231944,-73.355278,2008-03-09 04:30:00,2008-03-11 03:15:00,147.5308,2008-03-09 14:00:00,9.5000
01197500,42.231944,-73.355278,2008-12-12 14:45:00,2008-12-14 10:45:00,155.4595,2008-12-13 03:45:00,13.0000
01197500,42.231944,-73.355278,2009-07-31 04:30:00,2009-08-02 16:45:00,128.2753,2009-08-01 09:15:00,28.7500
01197500,42.231944,-73.355278,2011-03-07 12:30:00,2011-03-09 13:00:00,165.3704,2011-03-08 02:30:00,14.0000
01197500,42.231944,-73.355278,2011-08-28 19:30:00,2011-08-31 12:45:00,191.9882,2011-08-29 12:00:00,16.5000
01197500,42.231944,-73.355278,2011-09-06 23:30:00,2011-09-11 04:30:00,219.7387,2011-09-09 01:45:00,50.2500
01197500,42.231944,-73.355278,2013-06-15 01:00:00,2013-06-15 20:45:00,106.7545,2013-06-15 13:00:00,12.0000
01197500,42.231944,-73.355278,2014-07-30 00:30:00,2014-07-30 14:45:00,105.6218,2014-07-30 06:00:00,5.5000
01200500,41.653056,-73.490278,1990-10-24 20:15:00,1990-10-26 05:15:00,207.5625,1990-10-25 15:00:00,18.7500
01200500,41.653056,-73.490278,1993-03-28 00:45:00,1993-04-05 15:15:00,368.1190,1993-04-01 00:00:00,95.2500
01200500,41.653056,-73.490278,1993-04-11 13:45:00,1993-04-15 14:00:00,216.6239,1993-04-13 19:00:00,53.2500
01200500,41.653056,-73.490278,1993-04-22 23:15:00,1993-04-28 14:45:00,217.7566,1993-04-23 21:30:00,22.2500
01200500,41.653056,-73.490278,1994-03-24 03:00:00,1994-03-31 15:15:00,224.2694,1994-03-29 03:15:00,120.2500
01200500,41.653056,-73.490278,1995-10-28 15:45:00,1995-10-30 04:15:00,228.5170,1995-10-29 08:00:00,17.2500
01200500,41.653056,-73.490278,1995-11-12 12:45:00,1995-11-16 14:30:00,222.0041,1995-11-13 09:00:00,20.2500
01200500,41.653056,-73.490278,1996-01-19 23:00:00,1996-02-01 20:15:00,487.0498,1996-01-28 01:30:00,194.5000
01200500,41.653056,-73.490278,1996-04-16 19:30:00,1996-04-17 04:45:00,207.5625,1996-04-17 04:45:00,9.2500
01200500,41.653056,-73.490278,1996-05-01 14:15:00,1996-05-03 01:15:00,188.3070,1996-05-02 00:00:00,9.7500
01200500,41.653056,-73.490278,1996-07-14 07:45:00,1996-07-18 19:15:00,251.7368,1996-07-17 03:45:00,68.0000
01200500,41.653056,-73.490278,1996-10-20 16:00:00,1996-10-22 16:00:00,227.9506,1996-10-21 17:30:00,25.5000
01200500,41.653056,-73.490278,1996-12-02 13:00:00,1996-12-05 15:15:00,234.7467,1996-12-03 12:45:00,23.7500
01200500,41.653056,-73.490278,1997-04-01 04:00:00,1997-04-02 12:00:00,190.5724,1997-04-01 17:15:00,13.2500
01200500,41.653056,-73.490278,1997-04-04 23:30:00,1997-04-07 14:15:00,191.7051,1997-04-05 07:45:00,8.2500
01200500,41.653056,-73.490278,1998-01-10 02:30:00,1998-01-12 04:45:00,194.5367,1998-01-11 06:00:00,27.5000
01200500,41.653056,-73.490278,1998-06-16 14:30:00,1998-06-18 21:45:00,205.8635,1998-06-17 08:30:00,18.0000
01200500,41.653056,-73.490278,1999-01-24 19:30:00,1999-01-27 20:30:00,319.9804,1999-01-25 06:00:00,10.5000
01200500,41.653056,-73.490278,1999-03-22 18:30:00,1999-03-25 10:45:00,256.8338,1999-03-23 11:30:00,17.0000
01200500,41.653056,-73.490278,2000-02-28 18:15:00,2000-03-01 20:15:00,235.8793,2000-02-29 18:45:00,24.5000
01200500,41.653056,-73.490278,2000-06-07 11:45:00,2000-06-10 22:30:00,259.3823,2000-06-08 13:45:00,26.0000
01200500,41.653056,-73.490278,2000-07-16 13:15:00,2000-07-18 01:30:00,215.2080,2000-07-17 02:30:00,13.2500
01200500,41.653056,-73.490278,2000-12-18 11:15:00,2000-12-20 21:00:00,253.1526,2000-12-19 00:30:00,13.2500
01200500,41.653056,-73.490278,2001-03-30 23:45:00,2001-04-01 17:45:00,223.1368,2001-03-31 11:00:00,11.2500
01200500,41.653056,-73.490278,2001-04-08 16:30:00,2001-04-18 09:30:00,291.6635,2001-04-11 17:30:00,73.0000
01200500,41.653056,-73.490278,2001-06-03 10:00:00,2001-06-05 03:00:00,205.8635,2001-06-03 23:15:00,13.2500
01200500,41.653056,-73.490278,2003-03-21 07:00:00,2003-04-02 23:30:00,345.4655,2003-03-22 23:15:00,40.2500
01200500,41.653056,-73.490278,2003-09-29 06:45:00,2003-09-30 05:00:00,193.4041,2003-09-29 16:45:00,10.0000
01200500,41.653056,-73.490278,2003-10-29 21:15:00,2003-11-02 00:30:00,239.5605,2003-10-30 21:45:00,24.5000
01200500,41.653056,-73.490278,2003-12-12 02:15:00,2003-12-13 11:15:00,214.0754,2003-12-12 20:45:00,18.5000
01200500,41.653056,-73.490278,2003-12-18 02:30:00,2003-12-21 02:30:00,245.2239,2003-12-19 02:30:00,24.0000
01200500,41.653056,-73.490278,2003-12-24 23:00:00,2003-12-29 05:45:00,294.4952,2003-12-26 02:00:00,27.0000
01200500,41.653056,-73.490278,2004-09-18 20:00:00,2004-09-21 11:45:00,231.0655,2004-09-19 22:30:00,26.5000
01200500,41.653056,-73.490278,2004-09-30 00:15:00,2004-09-30 09:15:00,184.3427,2004-09-30 06:45:00,6.5000
01200500,41.653056,-73.490278,2005-01-14 15:00:00,2005-01-15 04:45:00,322.8121,2005-01-15 04:00:00,13.0000
01200500,41.653056,-73.490278,2005-03-29 06:15:00,2005-03-30 04:45:00,262.2140,2005-03-30 04:45:00,22.5000
01200500,41.653056,-73.490278,2005-03-31 05:00:00,2005-04-09 05:00:00,399.2675,2005-04-04 00:45:00,90.7500
01200500,41.653056,-73.490278,2005-10-09 07:30:00,2005-10-10 04:45:00,308.6536,2005-10-09 08:15:00,0.7500
01200500,41.653056,-73.490278,2005-10-12 05:00:00,2005-10-18 14:30:00,586.1587,2005-10-15 07:00:00,74.0000
01200500,41.653056,-73.490278,2005-10-25 12:30:00,2005-10-29 15:15:00,286.0002,2005-10-26 15:45:00,27.2500
01200500,41.653056,-73.490278,2005-11-30 17:30:00,2005-12-04 01:45:00,247.7724,2005-12-02 01:15:00,31.7500
01200500,41.653056,-73.490278,2005-12-27 07:15:00,2005-12-27 23:45:00,190.5724,2005-12-27 11:45:00,4.5000
01200500,41.653056,-73.490278,2006-01-14 15:15:00,2006-01-23 16:30:00,407.7626,2006-01-19 12:45:00,117.5000
01200500,41.653056,-73.490278,2006-04-24 21:30:00,2006-04-25 00:30:00,186.6080,2006-04-24 22:00:00,0.5000
01200500,41.653056,-73.490278,2006-11-09 14:15:00,2006-11-10 16:30:00,203.5981,2006-11-10 03:15:00,13.0000
01200500,41.653056,-73.490278,2007-03-25 05:45:00,2007-03-31 10:45:00,226.8179,2007-03-29 14:15:00,104.5000
01200500,41.653056,-73.490278,2007-04-16 00:15:00,2007-04-22 09:45:00,662.6142,2007-04-17 04:00:00,27.7500
01200500,41.653056,-73.490278,2008-12-12 06:30:00,2008-12-17 12:15:00,430.4161,2008-12-13 09:15:00,26.7500
01200500,41.653056,-73.490278,2008-12-25 17:15:00,2008-12-26 08:15:00,184.3427,2008-12-25 22:45:00,5.5000
01200500,41.653056,-73.490278,2009-06-18 23:15:00,2009-06-24 07:30:00,264.1962,2009-06-22 01:45:00,74.5000
01200500,41.653056,-73.490278,2009-07-31 20:00:00,2009-08-04 13:15:00,245.2239,2009-08-01 12:30:00,16.5000
01200500,41.653056,-73.490278,2010-01-26 05:00:00,2010-01-28 02:45:00,234.7467,2010-01-26 19:30:00,14.5000
01200500,41.653056,-73.490278,2010-02-26 09:00:00,2010-02-27 15:15:00,213.5090,2010-02-27 02:00:00,17.0000
01200500,41.653056,-73.490278,2010-03-14 09:15:00,2010-03-18 21:15:00,242.1090,2010-03-15 06:15:00,21.0000
01200500,41.653056,-73.490278,2010-03-23 09:30:00,2010-03-26 21:30:00,214.0754,2010-03-24 05:45:00,20.2500
01200500,41.653056,-73.490278,2010-03-30 06:00:00,2010-04-03 18:45:00,308.6536,2010-03-31 14:45:00,32.7500
01200500,41.653056,-73.490278,2011-03-06 23:15:00,2011-03-09 04:45:00,744.7331,2011-03-07 12:45:00,13.5000
01200500,41.653056,-73.490278,2011-09-07 05:00:00,2011-09-13 04:45:00,654.1192,2011-09-08 16:30:00,35.5000
01200500,41.653056,-73.490278,2011-12-08 09:00:00,2011-12-11 06:00:00,250.0378,2011-12-08 21:30:00,12.5000
01200500,41.653056,-73.490278,2013-03-13 20:00:00,2013-03-14 09:00:00,191.1387,2013-03-14 01:00:00,5.0000
01200500,41.653056,-73.490278,2013-06-08 11:30:00,2013-06-10 00:15:00,206.9961,2013-06-09 08:45:00,21.2500
01200500,41.653056,-73.490278,2013-06-11 07:00:00,2013-06-18 13:45:00,382.2774,2013-06-15 04:30:00,93.5000
01200500,41.653056,-73.490278,2014-03-30 09:30:00,2014-04-03 13:30:00,294.4952,2014-03-31 14:45:00,29.2500
01200500,41.653056,-73.490278,2014-07-16 23:45:00,2014-07-18 02:45:00,209.2615,2014-07-17 10:45:00,11.0000
01200500,41.653056,-73.490278,2014-12-10 02:15:00,2014-12-12 06:00:00,231.9150,2014-12-11 01:15:00,23.0000
01200500,41.653056,-73.490278,2015-04-04 12:30:00,2015-04-06 15:30:00,220.5882,2015-04-05 04:30:00,16.0000
01200500,41.653056,-73.490278,2016-02-25 11:30:00,2016-02-28 15:00:00,261.6477,2016-02-26 09:45:00,22.2500
04296000,44.868889,-72.270556,1994-04-16 18:30:00,1994-04-17 16:00:00,94.2951,1994-04-17 01:45:00,7.2500
04296000,44.868889,-72.270556,1998-03-31 01:45:00,1998-04-01 13:45:00,99.3921,1998-03-31 08:30:00,6.7500
04296000,44.868889,-72.270556,2002-06-12 08:30:00,2002-06-13 13:30:00,104.2060,2002-06-12 17:00:00,8.5000
04296000,44.868889,-72.270556,2004-08-31 10:00:00,2004-08-31 12:00:00,78.4377,2004-08-31 11:15:00,1.2500
04296000,44.868889,-72.270556,2011-04-11 21:00:00,2011-04-13 12:00:00,92.5961,2011-04-12 04:00:00,7.0000
04296000,44.868889,-72.270556,2011-04-27 05:45:00,2011-04-29 00:45:00,101.0911,2011-04-27 16:00:00,10.2500
04296000,44.868889,-72.270556,2011-08-28 22:15:00,2011-08-29 16:45:00,115.2496,2011-08-29 05:30:00,7.2500
04296000,44.868889,-72.270556,2014-04-15 04:30:00,2014-04-16 19:00:00,100.8080,2014-04-15 23:45:00,19.2500
01099500,42.636667,-71.302500,1993-03-30 15:30:00,1993-04-19 16:00:00,114.9664,1993-04-03 18:30:00,99.0000
01099500,42.636667,-71.302500,1994-03-23 08:00:00,1994-04-06 23:30:00,95.1446,1994-03-29 18:00:00,154.0000
01099500,42.636667,-71.302500,1996-02-01 05:00:00,1996-02-03 08:30:00,80.9862,1996-02-01 19:30:00,14.5000
01099500,42.636667,-71.302500,1996-04-19 22:45:00,1996-04-21 13:00:00,74.1901,1996-04-20 15:30:00,16.7500
01099500,42.636667,-71.302500,1996-10-21 15:45:00,1996-10-29 08:45:00,93.1624,1996-10-24 14:45:00,71.0000
01099500,42.636667,-71.302500,1996-12-21 11:30:00,1996-12-23 04:45:00,75.0396,1996-12-22 04:00:00,16.5000
01099500,42.636667,-71.302500,1998-03-13 04:00:00,1998-03-14 17:30:00,74.1901,1998-03-13 21:45:00,17.7500
01099500,42.636667,-71.302500,1998-06-16 04:45:00,1998-06-23 15:15:00,86.6496,1998-06-18 05:00:00,48.2500
01099500,42.636667,-71.302500,2000-04-26 01:00:00,2000-04-29 17:30:00,80.1367,2000-04-27 10:45:00,33.7500
01099500,42.636667,-71.302500,2001-03-22 17:00:00,2001-04-14 06:30:00,117.5149,2001-03-25 22:45:00,77.7500
01099500,42.636667,-71.302500,2004-04-03 16:30:00,2004-04-09 07:30:00,86.6496,2004-04-05 19:15:00,49.7500
01099500,42.636667,-71.302500,2004-04-16 16:45:00,2004-04-18 21:30:00,75.6060,2004-04-17 17:15:00,24.5000
01099500,42.636667,-71.302500,2005-03-31 16:15:00,2005-04-11 10:45:00,97.9763,2005-04-05 23:30:00,126.2500
01099500,42.636667,-71.302500,2005-10-28 01:00:00,2005-10-30 04:15:00,74.4733,2005-10-28 23:30:00,22.5000
01099500,42.636667,-71.302500,2006-05-14 21:30:00,2006-05-26 01:45:00,106.4713,2006-05-17 23:00:00,73.5000
01099500,42.636667,-71.302500,2006-06-08 09:15:00,2006-06-15 12:30:00,98.8258,2006-06-11 01:45:00,64.5000
01099500,42.636667,-71.302500,2007-04-16 21:45:00,2007-04-26 11:45:00,102.2238,2007-04-20 14:45:00,89.0000
01099500,42.636667,-71.302500,2008-02-18 06:45:00,2008-02-24 10:15:00,84.6674,2008-02-20 22:15:00,63.5000
01099500,42.636667,-71.302500,2008-03-08 16:15:00,2008-03-17 13:45:00,92.3129,2008-03-11 17:45:00,72.5000
01099500,42.636667,-71.302500,2008-12-14 22:00:00,2008-12-19 17:15:00,80.9862,2008-12-16 01:45:00,27.7500
01099500,42.636667,-71.302500,2010-02-26 13:30:00,2010-03-07 05:00:00,102.7902,2010-03-01 10:00:00,68.5000
01099500,42.636667,-71.302500,2010-03-14 15:30:00,2010-04-13 09:30:00,165.3704,2010-03-17 18:45:00,75.2500
01099500,42.636667,-71.302500,2011-03-09 11:15:00,2011-03-20 23:45:00,89.1981,2011-03-14 03:45:00,111.5000
01099500,42.636667,-71.302500,2013-06-17 06:15:00,2013-06-18 06:00:00,75.0396,2013-06-17 21:45:00,15.5000
01099500,42.636667,-71.302500,2014-04-01 10:30:00,2014-04-08 02:15:00,87.7822,2014-04-04 05:45:00,67.2500
01127500,41.558611,-72.121944,1990-10-14 11:00:00,1990-10-14 21:00:00,104.2060,1990-10-14 11:30:00,0.5000
01127500,41.558611,-72.121944,1996-01-28 06:30:00,1996-01-28 10:30:00,68.5268,1996-01-28 07:30:00,1.0000
01127500,41.558611,-72.121944,1996-04-16 22:00:00,1996-04-17 15:30:00,101.0911,1996-04-17 02:00:00,4.0000
01127500,41.558611,-72.121944,1996-10-20 19:00:00,1996-10-20 23:30:00,67.6773,1996-10-20 20:30:00,1.5000
01127500,41.558611,-72.121944,1996-12-02 14:30:00,1996-12-02 22:00:00,76.4555,1996-12-02 17:00:00,2.5000
01127500,41.558611,-72.121944,1998-01-24 10:45:00,1998-01-25 01:15:00,99.1090,1998-01-24 15:30:00,4.7500
01127500,41.558611,-72.121944,1998-03-10 05:00:00,1998-03-10 22:00:00,160.5565,1998-03-10 07:00:00,2.0000
01127500,41.558611,-72.121944,1999-02-03 04:00:00,1999-02-03 13:00:00,83.8179,1999-02-03 05:15:00,1.2500
01127500,41.558611,-72.121944,2001-03-22 09:30:00,2001-03-23 05:00:00,113.2674,2001-03-22 15:30:00,6.0000
01127500,41.558611,-72.121944,2001-03-30 20:30:00,2001-03-31 06:45:00,85.8000,2001-03-31 00:00:00,3.5000
01127500,41.558611,-72.121944,2001-06-17 18:30:00,2001-06-18 09:30:00,158.0080,2001-06-17 23:30:00,5.0000
01127500,41.558611,-72.121944,2002-12-21 01:15:00,2002-12-21 02:45:00,67.1109,2002-12-21 01:30:00,0.2500
01127500,41.558611,-72.121944,2004-04-14 01:00:00,2004-04-14 19:45:00,117.7981,2004-04-14 07:00:00,6.0000
01127500,41.558611,-72.121944,2005-10-15 08:15:00,2005-10-15 18:00:00,83.2515,2005-10-15 11:30:00,3.2500
01127500,41.558611,-72.121944,2006-05-13 02:15:00,2006-05-13 20:45:00,110.4357,2006-05-13 10:15:00,8.0000
01127500,41.558611,-72.121944,2006-11-24 05:45:00,2006-11-24 17:15:00,82.4020,2006-11-24 09:45:00,4.0000
01127500,41.558611,-72.121944,2007-03-02 17:15:00,2007-03-03 06:45:00,142.7169,2007-03-02 21:00:00,3.7500
01127500,41.558611,-72.121944,2007-04-16 01:15:00,2007-04-17 04:15:00,128.5585,2007-04-16 10:30:00,9.2500
01127500,41.558611,-72.121944,2008-12-12 09:00:00,2008-12-13 09:45:00,169.0516,2008-12-12 16:45:00,7.7500
01127500,41.558611,-72.121944,2010-01-26 00:30:00,2010-01-26 03:00:00,69.0931,2010-01-26 02:00:00,1.5000
01127500,41.558611,-72.121944,2010-02-26 04:15:00,2010-02-26 20:00:00,103.9228,2010-02-26 08:30:00,4.2500
01127500,41.558611,-72.121944,2010-03-14 07:45:00,2010-03-15 09:30:00,139.0357,2010-03-14 14:45:00,7.0000
01127500,41.558611,-72.121944,2010-03-29 20:00:00,2010-03-31 22:15:00,219.4556,2010-03-30 21:00:00,25.0000
01127500,41.558611,-72.121944,2011-03-07 09:15:00,2011-03-08 03:00:00,105.0555,2011-03-07 12:30:00,3.2500
01127500,41.558611,-72.121944,2011-04-17 10:45:00,2011-04-17 19:00:00,73.9070,2011-04-17 13:15:00,2.5000
01127500,41.558611,-72.121944,2011-09-08 13:15:00,2011-09-08 23:00:00,111.5684,2011-09-08 16:45:00,3.5000
01127500,41.558611,-72.121944,2011-12-08 07:45:00,2011-12-08 18:30:00,86.3664,2011-12-08 11:15:00,3.5000
01127500,41.558611,-72.121944,2013-06-08 06:15:00,2013-06-08 23:15:00,93.4456,2013-06-08 12:00:00,5.7500
01127500,41.558611,-72.121944,2014-03-30 09:45:00,2014-03-31 07:00:00,125.1605,2014-03-30 15:00:00,5.2500
01127500,41.558611,-72.121944,2014-05-01 13:30:00,2014-05-01 17:45:00,69.9426,2014-05-01 15:00:00,1.5000
01122000,41.719722,-72.196111,1998-03-11 23:00:00,1998-03-15 15:00:00,81.2693,1998-03-13 01:00:00,26.0000
01122000,41.719722,-72.196111,2001-03-23 20:45:00,2001-03-24 03:30:00,68.8099,2001-03-23 23:30:00,2.7500
01122000,41.719722,-72.196111,2004-04-15 18:45:00,2004-04-17 07:45:00,76.1723,2004-04-15 22:30:00,3.7500
01122000,41.719722,-72.196111,2005-10-17 18:30:00,2005-10-21 20:30:00,81.5525,2005-10-18 21:15:00,26.7500
01122000,41.719722,-72.196111,2006-06-26 20:00:00,2006-06-28 14:30:00,76.4555,2006-06-27 21:30:00,25.5000
01122000,41.719722,-72.196111,2007-04-18 14:45:00,2007-04-21 11:45:00,77.8713,2007-04-19 18:30:00,27.7500
01122000,41.719722,-72.196111,2008-12-15 17:00:00,2008-12-17 15:00:00,75.0396,2008-12-15 20:45:00,3.7500
01122000,41.719722,-72.196111,2010-04-02 16:30:00,2010-04-07 04:30:00,77.5882,2010-04-02 23:30:00,7.0000
01122000,41.719722,-72.196111,2011-03-09 15:45:00,2011-03-10 21:30:00,81.8357,2011-03-09 21:00:00,5.2500
01122000,41.719722,-72.196111,2011-03-12 18:30:00,2011-03-16 17:45:00,79.2872,2011-03-14 20:45:00,49.2500
01122000,41.719722,-72.196111,2011-08-30 19:45:00,2011-08-31 21:30:00,76.7387,2011-08-30 22:45:00,3.0000
01122000,41.719722,-72.196111,2011-12-08 20:30:00,2011-12-09 18:30:00,72.7743,2011-12-09 02:30:00,6.0000
01122000,41.719722,-72.196111,2013-06-09 21:45:00,2013-06-10 11:15:00,71.9248,2013-06-10 01:15:00,3.5000
01122000,41.719722,-72.196111,2013-06-12 16:15:00,2013-06-13 18:00:00,74.1901,2013-06-12 19:00:00,2.7500
01122000,41.719722,-72.196111,2013-06-15 07:00:00,2013-06-16 20:45:00,74.4733,2013-06-16 04:45:00,21.7500
01122000,41.719722,-72.196111,2014-04-01 15:30:00,2014-04-02 12:15:00,71.9248,2014-04-01 17:45:00,2.2500
01076000,43.795556,-71.845833,2002-04-14 07:45:00,2002-04-14 12:45:00,168.4852,2002-04-14 10:00:00,2.2500
01076000,43.795556,-71.845833,2005-04-03 13:30:00,2005-04-03 23:30:00,200.2001,2005-04-03 17:30:00,4.0000
01076000,43.795556,-71.845833,2005-10-09 11:00:00,2005-10-09 13:45:00,149.5130,2005-10-09 12:30:00,1.5000
01076000,43.795556,-71.845833,2005-10-16 02:30:00,2005-10-16 03:30:00,146.9644,2005-10-16 03:15:00,0.7500
01076000,43.795556,-71.845833,2006-05-14 09:45:00,2006-05-14 18:00:00,182.3605,2006-05-14 15:00:00,5.2500
01076000,43.795556,-71.845833,2011-08-28 18:00:00,2011-08-29 10:00:00,319.9804,2011-08-29 00:00:00,6.0000
01076000,43.795556,-71.845833,2014-04-16 00:30:00,2014-04-16 08:15:00,190.0060,2014-04-16 04:30:00,4.0000
01093852,42.842500,-71.707222,2008-09-07 05:45:00,2008-09-07 09:15:00,90.0476,2008-09-07 07:15:00,1.5000
01093852,42.842500,-71.707222,2009-07-02 15:15:00,2009-07-02 16:15:00,66.8278,2009-07-02 15:30:00,0.2500
01093852,42.842500,-71.707222,2010-02-26 03:30:00,2010-02-26 17:30:00,93.4456,2010-02-26 07:30:00,4.0000
01093852,42.842500,-71.707222,2010-03-14 13:00:00,2010-03-16 13:45:00,115.2496,2010-03-14 17:00:00,4.0000
01093852,42.842500,-71.707222,2010-03-30 20:00:00,2010-03-31 23:00:00,105.3387,2010-03-31 03:15:00,7.2500
01093852,42.842500,-71.707222,2011-03-07 09:00:00,2011-03-08 03:00:00,95.1446,2011-03-07 14:45:00,5.7500
01093852,42.842500,-71.707222,2011-12-08 10:15:00,2011-12-08 12:15:00,66.8278,2011-12-08 12:00:00,1.7500
01094000,42.857500,-71.506667,2004-04-02 12:45:00,2004-04-03 18:15:00,172.7328,2004-04-03 00:15:00,11.5000
01094000,42.857500,-71.506667,2006-05-14 21:00:00,2006-05-16 17:45:00,173.8654,2006-05-15 14:00:00,17.0000
01094000,42.857500,-71.506667,2007-04-16 18:45:00,2007-04-19 05:45:00,297.3269,2007-04-17 06:00:00,11.2500
01094000,42.857500,-71.506667,2010-03-15 05:15:00,2010-03-17 02:15:00,173.0159,2010-03-15 21:30:00,16.2500
01094000,42.857500,-71.506667,2010-03-31 10:00:00,2010-04-01 13:30:00,148.6634,2010-03-31 20:30:00,10.5000
01105000,42.177500,-71.201389,1993-03-29 14:00:00,1993-03-31 15:30:00,11.2135,1993-03-31 15:30:00,49.5000
01105000,42.177500,-71.201389,1993-04-02 01:30:00,1993-04-02 20:30:00,11.1002,1993-04-02 15:30:00,14.0000
01105000,42.177500,-71.201389,1996-10-20 15:15:00,1996-10-23 14:30:00,21.5208,1996-10-21 12:30:00,21.2500
01105000,42.177500,-71.201389,1998-03-10 01:45:00,1998-03-11 06:15:00,11.7232,1998-03-10 19:15:00,17.5000
01105000,42.177500,-71.201389,1998-05-10 18:30:00,1998-05-12 10:15:00,11.6665,1998-05-11 04:30:00,10.0000
01105000,42.177500,-71.201389,1998-06-13 18:00:00,1998-06-19 22:45:00,31.1485,1998-06-14 14:15:00,20.2500
01105000,42.177500,-71.201389,1998-06-29 19:00:00,1998-07-01 00:15:00,12.0630,1998-06-29 19:15:00,0.2500
01105000,42.177500,-71.201389,1999-01-19 01:30:00,1999-01-19 09:30:00,13.2523,1999-01-19 02:15:00,0.7500
01105000,42.177500,-71.201389,1999-02-03 17:45:00,1999-02-04 05:15:00,11.0436,1999-02-03 18:45:00,1.0000
01105000,42.177500,-71.201389,2001-03-24 16:15:00,2001-03-25 18:30:00,13.7337,2001-03-24 17:30:00,1.2500
01105000,42.177500,-71.201389,2001-03-30 16:00:00,2001-04-02 05:00:00,13.1390,2001-03-31 20:00:00,28.0000
01105000,42.177500,-71.201389,2001-06-17 19:00:00,2001-06-18 17:00:00,20.8129,2001-06-17 20:15:00,1.2500
01105000,42.177500,-71.201389,2004-04-02 01:00:00,2004-04-03 05:15:00,12.5160,2004-04-02 12:00:00,11.0000
01105000,42.177500,-71.201389,2004-04-14 02:00:00,2004-04-15 13:45:00,12.0063,2004-04-14 22:15:00,20.2500
01105000,42.177500,-71.201389,2005-03-29 05:15:00,2005-03-30 22:30:00,14.1018,2005-03-29 20:45:00,15.5000
01105000,42.177500,-71.201389,2005-04-03 06:45:00,2005-04-04 14:45:00,12.4594,2005-04-03 14:00:00,7.2500
01105000,42.177500,-71.201389,2005-05-26 05:00:00,2005-05-27 03:30:00,12.2046,2005-05-26 06:00:00,1.0000
01105000,42.177500,-71.201389,2005-10-15 06:30:00,2005-10-18 05:00:00,24.3525,2005-10-15 19:00:00,12.5000
01105000,42.177500,-71.201389,2006-05-14 13:15:00,2006-05-16 03:30:00,12.2046,2006-05-14 16:30:00,3.2500
01105000,42.177500,-71.201389,2006-06-07 15:15:00,2006-06-11 07:15:00,19.5103,2006-06-08 14:30:00,23.2500
01105000,42.177500,-71.201389,2007-03-02 17:45:00,2007-03-02 21:45:00,11.7232,2007-03-02 18:30:00,0.7500
01105000,42.177500,-71.201389,2007-04-16 08:30:00,2007-04-19 14:30:00,14.3000,2007-04-17 00:45:00,16.2500
01105000,42.177500,-71.201389,2008-02-13 21:00:00,2008-02-15 15:15:00,16.5087,2008-02-13 22:30:00,1.5000
01105000,42.177500,-71.201389,2008-03-08 23:30:00,2008-03-10 09:45:00,12.6010,2008-03-09 07:00:00,6.5000
01105000,42.177500,-71.201389,2008-12-12 10:15:00,2008-12-14 11:30:00,16.9901,2008-12-12 13:30:00,3.2500
01105000,42.177500,-71.201389,2010-02-25 22:00:00,2010-02-27 22:00:00,15.6592,2010-02-26 04:00:00,6.0000
01105000,42.177500,-71.201389,2010-03-14 08:30:00,2010-03-19 15:00:00,32.5644,2010-03-15 18:15:00,33.7500
01105000,42.177500,-71.201389,2010-03-23 09:15:00,2010-03-25 17:15:00,13.8469,2010-03-24 12:15:00,27.0000
01105000,42.177500,-71.201389,2010-03-29 20:15:00,2010-04-03 22:45:00,33.4139,2010-03-30 21:15:00,25.0000
01105000,42.177500,-71.201389,2011-03-07 10:15:00,2011-03-09 01:00:00,12.9691,2011-03-08 05:15:00,19.0000
01105000,42.177500,-71.201389,2011-12-08 08:30:00,2011-12-08 16:00:00,11.0719,2011-12-08 10:15:00,1.7500
01105000,42.177500,-71.201389,2013-06-08 02:30:00,2013-06-09 03:15:00,11.9214,2013-06-08 07:15:00,4.7500
01105000,42.177500,-71.201389,2013-06-14 07:00:00,2013-06-15 19:45:00,13.4222,2013-06-14 13:30:00,6.5000
01105000,42.177500,-71.201389,2014-03-30 15:15:00,2014-04-01 15:00:00,14.1867,2014-03-31 12:45:00,21.5000
01105000,42.177500,-71.201389,2014-12-09 20:30:00,2014-12-11 21:00:00,14.4982,2014-12-10 02:15:00,5.7500
01108410,41.899722,-71.090000,2006-06-07 14:15:00,2006-06-12 19:00:00,24.9471,2006-06-10 09:15:00,67.0000
01108410,41.899722,-71.090000,2006-06-26 22:30:00,2006-06-28 07:15:00,18.4909,2006-06-27 03:45:00,5.2500
01108410,41.899722,-71.090000,2007-04-18 01:30:00,2007-04-20 14:30:00,18.7174,2007-04-19 07:30:00,30.0000
01108410,41.899722,-71.090000,2010-03-15 13:45:00,2010-03-20 09:30:00,28.3168,2010-03-17 15:45:00,50.0000
01108410,41.899722,-71.090000,2010-03-30 07:15:00,2010-04-05 00:15:00,37.0951,2010-04-01 06:15:00,47.0000
01108410,41.899722,-71.090000,2013-06-14 04:45:00,2013-06-15 21:15:00,18.2077,2013-06-14 08:15:00,3.5000
01112500,42.006111,-71.503611,1989-10-21 13:00:00,1989-10-22 05:45:00,172.1664,1989-10-21 23:45:00,10.7500
01112500,42.006111,-71.503611,1990-10-14 22:00:00,1990-10-14 22:45:00,157.4417,1990-10-14 22:30:00,0.5000
01112500,42.006111,-71.503611,1993-03-30 00:45:00,1993-03-31 19:15:00,211.8100,1993-03-30 12:30:00,11.7500
01112500,42.006111,-71.503611,1993-04-02 13:15:00,1993-04-02 20:45:00,162.8219,1993-04-02 13:30:00,0.2500
01112500,42.006111,-71.503611,1996-01-20 17:55:00,1996-01-21 04:55:00,176.6971,1996-01-20 23:00:00,5.0833
01112500,42.006111,-71.503611,1996-01-28 13:00:00,1996-01-29 11:55:00,204.1645,1996-01-28 21:10:00,8.1667
01112500,42.006111,-71.503611,1996-04-17 10:50:00,1996-04-18 06:55:00,191.1387,1996-04-17 19:05:00,8.2500
01112500,42.006111,-71.503611,1996-10-21 04:35:00,1996-10-22 01:50:00,204.4476,1996-10-21 12:05:00,7.5000
01112500,42.006111,-71.503611,1998-03-10 09:20:00,1998-03-11 15:30:00,236.4457,1998-03-10 22:00:00,12.6667
01112500,42.006111,-71.503611,1998-06-14 13:25:00,1998-06-15 23:15:00,193.6872,1998-06-15 09:10:00,19.7500
01112500,42.006111,-71.503611,2000-04-23 01:00:00,2000-04-23 15:30:00,173.5823,2000-04-23 07:00:00,6.0000
01112500,42.006111,-71.503611,2001-03-22 14:20:00,2001-03-24 22:00:00,291.6635,2001-03-23 06:25:00,16.0833
01112500,42.006111,-71.503611,2001-03-30 23:50:00,2001-04-01 04:55:00,235.3130,2001-03-31 13:25:00,13.5833
01112500,42.006111,-71.503611,2001-06-18 06:30:00,2001-06-18 20:00:00,180.6615,2001-06-18 11:05:00,4.5833
01112500,42.006111,-71.503611,2004-04-14 13:00:00,2004-04-15 12:00:00,196.2357,2004-04-14 23:30:00,10.5000
01112500,42.006111,-71.503611,2005-04-03 11:30:00,2005-04-04 16:30:00,188.0239,2005-04-03 18:30:00,7.0000
01112500,42.006111,-71.503611,2005-10-15 09:15:00,2005-10-17 16:45:00,464.3963,2005-10-16 04:00:00,18.7500
01112500,42.006111,-71.503611,2005-10-26 12:15:00,2005-10-26 20:00:00,164.2377,2005-10-26 12:45:00,0.5000
01112500,42.006111,-71.503611,2006-06-07 22:15:00,2006-06-09 07:45:00,216.6239,2006-06-08 07:15:00,9.0000
01112500,42.006111,-71.503611,2007-04-16 11:30:00,2007-04-18 22:00:00,270.4259,2007-04-17 08:45:00,21.2500
01112500,42.006111,-71.503611,2008-02-14 12:15:00,2008-02-15 03:00:00,169.3347,2008-02-14 18:45:00,6.5000
01112500,42.006111,-71.503611,2008-02-19 13:15:00,2008-02-19 16:00:00,162.2555,2008-02-19 14:30:00,1.2500
01112500,42.006111,-71.503611,2008-03-09 00:45:00,2008-03-10 09:00:00,194.2536,2008-03-09 19:30:00,17.7500
01112500,42.006111,-71.503611,2008-12-12 13:15:00,2008-12-14 05:00:00,291.6635,2008-12-13 04:15:00,15.0000
01112500,42.006111,-71.503611,2010-02-26 09:30:00,2010-02-27 13:00:00,199.6338,2010-02-26 23:45:00,14.2500
01112500,42.006111,-71.503611,2010-03-14 16:30:00,2010-03-17 08:00:00,244.6576,2010-03-15 08:15:00,15.7500
01112500,42.006111,-71.503611,2010-03-24 07:00:00,2010-03-25 03:45:00,187.1744,2010-03-24 13:15:00,6.2500
01112500,42.006111,-71.503611,2010-03-30 03:15:00,2010-04-02 17:15:00,421.9210,2010-03-31 09:30:00,30.2500
01112500,42.006111,-71.503611,2011-03-07 15:15:00,2011-03-09 02:45:00,235.5962,2011-03-08 09:45:00,18.5000
01112500,42.006111,-71.503611,2011-08-29 05:45:00,2011-08-30 00:45:00,189.1565,2011-08-29 15:45:00,10.0000
01112500,42.006111,-71.503611,2011-09-09 09:00:00,2011-09-10 00:00:00,188.8734,2011-09-09 15:00:00,6.0000
01112500,42.006111,-71.503611,2011-12-08 16:15:00,2011-12-09 09:30:00,173.0159,2011-12-08 22:15:00,6.0000
01112500,42.006111,-71.503611,2013-06-09 00:45:00,2013-06-09 05:45:00,158.0080,2013-06-09 03:15:00,2.5000
01112500,42.006111,-71.503611,2013-06-14 17:00:00,2013-06-15 17:30:00,180.6615,2013-06-15 03:45:00,10.7500
01112500,42.006111,-71.503611,2014-03-30 21:45:00,2014-04-01 09:30:00,203.0318,2014-03-31 08:30:00,10.7500
01116500,41.750833,-71.445556,1992-01-24 06:00:00,1992-01-24 19:00:00,42.7584,1992-01-24 11:00:00,5.0000
01116500,41.750833,-71.445556,1992-12-12 05:00:00,1992-12-13 12:00:00,51.2535,1992-12-12 16:00:00,11.0000
01116500,41.750833,-71.445556,1992-12-18 01:00:00,1992-12-23 03:00:00,50.6872,1992-12-20 00:00:00,47.0000
01116500,41.750833,-71.445556,1993-02-17 03:00:00,1993-02-18 08:00:00,58.0495,1993-02-17 12:00:00,9.0000
01116500,41.750833,-71.445556,1993-03-18 05:00:00,1993-03-18 10:00:00,39.0772,1993-03-18 07:00:00,2.0000
01116500,41.750833,-71.445556,1993-03-24 18:00:00,1993-03-25 19:00:00,47.2891,1993-03-25 02:00:00,8.0000
01116500,41.750833,-71.445556,1993-03-27 03:00:00,1993-04-06 11:00:00,82.6852,1993-04-02 18:00:00,159.0000
01116500,41.750833,-71.445556,1993-12-05 21:00:00,1993-12-06 02:00:00,39.6436,1993-12-05 22:00:00,1.0000
01116500,41.750833,-71.445556,1994-01-28 23:00:00,1994-01-29 16:00:00,50.9703,1994-01-29 07:00:00,8.0000
01116500,41.750833,-71.445556,1994-03-10 19:00:00,1994-03-13 00:00:00,72.4911,1994-03-11 06:00:00,11.0000
01116500,41.750833,-71.445556,1994-03-23 01:00:00,1994-03-27 04:00:00,51.5367,1994-03-24 07:00:00,30.0000
01116500,41.750833,-71.445556,1994-03-28 19:00:00,1994-04-01 08:00:00,48.9881,1994-03-30 07:00:00,36.0000
01116500,41.750833,-71.445556,1996-01-20 02:00:00,1996-01-20 17:00:00,48.1386,1996-01-20 08:00:00,6.0000
01116500,41.750833,-71.445556,1996-01-28 05:00:00,1996-01-28 21:00:00,43.0416,1996-01-28 11:00:00,6.0000
01116500,41.750833,-71.445556,1996-04-16 17:00:00,1996-04-20 07:00:00,78.4377,1996-04-18 01:00:00,32.0000
01116500,41.750833,-71.445556,1996-07-14 01:00:00,1996-07-14 06:00:00,39.6436,1996-07-14 03:00:00,2.0000
01116500,41.750833,-71.445556,1996-10-20 11:00:00,1996-10-22 03:00:00,54.3683,1996-10-20 21:00:00,10.0000
01116500,41.750833,-71.445556,1996-12-08 08:00:00,1996-12-08 22:00:00,41.3426,1996-12-08 12:00:00,4.0000
01116500,41.750833,-71.445556,1996-12-19 22:00:00,1996-12-23 19:00:00,58.3327,1996-12-21 01:00:00,27.0000
01116500,41.750833,-71.445556,1996-12-25 07:00:00,1996-12-26 08:00:00,41.0594,1996-12-25 15:00:00,8.0000
01116500,41.750833,-71.445556,1998-01-24 06:45:00,1998-01-26 15:00:00,64.8456,1998-01-24 19:45:00,13.0000
01116500,41.750833,-71.445556,1998-02-18 12:15:00,1998-02-19 03:00:00,45.3070,1998-02-18 18:45:00,6.5000
01116500,41.750833,-71.445556,1998-03-09 22:45:00,1998-03-14 02:30:00,95.1446,1998-03-11 05:30:00,30.7500
01116500,41.750833,-71.445556,1998-03-19 16:45:00,1998-03-23 08:45:00,49.2713,1998-03-20 05:00:00,12.2500
01116500,41.750833,-71.445556,1998-03-24 23:15:00,1998-03-25 08:15:00,39.9268,1998-03-25 02:15:00,3.0000
01116500,41.750833,-71.445556,1998-05-10 09:00:00,1998-05-15 02:15:00,76.7387,1998-05-11 22:45:00,37.7500
01116500,41.750833,-71.445556,1998-06-13 21:45:00,1998-06-22 15:45:00,90.6139,1998-06-16 00:00:00,50.2500
01116500,41.750833,-71.445556,1998-07-01 02:30:00,1998-07-03 16:00:00,66.5446,1998-07-02 00:30:00,22.0000
01116500,41.750833,-71.445556,1999-03-01 07:00:00,1999-03-03 13:30:00,43.8911,1999-03-01 14:45:00,7.7500
01116500,41.750833,-71.445556,1999-09-11 02:45:00,1999-09-11 20:15:00,48.9881,1999-09-11 10:45:00,8.0000
01116500,41.750833,-71.445556,1999-09-16 21:15:00,1999-09-18 22:00:00,62.8634,1999-09-17 09:15:00,12.0000
01116500,41.750833,-71.445556,2000-04-22 08:00:00,2000-04-26 06:30:00,62.2971,2000-04-23 20:00:00,36.0000
01116500,41.750833,-71.445556,2001-03-22 09:00:00,2001-03-24 14:30:00,80.9862,2001-03-22 20:45:00,11.7500
01116500,41.750833,-71.445556,2001-03-30 16:45:00,2001-04-03 17:15:00,88.3486,2001-03-31 22:30:00,29.7500
01116500,41.750833,-71.445556,2001-06-18 00:00:00,2001-06-20 18:15:00,68.2436,2001-06-19 06:00:00,30.0000
01116500,41.750833,-71.445556,2003-12-19 13:00:00,2003-12-20 03:15:00,39.0772,2003-12-19 16:15:00,3.2500
01116500,41.750833,-71.445556,2004-04-02 01:15:00,2004-04-04 10:45:00,50.1208,2004-04-03 04:15:00,27.0000
01116500,41.750833,-71.445556,2004-04-14 04:00:00,2004-04-17 20:30:00,87.4991,2004-04-15 10:00:00,30.0000
01116500,41.750833,-71.445556,2005-03-29 03:00:00,2005-04-01 07:45:00,66.5446,2005-03-30 12:30:00,33.5000
01116500,41.750833,-71.445556,2005-04-02 16:15:00,2005-04-06 11:00:00,68.2436,2005-04-04 05:15:00,36.0000
01116500,41.750833,-71.445556,2005-10-15 03:15:00,2005-10-18 05:15:00,120.6298,2005-10-15 18:30:00,15.2500
01116500,41.750833,-71.445556,2006-02-05 07:00:00,2006-02-07 13:30:00,49.2713,2006-02-05 20:15:00,13.2500
01116500,41.750833,-71.445556,2006-05-14 21:00:00,2006-05-17 23:45:00,46.1565,2006-05-16 21:45:00,48.7500
01116500,41.750833,-71.445556,2006-06-07 13:30:00,2006-06-12 12:45:00,100.2416,2006-06-08 20:15:00,30.7500
01116500,41.750833,-71.445556,2006-06-25 19:45:00,2006-06-28 02:15:00,52.9525,2006-06-26 17:00:00,21.2500
01116500,41.750833,-71.445556,2006-10-28 17:45:00,2006-10-29 10:45:00,54.0852,2006-10-29 00:15:00,6.5000
01116500,41.750833,-71.445556,2006-11-24 01:00:00,2006-11-25 20:45:00,58.0495,2006-11-24 11:30:00,10.5000
01116500,41.750833,-71.445556,2007-03-02 17:30:00,2007-03-03 13:15:00,68.2436,2007-03-03 01:15:00,7.7500
01116500,41.750833,-71.445556,2007-04-16 00:45:00,2007-04-17 03:45:00,94.2951,2007-04-17 03:45:00,27.0000
01116500,41.750833,-71.445556,2008-02-13 22:45:00,2008-02-14 15:00:00,50.1208,2008-02-14 05:15:00,6.5000
01116500,41.750833,-71.445556,2008-03-08 22:30:00,2008-03-10 15:30:00,51.8198,2008-03-09 08:00:00,8.5000
01116500,41.750833,-71.445556,2008-09-07 05:00:00,2008-09-07 15:00:00,43.0416,2008-09-07 08:45:00,3.7500
01116500,41.750833,-71.445556,2008-12-12 07:15:00,2008-12-13 04:45:00,74.4733,2008-12-12 19:15:00,12.0000
01116500,41.750833,-71.445556,2009-04-22 03:45:00,2009-04-23 18:45:00,41.9089,2009-04-22 09:30:00,5.7500
01116500,41.750833,-71.445556,2009-07-24 08:00:00,2009-07-26 18:30:00,58.3327,2009-07-24 17:45:00,9.7500
01116500,41.750833,-71.445556,2009-12-27 19:15:00,2009-12-29 19:30:00,43.8911,2009-12-28 03:15:00,8.0000
01116500,41.750833,-71.445556,2010-01-26 05:00:00,2010-01-28 00:30:00,45.0238,2010-01-26 18:45:00,13.7500
01116500,41.750833,-71.445556,2010-02-24 18:45:00,2010-02-28 04:45:00,81.8357,2010-02-26 19:15:00,48.5000
01116500,41.750833,-71.445556,2010-03-14 05:15:00,2010-03-18 03:45:00,166.5031,2010-03-15 18:15:00,37.0000
01116500,41.750833,-71.445556,2010-03-23 11:00:00,2010-03-28 04:00:00,91.1802,2010-03-25 00:45:00,37.7500
01116500,41.750833,-71.445556,2010-03-29 15:00:00,2010-04-06 17:00:00,421.9210,2010-03-31 12:15:00,45.2500
01116500,41.750833,-71.445556,2010-12-13 05:15:00,2010-12-14 00:45:00,58.0495,2010-12-13 13:30:00,8.2500
01116500,41.750833,-71.445556,2011-04-17 14:30:00,2011-04-19 03:00:00,45.3070,2011-04-18 16:45:00,26.2500
01116500,41.750833,-71.445556,2011-09-08 15:15:00,2011-09-09 11:15:00,47.0060,2011-09-08 21:15:00,6.0000
01116500,41.750833,-71.445556,2011-10-20 15:15:00,2011-10-22 08:30:00,41.0594,2011-10-21 18:45:00,27.5000
01116500,41.750833,-71.445556,2011-10-30 10:30:00,2011-10-31 01:15:00,39.6436,2011-10-30 16:30:00,6.0000
01116500,41.750833,-71.445556,2011-12-08 05:45:00,2011-12-11 21:15:00,67.9604,2011-12-09 05:15:00,23.5000
01116500,41.750833,-71.445556,2013-02-27 22:30:00,2013-02-28 15:45:00,50.6872,2013-02-28 05:00:00,6.5000
01116500,41.750833,-71.445556,2013-06-08 05:30:00,2013-06-17 19:00:00,81.2693,2013-06-15 10:00:00,172.5000
01116500,41.750833,-71.445556,2013-09-02 18:30:00,2013-09-03 10:15:00,58.3327,2013-09-02 23:00:00,4.5000
01116500,41.750833,-71.445556,2014-04-01 04:00:00,2014-04-02 21:15:00,46.7228,2014-04-01 11:30:00,7.5000
01116500,41.750833,-71.445556,2014-04-16 11:15:00,2014-04-18 07:00:00,41.3426,2014-04-17 13:45:00,26.5000
01116500,41.750833,-71.445556,2014-05-01 18:00:00,2014-05-02 02:45:00,39.6436,2014-05-01 20:15:00,2.2500
01116500,41.750833,-71.445556,2014-12-09 22:30:00,2014-12-10 12:15:00,46.7228,2014-12-10 03:00:00,4.5000
01125500,41.909167,-71.913333,1996-04-17 08:15:00,1996-04-17 12:15:00,114.6832,1996-04-17 11:45:00,3.5000
01125500,41.909167,-71.913333,1998-03-10 14:15:00,1998-03-11 04:30:00,118.0813,1998-03-11 00:00:00,9.7500
01125500,41.909167,-71.913333,2005-10-15 10:45:00,2005-10-16 07:15:00,143.2832,2005-10-15 21:15:00,10.5000
01125500,41.909167,-71.913333,2008-12-12 21:45:00,2008-12-13 00:15:00,121.4793,2008-12-12 22:45:00,1.0000
01161000,42.785833,-72.486667,2005-10-09 05:45:00,2005-10-11 00:30:00,331.3071,2005-10-09 11:30:00,5.7500
01161000,42.785833,-72.486667,2005-10-15 22:45:00,2005-10-17 07:45:00,194.2536,2005-10-16 16:45:00,18.0000
01170000,42.535833,-72.653889,1992-03-27 10:15:00,1992-03-27 14:15:00,441.7428,1992-03-27 11:45:00,1.5000
01170000,42.535833,-72.653889,1993-04-17 09:45:00,1993-04-17 20:00:00,430.4161,1993-04-17 14:30:00,4.7500
01170000,42.535833,-72.653889,1993-04-23 06:00:00,1993-04-23 14:15:00,555.0102,1993-04-23 09:15:00,3.2500
01170000,42.535833,-72.653889,1995-10-22 00:15:00,1995-10-22 11:45:00,611.6439,1995-10-22 03:30:00,3.2500
01170000,42.535833,-72.653889,1995-11-12 12:00:00,1995-11-12 19:00:00,455.9012,1995-11-12 15:30:00,3.5000
01170000,42.535833,-72.653889,1998-06-15 10:30:00,1998-06-15 19:15:00,433.2478,1998-06-15 16:00:00,5.5000
01170000,42.535833,-72.653889,2000-12-17 21:00:00,2000-12-18 03:30:00,563.5052,2000-12-18 00:15:00,3.2500
01170000,42.535833,-72.653889,2003-10-29 16:15:00,2003-10-29 23:45:00,600.3171,2003-10-29 19:30:00,3.2500
01170000,42.535833,-72.653889,2004-04-01 22:15:00,2004-04-02 13:45:00,637.1290,2004-04-02 08:00:00,9.7500
01170000,42.535833,-72.653889,2004-09-18 18:15:00,2004-09-18 22:00:00,441.7428,2004-09-18 19:45:00,1.5000
01170000,42.535833,-72.653889,2005-04-03 06:45:00,2005-04-03 22:30:00,625.8023,2005-04-03 13:15:00,6.5000
01170000,42.535833,-72.653889,2005-10-09 02:00:00,2005-10-09 19:15:00,1056.2184,2005-10-09 11:30:00,9.5000
01170000,42.535833,-72.653889,2005-10-25 19:00:00,2005-10-25 21:30:00,410.5943,2005-10-25 19:45:00,0.7500
01170000,42.535833,-72.653889,2010-03-31 07:30:00,2010-03-31 16:45:00,430.4161,2010-03-31 12:45:00,5.2500
01170000,42.535833,-72.653889,2011-09-07 14:15:00,2011-09-08 21:45:00,515.3666,2011-09-08 16:00:00,25.7500
01170000,42.535833,-72.653889,2013-06-14 02:15:00,2013-06-14 13:00:00,447.4062,2013-06-14 11:30:00,9.2500
01170000,42.535833,-72.653889,2015-09-30 15:45:00,2015-09-30 16:15:00,427.5844,2015-09-30 16:00:00,0.2500
01170000,42.535833,-72.653889,2016-02-25 08:00:00,2016-02-25 13:45:00,605.9805,2016-02-25 10:00:00,2.0000
01181000,42.237222,-72.896111,1988-07-22 07:00:00,1988-07-22 10:30:00,136.4872,1988-07-22 09:00:00,2.0000
01181000,42.237222,-72.896111,1990-10-24 07:30:00,1990-10-24 13:30:00,133.9387,1990-10-24 10:00:00,2.5000
01181000,42.237222,-72.896111,1992-06-06 08:30:00,1992-06-06 12:00:00,122.8951,1992-06-06 09:30:00,1.0000
01181000,42.237222,-72.896111,1993-03-29 22:00:00,1993-03-30 10:00:00,128.5585,1993-03-30 02:00:00,4.0000
01181000,42.237222,-72.896111,1993-04-17 09:00:00,1993-04-17 13:00:00,114.6832,1993-04-17 11:00:00,2.0000
01181000,42.237222,-72.896111,1993-04-23 02:00:00,1993-04-23 08:00:00,125.1605,1993-04-23 03:00:00,1.0000
01181000,42.237222,-72.896111,1995-10-21 22:45:00,1995-10-22 04:15:00,133.3723,1995-10-22 01:00:00,2.2500
01181000,42.237222,-72.896111,1995-10-28 12:15:00,1995-10-28 18:30:00,188.3070,1995-10-28 13:30:00,1.2500
01181000,42.237222,-72.896111,1995-11-12 08:45:00,1995-11-12 15:15:00,192.2714,1995-11-12 11:15:00,2.5000
01181000,42.237222,-72.896111,1996-01-27 20:30:00,1996-01-28 05:30:00,172.1664,1996-01-28 00:00:00,3.5000
01181000,42.237222,-72.896111,1996-04-16 19:45:00,1996-04-17 03:45:00,143.5664,1996-04-17 00:30:00,4.7500
01181000,42.237222,-72.896111,1999-03-22 11:30:00,1999-03-22 21:15:00,220.5882,1999-03-22 16:00:00,4.5000
01181000,42.237222,-72.896111,1999-05-20 00:45:00,1999-05-20 06:45:00,159.4238,1999-05-20 02:30:00,1.7500
01181000,42.237222,-72.896111,2000-06-07 02:15:00,2000-06-07 12:15:00,127.7090,2000-06-07 08:30:00,6.2500
01181000,42.237222,-72.896111,2000-12-17 20:45:00,2000-12-18 01:00:00,133.3723,2000-12-17 23:15:00,2.5000
01181000,42.237222,-72.896111,2001-06-03 05:00:00,2001-06-03 06:15:00,111.5684,2001-06-03 05:45:00,0.7500
01181000,42.237222,-72.896111,2003-09-28 19:00:00,2003-09-28 20:30:00,109.8694,2003-09-28 19:15:00,0.2500
01181000,42.237222,-72.896111,2003-10-29 15:45:00,2003-10-29 20:15:00,144.1327,2003-10-29 16:30:00,0.7500
01181000,42.237222,-72.896111,2004-04-01 23:15:00,2004-04-02 09:15:00,150.0793,2004-04-02 05:00:00,5.7500
01181000,42.237222,-72.896111,2004-09-18 15:00:00,2004-09-18 21:45:00,163.1050,2004-09-18 18:00:00,3.0000
01181000,42.237222,-72.896111,2005-04-03 04:15:00,2005-04-03 18:30:00,334.1388,2005-04-03 07:15:00,3.0000
01181000,42.237222,-72.896111,2005-10-09 00:45:00,2005-10-09 15:15:00,795.7034,2005-10-09 07:00:00,6.2500
01181000,42.237222,-72.896111,2005-10-15 04:30:00,2005-10-15 08:30:00,123.4615,2005-10-15 06:00:00,1.5000
01181000,42.237222,-72.896111,2005-11-30 11:00:00,2005-11-30 14:00:00,128.8417,2005-11-30 12:00:00,1.0000
01181000,42.237222,-72.896111,2006-01-14 16:15:00,2006-01-14 21:15:00,134.2219,2006-01-14 17:30:00,1.2500
01181000,42.237222,-72.896111,2006-01-18 18:30:00,2006-01-19 03:15:00,216.0575,2006-01-18 21:00:00,2.5000
01181000,42.237222,-72.896111,2006-05-13 06:30:00,2006-05-13 09:30:00,118.3644,2006-05-13 07:00:00,0.5000
01181000,42.237222,-72.896111,2007-04-16 07:00:00,2007-04-17 08:30:00,557.8419,2007-04-16 13:00:00,6.0000
01181000,42.237222,-72.896111,2008-03-08 22:00:00,2008-03-09 07:45:00,187.4575,2008-03-08 23:45:00,1.7500
01181000,42.237222,-72.896111,2008-12-12 10:00:00,2008-12-12 18:15:00,189.4397,2008-12-12 13:00:00,3.0000
01181000,42.237222,-72.896111,2010-03-14 09:45:00,2010-03-14 13:45:00,110.4357,2010-03-14 10:00:00,0.2500
01181000,42.237222,-72.896111,2010-03-23 09:15:00,2010-03-23 16:15:00,146.3981,2010-03-23 12:45:00,3.5000
01181000,42.237222,-72.896111,2010-03-30 19:45:00,2010-03-31 02:00:00,139.0357,2010-03-30 22:45:00,3.0000
01181000,42.237222,-72.896111,2010-12-02 01:15:00,2010-12-02 02:45:00,107.0377,2010-12-02 02:15:00,1.0000
01181000,42.237222,-72.896111,2011-03-07 04:45:00,2011-03-07 16:15:00,167.3526,2011-03-07 07:00:00,2.2500
01181000,42.237222,-72.896111,2011-09-07 08:45:00,2011-09-08 18:00:00,195.6694,2011-09-07 13:00:00,4.2500
01181000,42.237222,-72.896111,2011-09-29 15:45:00,2011-09-30 00:45:00,194.2536,2011-09-29 16:45:00,1.0000
01189995,41.908333,-72.761111,2005-10-15 09:30:00,2005-10-16 23:15:00,294.4952,2005-10-15 14:15:00,4.7500
01189995,41.908333,-72.761111,2006-05-14 06:00:00,2006-05-15 00:00:00,265.0457,2006-05-14 11:30:00,5.5000
01189995,41.908333,-72.761111,2007-04-16 12:30:00,2007-04-19 09:00:00,475.7230,2007-04-17 17:15:00,28.7500
01189995,41.908333,-72.761111,2011-03-08 05:00:00,2011-03-09 17:00:00,365.2873,2011-03-08 13:00:00,8.0000
01189995,41.908333,-72.761111,2011-08-28 18:15:00,2011-08-31 05:30:00,436.0794,2011-08-29 22:15:00,28.0000
01205500,41.383889,-73.168056,1990-10-24 04:00:00,1990-10-27 13:45:00,288.8318,1990-10-26 00:00:00,44.0000
01205500,41.383889,-73.168056,1990-11-10 22:00:00,1990-11-12 21:15:00,237.5783,1990-11-11 07:15:00,9.2500
01205500,41.383889,-73.168056,1990-12-04 12:45:00,1990-12-05 20:00:00,217.7566,1990-12-05 03:45:00,15.0000
01205500,41.383889,-73.168056,1990-12-25 01:45:00,1990-12-26 18:30:00,195.6694,1990-12-25 13:30:00,11.7500
01205500,41.383889,-73.168056,1991-01-01 00:45:00,1991-01-02 15:15:00,192.8377,1991-01-01 15:45:00,15.0000
01205500,41.383889,-73.168056,1991-03-07 15:15:00,1991-03-07 17:45:00,188.5902,1991-03-07 16:45:00,1.5000
01205500,41.383889,-73.168056,1991-08-19 17:00:00,1991-08-20 02:30:00,236.7288,1991-08-20 01:00:00,8.0000
01205500,41.383889,-73.168056,1991-09-25 21:45:00,1991-09-26 19:30:00,193.4041,1991-09-26 01:45:00,4.0000
01205500,41.383889,-73.168056,1991-11-23 04:45:00,1991-11-23 05:45:00,188.0239,1991-11-23 05:30:00,0.7500
01205500,41.383889,-73.168056,1992-03-27 06:00:00,1992-03-29 10:00:00,233.0476,1992-03-27 15:45:00,9.7500
01205500,41.383889,-73.168056,1992-05-14 11:30:00,1992-05-14 12:00:00,213.7922,1992-05-14 12:00:00,0.5000
01205500,41.383889,-73.168056,1992-06-06 08:30:00,1992-06-06 15:45:00,188.5902,1992-06-06 13:00:00,4.5000
01205500,41.383889,-73.168056,1992-08-18 11:45:00,1992-08-19 00:45:00,223.1368,1992-08-19 00:30:00,12.7500
01205500,41.383889,-73.168056,1992-11-23 10:30:00,1992-11-26 00:00:00,268.4437,1992-11-23 17:45:00,7.2500
01205500,41.383889,-73.168056,1992-12-17 14:45:00,1992-12-18 09:45:00,193.4041,1992-12-18 09:30:00,18.7500
01205500,41.383889,-73.168056,1993-01-01 01:30:00,1993-01-03 10:15:00,261.6477,1993-01-01 08:15:00,6.7500
01205500,41.383889,-73.168056,1993-01-05 14:00:00,1993-01-10 13:45:00,274.9566,1993-01-05 21:30:00,7.5000
01205500,41.383889,-73.168056,1993-03-24 18:45:00,1993-04-06 08:45:00,639.9607,1993-04-01 17:15:00,190.5000
01205500,41.383889,-73.168056,1993-11-29 05:30:00,1993-12-01 07:15:00,236.1625,1993-11-30 13:45:00,32.2500
01205500,41.383889,-73.168056,1993-12-05 17:45:00,1993-12-07 06:15:00,300.1586,1993-12-05 21:45:00,4.0000
01205500,41.383889,-73.168056,1993-12-22 07:45:00,1993-12-22 15:45:00,195.1031,1993-12-22 12:45:00,5.0000
01205500,41.383889,-73.168056,1994-01-29 00:15:00,1994-01-30 07:30:00,291.6635,1994-01-29 16:00:00,15.7500
01205500,41.383889,-73.168056,1994-03-10 12:30:00,1994-03-17 18:15:00,274.9566,1994-03-11 03:30:00,15.0000
01205500,41.383889,-73.168056,1994-03-22 14:30:00,1994-04-22 00:15:00,404.9309,1994-03-29 22:15:00,175.7500
01205500,41.383889,-73.168056,1994-06-12 23:30:00,1994-06-13 05:30:00,198.5011,1994-06-13 01:15:00,1.7500
01205500,41.383889,-73.168056,1994-08-18 16:00:00,1994-08-18 18:30:00,235.0298,1994-08-18 17:15:00,1.2500
01205500,41.383889,-73.168056,1994-08-22 12:45:00,1994-08-24 02:30:00,281.7526,1994-08-22 19:45:00,7.0000
01205500,41.383889,-73.168056,1995-10-22 04:30:00,1995-10-22 20:45:00,196.8021,1995-10-22 09:15:00,4.7500
01205500,41.383889,-73.168056,1996-01-27 05:00:00,1996-02-03 19:45:00,1265.7630,1996-01-28 03:30:00,22.5000
01205500,41.383889,-73.168056,1996-02-22 08:45:00,1996-02-28 18:15:00,272.6912,1996-02-25 14:45:00,78.0000
01205500,41.383889,-73.168056,1996-04-16 10:45:00,1996-04-23 04:45:00,470.0597,1996-04-16 21:15:00,10.5000
01205500,41.383889,-73.168056,1996-05-01 05:45:00,1996-05-07 04:45:00,291.6635,1996-05-02 12:45:00,31.0000
01205500,41.383889,-73.168056,1996-05-12 11:45:00,1996-05-20 05:30:00,228.2338,1996-05-12 13:15:00,1.5000
01205500,41.383889,-73.168056,1996-07-13 19:30:00,1996-07-20 02:15:00,416.2576,1996-07-14 05:00:00,9.5000
01205500,41.383889,-73.168056,1996-10-20 02:45:00,1996-10-25 12:00:00,543.6835,1996-10-22 00:45:00,46.0000
01205500,41.383889,-73.168056,1996-11-09 07:00:00,1996-11-11 19:45:00,319.9804,1996-11-09 19:15:00,12.2500
01205500,41.383889,-73.168056,1996-11-26 21:15:00,1996-11-28 15:15:00,214.9249,1996-11-27 04:15:00,7.0000
01205500,41.383889,-73.168056,1996-12-02 09:30:00,1996-12-21 04:45:00,563.5052,1996-12-02 18:00:00,8.5000
01205500,41.383889,-73.168056,1996-12-24 05:00:00,1997-01-01 07:45:00,246.9229,1996-12-26 06:15:00,49.2500
01205500,41.383889,-73.168056,1997-02-06 00:15:00,1997-02-06 08:30:00,194.5367,1997-02-06 03:45:00,3.5000
01205500,41.383889,-73.168056,1997-03-31 22:00:00,1997-04-11 05:30:00,359.6240,1997-04-01 07:45:00,9.7500
01205500,41.383889,-73.168056,1997-04-14 10:45:00,1997-04-14 16:30:00,189.7229,1997-04-14 15:00:00,4.2500
01205500,41.383889,-73.168056,1997-05-07 06:15:00,1997-05-08 06:30:00,194.5367,1997-05-07 16:30:00,10.2500
01205500,41.383889,-73.168056,1998-01-09 05:00:00,1998-01-14 03:45:00,278.9209,1998-01-09 14:45:00,9.7500
01205500,41.383889,-73.168056,1998-03-09 16:45:00,1998-03-13 08:45:00,334.1388,1998-03-11 00:15:00,31.5000
01205500,41.383889,-73.168056,1998-03-19 23:45:00,1998-03-22 20:30:00,259.0991,1998-03-20 04:15:00,4.5000
01205500,41.383889,-73.168056,1998-04-11 00:45:00,1998-04-11 05:30:00,191.4219,1998-04-11 05:15:00,4.5000
01205500,41.383889,-73.168056,1998-05-11 21:30:00,1998-05-13 21:15:00,278.9209,1998-05-12 03:00:00,5.5000
01205500,41.383889,-73.168056,1998-06-01 11:15:00,1998-06-01 16:45:00,190.8555,1998-06-01 13:00:00,1.7500
01205500,41.383889,-73.168056,1998-06-16 21:00:00,1998-06-19 11:15:00,279.7704,1998-06-17 00:30:00,3.5000
01205500,41.383889,-73.168056,1998-07-01 01:00:00,1998-07-03 03:30:00,275.5229,1998-07-01 10:30:00,9.5000
01205500,41.383889,-73.168056,1998-12-03 15:00:00,1998-12-03 17:45:00,195.6694,1998-12-03 15:45:00,0.7500
01205500,41.383889,-73.168056,1999-01-18 23:45:00,1999-01-20 16:30:00,387.9408,1999-01-19 07:30:00,7.7500
01205500,41.383889,-73.168056,1999-01-21 18:45:00,1999-01-22 19:30:00,231.3486,1999-01-22 15:00:00,20.2500
01205500,41.383889,-73.168056,1999-01-24 13:15:00,1999-01-29 13:45:00,489.8814,1999-01-25 06:00:00,16.7500
01205500,41.383889,-73.168056,1999-02-02 22:45:00,1999-02-05 11:30:00,356.7923,1999-02-03 06:45:00,8.0000
01205500,41.383889,-73.168056,1999-03-05 02:00:00,1999-03-07 12:30:00,249.7546,1999-03-05 15:00:00,13.0000
01205500,41.383889,-73.168056,1999-03-22 12:15:00,1999-03-27 11:00:00,591.8221,1999-03-22 23:00:00,10.7500
01205500,41.383889,-73.168056,1999-03-28 19:00:00,1999-03-29 05:30:00,193.4041,1999-03-29 05:30:00,10.5000
01205500,41.383889,-73.168056,1999-05-20 10:15:00,1999-05-22 11:45:00,379.4457,1999-05-20 12:45:00,2.5000
01205500,41.383889,-73.168056,1999-05-25 13:15:00,1999-05-27 00:30:00,191.9882,1999-05-25 18:15:00,5.0000
01205500,41.383889,-73.168056,1999-09-16 21:15:00,1999-09-19 15:45:00,781.5450,1999-09-17 09:00:00,11.7500
01205500,41.383889,-73.168056,2000-02-28 16:00:00,2000-03-04 07:45:00,328.4754,2000-02-29 07:00:00,15.0000
01205500,41.383889,-73.168056,2000-03-12 21:30:00,2000-03-14 14:30:00,286.0002,2000-03-13 04:15:00,6.7500
01205500,41.383889,-73.168056,2000-03-15 23:30:00,2000-03-16 14:30:00,189.7229,2000-03-16 11:15:00,11.7500
01205500,41.383889,-73.168056,2000-03-18 00:15:00,2000-03-19 06:30:00,196.2357,2000-03-18 12:30:00,12.2500
01205500,41.383889,-73.168056,2000-04-22 05:30:00,2000-04-22 06:30:00,191.9882,2000-04-22 06:30:00,1.0000
01205500,41.383889,-73.168056,2000-06-07 08:30:00,2000-06-18 04:00:00,501.2082,2000-06-07 15:15:00,6.7500
01205500,41.383889,-73.168056,2000-06-21 04:15:00,2000-06-21 04:30:00,192.5546,2000-06-21 04:30:00,0.2500
01205500,41.383889,-73.168056,2000-07-16 01:00:00,2000-07-18 20:15:00,365.2873,2000-07-16 09:00:00,8.0000
01205500,41.383889,-73.168056,2000-12-17 23:30:00,2000-12-21 09:15:00,447.4062,2000-12-18 13:45:00,14.2500
01205500,41.383889,-73.168056,2001-03-22 10:00:00,2001-03-26 05:30:00,362.4556,2001-03-23 02:30:00,16.5000
01205500,41.383889,-73.168056,2001-03-30 13:15:00,2001-04-17 15:00:00,464.3963,2001-03-30 22:45:00,9.5000
01205500,41.383889,-73.168056,2001-04-18 19:15:00,2001-04-19 11:00:00,194.5367,2001-04-18 19:30:00,0.2500
01205500,41.383889,-73.168056,2001-06-03 20:00:00,2001-06-06 01:15:00,278.3546,2001-06-04 07:30:00,11.5000
01205500,41.383889,-73.168056,2001-06-17 16:15:00,2001-06-19 00:30:00,308.6536,2001-06-17 20:15:00,4.0000
01205500,41.383889,-73.168056,2002-05-14 09:15:00,2002-05-16 15:45:00,251.7368,2002-05-14 13:15:00,4.0000
01205500,41.383889,-73.168056,2002-05-18 18:30:00,2002-05-20 02:45:00,213.7922,2002-05-19 01:00:00,6.5000
01205500,41.383889,-73.168056,2002-05-21 20:00:00,2002-05-22 11:30:00,190.2892,2002-05-22 00:45:00,4.7500
01205500,41.383889,-73.168056,2002-06-07 10:30:00,2002-06-09 17:30:00,297.3269,2002-06-07 17:45:00,7.2500
01205500,41.383889,-73.168056,2002-11-18 15:00:00,2002-11-18 16:45:00,195.1031,2002-11-18 16:15:00,1.2500
01205500,41.383889,-73.168056,2003-01-02 13:45:00,2003-01-03 18:00:00,254.2853,2003-01-02 18:15:00,4.5000
01205500,41.383889,-73.168056,2003-01-10 15:00:00,2003-01-10 17:45:00,205.5803,2003-01-10 16:00:00,1.0000
01205500,41.383889,-73.168056,2003-03-18 14:15:00,2003-04-05 03:00:00,733.4063,2003-03-22 11:15:00,93.0000
01205500,41.383889,-73.168056,2003-06-04 18:45:00,2003-06-05 10:45:00,194.5367,2003-06-05 10:45:00,16.0000
01205500,41.383889,-73.168056,2003-06-15 03:00:00,2003-06-15 04:30:00,189.7229,2003-06-15 04:30:00,1.5000
01205500,41.383889,-73.168056,2003-09-03 00:00:00,2003-09-03 11:15:00,227.6674,2003-09-03 08:45:00,8.7500
01205500,41.383889,-73.168056,2003-09-24 00:45:00,2003-09-25 04:30:00,240.6932,2003-09-24 07:45:00,7.0000
01205500,41.383889,-73.168056,2003-09-28 18:45:00,2003-10-02 16:15:00,365.2873,2003-09-28 21:45:00,3.0000
01205500,41.383889,-73.168056,2003-10-28 01:30:00,2003-11-03 17:30:00,353.9606,2003-10-29 19:45:00,42.2500
01205500,41.383889,-73.168056,2003-11-20 11:00:00,2003-11-22 16:30:00,247.7724,2003-11-20 17:00:00,6.0000
01205500,41.383889,-73.168056,2003-11-24 12:45:00,2003-11-24 17:30:00,195.1031,2003-11-24 14:15:00,1.5000
01205500,41.383889,-73.168056,2003-11-30 14:45:00,2003-12-03 04:30:00,196.2357,2003-12-01 18:00:00,27.2500
01205500,41.383889,-73.168056,2004-01-05 18:00:00,2004-01-06 12:15:00,238.1447,2004-01-06 05:30:00,11.5000
01205500,41.383889,-73.168056,2004-04-01 00:00:00,2004-04-02 17:45:00,239.8437,2004-04-01 15:00:00,15.0000
01205500,41.383889,-73.168056,2004-04-14 00:30:00,2004-04-17 04:30:00,319.9804,2004-04-14 12:30:00,12.0000
01205500,41.383889,-73.168056,2004-08-21 19:30:00,2004-08-22 15:45:00,272.1249,2004-08-22 00:30:00,5.0000
01205500,41.383889,-73.168056,2004-09-18 12:45:00,2004-09-20 18:30:00,453.0695,2004-09-18 18:15:00,5.5000
01205500,41.383889,-73.168056,2004-09-22 18:30:00,2004-09-23 11:45:00,216.0575,2004-09-22 20:15:00,1.7500
01205500,41.383889,-73.168056,2004-09-29 10:45:00,2004-10-01 16:15:00,286.0002,2004-09-29 15:45:00,5.0000
01205500,41.383889,-73.168056,2004-11-29 11:45:00,2004-12-04 05:30:00,257.6833,2004-12-01 21:00:00,57.2500
01205500,41.383889,-73.168056,2004-12-24 08:00:00,2004-12-24 23:00:00,250.3209,2004-12-24 10:15:00,2.2500
01205500,41.383889,-73.168056,2005-01-14 12:15:00,2005-01-18 20:00:00,778.7133,2005-01-14 21:30:00,9.2500
01205500,41.383889,-73.168056,2005-03-28 23:30:00,2005-04-09 15:00:00,620.1389,2005-04-03 11:30:00,131.0000
01205500,41.383889,-73.168056,2005-10-08 23:15:00,2005-10-21 19:45:00,1158.1590,2005-10-15 13:15:00,158.0000
01205500,41.383889,-73.168056,2005-10-24 16:00:00,2005-10-30 13:15:00,407.7626,2005-10-25 22:30:00,30.5000
01205500,41.383889,-73.168056,2005-11-17 15:00:00,2005-11-17 16:30:00,222.0041,2005-11-17 16:30:00,1.5000
01205500,41.383889,-73.168056,2005-11-21 12:45:00,2005-11-24 12:15:00,247.7724,2005-11-21 15:30:00,2.7500
01205500,41.383889,-73.168056,2005-11-30 08:45:00,2005-12-06 20:00:00,336.9705,2005-12-01 01:00:00,16.2500
01205500,41.383889,-73.168056,2005-12-26 19:00:00,2006-01-04 13:15:00,288.8318,2005-12-27 20:45:00,25.7500
01205500,41.383889,-73.168056,2006-01-12 18:30:00,2006-01-25 16:45:00,676.7726,2006-01-19 03:15:00,152.7500
01205500,41.383889,-73.168056,2006-01-26 17:15:00,2006-01-28 07:30:00,195.1031,2006-01-27 02:30:00,9.2500
01205500,41.383889,-73.168056,2006-01-30 06:30:00,2006-01-30 13:15:00,188.0239,2006-01-30 13:15:00,6.7500
01205500,41.383889,-73.168056,2006-02-04 00:00:00,2006-02-09 13:00:00,291.6635,2006-02-05 18:15:00,42.2500
01205500,41.383889,-73.168056,2006-04-23 15:15:00,2006-04-27 17:00:00,586.1587,2006-04-24 04:15:00,13.0000
01205500,41.383889,-73.168056,2006-05-12 13:15:00,2006-05-23 11:15:00,546.5151,2006-05-13 08:30:00,19.2500
01205500,41.383889,-73.168056,2006-06-02 04:00:00,2006-06-02 06:30:00,190.8555,2006-06-02 06:30:00,2.5000
01205500,41.383889,-73.168056,2006-06-28 18:30:00,2006-06-30 17:00:00,272.1249,2006-06-29 17:30:00,23.0000
01205500,41.383889,-73.168056,2006-10-29 12:00:00,2006-10-30 05:30:00,199.6338,2006-10-29 15:30:00,3.5000
01205500,41.383889,-73.168056,2006-11-08 23:15:00,2006-11-14 05:30:00,351.1289,2006-11-09 05:30:00,6.2500
01205500,41.383889,-73.168056,2006-11-16 05:15:00,2006-11-20 15:00:00,328.4754,2006-11-17 05:15:00,24.0000
01205500,41.383889,-73.168056,2006-11-23 22:45:00,2006-11-26 07:30:00,273.5407,2006-11-24 05:00:00,6.2500
01205500,41.383889,-73.168056,2007-03-02 18:00:00,2007-03-03 12:45:00,238.1447,2007-03-02 20:30:00,2.5000
01205500,41.383889,-73.168056,2007-03-24 01:45:00,2007-04-02 05:30:00,314.3170,2007-03-26 11:30:00,57.7500
01205500,41.383889,-73.168056,2007-04-05 02:15:00,2007-04-07 17:45:00,205.0140,2007-04-05 14:00:00,11.7500
01205500,41.383889,-73.168056,2007-04-12 19:15:00,2007-04-24 12:30:00,1427.1691,2007-04-16 19:00:00,95.7500
01205500,41.383889,-73.168056,2007-04-25 16:15:00,2007-04-25 17:00:00,188.5902,2007-04-25 17:00:00,0.7500
01205500,41.383889,-73.168056,2007-04-27 19:30:00,2007-04-28 19:00:00,210.6773,2007-04-28 03:15:00,7.7500
01205500,41.383889,-73.168056,2008-09-07 01:45:00,2008-09-07 15:30:00,410.5943,2008-09-07 07:30:00,5.7500
01205500,41.383889,-73.168056,2008-12-11 14:00:00,2008-12-18 01:45:00,826.8519,2008-12-12 15:45:00,25.7500
01205500,41.383889,-73.168056,2008-12-19 05:30:00,2008-12-19 19:45:00,230.4991,2008-12-19 14:45:00,9.2500
01205500,41.383889,-73.168056,2008-12-21 17:00:00,2008-12-22 21:15:00,222.5704,2008-12-22 11:30:00,18.5000
01205500,41.383889,-73.168056,2008-12-24 12:30:00,2008-12-30 19:30:00,302.9903,2008-12-25 13:15:00,24.7500
01205500,41.383889,-73.168056,2009-01-05 11:30:00,2009-01-05 13:45:00,187.4575,2009-01-05 13:30:00,2.0000
01205500,41.383889,-73.168056,2009-03-09 13:00:00,2009-03-11 12:15:00,270.7091,2009-03-09 23:00:00,10.0000
01205500,41.383889,-73.168056,2009-06-15 13:15:00,2009-06-23 19:45:00,399.2675,2009-06-19 11:00:00,93.7500
01205500,41.383889,-73.168056,2009-06-25 20:00:00,2009-06-25 22:15:00,205.0140,2009-06-25 22:15:00,2.2500
01205500,41.383889,-73.168056,2009-07-29 11:30:00,2009-07-30 04:45:00,254.8516,2009-07-29 15:45:00,4.2500
01205500,41.383889,-73.168056,2009-07-31 16:45:00,2009-08-04 19:30:00,402.0992,2009-08-01 00:00:00,7.2500
01205500,41.383889,-73.168056,2009-10-24 18:15:00,2009-10-25 00:00:00,215.4912,2009-10-24 22:30:00,4.2500
01205500,41.383889,-73.168056,2009-12-27 12:00:00,2009-12-29 10:15:00,311.4853,2009-12-27 22:15:00,10.2500
01205500,41.383889,-73.168056,2010-01-25 19:15:00,2010-01-29 02:00:00,379.4457,2010-01-26 03:00:00,7.7500
01205500,41.383889,-73.168056,2010-02-25 14:30:00,2010-03-03 06:30:00,523.8617,2010-02-26 09:30:00,19.0000
01205500,41.383889,-73.168056,2010-09-30 18:15:00,2010-10-03 03:45:00,234.4635,2010-10-01 23:30:00,29.2500
01205500,41.383889,-73.168056,2010-12-02 06:00:00,2010-12-02 08:45:00,199.6338,2010-12-02 08:30:00,2.5000
01205500,41.383889,-73.168056,2010-12-12 22:45:00,2010-12-14 03:00:00,280.3368,2010-12-13 03:15:00,4.5000
01205500,41.383889,-73.168056,2010-12-15 13:15:00,2010-12-18 04:45:00,209.5447,2010-12-15 13:30:00,0.2500
01205500,41.383889,-73.168056,2011-02-25 20:15:00,2011-03-02 07:00:00,200.7664,2011-02-26 04:00:00,7.7500
01205500,41.383889,-73.168056,2011-03-06 12:15:00,2011-03-24 05:30:00,1696.1791,2011-03-07 14:15:00,26.0000
01205500,41.383889,-73.168056,2011-04-17 03:15:00,2011-04-22 04:00:00,382.2774,2011-04-17 13:45:00,10.5000
01205500,41.383889,-73.168056,2011-04-23 23:15:00,2011-04-25 04:00:00,197.9348,2011-04-24 13:15:00,14.0000
01205500,41.383889,-73.168056,2011-04-29 01:30:00,2011-04-30 05:00:00,193.4041,2011-04-29 09:30:00,8.0000
01205500,41.383889,-73.168056,2011-05-17 11:30:00,2011-05-25 05:00:00,322.8121,2011-05-17 15:00:00,3.5000
01205500,41.383889,-73.168056,2011-08-28 01:15:00,2011-09-02 17:00:00,1577.2484,2011-08-28 20:00:00,18.7500
01205500,41.383889,-73.168056,2011-09-06 13:15:00,2011-09-13 16:30:00,1512.1196,2011-09-08 18:45:00,53.5000
01205500,41.383889,-73.168056,2011-09-14 23:45:00,2011-09-15 05:30:00,210.1110,2011-09-15 04:15:00,4.5000
01205500,41.383889,-73.168056,2011-09-22 13:00:00,2011-09-24 16:15:00,302.9903,2011-09-24 01:00:00,36.0000
01205500,41.383889,-73.168056,2011-09-29 19:00:00,2011-10-05 08:45:00,396.4359,2011-10-01 10:15:00,39.2500
01205500,41.383889,-73.168056,2011-10-28 12:00:00,2011-10-29 02:00:00,201.8991,2011-10-29 01:30:00,13.5000
01205500,41.383889,-73.168056,2011-10-31 22:30:00,2011-11-01 02:30:00,191.9882,2011-11-01 00:15:00,1.7500
01205500,41.383889,-73.168056,2011-11-03 11:30:00,2011-11-07 17:00:00,193.4041,2011-11-05 02:00:00,38.5000
01205500,41.383889,-73.168056,2011-11-18 13:30:00,2011-11-18 17:00:00,193.9704,2011-11-18 14:00:00,0.5000
01205500,41.383889,-73.168056,2011-11-23 02:00:00,2011-11-25 17:45:00,208.9783,2011-11-24 02:15:00,24.2500
01205500,41.383889,-73.168056,2011-11-30 10:00:00,2011-11-30 11:00:00,191.9882,2011-11-30 11:00:00,1.0000
01205500,41.383889,-73.168056,2011-12-07 18:00:00,2011-12-12 18:15:00,475.7230,2011-12-08 14:30:00,20.5000
01205500,41.383889,-73.168056,2012-01-02 15:15:00,2012-01-04 13:15:00,194.5367,2012-01-04 12:15:00,45.0000
01205500,41.383889,-73.168056,2012-10-21 16:45:00,2012-10-22 02:45:00,189.1565,2012-10-21 21:45:00,5.0000
01205500,41.383889,-73.168056,2012-12-21 18:15:00,2012-12-22 19:45:00,229.9328,2012-12-21 23:30:00,5.2500
01205500,41.383889,-73.168056,2013-02-01 01:00:00,2013-02-01 14:30:00,200.2001,2013-02-01 11:45:00,10.7500
01205500,41.383889,-73.168056,2013-02-28 17:45:00,2013-03-02 04:00:00,192.5546,2013-03-02 03:15:00,33.5000
01205500,41.383889,-73.168056,2013-03-12 17:15:00,2013-03-16 14:00:00,328.4754,2013-03-13 01:45:00,8.5000
01205500,41.383889,-73.168056,2013-05-23 23:00:00,2013-05-28 05:45:00,416.2576,2013-05-24 02:45:00,3.7500
01205500,41.383889,-73.168056,2013-05-30 19:00:00,2013-06-01 11:45:00,260.2318,2013-05-31 17:00:00,22.0000
01205500,41.383889,-73.168056,2013-07-01 15:15:00,2013-07-02 10:00:00,314.3170,2013-07-01 23:30:00,8.2500
01205500,41.383889,-73.168056,2013-08-10 11:15:00,2013-08-11 07:00:00,196.8021,2013-08-10 18:15:00,7.0000
01205500,41.383889,-73.168056,2014-01-06 22:45:00,2014-01-09 04:00:00,216.6239,2014-01-07 02:30:00,3.7500
01205500,41.383889,-73.168056,2014-01-11 22:00:00,2014-01-17 06:00:00,245.7902,2014-01-14 07:45:00,57.7500
01205500,41.383889,-73.168056,2014-01-18 22:15:00,2014-01-19 04:45:00,192.8377,2014-01-18 23:45:00,1.5000
01205500,41.383889,-73.168056,2014-03-20 16:00:00,2014-03-22 01:15:00,197.9348,2014-03-21 00:15:00,8.2500
01205500,41.383889,-73.168056,2014-03-29 20:30:00,2014-04-05 14:15:00,495.5448,2014-03-30 13:45:00,17.2500
01205500,41.383889,-73.168056,2014-04-06 21:15:00,2014-04-09 02:30:00,203.0318,2014-04-08 19:00:00,45.7500
01205500,41.383889,-73.168056,2014-04-15 19:45:00,2014-04-20 03:45:00,264.4793,2014-04-16 02:00:00,6.2500
01205500,41.383889,-73.168056,2014-04-30 14:30:00,2014-05-06 02:00:00,572.0003,2014-05-01 07:45:00,17.2500
01205500,41.383889,-73.168056,2014-05-07 19:30:00,2014-05-10 02:00:00,189.1565,2014-05-10 00:00:00,52.5000
01205500,41.383889,-73.168056,2014-05-11 03:45:00,2014-05-12 04:00:00,192.8377,2014-05-12 00:45:00,21.0000
01205500,41.383889,-73.168056,2014-05-17 17:45:00,2014-05-19 04:00:00,227.6674,2014-05-17 18:15:00,0.5000
01205500,41.383889,-73.168056,2014-07-04 13:30:00,2014-07-04 21:00:00,254.8516,2014-07-04 16:15:00,2.7500
01205500,41.383889,-73.168056,2014-07-15 00:45:00,2014-07-15 14:45:00,257.1170,2014-07-15 12:45:00,12.0000
01205500,41.383889,-73.168056,2014-07-17 02:00:00,2014-07-18 16:15:00,188.5902,2014-07-17 02:30:00,0.5000
01205500,41.383889,-73.168056,2014-12-07 13:15:00,2014-12-15 03:00:00,376.6141,2014-12-10 03:00:00,61.7500
01205500,41.383889,-73.168056,2014-12-23 21:45:00,2014-12-25 00:30:00,203.0318,2014-12-25 00:30:00,26.7500
01205500,41.383889,-73.168056,2014-12-26 22:00:00,2014-12-28 02:30:00,191.4219,2014-12-26 22:30:00,0.5000
01205500,41.383889,-73.168056,2014-12-30 04:15:00,2014-12-30 05:30:00,189.1565,2014-12-30 04:30:00,0.2500
01205500,41.383889,-73.168056,2015-01-04 11:45:00,2015-01-06 05:15:00,192.5546,2015-01-05 01:00:00,13.2500
01205500,41.383889,-73.168056,2015-01-19 01:30:00,2015-01-22 03:15:00,274.9566,2015-01-19 04:45:00,3.2500
01205500,41.383889,-73.168056,2015-03-27 22:45:00,2015-03-28 15:15:00,200.7664,2015-03-28 00:15:00,1.5000
01205500,41.383889,-73.168056,2015-03-30 01:30:00,2015-03-30 02:15:00,191.4219,2015-03-30 02:15:00,0.7500
01205500,41.383889,-73.168056,2015-04-02 01:15:00,2015-04-19 01:45:00,325.6437,2015-04-05 18:00:00,88.7500
01205500,41.383889,-73.168056,2015-04-20 18:45:00,2015-04-27 03:00:00,248.9051,2015-04-21 00:30:00,5.7500
01205500,41.383889,-73.168056,2016-01-11 12:15:00,2016-01-11 16:45:00,207.2793,2016-01-11 13:00:00,0.7500
01205500,41.383889,-73.168056,2016-01-12 20:15:00,2016-01-13 02:45:00,189.7229,2016-01-13 02:15:00,6.0000
01205500,41.383889,-73.168056,2016-02-17 03:30:00,2016-02-19 05:15:00,266.4615,2016-02-17 05:00:00,1.5000
01205500,41.383889,-73.168056,2016-02-25 00:15:00,2016-03-01 02:00:00,470.0597,2016-02-25 17:30:00,17.2500
01205500,41.383889,-73.168056,2016-03-02 02:45:00,2016-03-04 07:45:00,219.1724,2016-03-02 09:45:00,7.0000
01186000,41.962778,-73.018056,1998-04-15 16:15:00,1998-04-15 18:00:00,87.7822,1998-04-15 17:45:00,1.5000
01186000,41.962778,-73.018056,2007-04-24 14:30:00,2007-04-24 17:15:00,86.0832,2007-04-24 15:15:00,0.7500
01186000,41.962778,-73.018056,2011-08-28 14:00:00,2011-08-28 15:45:00,91.7466,2011-08-28 15:15:00,1.2500
01186000,41.962778,-73.018056,2011-10-06 19:00:00,2011-10-07 12:30:00,88.3486,2011-10-07 11:00:00,16.0000
01098530,42.325278,-71.398056,1991-08-19 20:30:00,1991-08-22 16:30:00,31.4317,1991-08-20 04:30:00,8.0000
01098530,42.325278,-71.398056,1992-12-12 06:00:00,1992-12-13 15:00:00,20.9261,1992-12-12 12:00:00,6.0000
01098530,42.325278,-71.398056,1992-12-15 23:30:00,1992-12-23 22:30:00,23.5030,1992-12-18 17:30:00,66.0000
01098530,42.325278,-71.398056,1993-03-27 20:00:00,1993-04-17 19:00:00,42.7584,1993-04-01 23:00:00,123.0000
01098530,42.325278,-71.398056,1994-03-10 20:15:00,1994-03-12 23:45:00,21.0961,1994-03-11 02:15:00,6.0000
01098530,42.325278,-71.398056,1994-03-14 21:45:00,1994-03-19 04:30:00,21.5774,1994-03-17 11:00:00,61.2500
01098530,42.325278,-71.398056,1994-03-22 12:30:00,1994-04-04 09:00:00,26.5612,1994-03-24 18:30:00,54.0000
01098530,42.325278,-71.398056,1994-12-24 22:45:00,1994-12-25 01:00:00,18.8307,1994-12-24 23:15:00,0.5000
01098530,42.325278,-71.398056,1996-01-27 22:30:00,1996-02-01 10:15:00,25.2869,1996-01-28 15:00:00,16.5000
01098530,42.325278,-71.398056,1996-04-16 20:00:00,1996-04-19 22:45:00,22.3986,1996-04-17 09:45:00,13.7500
01098530,42.325278,-71.398056,1996-10-20 16:45:00,1996-10-29 02:45:00,28.8832,1996-10-21 10:45:00,18.0000
01098530,42.325278,-71.398056,1996-12-17 16:45:00,1996-12-23 19:30:00,24.3242,1996-12-20 03:45:00,59.0000
01098530,42.325278,-71.398056,1996-12-25 05:45:00,1996-12-25 16:30:00,19.0856,1996-12-25 07:45:00,2.0000
01098530,42.325278,-71.398056,1997-04-04 16:15:00,1997-04-08 02:45:00,20.1333,1997-04-04 23:15:00,7.0000
01098530,42.325278,-71.398056,1997-04-19 10:15:00,1997-04-21 18:00:00,20.2465,1997-04-20 06:00:00,19.7500
01098530,42.325278,-71.398056,1998-02-24 15:45:00,1998-02-27 21:30:00,21.7757,1998-02-25 11:30:00,19.7500
01098530,42.325278,-71.398056,1998-03-09 18:30:00,1998-03-14 00:45:00,28.0054,1998-03-10 05:30:00,11.0000
01098530,42.325278,-71.398056,1998-03-19 20:15:00,1998-03-20 20:00:00,19.6802,1998-03-20 04:30:00,8.2500
01098530,42.325278,-71.398056,1998-05-10 07:15:00,1998-05-16 00:00:00,27.4390,1998-05-12 01:15:00,42.0000
01098530,42.325278,-71.398056,1998-06-13 19:45:00,1998-06-22 18:45:00,29.4495,1998-06-14 14:30:00,18.7500
01098530,42.325278,-71.398056,2000-04-22 07:00:00,2000-05-01 16:30:00,33.4139,2000-04-25 02:00:00,67.0000
01098530,42.325278,-71.398056,2001-03-22 08:15:00,2001-04-09 20:15:00,52.6693,2001-03-23 10:30:00,26.2500
01098530,42.325278,-71.398056,2002-12-15 01:00:00,2002-12-15 10:15:00,19.4254,2002-12-15 03:00:00,2.0000
01098530,42.325278,-71.398056,2002-12-20 21:30:00,2002-12-21 13:45:00,21.9456,2002-12-21 00:45:00,3.2500
01098530,42.325278,-71.398056,2003-03-30 07:00:00,2003-04-02 07:00:00,21.8040,2003-03-31 04:00:00,21.0000
01098530,42.325278,-71.398056,2003-12-18 05:00:00,2003-12-19 00:45:00,20.1050,2003-12-18 14:00:00,9.0000
01098530,42.325278,-71.398056,2004-04-01 19:00:00,2004-04-07 05:30:00,28.8832,2004-04-02 10:00:00,15.0000
01098530,42.325278,-71.398056,2004-04-14 01:00:00,2004-04-18 03:30:00,24.5224,2004-04-14 06:15:00,5.2500
01098530,42.325278,-71.398056,2005-03-29 02:00:00,2005-04-11 17:15:00,28.0054,2005-04-03 20:30:00,137.5000
01098530,42.325278,-71.398056,2005-05-26 07:30:00,2005-05-27 19:00:00,19.7368,2005-05-27 00:30:00,17.0000
01098530,42.325278,-71.398056,2005-10-15 06:15:00,2005-10-23 13:30:00,47.2891,2005-10-15 21:00:00,14.7500
01098530,42.325278,-71.398056,2005-10-25 12:30:00,2005-10-31 18:45:00,30.5822,2005-10-26 05:30:00,17.0000
01098530,42.325278,-71.398056,2006-01-18 23:15:00,2006-01-19 18:00:00,19.4254,2006-01-19 06:30:00,7.2500
01098530,42.325278,-71.398056,2006-02-05 13:00:00,2006-02-09 09:15:00,20.4731,2006-02-07 22:30:00,57.5000
01098530,42.325278,-71.398056,2006-05-13 23:00:00,2006-05-23 16:45:00,29.7327,2006-05-16 21:30:00,70.5000
01098530,42.325278,-71.398056,2006-06-07 12:00:00,2006-06-17 02:30:00,27.0426,2006-06-10 22:45:00,82.7500
01098530,42.325278,-71.398056,2007-03-02 19:00:00,2007-03-03 01:15:00,20.0483,2007-03-02 20:45:00,1.7500
01098530,42.325278,-71.398056,2007-04-05 06:15:00,2007-04-06 16:00:00,19.8784,2007-04-05 16:45:00,10.5000
01098530,42.325278,-71.398056,2007-04-16 01:15:00,2007-04-26 16:00:00,36.8119,2007-04-17 22:00:00,44.7500
01098530,42.325278,-71.398056,2007-04-27 18:45:00,2007-04-30 06:00:00,20.2465,2007-04-28 03:15:00,8.5000
01098530,42.325278,-71.398056,2007-05-18 10:15:00,2007-05-23 00:00:00,24.2959,2007-05-21 00:45:00,62.5000
01098530,42.325278,-71.398056,2008-02-07 04:30:00,2008-02-11 00:45:00,25.5984,2008-02-07 09:30:00,5.0000
01098530,42.325278,-71.398056,2008-02-13 16:30:00,2008-02-23 20:45:00,31.4317,2008-02-14 08:45:00,16.2500
01098530,42.325278,-71.398056,2008-03-05 13:00:00,2008-03-18 02:00:00,32.8475,2008-03-09 12:15:00,94.2500
01098530,42.325278,-71.398056,2008-12-12 06:15:00,2008-12-13 04:45:00,40.7763,2008-12-12 23:30:00,17.2500
01098530,42.325278,-71.398056,2008-12-21 05:00:00,2008-12-22 07:00:00,19.2555,2008-12-21 23:45:00,18.7500
01098530,42.325278,-71.398056,2008-12-29 15:30:00,2009-01-01 06:30:00,22.3986,2008-12-30 02:15:00,10.7500
01098530,42.325278,-71.398056,2009-07-08 01:15:00,2009-07-13 04:15:00,23.8428,2009-07-09 10:15:00,33.0000
01098530,42.325278,-71.398056,2009-07-24 11:45:00,2009-07-27 12:15:00,21.1244,2009-07-24 18:30:00,6.7500
01098530,42.325278,-71.398056,2010-01-25 23:15:00,2010-01-26 19:15:00,20.1899,2010-01-26 08:30:00,9.2500
01098530,42.325278,-71.398056,2010-02-24 20:15:00,2010-03-07 19:30:00,37.6614,2010-02-26 04:45:00,32.5000
01098530,42.325278,-71.398056,2011-03-07 06:00:00,2011-03-23 23:00:00,30.0159,2011-03-08 01:30:00,19.5000
01098530,42.325278,-71.398056,2011-08-28 12:45:00,2011-08-31 16:15:00,29.7327,2011-08-29 02:00:00,13.2500
01098530,42.325278,-71.398056,2011-09-08 14:15:00,2011-09-12 05:00:00,22.5685,2011-09-10 08:30:00,42.2500
01098530,42.325278,-71.398056,2011-12-07 16:45:00,2011-12-12 21:45:00,24.4374,2011-12-08 12:45:00,20.0000
01098530,42.325278,-71.398056,2012-04-23 20:30:00,2012-04-24 22:15:00,19.0856,2012-04-24 21:00:00,24.5000
01098530,42.325278,-71.398056,2012-12-27 15:45:00,2012-12-28 03:45:00,20.3032,2012-12-27 18:45:00,3.0000
01098530,42.325278,-71.398056,2013-02-28 02:15:00,2013-03-02 22:15:00,20.6147,2013-03-01 12:00:00,33.7500
01098530,42.325278,-71.398056,2013-03-13 01:15:00,2013-03-17 23:15:00,21.1244,2013-03-14 07:00:00,29.7500
01098530,42.325278,-71.398056,2013-06-08 05:30:00,2013-06-22 17:00:00,29.7327,2013-06-14 15:00:00,153.5000
01098530,42.325278,-71.398056,2014-03-30 10:15:00,2014-04-08 03:00:00,33.6970,2014-03-31 18:15:00,32.0000
01204000,41.480556,-73.225000,1994-08-22 04:00:00,1994-08-22 08:15:00,134.7882,1994-08-22 05:45:00,1.7500
01204000,41.480556,-73.225000,1995-11-12 13:00:00,1995-11-12 17:00:00,90.6139,1995-11-12 15:00:00,2.0000
01204000,41.480556,-73.225000,1996-01-20 00:15:00,1996-01-20 09:15:00,133.6555,1996-01-20 05:15:00,5.0000
01204000,41.480556,-73.225000,1996-01-27 22:15:00,1996-01-28 09:00:00,150.6456,1996-01-28 03:15:00,5.0000
01204000,41.480556,-73.225000,1996-10-20 10:15:00,1996-10-21 02:45:00,140.7347,1996-10-20 18:00:00,7.7500
01204000,41.480556,-73.225000,1996-12-02 20:00:00,1996-12-03 00:30:00,90.6139,1996-12-02 22:30:00,2.5000
01204000,41.480556,-73.225000,1999-03-22 17:45:00,1999-03-22 21:15:00,80.7030,1999-03-22 19:30:00,1.7500
01204000,41.480556,-73.225000,2005-10-15 10:00:00,2005-10-15 14:15:00,127.7090,2005-10-15 10:45:00,0.7500
01204000,41.480556,-73.225000,2006-01-14 19:45:00,2006-01-14 22:15:00,79.2872,2006-01-14 21:45:00,2.0000
01204000,41.480556,-73.225000,2006-04-23 19:45:00,2006-04-24 06:45:00,179.2456,2006-04-24 01:45:00,6.0000
01204000,41.480556,-73.225000,2006-05-13 08:30:00,2006-05-13 10:15:00,81.5525,2006-05-13 08:45:00,0.2500
01204000,41.480556,-73.225000,2007-04-16 02:00:00,2007-04-16 23:15:00,208.1288,2007-04-16 12:00:00,10.0000
01204000,41.480556,-73.225000,2008-09-07 05:45:00,2008-09-07 13:00:00,95.4278,2008-09-07 09:30:00,3.7500
01204000,41.480556,-73.225000,2011-03-07 02:30:00,2011-03-07 22:30:00,410.5943,2011-03-07 10:30:00,8.0000
01204000,41.480556,-73.225000,2011-08-28 10:30:00,2011-08-29 03:00:00,402.0992,2011-08-28 17:30:00,7.0000
01204000,41.480556,-73.225000,2011-09-08 11:15:00,2011-09-08 23:00:00,314.3170,2011-09-08 15:45:00,4.5000
01204000,41.480556,-73.225000,2011-12-08 10:00:00,2011-12-08 12:30:00,81.5525,2011-12-08 12:00:00,2.0000
01204000,41.480556,-73.225000,2013-06-14 08:45:00,2013-06-14 13:30:00,86.6496,2013-06-14 11:00:00,2.2500
01204000,41.480556,-73.225000,2014-05-01 08:30:00,2014-05-01 15:30:00,105.9050,2014-05-01 13:00:00,4.5000
01155500,43.108889,-72.775833,1996-04-22 14:30:00,1996-04-24 19:30:00,140.7347,1996-04-23 13:30:00,23.0000
01155500,43.108889,-72.775833,1998-01-08 19:30:00,1998-01-09 19:45:00,148.3803,1998-01-09 17:30:00,22.0000
01155500,43.108889,-72.775833,1998-04-06 13:45:00,1998-04-08 19:00:00,167.0694,1998-04-06 15:30:00,1.7500
01155500,43.108889,-72.775833,2000-03-29 20:30:00,2000-03-30 13:45:00,131.9565,2000-03-29 21:00:00,0.5000
01155500,43.108889,-72.775833,2000-04-04 19:45:00,2000-04-05 13:00:00,116.0991,2000-04-05 03:30:00,7.7500
01155500,43.108889,-72.775833,2001-04-29 23:00:00,2001-04-30 12:45:00,132.5228,2001-04-30 00:15:00,1.2500
01155500,43.108889,-72.775833,2003-04-16 14:00:00,2003-04-17 19:15:00,137.6199,2003-04-16 16:15:00,2.2500
01155500,43.108889,-72.775833,2003-10-30 16:15:00,2003-10-30 20:45:00,122.8951,2003-10-30 16:45:00,0.5000
01155500,43.108889,-72.775833,2004-04-03 15:00:00,2004-04-04 03:30:00,120.3466,2004-04-03 15:15:00,0.2500
01155500,43.108889,-72.775833,2005-04-05 13:16:00,2005-04-06 11:01:00,119.2139,2005-04-05 13:46:00,0.5000
01155500,43.108889,-72.775833,2005-04-08 13:01:00,2005-04-09 12:46:00,139.0357,2005-04-08 13:46:00,0.7500
01155500,43.108889,-72.775833,2006-01-19 16:45:00,2006-01-19 21:00:00,126.8595,2006-01-19 19:00:00,2.2500
01155500,43.108889,-72.775833,2006-05-17 13:45:00,2006-05-17 23:30:00,138.1862,2006-05-17 16:15:00,2.5000
01155500,43.108889,-72.775833,2006-05-20 14:45:00,2006-05-20 19:30:00,129.9743,2006-05-20 16:45:00,2.0000
01155500,43.108889,-72.775833,2007-04-20 14:45:00,2007-04-25 13:00:00,133.9387,2007-04-24 13:30:00,94.7500
01155500,43.108889,-72.775833,2008-03-09 18:45:00,2008-03-10 00:45:00,116.0991,2008-03-09 19:15:00,0.5000
01155500,43.108889,-72.775833,2008-04-29 13:45:00,2008-04-30 11:15:00,138.1862,2008-04-29 16:15:00,2.5000
01155500,43.108889,-72.775833,2009-04-04 03:15:00,2009-04-05 00:30:00,144.6991,2009-04-04 14:15:00,11.0000
01155500,43.108889,-72.775833,2010-04-01 18:45:00,2010-04-05 00:45:00,162.2555,2010-04-01 20:15:00,1.5000
01155500,43.108889,-72.775833,2010-12-02 15:00:00,2010-12-02 19:30:00,120.3466,2010-12-02 16:15:00,1.2500
01155500,43.108889,-72.775833,2010-12-13 14:45:00,2010-12-14 00:30:00,122.3288,2010-12-13 15:00:00,0.2500
01155500,43.108889,-72.775833,2011-04-12 13:15:00,2011-04-13 12:45:00,123.4615,2011-04-12 15:15:00,2.0000
01155500,43.108889,-72.775833,2011-08-31 14:45:00,2011-08-31 15:15:00,120.3466,2011-08-31 15:15:00,0.5000
01155500,43.108889,-72.775833,2013-04-20 15:30:00,2013-04-20 17:45:00,114.9664,2013-04-20 16:00:00,0.5000
01155500,43.108889,-72.775833,2013-06-12 13:15:00,2013-06-12 19:00:00,131.3902,2013-06-12 15:45:00,2.5000
01155500,43.108889,-72.775833,2015-04-14 13:30:00,2015-04-15 12:30:00,121.1961,2015-04-15 04:30:00,15.0000
01031300,45.267222,-69.583889,1996-12-02 17:15:00,1996-12-03 02:45:00,135.3545,1996-12-02 20:00:00,2.7500
01031300,45.267222,-69.583889,2000-03-29 05:30:00,2000-03-29 07:00:00,106.1882,2000-03-29 07:00:00,1.5000
01031300,45.267222,-69.583889,2000-04-09 14:45:00,2000-04-10 14:45:00,213.7922,2000-04-09 20:30:00,5.7500
01031300,45.267222,-69.583889,2000-04-24 15:30:00,2000-04-24 18:30:00,107.6040,2000-04-24 17:15:00,1.7500
01031300,45.267222,-69.583889,2003-12-18 09:15:00,2003-12-18 23:15:00,136.7704,2003-12-18 11:30:00,2.2500
01031300,45.267222,-69.583889,2005-04-25 01:00:00,2005-04-26 06:15:00,202.4655,2005-04-25 14:45:00,13.7500
01031300,45.267222,-69.583889,2005-04-28 21:15:00,2005-04-29 02:30:00,109.5862,2005-04-28 22:45:00,1.5000
01031300,45.267222,-69.583889,2005-05-26 22:30:00,2005-05-27 15:15:00,161.4060,2005-05-27 03:30:00,5.0000
01031300,45.267222,-69.583889,2005-10-16 02:00:00,2005-10-16 23:15:00,150.9288,2005-10-16 08:45:00,6.7500
01031300,45.267222,-69.583889,2006-10-29 01:15:00,2006-10-29 15:45:00,184.0595,2006-10-29 04:45:00,4.5000
01031300,45.267222,-69.583889,2007-04-24 19:45:00,2007-04-25 04:30:00,111.0020,2007-04-24 22:15:00,2.5000
01031300,45.267222,-69.583889,2008-04-29 21:45:00,2008-04-30 16:15:00,173.8654,2008-04-30 03:00:00,5.2500
01031300,45.267222,-69.583889,2009-04-07 10:15:00,2009-04-07 13:30:00,108.7367,2009-04-07 11:15:00,1.0000
01031300,45.267222,-69.583889,2010-03-31 11:45:00,2010-04-01 03:00:00,128.5585,2010-03-31 16:30:00,4.7500
01031300,45.267222,-69.583889,2010-12-13 11:45:00,2010-12-14 16:30:00,137.6199,2010-12-13 15:00:00,3.2500
01031300,45.267222,-69.583889,2012-10-30 22:45:00,2012-10-31 22:30:00,169.0516,2012-10-31 02:30:00,3.7500
01031300,45.267222,-69.583889,2013-07-01 02:00:00,2013-07-01 06:30:00,181.5110,2013-07-01 03:00:00,1.0000
01031300,45.267222,-69.583889,2015-09-30 20:30:00,2015-10-01 01:30:00,122.3288,2015-09-30 22:30:00,2.0000
01031500,45.175000,-69.314722,1990-10-24 21:45:00,1990-10-25 11:15:00,254.0021,1990-10-25 02:30:00,4.7500
01031500,45.175000,-69.314722,1991-04-10 02:00:00,1991-04-10 12:00:00,215.4912,1991-04-10 07:15:00,5.2500
01031500,45.175000,-69.314722,1993-04-11 22:15:00,1993-04-14 10:00:00,342.6338,1993-04-12 22:45:00,24.5000
01031500,45.175000,-69.314722,1993-04-18 02:30:00,1993-04-18 19:15:00,252.0199,1993-04-18 09:00:00,6.5000
01031500,45.175000,-69.314722,1993-04-23 17:00:00,1993-04-24 07:30:00,233.8972,1993-04-24 00:30:00,7.5000
01031500,45.175000,-69.314722,1994-04-16 23:00:00,1994-04-18 10:45:00,370.9507,1994-04-17 08:45:00,9.7500
01031500,45.175000,-69.314722,1995-11-16 00:30:00,1995-11-16 16:30:00,237.2952,1995-11-16 08:00:00,7.5000
01031500,45.175000,-69.314722,1996-01-28 09:45:00,1996-01-29 07:15:00,317.1487,1996-01-28 18:15:00,8.5000
01031500,45.175000,-69.314722,1996-02-23 05:00:00,1996-02-23 16:15:00,226.5348,1996-02-23 10:00:00,5.0000
01031500,45.175000,-69.314722,1996-07-14 10:45:00,1996-07-15 02:30:00,274.6734,1996-07-14 16:15:00,5.5000
01031500,45.175000,-69.314722,1996-12-02 18:30:00,1996-12-03 20:00:00,302.9903,1996-12-02 22:30:00,4.0000
01031500,45.175000,-69.314722,1998-03-31 12:45:00,1998-04-02 16:45:00,279.7704,1998-04-01 06:30:00,17.7500
01031500,45.175000,-69.314722,1998-06-15 04:30:00,1998-06-15 23:30:00,268.7269,1998-06-15 12:30:00,8.0000
01031500,45.175000,-69.314722,1999-09-17 18:45:00,1999-09-18 11:30:00,235.5962,1999-09-18 05:00:00,10.2500
01031500,45.175000,-69.314722,2000-03-29 05:00:00,2000-03-30 10:15:00,281.4695,2000-03-29 10:45:00,5.7500
01031500,45.175000,-69.314722,2000-04-09 20:15:00,2000-04-10 20:45:00,356.7923,2000-04-10 04:45:00,8.5000
01031500,45.175000,-69.314722,2000-04-24 07:00:00,2000-04-25 05:00:00,244.0912,2000-04-24 18:30:00,11.5000
01031500,45.175000,-69.314722,2000-12-18 11:00:00,2000-12-18 23:15:00,249.7546,2000-12-18 16:45:00,5.7500
01031500,45.175000,-69.314722,2003-10-30 04:15:00,2003-10-30 15:00:00,225.6853,2003-10-30 09:00:00,4.7500
01031500,45.175000,-69.314722,2003-12-18 15:30:00,2003-12-19 14:45:00,311.4853,2003-12-18 20:15:00,4.7500
01031500,45.175000,-69.314722,2004-11-29 16:30:00,2004-11-29 19:15:00,210.9605,2004-11-29 18:15:00,1.7500
01031500,45.175000,-69.314722,2005-04-04 02:45:00,2005-04-05 12:15:00,270.9922,2005-04-04 11:30:00,8.7500
01031500,45.175000,-69.314722,2005-04-25 07:30:00,2005-04-26 14:00:00,356.7923,2005-04-25 22:45:00,15.2500
01031500,45.175000,-69.314722,2005-04-28 16:30:00,2005-04-29 19:30:00,305.8219,2005-04-29 05:00:00,12.5000
01031500,45.175000,-69.314722,2005-05-27 02:45:00,2005-05-28 01:30:00,325.6437,2005-05-27 10:00:00,7.2500
01031500,45.175000,-69.314722,2005-10-09 18:00:00,2005-10-10 20:00:00,291.6635,2005-10-10 03:45:00,9.7500
01031500,45.175000,-69.314722,2005-10-16 04:45:00,2005-10-17 12:45:00,393.6042,2005-10-16 14:15:00,9.5000
01031500,45.175000,-69.314722,2005-10-26 15:00:00,2005-10-26 22:30:00,214.6417,2005-10-26 18:30:00,3.5000
01031500,45.175000,-69.314722,2005-12-01 05:45:00,2005-12-01 19:00:00,253.7189,2005-12-01 11:45:00,6.0000
01031500,45.175000,-69.314722,2006-10-29 06:00:00,2006-10-30 04:45:00,368.1190,2006-10-29 13:30:00,7.5000
01031500,45.175000,-69.314722,2006-11-17 19:15:00,2006-11-18 10:15:00,265.6120,2006-11-18 01:00:00,5.7500
01031500,45.175000,-69.314722,2007-04-24 04:15:00,2007-04-25 11:30:00,238.4278,2007-04-25 05:00:00,24.7500
01031500,45.175000,-69.314722,2008-04-29 22:30:00,2008-05-01 05:15:00,430.4161,2008-04-30 09:30:00,11.0000
01031500,45.175000,-69.314722,2008-11-26 19:45:00,2008-11-27 04:30:00,254.2853,2008-11-26 22:15:00,2.5000
01031500,45.175000,-69.314722,2009-04-07 10:30:00,2009-04-08 17:45:00,291.6635,2009-04-07 17:15:00,6.7500
01031500,45.175000,-69.314722,2010-03-24 09:30:00,2010-03-24 17:30:00,220.3051,2010-03-24 13:30:00,4.0000
01031500,45.175000,-69.314722,2010-03-30 05:30:00,2010-03-30 16:15:00,231.9150,2010-03-30 09:30:00,4.0000
01031500,45.175000,-69.314722,2010-03-31 17:00:00,2010-04-01 12:45:00,265.6120,2010-04-01 00:30:00,7.5000
01031500,45.175000,-69.314722,2010-11-09 05:30:00,2010-11-09 14:45:00,220.8714,2010-11-09 09:30:00,4.0000
01031500,45.175000,-69.314722,2010-12-13 15:00:00,2010-12-15 02:45:00,393.6042,2010-12-13 21:00:00,6.0000
01031500,45.175000,-69.314722,2011-04-17 21:30:00,2011-04-18 11:15:00,246.3566,2011-04-18 02:30:00,5.0000
01031500,45.175000,-69.314722,2011-09-06 09:30:00,2011-09-06 16:45:00,218.0397,2011-09-06 13:00:00,3.5000
01031500,45.175000,-69.314722,2012-04-24 05:45:00,2012-04-24 15:45:00,216.6239,2012-04-24 09:30:00,3.7500
01031500,45.175000,-69.314722,2012-10-31 02:45:00,2012-11-01 08:15:00,353.9606,2012-10-31 11:45:00,9.0000
01031500,45.175000,-69.314722,2014-04-16 01:15:00,2014-04-17 11:15:00,396.4359,2014-04-16 13:00:00,11.7500
01031500,45.175000,-69.314722,2015-04-21 21:30:00,2015-04-22 10:15:00,236.1625,2015-04-22 03:45:00,6.2500
01031500,45.175000,-69.314722,2015-10-01 00:00:00,2015-10-01 15:15:00,308.6536,2015-10-01 04:45:00,4.7500
01031500,45.175000,-69.314722,2016-01-11 12:00:00,2016-01-11 22:00:00,237.0120,2016-01-11 15:45:00,3.7500
01089100,43.213611,-71.480833,1993-03-31 05:00:00,1993-04-01 04:15:00,39.6436,1993-03-31 19:45:00,14.7500
01089100,43.213611,-71.480833,1996-01-25 19:45:00,1996-01-26 03:30:00,33.4139,1996-01-25 20:15:00,0.5000
01089100,43.213611,-71.480833,1996-01-28 03:00:00,1996-01-29 22:15:00,54.6515,1996-01-28 21:30:00,18.5000
01089100,43.213611,-71.480833,1996-02-22 18:00:00,1996-02-23 04:45:00,38.7941,1996-02-23 00:00:00,6.0000
01089100,43.213611,-71.480833,1996-04-17 00:45:00,1996-04-18 17:45:00,65.6951,1996-04-17 17:00:00,16.2500
01089100,43.213611,-71.480833,1996-05-12 13:45:00,1996-05-13 10:45:00,44.1743,1996-05-12 21:30:00,7.7500
01089100,43.213611,-71.480833,1996-10-21 19:00:00,1996-10-22 23:15:00,49.5545,1996-10-22 10:30:00,15.5000
01089100,43.213611,-71.480833,1997-04-19 20:45:00,1997-04-20 14:45:00,37.0951,1997-04-20 04:00:00,7.2500
01089100,43.213611,-71.480833,1998-03-10 04:45:00,1998-03-11 21:30:00,53.5188,1998-03-10 19:45:00,15.0000
01089100,43.213611,-71.480833,1998-06-14 19:15:00,1998-06-18 10:30:00,57.2000,1998-06-17 11:45:00,64.5000
01089100,43.213611,-71.480833,1998-06-19 18:30:00,1998-06-20 00:45:00,35.1129,1998-06-19 20:45:00,2.2500
01089100,43.213611,-71.480833,2001-04-14 13:45:00,2001-04-14 21:00:00,34.2634,2001-04-14 16:30:00,2.7500
01089100,43.213611,-71.480833,2003-12-18 20:30:00,2003-12-19 14:30:00,43.8911,2003-12-19 04:45:00,8.2500
01089100,43.213611,-71.480833,2004-04-02 09:45:00,2004-04-03 09:45:00,39.9268,2004-04-02 23:00:00,13.2500
01089100,43.213611,-71.480833,2004-04-14 23:30:00,2004-04-15 03:30:00,33.9802,2004-04-15 01:30:00,2.0000
01089100,43.213611,-71.480833,2005-04-03 11:15:00,2005-04-05 04:30:00,54.6515,2005-04-04 05:30:00,18.2500
01089100,43.213611,-71.480833,2005-10-09 12:30:00,2005-10-11 02:00:00,79.5703,2005-10-10 03:00:00,14.5000
01089100,43.213611,-71.480833,2005-10-15 13:30:00,2005-10-17 18:45:00,90.8971,2005-10-16 05:00:00,15.5000
01089100,43.213611,-71.480833,2005-10-26 02:45:00,2005-10-27 13:45:00,56.0674,2005-10-26 16:00:00,13.2500
01089100,43.213611,-71.480833,2006-01-19 10:15:00,2006-01-19 22:45:00,40.2099,2006-01-19 15:30:00,5.2500
01089100,43.213611,-71.480833,2006-05-14 02:45:00,2006-05-18 14:15:00,144.6991,2006-05-15 00:45:00,22.0000
01089100,43.213611,-71.480833,2006-06-10 20:15:00,2006-06-12 03:00:00,47.2891,2006-06-11 07:15:00,11.0000
01089100,43.213611,-71.480833,2006-11-10 01:00:00,2006-11-10 03:30:00,33.6970,2006-11-10 01:30:00,0.5000
01089100,43.213611,-71.480833,2007-04-16 13:00:00,2007-04-19 10:30:00,105.9050,2007-04-17 07:45:00,18.7500
01089100,43.213611,-71.480833,2008-04-29 21:30:00,2008-04-30 17:45:00,37.3782,2008-04-30 03:45:00,6.2500
01089100,43.213611,-71.480833,2008-09-07 10:45:00,2008-09-08 08:30:00,50.1208,2008-09-07 23:45:00,13.0000
01089100,43.213611,-71.480833,2008-11-26 15:30:00,2008-11-26 20:00:00,33.9802,2008-11-26 17:00:00,1.5000
01089100,43.213611,-71.480833,2008-12-13 03:45:00,2008-12-13 15:45:00,37.9446,2008-12-13 08:45:00,5.0000
01089100,43.213611,-71.480833,2009-04-07 17:00:00,2009-04-07 23:45:00,34.8297,2009-04-07 20:00:00,3.0000
01089100,43.213611,-71.480833,2010-03-15 06:00:00,2010-03-16 19:15:00,49.5545,2010-03-15 21:15:00,15.2500
01089100,43.213611,-71.480833,2010-03-31 05:15:00,2010-04-01 07:15:00,43.6079,2010-03-31 19:45:00,14.5000
01089100,43.213611,-71.480833,2011-09-30 14:15:00,2011-09-30 18:45:00,33.6970,2011-09-30 16:15:00,2.0000
01089100,43.213611,-71.480833,2011-12-08 18:30:00,2011-12-09 10:15:00,41.3426,2011-12-09 01:00:00,6.5000
01089100,43.213611,-71.480833,2016-02-25 23:00:00,2016-02-26 16:30:00,41.6258,2016-02-26 05:45:00,6.7500
01109000,41.947500,-71.177222,1992-12-12 20:00:00,1992-12-15 07:00:00,21.1810,1992-12-13 20:00:00,24.0000
01109000,41.947500,-71.177222,1993-04-02 15:00:00,1993-04-03 04:00:00,14.5832,1993-04-02 22:00:00,7.0000
01109000,41.947500,-71.177222,1996-12-09 02:45:00,1996-12-09 09:30:00,14.2717,1996-12-09 06:45:00,4.0000
01109000,41.947500,-71.177222,1998-01-24 21:30:00,1998-01-26 11:30:00,19.2271,1998-01-25 10:00:00,12.5000
01109000,41.947500,-71.177222,1998-03-10 06:45:00,1998-03-12 01:00:00,19.2271,1998-03-10 22:00:00,15.2500
01109000,41.947500,-71.177222,1998-06-14 03:00:00,1998-06-20 04:15:00,37.6614,1998-06-14 22:00:00,19.0000
01109000,41.947500,-71.177222,1998-07-01 00:30:00,1998-07-02 23:45:00,23.6446,1998-07-01 14:30:00,14.0000
01109000,41.947500,-71.177222,2001-03-22 20:30:00,2001-03-24 18:30:00,19.8501,2001-03-23 08:30:00,12.0000
01109000,41.947500,-71.177222,2001-03-31 01:15:00,2001-04-01 17:15:00,19.3687,2001-03-31 15:15:00,14.0000
01109000,41.947500,-71.177222,2004-04-14 19:15:00,2004-04-15 13:00:00,15.5459,2004-04-15 00:45:00,5.5000
01109000,41.947500,-71.177222,2005-03-29 07:00:00,2005-03-30 20:30:00,22.6818,2005-03-29 22:45:00,15.7500
01109000,41.947500,-71.177222,2005-04-03 13:15:00,2005-04-04 04:15:00,14.2717,2005-04-03 17:00:00,3.7500
01109000,41.947500,-71.177222,2005-10-15 13:15:00,2005-10-18 00:45:00,30.0159,2005-10-16 05:45:00,16.5000
01109000,41.947500,-71.177222,2006-06-07 18:15:00,2006-06-10 13:45:00,25.6834,2006-06-08 10:45:00,16.5000
01109000,41.947500,-71.177222,2006-06-25 13:15:00,2006-06-26 23:30:00,16.7919,2006-06-25 23:00:00,9.7500
01109000,41.947500,-71.177222,2007-04-16 15:15:00,2007-04-17 18:30:00,17.7547,2007-04-17 01:15:00,10.0000
01109000,41.947500,-71.177222,2008-02-14 10:15:00,2008-02-15 07:15:00,16.4521,2008-02-14 18:45:00,8.5000
01109000,41.947500,-71.177222,2008-03-09 05:45:00,2008-03-10 05:45:00,15.6875,2008-03-09 17:15:00,11.5000
01109000,41.947500,-71.177222,2008-12-12 16:15:00,2008-12-14 04:45:00,20.5014,2008-12-13 05:00:00,12.7500
01109000,41.947500,-71.177222,2010-03-14 21:00:00,2010-03-17 22:45:00,22.9083,2010-03-15 18:30:00,21.5000
01109000,41.947500,-71.177222,2010-03-24 07:15:00,2010-03-24 14:00:00,14.2151,2010-03-24 10:00:00,2.7500
01109000,41.947500,-71.177222,2010-03-30 05:30:00,2010-04-03 14:45:00,44.4574,2010-03-31 03:00:00,21.5000
01109000,41.947500,-71.177222,2011-12-09 02:45:00,2011-12-09 07:00:00,13.9602,2011-12-09 03:30:00,0.7500
01109000,41.947500,-71.177222,2013-06-08 17:45:00,2013-06-09 19:15:00,20.7279,2013-06-09 03:30:00,9.7500
01109000,41.947500,-71.177222,2013-06-12 02:15:00,2013-06-13 10:45:00,17.8113,2013-06-12 13:45:00,11.5000
01109000,41.947500,-71.177222,2013-06-14 14:00:00,2013-06-16 01:15:00,18.2077,2013-06-15 07:00:00,17.0000
01109000,41.947500,-71.177222,2014-03-31 05:15:00,2014-04-01 08:45:00,16.9618,2014-03-31 13:30:00,8.2500
01111500,41.996389,-71.563056,2001-03-22 15:30:00,2001-03-23 15:00:00,114.1169,2001-03-23 02:00:00,10.5000
01111500,41.996389,-71.563056,2001-06-18 05:15:00,2001-06-18 14:30:00,84.6674,2001-06-18 09:30:00,4.2500
01111500,41.996389,-71.563056,2004-04-14 13:30:00,2004-04-14 18:30:00,78.1545,2004-04-14 15:30:00,2.0000
01111500,41.996389,-71.563056,2005-10-15 10:15:00,2005-10-16 17:15:00,178.1130,2005-10-15 20:45:00,10.5000
01111500,41.996389,-71.563056,2006-06-07 23:45:00,2006-06-08 14:45:00,97.4100,2006-06-08 06:15:00,6.5000
01111500,41.996389,-71.563056,2007-04-16 17:00:00,2007-04-17 03:15:00,84.9505,2007-04-16 22:15:00,5.2500
01111500,41.996389,-71.563056,2008-12-12 15:30:00,2008-12-13 07:15:00,105.6218,2008-12-12 23:00:00,7.5000
01111500,41.996389,-71.563056,2010-03-30 08:15:00,2010-04-01 01:45:00,148.9466,2010-03-31 05:30:00,21.2500
01138500,44.153333,-72.042222,1990-10-25 08:30:00,1990-10-25 15:00:00,790.0400,1990-10-25 11:30:00,3.0000
01138500,44.153333,-72.042222,1990-12-24 11:00:00,1990-12-25 22:30:00,914.6341,1990-12-24 23:30:00,12.5000
01138500,44.153333,-72.042222,1992-04-23 01:30:00,1992-04-26 22:30:00,1107.1887,1992-04-25 06:30:00,53.0000
01138500,44.153333,-72.042222,1993-04-11 11:30:00,1993-04-11 18:30:00,795.7034,1993-04-11 16:30:00,5.0000
01138500,44.153333,-72.042222,1993-04-17 16:00:00,1993-04-18 16:30:00,824.0202,1993-04-18 06:00:00,14.0000
01138500,44.153333,-72.042222,1996-01-20 04:45:00,1996-01-20 16:45:00,1013.7431,1996-01-20 10:30:00,5.7500
01138500,44.153333,-72.042222,1996-04-22 04:30:00,1996-04-22 09:00:00,744.7331,1996-04-22 06:15:00,1.7500
01138500,44.153333,-72.042222,1996-04-23 17:30:00,1996-04-30 05:00:00,1084.5352,1996-04-24 11:45:00,18.2500
01138500,44.153333,-72.042222,1996-05-01 11:30:00,1996-05-02 13:00:00,877.8222,1996-05-01 17:15:00,5.7500
01138500,44.153333,-72.042222,1996-05-12 08:30:00,1996-05-14 01:30:00,971.2678,1996-05-12 22:30:00,14.0000
01138500,44.153333,-72.042222,1996-12-02 20:30:00,1996-12-03 03:00:00,778.7133,1996-12-02 23:15:00,2.7500
01138500,44.153333,-72.042222,1998-03-30 06:15:00,1998-04-05 00:15:00,1277.0898,1998-04-02 10:00:00,75.7500
01138500,44.153333,-72.042222,2000-03-29 04:15:00,2000-03-29 07:30:00,761.7232,2000-03-29 05:45:00,1.5000
01138500,44.153333,-72.042222,2000-04-04 16:30:00,2000-04-06 09:00:00,866.4955,2000-04-04 22:15:00,5.7500
01138500,44.153333,-72.042222,2000-04-09 16:15:00,2000-04-10 14:15:00,1104.3570,2000-04-10 00:15:00,8.0000
01138500,44.153333,-72.042222,2000-05-11 07:00:00,2000-05-15 02:45:00,1025.0698,2000-05-11 21:30:00,14.5000
01138500,44.153333,-72.042222,2000-12-18 04:13:00,2000-12-18 17:58:00,889.1490,2000-12-18 11:28:00,7.2500
01138500,44.153333,-72.042222,2002-04-14 06:43:00,2002-04-20 18:13:00,1093.0303,2002-04-17 04:13:00,69.5000
01138500,44.153333,-72.042222,2002-06-12 18:43:00,2002-06-14 23:43:00,1226.1195,2002-06-13 08:13:00,13.5000
01138500,44.153333,-72.042222,2003-03-30 07:15:00,2003-03-31 08:30:00,821.1886,2003-03-30 15:30:00,8.2500
01138500,44.153333,-72.042222,2003-10-28 09:00:00,2003-10-28 16:45:00,790.0400,2003-10-28 12:30:00,3.5000
01138500,44.153333,-72.042222,2003-10-29 22:45:00,2003-10-30 14:00:00,795.7034,2003-10-30 02:30:00,3.7500
01138500,44.153333,-72.042222,2005-04-03 18:00:00,2005-04-04 01:30:00,770.2182,2005-04-03 23:15:00,5.2500
01138500,44.153333,-72.042222,2005-04-24 21:45:00,2005-04-25 08:30:00,858.0005,2005-04-25 03:30:00,5.7500
01138500,44.153333,-72.042222,2005-10-16 05:00:00,2005-10-20 08:30:00,1158.1590,2005-10-18 23:00:00,66.0000
01138500,44.153333,-72.042222,2005-11-17 08:00:00,2005-11-18 01:45:00,818.3569,2005-11-17 13:00:00,5.0000
01138500,44.153333,-72.042222,2007-04-24 15:30:00,2007-04-25 01:15:00,773.0499,2007-04-24 21:00:00,5.5000
01138500,44.153333,-72.042222,2008-04-13 04:15:00,2008-04-13 08:15:00,750.3964,2008-04-13 05:45:00,1.5000
01138500,44.153333,-72.042222,2008-04-20 02:30:00,2008-04-20 20:00:00,770.2182,2008-04-20 09:30:00,7.0000
01138500,44.153333,-72.042222,2008-04-29 19:45:00,2008-04-30 14:45:00,858.0005,2008-04-30 03:30:00,7.7500
01138500,44.153333,-72.042222,2008-07-25 01:45:00,2008-07-26 02:00:00,914.6341,2008-07-25 07:45:00,6.0000
01138500,44.153333,-72.042222,2008-08-06 22:00:00,2008-08-06 23:15:00,747.5648,2008-08-06 22:45:00,0.7500
01138500,44.153333,-72.042222,2010-10-01 14:15:00,2010-10-03 17:45:00,1251.6046,2010-10-02 08:45:00,18.5000
01138500,44.153333,-72.042222,2011-04-11 17:00:00,2011-04-16 07:00:00,1078.8719,2011-04-12 08:45:00,15.7500
01138500,44.153333,-72.042222,2011-04-27 08:00:00,2011-05-01 20:45:00,1336.5552,2011-04-29 09:30:00,49.5000
01138500,44.153333,-72.042222,2011-05-27 10:45:00,2011-05-29 10:30:00,897.6440,2011-05-27 21:00:00,10.2500
01138500,44.153333,-72.042222,2011-05-30 16:15:00,2011-05-30 22:00:00,753.2281,2011-05-30 18:45:00,2.5000
01138500,44.153333,-72.042222,2011-08-29 00:30:00,2011-08-29 20:15:00,1118.5154,2011-08-29 06:45:00,6.2500
01138500,44.153333,-72.042222,2013-05-25 20:30:00,2013-05-28 08:30:00,846.6737,2013-05-26 13:30:00,17.0000
01138500,44.153333,-72.042222,2014-04-15 03:30:00,2014-04-18 20:45:00,1430.0008,2014-04-16 10:15:00,30.7500
01171500,42.318889,-72.665556,1990-10-24 04:30:00,1990-10-24 16:15:00,52.9525,1990-10-24 11:15:00,6.7500
01171500,42.318889,-72.665556,1990-11-11 00:30:00,1990-11-11 05:15:00,39.9268,1990-11-11 02:15:00,1.7500
01171500,42.318889,-72.665556,1991-04-21 19:45:00,1991-04-22 07:15:00,37.3782,1991-04-21 23:00:00,3.2500
01171500,42.318889,-72.665556,1991-05-07 00:30:00,1991-05-07 04:15:00,30.5822,1991-05-07 01:30:00,1.0000
01171500,42.318889,-72.665556,1992-03-11 14:15:00,1992-03-11 23:45:00,47.5723,1992-03-11 18:30:00,4.2500
01171500,42.318889,-72.665556,1992-03-27 10:45:00,1992-03-27 17:00:00,43.0416,1992-03-27 13:00:00,2.2500
01171500,42.318889,-72.665556,1992-06-06 11:00:00,1992-06-06 15:15:00,36.2456,1992-06-06 12:45:00,1.7500
01171500,42.318889,-72.665556,1993-03-29 14:30:00,1993-04-01 03:45:00,56.6337,1993-03-30 01:15:00,10.7500
01171500,42.318889,-72.665556,1993-04-11 00:30:00,1993-04-11 12:45:00,41.9089,1993-04-11 06:30:00,6.0000
01171500,42.318889,-72.665556,1993-04-17 09:45:00,1993-04-17 14:15:00,31.1485,1993-04-17 11:15:00,1.5000
01171500,42.318889,-72.665556,1993-04-23 01:00:00,1993-04-23 12:00:00,45.5901,1993-04-23 07:30:00,6.5000
01171500,42.318889,-72.665556,1993-11-28 19:15:00,1993-11-29 00:30:00,33.1307,1993-11-28 22:45:00,3.5000
01171500,42.318889,-72.665556,1993-12-21 19:45:00,1993-12-22 02:45:00,44.1743,1993-12-21 22:00:00,2.2500
01171500,42.318889,-72.665556,1995-10-21 23:00:00,1995-10-22 07:15:00,59.1822,1995-10-22 02:30:00,3.5000
01171500,42.318889,-72.665556,1996-05-12 07:00:00,1996-05-12 14:30:00,40.2099,1996-05-12 08:45:00,1.7500
01171500,42.318889,-72.665556,1996-07-14 02:30:00,1996-07-14 11:30:00,55.7842,1996-07-14 06:30:00,4.0000
01171500,42.318889,-72.665556,1996-08-27 23:15:00,1996-08-28 01:15:00,40.4931,1996-08-28 00:00:00,0.7500
01171500,42.318889,-72.665556,1996-10-20 12:45:00,1996-10-20 17:45:00,36.5287,1996-10-20 15:00:00,2.2500
01171500,42.318889,-72.665556,1996-11-09 10:00:00,1996-11-10 00:45:00,69.9426,1996-11-09 16:30:00,6.5000
01171500,42.318889,-72.665556,1996-12-02 11:30:00,1996-12-02 21:30:00,60.3149,1996-12-02 14:45:00,3.2500
01171500,42.318889,-72.665556,1997-05-20 07:45:00,1997-05-20 10:30:00,36.2456,1997-05-20 08:15:00,0.5000
01171500,42.318889,-72.665556,1997-11-02 04:30:00,1997-11-02 08:30:00,39.0772,1997-11-02 06:30:00,2.0000
01171500,42.318889,-72.665556,1998-03-09 09:00:00,1998-03-10 01:15:00,51.8198,1998-03-09 14:00:00,5.0000
01171500,42.318889,-72.665556,1998-05-10 15:45:00,1998-05-11 08:00:00,32.8475,1998-05-11 04:15:00,12.5000
01171500,42.318889,-72.665556,1998-06-14 17:00:00,1998-06-15 06:15:00,33.9802,1998-06-15 01:15:00,8.2500
01171500,42.318889,-72.665556,1998-06-16 14:30:00,1998-06-16 18:45:00,32.8475,1998-06-16 15:30:00,1.0000
01171500,42.318889,-72.665556,1999-09-16 21:45:00,1999-09-17 19:00:00,143.0001,1999-09-17 05:45:00,8.0000
01171500,42.318889,-72.665556,1999-11-03 07:45:00,1999-11-03 10:30:00,35.1129,1999-11-03 08:15:00,0.5000
01171500,42.318889,-72.665556,2000-06-07 01:02:30,2000-06-07 19:02:30,46.7228,2000-06-07 14:02:30,13.0000
01171500,42.318889,-72.665556,2000-06-12 10:32:30,2000-06-12 12:32:30,31.1485,2000-06-12 10:47:30,0.2500
01171500,42.318889,-72.665556,2000-08-12 06:15:00,2000-08-12 09:30:00,32.2812,2000-08-12 07:30:00,1.2500
01171500,42.318889,-72.665556,2000-12-17 19:30:00,2000-12-18 06:15:00,64.5624,2000-12-17 23:45:00,4.2500
01171500,42.318889,-72.665556,2001-03-22 11:45:00,2001-03-23 00:15:00,37.6614,2001-03-22 16:00:00,4.2500
01171500,42.318889,-72.665556,2001-04-08 13:45:00,2001-04-08 17:30:00,29.1664,2001-04-08 14:30:00,0.7500
01171500,42.318889,-72.665556,2001-04-10 00:15:00,2001-04-11 01:30:00,29.1664,2001-04-10 07:15:00,7.0000
01171500,42.318889,-72.665556,2002-05-14 00:15:00,2002-05-14 04:30:00,30.0159,2002-05-14 02:30:00,2.2500
01171500,42.318889,-72.665556,2003-09-28 16:45:00,2003-09-29 06:15:00,82.4020,2003-09-28 21:30:00,4.7500
01171500,42.318889,-72.665556,2003-10-15 12:45:00,2003-10-15 14:15:00,29.7327,2003-10-15 13:00:00,0.2500
01171500,42.318889,-72.665556,2003-10-29 14:45:00,2003-10-30 03:15:00,89.1981,2003-10-29 18:15:00,3.5000
01171500,42.318889,-72.665556,2003-11-20 09:45:00,2003-11-20 15:30:00,32.2812,2003-11-20 12:30:00,2.7500
01171500,42.318889,-72.665556,2003-12-11 21:30:00,2003-12-12 04:15:00,31.7149,2003-12-11 22:45:00,1.2500
01171500,42.318889,-72.665556,2003-12-18 00:45:00,2003-12-18 10:30:00,42.7584,2003-12-18 05:00:00,4.2500
01171500,42.318889,-72.665556,2003-12-25 00:15:00,2003-12-25 10:30:00,37.0951,2003-12-25 03:30:00,3.2500
01171500,42.318889,-72.665556,2004-04-01 18:15:00,2004-04-02 18:00:00,116.9486,2004-04-02 05:45:00,11.5000
01171500,42.318889,-72.665556,2004-04-14 01:45:00,2004-04-14 10:30:00,37.6614,2004-04-14 04:30:00,2.7500
01171500,42.318889,-72.665556,2004-09-18 17:00:00,2004-09-18 21:15:00,34.8297,2004-09-18 19:00:00,2.0000
01171500,42.318889,-72.665556,2004-12-24 01:45:00,2004-12-24 06:30:00,39.6436,2004-12-24 03:15:00,1.5000
01171500,42.318889,-72.665556,2005-01-14 17:45:00,2005-01-14 21:00:00,30.0159,2005-01-14 19:00:00,1.2500
01171500,42.318889,-72.665556,2005-03-29 04:30:00,2005-03-30 03:45:00,46.1565,2005-03-29 16:15:00,11.7500
01171500,42.318889,-72.665556,2005-04-02 16:15:00,2005-04-04 01:45:00,139.6021,2005-04-03 10:15:00,17.0000
01171500,42.318889,-72.665556,2005-04-24 07:15:00,2005-04-24 21:00:00,53.5188,2005-04-24 10:00:00,2.7500
01171500,42.318889,-72.665556,2005-06-29 20:30:00,2005-06-29 22:30:00,38.5109,2005-06-29 21:15:00,0.7500
01171500,42.318889,-72.665556,2005-10-08 23:15:00,2005-10-09 17:30:00,123.7446,2005-10-09 08:15:00,9.0000
01171500,42.318889,-72.665556,2005-10-15 00:00:00,2005-10-16 00:45:00,58.6159,2005-10-15 07:30:00,7.5000
01171500,42.318889,-72.665556,2005-10-25 15:15:00,2005-10-26 04:30:00,46.4396,2005-10-25 18:45:00,3.5000
01171500,42.318889,-72.665556,2006-01-14 15:15:00,2006-01-15 10:00:00,50.6872,2006-01-14 18:15:00,3.0000
01171500,42.318889,-72.665556,2006-01-18 17:00:00,2006-01-19 11:00:00,106.7545,2006-01-18 21:45:00,4.7500
01171500,42.318889,-72.665556,2006-02-05 12:15:00,2006-02-05 18:45:00,36.8119,2006-02-05 14:30:00,2.2500
01171500,42.318889,-72.665556,2006-05-12 22:00:00,2006-05-13 15:00:00,51.2535,2006-05-13 09:00:00,11.0000
01171500,42.318889,-72.665556,2006-10-28 16:45:00,2006-10-29 03:15:00,48.9881,2006-10-28 18:45:00,2.0000
01171500,42.318889,-72.665556,2006-11-09 02:15:00,2006-11-09 11:45:00,52.3862,2006-11-09 05:45:00,3.5000
01171500,42.318889,-72.665556,2006-11-13 01:00:00,2006-11-13 05:00:00,35.3961,2006-11-13 02:30:00,1.5000
01171500,42.318889,-72.665556,2006-11-17 05:45:00,2006-11-17 13:30:00,42.7584,2006-11-17 08:15:00,2.5000
01171500,42.318889,-72.665556,2007-04-16 01:30:00,2007-04-17 15:00:00,174.1486,2007-04-16 14:00:00,12.5000
01171500,42.318889,-72.665556,2007-06-04 21:15:00,2007-06-05 03:15:00,34.8297,2007-06-05 00:30:00,3.2500
01171500,42.318889,-72.665556,2008-02-06 18:15:00,2008-02-07 14:45:00,45.5901,2008-02-07 08:15:00,14.0000
01171500,42.318889,-72.665556,2008-02-13 20:15:00,2008-02-14 11:30:00,54.3683,2008-02-14 01:00:00,4.7500
01171500,42.318889,-72.665556,2008-02-19 00:45:00,2008-02-19 02:00:00,27.6939,2008-02-19 02:00:00,1.2500
01171500,42.318889,-72.665556,2008-03-05 14:45:00,2008-03-05 22:15:00,35.3961,2008-03-05 16:30:00,1.7500
01171500,42.318889,-72.665556,2008-03-08 21:30:00,2008-03-09 15:00:00,79.2872,2008-03-09 02:15:00,4.7500
01171500,42.318889,-72.665556,2008-09-07 04:45:00,2008-09-07 09:30:00,40.4931,2008-09-07 06:30:00,1.7500
01171500,42.318889,-72.665556,2008-10-26 05:45:00,2008-10-26 09:30:00,39.0772,2008-10-26 06:45:00,1.0000
01171500,42.318889,-72.665556,2008-12-12 09:15:00,2008-12-13 02:00:00,73.9070,2008-12-12 15:00:00,5.7500
01171500,42.318889,-72.665556,2009-06-19 01:15:00,2009-06-19 11:15:00,35.9624,2009-06-19 04:15:00,3.0000
01171500,42.318889,-72.665556,2009-07-31 20:30:00,2009-08-01 00:30:00,39.6436,2009-07-31 21:30:00,1.0000
01171500,42.318889,-72.665556,2009-12-27 12:30:00,2009-12-28 00:15:00,48.9881,2009-12-27 17:30:00,5.0000
01171500,42.318889,-72.665556,2010-01-25 20:00:00,2010-01-26 08:45:00,84.9505,2010-01-25 23:15:00,3.2500
01171500,42.318889,-72.665556,2010-02-26 03:30:00,2010-02-26 13:45:00,38.7941,2010-02-26 08:00:00,4.5000
01171500,42.318889,-72.665556,2010-03-14 10:45:00,2010-03-14 17:30:00,37.6614,2010-03-14 12:15:00,1.5000
01171500,42.318889,-72.665556,2010-03-23 09:15:00,2010-03-23 20:00:00,51.8198,2010-03-23 12:30:00,3.2500
01171500,42.318889,-72.665556,2010-03-29 16:45:00,2010-03-31 19:15:00,79.0040,2010-03-31 02:00:00,33.2500
01171500,42.318889,-72.665556,2010-10-01 16:15:00,2010-10-01 20:45:00,35.9624,2010-10-01 18:30:00,2.2500
01171500,42.318889,-72.665556,2010-12-01 22:15:00,2010-12-02 10:00:00,106.4713,2010-12-02 02:00:00,3.7500
01171500,42.318889,-72.665556,2010-12-12 22:00:00,2010-12-13 17:00:00,88.6317,2010-12-13 07:30:00,9.5000
01171500,42.318889,-72.665556,2011-03-07 03:45:00,2011-03-08 03:15:00,88.9149,2011-03-07 13:00:00,9.2500
01171500,42.318889,-72.665556,2011-03-11 13:00:00,2011-03-12 07:45:00,58.6159,2011-03-11 17:00:00,4.0000
01171500,42.318889,-72.665556,2011-04-17 07:15:00,2011-04-17 18:15:00,59.7485,2011-04-17 11:00:00,3.7500
01171500,42.318889,-72.665556,2011-05-19 08:15:00,2011-05-19 16:30:00,46.1565,2011-05-19 09:45:00,1.5000
01171500,42.318889,-72.665556,2011-08-28 12:15:00,2011-08-29 08:45:00,198.7843,2011-08-28 18:30:00,6.2500
01171500,42.318889,-72.665556,2011-09-06 02:00:00,2011-09-06 02:15:00,28.0054,2011-09-06 02:15:00,0.2500
01171500,42.318889,-72.665556,2011-09-07 09:45:00,2011-09-08 23:30:00,72.7743,2011-09-07 14:00:00,4.2500
01171500,42.318889,-72.665556,2011-09-24 01:15:00,2011-09-24 03:00:00,29.4495,2011-09-24 02:00:00,0.7500
01171500,42.318889,-72.665556,2011-09-29 16:45:00,2011-10-01 22:15:00,87.4991,2011-09-29 19:00:00,2.2500
01171500,42.318889,-72.665556,2011-10-14 19:15:00,2011-10-15 04:45:00,44.1743,2011-10-14 23:00:00,3.7500
01171500,42.318889,-72.665556,2011-11-30 07:00:00,2011-11-30 10:15:00,34.2634,2011-11-30 07:15:00,0.2500
01171500,42.318889,-72.665556,2011-12-08 04:45:00,2011-12-08 16:30:00,67.9604,2011-12-08 09:30:00,4.7500
01171500,42.318889,-72.665556,2012-09-19 03:45:00,2012-09-19 07:00:00,47.2891,2012-09-19 04:30:00,0.7500
01171500,42.318889,-72.665556,2012-10-19 23:00:00,2012-10-20 03:00:00,32.8475,2012-10-20 00:00:00,1.0000
01171500,42.318889,-72.665556,2012-12-21 18:00:00,2012-12-22 02:15:00,66.2614,2012-12-21 20:30:00,2.5000
01171500,42.318889,-72.665556,2013-01-31 13:45:00,2013-01-31 18:30:00,33.4139,2013-01-31 14:30:00,0.7500
01171500,42.318889,-72.665556,2013-03-12 23:45:00,2013-03-13 08:00:00,43.8911,2013-03-13 02:30:00,2.7500
01171500,42.318889,-72.665556,2013-05-24 02:15:00,2013-05-24 03:45:00,29.7327,2013-05-24 02:45:00,0.5000
01171500,42.318889,-72.665556,2013-06-11 08:30:00,2013-06-12 02:00:00,32.8475,2013-06-11 11:15:00,2.7500
01171500,42.318889,-72.665556,2013-06-13 23:45:00,2013-06-14 18:15:00,43.3248,2013-06-14 12:15:00,12.5000
01171500,42.318889,-72.665556,2013-06-28 09:30:00,2013-06-28 13:15:00,32.5644,2013-06-28 11:15:00,1.7500
01171500,42.318889,-72.665556,2013-07-23 09:45:00,2013-07-23 14:15:00,36.2456,2013-07-23 12:00:00,2.2500
01171500,42.318889,-72.665556,2013-08-09 18:45:00,2013-08-09 21:15:00,35.3961,2013-08-09 19:45:00,1.0000
01171500,42.318889,-72.665556,2013-11-27 14:45:00,2013-11-27 17:45:00,34.2634,2013-11-27 15:45:00,1.0000
01171500,42.318889,-72.665556,2014-03-30 06:45:00,2014-03-30 22:15:00,59.7485,2014-03-30 10:45:00,4.0000
01171500,42.318889,-72.665556,2014-05-01 07:30:00,2014-05-01 16:45:00,38.7941,2014-05-01 10:45:00,3.2500
01171500,42.318889,-72.665556,2014-05-17 09:00:00,2014-05-17 15:30:00,48.1386,2014-05-17 10:15:00,1.2500
01171500,42.318889,-72.665556,2014-08-13 19:00:00,2014-08-14 02:30:00,66.2614,2014-08-13 20:45:00,1.7500
01171500,42.318889,-72.665556,2014-12-09 23:45:00,2014-12-10 09:15:00,43.3248,2014-12-10 03:15:00,3.5000
01171500,42.318889,-72.665556,2015-07-10 07:30:00,2015-07-10 10:15:00,37.9446,2015-07-10 08:15:00,0.7500
01171500,42.318889,-72.665556,2015-07-27 22:45:00,2015-07-27 23:30:00,37.3782,2015-07-27 23:00:00,0.2500
01171500,42.318889,-72.665556,2015-09-30 10:45:00,2015-09-30 21:15:00,90.3307,2015-09-30 14:30:00,3.7500
01171500,42.318889,-72.665556,2016-02-25 01:15:00,2016-02-25 21:15:00,117.2317,2016-02-25 10:15:00,9.0000
01196500,41.449444,-72.841389,1991-08-19 19:00:00,1991-08-20 01:30:00,83.2515,1991-08-19 21:30:00,2.5000
01196500,41.449444,-72.841389,1992-06-06 06:00:00,1992-06-07 23:00:00,150.9288,1992-06-06 13:00:00,7.0000
01196500,41.449444,-72.841389,1994-01-28 23:30:00,1994-01-29 04:00:00,72.2080,1994-01-29 01:30:00,2.0000
01196500,41.449444,-72.841389,1996-01-28 19:30:00,1996-01-28 21:30:00,67.3941,1996-01-28 21:00:00,1.5000
01196500,41.449444,-72.841389,1996-04-16 16:15:00,1996-04-17 18:00:00,128.2753,1996-04-16 22:30:00,6.2500
01196500,41.449444,-72.841389,1996-12-02 13:30:00,1996-12-02 16:30:00,68.2436,1996-12-02 14:30:00,1.0000
01196500,41.449444,-72.841389,1998-03-09 22:30:00,1998-03-10 22:00:00,85.5169,1998-03-10 04:30:00,6.0000
01196500,41.449444,-72.841389,1999-09-17 05:59:00,1999-09-18 08:29:00,80.9862,1999-09-17 22:29:00,16.5000
01196500,41.449444,-72.841389,2000-04-22 08:00:00,2000-04-22 23:00:00,67.9604,2000-04-22 08:30:00,0.5000
01196500,41.449444,-72.841389,2001-03-23 01:29:00,2001-03-23 07:29:00,69.3763,2001-03-23 03:59:00,2.5000
01196500,41.449444,-72.841389,2003-09-28 18:30:00,2003-09-29 01:30:00,76.1723,2003-09-28 22:15:00,3.7500
01196500,41.449444,-72.841389,2004-04-14 04:00:00,2004-04-15 03:30:00,74.7565,2004-04-14 07:15:00,3.2500
01196500,41.449444,-72.841389,2004-09-18 17:45:00,2004-09-18 21:15:00,70.7921,2004-09-18 19:45:00,2.0000
01196500,41.449444,-72.841389,2005-10-15 01:45:00,2005-10-16 15:15:00,111.5684,2005-10-15 10:45:00,9.0000
01196500,41.449444,-72.841389,2006-04-24 08:29:00,2006-04-24 22:59:00,72.2080,2006-04-24 15:14:00,6.7500
01196500,41.449444,-72.841389,2006-05-13 02:30:00,2006-05-14 11:30:00,92.5961,2006-05-13 23:00:00,20.5000
01196500,41.449444,-72.841389,2007-03-02 16:00:00,2007-03-03 03:30:00,90.6139,2007-03-02 19:45:00,3.7500
01196500,41.449444,-72.841389,2007-04-16 00:30:00,2007-04-18 00:45:00,119.4971,2007-04-16 22:30:00,22.0000
01196500,41.449444,-72.841389,2008-12-12 09:45:00,2008-12-13 16:45:00,100.2416,2008-12-12 15:00:00,5.2500
01196500,41.449444,-72.841389,2010-02-26 05:15:00,2010-02-27 00:45:00,74.7565,2010-02-26 08:15:00,3.0000
01196500,41.449444,-72.841389,2010-03-30 05:45:00,2010-04-01 02:30:00,103.9228,2010-03-30 21:30:00,15.7500
01196500,41.449444,-72.841389,2010-12-13 04:45:00,2010-12-13 08:15:00,70.5089,2010-12-13 06:00:00,1.2500
01196500,41.449444,-72.841389,2011-03-07 04:00:00,2011-03-08 21:15:00,139.0357,2011-03-07 23:00:00,19.0000
01196500,41.449444,-72.841389,2011-08-28 12:45:00,2011-08-29 20:15:00,105.0555,2011-08-28 19:00:00,6.2500
01196500,41.449444,-72.841389,2011-09-08 11:15:00,2011-09-08 16:45:00,69.3763,2011-09-08 12:45:00,1.5000
01196500,41.449444,-72.841389,2011-12-09 05:00:00,2011-12-09 12:15:00,81.2693,2011-12-09 05:15:00,0.2500
01196500,41.449444,-72.841389,2014-05-01 10:45:00,2014-05-01 15:30:00,71.3585,2014-05-01 13:45:00,3.0000
01108000,41.933889,-70.956944,1996-10-21 16:15:00,1996-10-26 01:00:00,105.0555,1996-10-23 06:45:00,38.5000
01108000,41.933889,-70.956944,1996-12-09 19:30:00,1996-12-10 10:30:00,77.8713,1996-12-10 00:30:00,5.0000
01108000,41.933889,-70.956944,1998-02-25 14:45:00,1998-02-28 15:45:00,92.5961,1998-02-26 18:45:00,28.0000
01108000,41.933889,-70.956944,1998-03-11 03:45:00,1998-03-12 19:00:00,82.6852,1998-03-11 19:00:00,15.2500
01108000,41.933889,-70.956944,1998-06-16 06:15:00,1998-06-17 23:45:00,80.7030,1998-06-16 20:00:00,13.7500
01108000,41.933889,-70.956944,2001-03-23 09:00:00,2001-03-26 21:00:00,96.2773,2001-03-24 19:45:00,34.7500
01108000,41.933889,-70.956944,2001-03-31 12:00:00,2001-04-03 14:45:00,92.5961,2001-04-01 16:00:00,27.0000
01108000,41.933889,-70.956944,2005-03-31 05:00:00,2005-04-01 13:30:00,89.1981,2005-03-31 05:15:00,0.2500
01108000,41.933889,-70.956944,2005-10-16 04:00:00,2005-10-20 10:45:00,109.5862,2005-10-17 18:15:00,38.2500
01108000,41.933889,-70.956944,2006-05-16 02:00:00,2006-05-17 04:30:00,78.1545,2006-05-16 09:00:00,7.0000
01108000,41.933889,-70.956944,2006-06-08 04:00:00,2006-06-12 20:00:00,107.3208,2006-06-09 13:45:00,33.7500
01108000,41.933889,-70.956944,2007-04-17 07:45:00,2007-04-21 04:15:00,89.1981,2007-04-19 08:00:00,48.2500
01108000,41.933889,-70.956944,2010-03-15 05:30:00,2010-03-22 00:15:00,148.6634,2010-03-17 10:30:00,53.0000
01108000,41.933889,-70.956944,2010-03-24 08:45:00,2010-03-27 04:45:00,89.1981,2010-03-25 06:45:00,22.0000
01108000,41.933889,-70.956944,2010-03-30 10:00:00,2010-04-06 14:45:00,155.1763,2010-04-01 07:30:00,45.5000
01108000,41.933889,-70.956944,2013-03-14 05:00:00,2013-03-15 18:15:00,80.4198,2013-03-14 18:30:00,13.5000
01108000,41.933889,-70.956944,2013-06-12 13:45:00,2013-06-17 05:45:00,85.5169,2013-06-15 14:45:00,73.0000
01013500,47.237500,-68.582778,2005-04-26 11:15:00,2005-04-27 09:45:00,348.2972,2005-04-27 03:00:00,15.7500
01013500,47.237500,-68.582778,2005-04-28 18:30:00,2005-05-04 15:00:00,396.4359,2005-05-01 12:45:00,66.2500
01013500,47.237500,-68.582778,2008-04-29 18:30:00,2008-05-07 14:30:00,518.1983,2008-04-30 18:45:00,24.2500
01029500,45.730278,-68.589444,1999-09-18 02:15:00,1999-09-18 17:00:00,385.1091,1999-09-18 06:00:00,3.7500
01029500,45.730278,-68.589444,2000-04-05 06:00:00,2000-04-07 01:00:00,416.2576,2000-04-05 20:00:00,14.0000
01029500,45.730278,-68.589444,2000-04-09 23:30:00,2000-04-12 08:15:00,560.6736,2000-04-10 15:45:00,16.2500
01029500,45.730278,-68.589444,2000-04-24 14:15:00,2000-04-26 22:15:00,467.2280,2000-04-25 11:45:00,21.5000
01029500,45.730278,-68.589444,2001-04-25 08:30:00,2001-04-26 13:45:00,370.9507,2001-04-25 15:45:00,7.2500
01029500,45.730278,-68.589444,2005-04-25 14:45:00,2005-05-03 15:00:00,724.9113,2005-04-29 18:15:00,99.5000
01029500,45.730278,-68.589444,2005-10-16 13:00:00,2005-10-19 16:00:00,586.1587,2005-10-17 17:00:00,28.0000
01029500,45.730278,-68.589444,2005-11-23 11:15:00,2005-11-24 13:00:00,404.9309,2005-11-23 18:15:00,7.0000
01029500,45.730278,-68.589444,2005-12-02 20:00:00,2005-12-03 16:00:00,387.9408,2005-12-03 02:30:00,6.5000
01029500,45.730278,-68.589444,2006-10-29 18:30:00,2006-10-30 00:00:00,351.1289,2006-10-29 20:15:00,1.7500
01029500,45.730278,-68.589444,2007-04-24 19:30:00,2007-04-28 12:30:00,410.5943,2007-04-25 13:00:00,17.5000
01029500,45.730278,-68.589444,2007-11-16 22:30:00,2007-11-18 02:15:00,390.7725,2007-11-17 06:45:00,8.2500
01029500,45.730278,-68.589444,2008-04-21 12:45:00,2008-04-28 14:45:00,489.8814,2008-04-24 20:45:00,80.0000
01029500,45.730278,-68.589444,2008-04-29 17:00:00,2008-05-04 08:00:00,996.7530,2008-04-30 17:30:00,24.5000
01029500,45.730278,-68.589444,2009-04-07 12:30:00,2009-04-10 11:30:00,495.5448,2009-04-08 10:45:00,22.2500
01029500,45.730278,-68.589444,2009-04-23 23:45:00,2009-04-24 11:00:00,348.2972,2009-04-24 02:45:00,3.0000
01029500,45.730278,-68.589444,2010-04-01 00:30:00,2010-04-02 03:45:00,390.7725,2010-04-01 11:00:00,10.5000
01029500,45.730278,-68.589444,2010-04-05 04:30:00,2010-04-05 22:45:00,356.7923,2010-04-05 09:45:00,5.2500
01029500,45.730278,-68.589444,2010-11-09 19:45:00,2010-11-11 16:00:00,421.9210,2010-11-10 13:45:00,18.0000
01029500,45.730278,-68.589444,2010-12-13 22:45:00,2010-12-16 14:45:00,642.7924,2010-12-14 19:15:00,20.5000
01029500,45.730278,-68.589444,2011-04-29 07:30:00,2011-05-01 08:30:00,393.6042,2011-04-29 17:30:00,10.0000
01029500,45.730278,-68.589444,2011-05-05 14:30:00,2011-05-07 17:45:00,410.5943,2011-05-06 14:30:00,24.0000
01029500,45.730278,-68.589444,2011-08-29 08:30:00,2011-08-30 07:30:00,447.4062,2011-08-29 16:00:00,7.5000
01029500,45.730278,-68.589444,2012-03-23 02:15:00,2012-03-24 00:45:00,368.1190,2012-03-23 11:30:00,9.2500
01029500,45.730278,-68.589444,2013-04-21 02:15:00,2013-04-21 23:00:00,359.6240,2013-04-21 07:30:00,5.2500
01029500,45.730278,-68.589444,2013-05-27 04:15:00,2013-05-27 18:30:00,348.2972,2013-05-27 06:30:00,2.2500
01029500,45.730278,-68.589444,2013-06-13 00:30:00,2013-06-14 01:00:00,402.0992,2013-06-13 09:15:00,8.7500
01029500,45.730278,-68.589444,2015-04-22 11:45:00,2015-04-22 22:00:00,351.1289,2015-04-22 14:30:00,2.7500
01029500,45.730278,-68.589444,2015-10-01 09:45:00,2015-10-02 01:15:00,393.6042,2015-10-01 15:00:00,5.2500
01029500,45.730278,-68.589444,2016-04-08 16:00:00,2016-04-10 02:15:00,413.4260,2016-04-09 01:30:00,9.5000
01048000,44.708056,-69.937500,1990-10-25 03:15:00,1990-10-25 09:30:00,416.2576,1990-10-25 06:30:00,3.2500
01048000,44.708056,-69.937500,1991-04-22 12:15:00,1991-04-22 20:00:00,419.0893,1991-04-22 15:00:00,2.7500
01048000,44.708056,-69.937500,1992-03-29 13:45:00,1992-03-29 18:30:00,546.5151,1992-03-29 15:00:00,1.2500
01048000,44.708056,-69.937500,1993-04-12 16:30:00,1993-04-13 11:30:00,427.5844,1993-04-13 07:45:00,15.2500
01048000,44.708056,-69.937500,1993-04-17 23:45:00,1993-04-18 20:30:00,637.1290,1993-04-18 09:00:00,9.2500
01048000,44.708056,-69.937500,1994-04-17 03:30:00,1994-04-17 19:15:00,461.5646,1994-04-17 11:15:00,7.7500
01048000,44.708056,-69.937500,1995-11-13 03:30:00,1995-11-13 12:30:00,458.7329,1995-11-13 08:00:00,4.5000
01048000,44.708056,-69.937500,1996-01-28 14:15:00,1996-01-29 03:30:00,676.7726,1996-01-28 19:30:00,5.2500
01048000,44.708056,-69.937500,1996-04-17 13:30:00,1996-04-17 23:15:00,413.4260,1996-04-17 19:45:00,6.2500
01048000,44.708056,-69.937500,1996-07-14 13:00:00,1996-07-15 00:30:00,458.7329,1996-07-14 19:00:00,6.0000
01048000,44.708056,-69.937500,2000-03-29 02:00:00,2000-03-29 21:30:00,509.7032,2000-03-29 12:30:00,10.5000
01048000,44.708056,-69.937500,2000-12-18 14:30:00,2000-12-18 21:00:00,419.0893,2000-12-18 17:45:00,3.2500
01048000,44.708056,-69.937500,2001-04-25 12:30:00,2001-04-25 15:30:00,458.7329,2001-04-25 14:00:00,1.5000
01048000,44.708056,-69.937500,2003-10-30 08:45:00,2003-10-30 14:00:00,407.7626,2003-10-30 10:30:00,1.7500
01048000,44.708056,-69.937500,2005-04-04 04:00:00,2005-04-05 09:15:00,773.0499,2005-04-04 09:15:00,5.2500
01048000,44.708056,-69.937500,2005-04-25 07:45:00,2005-04-25 18:15:00,475.7230,2005-04-25 13:00:00,5.2500
01048000,44.708056,-69.937500,2005-04-28 18:00:00,2005-04-29 10:45:00,433.2478,2005-04-28 23:00:00,5.0000
01048000,44.708056,-69.937500,2005-05-27 02:15:00,2005-05-27 20:30:00,504.0399,2005-05-27 12:00:00,9.7500
01048000,44.708056,-69.937500,2005-10-16 04:30:00,2005-10-16 20:15:00,489.8814,2005-10-16 13:15:00,8.7500
01048000,44.708056,-69.937500,2006-10-29 06:15:00,2006-10-30 01:00:00,583.3270,2006-10-29 16:15:00,10.0000
01048000,44.708056,-69.937500,2007-04-17 04:45:00,2007-04-18 15:45:00,413.4260,2007-04-17 06:30:00,1.7500
01048000,44.708056,-69.937500,2008-04-29 21:45:00,2008-04-30 20:45:00,555.0102,2008-04-30 11:00:00,13.2500
01048000,44.708056,-69.937500,2008-11-26 09:00:00,2008-11-27 06:15:00,526.6933,2008-11-26 21:00:00,12.0000
01048000,44.708056,-69.937500,2009-04-07 12:15:00,2009-04-08 00:30:00,458.7329,2009-04-07 17:15:00,5.0000
01048000,44.708056,-69.937500,2009-06-30 00:00:00,2009-06-30 06:00:00,413.4260,2009-06-30 02:15:00,2.2500
01048000,44.708056,-69.937500,2010-03-24 03:30:00,2010-03-24 21:15:00,461.5646,2010-03-24 10:15:00,6.7500
01048000,44.708056,-69.937500,2010-03-31 16:30:00,2010-04-01 10:00:00,492.7131,2010-04-01 00:15:00,7.7500
01048000,44.708056,-69.937500,2010-12-13 15:00:00,2010-12-14 16:45:00,597.4855,2010-12-14 01:00:00,10.0000
01048000,44.708056,-69.937500,2011-04-17 19:30:00,2011-04-18 09:00:00,438.9111,2011-04-18 02:00:00,6.5000
01048000,44.708056,-69.937500,2011-08-29 06:30:00,2011-08-29 21:15:00,518.1983,2011-08-29 14:00:00,7.5000
01048000,44.708056,-69.937500,2012-06-03 19:45:00,2012-06-05 01:45:00,521.0300,2012-06-04 07:15:00,11.5000
01048000,44.708056,-69.937500,2012-10-31 00:30:00,2012-10-31 05:15:00,402.0992,2012-10-31 01:30:00,1.0000
01048000,44.708056,-69.937500,2014-04-16 02:00:00,2014-04-17 03:00:00,588.9904,2014-04-16 15:45:00,13.7500
01048000,44.708056,-69.937500,2014-05-18 03:15:00,2014-05-18 08:00:00,416.2576,2014-05-18 05:15:00,2.0000
01048000,44.708056,-69.937500,2016-01-11 12:15:00,2016-01-11 18:00:00,413.4260,2016-01-11 15:45:00,3.5000
01076500,43.759167,-71.686111,1991-10-07 04:00:00,1991-10-07 13:30:00,464.3963,1991-10-07 05:45:00,1.7500
01076500,43.759167,-71.686111,1993-04-11 08:45:00,1993-04-12 05:15:00,447.4062,1993-04-11 16:15:00,7.5000
01076500,43.759167,-71.686111,1995-10-22 05:00:00,1995-10-23 03:45:00,866.4955,1995-10-22 15:15:00,10.2500
01076500,43.759167,-71.686111,1995-11-12 15:30:00,1995-11-13 04:45:00,705.0895,1995-11-12 23:30:00,8.0000
01076500,43.759167,-71.686111,1996-01-28 05:00:00,1996-01-28 23:00:00,535.1884,1996-01-28 10:15:00,5.2500
01076500,43.759167,-71.686111,1996-04-17 06:00:00,1996-04-17 18:00:00,419.0893,1996-04-17 10:45:00,4.7500
01076500,43.759167,-71.686111,1996-04-24 04:30:00,1996-04-25 03:45:00,634.2974,1996-04-24 14:15:00,9.7500
01076500,43.759167,-71.686111,1996-04-27 12:30:00,1996-04-27 17:45:00,368.1190,1996-04-27 14:15:00,1.7500
01076500,43.759167,-71.686111,1996-05-01 11:15:00,1996-05-02 03:45:00,529.5250,1996-05-01 17:30:00,6.2500
01076500,43.759167,-71.686111,1996-05-12 09:30:00,1996-05-13 03:30:00,387.9408,1996-05-12 14:45:00,5.2500
01076500,43.759167,-71.686111,1996-12-02 13:15:00,1996-12-03 04:45:00,645.6241,1996-12-02 22:30:00,9.2500
01076500,43.759167,-71.686111,1997-04-19 08:15:00,1997-04-20 03:45:00,521.0300,1997-04-19 18:15:00,10.0000
01076500,43.759167,-71.686111,1998-03-30 02:00:00,1998-04-01 23:15:00,509.7032,1998-04-01 07:00:00,53.0000
01076500,43.759167,-71.686111,1998-06-14 04:00:00,1998-06-15 03:45:00,628.6340,1998-06-15 03:00:00,23.0000
01076500,43.759167,-71.686111,1998-06-16 18:15:00,1998-06-17 03:45:00,526.6933,1998-06-17 01:15:00,7.0000
01076500,43.759167,-71.686111,1999-09-17 07:15:00,1999-09-18 03:45:00,710.7528,1999-09-17 17:15:00,10.0000
01076500,43.759167,-71.686111,2000-03-28 22:00:00,2000-03-29 19:00:00,535.1884,2000-03-29 07:30:00,9.5000
01076500,43.759167,-71.686111,2000-04-04 17:00:00,2000-04-05 18:00:00,498.3765,2000-04-05 00:45:00,7.7500
01076500,43.759167,-71.686111,2000-12-18 05:00:00,2000-12-19 04:15:00,767.3865,2000-12-18 12:15:00,7.2500
01076500,43.759167,-71.686111,2001-04-23 04:00:00,2001-04-25 16:30:00,450.2379,2001-04-25 07:00:00,51.0000
01076500,43.759167,-71.686111,2002-04-14 07:45:00,2002-04-16 04:45:00,702.2578,2002-04-14 18:00:00,10.2500
01076500,43.759167,-71.686111,2003-03-30 08:45:00,2003-03-30 20:15:00,404.9309,2003-03-30 12:45:00,4.0000
01076500,43.759167,-71.686111,2003-08-10 13:00:00,2003-08-11 06:45:00,572.0003,2003-08-10 19:15:00,6.2500
01076500,43.759167,-71.686111,2003-10-15 21:30:00,2003-10-15 23:00:00,365.2873,2003-10-15 22:00:00,0.5000
01076500,43.759167,-71.686111,2003-10-28 04:45:00,2003-10-28 18:30:00,555.0102,2003-10-28 10:15:00,5.5000
01076500,43.759167,-71.686111,2003-10-29 21:15:00,2003-10-30 09:15:00,472.8913,2003-10-30 03:00:00,5.7500
01076500,43.759167,-71.686111,2003-11-20 17:00:00,2003-11-21 02:15:00,467.2280,2003-11-20 20:15:00,3.2500
01076500,43.759167,-71.686111,2003-12-25 11:15:00,2003-12-25 19:45:00,379.4457,2003-12-25 15:00:00,3.7500
01076500,43.759167,-71.686111,2005-04-03 13:15:00,2005-04-04 15:00:00,637.1290,2005-04-03 20:00:00,6.7500
01076500,43.759167,-71.686111,2005-04-24 14:30:00,2005-04-25 14:15:00,705.0895,2005-04-24 23:30:00,9.0000
01076500,43.759167,-71.686111,2005-09-01 09:15:00,2005-09-01 17:00:00,416.2576,2005-09-01 12:00:00,2.7500
01076500,43.759167,-71.686111,2005-10-09 05:00:00,2005-10-10 05:30:00,671.1093,2005-10-09 14:15:00,9.2500
01076500,43.759167,-71.686111,2005-10-15 22:15:00,2005-10-17 17:15:00,583.3270,2005-10-16 06:45:00,8.5000
01076500,43.759167,-71.686111,2005-10-26 03:15:00,2005-10-26 10:15:00,399.2675,2005-10-26 05:15:00,2.0000
01076500,43.759167,-71.686111,2006-01-15 00:30:00,2006-01-15 04:45:00,424.7527,2006-01-15 02:30:00,2.0000
01076500,43.759167,-71.686111,2006-05-14 03:30:00,2006-05-15 07:30:00,628.6340,2006-05-14 15:15:00,11.7500
01076500,43.759167,-71.686111,2006-10-21 07:00:00,2006-10-21 14:15:00,390.7725,2006-10-21 09:45:00,2.7500
01076500,43.759167,-71.686111,2006-10-28 23:00:00,2006-10-29 18:30:00,648.4558,2006-10-29 07:00:00,9.0000
01076500,43.759167,-71.686111,2006-11-17 13:00:00,2006-11-18 01:00:00,509.7032,2006-11-17 18:45:00,5.7500
01076500,43.759167,-71.686111,2007-04-16 20:45:00,2007-04-17 07:15:00,421.9210,2007-04-17 00:45:00,4.0000
01076500,43.759167,-71.686111,2007-10-28 05:15:00,2007-10-28 07:30:00,379.4457,2007-10-28 06:30:00,1.2500
01076500,43.759167,-71.686111,2008-04-13 01:30:00,2008-04-13 10:45:00,387.9408,2008-04-13 05:00:00,3.5000
01076500,43.759167,-71.686111,2008-04-20 04:00:00,2008-04-20 09:30:00,368.1190,2008-04-20 07:30:00,3.5000
01076500,43.759167,-71.686111,2008-04-29 09:45:00,2008-04-30 13:45:00,572.0003,2008-04-30 01:15:00,15.5000
01076500,43.759167,-71.686111,2008-07-25 04:00:00,2008-07-25 07:15:00,385.1091,2008-07-25 05:00:00,1.0000
01076500,43.759167,-71.686111,2008-08-06 21:45:00,2008-08-07 04:15:00,387.9408,2008-08-06 23:45:00,2.0000
01076500,43.759167,-71.686111,2008-10-26 14:00:00,2008-10-26 20:00:00,385.1091,2008-10-26 16:30:00,2.5000
01076500,43.759167,-71.686111,2009-04-04 11:30:00,2009-04-04 17:30:00,365.2873,2009-04-04 14:00:00,2.5000
01076500,43.759167,-71.686111,2010-01-26 08:30:00,2010-01-26 16:15:00,461.5646,2010-01-26 10:30:00,2.0000
01076500,43.759167,-71.686111,2014-04-15 07:45:00,2014-04-17 00:15:00,775.8816,2014-04-16 07:30:00,23.7500
01076500,43.759167,-71.686111,2014-05-17 16:15:00,2014-05-18 00:30:00,495.5448,2014-05-17 19:00:00,2.7500
01076500,43.759167,-71.686111,2014-06-26 10:45:00,2014-06-26 23:30:00,586.1587,2014-06-26 17:00:00,6.2500
01076500,43.759167,-71.686111,2014-10-17 02:00:00,2014-10-17 08:00:00,436.0794,2014-10-17 05:30:00,3.5000
01076500,43.759167,-71.686111,2016-02-25 13:45:00,2016-02-26 15:15:00,566.3369,2016-02-25 18:45:00,5.0000
01092000,42.948056,-71.463889,1993-03-31 14:03:00,1993-04-01 22:30:00,838.1787,1993-04-01 07:11:57,17.1492
01092000,42.948056,-71.463889,1993-04-12 12:30:00,1993-04-15 17:30:00,880.6539,1993-04-13 06:30:00,18.0000
01092000,42.948056,-71.463889,1993-04-18 19:15:00,1993-04-20 13:30:00,832.5153,1993-04-19 12:00:00,16.7500
01092000,42.948056,-71.463889,1994-04-17 13:45:00,1994-04-18 05:15:00,773.0499,1994-04-17 21:30:00,7.7500
01092000,42.948056,-71.463889,1996-01-29 00:15:00,1996-01-30 07:15:00,807.0301,1996-01-29 11:45:00,11.5000
01092000,42.948056,-71.463889,1996-04-17 06:00:00,1996-04-20 04:00:00,1073.2085,1996-04-18 00:30:00,18.5000
01092000,42.948056,-71.463889,1996-04-24 04:30:00,1996-04-27 08:00:00,815.5252,1996-04-25 07:30:00,27.0000
01092000,42.948056,-71.463889,1996-05-12 22:15:00,1996-05-15 13:30:00,937.2876,1996-05-13 18:30:00,20.2500
01092000,42.948056,-71.463889,1996-10-22 05:00:00,1996-10-23 21:30:00,959.9411,1996-10-22 17:45:00,12.7500
01092000,42.948056,-71.463889,1996-12-04 04:45:00,1996-12-04 19:00:00,770.2182,1996-12-04 10:45:00,6.0000
01092000,42.948056,-71.463889,1997-04-19 23:30:00,1997-04-23 11:45:00,940.1193,1997-04-20 20:30:00,21.0000
01092000,42.948056,-71.463889,1998-03-31 07:45:00,1998-04-01 12:00:00,815.5252,1998-03-31 23:15:00,15.5000
01092000,42.948056,-71.463889,1998-04-02 14:45:00,1998-04-04 20:45:00,792.8717,1998-04-03 02:30:00,11.7500
01092000,42.948056,-71.463889,1998-06-15 16:00:00,1998-06-22 04:00:00,1095.8620,1998-06-17 23:15:00,55.2500
01092000,42.948056,-71.463889,1999-09-18 13:30:00,1999-09-20 09:00:00,849.5054,1999-09-19 10:45:00,21.2500
01092000,42.948056,-71.463889,2000-03-30 06:30:00,2000-03-31 02:15:00,790.0400,2000-03-30 15:45:00,9.2500
01092000,42.948056,-71.463889,2001-04-14 10:00:00,2001-04-16 08:15:00,815.5252,2001-04-15 08:15:00,22.2500
01092000,42.948056,-71.463889,2001-04-25 17:00:00,2001-04-26 18:15:00,787.2083,2001-04-26 04:30:00,11.5000
01092000,42.948056,-71.463889,2004-04-02 12:45:00,2004-04-03 07:45:00,849.5054,2004-04-02 21:45:00,9.0000
01092000,42.948056,-71.463889,2005-04-03 21:30:00,2005-04-09 02:00:00,979.7629,2005-04-04 20:30:00,23.0000
01092000,42.948056,-71.463889,2005-10-10 00:30:00,2005-10-13 08:15:00,852.3371,2005-10-10 10:45:00,10.2500
01092000,42.948056,-71.463889,2005-10-15 16:00:00,2005-10-21 14:30:00,1203.4660,2005-10-16 15:00:00,23.0000
01092000,42.948056,-71.463889,2005-10-26 08:30:00,2005-10-29 03:15:00,908.9708,2005-10-27 05:15:00,20.7500
01092000,42.948056,-71.463889,2006-05-14 08:45:00,2006-05-25 15:45:00,2115.2684,2006-05-15 11:15:00,26.5000
01092000,42.948056,-71.463889,2006-06-11 06:00:00,2006-06-13 05:45:00,866.4955,2006-06-12 06:30:00,24.5000
01092000,42.948056,-71.463889,2007-04-16 17:15:00,2007-04-24 01:00:00,1690.5157,2007-04-17 16:00:00,22.7500
01092000,42.948056,-71.463889,2007-04-25 07:45:00,2007-04-26 11:00:00,770.2182,2007-04-25 16:45:00,9.0000
01092000,42.948056,-71.463889,2008-04-12 15:15:00,2008-04-15 22:30:00,872.1589,2008-04-14 11:00:00,43.7500
01092000,42.948056,-71.463889,2008-04-30 08:15:00,2008-05-02 09:00:00,821.1886,2008-04-30 21:15:00,13.0000
01092000,42.948056,-71.463889,2009-04-07 23:00:00,2009-04-09 09:00:00,787.2083,2009-04-08 10:45:00,11.7500
01092000,42.948056,-71.463889,2010-03-15 22:45:00,2010-03-16 07:45:00,770.2182,2010-03-16 01:15:00,2.5000
01092000,42.948056,-71.463889,2010-03-31 05:15:00,2010-04-02 06:00:00,976.9312,2010-03-31 23:15:00,18.0000
01092000,42.948056,-71.463889,2011-04-18 12:45:00,2011-04-19 14:00:00,787.2083,2011-04-19 01:00:00,12.2500
01092000,42.948056,-71.463889,2016-02-27 02:15:00,2016-02-27 14:00:00,767.3865,2016-02-27 06:30:00,4.2500
01168500,42.625833,-72.855556,2000-07-16 18:45:00,2000-07-17 00:15:00,509.7032,2000-07-16 21:15:00,2.5000
01168500,42.625833,-72.855556,2005-10-09 02:15:00,2005-10-09 12:00:00,727.7430,2005-10-09 08:00:00,5.7500
01168500,42.625833,-72.855556,2007-04-16 18:30:00,2007-04-16 19:45:00,421.9210,2007-04-16 19:00:00,0.5000
01188090,41.755833,-72.887222,1990-10-24 09:30:00,1990-10-24 16:00:00,215.7744,1990-10-24 13:00:00,3.5000
01188090,41.755833,-72.887222,1992-06-06 08:30:00,1992-06-06 16:30:00,235.0298,1992-06-06 12:00:00,3.5000
01188090,41.755833,-72.887222,1995-11-12 12:15:00,1995-11-12 17:15:00,209.2615,1995-11-12 14:15:00,2.0000
01188090,41.755833,-72.887222,1996-01-20 01:45:00,1996-01-20 07:30:00,181.7942,1996-01-20 04:15:00,2.5000
01188090,41.755833,-72.887222,1996-01-27 22:30:00,1996-01-28 20:45:00,331.3071,1996-01-28 03:00:00,4.5000
01188090,41.755833,-72.887222,1996-04-16 23:30:00,1996-04-17 07:15:00,164.8040,1996-04-17 04:15:00,4.7500
01188090,41.755833,-72.887222,1996-10-20 12:15:00,1996-10-21 01:30:00,178.1130,1996-10-20 16:45:00,4.5000
01188090,41.755833,-72.887222,1996-12-02 13:30:00,1996-12-02 20:30:00,204.4476,1996-12-02 15:30:00,2.0000
01188090,41.755833,-72.887222,1999-03-22 14:15:00,1999-03-22 23:30:00,203.8813,1999-03-22 17:45:00,3.5000
01188090,41.755833,-72.887222,1999-09-17 01:15:00,1999-09-17 11:15:00,288.8318,1999-09-17 05:00:00,3.7500
01188090,41.755833,-72.887222,2000-06-07 11:15:00,2000-06-07 12:45:00,152.3446,2000-06-07 11:45:00,0.5000
01188090,41.755833,-72.887222,2003-10-29 18:45:00,2003-10-29 23:00:00,182.3605,2003-10-29 20:45:00,2.0000
01188090,41.755833,-72.887222,2005-04-03 07:00:00,2005-04-04 03:00:00,246.6397,2005-04-03 11:15:00,4.2500
01188090,41.755833,-72.887222,2005-10-09 09:00:00,2005-10-09 11:45:00,161.6892,2005-10-09 10:00:00,1.0000
01188090,41.755833,-72.887222,2005-10-15 01:30:00,2005-10-15 22:45:00,458.7329,2005-10-15 07:00:00,5.5000
01188090,41.755833,-72.887222,2006-01-14 18:30:00,2006-01-15 09:30:00,172.1664,2006-01-14 20:30:00,2.0000
01188090,41.755833,-72.887222,2006-01-18 20:45:00,2006-01-19 11:15:00,216.3407,2006-01-19 00:45:00,4.0000
01188090,41.755833,-72.887222,2006-05-12 20:15:00,2006-05-14 01:15:00,286.0002,2006-05-13 05:45:00,9.5000
01188090,41.755833,-72.887222,2007-04-16 04:00:00,2007-04-18 07:30:00,662.6142,2007-04-16 17:15:00,13.2500
01188090,41.755833,-72.887222,2008-09-07 07:15:00,2008-09-07 09:15:00,158.0080,2008-09-07 07:45:00,0.5000
01188090,41.755833,-72.887222,2008-12-12 11:15:00,2008-12-12 22:30:00,210.1110,2008-12-12 16:15:00,5.0000
01188090,41.755833,-72.887222,2010-01-25 23:15:00,2010-01-26 03:30:00,185.4753,2010-01-26 01:00:00,1.7500
01188090,41.755833,-72.887222,2010-03-14 09:00:00,2010-03-14 20:15:00,229.0833,2010-03-14 12:30:00,3.5000
01188090,41.755833,-72.887222,2010-03-30 17:30:00,2010-03-31 20:15:00,236.4457,2010-03-30 22:45:00,5.2500
01188090,41.755833,-72.887222,2011-03-07 04:45:00,2011-03-08 16:45:00,495.5448,2011-03-07 12:00:00,7.2500
01188090,41.755833,-72.887222,2011-03-11 12:45:00,2011-03-12 14:45:00,259.6655,2011-03-11 19:00:00,6.2500
01188090,41.755833,-72.887222,2011-04-17 10:00:00,2011-04-17 12:30:00,156.0258,2011-04-17 11:15:00,1.2500
01188090,41.755833,-72.887222,2011-08-28 10:15:00,2011-08-30 01:45:00,753.2281,2011-08-28 20:15:00,10.0000
01188090,41.755833,-72.887222,2011-09-08 11:15:00,2011-09-09 10:15:00,297.3269,2011-09-08 15:00:00,3.7500
01188090,41.755833,-72.887222,2011-12-08 08:15:00,2011-12-08 14:45:00,186.8912,2011-12-08 11:15:00,3.0000
01188090,41.755833,-72.887222,2013-06-14 05:30:00,2013-06-14 23:45:00,237.0120,2013-06-14 10:15:00,4.7500
01188090,41.755833,-72.887222,2013-08-09 21:45:00,2013-08-09 23:30:00,176.4140,2013-08-09 22:30:00,0.7500
01188090,41.755833,-72.887222,2014-05-01 09:15:00,2014-05-01 15:30:00,173.2991,2014-05-01 11:45:00,2.5000
01188090,41.755833,-72.887222,2016-02-25 10:15:00,2016-02-25 16:00:00,186.8912,2016-02-25 12:00:00,1.7500
01201487,41.466111,-73.403611,2002-05-14 06:30:00,2002-05-14 14:00:00,16.3388,2002-05-14 10:00:00,3.5000
01201487,41.466111,-73.403611,2002-05-18 20:00:00,2002-05-18 23:00:00,15.9424,2002-05-18 21:00:00,1.0000
01201487,41.466111,-73.403611,2002-06-07 08:30:00,2002-06-08 02:45:00,20.9261,2002-06-07 16:45:00,8.2500
01201487,41.466111,-73.403611,2002-11-17 15:45:00,2002-11-18 17:45:00,17.6697,2002-11-18 10:45:00,19.0000
01201487,41.466111,-73.403611,2003-01-02 05:30:00,2003-01-03 08:15:00,25.5701,2003-01-02 17:15:00,11.7500
01201487,41.466111,-73.403611,2003-02-23 21:45:00,2003-02-24 06:45:00,17.8113,2003-02-24 01:15:00,3.5000
01201487,41.466111,-73.403611,2003-03-21 09:30:00,2003-03-23 03:15:00,21.6341,2003-03-21 20:45:00,11.2500
01201487,41.466111,-73.403611,2003-05-26 22:15:00,2003-05-27 08:15:00,16.9052,2003-05-27 02:00:00,3.7500
01201487,41.466111,-73.403611,2003-06-01 16:15:00,2003-06-02 05:30:00,17.9529,2003-06-01 23:30:00,7.2500
01201487,41.466111,-73.403611,2003-06-05 10:15:00,2003-06-05 17:30:00,16.2256,2003-06-05 13:00:00,2.7500
01201487,41.466111,-73.403611,2003-06-13 19:00:00,2003-06-14 04:45:00,17.1600,2003-06-14 00:00:00,5.0000
01201487,41.466111,-73.403611,2003-08-10 09:15:00,2003-08-11 01:15:00,24.2392,2003-08-10 15:45:00,6.5000
01201487,41.466111,-73.403611,2003-09-23 21:00:00,2003-09-24 08:00:00,18.3776,2003-09-24 02:00:00,5.0000
01201487,41.466111,-73.403611,2003-09-28 17:00:00,2003-09-29 09:15:00,19.9917,2003-09-28 23:30:00,6.5000
01201487,41.466111,-73.403611,2003-10-28 03:15:00,2003-10-30 15:30:00,22.9366,2003-10-30 02:15:00,47.0000
01201487,41.466111,-73.403611,2003-11-20 08:15:00,2003-11-21 09:00:00,24.4658,2003-11-20 20:15:00,12.0000
01201487,41.466111,-73.403611,2003-12-11 16:45:00,2003-12-13 09:00:00,35.9624,2003-12-12 06:45:00,14.0000
01201487,41.466111,-73.403611,2003-12-17 21:30:00,2003-12-19 11:15:00,30.8654,2003-12-18 11:00:00,13.5000
01201487,41.466111,-73.403611,2003-12-24 21:30:00,2003-12-26 06:45:00,27.0992,2003-12-25 11:00:00,13.5000
01201487,41.466111,-73.403611,2004-04-13 23:45:00,2004-04-15 10:30:00,31.7149,2004-04-14 13:15:00,13.5000
01201487,41.466111,-73.403611,2004-07-24 10:15:00,2004-07-24 20:15:00,20.3315,2004-07-24 15:00:00,4.7500
01201487,41.466111,-73.403611,2004-08-21 23:15:00,2004-08-22 14:30:00,20.8978,2004-08-22 06:15:00,7.0000
01201487,41.466111,-73.403611,2004-09-18 13:45:00,2004-09-19 20:30:00,40.2099,2004-09-19 00:45:00,11.0000
01201487,41.466111,-73.403611,2004-09-29 07:15:00,2004-09-30 06:30:00,26.1931,2004-09-29 17:45:00,10.5000
01201487,41.466111,-73.403611,2004-11-29 00:15:00,2004-11-29 12:00:00,17.6697,2004-11-29 05:45:00,5.5000
01201487,41.466111,-73.403611,2004-12-01 22:45:00,2004-12-02 07:00:00,16.4804,2004-12-02 02:15:00,3.5000
01201487,41.466111,-73.403611,2004-12-24 02:30:00,2004-12-24 21:15:00,21.4075,2004-12-24 10:45:00,8.2500
01201487,41.466111,-73.403611,2005-01-14 13:30:00,2005-01-16 00:15:00,31.1485,2005-01-15 04:15:00,14.7500
01201487,41.466111,-73.403611,2005-02-15 09:15:00,2005-02-16 02:45:00,21.1810,2005-02-15 17:15:00,8.0000
01201487,41.466111,-73.403611,2005-03-28 23:45:00,2005-03-30 16:00:00,38.5109,2005-03-29 13:45:00,14.0000
01201487,41.466111,-73.403611,2005-04-02 19:30:00,2005-04-05 11:15:00,46.4396,2005-04-03 15:30:00,19.0000
01201487,41.466111,-73.403611,2005-07-19 02:15:00,2005-07-19 19:15:00,23.2198,2005-07-19 11:30:00,9.2500
01201487,41.466111,-73.403611,2005-10-09 00:00:00,2005-10-10 07:15:00,37.0951,2005-10-09 12:00:00,12.0000
01201487,41.466111,-73.403611,2005-10-12 18:00:00,2005-10-17 02:30:00,53.8020,2005-10-15 13:30:00,67.5000
01201487,41.466111,-73.403611,2005-10-25 12:15:00,2005-10-26 12:45:00,21.6341,2005-10-25 23:00:00,10.7500
01201487,41.466111,-73.403611,2005-11-23 01:00:00,2005-11-23 10:15:00,17.1034,2005-11-23 05:30:00,4.5000
01201487,41.466111,-73.403611,2005-11-30 12:30:00,2005-12-01 05:00:00,19.5953,2005-11-30 19:15:00,6.7500
01201487,41.466111,-73.403611,2005-12-16 21:00:00,2005-12-17 12:15:00,18.8024,2005-12-17 03:45:00,6.7500
01201487,41.466111,-73.403611,2005-12-26 11:30:00,2005-12-27 03:00:00,17.3865,2005-12-26 20:00:00,8.5000
01201487,41.466111,-73.403611,2006-01-14 13:15:00,2006-01-16 18:00:00,34.5466,2006-01-15 05:15:00,16.0000
01201487,41.466111,-73.403611,2006-01-18 16:00:00,2006-01-20 15:15:00,35.9624,2006-01-19 04:15:00,12.2500
01201487,41.466111,-73.403611,2006-04-23 15:45:00,2006-04-25 06:15:00,43.8911,2006-04-24 05:30:00,13.7500
01201487,41.466111,-73.403611,2006-05-12 14:45:00,2006-05-14 02:15:00,31.1485,2006-05-13 05:30:00,14.7500
01201487,41.466111,-73.403611,2006-05-16 20:30:00,2006-05-17 14:30:00,21.4642,2006-05-17 02:45:00,6.2500
01201487,41.466111,-73.403611,2006-06-03 12:45:00,2006-06-04 05:00:00,18.8024,2006-06-03 20:45:00,8.0000
01201487,41.466111,-73.403611,2006-06-07 23:15:00,2006-06-08 18:00:00,21.3509,2006-06-08 07:15:00,8.0000
01201487,41.466111,-73.403611,2006-06-28 16:30:00,2006-06-29 10:30:00,21.6341,2006-06-29 00:30:00,8.0000
01201487,41.466111,-73.403611,2006-10-28 16:00:00,2006-10-29 18:45:00,30.0159,2006-10-29 05:30:00,14.5000
01201487,41.466111,-73.403611,2006-11-08 23:30:00,2006-11-10 07:00:00,32.5644,2006-11-09 11:30:00,12.0000
01201487,41.466111,-73.403611,2006-11-17 07:45:00,2006-11-18 02:00:00,20.1333,2006-11-17 14:30:00,6.7500
01201487,41.466111,-73.403611,2006-11-23 23:00:00,2006-11-25 05:00:00,26.4479,2006-11-24 14:15:00,15.2500
01201487,41.466111,-73.403611,2007-03-02 14:15:00,2007-03-03 17:00:00,39.6436,2007-03-03 01:00:00,10.7500
01201487,41.466111,-73.403611,2007-04-12 22:30:00,2007-04-13 09:45:00,17.6980,2007-04-13 05:45:00,7.2500
01201487,41.466111,-73.403611,2007-04-15 19:15:00,2007-04-19 22:45:00,101.3743,2007-04-16 17:15:00,22.0000
01201487,41.466111,-73.403611,2007-04-27 18:45:00,2007-04-28 03:00:00,16.6503,2007-04-27 23:00:00,4.2500
01201487,41.466111,-73.403611,2008-09-07 00:45:00,2008-09-08 10:45:00,56.9169,2008-09-07 12:00:00,11.2500
01201487,41.466111,-73.403611,2008-12-12 05:30:00,2008-12-14 02:45:00,50.4040,2008-12-12 20:15:00,14.7500
01201487,41.466111,-73.403611,2008-12-25 11:00:00,2008-12-26 01:00:00,17.2166,2008-12-25 16:30:00,5.5000
01201487,41.466111,-73.403611,2009-05-07 15:00:00,2009-05-07 20:00:00,16.0840,2009-05-07 17:30:00,2.5000
01201487,41.466111,-73.403611,2009-10-25 05:00:00,2009-10-25 19:30:00,20.2465,2009-10-25 11:30:00,6.5000
01201487,41.466111,-73.403611,2009-10-29 00:00:00,2009-10-29 13:30:00,18.7174,2009-10-29 06:00:00,6.0000
01201487,41.466111,-73.403611,2009-12-27 07:45:00,2009-12-28 20:30:00,37.0951,2009-12-27 20:45:00,13.0000
01201487,41.466111,-73.403611,2010-01-25 18:30:00,2010-01-27 09:30:00,49.5545,2010-01-26 06:30:00,12.0000
01201487,41.466111,-73.403611,2010-02-24 23:15:00,2010-02-28 08:00:00,62.0139,2010-02-26 13:30:00,38.2500
01201487,41.466111,-73.403611,2010-03-14 00:15:00,2010-03-17 03:00:00,58.8990,2010-03-14 16:30:00,15.2500
01201487,41.466111,-73.403611,2010-03-23 05:45:00,2010-03-25 10:30:00,56.3505,2010-03-23 17:45:00,12.0000
01201487,41.466111,-73.403611,2010-03-29 10:45:00,2010-04-02 18:00:00,65.1287,2010-03-31 03:00:00,40.2500
01201487,41.466111,-73.403611,2010-09-30 16:45:00,2010-10-02 16:45:00,32.5644,2010-10-02 01:00:00,32.2500
01201487,41.466111,-73.403611,2010-12-01 22:00:00,2010-12-03 00:00:00,29.4495,2010-12-02 08:45:00,10.7500
01201487,41.466111,-73.403611,2010-12-12 20:45:00,2010-12-13 22:45:00,24.8339,2010-12-13 08:45:00,12.0000
01201487,41.466111,-73.403611,2011-02-25 20:45:00,2011-02-26 10:15:00,18.6608,2011-02-26 02:15:00,5.5000
01201487,41.466111,-73.403611,2011-03-01 04:00:00,2011-03-01 10:15:00,16.0273,2011-03-01 06:30:00,2.5000
01201487,41.466111,-73.403611,2011-03-06 19:15:00,2011-03-14 04:15:00,105.3387,2011-03-07 16:30:00,21.2500
01201487,41.466111,-73.403611,2011-04-13 15:45:00,2011-04-14 00:15:00,16.7069,2011-04-13 19:15:00,3.5000
01201487,41.466111,-73.403611,2011-04-17 04:30:00,2011-04-19 08:45:00,53.2357,2011-04-17 16:30:00,12.0000
01201487,41.466111,-73.403611,2011-05-17 22:45:00,2011-05-20 06:30:00,24.6923,2011-05-19 12:30:00,37.7500
01201487,41.466111,-73.403611,2011-06-23 20:30:00,2011-06-24 18:45:00,26.7311,2011-06-24 06:00:00,9.5000
01201487,41.466111,-73.403611,2011-08-28 06:45:00,2011-08-31 04:45:00,94.2951,2011-08-28 23:15:00,16.5000
01201487,41.466111,-73.403611,2011-09-07 02:45:00,2011-09-11 06:15:00,70.7921,2011-09-08 23:30:00,44.7500
01201487,41.466111,-73.403611,2011-09-23 23:00:00,2011-09-24 18:15:00,21.2376,2011-09-24 05:00:00,6.0000
01201487,41.466111,-73.403611,2011-10-01 01:30:00,2011-10-01 19:30:00,20.6713,2011-10-01 07:15:00,5.7500
01201487,41.466111,-73.403611,2011-11-23 12:45:00,2011-11-24 12:45:00,21.0961,2011-11-23 23:15:00,10.5000
01201487,41.466111,-73.403611,2011-12-08 02:45:00,2011-12-10 05:30:00,45.0238,2011-12-08 17:15:00,14.5000
01201487,41.466111,-73.403611,2011-12-28 06:15:00,2011-12-29 03:30:00,21.4359,2011-12-28 16:00:00,9.7500
01201487,41.466111,-73.403611,2012-04-23 08:15:00,2012-04-24 03:30:00,21.7190,2012-04-23 18:15:00,10.0000
01201487,41.466111,-73.403611,2012-10-20 01:45:00,2012-10-20 07:00:00,15.9707,2012-10-20 02:30:00,0.7500
01201487,41.466111,-73.403611,2012-12-21 17:15:00,2012-12-22 19:15:00,26.8444,2012-12-22 04:30:00,11.2500
01201487,41.466111,-73.403611,2013-01-31 16:15:00,2013-02-01 04:30:00,17.5281,2013-01-31 22:45:00,6.5000
01201487,41.466111,-73.403611,2013-02-27 16:00:00,2013-03-01 00:15:00,27.5806,2013-02-28 06:00:00,14.0000
01201487,41.466111,-73.403611,2013-03-13 00:15:00,2013-03-13 22:45:00,22.8234,2013-03-13 10:45:00,10.5000
01201487,41.466111,-73.403611,2013-05-24 00:15:00,2013-05-25 07:00:00,30.8654,2013-05-24 13:15:00,13.0000
01201487,41.466111,-73.403611,2013-06-08 01:00:00,2013-06-09 18:15:00,38.5109,2013-06-08 17:30:00,16.5000
01201487,41.466111,-73.403611,2013-06-11 05:00:00,2013-06-12 05:45:00,20.3032,2013-06-11 14:00:00,9.0000
01201487,41.466111,-73.403611,2013-06-14 00:00:00,2013-06-16 04:45:00,40.7763,2013-06-14 18:30:00,18.5000
01201487,41.466111,-73.403611,2013-11-27 13:45:00,2013-11-28 12:45:00,27.3541,2013-11-28 00:15:00,10.5000
01201487,41.466111,-73.403611,2014-03-30 07:00:00,2014-03-31 19:15:00,28.0337,2014-03-30 20:00:00,13.0000
01201487,41.466111,-73.403611,2014-04-16 07:00:00,2014-04-16 13:15:00,16.3671,2014-04-16 09:15:00,2.2500
01201487,41.466111,-73.403611,2014-05-01 02:15:00,2014-05-03 05:00:00,47.5723,2014-05-01 16:45:00,14.5000
01201487,41.466111,-73.403611,2014-05-17 08:00:00,2014-05-17 21:45:00,19.1988,2014-05-17 12:45:00,4.7500
01201487,41.466111,-73.403611,2014-07-04 06:45:00,2014-07-04 15:15:00,17.1600,2014-07-04 10:45:00,4.0000
01201487,41.466111,-73.403611,2014-12-09 20:00:00,2014-12-11 10:30:00,42.4753,2014-12-10 09:15:00,13.2500
01201487,41.466111,-73.403611,2015-01-18 22:00:00,2015-01-20 01:00:00,39.6436,2015-01-19 07:30:00,9.5000
01201487,41.466111,-73.403611,2015-06-01 23:30:00,2015-06-03 01:45:00,30.8654,2015-06-02 08:45:00,9.2500
01201487,41.466111,-73.403611,2015-07-07 23:30:00,2015-07-08 20:30:00,33.9802,2015-07-08 07:15:00,7.7500
01201487,41.466111,-73.403611,2015-10-29 07:00:00,2015-10-29 20:15:00,19.3970,2015-10-29 13:30:00,6.5000
01201487,41.466111,-73.403611,2016-01-10 20:00:00,2016-01-11 12:00:00,19.9634,2016-01-11 03:45:00,7.7500
01201487,41.466111,-73.403611,2016-02-16 21:15:00,2016-02-17 22:45:00,28.8832,2016-02-17 07:45:00,10.5000
01201487,41.466111,-73.403611,2016-02-25 00:00:00,2016-02-26 12:15:00,32.8475,2016-02-25 15:00:00,15.0000
01010070,46.893889,-69.751667,1996-04-24 04:00:00,1996-04-25 08:00:00,136.7704,1996-04-24 13:00:00,9.0000
01010070,46.893889,-69.751667,1996-04-27 18:00:00,1996-04-28 03:15:00,116.9486,1996-04-27 23:15:00,5.2500
01010070,46.893889,-69.751667,1997-05-02 23:15:00,1997-05-03 05:15:00,116.3822,1997-05-03 02:00:00,2.7500
01010070,46.893889,-69.751667,1997-05-17 04:15:00,1997-05-18 23:15:00,208.1288,1997-05-17 20:45:00,16.5000
01010070,46.893889,-69.751667,1998-04-17 22:15:00,1998-04-19 09:45:00,134.2219,1998-04-18 12:45:00,14.5000
01010070,46.893889,-69.751667,2002-04-17 11:15:00,2002-04-19 15:00:00,160.2734,2002-04-18 10:00:00,22.7500
01010070,46.893889,-69.751667,2003-08-11 09:00:00,2003-08-11 17:15:00,131.3902,2003-08-11 10:45:00,1.7500
01010070,46.893889,-69.751667,2004-04-20 07:00:00,2004-04-21 11:00:00,144.1327,2004-04-20 23:30:00,16.5000
01010070,46.893889,-69.751667,2008-04-24 04:00:00,2008-04-26 03:30:00,129.1248,2008-04-25 02:45:00,22.7500
01010070,46.893889,-69.751667,2008-04-29 11:00:00,2008-05-01 18:00:00,253.7189,2008-04-30 10:00:00,23.0000
01010070,46.893889,-69.751667,2009-04-23 20:30:00,2009-04-25 08:15:00,173.8654,2009-04-24 11:00:00,14.5000
01010070,46.893889,-69.751667,2011-04-29 19:15:00,2011-05-01 07:45:00,130.8238,2011-04-30 06:30:00,11.2500
01010070,46.893889,-69.751667,2011-05-04 17:15:00,2011-05-06 14:30:00,137.9030,2011-05-05 06:45:00,13.5000
01059000,44.072222,-70.208056,1990-10-25 11:45:00,1990-10-25 17:00:00,968.4362,1990-10-25 12:45:00,1.0000
01059000,44.072222,-70.208056,1991-04-23 00:30:00,1991-04-24 04:30:00,1005.2481,1991-04-23 07:15:00,6.7500
01059000,44.072222,-70.208056,1992-03-28 16:15:00,1992-03-30 00:15:00,1095.8620,1992-03-29 04:30:00,12.2500
01059000,44.072222,-70.208056,1993-04-11 16:00:00,1993-04-15 05:15:00,1500.7929,1993-04-12 20:00:00,28.0000
01059000,44.072222,-70.208056,1993-04-18 00:15:00,1993-04-20 07:30:00,1407.3473,1993-04-18 22:15:00,22.0000
01059000,44.072222,-70.208056,1994-04-16 21:15:00,1994-04-19 00:45:00,1135.5055,1994-04-18 00:15:00,27.0000
01059000,44.072222,-70.208056,1995-10-29 11:15:00,1995-10-29 21:00:00,996.7530,1995-10-29 17:00:00,5.7500
01059000,44.072222,-70.208056,1995-11-13 06:45:00,1995-11-14 10:00:00,1206.2977,1995-11-13 19:45:00,13.0000
01059000,44.072222,-70.208056,1996-01-28 20:15:00,1996-01-29 20:15:00,1050.5550,1996-01-28 22:00:00,1.7500
01059000,44.072222,-70.208056,1996-04-17 15:00:00,1996-04-18 21:45:00,1110.0204,1996-04-18 00:15:00,9.2500
01059000,44.072222,-70.208056,1996-04-24 17:45:00,1996-04-26 02:45:00,1084.5352,1996-04-25 14:00:00,20.2500
01059000,44.072222,-70.208056,1996-10-23 04:30:00,1996-10-23 20:00:00,988.2579,1996-10-23 17:00:00,12.5000
01059000,44.072222,-70.208056,1996-12-03 05:45:00,1996-12-03 18:30:00,982.5946,1996-12-03 10:30:00,4.7500
01059000,44.072222,-70.208056,1997-04-19 13:15:00,1997-04-21 09:45:00,1158.1590,1997-04-20 04:45:00,15.5000
01059000,44.072222,-70.208056,1998-03-30 12:30:00,1998-04-04 23:30:00,1313.9017,1998-04-02 09:30:00,69.0000
01059000,44.072222,-70.208056,1998-06-14 17:00:00,1998-06-19 11:30:00,1591.4068,1998-06-15 20:30:00,27.5000
01059000,44.072222,-70.208056,1999-09-17 20:00:00,1999-09-19 13:45:00,1336.5552,1999-09-18 21:00:00,25.0000
01059000,44.072222,-70.208056,2000-03-29 07:45:00,2000-03-30 20:30:00,1211.9610,2000-03-29 20:15:00,12.5000
01059000,44.072222,-70.208056,2000-04-10 07:45:00,2000-04-11 16:45:00,1183.6442,2000-04-11 01:15:00,17.5000
01059000,44.072222,-70.208056,2000-12-18 21:00:00,2000-12-19 13:15:00,1002.4164,2000-12-19 07:45:00,10.7500
01059000,44.072222,-70.208056,2001-04-23 18:15:00,2001-04-27 16:45:00,1234.6145,2001-04-25 18:45:00,48.5000
01059000,44.072222,-70.208056,2002-04-14 23:00:00,2002-04-17 10:00:00,1189.3076,2002-04-15 20:45:00,21.7500
01059000,44.072222,-70.208056,2003-10-30 10:00:00,2003-10-31 12:15:00,1084.5352,2003-10-30 22:00:00,12.0000
01059000,44.072222,-70.208056,2003-12-18 18:30:00,2003-12-20 23:15:00,1359.2086,2003-12-19 21:45:00,27.2500
01059000,44.072222,-70.208056,2003-12-26 14:15:00,2003-12-26 22:00:00,1047.7233,2003-12-26 15:45:00,1.5000
01059000,44.072222,-70.208056,2005-04-03 22:30:00,2005-04-06 14:45:00,1656.5355,2005-04-04 22:30:00,24.0000
01059000,44.072222,-70.208056,2005-04-25 10:45:00,2005-04-27 05:15:00,1328.0601,2005-04-25 22:30:00,11.7500
01059000,44.072222,-70.208056,2005-04-28 12:15:00,2005-05-01 01:00:00,1316.7334,2005-04-29 14:30:00,26.2500
01059000,44.072222,-70.208056,2005-05-25 02:15:00,2005-05-25 11:30:00,965.6045,2005-05-25 05:30:00,3.2500
01059000,44.072222,-70.208056,2005-05-27 14:45:00,2005-05-28 12:15:00,1044.8916,2005-05-27 16:45:00,2.0000
01059000,44.072222,-70.208056,2005-10-16 16:30:00,2005-10-18 10:15:00,1022.2382,2005-10-17 14:45:00,22.2500
01059000,44.072222,-70.208056,2005-10-26 22:30:00,2005-10-27 07:45:00,982.5946,2005-10-27 05:00:00,6.5000
01059000,44.072222,-70.208056,2006-01-19 18:00:00,2006-01-20 06:15:00,1036.3966,2006-01-20 01:30:00,7.5000
01059000,44.072222,-70.208056,2006-06-11 10:15:00,2006-06-12 11:00:00,1076.0402,2006-06-11 14:30:00,4.2500
01059000,44.072222,-70.208056,2006-10-29 13:30:00,2006-10-30 22:45:00,1277.0898,2006-10-30 05:45:00,16.2500
01059000,44.072222,-70.208056,2006-11-18 11:45:00,2006-11-18 19:45:00,1016.5748,2006-11-18 14:45:00,3.0000
01059000,44.072222,-70.208056,2007-04-17 06:00:00,2007-04-20 21:15:00,1211.9610,2007-04-18 07:00:00,25.0000
01059000,44.072222,-70.208056,2007-04-24 04:30:00,2007-04-26 18:45:00,1112.8521,2007-04-25 15:45:00,35.2500
01059000,44.072222,-70.208056,2008-04-19 22:30:00,2008-04-22 03:45:00,1042.0600,2008-04-20 14:00:00,15.5000
01059000,44.072222,-70.208056,2008-04-29 21:15:00,2008-05-02 03:30:00,1296.9116,2008-04-30 18:15:00,21.0000
01059000,44.072222,-70.208056,2008-08-08 13:30:00,2008-08-09 16:30:00,1027.9015,2008-08-08 15:30:00,2.0000
01059000,44.072222,-70.208056,2008-11-26 18:45:00,2008-11-28 06:15:00,1243.1096,2008-11-27 07:30:00,12.7500
01059000,44.072222,-70.208056,2009-04-04 23:45:00,2009-04-05 19:30:00,996.7530,2009-04-05 00:15:00,0.5000
01059000,44.072222,-70.208056,2009-04-07 18:30:00,2009-04-09 02:30:00,1087.3669,2009-04-08 04:00:00,9.5000
01059000,44.072222,-70.208056,2009-06-30 03:15:00,2009-06-30 16:30:00,1010.9114,2009-06-30 06:30:00,3.2500
01059000,44.072222,-70.208056,2010-03-24 11:30:00,2010-03-26 04:30:00,1197.8026,2010-03-25 06:45:00,19.2500
01059000,44.072222,-70.208056,2010-03-31 13:00:00,2010-04-02 13:30:00,1177.9808,2010-04-01 11:45:00,22.7500
01059000,44.072222,-70.208056,2010-12-13 21:15:00,2010-12-15 23:45:00,1424.3374,2010-12-14 22:45:00,25.5000
01059000,44.072222,-70.208056,2011-04-13 02:30:00,2011-04-15 00:00:00,1073.2085,2011-04-14 21:00:00,42.5000
01059000,44.072222,-70.208056,2011-04-18 02:15:00,2011-04-19 07:45:00,1076.0402,2011-04-18 13:45:00,11.5000
01059000,44.072222,-70.208056,2011-04-29 14:15:00,2011-04-29 19:30:00,996.7530,2011-04-29 16:00:00,1.7500
01059000,44.072222,-70.208056,2011-08-29 11:15:00,2011-08-30 23:45:00,1274.2581,2011-08-30 06:15:00,19.0000
01059000,44.072222,-70.208056,2012-04-24 19:30:00,2012-04-25 00:15:00,988.2579,2012-04-24 20:00:00,0.5000
01059000,44.072222,-70.208056,2012-06-03 17:45:00,2012-06-06 20:00:00,1701.8425,2012-06-04 12:15:00,18.5000
01059000,44.072222,-70.208056,2012-10-31 07:45:00,2012-11-01 08:15:00,1044.8916,2012-10-31 16:45:00,9.0000
01059000,44.072222,-70.208056,2014-04-15 21:15:00,2014-04-18 19:45:00,1565.9216,2014-04-17 02:45:00,29.5000
01059000,44.072222,-70.208056,2014-05-18 06:45:00,2014-05-18 08:15:00,982.5946,2014-05-18 07:15:00,0.5000
01059000,44.072222,-70.208056,2015-04-22 01:45:00,2015-04-23 03:30:00,1104.3570,2015-04-22 09:30:00,7.7500
01129500,44.749722,-71.631667,1992-04-22 18:00:00,1992-04-23 23:30:00,532.3567,1992-04-23 07:30:00,13.5000
01129500,44.749722,-71.631667,1994-04-16 20:00:00,1994-04-17 20:30:00,523.8617,1994-04-17 08:30:00,12.5000
01129500,44.749722,-71.631667,1996-04-24 04:30:00,1996-04-25 04:30:00,577.6637,1996-04-24 16:30:00,12.0000
01129500,44.749722,-71.631667,1996-04-27 12:00:00,1996-04-28 09:00:00,543.6835,1996-04-27 20:30:00,8.5000
01129500,44.749722,-71.631667,1998-03-31 03:00:00,1998-04-02 11:15:00,914.6341,1998-03-31 22:15:00,19.2500
01129500,44.749722,-71.631667,2000-05-11 03:45:00,2000-05-12 05:45:00,543.6835,2000-05-11 07:00:00,3.2500
01129500,44.749722,-71.631667,2001-04-24 15:15:00,2001-04-25 20:00:00,566.3369,2001-04-25 06:15:00,15.0000
01129500,44.749722,-71.631667,2002-04-14 10:00:00,2002-04-15 23:00:00,597.4855,2002-04-14 23:15:00,13.2500
01129500,44.749722,-71.631667,2005-10-16 22:45:00,2005-10-18 06:30:00,676.7726,2005-10-17 12:30:00,13.7500
01129500,44.749722,-71.631667,2010-10-01 16:45:00,2010-10-02 16:30:00,526.6933,2010-10-02 07:15:00,14.5000
01129500,44.749722,-71.631667,2011-04-12 21:45:00,2011-04-13 03:45:00,470.0597,2011-04-12 22:45:00,1.0000
01129500,44.749722,-71.631667,2011-04-27 09:15:00,2011-04-29 19:45:00,835.3470,2011-04-28 00:45:00,15.5000
01129500,44.749722,-71.631667,2014-04-15 16:30:00,2014-04-17 03:45:00,767.3865,2014-04-16 05:15:00,12.7500
01177000,42.160556,-72.514444,2005-10-15 13:15:00,2005-10-16 15:30:00,339.8022,2005-10-15 18:30:00,5.2500
01177000,42.160556,-72.514444,2011-03-07 15:45:00,2011-03-08 14:45:00,281.4695,2011-03-08 02:45:00,11.0000
01208500,41.442222,-73.063056,1999-09-17 02:15:00,1999-09-17 04:00:00,365.2873,1999-09-17 02:45:00,0.5000
01208500,41.442222,-73.063056,2006-04-23 20:30:00,2006-04-23 22:45:00,385.1091,2006-04-23 21:45:00,1.2500
01208500,41.442222,-73.063056,2011-03-07 06:45:00,2011-03-07 13:00:00,416.2576,2011-03-07 09:45:00,3.0000
01208500,41.442222,-73.063056,2011-08-15 05:45:00,2011-08-15 06:30:00,348.2972,2011-08-15 06:00:00,0.2500
01208500,41.442222,-73.063056,2011-08-28 12:00:00,2011-08-28 18:45:00,572.0003,2011-08-28 14:45:00,2.7500
01208500,41.442222,-73.063056,2011-09-08 14:00:00,2011-09-08 15:15:00,348.2972,2011-09-08 15:15:00,1.2500
01011000,47.069722,-69.079444,2005-04-26 06:15:00,2005-04-26 14:45:00,773.0499,2005-04-26 08:30:00,2.2500
01011000,47.069722,-69.079444,2008-04-30 02:00:00,2008-05-02 01:30:00,1158.1590,2008-04-30 14:15:00,12.2500
01034000,45.260556,-68.868611,1993-04-13 01:30:00,1993-04-13 23:00:00,1056.2184,1993-04-13 11:45:00,10.2500
01034000,45.260556,-68.868611,2005-04-29 14:00:00,2005-04-30 01:00:00,1013.7431,2005-04-29 20:30:00,6.5000
01034000,45.260556,-68.868611,2008-04-30 12:00:00,2008-05-01 15:00:00,1223.2878,2008-04-30 23:45:00,11.7500
01034000,45.260556,-68.868611,2014-04-16 22:30:00,2014-04-17 11:30:00,1050.5550,2014-04-17 04:30:00,6.0000
01135500,44.365556,-72.039722,1992-04-23 09:00:00,1992-04-23 13:15:00,212.9427,1992-04-23 10:30:00,1.5000
01135500,44.365556,-72.039722,1993-03-31 18:45:00,1993-04-01 13:30:00,270.1427,1993-04-01 00:15:00,5.5000
01135500,44.365556,-72.039722,1994-04-16 19:45:00,1994-04-17 21:00:00,308.6536,1994-04-17 06:00:00,10.2500
01135500,44.365556,-72.039722,1996-04-24 10:15:00,1996-04-24 20:00:00,222.5704,1996-04-24 13:15:00,3.0000
01135500,44.365556,-72.039722,1996-04-27 10:30:00,1996-04-28 00:15:00,248.9051,1996-04-27 16:45:00,6.2500
01135500,44.365556,-72.039722,1997-07-15 14:30:00,1997-07-16 01:30:00,243.8080,1997-07-15 20:45:00,6.2500
01135500,44.365556,-72.039722,1998-01-09 05:00:00,1998-01-09 13:00:00,235.5962,1998-01-09 06:15:00,1.2500
01135500,44.365556,-72.039722,1998-03-31 11:45:00,1998-04-02 18:15:00,269.0100,1998-04-01 07:00:00,19.2500
01135500,44.365556,-72.039722,1998-08-12 08:45:00,1998-08-12 12:15:00,237.8615,1998-08-12 10:15:00,1.5000
01135500,44.365556,-72.039722,2000-05-11 06:45:00,2000-05-11 22:45:00,271.8417,2000-05-11 14:45:00,8.0000
01135500,44.365556,-72.039722,2000-12-18 05:00:00,2000-12-18 20:00:00,322.8121,2000-12-18 08:30:00,3.5000
01135500,44.365556,-72.039722,2001-04-23 02:30:00,2001-04-25 19:00:00,259.9487,2001-04-25 08:45:00,54.2500
01135500,44.365556,-72.039722,2002-04-14 13:45:00,2002-04-16 02:45:00,233.3308,2002-04-14 21:15:00,7.5000
01135500,44.365556,-72.039722,2002-06-12 15:15:00,2002-06-13 17:00:00,399.2675,2002-06-13 01:15:00,10.0000
01135500,44.365556,-72.039722,2008-04-29 20:45:00,2008-04-30 08:15:00,229.3665,2008-04-30 02:00:00,5.2500
01135500,44.365556,-72.039722,2008-07-25 09:00:00,2008-07-25 13:15:00,216.3407,2008-07-25 10:30:00,1.5000
01135500,44.365556,-72.039722,2010-10-01 15:00:00,2010-10-02 13:15:00,308.6536,2010-10-02 01:45:00,10.7500
01135500,44.365556,-72.039722,2011-04-12 01:45:00,2011-04-13 13:30:00,252.8694,2011-04-12 13:45:00,12.0000
01135500,44.365556,-72.039722,2011-04-27 15:00:00,2011-04-29 14:45:00,275.5229,2011-04-27 23:15:00,8.2500
01135500,44.365556,-72.039722,2011-05-27 05:15:00,2011-05-28 23:30:00,390.7725,2011-05-27 10:00:00,4.7500
01135500,44.365556,-72.039722,2011-08-28 22:30:00,2011-08-29 22:00:00,342.6338,2011-08-29 09:00:00,10.5000
01135500,44.365556,-72.039722,2014-04-15 07:30:00,2014-04-17 03:45:00,399.2675,2014-04-16 07:00:00,23.5000
01183500,42.106667,-72.699444,1993-03-30 03:00:00,1993-03-30 09:30:00,280.9031,1993-03-30 04:45:00,1.7500
01183500,42.106667,-72.699444,1996-01-28 04:00:00,1996-01-28 09:15:00,308.6536,1996-01-28 06:30:00,2.5000
01183500,42.106667,-72.699444,2000-06-07 11:00:00,2000-06-07 15:45:00,297.3269,2000-06-07 13:45:00,2.7500
01183500,42.106667,-72.699444,2005-04-03 11:30:00,2005-04-03 17:45:00,311.4853,2005-04-03 14:15:00,2.7500
01183500,42.106667,-72.699444,2005-10-09 08:00:00,2005-10-09 18:15:00,523.8617,2005-10-09 12:45:00,4.7500
01183500,42.106667,-72.699444,2005-10-15 10:15:00,2005-10-15 15:45:00,311.4853,2005-10-15 13:30:00,3.2500
01183500,42.106667,-72.699444,2006-01-19 01:00:00,2006-01-19 04:45:00,300.1586,2006-01-19 04:45:00,3.7500
01183500,42.106667,-72.699444,2008-12-12 17:45:00,2008-12-12 22:45:00,291.6635,2008-12-12 19:45:00,2.0000
01183500,42.106667,-72.699444,2011-03-07 10:30:00,2011-03-07 23:45:00,382.2774,2011-03-07 17:00:00,6.5000
01183500,42.106667,-72.699444,2011-03-11 19:45:00,2011-03-11 22:00:00,278.0714,2011-03-11 21:00:00,1.2500
01183500,42.106667,-72.699444,2011-09-07 16:15:00,2011-09-08 22:00:00,300.1586,2011-09-07 18:15:00,2.0000
01183500,42.106667,-72.699444,2011-12-08 13:30:00,2011-12-08 15:15:00,274.6734,2011-12-08 14:30:00,1.0000
01183500,42.106667,-72.699444,2016-02-25 11:30:00,2016-02-25 16:00:00,314.3170,2016-02-25 13:30:00,2.0000
01030500,45.501111,-68.305833,1993-04-12 16:00:00,1993-04-27 03:00:00,739.0697,1993-04-15 20:00:00,76.0000
01030500,45.501111,-68.305833,1994-04-16 04:00:00,1994-04-24 07:00:00,705.0895,1994-04-19 07:00:00,75.0000
01030500,45.501111,-68.305833,1998-03-12 11:15:00,1998-03-15 07:30:00,455.9012,1998-03-13 17:15:00,30.0000
01030500,45.501111,-68.305833,1998-04-01 08:30:00,1998-04-07 17:30:00,549.3468,1998-04-03 18:30:00,58.0000
01030500,45.501111,-68.305833,2000-03-31 18:00:00,2000-04-02 01:15:00,444.5745,2000-04-01 00:15:00,6.2500
01030500,45.501111,-68.305833,2000-04-05 04:15:00,2000-04-14 02:15:00,492.7131,2000-04-07 10:00:00,53.7500
01030500,45.501111,-68.305833,2001-04-24 15:15:00,2001-04-29 16:15:00,506.8716,2001-04-26 17:15:00,50.0000
01030500,45.501111,-68.305833,2003-04-25 11:00:00,2003-04-29 02:00:00,458.7329,2003-04-26 23:15:00,36.2500
01030500,45.501111,-68.305833,2005-04-05 14:45:00,2005-04-13 01:15:00,540.8518,2005-04-08 06:00:00,63.2500
01030500,45.501111,-68.305833,2005-04-29 23:15:00,2005-05-05 08:15:00,529.5250,2005-05-02 04:00:00,52.7500
01030500,45.501111,-68.305833,2005-11-25 02:45:00,2005-11-26 04:00:00,444.5745,2005-11-25 17:15:00,14.5000
01030500,45.501111,-68.305833,2005-12-03 06:30:00,2005-12-07 04:30:00,504.0399,2005-12-04 17:00:00,34.5000
01030500,45.501111,-68.305833,2006-11-18 11:45:00,2006-11-20 09:30:00,453.0695,2006-11-19 03:30:00,15.7500
01030500,45.501111,-68.305833,2007-04-23 10:15:00,2007-04-30 06:45:00,518.1983,2007-04-27 01:15:00,87.0000
01030500,45.501111,-68.305833,2008-04-19 18:15:00,2008-05-06 08:15:00,555.0102,2008-04-25 12:15:00,138.0000
01030500,45.501111,-68.305833,2009-04-06 01:45:00,2009-04-14 12:15:00,580.4954,2009-04-09 17:00:00,87.2500
01030500,45.501111,-68.305833,2010-04-01 04:00:00,2010-04-05 12:00:00,492.7131,2010-04-02 19:45:00,39.7500
01030500,45.501111,-68.305833,2010-12-14 17:15:00,2010-12-20 05:30:00,625.8023,2010-12-16 18:15:00,49.0000
01030500,45.501111,-68.305833,2011-04-16 00:00:00,2011-04-17 03:15:00,441.7428,2011-04-16 11:45:00,11.7500
01030500,45.501111,-68.305833,2012-06-27 15:00:00,2012-07-02 09:15:00,529.5250,2012-06-30 00:15:00,57.2500
01030500,45.501111,-68.305833,2014-04-15 20:15:00,2014-04-30 10:15:00,727.7430,2014-04-18 23:30:00,75.2500
01030500,45.501111,-68.305833,2015-04-18 06:30:00,2015-04-29 16:15:00,549.3468,2015-04-25 15:45:00,177.2500
01030500,45.501111,-68.305833,2015-10-02 15:45:00,2015-10-04 04:30:00,450.2379,2015-10-03 01:45:00,10.0000
01047000,44.869167,-69.955000,1991-08-20 07:00:00,1991-08-20 14:15:00,518.1983,1991-08-20 10:45:00,3.7500
01047000,44.869167,-69.955000,1993-04-17 19:45:00,1993-04-18 10:15:00,566.3369,1993-04-18 00:00:00,4.2500
01047000,44.869167,-69.955000,1994-04-17 01:45:00,1994-04-17 09:30:00,419.0893,1994-04-17 03:30:00,1.7500
01047000,44.869167,-69.955000,1995-10-22 13:00:00,1995-10-22 14:45:00,390.7725,1995-10-22 13:45:00,0.7500
01047000,44.869167,-69.955000,1996-07-14 11:45:00,1996-07-14 16:00:00,399.2675,1996-07-14 13:15:00,1.5000
01047000,44.869167,-69.955000,1998-03-31 14:45:00,1998-04-01 08:00:00,416.2576,1998-04-01 03:30:00,12.7500
01047000,44.869167,-69.955000,1998-06-14 16:30:00,1998-06-15 15:00:00,506.8716,1998-06-15 05:45:00,13.2500
01047000,44.869167,-69.955000,1998-06-27 21:15:00,1998-06-28 02:00:00,419.0893,1998-06-27 23:00:00,1.7500
01047000,44.869167,-69.955000,1999-09-17 10:45:00,1999-09-17 20:15:00,489.8814,1999-09-17 14:00:00,3.2500
01047000,44.869167,-69.955000,2000-03-29 01:30:00,2000-03-29 10:15:00,467.2280,2000-03-29 04:15:00,2.7500
01047000,44.869167,-69.955000,2000-04-09 20:00:00,2000-04-10 06:00:00,543.6835,2000-04-09 23:30:00,3.5000
01047000,44.869167,-69.955000,2003-12-18 11:15:00,2003-12-19 01:15:00,574.8320,2003-12-18 15:15:00,4.0000
01047000,44.869167,-69.955000,2005-04-25 02:15:00,2005-04-25 07:45:00,441.7428,2005-04-25 04:45:00,2.5000
01047000,44.869167,-69.955000,2005-05-26 22:30:00,2005-05-27 15:00:00,574.8320,2005-05-27 05:15:00,6.7500
01047000,44.869167,-69.955000,2006-10-21 09:45:00,2006-10-21 12:15:00,393.6042,2006-10-21 10:30:00,0.7500
01047000,44.869167,-69.955000,2006-10-29 04:30:00,2006-10-29 13:30:00,543.6835,2006-10-29 08:30:00,4.0000
01047000,44.869167,-69.955000,2008-04-30 02:00:00,2008-04-30 10:15:00,444.5745,2008-04-30 06:00:00,4.0000
01047000,44.869167,-69.955000,2008-11-26 13:00:00,2008-11-26 21:00:00,410.5943,2008-11-26 16:00:00,3.0000
01047000,44.869167,-69.955000,2010-03-31 15:15:00,2010-03-31 20:30:00,396.4359,2010-03-31 16:30:00,1.2500
01047000,44.869167,-69.955000,2010-12-13 12:45:00,2010-12-14 02:00:00,535.1884,2010-12-13 17:15:00,4.5000
01047000,44.869167,-69.955000,2011-08-28 23:15:00,2011-08-29 14:45:00,894.8124,2011-08-29 05:00:00,5.7500
01047000,44.869167,-69.955000,2014-04-16 04:30:00,2014-04-16 14:30:00,470.0597,2014-04-16 09:00:00,4.5000
01047000,44.869167,-69.955000,2014-05-17 20:00:00,2014-05-18 00:30:00,436.0794,2014-05-17 21:45:00,1.7500
01054500,44.551944,-70.544167,1993-04-11 13:45:00,1993-04-13 08:45:00,942.9510,1993-04-11 23:00:00,9.2500
01054500,44.551944,-70.544167,1993-04-17 17:15:00,1993-04-19 02:15:00,1127.0105,1993-04-18 07:30:00,14.2500
01054500,44.551944,-70.544167,1995-10-22 14:45:00,1995-10-22 20:00:00,832.5153,1995-10-22 19:00:00,4.2500
01054500,44.551944,-70.544167,1996-04-24 14:15:00,1996-04-25 10:00:00,852.3371,1996-04-24 23:15:00,9.0000
01054500,44.551944,-70.544167,1998-03-31 10:45:00,1998-04-03 05:45:00,982.5946,1998-04-01 17:15:00,30.5000
01054500,44.551944,-70.544167,1998-06-14 17:45:00,1998-06-16 00:00:00,1008.0797,1998-06-15 08:45:00,15.0000
01054500,44.551944,-70.544167,1998-06-17 01:45:00,1998-06-18 01:30:00,948.6144,1998-06-17 09:00:00,7.2500
01054500,44.551944,-70.544167,1999-09-17 12:15:00,1999-09-18 20:30:00,1098.6936,1999-09-18 03:00:00,14.7500
01054500,44.551944,-70.544167,2000-03-29 06:45:00,2000-03-29 17:15:00,843.8420,2000-03-29 09:45:00,3.0000
01054500,44.551944,-70.544167,2000-04-09 21:00:00,2000-04-11 00:30:00,988.2579,2000-04-10 12:30:00,15.5000
01054500,44.551944,-70.544167,2000-12-18 13:30:00,2000-12-18 17:30:00,937.2876,2000-12-18 14:15:00,0.7500
01054500,44.551944,-70.544167,2001-04-25 01:45:00,2001-04-26 06:00:00,889.1490,2001-04-25 14:45:00,13.0000
01054500,44.551944,-70.544167,2002-04-14 17:30:00,2002-04-15 23:30:00,903.3074,2002-04-15 03:45:00,10.2500
01054500,44.551944,-70.544167,2003-12-18 14:15:00,2003-12-19 12:45:00,996.7530,2003-12-19 00:30:00,10.2500
01054500,44.551944,-70.544167,2005-04-03 23:30:00,2005-04-04 21:45:00,948.6144,2005-04-04 13:00:00,13.5000
01054500,44.551944,-70.544167,2005-04-25 00:00:00,2005-04-25 22:45:00,945.7827,2005-04-25 09:30:00,9.5000
01054500,44.551944,-70.544167,2005-04-28 17:15:00,2005-04-29 05:30:00,852.3371,2005-04-28 22:15:00,5.0000
01054500,44.551944,-70.544167,2006-10-29 06:00:00,2006-10-29 22:00:00,903.3074,2006-10-29 08:00:00,2.0000
01054500,44.551944,-70.544167,2008-04-29 23:30:00,2008-04-30 14:00:00,849.5054,2008-04-30 01:30:00,2.0000
01054500,44.551944,-70.544167,2010-12-13 11:00:00,2010-12-14 22:30:00,1124.1788,2010-12-14 07:00:00,20.0000
01054500,44.551944,-70.544167,2011-08-29 00:15:00,2011-08-30 06:30:00,1152.4957,2011-08-29 14:30:00,14.2500
01054500,44.551944,-70.544167,2012-06-03 12:45:00,2012-06-05 03:15:00,937.2876,2012-06-03 17:00:00,4.2500
01054500,44.551944,-70.544167,2014-04-16 00:00:00,2014-04-17 16:00:00,1262.9314,2014-04-16 14:15:00,14.2500
01022500,44.608056,-67.935278,1993-04-12 05:00:00,1993-04-14 15:00:00,200.2001,1993-04-13 03:00:00,22.0000
01022500,44.608056,-67.935278,1996-04-17 22:15:00,1996-04-18 03:15:00,122.3288,1996-04-17 23:45:00,1.5000
01022500,44.608056,-67.935278,2005-03-29 22:30:00,2005-03-30 19:30:00,133.9387,2005-03-30 05:00:00,6.5000
01022500,44.608056,-67.935278,2005-04-04 10:45:00,2005-04-05 18:45:00,132.8060,2005-04-04 23:45:00,13.0000
01022500,44.608056,-67.935278,2005-05-27 00:45:00,2005-05-28 12:00:00,158.0080,2005-05-27 14:45:00,14.0000
01022500,44.608056,-67.935278,2005-10-09 22:30:00,2005-10-12 10:30:00,159.4238,2005-10-10 11:00:00,12.5000
01022500,44.608056,-67.935278,2005-12-02 17:00:00,2005-12-03 21:15:00,133.3723,2005-12-03 01:30:00,8.5000
01022500,44.608056,-67.935278,2006-01-15 23:45:00,2006-01-16 18:45:00,126.2931,2006-01-16 17:30:00,17.7500
01022500,44.608056,-67.935278,2006-11-15 08:45:00,2006-11-16 02:00:00,130.2575,2006-11-15 14:00:00,5.2500
01022500,44.608056,-67.935278,2007-03-18 14:45:00,2007-03-18 21:45:00,123.1783,2007-03-18 19:45:00,5.0000
01022500,44.608056,-67.935278,2007-04-17 09:15:00,2007-04-20 06:30:00,186.6080,2007-04-18 08:15:00,23.0000
01022500,44.608056,-67.935278,2009-04-04 08:15:00,2009-04-06 06:45:00,142.4337,2009-04-04 22:30:00,14.2500
01022500,44.608056,-67.935278,2009-04-07 12:30:00,2009-04-08 23:30:00,141.3011,2009-04-08 03:15:00,14.7500
01022500,44.608056,-67.935278,2010-03-31 08:45:00,2010-04-01 11:30:00,132.8060,2010-03-31 20:30:00,11.7500
01022500,44.608056,-67.935278,2010-12-14 01:45:00,2010-12-16 09:15:00,182.3605,2010-12-14 19:15:00,17.5000
01022500,44.608056,-67.935278,2013-03-14 01:00:00,2013-03-14 07:00:00,123.4615,2013-03-14 03:00:00,2.0000
01022500,44.608056,-67.935278,2014-04-16 23:45:00,2014-04-17 21:45:00,129.1248,2014-04-17 09:00:00,9.2500
01022500,44.608056,-67.935278,2014-12-11 14:00:00,2014-12-12 12:15:00,123.4615,2014-12-11 18:00:00,4.0000
01081500,43.422778,-71.653333,2005-04-04 08:45:00,2005-04-04 12:45:00,529.5250,2005-04-04 12:30:00,3.7500
01081500,43.422778,-71.653333,2006-05-14 16:00:00,2006-05-14 19:15:00,588.9904,2006-05-14 17:30:00,1.5000
01081500,43.422778,-71.653333,2006-05-18 13:15:00,2006-05-18 23:00:00,529.5250,2006-05-18 14:00:00,0.7500
01081500,43.422778,-71.653333,2011-04-14 21:00:00,2011-04-14 23:15:00,518.1983,2011-04-14 21:45:00,0.7500
01015800,46.523056,-68.371667,1993-04-13 07:30:00,1993-04-14 09:00:00,489.8814,1993-04-13 20:15:00,12.7500
01015800,46.523056,-68.371667,1994-04-17 12:45:00,1994-04-18 03:45:00,526.6933,1994-04-18 03:15:00,14.5000
01015800,46.523056,-68.371667,1996-04-28 09:30:00,1996-04-28 18:15:00,458.7329,1996-04-28 11:45:00,2.2500
01015800,46.523056,-68.371667,2005-04-26 08:45:00,2005-04-27 17:30:00,512.5349,2005-04-26 22:30:00,13.7500
01015800,46.523056,-68.371667,2005-04-29 11:30:00,2005-05-01 17:00:00,546.5151,2005-04-30 08:15:00,20.7500
01015800,46.523056,-68.371667,2005-10-17 10:00:00,2005-10-18 17:15:00,512.5349,2005-10-17 22:30:00,12.5000
01015800,46.523056,-68.371667,2007-04-26 02:30:00,2007-04-26 14:30:00,467.2280,2007-04-26 05:30:00,3.0000
01015800,46.523056,-68.371667,2008-04-24 02:00:00,2008-04-26 10:45:00,492.7131,2008-04-25 01:15:00,23.2500
01015800,46.523056,-68.371667,2008-04-30 07:00:00,2008-05-03 16:45:00,835.3470,2008-05-01 10:30:00,27.5000
01015800,46.523056,-68.371667,2010-12-14 20:45:00,2010-12-16 00:00:00,523.8617,2010-12-15 10:45:00,14.0000
01131500,44.410000,-71.721111,1991-10-07 10:45:00,1991-10-09 07:30:00,402.0992,1991-10-08 09:00:00,22.2500
01131500,44.410000,-71.721111,1992-04-21 21:15:00,1992-04-27 21:00:00,753.2281,1992-04-24 15:00:00,65.7500
01131500,44.410000,-71.721111,1993-04-11 09:15:00,1993-04-15 00:45:00,464.3963,1993-04-13 08:30:00,47.2500
01131500,44.410000,-71.721111,1993-04-17 21:30:00,1993-04-20 14:15:00,489.8814,1993-04-18 17:45:00,20.2500
01131500,44.410000,-71.721111,1994-04-12 20:30:00,1994-04-13 09:15:00,368.1190,1994-04-13 03:15:00,6.7500
01131500,44.410000,-71.721111,1994-04-14 12:15:00,1994-04-20 21:30:00,778.7133,1994-04-18 06:30:00,90.2500
01131500,44.410000,-71.721111,1994-04-27 06:45:00,1994-05-01 02:00:00,504.0399,1994-04-29 13:30:00,54.7500
01131500,44.410000,-71.721111,1996-01-20 21:17:12,1996-01-23 05:24:45,427.5844,1996-01-22 02:59:09,29.6992
01131500,44.410000,-71.721111,1996-04-21 19:00:00,1996-05-05 17:30:00,860.8321,1996-04-25 13:15:00,90.2500
01131500,44.410000,-71.721111,1996-05-12 05:45:00,1996-05-15 14:30:00,518.1983,1996-05-13 04:00:00,22.2500
01131500,44.410000,-71.721111,1996-12-03 06:00:00,1996-12-05 01:00:00,424.7527,1996-12-03 13:30:00,7.5000
01131500,44.410000,-71.721111,1997-04-08 03:45:00,1997-04-09 20:30:00,427.5844,1997-04-08 05:15:00,1.5000
01131500,44.410000,-71.721111,1997-04-19 14:00:00,1997-04-20 16:15:00,373.7824,1997-04-20 05:00:00,15.0000
01131500,44.410000,-71.721111,1998-03-29 07:30:00,1998-04-05 22:45:00,1189.3076,1998-04-02 01:45:00,90.2500
01131500,44.410000,-71.721111,1999-09-17 22:45:00,1999-09-20 10:00:00,461.5646,1999-09-18 11:30:00,12.7500
01131500,44.410000,-71.721111,2000-03-29 03:30:00,2000-03-31 09:15:00,404.9309,2000-03-29 23:15:00,19.7500
01131500,44.410000,-71.721111,2000-04-04 16:15:00,2000-04-07 20:00:00,509.7032,2000-04-06 09:45:00,41.5000
01131500,44.410000,-71.721111,2000-04-09 18:45:00,2000-04-12 07:45:00,495.5448,2000-04-10 18:15:00,23.5000
01131500,44.410000,-71.721111,2000-05-10 07:45:00,2000-05-15 19:30:00,685.2677,2000-05-12 21:15:00,61.5000
01131500,44.410000,-71.721111,2001-04-22 18:45:00,2001-04-29 01:45:00,914.6341,2001-04-25 21:15:00,74.5000
01131500,44.410000,-71.721111,2002-04-14 00:45:00,2002-04-22 05:00:00,917.4658,2002-04-16 05:15:00,52.5000
01131500,44.410000,-71.721111,2002-06-12 15:00:00,2002-06-15 17:45:00,668.2776,2002-06-14 03:00:00,36.0000
01131500,44.410000,-71.721111,2003-03-31 05:00:00,2003-04-02 01:30:00,563.5052,2003-03-31 19:15:00,14.2500
01131500,44.410000,-71.721111,2003-10-28 11:15:00,2003-10-31 22:30:00,461.5646,2003-10-30 22:30:00,59.2500
01131500,44.410000,-71.721111,2003-11-21 03:30:00,2003-11-23 11:00:00,433.2478,2003-11-22 02:45:00,23.2500
01131500,44.410000,-71.721111,2004-04-01 18:30:00,2004-04-04 04:45:00,419.0893,2004-04-02 20:00:00,25.5000
01131500,44.410000,-71.721111,2005-04-04 04:00:00,2005-04-04 17:30:00,390.7725,2005-04-04 06:00:00,2.0000
01131500,44.410000,-71.721111,2005-04-05 21:45:00,2005-04-11 01:45:00,512.5349,2005-04-06 22:00:00,24.2500
01131500,44.410000,-71.721111,2005-04-25 01:45:00,2005-04-26 16:00:00,424.7527,2005-04-25 02:00:00,0.2500
01131500,44.410000,-71.721111,2005-06-18 22:45:00,2005-06-19 22:45:00,370.9507,2005-06-19 02:45:00,4.0000
01131500,44.410000,-71.721111,2005-10-16 07:30:00,2005-10-21 00:30:00,886.3173,2005-10-18 16:00:00,56.5000
01131500,44.410000,-71.721111,2005-11-17 12:45:00,2005-11-19 09:15:00,404.9309,2005-11-17 13:00:00,0.2500
01131500,44.410000,-71.721111,2005-12-01 05:45:00,2005-12-02 21:15:00,387.9408,2005-12-01 19:15:00,13.5000
01131500,44.410000,-71.721111,2006-05-21 15:30:00,2006-05-22 17:00:00,385.1091,2006-05-22 16:30:00,25.0000
01131500,44.410000,-71.721111,2006-06-11 06:30:00,2006-06-14 08:00:00,453.0695,2006-06-12 11:15:00,28.7500
01131500,44.410000,-71.721111,2006-10-22 15:45:00,2006-10-22 19:45:00,353.9606,2006-10-22 16:15:00,0.5000
01131500,44.410000,-71.721111,2007-01-07 16:30:00,2007-01-08 05:45:00,421.9210,2007-01-07 16:45:00,0.2500
01131500,44.410000,-71.721111,2007-04-20 07:30:00,2007-04-27 21:15:00,617.3073,2007-04-25 14:15:00,126.7500
01131500,44.410000,-71.721111,2007-04-30 20:15:00,2007-05-02 16:45:00,379.4457,2007-05-01 20:00:00,23.7500
01131500,44.410000,-71.721111,2007-05-17 09:45:00,2007-05-20 03:30:00,492.7131,2007-05-18 17:30:00,31.7500
01131500,44.410000,-71.721111,2008-04-11 01:00:00,2008-04-15 21:15:00,487.0498,2008-04-14 07:45:00,78.7500
01131500,44.410000,-71.721111,2008-04-18 13:45:00,2008-04-26 11:30:00,555.0102,2008-04-21 21:45:00,80.0000
01131500,44.410000,-71.721111,2008-04-29 22:00:00,2008-05-02 07:00:00,458.7329,2008-04-30 21:45:00,23.7500
01131500,44.410000,-71.721111,2008-07-25 03:15:00,2008-07-26 21:30:00,407.7626,2008-07-25 08:30:00,5.2500
01131500,44.410000,-71.721111,2008-08-07 14:30:00,2008-08-11 03:30:00,421.9210,2008-08-09 08:45:00,42.2500
01131500,44.410000,-71.721111,2009-04-04 10:00:00,2009-04-06 23:45:00,421.9210,2009-04-05 09:45:00,23.7500
01131500,44.410000,-71.721111,2009-12-04 23:15:00,2009-12-05 04:45:00,362.4556,2009-12-05 01:30:00,2.2500
01131500,44.410000,-71.721111,2010-03-24 01:00:00,2010-03-26 19:00:00,467.2280,2010-03-25 04:30:00,27.5000
01131500,44.410000,-71.721111,2010-04-04 07:00:00,2010-04-05 12:00:00,362.4556,2010-04-04 07:45:00,0.7500
01131500,44.410000,-71.721111,2010-10-01 16:45:00,2010-10-03 03:45:00,591.8221,2010-10-02 23:45:00,31.0000
01131500,44.410000,-71.721111,2011-04-11 21:15:00,2011-04-16 23:00:00,719.2479,2011-04-14 07:15:00,58.0000
01131500,44.410000,-71.721111,2011-05-17 01:00:00,2011-05-18 00:45:00,368.1190,2011-05-17 13:00:00,12.0000
01131500,44.410000,-71.721111,2011-05-27 16:15:00,2011-05-31 20:30:00,498.3765,2011-05-28 14:30:00,22.2500
01131500,44.410000,-71.721111,2011-08-29 07:45:00,2011-08-31 02:30:00,427.5844,2011-08-30 06:00:00,22.2500
01131500,44.410000,-71.721111,2013-04-20 11:45:00,2013-04-23 05:00:00,495.5448,2013-04-22 00:45:00,37.0000
01131500,44.410000,-71.721111,2013-05-25 02:00:00,2013-05-29 10:00:00,600.3171,2013-05-26 23:23:00,45.3833
01131500,44.410000,-71.721111,2014-04-13 08:45:00,2014-04-19 11:45:00,1002.4164,2014-04-17 05:30:00,92.7500
01131500,44.410000,-71.721111,2014-04-24 15:15:00,2014-04-24 16:15:00,387.9408,2014-04-24 15:45:00,0.5000
01131500,44.410000,-71.721111,2014-05-28 19:00:00,2014-05-30 05:30:00,396.4359,2014-05-29 12:45:00,17.7500
01131500,44.410000,-71.721111,2015-04-14 19:00:00,2015-04-20 19:30:00,549.3468,2015-04-15 07:15:00,12.2500
01131500,44.410000,-71.721111,2015-04-22 13:15:00,2015-04-24 20:00:00,419.0893,2015-04-23 10:45:00,21.5000
01131500,44.410000,-71.721111,2015-06-22 18:15:00,2015-06-24 06:30:00,379.4457,2015-06-22 20:00:00,1.7500
01131500,44.410000,-71.721111,2016-02-27 04:00:00,2016-02-27 20:15:00,376.6141,2016-02-27 08:45:00,4.7500
01131500,44.410000,-71.721111,2016-03-12 22:30:00,2016-03-13 21:00:00,427.5844,2016-03-13 21:00:00,21.5000
01144500,43.646111,-72.312778,1990-10-24 17:00:00,1990-10-25 05:30:00,1061.8817,1990-10-24 20:30:00,3.5000
01144500,43.646111,-72.312778,1990-12-24 01:00:00,1990-12-26 15:30:00,1186.4759,1990-12-24 23:30:00,22.5000
01144500,43.646111,-72.312778,1992-03-11 21:15:00,1992-03-12 13:45:00,1279.9215,1992-03-12 00:00:00,2.7500
01144500,43.646111,-72.312778,1992-04-23 09:00:00,1992-04-27 21:00:00,1311.0700,1992-04-25 12:45:00,51.7500
01144500,43.646111,-72.312778,1993-03-31 03:45:00,1993-03-31 08:00:00,959.9411,1993-03-31 05:15:00,1.5000
01144500,43.646111,-72.312778,1993-04-11 04:00:00,1993-04-14 11:30:00,1152.4957,1993-04-11 23:30:00,19.5000
01144500,43.646111,-72.312778,1993-04-17 11:00:00,1993-04-19 20:00:00,1211.9610,1993-04-18 04:30:00,17.5000
01144500,43.646111,-72.312778,1994-04-07 10:45:00,1994-04-08 20:30:00,1160.9907,1994-04-07 20:45:00,10.0000
01144500,43.646111,-72.312778,1994-04-13 22:00:00,1994-04-21 13:30:00,1659.3672,1994-04-17 03:00:00,77.0000
01144500,43.646111,-72.312778,1996-01-19 23:30:00,1996-01-21 04:30:00,1398.8522,1996-01-20 10:00:00,10.5000
01144500,43.646111,-72.312778,1996-04-17 02:45:00,1996-04-18 14:30:00,1206.2977,1996-04-17 12:45:00,10.0000
01144500,43.646111,-72.312778,1996-04-21 21:30:00,1996-05-03 20:30:00,1424.3374,1996-04-27 10:15:00,132.7500
01144500,43.646111,-72.312778,1996-05-12 03:15:00,1996-05-15 11:45:00,1401.6839,1996-05-12 21:15:00,18.0000
01144500,43.646111,-72.312778,1996-07-16 08:45:00,1996-07-16 18:15:00,1010.9114,1996-07-16 10:30:00,1.7500
01144500,43.646111,-72.312778,1996-12-02 17:45:00,1996-12-03 22:30:00,1163.8224,1996-12-02 22:30:00,4.7500
01144500,43.646111,-72.312778,1997-04-07 22:00:00,1997-04-09 06:15:00,1064.7134,1997-04-08 04:30:00,6.5000
01144500,43.646111,-72.312778,1997-04-19 12:15:00,1997-04-20 08:15:00,940.1193,1997-04-19 13:00:00,0.7500
01144500,43.646111,-72.312778,1998-01-08 18:15:00,1998-01-10 21:30:00,1214.7927,1998-01-09 00:00:00,5.7500
01144500,43.646111,-72.312778,1998-03-29 03:45:00,1998-04-06 04:30:00,1696.1791,1998-04-02 09:30:00,101.7500
01144500,43.646111,-72.312778,1998-06-27 13:00:00,1998-06-28 06:45:00,1557.4266,1998-06-27 21:45:00,8.7500
01144500,43.646111,-72.312778,2000-03-28 23:00:00,2000-03-29 21:15:00,1030.7332,2000-03-29 04:45:00,5.7500
01144500,43.646111,-72.312778,2000-04-04 11:45:00,2000-04-07 16:30:00,1342.2185,2000-04-05 00:00:00,12.2500
01144500,43.646111,-72.312778,2000-04-09 19:15:00,2000-04-12 08:00:00,1223.2878,2000-04-10 16:00:00,20.7500
01144500,43.646111,-72.312778,2000-05-11 11:00:00,2000-05-15 22:45:00,1141.1689,2000-05-12 15:15:00,28.2500
01144500,43.646111,-72.312778,2000-12-18 01:15:00,2000-12-19 12:00:00,1531.9414,2000-12-18 08:45:00,7.5000
01144500,43.646111,-72.312778,2001-04-14 03:30:00,2001-04-15 07:45:00,1010.9114,2001-04-14 09:15:00,5.7500
01144500,43.646111,-72.312778,2001-04-22 07:45:00,2001-04-29 10:00:00,1673.5256,2001-04-23 05:30:00,21.7500
01144500,43.646111,-72.312778,2002-04-14 03:45:00,2002-04-21 09:00:00,1840.5950,2002-04-14 13:45:00,10.0000
01144500,43.646111,-72.312778,2002-06-13 13:45:00,2002-06-15 09:15:00,1110.0204,2002-06-14 04:15:00,14.5000
01144500,43.646111,-72.312778,2003-03-30 02:45:00,2003-04-01 14:30:00,1158.1590,2003-03-30 05:45:00,3.0000
01144500,43.646111,-72.312778,2003-10-28 10:15:00,2003-10-31 04:45:00,1384.6938,2003-10-30 00:30:00,38.2500
01144500,43.646111,-72.312778,2003-11-20 18:30:00,2003-11-21 04:15:00,1013.7431,2003-11-20 22:45:00,4.2500
01144500,43.646111,-72.312778,2005-04-03 10:15:00,2005-04-05 13:45:00,1461.1493,2005-04-03 19:45:00,9.5000
01144500,43.646111,-72.312778,2005-04-07 11:45:00,2005-04-09 23:45:00,1056.2184,2005-04-08 12:45:00,25.0000
01144500,43.646111,-72.312778,2005-04-24 19:00:00,2005-04-26 07:30:00,1044.8916,2005-04-25 19:15:00,24.2500
01144500,43.646111,-72.312778,2005-10-16 04:15:00,2005-10-20 23:00:00,1223.2878,2005-10-19 15:30:00,83.2500
01144500,43.646111,-72.312778,2005-10-25 22:15:00,2005-10-26 08:00:00,991.0896,2005-10-26 04:30:00,6.2500
01144500,43.646111,-72.312778,2005-11-17 08:15:00,2005-11-18 19:30:00,1005.2481,2005-11-17 23:15:00,15.0000
01144500,43.646111,-72.312778,2006-01-19 01:00:00,2006-01-20 10:30:00,1254.4363,2006-01-19 06:15:00,5.2500
01144500,43.646111,-72.312778,2006-05-19 22:15:00,2006-05-21 13:45:00,1211.9610,2006-05-20 12:45:00,14.5000
01144500,43.646111,-72.312778,2006-06-11 16:00:00,2006-06-12 15:15:00,985.4263,2006-06-11 18:15:00,2.2500
01144500,43.646111,-72.312778,2006-10-21 06:00:00,2006-10-21 12:30:00,1025.0698,2006-10-21 07:45:00,1.7500
01144500,43.646111,-72.312778,2006-10-29 02:30:00,2006-10-29 15:15:00,1025.0698,2006-10-29 08:15:00,5.7500
01144500,43.646111,-72.312778,2007-01-08 23:15:00,2007-01-09 06:15:00,985.4263,2007-01-09 02:45:00,3.5000
01144500,43.646111,-72.312778,2007-04-17 12:30:00,2007-04-17 15:15:00,948.6144,2007-04-17 14:45:00,2.2500
01144500,43.646111,-72.312778,2007-04-19 23:00:00,2007-04-26 11:15:00,1098.6936,2007-04-24 15:15:00,112.2500
01144500,43.646111,-72.312778,2008-02-19 02:45:00,2008-02-19 03:15:00,1044.8916,2008-02-19 03:00:00,0.2500
01144500,43.646111,-72.312778,2008-04-10 20:15:00,2008-04-16 09:45:00,1384.6938,2008-04-13 03:45:00,55.5000
01144500,43.646111,-72.312778,2008-04-18 08:15:00,2008-04-25 11:30:00,1240.2779,2008-04-20 07:15:00,47.0000
01144500,43.646111,-72.312778,2008-04-29 17:45:00,2008-05-01 16:30:00,1186.4759,2008-04-30 02:30:00,8.7500
01144500,43.646111,-72.312778,2008-07-24 13:15:00,2008-07-26 12:45:00,1076.0402,2008-07-25 14:45:00,25.5000
01144500,43.646111,-72.312778,2008-08-06 22:00:00,2008-08-09 09:00:00,1160.9907,2008-08-07 02:15:00,4.2500
01144500,43.646111,-72.312778,2009-04-04 06:00:00,2009-04-05 21:00:00,1095.8620,2009-04-04 16:00:00,10.0000
01144500,43.646111,-72.312778,2009-04-07 07:45:00,2009-04-08 12:30:00,982.5946,2009-04-08 01:30:00,17.7500
01144500,43.646111,-72.312778,2009-12-04 00:30:00,2009-12-04 04:15:00,942.9510,2009-12-04 01:00:00,0.5000
01144500,43.646111,-72.312778,2010-03-23 13:45:00,2010-03-25 02:15:00,1254.4363,2010-03-23 20:45:00,7.0000
01144500,43.646111,-72.312778,2010-10-01 15:15:00,2010-10-04 09:30:00,1512.1196,2010-10-01 22:30:00,7.2500
01144500,43.646111,-72.312778,2010-10-16 00:45:00,2010-10-16 07:15:00,985.4263,2010-10-16 03:15:00,2.5000
01144500,43.646111,-72.312778,2011-04-11 07:30:00,2011-04-19 01:30:00,1704.6742,2011-04-12 11:30:00,28.0000
01144500,43.646111,-72.312778,2011-04-26 10:45:00,2011-05-02 18:15:00,1509.2879,2011-04-29 04:30:00,65.7500
01144500,43.646111,-72.312778,2011-05-28 22:00:00,2011-05-29 16:30:00,965.6045,2011-05-29 10:00:00,12.0000
01144500,43.646111,-72.312778,2011-08-28 19:45:00,2011-08-30 17:00:00,2973.2689,2011-08-29 06:30:00,10.7500
01144500,43.646111,-72.312778,2013-04-20 13:30:00,2013-04-20 14:00:00,940.1193,2013-04-20 13:45:00,0.2500
01144500,43.646111,-72.312778,2013-05-26 03:30:00,2013-05-28 01:30:00,1050.5550,2013-05-26 14:15:00,10.7500
01144500,43.646111,-72.312778,2013-07-03 12:00:00,2013-07-03 23:00:00,1002.4164,2013-07-03 14:30:00,2.5000
01144500,43.646111,-72.312778,2014-04-12 00:45:00,2014-04-19 22:00:00,1704.6742,2014-04-16 06:45:00,102.0000
01144500,43.646111,-72.312778,2015-04-14 16:00:00,2015-04-16 18:45:00,1132.6739,2015-04-15 03:15:00,11.2500
01144500,43.646111,-72.312778,2016-02-25 18:45:00,2016-02-26 19:30:00,1294.0799,2016-02-26 04:30:00,9.7500
01127000,41.597778,-71.984722,1996-04-17 11:15:00,1996-04-18 00:15:00,331.3071,1996-04-17 15:45:00,4.5000
01127000,41.597778,-71.984722,1998-03-10 18:00:00,1998-03-11 05:30:00,328.4754,1998-03-10 20:30:00,2.5000
01127000,41.597778,-71.984722,2004-04-14 10:45:00,2004-04-15 10:30:00,399.2675,2004-04-14 18:15:00,7.5000
01127000,41.597778,-71.984722,2005-10-15 19:15:00,2005-10-16 22:30:00,399.2675,2005-10-16 06:00:00,10.7500
01127000,41.597778,-71.984722,2007-04-16 18:15:00,2007-04-17 13:15:00,339.8022,2007-04-17 00:00:00,5.7500
01127000,41.597778,-71.984722,2008-12-12 21:30:00,2008-12-13 20:30:00,393.6042,2008-12-13 06:00:00,8.5000
01127000,41.597778,-71.984722,2010-03-15 06:30:00,2010-03-15 18:15:00,314.3170,2010-03-15 09:30:00,3.0000
01127000,41.597778,-71.984722,2010-03-30 05:45:00,2010-04-01 21:45:00,736.2380,2010-03-31 11:15:00,29.5000
01127000,41.597778,-71.984722,2011-03-08 01:30:00,2011-03-08 09:30:00,319.9804,2011-03-08 07:00:00,5.5000
01127000,41.597778,-71.984722,2014-03-31 03:15:00,2014-03-31 14:45:00,314.3170,2014-03-31 04:30:00,1.2500
01034500,45.236111,-68.651389,1993-04-12 17:00:00,1993-04-15 14:15:00,2860.0015,1993-04-14 03:00:00,34.0000
01034500,45.236111,-68.651389,1993-04-18 19:45:00,1993-04-19 10:30:00,2242.6943,1993-04-19 01:30:00,5.7500
01034500,45.236111,-68.651389,1994-04-17 05:45:00,1994-04-19 19:30:00,2775.0510,1994-04-18 10:30:00,28.7500
01034500,45.236111,-68.651389,2000-04-10 21:30:00,2000-04-11 19:00:00,2254.0210,2000-04-11 04:15:00,6.7500
01034500,45.236111,-68.651389,2005-04-28 23:15:00,2005-05-02 14:00:00,3029.9026,2005-04-29 22:45:00,23.5000
01034500,45.236111,-68.651389,2005-10-17 10:00:00,2005-10-18 04:15:00,2254.0210,2005-10-17 18:15:00,8.2500
01034500,45.236111,-68.651389,2008-04-30 07:30:00,2008-05-03 17:00:00,3567.9227,2008-05-01 06:00:00,22.5000
01034500,45.236111,-68.651389,2009-04-08 02:30:00,2009-04-09 17:30:00,2421.0904,2009-04-08 19:00:00,16.5000
01034500,45.236111,-68.651389,2010-12-14 10:00:00,2010-12-16 12:45:00,2792.0411,2010-12-15 09:30:00,23.5000
01034500,45.236111,-68.651389,2014-04-16 12:30:00,2014-04-18 23:45:00,2888.3184,2014-04-16 20:45:00,8.2500
01144000,43.714167,-72.418611,1998-06-27 17:45:00,1998-06-27 23:30:00,976.9312,1998-06-27 20:45:00,3.0000
01144000,43.714167,-72.418611,2002-04-14 07:45:00,2002-04-14 15:15:00,1027.9015,2002-04-14 11:30:00,3.7500
01144000,43.714167,-72.418611,2011-08-28 20:15:00,2011-08-29 12:30:00,2551.3479,2011-08-29 05:30:00,9.2500
01172010,42.190556,-72.608889,2005-10-10 00:00:00,2005-10-10 11:00:00,2860.0015,2005-10-10 03:15:00,3.2500
01172010,42.190556,-72.608889,2011-08-29 11:30:00,2011-08-30 21:45:00,3029.9026,2011-08-30 04:00:00,16.5000
01154500,43.126111,-72.437222,2011-08-29 04:00:00,2011-08-30 01:15:00,2823.1896,2011-08-29 14:15:00,10.2500
01170500,42.578611,-72.575000,1990-12-24 22:45:00,1990-12-26 08:00:00,2217.2091,1990-12-25 06:30:00,7.7500
01170500,42.578611,-72.575000,1993-03-30 18:15:00,1993-04-01 12:15:00,2401.2686,1993-04-01 02:30:00,32.2500
01170500,42.578611,-72.575000,1993-04-11 01:15:00,1993-04-20 06:00:00,2392.7735,1993-04-18 02:00:00,168.7500
01170500,42.578611,-72.575000,1993-04-23 13:30:00,1993-04-24 02:15:00,2126.5952,1993-04-23 17:30:00,4.0000
01170500,42.578611,-72.575000,1994-04-07 19:30:00,1994-04-09 17:15:00,2242.6943,1994-04-08 17:45:00,22.2500
01170500,42.578611,-72.575000,1994-04-14 00:15:00,1994-04-22 00:30:00,2690.1004,1994-04-17 03:15:00,75.0000
01170500,42.578611,-72.575000,1996-01-28 04:00:00,1996-01-29 07:45:00,2135.0902,1996-01-28 07:00:00,3.0000
01170500,42.578611,-72.575000,1996-04-17 00:00:00,1996-04-19 18:45:00,2684.4371,1996-04-17 16:30:00,16.5000
01170500,42.578611,-72.575000,1996-04-23 11:15:00,1996-05-04 05:15:00,2579.6647,1996-04-25 03:45:00,40.5000
01170500,42.578611,-72.575000,1996-05-12 12:30:00,1996-05-15 14:15:00,2576.8330,1996-05-13 12:30:00,24.0000
01170500,42.578611,-72.575000,1996-12-03 18:15:00,1996-12-04 04:15:00,1982.1793,1996-12-03 20:00:00,1.7500
01170500,42.578611,-72.575000,1997-04-08 02:45:00,1997-04-08 05:30:00,1968.0208,1997-04-08 04:00:00,1.2500
01170500,42.578611,-72.575000,1998-01-09 11:30:00,1998-01-11 05:30:00,2307.8230,1998-01-10 04:30:00,17.0000
01170500,42.578611,-72.575000,1998-03-29 22:15:00,1998-04-06 08:00:00,2715.5856,1998-04-01 06:45:00,56.5000
01170500,42.578611,-72.575000,1999-09-17 14:15:00,1999-09-17 16:45:00,1965.1892,1999-09-17 16:30:00,2.2500
01170500,42.578611,-72.575000,2000-04-06 13:15:00,2000-04-06 15:15:00,1956.6941,2000-04-06 13:45:00,0.5000
01170500,42.578611,-72.575000,2000-12-18 16:30:00,2000-12-19 10:00:00,2211.5457,2000-12-19 04:30:00,12.0000
01170500,42.578611,-72.575000,2001-04-14 01:30:00,2001-04-17 03:45:00,2197.3873,2001-04-15 03:45:00,26.2500
01170500,42.578611,-72.575000,2001-04-22 22:00:00,2001-04-29 08:15:00,2639.1301,2001-04-24 06:00:00,32.0000
01170500,42.578611,-72.575000,2002-04-16 16:45:00,2002-04-17 04:30:00,2084.1199,2002-04-17 01:45:00,9.0000
01170500,42.578611,-72.575000,2003-03-30 12:45:00,2003-04-01 19:00:00,2293.6646,2003-03-31 04:15:00,15.5000
01170500,42.578611,-72.575000,2003-10-29 18:30:00,2003-10-31 22:45:00,2398.4369,2003-10-30 03:30:00,9.0000
01170500,42.578611,-72.575000,2003-12-26 01:45:00,2003-12-27 01:00:00,2033.1496,2003-12-26 05:00:00,3.2500
01170500,42.578611,-72.575000,2004-04-02 00:45:00,2004-04-04 02:45:00,2455.0706,2004-04-02 09:00:00,8.2500
01170500,42.578611,-72.575000,2005-04-03 11:45:00,2005-04-07 02:00:00,2622.1400,2005-04-04 03:30:00,15.7500
01170500,42.578611,-72.575000,2005-04-08 13:15:00,2005-04-10 00:45:00,2075.6249,2005-04-09 05:00:00,15.7500
01170500,42.578611,-72.575000,2005-10-09 06:15:00,2005-10-10 14:45:00,3426.3384,2005-10-09 14:45:00,8.5000
01170500,42.578611,-72.575000,2005-10-16 03:30:00,2005-10-18 06:15:00,2075.6249,2005-10-17 03:15:00,23.7500
01170500,42.578611,-72.575000,2005-10-25 22:45:00,2005-10-27 23:00:00,2316.3181,2005-10-26 21:00:00,22.2500
01170500,42.578611,-72.575000,2006-01-19 01:45:00,2006-01-21 00:15:00,2443.7439,2006-01-19 21:15:00,19.5000
01170500,42.578611,-72.575000,2006-05-15 04:45:00,2006-05-15 17:15:00,1985.0109,2006-05-15 07:00:00,2.2500
01170500,42.578611,-72.575000,2006-05-20 16:00:00,2006-05-21 09:45:00,2112.4368,2006-05-21 04:15:00,12.2500
01170500,42.578611,-72.575000,2007-04-16 18:45:00,2007-04-26 07:45:00,2579.6647,2007-04-17 05:45:00,11.0000
01170500,42.578611,-72.575000,2008-03-10 13:15:00,2008-03-10 22:45:00,2033.1496,2008-03-10 14:45:00,1.5000
01170500,42.578611,-72.575000,2008-04-11 02:45:00,2008-04-15 20:00:00,2327.6448,2008-04-14 03:45:00,73.0000
01170500,42.578611,-72.575000,2008-04-21 02:15:00,2008-04-22 03:15:00,1993.5060,2008-04-21 22:30:00,20.2500
01170500,42.578611,-72.575000,2008-04-30 16:00:00,2008-05-01 06:15:00,2035.9813,2008-04-30 21:15:00,5.2500
01170500,42.578611,-72.575000,2008-12-12 19:00:00,2008-12-13 07:30:00,2101.1100,2008-12-13 03:00:00,8.0000
01170500,42.578611,-72.575000,2010-03-23 18:00:00,2010-03-25 06:15:00,2245.5259,2010-03-24 01:30:00,7.5000
01170500,42.578611,-72.575000,2010-03-31 06:00:00,2010-04-01 08:00:00,2197.3873,2010-03-31 17:00:00,11.0000
01170500,42.578611,-72.575000,2011-04-12 12:45:00,2011-04-18 21:00:00,2452.2389,2011-04-13 20:15:00,31.5000
01170500,42.578611,-72.575000,2011-04-29 18:30:00,2011-04-30 06:30:00,2004.8327,2011-04-30 03:00:00,8.5000
01170500,42.578611,-72.575000,2011-08-28 19:00:00,2011-08-31 02:30:00,3596.2395,2011-08-29 01:30:00,6.5000
01170500,42.578611,-72.575000,2011-09-07 18:45:00,2011-09-09 07:45:00,2183.2289,2011-09-08 18:30:00,23.7500
01170500,42.578611,-72.575000,2014-04-14 20:15:00,2014-04-19 22:30:00,2293.6646,2014-04-17 03:45:00,55.5000
01170500,42.578611,-72.575000,2015-04-15 19:45:00,2015-04-16 08:30:00,2038.8130,2015-04-16 04:00:00,8.2500
01170500,42.578611,-72.575000,2016-02-25 16:30:00,2016-02-27 09:30:00,2350.2983,2016-02-26 04:30:00,12.0000
01100000,42.645833,-71.298889,1993-03-31 00:00:00,1993-04-03 17:00:00,1415.8423,1993-04-01 18:30:00,42.5000
01100000,42.645833,-71.298889,1993-04-12 04:00:00,1993-04-17 06:00:00,1296.9116,1993-04-13 18:00:00,38.0000
01100000,42.645833,-71.298889,1993-04-18 20:00:00,1993-04-20 20:30:00,1093.0303,1993-04-19 18:30:00,22.5000
01100000,42.645833,-71.298889,1996-01-28 14:15:00,1996-01-31 11:30:00,1231.7828,1996-01-29 20:00:00,29.7500
01100000,42.645833,-71.298889,1996-04-17 09:30:00,1996-04-21 14:30:00,1551.7632,1996-04-18 08:30:00,23.0000
01100000,42.645833,-71.298889,1996-04-24 03:45:00,1996-04-27 05:30:00,1036.3966,1996-04-24 22:30:00,18.7500
01100000,42.645833,-71.298889,1996-05-13 08:45:00,1996-05-15 13:45:00,1146.8323,1996-05-13 22:45:00,14.0000
01100000,42.645833,-71.298889,1996-10-22 04:15:00,1996-10-24 23:45:00,1376.1987,1996-10-23 01:15:00,21.0000
01100000,42.645833,-71.298889,1997-04-20 02:15:00,1997-04-24 01:45:00,1296.9116,1997-04-21 03:00:00,24.7500
01100000,42.645833,-71.298889,1998-03-10 20:30:00,1998-03-13 11:00:00,1183.6442,1998-03-12 03:15:00,30.7500
01100000,42.645833,-71.298889,1998-06-15 07:15:00,1998-06-22 10:30:00,1427.1691,1998-06-18 03:45:00,68.5000
01100000,42.645833,-71.298889,2001-04-13 22:45:00,2001-04-17 05:30:00,1138.3372,2001-04-15 05:00:00,30.2500
01100000,42.645833,-71.298889,2003-03-31 11:45:00,2003-04-01 20:15:00,1053.3867,2003-04-01 04:00:00,16.2500
01100000,42.645833,-71.298889,2004-04-02 11:30:00,2004-04-06 16:45:00,1438.4958,2004-04-03 08:30:00,21.0000
01100000,42.645833,-71.298889,2005-03-31 23:30:00,2005-04-01 04:00:00,1010.9114,2005-04-01 00:00:00,0.5000
01100000,42.645833,-71.298889,2005-04-03 17:00:00,2005-04-09 21:00:00,1432.8324,2005-04-04 21:00:00,28.0000
01100000,42.645833,-71.298889,2005-10-15 20:30:00,2005-10-21 02:15:00,1580.0800,2005-10-16 22:15:00,25.7500
01100000,42.645833,-71.298889,2005-10-26 07:45:00,2005-10-30 03:15:00,1274.2581,2005-10-27 12:30:00,28.7500
01100000,42.645833,-71.298889,2006-01-20 11:45:00,2006-01-21 20:15:00,1044.8916,2006-01-21 02:30:00,14.7500
01100000,42.645833,-71.298889,2006-02-06 22:15:00,2006-02-07 16:00:00,1010.9114,2006-02-07 06:15:00,8.0000
01100000,42.645833,-71.298889,2006-05-14 12:00:00,2006-05-25 07:00:00,2729.7440,2006-05-15 23:00:00,35.0000
01100000,42.645833,-71.298889,2006-06-10 20:00:00,2006-06-14 00:30:00,1260.0997,2006-06-12 04:00:00,32.0000
01100000,42.645833,-71.298889,2007-04-16 19:30:00,2007-04-27 00:00:00,2542.8528,2007-04-17 23:00:00,27.5000
01100000,42.645833,-71.298889,2008-03-10 06:45:00,2008-03-11 22:00:00,1070.3768,2008-03-11 00:00:00,17.2500
01100000,42.645833,-71.298889,2008-04-13 20:15:00,2008-04-15 17:00:00,1059.0501,2008-04-14 16:30:00,20.2500
01100000,42.645833,-71.298889,2008-04-30 16:00:00,2008-05-02 07:45:00,1067.5451,2008-05-01 20:00:00,28.0000
01100000,42.645833,-71.298889,2008-12-13 16:15:00,2008-12-15 06:00:00,1104.3570,2008-12-14 03:30:00,11.2500
01100000,42.645833,-71.298889,2009-04-08 10:15:00,2009-04-09 07:15:00,1005.2481,2009-04-08 14:45:00,4.5000
01100000,42.645833,-71.298889,2010-02-26 19:00:00,2010-03-01 01:30:00,1220.4561,2010-02-27 16:00:00,21.0000
01100000,42.645833,-71.298889,2010-03-15 10:15:00,2010-03-21 02:45:00,1597.0701,2010-03-16 18:30:00,32.2500
01100000,42.645833,-71.298889,2010-03-24 05:45:00,2010-03-27 21:00:00,1172.3174,2010-03-26 01:00:00,43.2500
01100000,42.645833,-71.298889,2010-03-30 22:00:00,2010-04-07 02:30:00,1795.2881,2010-04-01 13:45:00,39.7500
01100000,42.645833,-71.298889,2011-03-08 22:15:00,2011-03-10 22:45:00,1110.0204,2011-03-09 18:00:00,19.7500
01100000,42.645833,-71.298889,2011-03-13 14:00:00,2011-03-14 21:00:00,1039.2283,2011-03-14 03:30:00,13.5000
01100000,42.645833,-71.298889,2011-03-19 14:00:00,2011-03-21 11:15:00,1084.5352,2011-03-20 12:45:00,22.7500
01100000,42.645833,-71.298889,2011-04-18 16:45:00,2011-04-20 01:30:00,1047.7233,2011-04-19 05:15:00,12.5000
01100000,42.645833,-71.298889,2014-04-01 04:30:00,2014-04-03 00:30:00,1070.3768,2014-04-01 18:00:00,13.5000
01100000,42.645833,-71.298889,2014-04-10 00:45:00,2014-04-11 02:00:00,1019.4065,2014-04-10 09:45:00,9.0000
