GaugeID, Lat, Lon, Start Time (UTC), End Time (UTC), Peak Q (cms), Peak Time (UTC), Delta Time (h)
04097540,41.888333,-85.409444,1989-10-21 18:00:00,1989-10-26 08:00:00,1.9539,1989-10-23 20:00:00,50.0000
04097540,41.888333,-85.409444,1989-11-08 19:00:00,1989-11-13 13:00:00,1.9539,1989-11-10 02:00:00,31.0000
04097540,41.888333,-85.409444,1989-11-14 20:00:00,1989-12-10 00:00:00,2.9450,1989-11-18 00:00:00,76.0000
04097540,41.888333,-85.409444,1989-12-15 03:00:00,1989-12-15 04:00:00,2.1238,1989-12-15 04:00:00,1.0000
04097540,41.888333,-85.409444,1990-08-14 06:00:00,1990-08-28 04:00:00,2.1804,1990-08-15 14:00:00,32.0000
04097540,41.888333,-85.409444,1990-09-22 08:00:00,1990-09-26 19:00:00,2.0671,1990-09-23 20:00:00,36.0000
04097540,41.888333,-85.409444,1990-12-28 05:00:00,1991-01-01 04:00:00,14.4416,1991-01-01 04:00:00,95.0000
04097540,41.888333,-85.409444,1991-01-24 05:00:00,1991-01-25 04:00:00,5.4085,1991-01-24 15:00:00,10.0000
04097540,41.888333,-85.409444,1991-01-26 05:00:00,1991-01-27 04:00:00,4.6723,1991-01-26 14:00:00,9.0000
04097540,41.888333,-85.409444,1991-01-28 05:00:00,1991-02-01 04:00:00,4.9554,1991-01-28 15:00:00,10.0000
04097540,41.888333,-85.409444,1991-07-01 23:00:00,1991-07-12 00:00:00,6.0598,1991-07-03 22:00:00,47.0000
04097540,41.888333,-85.409444,1991-08-08 23:00:00,1991-08-12 09:00:00,2.1238,1991-08-10 09:00:00,34.0000
04097540,41.888333,-85.409444,1991-08-20 12:00:00,1991-08-22 18:00:00,1.9255,1991-08-21 03:00:00,15.0000
04097540,41.888333,-85.409444,1991-10-04 09:00:00,1991-10-11 06:00:00,2.3503,1991-10-06 02:00:00,41.0000
04097540,41.888333,-85.409444,1991-10-24 17:00:00,1991-10-26 04:00:00,2.9166,1991-10-26 04:00:00,35.0000
04097540,41.888333,-85.409444,1991-10-28 05:00:00,1992-01-16 04:00:00,5.2386,1991-10-28 12:00:00,7.0000
04097540,41.888333,-85.409444,1992-01-17 05:00:00,1992-01-18 04:00:00,3.1715,1992-01-17 06:00:00,1.0000
04097540,41.888333,-85.409444,1992-01-22 05:00:00,1992-01-25 04:00:00,3.1432,1992-01-24 22:00:00,65.0000
04097540,41.888333,-85.409444,1992-05-30 07:00:00,1992-06-11 15:00:00,2.6335,1992-06-01 05:00:00,46.0000
04097540,41.888333,-85.409444,1992-06-18 12:00:00,1992-06-23 06:00:00,2.0954,1992-06-20 02:00:00,38.0000
04097540,41.888333,-85.409444,1992-12-30 05:00:00,1993-01-18 04:00:00,12.6859,1993-01-07 03:00:00,190.0000
04097540,41.888333,-85.409444,1993-01-21 05:00:00,1993-01-26 04:00:00,6.8527,1993-01-24 12:00:00,79.0000
04097540,41.888333,-85.409444,1994-01-01 05:00:00,1994-01-06 04:00:00,2.6051,1994-01-02 01:00:00,20.0000
04097540,41.888333,-85.409444,1994-01-28 05:00:00,1994-01-31 04:00:00,5.6634,1994-01-30 11:00:00,54.0000
04097540,41.888333,-85.409444,1994-02-18 05:00:00,1994-02-26 04:00:00,6.3996,1994-02-22 00:00:00,91.0000
04097540,41.888333,-85.409444,1994-03-01 05:00:00,1994-06-02 18:00:00,5.1537,1994-03-08 20:00:00,183.0000
04097540,41.888333,-85.409444,1994-06-25 07:00:00,1994-07-02 08:00:00,2.6335,1994-06-26 19:00:00,36.0000
04097540,41.888333,-85.409444,1994-11-06 03:00:00,1994-11-16 15:00:00,2.3220,1994-11-10 02:00:00,95.0000
04097540,41.888333,-85.409444,1995-06-28 02:00:00,1995-07-07 20:00:00,2.2937,1995-06-30 19:00:00,65.0000
04097540,41.888333,-85.409444,1995-08-03 21:00:00,1995-08-10 14:00:00,2.7467,1995-08-05 15:00:00,42.0000
04097540,41.888333,-85.409444,1995-08-17 22:00:00,1995-08-27 16:00:00,3.2281,1995-08-20 05:00:00,55.0000
04097540,41.888333,-85.409444,1995-12-11 05:00:00,1995-12-26 04:00:00,2.8600,1995-12-15 22:00:00,113.0000
04097540,41.888333,-85.409444,1996-01-23 05:00:00,1996-01-30 04:00:00,3.0299,1996-01-24 08:00:00,27.0000
04097540,41.888333,-85.409444,1996-02-08 05:00:00,1996-02-18 04:00:00,2.6051,1996-02-10 21:00:00,64.0000
04097540,41.888333,-85.409444,1996-07-30 11:00:00,1996-08-04 00:00:00,2.0954,1996-07-31 22:00:00,35.0000
04097540,41.888333,-85.409444,1996-11-07 09:00:00,1996-12-19 04:00:00,3.9360,1996-11-10 00:00:00,63.0000
04097540,41.888333,-85.409444,1996-12-22 05:00:00,1996-12-25 04:00:00,3.9360,1996-12-25 03:00:00,70.0000
04097540,41.888333,-85.409444,1997-01-14 05:00:00,1997-01-17 04:00:00,3.3697,1997-01-16 03:00:00,46.0000
04097540,41.888333,-85.409444,1997-01-19 05:00:00,1997-01-26 04:00:00,4.4741,1997-01-24 22:00:00,137.0000
04097540,41.888333,-85.409444,1998-08-07 23:00:00,1998-08-13 18:00:00,2.2937,1998-08-09 12:00:00,37.0000
04097540,41.888333,-85.409444,1998-08-25 07:00:00,1998-09-04 08:00:00,3.1715,1998-08-27 09:00:00,50.0000
04097540,41.888333,-85.409444,1998-09-07 07:00:00,1998-09-08 20:00:00,1.8972,1998-09-07 09:00:00,2.0000
04097540,41.888333,-85.409444,1998-10-07 06:00:00,1998-10-13 05:00:00,2.4352,1998-10-08 17:00:00,35.0000
04097540,41.888333,-85.409444,1998-10-21 17:00:00,1998-10-24 04:00:00,1.8972,1998-10-22 00:00:00,7.0000
04097540,41.888333,-85.409444,1998-10-29 18:00:00,1998-11-05 18:00:00,2.0388,1998-10-31 03:00:00,33.0000
04097540,41.888333,-85.409444,1998-11-10 14:00:00,1998-11-21 06:00:00,2.4636,1998-11-12 12:00:00,46.0000
04097540,41.888333,-85.409444,1999-06-24 21:00:00,1999-07-13 06:00:00,4.8988,1999-07-02 21:00:00,192.0000
04097540,41.888333,-85.409444,1999-12-16 11:00:00,1999-12-18 07:00:00,1.9255,1999-12-16 19:00:00,8.0000
04097540,41.888333,-85.409444,2000-02-24 01:00:00,2000-03-11 07:00:00,2.9166,2000-02-28 14:00:00,109.0000
04097540,41.888333,-85.409444,2000-03-16 02:00:00,2000-04-05 19:00:00,2.4636,2000-03-22 08:00:00,150.0000
04097540,41.888333,-85.409444,2000-07-30 15:00:00,2000-08-10 01:00:00,2.1804,2000-08-02 23:00:00,80.0000
04097540,41.888333,-85.409444,2000-09-10 19:00:00,2000-09-20 03:00:00,2.6618,2000-09-13 14:00:00,67.0000
04097540,41.888333,-85.409444,2000-10-04 08:00:00,2000-10-15 03:00:00,2.4636,2000-10-06 18:00:00,58.0000
04097540,41.888333,-85.409444,2000-11-10 16:00:00,2000-11-22 20:00:00,2.2087,2000-11-15 04:00:00,108.0000
04097540,41.888333,-85.409444,2000-11-26 08:00:00,2000-12-11 04:00:00,2.2370,2000-11-30 02:00:00,90.0000
04097540,41.888333,-85.409444,2001-01-15 05:00:00,2001-01-20 04:00:00,2.2370,2001-01-17 14:00:00,57.0000
04097540,41.888333,-85.409444,2001-07-25 13:00:00,2001-07-30 18:00:00,2.5485,2001-07-26 08:00:00,19.0000
04097540,41.888333,-85.409444,2001-08-22 17:00:00,2001-08-30 07:00:00,2.7751,2001-08-24 14:00:00,45.0000
04097540,41.888333,-85.409444,2001-09-09 22:00:00,2001-09-13 06:00:00,2.3220,2001-09-10 14:00:00,16.0000
04097540,41.888333,-85.409444,2002-12-20 21:00:00,2002-12-22 10:00:00,1.8972,2002-12-21 02:00:00,5.0000
04097540,41.888333,-85.409444,2003-08-04 00:00:00,2003-08-05 23:00:00,1.9822,2003-08-04 21:00:00,21.0000
04097540,41.888333,-85.409444,2003-09-03 04:00:00,2003-09-04 15:00:00,1.9255,2003-09-03 11:00:00,7.0000
04097540,41.888333,-85.409444,2003-09-25 16:00:00,2003-10-01 11:00:00,2.1238,2003-09-28 17:00:00,73.0000
04097540,41.888333,-85.409444,2003-10-14 21:00:00,2003-10-24 01:00:00,2.2653,2003-10-16 20:00:00,47.0000
04097540,41.888333,-85.409444,2004-11-02 06:00:00,2004-11-10 20:00:00,2.5485,2004-11-05 12:00:00,78.0000
04097540,41.888333,-85.409444,2005-07-22 21:00:00,2005-07-25 18:00:00,2.0388,2005-07-24 05:00:00,32.0000
04097540,41.888333,-85.409444,2006-06-28 20:00:00,2006-06-29 11:00:00,1.8972,2006-06-28 22:00:00,2.0000
04097540,41.888333,-85.409444,2006-07-04 06:00:00,2006-07-08 19:00:00,2.1238,2006-07-06 06:00:00,48.0000
04097540,41.888333,-85.409444,2006-07-14 19:00:00,2006-07-25 16:00:00,2.8317,2006-07-18 08:00:00,85.0000
04097540,41.888333,-85.409444,2006-07-29 08:00:00,2006-08-06 21:00:00,2.2087,2006-07-31 03:00:00,43.0000
04097540,41.888333,-85.409444,2007-02-01 05:00:00,2007-02-03 04:30:00,4.3042,2007-02-03 04:30:00,47.5000
04097540,41.888333,-85.409444,2007-08-07 11:30:00,2007-08-17 15:00:00,3.4263,2007-08-09 23:30:00,60.0000
04097540,41.888333,-85.409444,2007-08-19 09:30:00,2007-12-16 04:30:00,7.3907,2007-08-26 12:00:00,170.5000
04097540,41.888333,-85.409444,2008-01-04 05:00:00,2008-01-20 04:30:00,20.2182,2008-01-11 10:00:00,173.0000
04097540,41.888333,-85.409444,2008-01-31 05:00:00,2008-02-09 04:30:00,15.0929,2008-02-08 08:30:00,195.5000
04097540,41.888333,-85.409444,2008-09-13 13:00:00,2008-10-17 04:30:00,10.7321,2008-09-16 16:30:00,75.5000
04097540,41.888333,-85.409444,2008-12-27 05:00:00,2009-01-09 04:30:00,9.7410,2008-12-30 07:30:00,74.5000
04097540,41.888333,-85.409444,2009-09-23 19:00:00,2009-09-26 09:30:00,1.9255,2009-09-24 11:00:00,16.0000
04097540,41.888333,-85.409444,2010-07-25 07:00:00,2010-08-02 23:00:00,2.8317,2010-07-27 05:30:00,46.5000
04097540,41.888333,-85.409444,2010-11-23 04:30:00,2010-12-05 04:00:00,2.4636,2010-11-26 17:30:00,85.0000
04097540,41.888333,-85.409444,2010-12-12 07:30:00,2010-12-13 04:30:00,2.0954,2010-12-13 01:30:00,18.0000
04097540,41.888333,-85.409444,2010-12-31 18:30:00,2011-01-07 04:30:00,2.5202,2011-01-01 23:00:00,28.5000
04097540,41.888333,-85.409444,2011-09-30 01:30:00,2011-10-05 03:00:00,2.2937,2011-10-01 07:30:00,30.0000
04097540,41.888333,-85.409444,2012-01-16 05:00:00,2012-01-20 04:30:00,6.1448,2012-01-20 04:00:00,95.0000
04097540,41.888333,-85.409444,2012-01-24 05:00:00,2012-05-30 19:00:00,7.3907,2012-01-27 07:30:00,74.5000
04097540,41.888333,-85.409444,2012-06-01 02:00:00,2012-06-07 10:30:00,2.0388,2012-06-02 00:30:00,22.5000
04097540,41.888333,-85.409444,2012-12-21 11:30:00,2013-01-03 04:30:00,2.6051,2012-12-23 01:30:00,38.0000
04097540,41.888333,-85.409444,2013-01-11 04:30:00,2013-01-22 04:30:00,3.0299,2013-01-15 04:30:00,96.0000
04097540,41.888333,-85.409444,2013-01-27 05:00:00,2013-02-01 04:30:00,6.8810,2013-02-01 02:00:00,117.0000
04097540,41.888333,-85.409444,2013-06-25 07:15:00,2013-08-11 21:00:00,11.3267,2013-07-01 17:00:00,153.7500
04097540,41.888333,-85.409444,2013-08-13 01:00:00,2013-08-13 20:00:00,1.9822,2013-08-13 02:45:00,1.7500
04097540,41.888333,-85.409444,2013-11-01 03:30:00,2013-11-05 14:15:00,2.1804,2013-11-02 12:15:00,32.7500
04097540,41.888333,-85.409444,2013-11-19 00:00:00,2013-11-20 21:00:00,1.8972,2013-11-19 09:15:00,9.2500
04097540,41.888333,-85.409444,2013-11-22 00:30:00,2013-11-24 20:45:00,1.9255,2013-11-22 05:30:00,5.0000
04097540,41.888333,-85.409444,2013-12-21 23:45:00,2013-12-24 04:45:00,3.8228,2013-12-24 04:30:00,52.7500
04097540,41.888333,-85.409444,2014-01-11 05:00:00,2014-01-18 04:45:00,4.5307,2014-01-13 21:45:00,64.7500
04097540,41.888333,-85.409444,2014-11-24 00:15:00,2015-01-01 03:45:00,3.1149,2014-11-26 03:15:00,51.0000
04097540,41.888333,-85.409444,2015-08-17 19:00:00,2015-08-21 22:45:00,2.0954,2015-08-18 02:45:00,7.7500
04097540,41.888333,-85.409444,2015-11-27 07:45:00,2015-12-02 12:30:00,2.0671,2015-11-28 07:45:00,24.0000
04105000,42.331389,-85.153611,2001-02-12 09:30:00,2001-02-14 04:00:00,60.5981,2001-02-13 02:30:00,17.0000
04105000,42.331389,-85.153611,2004-05-23 08:30:00,2004-05-26 15:00:00,74.4733,2004-05-24 06:00:00,21.5000
04105000,42.331389,-85.153611,2005-01-15 00:30:00,2005-01-16 04:30:00,58.8990,2005-01-15 06:30:00,6.0000
04105000,42.331389,-85.153611,2008-09-16 13:30:00,2008-09-19 13:30:00,68.2436,2008-09-17 15:00:00,25.5000
04105000,42.331389,-85.153611,2015-06-25 05:15:00,2015-06-27 16:15:00,62.8634,2015-06-26 01:15:00,20.0000
04063700,45.763611,-88.463611,1986-10-13 23:00:00,1986-10-16 00:00:00,13.4222,1986-10-14 17:00:00,18.0000
04063700,45.763611,-88.463611,1988-04-06 05:00:00,1988-04-11 20:00:00,15.9424,1988-04-08 11:00:00,54.0000
04063700,45.763611,-88.463611,1991-04-09 16:00:00,1991-04-16 19:00:00,15.0646,1991-04-11 20:00:00,52.0000
04063700,45.763611,-88.463611,1991-05-29 11:00:00,1991-06-07 17:00:00,27.7788,1991-06-01 11:00:00,72.0000
04063700,45.763611,-88.463611,1992-04-19 20:00:00,1992-04-28 07:00:00,19.3970,1992-04-23 00:00:00,76.0000
04063700,45.763611,-88.463611,1993-05-04 02:00:00,1993-05-12 05:00:00,17.0751,1993-05-06 19:00:00,65.0000
04063700,45.763611,-88.463611,1993-06-11 05:00:00,1993-06-11 14:00:00,13.0257,1993-06-11 07:00:00,2.0000
04063700,45.763611,-88.463611,1993-06-19 18:00:00,1993-06-25 22:00:00,16.7919,1993-06-21 22:00:00,52.0000
04063700,45.763611,-88.463611,1993-09-15 19:00:00,1993-09-17 04:00:00,13.7903,1993-09-16 07:00:00,12.0000
04063700,45.763611,-88.463611,1996-04-23 05:00:00,1996-05-13 10:00:00,42.1921,1996-04-26 09:00:00,76.0000
04063700,45.763611,-88.463611,1998-03-30 07:00:00,1998-04-07 09:00:00,18.8307,1998-04-02 23:00:00,88.0000
04063700,45.763611,-88.463611,1999-06-13 13:00:00,1999-06-15 04:00:00,12.7426,1999-06-14 07:00:00,18.0000
04063700,45.763611,-88.463611,1999-07-09 04:00:00,1999-07-12 23:00:00,16.0840,1999-07-11 10:00:00,54.0000
04063700,45.763611,-88.463611,2001-04-11 05:00:00,2001-04-19 20:00:00,18.8590,2001-04-14 21:00:00,88.0000
04063700,45.763611,-88.463611,2002-04-15 05:00:00,2002-05-03 12:00:00,44.1743,2002-04-19 07:00:00,98.0000
04063700,45.763611,-88.463611,2002-05-09 10:00:00,2002-05-13 09:00:00,14.4982,2002-05-11 07:00:00,45.0000
04063700,45.763611,-88.463611,2003-04-20 04:00:00,2003-04-25 15:00:00,14.4982,2003-04-22 03:00:00,47.0000
04063700,45.763611,-88.463611,2003-05-13 01:00:00,2003-05-15 20:00:00,13.1957,2003-05-14 05:00:00,28.0000
04063700,45.763611,-88.463611,2004-04-21 06:45:00,2004-04-22 20:30:00,12.4028,2004-04-22 02:00:00,19.2500
04063700,45.763611,-88.463611,2006-05-12 20:00:00,2006-05-18 06:00:00,15.7158,2006-05-15 00:00:00,52.0000
04063700,45.763611,-88.463611,2008-04-19 01:00:00,2008-04-28 15:15:00,19.1422,2008-04-23 00:15:00,95.2500
04063700,45.763611,-88.463611,2009-04-26 06:30:00,2009-05-01 09:30:00,15.0362,2009-04-27 15:00:00,32.5000
04063700,45.763611,-88.463611,2010-09-25 23:15:00,2010-09-28 05:00:00,13.9885,2010-09-26 17:15:00,18.0000
04063700,45.763611,-88.463611,2011-04-12 13:15:00,2011-04-17 17:30:00,17.0467,2011-04-14 21:45:00,56.5000
04063700,45.763611,-88.463611,2011-06-23 08:45:00,2011-06-26 19:00:00,15.5459,2011-06-24 16:45:00,32.0000
04063700,45.763611,-88.463611,2013-04-28 19:45:00,2013-05-09 01:30:00,25.7117,2013-05-03 06:15:00,106.5000
04063700,45.763611,-88.463611,2014-04-24 20:15:00,2014-05-07 03:00:00,15.0646,2014-05-02 19:30:00,191.2500
04063700,45.763611,-88.463611,2015-04-12 18:00:00,2015-04-19 04:30:00,14.5832,2015-04-14 13:00:00,43.0000
04063700,45.763611,-88.463611,2015-05-27 23:45:00,2015-05-31 03:30:00,14.4982,2015-05-29 05:45:00,30.0000
04063700,45.763611,-88.463611,2015-12-26 13:30:00,2015-12-26 18:45:00,13.7903,2015-12-26 17:00:00,3.5000
04063700,45.763611,-88.463611,2016-03-18 02:45:00,2016-03-19 18:15:00,13.1107,2016-03-19 01:00:00,22.2500
04122500,43.945000,-86.278611,1990-03-13 21:00:00,1990-03-18 22:00:00,62.8634,1990-03-15 18:00:00,45.0000
04122500,43.945000,-86.278611,1991-03-26 17:39:18,1991-04-02 05:00:00,54.9347,1991-03-31 10:42:39,113.0558
04122500,43.945000,-86.278611,1991-10-28 05:00:00,1991-11-04 06:43:00,62.8634,1991-10-29 00:47:09,19.7858
04122500,43.945000,-86.278611,1991-12-15 17:15:21,1991-12-17 16:14:03,47.2891,1991-12-17 07:14:18,37.9825
04122500,43.945000,-86.278611,1992-03-07 00:00:00,1992-03-11 04:00:00,59.7485,1992-03-10 06:00:00,78.0000
04122500,43.945000,-86.278611,1993-03-29 06:46:51,1993-04-03 18:54:30,54.9347,1993-03-31 08:49:45,50.0483
04122500,43.945000,-86.278611,1993-04-11 18:00:00,1993-04-14 09:00:00,50.4040,1993-04-12 15:00:00,21.0000
04122500,43.945000,-86.278611,1993-04-15 16:00:00,1993-04-27 02:00:00,69.0931,1993-04-23 02:00:00,178.0000
04122500,43.945000,-86.278611,1993-06-21 10:00:00,1993-06-26 04:00:00,57.2000,1993-06-23 11:00:00,49.0000
04122500,43.945000,-86.278611,1995-01-16 19:30:00,1995-01-19 04:45:00,51.5367,1995-01-18 04:50:00,33.3333
04122500,43.945000,-86.278611,1995-03-16 02:23:06,1995-03-19 23:25:42,53.5188,1995-03-17 18:24:15,40.0192
04122500,43.945000,-86.278611,1996-02-29 13:25:00,1996-03-02 14:15:00,50.9703,1996-03-01 17:20:00,27.9167
04122500,43.945000,-86.278611,1996-06-19 17:25:00,1996-06-22 00:50:00,52.1030,1996-06-20 05:00:00,11.5833
04122500,43.945000,-86.278611,1997-02-22 14:00:00,1997-02-26 16:00:00,53.2357,1997-02-25 03:30:00,61.5000
04122500,43.945000,-86.278611,1998-04-01 12:45:00,1998-04-06 09:30:00,63.7129,1998-04-03 18:15:00,53.5000
04122500,43.945000,-86.278611,2000-05-22 04:45:00,2000-05-22 13:45:00,46.1565,2000-05-22 07:15:00,2.5000
04122500,43.945000,-86.278611,2001-02-12 02:15:00,2001-02-14 10:45:00,49.2713,2001-02-13 06:45:00,28.5000
04122500,43.945000,-86.278611,2001-04-14 10:45:00,2001-04-17 11:00:00,62.5802,2001-04-15 12:00:00,25.2500
04122500,43.945000,-86.278611,2001-05-18 17:00:00,2001-05-20 21:15:00,52.6693,2001-05-19 18:30:00,25.5000
04122500,43.945000,-86.278611,2001-05-27 02:15:00,2001-06-01 23:15:00,55.7842,2001-05-31 02:30:00,96.2500
04122500,43.945000,-86.278611,2002-03-10 12:30:00,2002-03-17 22:30:00,59.1822,2002-03-13 10:30:00,70.0000
04122500,43.945000,-86.278611,2004-03-04 17:00:00,2004-03-14 20:00:00,82.4020,2004-03-08 08:15:00,87.2500
04122500,43.945000,-86.278611,2004-05-10 18:45:00,2004-05-18 10:45:00,58.6159,2004-05-12 08:00:00,37.2500
04122500,43.945000,-86.278611,2004-05-19 15:00:00,2004-05-30 00:45:00,65.1287,2004-05-26 23:45:00,176.7500
04122500,43.945000,-86.278611,2004-06-01 03:45:00,2004-06-01 14:45:00,46.1565,2004-06-01 06:00:00,2.2500
04122500,43.945000,-86.278611,2004-06-10 05:00:00,2004-06-15 00:30:00,71.3585,2004-06-10 17:30:00,12.5000
04122500,43.945000,-86.278611,2004-12-11 00:45:00,2004-12-11 20:00:00,47.0060,2004-12-11 08:15:00,7.5000
04122500,43.945000,-86.278611,2005-01-03 05:00:00,2005-01-04 23:15:00,51.2535,2005-01-03 17:00:00,12.0000
04122500,43.945000,-86.278611,2005-01-14 05:30:00,2005-01-15 04:45:00,57.7664,2005-01-14 20:30:00,15.0000
04122500,43.945000,-86.278611,2005-03-31 06:45:00,2005-04-06 10:30:00,64.5624,2005-04-02 23:15:00,64.5000
04122500,43.945000,-86.278611,2006-03-12 08:00:00,2006-03-19 13:00:00,73.0575,2006-03-14 17:15:00,57.2500
04122500,43.945000,-86.278611,2006-04-05 01:00:00,2006-04-11 13:30:00,63.9961,2006-04-06 13:45:00,36.7500
04122500,43.945000,-86.278611,2006-05-14 06:00:00,2006-05-18 02:15:00,55.2179,2006-05-15 05:30:00,23.5000
04122500,43.945000,-86.278611,2007-03-14 12:45:00,2007-03-20 02:30:00,58.3327,2007-03-17 03:45:00,63.0000
04122500,43.945000,-86.278611,2007-03-22 04:15:00,2007-03-29 08:45:00,73.6238,2007-03-25 13:00:00,80.7500
04122500,43.945000,-86.278611,2007-04-06 06:15:00,2007-04-08 11:15:00,49.2713,2007-04-07 00:15:00,18.0000
04122500,43.945000,-86.278611,2007-05-04 06:15:00,2007-05-05 06:30:00,47.2891,2007-05-04 19:30:00,13.2500
04122500,43.945000,-86.278611,2008-04-02 14:30:00,2008-04-06 02:00:00,54.3683,2008-04-04 06:30:00,40.0000
04122500,43.945000,-86.278611,2008-04-12 11:45:00,2008-04-16 00:45:00,52.6693,2008-04-14 07:30:00,43.7500
04122500,43.945000,-86.278611,2008-06-10 04:30:00,2008-06-18 12:45:00,88.0654,2008-06-13 13:15:00,80.7500
04122500,43.945000,-86.278611,2009-03-09 06:15:00,2009-03-16 01:45:00,66.5446,2009-03-11 10:00:00,51.7500
04122500,43.945000,-86.278611,2009-05-15 18:30:00,2009-05-19 03:30:00,62.5802,2009-05-17 04:15:00,33.7500
04122500,43.945000,-86.278611,2009-11-02 23:45:00,2009-11-04 08:00:00,48.4218,2009-11-03 13:00:00,13.2500
04122500,43.945000,-86.278611,2010-03-14 10:45:00,2010-03-16 20:15:00,50.1208,2010-03-15 09:30:00,22.7500
04122500,43.945000,-86.278611,2011-04-06 22:00:00,2011-04-09 00:00:00,50.4040,2011-04-07 21:15:00,23.2500
04122500,43.945000,-86.278611,2011-04-28 14:00:00,2011-05-03 12:15:00,63.1466,2011-05-01 02:00:00,60.0000
04122500,43.945000,-86.278611,2012-03-10 15:30:00,2012-03-13 07:45:00,52.1030,2012-03-11 20:45:00,28.2500
04122500,43.945000,-86.278611,2012-03-15 01:45:00,2012-03-17 07:15:00,49.2713,2012-03-16 03:15:00,25.5000
04122500,43.945000,-86.278611,2012-05-06 12:45:00,2012-05-09 00:30:00,59.7485,2012-05-07 11:30:00,22.7500
04122500,43.945000,-86.278611,2013-04-10 21:30:00,2013-04-27 07:45:00,77.0218,2013-04-13 11:45:00,62.2500
04122500,43.945000,-86.278611,2013-05-25 18:45:00,2013-05-27 09:30:00,49.2713,2013-05-26 10:15:00,15.5000
04122500,43.945000,-86.278611,2013-11-21 06:15:00,2013-11-22 11:00:00,48.4218,2013-11-21 16:30:00,10.2500
04122500,43.945000,-86.278611,2014-04-01 13:30:00,2014-04-11 03:45:00,54.6515,2014-04-02 11:00:00,21.5000
04122500,43.945000,-86.278611,2014-04-13 03:15:00,2014-04-24 08:00:00,137.6199,2014-04-16 09:30:00,78.2500
04122500,43.945000,-86.278611,2014-05-10 05:00:00,2014-05-20 14:15:00,63.7129,2014-05-15 10:45:00,125.7500
04122500,43.945000,-86.278611,2015-04-11 11:30:00,2015-04-15 19:00:00,62.2971,2015-04-12 16:45:00,29.2500
04122500,43.945000,-86.278611,2015-06-17 00:00:00,2015-06-18 21:00:00,53.8020,2015-06-17 17:15:00,17.2500
04122500,43.945000,-86.278611,2015-11-30 23:00:00,2015-12-01 06:45:00,46.1565,2015-12-01 00:45:00,1.7500
04122500,43.945000,-86.278611,2016-03-27 17:45:00,2016-03-29 18:00:00,48.1386,2016-03-28 07:00:00,13.2500
04122500,43.945000,-86.278611,2016-03-31 10:15:00,2016-04-07 01:00:00,67.3941,2016-04-03 22:45:00,84.5000
04066500,45.500000,-88.000000,2000-09-12 18:45:00,2000-09-14 08:15:00,18.6325,2000-09-13 18:15:00,23.5000
04066500,45.500000,-88.000000,2001-04-07 16:45:00,2001-04-16 02:30:00,28.8832,2001-04-09 11:00:00,42.2500
04066500,45.500000,-88.000000,2002-04-12 05:00:00,2002-04-21 16:15:00,29.1664,2002-04-14 08:45:00,51.7500
04066500,45.500000,-88.000000,2002-04-24 21:00:00,2002-05-04 12:30:00,21.6907,2002-05-01 20:15:00,167.2500
04066500,45.500000,-88.000000,2002-05-07 02:15:00,2002-05-13 09:15:00,21.2943,2002-05-10 23:45:00,93.5000
04066500,45.500000,-88.000000,2002-06-14 11:45:00,2002-06-18 11:15:00,28.2036,2002-06-16 10:30:00,46.7500
04066500,45.500000,-88.000000,2002-10-06 07:30:00,2002-10-09 06:00:00,17.8962,2002-10-07 06:45:00,23.2500
04066500,45.500000,-88.000000,2003-04-16 07:30:00,2003-04-24 07:45:00,26.1364,2003-04-18 07:00:00,47.5000
04066500,45.500000,-88.000000,2003-05-12 10:00:00,2003-05-14 15:00:00,18.1511,2003-05-13 05:15:00,19.2500
04066500,45.500000,-88.000000,2004-03-29 22:30:00,2004-04-12 18:15:00,25.5701,2004-04-02 02:15:00,75.7500
04066500,45.500000,-88.000000,2004-04-19 08:45:00,2004-04-23 14:30:00,16.7636,2004-04-22 17:30:00,80.7500
04066500,45.500000,-88.000000,2004-05-24 05:00:00,2004-05-28 04:15:00,28.8832,2004-05-26 00:30:00,43.5000
04066500,45.500000,-88.000000,2004-06-01 03:45:00,2004-06-04 11:45:00,23.5879,2004-06-02 19:30:00,39.7500
04066500,45.500000,-88.000000,2005-03-31 17:30:00,2005-04-05 00:15:00,21.0677,2005-04-02 00:15:00,30.7500
04066500,45.500000,-88.000000,2006-04-01 18:45:00,2006-04-02 23:15:00,16.6786,2006-04-02 07:45:00,12.0000
04066500,45.500000,-88.000000,2006-05-12 22:00:00,2006-05-16 00:00:00,19.8218,2006-05-14 01:30:00,27.5000
04066500,45.500000,-88.000000,2007-03-26 06:15:00,2007-03-29 22:00:00,27.5806,2007-03-28 00:15:00,42.0000
04066500,45.500000,-88.000000,2007-06-05 07:00:00,2007-06-07 13:00:00,21.7757,2007-06-06 04:15:00,21.2500
04066500,45.500000,-88.000000,2008-04-15 23:00:00,2008-04-25 13:15:00,30.2990,2008-04-20 13:00:00,110.0000
04066500,45.500000,-88.000000,2009-04-27 08:15:00,2009-04-29 07:45:00,16.9618,2009-04-28 15:00:00,30.7500
04066500,45.500000,-88.000000,2010-09-24 10:00:00,2010-09-27 14:30:00,25.6551,2010-09-26 06:30:00,44.5000
04066500,45.500000,-88.000000,2010-10-26 23:15:00,2010-10-29 19:45:00,22.0305,2010-10-28 11:45:00,36.5000
04066500,45.500000,-88.000000,2011-04-10 08:30:00,2011-04-14 12:45:00,21.4359,2011-04-12 06:15:00,45.7500
04066500,45.500000,-88.000000,2011-04-27 04:15:00,2011-04-30 19:45:00,21.5208,2011-04-28 12:45:00,32.5000
04066500,45.500000,-88.000000,2011-05-12 07:45:00,2011-05-15 14:30:00,21.6058,2011-05-13 14:30:00,30.7500
04066500,45.500000,-88.000000,2011-06-22 11:15:00,2011-06-25 17:15:00,20.3598,2011-06-24 06:00:00,42.7500
04066500,45.500000,-88.000000,2012-03-16 00:30:00,2012-03-20 13:30:00,17.5281,2012-03-19 00:00:00,71.5000
04066500,45.500000,-88.000000,2013-04-24 04:45:00,2013-05-02 06:45:00,18.0661,2013-04-28 08:45:00,100.0000
04066500,45.500000,-88.000000,2014-04-10 19:15:00,2014-04-15 08:15:00,19.6519,2014-04-12 00:15:00,29.0000
04066500,45.500000,-88.000000,2014-04-21 13:15:00,2014-04-23 12:15:00,17.8396,2014-04-22 05:45:00,16.5000
04066500,45.500000,-88.000000,2014-09-06 13:00:00,2014-09-07 09:00:00,16.5370,2014-09-07 00:00:00,11.0000
04066500,45.500000,-88.000000,2015-04-10 09:45:00,2015-04-15 20:45:00,25.7400,2015-04-12 14:15:00,52.5000
04066500,45.500000,-88.000000,2015-05-26 21:15:00,2015-05-31 07:45:00,25.1170,2015-05-29 03:45:00,54.5000
04066500,45.500000,-88.000000,2015-12-15 00:45:00,2015-12-19 02:45:00,24.2392,2015-12-16 22:45:00,46.0000
04066500,45.500000,-88.000000,2015-12-20 10:45:00,2015-12-20 17:45:00,16.0840,2015-12-20 14:45:00,4.0000
04066500,45.500000,-88.000000,2016-03-16 15:45:00,2016-03-17 23:15:00,27.0992,2016-03-17 23:15:00,31.5000
04066500,45.500000,-88.000000,2016-04-27 06:30:00,2016-04-27 22:00:00,16.3105,2016-04-27 12:30:00,6.0000
04166000,42.545833,-83.223611,1991-05-26 11:00:00,1991-05-26 21:00:00,18.7741,1991-05-26 15:00:00,4.0000
04166000,42.545833,-83.223611,1994-06-26 18:45:00,1994-06-27 03:00:00,16.4804,1994-06-26 23:00:00,4.2500
04166000,42.545833,-83.223611,1996-06-18 18:15:00,1996-06-19 12:45:00,30.2990,1996-06-19 01:30:00,7.2500
04166000,42.545833,-83.223611,1997-02-21 09:15:00,1997-02-21 13:30:00,13.4505,1997-02-21 11:00:00,1.7500
04166000,42.545833,-83.223611,1997-05-19 05:45:00,1997-05-19 14:15:00,17.7263,1997-05-19 09:00:00,3.2500
04166000,42.545833,-83.223611,1998-02-18 00:15:00,1998-02-18 15:45:00,18.3776,1998-02-18 05:30:00,5.2500
04166000,42.545833,-83.223611,1998-08-06 10:45:00,1998-08-06 20:45:00,21.7757,1998-08-06 15:15:00,4.5000
04166000,42.545833,-83.223611,1999-04-23 15:15:00,1999-04-23 20:00:00,13.5638,1999-04-23 17:45:00,2.5000
04166000,42.545833,-83.223611,2000-06-25 08:00:00,2000-06-25 17:30:00,20.0483,2000-06-25 12:00:00,4.0000
04166000,42.545833,-83.223611,2000-07-30 18:15:00,2000-07-30 23:15:00,14.7248,2000-07-30 20:00:00,1.7500
04166000,42.545833,-83.223611,2001-02-09 18:45:00,2001-02-10 11:30:00,20.9828,2001-02-09 23:30:00,4.7500
04166000,42.545833,-83.223611,2001-02-25 12:45:00,2001-02-25 20:00:00,14.5549,2001-02-25 16:15:00,3.5000
04166000,42.545833,-83.223611,2001-10-16 18:30:00,2001-10-17 04:45:00,16.5654,2001-10-16 22:00:00,3.5000
04166000,42.545833,-83.223611,2004-05-23 12:15:00,2004-05-23 20:45:00,16.2539,2004-05-23 16:45:00,4.5000
04166000,42.545833,-83.223611,2005-11-16 06:15:00,2005-11-16 11:00:00,14.3566,2005-11-16 07:45:00,1.5000
04166000,42.545833,-83.223611,2006-02-17 07:00:00,2006-02-17 14:30:00,15.8574,2006-02-17 09:30:00,2.5000
04166000,42.545833,-83.223611,2006-05-11 10:30:00,2006-05-11 15:45:00,14.3000,2006-05-11 12:00:00,1.5000
04166000,42.545833,-83.223611,2006-12-01 17:00:00,2006-12-01 22:30:00,14.1867,2006-12-01 18:30:00,1.5000
04166000,42.545833,-83.223611,2007-03-02 09:30:00,2007-03-02 11:30:00,13.1957,2007-03-02 10:30:00,1.0000
04166000,42.545833,-83.223611,2008-09-13 22:30:00,2008-09-15 10:00:00,19.7085,2008-09-15 05:00:00,30.5000
04166000,42.545833,-83.223611,2009-02-12 06:45:00,2009-02-12 11:15:00,13.6204,2009-02-12 09:15:00,2.5000
04166000,42.545833,-83.223611,2009-03-08 04:00:00,2009-03-09 08:00:00,15.9707,2009-03-08 07:45:00,3.7500
04166000,42.545833,-83.223611,2009-03-11 08:45:00,2009-03-11 14:45:00,14.3566,2009-03-11 10:30:00,1.7500
04166000,42.545833,-83.223611,2009-04-20 18:00:00,2009-04-21 04:30:00,17.3016,2009-04-20 23:00:00,5.0000
04166000,42.545833,-83.223611,2010-06-06 09:45:00,2010-06-06 15:00:00,14.7248,2010-06-06 11:00:00,1.2500
04166000,42.545833,-83.223611,2011-05-25 23:15:00,2011-05-26 13:00:00,21.4075,2011-05-26 03:15:00,4.0000
04166000,42.545833,-83.223611,2011-11-29 15:45:00,2011-11-30 07:30:00,15.7442,2011-11-29 20:00:00,4.2500
04166000,42.545833,-83.223611,2014-08-12 03:00:00,2014-08-12 06:45:00,13.9602,2014-08-12 04:30:00,1.5000
04166000,42.545833,-83.223611,2015-05-31 10:15:00,2015-05-31 18:15:00,16.1406,2015-05-31 12:45:00,2.5000
04027500,46.498333,-90.903056,1992-07-02 13:45:00,1992-07-03 02:45:00,177.5466,1992-07-02 20:30:00,6.7500
04027500,46.498333,-90.903056,1996-04-19 01:45:00,1996-04-20 11:45:00,139.6021,1996-04-19 23:00:00,21.2500
04027500,46.498333,-90.903056,1996-04-21 23:15:00,1996-04-22 07:00:00,94.5783,1996-04-22 04:30:00,5.2500
04027500,46.498333,-90.903056,1996-07-12 16:00:00,1996-07-12 23:45:00,132.5228,1996-07-12 18:45:00,2.7500
04027500,46.498333,-90.903056,1997-04-06 09:45:00,1997-04-06 10:15:00,95.1446,1997-04-06 10:00:00,0.2500
04027500,46.498333,-90.903056,1999-07-15 01:30:00,1999-07-15 02:30:00,127.9921,1999-07-15 01:45:00,0.2500
04027500,46.498333,-90.903056,2001-04-12 02:00:00,2001-04-12 18:00:00,124.5941,2001-04-12 04:30:00,2.5000
04027500,46.498333,-90.903056,2001-04-23 06:15:00,2001-04-23 21:15:00,187.7407,2001-04-23 12:30:00,6.2500
04027500,46.498333,-90.903056,2001-04-25 19:00:00,2001-04-25 21:00:00,117.2317,2001-04-25 19:45:00,0.7500
04027500,46.498333,-90.903056,2002-04-12 23:45:00,2002-04-15 04:30:00,114.9664,2002-04-13 03:30:00,3.7500
04027500,46.498333,-90.903056,2003-05-11 17:45:00,2003-05-12 01:45:00,127.4258,2003-05-11 22:15:00,4.5000
04027500,46.498333,-90.903056,2005-10-05 13:45:00,2005-10-05 17:15:00,94.5783,2005-10-05 14:15:00,0.5000
04027500,46.498333,-90.903056,2012-06-20 21:30:00,2012-06-21 05:00:00,132.2397,2012-06-21 01:45:00,4.2500
04027500,46.498333,-90.903056,2013-05-20 05:45:00,2013-05-20 15:45:00,136.7704,2013-05-20 13:00:00,7.2500
04027500,46.498333,-90.903056,2016-03-16 15:00:00,2016-03-16 18:00:00,101.9406,2016-03-16 16:15:00,1.2500
04099750,41.748889,-85.576389,1987-12-15 17:00:00,1988-01-02 04:00:00,28.1469,1987-12-21 21:00:00,148.0000
04099750,41.748889,-85.576389,1988-01-18 21:00:00,1988-01-19 01:00:00,16.6220,1988-01-18 22:00:00,1.0000
04099750,41.748889,-85.576389,1988-02-01 12:00:00,1988-02-04 14:00:00,17.5848,1988-02-02 03:00:00,15.0000
04099750,41.748889,-85.576389,1988-10-18 20:00:00,1988-10-20 19:00:00,21.7757,1988-10-19 12:00:00,16.0000
04099750,41.748889,-85.576389,1988-11-12 14:00:00,1988-11-13 04:00:00,16.9901,1988-11-12 19:00:00,5.0000
04099750,41.748889,-85.576389,1988-11-16 10:00:00,1988-12-02 00:00:00,26.4479,1988-11-22 10:00:00,144.0000
04099750,41.748889,-85.576389,1989-01-08 17:00:00,1989-01-15 20:00:00,22.0871,1989-01-10 18:00:00,49.0000
04099750,41.748889,-85.576389,1989-06-01 18:00:00,1989-06-16 10:00:00,28.0054,1989-06-05 12:00:00,90.0000
04099750,41.748889,-85.576389,1990-02-22 22:00:00,1990-02-25 04:00:00,37.6614,1990-02-24 13:00:00,39.0000
04099750,41.748889,-85.576389,1990-04-15 08:00:00,1990-04-16 04:00:00,16.6786,1990-04-15 14:00:00,6.0000
04099750,41.748889,-85.576389,1990-05-14 08:00:00,1990-05-15 07:00:00,17.2450,1990-05-14 16:00:00,8.0000
04099750,41.748889,-85.576389,1990-05-16 10:00:00,1990-06-01 02:00:00,35.6792,1990-05-19 04:00:00,66.0000
04099750,41.748889,-85.576389,1990-10-10 12:00:00,1990-10-21 01:00:00,23.7578,1990-10-11 22:00:00,34.0000
04099750,41.748889,-85.576389,1990-11-06 15:00:00,1990-11-07 17:00:00,18.6891,1990-11-07 02:00:00,11.0000
04099750,41.748889,-85.576389,1990-12-29 15:00:00,1990-12-31 04:00:00,39.6436,1990-12-31 04:00:00,37.0000
04099750,41.748889,-85.576389,1991-01-16 05:00:00,1991-01-24 04:00:00,23.1632,1991-01-17 18:00:00,37.0000
04099750,41.748889,-85.576389,1991-02-22 09:00:00,1991-02-24 17:00:00,17.3299,1991-02-23 14:00:00,29.0000
04099750,41.748889,-85.576389,1991-03-03 12:00:00,1991-03-04 05:00:00,16.6786,1991-03-03 18:00:00,6.0000
04099750,41.748889,-85.576389,1991-03-05 18:00:00,1991-03-07 02:00:00,16.5937,1991-03-05 20:00:00,2.0000
04099750,41.748889,-85.576389,1991-04-19 23:00:00,1991-05-04 21:00:00,26.2214,1991-04-25 20:00:00,141.0000
04099750,41.748889,-85.576389,1991-06-02 00:00:00,1991-06-03 00:00:00,17.5848,1991-06-02 11:00:00,11.0000
04099750,41.748889,-85.576389,1992-07-23 19:00:00,1992-08-03 06:00:00,21.9739,1992-07-28 02:00:00,103.0000
04099750,41.748889,-85.576389,1992-11-04 00:00:00,1992-11-04 15:00:00,16.9052,1992-11-04 06:00:00,6.0000
04099750,41.748889,-85.576389,1992-12-31 02:00:00,1993-01-09 04:00:00,54.6515,1993-01-06 11:00:00,153.0000
04099750,41.748889,-85.576389,1993-01-22 05:00:00,1993-02-03 11:00:00,26.2497,1993-01-23 08:00:00,27.0000
04099750,41.748889,-85.576389,1993-03-10 15:00:00,1993-03-14 07:00:00,17.0751,1993-03-12 23:00:00,56.0000
04099750,41.748889,-85.576389,1993-03-17 15:00:00,1993-03-19 13:00:00,17.5281,1993-03-18 04:00:00,13.0000
04099750,41.748889,-85.576389,1993-03-20 22:00:00,1993-04-24 05:00:00,34.5466,1993-03-28 08:00:00,178.0000
04099750,41.748889,-85.576389,1993-04-25 11:00:00,1993-05-02 06:00:00,20.1899,1993-04-26 16:00:00,29.0000
04099750,41.748889,-85.576389,1993-05-04 04:00:00,1993-05-09 11:00:00,21.6907,1993-05-06 11:00:00,55.0000
04099750,41.748889,-85.576389,1993-06-08 05:00:00,1993-06-25 00:00:00,49.2713,1993-06-10 06:00:00,49.0000
04099750,41.748889,-85.576389,1994-02-20 17:00:00,1994-02-24 04:00:00,20.9545,1994-02-22 07:00:00,38.0000
04099750,41.748889,-85.576389,1994-03-07 11:00:00,1994-03-12 18:00:00,18.7458,1994-03-08 15:00:00,28.0000
04099750,41.748889,-85.576389,1994-04-13 07:00:00,1994-04-22 04:00:00,22.6252,1994-04-17 19:00:00,108.0000
04099750,41.748889,-85.576389,1995-04-12 06:00:00,1995-04-18 16:00:00,19.9067,1995-04-14 06:00:00,48.0000
04099750,41.748889,-85.576389,1995-05-29 10:00:00,1995-05-30 01:00:00,17.3582,1995-05-29 17:00:00,7.0000
04099750,41.748889,-85.576389,1996-04-23 06:00:00,1996-05-02 15:00:00,21.2093,1996-04-27 17:00:00,107.0000
04099750,41.748889,-85.576389,1996-06-06 21:00:00,1996-06-08 09:00:00,17.4432,1996-06-07 10:00:00,13.0000
04099750,41.748889,-85.576389,1996-08-22 02:00:00,1996-08-23 00:00:00,18.7458,1996-08-22 11:00:00,9.0000
04099750,41.748889,-85.576389,1996-12-28 10:00:00,1996-12-31 09:00:00,17.7263,1996-12-29 17:00:00,31.0000
04099750,41.748889,-85.576389,1997-02-21 07:00:00,1997-04-09 03:00:00,42.7584,1997-02-28 22:00:00,183.0000
04099750,41.748889,-85.576389,1997-05-25 22:00:00,1997-06-05 05:00:00,22.4269,1997-05-27 00:00:00,26.0000
04099750,41.748889,-85.576389,1997-06-22 09:00:00,1997-06-23 01:00:00,17.3582,1997-06-22 16:00:00,7.0000
04099750,41.748889,-85.576389,1997-08-17 11:00:00,1997-08-20 00:00:00,21.4075,1997-08-18 16:00:00,29.0000
04099750,41.748889,-85.576389,1998-01-05 20:00:00,1998-01-14 04:00:00,45.0238,1998-01-10 05:00:00,105.0000
04099750,41.748889,-85.576389,1998-01-24 15:00:00,1998-01-25 02:00:00,16.7353,1998-01-24 18:00:00,3.0000
04099750,41.748889,-85.576389,1998-02-21 16:00:00,1998-02-25 16:00:00,17.3865,1998-02-23 09:00:00,41.0000
04099750,41.748889,-85.576389,1998-05-02 04:00:00,1998-05-06 15:00:00,19.3687,1998-05-03 03:00:00,23.0000
04099750,41.748889,-85.576389,1998-08-06 20:00:00,1998-08-08 22:00:00,28.8832,1998-08-07 18:00:00,22.0000
04099750,41.748889,-85.576389,1998-08-26 09:00:00,1998-08-31 21:00:00,20.4448,1998-08-27 00:00:00,15.0000
04099750,41.748889,-85.576389,1999-01-24 05:00:00,1999-02-14 14:00:00,38.2277,1999-01-28 23:00:00,114.0000
04099750,41.748889,-85.576389,1999-03-21 00:00:00,1999-03-21 14:00:00,16.9052,1999-03-21 04:00:00,4.0000
04099750,41.748889,-85.576389,1999-05-24 23:00:00,1999-05-25 16:00:00,16.9052,1999-05-25 03:00:00,4.0000
04099750,41.748889,-85.576389,2000-04-21 19:00:00,2000-04-29 04:00:00,19.1705,2000-04-24 22:00:00,75.0000
04099750,41.748889,-85.576389,2000-06-26 00:00:00,2000-06-27 14:00:00,19.0572,2000-06-26 14:00:00,14.0000
04099750,41.748889,-85.576389,2001-02-09 19:00:00,2001-03-10 02:00:00,41.0594,2001-02-11 16:00:00,45.0000
04099750,41.748889,-85.576389,2001-04-07 22:00:00,2001-04-08 05:00:00,16.5937,2001-04-08 01:00:00,3.0000
04099750,41.748889,-85.576389,2001-04-16 16:00:00,2001-04-17 11:00:00,16.9052,2001-04-17 00:00:00,8.0000
04099750,41.748889,-85.576389,2002-02-01 05:00:00,2002-02-16 04:00:00,29.4495,2002-02-03 00:00:00,43.0000
04099750,41.748889,-85.576389,2002-02-22 14:00:00,2002-02-22 22:00:00,16.5937,2002-02-22 16:00:00,2.0000
04099750,41.748889,-85.576389,2002-03-07 15:00:00,2002-03-19 05:00:00,24.2392,2002-03-11 09:00:00,90.0000
04099750,41.748889,-85.576389,2002-04-03 06:00:00,2002-04-24 14:00:00,26.9576,2002-04-10 17:00:00,178.0000
04099750,41.748889,-85.576389,2002-05-12 09:00:00,2002-05-30 15:00:00,48.4218,2002-05-14 06:00:00,45.0000
04099750,41.748889,-85.576389,2002-06-04 22:00:00,2002-06-08 08:00:00,17.9529,2002-06-07 06:00:00,56.0000
04099750,41.748889,-85.576389,2003-05-10 07:00:00,2003-05-21 04:00:00,25.2586,2003-05-16 13:00:00,150.0000
04099750,41.748889,-85.576389,2003-12-30 08:00:00,2004-01-05 16:00:00,18.0378,2003-12-31 02:00:00,18.0000
04099750,41.748889,-85.576389,2004-03-05 03:00:00,2004-03-14 05:00:00,22.1721,2004-03-07 01:00:00,46.0000
04099750,41.748889,-85.576389,2004-05-31 19:00:00,2004-06-02 09:00:00,18.4626,2004-06-01 13:00:00,18.0000
04099750,41.748889,-85.576389,2004-06-12 08:00:00,2004-06-26 23:00:00,39.3604,2004-06-16 15:00:00,103.0000
04099750,41.748889,-85.576389,2005-01-12 19:00:00,2005-01-15 04:00:00,40.4931,2005-01-15 03:00:00,56.0000
04099750,41.748889,-85.576389,2006-03-13 22:00:00,2006-03-22 11:00:00,25.9099,2006-03-15 06:00:00,32.0000
04099750,41.748889,-85.576389,2006-05-16 10:00:00,2006-05-21 17:00:00,19.0572,2006-05-17 23:00:00,37.0000
04099750,41.748889,-85.576389,2006-07-14 19:00:00,2006-07-23 14:00:00,27.6089,2006-07-16 11:00:00,40.0000
04099750,41.748889,-85.576389,2006-07-29 08:00:00,2006-07-29 21:00:00,16.8202,2006-07-29 13:00:00,5.0000
04099750,41.748889,-85.576389,2006-12-02 02:00:00,2006-12-09 04:00:00,20.8695,2006-12-03 07:00:00,29.0000
04099750,41.748889,-85.576389,2007-03-11 18:00:00,2007-03-28 22:00:00,25.5135,2007-03-16 11:00:00,113.0000
04099750,41.748889,-85.576389,2007-04-26 05:00:00,2007-05-06 05:00:00,23.7578,2007-04-27 05:00:00,24.0000
04099750,41.748889,-85.576389,2007-08-21 02:04:00,2007-09-05 17:04:00,47.8555,2007-08-26 16:04:00,134.0000
04099750,41.748889,-85.576389,2007-12-13 06:00:00,2007-12-21 09:00:00,19.9351,2007-12-18 18:00:00,132.0000
04099750,41.748889,-85.576389,2007-12-23 12:00:00,2008-01-04 04:00:00,23.0216,2007-12-29 09:00:00,141.0000
04099750,41.748889,-85.576389,2008-01-07 05:00:00,2008-01-19 04:00:00,55.2179,2008-01-10 12:00:00,79.0000
04099750,41.748889,-85.576389,2008-02-05 14:00:00,2008-02-10 04:00:00,49.2713,2008-02-07 21:00:00,55.0000
04099750,41.748889,-85.576389,2008-02-18 05:00:00,2008-02-19 04:00:00,42.4753,2008-02-19 03:00:00,22.0000
04099750,41.748889,-85.576389,2008-09-14 21:00:00,2008-09-17 01:00:00,21.4642,2008-09-16 02:00:00,29.0000
04099750,41.748889,-85.576389,2009-02-18 05:00:00,2009-02-25 01:00:00,25.4002,2009-02-18 18:00:00,13.0000
04099750,41.748889,-85.576389,2009-05-16 05:00:00,2009-05-26 03:00:00,34.5466,2009-05-17 23:00:00,42.0000
04099750,41.748889,-85.576389,2009-05-27 07:00:00,2009-05-30 06:00:00,17.8679,2009-05-28 09:00:00,26.0000
04099750,41.748889,-85.576389,2009-06-20 08:00:00,2009-06-22 03:00:00,19.8501,2009-06-21 04:00:00,20.0000
04099750,41.748889,-85.576389,2009-08-29 16:00:00,2009-08-30 13:00:00,18.1228,2009-08-30 03:00:00,11.0000
04099750,41.748889,-85.576389,2009-12-27 03:00:00,2009-12-27 22:00:00,16.9052,2009-12-27 10:00:00,7.0000
04099750,41.748889,-85.576389,2009-12-29 12:00:00,2010-01-01 07:00:00,17.0751,2009-12-29 23:00:00,11.0000
04099750,41.748889,-85.576389,2010-03-12 03:15:00,2010-03-23 19:00:00,25.7683,2010-03-17 03:15:00,119.0000
04099750,41.748889,-85.576389,2010-04-26 04:00:00,2010-05-05 07:15:00,19.2555,2010-05-03 10:15:00,174.2500
04099750,41.748889,-85.576389,2010-05-08 05:15:00,2010-05-09 16:45:00,16.9052,2010-05-08 14:45:00,9.5000
04099750,41.748889,-85.576389,2010-06-19 15:45:00,2010-06-21 01:45:00,17.6414,2010-06-20 05:45:00,14.0000
04099750,41.748889,-85.576389,2011-03-05 08:15:00,2011-03-19 16:30:00,28.3168,2011-03-11 03:45:00,139.5000
04099750,41.748889,-85.576389,2011-11-24 05:15:00,2011-11-26 11:30:00,17.6414,2011-11-24 17:45:00,12.5000
04099750,41.748889,-85.576389,2012-01-17 23:15:00,2012-01-20 04:45:00,20.7846,2012-01-19 09:45:00,34.5000
04099750,41.748889,-85.576389,2012-02-25 19:15:00,2012-03-17 06:45:00,23.8711,2012-03-05 01:30:00,198.2500
04099750,41.748889,-85.576389,2012-03-24 04:45:00,2012-03-31 21:15:00,25.7683,2012-03-26 00:45:00,44.0000
04099750,41.748889,-85.576389,2013-04-12 17:00:00,2013-04-14 01:30:00,16.9901,2013-04-13 05:15:00,12.2500
04099750,41.748889,-85.576389,2013-04-15 20:30:00,2013-05-11 10:00:00,50.9703,2013-04-21 03:00:00,126.5000
04099750,41.748889,-85.576389,2013-06-27 01:30:00,2013-07-04 19:00:00,27.4673,2013-07-01 17:15:00,111.7500
04099750,41.748889,-85.576389,2013-07-10 22:15:00,2013-07-13 01:15:00,22.8800,2013-07-11 22:00:00,23.7500
04099750,41.748889,-85.576389,2014-01-03 17:15:00,2014-01-14 00:00:00,26.5612,2014-01-06 09:00:00,63.7500
04099750,41.748889,-85.576389,2014-02-22 03:45:00,2014-03-05 02:45:00,23.8711,2014-02-24 13:45:00,58.0000
04099750,41.748889,-85.576389,2014-05-20 03:15:00,2014-05-24 18:45:00,18.9723,2014-05-23 01:15:00,70.0000
04099750,41.748889,-85.576389,2015-01-07 13:00:00,2015-01-07 17:45:00,16.6786,2015-01-07 15:15:00,2.2500
04099750,41.748889,-85.576389,2015-01-08 23:15:00,2015-01-09 01:00:00,16.5937,2015-01-08 23:45:00,0.5000
04099750,41.748889,-85.576389,2015-03-15 09:15:00,2015-03-21 12:00:00,19.7368,2015-03-18 00:45:00,63.5000
04099750,41.748889,-85.576389,2015-07-02 16:15:00,2015-07-03 13:30:00,16.5937,2015-07-02 19:15:00,3.0000
04099750,41.748889,-85.576389,2015-12-31 00:00:00,2015-12-31 16:45:00,16.9052,2015-12-31 04:45:00,4.7500
04099750,41.748889,-85.576389,2016-01-02 17:00:00,2016-01-05 08:30:00,17.3016,2016-01-03 12:00:00,19.0000
04099750,41.748889,-85.576389,2016-01-06 13:00:00,2016-01-06 21:15:00,18.1228,2016-01-06 18:15:00,5.2500
04099750,41.748889,-85.576389,2016-01-19 04:45:00,2016-01-22 22:15:00,27.6089,2016-01-20 23:45:00,43.0000
04099750,41.748889,-85.576389,2016-05-05 17:30:00,2016-05-07 05:45:00,16.8202,2016-05-06 04:45:00,11.2500
04114498,42.828056,-84.759444,2002-02-20 21:15:00,2002-02-21 05:30:00,21.3792,2002-02-21 00:30:00,3.2500
04114498,42.828056,-84.759444,2002-03-08 22:15:00,2002-03-11 05:15:00,25.7117,2002-03-10 01:00:00,26.7500
04114498,42.828056,-84.759444,2003-04-05 04:45:00,2003-04-05 18:00:00,24.7772,2003-04-05 08:30:00,3.7500
04114498,42.828056,-84.759444,2004-03-05 16:00:00,2004-03-05 23:30:00,20.5297,2004-03-05 18:15:00,2.2500
04114498,42.828056,-84.759444,2004-05-21 18:45:00,2004-06-08 10:30:00,60.0317,2004-05-24 11:30:00,64.7500
04114498,42.828056,-84.759444,2005-01-13 05:00:00,2005-01-15 04:45:00,40.7763,2005-01-13 19:00:00,14.0000
04114498,42.828056,-84.759444,2006-01-29 18:45:00,2006-01-30 00:15:00,19.5103,2006-01-29 21:00:00,2.2500
04114498,42.828056,-84.759444,2006-03-13 14:00:00,2006-03-14 08:00:00,23.0782,2006-03-13 18:30:00,4.5000
04114498,42.828056,-84.759444,2007-03-22 15:45:00,2007-03-24 10:00:00,26.3064,2007-03-22 22:15:00,6.5000
04114498,42.828056,-84.759444,2008-03-03 22:00:00,2008-03-04 10:00:00,21.0677,2008-03-04 01:30:00,3.5000
04114498,42.828056,-84.759444,2008-04-01 01:30:00,2008-04-02 15:15:00,22.6535,2008-04-01 06:30:00,5.0000
04114498,42.828056,-84.759444,2008-04-11 07:00:00,2008-04-14 21:00:00,23.7295,2008-04-11 13:45:00,6.7500
04114498,42.828056,-84.759444,2008-09-14 22:30:00,2008-09-15 19:30:00,26.1931,2008-09-15 04:45:00,6.2500
04114498,42.828056,-84.759444,2008-12-27 18:00:00,2008-12-30 07:45:00,39.6436,2008-12-28 03:45:00,9.7500
04114498,42.828056,-84.759444,2009-02-12 05:00:00,2009-02-12 23:00:00,22.0022,2009-02-12 09:30:00,4.5000
04114498,42.828056,-84.759444,2009-02-17 21:00:00,2009-02-19 04:45:00,20.6430,2009-02-19 03:30:00,30.5000
04114498,42.828056,-84.759444,2009-02-27 05:15:00,2009-02-28 19:15:00,26.3347,2009-02-27 11:30:00,6.2500
04114498,42.828056,-84.759444,2009-03-08 02:15:00,2009-03-20 03:00:00,28.6000,2009-03-09 05:00:00,25.7500
04114498,42.828056,-84.759444,2009-04-03 15:45:00,2009-04-03 23:00:00,19.7085,2009-04-03 18:45:00,3.0000
04114498,42.828056,-84.759444,2009-04-26 08:30:00,2009-05-11 07:15:00,40.4931,2009-04-28 12:30:00,52.0000
04114498,42.828056,-84.759444,2009-06-27 05:00:00,2009-07-01 09:15:00,22.1155,2009-06-27 13:30:00,8.5000
04114498,42.828056,-84.759444,2010-03-12 07:30:00,2010-03-12 13:30:00,19.9067,2010-03-12 10:15:00,2.7500
04114498,42.828056,-84.759444,2010-04-06 19:00:00,2010-04-07 06:30:00,22.1155,2010-04-06 22:00:00,3.0000
04114498,42.828056,-84.759444,2010-05-13 18:00:00,2010-05-14 01:00:00,20.8412,2010-05-13 19:30:00,1.5000
04114498,42.828056,-84.759444,2011-03-21 07:00:00,2011-03-25 18:15:00,26.4479,2011-03-23 15:15:00,56.2500
04114498,42.828056,-84.759444,2011-04-23 08:00:00,2011-04-24 02:15:00,24.0976,2011-04-23 11:30:00,3.5000
04114498,42.828056,-84.759444,2011-04-27 16:45:00,2011-05-09 16:45:00,35.1129,2011-04-28 16:00:00,23.2500
04114498,42.828056,-84.759444,2011-05-14 06:15:00,2011-05-22 17:30:00,30.5822,2011-05-15 18:30:00,36.2500
04114498,42.828056,-84.759444,2011-05-25 21:30:00,2011-06-05 02:00:00,44.1743,2011-05-30 04:15:00,102.7500
04114498,42.828056,-84.759444,2011-07-29 09:30:00,2011-07-29 15:15:00,21.8040,2011-07-29 11:45:00,2.2500
04114498,42.828056,-84.759444,2012-05-04 04:45:00,2012-05-04 13:45:00,21.8040,2012-05-04 07:00:00,2.2500
04114498,42.828056,-84.759444,2012-05-12 14:30:00,2012-05-13 14:00:00,31.9980,2012-05-12 20:00:00,5.5000
04114498,42.828056,-84.759444,2013-04-10 18:45:00,2013-04-14 15:30:00,35.1129,2013-04-12 12:45:00,42.0000
04114498,42.828056,-84.759444,2013-04-16 10:00:00,2013-05-06 20:45:00,55.7842,2013-04-19 15:00:00,77.0000
04114498,42.828056,-84.759444,2013-05-29 04:15:00,2013-05-29 22:30:00,26.1081,2013-05-29 11:15:00,7.0000
04114498,42.828056,-84.759444,2013-06-13 06:30:00,2013-06-15 09:45:00,30.8654,2013-06-13 12:30:00,6.0000
04114498,42.828056,-84.759444,2013-06-16 14:15:00,2013-06-17 00:00:00,19.4820,2013-06-16 16:15:00,2.0000
04114498,42.828056,-84.759444,2013-06-29 03:15:00,2013-06-29 09:45:00,23.6446,2013-06-29 06:00:00,2.7500
04114498,42.828056,-84.759444,2013-08-28 08:30:00,2013-08-28 21:00:00,29.1664,2013-08-28 13:30:00,5.0000
04114498,42.828056,-84.759444,2014-03-28 21:30:00,2014-04-06 06:00:00,21.1527,2014-04-02 01:00:00,99.5000
04114498,42.828056,-84.759444,2014-05-15 12:45:00,2014-05-16 12:30:00,25.9949,2014-05-15 18:30:00,5.7500
04114498,42.828056,-84.759444,2015-06-14 13:00:00,2015-06-16 00:00:00,41.0594,2015-06-14 19:45:00,6.7500
04114498,42.828056,-84.759444,2015-06-23 04:45:00,2015-06-26 08:30:00,59.4654,2015-06-23 09:15:00,4.5000
04114498,42.828056,-84.759444,2015-08-10 19:30:00,2015-08-11 05:00:00,22.5402,2015-08-10 22:00:00,2.5000
04114498,42.828056,-84.759444,2016-03-08 19:00:00,2016-03-09 06:15:00,19.9067,2016-03-08 23:00:00,4.0000
04114498,42.828056,-84.759444,2016-03-14 04:15:00,2016-03-17 03:15:00,23.5313,2016-03-14 10:45:00,6.5000
04114498,42.828056,-84.759444,2016-03-25 00:45:00,2016-03-25 11:15:00,20.1050,2016-03-25 04:00:00,3.2500
04114498,42.828056,-84.759444,2016-03-31 21:45:00,2016-04-03 09:00:00,31.4317,2016-04-01 04:15:00,6.5000
04114498,42.828056,-84.759444,2016-04-11 00:15:00,2016-04-13 14:30:00,26.9293,2016-04-11 11:00:00,10.7500
04117500,42.615833,-85.236389,1990-03-11 12:00:00,1990-03-19 22:00:00,73.0575,1990-03-14 09:00:00,69.0000
04117500,42.615833,-85.236389,1990-10-11 12:00:00,1990-10-17 23:00:00,50.9703,1990-10-13 18:00:00,54.0000
04117500,42.615833,-85.236389,1990-11-06 20:00:00,1990-11-14 08:00:00,61.1644,1990-11-09 10:00:00,62.0000
04117500,42.615833,-85.236389,1990-11-28 10:00:00,1990-12-07 12:00:00,89.7644,1990-11-30 23:00:00,61.0000
04117500,42.615833,-85.236389,1990-12-30 20:00:00,1991-01-05 03:00:00,40.2099,1991-01-02 19:00:00,71.0000
04117500,42.615833,-85.236389,1991-03-03 18:00:00,1991-03-09 11:00:00,39.9268,1991-03-05 23:00:00,53.0000
04117500,42.615833,-85.236389,1991-03-28 11:00:00,1991-04-03 22:00:00,55.2179,1991-03-30 15:00:00,52.0000
04117500,42.615833,-85.236389,1991-04-10 20:00:00,1991-04-28 05:00:00,39.6436,1991-04-18 07:00:00,179.0000
04117500,42.615833,-85.236389,1991-12-01 23:00:00,1991-12-03 18:00:00,29.7327,1991-12-02 09:00:00,10.0000
04117500,42.615833,-85.236389,1992-03-28 21:00:00,1992-03-30 08:00:00,28.8832,1992-03-29 14:00:00,17.0000
04117500,42.615833,-85.236389,1992-04-26 09:00:00,1992-05-01 11:00:00,36.8119,1992-04-28 08:00:00,47.0000
04117500,42.615833,-85.236389,1992-11-15 14:00:00,1992-11-19 10:00:00,31.9980,1992-11-17 05:00:00,39.0000
04117500,42.615833,-85.236389,1993-01-01 14:00:00,1993-01-12 06:00:00,61.4476,1993-01-07 04:00:00,134.0000
04117500,42.615833,-85.236389,1993-03-24 17:00:00,1993-04-06 05:00:00,50.4040,1993-03-29 14:00:00,117.0000
04117500,42.615833,-85.236389,1993-04-20 10:00:00,1993-04-29 07:00:00,94.0119,1993-04-22 20:00:00,58.0000
04117500,42.615833,-85.236389,1993-06-21 12:00:00,1993-06-25 01:00:00,34.5466,1993-06-22 16:00:00,28.0000
04117500,42.615833,-85.236389,1993-10-19 14:00:00,1993-10-25 06:00:00,37.6614,1993-10-22 01:00:00,59.0000
04117500,42.615833,-85.236389,1994-02-21 02:00:00,1994-02-26 21:00:00,64.8456,1994-02-23 06:00:00,52.0000
04117500,42.615833,-85.236389,1994-03-08 02:00:00,1994-03-12 02:00:00,35.1129,1994-03-10 03:00:00,49.0000
04117500,42.615833,-85.236389,1994-06-25 23:00:00,1994-06-30 21:00:00,38.5109,1994-06-27 18:00:00,43.0000
04117500,42.615833,-85.236389,1994-11-06 05:00:00,1994-11-12 22:00:00,43.8911,1994-11-08 05:00:00,48.0000
04117500,42.615833,-85.236389,1995-03-13 09:00:00,1995-03-18 23:00:00,42.4753,1995-03-15 19:00:00,58.0000
04117500,42.615833,-85.236389,1996-06-19 08:00:00,1996-06-26 16:00:00,71.0753,1996-06-21 17:00:00,57.0000
04117500,42.615833,-85.236389,1997-01-25 14:00:00,1997-01-27 10:30:00,29.7327,1997-01-26 09:30:00,19.5000
04117500,42.615833,-85.236389,1997-02-21 18:00:00,1997-03-07 15:30:00,88.9149,1997-02-24 02:00:00,56.0000
04117500,42.615833,-85.236389,1998-02-18 09:30:00,1998-02-24 15:00:00,41.0594,1998-02-21 04:00:00,66.5000
04117500,42.615833,-85.236389,1998-03-11 03:30:00,1998-03-15 19:00:00,37.9446,1998-03-13 04:30:00,49.0000
04117500,42.615833,-85.236389,1998-03-19 22:00:00,1998-03-25 12:30:00,45.5901,1998-03-21 16:00:00,42.0000
04117500,42.615833,-85.236389,1999-01-26 23:30:00,1999-01-29 22:00:00,32.2812,1999-01-28 06:00:00,30.5000
04117500,42.615833,-85.236389,1999-04-24 00:30:00,1999-04-30 22:00:00,67.3941,1999-04-26 07:00:00,54.5000
04117500,42.615833,-85.236389,2000-04-22 06:00:00,2000-04-25 08:00:00,33.1307,2000-04-23 02:30:00,20.5000
04117500,42.615833,-85.236389,2000-05-19 12:30:00,2000-05-26 16:30:00,64.2792,2000-05-21 19:30:00,55.0000
04117500,42.615833,-85.236389,2000-09-24 19:30:00,2000-09-26 12:30:00,30.8654,2000-09-25 08:30:00,13.0000
04117500,42.615833,-85.236389,2001-02-10 05:30:00,2001-02-18 13:30:00,86.6496,2001-02-13 00:30:00,67.0000
04117500,42.615833,-85.236389,2001-02-26 04:00:00,2001-03-04 21:30:00,52.3862,2001-02-28 03:00:00,47.0000
04117500,42.615833,-85.236389,2001-05-16 12:00:00,2001-05-22 23:30:00,51.2535,2001-05-18 11:30:00,47.5000
04117500,42.615833,-85.236389,2002-03-10 02:30:00,2002-03-16 05:30:00,46.7228,2002-03-12 07:15:00,52.7500
04117500,42.615833,-85.236389,2003-04-06 03:30:00,2003-04-11 00:45:00,36.8119,2003-04-07 16:15:00,36.7500
04117500,42.615833,-85.236389,2004-03-03 13:00:00,2004-03-12 08:45:00,58.3327,2004-03-07 08:45:00,91.7500
04117500,42.615833,-85.236389,2004-05-14 17:30:00,2004-05-16 14:30:00,30.5822,2004-05-15 03:00:00,9.5000
04117500,42.615833,-85.236389,2004-05-24 05:00:00,2004-06-03 09:00:00,156.5922,2004-05-25 11:30:00,30.5000
04117500,42.615833,-85.236389,2005-01-13 19:45:00,2005-01-17 04:45:00,88.9149,2005-01-16 02:00:00,54.2500
04117500,42.615833,-85.236389,2005-02-16 07:15:00,2005-02-21 14:45:00,42.4753,2005-02-18 01:00:00,41.7500
04117500,42.615833,-85.236389,2005-03-10 21:15:00,2005-03-12 13:15:00,30.5822,2005-03-11 07:45:00,10.5000
04117500,42.615833,-85.236389,2006-03-11 10:30:00,2006-03-19 13:30:00,49.8377,2006-03-15 07:30:00,93.0000
04117500,42.615833,-85.236389,2006-05-14 15:30:00,2006-05-19 20:00:00,33.9802,2006-05-16 23:00:00,55.5000
04117500,42.615833,-85.236389,2006-12-03 06:00:00,2006-12-06 18:45:00,33.1307,2006-12-04 18:15:00,36.2500
04117500,42.615833,-85.236389,2007-03-12 07:45:00,2007-03-18 15:45:00,49.8377,2007-03-14 19:45:00,60.0000
04117500,42.615833,-85.236389,2007-03-23 23:30:00,2007-03-29 04:45:00,34.5466,2007-03-25 16:15:00,40.7500
04117500,42.615833,-85.236389,2008-01-09 12:30:00,2008-01-13 04:45:00,47.0060,2008-01-11 22:00:00,57.5000
04117500,42.615833,-85.236389,2008-02-21 00:00:00,2008-02-23 16:15:00,31.4317,2008-02-21 12:15:00,12.2500
04117500,42.615833,-85.236389,2008-03-05 19:45:00,2008-03-09 06:45:00,35.3961,2008-03-07 04:30:00,32.7500
04117500,42.615833,-85.236389,2008-04-01 19:00:00,2008-04-06 16:15:00,36.2456,2008-04-03 21:45:00,50.7500
04117500,42.615833,-85.236389,2008-04-12 08:15:00,2008-04-18 01:00:00,43.3248,2008-04-14 13:30:00,53.2500
04117500,42.615833,-85.236389,2008-06-08 11:00:00,2008-06-13 04:45:00,98.2595,2008-06-10 15:45:00,52.7500
04117500,42.615833,-85.236389,2008-09-15 05:45:00,2008-09-22 10:45:00,56.3505,2008-09-17 23:00:00,65.2500
04117500,42.615833,-85.236389,2008-12-28 04:30:00,2009-01-05 07:30:00,91.7466,2008-12-30 09:15:00,52.7500
04117500,42.615833,-85.236389,2009-02-11 05:00:00,2009-02-19 01:00:00,62.5802,2009-02-13 21:30:00,64.5000
04117500,42.615833,-85.236389,2009-02-28 07:15:00,2009-03-04 07:45:00,36.8119,2009-03-01 07:15:00,24.0000
04117500,42.615833,-85.236389,2009-03-09 02:30:00,2009-03-17 14:15:00,65.1287,2009-03-12 01:45:00,71.2500
04117500,42.615833,-85.236389,2009-04-07 09:15:00,2009-04-09 20:30:00,30.0159,2009-04-08 04:00:00,18.7500
04117500,42.615833,-85.236389,2009-04-27 16:30:00,2009-05-07 00:15:00,67.3941,2009-04-30 19:15:00,74.7500
04117500,42.615833,-85.236389,2009-06-21 09:30:00,2009-06-25 10:30:00,33.9802,2009-06-22 14:15:00,28.7500
04117500,42.615833,-85.236389,2010-03-12 14:30:00,2010-03-20 01:00:00,68.5268,2010-03-14 23:15:00,55.7500
04117500,42.615833,-85.236389,2010-04-09 19:00:00,2010-04-12 23:45:00,32.2812,2010-04-11 02:00:00,31.0000
04117500,42.615833,-85.236389,2010-05-14 17:15:00,2010-05-18 13:30:00,35.1129,2010-05-15 22:45:00,29.5000
04117500,42.615833,-85.236389,2010-06-07 09:30:00,2010-06-12 20:15:00,40.4931,2010-06-09 18:15:00,56.7500
04117500,42.615833,-85.236389,2011-03-11 19:45:00,2011-03-16 16:00:00,34.8297,2011-03-14 07:00:00,58.2500
04117500,42.615833,-85.236389,2011-03-24 04:15:00,2011-03-27 15:45:00,32.8475,2011-03-25 14:00:00,33.7500
04117500,42.615833,-85.236389,2011-04-22 20:30:00,2011-05-05 08:00:00,61.4476,2011-04-30 04:15:00,175.7500
04117500,42.615833,-85.236389,2011-05-17 11:15:00,2011-05-22 06:00:00,35.9624,2011-05-19 00:15:00,37.0000
04117500,42.615833,-85.236389,2011-05-26 17:15:00,2011-06-05 09:15:00,63.9961,2011-05-31 08:45:00,111.5000
04117500,42.615833,-85.236389,2011-07-29 12:00:00,2011-08-07 20:45:00,89.4812,2011-08-01 01:15:00,61.2500
04117500,42.615833,-85.236389,2012-03-03 05:30:00,2012-03-08 04:00:00,39.9268,2012-03-04 23:15:00,41.7500
04117500,42.615833,-85.236389,2013-02-01 02:30:00,2013-02-02 11:30:00,29.7327,2013-02-02 00:00:00,21.5000
04117500,42.615833,-85.236389,2013-04-12 06:45:00,2013-04-14 04:30:00,68.8099,2013-04-14 04:30:00,45.7500
04117500,42.615833,-85.236389,2013-04-15 05:00:00,2013-04-19 04:45:00,71.0753,2013-04-19 04:45:00,95.7500
04117500,42.615833,-85.236389,2013-04-22 05:00:00,2013-04-30 02:45:00,91.7466,2013-04-22 05:30:00,0.5000
04117500,42.615833,-85.236389,2013-06-14 22:15:00,2013-06-21 08:00:00,53.8020,2013-06-17 09:45:00,59.5000
04117500,42.615833,-85.236389,2014-03-18 23:30:00,2014-03-24 04:45:00,60.5981,2014-03-24 03:30:00,124.0000
04117500,42.615833,-85.236389,2014-03-25 05:00:00,2014-04-08 13:00:00,58.0495,2014-03-25 05:15:00,0.2500
04117500,42.615833,-85.236389,2015-03-14 19:15:00,2015-03-20 08:15:00,39.6436,2015-03-16 22:45:00,51.5000
04117500,42.615833,-85.236389,2015-06-16 01:00:00,2015-06-22 09:45:00,42.4753,2015-06-19 01:45:00,72.7500
04117500,42.615833,-85.236389,2015-06-23 10:45:00,2015-06-30 06:15:00,39.3604,2015-06-26 03:00:00,64.2500
04117500,42.615833,-85.236389,2016-03-10 03:00:00,2016-03-19 18:15:00,34.8297,2016-03-11 21:30:00,42.5000
04117500,42.615833,-85.236389,2016-04-02 01:30:00,2016-04-08 18:00:00,43.8911,2016-04-04 19:30:00,66.0000
04117500,42.615833,-85.236389,2016-04-11 08:15:00,2016-04-16 22:15:00,39.9268,2016-04-13 13:45:00,53.5000
04117500,42.615833,-85.236389,2016-05-05 14:00:00,2016-05-09 08:00:00,35.6792,2016-05-07 01:15:00,35.2500
04122200,43.464167,-86.232500,1990-03-13 16:00:00,1990-03-15 05:00:00,41.0594,1990-03-14 04:00:00,12.0000
04122200,43.464167,-86.232500,1990-05-11 23:00:00,1990-05-12 10:00:00,37.6614,1990-05-12 02:00:00,3.0000
04122200,43.464167,-86.232500,1991-03-03 23:00:00,1991-03-04 00:00:00,36.5287,1991-03-04 00:00:00,1.0000
04122200,43.464167,-86.232500,1991-03-28 18:00:00,1991-03-30 16:00:00,54.3683,1991-03-29 11:00:00,17.0000
04122200,43.464167,-86.232500,1991-04-16 12:00:00,1991-04-18 11:00:00,52.9525,1991-04-17 04:00:00,16.0000
04122200,43.464167,-86.232500,1991-11-01 02:00:00,1991-11-02 06:00:00,41.6258,1991-11-01 11:00:00,9.0000
04122200,43.464167,-86.232500,1991-12-01 11:00:00,1991-12-02 15:00:00,45.0238,1991-12-01 20:00:00,9.0000
04122200,43.464167,-86.232500,1992-04-18 06:00:00,1992-04-18 13:00:00,36.5287,1992-04-18 07:00:00,1.0000
04122200,43.464167,-86.232500,1993-04-21 09:00:00,1993-04-22 13:00:00,41.9089,1993-04-21 19:00:00,10.0000
04122200,43.464167,-86.232500,1997-02-23 21:00:00,1997-02-24 05:00:00,36.5287,1997-02-23 22:00:00,1.0000
04122200,43.464167,-86.232500,1998-04-01 23:15:00,1998-04-03 08:45:00,44.4574,1998-04-02 11:00:00,11.7500
04122200,43.464167,-86.232500,2001-02-10 23:00:00,2001-02-12 13:30:00,53.8020,2001-02-11 04:30:00,5.5000
04122200,43.464167,-86.232500,2001-04-13 12:30:00,2001-04-14 12:15:00,47.8555,2001-04-13 22:15:00,9.7500
04122200,43.464167,-86.232500,2001-05-16 06:45:00,2001-05-19 03:15:00,63.1466,2001-05-17 11:15:00,28.5000
04122200,43.464167,-86.232500,2001-05-29 04:15:00,2001-05-29 21:30:00,38.5109,2001-05-29 10:15:00,6.0000
04122200,43.464167,-86.232500,2002-03-10 17:15:00,2002-03-12 05:00:00,52.3862,2002-03-10 22:30:00,5.2500
04122200,43.464167,-86.232500,2004-03-06 08:45:00,2004-03-09 21:45:00,65.9783,2004-03-06 23:45:00,15.0000
04122200,43.464167,-86.232500,2004-05-09 14:00:00,2004-05-11 04:45:00,80.7030,2004-05-10 00:15:00,10.2500
04122200,43.464167,-86.232500,2004-05-24 08:45:00,2004-05-27 11:15:00,56.0674,2004-05-25 04:30:00,19.7500
04122200,43.464167,-86.232500,2005-01-14 11:30:00,2005-01-15 13:30:00,47.2891,2005-01-14 22:30:00,11.0000
04122200,43.464167,-86.232500,2006-03-11 18:00:00,2006-03-12 02:30:00,36.8119,2006-03-11 21:15:00,3.2500
04122200,43.464167,-86.232500,2006-03-14 06:45:00,2006-03-15 13:15:00,44.4574,2006-03-14 17:30:00,10.7500
04122200,43.464167,-86.232500,2006-04-04 16:00:00,2006-04-05 14:15:00,42.7584,2006-04-05 01:30:00,9.5000
04122200,43.464167,-86.232500,2007-03-15 00:30:00,2007-03-16 03:00:00,40.2099,2007-03-15 07:45:00,7.2500
04122200,43.464167,-86.232500,2007-03-23 05:00:00,2007-03-24 19:30:00,57.2000,2007-03-23 15:30:00,10.5000
04122200,43.464167,-86.232500,2008-06-10 19:15:00,2008-06-11 07:30:00,37.6614,2008-06-10 19:30:00,0.2500
04122200,43.464167,-86.232500,2009-02-12 05:00:00,2009-02-14 06:15:00,44.4574,2009-02-13 02:45:00,21.7500
04122200,43.464167,-86.232500,2009-02-28 19:15:00,2009-03-01 06:00:00,45.8733,2009-02-28 23:00:00,3.7500
04122200,43.464167,-86.232500,2009-03-09 13:15:00,2009-03-12 09:45:00,53.8020,2009-03-10 01:15:00,12.0000
04122200,43.464167,-86.232500,2009-05-02 01:45:00,2009-05-02 14:15:00,38.2277,2009-05-02 07:30:00,5.7500
04122200,43.464167,-86.232500,2009-05-15 12:15:00,2009-05-16 06:45:00,42.1921,2009-05-15 19:00:00,6.7500
04122200,43.464167,-86.232500,2010-03-13 18:45:00,2010-03-14 02:00:00,36.8119,2010-03-13 23:15:00,4.5000
04122200,43.464167,-86.232500,2011-04-05 07:15:00,2011-04-06 21:00:00,62.8634,2011-04-05 17:45:00,10.5000
04122200,43.464167,-86.232500,2011-04-28 18:00:00,2011-04-30 03:00:00,41.3426,2011-04-29 04:45:00,10.7500
04122200,43.464167,-86.232500,2013-04-10 22:30:00,2013-04-15 05:15:00,60.0317,2013-04-11 13:45:00,15.2500
04122200,43.464167,-86.232500,2013-04-19 01:00:00,2013-04-21 19:15:00,64.2792,2013-04-19 17:00:00,16.0000
04122200,43.464167,-86.232500,2013-11-19 05:30:00,2013-11-20 11:00:00,42.7584,2013-11-19 13:30:00,8.0000
04122200,43.464167,-86.232500,2014-04-01 23:15:00,2014-04-03 08:15:00,39.6436,2014-04-02 13:15:00,14.0000
04122200,43.464167,-86.232500,2014-04-13 19:30:00,2014-04-19 21:30:00,110.1525,2014-04-14 20:30:00,25.0000
04122200,43.464167,-86.232500,2014-05-10 11:15:00,2014-05-18 10:30:00,79.8535,2014-05-13 19:30:00,80.2500
04122200,43.464167,-86.232500,2015-04-10 11:15:00,2015-04-14 13:00:00,96.2773,2015-04-11 03:15:00,16.0000
04122200,43.464167,-86.232500,2015-06-15 18:15:00,2015-06-16 13:30:00,38.2277,2015-06-16 02:15:00,8.0000
04122200,43.464167,-86.232500,2016-04-01 17:00:00,2016-04-03 07:00:00,45.8733,2016-04-02 02:00:00,9.0000
04126970,44.656667,-85.436667,1998-04-01 09:45:00,1998-04-03 06:45:00,12.7143,1998-04-02 08:15:00,22.5000
04126970,44.656667,-85.436667,2001-04-12 22:00:00,2001-04-14 15:45:00,12.2895,2001-04-14 01:45:00,27.7500
04126970,44.656667,-85.436667,2013-04-19 02:15:00,2013-04-21 04:45:00,11.6949,2013-04-20 01:00:00,22.7500
04126970,44.656667,-85.436667,2014-04-14 04:15:00,2014-04-17 22:00:00,17.6697,2014-04-15 10:45:00,30.5000
04126970,44.656667,-85.436667,2016-04-01 14:45:00,2016-04-02 07:45:00,10.8737,2016-04-02 00:30:00,9.7500
04142000,44.072500,-84.020000,1990-03-14 05:00:00,1990-03-18 02:00:00,85.8000,1990-03-14 07:00:00,2.0000
04142000,44.072500,-84.020000,1990-10-10 20:00:00,1990-10-12 04:00:00,47.0060,1990-10-11 08:00:00,12.0000
04142000,44.072500,-84.020000,1990-11-28 17:00:00,1990-11-29 22:00:00,43.8911,1990-11-29 01:00:00,8.0000
04142000,44.072500,-84.020000,1991-03-03 05:00:00,1991-03-05 09:00:00,112.7010,1991-03-03 11:00:00,6.0000
04142000,44.072500,-84.020000,1991-03-23 12:00:00,1991-03-25 22:00:00,50.6872,1991-03-24 06:00:00,18.0000
04142000,44.072500,-84.020000,1991-03-27 20:00:00,1991-03-31 04:00:00,90.0476,1991-03-29 02:00:00,30.0000
04142000,44.072500,-84.020000,1991-04-08 22:00:00,1991-04-12 14:00:00,96.8436,1991-04-10 01:00:00,27.0000
04142000,44.072500,-84.020000,1991-04-15 14:00:00,1991-04-18 20:00:00,96.2773,1991-04-16 16:00:00,26.0000
04142000,44.072500,-84.020000,1991-04-28 17:00:00,1991-04-30 01:00:00,45.0238,1991-04-29 01:00:00,8.0000
04142000,44.072500,-84.020000,1991-05-26 15:00:00,1991-06-02 02:00:00,94.0119,1991-05-31 07:00:00,112.0000
04142000,44.072500,-84.020000,1991-10-05 18:00:00,1991-10-06 05:00:00,38.2277,1991-10-05 22:00:00,4.0000
04142000,44.072500,-84.020000,1991-10-31 01:00:00,1991-11-02 03:00:00,55.7842,1991-10-31 14:00:00,13.0000
04142000,44.072500,-84.020000,1991-12-13 15:00:00,1991-12-15 01:00:00,43.3248,1991-12-13 23:00:00,8.0000
04142000,44.072500,-84.020000,1992-03-10 05:00:00,1992-03-11 04:00:00,62.8634,1992-03-10 12:00:00,7.0000
04142000,44.072500,-84.020000,1992-04-12 05:00:00,1992-04-13 04:00:00,39.6436,1992-04-12 11:00:00,6.0000
04142000,44.072500,-84.020000,1992-04-16 18:00:00,1992-04-19 14:00:00,68.5268,1992-04-17 15:00:00,21.0000
04142000,44.072500,-84.020000,1992-04-22 02:00:00,1992-04-24 18:00:00,59.1822,1992-04-23 01:00:00,23.0000
04142000,44.072500,-84.020000,1992-11-03 04:00:00,1992-11-05 05:00:00,47.0060,1992-11-03 14:00:00,10.0000
04142000,44.072500,-84.020000,1992-11-13 12:00:00,1992-11-14 05:00:00,37.3782,1992-11-13 18:00:00,6.0000
04142000,44.072500,-84.020000,1992-11-23 09:00:00,1992-11-25 14:00:00,47.2891,1992-11-24 01:00:00,16.0000
04142000,44.072500,-84.020000,1993-03-28 05:00:00,1993-03-31 18:00:00,53.2357,1993-03-29 12:00:00,31.0000
04142000,44.072500,-84.020000,1993-04-20 17:00:00,1993-04-22 17:00:00,49.2713,1993-04-21 07:00:00,14.0000
04142000,44.072500,-84.020000,1993-06-09 03:00:00,1993-06-09 17:00:00,38.2277,1993-06-09 09:00:00,6.0000
04142000,44.072500,-84.020000,1994-03-23 13:00:00,1994-03-25 00:00:00,38.5109,1994-03-24 09:00:00,20.0000
04142000,44.072500,-84.020000,1995-08-17 20:00:00,1995-08-18 19:00:00,48.9881,1995-08-18 04:00:00,8.0000
04142000,44.072500,-84.020000,1996-04-13 02:45:00,1996-04-14 12:15:00,38.2277,1996-04-13 18:00:00,15.2500
04142000,44.072500,-84.020000,1996-06-18 06:30:00,1996-06-21 14:45:00,89.7644,1996-06-19 13:45:00,31.2500
04142000,44.072500,-84.020000,1997-03-28 06:45:00,1997-04-08 04:15:00,55.2179,1997-03-30 12:45:00,54.0000
04142000,44.072500,-84.020000,1998-03-27 12:00:00,1998-03-28 23:30:00,37.3782,1998-03-28 00:15:00,12.2500
04142000,44.072500,-84.020000,1998-03-31 14:15:00,1998-04-03 22:00:00,69.3763,1998-04-02 00:00:00,33.7500
04142000,44.072500,-84.020000,1999-02-12 15:45:00,1999-02-13 09:45:00,41.9089,1999-02-12 22:45:00,7.0000
04142000,44.072500,-84.020000,1999-06-14 21:30:00,1999-06-16 05:15:00,43.0416,1999-06-15 09:15:00,11.7500
04142000,44.072500,-84.020000,2000-05-13 11:15:00,2000-05-14 02:15:00,39.6436,2000-05-13 17:30:00,6.2500
04142000,44.072500,-84.020000,2000-05-18 14:30:00,2000-05-20 07:00:00,52.1030,2000-05-19 02:45:00,12.2500
04142000,44.072500,-84.020000,2002-02-21 14:15:00,2002-02-21 21:30:00,35.6792,2002-02-21 15:45:00,1.5000
04142000,44.072500,-84.020000,2002-03-09 23:15:00,2002-03-12 09:15:00,48.4218,2002-03-10 10:15:00,11.0000
04142000,44.072500,-84.020000,2002-04-09 13:30:00,2002-04-11 02:30:00,43.6079,2002-04-10 02:00:00,12.5000
04142000,44.072500,-84.020000,2003-05-25 00:00:00,2003-05-25 17:45:00,41.0594,2003-05-25 03:45:00,3.7500
04142000,44.072500,-84.020000,2004-03-27 04:30:00,2004-03-28 09:30:00,37.6614,2004-03-27 14:15:00,9.7500
04142000,44.072500,-84.020000,2004-05-09 23:00:00,2004-05-12 07:00:00,65.4119,2004-05-10 16:00:00,17.0000
04142000,44.072500,-84.020000,2004-05-14 22:30:00,2004-05-17 01:45:00,57.4832,2004-05-15 11:30:00,13.0000
04142000,44.072500,-84.020000,2004-05-18 21:15:00,2004-05-19 16:00:00,37.6614,2004-05-19 02:00:00,4.7500
04142000,44.072500,-84.020000,2004-05-23 22:00:00,2004-05-25 04:45:00,76.4555,2004-05-25 03:45:00,29.7500
04142000,44.072500,-84.020000,2005-03-30 19:15:00,2005-04-02 18:30:00,44.1743,2005-03-31 22:45:00,27.5000
04142000,44.072500,-84.020000,2006-01-30 03:45:00,2006-02-01 03:30:00,47.5723,2006-01-30 21:00:00,17.2500
04142000,44.072500,-84.020000,2006-03-10 17:30:00,2006-03-16 11:45:00,76.7387,2006-03-14 08:30:00,87.0000
04142000,44.072500,-84.020000,2006-04-03 22:15:00,2006-04-05 09:45:00,45.0238,2006-04-04 08:15:00,10.0000
04142000,44.072500,-84.020000,2006-05-12 01:15:00,2006-05-13 05:30:00,39.0772,2006-05-12 18:45:00,17.5000
04142000,44.072500,-84.020000,2006-12-13 01:45:00,2006-12-15 18:15:00,63.9961,2006-12-14 03:45:00,26.0000
04142000,44.072500,-84.020000,2007-01-01 18:15:00,2007-01-02 12:00:00,37.3782,2007-01-01 23:30:00,5.2500
04142000,44.072500,-84.020000,2007-04-04 03:15:00,2007-04-05 20:00:00,49.2713,2007-04-04 10:00:00,6.7500
04142000,44.072500,-84.020000,2008-04-01 03:30:00,2008-04-04 19:30:00,61.1644,2008-04-02 07:15:00,27.7500
04142000,44.072500,-84.020000,2008-04-09 20:30:00,2008-04-14 05:30:00,52.1030,2008-04-12 19:30:00,71.0000
04142000,44.072500,-84.020000,2009-03-12 03:45:00,2009-03-12 22:45:00,40.4931,2009-03-12 15:00:00,11.2500
04142000,44.072500,-84.020000,2009-03-18 19:00:00,2009-03-20 09:45:00,40.4931,2009-03-19 06:00:00,11.0000
04142000,44.072500,-84.020000,2009-03-30 10:00:00,2009-03-31 20:45:00,40.7763,2009-03-30 17:00:00,7.0000
04142000,44.072500,-84.020000,2009-04-04 03:30:00,2009-04-06 18:45:00,55.2179,2009-04-05 00:30:00,21.0000
04142000,44.072500,-84.020000,2009-04-27 07:45:00,2009-04-28 10:00:00,38.2277,2009-04-27 14:00:00,6.2500
04142000,44.072500,-84.020000,2009-06-09 01:00:00,2009-06-10 14:30:00,47.2891,2009-06-09 09:15:00,8.2500
04142000,44.072500,-84.020000,2009-10-31 16:30:00,2009-11-01 03:00:00,37.3782,2009-10-31 18:45:00,2.2500
04142000,44.072500,-84.020000,2010-06-06 18:15:00,2010-06-07 19:15:00,41.9089,2010-06-07 01:15:00,7.0000
04142000,44.072500,-84.020000,2010-06-13 15:15:00,2010-06-14 22:15:00,50.4040,2010-06-14 06:00:00,14.7500
04142000,44.072500,-84.020000,2010-07-23 15:15:00,2010-07-25 10:45:00,55.2179,2010-07-24 10:15:00,19.0000
04142000,44.072500,-84.020000,2011-03-18 10:30:00,2011-03-19 20:00:00,47.0060,2011-03-19 03:00:00,16.5000
04142000,44.072500,-84.020000,2011-04-04 19:15:00,2011-04-06 12:00:00,45.8733,2011-04-05 09:45:00,14.5000
04142000,44.072500,-84.020000,2011-04-10 20:00:00,2011-04-12 21:30:00,47.5723,2011-04-11 10:15:00,14.2500
04142000,44.072500,-84.020000,2011-04-22 07:15:00,2011-04-24 14:30:00,39.9268,2011-04-23 23:15:00,40.0000
04142000,44.072500,-84.020000,2011-04-27 00:30:00,2011-05-01 19:45:00,93.7288,2011-04-28 21:30:00,45.0000
04142000,44.072500,-84.020000,2012-03-08 08:30:00,2012-03-11 08:45:00,68.5268,2012-03-09 08:30:00,24.0000
04142000,44.072500,-84.020000,2012-03-12 15:15:00,2012-03-15 04:45:00,82.6852,2012-03-14 02:30:00,35.2500
04142000,44.072500,-84.020000,2013-04-09 23:00:00,2013-04-12 04:45:00,67.6773,2013-04-11 13:00:00,38.0000
04142000,44.072500,-84.020000,2013-04-13 05:00:00,2013-04-22 19:30:00,100.2416,2013-04-19 19:45:00,158.7500
04142000,44.072500,-84.020000,2013-05-23 00:00:00,2013-05-25 11:45:00,58.3327,2013-05-23 20:00:00,20.0000
04142000,44.072500,-84.020000,2013-05-29 19:30:00,2013-05-30 09:45:00,39.6436,2013-05-30 00:15:00,4.7500
04142000,44.072500,-84.020000,2013-12-09 13:30:00,2013-12-10 00:30:00,38.5109,2013-12-09 21:15:00,7.7500
04142000,44.072500,-84.020000,2014-03-29 08:30:00,2014-04-02 10:15:00,46.7228,2014-03-31 17:30:00,57.0000
04142000,44.072500,-84.020000,2014-04-05 09:00:00,2014-04-06 21:45:00,39.6436,2014-04-06 06:00:00,21.0000
04142000,44.072500,-84.020000,2014-04-13 03:15:00,2014-04-18 05:45:00,109.0199,2014-04-15 06:15:00,51.0000
04142000,44.072500,-84.020000,2014-04-30 03:00:00,2014-05-02 15:00:00,55.2179,2014-05-01 01:00:00,22.0000
04142000,44.072500,-84.020000,2014-05-15 18:15:00,2014-05-17 02:00:00,41.3426,2014-05-16 04:45:00,10.5000
04142000,44.072500,-84.020000,2014-11-24 22:45:00,2014-11-26 18:00:00,47.5723,2014-11-25 18:30:00,19.7500
04142000,44.072500,-84.020000,2014-12-25 19:30:00,2014-12-26 09:00:00,35.6792,2014-12-26 00:00:00,4.5000
04142000,44.072500,-84.020000,2015-04-10 17:30:00,2015-04-12 00:30:00,41.3426,2015-04-11 00:15:00,6.7500
04142000,44.072500,-84.020000,2015-06-13 02:15:00,2015-06-15 01:00:00,46.7228,2015-06-13 10:30:00,8.2500
04142000,44.072500,-84.020000,2015-06-16 18:00:00,2015-06-17 00:45:00,35.9624,2015-06-16 20:15:00,2.2500
04142000,44.072500,-84.020000,2016-03-09 16:30:00,2016-03-12 08:00:00,50.9703,2016-03-10 14:30:00,22.0000
04142000,44.072500,-84.020000,2016-03-14 20:45:00,2016-03-19 00:15:00,50.9703,2016-03-17 07:45:00,59.0000
04142000,44.072500,-84.020000,2016-03-28 11:15:00,2016-03-30 06:15:00,45.3070,2016-03-29 04:45:00,17.5000
04142000,44.072500,-84.020000,2016-03-31 22:15:00,2016-04-03 21:15:00,75.6060,2016-04-01 14:15:00,16.0000
04230500,43.010000,-77.791667,1992-03-29 09:30:00,1992-03-29 12:30:00,38.2277,1992-03-29 10:00:00,0.5000
04230500,43.010000,-77.791667,1993-01-01 21:30:00,1993-01-02 13:00:00,40.4931,1993-01-02 05:15:00,7.7500
04230500,43.010000,-77.791667,1993-03-28 14:30:00,1993-04-05 01:15:00,116.9486,1993-03-31 11:30:00,69.0000
04230500,43.010000,-77.791667,1994-03-23 23:00:00,1994-03-27 04:30:00,58.6159,1994-03-25 12:00:00,37.0000
04230500,43.010000,-77.791667,1994-04-14 05:30:00,1994-04-16 02:15:00,50.9703,1994-04-15 09:15:00,27.7500
04230500,43.010000,-77.791667,1995-01-22 03:12:03,1995-01-23 06:41:42,47.2891,1995-01-22 17:26:54,14.2475
04230500,43.010000,-77.791667,1996-01-19 17:00:00,1996-01-22 11:15:00,76.7387,1996-01-20 15:00:00,22.0000
04230500,43.010000,-77.791667,1996-04-14 03:45:00,1996-04-14 04:45:00,39.6436,1996-04-14 04:45:00,1.0000
04230500,43.010000,-77.791667,1996-04-24 12:00:00,1996-04-25 22:15:00,42.1921,1996-04-25 08:45:00,20.7500
04230500,43.010000,-77.791667,1996-05-12 11:00:00,1996-05-14 08:15:00,52.1030,1996-05-13 08:00:00,21.0000
04230500,43.010000,-77.791667,1996-06-21 06:00:00,1996-06-21 14:15:00,47.2891,1996-06-21 09:45:00,3.7500
04230500,43.010000,-77.791667,1997-02-21 19:45:00,1997-02-22 03:45:00,38.7941,1997-02-21 23:00:00,3.2500
04230500,43.010000,-77.791667,1997-02-28 02:45:00,1997-03-01 21:30:00,46.7228,1997-03-01 08:45:00,30.0000
04230500,43.010000,-77.791667,1998-01-08 03:00:00,1998-01-12 07:30:00,174.4318,1998-01-09 20:45:00,41.7500
04230500,43.010000,-77.791667,1998-03-27 04:15:00,1998-03-29 06:30:00,56.3505,1998-03-28 10:30:00,30.2500
04230500,43.010000,-77.791667,1998-07-09 10:45:00,1998-07-11 20:15:00,96.8436,1998-07-10 10:15:00,23.5000
04230500,43.010000,-77.791667,1999-01-26 05:00:00,1999-01-27 04:30:00,55.7842,1999-01-26 08:30:00,3.5000
04230500,43.010000,-77.791667,2000-02-26 05:00:00,2000-02-28 06:45:00,65.4119,2000-02-27 02:45:00,21.7500
04230500,43.010000,-77.791667,2000-04-09 06:00:00,2000-04-10 18:45:00,41.9089,2000-04-10 10:00:00,28.0000
04230500,43.010000,-77.791667,2001-04-07 03:30:00,2001-04-11 02:30:00,78.7208,2001-04-09 11:00:00,55.5000
04230500,43.010000,-77.791667,2002-02-02 04:30:00,2002-02-04 06:15:00,58.8990,2002-02-03 09:30:00,29.0000
04230500,43.010000,-77.791667,2002-05-14 14:30:00,2002-05-14 21:45:00,38.2277,2002-05-14 15:30:00,1.0000
04230500,43.010000,-77.791667,2003-03-18 05:00:00,2003-03-24 08:30:00,71.6416,2003-03-19 09:15:00,28.2500
04230500,43.010000,-77.791667,2004-03-04 09:15:00,2004-03-08 08:45:00,55.5010,2004-03-07 10:00:00,72.7500
04230500,43.010000,-77.791667,2004-04-03 12:30:00,2004-04-04 22:45:00,48.1386,2004-04-04 02:00:00,13.5000
04230500,43.010000,-77.791667,2004-04-15 03:00:00,2004-04-16 06:30:00,47.5723,2004-04-15 17:15:00,14.2500
04230500,43.010000,-77.791667,2004-05-25 02:36:00,2004-05-27 04:21:00,50.1208,2004-05-26 06:21:00,27.7500
04230500,43.010000,-77.791667,2004-09-09 17:51:00,2004-09-10 22:51:00,66.8278,2004-09-10 00:36:00,6.7500
04230500,43.010000,-77.791667,2005-01-14 14:36:00,2005-01-16 01:51:00,49.8377,2005-01-15 03:21:00,12.7500
04230500,43.010000,-77.791667,2005-04-02 22:21:00,2005-04-06 06:51:00,104.4892,2005-04-04 09:21:00,34.0000
04230500,43.010000,-77.791667,2006-03-15 05:00:00,2006-03-16 03:30:00,52.3862,2006-03-15 15:00:00,10.0000
04230500,43.010000,-77.791667,2006-12-02 04:15:00,2006-12-04 03:15:00,46.1565,2006-12-03 13:30:00,33.2500
04230500,43.010000,-77.791667,2007-03-15 05:00:00,2007-03-17 12:45:00,124.8773,2007-03-16 03:45:00,22.7500
04230500,43.010000,-77.791667,2007-03-27 12:45:00,2007-03-27 22:15:00,44.7406,2007-03-27 15:30:00,2.7500
04230500,43.010000,-77.791667,2008-02-06 23:30:00,2008-02-07 04:30:00,48.9881,2008-02-07 04:30:00,5.0000
04230500,43.010000,-77.791667,2008-04-01 14:45:00,2008-04-03 20:45:00,52.9525,2008-04-02 14:45:00,24.0000
04230500,43.010000,-77.791667,2008-12-28 02:00:00,2008-12-30 15:00:00,96.8436,2008-12-29 06:45:00,28.7500
04230500,43.010000,-77.791667,2009-02-12 08:00:00,2009-02-14 23:00:00,114.4001,2009-02-13 12:00:00,28.0000
04230500,43.010000,-77.791667,2009-03-08 14:30:00,2009-03-12 10:45:00,90.8971,2009-03-09 19:00:00,28.5000
04230500,43.010000,-77.791667,2010-03-14 07:15:00,2010-03-16 01:00:00,44.7406,2010-03-15 01:30:00,18.2500
04230500,43.010000,-77.791667,2010-03-24 21:45:00,2010-03-25 12:45:00,42.4753,2010-03-25 04:15:00,6.5000
04230500,43.010000,-77.791667,2010-12-02 21:30:00,2010-12-03 20:45:00,48.1386,2010-12-03 06:30:00,9.0000
04230500,43.010000,-77.791667,2011-02-19 07:15:00,2011-02-21 03:30:00,39.9268,2011-02-20 08:45:00,25.5000
04230500,43.010000,-77.791667,2011-03-07 04:00:00,2011-03-08 11:00:00,47.8555,2011-03-08 01:00:00,21.0000
04230500,43.010000,-77.791667,2011-03-11 15:15:00,2011-03-13 02:15:00,46.7228,2011-03-12 11:45:00,20.5000
04230500,43.010000,-77.791667,2011-04-20 17:00:00,2011-04-22 03:15:00,48.7050,2011-04-20 20:30:00,3.5000
04230500,43.010000,-77.791667,2011-04-26 11:45:00,2011-04-26 23:30:00,43.8911,2011-04-26 15:15:00,3.5000
04230500,43.010000,-77.791667,2011-05-16 07:30:00,2011-05-17 01:45:00,47.5723,2011-05-16 12:30:00,5.0000
04230500,43.010000,-77.791667,2013-04-12 05:00:00,2013-04-14 17:00:00,65.4119,2013-04-13 05:15:00,24.2500
04230500,43.010000,-77.791667,2013-12-22 06:45:00,2013-12-25 01:00:00,111.0020,2013-12-23 11:00:00,28.2500
04230500,43.010000,-77.791667,2014-04-03 04:15:00,2014-04-06 17:15:00,46.7228,2014-04-03 12:45:00,8.5000
04230500,43.010000,-77.791667,2014-04-08 17:15:00,2014-04-10 05:30:00,44.7406,2014-04-09 17:45:00,24.5000
04230500,43.010000,-77.791667,2015-03-17 22:15:00,2015-03-19 15:45:00,48.7050,2015-03-19 05:15:00,31.0000
04230500,43.010000,-77.791667,2015-04-04 14:45:00,2015-04-06 01:15:00,49.8377,2015-04-05 00:45:00,10.0000
04231000,43.100556,-77.882500,1990-12-31 02:00:00,1991-01-02 02:00:00,42.1921,1991-01-01 01:00:00,23.0000
04231000,43.100556,-77.882500,1991-03-04 11:00:00,1991-03-09 10:30:00,36.8119,1991-03-08 11:00:00,96.0000
04231000,43.100556,-77.882500,1991-04-22 03:00:00,1991-04-24 22:00:00,55.5010,1991-04-23 13:30:00,34.5000
04231000,43.100556,-77.882500,1992-08-30 11:30:00,1992-08-31 04:00:00,30.8654,1992-08-30 17:30:00,6.0000
04231000,43.100556,-77.882500,1993-01-01 09:30:00,1993-01-02 12:00:00,33.1307,1993-01-01 23:00:00,13.5000
04231000,43.100556,-77.882500,1993-03-28 13:30:00,1993-04-04 19:00:00,72.2080,1993-03-31 03:30:00,62.0000
04231000,43.100556,-77.882500,1994-03-23 17:00:00,1994-03-26 02:30:00,40.4931,1994-03-25 01:00:00,32.0000
04231000,43.100556,-77.882500,1994-04-14 14:30:00,1994-04-15 14:00:00,30.8654,1994-04-15 02:30:00,12.0000
04231000,43.100556,-77.882500,1995-01-21 14:00:00,1995-01-23 08:30:00,45.3070,1995-01-22 04:30:00,14.5000
04231000,43.100556,-77.882500,1996-01-19 22:00:00,1996-01-22 03:30:00,45.8733,1996-01-20 15:00:00,17.0000
04231000,43.100556,-77.882500,1996-02-22 03:30:00,1996-02-22 18:00:00,29.7327,1996-02-22 07:00:00,3.5000
04231000,43.100556,-77.882500,1996-04-24 14:00:00,1996-04-26 01:00:00,36.5287,1996-04-25 06:30:00,16.5000
04231000,43.100556,-77.882500,1996-05-12 10:30:00,1996-05-14 00:30:00,32.8475,1996-05-13 09:30:00,23.0000
04231000,43.100556,-77.882500,1996-06-21 10:30:00,1996-06-23 18:00:00,59.4654,1996-06-22 05:00:00,18.5000
04231000,43.100556,-77.882500,1996-10-21 02:30:00,1996-10-21 04:30:00,30.5822,1996-10-21 04:30:00,2.0000
04231000,43.100556,-77.882500,1997-02-28 20:30:00,1997-03-01 11:30:00,28.8832,1997-03-01 02:00:00,5.5000
04231000,43.100556,-77.882500,1998-01-08 12:00:00,1998-01-11 21:00:00,82.9684,1998-01-09 21:00:00,33.0000
04231000,43.100556,-77.882500,1999-01-25 14:00:00,1999-01-27 01:00:00,38.2277,1999-01-26 03:00:00,13.0000
04231000,43.100556,-77.882500,2000-02-26 11:00:00,2000-02-27 21:30:00,36.8119,2000-02-27 03:30:00,16.5000
04231000,43.100556,-77.882500,2000-04-09 13:30:00,2000-04-10 21:30:00,35.3961,2000-04-10 02:00:00,12.5000
04231000,43.100556,-77.882500,2000-05-13 20:00:00,2000-05-15 14:30:00,41.9089,2000-05-14 15:00:00,19.0000
04231000,43.100556,-77.882500,2001-03-23 20:30:00,2001-03-24 09:30:00,29.4495,2001-03-24 01:30:00,5.0000
04231000,43.100556,-77.882500,2002-02-03 17:00:00,2002-02-04 08:30:00,30.8654,2002-02-03 22:30:00,5.5000
04231000,43.100556,-77.882500,2002-04-16 05:00:00,2002-04-16 08:00:00,27.7788,2002-04-16 06:00:00,1.0000
04231000,43.100556,-77.882500,2002-05-14 18:00:00,2002-05-16 15:30:00,39.0772,2002-05-15 15:00:00,21.0000
04231000,43.100556,-77.882500,2003-03-18 06:30:00,2003-03-23 12:30:00,49.8377,2003-03-19 05:30:00,23.0000
04231000,43.100556,-77.882500,2004-03-04 11:00:00,2004-03-05 06:00:00,29.1664,2004-03-04 21:00:00,10.0000
04231000,43.100556,-77.882500,2004-05-25 02:00:00,2004-05-26 14:00:00,34.8297,2004-05-25 20:30:00,18.5000
04231000,43.100556,-77.882500,2004-09-09 13:00:00,2004-09-12 15:30:00,70.5089,2004-09-10 20:30:00,31.5000
04231000,43.100556,-77.882500,2005-02-17 03:30:00,2005-02-18 02:00:00,30.0159,2005-02-17 10:30:00,7.0000
04231000,43.100556,-77.882500,2005-04-03 03:00:00,2005-04-06 09:00:00,69.3763,2005-04-04 11:30:00,32.5000
04231000,43.100556,-77.882500,2006-12-02 18:30:00,2006-12-04 07:00:00,40.2099,2006-12-03 10:00:00,15.5000
04231000,43.100556,-77.882500,2007-03-14 05:00:00,2007-03-17 07:30:00,65.4119,2007-03-15 20:30:00,39.5000
04231000,43.100556,-77.882500,2007-04-17 02:00:00,2007-04-19 15:30:00,52.1030,2007-04-18 03:00:00,25.0000
04231000,43.100556,-77.882500,2008-02-06 15:00:00,2008-02-08 19:00:00,39.6436,2008-02-07 02:30:00,11.5000
04231000,43.100556,-77.882500,2008-03-20 08:00:00,2008-03-22 10:00:00,41.9089,2008-03-21 01:30:00,17.5000
04231000,43.100556,-77.882500,2008-04-01 19:30:00,2008-04-03 05:00:00,31.9980,2008-04-02 11:30:00,16.0000
04231000,43.100556,-77.882500,2008-12-28 15:45:00,2008-12-31 01:00:00,71.3585,2008-12-29 12:45:00,21.0000
04231000,43.100556,-77.882500,2009-02-10 22:15:00,2009-02-15 16:00:00,67.6773,2009-02-14 01:30:00,75.2500
04231000,43.100556,-77.882500,2009-03-09 01:00:00,2009-03-12 23:15:00,48.9881,2009-03-09 19:15:00,18.2500
04231000,43.100556,-77.882500,2010-03-14 23:30:00,2010-03-16 02:15:00,30.5822,2010-03-15 11:45:00,12.2500
04231000,43.100556,-77.882500,2011-02-19 23:00:00,2011-02-21 04:45:00,37.0951,2011-02-20 13:00:00,14.0000
04231000,43.100556,-77.882500,2011-03-07 04:45:00,2011-03-08 10:30:00,31.4317,2011-03-07 14:00:00,9.2500
04231000,43.100556,-77.882500,2011-03-11 06:45:00,2011-03-13 03:15:00,37.0951,2011-03-12 06:45:00,24.0000
04231000,43.100556,-77.882500,2011-04-21 12:15:00,2011-04-22 07:15:00,31.4317,2011-04-21 20:45:00,8.5000
04231000,43.100556,-77.882500,2011-04-26 21:30:00,2011-04-28 08:30:00,38.5109,2011-04-27 10:30:00,13.0000
04231000,43.100556,-77.882500,2011-05-15 06:15:00,2011-05-18 15:15:00,48.7050,2011-05-17 02:00:00,43.7500
04231000,43.100556,-77.882500,2013-04-12 13:15:00,2013-04-14 20:00:00,43.6079,2013-04-13 18:15:00,29.0000
04231000,43.100556,-77.882500,2013-12-22 19:45:00,2013-12-25 02:45:00,65.9783,2013-12-23 17:30:00,21.7500
04231000,43.100556,-77.882500,2014-04-03 01:00:00,2014-04-03 10:15:00,28.6000,2014-04-03 04:00:00,3.0000
04231000,43.100556,-77.882500,2014-04-05 17:45:00,2014-04-06 15:00:00,31.7149,2014-04-06 01:15:00,7.5000
04231000,43.100556,-77.882500,2014-04-09 07:45:00,2014-04-09 20:45:00,28.8832,2014-04-09 13:15:00,5.5000
04231000,43.100556,-77.882500,2015-03-18 19:45:00,2015-03-19 22:45:00,33.1307,2015-03-19 11:00:00,15.2500
04234000,42.453333,-76.473056,1993-04-11 04:30:00,1993-04-11 14:00:00,126.5763,1993-04-11 07:30:00,3.0000
04234000,42.453333,-76.473056,1996-11-09 03:22:03,1996-11-09 15:51:45,146.1149,1996-11-09 06:52:00,3.4992
04234000,42.453333,-76.473056,1996-12-02 13:37:06,1996-12-02 19:36:57,120.9129,1996-12-02 16:07:03,2.4992
04234000,42.453333,-76.473056,2005-04-03 00:30:00,2005-04-04 01:00:00,175.2813,2005-04-03 10:00:00,8.5000
04234000,42.453333,-76.473056,2011-09-08 11:00:00,2011-09-08 18:00:00,122.0456,2011-09-08 14:30:00,3.5000
04036000,46.587500,-89.541667,2002-04-17 11:30:00,2002-04-26 04:45:00,48.1386,2002-04-19 12:45:00,49.2500
04036000,46.587500,-89.541667,2014-05-09 15:45:00,2014-05-14 16:30:00,39.3604,2014-05-13 10:15:00,90.5000
04058200,46.411111,-87.624167,2002-04-17 05:00:00,2002-04-17 16:00:00,14.6398,2002-04-17 12:00:00,7.0000
04071000,44.865000,-88.300000,1973-03-13 06:00:00,1973-03-17 23:00:00,93.4456,1973-03-16 05:00:00,71.0000
04071000,44.865000,-88.300000,1973-05-29 12:59:33,1973-05-31 12:00:00,93.4456,1973-05-30 06:00:00,17.0075
04071000,44.865000,-88.300000,1993-06-21 11:00:00,1993-06-23 14:00:00,93.4456,1993-06-22 03:00:00,16.0000
04071000,44.865000,-88.300000,1996-04-22 22:00:00,1996-04-24 19:00:00,88.9149,1996-04-24 02:00:00,28.0000
04071000,44.865000,-88.300000,2004-03-30 13:00:00,2004-03-30 15:00:00,85.8000,2004-03-30 14:00:00,1.0000
04087204,42.925000,-87.870000,1987-04-15 00:15:00,1987-04-15 11:45:00,12.9408,1987-04-15 05:45:00,5.5000
04087204,42.925000,-87.870000,1987-04-23 04:30:00,1987-04-23 07:45:00,11.2418,1987-04-23 05:00:00,0.5000
04087204,42.925000,-87.870000,1987-08-16 18:30:00,1987-08-17 07:15:00,11.6665,1987-08-17 03:00:00,8.5000
04087204,42.925000,-87.870000,1988-01-20 02:15:00,1988-01-21 00:30:00,16.0840,1988-01-20 08:15:00,6.0000
04087204,42.925000,-87.870000,1988-04-06 12:00:00,1988-04-06 22:30:00,12.4594,1988-04-06 16:30:00,4.5000
04087204,42.925000,-87.870000,1989-09-09 18:00:00,1989-09-10 02:00:00,11.9497,1989-09-09 22:15:00,4.2500
04087204,42.925000,-87.870000,1990-03-11 20:00:00,1990-03-12 00:30:00,10.9869,1990-03-11 22:00:00,2.0000
04087204,42.925000,-87.870000,1990-05-20 03:00:00,1990-05-20 14:15:00,12.8275,1990-05-20 09:15:00,6.2500
04087204,42.925000,-87.870000,1990-08-18 15:15:00,1990-08-20 11:30:00,23.1349,1990-08-19 03:00:00,11.7500
04087204,42.925000,-87.870000,1991-03-27 15:30:00,1991-03-28 11:00:00,12.7709,1991-03-27 21:45:00,6.2500
04087204,42.925000,-87.870000,1991-04-14 18:15:00,1991-04-15 23:15:00,12.4311,1991-04-15 16:30:00,22.2500
04087204,42.925000,-87.870000,1991-10-24 22:45:00,1991-10-25 12:30:00,14.3850,1991-10-24 23:00:00,0.2500
04087204,42.925000,-87.870000,1991-11-30 05:45:00,1991-11-30 15:15:00,11.4117,1991-11-30 10:45:00,5.0000
04087204,42.925000,-87.870000,1993-03-23 12:45:00,1993-03-24 05:45:00,14.1584,1993-03-23 18:15:00,5.5000
04087204,42.925000,-87.870000,1993-04-01 01:00:00,1993-04-01 12:15:00,14.7248,1993-04-01 05:30:00,4.5000
04087204,42.925000,-87.870000,1993-04-08 18:15:00,1993-04-09 00:15:00,11.5250,1993-04-08 20:45:00,2.5000
04087204,42.925000,-87.870000,1993-04-15 14:45:00,1993-04-16 15:45:00,15.5176,1993-04-15 23:30:00,8.7500
04087204,42.925000,-87.870000,1993-04-19 23:30:00,1993-04-21 16:00:00,25.1170,1993-04-20 04:15:00,4.7500
04087204,42.925000,-87.870000,1995-04-27 11:00:00,1995-04-27 17:30:00,11.5816,1995-04-27 14:15:00,3.2500
04087204,42.925000,-87.870000,1995-08-16 14:30:00,1995-08-16 16:30:00,11.6099,1995-08-16 14:45:00,0.2500
04087204,42.925000,-87.870000,1995-08-30 12:15:00,1995-08-30 20:00:00,12.4028,1995-08-30 12:45:00,0.5000
04087204,42.925000,-87.870000,1996-06-18 07:30:00,1996-06-19 13:30:00,16.2256,1996-06-18 18:45:00,11.2500
04087204,42.925000,-87.870000,1997-02-21 12:00:00,1997-02-21 23:15:00,13.7903,1997-02-21 15:45:00,3.7500
04087204,42.925000,-87.870000,1997-06-21 12:00:00,1997-06-23 01:00:00,31.4317,1997-06-21 14:00:00,2.0000
04087204,42.925000,-87.870000,1998-02-12 01:45:00,1998-02-12 08:30:00,11.7515,1998-02-12 04:15:00,2.5000
04087204,42.925000,-87.870000,1998-04-09 11:30:00,1998-04-10 00:00:00,14.4982,1998-04-09 17:00:00,5.5000
04087204,42.925000,-87.870000,1998-04-16 07:30:00,1998-04-16 23:15:00,15.3477,1998-04-16 12:45:00,5.2500
04087204,42.925000,-87.870000,1998-08-05 16:00:00,1998-08-06 05:00:00,13.5355,1998-08-05 16:45:00,0.7500
04087204,42.925000,-87.870000,1998-11-10 13:45:00,1998-11-10 21:45:00,12.6010,1998-11-10 15:45:00,2.0000
04087204,42.925000,-87.870000,1999-01-23 20:00:00,1999-01-24 01:45:00,12.4311,1999-01-23 22:00:00,2.0000
04087204,42.925000,-87.870000,1999-04-09 13:00:00,1999-04-10 09:45:00,18.0945,1999-04-09 17:45:00,4.7500
04087204,42.925000,-87.870000,1999-04-23 07:15:00,1999-04-24 20:45:00,30.0159,1999-04-23 11:15:00,4.0000
04087204,42.925000,-87.870000,1999-06-13 16:30:00,1999-06-14 20:30:00,19.0289,1999-06-13 22:30:00,6.0000
04087204,42.925000,-87.870000,2000-04-20 12:45:00,2000-04-21 18:45:00,16.0840,2000-04-21 06:45:00,18.0000
04087204,42.925000,-87.870000,2000-05-10 01:45:00,2000-05-10 06:45:00,11.7515,2000-05-10 04:15:00,2.5000
04087204,42.925000,-87.870000,2000-05-18 06:00:00,2000-05-20 04:45:00,21.8606,2000-05-19 00:45:00,18.7500
04087204,42.925000,-87.870000,2000-06-01 08:30:00,2000-06-02 08:45:00,13.4505,2000-06-01 10:30:00,2.0000
04087204,42.925000,-87.870000,2000-07-03 02:00:00,2000-07-05 00:00:00,31.7149,2000-07-03 04:00:00,2.0000
04087204,42.925000,-87.870000,2000-08-05 23:15:00,2000-08-06 12:15:00,15.1778,2000-08-05 23:45:00,0.5000
04087204,42.925000,-87.870000,2000-09-12 05:15:00,2000-09-12 14:30:00,12.9408,2000-09-12 10:30:00,5.2500
04087204,42.925000,-87.870000,2000-09-23 05:15:00,2000-09-23 23:00:00,17.0467,2000-09-23 07:15:00,2.0000
04087204,42.925000,-87.870000,2001-02-09 08:00:00,2001-02-10 23:00:00,22.5968,2001-02-09 17:30:00,9.5000
04087204,42.925000,-87.870000,2001-02-25 06:30:00,2001-02-25 22:00:00,12.9125,2001-02-25 14:00:00,7.5000
04087204,42.925000,-87.870000,2001-06-12 10:30:00,2001-06-13 04:15:00,16.2822,2001-06-12 15:30:00,5.0000
04087204,42.925000,-87.870000,2002-04-09 00:45:00,2002-04-09 20:00:00,14.4699,2002-04-09 08:00:00,7.2500
04087204,42.925000,-87.870000,2004-03-05 10:30:00,2004-03-05 22:00:00,13.4222,2004-03-05 13:30:00,3.0000
04087204,42.925000,-87.870000,2004-05-14 13:30:00,2004-05-15 17:30:00,20.7279,2004-05-14 20:00:00,6.5000
04087204,42.925000,-87.870000,2004-05-22 11:30:00,2004-05-24 08:45:00,17.4149,2004-05-23 12:45:00,25.2500
04087204,42.925000,-87.870000,2005-09-25 22:00:00,2005-09-26 13:30:00,17.3016,2005-09-26 04:15:00,6.2500
04087204,42.925000,-87.870000,2006-03-13 06:00:00,2006-03-14 13:45:00,21.8606,2006-03-13 09:00:00,3.0000
04087204,42.925000,-87.870000,2006-04-07 15:30:00,2006-04-07 17:30:00,10.7321,2006-04-07 16:00:00,0.5000
04087204,42.925000,-87.870000,2006-12-22 16:15:00,2006-12-23 15:30:00,15.0929,2006-12-22 23:30:00,7.2500
04087204,42.925000,-87.870000,2007-04-03 12:00:00,2007-04-04 07:00:00,16.7069,2007-04-03 18:15:00,6.2500
04087204,42.925000,-87.870000,2007-08-20 09:30:00,2007-08-20 20:00:00,12.2895,2007-08-20 10:00:00,0.5000
04087204,42.925000,-87.870000,2007-08-23 07:30:00,2007-08-23 20:30:00,13.0541,2007-08-23 13:00:00,5.5000
04087204,42.925000,-87.870000,2008-03-31 17:20:00,2008-04-01 12:25:00,13.4222,2008-03-31 20:40:00,3.3333
04087204,42.925000,-87.870000,2008-04-10 21:45:00,2008-04-12 05:20:00,22.3986,2008-04-11 02:40:00,4.9167
04087204,42.925000,-87.870000,2008-06-05 18:30:00,2008-06-06 01:55:00,12.8558,2008-06-05 21:05:00,2.5833
04087204,42.925000,-87.870000,2008-06-07 23:00:00,2008-06-11 11:15:00,67.1109,2008-06-08 01:00:00,2.0000
04087204,42.925000,-87.870000,2008-12-27 20:10:00,2008-12-29 00:00:00,17.2166,2008-12-28 02:20:00,6.1667
04087204,42.925000,-87.870000,2009-02-27 01:40:00,2009-02-27 12:10:00,14.6964,2009-02-27 04:40:00,3.0000
04087204,42.925000,-87.870000,2009-03-08 19:25:00,2009-03-09 11:30:00,14.1301,2009-03-08 23:20:00,3.9167
04087204,42.925000,-87.870000,2009-04-26 09:10:00,2009-04-27 19:05:00,16.9335,2009-04-26 21:55:00,12.7500
04087204,42.925000,-87.870000,2009-06-19 06:00:00,2009-06-21 09:20:00,21.9172,2009-06-20 02:15:00,20.2500
04087204,42.925000,-87.870000,2009-10-23 14:15:00,2009-10-23 19:25:00,12.5727,2009-10-23 14:40:00,0.4167
04087204,42.925000,-87.870000,2009-12-25 12:00:00,2009-12-26 17:50:00,20.2182,2009-12-25 19:55:00,7.9167
04087204,42.925000,-87.870000,2010-04-06 18:05:00,2010-04-06 22:15:00,11.3834,2010-04-06 19:55:00,1.8333
04087204,42.925000,-87.870000,2010-05-13 12:30:00,2010-05-14 06:25:00,16.7919,2010-05-13 17:40:00,5.1667
04087204,42.925000,-87.870000,2010-06-22 03:15:00,2010-06-24 12:30:00,16.8485,2010-06-23 17:30:00,38.2500
04087204,42.925000,-87.870000,2010-07-15 06:50:00,2010-07-15 18:50:00,15.0079,2010-07-15 07:00:00,0.1667
04087204,42.925000,-87.870000,2010-07-22 16:30:00,2010-07-26 00:15:00,72.2080,2010-07-23 02:45:00,10.2500
04087204,42.925000,-87.870000,2011-03-20 22:45:00,2011-03-21 08:55:00,12.4311,2011-03-21 01:40:00,2.9167
04087204,42.925000,-87.870000,2011-03-23 07:50:00,2011-03-23 17:25:00,11.6665,2011-03-23 10:50:00,3.0000
04087204,42.925000,-87.870000,2011-04-16 06:10:00,2011-04-16 14:50:00,12.2612,2011-04-16 08:15:00,2.0833
04087204,42.925000,-87.870000,2011-04-26 11:30:00,2011-04-27 13:15:00,17.0751,2011-04-26 15:40:00,4.1667
04087204,42.925000,-87.870000,2012-05-07 00:45:00,2012-05-07 12:35:00,12.8842,2012-05-07 09:40:00,8.9167
04087204,42.925000,-87.870000,2012-07-13 19:50:00,2012-07-13 20:25:00,13.0824,2012-07-13 20:00:00,0.1667
04087204,42.925000,-87.870000,2012-12-20 18:15:00,2012-12-21 08:00:00,13.5921,2012-12-20 21:55:00,3.6667
04087204,42.925000,-87.870000,2013-01-29 07:50:00,2013-01-30 21:30:00,16.4238,2013-01-30 08:40:00,24.8333
04087204,42.925000,-87.870000,2013-03-10 23:40:00,2013-03-11 18:05:00,16.1972,2013-03-11 05:40:00,6.0000
04087204,42.925000,-87.870000,2013-04-09 15:05:00,2013-04-12 19:05:00,24.6640,2013-04-09 22:50:00,7.7500
04087204,42.925000,-87.870000,2013-04-18 01:00:00,2013-04-20 00:05:00,27.3824,2013-04-18 15:10:00,14.1667
04087204,42.925000,-87.870000,2013-06-16 05:25:00,2013-06-16 05:30:00,10.6755,2013-06-16 05:30:00,0.0833
04087204,42.925000,-87.870000,2013-08-22 16:25:00,2013-08-22 16:40:00,11.1002,2013-08-22 16:30:00,0.0833
04087204,42.925000,-87.870000,2013-10-05 23:40:00,2013-10-05 23:50:00,10.7038,2013-10-05 23:45:00,0.0833
04087204,42.925000,-87.870000,2013-11-17 23:15:00,2013-11-18 10:45:00,14.6115,2013-11-18 03:40:00,4.4167
04087204,42.925000,-87.870000,2014-04-14 05:15:00,2014-04-14 23:00:00,15.1212,2014-04-14 10:40:00,5.4167
04087204,42.925000,-87.870000,2014-07-13 03:10:00,2014-07-14 04:10:00,18.1228,2014-07-13 03:50:00,0.6667
04087204,42.925000,-87.870000,2015-04-09 14:40:00,2015-04-11 10:45:00,25.5135,2015-04-10 02:15:00,11.5833
04087204,42.925000,-87.870000,2015-11-27 07:35:00,2015-11-27 15:50:00,11.6382,2015-11-27 09:00:00,1.4167
04087204,42.925000,-87.870000,2016-03-24 19:35:00,2016-03-25 05:05:00,13.2240,2016-03-24 22:35:00,3.0000
04057800,46.499167,-87.886389,1992-04-21 23:00:00,1992-04-23 15:00:00,25.3153,1992-04-22 17:00:00,18.0000
04057800,46.499167,-87.886389,1996-05-19 19:00:00,1996-05-21 06:00:00,33.6970,1996-05-20 07:00:00,12.0000
04057800,46.499167,-87.886389,2002-04-15 18:00:00,2002-04-21 02:45:00,44.4574,2002-04-17 13:15:00,43.2500
04057800,46.499167,-87.886389,2004-04-19 16:30:00,2004-04-21 04:15:00,28.8832,2004-04-20 03:15:00,10.7500
04057800,46.499167,-87.886389,2008-04-22 08:00:00,2008-04-24 06:00:00,21.6058,2008-04-22 20:00:00,12.0000
04057800,46.499167,-87.886389,2013-04-30 07:00:00,2013-05-03 14:15:00,37.6614,2013-05-01 22:30:00,39.5000
04064500,45.837222,-88.225278,1997-04-06 05:15:00,1997-04-09 13:15:00,77.3050,1997-04-06 13:00:00,7.7500
04064500,45.837222,-88.225278,1998-03-31 17:30:00,1998-04-04 01:45:00,66.8278,1998-04-01 11:00:00,17.5000
04064500,45.837222,-88.225278,1999-07-09 12:30:00,1999-07-10 01:15:00,62.5802,1999-07-09 21:00:00,8.5000
04064500,45.837222,-88.225278,1999-07-15 05:45:00,1999-07-16 01:45:00,92.3129,1999-07-15 12:30:00,6.7500
04064500,45.837222,-88.225278,2002-04-13 06:15:00,2002-04-26 11:45:00,137.3367,2002-04-19 14:15:00,152.0000
04064500,45.837222,-88.225278,2003-05-13 19:00:00,2003-05-13 19:30:00,58.6159,2003-05-13 19:15:00,0.2500
04064500,45.837222,-88.225278,2006-05-29 01:45:00,2006-05-29 02:45:00,63.9961,2006-05-29 02:15:00,0.5000
04064500,45.837222,-88.225278,2008-04-20 05:00:00,2008-04-21 12:00:00,58.0495,2008-04-20 07:00:00,2.0000
04064500,45.837222,-88.225278,2010-09-24 05:00:00,2010-09-26 14:00:00,71.6416,2010-09-24 12:00:00,7.0000
04064500,45.837222,-88.225278,2013-04-29 23:00:00,2013-05-05 21:00:00,72.4911,2013-05-02 18:00:00,67.0000
04064500,45.837222,-88.225278,2015-05-27 19:30:00,2015-05-27 23:00:00,57.2000,2015-05-27 20:30:00,1.0000
04078500,44.724722,-88.736111,1996-06-18 07:45:00,1996-06-22 17:15:00,136.7704,1996-06-19 14:30:00,30.7500
04078500,44.724722,-88.736111,1997-04-04 09:15:00,1997-04-09 01:30:00,77.3050,1997-04-06 21:15:00,59.0000
04078500,44.724722,-88.736111,1998-03-31 16:30:00,1998-04-03 06:30:00,56.6337,1998-04-01 18:30:00,26.0000
04078500,44.724722,-88.736111,1998-06-27 15:00:00,1998-06-29 02:00:00,52.1030,1998-06-27 17:15:00,2.2500
04078500,44.724722,-88.736111,2000-09-13 15:45:00,2000-09-13 17:00:00,46.7228,2000-09-13 16:30:00,0.7500
04078500,44.724722,-88.736111,2001-04-08 13:15:00,2001-04-10 06:15:00,54.3683,2001-04-09 02:45:00,13.5000
04078500,44.724722,-88.736111,2001-04-12 11:30:00,2001-04-14 00:45:00,53.2357,2001-04-12 21:15:00,9.7500
04078500,44.724722,-88.736111,2003-04-17 13:45:00,2003-04-20 05:45:00,62.2971,2003-04-18 14:00:00,24.2500
04078500,44.724722,-88.736111,2004-03-28 06:00:00,2004-04-01 23:45:00,115.2496,2004-03-30 06:15:00,48.2500
04078500,44.724722,-88.736111,2008-04-11 23:30:00,2008-04-13 19:45:00,53.2357,2008-04-12 18:15:00,18.7500
04078500,44.724722,-88.736111,2008-04-20 08:45:00,2008-04-20 23:45:00,48.4218,2008-04-20 18:15:00,9.5000
04078500,44.724722,-88.736111,2010-09-23 21:15:00,2010-09-27 14:00:00,83.8179,2010-09-24 17:45:00,20.5000
04078500,44.724722,-88.736111,2011-04-10 08:30:00,2011-04-15 09:30:00,101.3743,2011-04-11 19:30:00,35.0000
04078500,44.724722,-88.736111,2011-04-27 17:00:00,2011-04-27 21:45:00,49.8377,2011-04-27 18:15:00,1.2500
04078500,44.724722,-88.736111,2011-06-22 12:15:00,2011-06-25 17:15:00,62.8634,2011-06-22 18:15:00,6.0000
04078500,44.724722,-88.736111,2012-03-13 16:15:00,2012-03-14 16:00:00,47.5723,2012-03-13 17:00:00,0.7500
04078500,44.724722,-88.736111,2014-04-11 18:45:00,2014-04-11 21:45:00,46.7228,2014-04-11 19:45:00,1.0000
04078500,44.724722,-88.736111,2014-04-14 11:30:00,2014-04-16 02:30:00,53.8020,2014-04-15 07:30:00,20.0000
04078500,44.724722,-88.736111,2014-09-05 14:00:00,2014-09-08 22:30:00,92.3129,2014-09-06 13:30:00,23.5000
04078500,44.724722,-88.736111,2015-12-14 19:15:00,2015-12-18 08:45:00,79.2872,2015-12-15 20:30:00,25.2500
04078500,44.724722,-88.736111,2016-03-16 17:30:00,2016-03-20 17:45:00,100.8080,2016-03-17 23:00:00,29.5000
04078500,44.724722,-88.736111,2016-04-01 23:45:00,2016-04-02 03:30:00,48.7050,2016-04-02 01:00:00,1.2500
04086000,43.741667,-87.753889,1989-03-27 06:00:00,1989-03-30 05:30:00,158.8575,1989-03-28 06:00:00,24.0000
04086000,43.741667,-87.753889,1989-05-30 17:45:00,1989-06-02 09:00:00,141.3011,1989-05-31 08:15:00,14.5000
04086000,43.741667,-87.753889,1990-03-14 06:30:00,1990-03-16 00:30:00,96.2773,1990-03-14 15:15:00,8.7500
04086000,43.741667,-87.753889,1993-04-08 17:15:00,1993-04-09 23:30:00,90.0476,1993-04-09 02:45:00,9.5000
04086000,43.741667,-87.753889,1993-04-15 15:45:00,1993-04-18 13:15:00,126.8595,1993-04-16 08:15:00,16.5000
04086000,43.741667,-87.753889,1993-04-19 23:15:00,1993-04-23 11:45:00,123.1783,1993-04-21 04:45:00,29.5000
04086000,43.741667,-87.753889,1993-06-08 11:30:00,1993-06-09 06:30:00,103.9228,1993-06-08 19:45:00,8.2500
04086000,43.741667,-87.753889,1996-06-17 19:00:00,1996-06-20 20:45:00,123.1783,1996-06-19 22:45:00,51.7500
04086000,43.741667,-87.753889,1997-06-21 13:45:00,1997-06-23 20:15:00,180.6615,1997-06-22 02:00:00,12.2500
04086000,43.741667,-87.753889,1998-03-31 09:15:00,1998-04-03 08:00:00,165.9367,1998-03-31 22:15:00,13.0000
04086000,43.741667,-87.753889,1998-04-16 18:00:00,1998-04-16 23:45:00,67.1109,1998-04-16 20:30:00,2.5000
04086000,43.741667,-87.753889,1998-08-06 13:00:00,1998-08-08 13:15:00,221.4377,1998-08-06 23:00:00,10.0000
04086000,43.741667,-87.753889,1999-06-12 20:00:00,1999-06-13 01:45:00,70.2258,1999-06-12 21:45:00,1.7500
04086000,43.741667,-87.753889,2001-04-11 23:30:00,2001-04-13 05:00:00,99.6753,2001-04-12 11:30:00,12.0000
04086000,43.741667,-87.753889,2004-03-05 12:45:00,2004-03-08 03:30:00,100.5248,2004-03-06 04:15:00,15.5000
04086000,43.741667,-87.753889,2004-05-08 15:00:00,2004-05-09 18:30:00,87.2159,2004-05-08 20:45:00,5.7500
04086000,43.741667,-87.753889,2004-05-14 11:15:00,2004-05-15 13:30:00,73.0575,2004-05-15 00:30:00,13.2500
04086000,43.741667,-87.753889,2004-05-20 15:15:00,2004-05-26 23:30:00,159.4238,2004-05-24 05:30:00,86.2500
04086000,43.741667,-87.753889,2004-05-31 05:30:00,2004-06-02 05:45:00,79.2872,2004-06-01 14:15:00,32.7500
04086000,43.741667,-87.753889,2004-06-11 12:00:00,2004-06-15 18:30:00,194.2536,2004-06-12 23:00:00,35.0000
04086000,43.741667,-87.753889,2004-06-17 07:30:00,2004-06-18 09:30:00,78.7208,2004-06-17 12:15:00,4.7500
04086000,43.741667,-87.753889,2006-12-23 03:30:00,2006-12-23 16:30:00,76.4555,2006-12-23 08:15:00,4.7500
04086000,43.741667,-87.753889,2007-03-14 05:00:00,2007-03-16 00:45:00,143.8496,2007-03-14 13:00:00,8.0000
04086000,43.741667,-87.753889,2008-04-11 03:40:00,2008-04-13 21:45:00,99.9585,2008-04-11 16:30:00,12.8333
04086000,43.741667,-87.753889,2008-04-26 03:40:00,2008-04-27 03:50:00,132.5228,2008-04-26 11:35:00,7.9167
04086000,43.741667,-87.753889,2008-06-08 19:25:00,2008-06-11 23:20:00,192.8377,2008-06-09 13:25:00,18.0000
04086000,43.741667,-87.753889,2008-06-13 02:00:00,2008-06-17 03:50:00,182.3605,2008-06-13 22:00:00,20.0000
04086000,43.741667,-87.753889,2009-04-26 14:00:00,2009-04-28 22:00:00,106.1882,2009-04-27 03:50:00,13.8333
04086000,43.741667,-87.753889,2010-03-15 05:00:00,2010-03-15 13:45:00,67.6773,2010-03-15 05:10:00,0.1667
04086000,43.741667,-87.753889,2010-04-25 18:45:00,2010-04-26 06:15:00,77.8713,2010-04-25 21:45:00,3.0000
04086000,43.741667,-87.753889,2010-07-23 03:00:00,2010-07-23 21:15:00,83.2515,2010-07-23 12:20:00,9.3333
04086000,43.741667,-87.753889,2011-03-19 05:00:00,2011-03-24 05:15:00,95.7109,2011-03-19 20:35:00,15.5833
04086000,43.741667,-87.753889,2011-04-26 15:25:00,2011-04-28 04:55:00,98.5426,2011-04-27 02:20:00,10.9167
04086000,43.741667,-87.753889,2013-04-08 18:40:00,2013-04-21 03:15:00,163.9545,2013-04-11 02:25:00,55.7500
04086000,43.741667,-87.753889,2014-04-13 13:10:00,2014-04-17 03:30:00,144.6991,2014-04-14 21:05:00,31.9167
04086000,43.741667,-87.753889,2014-06-18 15:35:00,2014-06-20 06:25:00,112.9842,2014-06-19 00:25:00,8.8333
04086000,43.741667,-87.753889,2014-07-01 07:00:00,2014-07-01 17:05:00,72.2080,2014-07-01 12:05:00,5.0833
04086000,43.741667,-87.753889,2016-03-28 10:15:00,2016-03-28 15:00:00,65.9783,2016-03-28 11:30:00,1.2500
04086000,43.741667,-87.753889,2016-03-31 11:00:00,2016-04-02 05:00:00,97.9763,2016-03-31 21:30:00,10.5000
04087000,43.100000,-87.908889,1993-04-20 00:45:00,1993-04-22 08:15:00,200.4833,1993-04-20 04:15:00,3.5000
04087000,43.100000,-87.908889,1996-06-19 02:45:00,1996-06-20 12:20:00,176.6971,1996-06-19 15:45:00,13.0000
04087000,43.100000,-87.908889,1997-06-21 09:45:00,1997-06-22 03:30:00,467.2280,1997-06-21 14:15:00,4.5000
04087000,43.100000,-87.908889,1998-08-06 23:45:00,1998-08-07 04:45:00,243.5249,1998-08-07 01:00:00,1.2500
04087000,43.100000,-87.908889,2004-05-22 11:00:00,2004-05-26 14:30:00,204.4476,2004-05-24 14:15:00,51.2500
04087000,43.100000,-87.908889,2004-06-13 12:45:00,2004-06-16 12:00:00,178.6793,2004-06-14 20:00:00,31.2500
04087000,43.100000,-87.908889,2008-06-08 01:30:00,2008-06-16 21:15:00,294.4952,2008-06-08 03:00:00,1.5000
04087000,43.100000,-87.908889,2009-04-27 01:00:00,2009-04-27 02:15:00,152.6278,2009-04-27 01:30:00,0.5000
04087000,43.100000,-87.908889,2010-07-15 07:15:00,2010-07-15 10:00:00,225.1189,2010-07-15 08:00:00,0.7500
04087000,43.100000,-87.908889,2010-07-22 23:30:00,2010-07-23 08:00:00,515.3666,2010-07-23 02:00:00,2.5000
04087000,43.100000,-87.908889,2013-04-10 14:30:00,2013-04-14 02:15:00,184.0595,2013-04-12 10:30:00,44.0000
04087000,43.100000,-87.908889,2015-04-09 14:45:00,2015-04-10 05:15:00,223.7031,2015-04-09 17:00:00,2.2500
04087240,42.751389,-87.823611,1993-04-21 03:15:00,1993-04-22 14:15:00,85.2337,1993-04-21 20:00:00,16.7500
04087240,42.751389,-87.823611,1999-04-24 20:15:00,1999-04-25 14:15:00,76.1723,1999-04-25 03:30:00,7.2500
04087240,42.751389,-87.823611,2004-05-24 00:00:00,2004-05-25 12:30:00,83.2515,2004-05-24 21:30:00,21.5000
04087240,42.751389,-87.823611,2008-06-08 06:00:00,2008-06-12 01:00:00,227.9506,2008-06-09 15:30:00,33.5000
04087240,42.751389,-87.823611,2010-07-24 09:45:00,2010-07-26 03:15:00,100.2416,2010-07-24 22:00:00,12.2500
04087240,42.751389,-87.823611,2013-04-11 06:45:00,2013-04-13 13:45:00,96.2773,2013-04-12 06:45:00,24.0000
04087240,42.751389,-87.823611,2013-04-18 16:15:00,2013-04-21 08:15:00,111.5684,2013-04-20 00:30:00,32.2500
04096405,42.103056,-85.080000,1993-01-05 13:00:00,1993-01-08 04:00:00,22.5685,1993-01-06 05:00:00,16.0000
04096405,42.103056,-85.080000,1997-02-27 21:00:00,1997-03-01 05:00:00,22.0588,1997-02-28 08:00:00,11.0000
04096405,42.103056,-85.080000,2001-02-10 16:30:00,2001-02-11 04:30:00,23.8145,2001-02-11 03:30:00,11.0000
04096405,42.103056,-85.080000,2001-02-14 07:00:00,2001-02-17 07:30:00,23.7012,2001-02-15 20:00:00,37.0000
04096405,42.103056,-85.080000,2005-01-14 22:00:00,2005-01-15 02:30:00,20.8978,2005-01-14 23:00:00,1.0000
04096405,42.103056,-85.080000,2008-01-09 01:00:00,2008-01-17 01:00:00,26.4763,2008-01-10 02:00:00,25.0000
04096405,42.103056,-85.080000,2008-09-15 04:30:00,2008-09-18 17:30:00,31.9980,2008-09-16 03:30:00,23.0000
04096405,42.103056,-85.080000,2009-03-09 06:30:00,2009-03-18 19:00:00,27.5523,2009-03-12 03:30:00,69.0000
04096405,42.103056,-85.080000,2009-04-15 15:30:00,2009-04-16 04:30:00,20.9828,2009-04-15 20:00:00,4.5000
04096405,42.103056,-85.080000,2010-05-22 17:15:00,2010-05-23 20:45:00,22.2570,2010-05-23 05:15:00,12.0000
04096405,42.103056,-85.080000,2013-04-19 17:30:00,2013-04-26 04:45:00,27.0143,2013-04-25 02:00:00,128.5000
04096405,42.103056,-85.080000,2014-03-22 19:15:00,2014-03-26 19:45:00,21.5491,2014-03-23 01:00:00,5.7500
04096405,42.103056,-85.080000,2015-06-16 21:45:00,2015-06-17 10:15:00,21.0961,2015-06-17 04:45:00,7.0000
04097500,41.940278,-85.632778,1992-11-14 16:00:00,1992-11-20 14:30:00,94.5783,1992-11-16 01:30:00,33.5000
04097500,41.940278,-85.632778,1992-11-23 02:30:00,1992-11-23 06:30:00,80.9862,1992-11-23 03:00:00,0.5000
04097500,41.940278,-85.632778,1992-11-25 02:30:00,1992-11-30 22:30:00,92.3129,1992-11-26 03:30:00,25.0000
04097500,41.940278,-85.632778,1993-01-01 08:30:00,1993-01-19 07:30:00,148.3803,1993-01-06 20:00:00,131.5000
04097500,41.940278,-85.632778,1993-01-22 20:30:00,1993-01-28 15:00:00,97.9763,1993-01-24 10:00:00,37.5000
04097500,41.940278,-85.632778,1993-03-24 04:00:00,1993-04-05 13:30:00,109.5862,1993-03-27 22:30:00,90.5000
04097500,41.940278,-85.632778,1993-04-21 18:00:00,1993-04-25 06:00:00,91.1802,1993-04-21 20:00:00,2.0000
04097500,41.940278,-85.632778,1993-10-19 16:30:00,1993-10-25 13:30:00,89.7644,1993-10-21 03:00:00,34.5000
04097500,41.940278,-85.632778,1994-02-22 05:00:00,1994-02-25 13:30:00,86.9327,1994-02-23 05:30:00,24.5000
04097500,41.940278,-85.632778,1996-04-24 23:30:00,1996-04-25 11:30:00,92.5961,1996-04-25 00:30:00,1.0000
04097500,41.940278,-85.632778,1996-05-15 21:00:00,1996-05-16 04:30:00,85.2337,1996-05-15 21:30:00,0.5000
04097500,41.940278,-85.632778,1997-02-22 18:00:00,1997-03-10 22:00:00,129.6912,1997-03-01 17:00:00,167.0000
04097500,41.940278,-85.632778,1997-03-30 09:00:00,1997-04-09 15:30:00,104.7723,1997-04-02 18:00:00,81.0000
04097500,41.940278,-85.632778,1998-01-08 10:30:00,1998-01-17 12:30:00,129.1248,1998-01-11 23:00:00,84.5000
04097500,41.940278,-85.632778,1998-02-21 16:30:00,1998-02-21 19:00:00,80.9862,1998-02-21 17:00:00,0.5000
04097500,41.940278,-85.632778,1998-03-10 21:30:00,1998-03-16 03:30:00,96.2773,1998-03-14 17:30:00,92.0000
04097500,41.940278,-85.632778,1998-03-19 22:30:00,1998-04-07 02:30:00,93.1624,1998-03-23 06:00:00,79.5000
04097500,41.940278,-85.632778,1998-04-10 13:30:00,1998-04-18 12:00:00,95.7109,1998-04-12 01:15:00,35.7500
04097500,41.940278,-85.632778,1998-05-04 21:00:00,1998-05-06 23:15:00,97.6931,1998-05-05 00:45:00,3.7500
04097500,41.940278,-85.632778,1999-01-25 17:30:00,1999-02-01 03:00:00,92.3129,1999-01-27 23:30:00,54.0000
04097500,41.940278,-85.632778,1999-04-24 13:30:00,1999-05-01 02:30:00,112.7010,1999-04-25 18:30:00,29.0000
04097500,41.940278,-85.632778,2000-05-21 18:00:00,2000-05-22 20:00:00,82.1189,2000-05-22 01:30:00,7.5000
04097500,41.940278,-85.632778,2000-06-14 22:00:00,2000-06-15 01:30:00,83.8179,2000-06-14 22:30:00,0.5000
04097500,41.940278,-85.632778,2000-06-25 02:00:00,2000-07-01 02:30:00,94.8614,2000-06-28 01:00:00,71.0000
04097500,41.940278,-85.632778,2001-02-10 14:30:00,2001-02-23 08:00:00,141.5842,2001-02-14 08:30:00,90.0000
04097500,41.940278,-85.632778,2001-02-25 16:00:00,2001-03-07 17:00:00,131.1070,2001-02-27 14:00:00,46.0000
04097500,41.940278,-85.632778,2001-10-17 12:30:00,2001-10-25 12:00:00,107.0377,2001-10-19 14:00:00,49.5000
04097500,41.940278,-85.632778,2001-10-27 01:00:00,2001-10-27 04:30:00,80.4198,2001-10-27 04:30:00,3.5000
04097500,41.940278,-85.632778,2002-03-09 13:30:00,2002-03-18 01:30:00,101.0911,2002-03-11 23:00:00,57.5000
04097500,41.940278,-85.632778,2002-05-12 22:00:00,2002-05-23 02:30:00,113.2674,2002-05-15 02:00:00,52.0000
04097500,41.940278,-85.632778,2004-06-14 07:30:00,2004-06-20 09:30:00,94.8614,2004-06-14 18:30:00,11.0000
04097500,41.940278,-85.632778,2005-01-13 17:00:00,2005-01-24 19:30:00,131.1070,2005-01-16 06:00:00,61.0000
04097500,41.940278,-85.632778,2005-02-15 17:00:00,2005-02-26 21:30:00,125.1605,2005-02-17 20:00:00,51.0000
04097500,41.940278,-85.632778,2006-03-15 18:30:00,2006-03-20 02:30:00,85.8000,2006-03-15 19:00:00,0.5000
04097500,41.940278,-85.632778,2006-05-16 12:30:00,2006-05-16 15:30:00,81.5525,2006-05-16 13:30:00,1.0000
04097500,41.940278,-85.632778,2007-01-05 21:30:00,2007-01-12 22:30:00,98.2595,2007-01-08 23:00:00,73.5000
04097500,41.940278,-85.632778,2007-01-18 19:00:00,2007-01-20 04:30:00,80.1367,2007-01-19 00:00:00,5.0000
04097500,41.940278,-85.632778,2007-03-14 18:00:00,2007-03-20 22:00:00,89.4812,2007-03-14 19:30:00,1.5000
04097500,41.940278,-85.632778,2007-04-29 13:00:00,2007-04-29 19:30:00,83.8179,2007-04-29 13:30:00,0.5000
04097500,41.940278,-85.632778,2008-01-08 10:30:00,2008-01-23 15:30:00,179.2456,2008-01-12 13:00:00,98.5000
04097500,41.940278,-85.632778,2008-01-25 08:30:00,2008-01-25 17:00:00,82.9684,2008-01-25 14:00:00,5.5000
04097500,41.940278,-85.632778,2008-01-29 00:00:00,2008-01-29 02:30:00,81.2693,2008-01-29 00:30:00,0.5000
04097500,41.940278,-85.632778,2008-03-04 07:00:00,2008-03-11 06:00:00,98.5426,2008-03-05 15:30:00,32.5000
04097500,41.940278,-85.632778,2008-03-17 13:30:00,2008-03-24 15:30:00,89.1981,2008-03-17 14:30:00,1.0000
04097500,41.940278,-85.632778,2008-03-27 13:00:00,2008-04-18 12:30:00,113.8337,2008-04-04 05:30:00,184.5000
04097500,41.940278,-85.632778,2008-04-20 20:30:00,2008-04-21 13:00:00,79.8535,2008-04-21 00:30:00,4.0000
04097500,41.940278,-85.632778,2008-09-14 17:00:00,2008-09-24 22:30:00,174.1486,2008-09-18 01:00:00,80.0000
04097500,41.940278,-85.632778,2008-12-28 20:00:00,2009-01-05 11:30:00,110.7189,2008-12-30 16:30:00,44.5000
04097500,41.940278,-85.632778,2009-02-11 16:00:00,2009-02-21 18:00:00,113.5506,2009-02-13 21:30:00,53.5000
04097500,41.940278,-85.632778,2009-02-28 01:30:00,2009-03-04 19:30:00,100.2416,2009-03-02 00:30:00,47.0000
04097500,41.940278,-85.632778,2009-03-06 17:30:00,2009-03-28 07:00:00,183.2100,2009-03-13 01:00:00,150.5000
04097500,41.940278,-85.632778,2009-05-17 16:30:00,2009-05-25 17:00:00,124.0278,2009-05-20 14:30:00,70.0000
04097500,41.940278,-85.632778,2009-06-22 10:00:00,2009-06-25 10:30:00,90.8971,2009-06-22 13:00:00,3.0000
04097500,41.940278,-85.632778,2010-05-13 17:30:00,2010-05-19 14:30:00,95.9941,2010-05-16 13:30:00,68.0000
04097500,41.940278,-85.632778,2010-05-22 01:00:00,2010-05-22 18:30:00,84.3842,2010-05-22 02:00:00,1.0000
04097500,41.940278,-85.632778,2010-05-25 01:00:00,2010-05-29 21:00:00,99.6753,2010-05-25 14:30:00,13.5000
04097500,41.940278,-85.632778,2010-06-01 03:30:00,2010-06-01 07:00:00,81.5525,2010-06-01 04:00:00,0.5000
04097500,41.940278,-85.632778,2011-03-06 17:45:00,2011-03-14 21:15:00,94.5783,2011-03-08 15:15:00,45.5000
04097500,41.940278,-85.632778,2011-04-25 14:30:00,2011-05-06 13:15:00,118.6476,2011-05-01 04:00:00,133.5000
04097500,41.940278,-85.632778,2011-05-27 13:00:00,2011-06-05 19:00:00,108.4535,2011-05-31 23:30:00,106.5000
04097500,41.940278,-85.632778,2011-12-02 13:00:00,2011-12-13 03:15:00,101.3743,2011-12-08 06:45:00,137.7500
04097500,41.940278,-85.632778,2011-12-15 23:45:00,2011-12-23 20:30:00,98.2595,2011-12-16 16:00:00,16.2500
04097500,41.940278,-85.632778,2012-01-20 05:00:00,2012-02-05 14:00:00,102.7902,2012-01-25 23:45:00,138.7500
04097500,41.940278,-85.632778,2012-03-02 20:15:00,2012-03-12 06:15:00,92.5961,2012-03-02 23:45:00,3.5000
04097500,41.940278,-85.632778,2012-03-14 12:45:00,2012-03-18 08:45:00,88.3486,2012-03-14 14:00:00,1.2500
04097500,41.940278,-85.632778,2012-03-25 12:00:00,2012-03-28 02:15:00,87.7822,2012-03-25 13:30:00,1.5000
04097500,41.940278,-85.632778,2013-02-01 14:00:00,2013-02-01 19:15:00,84.1010,2013-02-01 14:45:00,0.7500
04097500,41.940278,-85.632778,2013-04-18 04:30:00,2013-05-05 02:15:00,143.2832,2013-04-22 21:45:00,113.2500
04097500,41.940278,-85.632778,2014-03-18 17:45:00,2014-04-13 20:45:00,125.7268,2014-03-23 18:00:00,120.2500
04097500,41.940278,-85.632778,2015-06-16 00:15:00,2015-06-24 07:45:00,121.7624,2015-06-18 22:15:00,70.0000
04097500,41.940278,-85.632778,2015-07-19 01:00:00,2015-07-19 08:45:00,86.9327,2015-07-19 01:30:00,0.5000
04097500,41.940278,-85.632778,2015-07-21 02:00:00,2015-07-21 13:15:00,82.9684,2015-07-21 03:15:00,1.2500
04100500,41.593333,-85.848611,1988-04-07 04:00:00,1988-04-09 07:00:00,95.9941,1988-04-08 01:00:00,21.0000
04100500,41.593333,-85.848611,1989-06-01 19:00:00,1989-06-05 07:00:00,105.3387,1989-06-02 13:00:00,18.0000
04100500,41.593333,-85.848611,1990-02-23 04:00:00,1990-02-24 04:00:00,110.4357,1990-02-23 20:00:00,16.0000
04100500,41.593333,-85.848611,1990-05-17 10:00:00,1990-05-19 13:00:00,79.5703,1990-05-18 11:00:00,25.0000
04100500,41.593333,-85.848611,1990-10-10 12:00:00,1990-10-13 18:00:00,95.9941,1990-10-11 07:00:00,19.0000
04100500,41.593333,-85.848611,1990-12-29 23:00:00,1990-12-31 04:00:00,156.5922,1990-12-30 22:00:00,23.0000
04100500,41.593333,-85.848611,1991-05-31 21:00:00,1991-06-03 21:00:00,82.4020,1991-06-01 10:00:00,13.0000
04100500,41.593333,-85.848611,1992-11-13 22:00:00,1992-11-14 21:00:00,63.7129,1992-11-14 07:00:00,9.0000
04100500,41.593333,-85.848611,1992-12-31 07:00:00,1993-01-02 22:00:00,111.5684,1993-01-01 04:00:00,21.0000
04100500,41.593333,-85.848611,1993-01-04 12:00:00,1993-01-15 06:00:00,130.2575,1993-01-05 14:00:00,26.0000
04100500,41.593333,-85.848611,1993-01-22 15:00:00,1993-01-23 15:00:00,61.7307,1993-01-23 02:00:00,11.0000
04100500,41.593333,-85.848611,1993-03-23 22:00:00,1993-03-25 12:00:00,67.3941,1993-03-24 14:00:00,16.0000
04100500,41.593333,-85.848611,1993-04-02 02:00:00,1993-04-02 19:00:00,60.5981,1993-04-02 08:00:00,6.0000
04100500,41.593333,-85.848611,1993-06-08 17:00:00,1993-06-12 10:00:00,137.9030,1993-06-09 20:00:00,27.0000
04100500,41.593333,-85.848611,1996-05-10 23:00:00,1996-05-12 03:00:00,63.7129,1996-05-11 15:00:00,16.0000
04100500,41.593333,-85.848611,1996-05-17 16:00:00,1996-05-20 14:00:00,73.0575,1996-05-18 12:00:00,20.0000
04100500,41.593333,-85.848611,1996-06-10 11:00:00,1996-06-12 02:00:00,121.4793,1996-06-11 01:00:00,14.0000
04100500,41.593333,-85.848611,1997-02-21 15:00:00,1997-02-24 15:00:00,94.5783,1997-02-22 12:00:00,21.0000
04100500,41.593333,-85.848611,1997-02-27 12:00:00,1997-03-04 00:00:00,89.7644,1997-02-28 12:00:00,24.0000
04100500,41.593333,-85.848611,1998-01-06 03:00:00,1998-01-14 05:00:00,91.7466,1998-01-09 14:00:00,83.0000
04100500,41.593333,-85.848611,1998-03-10 06:00:00,1998-03-11 08:00:00,68.5268,1998-03-10 17:00:00,11.0000
04100500,41.593333,-85.848611,1998-04-10 02:00:00,1998-04-12 19:00:00,90.8971,1998-04-10 23:00:00,21.0000
04100500,41.593333,-85.848611,2001-02-09 21:00:00,2001-02-10 04:00:00,89.1981,2001-02-10 04:00:00,7.0000
04100500,41.593333,-85.848611,2001-02-25 18:00:00,2001-02-27 08:00:00,73.6238,2001-02-26 11:00:00,17.0000
04100500,41.593333,-85.848611,2002-02-01 03:00:00,2002-02-03 05:00:00,80.1367,2002-02-01 21:00:00,18.0000
04100500,41.593333,-85.848611,2002-04-03 23:00:00,2002-04-04 07:00:00,57.4832,2002-04-04 02:00:00,3.0000
04100500,41.593333,-85.848611,2002-04-10 03:00:00,2002-04-10 12:00:00,57.2000,2002-04-10 06:00:00,3.0000
04100500,41.593333,-85.848611,2002-05-12 15:00:00,2002-05-16 02:00:00,127.7090,2002-05-13 13:00:00,22.0000
04100500,41.593333,-85.848611,2002-05-17 22:00:00,2002-05-18 12:00:00,57.4832,2002-05-18 04:00:00,6.0000
04100500,41.593333,-85.848611,2004-06-01 02:00:00,2004-06-01 19:00:00,60.5981,2004-06-01 09:00:00,7.0000
04100500,41.593333,-85.848611,2004-06-12 14:00:00,2004-06-15 20:00:00,102.2238,2004-06-13 14:00:00,24.0000
04100500,41.593333,-85.848611,2005-01-13 04:45:00,2005-01-17 07:15:00,117.2317,2005-01-14 05:30:00,24.7500
04100500,41.593333,-85.848611,2005-02-14 21:45:00,2005-02-18 04:45:00,76.7387,2005-02-15 13:30:00,15.7500
04100500,41.593333,-85.848611,2006-07-12 19:15:00,2006-07-12 23:45:00,57.7664,2006-07-12 21:30:00,2.2500
04100500,41.593333,-85.848611,2007-01-16 06:15:00,2007-01-17 05:45:00,63.1466,2007-01-16 18:15:00,12.0000
04100500,41.593333,-85.848611,2007-04-26 20:15:00,2007-04-27 15:15:00,59.7485,2007-04-27 01:15:00,5.0000
04100500,41.593333,-85.848611,2007-08-21 14:30:00,2007-08-27 18:30:00,71.9248,2007-08-23 23:45:00,57.2500
04100500,41.593333,-85.848611,2007-12-12 20:15:00,2007-12-14 02:00:00,65.6951,2007-12-13 08:15:00,12.0000
04100500,41.593333,-85.848611,2007-12-24 06:45:00,2007-12-24 17:00:00,57.7664,2007-12-24 10:15:00,3.5000
04100500,41.593333,-85.848611,2008-01-07 17:30:00,2008-01-18 03:15:00,137.6199,2008-01-09 13:45:00,44.2500
04100500,41.593333,-85.848611,2008-02-05 21:45:00,2008-02-12 04:45:00,143.8496,2008-02-06 23:00:00,25.2500
04100500,41.593333,-85.848611,2008-02-17 20:00:00,2008-02-21 17:30:00,110.4357,2008-02-18 21:15:00,25.2500
04100500,41.593333,-85.848611,2008-03-04 00:00:00,2008-03-05 08:45:00,71.0753,2008-03-04 14:00:00,14.0000
04100500,41.593333,-85.848611,2008-12-28 06:30:00,2008-12-30 04:30:00,78.4377,2008-12-29 01:15:00,18.7500
04100500,41.593333,-85.848611,2009-02-12 18:15:00,2009-02-13 17:00:00,62.2971,2009-02-13 04:45:00,10.5000
04100500,41.593333,-85.848611,2009-02-27 17:15:00,2009-03-01 05:00:00,71.0753,2009-02-28 12:15:00,19.0000
04100500,41.593333,-85.848611,2009-03-08 20:30:00,2009-03-22 08:00:00,114.6832,2009-03-12 05:30:00,81.0000
04100500,41.593333,-85.848611,2009-04-06 14:00:00,2009-04-09 08:00:00,76.1723,2009-04-07 09:45:00,19.7500
04100500,41.593333,-85.848611,2009-05-17 03:30:00,2009-05-18 09:00:00,72.4911,2009-05-17 13:45:00,10.2500
04100500,41.593333,-85.848611,2010-05-22 23:30:00,2010-05-23 22:00:00,63.7129,2010-05-23 10:00:00,10.5000
04100500,41.593333,-85.848611,2011-03-06 14:30:00,2011-03-07 06:00:00,59.4654,2011-03-06 20:30:00,6.0000
04100500,41.593333,-85.848611,2011-04-27 20:15:00,2011-05-02 12:00:00,97.6931,2011-04-29 08:00:00,35.7500
04100500,41.593333,-85.848611,2011-05-26 12:30:00,2011-06-01 00:00:00,82.1189,2011-05-27 11:00:00,22.5000
04100500,41.593333,-85.848611,2011-11-30 18:30:00,2011-12-01 11:45:00,58.3327,2011-11-30 23:15:00,4.7500
04100500,41.593333,-85.848611,2011-12-05 04:00:00,2011-12-07 19:45:00,68.5268,2011-12-05 21:00:00,17.0000
04100500,41.593333,-85.848611,2011-12-15 07:30:00,2011-12-18 19:45:00,89.1981,2011-12-16 11:45:00,28.2500
04100500,41.593333,-85.848611,2013-04-18 23:45:00,2013-04-22 15:45:00,107.8872,2013-04-19 20:45:00,21.0000
04100500,41.593333,-85.848611,2013-04-24 15:15:00,2013-04-27 12:15:00,68.2436,2013-04-25 15:00:00,23.7500
04100500,41.593333,-85.848611,2014-03-16 03:45:00,2014-03-16 20:45:00,57.7664,2014-03-16 07:45:00,4.0000
04100500,41.593333,-85.848611,2014-04-04 10:15:00,2014-04-06 00:30:00,75.8891,2014-04-05 02:45:00,16.5000
04100500,41.593333,-85.848611,2015-07-10 13:45:00,2015-07-11 15:00:00,65.1287,2015-07-10 22:45:00,9.0000
04100500,41.593333,-85.848611,2015-07-14 15:00:00,2015-07-16 07:30:00,69.9426,2015-07-15 12:15:00,21.2500
04100500,41.593333,-85.848611,2015-07-18 16:15:00,2015-07-21 00:30:00,68.8099,2015-07-19 03:00:00,10.7500
04101800,41.913333,-86.213056,1989-11-15 20:00:00,1989-11-23 20:00:00,13.9319,1989-11-16 19:00:00,23.0000
04101800,41.913333,-86.213056,1990-01-04 19:00:00,1990-01-07 13:00:00,12.1479,1990-01-05 10:00:00,15.0000
04101800,41.913333,-86.213056,1990-01-10 00:00:00,1990-01-13 04:00:00,11.3834,1990-01-10 18:00:00,18.0000
04101800,41.913333,-86.213056,1990-01-17 01:00:00,1990-01-22 15:00:00,15.9990,1990-01-18 05:00:00,28.0000
04101800,41.913333,-86.213056,1990-01-25 14:00:00,1990-01-31 14:00:00,19.3970,1990-01-26 06:00:00,16.0000
04101800,41.913333,-86.213056,1990-02-02 00:00:00,1990-02-08 03:00:00,12.5160,1990-02-02 21:00:00,21.0000
04101800,41.913333,-86.213056,1990-02-22 17:00:00,1990-03-06 12:00:00,18.4343,1990-02-24 03:00:00,34.0000
04101800,41.913333,-86.213056,1990-03-09 01:00:00,1990-04-30 06:00:00,29.1664,1990-03-11 22:00:00,69.0000
04101800,41.913333,-86.213056,1990-05-04 16:00:00,1990-05-08 15:00:00,13.8186,1990-05-05 07:00:00,15.0000
04101800,41.913333,-86.213056,1990-05-10 08:00:00,1990-05-29 04:00:00,20.8978,1990-05-17 20:00:00,180.0000
04101800,41.913333,-86.213056,1990-08-20 14:00:00,1990-08-23 07:00:00,11.4400,1990-08-20 22:00:00,8.0000
04101800,41.913333,-86.213056,1990-09-14 23:00:00,1990-09-17 22:00:00,13.2523,1990-09-15 08:00:00,9.0000
04101800,41.913333,-86.213056,1990-09-21 22:00:00,1990-09-26 05:00:00,13.3939,1990-09-24 04:00:00,54.0000
04101800,41.913333,-86.213056,1990-10-04 05:00:00,1990-10-27 04:00:00,37.3782,1990-10-11 03:00:00,166.0000
04101800,41.913333,-86.213056,1990-11-05 03:00:00,1990-11-20 03:00:00,25.1737,1990-11-06 08:00:00,29.0000
04101800,41.913333,-86.213056,1990-11-22 08:00:00,1990-11-25 08:00:00,10.3356,1990-11-22 21:00:00,13.0000
04101800,41.913333,-86.213056,1990-11-27 08:00:00,1991-05-21 09:00:00,40.7763,1990-11-29 03:00:00,43.0000
04101800,41.913333,-86.213056,1991-05-22 21:00:00,1991-06-06 02:00:00,15.6309,1991-05-26 13:00:00,88.0000
04101800,41.913333,-86.213056,1991-06-11 21:00:00,1991-06-12 19:00:00,10.5339,1991-06-12 01:00:00,4.0000
04101800,41.913333,-86.213056,1991-07-02 07:00:00,1991-07-04 14:00:00,14.8663,1991-07-02 10:00:00,3.0000
04101800,41.913333,-86.213056,1991-09-12 17:00:00,1991-09-13 13:00:00,12.0630,1991-09-12 22:00:00,5.0000
04101800,41.913333,-86.213056,1991-10-04 13:00:00,1991-10-12 22:00:00,22.9083,1991-10-05 18:00:00,29.0000
04101800,41.913333,-86.213056,1991-10-14 19:00:00,1991-10-16 12:00:00,10.3356,1991-10-15 04:00:00,9.0000
04101800,41.913333,-86.213056,1991-10-25 16:00:00,1991-10-26 04:00:00,23.2764,1991-10-26 04:00:00,12.0000
04101800,41.913333,-86.213056,1992-07-14 20:00:00,1992-07-18 19:00:00,15.4893,1992-07-15 04:00:00,8.0000
04101800,41.913333,-86.213056,1992-07-23 10:00:00,1992-08-11 09:00:00,27.8638,1992-07-23 20:00:00,10.0000
04101800,41.913333,-86.213056,1992-08-13 05:00:00,1992-08-14 05:00:00,9.7410,1992-08-13 15:00:00,10.0000
04101800,41.913333,-86.213056,1992-09-09 20:00:00,1992-09-14 07:00:00,16.3671,1992-09-10 13:00:00,17.0000
04101800,41.913333,-86.213056,1992-09-16 04:00:00,1992-09-17 02:00:00,9.7410,1992-09-16 08:00:00,4.0000
04101800,41.913333,-86.213056,1992-09-18 21:00:00,1992-09-19 12:00:00,9.5145,1992-09-19 03:00:00,6.0000
04101800,41.913333,-86.213056,1992-09-21 20:00:00,1992-09-23 04:00:00,9.8543,1992-09-22 06:00:00,10.0000
04101800,41.913333,-86.213056,1992-09-27 05:00:00,1992-09-30 02:00:00,11.2701,1992-09-27 19:00:00,14.0000
04101800,41.913333,-86.213056,1992-10-15 10:00:00,1992-10-24 04:00:00,13.2523,1992-10-16 17:00:00,31.0000
04101800,41.913333,-86.213056,1993-06-05 11:00:00,1993-06-06 05:00:00,9.5711,1993-06-05 15:00:00,4.0000
04101800,41.913333,-86.213056,1993-06-08 00:00:00,1993-07-04 11:00:00,21.3509,1993-06-09 17:00:00,41.0000
04101800,41.913333,-86.213056,1993-08-24 10:00:00,1993-08-25 00:00:00,9.7410,1993-08-24 16:00:00,6.0000
04101800,41.913333,-86.213056,1993-08-29 13:00:00,1993-09-09 20:00:00,16.9335,1993-08-30 03:00:00,14.0000
04101800,41.913333,-86.213056,1993-09-14 23:00:00,1993-09-23 01:00:00,18.9440,1993-09-15 13:00:00,14.0000
04101800,41.913333,-86.213056,1993-09-26 03:00:00,1993-10-06 07:00:00,17.2450,1993-09-28 05:00:00,50.0000
04101800,41.913333,-86.213056,1993-10-09 11:00:00,1993-10-15 11:00:00,12.8842,1993-10-09 23:00:00,12.0000
04101800,41.913333,-86.213056,1993-10-16 12:00:00,1993-10-30 04:00:00,31.7149,1993-10-18 09:00:00,45.0000
04101800,41.913333,-86.213056,1993-12-21 03:00:00,1993-12-22 02:00:00,9.4578,1993-12-21 08:00:00,5.0000
04101800,41.913333,-86.213056,1994-04-12 13:00:00,1994-04-20 13:00:00,14.8663,1994-04-13 03:00:00,14.0000
04101800,41.913333,-86.213056,1994-04-27 07:00:00,1994-05-06 08:00:00,14.1301,1994-05-01 08:00:00,97.0000
04101800,41.913333,-86.213056,1994-05-07 20:00:00,1994-05-09 21:00:00,10.2790,1994-05-08 03:00:00,7.0000
04101800,41.913333,-86.213056,1994-06-24 11:00:00,1994-06-28 09:00:00,13.3089,1994-06-24 23:00:00,12.0000
04101800,41.913333,-86.213056,1994-07-05 19:00:00,1994-07-06 08:00:00,10.5339,1994-07-06 00:00:00,5.0000
04101800,41.913333,-86.213056,1994-07-08 02:00:00,1994-07-10 17:00:00,19.6519,1994-07-08 08:00:00,6.0000
04101800,41.913333,-86.213056,1994-07-13 01:00:00,1994-07-15 01:00:00,17.8679,1994-07-13 06:00:00,5.0000
04101800,41.913333,-86.213056,1994-08-11 20:00:00,1994-08-12 07:00:00,9.5711,1994-08-12 00:00:00,4.0000
04101800,41.913333,-86.213056,1994-08-13 15:00:00,1994-08-16 09:00:00,14.1867,1994-08-14 10:00:00,19.0000
04101800,41.913333,-86.213056,1994-08-19 17:00:00,1994-08-24 04:00:00,21.0394,1994-08-21 02:00:00,33.0000
04101800,41.913333,-86.213056,1994-11-01 05:00:00,1994-11-19 02:00:00,23.4747,1994-11-06 14:00:00,129.0000
04101800,41.913333,-86.213056,1994-11-21 19:00:00,1994-11-22 05:00:00,9.4012,1994-11-21 22:00:00,3.0000
04101800,41.913333,-86.213056,1994-11-27 21:00:00,1994-12-05 00:00:00,15.1212,1994-11-28 07:00:00,10.0000
04101800,41.913333,-86.213056,1994-12-07 04:00:00,1994-12-13 09:00:00,11.5816,1994-12-08 01:00:00,21.0000
04101800,41.913333,-86.213056,1994-12-17 01:00:00,1994-12-25 09:00:00,12.9974,1994-12-18 07:00:00,30.0000
04101800,41.913333,-86.213056,1995-01-12 21:00:00,1995-02-11 04:00:00,22.3703,1995-01-14 22:00:00,49.0000
04101800,41.913333,-86.213056,1995-02-12 22:00:00,1995-02-13 06:00:00,9.8543,1995-02-13 00:00:00,2.0000
04101800,41.913333,-86.213056,1995-03-27 22:00:00,1995-04-01 04:00:00,10.5339,1995-03-28 11:00:00,13.0000
04101800,41.913333,-86.213056,1995-04-02 21:00:00,1995-04-04 22:00:00,9.5711,1995-04-04 00:00:00,27.0000
04101800,41.913333,-86.213056,1995-04-09 13:00:00,1995-05-08 09:00:00,16.9335,1995-04-12 11:00:00,70.0000
04101800,41.913333,-86.213056,1995-05-09 14:00:00,1995-05-16 00:00:00,13.7054,1995-05-10 15:00:00,25.0000
04101800,41.913333,-86.213056,1995-05-24 08:00:00,1995-05-31 12:00:00,14.1301,1995-05-25 23:00:00,39.0000
04101800,41.913333,-86.213056,1995-06-03 05:00:00,1995-06-05 05:00:00,11.1285,1995-06-03 13:00:00,8.0000
04101800,41.913333,-86.213056,1995-06-27 02:00:00,1995-07-02 04:00:00,14.9513,1995-06-29 03:00:00,49.0000
04101800,41.913333,-86.213056,1995-08-05 00:00:00,1995-08-05 04:00:00,9.4012,1995-08-05 02:00:00,2.0000
04101800,41.913333,-86.213056,1995-08-16 03:00:00,1995-08-17 04:00:00,11.0719,1995-08-16 07:00:00,4.0000
04101800,41.913333,-86.213056,1995-11-02 18:00:00,1995-11-04 06:00:00,10.2790,1995-11-03 03:00:00,9.0000
04101800,41.913333,-86.213056,1995-11-11 02:00:00,1995-11-24 17:00:00,23.0499,1995-11-12 02:00:00,24.0000
04101800,41.913333,-86.213056,1995-11-28 02:00:00,1995-11-30 10:00:00,9.9675,1995-11-28 21:00:00,19.0000
04101800,41.913333,-86.213056,1996-01-18 06:00:00,1996-01-29 18:00:00,18.4343,1996-01-19 07:00:00,25.0000
04101800,41.913333,-86.213056,1996-02-08 19:00:00,1996-02-12 12:00:00,10.7038,1996-02-09 03:00:00,8.0000
04101800,41.913333,-86.213056,1996-02-27 14:00:00,1996-03-02 14:00:00,13.0824,1996-02-28 02:00:00,12.0000
04101800,41.913333,-86.213056,1996-03-05 18:00:00,1996-03-07 02:00:00,10.0525,1996-03-06 03:00:00,9.0000
04101800,41.913333,-86.213056,1996-03-13 03:00:00,1996-03-16 11:00:00,10.5339,1996-03-14 06:00:00,27.0000
04101800,41.913333,-86.213056,1996-04-13 02:00:00,1996-04-13 19:00:00,10.1091,1996-04-13 06:00:00,4.0000
04101800,41.913333,-86.213056,1996-04-15 20:00:00,1996-04-17 12:00:00,10.2790,1996-04-16 02:00:00,6.0000
04101800,41.913333,-86.213056,1996-04-19 15:00:00,1996-05-03 02:00:00,19.8501,1996-04-22 23:00:00,80.0000
04101800,41.913333,-86.213056,1996-05-09 21:00:00,1996-05-30 16:00:00,22.0305,1996-05-10 23:00:00,26.0000
04101800,41.913333,-86.213056,1996-06-02 10:00:00,1996-06-04 08:00:00,11.3834,1996-06-02 19:00:00,9.0000
04101800,41.913333,-86.213056,1996-06-06 13:00:00,1996-06-26 02:00:00,26.5329,1996-06-10 19:00:00,102.0000
04101800,41.913333,-86.213056,1996-10-18 08:00:00,1996-10-19 14:00:00,11.3834,1996-10-18 14:00:00,6.0000
04101800,41.913333,-86.213056,1996-10-30 12:00:00,1996-10-31 13:00:00,9.9109,1996-10-30 19:00:00,7.0000
04101800,41.913333,-86.213056,1996-11-07 19:00:00,1996-11-15 01:00:00,13.5071,1996-11-08 11:00:00,16.0000
04101800,41.913333,-86.213056,1996-11-17 10:00:00,1996-11-20 18:00:00,11.8364,1996-11-18 07:00:00,21.0000
04101800,41.913333,-86.213056,1996-11-30 20:00:00,1996-12-07 14:00:00,13.3089,1996-12-02 04:00:00,32.0000
04101800,41.913333,-86.213056,1996-12-11 20:00:00,1996-12-14 07:00:00,10.7038,1996-12-12 06:00:00,10.0000
04101800,41.913333,-86.213056,1996-12-23 23:00:00,1997-01-07 09:00:00,15.8008,1996-12-24 10:00:00,11.0000
04101800,41.913333,-86.213056,1997-01-22 08:00:00,1997-02-11 05:00:00,20.3598,1997-01-23 07:00:00,23.0000
04101800,41.913333,-86.213056,1997-02-19 00:00:00,1997-04-23 23:00:00,36.5287,1997-02-22 15:00:00,87.0000
04101800,41.913333,-86.213056,1997-05-01 09:00:00,1997-05-07 08:00:00,11.6382,1997-05-01 23:00:00,14.0000
04101800,41.913333,-86.213056,1997-05-08 09:00:00,1997-05-11 02:00:00,10.3356,1997-05-08 20:00:00,11.0000
04101800,41.913333,-86.213056,1997-05-19 07:00:00,1997-05-21 08:00:00,11.6382,1997-05-19 15:00:00,8.0000
04101800,41.913333,-86.213056,1997-05-25 10:00:00,1997-06-05 02:00:00,15.6875,1997-05-30 00:00:00,110.0000
04101800,41.913333,-86.213056,1997-06-06 18:00:00,1997-06-09 01:00:00,11.2701,1997-06-07 05:00:00,11.0000
04101800,41.913333,-86.213056,1997-06-21 10:00:00,1997-06-28 01:00:00,26.6745,1997-06-21 21:00:00,11.0000
04101800,41.913333,-86.213056,1997-07-02 12:00:00,1997-07-03 23:00:00,12.6293,1997-07-02 16:00:00,4.0000
04101800,41.913333,-86.213056,1997-08-24 15:00:00,1997-08-26 01:00:00,12.2612,1997-08-24 20:00:00,5.0000
04101800,41.913333,-86.213056,1997-09-10 11:00:00,1997-09-11 09:00:00,9.6277,1997-09-10 15:00:00,4.0000
04101800,41.913333,-86.213056,1997-09-17 13:00:00,1997-09-26 20:00:00,26.9576,1997-09-20 14:00:00,73.0000
04101800,41.913333,-86.213056,1997-10-27 05:00:00,1997-10-31 08:00:00,11.2135,1997-10-28 08:00:00,27.0000
04101800,41.913333,-86.213056,1997-11-01 19:00:00,1997-11-07 03:00:00,11.6382,1997-11-02 07:00:00,12.0000
04101800,41.913333,-86.213056,1997-11-28 11:00:00,1997-12-02 15:00:00,11.3267,1997-11-30 06:00:00,43.0000
04101800,41.913333,-86.213056,1997-12-10 19:00:00,1997-12-12 08:00:00,9.5711,1997-12-11 03:00:00,8.0000
04101800,41.913333,-86.213056,1997-12-23 12:00:00,1997-12-29 10:00:00,11.9497,1997-12-25 16:00:00,52.0000
04101800,41.913333,-86.213056,1998-01-03 04:00:00,1998-02-08 12:00:00,24.3242,1998-01-09 10:00:00,150.0000
04101800,41.913333,-86.213056,1998-02-11 01:00:00,1998-03-07 03:00:00,13.8753,1998-02-12 08:00:00,31.0000
04101800,41.913333,-86.213056,1998-06-13 19:00:00,1998-06-14 03:00:00,9.7410,1998-06-13 22:00:00,3.0000
04101800,41.913333,-86.213056,1998-08-06 12:00:00,1998-08-07 23:00:00,13.1957,1998-08-06 22:00:00,10.0000
04101800,41.913333,-86.213056,1998-08-25 11:00:00,1998-08-27 05:00:00,15.2628,1998-08-25 19:00:00,8.0000
04101800,41.913333,-86.213056,1998-11-10 21:00:00,1998-11-12 14:00:00,10.9020,1998-11-11 03:00:00,6.0000
04101800,41.913333,-86.213056,1998-12-07 07:00:00,1998-12-08 15:00:00,11.3834,1998-12-07 14:00:00,7.0000
04101800,41.913333,-86.213056,1999-01-18 14:00:00,1999-01-21 03:00:00,11.0719,1999-01-19 02:00:00,12.0000
04101800,41.913333,-86.213056,1999-01-22 06:00:00,1999-02-19 05:00:00,30.8654,1999-01-24 09:00:00,51.0000
04101800,41.913333,-86.213056,1999-02-28 02:00:00,1999-03-10 04:00:00,12.1479,1999-03-03 13:00:00,83.0000
04101800,41.913333,-86.213056,1999-03-17 02:00:00,1999-03-22 13:00:00,14.3850,1999-03-18 07:00:00,29.0000
04101800,41.913333,-86.213056,1999-04-04 21:00:00,1999-04-05 16:00:00,9.7976,1999-04-05 04:00:00,7.0000
04101800,41.913333,-86.213056,1999-04-09 11:00:00,1999-04-13 08:00:00,11.8364,1999-04-10 00:00:00,13.0000
04101800,41.913333,-86.213056,1999-04-16 06:00:00,1999-04-19 11:00:00,11.6949,1999-04-16 20:00:00,14.0000
04101800,41.913333,-86.213056,1999-04-22 14:00:00,1999-05-02 13:00:00,29.1664,1999-04-24 04:00:00,38.0000
04101800,41.913333,-86.213056,1999-06-12 07:00:00,1999-06-13 03:00:00,10.7604,1999-06-12 13:00:00,6.0000
04101800,41.913333,-86.213056,1999-07-01 15:00:00,1999-07-03 01:00:00,13.0824,1999-07-01 22:00:00,7.0000
04101800,41.913333,-86.213056,1999-12-16 07:00:00,1999-12-17 13:00:00,10.1091,1999-12-16 17:00:00,10.0000
04101800,41.913333,-86.213056,2000-02-23 22:00:00,2000-02-29 04:00:00,11.8081,2000-02-25 04:00:00,30.0000
04101800,41.913333,-86.213056,2000-04-20 17:00:00,2000-04-25 06:00:00,16.9335,2000-04-21 13:00:00,20.0000
04101800,41.913333,-86.213056,2000-05-19 03:00:00,2000-05-22 22:00:00,16.9901,2000-05-19 16:00:00,13.0000
04101800,41.913333,-86.213056,2000-05-28 10:00:00,2000-05-31 12:00:00,16.7636,2000-05-28 19:00:00,9.0000
04101800,41.913333,-86.213056,2000-06-13 03:00:00,2000-06-13 19:00:00,10.7604,2000-06-13 07:00:00,4.0000
04101800,41.913333,-86.213056,2000-06-25 06:00:00,2000-06-27 10:00:00,15.8291,2000-06-25 15:00:00,9.0000
04101800,41.913333,-86.213056,2000-07-03 08:00:00,2000-07-12 01:00:00,17.8113,2000-07-06 21:00:00,85.0000
04101800,41.913333,-86.213056,2000-07-30 20:00:00,2000-07-31 22:00:00,12.7992,2000-07-31 01:00:00,5.0000
04101800,41.913333,-86.213056,2000-09-10 22:00:00,2000-09-13 00:00:00,12.4877,2000-09-11 00:00:00,2.0000
04101800,41.913333,-86.213056,2000-11-26 14:00:00,2000-12-02 18:00:00,14.4416,2000-11-27 15:00:00,25.0000
04101800,41.913333,-86.213056,2001-01-30 20:45:00,2001-02-03 21:30:00,10.7038,2001-02-01 03:45:00,31.0000
04101800,41.913333,-86.213056,2001-02-09 05:30:00,2001-02-21 16:30:00,29.1664,2001-02-10 07:45:00,26.2500
04101800,41.913333,-86.213056,2001-02-24 23:45:00,2001-03-19 13:15:00,24.4091,2001-02-25 22:45:00,23.0000
04101800,41.913333,-86.213056,2001-04-06 13:15:00,2001-04-07 22:15:00,10.4489,2001-04-06 19:00:00,5.7500
04101800,41.913333,-86.213056,2001-04-09 15:45:00,2001-04-10 15:00:00,10.1091,2001-04-09 20:15:00,4.5000
04101800,41.913333,-86.213056,2001-04-15 16:45:00,2001-04-18 19:30:00,13.2240,2001-04-16 01:15:00,8.5000
04101800,41.913333,-86.213056,2001-04-21 16:00:00,2001-04-24 21:30:00,10.4489,2001-04-22 00:00:00,8.0000
04101800,41.913333,-86.213056,2001-06-12 13:45:00,2001-06-13 13:15:00,10.7038,2001-06-12 19:30:00,5.7500
04101800,41.913333,-86.213056,2001-06-15 22:15:00,2001-06-17 11:00:00,12.1196,2001-06-16 05:45:00,7.5000
04101800,41.913333,-86.213056,2001-06-22 02:15:00,2001-06-22 21:30:00,9.8259,2001-06-22 06:45:00,4.5000
04101800,41.913333,-86.213056,2001-07-23 21:30:00,2001-07-24 22:45:00,11.9780,2001-07-24 04:00:00,6.5000
04101800,41.913333,-86.213056,2001-08-23 12:00:00,2001-08-23 20:00:00,9.5994,2001-08-23 14:45:00,2.7500
04101800,41.913333,-86.213056,2001-08-26 09:15:00,2001-08-27 02:00:00,9.7693,2001-08-26 13:00:00,3.7500
04101800,41.913333,-86.213056,2001-10-05 13:30:00,2001-10-07 18:15:00,11.7232,2001-10-06 05:00:00,15.5000
04101800,41.913333,-86.213056,2001-10-12 11:15:00,2001-10-27 04:45:00,22.0588,2001-10-15 04:00:00,64.7500
04101800,41.913333,-86.213056,2001-10-29 05:00:00,2001-11-09 16:30:00,15.0646,2001-11-02 23:15:00,114.2500
04101800,41.913333,-86.213056,2001-11-30 08:30:00,2001-12-04 03:00:00,12.4311,2001-11-30 21:45:00,13.2500
04101800,41.913333,-86.213056,2001-12-15 01:45:00,2001-12-20 04:30:00,10.7604,2001-12-18 00:45:00,71.0000
04101800,41.913333,-86.213056,2002-01-11 15:30:00,2002-01-13 15:15:00,9.8259,2002-01-12 06:45:00,15.2500
04101800,41.913333,-86.213056,2002-01-15 04:00:00,2002-01-17 14:30:00,9.9958,2002-01-15 21:15:00,17.2500
04101800,41.913333,-86.213056,2002-01-24 02:45:00,2002-01-24 23:45:00,9.6560,2002-01-24 09:45:00,7.0000
04101800,41.913333,-86.213056,2002-02-01 04:15:00,2002-02-03 14:00:00,10.3356,2002-02-02 00:15:00,20.0000
04101800,41.913333,-86.213056,2002-02-10 20:00:00,2002-02-14 01:00:00,10.2224,2002-02-11 06:45:00,10.7500
04101800,41.913333,-86.213056,2002-02-17 02:00:00,2002-02-17 18:15:00,9.4295,2002-02-17 06:00:00,4.0000
04101800,41.913333,-86.213056,2002-04-02 08:30:00,2002-04-05 04:00:00,10.8170,2002-04-03 01:00:00,16.5000
04101800,41.913333,-86.213056,2002-04-08 16:30:00,2002-04-16 12:00:00,16.0273,2002-04-09 10:00:00,17.5000
04101800,41.913333,-86.213056,2002-04-20 10:30:00,2002-04-23 09:15:00,10.2224,2002-04-20 17:45:00,7.2500
04101800,41.913333,-86.213056,2002-05-08 20:00:00,2002-05-23 02:45:00,23.2764,2002-05-12 21:30:00,97.5000
04101800,41.913333,-86.213056,2002-05-24 07:15:00,2002-05-27 03:15:00,11.8648,2002-05-24 17:15:00,10.0000
04101800,41.913333,-86.213056,2002-06-03 17:30:00,2002-06-08 07:45:00,16.0273,2002-06-04 02:15:00,8.7500
04101800,41.913333,-86.213056,2002-08-24 02:30:00,2002-08-25 01:45:00,10.1091,2002-08-24 11:45:00,9.2500
04101800,41.913333,-86.213056,2002-12-19 21:30:00,2002-12-21 07:45:00,9.9958,2002-12-20 06:30:00,9.0000
04101800,41.913333,-86.213056,2003-03-20 23:15:00,2003-03-22 01:30:00,9.9958,2003-03-21 04:45:00,5.5000
04101800,41.913333,-86.213056,2003-04-04 18:15:00,2003-04-12 00:15:00,21.4925,2003-04-05 14:30:00,20.2500
04101800,41.913333,-86.213056,2003-05-01 21:00:00,2003-05-03 06:00:00,11.2984,2003-05-02 08:30:00,11.5000
04101800,41.913333,-86.213056,2003-05-05 08:30:00,2003-05-22 16:45:00,23.5879,2003-05-12 16:45:00,176.2500
04101800,41.913333,-86.213056,2003-11-02 22:30:00,2003-11-08 17:15:00,15.4893,2003-11-05 20:45:00,70.2500
04101800,41.913333,-86.213056,2003-11-18 21:15:00,2003-12-01 02:15:00,15.8858,2003-11-24 17:15:00,140.0000
04101800,41.913333,-86.213056,2003-12-11 05:30:00,2003-12-12 05:45:00,9.5994,2003-12-11 12:15:00,6.7500
04101800,41.913333,-86.213056,2003-12-29 20:00:00,2003-12-30 22:00:00,9.6560,2003-12-30 03:15:00,7.2500
04101800,41.913333,-86.213056,2004-02-24 10:00:00,2004-03-13 11:15:00,21.4359,2004-03-02 14:00:00,172.0000
04101800,41.913333,-86.213056,2004-03-20 16:15:00,2004-03-22 04:00:00,10.0525,2004-03-21 01:30:00,9.2500
04101800,41.913333,-86.213056,2004-03-26 09:15:00,2004-03-30 07:15:00,12.1196,2004-03-27 00:45:00,15.5000
04101800,41.913333,-86.213056,2004-03-31 08:00:00,2004-04-01 03:30:00,9.6560,2004-03-31 13:45:00,5.7500
04101800,41.913333,-86.213056,2004-05-14 19:00:00,2004-05-18 09:30:00,19.7085,2004-05-15 09:15:00,14.2500
04101800,41.913333,-86.213056,2004-05-21 10:30:00,2004-05-28 14:00:00,15.4044,2004-05-22 18:45:00,32.2500
04101800,41.913333,-86.213056,2004-05-30 21:45:00,2004-06-04 03:45:00,18.6608,2004-05-31 12:00:00,14.2500
04101800,41.913333,-86.213056,2004-06-10 19:45:00,2004-06-20 01:30:00,28.6000,2004-06-13 05:15:00,57.5000
04101800,41.913333,-86.213056,2004-06-22 07:00:00,2004-06-22 23:30:00,9.4861,2004-06-22 10:15:00,3.2500
04101800,41.913333,-86.213056,2004-08-28 13:30:00,2004-08-30 14:15:00,11.1852,2004-08-28 17:30:00,4.0000
04101800,41.913333,-86.213056,2004-11-02 14:15:00,2004-11-03 10:45:00,9.7127,2004-11-02 19:30:00,5.2500
04101800,41.913333,-86.213056,2004-11-04 17:15:00,2004-11-06 12:45:00,10.6471,2004-11-05 03:15:00,10.0000
04101800,41.913333,-86.213056,2004-11-27 17:30:00,2004-12-18 12:00:00,15.4327,2004-12-02 05:15:00,107.7500
04101800,41.913333,-86.213056,2005-06-13 13:15:00,2005-06-16 16:15:00,17.1317,2005-06-13 23:00:00,9.7500
04101800,41.913333,-86.213056,2005-07-21 02:30:00,2005-07-23 13:45:00,13.3372,2005-07-21 17:30:00,15.0000
04101800,41.913333,-86.213056,2005-12-31 19:45:00,2006-01-01 13:15:00,9.4861,2006-01-01 00:45:00,5.0000
04101800,41.913333,-86.213056,2006-01-02 21:45:00,2006-01-05 16:15:00,11.2984,2006-01-03 11:15:00,13.5000
04101800,41.913333,-86.213056,2006-01-13 20:15:00,2006-01-25 21:15:00,15.4044,2006-01-14 07:45:00,11.5000
04101800,41.913333,-86.213056,2006-01-29 12:45:00,2006-02-02 16:00:00,13.6204,2006-01-30 05:30:00,16.7500
04101800,41.913333,-86.213056,2006-02-16 16:15:00,2006-02-19 23:15:00,13.9885,2006-02-17 11:15:00,19.0000
04101800,41.913333,-86.213056,2006-03-09 13:15:00,2006-03-18 12:45:00,16.7636,2006-03-13 21:15:00,104.0000
04101800,41.913333,-86.213056,2006-05-11 21:00:00,2006-05-17 08:00:00,14.3283,2006-05-13 01:45:00,28.7500
04101800,41.913333,-86.213056,2006-07-18 11:15:00,2006-07-20 04:30:00,16.9901,2006-07-18 18:30:00,7.2500
04101800,41.913333,-86.213056,2006-08-19 10:00:00,2006-08-20 01:15:00,11.5533,2006-08-19 15:30:00,5.5000
04101800,41.913333,-86.213056,2006-08-28 22:15:00,2006-09-01 12:15:00,22.3986,2006-08-29 08:45:00,10.5000
04101800,41.913333,-86.213056,2006-09-13 13:30:00,2006-09-15 12:15:00,11.7232,2006-09-14 12:30:00,23.0000
04101800,41.913333,-86.213056,2006-10-02 22:15:00,2006-10-06 21:30:00,16.3105,2006-10-03 20:00:00,21.7500
04101800,41.913333,-86.213056,2006-10-13 01:45:00,2006-10-13 23:30:00,9.5428,2006-10-13 09:00:00,7.2500
04101800,41.913333,-86.213056,2006-10-17 10:30:00,2006-10-24 04:45:00,16.5370,2006-10-18 01:45:00,15.2500
04101800,41.913333,-86.213056,2006-11-11 14:15:00,2006-11-12 14:45:00,9.6560,2006-11-11 19:15:00,5.0000
04101800,41.913333,-86.213056,2006-11-16 19:30:00,2006-11-20 15:45:00,14.0452,2006-11-17 14:15:00,18.7500
04101800,41.913333,-86.213056,2007-02-05 22:00:00,2007-02-06 05:00:00,9.5428,2007-02-05 23:45:00,1.7500
04101800,41.913333,-86.213056,2007-02-22 07:45:00,2007-02-23 02:30:00,9.3729,2007-02-22 10:15:00,2.5000
04101800,41.913333,-86.213056,2007-04-25 10:45:00,2007-05-05 17:00:00,19.7652,2007-04-27 06:30:00,43.7500
04101800,41.913333,-86.213056,2007-05-09 10:00:00,2007-05-11 10:45:00,11.0436,2007-05-09 17:30:00,7.5000
04101800,41.913333,-86.213056,2007-08-05 16:45:00,2007-08-06 10:15:00,11.4117,2007-08-05 20:00:00,3.2500
04101800,41.913333,-86.213056,2007-08-07 10:45:00,2007-08-12 00:45:00,19.7652,2007-08-07 20:45:00,10.0000
04101800,41.913333,-86.213056,2007-08-19 14:15:00,2007-08-31 22:30:00,25.7966,2007-08-24 17:00:00,122.7500
04101800,41.913333,-86.213056,2007-09-09 01:00:00,2007-09-12 22:30:00,15.7725,2007-09-09 07:45:00,6.7500
04101800,41.913333,-86.213056,2007-10-19 07:30:00,2007-10-21 22:00:00,11.5250,2007-10-19 18:30:00,11.0000
04101800,41.913333,-86.213056,2007-11-22 01:30:00,2007-11-25 05:00:00,12.1762,2007-11-22 19:45:00,18.2500
04101800,41.913333,-86.213056,2007-12-02 23:45:00,2007-12-06 08:30:00,11.8081,2007-12-03 11:30:00,11.7500
04101800,41.913333,-86.213056,2007-12-12 00:00:00,2007-12-16 20:45:00,13.5921,2007-12-12 14:45:00,14.7500
04101800,41.913333,-86.213056,2007-12-22 22:00:00,2007-12-24 04:45:00,12.8842,2007-12-23 22:15:00,24.2500
04101800,41.913333,-86.213056,2008-01-06 06:15:00,2008-05-19 21:30:00,33.9802,2008-01-09 11:00:00,76.7500
04101800,41.913333,-86.213056,2008-06-06 22:45:00,2008-06-13 05:15:00,15.8008,2008-06-09 10:45:00,60.0000
04101800,41.913333,-86.213056,2008-06-14 05:30:00,2008-06-17 00:45:00,10.9020,2008-06-14 15:45:00,10.2500
04101800,41.913333,-86.213056,2008-07-19 22:30:00,2008-07-21 08:15:00,11.2984,2008-07-20 06:45:00,8.2500
04101800,41.913333,-86.213056,2008-09-13 11:15:00,2008-10-12 09:15:00,65.1287,2008-09-15 20:00:00,56.7500
04101800,41.913333,-86.213056,2008-10-16 05:45:00,2008-10-18 16:45:00,10.1374,2008-10-16 14:45:00,9.0000
04101800,41.913333,-86.213056,2009-04-28 05:00:00,2009-06-27 09:45:00,25.0321,2009-04-28 15:30:00,10.5000
04101800,41.913333,-86.213056,2009-07-11 14:00:00,2009-07-12 14:00:00,10.4489,2009-07-11 17:45:00,3.7500
04101800,41.913333,-86.213056,2009-08-17 16:45:00,2009-08-24 16:30:00,17.3865,2009-08-18 00:00:00,7.2500
04101800,41.913333,-86.213056,2009-08-27 16:45:00,2009-09-01 10:30:00,16.1123,2009-08-28 21:45:00,29.0000
04101800,41.913333,-86.213056,2009-10-02 09:45:00,2009-10-14 15:00:00,15.0929,2009-10-04 22:45:00,61.0000
04101800,41.913333,-86.213056,2009-10-23 11:15:00,2009-11-13 22:15:00,21.8040,2009-10-31 13:45:00,194.5000
04101800,41.913333,-86.213056,2009-11-19 07:15:00,2009-11-22 08:30:00,9.7976,2009-11-20 00:30:00,17.2500
04101800,41.913333,-86.213056,2009-11-25 05:45:00,2009-12-06 14:30:00,11.6949,2009-11-27 11:15:00,53.5000
04101800,41.913333,-86.213056,2010-04-03 19:30:00,2010-04-18 05:30:00,19.5103,2010-04-08 14:45:00,115.2500
04101800,41.913333,-86.213056,2010-04-25 15:00:00,2010-04-29 02:15:00,11.6949,2010-04-26 06:30:00,15.5000
04101800,41.913333,-86.213056,2010-05-02 14:45:00,2010-05-04 11:30:00,10.4206,2010-05-02 22:45:00,8.0000
04101800,41.913333,-86.213056,2010-05-07 17:45:00,2010-05-28 14:00:00,27.2974,2010-05-13 21:15:00,147.5000
04101800,41.913333,-86.213056,2010-05-31 21:15:00,2010-06-02 04:45:00,10.9020,2010-06-01 05:45:00,8.5000
04101800,41.913333,-86.213056,2010-06-08 05:00:00,2010-06-23 04:45:00,13.4222,2010-06-09 10:15:00,29.2500
04101800,41.913333,-86.213056,2010-07-24 16:15:00,2010-07-27 03:30:00,14.5832,2010-07-25 00:00:00,7.7500
04101800,41.913333,-86.213056,2010-08-12 01:30:00,2010-08-12 06:30:00,9.5428,2010-08-12 02:45:00,1.2500
04101800,41.913333,-86.213056,2010-11-23 10:00:00,2010-11-23 23:00:00,9.7693,2010-11-23 14:45:00,4.7500
04101800,41.913333,-86.213056,2010-11-25 13:30:00,2010-11-27 09:15:00,10.5622,2010-11-26 07:15:00,17.7500
04101800,41.913333,-86.213056,2010-11-30 14:45:00,2010-12-02 07:45:00,10.3073,2010-11-30 20:45:00,6.0000
04101800,41.913333,-86.213056,2010-12-12 09:30:00,2010-12-15 00:30:00,11.9214,2010-12-13 00:15:00,14.7500
04101800,41.913333,-86.213056,2010-12-31 15:15:00,2011-01-03 10:30:00,13.1673,2011-01-01 08:45:00,17.5000
04101800,41.913333,-86.213056,2011-02-17 12:30:00,2011-03-19 11:45:00,23.5030,2011-02-21 16:15:00,99.7500
04101800,41.913333,-86.213056,2011-03-20 23:00:00,2011-03-26 10:15:00,11.2418,2011-03-23 15:00:00,64.0000
04101800,41.913333,-86.213056,2011-04-08 12:00:00,2011-04-13 16:00:00,13.6487,2011-04-09 00:45:00,12.7500
04101800,41.913333,-86.213056,2011-06-09 23:15:00,2011-06-13 00:15:00,10.4489,2011-06-11 00:30:00,25.2500
04101800,41.913333,-86.213056,2011-06-21 22:15:00,2011-06-27 04:00:00,15.9990,2011-06-23 07:30:00,33.2500
04101800,41.913333,-86.213056,2011-07-19 10:00:00,2011-07-21 13:15:00,15.7442,2011-07-19 15:00:00,5.0000
04101800,41.913333,-86.213056,2011-07-24 01:00:00,2011-07-24 12:00:00,9.7976,2011-07-24 03:15:00,2.2500
04101800,41.913333,-86.213056,2011-07-29 10:00:00,2011-07-31 01:45:00,13.4222,2011-07-29 17:30:00,7.5000
04101800,41.913333,-86.213056,2011-08-08 00:45:00,2011-08-08 06:15:00,9.5428,2011-08-08 02:30:00,1.7500
04101800,41.913333,-86.213056,2011-09-30 05:00:00,2011-10-02 09:45:00,11.9780,2011-09-30 20:00:00,15.0000
04101800,41.913333,-86.213056,2011-10-20 01:15:00,2011-10-28 09:15:00,20.9261,2011-10-21 12:00:00,34.7500
04101800,41.913333,-86.213056,2011-11-09 18:00:00,2011-11-13 18:30:00,10.5622,2011-11-11 20:45:00,50.7500
04101800,41.913333,-86.213056,2011-11-23 04:45:00,2011-12-11 02:00:00,16.4521,2011-11-30 04:00:00,167.2500
04101800,41.913333,-86.213056,2011-12-14 14:30:00,2011-12-24 17:45:00,19.4254,2011-12-15 14:00:00,23.5000
04101800,41.913333,-86.213056,2011-12-28 01:30:00,2011-12-28 19:15:00,9.3729,2011-12-28 06:00:00,4.5000
04101800,41.913333,-86.213056,2011-12-30 21:15:00,2012-01-10 16:15:00,10.7321,2011-12-31 11:30:00,14.2500
04101800,41.913333,-86.213056,2012-02-16 04:30:00,2012-02-20 11:30:00,11.6382,2012-02-16 21:30:00,17.0000
04101800,41.913333,-86.213056,2012-02-24 10:15:00,2012-03-21 03:45:00,18.3210,2012-03-01 13:00:00,146.7500
04101800,41.913333,-86.213056,2012-03-23 20:15:00,2012-03-29 01:45:00,15.0362,2012-03-24 10:30:00,14.2500
04101800,41.913333,-86.213056,2012-03-30 17:00:00,2012-04-02 09:00:00,9.7976,2012-03-31 03:15:00,10.2500
04101800,41.913333,-86.213056,2012-04-15 14:00:00,2012-04-19 20:45:00,13.9036,2012-04-16 19:15:00,29.2500
04101800,41.913333,-86.213056,2012-04-20 23:00:00,2012-04-22 05:30:00,9.7693,2012-04-21 06:15:00,7.2500
04101800,41.913333,-86.213056,2012-04-30 19:15:00,2012-05-10 06:00:00,12.1762,2012-05-04 18:00:00,94.7500
04101800,41.913333,-86.213056,2012-10-15 06:00:00,2012-10-16 11:00:00,10.1374,2012-10-15 15:00:00,9.0000
04101800,41.913333,-86.213056,2012-10-18 17:15:00,2012-10-27 05:30:00,14.7248,2012-10-24 03:00:00,129.7500
04101800,41.913333,-86.213056,2012-12-21 01:00:00,2012-12-23 08:30:00,12.0630,2012-12-21 20:15:00,19.2500
04101800,41.913333,-86.213056,2013-01-12 07:45:00,2013-01-14 18:45:00,10.1374,2013-01-13 19:45:00,36.0000
04101800,41.913333,-86.213056,2013-01-29 12:45:00,2013-02-17 01:45:00,24.1826,2013-01-31 00:45:00,36.0000
04101800,41.913333,-86.213056,2013-02-19 05:00:00,2013-02-24 07:00:00,12.8275,2013-02-19 21:45:00,16.7500
04101800,41.913333,-86.213056,2013-02-26 23:30:00,2013-03-07 02:15:00,11.8648,2013-03-01 06:30:00,55.0000
04101800,41.913333,-86.213056,2013-03-10 01:15:00,2013-03-19 11:15:00,14.2151,2013-03-12 00:45:00,46.5000
04101800,41.913333,-86.213056,2013-04-11 09:15:00,2013-04-17 04:45:00,20.8412,2013-04-12 17:15:00,32.0000
04101800,41.913333,-86.213056,2013-04-19 05:00:00,2013-05-05 09:00:00,31.7149,2013-04-19 15:30:00,10.5000
04101800,41.913333,-86.213056,2013-05-23 00:30:00,2013-05-25 01:15:00,12.2895,2013-05-23 09:15:00,8.7500
04101800,41.913333,-86.213056,2013-05-29 12:30:00,2013-05-30 03:30:00,9.4861,2013-05-29 17:00:00,4.5000
04101800,41.913333,-86.213056,2013-05-31 11:30:00,2013-06-03 16:30:00,12.2895,2013-05-31 20:45:00,9.2500
04101800,41.913333,-86.213056,2013-06-26 00:30:00,2013-06-29 15:15:00,15.4044,2013-06-26 23:45:00,23.2500
04101800,41.913333,-86.213056,2013-07-02 21:30:00,2013-07-05 02:30:00,11.6949,2013-07-03 09:15:00,11.7500
04101800,41.913333,-86.213056,2013-10-31 12:00:00,2013-11-05 14:15:00,17.8396,2013-11-01 12:00:00,24.0000
04101800,41.913333,-86.213056,2013-11-06 19:15:00,2013-11-10 00:45:00,12.2895,2013-11-07 11:00:00,15.7500
04101800,41.913333,-86.213056,2013-11-18 09:00:00,2013-11-19 16:30:00,9.7127,2013-11-18 19:45:00,10.7500
04101800,41.913333,-86.213056,2013-12-21 04:45:00,2013-12-26 22:30:00,15.9990,2013-12-23 03:15:00,46.5000
04101800,41.913333,-86.213056,2014-01-11 06:30:00,2014-01-18 22:30:00,15.0362,2014-01-12 06:00:00,23.5000
04101800,41.913333,-86.213056,2014-02-20 21:30:00,2014-02-26 23:15:00,15.9141,2014-02-22 02:15:00,28.7500
04101800,41.913333,-86.213056,2014-02-28 21:15:00,2014-03-01 06:15:00,10.3073,2014-03-01 00:00:00,2.7500
04101800,41.913333,-86.213056,2014-05-02 03:00:00,2014-05-04 03:15:00,9.6560,2014-05-02 12:30:00,9.5000
04101800,41.913333,-86.213056,2014-05-13 13:45:00,2014-05-19 07:45:00,13.3656,2014-05-15 21:45:00,56.0000
04101800,41.913333,-86.213056,2014-05-21 14:15:00,2014-05-22 02:00:00,9.5428,2014-05-21 17:30:00,3.2500
04101800,41.913333,-86.213056,2014-05-27 16:30:00,2014-05-28 04:45:00,9.3729,2014-05-27 18:15:00,1.7500
04101800,41.913333,-86.213056,2014-06-03 08:00:00,2014-06-03 14:00:00,9.3162,2014-06-03 10:30:00,2.5000
04101800,41.913333,-86.213056,2014-06-11 17:15:00,2014-06-14 05:45:00,11.0153,2014-06-12 15:45:00,22.5000
04101800,41.913333,-86.213056,2014-06-19 03:00:00,2014-06-20 16:30:00,10.0808,2014-06-20 03:15:00,24.2500
04101800,41.913333,-86.213056,2014-06-23 14:45:00,2014-07-10 14:30:00,31.7149,2014-06-25 09:45:00,43.0000
04101800,41.913333,-86.213056,2014-07-13 12:30:00,2014-07-16 12:30:00,10.8454,2014-07-14 17:45:00,29.2500
04101800,41.913333,-86.213056,2014-08-31 08:15:00,2014-09-01 06:15:00,10.1941,2014-08-31 12:15:00,4.0000
04101800,41.913333,-86.213056,2014-09-11 00:45:00,2014-09-12 00:45:00,9.5994,2014-09-11 04:00:00,3.2500
04101800,41.913333,-86.213056,2014-10-03 11:15:00,2014-10-09 18:30:00,18.7458,2014-10-05 04:30:00,41.2500
04101800,41.913333,-86.213056,2014-10-14 23:45:00,2014-10-17 05:30:00,10.1374,2014-10-15 09:15:00,9.5000
04101800,41.913333,-86.213056,2014-11-23 07:00:00,2014-12-06 03:30:00,23.5596,2014-11-25 11:30:00,52.5000
04101800,41.913333,-86.213056,2014-12-09 08:30:00,2014-12-10 11:00:00,9.4295,2014-12-09 15:15:00,6.7500
04101800,41.913333,-86.213056,2014-12-24 19:00:00,2014-12-29 17:00:00,12.6859,2014-12-25 13:45:00,18.7500
04101800,41.913333,-86.213056,2015-01-03 23:45:00,2015-01-07 10:45:00,11.6382,2015-01-04 11:00:00,11.2500
04101800,41.913333,-86.213056,2015-01-15 00:45:00,2015-01-15 05:15:00,9.4295,2015-01-15 02:00:00,1.2500
04101800,41.913333,-86.213056,2015-01-19 01:45:00,2015-01-20 05:00:00,9.3162,2015-01-19 05:00:00,3.2500
04101800,41.913333,-86.213056,2015-03-11 04:45:00,2015-04-05 12:30:00,20.3598,2015-03-15 08:00:00,99.2500
04101800,41.913333,-86.213056,2015-04-09 13:15:00,2015-04-18 05:00:00,10.9586,2015-04-10 12:15:00,23.0000
04101800,41.913333,-86.213056,2015-04-20 01:15:00,2015-04-24 02:00:00,11.8081,2015-04-20 14:45:00,13.5000
04101800,41.913333,-86.213056,2015-05-05 17:30:00,2015-05-17 07:15:00,13.9036,2015-05-11 05:45:00,132.2500
04101800,41.913333,-86.213056,2015-05-27 05:00:00,2015-05-27 15:30:00,9.5428,2015-05-27 08:00:00,3.0000
04101800,41.913333,-86.213056,2015-05-30 23:15:00,2015-06-04 18:30:00,16.2539,2015-05-31 20:30:00,21.2500
04101800,41.913333,-86.213056,2015-06-08 12:45:00,2015-06-10 10:00:00,11.0153,2015-06-08 23:00:00,10.2500
04101800,41.913333,-86.213056,2015-06-12 08:00:00,2015-07-02 02:30:00,27.3824,2015-06-18 00:15:00,136.2500
04101800,41.913333,-86.213056,2015-07-13 14:45:00,2015-07-25 13:45:00,22.4553,2015-07-19 23:30:00,152.7500
04101800,41.913333,-86.213056,2015-11-27 16:15:00,2015-11-30 07:30:00,11.5250,2015-11-28 03:15:00,11.0000
04101800,41.913333,-86.213056,2015-12-21 18:45:00,2016-01-04 12:15:00,14.4699,2015-12-30 05:45:00,203.0000
04101800,41.913333,-86.213056,2016-01-09 03:30:00,2016-01-20 02:15:00,16.7069,2016-01-10 18:15:00,38.7500
04101800,41.913333,-86.213056,2016-01-31 23:45:00,2016-02-10 23:00:00,16.6503,2016-02-03 17:45:00,66.0000
04101800,41.913333,-86.213056,2016-05-26 15:45:00,2016-05-27 10:30:00,9.4861,2016-05-26 20:30:00,4.7500
04103500,42.264722,-84.963889,2005-01-14 03:15:00,2005-01-17 02:45:00,37.0951,2005-01-15 19:30:00,40.2500
04103500,42.264722,-84.963889,2005-02-16 12:30:00,2005-02-17 15:00:00,31.1485,2005-02-17 12:30:00,24.0000
04103500,42.264722,-84.963889,2008-01-08 12:45:00,2008-01-14 15:30:00,41.3426,2008-01-10 13:45:00,49.0000
04103500,42.264722,-84.963889,2008-07-03 00:00:00,2008-07-06 13:45:00,35.1129,2008-07-05 12:00:00,60.0000
04103500,42.264722,-84.963889,2008-09-13 23:30:00,2008-09-20 22:15:00,57.4832,2008-09-15 08:45:00,33.2500
04103500,42.264722,-84.963889,2008-12-28 13:00:00,2008-12-31 21:00:00,34.2634,2008-12-29 12:45:00,23.7500
04103500,42.264722,-84.963889,2009-02-12 07:15:00,2009-02-15 14:00:00,33.1307,2009-02-13 12:30:00,29.2500
04103500,42.264722,-84.963889,2009-03-08 20:45:00,2009-03-16 14:15:00,43.0416,2009-03-12 11:30:00,86.7500
04103500,42.264722,-84.963889,2009-04-07 11:30:00,2009-04-10 12:30:00,30.2990,2009-04-08 12:15:00,24.7500
04103500,42.264722,-84.963889,2009-05-17 11:15:00,2009-05-19 15:30:00,32.8475,2009-05-18 12:00:00,24.7500
04103500,42.264722,-84.963889,2009-06-19 09:30:00,2009-06-23 17:00:00,34.5466,2009-06-21 12:00:00,50.5000
04103500,42.264722,-84.963889,2010-06-07 11:30:00,2010-06-09 13:30:00,30.5822,2010-06-07 12:00:00,0.5000
04103500,42.264722,-84.963889,2010-07-23 22:45:00,2010-07-30 15:15:00,50.1208,2010-07-26 01:45:00,51.0000
04103500,42.264722,-84.963889,2011-05-26 13:30:00,2011-06-01 13:00:00,35.3961,2011-05-29 23:30:00,82.0000
04103500,42.264722,-84.963889,2013-04-19 12:00:00,2013-04-23 11:00:00,35.6792,2013-04-21 00:45:00,36.7500
04103500,42.264722,-84.963889,2014-03-23 02:45:00,2014-03-24 03:00:00,30.2990,2014-03-23 03:30:00,0.7500
04112500,42.727222,-84.478056,1990-03-11 14:00:00,1990-03-16 07:30:00,48.1386,1990-03-13 08:00:00,42.0000
04112500,42.727222,-84.478056,1992-04-25 18:30:00,1992-04-28 16:30:00,43.3248,1992-04-26 16:00:00,21.5000
04112500,42.727222,-84.478056,1993-01-05 05:00:00,1993-01-08 20:00:00,50.1208,1993-01-06 16:00:00,35.0000
04112500,42.727222,-84.478056,1993-03-28 11:30:00,1993-03-30 00:00:00,36.5287,1993-03-29 07:30:00,20.0000
04112500,42.727222,-84.478056,1993-04-20 12:00:00,1993-04-24 10:30:00,60.0317,1993-04-21 23:30:00,35.5000
04112500,42.727222,-84.478056,1994-02-20 23:00:00,1994-02-21 04:30:00,41.6258,1994-02-21 04:30:00,5.5000
04112500,42.727222,-84.478056,1994-03-07 17:30:00,1994-03-08 19:30:00,41.6258,1994-03-08 00:30:00,7.0000
04112500,42.727222,-84.478056,1994-06-14 18:00:00,1994-06-15 19:00:00,39.0772,1994-06-15 03:00:00,9.0000
04112500,42.727222,-84.478056,1994-06-25 19:30:00,1994-06-28 07:30:00,44.1743,1994-06-26 17:30:00,22.0000
04112500,42.727222,-84.478056,1994-07-08 15:00:00,1994-07-12 02:30:00,57.7664,1994-07-09 23:00:00,32.0000
04112500,42.727222,-84.478056,1995-03-12 23:30:00,1995-03-16 01:30:00,44.1743,1995-03-14 03:30:00,28.0000
04112500,42.727222,-84.478056,1996-06-18 23:30:00,1996-06-22 03:30:00,57.2000,1996-06-20 10:00:00,34.5000
04112500,42.727222,-84.478056,1997-02-22 07:30:00,1997-02-24 16:00:00,44.1743,1997-02-23 09:00:00,25.5000
04112500,42.727222,-84.478056,1997-02-28 05:00:00,1997-03-03 12:30:00,43.6079,1997-03-01 05:30:00,24.5000
04112500,42.727222,-84.478056,1998-01-09 08:30:00,1998-01-12 05:00:00,44.7406,1998-01-10 15:30:00,31.0000
04112500,42.727222,-84.478056,1998-02-19 00:00:00,1998-02-22 02:30:00,43.6079,1998-02-20 09:30:00,33.5000
04112500,42.727222,-84.478056,1998-03-10 01:00:00,1998-03-13 05:30:00,47.5723,1998-03-11 06:30:00,29.5000
04112500,42.727222,-84.478056,1998-03-20 01:00:00,1998-03-22 05:30:00,40.7763,1998-03-20 20:00:00,19.0000
04112500,42.727222,-84.478056,1998-05-03 09:30:00,1998-05-06 12:00:00,46.1565,1998-05-04 13:00:00,27.5000
04112500,42.727222,-84.478056,1999-04-23 14:30:00,1999-04-28 00:00:00,62.2971,1999-04-25 06:00:00,39.5000
04112500,42.727222,-84.478056,2001-02-10 02:30:00,2001-02-16 02:00:00,95.7109,2001-02-12 08:30:00,54.0000
04112500,42.727222,-84.478056,2001-02-26 04:00:00,2001-03-01 03:30:00,48.1386,2001-02-27 11:00:00,31.0000
04112500,42.727222,-84.478056,2001-05-16 13:30:00,2001-05-19 05:30:00,44.4574,2001-05-17 11:30:00,22.0000
04112500,42.727222,-84.478056,2003-04-06 06:30:00,2003-04-06 21:00:00,36.5287,2003-04-06 08:30:00,2.0000
04112500,42.727222,-84.478056,2004-05-23 06:30:00,2004-05-28 05:00:00,63.9961,2004-05-24 17:00:00,34.5000
04112500,42.727222,-84.478056,2005-01-13 19:30:00,2005-01-17 20:30:00,58.3327,2005-01-15 06:00:00,34.5000
04112500,42.727222,-84.478056,2005-02-16 03:00:00,2005-02-18 19:30:00,49.8377,2005-02-17 04:30:00,25.5000
04112500,42.727222,-84.478056,2006-03-13 23:30:00,2006-03-17 15:00:00,49.5545,2006-03-15 15:00:00,39.5000
04112500,42.727222,-84.478056,2007-06-05 12:30:00,2007-06-07 22:30:00,41.3426,2007-06-06 06:00:00,17.5000
04112500,42.727222,-84.478056,2008-01-08 19:45:00,2008-01-13 15:00:00,64.5624,2008-01-10 15:15:00,43.5000
04112500,42.727222,-84.478056,2008-03-05 16:15:00,2008-03-06 10:45:00,38.2277,2008-03-05 23:00:00,6.7500
04112500,42.727222,-84.478056,2008-09-15 05:15:00,2008-09-20 14:15:00,60.8812,2008-09-17 08:15:00,51.0000
04112500,42.727222,-84.478056,2008-12-28 10:15:00,2009-01-01 18:15:00,56.6337,2008-12-29 22:30:00,36.2500
04112500,42.727222,-84.478056,2009-02-11 12:45:00,2009-02-16 04:30:00,53.2357,2009-02-13 10:15:00,45.5000
04112500,42.727222,-84.478056,2009-03-09 08:15:00,2009-03-15 03:00:00,59.1822,2009-03-12 03:00:00,66.7500
04112500,42.727222,-84.478056,2009-04-26 15:00:00,2009-04-29 07:15:00,44.7406,2009-04-27 08:15:00,17.2500
04112500,42.727222,-84.478056,2009-05-02 01:00:00,2009-05-02 19:15:00,36.5287,2009-05-02 03:00:00,2.0000
04112500,42.727222,-84.478056,2009-06-20 16:15:00,2009-06-24 03:00:00,55.7842,2009-06-21 20:15:00,28.0000
04112500,42.727222,-84.478056,2010-03-12 17:45:00,2010-03-16 06:45:00,48.1386,2010-03-14 06:15:00,35.5000
04112500,42.727222,-84.478056,2011-04-28 17:00:00,2011-05-02 04:00:00,52.9525,2011-04-30 01:00:00,32.0000
04112500,42.727222,-84.478056,2011-05-21 05:45:00,2011-05-22 03:30:00,37.0951,2011-05-21 13:45:00,8.0000
04112500,42.727222,-84.478056,2011-05-28 01:15:00,2011-05-31 17:15:00,39.9268,2011-05-28 23:15:00,22.0000
04112500,42.727222,-84.478056,2011-07-30 15:30:00,2011-07-31 18:15:00,37.3782,2011-07-31 00:45:00,9.2500
04112500,42.727222,-84.478056,2013-04-12 11:30:00,2013-04-15 06:15:00,46.4396,2013-04-13 12:00:00,24.5000
04112500,42.727222,-84.478056,2013-04-19 05:30:00,2013-04-24 14:30:00,72.2080,2013-04-21 10:15:00,52.7500
04112500,42.727222,-84.478056,2014-03-21 13:15:00,2014-03-26 01:45:00,47.2891,2014-03-23 23:00:00,57.7500
04112500,42.727222,-84.478056,2014-05-15 15:15:00,2014-05-20 00:00:00,61.1644,2014-05-17 08:00:00,40.7500
04112500,42.727222,-84.478056,2015-03-16 00:15:00,2015-03-16 07:00:00,37.3782,2015-03-16 00:45:00,0.5000
04112500,42.727222,-84.478056,2015-06-24 00:15:00,2015-06-26 04:00:00,39.9268,2015-06-24 20:00:00,19.7500
04136000,44.676944,-84.292500,1997-04-06 23:00:00,1997-04-08 11:00:00,84.3842,1997-04-07 10:15:00,11.2500
04136000,44.676944,-84.292500,1998-03-31 23:30:00,1998-04-03 10:00:00,93.4456,1998-04-01 17:00:00,17.5000
04136000,44.676944,-84.292500,2013-04-19 08:30:00,2013-04-19 10:00:00,77.3050,2013-04-19 08:45:00,0.2500
04136000,44.676944,-84.292500,2014-04-14 18:15:00,2014-04-16 20:30:00,90.6139,2014-04-15 07:30:00,13.2500
04136000,44.676944,-84.292500,2016-04-01 10:30:00,2016-04-02 04:00:00,78.4377,2016-04-01 15:15:00,4.7500
04144500,43.015000,-84.180000,1990-03-10 23:00:00,1990-03-18 04:00:00,67.3941,1990-03-12 11:00:00,36.0000
04144500,43.015000,-84.180000,1990-05-21 12:00:00,1990-05-22 21:00:00,48.1386,1990-05-22 01:00:00,13.0000
04144500,43.015000,-84.180000,1990-11-28 16:00:00,1990-11-29 23:00:00,52.3862,1990-11-29 03:00:00,11.0000
04144500,43.015000,-84.180000,1990-12-30 15:00:00,1990-12-31 04:00:00,47.2891,1990-12-30 19:00:00,4.0000
04144500,43.015000,-84.180000,1991-04-28 16:00:00,1991-04-28 23:00:00,46.4396,1991-04-28 19:00:00,3.0000
04144500,43.015000,-84.180000,1992-04-24 10:00:00,1992-04-30 14:00:00,70.7921,1992-04-25 17:00:00,31.0000
04144500,43.015000,-84.180000,1992-11-13 04:00:00,1992-11-14 05:00:00,50.9703,1992-11-13 11:00:00,7.0000
04144500,43.015000,-84.180000,1993-01-04 13:00:00,1993-01-09 21:00:00,68.8099,1993-01-05 08:00:00,19.0000
04144500,43.015000,-84.180000,1993-03-28 05:00:00,1993-04-06 06:00:00,57.4832,1993-04-02 05:00:00,120.0000
04144500,43.015000,-84.180000,1993-04-20 06:00:00,1993-04-25 22:00:00,88.0654,1993-04-20 19:00:00,13.0000
04144500,43.015000,-84.180000,1994-02-19 23:00:00,1994-02-22 19:00:00,84.3842,1994-02-20 22:00:00,23.0000
04144500,43.015000,-84.180000,1994-03-06 22:00:00,1994-03-08 23:00:00,75.8891,1994-03-07 18:00:00,20.0000
04144500,43.015000,-84.180000,1994-04-26 10:00:00,1994-04-27 21:00:00,50.1208,1994-04-26 14:00:00,4.0000
04144500,43.015000,-84.180000,1994-06-25 14:00:00,1994-06-27 15:00:00,74.7565,1994-06-26 14:00:00,24.0000
04144500,43.015000,-84.180000,1994-06-29 05:00:00,1994-06-30 08:00:00,53.5188,1994-06-29 12:00:00,7.0000
04144500,43.015000,-84.180000,1994-07-07 13:00:00,1994-07-12 08:00:00,90.8971,1994-07-08 11:00:00,22.0000
04144500,43.015000,-84.180000,1994-11-06 09:00:00,1994-11-07 00:00:00,50.6872,1994-11-06 15:00:00,6.0000
04144500,43.015000,-84.180000,1995-03-12 00:00:00,1995-03-18 11:00:00,68.2436,1995-03-13 01:00:00,25.0000
04144500,43.015000,-84.180000,1996-05-21 04:00:00,1996-05-23 01:30:00,82.9684,1996-05-21 14:00:00,10.0000
04144500,43.015000,-84.180000,1997-02-21 09:00:00,1997-03-05 07:45:00,101.9406,1997-02-22 05:45:00,20.7500
04144500,43.015000,-84.180000,1998-01-09 06:15:00,1998-01-11 08:00:00,54.3683,1998-01-10 01:45:00,19.5000
04144500,43.015000,-84.180000,1998-02-18 06:30:00,1998-02-19 20:45:00,51.8198,1998-02-18 23:30:00,17.0000
04144500,43.015000,-84.180000,1998-03-09 16:15:00,1998-03-11 08:45:00,62.0139,1998-03-10 00:00:00,7.7500
04144500,43.015000,-84.180000,1998-03-18 19:45:00,1998-03-21 05:15:00,59.4654,1998-03-19 13:15:00,17.5000
04144500,43.015000,-84.180000,1999-04-23 07:30:00,1999-04-29 09:00:00,73.6238,1999-04-23 20:45:00,13.2500
04144500,43.015000,-84.180000,2000-05-19 00:15:00,2000-05-23 22:45:00,78.1545,2000-05-19 20:00:00,19.7500
04144500,43.015000,-84.180000,2000-09-23 12:00:00,2000-09-28 08:00:00,72.2080,2000-09-23 21:15:00,9.2500
04144500,43.015000,-84.180000,2001-02-25 12:15:00,2001-02-27 07:00:00,63.9961,2001-02-25 23:45:00,11.5000
04144500,43.015000,-84.180000,2002-03-10 02:30:00,2002-03-10 10:30:00,46.7228,2002-03-10 05:45:00,3.2500
04144500,43.015000,-84.180000,2004-03-05 11:30:00,2004-03-06 21:00:00,64.8456,2004-03-05 18:45:00,7.2500
04144500,43.015000,-84.180000,2004-05-11 09:15:00,2004-05-12 01:15:00,53.2357,2004-05-11 14:30:00,5.2500
04144500,43.015000,-84.180000,2004-05-22 09:15:00,2004-05-29 14:45:00,119.4971,2004-05-24 15:45:00,54.5000
04144500,43.015000,-84.180000,2005-01-13 02:45:00,2005-01-14 04:45:00,78.4377,2005-01-13 21:30:00,18.7500
04144500,43.015000,-84.180000,2005-02-16 08:45:00,2005-02-17 20:00:00,49.5545,2005-02-16 13:30:00,4.7500
04144500,43.015000,-84.180000,2005-03-07 22:45:00,2005-03-08 10:15:00,53.2357,2005-03-08 03:00:00,4.2500
04144500,43.015000,-84.180000,2006-03-13 16:15:00,2006-03-18 16:00:00,60.5981,2006-03-14 22:45:00,30.5000
04144500,43.015000,-84.180000,2006-05-16 23:30:00,2006-05-17 23:00:00,47.0060,2006-05-17 07:30:00,8.0000
04144500,43.015000,-84.180000,2006-05-19 16:00:00,2006-05-21 08:00:00,49.5545,2006-05-20 06:00:00,14.0000
04144500,43.015000,-84.180000,2006-12-02 00:00:00,2006-12-02 10:15:00,46.4396,2006-12-02 02:00:00,2.0000
04144500,43.015000,-84.180000,2007-06-05 01:15:00,2007-06-06 06:30:00,54.0852,2007-06-05 12:45:00,11.5000
04144500,43.015000,-84.180000,2008-01-08 10:15:00,2008-01-11 04:00:00,62.5802,2008-01-09 17:30:00,31.2500
04144500,43.015000,-84.180000,2008-03-04 01:30:00,2008-03-04 10:00:00,47.8555,2008-03-04 05:00:00,3.5000
04144500,43.015000,-84.180000,2008-04-01 05:30:00,2008-04-02 04:45:00,52.1030,2008-04-01 12:15:00,6.7500
04144500,43.015000,-84.180000,2008-09-14 21:00:00,2008-09-20 15:45:00,74.4733,2008-09-15 12:15:00,15.2500
04144500,43.015000,-84.180000,2008-12-27 21:45:00,2009-01-03 21:00:00,92.3129,2008-12-28 15:00:00,17.2500
04144500,43.015000,-84.180000,2009-02-11 04:15:00,2009-02-18 11:00:00,75.0396,2009-02-12 16:30:00,36.2500
04144500,43.015000,-84.180000,2009-02-27 14:15:00,2009-02-27 18:15:00,45.8733,2009-02-27 14:45:00,0.5000
04144500,43.015000,-84.180000,2009-03-09 00:00:00,2009-03-16 00:30:00,62.5802,2009-03-11 18:15:00,66.2500
04144500,43.015000,-84.180000,2009-04-20 21:45:00,2009-04-22 18:15:00,61.1644,2009-04-21 08:45:00,11.0000
04144500,43.015000,-84.180000,2009-04-26 02:15:00,2009-05-04 00:45:00,90.3307,2009-04-28 12:00:00,57.7500
04144500,43.015000,-84.180000,2009-06-17 19:45:00,2009-06-18 19:30:00,61.7307,2009-06-18 02:30:00,6.7500
04144500,43.015000,-84.180000,2009-06-20 08:45:00,2009-06-22 05:30:00,76.7387,2009-06-20 21:30:00,12.7500
04144500,43.015000,-84.180000,2010-04-08 09:00:00,2010-04-09 18:45:00,52.9525,2010-04-08 16:30:00,7.5000
04144500,43.015000,-84.180000,2010-05-13 18:45:00,2010-05-14 05:00:00,50.1208,2010-05-13 21:30:00,2.7500
04144500,43.015000,-84.180000,2011-03-23 19:30:00,2011-03-25 13:00:00,50.9703,2011-03-24 05:30:00,10.0000
04144500,43.015000,-84.180000,2011-04-23 06:45:00,2011-04-24 17:15:00,57.7664,2011-04-23 12:00:00,5.2500
04144500,43.015000,-84.180000,2011-04-28 07:45:00,2011-05-01 01:45:00,81.8357,2011-04-28 15:15:00,7.5000
04144500,43.015000,-84.180000,2011-05-14 07:15:00,2011-05-18 04:45:00,84.1010,2011-05-15 19:15:00,36.0000
04144500,43.015000,-84.180000,2011-05-25 21:15:00,2011-05-28 00:15:00,64.5624,2011-05-26 16:45:00,19.5000
04144500,43.015000,-84.180000,2011-05-29 22:00:00,2011-06-01 14:30:00,72.4911,2011-05-30 11:00:00,13.0000
04144500,43.015000,-84.180000,2013-05-29 16:15:00,2013-05-29 21:30:00,47.0060,2013-05-29 18:15:00,2.0000
04144500,43.015000,-84.180000,2014-03-24 05:00:00,2014-03-26 01:30:00,59.4654,2014-03-24 06:30:00,1.5000
04144500,43.015000,-84.180000,2014-03-29 00:15:00,2014-03-29 19:15:00,47.5723,2014-03-29 07:30:00,7.2500
04144500,43.015000,-84.180000,2014-05-13 01:45:00,2014-05-23 14:00:00,107.6040,2014-05-15 20:45:00,67.0000
04144500,43.015000,-84.180000,2015-03-13 05:00:00,2015-03-13 20:45:00,52.6693,2015-03-13 06:45:00,1.7500
04144500,43.015000,-84.180000,2015-03-17 16:15:00,2015-03-17 18:00:00,47.2891,2015-03-17 17:00:00,0.7500
04144500,43.015000,-84.180000,2015-06-16 11:45:00,2015-06-17 03:45:00,54.9347,2015-06-16 18:45:00,7.0000
04144500,43.015000,-84.180000,2015-06-23 14:45:00,2015-06-24 07:30:00,55.2179,2015-06-23 20:45:00,6.0000
04144500,43.015000,-84.180000,2016-03-31 21:45:00,2016-04-02 20:00:00,65.6951,2016-04-01 07:30:00,9.7500
04154000,43.626111,-84.707778,1990-03-12 11:00:00,1990-03-18 06:00:00,44.1743,1990-03-13 02:00:00,15.0000
04154000,43.626111,-84.707778,1990-10-11 06:00:00,1990-10-12 06:00:00,35.1129,1990-10-11 14:00:00,8.0000
04154000,43.626111,-84.707778,1990-11-06 11:00:00,1990-11-07 19:00:00,40.7763,1990-11-07 00:00:00,13.0000
04154000,43.626111,-84.707778,1990-11-28 18:00:00,1990-11-29 21:00:00,37.9446,1990-11-29 03:00:00,9.0000
04154000,43.626111,-84.707778,1991-03-03 03:00:00,1991-03-03 18:00:00,34.5466,1991-03-03 09:00:00,6.0000
04154000,43.626111,-84.707778,1991-03-28 04:00:00,1991-04-01 08:00:00,48.9881,1991-03-29 01:00:00,21.0000
04154000,43.626111,-84.707778,1991-04-09 22:00:00,1991-04-13 01:00:00,37.0951,1991-04-10 07:00:00,9.0000
04154000,43.626111,-84.707778,1991-04-15 12:00:00,1991-04-20 05:00:00,61.4476,1991-04-16 16:00:00,28.0000
04154000,43.626111,-84.707778,1991-04-28 09:00:00,1991-05-03 14:00:00,62.8634,1991-04-29 03:00:00,18.0000
04154000,43.626111,-84.707778,1992-04-16 22:00:00,1992-04-23 03:00:00,49.2713,1992-04-17 15:00:00,17.0000
04154000,43.626111,-84.707778,1992-04-25 14:00:00,1992-04-26 14:00:00,35.9624,1992-04-25 23:00:00,9.0000
04154000,43.626111,-84.707778,1992-11-03 11:00:00,1992-11-03 21:00:00,33.1307,1992-11-03 18:00:00,7.0000
04154000,43.626111,-84.707778,1992-11-24 05:00:00,1992-11-24 18:00:00,32.5644,1992-11-24 07:00:00,2.0000
04154000,43.626111,-84.707778,1993-04-20 16:00:00,1993-04-23 22:00:00,41.3426,1993-04-21 06:00:00,14.0000
04154000,43.626111,-84.707778,1993-06-20 17:00:00,1993-06-21 20:00:00,35.6792,1993-06-21 02:00:00,9.0000
04154000,43.626111,-84.707778,1996-05-11 16:00:00,1996-05-12 00:00:00,32.2812,1996-05-11 17:00:00,1.0000
04154000,43.626111,-84.707778,1996-06-13 11:00:00,1996-06-13 18:00:00,34.2634,1996-06-13 14:00:00,3.0000
04154000,43.626111,-84.707778,1997-02-21 22:30:00,1997-02-23 07:45:00,41.6258,1997-02-22 18:00:00,19.5000
04154000,43.626111,-84.707778,1998-04-01 13:45:00,1998-04-05 06:00:00,38.7941,1998-04-02 02:45:00,13.0000
04154000,43.626111,-84.707778,2000-02-26 16:45:00,2000-02-29 04:45:00,35.1129,2000-02-28 01:15:00,32.5000
04154000,43.626111,-84.707778,2000-05-19 08:30:00,2000-05-20 08:45:00,33.4139,2000-05-19 17:45:00,9.2500
04154000,43.626111,-84.707778,2001-05-16 14:00:00,2001-05-20 03:30:00,47.8555,2001-05-17 04:30:00,14.5000
04154000,43.626111,-84.707778,2002-03-10 04:00:00,2002-03-12 06:00:00,43.6079,2002-03-10 17:45:00,13.7500
04154000,43.626111,-84.707778,2004-03-05 16:00:00,2004-03-12 06:00:00,62.2971,2004-03-06 21:00:00,29.0000
04154000,43.626111,-84.707778,2004-05-10 00:30:00,2004-05-12 22:00:00,39.0772,2004-05-11 04:45:00,28.2500
04154000,43.626111,-84.707778,2004-05-15 03:45:00,2004-05-19 07:45:00,40.2099,2004-05-15 21:00:00,17.2500
04154000,43.626111,-84.707778,2004-05-24 00:00:00,2004-05-29 07:15:00,50.1208,2004-05-26 09:30:00,57.5000
04154000,43.626111,-84.707778,2005-01-13 23:00:00,2005-01-15 04:45:00,39.6436,2005-01-14 18:15:00,19.2500
04154000,43.626111,-84.707778,2005-03-31 11:45:00,2005-04-04 18:30:00,41.9089,2005-04-01 07:00:00,19.2500
04154000,43.626111,-84.707778,2006-01-30 16:00:00,2006-01-31 15:00:00,33.4139,2006-01-31 01:00:00,9.0000
04154000,43.626111,-84.707778,2006-03-10 19:30:00,2006-03-19 01:30:00,71.9248,2006-03-14 10:30:00,87.0000
04154000,43.626111,-84.707778,2006-04-08 07:30:00,2006-04-09 10:15:00,36.2456,2006-04-08 17:15:00,9.7500
04154000,43.626111,-84.707778,2006-12-13 16:45:00,2006-12-14 17:45:00,33.9802,2006-12-14 00:15:00,7.5000
04154000,43.626111,-84.707778,2007-03-14 05:30:00,2007-03-18 15:00:00,50.9703,2007-03-15 01:45:00,20.2500
04154000,43.626111,-84.707778,2007-03-22 20:15:00,2007-03-28 02:00:00,44.1743,2007-03-25 09:00:00,60.7500
04154000,43.626111,-84.707778,2007-04-04 10:15:00,2007-04-05 17:30:00,34.2634,2007-04-04 17:15:00,7.0000
04154000,43.626111,-84.707778,2008-04-01 12:00:00,2008-04-04 09:30:00,38.7941,2008-04-02 02:00:00,14.0000
04154000,43.626111,-84.707778,2008-04-11 16:00:00,2008-04-15 17:45:00,48.1386,2008-04-12 12:30:00,20.5000
04154000,43.626111,-84.707778,2008-12-28 19:15:00,2008-12-31 03:00:00,50.1208,2008-12-29 12:15:00,17.0000
04154000,43.626111,-84.707778,2009-02-27 16:30:00,2009-03-01 02:45:00,44.4574,2009-02-28 03:15:00,10.7500
04154000,43.626111,-84.707778,2009-03-08 07:00:00,2009-03-14 05:30:00,54.9347,2009-03-10 00:00:00,41.0000
04154000,43.626111,-84.707778,2009-04-26 21:00:00,2009-04-28 00:30:00,39.6436,2009-04-27 05:15:00,8.2500
04154000,43.626111,-84.707778,2009-05-01 07:45:00,2009-05-03 19:00:00,46.7228,2009-05-01 22:00:00,14.2500
04154000,43.626111,-84.707778,2009-10-31 06:45:00,2009-11-02 09:45:00,44.1743,2009-10-31 22:00:00,15.2500
04154000,43.626111,-84.707778,2010-03-12 21:15:00,2010-03-16 11:00:00,39.0772,2010-03-13 10:00:00,12.7500
04154000,43.626111,-84.707778,2011-04-04 16:00:00,2011-04-05 04:45:00,56.3505,2011-04-05 04:45:00,12.7500
04154000,43.626111,-84.707778,2011-04-21 05:30:00,2011-04-21 13:00:00,32.2812,2011-04-21 07:45:00,2.2500
04154000,43.626111,-84.707778,2011-04-27 01:45:00,2011-05-03 06:00:00,67.1109,2011-04-29 03:15:00,49.5000
04154000,43.626111,-84.707778,2012-03-13 15:45:00,2012-03-14 22:15:00,37.9446,2012-03-14 01:15:00,9.5000
04154000,43.626111,-84.707778,2013-01-30 15:30:00,2013-02-01 15:15:00,54.6515,2013-01-31 03:00:00,11.5000
04154000,43.626111,-84.707778,2013-03-12 01:00:00,2013-03-13 03:45:00,43.3248,2013-03-12 14:30:00,13.5000
04154000,43.626111,-84.707778,2013-05-23 18:45:00,2013-05-26 20:30:00,45.5901,2013-05-24 21:15:00,26.5000
04154000,43.626111,-84.707778,2013-05-30 15:45:00,2013-06-02 03:30:00,36.2456,2013-05-31 20:45:00,29.0000
04154000,43.626111,-84.707778,2014-04-13 16:15:00,2014-04-21 05:15:00,85.2337,2014-04-16 08:30:00,64.2500
04154000,43.626111,-84.707778,2014-05-16 02:45:00,2014-05-17 00:15:00,35.1129,2014-05-16 09:30:00,6.7500
04154000,43.626111,-84.707778,2015-04-10 15:30:00,2015-04-14 02:15:00,37.3782,2015-04-11 06:45:00,15.2500
04154000,43.626111,-84.707778,2015-05-12 16:00:00,2015-05-14 21:15:00,39.6436,2015-05-13 06:00:00,14.0000
04154000,43.626111,-84.707778,2015-06-16 21:00:00,2015-06-17 07:30:00,33.4139,2015-06-17 01:30:00,4.5000
04154000,43.626111,-84.707778,2016-03-17 07:15:00,2016-03-17 17:15:00,32.2812,2016-03-17 09:00:00,1.7500
04154000,43.626111,-84.707778,2016-03-26 12:15:00,2016-03-27 08:00:00,33.9802,2016-03-26 20:00:00,7.7500
04154000,43.626111,-84.707778,2016-03-28 18:00:00,2016-03-30 07:00:00,36.2456,2016-03-29 06:45:00,12.7500
04154000,43.626111,-84.707778,2016-03-31 16:45:00,2016-04-05 15:45:00,50.1208,2016-04-02 04:45:00,36.0000
04172000,42.465278,-83.800000,1989-11-16 13:00:00,1989-11-21 19:00:00,12.7709,1989-11-18 07:00:00,42.0000
04172000,42.465278,-83.800000,1990-02-23 06:00:00,1990-03-07 23:00:00,20.3598,1990-02-26 14:00:00,80.0000
04172000,42.465278,-83.800000,1990-03-09 23:00:00,1990-04-07 19:00:00,22.4269,1990-03-16 05:00:00,150.0000
04172000,42.465278,-83.800000,1990-04-12 06:00:00,1990-04-18 09:00:00,12.7709,1990-04-15 16:00:00,82.0000
04172000,42.465278,-83.800000,1990-04-21 01:00:00,1990-04-29 10:00:00,11.8081,1990-04-24 04:00:00,75.0000
04172000,42.465278,-83.800000,1990-05-19 08:00:00,1990-05-26 11:00:00,11.9497,1990-05-21 19:00:00,59.0000
04172000,42.465278,-83.800000,1990-10-10 10:00:00,1990-10-27 04:00:00,17.3299,1990-10-14 14:00:00,100.0000
04172000,42.465278,-83.800000,1990-10-31 11:00:00,1990-11-03 04:00:00,11.3551,1990-11-01 07:00:00,20.0000
04172000,42.465278,-83.800000,1990-11-07 08:00:00,1990-11-14 09:00:00,13.5921,1990-11-10 06:00:00,70.0000
04172000,42.465278,-83.800000,1990-11-16 01:00:00,1990-11-19 17:00:00,10.8454,1990-11-17 16:00:00,39.0000
04172000,42.465278,-83.800000,1990-12-25 15:00:00,1990-12-25 17:00:00,10.0242,1990-12-25 16:00:00,1.0000
04172000,42.465278,-83.800000,1991-01-17 12:00:00,1991-01-22 04:00:00,10.7038,1991-01-22 04:00:00,112.0000
04172000,42.465278,-83.800000,1991-02-22 07:00:00,1991-02-27 07:00:00,10.7038,1991-02-24 18:00:00,59.0000
04172000,42.465278,-83.800000,1991-03-02 23:00:00,1991-03-12 23:00:00,11.4966,1991-03-07 02:00:00,99.0000
04172000,42.465278,-83.800000,1991-04-21 08:00:00,1991-04-28 22:00:00,11.0436,1991-04-22 20:00:00,36.0000
04172000,42.465278,-83.800000,1991-06-02 20:00:00,1991-06-06 20:00:00,10.9586,1991-06-04 01:00:00,29.0000
04172000,42.465278,-83.800000,1992-04-23 07:00:00,1992-05-06 06:00:00,18.1511,1992-04-28 13:00:00,126.0000
04172000,42.465278,-83.800000,1992-07-16 22:00:00,1992-07-23 02:00:00,11.3551,1992-07-19 20:00:00,70.0000
04172000,42.465278,-83.800000,1992-08-03 00:00:00,1992-08-05 01:00:00,10.0525,1992-08-03 14:00:00,14.0000
04172000,42.465278,-83.800000,1992-09-10 06:00:00,1992-09-16 14:00:00,11.4117,1992-09-12 15:00:00,57.0000
04172000,42.465278,-83.800000,1992-10-16 01:00:00,1992-10-24 04:00:00,11.7798,1992-10-17 11:00:00,34.0000
04172000,42.465278,-83.800000,1993-01-02 12:00:00,1993-02-06 07:00:00,17.8679,1993-01-09 07:00:00,163.0000
04172000,42.465278,-83.800000,1993-06-09 17:00:00,1993-06-14 19:00:00,11.1852,1993-06-11 10:00:00,41.0000
04172000,42.465278,-83.800000,1993-06-21 04:00:00,1993-07-08 17:00:00,17.0751,1993-06-24 09:00:00,77.0000
04172000,42.465278,-83.800000,1993-11-09 16:00:00,1993-11-10 04:00:00,9.9958,1993-11-09 18:00:00,2.0000
04172000,42.465278,-83.800000,1994-03-08 02:00:00,1994-03-15 09:00:00,11.2418,1994-03-09 21:00:00,43.0000
04172000,42.465278,-83.800000,1994-03-21 19:00:00,1994-04-02 11:00:00,14.2151,1994-03-26 05:00:00,106.0000
04172000,42.465278,-83.800000,1994-05-02 13:00:00,1994-05-04 22:00:00,10.5905,1994-05-03 22:00:00,33.0000
04172000,42.465278,-83.800000,1994-05-10 22:00:00,1994-05-14 15:00:00,11.5533,1994-05-12 13:00:00,39.0000
04172000,42.465278,-83.800000,1994-06-28 01:00:00,1994-07-04 02:00:00,12.3461,1994-06-30 12:00:00,59.0000
04172000,42.465278,-83.800000,1994-07-08 11:00:00,1994-07-14 04:00:00,11.0436,1994-07-11 09:00:00,70.0000
04172000,42.465278,-83.800000,1994-08-15 03:00:00,1994-08-19 06:00:00,11.1285,1994-08-16 15:00:00,36.0000
04172000,42.465278,-83.800000,1994-10-04 04:00:00,1994-10-05 04:00:00,9.9958,1994-10-04 15:00:00,11.0000
04172000,42.465278,-83.800000,1994-11-03 22:00:00,1994-11-20 16:00:00,14.0735,1994-11-12 01:00:00,195.0000
04172000,42.465278,-83.800000,1994-12-08 15:00:00,1994-12-13 00:00:00,10.3923,1994-12-10 10:00:00,43.0000
04172000,42.465278,-83.800000,1994-12-18 02:00:00,1994-12-26 17:00:00,11.5533,1994-12-21 05:00:00,75.0000
04172000,42.465278,-83.800000,1995-01-20 23:00:00,1995-01-30 22:00:00,12.2329,1995-01-25 00:00:00,97.0000
04172000,42.465278,-83.800000,1995-03-09 16:00:00,1995-03-25 13:00:00,15.7442,1995-03-17 14:00:00,190.0000
04172000,42.465278,-83.800000,1995-04-23 11:00:00,1995-04-24 22:00:00,9.9958,1995-04-24 08:00:00,21.0000
04172000,42.465278,-83.800000,1995-05-12 08:00:00,1995-05-16 06:00:00,10.7604,1995-05-13 12:00:00,28.0000
04172000,42.465278,-83.800000,1995-06-02 23:00:00,1995-06-03 22:00:00,10.0525,1995-06-03 00:00:00,1.0000
04172000,42.465278,-83.800000,1995-08-04 02:00:00,1995-08-10 17:00:00,12.7992,1995-08-06 05:00:00,51.0000
04172000,42.465278,-83.800000,1995-11-09 12:00:00,1995-11-23 13:00:00,14.8663,1995-11-13 19:00:00,103.0000
04172000,42.465278,-83.800000,1996-02-29 19:00:00,1996-03-01 11:00:00,9.9958,1996-02-29 21:00:00,2.0000
04172000,42.465278,-83.800000,1996-04-30 17:00:00,1996-05-06 06:00:00,10.6471,1996-05-03 14:00:00,69.0000
04172000,42.465278,-83.800000,1996-05-11 00:00:00,1996-05-29 22:00:00,13.4222,1996-05-14 04:00:00,76.0000
04172000,42.465278,-83.800000,1996-06-18 21:00:00,1996-07-04 01:00:00,18.1511,1996-06-24 11:00:00,134.0000
04172000,42.465278,-83.800000,1996-11-07 23:00:00,1996-11-14 23:00:00,10.7604,1996-11-10 06:00:00,55.0000
04172000,42.465278,-83.800000,1997-01-05 04:00:00,1997-01-07 04:00:00,10.3356,1997-01-06 10:00:00,30.0000
04172000,42.465278,-83.800000,1997-09-19 23:00:00,1997-09-27 18:00:00,13.5638,1997-09-23 13:00:00,86.0000
04172000,42.465278,-83.800000,1997-11-05 19:00:00,1997-11-09 09:00:00,11.2418,1997-11-07 18:00:00,47.0000
04172000,42.465278,-83.800000,1998-01-07 12:00:00,1998-01-20 16:00:00,16.4804,1998-01-11 14:00:00,98.0000
04172000,42.465278,-83.800000,1998-02-17 23:00:00,1998-04-21 08:00:00,23.2764,1998-02-22 14:00:00,111.0000
04172000,42.465278,-83.800000,1998-04-27 15:00:00,1998-05-09 01:00:00,11.1002,1998-05-02 10:00:00,115.0000
04172000,42.465278,-83.800000,1999-01-25 05:00:00,1999-01-31 11:00:00,11.2984,1999-01-27 22:00:00,65.0000
04172000,42.465278,-83.800000,1999-04-24 14:00:00,1999-05-02 20:00:00,14.5832,1999-04-28 00:00:00,82.0000
04172000,42.465278,-83.800000,2000-05-21 17:00:00,2000-05-25 05:00:00,10.2790,2000-05-23 06:00:00,37.0000
04172000,42.465278,-83.800000,2000-06-27 09:00:00,2000-07-09 03:00:00,14.9230,2000-06-30 14:00:00,77.0000
04172000,42.465278,-83.800000,2000-08-02 03:00:00,2000-08-15 16:00:00,13.7054,2000-08-09 10:00:00,175.0000
04172000,42.465278,-83.800000,2000-09-13 17:00:00,2000-09-29 07:00:00,16.3388,2000-09-17 16:00:00,95.0000
04172000,42.465278,-83.800000,2001-02-10 08:00:00,2001-02-17 04:00:00,28.6000,2001-02-13 19:00:00,83.0000
04172000,42.465278,-83.800000,2001-02-21 05:00:00,2001-03-23 04:00:00,19.5103,2001-03-01 04:00:00,191.0000
04172000,42.465278,-83.800000,2001-04-10 06:00:00,2001-04-13 04:00:00,10.2224,2001-04-11 12:00:00,30.0000
04172000,42.465278,-83.800000,2001-10-16 12:00:00,2001-10-27 04:45:00,18.4909,2001-10-20 18:45:00,102.7500
04172000,42.465278,-83.800000,2001-11-30 18:30:00,2001-12-06 04:45:00,12.6859,2001-12-05 03:30:00,105.0000
04172000,42.465278,-83.800000,2001-12-14 20:00:00,2001-12-26 12:00:00,11.4683,2001-12-20 16:15:00,140.2500
04172000,42.465278,-83.800000,2002-04-10 23:00:00,2002-04-11 09:00:00,9.9958,2002-04-11 03:45:00,4.7500
04172000,42.465278,-83.800000,2003-04-05 17:00:00,2003-04-09 09:00:00,12.6010,2003-04-08 00:00:00,54.0000
04172000,42.465278,-83.800000,2004-03-06 06:45:00,2004-03-13 12:30:00,11.9214,2004-03-09 06:45:00,72.0000
04172000,42.465278,-83.800000,2004-06-13 19:00:00,2004-06-21 04:30:00,10.9303,2004-06-17 01:15:00,78.2500
04172000,42.465278,-83.800000,2004-07-31 00:15:00,2004-08-10 15:15:00,12.1762,2004-08-02 10:30:00,58.2500
04172000,42.465278,-83.800000,2004-12-12 12:30:00,2004-12-15 13:45:00,10.4489,2004-12-13 18:00:00,29.5000
04172000,42.465278,-83.800000,2004-12-25 08:15:00,2004-12-27 03:00:00,10.4489,2004-12-26 00:15:00,16.0000
04172000,42.465278,-83.800000,2005-01-04 14:30:00,2005-01-07 04:45:00,12.7426,2005-01-07 00:30:00,58.0000
04172000,42.465278,-83.800000,2005-01-13 01:30:00,2005-01-15 04:45:00,17.5564,2005-01-15 04:45:00,51.2500
04172000,42.465278,-83.800000,2005-02-14 20:15:00,2005-02-19 04:45:00,18.9157,2005-02-18 14:00:00,89.7500
04172000,42.465278,-83.800000,2005-03-07 21:15:00,2005-03-18 12:00:00,12.2329,2005-03-11 16:45:00,91.5000
04172000,42.465278,-83.800000,2006-01-21 08:30:00,2006-02-12 01:30:00,11.7798,2006-01-25 00:00:00,87.5000
04172000,42.465278,-83.800000,2006-03-11 02:30:00,2006-03-24 00:00:00,19.8501,2006-03-16 16:30:00,134.0000
04172000,42.465278,-83.800000,2006-04-10 04:15:00,2006-04-11 21:30:00,10.3356,2006-04-11 02:00:00,21.7500
04172000,42.465278,-83.800000,2006-04-14 01:15:00,2006-04-19 08:30:00,10.9869,2006-04-17 01:00:00,71.7500
04172000,42.465278,-83.800000,2006-05-13 07:15:00,2006-06-01 23:15:00,21.6624,2006-05-19 09:00:00,145.7500
04172000,42.465278,-83.800000,2006-12-01 13:00:00,2006-12-21 17:30:00,15.1212,2006-12-05 22:00:00,105.0000
04172000,42.465278,-83.800000,2006-12-25 04:45:00,2006-12-29 04:45:00,10.2790,2006-12-27 01:00:00,44.2500
04172000,42.465278,-83.800000,2007-01-01 09:30:00,2007-01-27 04:45:00,20.5863,2007-01-09 14:15:00,196.7500
04172000,42.465278,-83.800000,2007-03-04 09:15:00,2007-03-07 23:00:00,10.5056,2007-03-05 13:45:00,28.5000
04172000,42.465278,-83.800000,2007-03-11 12:00:00,2007-04-05 23:15:00,16.9618,2007-03-17 13:45:00,145.7500
04172000,42.465278,-83.800000,2007-06-06 06:15:00,2007-06-08 05:45:00,10.1657,2007-06-06 23:30:00,17.2500
04172000,42.465278,-83.800000,2008-01-08 19:45:00,2008-01-09 04:45:00,11.1852,2008-01-09 04:45:00,9.0000
04172000,42.465278,-83.800000,2008-01-10 05:00:00,2008-01-23 04:45:00,23.3614,2008-01-12 14:30:00,57.5000
04172000,42.465278,-83.800000,2008-01-24 05:00:00,2008-01-25 04:45:00,10.8170,2008-01-24 11:15:00,6.2500
04172000,42.465278,-83.800000,2008-02-01 11:00:00,2008-02-03 09:30:00,12.3461,2008-02-02 02:00:00,15.0000
04172000,42.465278,-83.800000,2008-02-07 00:15:00,2008-02-12 04:45:00,16.6220,2008-02-10 12:00:00,83.7500
04172000,42.465278,-83.800000,2008-02-15 05:00:00,2008-02-21 04:45:00,15.4044,2008-02-21 04:15:00,143.2500
04172000,42.465278,-83.800000,2008-03-05 07:30:00,2008-03-11 13:00:00,11.9214,2008-03-07 12:45:00,53.2500
04172000,42.465278,-83.800000,2008-06-12 18:15:00,2008-06-18 15:15:00,10.8737,2008-06-14 11:15:00,41.0000
04172000,42.465278,-83.800000,2008-09-15 01:00:00,2008-09-27 02:45:00,21.1527,2008-09-19 03:45:00,98.7500
04172000,42.465278,-83.800000,2008-11-16 08:15:00,2008-11-22 18:15:00,11.1852,2008-11-20 14:15:00,102.0000
04172000,42.465278,-83.800000,2008-12-30 05:00:00,2009-01-12 04:45:00,20.3032,2009-01-02 18:30:00,85.5000
04172000,42.465278,-83.800000,2009-02-12 05:00:00,2009-02-14 04:45:00,16.3388,2009-02-14 03:45:00,46.7500
04172000,42.465278,-83.800000,2009-02-26 05:00:00,2009-03-02 04:45:00,14.9230,2009-03-02 03:00:00,94.0000
04172000,42.465278,-83.800000,2009-03-05 05:00:00,2009-06-01 06:30:00,29.7327,2009-03-12 06:15:00,168.2500
04172000,42.465278,-83.800000,2009-06-20 20:45:00,2009-07-03 14:15:00,15.9707,2009-06-24 10:45:00,86.0000
04172000,42.465278,-83.800000,2009-11-05 20:45:00,2009-11-08 22:15:00,10.2790,2009-11-06 15:30:00,18.7500
04172000,42.465278,-83.800000,2010-03-12 23:00:00,2010-03-23 12:30:00,16.9052,2010-03-17 03:15:00,99.2500
04172000,42.465278,-83.800000,2010-05-08 01:15:00,2010-05-29 07:15:00,18.5759,2010-05-16 13:15:00,204.0000
04172000,42.465278,-83.800000,2010-06-06 05:45:00,2010-06-17 17:30:00,19.7652,2010-06-11 07:45:00,122.0000
04172000,42.465278,-83.800000,2011-04-09 07:30:00,2011-04-15 08:15:00,11.8648,2011-04-12 03:45:00,68.2500
04172000,42.465278,-83.800000,2011-07-31 12:00:00,2011-08-06 10:00:00,11.2418,2011-08-03 07:45:00,67.7500
04172000,42.465278,-83.800000,2011-08-10 06:45:00,2011-08-18 11:30:00,12.1762,2011-08-13 23:45:00,89.0000
04172000,42.465278,-83.800000,2011-09-12 21:15:00,2011-09-19 01:15:00,12.0913,2011-09-15 00:30:00,51.2500
04172000,42.465278,-83.800000,2011-11-11 13:30:00,2011-11-12 15:00:00,10.0525,2011-11-11 22:45:00,9.2500
04172000,42.465278,-83.800000,2011-11-29 07:45:00,2012-01-04 04:45:00,19.9351,2011-12-04 14:15:00,126.5000
04172000,42.465278,-83.800000,2012-01-18 01:45:00,2012-01-21 04:45:00,12.0347,2012-01-21 04:15:00,74.5000
04172000,42.465278,-83.800000,2012-01-23 05:00:00,2012-02-11 18:00:00,12.9974,2012-01-28 17:15:00,132.2500
04172000,42.465278,-83.800000,2013-01-31 11:45:00,2013-02-01 04:45:00,11.6665,2013-02-01 04:45:00,17.0000
04172000,42.465278,-83.800000,2013-03-14 00:30:00,2013-03-19 08:00:00,10.7604,2013-03-15 05:00:00,28.5000
04172000,42.465278,-83.800000,2013-06-13 23:45:00,2013-06-22 20:00:00,13.5921,2013-06-18 04:45:00,101.0000
04172000,42.465278,-83.800000,2013-06-29 06:45:00,2013-07-08 14:30:00,12.5444,2013-07-02 21:45:00,87.0000
04172000,42.465278,-83.800000,2014-05-12 22:15:00,2014-06-06 22:45:00,24.7206,2014-05-18 00:15:00,122.0000
04172000,42.465278,-83.800000,2014-06-20 23:30:00,2014-06-26 12:15:00,11.1285,2014-06-22 13:45:00,38.2500
04172000,42.465278,-83.800000,2014-11-28 01:45:00,2014-11-28 22:45:00,9.9958,2014-11-28 07:30:00,5.7500
04172000,42.465278,-83.800000,2015-03-17 04:30:00,2015-03-23 18:15:00,12.1762,2015-03-19 10:00:00,53.5000
04172000,42.465278,-83.800000,2015-06-02 04:15:00,2015-06-09 16:30:00,13.3089,2015-06-05 04:15:00,72.0000
04172000,42.465278,-83.800000,2015-06-14 18:30:00,2015-07-01 10:00:00,12.9974,2015-06-18 18:00:00,95.5000
04172000,42.465278,-83.800000,2016-03-16 04:00:00,2016-03-17 21:45:00,10.2790,2016-03-16 22:45:00,18.7500
04172000,42.465278,-83.800000,2016-05-14 09:45:00,2016-05-23 00:30:00,13.9036,2016-05-17 14:15:00,76.5000
04179520,41.360000,-85.049167,2001-10-12 09:15:00,2001-10-13 04:30:00,24.7489,2001-10-12 13:15:00,4.0000
04179520,41.360000,-85.049167,2001-10-14 15:45:00,2001-10-15 01:30:00,18.8590,2001-10-14 18:30:00,2.7500
04179520,41.360000,-85.049167,2001-10-16 14:15:00,2001-10-17 21:15:00,30.5822,2001-10-16 20:45:00,6.5000
04179520,41.360000,-85.049167,2001-10-25 03:45:00,2001-10-25 10:45:00,19.4820,2001-10-25 05:15:00,1.5000
04179520,41.360000,-85.049167,2001-11-30 13:00:00,2001-12-01 00:45:00,20.1616,2001-11-30 16:00:00,3.0000
04179520,41.360000,-85.049167,2001-12-17 16:30:00,2001-12-18 06:00:00,19.4820,2001-12-17 23:15:00,6.7500
04179520,41.360000,-85.049167,2002-01-31 17:30:00,2002-02-02 13:15:00,28.2319,2002-02-01 14:30:00,21.0000
04179520,41.360000,-85.049167,2002-03-30 19:45:00,2002-03-31 09:45:00,21.5491,2002-03-30 23:15:00,3.5000
04179520,41.360000,-85.049167,2002-04-02 23:45:00,2002-04-03 19:15:00,23.7012,2002-04-03 04:45:00,5.0000
04179520,41.360000,-85.049167,2002-05-12 14:15:00,2002-05-14 00:15:00,30.5822,2002-05-13 03:00:00,12.7500
04179520,41.360000,-85.049167,2003-04-05 10:00:00,2003-04-05 16:45:00,18.9723,2003-04-05 12:15:00,2.2500
04179520,41.360000,-85.049167,2003-05-09 14:00:00,2003-05-11 01:15:00,33.1307,2003-05-10 10:30:00,20.5000
04179520,41.360000,-85.049167,2004-03-05 12:15:00,2004-03-05 22:30:00,20.3598,2004-03-05 16:30:00,4.2500
04179520,41.360000,-85.049167,2004-05-31 05:45:00,2004-05-31 17:15:00,24.2675,2004-05-31 09:00:00,3.2500
04179520,41.360000,-85.049167,2004-06-12 12:15:00,2004-06-13 22:00:00,35.3961,2004-06-12 17:45:00,5.5000
04179520,41.360000,-85.049167,2004-12-07 19:30:00,2004-12-08 11:00:00,23.3048,2004-12-07 23:00:00,3.5000
04179520,41.360000,-85.049167,2005-01-04 01:15:00,2005-01-04 13:45:00,21.4359,2005-01-04 05:45:00,4.5000
04179520,41.360000,-85.049167,2005-01-12 14:30:00,2005-01-15 12:15:00,41.0594,2005-01-13 23:45:00,33.2500
04179520,41.360000,-85.049167,2005-02-14 09:00:00,2005-02-17 09:00:00,32.8475,2005-02-14 22:00:00,13.0000
04179520,41.360000,-85.049167,2006-02-17 09:45:00,2006-02-17 15:30:00,19.1705,2006-02-17 12:00:00,2.2500
04179520,41.360000,-85.049167,2006-03-13 13:30:00,2006-03-14 10:30:00,28.2319,2006-03-13 18:30:00,5.0000
04179520,41.360000,-85.049167,2006-10-17 16:45:00,2006-10-18 01:45:00,20.0483,2006-10-17 20:00:00,3.2500
04179520,41.360000,-85.049167,2006-12-01 09:00:00,2006-12-02 21:30:00,34.2634,2006-12-01 17:00:00,8.0000
04179520,41.360000,-85.049167,2007-01-01 01:45:00,2007-01-01 18:15:00,23.4180,2007-01-01 08:45:00,7.0000
04179520,41.360000,-85.049167,2007-01-05 10:30:00,2007-01-06 20:15:00,23.1065,2007-01-06 05:30:00,19.0000
04179520,41.360000,-85.049167,2007-01-15 07:30:00,2007-01-16 18:45:00,33.1307,2007-01-15 16:45:00,9.2500
04179520,41.360000,-85.049167,2007-03-02 06:45:00,2007-03-02 11:15:00,19.1139,2007-03-02 08:30:00,1.7500
04179520,41.360000,-85.049167,2007-03-11 02:00:00,2007-03-11 06:15:00,18.8024,2007-03-11 03:15:00,0.2500
04179520,41.360000,-85.049167,2007-04-25 20:15:00,2007-04-27 22:45:00,27.3541,2007-04-26 23:15:00,27.0000
04179520,41.360000,-85.049167,2007-08-20 15:45:00,2007-08-22 01:45:00,28.1753,2007-08-21 05:15:00,13.5000
04179520,41.360000,-85.049167,2007-12-12 05:00:00,2007-12-13 06:30:00,26.8727,2007-12-12 11:15:00,6.2500
04179520,41.360000,-85.049167,2007-12-23 10:00:00,2007-12-24 13:00:00,29.7327,2007-12-23 17:15:00,7.2500
04179520,41.360000,-85.049167,2008-01-08 08:45:00,2008-01-11 08:15:00,47.5723,2008-01-09 06:30:00,21.7500
04179520,41.360000,-85.049167,2008-02-05 09:00:00,2008-02-09 02:00:00,56.0674,2008-02-06 22:15:00,37.2500
04179520,41.360000,-85.049167,2008-02-17 22:00:00,2008-02-19 00:30:00,31.4317,2008-02-18 07:30:00,9.5000
04179520,41.360000,-85.049167,2008-03-03 19:00:00,2008-03-04 11:15:00,25.3436,2008-03-04 02:45:00,7.7500
04179520,41.360000,-85.049167,2008-04-01 06:45:00,2008-04-01 16:45:00,20.9828,2008-04-01 10:00:00,3.2500
04179520,41.360000,-85.049167,2008-04-11 11:15:00,2008-04-11 17:15:00,19.7368,2008-04-11 13:30:00,2.2500
04179520,41.360000,-85.049167,2008-12-27 18:45:00,2008-12-29 19:45:00,33.6970,2008-12-28 10:30:00,15.7500
04179520,41.360000,-85.049167,2009-02-11 20:30:00,2009-02-13 05:45:00,29.1664,2009-02-12 04:30:00,8.0000
04179520,41.360000,-85.049167,2009-03-08 13:30:00,2009-03-14 17:45:00,64.8456,2009-03-12 00:00:00,82.5000
04179520,41.360000,-85.049167,2009-04-06 03:30:00,2009-04-08 03:45:00,34.5466,2009-04-06 09:15:00,5.7500
04179520,41.360000,-85.049167,2009-12-26 03:15:00,2009-12-26 08:45:00,18.8590,2009-12-26 06:15:00,3.0000
04179520,41.360000,-85.049167,2010-05-22 02:00:00,2010-05-23 18:45:00,41.6258,2010-05-22 13:30:00,11.5000
04179520,41.360000,-85.049167,2010-06-28 02:30:00,2010-06-28 11:00:00,19.4254,2010-06-28 06:15:00,3.7500
04179520,41.360000,-85.049167,2011-02-28 13:00:00,2011-03-01 09:15:00,21.6907,2011-02-28 23:15:00,10.2500
04179520,41.360000,-85.049167,2011-03-05 08:30:00,2011-03-06 19:15:00,30.2990,2011-03-05 20:00:00,11.5000
04179520,41.360000,-85.049167,2011-04-20 10:15:00,2011-04-20 17:45:00,19.4820,2011-04-20 14:15:00,4.0000
04179520,41.360000,-85.049167,2011-04-23 02:45:00,2011-04-24 05:00:00,27.6089,2011-04-23 13:00:00,10.2500
04179520,41.360000,-85.049167,2011-04-28 08:30:00,2011-04-29 16:15:00,30.8654,2011-04-28 17:45:00,9.2500
04179520,41.360000,-85.049167,2011-05-25 20:45:00,2011-05-28 04:45:00,35.6792,2011-05-26 09:30:00,12.7500
04179520,41.360000,-85.049167,2011-05-29 08:30:00,2011-05-29 19:30:00,19.7935,2011-05-29 12:15:00,3.7500
04179520,41.360000,-85.049167,2011-11-29 09:15:00,2011-12-02 18:15:00,47.0060,2011-11-30 10:15:00,25.0000
04179520,41.360000,-85.049167,2011-12-05 22:30:00,2011-12-06 13:15:00,20.1616,2011-12-06 03:45:00,5.2500
04179520,41.360000,-85.049167,2011-12-15 09:00:00,2011-12-16 16:15:00,26.2780,2011-12-15 20:00:00,11.0000
04179520,41.360000,-85.049167,2012-01-17 18:30:00,2012-01-18 04:30:00,19.4820,2012-01-17 22:00:00,3.5000
04179520,41.360000,-85.049167,2013-04-19 01:45:00,2013-04-21 23:30:00,46.7228,2013-04-19 20:30:00,18.7500
04179520,41.360000,-85.049167,2013-04-24 08:00:00,2013-04-25 10:30:00,24.2109,2013-04-24 17:45:00,9.7500
04179520,41.360000,-85.049167,2014-03-15 04:15:00,2014-03-16 20:15:00,23.8145,2014-03-16 01:45:00,21.5000
04179520,41.360000,-85.049167,2014-03-19 21:45:00,2014-03-21 07:30:00,22.9083,2014-03-20 05:15:00,7.5000
04179520,41.360000,-85.049167,2014-04-03 18:30:00,2014-04-05 21:00:00,39.9268,2014-04-04 05:15:00,10.7500
04179520,41.360000,-85.049167,2014-05-15 09:45:00,2014-05-16 09:00:00,28.8832,2014-05-15 13:45:00,4.0000
04179520,41.360000,-85.049167,2015-06-27 13:15:00,2015-06-30 00:45:00,45.8733,2015-06-28 08:30:00,19.2500
04179520,41.360000,-85.049167,2015-07-13 19:00:00,2015-07-13 22:30:00,19.6802,2015-07-13 20:00:00,1.0000
04179520,41.360000,-85.049167,2015-12-29 05:00:00,2015-12-29 22:15:00,21.9456,2015-12-29 09:30:00,4.5000
04195500,41.449444,-83.361389,1990-10-10 16:00:00,1990-10-13 07:00:00,111.8515,1990-10-12 01:00:00,33.0000
04195500,41.449444,-83.361389,1990-10-19 04:00:00,1990-10-20 01:30:00,57.4832,1990-10-19 11:30:00,7.5000
04195500,41.449444,-83.361389,1990-12-03 23:00:00,1990-12-06 06:30:00,124.5941,1990-12-05 03:00:00,28.0000
04195500,41.449444,-83.361389,1990-12-19 04:30:00,1990-12-20 22:00:00,81.5525,1990-12-19 19:30:00,15.0000
04195500,41.449444,-83.361389,1990-12-22 01:30:00,1990-12-25 09:30:00,121.1961,1990-12-23 09:30:00,32.0000
04195500,41.449444,-83.361389,1990-12-29 21:30:00,1991-01-03 03:30:00,294.4952,1990-12-31 15:00:00,41.5000
04195500,41.449444,-83.361389,1991-01-12 17:00:00,1991-01-13 03:30:00,48.4218,1991-01-12 21:30:00,4.5000
04195500,41.449444,-83.361389,1991-01-16 15:00:00,1991-01-18 17:30:00,91.4634,1991-01-17 14:30:00,23.5000
04195500,41.449444,-83.361389,1991-02-19 20:30:00,1991-02-21 19:00:00,86.3664,1991-02-20 11:30:00,15.0000
04195500,41.449444,-83.361389,1991-04-20 02:00:00,1991-04-22 20:30:00,143.8496,1991-04-21 08:30:00,30.5000
04195500,41.449444,-83.361389,1991-06-01 10:00:00,1991-06-01 16:30:00,47.0060,1991-06-01 12:00:00,2.0000
04195500,41.449444,-83.361389,1992-02-16 03:00:00,1992-02-21 02:30:00,107.8872,1992-02-17 01:30:00,22.5000
04195500,41.449444,-83.361389,1992-03-11 03:30:00,1992-03-12 01:00:00,64.5624,1992-03-11 11:00:00,7.5000
04195500,41.449444,-83.361389,1992-04-17 19:00:00,1992-04-23 16:30:00,117.7981,1992-04-19 13:30:00,42.5000
04195500,41.449444,-83.361389,1992-05-25 01:00:00,1992-05-25 06:30:00,46.4396,1992-05-25 03:00:00,2.0000
04195500,41.449444,-83.361389,1992-05-31 07:30:00,1992-06-01 00:30:00,56.3505,1992-05-31 14:00:00,6.5000
04195500,41.449444,-83.361389,1992-06-25 00:00:00,1992-06-25 07:30:00,47.8555,1992-06-25 03:00:00,3.0000
04195500,41.449444,-83.361389,1992-07-15 19:00:00,1992-07-20 04:00:00,104.4892,1992-07-19 05:00:00,82.0000
04195500,41.449444,-83.361389,1992-07-24 05:00:00,1992-07-25 07:00:00,75.0396,1992-07-24 15:00:00,10.0000
04195500,41.449444,-83.361389,1992-07-31 10:00:00,1992-08-01 17:00:00,73.6238,1992-07-31 23:30:00,13.5000
04195500,41.449444,-83.361389,1992-09-10 15:30:00,1992-09-12 10:30:00,99.1090,1992-09-11 11:30:00,20.0000
04195500,41.449444,-83.361389,1992-09-21 20:30:00,1992-09-24 10:00:00,138.1862,1992-09-23 08:30:00,36.0000
04195500,41.449444,-83.361389,1992-10-17 03:30:00,1992-10-17 20:00:00,52.6693,1992-10-17 10:30:00,7.0000
04195500,41.449444,-83.361389,1992-11-02 16:30:00,1992-11-04 21:00:00,100.5248,1992-11-03 15:00:00,22.5000
04195500,41.449444,-83.361389,1992-11-12 14:30:00,1992-11-15 15:30:00,175.2813,1992-11-14 09:00:00,42.5000
04195500,41.449444,-83.361389,1992-11-23 08:00:00,1992-11-25 14:30:00,122.0456,1992-11-24 08:30:00,24.5000
04195500,41.449444,-83.361389,1992-12-31 03:30:00,1993-01-02 16:00:00,167.9189,1993-01-01 07:00:00,27.5000
04195500,41.449444,-83.361389,1993-01-04 07:30:00,1993-01-08 00:00:00,216.0575,1993-01-05 22:30:00,39.0000
04195500,41.449444,-83.361389,1993-01-14 07:30:00,1993-01-14 22:30:00,49.5545,1993-01-14 12:00:00,4.5000
04195500,41.449444,-83.361389,1993-01-22 07:30:00,1993-01-26 03:30:00,101.9406,1993-01-23 01:30:00,18.0000
04195500,41.449444,-83.361389,1993-03-04 14:00:00,1993-03-06 17:00:00,67.9604,1993-03-05 09:00:00,19.0000
04195500,41.449444,-83.361389,1993-03-08 09:00:00,1993-03-12 22:00:00,134.5050,1993-03-10 03:30:00,42.5000
04195500,41.449444,-83.361389,1993-03-17 12:00:00,1993-03-19 10:30:00,111.2852,1993-03-18 07:00:00,19.0000
04195500,41.449444,-83.361389,1993-03-20 23:00:00,1993-03-27 05:30:00,173.0159,1993-03-25 00:30:00,97.5000
04195500,41.449444,-83.361389,1993-04-01 17:00:00,1993-04-03 13:30:00,100.5248,1993-04-02 09:30:00,16.5000
04195500,41.449444,-83.361389,1993-04-10 11:00:00,1993-04-12 02:00:00,95.1446,1993-04-11 02:30:00,15.5000
04195500,41.449444,-83.361389,1993-04-25 21:30:00,1993-04-27 09:00:00,96.5604,1993-04-26 12:00:00,14.5000
04195500,41.449444,-83.361389,1993-06-09 10:00:00,1993-06-12 02:30:00,174.4318,1993-06-11 02:00:00,40.0000
04195500,41.449444,-83.361389,1994-01-30 05:00:00,1994-01-31 20:30:00,99.3921,1994-01-30 13:00:00,8.0000
04195500,41.449444,-83.361389,1994-03-07 22:30:00,1994-03-08 22:00:00,52.3862,1994-03-08 08:30:00,10.0000
04195500,41.449444,-83.361389,1994-04-08 23:30:00,1994-04-09 16:30:00,47.2891,1994-04-09 07:00:00,7.5000
04195500,41.449444,-83.361389,1994-04-10 18:00:00,1994-04-15 23:00:00,236.7288,1994-04-14 00:00:00,78.0000
04195500,41.449444,-83.361389,1994-06-25 16:30:00,1994-06-26 00:30:00,47.2891,1994-06-25 19:30:00,3.0000
04195500,41.449444,-83.361389,1995-01-20 21:30:00,1995-01-23 00:00:00,92.3129,1995-01-21 17:00:00,19.5000
04195500,41.449444,-83.361389,1995-02-28 22:30:00,1995-03-01 14:00:00,51.2535,1995-03-01 03:30:00,5.0000
04195500,41.449444,-83.361389,1995-03-08 02:30:00,1995-03-11 00:30:00,150.9288,1995-03-09 14:30:00,36.0000
04195500,41.449444,-83.361389,1995-04-10 00:00:00,1995-04-14 11:30:00,135.0714,1995-04-12 01:00:00,49.0000
04195500,41.449444,-83.361389,1995-04-22 05:00:00,1995-04-23 04:00:00,58.6159,1995-04-22 12:00:00,7.0000
04195500,41.449444,-83.361389,1995-05-11 16:00:00,1995-05-11 21:00:00,45.8733,1995-05-11 17:30:00,1.5000
04195500,41.449444,-83.361389,1995-05-25 09:00:00,1995-05-26 10:30:00,72.2080,1995-05-25 17:30:00,8.5000
04195500,41.449444,-83.361389,1995-05-29 15:30:00,1995-05-30 07:30:00,51.8198,1995-05-29 21:30:00,6.0000
04195500,41.449444,-83.361389,1996-01-19 05:00:00,1996-01-21 15:30:00,157.4417,1996-01-20 00:00:00,19.0000
04195500,41.449444,-83.361389,1996-01-24 15:00:00,1996-01-25 23:30:00,79.2872,1996-01-25 02:30:00,11.5000
04195500,41.449444,-83.361389,1996-02-27 23:00:00,1996-03-01 01:30:00,113.8337,1996-02-28 22:30:00,23.5000
04195500,41.449444,-83.361389,1996-03-20 11:30:00,1996-03-23 05:00:00,109.3030,1996-03-21 06:30:00,19.0000
04195500,41.449444,-83.361389,1996-03-24 18:30:00,1996-03-26 09:30:00,66.5446,1996-03-25 10:30:00,16.0000
04195500,41.449444,-83.361389,1996-04-23 19:30:00,1996-04-26 00:00:00,117.2317,1996-04-24 17:00:00,21.5000
04195500,41.449444,-83.361389,1996-04-30 18:30:00,1996-05-01 23:30:00,69.9426,1996-05-01 04:30:00,10.0000
04195500,41.449444,-83.361389,1996-05-11 10:00:00,1996-05-13 14:00:00,104.2060,1996-05-12 09:30:00,23.5000
04195500,41.449444,-83.361389,1996-05-17 11:00:00,1996-05-18 16:30:00,59.1822,1996-05-17 20:30:00,9.5000
04195500,41.449444,-83.361389,1996-06-07 21:30:00,1996-06-09 08:00:00,79.2872,1996-06-08 09:30:00,12.0000
04195500,41.449444,-83.361389,1996-12-18 00:30:00,1996-12-19 22:30:00,97.4100,1996-12-18 20:00:00,19.5000
04195500,41.449444,-83.361389,1996-12-25 07:00:00,1996-12-25 13:00:00,45.8733,1996-12-25 08:30:00,1.5000
04195500,41.449444,-83.361389,1997-02-06 05:00:00,1997-02-07 09:00:00,134.7882,1997-02-06 06:00:00,1.0000
04195500,41.449444,-83.361389,1997-02-21 16:30:00,1997-02-23 19:00:00,88.3486,1997-02-22 19:00:00,26.5000
04195500,41.449444,-83.361389,1997-02-27 10:00:00,1997-03-04 00:00:00,257.9665,1997-02-28 21:30:00,35.5000
04195500,41.449444,-83.361389,1997-03-14 15:00:00,1997-03-16 17:30:00,144.6991,1997-03-15 15:30:00,24.5000
04195500,41.449444,-83.361389,1997-05-19 23:30:00,1997-05-21 03:30:00,77.5882,1997-05-20 08:30:00,9.0000
04195500,41.449444,-83.361389,1997-05-25 20:00:00,1997-05-28 12:00:00,210.1110,1997-05-27 04:30:00,32.5000
04195500,41.449444,-83.361389,1997-06-01 08:00:00,1997-06-05 16:30:00,277.7883,1997-06-03 04:30:00,44.5000
04195500,41.449444,-83.361389,1997-07-09 20:30:00,1997-07-11 05:30:00,92.0298,1997-07-10 10:00:00,13.5000
04195500,41.449444,-83.361389,1997-08-17 21:00:00,1997-08-18 12:30:00,52.3862,1997-08-18 03:00:00,6.0000
04195500,41.449444,-83.361389,1997-12-11 10:00:00,1997-12-12 10:00:00,60.5981,1997-12-11 18:00:00,8.0000
04195500,41.449444,-83.361389,1997-12-25 13:30:00,1997-12-27 12:30:00,99.9585,1997-12-26 05:00:00,15.5000
04195500,41.449444,-83.361389,1998-01-04 23:00:00,1998-01-11 10:30:00,212.6595,1998-01-09 19:00:00,116.0000
04195500,41.449444,-83.361389,1998-02-17 20:00:00,1998-02-22 06:00:00,245.5071,1998-02-19 13:30:00,41.5000
04195500,41.449444,-83.361389,1998-03-10 00:00:00,1998-03-11 05:30:00,80.7030,1998-03-10 09:00:00,9.0000
04195500,41.449444,-83.361389,1998-03-19 07:00:00,1998-03-19 22:30:00,52.3862,1998-03-19 12:00:00,5.0000
04195500,41.449444,-83.361389,1998-03-21 09:30:00,1998-03-23 12:00:00,87.4991,1998-03-21 23:00:00,13.5000
04195500,41.449444,-83.361389,1998-04-09 22:00:00,1998-04-12 01:30:00,123.7446,1998-04-10 21:30:00,23.5000
04195500,41.449444,-83.361389,1998-04-16 17:00:00,1998-04-18 07:00:00,86.9327,1998-04-17 06:00:00,13.0000
04195500,41.449444,-83.361389,1998-05-02 13:00:00,1998-05-07 01:00:00,148.9466,1998-05-05 20:00:00,79.0000
04195500,41.449444,-83.361389,1998-06-13 08:00:00,1998-06-15 00:30:00,91.4634,1998-06-14 03:30:00,19.5000
04195500,41.449444,-83.361389,1998-08-06 09:30:00,1998-08-09 01:00:00,85.5169,1998-08-07 05:00:00,19.5000
04195500,41.449444,-83.361389,1998-08-25 03:00:00,1998-08-30 09:00:00,325.6437,1998-08-27 07:00:00,52.0000
04195500,41.449444,-83.361389,1999-01-23 00:30:00,1999-01-27 05:00:00,243.5249,1999-01-24 17:30:00,41.0000
04195500,41.449444,-83.361389,1999-02-28 19:00:00,1999-03-01 20:30:00,60.5981,1999-03-01 02:30:00,7.5000
04195500,41.449444,-83.361389,1999-03-03 19:30:00,1999-03-04 22:30:00,64.2792,1999-03-04 04:30:00,9.0000
04195500,41.449444,-83.361389,1999-03-17 15:30:00,1999-03-19 04:00:00,80.7030,1999-03-18 09:30:00,18.0000
04195500,41.449444,-83.361389,1999-04-09 20:00:00,1999-04-13 06:00:00,132.5228,1999-04-10 19:00:00,23.0000
04195500,41.449444,-83.361389,1999-04-16 15:00:00,1999-04-19 05:30:00,106.4713,1999-04-17 18:30:00,27.5000
04195500,41.449444,-83.361389,1999-04-23 16:00:00,1999-04-25 14:00:00,114.1169,1999-04-24 08:30:00,16.5000
04195500,41.449444,-83.361389,2000-02-25 05:00:00,2000-02-27 01:00:00,86.6496,2000-02-25 19:30:00,14.5000
04195500,41.449444,-83.361389,2000-03-21 08:30:00,2000-03-21 23:00:00,52.3862,2000-03-21 14:00:00,5.5000
04195500,41.449444,-83.361389,2000-04-08 20:00:00,2000-04-10 06:30:00,64.8456,2000-04-09 05:00:00,9.0000
04195500,41.449444,-83.361389,2000-04-21 14:30:00,2000-04-22 10:00:00,59.4654,2000-04-21 20:30:00,6.0000
04195500,41.449444,-83.361389,2000-05-19 23:30:00,2000-05-20 11:30:00,50.9703,2000-05-20 03:30:00,4.0000
04195500,41.449444,-83.361389,2000-05-29 04:00:00,2000-05-30 08:30:00,61.7307,2000-05-29 13:30:00,9.5000
04195500,41.449444,-83.361389,2000-06-21 19:00:00,2000-06-23 08:30:00,82.4020,2000-06-22 08:30:00,13.5000
04195500,41.449444,-83.361389,2000-06-25 09:30:00,2000-06-27 20:00:00,160.2734,2000-06-26 22:00:00,36.5000
04195500,41.449444,-83.361389,2000-12-12 22:00:00,2000-12-13 07:00:00,47.2891,2000-12-13 01:00:00,3.0000
04195500,41.449444,-83.361389,2000-12-17 06:30:00,2000-12-18 04:30:00,94.0119,2000-12-17 21:00:00,14.5000
04195500,41.449444,-83.361389,2001-02-09 18:30:00,2001-02-12 08:00:00,136.7704,2001-02-11 02:00:00,31.5000
04195500,41.449444,-83.361389,2001-02-15 06:00:00,2001-02-17 01:30:00,90.0476,2001-02-15 20:30:00,14.5000
04195500,41.449444,-83.361389,2001-04-06 19:00:00,2001-04-09 18:00:00,180.9446,2001-04-08 02:00:00,31.0000
04195500,41.449444,-83.361389,2001-04-21 13:30:00,2001-04-21 21:00:00,47.0060,2001-04-21 16:00:00,2.5000
04195500,41.449444,-83.361389,2001-05-16 08:00:00,2001-05-19 11:30:00,101.9406,2001-05-17 07:30:00,23.5000
04195500,41.449444,-83.361389,2001-05-27 19:30:00,2001-05-28 17:30:00,66.2614,2001-05-28 03:30:00,8.0000
04195500,41.449444,-83.361389,2001-06-07 13:30:00,2001-06-07 23:00:00,47.2891,2001-06-07 17:30:00,4.0000
04195500,41.449444,-83.361389,2001-10-17 15:00:00,2001-10-18 09:00:00,54.9347,2001-10-17 22:00:00,7.0000
04195500,41.449444,-83.361389,2001-10-24 06:30:00,2001-10-26 22:00:00,78.1545,2001-10-26 00:30:00,42.0000
04195500,41.449444,-83.361389,2001-12-01 07:00:00,2001-12-01 16:30:00,47.5723,2001-12-01 10:00:00,3.0000
04195500,41.449444,-83.361389,2001-12-15 12:30:00,2001-12-16 10:00:00,62.8634,2001-12-15 19:00:00,6.5000
04195500,41.449444,-83.361389,2001-12-17 16:30:00,2001-12-20 06:00:00,123.1783,2001-12-18 21:00:00,28.5000
04195500,41.449444,-83.361389,2002-01-31 03:00:00,2002-02-04 07:30:00,210.9605,2002-02-02 19:00:00,64.0000
04195500,41.449444,-83.361389,2002-03-29 17:00:00,2002-04-01 21:00:00,194.8199,2002-03-31 08:00:00,39.0000
04195500,41.449444,-83.361389,2002-04-03 17:30:00,2002-04-04 03:30:00,47.5723,2002-04-03 20:30:00,3.0000
04195500,41.449444,-83.361389,2002-04-09 11:00:00,2002-04-11 16:00:00,136.4872,2002-04-10 09:00:00,22.0000
04195500,41.449444,-83.361389,2002-04-13 11:30:00,2002-04-15 17:00:00,114.6832,2002-04-14 06:30:00,19.0000
04195500,41.449444,-83.361389,2002-05-02 21:30:00,2002-05-03 15:00:00,67.9604,2002-05-03 03:00:00,5.5000
04195500,41.449444,-83.361389,2002-05-13 20:00:00,2002-05-15 13:00:00,80.1367,2002-05-14 10:30:00,14.5000
04195500,41.449444,-83.361389,2002-12-20 00:00:00,2002-12-21 21:00:00,80.7030,2002-12-20 18:30:00,18.5000
04195500,41.449444,-83.361389,2002-12-31 15:00:00,2003-01-02 15:30:00,92.0298,2003-01-01 13:00:00,22.0000
04195500,41.449444,-83.361389,2003-03-21 13:00:00,2003-03-23 00:30:00,60.0317,2003-03-22 06:00:00,17.0000
04195500,41.449444,-83.361389,2003-04-05 07:00:00,2003-04-09 18:00:00,157.7248,2003-04-06 09:00:00,25.0000
04195500,41.449444,-83.361389,2003-05-05 20:30:00,2003-05-07 06:30:00,99.3921,2003-05-06 07:30:00,11.0000
04195500,41.449444,-83.361389,2003-05-08 08:30:00,2003-05-13 19:00:00,159.4238,2003-05-11 01:00:00,64.5000
04195500,41.449444,-83.361389,2003-07-09 10:30:00,2003-07-10 05:30:00,51.8198,2003-07-09 17:00:00,6.5000
04195500,41.449444,-83.361389,2003-08-04 08:30:00,2003-08-07 11:00:00,132.5228,2003-08-06 01:00:00,40.5000
04195500,41.449444,-83.361389,2003-11-28 12:30:00,2003-11-30 16:30:00,80.7030,2003-11-29 08:30:00,20.0000
04195500,41.449444,-83.361389,2003-12-11 05:00:00,2003-12-12 15:00:00,70.7921,2003-12-11 17:30:00,12.5000
04195500,41.449444,-83.361389,2003-12-24 03:00:00,2003-12-26 02:30:00,96.5604,2003-12-24 18:00:00,15.0000
04195500,41.449444,-83.361389,2003-12-30 15:30:00,2003-12-31 21:30:00,65.9783,2003-12-31 00:30:00,9.0000
04195500,41.449444,-83.361389,2004-01-05 06:30:00,2004-01-07 05:30:00,97.6931,2004-01-06 02:30:00,20.0000
04195500,41.449444,-83.361389,2004-03-02 14:00:00,2004-03-03 14:30:00,56.0674,2004-03-02 21:30:00,7.5000
04195500,41.449444,-83.361389,2004-03-05 10:00:00,2004-03-07 01:00:00,87.4991,2004-03-06 00:30:00,14.5000
04195500,41.449444,-83.361389,2004-05-31 15:30:00,2004-06-02 07:00:00,100.5248,2004-06-01 06:00:00,14.5000
04195500,41.449444,-83.361389,2004-06-12 06:30:00,2004-06-17 02:30:00,128.2753,2004-06-15 15:00:00,80.5000
04195500,41.449444,-83.361389,2004-08-28 15:30:00,2004-09-01 00:30:00,107.8872,2004-08-30 20:30:00,53.0000
04195500,41.449444,-83.361389,2004-11-05 14:00:00,2004-11-05 19:00:00,45.5901,2004-11-05 16:00:00,2.0000
04195500,41.449444,-83.361389,2004-11-25 10:30:00,2004-11-27 05:00:00,93.7288,2004-11-26 03:00:00,16.5000
04195500,41.449444,-83.361389,2004-12-02 01:00:00,2004-12-02 12:00:00,48.4218,2004-12-02 04:30:00,3.5000
04195500,41.449444,-83.361389,2004-12-08 05:30:00,2004-12-09 19:00:00,91.7466,2004-12-08 20:00:00,14.5000
04195500,41.449444,-83.361389,2004-12-31 18:30:00,2005-01-08 02:00:00,150.9288,2005-01-05 07:00:00,108.5000
04195500,41.449444,-83.361389,2005-01-11 23:30:00,2005-01-17 06:00:00,348.2972,2005-01-14 02:00:00,50.5000
04195500,41.449444,-83.361389,2005-02-08 12:30:00,2005-02-11 04:30:00,121.4793,2005-02-09 14:30:00,26.0000
04195500,41.449444,-83.361389,2005-02-14 20:30:00,2005-02-18 06:30:00,94.0119,2005-02-15 15:00:00,18.5000
04195500,41.449444,-83.361389,2005-02-22 02:00:00,2005-02-22 23:00:00,52.6693,2005-02-22 09:30:00,7.5000
04195500,41.449444,-83.361389,2005-04-03 03:30:00,2005-04-04 23:00:00,99.3921,2005-04-03 17:00:00,13.5000
04195500,41.449444,-83.361389,2005-04-23 23:00:00,2005-04-29 01:00:00,136.7704,2005-04-25 18:30:00,43.5000
04195500,41.449444,-83.361389,2005-07-28 05:30:00,2005-07-28 16:30:00,50.1208,2005-07-28 09:30:00,4.0000
04195500,41.449444,-83.361389,2005-11-17 03:00:00,2005-11-17 08:00:00,45.8733,2005-11-17 04:30:00,1.5000
04195500,41.449444,-83.361389,2005-11-29 19:00:00,2005-12-01 00:00:00,75.8891,2005-11-30 05:30:00,10.5000
04195500,41.449444,-83.361389,2005-12-29 05:00:00,2006-01-06 00:00:00,146.9644,2005-12-30 05:30:00,24.5000
04195500,41.449444,-83.361389,2006-01-18 09:00:00,2006-01-21 10:00:00,94.0119,2006-01-18 23:00:00,14.0000
04195500,41.449444,-83.361389,2006-02-04 01:00:00,2006-02-07 00:00:00,105.0555,2006-02-05 19:30:00,42.5000
04195500,41.449444,-83.361389,2006-02-17 07:00:00,2006-02-19 01:30:00,97.1268,2006-02-18 03:30:00,20.5000
04195500,41.449444,-83.361389,2006-03-12 18:00:00,2006-03-14 16:30:00,90.6139,2006-03-13 04:30:00,10.5000
04195500,41.449444,-83.361389,2006-05-14 19:30:00,2006-05-18 13:00:00,110.1525,2006-05-16 22:30:00,51.0000
04195500,41.449444,-83.361389,2006-05-26 16:00:00,2006-05-28 08:00:00,97.6931,2006-05-27 06:30:00,14.5000
04195500,41.449444,-83.361389,2006-06-22 00:00:00,2006-06-25 16:30:00,188.8734,2006-06-24 04:30:00,52.5000
04195500,41.449444,-83.361389,2006-07-13 19:30:00,2006-07-14 01:00:00,47.2891,2006-07-13 22:00:00,2.5000
04195500,41.449444,-83.361389,2006-07-15 13:30:00,2006-07-16 12:30:00,77.8713,2006-07-15 22:00:00,8.5000
04195500,41.449444,-83.361389,2006-10-17 22:00:00,2006-10-19 15:30:00,97.9763,2006-10-18 11:00:00,13.0000
04195500,41.449444,-83.361389,2006-10-28 16:00:00,2006-10-29 19:30:00,67.6773,2006-10-29 01:00:00,9.0000
04195500,41.449444,-83.361389,2006-11-16 19:00:00,2006-11-19 02:00:00,118.6476,2006-11-17 17:00:00,22.0000
04195500,41.449444,-83.361389,2006-12-01 10:00:00,2006-12-04 16:00:00,246.9229,2006-12-03 01:00:00,39.0000
04195500,41.449444,-83.361389,2006-12-23 04:00:00,2006-12-24 06:00:00,54.3683,2006-12-23 16:30:00,12.5000
04195500,41.449444,-83.361389,2006-12-26 20:00:00,2006-12-28 04:30:00,77.0218,2006-12-27 07:30:00,11.5000
04195500,41.449444,-83.361389,2007-01-01 10:00:00,2007-01-03 01:00:00,95.9941,2007-01-02 00:00:00,14.0000
04195500,41.449444,-83.361389,2007-01-06 04:00:00,2007-01-09 09:30:00,231.9150,2007-01-07 18:00:00,38.0000
04195500,41.449444,-83.361389,2007-01-13 18:00:00,2007-01-18 02:30:00,203.0318,2007-01-16 20:00:00,74.0000
04195500,41.449444,-83.361389,2007-03-03 05:00:00,2007-03-04 20:30:00,222.5704,2007-03-03 11:00:00,6.0000
04195500,41.449444,-83.361389,2007-03-15 10:00:00,2007-03-17 11:00:00,115.8159,2007-03-16 07:30:00,21.5000
04195500,41.449444,-83.361389,2007-03-24 12:30:00,2007-03-25 02:00:00,46.4396,2007-03-24 14:30:00,2.0000
04195500,41.449444,-83.361389,2007-04-12 19:00:00,2007-04-13 02:00:00,47.2891,2007-04-12 21:30:00,2.5000
04195500,41.449444,-83.361389,2007-04-26 15:00:00,2007-04-29 19:30:00,227.1011,2007-04-28 08:30:00,41.5000
04195500,41.449444,-83.361389,2007-05-02 08:30:00,2007-05-03 23:30:00,89.1981,2007-05-02 19:00:00,10.5000
04195500,41.449444,-83.361389,2007-08-20 18:30:00,2007-08-24 23:30:00,207.5625,2007-08-22 02:30:00,32.0000
04195500,41.449444,-83.361389,2007-11-22 14:30:00,2007-11-24 05:30:00,84.3842,2007-11-23 05:30:00,15.0000
04195500,41.449444,-83.361389,2007-11-27 06:00:00,2007-11-28 18:30:00,87.2159,2007-11-27 18:30:00,12.5000
04195500,41.449444,-83.361389,2007-12-03 16:30:00,2007-12-04 16:00:00,62.5802,2007-12-04 00:00:00,7.5000
04195500,41.449444,-83.361389,2007-12-11 23:30:00,2007-12-15 19:00:00,188.0239,2007-12-13 17:30:00,42.0000
04195500,41.449444,-83.361389,2007-12-23 01:00:00,2007-12-25 10:30:00,116.9486,2007-12-24 08:00:00,31.0000
04195500,41.449444,-83.361389,2008-01-09 00:00:00,2008-01-12 16:00:00,224.8358,2008-01-10 18:30:00,42.5000
04195500,41.449444,-83.361389,2008-02-06 05:00:00,2008-02-11 04:00:00,362.4556,2008-02-07 12:30:00,31.5000
04195500,41.449444,-83.361389,2008-02-18 05:30:00,2008-02-19 19:00:00,111.2852,2008-02-18 22:00:00,16.5000
04195500,41.449444,-83.361389,2008-03-03 16:30:00,2008-03-06 13:30:00,152.9110,2008-03-05 02:00:00,33.5000
04195500,41.449444,-83.361389,2008-03-14 00:30:00,2008-03-17 13:00:00,202.4655,2008-03-15 10:00:00,33.5000
04195500,41.449444,-83.361389,2008-03-19 02:30:00,2008-03-22 06:30:00,196.8021,2008-03-20 21:00:00,42.5000
04195500,41.449444,-83.361389,2008-03-28 10:00:00,2008-03-30 14:30:00,152.3446,2008-03-29 12:00:00,26.0000
04195500,41.449444,-83.361389,2008-04-01 15:30:00,2008-04-02 23:00:00,82.9684,2008-04-02 03:30:00,12.0000
04195500,41.449444,-83.361389,2008-04-04 19:00:00,2008-04-06 09:30:00,89.1981,2008-04-05 08:30:00,13.5000
04195500,41.449444,-83.361389,2008-04-12 02:30:00,2008-04-13 02:00:00,57.4832,2008-04-12 10:30:00,8.0000
04195500,41.449444,-83.361389,2008-05-03 08:30:00,2008-05-04 21:30:00,74.7565,2008-05-03 17:00:00,8.5000
04195500,41.449444,-83.361389,2008-05-12 13:00:00,2008-05-13 10:00:00,59.1822,2008-05-12 19:30:00,6.5000
04195500,41.449444,-83.361389,2008-06-01 02:30:00,2008-06-01 15:00:00,56.3505,2008-06-01 06:30:00,4.0000
04195500,41.449444,-83.361389,2008-06-11 06:00:00,2008-06-11 15:30:00,48.1386,2008-06-11 09:30:00,3.5000
04195500,41.449444,-83.361389,2008-06-15 04:30:00,2008-06-15 15:00:00,48.4218,2008-06-15 08:30:00,4.0000
04195500,41.449444,-83.361389,2008-06-26 18:00:00,2008-06-27 21:00:00,73.3406,2008-06-27 02:30:00,8.5000
04195500,41.449444,-83.361389,2008-07-04 08:00:00,2008-07-04 19:00:00,50.4040,2008-07-04 12:00:00,4.0000
04195500,41.449444,-83.361389,2008-07-09 23:00:00,2008-07-10 19:00:00,59.7485,2008-07-10 08:30:00,9.5000
04195500,41.449444,-83.361389,2008-12-20 13:30:00,2008-12-21 00:30:00,48.4218,2008-12-20 17:30:00,4.0000
04195500,41.449444,-83.361389,2009-02-13 05:00:00,2009-02-15 22:00:00,281.1863,2009-02-13 09:00:00,4.0000
04195500,41.449444,-83.361389,2009-02-28 05:00:00,2009-03-01 03:30:00,77.0218,2009-02-28 07:30:00,2.5000
04195500,41.449444,-83.361389,2009-03-10 04:00:00,2009-03-14 05:30:00,288.8318,2009-03-10 06:00:00,2.0000
04195500,41.449444,-83.361389,2009-04-06 18:30:00,2009-04-08 07:30:00,85.5169,2009-04-07 06:30:00,12.0000
04195500,41.449444,-83.361389,2009-04-15 04:30:00,2009-04-17 00:30:00,104.4892,2009-04-15 20:30:00,16.0000
04195500,41.449444,-83.361389,2009-05-15 10:30:00,2009-05-15 18:00:00,47.5723,2009-05-15 12:30:00,2.0000
04195500,41.449444,-83.361389,2009-06-20 03:30:00,2009-06-21 23:00:00,95.4278,2009-06-20 16:00:00,12.5000
04195500,41.449444,-83.361389,2010-03-09 01:00:00,2010-03-12 20:00:00,64.2792,2010-03-10 22:00:00,45.0000
04195500,41.449444,-83.361389,2010-03-13 23:00:00,2010-03-16 02:00:00,83.2515,2010-03-14 23:00:00,23.0000
04195500,41.449444,-83.361389,2010-03-29 10:30:00,2010-03-30 21:00:00,88.3486,2010-03-29 23:30:00,13.0000
04195500,41.449444,-83.361389,2010-04-08 16:30:00,2010-04-10 03:30:00,89.7644,2010-04-09 06:00:00,13.5000
04195500,41.449444,-83.361389,2010-04-26 10:30:00,2010-04-28 10:00:00,107.6040,2010-04-27 05:30:00,19.0000
04195500,41.449444,-83.361389,2010-05-12 13:00:00,2010-05-16 11:00:00,113.8337,2010-05-15 08:30:00,67.5000
04195500,41.449444,-83.361389,2010-05-18 06:30:00,2010-05-20 14:00:00,124.3110,2010-05-19 08:30:00,26.0000
04195500,41.449444,-83.361389,2010-06-01 12:30:00,2010-06-03 02:30:00,95.1446,2010-06-02 04:30:00,16.0000
04195500,41.449444,-83.361389,2011-02-28 11:00:00,2011-03-04 13:30:00,275.2397,2011-03-02 01:00:00,38.0000
04195500,41.449444,-83.361389,2011-03-05 14:00:00,2011-03-08 19:00:00,165.0872,2011-03-07 03:00:00,37.0000
04195500,41.449444,-83.361389,2011-03-09 21:00:00,2011-03-13 07:00:00,128.2753,2011-03-11 02:00:00,29.0000
04195500,41.449444,-83.361389,2011-03-16 17:30:00,2011-03-17 06:00:00,49.5545,2011-03-16 22:00:00,4.5000
04195500,41.449444,-83.361389,2011-04-09 07:30:00,2011-04-09 15:30:00,46.7228,2011-04-09 10:00:00,2.5000
04195500,41.449444,-83.361389,2011-04-20 09:00:00,2011-04-22 03:30:00,147.2476,2011-04-21 14:00:00,29.0000
04195500,41.449444,-83.361389,2011-04-23 05:30:00,2011-04-29 15:00:00,184.3427,2011-04-27 08:00:00,98.5000
04195500,41.449444,-83.361389,2011-05-15 09:00:00,2011-05-16 03:30:00,101.0911,2011-05-16 03:30:00,18.5000
04195500,41.449444,-83.361389,2011-05-17 04:00:00,2011-05-21 08:00:00,96.2773,2011-05-19 21:00:00,65.0000
04195500,41.449444,-83.361389,2011-05-26 00:00:00,2011-05-31 16:30:00,288.8318,2011-05-27 16:30:00,40.5000
04195500,41.449444,-83.361389,2011-07-24 09:00:00,2011-07-26 11:00:00,99.3921,2011-07-25 13:00:00,28.0000
04195500,41.449444,-83.361389,2011-09-08 22:30:00,2011-09-11 08:00:00,109.5862,2011-09-10 09:00:00,34.5000
04195500,41.449444,-83.361389,2011-09-26 18:30:00,2011-10-01 17:30:00,189.1565,2011-09-28 07:30:00,37.0000
04195500,41.449444,-83.361389,2011-10-20 06:00:00,2011-10-23 16:00:00,216.0575,2011-10-21 21:30:00,39.5000
04195500,41.449444,-83.361389,2011-10-28 07:00:00,2011-10-28 22:30:00,48.9881,2011-10-28 13:00:00,6.0000
04195500,41.449444,-83.361389,2011-11-15 12:00:00,2011-11-17 02:00:00,88.6317,2011-11-16 00:00:00,12.0000
04195500,41.449444,-83.361389,2011-11-23 08:30:00,2011-11-25 23:30:00,161.4060,2011-11-24 16:30:00,32.0000
04195500,41.449444,-83.361389,2011-11-28 07:00:00,2011-12-03 10:00:00,257.1170,2011-12-01 04:30:00,69.5000
04195500,41.449444,-83.361389,2011-12-05 09:30:00,2011-12-09 02:00:00,194.2536,2011-12-07 08:30:00,47.0000
04195500,41.449444,-83.361389,2011-12-15 17:00:00,2011-12-17 09:30:00,92.0298,2011-12-16 10:30:00,17.5000
04195500,41.449444,-83.361389,2011-12-21 20:00:00,2011-12-23 22:30:00,130.2575,2011-12-22 22:30:00,26.5000
04195500,41.449444,-83.361389,2012-01-17 23:00:00,2012-01-19 21:00:00,135.0714,2012-01-19 02:00:00,27.0000
04195500,41.449444,-83.361389,2012-01-23 23:00:00,2012-01-25 15:00:00,100.8080,2012-01-24 14:30:00,15.5000
04195500,41.449444,-83.361389,2012-01-27 13:30:00,2012-01-29 09:30:00,88.6317,2012-01-28 08:00:00,18.5000
04195500,41.449444,-83.361389,2012-02-25 03:30:00,2012-02-25 08:30:00,45.5901,2012-02-25 05:30:00,2.0000
04195500,41.449444,-83.361389,2012-03-01 02:30:00,2012-03-01 23:00:00,69.0931,2012-03-01 09:30:00,7.0000
04195500,41.449444,-83.361389,2012-03-03 06:00:00,2012-03-04 18:30:00,105.0555,2012-03-03 21:30:00,15.5000
04195500,41.449444,-83.361389,2012-03-19 02:00:00,2012-03-20 09:00:00,62.8634,2012-03-19 22:00:00,20.0000
04195500,41.449444,-83.361389,2012-05-07 20:00:00,2012-05-09 20:00:00,127.1426,2012-05-08 12:00:00,16.0000
04195500,41.449444,-83.361389,2012-12-21 23:00:00,2012-12-22 03:30:00,45.0238,2012-12-22 00:00:00,1.0000
04195500,41.449444,-83.361389,2013-01-12 00:00:00,2013-01-16 14:30:00,201.0496,2013-01-15 02:30:00,74.5000
04195500,41.449444,-83.361389,2013-01-31 04:00:00,2013-02-01 07:30:00,69.0931,2013-01-31 14:00:00,10.0000
04195500,41.449444,-83.361389,2013-02-27 09:00:00,2013-03-02 11:30:00,144.6991,2013-02-28 13:30:00,28.5000
04195500,41.449444,-83.361389,2013-04-11 18:00:00,2013-04-15 00:30:00,214.0754,2013-04-13 08:00:00,38.0000
04195500,41.449444,-83.361389,2013-04-25 09:30:00,2013-04-26 03:30:00,59.4654,2013-04-25 15:30:00,6.0000
04195500,41.449444,-83.361389,2013-07-06 00:30:00,2013-07-06 16:00:00,53.2357,2013-07-06 06:30:00,6.0000
04195500,41.449444,-83.361389,2013-07-09 15:30:00,2013-07-13 22:30:00,179.2456,2013-07-12 11:30:00,68.0000
04195500,41.449444,-83.361389,2013-07-21 01:00:00,2013-07-23 22:00:00,108.7367,2013-07-21 18:30:00,17.5000
04195500,41.449444,-83.361389,2013-08-04 08:00:00,2013-08-04 13:30:00,45.3070,2013-08-04 09:00:00,1.0000
04195500,41.449444,-83.361389,2013-10-05 21:00:00,2013-10-09 12:00:00,170.7506,2013-10-07 09:30:00,36.5000
04195500,41.449444,-83.361389,2013-12-23 05:00:00,2013-12-26 05:00:00,334.1388,2013-12-23 17:00:00,12.0000
04195500,41.449444,-83.361389,2014-01-14 05:00:00,2014-01-16 04:30:00,97.9763,2014-01-14 18:30:00,13.5000
04195500,41.449444,-83.361389,2014-03-11 08:00:00,2014-03-17 09:30:00,120.0634,2014-03-16 07:30:00,119.5000
04195500,41.449444,-83.361389,2014-04-04 03:00:00,2014-04-06 23:00:00,212.6595,2014-04-05 11:30:00,32.5000
04195500,41.449444,-83.361389,2014-04-08 11:00:00,2014-04-10 07:30:00,108.1704,2014-04-09 02:00:00,15.0000
04195500,41.449444,-83.361389,2014-06-24 20:30:00,2014-06-27 01:30:00,92.5961,2014-06-26 01:00:00,28.5000
04195500,41.449444,-83.361389,2015-01-05 05:00:00,2015-01-05 17:30:00,48.9881,2015-01-05 09:30:00,4.5000
04195500,41.449444,-83.361389,2015-03-10 20:00:00,2015-03-17 16:00:00,163.9545,2015-03-12 23:30:00,51.5000
04195500,41.449444,-83.361389,2015-03-27 12:30:00,2015-03-27 17:00:00,45.3070,2015-03-27 13:30:00,1.0000
04195500,41.449444,-83.361389,2015-04-09 22:30:00,2015-04-12 05:30:00,133.9387,2015-04-10 19:00:00,20.5000
04195500,41.449444,-83.361389,2015-05-31 17:00:00,2015-06-03 06:00:00,124.8773,2015-06-01 19:00:00,26.0000
04195500,41.449444,-83.361389,2015-06-15 15:00:00,2015-06-18 20:00:00,126.5763,2015-06-17 14:30:00,47.5000
04195500,41.449444,-83.361389,2015-06-27 19:00:00,2015-07-02 13:30:00,311.4853,2015-06-29 09:00:00,38.0000
04195500,41.449444,-83.361389,2015-07-09 14:30:00,2015-07-17 01:30:00,252.0199,2015-07-11 08:00:00,41.5000
04195500,41.449444,-83.361389,2015-07-19 21:30:00,2015-07-21 03:00:00,46.1565,2015-07-20 21:30:00,24.0000
04195500,41.449444,-83.361389,2015-12-28 03:30:00,2015-12-31 20:00:00,158.5743,2015-12-30 06:30:00,51.0000
04195500,41.449444,-83.361389,2016-01-11 05:00:00,2016-01-12 02:30:00,63.7129,2016-01-11 11:00:00,6.0000
04195500,41.449444,-83.361389,2016-01-16 20:30:00,2016-01-17 12:30:00,52.3862,2016-01-17 01:30:00,5.0000
04195500,41.449444,-83.361389,2016-02-25 09:00:00,2016-02-27 02:30:00,82.4020,2016-02-25 18:30:00,9.5000
04195500,41.449444,-83.361389,2016-03-11 05:00:00,2016-03-12 22:00:00,89.7644,2016-03-11 19:00:00,14.0000
04195500,41.449444,-83.361389,2016-03-14 02:00:00,2016-03-16 22:00:00,76.4555,2016-03-14 17:30:00,15.5000
04195500,41.449444,-83.361389,2016-03-25 14:00:00,2016-03-26 05:00:00,56.6337,2016-03-25 19:00:00,5.0000
04195500,41.449444,-83.361389,2016-03-28 09:30:00,2016-03-29 23:30:00,74.7565,2016-03-28 22:30:00,13.0000
04195500,41.449444,-83.361389,2016-04-01 00:30:00,2016-04-02 11:00:00,73.9070,2016-04-01 11:30:00,11.0000
04195500,41.449444,-83.361389,2016-04-07 18:00:00,2016-04-12 21:30:00,94.0119,2016-04-08 06:00:00,12.0000
04195500,41.449444,-83.361389,2016-05-01 16:00:00,2016-05-04 18:30:00,133.0892,2016-05-03 07:30:00,39.5000
04212100,41.718889,-81.228056,1988-12-21 10:00:00,1988-12-22 00:30:00,116.3822,1988-12-21 14:30:00,4.5000
04212100,41.718889,-81.228056,1988-12-28 14:30:00,1988-12-30 10:30:00,149.7961,1988-12-29 18:30:00,28.0000
04212100,41.718889,-81.228056,1989-01-26 18:00:00,1989-01-28 17:30:00,224.2694,1989-01-26 22:00:00,4.0000
04212100,41.718889,-81.228056,1989-02-15 02:00:00,1989-02-15 17:30:00,131.1070,1989-02-15 14:00:00,12.0000
04212100,41.718889,-81.228056,1989-03-30 12:00:00,1989-04-07 14:30:00,297.3269,1989-04-03 17:00:00,100.0000
04212100,41.718889,-81.228056,1989-05-10 22:00:00,1989-05-13 07:30:00,171.8833,1989-05-11 04:00:00,6.0000
04212100,41.718889,-81.228056,1989-05-24 02:30:00,1989-06-05 16:30:00,521.0300,1989-05-26 12:30:00,58.0000
04212100,41.718889,-81.228056,1989-06-16 07:30:00,1989-06-17 12:30:00,115.8159,1989-06-16 16:00:00,8.5000
04212100,41.718889,-81.228056,1989-06-20 16:30:00,1989-06-25 03:00:00,214.3585,1989-06-21 20:30:00,28.0000
04212100,41.718889,-81.228056,1989-09-23 01:30:00,1989-09-23 05:30:00,147.5308,1989-09-23 03:00:00,1.5000
04212100,41.718889,-81.228056,1989-11-17 03:00:00,1989-11-17 19:30:00,112.1347,1989-11-17 08:00:00,5.0000
04212100,41.718889,-81.228056,1989-11-21 00:30:00,1989-11-21 07:00:00,115.2496,1989-11-21 02:30:00,2.0000
04212100,41.718889,-81.228056,1989-12-31 14:30:00,1990-01-03 13:00:00,231.6318,1989-12-31 16:30:00,2.0000
04212100,41.718889,-81.228056,1990-01-04 18:00:00,1990-01-07 02:30:00,225.4021,1990-01-05 23:30:00,29.5000
04212100,41.718889,-81.228056,1990-01-18 11:30:00,1990-01-19 03:00:00,119.7803,1990-01-18 14:30:00,3.0000
04212100,41.718889,-81.228056,1990-01-21 21:30:00,1990-01-22 02:00:00,104.7723,1990-01-21 23:30:00,2.0000
04212100,41.718889,-81.228056,1990-02-02 10:30:00,1990-02-07 21:00:00,238.1447,1990-02-02 23:30:00,13.0000
04212100,41.718889,-81.228056,1990-02-15 21:30:00,1990-02-19 18:30:00,339.8022,1990-02-16 19:30:00,22.0000
04212100,41.718889,-81.228056,1990-04-04 20:30:00,1990-04-05 16:00:00,157.4417,1990-04-05 00:30:00,4.0000
04212100,41.718889,-81.228056,1990-04-10 21:00:00,1990-04-13 13:00:00,240.9764,1990-04-11 03:30:00,6.5000
04212100,41.718889,-81.228056,1990-05-16 16:00:00,1990-05-19 16:30:00,244.0912,1990-05-17 16:30:00,24.5000
04212100,41.718889,-81.228056,1990-08-13 18:00:00,1990-08-13 19:00:00,105.9050,1990-08-13 18:30:00,0.5000
04212100,41.718889,-81.228056,1990-09-07 08:30:00,1990-09-11 14:00:00,153.1941,1990-09-10 22:30:00,86.0000
04212100,41.718889,-81.228056,1990-09-16 17:30:00,1990-09-18 08:00:00,262.4972,1990-09-16 22:00:00,4.5000
04212100,41.718889,-81.228056,1990-09-24 02:00:00,1990-09-24 20:00:00,118.9308,1990-09-24 07:00:00,5.0000
04212100,41.718889,-81.228056,1990-10-11 00:00:00,1990-10-15 20:00:00,189.7229,1990-10-13 01:30:00,49.5000
04212100,41.718889,-81.228056,1990-12-04 05:00:00,1990-12-06 16:30:00,195.3862,1990-12-05 04:30:00,23.5000
04212100,41.718889,-81.228056,1990-12-18 18:00:00,1990-12-21 00:00:00,192.5546,1990-12-19 21:00:00,27.0000
04212100,41.718889,-81.228056,1990-12-22 01:00:00,1990-12-26 01:00:00,345.4655,1990-12-23 14:30:00,37.5000
04212100,41.718889,-81.228056,1990-12-30 01:30:00,1991-01-04 06:30:00,393.6042,1990-12-30 11:30:00,10.0000
04212100,41.718889,-81.228056,1991-01-17 04:30:00,1991-01-18 12:00:00,134.5050,1991-01-17 17:30:00,13.0000
04212100,41.718889,-81.228056,1991-02-05 10:30:00,1991-02-06 21:30:00,124.5941,1991-02-06 10:30:00,24.0000
04212100,41.718889,-81.228056,1991-02-19 19:30:00,1991-02-22 03:00:00,188.8734,1991-02-20 07:00:00,11.5000
04212100,41.718889,-81.228056,1991-03-06 09:30:00,1991-03-09 13:00:00,325.6437,1991-03-07 04:00:00,18.5000
04212100,41.718889,-81.228056,1991-04-20 03:30:00,1991-04-23 00:00:00,143.0001,1991-04-20 07:00:00,3.5000
04212100,41.718889,-81.228056,1992-02-17 04:30:00,1992-02-17 19:00:00,109.5862,1992-02-17 09:00:00,4.5000
04212100,41.718889,-81.228056,1992-02-19 08:00:00,1992-02-21 08:00:00,159.1407,1992-02-19 11:30:00,3.5000
04212100,41.718889,-81.228056,1992-03-26 21:00:00,1992-03-29 07:30:00,149.7961,1992-03-27 14:00:00,17.0000
04212100,41.718889,-81.228056,1992-07-17 22:00:00,1992-07-19 23:00:00,160.8397,1992-07-18 00:00:00,2.0000
04212100,41.718889,-81.228056,1992-08-15 20:30:00,1992-08-15 23:30:00,136.7704,1992-08-15 22:00:00,1.5000
04212100,41.718889,-81.228056,1992-11-12 13:30:00,1992-11-15 12:00:00,277.7883,1992-11-13 06:00:00,16.5000
04212100,41.718889,-81.228056,1992-11-23 01:00:00,1992-11-24 20:30:00,187.1744,1992-11-23 10:30:00,9.5000
04212100,41.718889,-81.228056,1992-12-31 00:00:00,1993-01-08 19:00:00,348.2972,1993-01-05 08:30:00,128.5000
04212100,41.718889,-81.228056,1993-01-13 17:00:00,1993-01-15 22:30:00,178.3961,1993-01-14 17:30:00,24.5000
04212100,41.718889,-81.228056,1993-01-23 03:00:00,1993-01-26 10:00:00,140.1684,1993-01-24 20:30:00,41.5000
04212100,41.718889,-81.228056,1993-02-22 18:30:00,1993-02-24 04:30:00,142.7169,1993-02-23 15:00:00,20.5000
04212100,41.718889,-81.228056,1993-03-08 02:00:00,1993-03-10 04:30:00,169.9011,1993-03-09 20:30:00,42.5000
04212100,41.718889,-81.228056,1993-03-18 20:00:00,1993-03-19 03:00:00,114.6832,1993-03-18 23:00:00,3.0000
04212100,41.718889,-81.228056,1993-03-23 01:30:00,1993-03-30 16:30:00,351.1289,1993-03-26 03:30:00,74.0000
04212100,41.718889,-81.228056,1993-06-09 17:30:00,1993-06-11 10:00:00,125.4436,1993-06-10 21:00:00,27.5000
04212100,41.718889,-81.228056,1993-11-17 19:00:00,1993-11-19 23:00:00,187.1744,1993-11-19 00:00:00,29.0000
04212100,41.718889,-81.228056,1993-11-28 08:00:00,1993-11-29 20:00:00,143.5664,1993-11-29 02:00:00,18.0000
04212100,41.718889,-81.228056,1993-12-05 01:30:00,1993-12-06 13:00:00,152.9110,1993-12-05 06:30:00,5.0000
04212100,41.718889,-81.228056,1994-01-28 13:30:00,1994-02-02 04:30:00,236.4457,1994-01-29 17:00:00,27.5000
04212100,41.718889,-81.228056,1994-02-20 02:30:00,1994-02-26 04:30:00,277.7883,1994-02-21 02:30:00,24.0000
04212100,41.718889,-81.228056,1994-03-08 00:00:00,1994-03-09 02:30:00,122.0456,1994-03-08 06:30:00,6.5000
04212100,41.718889,-81.228056,1994-03-15 17:30:00,1994-03-17 13:30:00,150.3625,1994-03-16 09:30:00,16.0000
04212100,41.718889,-81.228056,1994-03-21 21:00:00,1994-03-24 16:30:00,191.4219,1994-03-23 02:00:00,29.0000
04212100,41.718889,-81.228056,1994-04-07 21:00:00,1994-04-08 15:30:00,127.7090,1994-04-08 01:00:00,4.0000
04212100,41.718889,-81.228056,1994-04-11 07:30:00,1994-04-17 00:30:00,270.4259,1994-04-13 21:30:00,62.0000
04212100,41.718889,-81.228056,1994-08-13 17:00:00,1994-08-15 21:00:00,140.4516,1994-08-13 19:00:00,2.0000
04212100,41.718889,-81.228056,1994-12-11 07:00:00,1994-12-12 14:00:00,116.0991,1994-12-12 05:00:00,22.0000
04212100,41.718889,-81.228056,1995-01-15 09:00:00,1995-01-22 02:00:00,433.2478,1995-01-16 12:00:00,27.0000
04212100,41.718889,-81.228056,1995-02-28 12:00:00,1995-03-02 04:00:00,144.4159,1995-03-01 08:00:00,20.0000
04212100,41.718889,-81.228056,1995-03-08 06:00:00,1995-03-10 05:00:00,175.5644,1995-03-08 12:00:00,6.0000
04212100,41.718889,-81.228056,1995-04-09 18:00:00,1995-04-11 12:00:00,186.3249,1995-04-09 23:00:00,5.0000
04212100,41.718889,-81.228056,1995-04-21 14:00:00,1995-04-21 19:00:00,116.9486,1995-04-21 15:00:00,1.0000
04212100,41.718889,-81.228056,1995-11-11 18:30:00,1995-11-13 17:00:00,196.2357,1995-11-12 00:30:00,6.0000
04212100,41.718889,-81.228056,1995-12-16 08:30:00,1995-12-16 19:00:00,108.1704,1995-12-16 12:00:00,3.5000
04212100,41.718889,-81.228056,1996-01-18 05:00:00,1996-01-25 23:30:00,438.9111,1996-01-19 15:00:00,34.0000
04212100,41.718889,-81.228056,1996-01-27 12:00:00,1996-01-29 01:00:00,152.6278,1996-01-27 16:30:00,4.5000
04212100,41.718889,-81.228056,1996-02-11 06:00:00,1996-02-11 17:00:00,159.9902,1996-02-11 10:00:00,4.0000
04212100,41.718889,-81.228056,1996-02-22 05:00:00,1996-02-24 07:30:00,137.6199,1996-02-22 08:00:00,3.0000
04212100,41.718889,-81.228056,1996-02-28 05:00:00,1996-03-01 04:00:00,168.4852,1996-02-28 09:00:00,4.0000
04212100,41.718889,-81.228056,1996-03-06 02:30:00,1996-03-07 11:30:00,116.0991,1996-03-07 04:30:00,26.0000
04212100,41.718889,-81.228056,1996-03-21 00:00:00,1996-03-22 17:30:00,136.2040,1996-03-21 12:30:00,12.5000
04212100,41.718889,-81.228056,1996-03-25 05:00:00,1996-03-26 07:30:00,165.3704,1996-03-26 00:30:00,19.5000
04212100,41.718889,-81.228056,1996-04-16 01:30:00,1996-04-18 07:00:00,170.1842,1996-04-17 05:00:00,27.5000
04212100,41.718889,-81.228056,1996-04-23 14:00:00,1996-04-26 20:30:00,308.6536,1996-04-23 19:00:00,5.0000
04212100,41.718889,-81.228056,1996-04-30 11:00:00,1996-05-02 23:30:00,177.5466,1996-04-30 20:00:00,9.0000
04212100,41.718889,-81.228056,1996-05-11 13:00:00,1996-05-13 03:30:00,213.7922,1996-05-12 07:00:00,18.0000
04212100,41.718889,-81.228056,1996-06-12 03:30:00,1996-06-12 05:00:00,113.5506,1996-06-12 04:00:00,0.5000
04212100,41.718889,-81.228056,1996-06-13 09:00:00,1996-06-14 01:00:00,124.8773,1996-06-13 14:30:00,5.5000
04212100,41.718889,-81.228056,1996-06-20 06:00:00,1996-06-20 07:00:00,108.4535,1996-06-20 06:30:00,0.5000
04212100,41.718889,-81.228056,1996-09-28 16:30:00,1996-09-30 06:30:00,133.0892,1996-09-29 11:30:00,19.0000
04212100,41.718889,-81.228056,1996-10-19 15:00:00,1996-10-22 14:00:00,231.0655,1996-10-20 09:30:00,18.5000
04212100,41.718889,-81.228056,1996-11-09 15:00:00,1996-11-13 06:00:00,177.5466,1996-11-10 03:00:00,12.0000
04212100,41.718889,-81.228056,1996-11-18 11:00:00,1996-11-21 01:00:00,174.7149,1996-11-19 13:00:00,26.0000
04212100,41.718889,-81.228056,1996-11-26 03:00:00,1996-11-28 11:00:00,205.2971,1996-11-26 12:00:00,9.0000
04212100,41.718889,-81.228056,1996-12-01 11:30:00,1996-12-03 09:30:00,167.9189,1996-12-01 23:30:00,12.0000
04212100,41.718889,-81.228056,1996-12-12 10:00:00,1996-12-14 03:00:00,131.9565,1996-12-13 04:00:00,18.0000
04212100,41.718889,-81.228056,1996-12-17 15:00:00,1996-12-19 02:00:00,123.1783,1996-12-18 13:00:00,22.0000
04212100,41.718889,-81.228056,1996-12-25 05:00:00,1996-12-25 22:00:00,122.6119,1996-12-25 11:00:00,6.0000
04212100,41.718889,-81.228056,1997-01-23 14:00:00,1997-01-24 05:30:00,119.7803,1997-01-24 05:30:00,15.5000
04212100,41.718889,-81.228056,1997-02-05 04:00:00,1997-02-07 03:00:00,163.3882,1997-02-06 10:30:00,30.5000
04212100,41.718889,-81.228056,1997-02-20 03:00:00,1997-02-21 14:30:00,114.4001,1997-02-21 02:30:00,23.5000
04212100,41.718889,-81.228056,1997-02-27 09:30:00,1997-03-04 01:00:00,376.6141,1997-02-27 14:30:00,5.0000
04212100,41.718889,-81.228056,1997-03-06 20:00:00,1997-03-07 15:00:00,118.3644,1997-03-07 03:30:00,7.5000
04212100,41.718889,-81.228056,1997-03-10 06:00:00,1997-03-11 21:00:00,161.6892,1997-03-10 10:00:00,4.0000
04212100,41.718889,-81.228056,1997-03-14 13:30:00,1997-03-16 14:30:00,176.9803,1997-03-15 11:00:00,21.5000
04212100,41.718889,-81.228056,1997-04-13 15:30:00,1997-04-14 06:00:00,113.5506,1997-04-14 00:00:00,8.5000
04212100,41.718889,-81.228056,1997-05-20 00:30:00,1997-05-21 09:00:00,150.3625,1997-05-20 10:30:00,10.0000
04212100,41.718889,-81.228056,1997-06-01 08:30:00,1997-06-06 21:00:00,419.0893,1997-06-03 19:30:00,59.0000
04212100,41.718889,-81.228056,1998-01-04 19:30:00,1998-01-05 06:30:00,104.4892,1998-01-04 22:30:00,3.0000
04212100,41.718889,-81.228056,1998-01-07 15:00:00,1998-01-13 02:00:00,356.7923,1998-01-09 18:00:00,51.0000
04212100,41.718889,-81.228056,1998-04-10 09:00:00,1998-04-11 19:30:00,157.1585,1998-04-11 01:00:00,16.0000
04212100,41.718889,-81.228056,1998-04-16 16:30:00,1998-04-22 03:00:00,210.1110,1998-04-18 05:00:00,36.5000
04212100,41.718889,-81.228056,1998-04-26 21:30:00,1998-04-28 11:00:00,133.3723,1998-04-27 22:30:00,25.0000
04212100,41.718889,-81.228056,1999-01-22 11:00:00,1999-01-26 16:00:00,267.0279,1999-01-25 04:00:00,65.0000
04212100,41.718889,-81.228056,1999-03-03 19:00:00,1999-03-05 12:30:00,159.9902,1999-03-04 15:30:00,20.5000
04212100,41.718889,-81.228056,1999-04-11 16:00:00,1999-04-12 21:30:00,110.7189,1999-04-12 12:00:00,20.0000
04212100,41.718889,-81.228056,1999-09-30 01:00:00,1999-09-30 03:00:00,119.7803,1999-09-30 02:00:00,1.0000
04212100,41.718889,-81.228056,1999-11-03 00:30:00,1999-11-05 08:00:00,227.9506,1999-11-03 15:00:00,14.5000
04212100,41.718889,-81.228056,1999-12-14 21:00:00,1999-12-16 11:30:00,133.6555,1999-12-15 23:30:00,26.5000
04212100,41.718889,-81.228056,2000-01-02 18:00:00,2000-01-02 19:00:00,139.8852,2000-01-02 19:00:00,1.0000
04212100,41.718889,-81.228056,2000-01-04 03:00:00,2000-01-06 04:00:00,168.4852,2000-01-04 11:30:00,8.5000
04212100,41.718889,-81.228056,2000-02-23 20:00:00,2000-02-27 11:00:00,210.1110,2000-02-23 22:30:00,2.5000
04212100,41.718889,-81.228056,2000-04-04 07:30:00,2000-04-06 04:00:00,181.7942,2000-04-04 21:00:00,13.5000
04212100,41.718889,-81.228056,2000-04-08 05:30:00,2000-04-11 02:00:00,270.4259,2000-04-08 10:00:00,4.5000
04212100,41.718889,-81.228056,2000-04-21 16:00:00,2000-04-22 20:00:00,125.1605,2000-04-22 07:30:00,15.5000
04212100,41.718889,-81.228056,2000-05-19 03:00:00,2000-05-21 09:00:00,255.9843,2000-05-19 11:30:00,8.5000
04212100,41.718889,-81.228056,2000-06-18 17:00:00,2000-06-18 22:00:00,118.9308,2000-06-18 18:00:00,1.0000
04212100,41.718889,-81.228056,2000-12-17 03:00:00,2000-12-19 14:00:00,210.1110,2000-12-17 16:00:00,13.0000
04212100,41.718889,-81.228056,2001-01-31 05:00:00,2001-02-02 06:00:00,219.7387,2001-01-31 20:00:00,15.0000
04212100,41.718889,-81.228056,2001-02-09 12:30:00,2001-02-12 08:00:00,311.4853,2001-02-10 09:30:00,21.0000
04212100,41.718889,-81.228056,2001-03-13 23:00:00,2001-03-15 15:30:00,164.5209,2001-03-14 13:00:00,14.0000
04212100,41.718889,-81.228056,2001-12-18 03:00:00,2001-12-19 20:00:00,153.7605,2001-12-18 10:00:00,7.0000
04212100,41.718889,-81.228056,2002-01-31 18:00:00,2002-02-03 11:00:00,278.0714,2002-02-01 13:00:00,19.0000
04212100,41.718889,-81.228056,2002-03-27 22:30:00,2002-04-01 00:00:00,235.0298,2002-03-30 06:00:00,55.5000
04212100,41.718889,-81.228056,2002-04-03 08:00:00,2002-04-04 14:30:00,126.8595,2002-04-03 10:00:00,2.0000
04212100,41.718889,-81.228056,2002-04-14 16:30:00,2002-04-16 15:00:00,173.5823,2002-04-14 21:00:00,4.5000
04212100,41.718889,-81.228056,2002-05-12 18:00:00,2002-05-18 20:00:00,331.3071,2002-05-14 02:30:00,32.5000
04212100,41.718889,-81.228056,2002-12-31 21:00:00,2003-01-02 13:30:00,137.0535,2003-01-01 03:00:00,6.0000
04212100,41.718889,-81.228056,2003-03-16 05:00:00,2003-03-19 17:30:00,243.2417,2003-03-17 20:30:00,39.5000
04212100,41.718889,-81.228056,2003-04-05 02:00:00,2003-04-10 01:30:00,214.0754,2003-04-06 10:00:00,31.0000
04212100,41.718889,-81.228056,2003-05-06 09:00:00,2003-05-08 06:30:00,155.4595,2003-05-07 15:00:00,30.0000
04212100,41.718889,-81.228056,2003-05-12 22:00:00,2003-05-13 17:00:00,126.0100,2003-05-13 02:00:00,4.0000
04212100,41.718889,-81.228056,2003-05-25 09:00:00,2003-05-25 13:00:00,104.7723,2003-05-25 10:30:00,1.5000
04212100,41.718889,-81.228056,2003-06-13 02:30:00,2003-06-15 15:00:00,283.1685,2003-06-14 12:00:00,33.5000
04212100,41.718889,-81.228056,2003-07-22 19:00:00,2003-07-27 00:00:00,206.4298,2003-07-23 05:30:00,10.5000
04212100,41.718889,-81.228056,2003-09-27 12:00:00,2003-10-01 13:30:00,185.4753,2003-09-29 15:30:00,51.5000
04212100,41.718889,-81.228056,2003-11-28 19:00:00,2003-12-01 16:00:00,250.6041,2003-11-29 08:30:00,13.5000
04212100,41.718889,-81.228056,2003-12-23 17:00:00,2003-12-26 11:30:00,205.2971,2003-12-25 02:30:00,33.5000
04212100,41.718889,-81.228056,2004-01-05 16:00:00,2004-01-06 23:30:00,123.7446,2004-01-06 07:00:00,15.0000
04212100,41.718889,-81.228056,2004-02-06 05:00:00,2004-02-09 04:30:00,124.3110,2004-02-07 16:30:00,35.5000
04212100,41.718889,-81.228056,2004-02-22 05:00:00,2004-02-23 07:30:00,152.9110,2004-02-22 12:00:00,7.0000
04212100,41.718889,-81.228056,2004-03-02 07:00:00,2004-03-03 16:00:00,124.3110,2004-03-03 00:30:00,17.5000
04212100,41.718889,-81.228056,2004-03-20 21:30:00,2004-03-22 21:30:00,199.3506,2004-03-21 01:30:00,4.0000
04212100,41.718889,-81.228056,2004-03-27 10:00:00,2004-03-27 13:30:00,107.3208,2004-03-27 12:00:00,2.0000
04212100,41.718889,-81.228056,2004-03-31 15:30:00,2004-04-04 17:00:00,219.7387,2004-04-02 12:00:00,44.5000
04212100,41.718889,-81.228056,2004-04-14 07:30:00,2004-04-15 20:30:00,154.6100,2004-04-14 22:30:00,15.0000
04212100,41.718889,-81.228056,2004-05-02 22:00:00,2004-05-03 23:30:00,114.4001,2004-05-03 16:30:00,18.5000
04212100,41.718889,-81.228056,2004-05-21 11:00:00,2004-05-26 00:30:00,342.6338,2004-05-22 15:00:00,28.0000
04212100,41.718889,-81.228056,2004-07-31 23:00:00,2004-08-03 00:00:00,190.0060,2004-08-01 23:30:00,24.5000
04212100,41.718889,-81.228056,2004-09-10 01:00:00,2004-09-11 00:30:00,141.5842,2004-09-10 14:30:00,13.5000
04212100,41.718889,-81.228056,2004-09-18 09:30:00,2004-09-19 17:00:00,154.3268,2004-09-19 01:30:00,16.0000
04212100,41.718889,-81.228056,2004-12-24 05:30:00,2004-12-27 02:30:00,182.3605,2004-12-24 14:30:00,9.0000
04212100,41.718889,-81.228056,2004-12-31 07:00:00,2005-01-11 04:30:00,356.7923,2005-01-04 06:00:00,95.0000
04212100,41.718889,-81.228056,2005-01-12 11:30:00,2005-01-17 09:30:00,373.7824,2005-01-12 22:30:00,11.0000
04212100,41.718889,-81.228056,2005-02-08 02:00:00,2005-02-11 05:00:00,208.1288,2005-02-09 04:00:00,26.0000
04212100,41.718889,-81.228056,2005-02-15 01:30:00,2005-02-17 09:30:00,172.1664,2005-02-16 02:00:00,24.5000
04212100,41.718889,-81.228056,2005-03-08 00:00:00,2005-03-09 19:30:00,163.6714,2005-03-08 22:00:00,22.0000
04212100,41.718889,-81.228056,2005-04-03 00:30:00,2005-04-09 06:00:00,319.9804,2005-04-07 02:00:00,96.5000
04212100,41.718889,-81.228056,2005-04-23 18:00:00,2005-04-29 07:00:00,262.7803,2005-04-26 02:30:00,56.5000
04212100,41.718889,-81.228056,2005-06-30 04:00:00,2005-06-30 11:00:00,136.7704,2005-06-30 07:30:00,3.5000
04212100,41.718889,-81.228056,2005-08-31 05:00:00,2005-08-31 09:00:00,130.8238,2005-08-31 06:30:00,1.5000
04212100,41.718889,-81.228056,2005-11-29 07:30:00,2005-12-02 03:30:00,189.7229,2005-11-29 18:30:00,11.0000
04212100,41.718889,-81.228056,2006-01-18 10:30:00,2006-01-19 15:30:00,116.3822,2006-01-18 13:00:00,2.5000
04212100,41.718889,-81.228056,2006-02-05 00:30:00,2006-02-06 02:00:00,120.6298,2006-02-05 03:30:00,3.0000
04212100,41.718889,-81.228056,2006-02-16 21:30:00,2006-02-18 22:30:00,162.2555,2006-02-17 12:30:00,15.0000
04212100,41.718889,-81.228056,2006-03-13 16:30:00,2006-03-15 01:00:00,148.3803,2006-03-13 21:00:00,4.5000
04212100,41.718889,-81.228056,2006-05-16 16:00:00,2006-05-21 05:30:00,155.4595,2006-05-18 19:00:00,51.0000
04212100,41.718889,-81.228056,2006-06-29 04:30:00,2006-06-29 19:00:00,112.7010,2006-06-29 06:00:00,1.5000
04212100,41.718889,-81.228056,2006-07-12 11:30:00,2006-07-14 10:00:00,156.0258,2006-07-13 06:30:00,19.0000
04212100,41.718889,-81.228056,2006-07-22 20:00:00,2006-07-23 00:00:00,127.9921,2006-07-22 21:30:00,1.5000
04212100,41.718889,-81.228056,2006-07-27 20:30:00,2006-08-02 10:30:00,991.0896,2006-07-28 09:30:00,13.0000
04212100,41.718889,-81.228056,2006-09-28 17:30:00,2006-10-01 10:30:00,190.5724,2006-09-29 20:00:00,26.5000
04212100,41.718889,-81.228056,2006-10-12 23:30:00,2006-10-13 16:00:00,111.8515,2006-10-13 06:30:00,7.0000
04212100,41.718889,-81.228056,2006-10-17 14:00:00,2006-10-18 03:30:00,232.7645,2006-10-17 17:30:00,3.5000
04212100,41.718889,-81.228056,2006-11-01 05:00:00,2006-11-01 23:30:00,116.0991,2006-11-01 05:30:00,0.5000
04212100,41.718889,-81.228056,2006-11-16 10:00:00,2006-11-19 02:00:00,178.6793,2006-11-17 18:00:00,32.0000
04212100,41.718889,-81.228056,2006-12-01 06:00:00,2006-12-03 04:30:00,314.3170,2006-12-01 13:00:00,7.0000
04212100,41.718889,-81.228056,2006-12-26 15:00:00,2006-12-28 06:30:00,132.2397,2006-12-27 11:30:00,20.5000
04212100,41.718889,-81.228056,2007-01-06 02:30:00,2007-01-10 04:30:00,268.4437,2007-01-07 10:00:00,31.5000
04212100,41.718889,-81.228056,2007-01-13 11:30:00,2007-01-16 04:30:00,282.0358,2007-01-15 18:30:00,55.0000
04212100,41.718889,-81.228056,2007-03-02 03:30:00,2007-03-05 04:30:00,258.5328,2007-03-02 16:30:00,13.0000
04212100,41.718889,-81.228056,2007-03-11 17:00:00,2007-03-19 05:30:00,356.7923,2007-03-15 09:30:00,88.5000
04212100,41.718889,-81.228056,2007-04-13 05:30:00,2007-04-13 20:00:00,105.9050,2007-04-13 12:00:00,6.5000
04212100,41.718889,-81.228056,2007-11-22 15:00:00,2007-11-24 05:30:00,131.6733,2007-11-23 06:30:00,15.5000
04212100,41.718889,-81.228056,2007-11-27 00:00:00,2007-11-28 17:00:00,158.0080,2007-11-27 04:15:00,4.2500
04212100,41.718889,-81.228056,2007-12-03 06:00:00,2007-12-04 17:30:00,122.8951,2007-12-03 08:30:00,2.5000
04212100,41.718889,-81.228056,2007-12-12 03:00:00,2007-12-15 20:15:00,200.4833,2007-12-12 11:30:00,8.5000
04212100,41.718889,-81.228056,2007-12-17 00:15:00,2007-12-18 04:15:00,114.1169,2007-12-17 18:15:00,18.0000
04212100,41.718889,-81.228056,2007-12-23 18:45:00,2007-12-25 12:15:00,158.5743,2007-12-23 22:15:00,3.5000
04212100,41.718889,-81.228056,2008-01-07 08:15:00,2008-01-10 18:15:00,230.2160,2008-01-09 12:00:00,51.7500
04212100,41.718889,-81.228056,2008-02-05 12:45:00,2008-02-11 08:45:00,523.8617,2008-02-06 13:15:00,24.5000
04212100,41.718889,-81.228056,2008-02-18 05:30:00,2008-02-20 04:45:00,185.7585,2008-02-18 10:45:00,5.2500
04212100,41.718889,-81.228056,2008-03-04 03:45:00,2008-03-09 05:45:00,173.0159,2008-03-05 04:00:00,24.2500
04212100,41.718889,-81.228056,2008-03-14 23:30:00,2008-03-24 08:15:00,305.8219,2008-03-19 23:15:00,119.7500
04212100,41.718889,-81.228056,2008-03-28 05:00:00,2008-04-02 06:45:00,220.8714,2008-03-29 11:45:00,30.7500
04212100,41.718889,-81.228056,2008-04-04 17:30:00,2008-04-05 20:15:00,115.5327,2008-04-05 12:15:00,18.7500
04212100,41.718889,-81.228056,2008-05-04 02:45:00,2008-05-05 12:00:00,129.4080,2008-05-04 21:15:00,18.5000
04212100,41.718889,-81.228056,2008-07-09 02:45:00,2008-07-09 23:30:00,125.7268,2008-07-09 03:45:00,1.0000
04212100,41.718889,-81.228056,2008-11-16 04:45:00,2008-11-17 05:30:00,136.4872,2008-11-16 08:45:00,4.0000
04212100,41.718889,-81.228056,2008-12-10 01:45:00,2008-12-12 09:30:00,214.3585,2008-12-10 16:45:00,15.0000
04212100,41.718889,-81.228056,2008-12-24 22:45:00,2008-12-25 11:45:00,193.4041,2008-12-25 03:45:00,5.0000
04212100,41.718889,-81.228056,2009-02-11 05:00:00,2009-02-16 11:30:00,376.6141,2009-02-12 14:45:00,33.7500
04212100,41.718889,-81.228056,2009-02-27 22:45:00,2009-02-28 00:30:00,103.9228,2009-02-27 23:45:00,1.0000
04212100,41.718889,-81.228056,2009-03-08 22:45:00,2009-03-14 03:30:00,314.3170,2009-03-11 06:45:00,56.0000
04212100,41.718889,-81.228056,2009-04-03 21:45:00,2009-04-04 03:30:00,114.6832,2009-04-03 23:45:00,2.0000
04212100,41.718889,-81.228056,2009-12-26 13:45:00,2009-12-27 22:30:00,127.9921,2009-12-27 05:45:00,16.0000
04212100,41.718889,-81.228056,2010-01-26 05:00:00,2010-01-28 04:30:00,259.9487,2010-01-26 14:45:00,9.7500
04212100,41.718889,-81.228056,2010-03-10 23:45:00,2010-03-16 16:30:00,308.6536,2010-03-13 00:45:00,49.0000
04212100,41.718889,-81.228056,2010-05-14 14:45:00,2010-05-14 17:30:00,105.0555,2010-05-14 15:45:00,1.0000
04212100,41.718889,-81.228056,2010-06-06 13:45:00,2010-06-06 17:30:00,146.6813,2010-06-06 14:45:00,1.0000
04212100,41.718889,-81.228056,2010-11-26 08:45:00,2010-11-27 14:30:00,136.7704,2010-11-26 11:45:00,3.0000
04212100,41.718889,-81.228056,2010-12-01 06:45:00,2010-12-03 11:30:00,199.6338,2010-12-01 11:45:00,5.0000
04212100,41.718889,-81.228056,2011-02-28 09:30:00,2011-03-18 06:30:00,549.3468,2011-02-28 13:30:00,4.0000
04212100,41.718889,-81.228056,2011-04-04 23:00:00,2011-04-06 16:00:00,167.0694,2011-04-05 03:00:00,4.0000
04212100,41.718889,-81.228056,2011-04-20 09:00:00,2011-04-22 03:30:00,165.9367,2011-04-21 03:00:00,18.0000
04212100,41.718889,-81.228056,2011-04-23 06:30:00,2011-04-27 21:30:00,278.9209,2011-04-23 11:30:00,5.0000
04212100,41.718889,-81.228056,2011-05-04 06:00:00,2011-05-05 05:00:00,128.2753,2011-05-04 20:00:00,14.0000
04212100,41.718889,-81.228056,2011-05-13 21:00:00,2011-05-14 01:30:00,129.4080,2011-05-14 00:00:00,3.0000
04212100,41.718889,-81.228056,2011-05-15 05:00:00,2011-05-20 08:00:00,259.3823,2011-05-16 09:30:00,28.5000
04212100,41.718889,-81.228056,2011-05-26 17:30:00,2011-05-28 17:00:00,196.8021,2011-05-27 14:30:00,21.0000
04212100,41.718889,-81.228056,2011-08-15 09:00:00,2011-08-15 20:30:00,244.3744,2011-08-15 11:30:00,2.5000
04212100,41.718889,-81.228056,2011-08-25 08:00:00,2011-08-25 13:30:00,150.0793,2011-08-25 10:00:00,2.0000
04212100,41.718889,-81.228056,2011-09-10 16:00:00,2011-09-10 19:30:00,125.7268,2011-09-10 17:00:00,1.0000
04212100,41.718889,-81.228056,2011-09-27 13:00:00,2011-09-29 01:30:00,193.4041,2011-09-28 11:00:00,22.0000
04212100,41.718889,-81.228056,2011-10-01 14:00:00,2011-10-01 22:30:00,122.8951,2011-10-01 16:30:00,2.5000
04212100,41.718889,-81.228056,2011-10-03 01:30:00,2011-10-03 05:00:00,114.6832,2011-10-03 02:30:00,1.0000
04212100,41.718889,-81.228056,2011-10-15 13:30:00,2011-10-17 09:30:00,245.2239,2011-10-15 19:00:00,5.5000
04212100,41.718889,-81.228056,2011-10-20 00:00:00,2011-10-22 15:30:00,240.4100,2011-10-21 11:30:00,35.5000
04212100,41.718889,-81.228056,2011-10-27 22:30:00,2011-10-28 04:00:00,118.3644,2011-10-28 01:00:00,2.5000
04212100,41.718889,-81.228056,2011-11-15 02:00:00,2011-11-16 21:00:00,242.6754,2011-11-15 05:30:00,3.5000
04212100,41.718889,-81.228056,2011-11-23 14:00:00,2011-11-25 00:00:00,151.4951,2011-11-24 02:30:00,12.5000
04212100,41.718889,-81.228056,2011-11-29 10:30:00,2011-12-02 02:30:00,194.8199,2011-11-29 22:30:00,12.0000
04212100,41.718889,-81.228056,2011-12-06 00:00:00,2011-12-08 17:00:00,248.0556,2011-12-06 09:30:00,9.5000
04212100,41.718889,-81.228056,2011-12-15 23:30:00,2011-12-16 22:30:00,110.4357,2011-12-16 15:30:00,16.0000
04212100,41.718889,-81.228056,2011-12-21 16:00:00,2011-12-24 22:30:00,134.5050,2011-12-22 02:00:00,10.0000
04212100,41.718889,-81.228056,2012-01-17 16:30:00,2012-01-19 10:00:00,172.7328,2012-01-17 20:30:00,4.0000
04212100,41.718889,-81.228056,2012-01-23 19:00:00,2012-01-25 12:30:00,137.9030,2012-01-24 20:00:00,25.0000
04212100,41.718889,-81.228056,2012-01-27 06:30:00,2012-01-29 13:30:00,206.9961,2012-01-27 11:00:00,4.5000
04212100,41.718889,-81.228056,2012-03-01 10:00:00,2012-03-04 10:00:00,117.5149,2012-03-01 20:30:00,10.5000
04212100,41.718889,-81.228056,2012-10-29 21:00:00,2012-11-04 02:30:00,552.1785,2012-10-30 15:00:00,18.0000
04212100,41.718889,-81.228056,2013-01-11 20:00:00,2013-01-15 00:30:00,159.9902,2013-01-13 00:30:00,28.5000
04212100,41.718889,-81.228056,2013-01-29 20:30:00,2013-02-02 01:30:00,237.8615,2013-01-30 20:00:00,23.5000
04212100,41.718889,-81.228056,2013-02-27 16:30:00,2013-03-01 02:00:00,134.2219,2013-02-28 04:30:00,12.0000
04212100,41.718889,-81.228056,2013-03-29 23:00:00,2013-03-30 05:30:00,116.0991,2013-03-30 01:30:00,2.5000
04212100,41.718889,-81.228056,2013-06-13 18:00:00,2013-06-14 20:00:00,117.7981,2013-06-13 21:00:00,3.0000
04212100,41.718889,-81.228056,2013-06-28 21:30:00,2013-06-30 08:00:00,133.0892,2013-06-29 16:30:00,19.0000
04212100,41.718889,-81.228056,2013-07-10 12:30:00,2013-07-13 03:30:00,209.8278,2013-07-11 21:30:00,33.0000
04212100,41.718889,-81.228056,2013-07-20 08:30:00,2013-07-21 16:30:00,433.2478,2013-07-20 12:30:00,4.0000
04212100,41.718889,-81.228056,2013-09-22 11:00:00,2013-09-22 17:30:00,106.4713,2013-09-22 13:00:00,2.0000
04212100,41.718889,-81.228056,2013-10-25 05:30:00,2013-10-25 14:30:00,111.8515,2013-10-25 09:30:00,4.0000
04212100,41.718889,-81.228056,2013-11-02 21:30:00,2013-11-04 09:00:00,147.2476,2013-11-03 06:30:00,10.0000
04212100,41.718889,-81.228056,2013-12-20 22:00:00,2013-12-26 16:30:00,438.9111,2013-12-22 10:00:00,36.0000
04212100,41.718889,-81.228056,2014-01-11 16:30:00,2014-01-13 18:30:00,257.6833,2014-01-12 21:00:00,28.5000
04212100,41.718889,-81.228056,2014-02-21 16:30:00,2014-02-24 14:30:00,165.3704,2014-02-22 21:00:00,28.5000
04212100,41.718889,-81.228056,2014-03-12 01:00:00,2014-03-17 01:30:00,155.4595,2014-03-15 16:30:00,87.5000
04212100,41.718889,-81.228056,2014-03-31 18:30:00,2014-04-01 10:30:00,127.1426,2014-04-01 02:00:00,7.5000
04212100,41.718889,-81.228056,2014-04-05 00:00:00,2014-04-06 12:00:00,128.5585,2014-04-05 19:00:00,19.0000
04212100,41.718889,-81.228056,2014-04-08 05:30:00,2014-04-10 00:00:00,160.2734,2014-04-08 17:00:00,11.5000
04212100,41.718889,-81.228056,2014-04-15 09:00:00,2014-04-15 15:30:00,116.3822,2014-04-15 11:00:00,2.0000
04212100,41.718889,-81.228056,2014-04-30 23:00:00,2014-05-02 18:00:00,159.1407,2014-05-01 17:00:00,18.0000
04212100,41.718889,-81.228056,2014-05-15 18:00:00,2014-05-17 21:30:00,157.7248,2014-05-15 23:00:00,5.0000
04212100,41.718889,-81.228056,2014-05-22 07:30:00,2014-05-23 18:00:00,169.9011,2014-05-22 22:30:00,15.0000
04212100,41.718889,-81.228056,2014-06-25 02:30:00,2014-06-27 12:30:00,252.8694,2014-06-25 06:00:00,3.5000
04212100,41.718889,-81.228056,2014-07-28 04:00:00,2014-07-28 08:00:00,130.8238,2014-07-28 05:00:00,1.0000
04212100,41.718889,-81.228056,2014-11-24 09:00:00,2014-11-25 18:30:00,140.4516,2014-11-25 00:30:00,15.5000
04212100,41.718889,-81.228056,2015-01-04 12:00:00,2015-01-06 10:30:00,203.5981,2015-01-04 17:00:00,5.0000
04212100,41.718889,-81.228056,2015-04-09 21:00:00,2015-04-11 15:30:00,132.5228,2015-04-10 02:00:00,5.0000
04212100,41.718889,-81.228056,2015-05-31 19:30:00,2015-06-02 21:45:00,186.0417,2015-06-01 14:30:00,19.0000
04212100,41.718889,-81.228056,2015-06-16 03:30:00,2015-06-16 07:45:00,114.6832,2015-06-16 04:00:00,0.5000
04212100,41.718889,-81.228056,2015-06-23 10:30:00,2015-06-23 18:45:00,224.8358,2015-06-23 13:15:00,2.7500
04212100,41.718889,-81.228056,2015-06-27 19:00:00,2015-07-03 04:00:00,325.6437,2015-06-29 02:00:00,31.0000
04212100,41.718889,-81.228056,2015-07-09 18:00:00,2015-07-09 23:30:00,129.6912,2015-07-09 20:15:00,2.2500
04212100,41.718889,-81.228056,2015-12-27 12:45:00,2015-12-31 05:45:00,179.5288,2015-12-28 23:30:00,34.7500
04212100,41.718889,-81.228056,2016-02-01 08:00:00,2016-02-05 06:00:00,158.0080,2016-02-04 08:45:00,72.7500
04212100,41.718889,-81.228056,2016-02-20 14:00:00,2016-02-22 06:15:00,128.2753,2016-02-21 18:00:00,28.0000
04212100,41.718889,-81.228056,2016-02-24 16:30:00,2016-02-27 04:45:00,188.3070,2016-02-25 19:30:00,27.0000
04212100,41.718889,-81.228056,2016-03-15 04:00:00,2016-03-16 20:15:00,128.5585,2016-03-15 09:30:00,5.5000
04212100,41.718889,-81.228056,2016-04-12 00:30:00,2016-04-13 13:00:00,127.4258,2016-04-13 00:00:00,23.5000
04214500,42.854722,-78.755278,1990-12-30 01:30:00,1990-12-31 05:30:00,185.7585,1990-12-31 00:00:00,22.5000
04214500,42.854722,-78.755278,1991-03-07 08:30:00,1991-03-07 12:30:00,132.2397,1991-03-07 10:00:00,1.5000
04214500,42.854722,-78.755278,1993-01-05 14:00:00,1993-01-05 17:00:00,134.2219,1993-01-05 15:00:00,1.0000
04214500,42.854722,-78.755278,1995-03-08 02:00:00,1995-03-08 03:30:00,122.3288,1995-03-08 02:30:00,0.5000
04214500,42.854722,-78.755278,1997-02-27 17:30:00,1997-02-27 23:00:00,149.2298,1997-02-27 21:00:00,3.5000
04214500,42.854722,-78.755278,1998-01-07 18:30:00,1998-01-09 05:00:00,222.0041,1998-01-08 12:30:00,18.0000
04214500,42.854722,-78.755278,1998-07-08 18:30:00,1998-07-08 23:00:00,135.9209,1998-07-08 20:00:00,1.5000
04214500,42.854722,-78.755278,2000-09-03 05:30:00,2000-09-03 08:30:00,145.8318,2000-09-03 07:30:00,2.0000
04214500,42.854722,-78.755278,2000-09-23 14:30:00,2000-09-24 03:00:00,220.3051,2000-09-23 20:00:00,5.5000
04214500,42.854722,-78.755278,2001-02-10 01:00:00,2001-02-10 16:30:00,186.0417,2001-02-10 10:30:00,9.5000
04214500,42.854722,-78.755278,2002-02-01 11:02:00,2002-02-02 04:02:00,231.6318,2002-02-01 20:32:00,9.5000
04214500,42.854722,-78.755278,2003-11-28 23:32:00,2003-11-29 02:32:00,138.7525,2003-11-29 01:02:00,1.5000
04214500,42.854722,-78.755278,2004-03-06 02:02:00,2004-03-06 05:32:00,124.8773,2004-03-06 04:02:00,2.0000
04214500,42.854722,-78.755278,2004-05-23 12:32:00,2004-05-23 13:02:00,131.6733,2004-05-23 13:02:00,0.5000
04214500,42.854722,-78.755278,2004-05-24 15:02:00,2004-05-24 16:32:00,131.9565,2004-05-24 16:02:00,1.0000
04214500,42.854722,-78.755278,2004-09-09 11:32:00,2004-09-10 01:32:00,267.5942,2004-09-09 16:32:00,5.0000
04214500,42.854722,-78.755278,2005-06-10 11:02:00,2005-06-10 13:02:00,168.7684,2005-06-10 12:02:00,1.0000
04214500,42.854722,-78.755278,2005-09-16 20:32:00,2005-09-17 04:02:00,195.3862,2005-09-17 02:32:00,6.0000
04214500,42.854722,-78.755278,2005-11-30 01:30:00,2005-11-30 04:30:00,143.0001,2005-11-30 03:00:00,1.5000
04214500,42.854722,-78.755278,2006-03-14 03:00:00,2006-03-14 06:30:00,131.1070,2006-03-14 05:00:00,2.0000
04214500,42.854722,-78.755278,2007-03-15 05:00:00,2007-03-15 17:00:00,225.9684,2007-03-15 06:00:00,1.0000
04214500,42.854722,-78.755278,2007-12-23 23:15:00,2007-12-24 08:30:00,179.8120,2007-12-24 05:15:00,6.0000
04214500,42.854722,-78.755278,2008-02-05 15:45:00,2008-02-06 18:30:00,168.7684,2008-02-05 20:00:00,4.2500
04214500,42.854722,-78.755278,2008-12-10 15:15:00,2008-12-10 17:45:00,123.1783,2008-12-10 16:30:00,1.2500
04214500,42.854722,-78.755278,2008-12-27 15:45:00,2008-12-28 10:15:00,267.5942,2008-12-28 00:15:00,8.5000
04214500,42.854722,-78.755278,2009-03-08 04:15:00,2009-03-09 12:45:00,204.1645,2009-03-08 09:00:00,4.7500
04214500,42.854722,-78.755278,2009-08-10 10:30:00,2009-08-10 16:30:00,158.2912,2009-08-10 14:30:00,4.0000
04214500,42.854722,-78.755278,2012-10-30 07:30:00,2012-10-30 18:15:00,172.4496,2012-10-30 15:00:00,7.5000
04214500,42.854722,-78.755278,2013-06-07 00:45:00,2013-06-07 08:00:00,148.9466,2013-06-07 06:00:00,5.2500
04214500,42.854722,-78.755278,2013-06-13 18:30:00,2013-06-13 22:00:00,164.2377,2013-06-13 20:15:00,1.7500
04214500,42.854722,-78.755278,2013-12-21 14:15:00,2013-12-22 17:15:00,208.1288,2013-12-22 12:15:00,22.0000
04214500,42.854722,-78.755278,2014-11-24 14:45:00,2014-11-25 02:45:00,172.4496,2014-11-24 21:30:00,6.7500
04215000,42.890000,-78.645278,1990-12-04 09:18:42,1990-12-04 18:18:48,74.7565,1990-12-04 12:03:45,2.7508
04215000,42.890000,-78.645278,1990-12-23 14:23:54,1990-12-24 00:24:03,92.0298,1990-12-23 17:38:57,3.2508
04215000,42.890000,-78.645278,1990-12-30 05:00:00,1990-12-31 09:30:00,143.0001,1990-12-30 22:00:00,17.0000
04215000,42.890000,-78.645278,1991-03-03 04:30:00,1991-03-03 11:45:00,70.2258,1991-03-03 07:00:00,2.5000
04215000,42.890000,-78.645278,1991-03-07 02:15:00,1991-03-07 15:45:00,99.3921,1991-03-07 08:30:00,6.2500
04215000,42.890000,-78.645278,1991-04-20 12:00:00,1991-04-20 20:45:00,71.6416,1991-04-20 15:45:00,3.7500
04215000,42.890000,-78.645278,1991-04-22 03:00:00,1991-04-23 06:15:00,98.2595,1991-04-22 08:45:00,5.7500
04215000,42.890000,-78.645278,1992-09-19 05:00:00,1992-09-19 13:30:00,117.5149,1992-09-19 08:00:00,3.0000
04215000,42.890000,-78.645278,1992-09-22 05:00:00,1992-09-22 22:45:00,96.8436,1992-09-22 15:30:00,10.5000
04215000,42.890000,-78.645278,1992-12-20 13:30:00,1992-12-20 18:15:00,54.6515,1992-12-20 15:30:00,2.0000
04215000,42.890000,-78.645278,1993-03-28 05:00:00,1993-03-31 08:00:00,80.7030,1993-03-29 04:15:00,23.2500
04215000,42.890000,-78.645278,1993-04-01 20:45:00,1993-04-02 05:15:00,54.9347,1993-04-02 01:45:00,5.0000
04215000,42.890000,-78.645278,1993-11-28 10:45:00,1993-11-28 17:00:00,49.5545,1993-11-28 12:30:00,1.7500
04215000,42.890000,-78.645278,1993-12-05 02:30:00,1993-12-05 06:15:00,47.2891,1993-12-05 03:30:00,1.0000
04215000,42.890000,-78.645278,1994-03-22 23:59:42,1994-03-25 07:03:03,70.5089,1994-03-24 01:16:15,25.2758
04215000,42.890000,-78.645278,1994-04-13 15:45:00,1994-04-13 22:30:00,58.8990,1994-04-13 17:45:00,2.0000
04215000,42.890000,-78.645278,1995-01-13 06:30:00,1995-01-13 18:30:00,60.0317,1995-01-13 14:00:00,7.5000
04215000,42.890000,-78.645278,1995-01-20 16:00:00,1995-01-21 04:15:00,109.0199,1995-01-20 19:45:00,3.7500
04215000,42.890000,-78.645278,1995-08-05 14:45:00,1995-08-05 20:15:00,52.9525,1995-08-05 15:45:00,1.0000
04215000,42.890000,-78.645278,1996-01-18 02:00:00,1996-01-20 03:00:00,210.9605,1996-01-19 19:45:00,41.7500
04215000,42.890000,-78.645278,1996-01-24 19:15:00,1996-01-25 02:00:00,64.2792,1996-01-24 22:45:00,3.5000
04215000,42.890000,-78.645278,1996-03-15 03:45:09,1996-03-15 04:15:09,65.6951,1996-03-15 04:00:09,0.2500
04215000,42.890000,-78.645278,1996-05-21 14:45:00,1996-05-21 19:30:00,61.4476,1996-05-21 16:30:00,1.7500
04215000,42.890000,-78.645278,1996-11-08 17:30:00,1996-11-09 08:45:00,78.7208,1996-11-09 00:45:00,7.2500
04215000,42.890000,-78.645278,1996-12-02 01:45:00,1996-12-02 05:15:00,50.9703,1996-12-02 03:30:00,1.7500
04215000,42.890000,-78.645278,1996-12-24 07:30:00,1996-12-24 17:30:00,73.9070,1996-12-24 10:15:00,2.7500
04215000,42.890000,-78.645278,1997-02-21 16:15:00,1997-02-22 05:45:00,68.8099,1997-02-21 23:30:00,7.2500
04215000,42.890000,-78.645278,1997-02-27 11:15:00,1997-02-28 02:15:00,117.5149,1997-02-27 16:00:00,4.7500
04215000,42.890000,-78.645278,1997-03-14 17:00:00,1997-03-15 06:15:00,85.5169,1997-03-14 21:30:00,4.5000
04215000,42.890000,-78.645278,1997-03-26 02:45:00,1997-03-26 13:45:00,101.9406,1997-03-26 07:00:00,4.2500
04215000,42.890000,-78.645278,1997-09-29 12:45:00,1997-09-29 17:15:00,57.2000,1997-09-29 14:00:00,1.2500
04215000,42.890000,-78.645278,1997-11-27 01:45:00,1997-11-27 08:30:00,64.2792,1997-11-27 04:30:00,2.7500
04215000,42.890000,-78.645278,1998-01-04 07:15:00,1998-01-04 17:15:00,61.7307,1998-01-04 12:45:00,5.5000
04215000,42.890000,-78.645278,1998-01-07 17:15:00,1998-01-09 04:45:00,189.7229,1998-01-08 15:30:00,22.2500
04215000,42.890000,-78.645278,1998-02-18 03:30:00,1998-02-18 08:45:00,64.2792,1998-02-18 05:15:00,1.7500
04215000,42.890000,-78.645278,1998-03-19 21:00:00,1998-03-20 01:45:00,53.8020,1998-03-19 22:15:00,1.2500
04215000,42.890000,-78.645278,1998-03-26 18:30:00,1998-03-27 04:00:00,80.9862,1998-03-26 23:15:00,4.7500
04215000,42.890000,-78.645278,1998-07-08 15:30:00,1998-07-09 04:45:00,247.2061,1998-07-08 20:00:00,4.5000
04215000,42.890000,-78.645278,2000-02-25 05:00:00,2000-02-26 02:15:00,68.2436,2000-02-25 15:30:00,10.5000
04215000,42.890000,-78.645278,2000-04-04 05:45:00,2000-04-04 12:00:00,78.7208,2000-04-04 07:45:00,2.0000
04215000,42.890000,-78.645278,2000-04-08 10:45:00,2000-04-09 05:30:00,109.0199,2000-04-08 21:30:00,10.7500
04215000,42.890000,-78.645278,2000-08-07 12:15:00,2000-08-07 19:00:00,72.4911,2000-08-07 14:45:00,2.5000
04215000,42.890000,-78.645278,2000-09-23 14:30:00,2000-09-24 03:45:00,172.1664,2000-09-23 20:15:00,5.7500
04215000,42.890000,-78.645278,2001-02-10 05:00:00,2001-02-10 19:00:00,143.8496,2001-02-10 10:00:00,5.0000
04215000,42.890000,-78.645278,2001-04-08 06:00:00,2001-04-08 13:45:00,74.7565,2001-04-08 08:45:00,2.7500
04215000,42.890000,-78.645278,2002-02-01 07:36:00,2002-02-02 07:06:00,182.6437,2002-02-01 19:51:00,12.2500
04215000,42.890000,-78.645278,2002-03-09 00:36:00,2002-03-09 04:36:00,51.2535,2002-03-09 01:51:00,1.2500
04215000,42.890000,-78.645278,2002-03-30 10:21:00,2002-03-30 13:36:00,51.2535,2002-03-30 11:51:00,1.5000
04215000,42.890000,-78.645278,2002-04-03 06:36:00,2002-04-03 16:51:00,91.4634,2002-04-03 11:21:00,4.7500
04215000,42.890000,-78.645278,2002-04-14 02:51:00,2002-04-14 05:21:00,48.1386,2002-04-14 03:51:00,1.0000
04215000,42.890000,-78.645278,2002-05-12 23:51:00,2002-05-15 00:51:00,92.5961,2002-05-14 00:51:00,25.0000
04215000,42.890000,-78.645278,2003-03-21 05:00:00,2003-03-21 12:36:00,81.5525,2003-03-21 06:36:00,1.6000
04215000,42.890000,-78.645278,2003-11-19 22:21:00,2003-11-20 05:21:00,77.5882,2003-11-20 01:06:00,2.7500
04215000,42.890000,-78.645278,2003-11-28 17:51:00,2003-11-29 07:21:00,114.6832,2003-11-28 21:36:00,3.7500
04215000,42.890000,-78.645278,2004-03-05 01:51:00,2004-03-06 10:36:00,98.2595,2004-03-05 23:51:00,22.0000
04215000,42.890000,-78.645278,2004-03-27 09:06:00,2004-03-27 12:51:00,51.2535,2004-03-27 10:36:00,1.5000
04215000,42.890000,-78.645278,2004-04-14 01:21:00,2004-04-14 11:36:00,69.6594,2004-04-14 05:06:00,3.7500
04215000,42.890000,-78.645278,2004-05-23 09:06:00,2004-05-24 21:36:00,83.2515,2004-05-24 15:36:00,30.5000
04215000,42.890000,-78.645278,2004-07-20 01:06:00,2004-07-20 02:51:00,61.4476,2004-07-20 01:51:00,0.7500
04215000,42.890000,-78.645278,2004-07-27 12:21:00,2004-07-27 18:06:00,77.5882,2004-07-27 14:36:00,2.2500
04215000,42.890000,-78.645278,2004-09-09 08:36:00,2004-09-10 05:21:00,221.4377,2004-09-09 15:06:00,6.5000
04215000,42.890000,-78.645278,2004-12-01 17:36:00,2004-12-01 23:06:00,63.4297,2004-12-01 19:51:00,2.2500
04215000,42.890000,-78.645278,2004-12-23 19:21:00,2004-12-24 06:06:00,99.3921,2004-12-23 23:21:00,4.0000
04215000,42.890000,-78.645278,2005-01-13 00:06:00,2005-01-14 14:21:00,61.7307,2005-01-13 03:06:00,3.0000
04215000,42.890000,-78.645278,2005-02-15 23:36:00,2005-02-16 05:06:00,50.4040,2005-02-16 03:21:00,3.7500
04215000,42.890000,-78.645278,2005-04-02 18:36:00,2005-04-03 10:06:00,84.6674,2005-04-02 21:51:00,3.2500
04215000,42.890000,-78.645278,2005-04-04 22:51:00,2005-04-07 03:21:00,63.1466,2005-04-06 02:21:00,27.5000
04215000,42.890000,-78.645278,2005-06-10 07:21:00,2005-06-10 13:21:00,130.5407,2005-06-10 10:21:00,3.0000
04215000,42.890000,-78.645278,2005-08-31 16:06:00,2005-08-31 22:06:00,61.4476,2005-08-31 18:51:00,2.7500
04215000,42.890000,-78.645278,2005-09-16 18:21:00,2005-09-17 06:21:00,184.0595,2005-09-16 22:51:00,4.5000
04215000,42.890000,-78.645278,2005-09-27 02:06:00,2005-09-27 05:36:00,53.8020,2005-09-27 03:06:00,1.0000
04215000,42.890000,-78.645278,2005-11-09 21:45:00,2005-11-10 09:30:00,106.4713,2005-11-10 02:15:00,4.5000
04215000,42.890000,-78.645278,2005-11-29 20:30:00,2005-11-30 09:15:00,107.0377,2005-11-30 00:30:00,4.0000
04215000,42.890000,-78.645278,2006-01-30 00:00:00,2006-01-30 11:00:00,63.1466,2006-01-30 02:45:00,2.7500
04215000,42.890000,-78.645278,2006-02-17 05:00:00,2006-02-17 18:30:00,65.1287,2006-02-17 07:00:00,2.0000
04215000,42.890000,-78.645278,2006-03-13 20:45:00,2006-03-14 09:00:00,93.4456,2006-03-14 02:15:00,5.5000
04215000,42.890000,-78.645278,2006-09-03 02:00:00,2006-09-03 06:00:00,50.9703,2006-09-03 03:30:00,1.5000
04215000,42.890000,-78.645278,2006-10-20 19:00:00,2006-10-21 03:45:00,75.6060,2006-10-20 22:15:00,3.2500
04215000,42.890000,-78.645278,2006-10-28 09:45:00,2006-10-28 13:15:00,49.5545,2006-10-28 10:45:00,1.0000
04215000,42.890000,-78.645278,2006-12-01 11:45:00,2006-12-02 10:15:00,154.8932,2006-12-02 00:00:00,12.2500
04215000,42.890000,-78.645278,2007-01-06 10:15:00,2007-01-06 20:30:00,71.9248,2007-01-06 14:15:00,4.0000
04215000,42.890000,-78.645278,2007-01-13 11:30:00,2007-01-13 21:30:00,72.4911,2007-01-13 15:15:00,3.7500
04215000,42.890000,-78.645278,2007-01-15 15:30:00,2007-01-16 05:30:00,98.8258,2007-01-15 20:45:00,5.2500
04215000,42.890000,-78.645278,2007-03-15 05:00:00,2007-03-15 20:45:00,148.3803,2007-03-15 07:15:00,2.2500
04215000,42.890000,-78.645278,2007-03-22 21:45:00,2007-03-23 08:00:00,72.4911,2007-03-23 01:45:00,4.0000
04215000,42.890000,-78.645278,2007-03-25 02:15:00,2007-03-25 04:45:00,49.2713,2007-03-25 03:30:00,1.2500
04215000,42.890000,-78.645278,2007-04-17 01:15:00,2007-04-17 15:45:00,59.4654,2007-04-17 08:45:00,7.5000
04215000,42.890000,-78.645278,2007-11-22 08:45:00,2007-11-23 02:15:00,91.1802,2007-11-22 19:00:00,10.2500
04215000,42.890000,-78.645278,2007-12-03 12:00:00,2007-12-03 19:00:00,60.8812,2007-12-03 14:30:00,2.5000
04215000,42.890000,-78.645278,2007-12-12 10:30:00,2007-12-12 14:30:00,50.9703,2007-12-12 11:30:00,1.0000
04215000,42.890000,-78.645278,2007-12-23 15:15:00,2007-12-24 12:15:00,161.1229,2007-12-24 02:00:00,10.7500
04215000,42.890000,-78.645278,2008-02-06 10:30:00,2008-02-06 23:45:00,98.8258,2008-02-06 15:15:00,4.7500
04215000,42.890000,-78.645278,2008-03-19 15:30:00,2008-03-20 07:30:00,67.1109,2008-03-20 00:15:00,8.7500
04215000,42.890000,-78.645278,2008-03-31 18:15:00,2008-04-02 03:30:00,67.1109,2008-04-01 00:00:00,5.7500
04215000,42.890000,-78.645278,2008-10-16 14:30:00,2008-10-16 19:45:00,54.0852,2008-10-16 16:30:00,2.0000
04215000,42.890000,-78.645278,2008-12-25 06:00:00,2008-12-25 18:00:00,114.6832,2008-12-25 07:45:00,1.7500
04215000,42.890000,-78.645278,2008-12-27 12:15:00,2008-12-28 20:30:00,200.7664,2008-12-27 22:00:00,9.7500
04215000,42.890000,-78.645278,2009-02-11 04:30:00,2009-02-11 04:45:00,47.0060,2009-02-11 04:45:00,0.2500
04215000,42.890000,-78.645278,2009-02-12 05:00:00,2009-02-13 06:45:00,130.2575,2009-02-12 08:45:00,3.7500
04215000,42.890000,-78.645278,2009-02-27 16:45:00,2009-02-28 07:00:00,111.2852,2009-02-28 00:15:00,7.5000
04215000,42.890000,-78.645278,2009-03-08 02:00:00,2009-03-09 18:00:00,206.7130,2009-03-08 09:30:00,6.5000
04215000,42.890000,-78.645278,2009-03-11 08:15:00,2009-03-11 19:45:00,91.1802,2009-03-11 12:45:00,4.5000
04215000,42.890000,-78.645278,2009-07-11 21:45:00,2009-07-12 02:15:00,73.9070,2009-07-12 00:00:00,2.2500
04215000,42.890000,-78.645278,2009-08-10 08:15:00,2009-08-10 20:15:00,138.4694,2009-08-10 13:45:00,5.5000
04215000,42.890000,-78.645278,2009-09-29 16:00:00,2009-09-29 21:30:00,58.6159,2009-09-29 17:30:00,1.5000
04215000,42.890000,-78.645278,2009-12-10 00:30:00,2009-12-10 04:45:00,69.3763,2009-12-10 02:30:00,2.0000
04215000,42.890000,-78.645278,2009-12-26 17:45:00,2009-12-27 02:00:00,74.1901,2009-12-26 18:00:00,0.2500
04215000,42.890000,-78.645278,2010-01-25 07:15:00,2010-01-26 04:00:00,151.7783,2010-01-25 15:30:00,8.2500
04215000,42.890000,-78.645278,2010-05-14 07:00:00,2010-05-14 12:30:00,63.1466,2010-05-14 09:00:00,2.0000
04215000,42.890000,-78.645278,2010-06-06 12:00:00,2010-06-06 21:15:00,86.3664,2010-06-06 15:00:00,3.0000
04215000,42.890000,-78.645278,2010-12-01 11:00:00,2010-12-02 01:30:00,118.6476,2010-12-01 17:30:00,6.5000
04215000,42.890000,-78.645278,2011-03-05 19:30:00,2011-03-06 17:45:00,102.7902,2011-03-06 06:45:00,11.2500
04215000,42.890000,-78.645278,2011-03-10 14:45:00,2011-03-11 17:15:00,122.0456,2011-03-11 08:00:00,17.2500
04215000,42.890000,-78.645278,2011-04-20 09:00:00,2011-04-20 21:15:00,141.5842,2011-04-20 13:00:00,4.0000
04215000,42.890000,-78.645278,2011-04-23 14:30:00,2011-04-23 20:00:00,66.2614,2011-04-23 16:15:00,1.7500
04215000,42.890000,-78.645278,2011-04-26 03:30:00,2011-04-26 16:00:00,147.8139,2011-04-26 08:00:00,4.5000
04215000,42.890000,-78.645278,2011-05-03 18:45:00,2011-05-04 05:30:00,76.7387,2011-05-03 21:15:00,2.5000
04215000,42.890000,-78.645278,2011-05-14 04:00:00,2011-05-16 10:15:00,89.7644,2011-05-16 02:30:00,46.5000
04215000,42.890000,-78.645278,2011-05-28 04:45:00,2011-05-28 06:00:00,47.8555,2011-05-28 05:30:00,0.7500
04215000,42.890000,-78.645278,2011-11-15 03:45:00,2011-11-15 09:15:00,64.2792,2011-11-15 05:45:00,2.0000
04215000,42.890000,-78.645278,2011-11-23 10:30:00,2011-11-23 21:00:00,62.5802,2011-11-23 16:30:00,6.0000
04215000,42.890000,-78.645278,2011-12-06 09:45:00,2011-12-06 17:15:00,60.8812,2011-12-06 13:00:00,3.2500
04215000,42.890000,-78.645278,2011-12-16 00:15:00,2011-12-16 06:15:00,64.8456,2011-12-16 02:00:00,1.7500
04215000,42.890000,-78.645278,2012-01-27 11:15:00,2012-01-27 18:30:00,61.7307,2012-01-27 13:00:00,1.7500
04215000,42.890000,-78.645278,2012-02-01 13:45:00,2012-02-01 20:45:00,62.5802,2012-02-01 16:30:00,2.7500
04215000,42.890000,-78.645278,2012-10-30 03:45:00,2012-10-30 22:15:00,136.7704,2012-10-30 10:15:00,6.5000
04215000,42.890000,-78.645278,2013-04-10 06:45:00,2013-04-13 01:15:00,100.2416,2013-04-12 18:45:00,60.0000
04215000,42.890000,-78.645278,2013-06-02 10:45:00,2013-06-02 19:15:00,85.5169,2013-06-02 13:15:00,2.5000
04215000,42.890000,-78.645278,2013-06-06 20:30:00,2013-06-07 08:45:00,120.6298,2013-06-07 02:15:00,5.7500
04215000,42.890000,-78.645278,2013-06-13 16:00:00,2013-06-14 06:00:00,164.2377,2013-06-13 20:15:00,4.2500
04215000,42.890000,-78.645278,2013-07-20 06:15:00,2013-07-20 15:00:00,87.7822,2013-07-20 09:15:00,3.0000
04215000,42.890000,-78.645278,2013-12-21 08:30:00,2013-12-23 07:45:00,159.9902,2013-12-22 10:30:00,26.0000
04215000,42.890000,-78.645278,2014-04-02 01:45:00,2014-04-02 06:30:00,52.9525,2014-04-02 03:30:00,1.7500
04215000,42.890000,-78.645278,2014-04-04 22:30:00,2014-04-05 09:30:00,76.7387,2014-04-05 02:00:00,3.5000
04215000,42.890000,-78.645278,2014-04-08 07:00:00,2014-04-08 18:00:00,71.0753,2014-04-08 10:45:00,3.7500
04215000,42.890000,-78.645278,2014-05-16 16:00:00,2014-05-16 18:45:00,50.4040,2014-05-16 17:15:00,1.2500
04215000,42.890000,-78.645278,2014-06-13 03:30:00,2014-06-13 12:30:00,92.5961,2014-06-13 06:45:00,3.2500
04215000,42.890000,-78.645278,2014-07-08 09:00:00,2014-07-09 07:00:00,75.6060,2014-07-09 03:00:00,18.0000
04215000,42.890000,-78.645278,2014-07-28 18:30:00,2014-07-28 23:00:00,64.2792,2014-07-28 20:00:00,1.5000
04215000,42.890000,-78.645278,2014-11-24 12:00:00,2014-11-25 18:45:00,205.0140,2014-11-24 22:30:00,10.5000
04215000,42.890000,-78.645278,2014-12-17 14:15:00,2014-12-17 17:45:00,47.8555,2014-12-17 15:15:00,1.0000
04215000,42.890000,-78.645278,2015-04-02 23:45:00,2015-04-04 14:00:00,100.8080,2015-04-03 08:15:00,8.5000
04215000,42.890000,-78.645278,2015-07-01 19:15:00,2015-07-01 20:30:00,49.2713,2015-07-01 20:00:00,0.7500
04215000,42.890000,-78.645278,2015-07-09 23:00:00,2015-07-10 01:30:00,55.7842,2015-07-10 00:00:00,1.0000
04215000,42.890000,-78.645278,2016-02-03 13:30:00,2016-02-03 22:15:00,91.1802,2016-02-03 16:30:00,3.0000
04215000,42.890000,-78.645278,2016-02-21 03:00:00,2016-02-21 09:00:00,70.5089,2016-02-21 05:15:00,2.2500
04215000,42.890000,-78.645278,2016-02-24 20:30:00,2016-02-25 08:15:00,73.3406,2016-02-25 00:00:00,3.5000
04215000,42.890000,-78.645278,2016-03-11 01:00:00,2016-03-11 05:15:00,49.2713,2016-03-11 02:30:00,1.5000
04218518,42.977778,-78.763889,1990-12-30 12:45:00,1991-01-01 09:15:00,59.4654,1990-12-31 14:45:00,26.0000
04218518,42.977778,-78.763889,1991-03-07 21:30:00,1991-03-08 06:45:00,39.3604,1991-03-08 03:30:00,6.0000
04218518,42.977778,-78.763889,1991-04-22 18:45:00,1991-04-24 01:30:00,49.5545,1991-04-23 09:30:00,14.7500
04218518,42.977778,-78.763889,1992-09-23 02:45:00,1992-09-23 20:45:00,40.2099,1992-09-23 12:45:00,10.0000
04218518,42.977778,-78.763889,1993-01-06 09:15:00,1993-01-06 14:00:00,36.2456,1993-01-06 12:00:00,2.7500
04218518,42.977778,-78.763889,1993-03-28 00:15:00,1993-03-30 23:00:00,47.0060,1993-03-29 03:30:00,27.2500
04218518,42.977778,-78.763889,1994-02-22 05:00:00,1994-02-23 01:00:00,44.4574,1994-02-22 15:45:00,10.7500
04218518,42.977778,-78.763889,1995-01-21 13:45:00,1995-01-22 08:45:00,43.6079,1995-01-21 21:45:00,8.0000
04218518,42.977778,-78.763889,1995-03-08 13:30:00,1995-03-09 12:15:00,48.9881,1995-03-09 03:45:00,14.2500
04218518,42.977778,-78.763889,1996-01-19 05:30:00,1996-01-21 07:15:00,72.2080,1996-01-19 20:30:00,15.0000
04218518,42.977778,-78.763889,1996-05-11 21:45:00,1996-05-13 04:45:00,38.7941,1996-05-12 04:30:00,6.7500
04218518,42.977778,-78.763889,1997-02-28 13:30:00,1997-02-28 21:30:00,37.6614,1997-02-28 16:30:00,3.0000
04218518,42.977778,-78.763889,1997-03-15 21:30:00,1997-03-16 03:00:00,38.2277,1997-03-16 00:00:00,2.5000
04218518,42.977778,-78.763889,1997-03-27 02:30:00,1997-03-27 09:15:00,37.0951,1997-03-27 05:45:00,3.2500
04218518,42.977778,-78.763889,1998-01-08 08:15:00,1998-01-10 21:00:00,87.4991,1998-01-09 12:30:00,28.2500
04218518,42.977778,-78.763889,1998-07-10 00:45:00,1998-07-10 10:45:00,40.2099,1998-07-10 05:00:00,4.2500
04218518,42.977778,-78.763889,1999-01-24 13:45:00,1999-01-26 04:45:00,84.1010,1999-01-25 05:30:00,15.7500
04218518,42.977778,-78.763889,2000-02-25 18:00:00,2000-02-26 21:30:00,42.7584,2000-02-26 06:15:00,12.2500
04218518,42.977778,-78.763889,2000-04-09 07:30:00,2000-04-10 02:45:00,44.7406,2000-04-09 14:30:00,7.0000
04218518,42.977778,-78.763889,2001-02-10 14:15:00,2001-02-11 17:30:00,59.1822,2001-02-11 03:30:00,13.2500
04218518,42.977778,-78.763889,2002-02-02 06:00:00,2002-02-03 10:00:00,57.2000,2002-02-02 22:30:00,16.5000
04218518,42.977778,-78.763889,2002-05-14 09:00:00,2002-05-15 14:15:00,45.0238,2002-05-15 00:30:00,15.5000
04218518,42.977778,-78.763889,2003-03-18 12:00:00,2003-03-19 18:15:00,45.5901,2003-03-19 04:00:00,16.0000
04218518,42.977778,-78.763889,2003-11-29 10:45:00,2003-11-30 10:30:00,49.2713,2003-11-29 23:00:00,12.2500
04218518,42.977778,-78.763889,2004-09-09 09:30:00,2004-09-11 11:30:00,83.2515,2004-09-10 17:00:00,31.5000
04218518,42.977778,-78.763889,2005-04-03 15:15:00,2005-04-06 02:30:00,44.7406,2005-04-04 03:45:00,12.5000
04218518,42.977778,-78.763889,2006-02-18 04:45:00,2006-02-18 11:15:00,37.0951,2006-02-18 06:45:00,2.0000
04218518,42.977778,-78.763889,2006-10-14 00:45:00,2006-10-17 20:30:00,59.7485,2006-10-15 23:00:00,46.2500
04218518,42.977778,-78.763889,2006-12-02 12:15:00,2006-12-03 14:00:00,54.3683,2006-12-03 00:00:00,11.7500
04218518,42.977778,-78.763889,2007-03-14 19:15:00,2007-03-16 16:30:00,54.9347,2007-03-15 22:30:00,27.2500
04218518,42.977778,-78.763889,2007-12-24 21:15:00,2007-12-25 16:00:00,44.4574,2007-12-25 07:00:00,9.7500
04218518,42.977778,-78.763889,2008-02-06 06:30:00,2008-02-08 01:30:00,61.1644,2008-02-06 20:15:00,13.7500
04218518,42.977778,-78.763889,2008-03-20 18:00:00,2008-03-21 03:45:00,37.3782,2008-03-20 21:45:00,3.7500
04218518,42.977778,-78.763889,2008-12-27 12:15:00,2008-12-30 00:30:00,90.3307,2008-12-29 00:00:00,35.7500
04218518,42.977778,-78.763889,2009-02-12 08:00:00,2009-02-14 09:30:00,62.8634,2009-02-13 04:15:00,20.2500
04218518,42.977778,-78.763889,2009-02-28 21:30:00,2009-03-01 03:00:00,38.7941,2009-03-01 00:00:00,2.5000
04218518,42.977778,-78.763889,2009-03-08 19:45:00,2009-03-10 02:00:00,59.7485,2009-03-09 07:30:00,11.7500
04218518,42.977778,-78.763889,2010-01-25 23:30:00,2010-01-27 03:15:00,56.6337,2010-01-26 13:45:00,14.2500
04218518,42.977778,-78.763889,2010-03-12 23:30:00,2010-03-14 13:30:00,42.7584,2010-03-13 21:30:00,22.0000
04218518,42.977778,-78.763889,2010-06-06 11:00:00,2010-06-08 03:30:00,48.9881,2010-06-07 15:45:00,28.7500
04218518,42.977778,-78.763889,2011-01-02 12:45:00,2011-01-03 01:00:00,39.0772,2011-01-02 18:00:00,5.2500
04218518,42.977778,-78.763889,2011-02-19 09:45:00,2011-02-20 10:30:00,52.6693,2011-02-19 22:45:00,13.0000
04218518,42.977778,-78.763889,2011-03-06 08:15:00,2011-03-07 15:15:00,56.3505,2011-03-07 03:30:00,19.2500
04218518,42.977778,-78.763889,2011-03-11 02:45:00,2011-03-12 15:15:00,49.5545,2011-03-12 03:15:00,24.5000
04218518,42.977778,-78.763889,2011-04-21 04:15:00,2011-04-21 18:45:00,45.5901,2011-04-21 13:15:00,9.0000
04218518,42.977778,-78.763889,2011-04-26 18:00:00,2011-04-27 11:00:00,41.0594,2011-04-27 00:30:00,6.5000
04218518,42.977778,-78.763889,2011-05-16 01:00:00,2011-05-17 04:45:00,40.7763,2011-05-16 16:00:00,15.0000
04218518,42.977778,-78.763889,2013-04-11 14:45:00,2013-04-13 18:00:00,39.0772,2013-04-11 19:00:00,4.2500
04218518,42.977778,-78.763889,2013-12-22 03:00:00,2013-12-24 05:45:00,80.7030,2013-12-23 01:30:00,22.5000
04218518,42.977778,-78.763889,2014-01-13 01:30:00,2014-01-13 07:00:00,36.8119,2014-01-13 03:45:00,2.2500
04218518,42.977778,-78.763889,2014-06-14 08:45:00,2014-06-14 16:15:00,38.5109,2014-06-14 11:30:00,2.7500
04218518,42.977778,-78.763889,2014-11-25 07:15:00,2014-11-26 19:45:00,72.7743,2014-11-26 02:45:00,19.5000
04235000,42.918056,-77.233056,1993-04-01 18:00:00,1993-04-14 10:00:00,36.8119,1993-04-02 16:00:00,22.0000
04235000,42.918056,-77.233056,1993-04-17 05:00:00,1993-04-19 04:00:00,30.5822,1993-04-17 17:00:00,12.0000
04235000,42.918056,-77.233056,1993-04-22 20:00:00,1993-05-01 05:00:00,32.2812,1993-04-26 07:00:00,83.0000
04235000,42.918056,-77.233056,2004-05-24 13:00:00,2004-05-24 23:00:00,30.8654,2004-05-24 15:00:00,2.0000
04235000,42.918056,-77.233056,2004-09-09 12:00:00,2004-09-09 19:00:00,28.8832,2004-09-09 13:00:00,1.0000
04235000,42.918056,-77.233056,2005-04-03 01:00:00,2005-04-04 20:00:00,32.8475,2005-04-03 15:00:00,13.0000
04235000,42.918056,-77.233056,2011-04-26 20:00:00,2011-05-08 10:00:00,37.3782,2011-04-27 01:00:00,5.0000
04235000,42.918056,-77.233056,2014-05-16 10:45:00,2014-05-20 12:45:00,38.7941,2014-05-16 15:30:00,4.7500
04067958,45.387778,-88.305000,2002-04-14 21:45:00,2002-04-23 13:15:00,67.1109,2002-04-17 18:45:00,69.0000
04067958,45.387778,-88.305000,2008-04-20 00:45:00,2008-04-24 07:15:00,60.5981,2008-04-22 08:15:00,55.5000
04067958,45.387778,-88.305000,2013-04-30 16:15:00,2013-05-04 22:15:00,55.2179,2013-05-02 23:15:00,55.0000
04087030,43.172778,-88.103889,1993-04-21 09:45:00,1993-04-22 01:55:00,17.5848,1993-04-21 15:45:00,6.0000
04087030,43.172778,-88.103889,1993-07-09 08:30:00,1993-07-09 08:55:00,23.9561,1993-07-09 08:40:00,0.1667
04087030,43.172778,-88.103889,1994-07-05 01:35:00,1994-07-05 02:00:00,28.2036,1994-07-05 01:40:00,0.0833
04087030,43.172778,-88.103889,1994-07-07 21:35:00,1994-07-07 22:15:00,24.8622,1994-07-07 21:45:00,0.1667
04087030,43.172778,-88.103889,1994-07-14 12:30:00,1994-07-14 12:35:00,17.8962,1994-07-14 12:35:00,0.0833
04087030,43.172778,-88.103889,1996-06-17 11:05:00,1996-06-17 15:00:00,31.1485,1996-06-17 11:35:00,0.5000
04087030,43.172778,-88.103889,1996-06-18 19:35:00,1996-06-18 19:45:00,17.1317,1996-06-18 19:40:00,0.0833
04087030,43.172778,-88.103889,1999-07-21 07:25:00,1999-07-21 08:15:00,25.4852,1999-07-21 07:35:00,0.1667
04087030,43.172778,-88.103889,2000-05-18 02:45:00,2000-05-21 05:50:00,25.9382,2000-05-18 03:45:00,1.0000
04087030,43.172778,-88.103889,2004-05-22 10:10:00,2004-05-25 13:45:00,30.8654,2004-05-23 12:10:00,26.0000
04087030,43.172778,-88.103889,2007-08-23 13:55:00,2007-08-23 15:25:00,22.1721,2007-08-23 14:10:00,0.2500
04087030,43.172778,-88.103889,2008-06-08 16:20:00,2008-06-11 10:15:00,28.6000,2008-06-09 02:40:00,10.3333
04087030,43.172778,-88.103889,2008-06-13 01:10:00,2008-06-15 18:10:00,28.8832,2008-06-13 01:35:00,0.4167
04087030,43.172778,-88.103889,2010-07-15 06:05:00,2010-07-15 06:15:00,19.7935,2010-07-15 06:10:00,0.0833
04087030,43.172778,-88.103889,2010-07-22 22:20:00,2010-07-23 01:55:00,41.0594,2010-07-22 23:00:00,0.6667
04087030,43.172778,-88.103889,2010-07-24 11:15:00,2010-07-24 12:20:00,17.1317,2010-07-24 11:20:00,0.0833
04087030,43.172778,-88.103889,2014-06-18 14:35:00,2014-06-18 14:40:00,17.9246,2014-06-18 14:40:00,0.0833
04043050,47.228611,-88.385278,1990-03-15 22:00:00,1990-03-17 02:00:00,17.5281,1990-03-16 07:00:00,9.0000
04043050,47.228611,-88.385278,1991-04-05 04:00:00,1991-04-09 00:00:00,18.2644,1991-04-07 08:00:00,51.0000
04043050,47.228611,-88.385278,1992-04-20 00:00:00,1992-04-22 21:00:00,21.5774,1992-04-21 19:00:00,43.0000
04043050,47.228611,-88.385278,1994-04-16 00:00:00,1994-04-16 06:00:00,11.7515,1994-04-16 03:00:00,3.0000
04043050,47.228611,-88.385278,1994-04-19 02:00:00,1994-04-19 14:00:00,12.9408,1994-04-19 07:00:00,5.0000
04043050,47.228611,-88.385278,1994-04-24 10:00:00,1994-04-25 04:00:00,11.7515,1994-04-24 19:00:00,9.0000
04043050,47.228611,-88.385278,1994-04-26 15:00:00,1994-04-27 14:00:00,18.7174,1994-04-26 23:00:00,8.0000
04043050,47.228611,-88.385278,1995-05-14 10:00:00,1995-05-14 17:00:00,12.7709,1995-05-14 14:00:00,4.0000
04043050,47.228611,-88.385278,1996-04-21 22:15:00,1996-04-25 12:15:00,15.1778,1996-04-23 01:45:00,27.5000
04043050,47.228611,-88.385278,1996-05-07 04:30:00,1996-05-11 12:00:00,19.1139,1996-05-10 10:15:00,77.7500
04043050,47.228611,-88.385278,1996-05-18 16:15:00,1996-05-20 04:45:00,16.9335,1996-05-20 00:00:00,31.7500
04043050,47.228611,-88.385278,1996-06-29 15:15:00,1996-06-30 06:30:00,19.5669,1996-06-30 01:15:00,10.0000
04043050,47.228611,-88.385278,1997-04-06 11:00:00,1997-04-07 09:00:00,12.8275,1997-04-07 00:00:00,13.0000
04043050,47.228611,-88.385278,1997-04-25 03:00:00,1997-04-26 10:00:00,12.1762,1997-04-25 08:00:00,5.0000
04043050,47.228611,-88.385278,1997-04-28 07:00:00,1997-04-28 11:00:00,11.6099,1997-04-28 09:00:00,2.0000
04043050,47.228611,-88.385278,1998-03-28 05:00:00,1998-03-31 08:00:00,31.9980,1998-03-30 14:00:00,57.0000
04043050,47.228611,-88.385278,1998-04-01 14:00:00,1998-04-02 00:00:00,12.1762,1998-04-01 19:00:00,5.0000
04043050,47.228611,-88.385278,1999-04-08 01:00:00,1999-04-10 08:00:00,15.0079,1999-04-09 04:00:00,27.0000
04043050,47.228611,-88.385278,1999-04-15 04:00:00,1999-04-15 12:00:00,12.4594,1999-04-15 08:00:00,4.0000
04043050,47.228611,-88.385278,1999-05-07 21:00:00,1999-05-08 16:00:00,18.0095,1999-05-08 06:00:00,9.0000
04043050,47.228611,-88.385278,1999-05-24 22:00:00,1999-05-26 11:00:00,16.3105,1999-05-26 03:00:00,29.0000
04043050,47.228611,-88.385278,2001-04-12 04:00:00,2001-04-16 20:00:00,16.3955,2001-04-13 02:00:00,22.0000
04043050,47.228611,-88.385278,2001-04-21 00:00:00,2001-04-24 15:00:00,27.9487,2001-04-22 04:00:00,28.0000
04043050,47.228611,-88.385278,2001-04-27 03:00:00,2001-04-27 11:00:00,12.1762,2001-04-27 08:00:00,5.0000
04043050,47.228611,-88.385278,2002-04-12 02:00:00,2002-04-18 07:00:00,20.0200,2002-04-16 09:00:00,103.0000
04043050,47.228611,-88.385278,2002-05-09 07:00:00,2002-05-10 10:00:00,13.6204,2002-05-09 13:00:00,6.0000
04043050,47.228611,-88.385278,2003-04-14 21:00:00,2003-04-16 09:00:00,14.4699,2003-04-15 00:00:00,3.0000
04043050,47.228611,-88.385278,2003-04-20 21:00:00,2003-04-22 01:00:00,15.8291,2003-04-21 10:00:00,13.0000
04043050,47.228611,-88.385278,2003-05-12 01:00:00,2003-05-13 05:00:00,24.0976,2003-05-12 14:00:00,13.0000
04043050,47.228611,-88.385278,2004-04-08 11:00:00,2004-04-08 15:00:00,11.3834,2004-04-08 14:00:00,3.0000
04043050,47.228611,-88.385278,2004-04-18 21:00:00,2004-04-20 16:00:00,24.6357,2004-04-19 15:00:00,18.0000
04043050,47.228611,-88.385278,2004-05-31 21:00:00,2004-06-01 16:00:00,18.0661,2004-06-01 04:00:00,7.0000
04043050,47.228611,-88.385278,2005-04-06 03:00:00,2005-04-11 11:00:00,15.3760,2005-04-10 07:00:00,100.0000
04043050,47.228611,-88.385278,2006-04-11 23:00:00,2006-04-15 16:00:00,21.6624,2006-04-13 09:00:00,34.0000
04043050,47.228611,-88.385278,2006-05-12 11:00:00,2006-05-13 11:00:00,17.4149,2006-05-12 22:00:00,11.0000
04043050,47.228611,-88.385278,2007-03-26 09:00:00,2007-03-28 08:00:00,17.5564,2007-03-27 03:00:00,18.0000
04043050,47.228611,-88.385278,2008-04-17 03:15:00,2008-04-23 17:15:00,20.9261,2008-04-22 10:00:00,126.7500
04043050,47.228611,-88.385278,2008-04-26 09:00:00,2008-04-26 17:15:00,11.2418,2008-04-26 09:30:00,0.5000
04043050,47.228611,-88.385278,2009-04-18 07:00:00,2009-04-18 14:00:00,12.4594,2009-04-18 10:00:00,3.0000
04043050,47.228611,-88.385278,2009-04-25 04:00:00,2009-04-26 04:00:00,22.5968,2009-04-25 15:00:00,11.0000
04043050,47.228611,-88.385278,2009-04-30 15:00:00,2009-05-01 16:00:00,17.1034,2009-04-30 23:00:00,8.0000
04043050,47.228611,-88.385278,2011-04-10 19:15:00,2011-04-12 04:45:00,22.4836,2011-04-12 01:00:00,29.7500
04043050,47.228611,-88.385278,2011-06-04 12:15:00,2011-06-04 23:45:00,18.4909,2011-06-04 18:45:00,6.5000
04043050,47.228611,-88.385278,2011-06-22 20:15:00,2011-06-24 02:15:00,26.7877,2011-06-23 09:30:00,13.2500
04043050,47.228611,-88.385278,2012-03-17 21:45:00,2012-03-21 09:30:00,21.0961,2012-03-19 06:00:00,32.2500
04043050,47.228611,-88.385278,2013-04-28 19:30:00,2013-05-03 06:15:00,30.2990,2013-05-01 04:30:00,57.0000
04043050,47.228611,-88.385278,2013-05-05 04:15:00,2013-05-10 04:00:00,22.2287,2013-05-08 08:30:00,76.2500
04043050,47.228611,-88.385278,2013-05-21 16:30:00,2013-05-22 15:00:00,18.6891,2013-05-22 02:45:00,10.2500
04043050,47.228611,-88.385278,2013-07-19 11:45:00,2013-07-20 07:30:00,26.9860,2013-07-19 19:30:00,7.7500
04043050,47.228611,-88.385278,2014-04-29 07:45:00,2014-05-05 16:30:00,17.4998,2014-05-03 05:15:00,93.5000
04043050,47.228611,-88.385278,2014-05-07 07:15:00,2014-05-11 18:45:00,31.9980,2014-05-09 12:45:00,53.5000
04043050,47.228611,-88.385278,2014-05-12 19:45:00,2014-05-13 15:45:00,15.2628,2014-05-13 05:30:00,9.7500
04043050,47.228611,-88.385278,2015-04-12 23:30:00,2015-04-17 14:15:00,24.4941,2015-04-14 03:30:00,28.0000
04043050,47.228611,-88.385278,2016-04-16 02:30:00,2016-04-18 18:00:00,16.4804,2016-04-18 09:15:00,54.7500
04060993,45.960833,-88.315833,1996-04-23 10:30:00,1996-04-28 11:15:00,88.9149,1996-04-26 22:15:00,83.7500
04060993,45.960833,-88.315833,1999-07-15 10:30:00,1999-07-16 11:00:00,122.0456,1999-07-15 13:30:00,3.0000
04060993,45.960833,-88.315833,2002-04-16 08:00:00,2002-04-19 11:30:00,102.2238,2002-04-17 20:30:00,36.5000
04062500,46.113889,-88.215833,1992-07-04 22:00:00,1992-07-05 00:30:00,88.0654,1992-07-04 23:00:00,1.0000
04062500,46.113889,-88.215833,1996-05-06 18:45:00,1996-05-06 23:30:00,83.5347,1996-05-06 19:45:00,1.0000
04062500,46.113889,-88.215833,1996-05-21 02:30:00,1996-05-27 17:15:00,134.7882,1996-05-22 14:45:00,36.2500
04062500,46.113889,-88.215833,1996-06-04 03:45:00,1996-06-04 15:15:00,104.2060,1996-06-04 10:45:00,7.0000
04062500,46.113889,-88.215833,1996-06-06 15:30:00,1996-06-08 16:15:00,83.8179,1996-06-07 00:00:00,8.5000
04062500,46.113889,-88.215833,1999-05-08 02:30:00,1999-05-08 11:00:00,80.1367,1999-05-08 08:00:00,5.5000
04062500,46.113889,-88.215833,2002-04-19 16:45:00,2002-04-26 20:15:00,135.9209,2002-04-21 23:15:00,54.5000
04062500,46.113889,-88.215833,2004-04-22 13:15:00,2004-04-27 14:00:00,99.1090,2004-04-23 00:45:00,11.5000
04062500,46.113889,-88.215833,2013-05-09 20:00:00,2013-05-10 00:00:00,79.2872,2013-05-09 20:30:00,0.5000
04062500,46.113889,-88.215833,2014-05-11 13:15:00,2014-05-16 14:00:00,126.0100,2014-05-13 01:45:00,36.5000
04062500,46.113889,-88.215833,2015-05-27 21:00:00,2015-05-30 15:00:00,88.9149,2015-05-28 19:00:00,22.0000
04071765,44.860556,-87.983889,1990-03-16 06:00:00,1990-03-18 20:45:00,105.6218,1990-03-16 17:30:00,11.5000
04071765,44.860556,-87.983889,1998-04-04 06:00:00,1998-04-07 16:00:00,95.9941,1998-04-04 16:30:00,10.5000
04071765,44.860556,-87.983889,1998-06-25 22:30:00,1998-06-28 23:30:00,75.8891,1998-06-26 03:45:00,5.2500
04071765,44.860556,-87.983889,2000-07-09 08:15:00,2000-07-09 16:00:00,68.5268,2000-07-09 13:15:00,5.0000
04071765,44.860556,-87.983889,2001-04-06 19:30:00,2001-04-17 17:45:00,103.6397,2001-04-12 19:45:00,144.2500
04071765,44.860556,-87.983889,2001-05-25 16:45:00,2001-05-25 21:15:00,63.7129,2001-05-25 19:45:00,3.0000
04071765,44.860556,-87.983889,2002-04-25 06:00:00,2002-05-02 01:15:00,88.3486,2002-04-28 23:00:00,89.0000
04071765,44.860556,-87.983889,2002-06-14 08:30:00,2002-06-18 11:15:00,88.6317,2002-06-15 03:30:00,19.0000
04071765,44.860556,-87.983889,2003-03-25 16:30:00,2003-03-26 10:30:00,65.4119,2003-03-26 05:15:00,12.7500
04071765,44.860556,-87.983889,2003-03-28 19:00:00,2003-03-30 05:30:00,80.7030,2003-03-29 10:00:00,15.0000
04071765,44.860556,-87.983889,2003-04-16 06:15:00,2003-04-25 16:00:00,147.2476,2003-04-17 08:30:00,26.2500
04071765,44.860556,-87.983889,2003-05-11 15:00:00,2003-05-13 03:15:00,71.6416,2003-05-12 03:15:00,12.2500
04071765,44.860556,-87.983889,2003-06-10 23:30:00,2003-06-12 05:45:00,76.1723,2003-06-11 10:15:00,10.7500
04071765,44.860556,-87.983889,2004-03-26 06:00:00,2004-04-11 17:45:00,235.5962,2004-03-29 13:45:00,79.7500
04071765,44.860556,-87.983889,2004-05-24 10:15:00,2004-05-25 14:00:00,70.5089,2004-05-24 21:15:00,11.0000
04071765,44.860556,-87.983889,2004-05-31 19:45:00,2004-06-05 02:45:00,84.6674,2004-06-01 15:30:00,19.7500
04071765,44.860556,-87.983889,2004-06-17 07:30:00,2004-06-21 12:00:00,104.4892,2004-06-17 20:30:00,13.0000
04071765,44.860556,-87.983889,2005-03-29 09:30:00,2005-04-06 02:00:00,108.7367,2005-03-31 17:00:00,55.5000
04071765,44.860556,-87.983889,2006-08-03 03:45:00,2006-08-03 14:30:00,63.7129,2006-08-03 09:30:00,5.7500
04071765,44.860556,-87.983889,2007-01-01 17:00:00,2007-01-02 05:00:00,73.3406,2007-01-01 19:30:00,2.5000
04071765,44.860556,-87.983889,2007-03-25 23:00:00,2007-03-28 01:15:00,68.2436,2007-03-26 06:45:00,7.7500
04071765,44.860556,-87.983889,2007-04-02 00:30:00,2007-04-02 04:00:00,60.5981,2007-04-02 02:30:00,2.0000
04071765,44.860556,-87.983889,2008-04-01 22:00:00,2008-04-02 05:00:00,61.1644,2008-04-01 23:15:00,1.2500
04071765,44.860556,-87.983889,2008-04-09 20:15:00,2008-04-16 21:15:00,111.8515,2008-04-11 23:45:00,51.5000
04071765,44.860556,-87.983889,2008-04-21 16:30:00,2008-04-22 00:15:00,64.8456,2008-04-21 21:15:00,4.7500
04071765,44.860556,-87.983889,2008-04-23 05:00:00,2008-04-23 20:45:00,60.5981,2008-04-23 10:00:00,5.0000
04071765,44.860556,-87.983889,2010-07-08 03:15:00,2010-07-09 23:15:00,118.3644,2010-07-08 18:00:00,14.7500
04071765,44.860556,-87.983889,2010-09-23 18:00:00,2010-09-26 07:15:00,92.0298,2010-09-24 08:30:00,14.5000
04071765,44.860556,-87.983889,2010-09-27 16:00:00,2010-09-28 11:45:00,62.5802,2010-09-27 18:45:00,2.7500
04071765,44.860556,-87.983889,2011-03-21 08:45:00,2011-03-21 12:45:00,68.2436,2011-03-21 11:00:00,2.2500
04071765,44.860556,-87.983889,2011-04-26 15:00:00,2011-05-02 03:00:00,116.9486,2011-04-27 12:00:00,21.0000
04071765,44.860556,-87.983889,2011-05-11 19:15:00,2011-05-14 13:45:00,88.3486,2011-05-12 07:15:00,12.0000
04071765,44.860556,-87.983889,2011-05-23 14:45:00,2011-05-24 00:45:00,97.1268,2011-05-23 21:00:00,6.2500
04071765,44.860556,-87.983889,2011-06-22 10:30:00,2011-06-28 06:00:00,104.4892,2011-06-24 22:30:00,60.0000
04071765,44.860556,-87.983889,2012-03-08 09:45:00,2012-03-09 04:45:00,82.1189,2012-03-08 14:00:00,4.2500
04071765,44.860556,-87.983889,2012-03-12 21:15:00,2012-03-16 15:45:00,75.3228,2012-03-14 18:30:00,45.2500
04071765,44.860556,-87.983889,2013-04-07 17:00:00,2013-04-13 20:00:00,86.6496,2013-04-10 13:15:00,68.2500
04071765,44.860556,-87.983889,2013-04-15 16:30:00,2013-04-24 14:15:00,97.4100,2013-04-16 11:00:00,18.5000
04071765,44.860556,-87.983889,2013-04-27 19:15:00,2013-05-01 14:00:00,62.2971,2013-04-30 22:30:00,75.2500
04071765,44.860556,-87.983889,2013-05-03 09:45:00,2013-05-05 15:15:00,70.5089,2013-05-04 00:30:00,14.7500
04071765,44.860556,-87.983889,2014-04-07 05:00:00,2014-04-28 09:30:00,113.5506,2014-04-11 08:15:00,99.2500
04071765,44.860556,-87.983889,2014-04-29 16:45:00,2014-05-05 01:30:00,79.0040,2014-04-30 12:00:00,19.2500
04071765,44.860556,-87.983889,2014-05-13 05:15:00,2014-05-13 14:15:00,61.4476,2014-05-13 09:45:00,4.5000
04071765,44.860556,-87.983889,2014-09-05 05:30:00,2014-09-12 18:00:00,88.3486,2014-09-05 23:45:00,18.2500
04071765,44.860556,-87.983889,2015-04-10 22:15:00,2015-04-11 02:15:00,60.8812,2015-04-11 00:45:00,2.5000
04071765,44.860556,-87.983889,2015-04-13 06:45:00,2015-04-15 19:45:00,65.1287,2015-04-14 09:30:00,26.7500
04071765,44.860556,-87.983889,2015-05-30 17:15:00,2015-05-31 00:15:00,69.6594,2015-05-30 19:00:00,1.7500
04071765,44.860556,-87.983889,2015-12-14 12:45:00,2015-12-21 19:45:00,131.3902,2015-12-15 07:00:00,18.2500
04071765,44.860556,-87.983889,2016-03-12 18:00:00,2016-03-12 22:30:00,61.4476,2016-03-12 20:15:00,2.2500
04071765,44.860556,-87.983889,2016-03-14 08:00:00,2016-03-14 23:00:00,64.5624,2016-03-14 12:45:00,4.7500
04071765,44.860556,-87.983889,2016-03-16 10:00:00,2016-03-22 17:00:00,131.3902,2016-03-17 05:00:00,19.0000
04071765,44.860556,-87.983889,2016-03-31 09:00:00,2016-04-05 23:30:00,102.5070,2016-04-01 09:45:00,24.7500
04071765,44.860556,-87.983889,2016-04-26 11:15:00,2016-04-26 19:00:00,65.4119,2016-04-26 13:45:00,2.5000
04079000,44.392222,-88.740278,1986-10-01 06:00:00,1986-10-25 19:00:00,179.8120,1986-10-07 09:00:00,147.0000
04079000,44.392222,-88.740278,1988-04-05 14:00:00,1988-04-13 19:00:00,123.1783,1988-04-10 01:00:00,107.0000
04079000,44.392222,-88.740278,1990-03-18 06:00:00,1990-03-27 00:00:00,217.1902,1990-03-19 14:00:00,32.0000
04079000,44.392222,-88.740278,1990-05-23 13:00:00,1990-05-28 16:00:00,114.9664,1990-05-26 07:00:00,66.0000
04079000,44.392222,-88.740278,1990-06-24 07:00:00,1990-07-01 14:00:00,135.0714,1990-06-26 15:00:00,56.0000
04079000,44.392222,-88.740278,1991-03-26 06:00:00,1991-04-27 10:00:00,195.6694,1991-03-29 11:00:00,77.0000
04079000,44.392222,-88.740278,1991-06-05 13:00:00,1991-06-09 16:00:00,115.8159,1991-06-07 02:00:00,37.0000
04079000,44.392222,-88.740278,1992-05-23 01:00:00,1992-05-27 12:00:00,122.3288,1992-05-24 21:00:00,44.0000
04079000,44.392222,-88.740278,1992-11-25 05:00:00,1992-12-04 19:00:00,164.8040,1992-11-28 05:00:00,72.0000
04079000,44.392222,-88.740278,1993-04-18 05:00:00,1993-05-20 06:00:00,186.8912,1993-04-22 23:00:00,114.0000
04079000,44.392222,-88.740278,1994-04-25 13:00:00,1994-05-09 06:00:00,228.5170,1994-04-30 07:00:00,114.0000
04079000,44.392222,-88.740278,1996-06-19 12:00:00,1996-07-03 06:00:00,286.0002,1996-06-23 21:00:00,105.0000
04079000,44.392222,-88.740278,1997-04-07 05:00:00,1997-04-22 00:45:00,210.9605,1997-04-10 20:45:00,87.7500
04079000,44.392222,-88.740278,1998-04-01 10:00:00,1998-04-14 23:00:00,231.6318,1998-04-05 19:45:00,104.7500
04079000,44.392222,-88.740278,2002-04-27 23:45:00,2002-05-15 10:15:00,135.9209,2002-05-02 17:30:00,113.7500
04079000,44.392222,-88.740278,2003-04-22 05:45:00,2003-05-01 13:00:00,146.9644,2003-04-25 08:45:00,75.0000
04079000,44.392222,-88.740278,2003-05-12 11:15:00,2003-05-22 01:15:00,128.5585,2003-05-16 01:30:00,86.2500
04079000,44.392222,-88.740278,2004-03-29 07:30:00,2004-04-16 01:15:00,250.3209,2004-04-03 14:00:00,126.5000
04079000,44.392222,-88.740278,2005-03-31 23:15:00,2005-04-15 09:00:00,178.1130,2005-04-05 03:30:00,99.2500
04079000,44.392222,-88.740278,2007-03-31 10:45:00,2007-04-11 13:00:00,125.4436,2007-04-05 19:30:00,128.7500
04079000,44.392222,-88.740278,2009-03-26 19:00:00,2009-04-04 14:15:00,120.9129,2009-04-01 01:45:00,126.7500
04079000,44.392222,-88.740278,2010-03-18 19:30:00,2010-03-24 11:15:00,116.6654,2010-03-21 19:15:00,71.7500
04079000,44.392222,-88.740278,2010-07-20 19:45:00,2010-08-03 15:15:00,130.8238,2010-07-28 11:30:00,183.7500
04079000,44.392222,-88.740278,2010-09-27 11:45:00,2010-10-08 00:15:00,160.5565,2010-10-01 11:45:00,96.0000
04079000,44.392222,-88.740278,2011-06-26 09:15:00,2011-07-05 16:15:00,176.1308,2011-06-30 03:00:00,89.7500
04079000,44.392222,-88.740278,2012-03-17 12:00:00,2012-03-27 22:15:00,126.5763,2012-03-21 08:30:00,92.5000
04079000,44.392222,-88.740278,2013-04-09 05:00:00,2013-05-13 13:00:00,168.4852,2013-04-15 20:15:00,159.2500
04079000,44.392222,-88.740278,2014-09-13 06:45:00,2014-09-16 02:00:00,112.7010,2014-09-14 06:15:00,23.5000
04079000,44.392222,-88.740278,2015-12-16 07:30:00,2015-12-31 19:30:00,212.0932,2015-12-20 20:30:00,109.0000
04079000,44.392222,-88.740278,2016-03-14 17:00:00,2016-04-16 04:30:00,252.8694,2016-03-21 09:00:00,160.0000
04084445,44.248056,-88.423056,1991-11-02 05:15:00,1991-11-02 09:00:00,336.9705,1991-11-02 07:45:00,2.5000
04084445,44.248056,-88.423056,1992-09-18 12:00:00,1992-09-18 16:00:00,342.6338,1992-09-18 12:30:00,0.5000
04084445,44.248056,-88.423056,1992-12-01 22:00:00,1992-12-02 18:15:00,362.4556,1992-12-02 06:15:00,8.2500
04084445,44.248056,-88.423056,1992-12-03 23:00:00,1992-12-04 21:45:00,336.9705,1992-12-04 00:15:00,1.2500
04084445,44.248056,-88.423056,1993-04-16 08:00:00,1993-04-19 04:45:00,379.4457,1993-04-18 01:45:00,41.7500
04084445,44.248056,-88.423056,1993-04-21 05:00:00,1993-04-24 04:45:00,436.0794,1993-04-23 19:00:00,62.0000
04084445,44.248056,-88.423056,1993-04-25 05:00:00,1993-05-09 04:45:00,453.0695,1993-04-28 07:00:00,74.0000
04084445,44.248056,-88.423056,1993-05-10 05:00:00,1993-05-19 13:00:00,421.9210,1993-05-10 17:45:00,12.7500
04084445,44.248056,-88.423056,1995-08-21 23:15:00,1995-08-22 13:30:00,356.7923,1995-08-22 01:45:00,2.5000
04084445,44.248056,-88.423056,1996-05-12 00:45:00,1996-05-14 12:45:00,336.9705,1996-05-13 06:30:00,29.7500
04084445,44.248056,-88.423056,1996-06-19 14:15:00,1996-07-05 15:00:00,407.7626,1996-06-20 10:15:00,20.0000
04084445,44.248056,-88.423056,1996-07-07 06:15:00,1996-07-07 21:30:00,368.1190,1996-07-07 11:15:00,5.0000
04084445,44.248056,-88.423056,1998-04-05 06:00:00,1998-04-22 15:45:00,379.4457,1998-04-12 23:45:00,185.7500
04084445,44.248056,-88.423056,2001-04-12 18:30:00,2001-04-13 04:45:00,345.4655,2001-04-13 00:00:00,5.5000
04084445,44.248056,-88.423056,2002-05-03 19:15:00,2002-05-06 15:30:00,362.4556,2002-05-04 20:45:00,25.5000
04084445,44.248056,-88.423056,2006-05-17 17:30:00,2006-05-20 13:15:00,362.4556,2006-05-18 05:15:00,11.7500
04084445,44.248056,-88.423056,2008-06-09 16:30:00,2008-06-30 16:00:00,509.7032,2008-06-13 13:45:00,93.2500
04084445,44.248056,-88.423056,2010-07-20 05:00:00,2010-07-20 13:45:00,339.8022,2010-07-20 08:30:00,3.5000
04084445,44.248056,-88.423056,2010-07-21 15:15:00,2010-08-03 15:00:00,427.5844,2010-07-23 00:00:00,32.7500
04084445,44.248056,-88.423056,2015-06-11 23:15:00,2015-06-13 02:30:00,391.9052,2015-06-12 15:30:00,16.2500
04084445,44.248056,-88.423056,2015-06-16 00:45:00,2015-06-16 05:15:00,336.4041,2015-06-16 01:15:00,0.5000
04084445,44.248056,-88.423056,2015-12-16 19:30:00,2015-12-31 15:00:00,382.8438,2015-12-17 06:00:00,10.5000
04087220,42.873611,-87.995833,1987-04-15 09:45:00,1987-04-16 03:45:00,14.4982,1987-04-15 19:00:00,9.2500
04087220,42.873611,-87.995833,1987-04-23 08:00:00,1987-04-24 03:15:00,13.9319,1987-04-23 15:45:00,7.7500
04087220,42.873611,-87.995833,1987-08-17 01:15:00,1987-08-18 11:15:00,16.3955,1987-08-17 15:15:00,14.0000
04087220,42.873611,-87.995833,1988-04-06 15:15:00,1988-04-07 19:00:00,13.8186,1988-04-07 04:45:00,13.5000
04087220,42.873611,-87.995833,1989-07-20 11:30:00,1989-07-21 02:15:00,12.5160,1989-07-20 19:00:00,7.5000
04087220,42.873611,-87.995833,1989-09-09 17:00:00,1989-09-09 23:00:00,11.1852,1989-09-09 18:00:00,1.0000
04087220,42.873611,-87.995833,1990-03-11 06:00:00,1990-03-13 07:30:00,15.1778,1990-03-12 05:15:00,23.2500
04087220,42.873611,-87.995833,1990-05-10 08:45:00,1990-05-12 19:30:00,24.9188,1990-05-11 05:15:00,20.5000
04087220,42.873611,-87.995833,1990-05-20 08:00:00,1990-05-21 06:15:00,14.0168,1990-05-20 20:30:00,12.5000
04087220,42.873611,-87.995833,1990-08-18 16:00:00,1990-08-20 12:45:00,24.1260,1990-08-19 07:30:00,15.5000
04087220,42.873611,-87.995833,1991-03-02 17:45:00,1991-03-03 05:30:00,12.2329,1991-03-02 22:45:00,5.0000
04087220,42.873611,-87.995833,1991-03-27 02:00:00,1991-03-29 03:15:00,16.6220,1991-03-28 06:45:00,28.7500
04087220,42.873611,-87.995833,1991-04-14 23:15:00,1991-04-16 23:30:00,16.5370,1991-04-15 15:00:00,15.7500
04087220,42.873611,-87.995833,1991-09-13 01:45:00,1991-09-13 13:15:00,12.2329,1991-09-13 08:15:00,6.5000
04087220,42.873611,-87.995833,1991-10-05 09:15:00,1991-10-06 07:45:00,14.4982,1991-10-05 21:30:00,12.2500
04087220,42.873611,-87.995833,1991-10-25 01:00:00,1991-10-26 07:30:00,18.1511,1991-10-25 15:30:00,14.5000
04087220,42.873611,-87.995833,1991-11-30 05:45:00,1991-12-01 13:00:00,15.0929,1991-11-30 22:15:00,16.5000
04087220,42.873611,-87.995833,1992-11-02 17:45:00,1992-11-03 11:45:00,12.7992,1992-11-03 04:15:00,10.5000
04087220,42.873611,-87.995833,1992-12-16 18:45:00,1992-12-17 01:00:00,11.2135,1992-12-16 21:30:00,2.7500
04087220,42.873611,-87.995833,1993-03-23 16:45:00,1993-03-25 02:45:00,16.3671,1993-03-24 03:15:00,10.5000
04087220,42.873611,-87.995833,1993-04-01 02:30:00,1993-04-02 06:15:00,15.6875,1993-04-01 15:15:00,12.7500
04087220,42.873611,-87.995833,1993-04-08 18:15:00,1993-04-10 06:45:00,16.7919,1993-04-09 08:45:00,14.5000
04087220,42.873611,-87.995833,1993-04-15 15:15:00,1993-04-17 15:15:00,20.8129,1993-04-16 10:45:00,19.5000
04087220,42.873611,-87.995833,1993-04-19 23:45:00,1993-04-21 23:00:00,33.4139,1993-04-20 17:45:00,18.0000
04087220,42.873611,-87.995833,1993-06-08 11:00:00,1993-06-09 12:30:00,12.2895,1993-06-08 17:30:00,6.5000
04087220,42.873611,-87.995833,1994-08-13 21:00:00,1994-08-14 07:15:00,11.6665,1994-08-14 02:15:00,5.2500
04087220,42.873611,-87.995833,1995-04-27 21:45:00,1995-04-28 07:15:00,11.1002,1995-04-28 01:00:00,3.2500
04087220,42.873611,-87.995833,1995-08-17 05:30:00,1995-08-17 18:15:00,12.1762,1995-08-17 12:45:00,7.2500
04087220,42.873611,-87.995833,1996-01-19 00:15:00,1996-01-20 01:15:00,15.0079,1996-01-19 13:45:00,13.5000
04087220,42.873611,-87.995833,1996-06-18 00:30:00,1996-06-20 11:00:00,28.8832,1996-06-18 06:30:00,6.0000
04087220,42.873611,-87.995833,1997-06-21 14:00:00,1997-06-23 13:00:00,49.5545,1997-06-22 05:15:00,15.2500
04087220,42.873611,-87.995833,1997-07-03 06:45:00,1997-07-03 14:15:00,11.4683,1997-07-03 10:30:00,3.7500
04087220,42.873611,-87.995833,1997-08-25 04:45:00,1997-08-25 09:15:00,10.9869,1997-08-25 06:45:00,2.0000
04087220,42.873611,-87.995833,1998-02-12 08:45:00,1998-02-13 04:30:00,12.7992,1998-02-12 18:45:00,10.0000
04087220,42.873611,-87.995833,1998-04-01 08:30:00,1998-04-01 18:00:00,11.5816,1998-04-01 12:15:00,3.7500
04087220,42.873611,-87.995833,1998-04-09 17:30:00,1998-04-10 15:45:00,13.7337,1998-04-10 04:30:00,11.0000
04087220,42.873611,-87.995833,1998-04-16 09:45:00,1998-04-17 15:00:00,14.9513,1998-04-17 01:00:00,15.2500
04087220,42.873611,-87.995833,1998-08-05 20:00:00,1998-08-07 04:45:00,15.8008,1998-08-06 11:30:00,15.5000
04087220,42.873611,-87.995833,1998-11-10 21:00:00,1998-11-12 02:15:00,17.1883,1998-11-11 08:15:00,11.2500
04087220,42.873611,-87.995833,1999-01-23 00:45:00,1999-01-26 04:45:00,25.4285,1999-01-24 16:15:00,39.5000
04087220,42.873611,-87.995833,1999-02-12 11:45:00,1999-02-13 08:30:00,14.8663,1999-02-12 20:45:00,9.0000
04087220,42.873611,-87.995833,1999-04-09 15:15:00,1999-04-11 03:45:00,21.6624,1999-04-10 03:30:00,12.2500
04087220,42.873611,-87.995833,1999-04-23 06:30:00,1999-04-25 09:00:00,41.0594,1999-04-23 22:00:00,15.5000
04087220,42.873611,-87.995833,1999-05-17 10:30:00,1999-05-19 13:45:00,14.6115,1999-05-18 00:15:00,13.7500
04087220,42.873611,-87.995833,1999-06-13 13:30:00,1999-06-15 21:30:00,58.0495,1999-06-14 02:45:00,13.2500
04087220,42.873611,-87.995833,1999-09-29 00:15:00,1999-09-29 21:45:00,13.5921,1999-09-29 09:15:00,9.0000
04087220,42.873611,-87.995833,2000-04-20 15:15:00,2000-04-22 10:00:00,17.9812,2000-04-21 06:00:00,14.7500
04087220,42.873611,-87.995833,2000-05-10 06:30:00,2000-05-10 22:15:00,13.0824,2000-05-10 15:15:00,8.7500
04087220,42.873611,-87.995833,2000-05-13 05:30:00,2000-05-13 11:00:00,11.2701,2000-05-13 08:15:00,2.7500
04087220,42.873611,-87.995833,2000-05-18 10:45:00,2000-05-20 20:45:00,33.6970,2000-05-19 03:15:00,16.5000
04087220,42.873611,-87.995833,2000-06-01 10:15:00,2000-06-03 10:30:00,23.8994,2000-06-02 05:15:00,19.0000
04087220,42.873611,-87.995833,2000-07-03 03:00:00,2000-07-05 06:30:00,68.5268,2000-07-03 13:30:00,10.5000
04087220,42.873611,-87.995833,2000-08-06 06:00:00,2000-08-07 13:45:00,24.5790,2000-08-06 16:45:00,10.7500
04087220,42.873611,-87.995833,2000-08-18 11:45:00,2000-08-18 13:30:00,10.8737,2000-08-18 12:30:00,0.7500
04087220,42.873611,-87.995833,2000-09-12 05:15:00,2000-09-13 17:45:00,26.1648,2000-09-12 17:15:00,12.0000
04087220,42.873611,-87.995833,2000-09-15 06:00:00,2000-09-15 11:45:00,11.2418,2000-09-15 08:45:00,2.7500
04087220,42.873611,-87.995833,2000-09-23 06:30:00,2000-09-24 17:15:00,17.9812,2000-09-24 00:45:00,18.2500
04087220,42.873611,-87.995833,2001-04-09 22:30:00,2001-04-10 13:00:00,13.5921,2001-04-10 05:15:00,6.7500
04087220,42.873611,-87.995833,2001-04-12 09:15:00,2001-04-13 05:00:00,13.8186,2001-04-12 18:45:00,9.5000
04087220,42.873611,-87.995833,2001-05-15 12:00:00,2001-05-15 20:45:00,11.8931,2001-05-15 17:00:00,5.0000
04087220,42.873611,-87.995833,2001-06-12 12:30:00,2001-06-14 03:30:00,25.9665,2001-06-13 06:30:00,18.0000
04087220,42.873611,-87.995833,2001-10-23 22:30:00,2001-10-24 09:15:00,11.6665,2001-10-24 03:15:00,4.7500
04087220,42.873611,-87.995833,2002-03-10 01:15:00,2002-03-10 11:30:00,11.5250,2002-03-10 07:00:00,5.7500
04087220,42.873611,-87.995833,2002-04-09 03:00:00,2002-04-10 17:45:00,22.0871,2002-04-09 19:45:00,16.7500
04087220,42.873611,-87.995833,2002-06-05 01:30:00,2002-06-05 16:15:00,12.0063,2002-06-05 10:00:00,8.5000
04087220,42.873611,-87.995833,2002-08-14 02:00:00,2002-08-15 09:45:00,17.8679,2002-08-14 18:30:00,16.5000
04087220,42.873611,-87.995833,2003-05-09 21:45:00,2003-05-10 12:30:00,12.7143,2003-05-10 06:00:00,8.2500
04087220,42.873611,-87.995833,2004-03-05 14:30:00,2004-03-06 19:15:00,19.0006,2004-03-06 02:45:00,12.2500
04087220,42.873611,-87.995833,2004-03-29 17:30:00,2004-03-30 02:15:00,11.8364,2004-03-29 21:15:00,3.7500
04087220,42.873611,-87.995833,2004-05-14 17:15:00,2004-05-16 01:00:00,19.0006,2004-05-15 06:30:00,13.2500
04087220,42.873611,-87.995833,2004-05-22 11:45:00,2004-05-25 02:30:00,33.6970,2004-05-23 11:00:00,23.2500
04087220,42.873611,-87.995833,2004-07-04 07:30:00,2004-07-05 15:15:00,21.9456,2004-07-04 21:15:00,13.7500
04087220,42.873611,-87.995833,2005-02-14 14:00:00,2005-02-15 17:45:00,17.4998,2005-02-14 23:30:00,9.5000
04087220,42.873611,-87.995833,2005-09-26 19:00:00,2005-09-27 12:00:00,14.6115,2005-09-27 03:30:00,8.5000
04087220,42.873611,-87.995833,2006-01-30 03:30:00,2006-01-30 18:15:00,12.1196,2006-01-30 10:45:00,7.2500
04087220,42.873611,-87.995833,2006-03-09 23:15:00,2006-03-10 09:00:00,11.2984,2006-03-10 03:15:00,4.0000
04087220,42.873611,-87.995833,2006-03-13 07:15:00,2006-03-14 23:30:00,32.8475,2006-03-13 20:30:00,13.2500
04087220,42.873611,-87.995833,2006-04-03 18:30:00,2006-04-04 22:00:00,22.7101,2006-04-04 03:15:00,8.7500
04087220,42.873611,-87.995833,2006-04-08 03:00:00,2006-04-08 12:15:00,11.6949,2006-04-08 06:45:00,3.7500
04087220,42.873611,-87.995833,2006-11-30 20:30:00,2006-12-01 06:15:00,11.2984,2006-12-01 02:00:00,5.5000
04087220,42.873611,-87.995833,2006-12-22 17:30:00,2006-12-24 10:45:00,28.6000,2006-12-23 05:30:00,12.0000
04087220,42.873611,-87.995833,2007-03-12 21:45:00,2007-03-15 04:45:00,16.2256,2007-03-14 12:30:00,38.7500
04087220,42.873611,-87.995833,2007-03-22 15:30:00,2007-03-23 13:45:00,15.9424,2007-03-23 02:45:00,11.2500
04087220,42.873611,-87.995833,2007-04-03 14:15:00,2007-04-05 00:30:00,30.2990,2007-04-04 00:30:00,10.2500
04087220,42.873611,-87.995833,2007-08-20 09:15:00,2007-08-21 16:15:00,16.3388,2007-08-21 01:00:00,15.7500
04087220,42.873611,-87.995833,2007-08-23 05:15:00,2007-08-24 17:15:00,24.0127,2007-08-23 18:45:00,13.5000
04087220,42.873611,-87.995833,2008-01-08 06:30:00,2008-01-09 19:15:00,16.3388,2008-01-08 16:15:00,9.7500
04087220,42.873611,-87.995833,2008-03-14 19:15:00,2008-03-15 21:15:00,13.1390,2008-03-15 14:00:00,18.7500
04087220,42.873611,-87.995833,2008-03-27 14:00:00,2008-03-27 19:00:00,10.9869,2008-03-27 16:00:00,2.0000
04087220,42.873611,-87.995833,2008-03-31 20:15:00,2008-04-02 05:30:00,22.0022,2008-04-01 06:30:00,10.2500
04087220,42.873611,-87.995833,2008-04-09 14:15:00,2008-04-12 16:30:00,34.2634,2008-04-11 11:30:00,45.2500
04087220,42.873611,-87.995833,2008-06-05 18:45:00,2008-06-06 18:30:00,15.4044,2008-06-06 07:45:00,13.0000
04087220,42.873611,-87.995833,2008-06-07 23:45:00,2008-06-11 08:00:00,151.4951,2008-06-08 19:00:00,19.2500
04087220,42.873611,-87.995833,2008-06-13 11:15:00,2008-06-15 01:15:00,32.8475,2008-06-13 20:00:00,8.7500
04087220,42.873611,-87.995833,2008-12-28 06:00:00,2008-12-29 23:15:00,35.3961,2008-12-28 16:00:00,10.0000
04087220,42.873611,-87.995833,2009-02-12 06:00:00,2009-02-12 21:00:00,11.8648,2009-02-12 16:30:00,10.5000
04087220,42.873611,-87.995833,2009-03-08 19:15:00,2009-03-11 16:45:00,17.6414,2009-03-09 11:15:00,16.0000
04087220,42.873611,-87.995833,2009-04-26 13:30:00,2009-04-28 12:00:00,35.1129,2009-04-27 08:00:00,18.5000
04087220,42.873611,-87.995833,2009-05-14 15:15:00,2009-05-15 12:15:00,23.8145,2009-05-14 20:15:00,5.0000
04087220,42.873611,-87.995833,2009-06-19 20:15:00,2009-06-21 20:30:00,63.9961,2009-06-20 11:45:00,15.5000
04087220,42.873611,-87.995833,2009-12-25 20:30:00,2009-12-27 06:30:00,25.1454,2009-12-26 06:00:00,9.5000
04087220,42.873611,-87.995833,2010-05-13 20:00:00,2010-05-14 19:45:00,18.3776,2010-05-14 03:30:00,7.5000
04087220,42.873611,-87.995833,2010-06-22 07:15:00,2010-06-25 08:45:00,41.9089,2010-06-24 04:00:00,44.7500
04087220,42.873611,-87.995833,2010-07-15 23:45:00,2010-07-16 19:45:00,21.9456,2010-07-16 07:00:00,7.2500
04087220,42.873611,-87.995833,2010-07-23 02:15:00,2010-07-25 22:30:00,97.4100,2010-07-23 08:15:00,6.0000
04087220,42.873611,-87.995833,2011-03-21 08:15:00,2011-03-22 04:45:00,15.6592,2011-03-21 15:15:00,7.0000
04087220,42.873611,-87.995833,2011-03-23 15:45:00,2011-03-24 13:45:00,15.5176,2011-03-24 00:00:00,8.2500
04087220,42.873611,-87.995833,2011-04-26 21:30:00,2011-04-27 22:00:00,19.2555,2011-04-27 04:15:00,6.7500
04087220,42.873611,-87.995833,2011-06-22 18:30:00,2011-06-23 18:30:00,23.3048,2011-06-23 02:30:00,8.0000
04087220,42.873611,-87.995833,2012-05-07 16:00:00,2012-05-08 10:00:00,16.7636,2012-05-07 21:45:00,5.7500
04087220,42.873611,-87.995833,2012-12-21 10:00:00,2012-12-22 01:45:00,12.4877,2012-12-21 17:30:00,7.5000
04087220,42.873611,-87.995833,2013-04-09 19:15:00,2013-04-13 07:30:00,33.4139,2013-04-10 06:30:00,11.2500
04087220,42.873611,-87.995833,2013-04-18 07:45:00,2013-04-20 08:15:00,47.2891,2013-04-18 21:45:00,14.0000
04087220,42.873611,-87.995833,2013-06-26 06:30:00,2013-06-27 01:15:00,13.9885,2013-06-26 15:00:00,8.5000
04087220,42.873611,-87.995833,2013-11-18 11:15:00,2013-11-18 22:00:00,12.2612,2013-11-18 15:00:00,3.7500
04087220,42.873611,-87.995833,2014-04-14 10:30:00,2014-04-15 20:15:00,22.7101,2014-04-14 21:00:00,10.5000
04087220,42.873611,-87.995833,2014-07-13 08:45:00,2014-07-14 04:45:00,11.4683,2014-07-13 23:30:00,14.7500
04087220,42.873611,-87.995833,2015-04-09 23:00:00,2015-04-11 11:30:00,34.2634,2015-04-10 05:45:00,6.7500
04087220,42.873611,-87.995833,2015-11-27 14:45:00,2015-11-28 18:15:00,17.9812,2015-11-28 00:30:00,9.7500
04087220,42.873611,-87.995833,2015-12-15 00:45:00,2015-12-15 18:00:00,13.2523,2015-12-15 07:45:00,7.0000
04087220,42.873611,-87.995833,2016-03-25 13:45:00,2016-03-25 21:15:00,11.2135,2016-03-25 17:15:00,3.5000
04087233,42.815556,-87.994722,1987-04-14 23:15:00,1987-04-17 00:15:00,25.5135,1987-04-15 18:00:00,18.7500
04087233,42.815556,-87.994722,1987-04-23 00:30:00,1987-04-24 13:45:00,19.7368,1987-04-23 15:00:00,14.5000
04087233,42.815556,-87.994722,1987-08-17 01:30:00,1987-08-18 08:15:00,15.6309,1987-08-17 16:30:00,15.0000
04087233,42.815556,-87.994722,1987-12-09 14:45:00,1987-12-10 00:00:00,12.2612,1987-12-09 18:15:00,3.5000
04087233,42.815556,-87.994722,1988-04-06 11:45:00,1988-04-08 03:30:00,22.3137,1988-04-07 01:15:00,13.5000
04087233,42.815556,-87.994722,1988-11-16 17:15:00,1988-11-17 10:00:00,12.9974,1988-11-16 23:00:00,5.7500
04087233,42.815556,-87.994722,1989-03-29 03:30:00,1989-03-29 08:30:00,12.0630,1989-03-29 04:45:00,1.2500
04087233,42.815556,-87.994722,1989-09-01 13:15:00,1989-09-04 06:45:00,21.5208,1989-09-02 16:45:00,27.5000
04087233,42.815556,-87.994722,1990-03-09 09:00:00,1990-03-15 12:00:00,19.8218,1990-03-12 16:30:00,79.5000
04087233,42.815556,-87.994722,1990-05-10 08:30:00,1990-05-13 07:45:00,30.5822,1990-05-11 04:15:00,19.7500
04087233,42.815556,-87.994722,1990-05-16 13:45:00,1990-05-17 13:30:00,15.0646,1990-05-16 23:00:00,9.2500
04087233,42.815556,-87.994722,1990-05-20 07:30:00,1990-05-21 03:15:00,14.1301,1990-05-20 14:30:00,7.0000
04087233,42.815556,-87.994722,1990-11-28 07:30:00,1990-11-29 11:15:00,15.3194,1990-11-28 20:15:00,12.7500
04087233,42.815556,-87.994722,1991-03-27 13:45:00,1991-03-30 06:00:00,29.7327,1991-03-28 12:30:00,22.7500
04087233,42.815556,-87.994722,1991-04-14 19:45:00,1991-04-17 04:30:00,21.4642,1991-04-16 02:30:00,30.7500
04087233,42.815556,-87.994722,1991-11-30 05:00:00,1991-12-02 05:15:00,17.9812,1991-11-30 23:15:00,18.2500
04087233,42.815556,-87.994722,1991-12-09 01:00:00,1991-12-09 18:15:00,12.8275,1991-12-09 07:15:00,6.2500
04087233,42.815556,-87.994722,1992-11-23 14:45:00,1992-11-24 11:00:00,12.7709,1992-11-23 21:15:00,6.5000
04087233,42.815556,-87.994722,1992-12-16 10:30:00,1992-12-17 08:30:00,13.1390,1992-12-16 17:45:00,7.2500
04087233,42.815556,-87.994722,1993-03-23 15:15:00,1993-03-25 17:15:00,20.5297,1993-03-24 10:30:00,19.2500
04087233,42.815556,-87.994722,1993-04-01 03:15:00,1993-04-02 14:30:00,17.7263,1993-04-01 18:00:00,14.7500
04087233,42.815556,-87.994722,1993-04-08 22:45:00,1993-04-10 05:00:00,15.3760,1993-04-09 12:30:00,13.7500
04087233,42.815556,-87.994722,1993-04-15 19:15:00,1993-04-17 17:30:00,19.8218,1993-04-16 12:15:00,17.0000
04087233,42.815556,-87.994722,1993-04-20 02:30:00,1993-04-22 21:45:00,35.6792,1993-04-20 23:45:00,21.2500
04087233,42.815556,-87.994722,1993-06-08 18:00:00,1993-06-10 05:15:00,13.7054,1993-06-09 14:45:00,20.7500
04087233,42.815556,-87.994722,1994-03-06 22:00:00,1994-03-09 00:45:00,20.7279,1994-03-07 23:15:00,25.2500
04087233,42.815556,-87.994722,1995-01-14 23:00:00,1995-01-15 09:00:00,12.5727,1995-01-15 03:00:00,4.0000
04087233,42.815556,-87.994722,1995-04-27 10:15:00,1995-04-29 15:45:00,21.2376,1995-04-28 06:30:00,20.2500
04087233,42.815556,-87.994722,1996-05-21 03:00:00,1996-05-22 23:45:00,20.4164,1996-05-21 21:45:00,18.7500
04087233,42.815556,-87.994722,1996-06-06 18:30:00,1996-06-07 06:00:00,12.6293,1996-06-06 23:30:00,5.0000
04087233,42.815556,-87.994722,1996-06-18 15:45:00,1996-06-20 06:45:00,19.2555,1996-06-19 07:15:00,15.5000
04087233,42.815556,-87.994722,1997-02-21 12:30:00,1997-02-23 03:30:00,19.9351,1997-02-22 03:45:00,15.2500
04087233,42.815556,-87.994722,1997-03-02 00:30:00,1997-03-02 13:00:00,13.2240,1997-03-02 05:15:00,4.7500
04087233,42.815556,-87.994722,1997-06-21 13:30:00,1997-06-22 18:30:00,18.7458,1997-06-21 23:00:00,9.5000
04087233,42.815556,-87.994722,1998-02-12 03:15:00,1998-02-13 14:45:00,14.9513,1998-02-12 13:30:00,10.2500
04087233,42.815556,-87.994722,1998-04-09 19:00:00,1998-04-11 02:30:00,15.5176,1998-04-10 09:30:00,14.5000
04087233,42.815556,-87.994722,1998-04-16 08:45:00,1998-04-18 02:45:00,18.6608,1998-04-17 00:00:00,15.2500
04087233,42.815556,-87.994722,1999-01-23 16:45:00,1999-01-26 12:45:00,17.7263,1999-01-25 04:45:00,36.0000
04087233,42.815556,-87.994722,1999-04-23 09:15:00,1999-04-25 23:30:00,23.5030,1999-04-24 05:45:00,20.5000
04087233,42.815556,-87.994722,1999-06-13 18:30:00,1999-06-15 22:00:00,17.8113,1999-06-14 07:00:00,12.5000
04087233,42.815556,-87.994722,2000-04-20 15:45:00,2000-04-23 07:30:00,20.5297,2000-04-21 17:15:00,25.5000
04087233,42.815556,-87.994722,2000-05-10 11:30:00,2000-05-10 19:30:00,12.2046,2000-05-10 14:00:00,2.5000
04087233,42.815556,-87.994722,2000-05-18 12:15:00,2000-05-21 17:30:00,28.6000,2000-05-19 16:15:00,28.0000
04087233,42.815556,-87.994722,2000-05-28 23:30:00,2000-05-29 08:30:00,12.2895,2000-05-29 02:15:00,2.7500
04087233,42.815556,-87.994722,2000-05-31 01:45:00,2000-06-03 14:45:00,23.6446,2000-06-02 05:00:00,51.2500
04087233,42.815556,-87.994722,2000-07-03 02:00:00,2000-07-04 16:15:00,36.8119,2000-07-03 08:00:00,6.0000
04087233,42.815556,-87.994722,2000-09-23 06:15:00,2000-09-24 13:30:00,16.5937,2000-09-23 17:45:00,11.5000
04087233,42.815556,-87.994722,2001-03-15 17:30:00,2001-03-16 10:15:00,13.3939,2001-03-16 01:15:00,7.7500
04087233,42.815556,-87.994722,2001-05-15 03:45:00,2001-05-15 17:00:00,13.1957,2001-05-15 09:00:00,5.2500
04087233,42.815556,-87.994722,2001-06-06 08:00:00,2001-06-06 11:30:00,11.9497,2001-06-06 08:30:00,0.5000
04087233,42.815556,-87.994722,2001-06-12 11:15:00,2001-06-14 20:15:00,22.4553,2001-06-13 02:30:00,15.2500
04087233,42.815556,-87.994722,2001-10-14 10:00:00,2001-10-15 00:30:00,12.4877,2001-10-14 14:30:00,4.5000
04087233,42.815556,-87.994722,2001-10-24 09:45:00,2001-10-26 14:30:00,17.2450,2001-10-25 07:30:00,21.7500
04087233,42.815556,-87.994722,2002-03-09 14:30:00,2002-03-10 06:30:00,12.8275,2002-03-09 22:00:00,7.5000
04087233,42.815556,-87.994722,2002-04-09 00:45:00,2002-04-10 23:00:00,17.8396,2002-04-09 18:30:00,17.7500
04087233,42.815556,-87.994722,2002-06-04 14:15:00,2002-06-07 00:00:00,21.7473,2002-06-05 15:00:00,24.7500
04087233,42.815556,-87.994722,2003-12-11 03:15:00,2003-12-11 18:15:00,12.6859,2003-12-11 09:15:00,6.0000
04087233,42.815556,-87.994722,2004-03-05 10:00:00,2004-03-07 21:00:00,19.7085,2004-03-06 06:00:00,20.0000
04087233,42.815556,-87.994722,2004-03-29 12:00:00,2004-03-29 19:45:00,12.1196,2004-03-29 14:00:00,2.0000
04087233,42.815556,-87.994722,2004-05-11 05:30:00,2004-05-11 22:00:00,13.3656,2004-05-11 11:30:00,6.0000
04087233,42.815556,-87.994722,2004-05-13 12:45:00,2004-05-19 21:15:00,32.8475,2004-05-14 23:45:00,35.0000
04087233,42.815556,-87.994722,2004-05-21 19:30:00,2004-05-26 08:45:00,40.4931,2004-05-23 19:30:00,48.0000
04087233,42.815556,-87.994722,2004-06-17 16:45:00,2004-06-19 10:45:00,19.1705,2004-06-18 09:00:00,16.2500
04087233,42.815556,-87.994722,2004-06-22 01:30:00,2004-06-22 17:30:00,13.6487,2004-06-22 06:45:00,5.2500
04087233,42.815556,-87.994722,2004-06-24 09:00:00,2004-06-25 07:30:00,14.6964,2004-06-24 17:15:00,8.2500
04087233,42.815556,-87.994722,2004-07-04 06:00:00,2004-07-06 04:15:00,24.2959,2004-07-05 02:00:00,20.0000
04087233,42.815556,-87.994722,2005-01-13 11:15:00,2005-01-14 02:30:00,13.5071,2005-01-13 16:15:00,5.0000
04087233,42.815556,-87.994722,2005-02-14 07:45:00,2005-02-16 10:45:00,16.9618,2005-02-15 03:30:00,19.7500
04087233,42.815556,-87.994722,2005-03-07 05:45:00,2005-03-07 23:15:00,12.4028,2005-03-07 11:30:00,5.7500
04087233,42.815556,-87.994722,2006-03-13 06:30:00,2006-03-16 04:15:00,22.4269,2006-03-13 19:15:00,12.7500
04087233,42.815556,-87.994722,2006-04-04 01:00:00,2006-04-04 06:45:00,11.9497,2006-04-04 01:30:00,0.5000
04087233,42.815556,-87.994722,2006-05-31 04:00:00,2006-06-01 12:45:00,14.3000,2006-05-31 17:00:00,13.0000
04087233,42.815556,-87.994722,2006-09-12 23:15:00,2006-09-15 18:45:00,19.7085,2006-09-14 01:45:00,26.5000
04087233,42.815556,-87.994722,2006-11-30 08:30:00,2006-12-01 16:15:00,14.5265,2006-11-30 22:30:00,14.0000
04087233,42.815556,-87.994722,2006-12-22 15:30:00,2006-12-25 07:30:00,24.1260,2006-12-23 15:45:00,24.2500
04087233,42.815556,-87.994722,2007-03-10 23:00:00,2007-03-15 14:15:00,19.4254,2007-03-13 10:15:00,58.2500
04087233,42.815556,-87.994722,2007-03-22 06:45:00,2007-03-23 19:30:00,16.6786,2007-03-22 21:15:00,14.5000
04087233,42.815556,-87.994722,2007-04-03 13:00:00,2007-04-05 05:15:00,18.1794,2007-04-04 02:00:00,13.0000
04087233,42.815556,-87.994722,2007-04-14 00:00:00,2007-04-15 02:30:00,14.8097,2007-04-14 11:45:00,11.7500
04087233,42.815556,-87.994722,2007-08-19 09:15:00,2007-08-27 00:45:00,36.2456,2007-08-21 07:00:00,45.7500
04087233,42.815556,-87.994722,2007-12-23 15:30:00,2007-12-24 11:00:00,14.8663,2007-12-24 00:15:00,8.7500
04087233,42.815556,-87.994722,2008-01-07 22:45:00,2008-01-10 10:45:00,20.5580,2008-01-08 22:45:00,24.0000
04087233,42.815556,-87.994722,2008-03-13 21:30:00,2008-03-16 16:15:00,21.8040,2008-03-15 03:15:00,29.7500
04087233,42.815556,-87.994722,2008-03-26 17:00:00,2008-03-28 16:45:00,18.5192,2008-03-27 08:30:00,15.5000
04087233,42.815556,-87.994722,2008-03-31 15:00:00,2008-04-02 20:00:00,22.5685,2008-04-01 09:00:00,18.0000
04087233,42.815556,-87.994722,2008-04-10 22:00:00,2008-04-13 17:45:00,27.1842,2008-04-11 06:15:00,8.2500
04087233,42.815556,-87.994722,2008-06-08 00:30:00,2008-06-12 21:15:00,44.1743,2008-06-09 09:30:00,33.0000
04087233,42.815556,-87.994722,2008-12-15 12:00:00,2008-12-16 01:15:00,12.9974,2008-12-15 17:15:00,5.2500
04087233,42.815556,-87.994722,2008-12-27 20:00:00,2008-12-30 21:30:00,27.8071,2008-12-29 03:00:00,31.0000
04087233,42.815556,-87.994722,2009-02-11 06:00:00,2009-02-12 20:45:00,14.2717,2009-02-12 11:15:00,29.2500
04087233,42.815556,-87.994722,2009-02-27 03:30:00,2009-02-28 14:15:00,18.5192,2009-02-27 15:30:00,12.0000
04087233,42.815556,-87.994722,2009-03-08 09:45:00,2009-03-11 22:45:00,21.2093,2009-03-09 10:45:00,25.0000
04087233,42.815556,-87.994722,2009-04-01 07:45:00,2009-04-02 05:45:00,13.7337,2009-04-01 17:45:00,10.0000
04087233,42.815556,-87.994722,2009-04-26 08:30:00,2009-04-29 10:30:00,27.9770,2009-04-27 04:15:00,19.7500
04087233,42.815556,-87.994722,2009-06-20 03:30:00,2009-06-22 13:45:00,18.2644,2009-06-21 07:30:00,28.0000
04087233,42.815556,-87.994722,2009-12-25 17:30:00,2009-12-28 09:15:00,23.5030,2009-12-26 16:30:00,23.0000
04087233,42.815556,-87.994722,2010-01-25 00:00:00,2010-01-26 04:45:00,15.1778,2010-01-25 16:00:00,16.0000
04087233,42.815556,-87.994722,2010-03-10 19:30:00,2010-03-15 02:00:00,18.8024,2010-03-12 13:30:00,42.0000
04087233,42.815556,-87.994722,2010-04-06 16:45:00,2010-04-07 18:45:00,15.8574,2010-04-07 03:15:00,10.5000
04087233,42.815556,-87.994722,2010-05-13 14:00:00,2010-05-15 04:45:00,19.9634,2010-05-14 05:15:00,15.2500
04087233,42.815556,-87.994722,2010-06-23 17:30:00,2010-06-24 05:30:00,12.7426,2010-06-23 23:45:00,6.2500
04087233,42.815556,-87.994722,2010-07-23 05:15:00,2010-07-25 19:00:00,17.5848,2010-07-24 16:45:00,35.5000
04087233,42.815556,-87.994722,2011-02-19 06:00:00,2011-02-22 19:00:00,22.5119,2011-02-19 09:45:00,3.7500
04087233,42.815556,-87.994722,2011-03-05 07:00:00,2011-03-06 13:15:00,16.3955,2011-03-05 21:00:00,14.0000
04087233,42.815556,-87.994722,2011-03-09 20:45:00,2011-03-10 22:45:00,14.9513,2011-03-10 08:00:00,11.2500
04087233,42.815556,-87.994722,2011-03-20 22:45:00,2011-03-24 23:45:00,20.3598,2011-03-23 21:30:00,70.7500
04087233,42.815556,-87.994722,2011-04-20 05:45:00,2011-04-21 05:15:00,14.8947,2011-04-20 15:45:00,10.0000
04087233,42.815556,-87.994722,2011-04-23 11:30:00,2011-04-24 00:00:00,12.9125,2011-04-23 16:30:00,5.0000
04087233,42.815556,-87.994722,2011-04-26 13:00:00,2011-04-28 14:45:00,19.9634,2011-04-27 04:00:00,15.0000
04087233,42.815556,-87.994722,2013-03-28 23:15:00,2013-03-30 09:15:00,13.0257,2013-03-29 06:45:00,7.5000
04087233,42.815556,-87.994722,2013-04-09 16:30:00,2013-04-14 04:45:00,25.0604,2013-04-11 22:15:00,53.7500
04087233,42.815556,-87.994722,2013-04-18 02:00:00,2013-04-21 13:15:00,32.2812,2013-04-18 19:45:00,17.7500
04087233,42.815556,-87.994722,2013-06-26 03:15:00,2013-06-26 23:00:00,12.4028,2013-06-26 17:30:00,14.2500
04087233,42.815556,-87.994722,2014-05-13 11:15:00,2014-05-15 03:30:00,19.1988,2014-05-14 03:00:00,15.7500
04087233,42.815556,-87.994722,2014-07-13 15:30:00,2014-07-14 00:00:00,12.2895,2014-07-13 20:00:00,4.5000
04087233,42.815556,-87.994722,2015-04-10 01:45:00,2015-04-12 03:30:00,23.6446,2015-04-10 13:15:00,11.5000
04087233,42.815556,-87.994722,2015-11-27 22:00:00,2015-11-28 06:15:00,12.3178,2015-11-27 23:45:00,1.7500
04087233,42.815556,-87.994722,2015-12-14 18:30:00,2015-12-15 15:00:00,13.3656,2015-12-15 03:00:00,8.5000
04087233,42.815556,-87.994722,2016-03-31 23:45:00,2016-04-01 22:00:00,14.3000,2016-04-01 10:30:00,10.7500
04099000,41.800833,-85.756111,1990-03-14 04:00:00,1990-03-16 13:00:00,166.7862,1990-03-14 15:00:00,11.0000
04099000,41.800833,-85.756111,1991-01-03 04:00:00,1991-01-04 18:30:00,169.6179,1991-01-03 15:00:00,11.0000
04099000,41.800833,-85.756111,1993-01-06 04:00:00,1993-01-11 01:30:00,186.3249,1993-01-08 16:00:00,60.0000
04099000,41.800833,-85.756111,2001-02-12 09:30:00,2001-02-17 09:30:00,178.9625,2001-02-15 20:00:00,82.5000
04099000,41.800833,-85.756111,2005-02-19 13:30:00,2005-02-19 21:00:00,166.5031,2005-02-19 20:15:00,6.7500
04099000,41.800833,-85.756111,2008-01-09 10:45:00,2008-01-18 22:15:00,229.6496,2008-01-13 01:45:00,87.0000
04099000,41.800833,-85.756111,2008-02-08 23:30:00,2008-02-13 21:00:00,182.9268,2008-02-10 04:00:00,28.5000
04099000,41.800833,-85.756111,2008-02-18 01:00:00,2008-02-18 21:45:00,161.1229,2008-02-18 14:30:00,13.5000
04099000,41.800833,-85.756111,2008-02-20 22:45:00,2008-02-21 23:45:00,174.7149,2008-02-21 13:30:00,14.7500
04099000,41.800833,-85.756111,2008-09-15 10:30:00,2008-09-21 16:45:00,213.7922,2008-09-17 07:30:00,45.0000
04099000,41.800833,-85.756111,2009-03-10 07:45:00,2009-03-19 11:45:00,229.0833,2009-03-13 09:15:00,73.5000
04099000,41.800833,-85.756111,2009-05-20 23:00:00,2009-05-20 23:45:00,165.3704,2009-05-20 23:15:00,0.2500
04099000,41.800833,-85.756111,2013-04-21 18:30:00,2013-04-28 14:00:00,184.9090,2013-04-23 14:00:00,43.5000
04099000,41.800833,-85.756111,2014-03-24 17:30:00,2014-03-24 20:45:00,165.6536,2014-03-24 18:00:00,0.5000
04100222,41.481667,-85.475556,1993-01-05 02:00:00,1993-01-13 11:00:00,23.7578,1993-01-07 08:00:00,54.0000
04100222,41.481667,-85.475556,1998-01-10 09:00:00,1998-01-13 06:00:00,19.4820,1998-01-11 12:00:00,27.0000
04100222,41.481667,-85.475556,2008-01-10 05:00:00,2008-01-15 04:45:00,21.0111,2008-01-13 04:00:00,71.0000
04100222,41.481667,-85.475556,2008-02-07 15:00:00,2008-02-10 04:45:00,20.7279,2008-02-09 14:15:00,47.2500
04100222,41.481667,-85.475556,2009-03-11 09:15:00,2009-03-20 04:30:00,22.9650,2009-03-14 13:00:00,75.7500
04100222,41.481667,-85.475556,2013-04-25 03:15:00,2013-04-28 00:45:00,19.4820,2013-04-26 02:15:00,23.0000
04100222,41.481667,-85.475556,2015-07-17 23:00:00,2015-07-29 03:00:00,23.2764,2015-07-21 07:00:00,80.0000
04105500,42.323889,-85.197500,2008-09-15 15:45:00,2008-09-19 00:45:00,148.3803,2008-09-17 14:45:00,47.0000
04106000,42.285556,-85.513889,1990-03-14 00:30:00,1990-03-17 13:30:00,124.3110,1990-03-15 10:00:00,33.5000
04106000,42.285556,-85.513889,1990-12-01 16:30:00,1990-12-03 16:30:00,97.9763,1990-12-02 09:00:00,16.5000
04106000,42.285556,-85.513889,1993-01-07 00:00:00,1993-01-10 01:30:00,102.7902,1993-01-09 03:00:00,51.0000
04106000,42.285556,-85.513889,1993-03-28 14:30:00,1993-04-01 20:30:00,94.5783,1993-03-30 03:00:00,36.5000
04106000,42.285556,-85.513889,1993-04-23 01:00:00,1993-04-25 17:30:00,101.0911,1993-04-24 00:30:00,23.5000
04106000,42.285556,-85.513889,1997-02-25 14:45:00,1997-02-26 14:15:00,88.0654,1997-02-25 18:45:00,4.0000
04106000,42.285556,-85.513889,1998-01-10 17:15:00,1998-01-11 23:00:00,87.2159,1998-01-10 20:30:00,3.2500
04106000,42.285556,-85.513889,1999-04-26 15:45:00,1999-04-28 12:00:00,95.1446,1999-04-26 23:45:00,8.0000
04106000,42.285556,-85.513889,2001-02-12 21:30:00,2001-02-16 17:30:00,120.3466,2001-02-14 20:00:00,46.5000
04106000,42.285556,-85.513889,2001-02-28 02:00:00,2001-03-01 22:15:00,98.8258,2001-02-28 19:00:00,17.0000
04106000,42.285556,-85.513889,2001-05-18 14:30:00,2001-05-22 15:45:00,107.3208,2001-05-19 21:45:00,31.2500
04106000,42.285556,-85.513889,2004-05-24 21:45:00,2004-05-28 18:45:00,119.4971,2004-05-25 23:00:00,25.2500
04106000,42.285556,-85.513889,2005-01-14 22:00:00,2005-01-18 19:15:00,118.6476,2005-01-17 09:00:00,59.0000
04106000,42.285556,-85.513889,2008-01-11 15:30:00,2008-01-14 22:15:00,99.1090,2008-01-13 11:00:00,43.5000
04106000,42.285556,-85.513889,2008-09-14 18:15:00,2008-09-23 12:00:00,160.5565,2008-09-18 17:15:00,95.0000
04106000,42.285556,-85.513889,2008-12-30 19:00:00,2009-01-02 23:45:00,95.4278,2009-01-01 03:45:00,32.7500
04106000,42.285556,-85.513889,2009-02-13 14:00:00,2009-02-16 20:45:00,94.0119,2009-02-15 05:45:00,39.7500
04106000,42.285556,-85.513889,2009-03-10 13:00:00,2009-03-16 17:00:00,129.6912,2009-03-12 19:45:00,54.7500
04106000,42.285556,-85.513889,2010-03-15 18:30:00,2010-03-16 13:45:00,88.6317,2010-03-16 01:00:00,6.5000
04106000,42.285556,-85.513889,2010-07-25 09:30:00,2010-07-28 13:45:00,100.8080,2010-07-25 14:45:00,5.2500
04106000,42.285556,-85.513889,2011-05-27 21:00:00,2011-06-03 12:45:00,119.2139,2011-05-30 03:15:00,54.2500
04106000,42.285556,-85.513889,2013-04-20 20:30:00,2013-04-25 13:15:00,107.8872,2013-04-22 22:45:00,50.2500
04106000,42.285556,-85.513889,2014-03-23 23:30:00,2014-03-26 20:45:00,94.0119,2014-03-24 21:00:00,21.5000
04106000,42.285556,-85.513889,2015-06-25 15:30:00,2015-07-01 19:45:00,116.3822,2015-06-27 18:30:00,51.0000
04115000,43.109722,-84.693056,1989-11-29 16:00:00,1989-12-02 15:00:00,20.1616,1989-11-30 23:00:00,31.0000
04115000,43.109722,-84.693056,1990-01-26 00:00:00,1990-02-02 10:00:00,30.0159,1990-01-28 11:00:00,59.0000
04115000,43.109722,-84.693056,1990-03-11 03:00:00,1990-03-11 04:00:00,18.7458,1990-03-11 04:00:00,1.0000
04115000,43.109722,-84.693056,1990-10-11 15:00:00,1990-10-23 17:00:00,45.8733,1990-10-14 05:00:00,62.0000
04115000,43.109722,-84.693056,1990-11-06 07:00:00,1990-11-18 02:00:00,50.6872,1990-11-08 17:00:00,58.0000
04115000,43.109722,-84.693056,1990-11-28 09:00:00,1990-12-15 21:00:00,54.6515,1990-11-30 22:00:00,61.0000
04115000,43.109722,-84.693056,1990-12-30 05:00:00,1991-01-03 04:00:00,27.8638,1991-01-01 19:00:00,62.0000
04115000,43.109722,-84.693056,1991-03-10 05:00:00,1991-03-12 04:00:00,20.6713,1991-03-12 04:00:00,47.0000
04115000,43.109722,-84.693056,1991-04-02 05:00:00,1991-04-06 14:00:00,25.9665,1991-04-02 16:00:00,11.0000
04115000,43.109722,-84.693056,1991-04-09 14:00:00,1991-05-09 04:00:00,52.9525,1991-04-17 01:00:00,179.0000
04115000,43.109722,-84.693056,1991-12-09 14:00:00,1991-12-16 04:00:00,24.0976,1991-12-11 09:00:00,43.0000
04115000,43.109722,-84.693056,1992-03-10 12:00:00,1992-03-15 15:00:00,20.5297,1992-03-12 02:00:00,38.0000
04115000,43.109722,-84.693056,1992-03-19 15:00:00,1992-03-23 13:00:00,19.6802,1992-03-21 07:00:00,40.0000
04115000,43.109722,-84.693056,1992-03-26 06:00:00,1992-04-05 21:00:00,27.8638,1992-03-29 10:00:00,76.0000
04115000,43.109722,-84.693056,1992-11-04 18:00:00,1992-11-09 13:00:00,22.4836,1992-11-06 14:00:00,44.0000
04115000,43.109722,-84.693056,1992-11-13 15:00:00,1992-11-21 02:00:00,27.6939,1992-11-16 04:00:00,61.0000
04115000,43.109722,-84.693056,1992-11-23 16:00:00,1992-12-02 18:00:00,32.5644,1992-11-26 02:00:00,58.0000
04115000,43.109722,-84.693056,1993-01-01 12:00:00,1993-01-07 04:00:00,68.2436,1993-01-06 18:00:00,126.0000
04115000,43.109722,-84.693056,1993-03-27 05:00:00,1993-04-18 08:00:00,78.7208,1993-03-30 19:00:00,86.0000
04115000,43.109722,-84.693056,1993-04-20 06:00:00,1993-05-06 04:00:00,60.3149,1993-04-22 22:00:00,64.0000
04115000,43.109722,-84.693056,1993-10-18 02:00:00,1993-10-29 06:00:00,45.0238,1993-10-21 00:00:00,70.0000
04115000,43.109722,-84.693056,1994-02-20 21:00:00,1994-02-24 04:00:00,62.8634,1994-02-22 19:00:00,46.0000
04115000,43.109722,-84.693056,1994-03-22 06:00:00,1994-03-31 03:00:00,27.3824,1994-03-24 05:00:00,47.0000
04115000,43.109722,-84.693056,1994-04-27 14:00:00,1994-05-07 03:00:00,28.3168,1994-04-29 09:00:00,43.0000
04115000,43.109722,-84.693056,1994-11-06 04:00:00,1994-11-16 23:00:00,44.7406,1994-11-08 21:00:00,65.0000
04115000,43.109722,-84.693056,1995-01-23 03:00:00,1995-01-25 04:00:00,20.3881,1995-01-25 04:00:00,49.0000
04115000,43.109722,-84.693056,1995-03-13 07:00:00,1995-03-26 06:00:00,50.6872,1995-03-16 02:00:00,67.0000
04115000,43.109722,-84.693056,1995-04-29 05:00:00,1995-05-02 16:00:00,21.6624,1995-04-30 04:00:00,23.0000
04115000,43.109722,-84.693056,1996-05-21 04:00:00,1996-05-31 09:00:00,91.7466,1996-05-23 00:00:00,44.0000
04115000,43.109722,-84.693056,1996-06-18 07:00:00,1996-06-29 05:00:00,90.3307,1996-06-20 04:00:00,45.0000
04115000,43.109722,-84.693056,1997-01-05 12:00:00,1997-01-07 04:00:00,23.2198,1997-01-06 21:00:00,33.0000
04115000,43.109722,-84.693056,1997-02-27 05:00:00,1997-03-06 04:00:00,89.1981,1997-03-02 20:00:00,87.0000
04115000,43.109722,-84.693056,1998-01-10 21:00:00,1998-01-13 04:00:00,19.3970,1998-01-11 19:00:00,22.0000
04115000,43.109722,-84.693056,1998-02-14 08:00:00,1998-03-01 21:00:00,56.3505,1998-02-20 16:00:00,152.0000
04115000,43.109722,-84.693056,1998-03-10 02:00:00,1998-03-11 04:00:00,26.3913,1998-03-11 04:00:00,26.0000
04115000,43.109722,-84.693056,1998-03-18 06:00:00,1998-04-09 13:00:00,55.2179,1998-03-21 18:00:00,84.0000
04115000,43.109722,-84.693056,1998-05-04 22:00:00,1998-05-06 02:00:00,18.4626,1998-05-05 06:00:00,8.0000
04115000,43.109722,-84.693056,1999-01-26 06:30:00,1999-02-01 07:00:00,22.4836,1999-01-29 01:30:00,67.0000
04115000,43.109722,-84.693056,1999-04-23 17:00:00,1999-05-02 21:30:00,66.8278,1999-04-25 17:30:00,48.5000
04115000,43.109722,-84.693056,2000-04-22 09:00:00,2000-04-28 03:30:00,29.4495,2000-04-24 11:30:00,50.5000
04115000,43.109722,-84.693056,2000-05-18 12:30:00,2000-05-31 12:00:00,95.1446,2000-05-20 14:30:00,50.0000
04115000,43.109722,-84.693056,2001-02-09 23:30:00,2001-02-12 04:30:00,57.7664,2001-02-11 23:30:00,48.0000
04115000,43.109722,-84.693056,2001-02-25 14:30:00,2001-03-01 04:30:00,59.1822,2001-02-27 22:00:00,55.5000
04115000,43.109722,-84.693056,2001-05-16 09:00:00,2001-06-08 12:00:00,47.0060,2001-05-17 22:30:00,37.5000
04115000,43.109722,-84.693056,2001-10-25 21:30:00,2001-10-30 09:30:00,24.8622,2001-10-27 05:30:00,32.0000
04115000,43.109722,-84.693056,2002-02-22 01:30:00,2002-02-28 15:30:00,25.9949,2002-02-23 23:00:00,45.5000
04115000,43.109722,-84.693056,2002-03-09 16:00:00,2002-03-20 05:00:00,49.8377,2002-03-11 20:00:00,52.0000
04115000,43.109722,-84.693056,2002-04-09 23:00:00,2002-04-17 03:30:00,30.8654,2002-04-11 17:30:00,42.5000
04115000,43.109722,-84.693056,2002-05-14 00:30:00,2002-05-22 11:30:00,25.6551,2002-05-18 09:00:00,104.5000
04115000,43.109722,-84.693056,2004-03-03 11:30:00,2004-03-17 16:30:00,92.3129,2004-03-06 07:00:00,67.5000
04115000,43.109722,-84.693056,2004-06-13 00:30:00,2004-06-19 15:00:00,25.4285,2004-06-16 04:30:00,76.0000
04115000,43.109722,-84.693056,2005-01-13 18:30:00,2005-01-14 04:30:00,31.1485,2005-01-14 04:30:00,10.0000
04115000,43.109722,-84.693056,2005-02-15 21:00:00,2005-02-17 04:30:00,27.0709,2005-02-17 04:30:00,31.5000
04115000,43.109722,-84.693056,2005-03-09 08:00:00,2005-03-10 04:30:00,22.3986,2005-03-10 04:30:00,20.5000
04115000,43.109722,-84.693056,2005-03-23 17:30:00,2005-04-06 03:00:00,28.8832,2005-03-30 07:30:00,158.0000
04115000,43.109722,-84.693056,2006-01-04 08:30:00,2006-01-10 00:30:00,25.4852,2006-01-06 09:00:00,48.5000
04115000,43.109722,-84.693056,2006-01-15 16:30:00,2006-01-18 03:00:00,19.4820,2006-01-16 12:30:00,20.0000
04115000,43.109722,-84.693056,2006-01-30 03:30:00,2006-02-09 16:00:00,35.3961,2006-02-01 10:00:00,54.5000
04115000,43.109722,-84.693056,2006-03-10 20:30:00,2006-03-23 17:00:00,59.4654,2006-03-15 07:30:00,107.0000
04115000,43.109722,-84.693056,2006-05-13 03:30:00,2006-05-25 04:30:00,31.7149,2006-05-16 00:30:00,69.0000
04115000,43.109722,-84.693056,2006-07-18 18:30:00,2006-07-22 10:00:00,22.7101,2006-07-19 23:30:00,29.0000
04115000,43.109722,-84.693056,2006-12-01 15:30:00,2006-12-07 04:30:00,45.0238,2006-12-04 09:00:00,65.5000
04115000,43.109722,-84.693056,2006-12-12 22:30:00,2006-12-20 15:30:00,29.7327,2006-12-15 05:00:00,54.5000
04115000,43.109722,-84.693056,2007-01-02 02:00:00,2007-01-13 08:30:00,27.0426,2007-01-07 05:00:00,123.0000
04115000,43.109722,-84.693056,2007-03-11 10:30:00,2007-04-11 06:30:00,55.2179,2007-03-14 12:30:00,74.0000
04115000,43.109722,-84.693056,2007-04-13 01:00:00,2007-04-19 21:30:00,29.7327,2007-04-14 18:00:00,41.0000
04115000,43.109722,-84.693056,2008-01-09 17:00:00,2008-01-17 23:00:00,27.2691,2008-01-12 14:30:00,69.5000
04115000,43.109722,-84.693056,2008-12-30 05:00:00,2008-12-31 04:30:00,76.4555,2008-12-30 17:30:00,12.5000
04115000,43.109722,-84.693056,2009-02-11 14:00:00,2009-02-15 04:30:00,60.0317,2009-02-14 17:00:00,75.0000
04115000,43.109722,-84.693056,2009-03-06 05:00:00,2009-03-13 04:30:00,52.9525,2009-03-12 02:30:00,140.5000
04115000,43.109722,-84.693056,2009-04-04 12:00:00,2009-04-12 09:00:00,27.2691,2009-04-06 13:30:00,49.5000
04115000,43.109722,-84.693056,2009-04-26 06:30:00,2009-05-11 22:00:00,85.5169,2009-05-01 11:30:00,125.0000
04115000,43.109722,-84.693056,2009-06-25 00:30:00,2009-06-28 09:30:00,20.3315,2009-06-26 13:00:00,36.5000
04115000,43.109722,-84.693056,2010-03-12 10:00:00,2010-03-22 22:30:00,39.0772,2010-03-15 17:00:00,78.0000
04115000,43.109722,-84.693056,2010-04-08 14:30:00,2010-04-16 14:00:00,33.4139,2010-04-11 00:00:00,57.5000
04115000,43.109722,-84.693056,2010-05-14 17:30:00,2010-05-22 17:00:00,33.4139,2010-05-16 22:00:00,52.5000
04115000,43.109722,-84.693056,2011-03-11 19:30:00,2011-04-12 09:00:00,35.9624,2011-03-17 09:00:00,132.5000
04115000,43.109722,-84.693056,2011-04-21 23:30:00,2011-05-09 22:00:00,75.0396,2011-04-29 17:30:00,186.0000
04115000,43.109722,-84.693056,2011-05-15 18:00:00,2011-06-08 01:30:00,40.7763,2011-05-22 02:00:00,152.0000
04115000,43.109722,-84.693056,2012-03-02 16:00:00,2012-03-17 14:00:00,38.5109,2012-03-05 00:30:00,56.5000
04115000,43.109722,-84.693056,2012-05-07 11:00:00,2012-05-10 08:00:00,19.6802,2012-05-08 15:00:00,28.0000
04115000,43.109722,-84.693056,2013-01-30 21:45:00,2013-02-01 04:45:00,39.3604,2013-02-01 04:30:00,30.7500
04115000,43.109722,-84.693056,2013-03-12 00:30:00,2013-03-21 16:45:00,53.8020,2013-03-14 00:00:00,47.5000
04115000,43.109722,-84.693056,2013-04-10 18:45:00,2013-05-05 17:00:00,255.4180,2013-04-19 00:30:00,197.7500
04115000,43.109722,-84.693056,2013-05-30 09:45:00,2013-06-05 11:45:00,26.0232,2013-06-01 09:45:00,48.0000
04115000,43.109722,-84.693056,2014-03-18 21:15:00,2014-04-11 07:00:00,56.0674,2014-03-24 01:30:00,124.2500
04115000,43.109722,-84.693056,2014-04-14 14:15:00,2014-04-21 02:30:00,29.4495,2014-04-16 09:45:00,43.5000
04115000,43.109722,-84.693056,2014-05-14 17:15:00,2014-05-31 10:45:00,69.6594,2014-05-22 14:30:00,189.2500
04115000,43.109722,-84.693056,2014-07-07 22:45:00,2014-07-19 09:15:00,39.3604,2014-07-14 07:00:00,152.2500
04115000,43.109722,-84.693056,2015-03-14 08:30:00,2015-03-21 19:45:00,26.3630,2015-03-17 04:00:00,67.5000
04115000,43.109722,-84.693056,2015-04-10 13:30:00,2015-04-17 07:30:00,33.6970,2015-04-12 11:45:00,46.2500
04115000,43.109722,-84.693056,2016-01-12 14:15:00,2016-01-15 02:00:00,19.7652,2016-01-13 07:45:00,17.5000
04115000,43.109722,-84.693056,2016-02-04 06:30:00,2016-02-11 00:45:00,27.2691,2016-02-05 22:30:00,40.0000
04115000,43.109722,-84.693056,2016-03-08 20:30:00,2016-04-17 01:15:00,46.4396,2016-03-11 18:15:00,69.7500
04115000,43.109722,-84.693056,2016-05-06 09:30:00,2016-05-10 14:00:00,21.4075,2016-05-07 19:45:00,34.2500
04115000,43.109722,-84.693056,2016-05-14 12:45:00,2016-05-20 02:45:00,24.6073,2016-05-16 03:45:00,39.0000
04118500,43.082222,-85.590833,1990-03-12 03:00:00,1990-03-15 03:00:00,42.7584,1990-03-13 06:00:00,27.0000
04118500,43.082222,-85.590833,1990-11-07 04:00:00,1990-11-08 11:00:00,35.3961,1990-11-07 12:00:00,8.0000
04118500,43.082222,-85.590833,1990-11-29 04:00:00,1990-11-30 21:00:00,43.6079,1990-11-29 20:00:00,16.0000
04118500,43.082222,-85.590833,1991-01-01 14:00:00,1991-01-01 15:00:00,38.5109,1991-01-01 15:00:00,1.0000
04118500,43.082222,-85.590833,1991-03-28 17:00:00,1991-03-30 16:00:00,44.7406,1991-03-29 12:00:00,19.0000
04118500,43.082222,-85.590833,1991-04-10 16:00:00,1991-04-11 16:00:00,37.6614,1991-04-10 20:00:00,4.0000
04118500,43.082222,-85.590833,1991-04-15 14:00:00,1991-04-18 04:00:00,43.6079,1991-04-16 20:00:00,30.0000
04118500,43.082222,-85.590833,1991-12-01 10:00:00,1991-12-02 19:00:00,40.7763,1991-12-01 18:00:00,8.0000
04118500,43.082222,-85.590833,1994-06-24 14:00:00,1994-06-27 15:00:00,50.1208,1994-06-26 02:00:00,36.0000
04118500,43.082222,-85.590833,1994-07-08 08:00:00,1994-07-08 10:00:00,32.8475,1994-07-08 09:00:00,1.0000
04118500,43.082222,-85.590833,1994-11-07 14:30:00,1994-11-08 14:30:00,37.6614,1994-11-07 20:30:00,6.0000
04118500,43.082222,-85.590833,1996-05-22 07:30:00,1996-05-22 21:30:00,34.5466,1996-05-22 08:00:00,0.5000
04118500,43.082222,-85.590833,1996-06-19 03:30:00,1996-06-21 02:30:00,50.9703,1996-06-19 13:30:00,10.0000
04118500,43.082222,-85.590833,1997-02-21 16:00:00,1997-02-24 11:00:00,42.1921,1997-02-23 06:00:00,38.0000
04118500,43.082222,-85.590833,1999-04-24 18:00:00,1999-04-25 06:00:00,32.5644,1999-04-25 00:30:00,6.5000
04118500,43.082222,-85.590833,2000-04-22 19:00:00,2000-04-23 15:30:00,33.1307,2000-04-22 23:30:00,4.5000
04118500,43.082222,-85.590833,2000-05-18 05:30:00,2000-05-21 10:30:00,55.2179,2000-05-19 13:30:00,32.0000
04118500,43.082222,-85.590833,2001-05-16 12:00:00,2001-05-17 17:00:00,39.0772,2001-05-16 22:00:00,10.0000
04118500,43.082222,-85.590833,2002-03-10 16:00:00,2002-03-12 15:30:00,42.1921,2002-03-12 06:00:00,38.0000
04118500,43.082222,-85.590833,2004-03-05 11:00:00,2004-03-08 20:30:00,48.9881,2004-03-06 23:30:00,36.5000
04118500,43.082222,-85.590833,2004-05-23 01:00:00,2004-05-26 13:00:00,44.1743,2004-05-24 19:30:00,42.5000
04118500,43.082222,-85.590833,2005-03-31 20:30:00,2005-04-02 16:30:00,38.5109,2005-04-01 14:00:00,17.5000
04118500,43.082222,-85.590833,2006-03-11 03:00:00,2006-03-16 17:30:00,57.4832,2006-03-14 17:30:00,86.5000
04118500,43.082222,-85.590833,2007-03-14 15:30:00,2007-03-17 05:00:00,49.5545,2007-03-15 10:00:00,18.5000
04118500,43.082222,-85.590833,2007-03-23 12:30:00,2007-03-24 19:30:00,37.0951,2007-03-24 01:00:00,12.5000
04118500,43.082222,-85.590833,2008-12-28 17:00:00,2008-12-31 18:30:00,58.8990,2008-12-29 13:00:00,20.0000
04118500,43.082222,-85.590833,2009-02-11 22:00:00,2009-02-14 15:30:00,46.7228,2009-02-13 09:30:00,35.5000
04118500,43.082222,-85.590833,2009-02-27 06:30:00,2009-03-02 05:00:00,42.1921,2009-03-01 03:30:00,45.0000
04118500,43.082222,-85.590833,2009-03-10 03:00:00,2009-03-11 14:00:00,33.9802,2009-03-10 20:30:00,17.5000
04118500,43.082222,-85.590833,2009-04-26 15:30:00,2009-04-29 20:00:00,46.1565,2009-04-28 07:00:00,39.5000
04118500,43.082222,-85.590833,2009-05-01 15:00:00,2009-05-02 14:00:00,35.1129,2009-05-02 00:30:00,9.5000
04118500,43.082222,-85.590833,2009-11-01 01:30:00,2009-11-02 07:30:00,33.4139,2009-11-01 08:00:00,7.5000
04118500,43.082222,-85.590833,2010-03-13 15:30:00,2010-03-13 17:00:00,33.4139,2010-03-13 16:00:00,0.5000
04118500,43.082222,-85.590833,2010-05-31 20:00:00,2010-05-31 23:00:00,52.1030,2010-05-31 21:00:00,1.0000
04118500,43.082222,-85.590833,2011-04-27 17:30:00,2011-04-30 13:00:00,42.1921,2011-04-29 14:30:00,45.0000
04118500,43.082222,-85.590833,2011-07-28 02:45:00,2011-07-28 05:00:00,34.5466,2011-07-28 04:15:00,1.5000
04118500,43.082222,-85.590833,2013-04-11 08:45:00,2013-04-14 12:15:00,43.3248,2013-04-12 17:30:00,32.7500
04118500,43.082222,-85.590833,2013-04-18 00:15:00,2013-04-22 09:00:00,68.5268,2013-04-19 20:00:00,43.7500
04118500,43.082222,-85.590833,2014-04-14 20:45:00,2014-04-17 04:30:00,46.7228,2014-04-15 19:00:00,22.2500
04118500,43.082222,-85.590833,2014-06-20 00:30:00,2014-06-20 21:15:00,37.0951,2014-06-20 15:45:00,15.2500
04118500,43.082222,-85.590833,2015-04-09 19:30:00,2015-04-13 03:15:00,50.6872,2015-04-11 09:30:00,38.0000
04118500,43.082222,-85.590833,2015-05-12 18:30:00,2015-05-14 04:30:00,43.0416,2015-05-13 01:30:00,7.0000
04118500,43.082222,-85.590833,2016-03-31 22:30:00,2016-04-03 20:15:00,52.1030,2016-04-01 20:45:00,22.2500
04199500,41.381944,-82.316944,2004-05-21 10:30:00,2004-05-22 14:15:00,197.3684,2004-05-22 10:45:00,24.2500
04199500,41.381944,-82.316944,2005-01-01 05:00:00,2005-01-02 05:30:00,262.2140,2005-01-01 07:30:00,2.5000
04199500,41.381944,-82.316944,2005-01-12 15:15:00,2005-01-13 11:45:00,237.8615,2005-01-12 20:45:00,5.5000
04199500,41.381944,-82.316944,2005-02-09 05:00:00,2005-02-09 12:45:00,184.0595,2005-02-09 10:00:00,5.0000
04199500,41.381944,-82.316944,2005-04-26 02:15:00,2005-04-26 03:45:00,171.6001,2005-04-26 03:45:00,1.5000
04199500,41.381944,-82.316944,2006-06-22 12:15:00,2006-06-24 08:30:00,470.0597,2006-06-23 06:00:00,17.7500
04199500,41.381944,-82.316944,2006-12-01 13:45:00,2006-12-02 17:15:00,229.0833,2006-12-01 19:45:00,6.0000
04199500,41.381944,-82.316944,2007-01-06 05:45:00,2007-01-07 19:00:00,266.1784,2007-01-07 06:45:00,25.0000
04199500,41.381944,-82.316944,2007-01-15 14:00:00,2007-01-16 15:30:00,207.8457,2007-01-15 20:30:00,6.5000
04199500,41.381944,-82.316944,2007-03-03 05:00:00,2007-03-03 17:00:00,259.3823,2007-03-03 05:45:00,0.7500
04199500,41.381944,-82.316944,2007-08-20 22:00:00,2007-08-21 18:15:00,269.8595,2007-08-21 06:45:00,8.7500
04199500,41.381944,-82.316944,2008-01-09 16:45:00,2008-01-10 05:45:00,177.8298,2008-01-09 19:30:00,2.7500
04199500,41.381944,-82.316944,2008-02-06 07:00:00,2008-02-08 03:30:00,325.6437,2008-02-07 02:00:00,19.0000
04199500,41.381944,-82.316944,2009-02-12 05:15:00,2009-02-12 13:00:00,178.1130,2009-02-12 10:00:00,4.7500
04199500,41.381944,-82.316944,2009-03-08 22:15:00,2009-03-10 02:15:00,278.3546,2009-03-09 09:30:00,11.2500
04199500,41.381944,-82.316944,2011-02-28 11:15:00,2011-03-02 05:45:00,336.9705,2011-02-28 17:00:00,5.7500
04199500,41.381944,-82.316944,2011-04-25 23:00:00,2011-04-26 21:30:00,272.9744,2011-04-26 05:15:00,6.2500
04199500,41.381944,-82.316944,2011-12-06 07:30:00,2011-12-07 02:00:00,192.5546,2011-12-06 14:00:00,6.5000
04199500,41.381944,-82.316944,2012-10-30 12:30:00,2012-10-31 22:30:00,311.4853,2012-10-31 06:30:00,18.0000
04199500,41.381944,-82.316944,2013-07-10 22:30:00,2013-07-12 09:30:00,314.3170,2013-07-11 04:30:00,6.0000
04199500,41.381944,-82.316944,2013-12-23 05:00:00,2013-12-23 18:00:00,266.4615,2013-12-23 08:00:00,3.0000
04199500,41.381944,-82.316944,2014-06-25 09:00:00,2014-06-26 01:30:00,244.9407,2014-06-25 13:30:00,4.5000
04199500,41.381944,-82.316944,2015-02-10 08:00:00,2015-02-11 01:30:00,1149.6640,2015-02-10 23:30:00,15.5000
04199500,41.381944,-82.316944,2015-03-11 16:00:00,2015-03-14 17:30:00,920.2975,2015-03-12 19:30:00,27.5000
04200500,41.380278,-82.104722,1990-12-04 03:30:00,1990-12-05 14:30:00,119.7803,1990-12-04 18:30:00,15.0000
04200500,41.380278,-82.104722,1990-12-19 05:00:00,1990-12-20 11:00:00,104.7723,1990-12-19 20:30:00,15.5000
04200500,41.380278,-82.104722,1990-12-22 14:00:00,1990-12-25 09:00:00,177.2635,1990-12-23 23:00:00,33.0000
04200500,41.380278,-82.104722,1990-12-30 05:00:00,1991-01-01 19:30:00,385.1091,1990-12-31 14:00:00,33.0000
04200500,41.380278,-82.104722,1991-02-19 19:00:00,1991-02-21 12:30:00,175.2813,1991-02-20 14:00:00,19.0000
04200500,41.380278,-82.104722,1991-03-06 18:30:00,1991-03-08 12:30:00,126.8595,1991-03-07 08:30:00,14.0000
04200500,41.380278,-82.104722,1992-04-18 15:00:00,1992-04-20 08:30:00,121.1961,1992-04-19 18:00:00,27.0000
04200500,41.380278,-82.104722,1992-07-15 23:30:00,1992-07-19 16:00:00,136.2040,1992-07-19 00:00:00,72.5000
04200500,41.380278,-82.104722,1992-07-31 05:30:00,1992-08-02 02:00:00,172.1664,1992-07-31 23:30:00,18.0000
04200500,41.380278,-82.104722,1992-12-31 03:00:00,1993-01-02 07:30:00,229.9328,1992-12-31 14:30:00,11.5000
04200500,41.380278,-82.104722,1993-01-04 12:30:00,1993-01-06 04:30:00,174.9981,1993-01-05 14:00:00,25.5000
04200500,41.380278,-82.104722,1993-01-14 00:00:00,1993-01-15 11:30:00,136.4872,1993-01-14 06:00:00,6.0000
04200500,41.380278,-82.104722,1993-01-25 05:30:00,1993-01-26 10:00:00,83.8179,1993-01-25 12:00:00,6.5000
04200500,41.380278,-82.104722,1993-03-05 05:00:00,1993-03-06 15:30:00,110.7189,1993-03-05 12:00:00,7.0000
04200500,41.380278,-82.104722,1993-03-08 08:30:00,1993-03-09 21:00:00,106.7545,1993-03-09 05:30:00,21.0000
04200500,41.380278,-82.104722,1993-04-26 17:30:00,1993-04-27 14:30:00,88.9149,1993-04-27 03:30:00,10.0000
04200500,41.380278,-82.104722,1993-06-09 12:30:00,1993-06-10 19:00:00,131.1070,1993-06-10 05:00:00,16.5000
04200500,41.380278,-82.104722,1994-01-29 05:00:00,1994-01-30 04:30:00,317.1487,1994-01-29 22:00:00,17.0000
04200500,41.380278,-82.104722,1994-04-07 23:00:00,1994-04-08 06:00:00,80.4198,1994-04-08 01:30:00,2.5000
04200500,41.380278,-82.104722,1994-04-12 11:00:00,1994-04-14 22:30:00,317.1487,1994-04-13 18:00:00,31.0000
04200500,41.380278,-82.104722,1994-06-29 20:00:00,1994-06-30 04:00:00,85.5169,1994-06-29 22:30:00,2.5000
04200500,41.380278,-82.104722,1995-01-15 14:30:00,1995-01-18 06:00:00,228.5170,1995-01-16 23:30:00,33.0000
04200500,41.380278,-82.104722,1995-01-20 21:00:00,1995-01-22 17:30:00,143.2832,1995-01-21 23:00:00,26.0000
04200500,41.380278,-82.104722,1995-03-08 09:00:00,1995-03-09 15:30:00,103.9228,1995-03-09 00:00:00,15.0000
04200500,41.380278,-82.104722,1995-04-21 18:30:00,1995-04-22 20:00:00,112.1347,1995-04-22 01:30:00,7.0000
04200500,41.380278,-82.104722,1995-05-29 12:00:00,1995-05-29 18:00:00,81.2693,1995-05-29 14:30:00,2.5000
04200500,41.380278,-82.104722,1996-01-18 03:00:00,1996-01-20 22:30:00,258.2496,1996-01-19 16:00:00,37.0000
04200500,41.380278,-82.104722,1996-02-28 03:00:00,1996-02-29 19:00:00,159.9902,1996-02-29 04:30:00,25.5000
04200500,41.380278,-82.104722,1996-03-20 14:00:00,1996-03-21 14:30:00,98.5426,1996-03-21 03:30:00,13.5000
04200500,41.380278,-82.104722,1996-04-23 15:00:00,1996-04-25 15:30:00,186.0417,1996-04-24 22:30:00,31.5000
04200500,41.380278,-82.104722,1996-04-30 17:00:00,1996-05-01 23:00:00,109.5862,1996-05-01 06:30:00,13.5000
04200500,41.380278,-82.104722,1996-05-11 17:30:00,1996-05-13 05:30:00,110.4357,1996-05-12 08:30:00,15.0000
04200500,41.380278,-82.104722,1996-09-08 01:00:00,1996-09-08 13:30:00,85.8000,1996-09-08 06:00:00,5.0000
04200500,41.380278,-82.104722,1996-09-28 16:00:00,1996-09-30 02:00:00,120.0634,1996-09-29 02:00:00,10.0000
04200500,41.380278,-82.104722,1996-10-19 18:30:00,1996-10-19 20:00:00,77.5882,1996-10-19 20:00:00,1.5000
04200500,41.380278,-82.104722,1996-11-26 12:00:00,1996-11-28 04:30:00,123.4615,1996-11-27 12:00:00,24.0000
04200500,41.380278,-82.104722,1996-12-01 19:00:00,1996-12-02 23:00:00,98.2595,1996-12-02 06:00:00,11.0000
04200500,41.380278,-82.104722,1996-12-12 01:30:00,1996-12-14 01:30:00,182.9268,1996-12-13 08:00:00,30.5000
04200500,41.380278,-82.104722,1996-12-17 16:00:00,1996-12-19 05:30:00,133.6555,1996-12-18 15:30:00,23.5000
04200500,41.380278,-82.104722,1996-12-24 22:30:00,1996-12-25 13:30:00,87.4991,1996-12-25 01:30:00,3.0000
04200500,41.380278,-82.104722,1997-02-05 16:00:00,1997-02-06 05:30:00,82.1189,1997-02-05 23:00:00,7.0000
04200500,41.380278,-82.104722,1997-02-27 08:30:00,1997-03-01 02:30:00,207.2793,1997-02-27 21:00:00,12.5000
04200500,41.380278,-82.104722,1997-05-26 00:00:00,1997-05-27 13:00:00,123.7446,1997-05-26 23:30:00,23.5000
04200500,41.380278,-82.104722,1997-06-01 03:00:00,1997-06-03 22:30:00,294.4952,1997-06-02 16:00:00,37.0000
04200500,41.380278,-82.104722,1998-01-07 21:30:00,1998-01-10 22:30:00,294.4952,1998-01-09 14:00:00,40.5000
04200500,41.380278,-82.104722,1998-02-18 08:00:00,1998-02-20 01:00:00,100.8080,1998-02-19 02:00:00,18.0000
04200500,41.380278,-82.104722,1998-03-21 08:00:00,1998-03-23 01:30:00,137.6199,1998-03-22 04:30:00,20.5000
04200500,41.380278,-82.104722,1998-04-16 19:30:00,1998-04-18 21:30:00,158.5743,1998-04-17 13:30:00,18.0000
04200500,41.380278,-82.104722,1998-04-27 10:00:00,1998-04-27 20:30:00,80.4198,1998-04-27 14:30:00,4.5000
04200500,41.380278,-82.104722,1998-08-26 15:00:00,1998-08-28 02:00:00,114.9664,1998-08-27 08:30:00,17.5000
04200500,41.380278,-82.104722,1999-01-24 05:00:00,1999-01-25 08:30:00,170.1842,1999-01-24 12:00:00,7.0000
04200500,41.380278,-82.104722,2000-01-05 03:30:00,2000-01-05 09:30:00,79.0040,2000-01-05 07:30:00,4.0000
04200500,41.380278,-82.104722,2000-02-23 15:30:00,2000-02-25 02:30:00,126.8595,2000-02-24 04:00:00,12.5000
04200500,41.380278,-82.104722,2000-04-08 08:30:00,2000-04-10 10:30:00,194.5367,2000-04-09 17:30:00,33.0000
04200500,41.380278,-82.104722,2000-05-20 01:00:00,2000-05-20 08:00:00,79.8535,2000-05-20 05:30:00,4.5000
04200500,41.380278,-82.104722,2000-06-18 17:30:00,2000-06-20 02:30:00,127.7090,2000-06-19 02:00:00,8.5000
04200500,41.380278,-82.104722,2000-12-17 12:30:00,2000-12-18 22:30:00,114.6832,2000-12-18 04:30:00,16.0000
04200500,41.380278,-82.104722,2001-04-07 02:30:00,2001-04-08 05:00:00,125.1605,2001-04-07 20:00:00,17.5000
04200500,41.380278,-82.104722,2002-02-01 05:30:00,2002-02-02 23:00:00,138.4694,2002-02-01 17:30:00,12.0000
04200500,41.380278,-82.104722,2002-03-29 01:00:00,2002-03-31 09:30:00,115.8159,2002-03-30 12:30:00,35.5000
04200500,41.380278,-82.104722,2002-04-03 14:00:00,2002-04-04 18:30:00,98.5426,2002-04-04 00:00:00,10.0000
04200500,41.380278,-82.104722,2002-04-14 14:00:00,2002-04-15 09:00:00,90.8971,2002-04-14 22:00:00,8.0000
04200500,41.380278,-82.104722,2002-05-13 19:30:00,2002-05-15 15:30:00,137.0535,2002-05-14 14:30:00,19.0000
04200500,41.380278,-82.104722,2002-12-31 13:00:00,2003-01-02 07:30:00,125.7268,2003-01-01 05:00:00,16.0000
04200500,41.380278,-82.104722,2003-04-05 06:30:00,2003-04-07 00:00:00,144.6991,2003-04-05 17:30:00,11.0000
04200500,41.380278,-82.104722,2003-04-08 05:00:00,2003-04-09 00:30:00,86.6496,2003-04-08 14:30:00,9.5000
04200500,41.380278,-82.104722,2003-05-09 07:00:00,2003-05-11 12:00:00,135.0714,2003-05-10 11:00:00,28.0000
04200500,41.380278,-82.104722,2003-06-14 11:00:00,2003-06-14 19:30:00,82.6852,2003-06-14 15:00:00,4.0000
04200500,41.380278,-82.104722,2003-07-28 22:30:00,2003-07-30 02:00:00,103.9228,2003-07-29 13:30:00,15.0000
04200500,41.380278,-82.104722,2003-09-27 22:30:00,2003-09-29 05:30:00,104.2060,2003-09-28 13:00:00,14.5000
04200500,41.380278,-82.104722,2003-11-28 16:00:00,2003-11-30 15:30:00,134.7882,2003-11-29 08:30:00,16.5000
04200500,41.380278,-82.104722,2003-12-11 07:30:00,2003-12-12 08:30:00,92.5961,2003-12-11 18:00:00,10.5000
04200500,41.380278,-82.104722,2003-12-24 07:30:00,2003-12-25 12:30:00,98.5426,2003-12-24 20:30:00,13.0000
04200500,41.380278,-82.104722,2003-12-30 23:30:00,2003-12-31 11:00:00,82.6852,2003-12-31 04:30:00,5.0000
04200500,41.380278,-82.104722,2004-01-05 00:00:00,2004-01-06 23:00:00,165.0872,2004-01-06 07:30:00,31.5000
04200500,41.380278,-82.104722,2004-03-05 20:30:00,2004-03-06 01:00:00,77.5882,2004-03-06 01:00:00,4.5000
04200500,41.380278,-82.104722,2004-03-30 14:00:00,2004-04-04 02:30:00,138.1862,2004-03-31 17:30:00,27.5000
04200500,41.380278,-82.104722,2004-04-14 16:00:00,2004-04-15 05:30:00,82.9684,2004-04-14 23:30:00,7.5000
04200500,41.380278,-82.104722,2004-05-02 15:30:00,2004-05-04 12:30:00,162.2555,2004-05-03 09:00:00,17.5000
04200500,41.380278,-82.104722,2004-05-19 07:30:00,2004-05-19 20:30:00,108.7367,2004-05-19 12:30:00,5.0000
04200500,41.380278,-82.104722,2004-05-21 10:30:00,2004-05-24 03:30:00,376.6141,2004-05-22 16:00:00,29.5000
04200500,41.380278,-82.104722,2004-06-12 19:30:00,2004-06-13 06:30:00,83.5347,2004-06-13 01:00:00,5.5000
04200500,41.380278,-82.104722,2004-06-14 20:00:00,2004-06-16 21:00:00,112.7010,2004-06-15 09:00:00,13.0000
04200500,41.380278,-82.104722,2004-12-31 11:30:00,2005-01-08 12:00:00,278.0714,2005-01-01 23:00:00,35.5000
04200500,41.380278,-82.104722,2005-01-11 22:00:00,2005-01-15 20:00:00,236.1625,2005-01-13 01:00:00,27.0000
04200500,41.380278,-82.104722,2005-04-02 22:30:00,2005-04-05 07:30:00,157.1585,2005-04-04 00:00:00,24.5000
04200500,41.380278,-82.104722,2005-04-24 00:00:00,2005-04-27 11:00:00,159.1407,2005-04-26 10:00:00,58.0000
04200500,41.380278,-82.104722,2005-09-26 21:30:00,2005-09-27 04:00:00,80.7030,2005-09-27 00:30:00,3.0000
04200500,41.380278,-82.104722,2006-01-03 07:00:00,2006-01-04 11:30:00,95.9941,2006-01-03 16:30:00,9.5000
04200500,41.380278,-82.104722,2006-01-18 16:00:00,2006-01-19 15:30:00,94.2951,2006-01-19 03:00:00,11.0000
04200500,41.380278,-82.104722,2006-02-04 23:00:00,2006-02-06 16:30:00,130.2575,2006-02-05 18:00:00,19.0000
04200500,41.380278,-82.104722,2006-03-13 11:30:00,2006-03-14 05:00:00,86.3664,2006-03-13 16:30:00,5.0000
04200500,41.380278,-82.104722,2006-05-16 08:30:00,2006-05-17 14:30:00,102.7902,2006-05-16 22:00:00,13.5000
04200500,41.380278,-82.104722,2006-05-26 15:30:00,2006-05-28 08:30:00,124.3110,2006-05-27 05:30:00,14.0000
04200500,41.380278,-82.104722,2006-06-22 14:00:00,2006-06-25 03:30:00,353.9606,2006-06-23 22:00:00,32.0000
04200500,41.380278,-82.104722,2006-10-28 15:30:00,2006-10-29 19:30:00,107.6040,2006-10-29 04:00:00,13.5000
04200500,41.380278,-82.104722,2006-11-16 22:30:00,2006-11-17 22:00:00,95.4278,2006-11-17 09:30:00,11.0000
04200500,41.380278,-82.104722,2006-12-01 07:30:00,2006-12-03 15:00:00,231.0655,2006-12-02 14:30:00,31.0000
04200500,41.380278,-82.104722,2006-12-26 18:30:00,2006-12-27 15:30:00,93.7288,2006-12-27 03:30:00,9.0000
04200500,41.380278,-82.104722,2007-01-06 01:00:00,2007-01-08 07:30:00,294.4952,2007-01-07 09:00:00,32.0000
04200500,41.380278,-82.104722,2007-01-13 19:30:00,2007-01-17 13:00:00,206.1466,2007-01-16 07:30:00,60.0000
04200500,41.380278,-82.104722,2007-03-02 02:00:00,2007-03-04 13:00:00,274.1071,2007-03-03 10:00:00,32.0000
04200500,41.380278,-82.104722,2007-03-15 03:30:00,2007-03-17 06:00:00,165.0872,2007-03-15 19:30:00,16.0000
04200500,41.380278,-82.104722,2007-08-20 18:30:00,2007-08-23 12:30:00,231.9150,2007-08-22 09:30:00,39.0000
04200500,41.380278,-82.104722,2007-12-12 10:00:00,2007-12-14 23:00:00,127.9921,2007-12-13 13:00:00,27.0000
04200500,41.380278,-82.104722,2008-01-09 05:30:00,2008-01-11 05:00:00,192.5546,2008-01-09 18:00:00,12.5000
04200500,41.380278,-82.104722,2008-02-06 05:00:00,2008-02-08 19:30:00,348.2972,2008-02-07 11:00:00,30.0000
04200500,41.380278,-82.104722,2008-02-18 10:30:00,2008-02-19 21:30:00,126.5763,2008-02-19 06:00:00,19.5000
04200500,41.380278,-82.104722,2008-03-03 23:00:00,2008-03-06 16:00:00,208.4120,2008-03-05 08:30:00,33.5000
04200500,41.380278,-82.104722,2008-03-14 08:30:00,2008-03-16 23:00:00,176.9803,2008-03-15 23:00:00,38.5000
04200500,41.380278,-82.104722,2008-03-19 00:00:00,2008-03-21 16:00:00,174.1486,2008-03-20 02:00:00,26.0000
04200500,41.380278,-82.104722,2008-03-28 07:30:00,2008-03-30 04:30:00,195.3862,2008-03-29 11:00:00,27.5000
04200500,41.380278,-82.104722,2008-05-03 16:00:00,2008-05-05 02:30:00,108.4535,2008-05-04 10:00:00,18.0000
04200500,41.380278,-82.104722,2008-06-27 08:00:00,2008-06-28 23:00:00,187.1744,2008-06-28 09:00:00,25.0000
04200500,41.380278,-82.104722,2008-07-09 19:00:00,2008-07-10 12:30:00,99.6753,2008-07-10 03:00:00,8.0000
04200500,41.380278,-82.104722,2008-09-14 04:00:00,2008-09-14 11:00:00,81.5525,2008-09-14 06:30:00,2.5000
04200500,41.380278,-82.104722,2008-12-10 19:00:00,2008-12-11 09:00:00,82.6852,2008-12-11 01:30:00,6.5000
04200500,41.380278,-82.104722,2008-12-20 04:30:00,2008-12-21 05:00:00,94.5783,2008-12-20 15:00:00,10.5000
04200500,41.380278,-82.104722,2008-12-25 04:30:00,2008-12-26 01:00:00,87.4991,2008-12-25 10:30:00,6.0000
04200500,41.380278,-82.104722,2008-12-28 05:00:00,2008-12-28 19:00:00,82.1189,2008-12-28 12:00:00,7.0000
04200500,41.380278,-82.104722,2009-02-11 05:00:00,2009-02-14 00:30:00,201.8991,2009-02-12 11:30:00,30.5000
04200500,41.380278,-82.104722,2009-03-08 17:00:00,2009-03-12 04:30:00,314.3170,2009-03-09 22:00:00,29.0000
04200500,41.380278,-82.104722,2010-01-25 07:00:00,2010-01-26 12:30:00,98.8258,2010-01-25 21:30:00,14.5000
04200500,41.380278,-82.104722,2010-03-10 18:30:00,2010-03-15 19:00:00,165.9367,2010-03-12 07:00:00,36.5000
04200500,41.380278,-82.104722,2011-02-17 21:30:00,2011-02-19 23:00:00,141.0179,2011-02-18 22:30:00,25.0000
04200500,41.380278,-82.104722,2011-02-28 08:30:00,2011-03-03 01:00:00,359.6240,2011-03-01 21:00:00,36.5000
04200500,41.380278,-82.104722,2011-03-05 15:00:00,2011-03-07 22:00:00,201.0496,2011-03-06 22:30:00,31.5000
04200500,41.380278,-82.104722,2011-03-10 01:30:00,2011-03-13 18:00:00,142.7169,2011-03-11 05:00:00,27.5000
04200500,41.380278,-82.104722,2011-04-05 01:30:00,2011-04-06 17:30:00,137.3367,2011-04-06 01:30:00,24.0000
04200500,41.380278,-82.104722,2011-04-20 04:30:00,2011-04-22 02:00:00,158.2912,2011-04-20 19:30:00,15.0000
04200500,41.380278,-82.104722,2011-04-25 21:00:00,2011-04-27 17:00:00,218.3229,2011-04-26 09:00:00,12.0000
04200500,41.380278,-82.104722,2011-05-03 18:30:00,2011-05-05 07:00:00,116.0991,2011-05-04 11:00:00,16.5000
04200500,41.380278,-82.104722,2011-05-15 09:30:00,2011-05-16 07:30:00,84.9505,2011-05-15 12:30:00,3.0000
04200500,41.380278,-82.104722,2011-05-18 11:30:00,2011-05-20 09:00:00,100.8080,2011-05-19 11:30:00,24.0000
04200500,41.380278,-82.104722,2011-05-26 07:30:00,2011-05-28 15:00:00,237.8615,2011-05-27 18:30:00,35.0000
04200500,41.380278,-82.104722,2011-06-20 16:30:00,2011-06-21 15:30:00,100.5248,2011-06-20 23:30:00,7.0000
04200500,41.380278,-82.104722,2011-10-20 01:00:00,2011-10-22 05:00:00,169.6179,2011-10-20 16:00:00,15.0000
04200500,41.380278,-82.104722,2011-10-28 03:30:00,2011-10-28 11:30:00,79.0040,2011-10-28 08:00:00,4.5000
04200500,41.380278,-82.104722,2011-11-15 13:30:00,2011-11-16 20:30:00,107.3208,2011-11-16 04:00:00,14.5000
04200500,41.380278,-82.104722,2011-11-23 11:00:00,2011-11-24 15:30:00,119.4971,2011-11-23 22:30:00,11.5000
04200500,41.380278,-82.104722,2011-11-28 18:00:00,2011-12-01 09:30:00,163.3882,2011-11-29 22:00:00,28.0000
04200500,41.380278,-82.104722,2011-12-05 23:00:00,2011-12-08 05:00:00,223.4199,2011-12-07 07:30:00,32.5000
04200500,41.380278,-82.104722,2011-12-21 20:30:00,2011-12-23 04:30:00,119.7803,2011-12-22 09:30:00,13.0000
04200500,41.380278,-82.104722,2012-01-17 16:30:00,2012-01-19 00:00:00,134.2219,2012-01-18 03:00:00,10.5000
04200500,41.380278,-82.104722,2012-01-24 05:00:00,2012-01-25 04:30:00,105.6218,2012-01-24 12:30:00,7.5000
04200500,41.380278,-82.104722,2012-01-27 07:00:00,2012-01-29 05:30:00,175.2813,2012-01-28 03:30:00,20.5000
04200500,41.380278,-82.104722,2012-02-24 22:30:00,2012-02-25 01:00:00,77.3050,2012-02-25 00:00:00,1.5000
04200500,41.380278,-82.104722,2012-03-01 03:00:00,2012-03-01 18:00:00,86.0832,2012-03-01 11:30:00,8.5000
04200500,41.380278,-82.104722,2012-03-16 10:00:00,2012-03-17 04:30:00,93.4456,2012-03-16 15:30:00,5.5000
04200500,41.380278,-82.104722,2012-03-18 23:00:00,2012-03-20 11:30:00,142.1506,2012-03-19 11:30:00,12.5000
04200500,41.380278,-82.104722,2012-10-29 10:00:00,2012-11-02 08:30:00,345.4655,2012-10-31 13:30:00,51.5000
04200500,41.380278,-82.104722,2013-01-11 20:00:00,2013-01-13 10:30:00,119.7803,2013-01-12 07:30:00,11.5000
04200500,41.380278,-82.104722,2013-01-31 02:00:00,2013-02-01 04:30:00,92.8793,2013-01-31 15:30:00,13.5000
04200500,41.380278,-82.104722,2013-02-27 10:00:00,2013-03-01 03:00:00,118.3644,2013-02-28 04:30:00,18.5000
04200500,41.380278,-82.104722,2013-04-11 06:30:00,2013-04-13 18:30:00,171.0338,2013-04-11 20:00:00,13.5000
04200500,41.380278,-82.104722,2013-06-26 03:30:00,2013-06-26 08:00:00,92.5961,2013-06-26 04:00:00,0.5000
04200500,41.380278,-82.104722,2013-07-09 21:30:00,2013-07-13 08:00:00,342.6338,2013-07-11 19:30:00,46.0000
04200500,41.380278,-82.104722,2013-08-08 13:00:00,2013-08-08 17:30:00,79.5703,2013-08-08 16:00:00,3.0000
04200500,41.380278,-82.104722,2013-10-07 21:00:00,2013-10-08 10:30:00,87.2159,2013-10-08 03:00:00,6.0000
04200500,41.380278,-82.104722,2013-12-21 16:00:00,2013-12-24 12:00:00,351.1289,2013-12-23 04:30:00,36.5000
04200500,41.380278,-82.104722,2014-02-22 05:00:00,2014-02-24 07:00:00,220.3051,2014-02-22 22:00:00,17.0000
04200500,41.380278,-82.104722,2014-03-15 07:00:00,2014-03-16 05:00:00,97.9763,2014-03-15 17:30:00,10.5000
04200500,41.380278,-82.104722,2014-04-04 02:30:00,2014-04-06 01:00:00,178.9625,2014-04-05 02:30:00,24.0000
04200500,41.380278,-82.104722,2014-04-08 12:30:00,2014-04-09 20:00:00,118.6476,2014-04-09 03:30:00,15.0000
04200500,41.380278,-82.104722,2014-04-15 15:00:00,2014-04-16 18:00:00,111.8515,2014-04-16 04:00:00,13.0000
04200500,41.380278,-82.104722,2014-04-30 13:00:00,2014-05-02 13:30:00,145.2654,2014-05-01 12:00:00,23.0000
04200500,41.380278,-82.104722,2014-05-13 02:00:00,2014-05-14 05:30:00,195.6694,2014-05-13 13:30:00,11.5000
04200500,41.380278,-82.104722,2014-05-15 10:30:00,2014-05-17 06:30:00,163.6714,2014-05-16 01:00:00,14.5000
04200500,41.380278,-82.104722,2014-06-25 00:00:00,2014-06-26 22:00:00,221.4377,2014-06-25 13:30:00,13.5000
04200500,41.380278,-82.104722,2015-01-04 13:00:00,2015-01-06 00:30:00,135.0714,2015-01-05 03:00:00,14.0000
04200500,41.380278,-82.104722,2015-03-11 14:30:00,2015-03-16 20:00:00,246.9229,2015-03-15 16:00:00,97.5000
04200500,41.380278,-82.104722,2015-04-09 23:30:00,2015-04-11 07:00:00,112.7010,2015-04-10 11:00:00,11.5000
04200500,41.380278,-82.104722,2015-05-31 13:00:00,2015-06-02 06:00:00,151.4951,2015-06-01 04:30:00,15.5000
04200500,41.380278,-82.104722,2015-06-19 05:30:00,2015-06-20 06:00:00,104.2060,2015-06-19 09:00:00,3.5000
04200500,41.380278,-82.104722,2015-06-27 14:00:00,2015-06-28 23:00:00,145.2654,2015-06-28 00:30:00,10.5000
04200500,41.380278,-82.104722,2015-12-27 21:00:00,2015-12-29 15:00:00,105.6218,2015-12-28 06:30:00,9.5000
04200500,41.380278,-82.104722,2016-02-24 22:30:00,2016-02-26 16:00:00,146.9644,2016-02-26 00:30:00,26.0000
04200500,41.380278,-82.104722,2016-03-11 09:00:00,2016-03-12 09:30:00,102.7902,2016-03-11 19:30:00,10.5000
04200500,41.380278,-82.104722,2016-03-14 23:30:00,2016-03-16 17:30:00,121.1961,2016-03-15 08:30:00,9.0000
04200500,41.380278,-82.104722,2016-04-07 23:00:00,2016-04-08 21:00:00,86.6496,2016-04-08 09:00:00,10.0000
04200500,41.380278,-82.104722,2016-04-12 09:30:00,2016-04-13 05:30:00,89.7644,2016-04-12 18:30:00,9.0000
04200500,41.380278,-82.104722,2016-05-02 13:30:00,2016-05-03 11:00:00,95.1446,2016-05-02 20:00:00,6.5000
04217000,42.997500,-78.188889,1990-12-30 19:30:00,1991-01-01 09:30:00,135.6377,1990-12-31 13:00:00,17.5000
04217000,42.997500,-78.188889,1991-03-08 00:00:00,1991-03-08 03:00:00,65.6951,1991-03-08 01:30:00,1.5000
04217000,42.997500,-78.188889,1991-04-22 15:30:00,1991-04-24 02:00:00,101.6575,1991-04-23 01:30:00,10.0000
04217000,42.997500,-78.188889,1993-01-01 02:00:00,1993-01-01 15:00:00,70.2258,1993-01-01 08:00:00,6.0000
04217000,42.997500,-78.188889,1993-03-29 02:30:00,1993-04-03 05:00:00,101.3743,1993-03-30 02:00:00,23.5000
04217000,42.997500,-78.188889,1994-03-25 17:35:45,1994-03-26 02:06:18,66.8278,1994-03-25 20:35:57,3.0033
04217000,42.997500,-78.188889,1995-01-21 11:30:00,1995-01-22 05:00:00,78.4377,1995-01-21 17:30:00,6.0000
04217000,42.997500,-78.188889,1996-01-19 12:30:00,1996-01-21 12:00:00,122.0456,1996-01-20 10:30:00,22.0000
04217000,42.997500,-78.188889,1996-10-20 22:15:00,1996-10-21 18:30:00,78.7208,1996-10-21 07:30:00,9.2500
04217000,42.997500,-78.188889,1997-02-28 06:30:00,1997-02-28 23:00:00,84.3842,1997-02-28 13:00:00,6.5000
04217000,42.997500,-78.188889,1998-01-08 07:30:00,1998-01-10 22:30:00,159.9902,1998-01-09 05:30:00,22.0000
04217000,42.997500,-78.188889,1998-03-27 12:30:00,1998-03-28 02:00:00,73.9070,1998-03-27 19:00:00,6.5000
04217000,42.997500,-78.188889,1998-07-09 07:30:00,1998-07-10 20:30:00,144.1327,1998-07-09 18:00:00,10.5000
04217000,42.997500,-78.188889,1999-01-24 13:00:00,1999-01-26 03:00:00,129.9743,1999-01-25 00:00:00,11.0000
04217000,42.997500,-78.188889,2000-02-25 19:30:00,2000-02-26 23:30:00,80.4198,2000-02-26 07:30:00,12.0000
04217000,42.997500,-78.188889,2000-04-09 10:30:00,2000-04-10 01:00:00,77.0218,2000-04-09 16:00:00,5.5000
04217000,42.997500,-78.188889,2001-02-10 16:00:00,2001-02-11 15:00:00,105.6218,2001-02-11 00:30:00,8.5000
04217000,42.997500,-78.188889,2001-04-07 20:00:00,2001-04-10 01:00:00,91.1802,2001-04-09 04:30:00,32.5000
04217000,42.997500,-78.188889,2001-05-24 04:00:00,2001-05-24 08:30:00,65.4119,2001-05-24 05:30:00,1.5000
04217000,42.997500,-78.188889,2002-02-02 06:30:00,2002-02-03 14:30:00,114.4001,2002-02-02 18:00:00,11.5000
04217000,42.997500,-78.188889,2002-04-04 03:30:00,2002-04-04 11:00:00,67.1109,2002-04-04 07:00:00,3.5000
04217000,42.997500,-78.188889,2002-05-14 20:00:00,2002-05-15 11:00:00,69.6594,2002-05-15 02:30:00,6.5000
04217000,42.997500,-78.188889,2003-03-18 06:30:00,2003-03-19 21:30:00,89.7644,2003-03-18 18:30:00,12.0000
04217000,42.997500,-78.188889,2003-03-21 16:00:00,2003-03-22 11:30:00,75.3228,2003-03-22 00:30:00,8.5000
04217000,42.997500,-78.188889,2003-11-29 16:30:00,2003-11-30 03:00:00,69.6594,2003-11-29 20:30:00,4.0000
04217000,42.997500,-78.188889,2004-03-06 08:00:00,2004-03-07 11:00:00,87.7822,2004-03-06 19:30:00,11.5000
04217000,42.997500,-78.188889,2004-09-10 03:00:00,2004-09-11 09:15:00,103.9228,2004-09-10 14:30:00,11.5000
04217000,42.997500,-78.188889,2005-04-03 09:30:00,2005-04-04 12:30:00,89.7644,2005-04-03 20:45:00,11.2500
04217000,42.997500,-78.188889,2006-03-14 20:30:00,2006-03-15 00:45:00,64.5624,2006-03-14 22:15:00,1.7500
04217000,42.997500,-78.188889,2006-12-02 10:45:00,2006-12-03 07:45:00,86.0832,2006-12-02 18:30:00,7.7500
04217000,42.997500,-78.188889,2007-03-14 20:00:00,2007-03-17 01:15:00,141.8674,2007-03-15 22:30:00,26.5000
04217000,42.997500,-78.188889,2007-12-25 00:00:00,2007-12-25 11:30:00,67.6773,2007-12-25 04:30:00,4.5000
04217000,42.997500,-78.188889,2008-02-06 07:15:00,2008-02-07 15:15:00,80.1367,2008-02-06 14:00:00,6.7500
04217000,42.997500,-78.188889,2008-04-01 19:00:00,2008-04-03 00:15:00,78.1545,2008-04-02 13:30:00,18.5000
04217000,42.997500,-78.188889,2008-12-28 02:15:00,2008-12-29 20:30:00,137.9030,2008-12-28 15:45:00,13.5000
04217000,42.997500,-78.188889,2009-02-12 08:00:00,2009-02-14 04:45:00,115.5327,2009-02-13 04:00:00,20.0000
04217000,42.997500,-78.188889,2009-03-08 16:00:00,2009-03-10 15:00:00,112.7010,2009-03-09 01:45:00,9.7500
04217000,42.997500,-78.188889,2010-01-26 05:15:00,2010-01-27 01:30:00,82.1189,2010-01-26 11:00:00,5.7500
04217000,42.997500,-78.188889,2010-03-13 09:45:00,2010-03-15 09:00:00,80.4198,2010-03-13 21:00:00,11.2500
04217000,42.997500,-78.188889,2010-12-02 07:45:00,2010-12-03 01:15:00,80.1367,2010-12-02 15:00:00,7.2500
04217000,42.997500,-78.188889,2011-02-19 16:00:00,2011-02-20 06:45:00,70.2258,2011-02-19 22:00:00,6.0000
04217000,42.997500,-78.188889,2011-03-06 17:15:00,2011-03-07 10:15:00,82.4020,2011-03-07 01:15:00,8.0000
04217000,42.997500,-78.188889,2011-03-11 22:00:00,2011-03-12 06:30:00,66.5446,2011-03-12 01:30:00,3.5000
04217000,42.997500,-78.188889,2011-04-21 06:30:00,2011-04-21 09:30:00,64.2792,2011-04-21 07:45:00,1.2500
04217000,42.997500,-78.188889,2011-04-26 22:15:00,2011-04-27 05:00:00,66.2614,2011-04-27 01:00:00,2.7500
04217000,42.997500,-78.188889,2011-05-16 16:45:00,2011-05-17 08:15:00,75.0396,2011-05-16 23:15:00,6.5000
04217000,42.997500,-78.188889,2012-10-31 08:30:00,2012-10-31 17:00:00,67.9604,2012-10-31 12:00:00,3.5000
04217000,42.997500,-78.188889,2013-04-11 18:30:00,2013-04-13 23:30:00,83.5347,2013-04-13 11:45:00,41.2500
04217000,42.997500,-78.188889,2013-06-07 21:00:00,2013-06-08 10:00:00,71.0753,2013-06-08 02:00:00,5.0000
04217000,42.997500,-78.188889,2013-12-22 05:30:00,2013-12-24 10:45:00,143.0001,2013-12-22 23:00:00,17.5000
04217000,42.997500,-78.188889,2014-04-09 06:15:00,2014-04-09 09:00:00,63.7129,2014-04-09 06:45:00,0.5000
04217000,42.997500,-78.188889,2014-11-25 07:15:00,2014-11-26 05:45:00,88.6317,2014-11-25 15:15:00,8.0000
04217000,42.997500,-78.188889,2015-04-03 23:15:00,2015-04-05 09:15:00,77.3050,2015-04-04 05:45:00,6.5000
04235440,42.932222,-76.565278,2005-04-03 15:00:00,2005-04-07 02:15:00,77.3050,2005-04-04 13:30:00,22.5000
04041500,46.726389,-88.661944,1991-04-08 19:00:00,1991-04-10 15:00:00,80.9862,1991-04-09 22:00:00,27.0000
04041500,46.726389,-88.661944,1991-04-14 01:00:00,1991-04-14 03:00:00,89.7644,1991-04-14 02:00:00,1.0000
04041500,46.726389,-88.661944,1992-04-21 17:00:00,1992-04-24 15:00:00,83.5347,1992-04-21 19:00:00,2.0000
04041500,46.726389,-88.661944,1992-07-05 02:00:00,1992-07-05 13:00:00,77.0218,1992-07-05 05:00:00,3.0000
04041500,46.726389,-88.661944,1996-04-20 09:30:00,1996-04-20 17:15:00,79.8535,1996-04-20 10:00:00,0.5000
04041500,46.726389,-88.661944,1996-04-22 13:00:00,1996-04-27 20:00:00,102.2238,1996-04-25 16:45:00,75.7500
04041500,46.726389,-88.661944,1996-04-29 16:30:00,1996-05-01 11:15:00,84.9505,1996-04-29 17:00:00,0.5000
04041500,46.726389,-88.661944,1996-05-08 18:30:00,1996-05-12 15:00:00,88.3486,1996-05-11 20:30:00,74.0000
04041500,46.726389,-88.661944,1996-05-20 00:15:00,1996-05-22 14:30:00,109.0199,1996-05-20 01:45:00,1.5000
04041500,46.726389,-88.661944,1997-04-05 15:30:00,1997-04-08 17:00:00,113.2674,1997-04-06 16:00:00,23.5000
04041500,46.726389,-88.661944,1998-03-27 18:00:00,1998-03-27 19:00:00,70.2258,1998-03-27 19:00:00,1.0000
04041500,46.726389,-88.661944,1998-03-30 16:30:00,1998-04-01 19:00:00,85.8000,1998-03-30 17:30:00,1.0000
04041500,46.726389,-88.661944,1999-05-26 06:30:00,1999-05-28 10:30:00,103.6397,1999-05-26 21:00:00,14.5000
04041500,46.726389,-88.661944,2001-04-08 05:30:00,2001-04-09 01:30:00,88.9149,2001-04-08 07:00:00,1.5000
04041500,46.726389,-88.661944,2001-04-12 08:30:00,2001-04-17 13:30:00,84.6674,2001-04-13 04:00:00,19.5000
04041500,46.726389,-88.661944,2001-04-22 07:30:00,2001-04-25 18:30:00,82.4020,2001-04-24 13:00:00,53.5000
04041500,46.726389,-88.661944,2002-04-12 16:00:00,2002-04-22 14:15:00,186.0417,2002-04-18 09:15:00,137.2500
04041500,46.726389,-88.661944,2002-10-06 23:30:00,2002-10-08 15:00:00,82.9684,2002-10-07 09:45:00,10.2500
04041500,46.726389,-88.661944,2003-04-15 05:30:00,2003-04-16 13:00:00,75.6060,2003-04-15 12:15:00,6.7500
04041500,46.726389,-88.661944,2003-04-20 15:30:00,2003-04-22 20:45:00,75.3228,2003-04-20 19:30:00,4.0000
04041500,46.726389,-88.661944,2003-05-12 03:30:00,2003-05-15 09:30:00,129.6912,2003-05-13 02:15:00,22.7500
04041500,46.726389,-88.661944,2004-03-29 10:45:00,2004-03-30 12:15:00,77.0218,2004-03-29 20:45:00,10.0000
04041500,46.726389,-88.661944,2004-04-18 19:15:00,2004-04-22 12:00:00,124.0278,2004-04-20 12:15:00,41.0000
04041500,46.726389,-88.661944,2005-04-06 17:00:00,2005-04-09 13:45:00,126.5763,2005-04-06 23:15:00,6.2500
04041500,46.726389,-88.661944,2005-10-05 18:45:00,2005-10-05 22:45:00,73.0575,2005-10-05 21:30:00,2.7500
04041500,46.726389,-88.661944,2006-04-01 16:00:00,2006-04-01 18:45:00,72.2080,2006-04-01 16:45:00,0.7500
04041500,46.726389,-88.661944,2007-03-26 15:45:00,2007-03-27 02:00:00,73.0575,2007-03-26 17:30:00,1.7500
04041500,46.726389,-88.661944,2008-04-21 16:45:00,2008-04-25 10:45:00,114.6832,2008-04-23 13:45:00,45.0000
04041500,46.726389,-88.661944,2009-04-25 05:45:00,2009-04-26 13:30:00,91.7466,2009-04-25 12:45:00,7.0000
04041500,46.726389,-88.661944,2010-09-24 13:00:00,2010-09-25 02:30:00,119.7803,2010-09-24 15:15:00,2.2500
04041500,46.726389,-88.661944,2012-10-19 14:03:00,2012-10-19 14:06:00,80.1367,2012-10-19 14:06:00,0.0500
04041500,46.726389,-88.661944,2013-04-28 09:00:00,2013-05-01 04:45:00,150.6456,2013-05-01 04:15:00,67.2500
04041500,46.726389,-88.661944,2013-05-03 05:00:00,2013-05-04 04:45:00,137.3367,2013-05-03 07:30:00,2.5000
04041500,46.726389,-88.661944,2013-05-07 05:00:00,2013-05-09 21:45:00,84.3842,2013-05-07 08:00:00,3.0000
04041500,46.726389,-88.661944,2014-04-22 05:30:00,2014-04-22 17:30:00,74.7565,2014-04-22 05:45:00,0.2500
04041500,46.726389,-88.661944,2014-05-04 12:45:00,2014-05-04 14:45:00,70.5089,2014-05-04 14:45:00,2.0000
04041500,46.726389,-88.661944,2014-05-09 14:00:00,2014-05-11 14:30:00,74.4733,2014-05-09 20:30:00,6.5000
04041500,46.726389,-88.661944,2015-04-14 05:45:00,2015-04-15 00:15:00,74.7565,2015-04-14 10:45:00,5.0000
04073365,43.851111,-89.133333,2004-03-13 17:45:00,2004-03-16 06:30:00,50.1208,2004-03-14 05:45:00,12.0000
04073365,43.851111,-89.133333,2004-05-23 09:00:00,2004-05-25 04:45:00,58.0495,2004-05-25 03:45:00,42.7500
04073365,43.851111,-89.133333,2011-03-22 23:30:00,2011-05-15 20:00:00,63.4297,2011-03-31 04:45:00,197.2500
04073365,43.851111,-89.133333,2012-05-03 15:00:00,2012-05-26 11:30:00,75.3228,2012-05-11 22:15:00,199.2500
04073365,43.851111,-89.133333,2013-04-09 14:00:00,2013-04-12 04:00:00,57.2000,2013-04-11 23:45:00,57.7500
04073365,43.851111,-89.133333,2013-04-16 05:00:00,2013-05-16 18:45:00,75.6060,2013-04-19 15:45:00,82.7500
04168580,42.269444,-83.289722,2002-08-05 04:00:00,2002-08-05 04:30:00,8.5234,2002-08-05 04:15:00,0.2500
04168580,42.269444,-83.289722,2003-08-12 20:45:00,2003-08-12 22:30:00,10.2224,2003-08-12 21:45:00,1.0000
04168580,42.269444,-83.289722,2004-05-21 05:15:00,2004-05-22 16:30:00,12.6293,2004-05-21 07:15:00,2.0000
04168580,42.269444,-83.289722,2004-08-28 12:15:00,2004-08-28 13:30:00,8.2968,2004-08-28 12:30:00,0.2500
04168580,42.269444,-83.289722,2006-07-27 00:15:00,2006-07-27 23:30:00,8.6650,2006-07-27 22:45:00,22.5000
04168580,42.269444,-83.289722,2008-02-06 07:30:00,2008-02-06 09:30:00,8.4951,2008-02-06 08:30:00,1.0000
04168580,42.269444,-83.289722,2010-06-06 05:30:00,2010-06-06 14:15:00,11.5533,2010-06-06 08:30:00,3.0000
04168580,42.269444,-83.289722,2011-11-29 16:15:00,2011-11-29 20:30:00,8.4101,2011-11-29 18:30:00,2.2500
04168580,42.269444,-83.289722,2014-08-11 20:45:00,2014-08-12 15:15:00,14.6398,2014-08-11 23:45:00,3.0000
04256000,43.747222,-75.334722,1992-04-12 13:30:00,1992-04-13 00:45:00,89.7644,1992-04-12 17:30:00,4.0000
04256000,43.747222,-75.334722,1994-04-16 20:45:00,1994-04-17 14:45:00,90.6139,1994-04-17 04:15:00,7.5000
04256000,43.747222,-75.334722,1996-11-09 16:15:00,1996-11-09 22:30:00,80.4198,1996-11-09 19:15:00,3.0000
04256000,43.747222,-75.334722,1998-01-08 15:15:00,1998-01-10 04:00:00,122.6119,1998-01-09 04:45:00,13.5000
04256000,43.747222,-75.334722,2000-05-11 12:00:00,2000-05-11 19:15:00,81.5525,2000-05-11 15:00:00,3.0000
04256000,43.747222,-75.334722,2010-10-01 15:30:00,2010-10-02 03:30:00,92.0298,2010-10-01 19:30:00,4.0000
04256000,43.747222,-75.334722,2011-04-28 20:00:00,2011-04-29 07:30:00,87.2159,2011-04-29 01:15:00,5.2500
04256000,43.747222,-75.334722,2014-04-15 11:00:00,2014-04-16 10:30:00,92.0298,2014-04-15 16:00:00,5.0000
04057510,45.943056,-86.705556,1990-03-19 05:00:00,1990-03-19 20:00:00,30.0159,1990-03-19 17:00:00,12.0000
04057510,45.943056,-86.705556,1991-04-16 07:00:00,1991-04-16 21:00:00,28.1186,1991-04-16 13:00:00,6.0000
04057510,45.943056,-86.705556,1992-04-21 15:00:00,1992-04-24 11:00:00,33.4139,1992-04-22 11:00:00,20.0000
04057510,45.943056,-86.705556,1996-04-20 15:00:00,1996-05-05 20:00:00,53.8020,1996-04-26 10:00:00,139.0000
04057510,45.943056,-86.705556,1997-04-07 03:00:00,1997-04-08 05:00:00,28.8832,1997-04-07 22:30:00,19.5000
04057510,45.943056,-86.705556,1998-04-01 07:00:00,1998-04-03 11:30:00,32.2812,1998-04-02 07:00:00,24.0000
04057510,45.943056,-86.705556,1999-04-04 11:30:00,1999-04-09 13:00:00,35.6792,1999-04-07 12:00:00,72.5000
04057510,45.943056,-86.705556,2001-04-11 23:30:00,2001-04-17 12:00:00,43.3248,2001-04-13 12:30:00,37.0000
04057510,45.943056,-86.705556,2002-04-14 14:00:00,2002-04-18 08:00:00,34.2634,2002-04-15 23:00:00,33.0000
04057510,45.943056,-86.705556,2002-04-25 11:00:00,2002-04-26 15:00:00,31.7149,2002-04-25 20:00:00,9.0000
04057510,45.943056,-86.705556,2003-04-20 20:00:00,2003-04-23 13:00:00,38.5109,2003-04-21 16:00:00,20.0000
04057510,45.943056,-86.705556,2004-04-18 11:00:00,2004-04-23 00:00:00,34.8297,2004-04-20 08:00:00,45.0000
04057510,45.943056,-86.705556,2005-04-07 20:00:00,2005-04-08 20:00:00,28.2602,2005-04-08 03:00:00,7.0000
04057510,45.943056,-86.705556,2008-04-17 14:00:00,2008-04-23 16:00:00,37.0951,2008-04-19 10:00:00,44.0000
04057510,45.943056,-86.705556,2010-09-24 16:00:00,2010-09-25 07:00:00,29.4495,2010-09-24 22:00:00,6.0000
04057510,45.943056,-86.705556,2013-04-28 23:00:00,2013-04-29 04:00:00,28.8832,2013-04-29 04:00:00,5.0000
04057510,45.943056,-86.705556,2014-04-26 02:00:00,2014-04-27 11:00:00,28.2319,2014-04-27 01:00:00,23.0000
04057510,45.943056,-86.705556,2014-04-29 18:00:00,2014-05-05 11:00:00,35.3961,2014-05-02 15:00:00,69.0000
04057510,45.943056,-86.705556,2015-04-14 07:00:00,2015-04-16 17:15:00,30.2990,2015-04-14 23:45:00,16.7500
04057510,45.943056,-86.705556,2016-03-17 09:00:00,2016-03-19 14:00:00,30.5822,2016-03-17 20:15:00,11.2500
04085427,44.107222,-87.715278,1986-10-01 05:15:00,1986-10-10 05:00:00,70.7921,1986-10-04 18:45:00,85.5000
04085427,44.107222,-87.715278,1989-03-28 06:00:00,1989-04-03 15:00:00,110.1525,1989-03-28 06:45:00,0.7500
04085427,44.107222,-87.715278,1990-06-23 09:30:00,1990-06-25 18:30:00,93.4456,1990-06-24 11:00:00,25.5000
04085427,44.107222,-87.715278,1991-03-22 00:00:00,1991-03-26 04:00:00,55.7842,1991-03-24 22:45:00,70.7500
04085427,44.107222,-87.715278,1993-04-08 12:30:00,1993-05-02 05:45:00,102.5070,1993-04-16 06:00:00,185.5000
04085427,44.107222,-87.715278,1993-06-09 10:15:00,1993-06-11 18:00:00,79.2872,1993-06-09 15:00:00,4.7500
04085427,44.107222,-87.715278,1993-06-18 02:15:00,1993-06-23 03:45:00,89.1981,1993-06-19 15:30:00,37.2500
04085427,44.107222,-87.715278,1993-07-06 07:30:00,1993-07-09 12:30:00,62.5802,1993-07-08 02:15:00,42.7500
04085427,44.107222,-87.715278,1996-06-17 21:45:00,1996-06-20 11:00:00,61.1644,1996-06-18 00:15:00,2.5000
04085427,44.107222,-87.715278,1998-04-01 06:00:00,1998-04-03 08:45:00,62.2971,1998-04-02 04:45:00,22.7500
04085427,44.107222,-87.715278,2001-04-11 19:30:00,2001-04-16 05:00:00,77.0218,2001-04-12 06:00:00,10.5000
04085427,44.107222,-87.715278,2003-05-11 12:00:00,2003-05-11 19:00:00,58.0495,2003-05-11 13:30:00,1.5000
04085427,44.107222,-87.715278,2004-03-11 06:00:00,2004-03-12 05:30:00,53.8020,2004-03-11 09:45:00,3.7500
04085427,44.107222,-87.715278,2004-05-25 06:15:00,2004-05-25 16:00:00,52.1030,2004-05-25 08:30:00,2.2500
04085427,44.107222,-87.715278,2004-05-31 03:45:00,2004-06-05 02:30:00,109.8694,2004-06-01 00:15:00,20.5000
04085427,44.107222,-87.715278,2007-03-14 05:00:00,2007-03-15 22:30:00,97.4100,2007-03-14 06:15:00,1.2500
04085427,44.107222,-87.715278,2007-03-22 02:00:00,2007-03-23 19:30:00,73.0575,2007-03-22 10:30:00,8.5000
04085427,44.107222,-87.715278,2008-04-11 04:00:00,2008-04-16 08:45:00,72.2080,2008-04-13 00:15:00,44.2500
04085427,44.107222,-87.715278,2008-06-13 00:15:00,2008-06-23 20:30:00,172.7328,2008-06-13 10:30:00,10.2500
04085427,44.107222,-87.715278,2009-03-20 05:00:00,2009-03-23 02:15:00,62.0139,2009-03-20 14:45:00,9.7500
04085427,44.107222,-87.715278,2010-03-16 08:00:00,2010-03-17 12:30:00,51.5367,2010-03-17 01:15:00,17.2500
04085427,44.107222,-87.715278,2010-07-23 05:45:00,2010-07-23 10:45:00,52.6693,2010-07-23 09:30:00,3.7500
04085427,44.107222,-87.715278,2010-07-24 15:15:00,2010-07-30 06:30:00,63.9961,2010-07-24 20:15:00,5.0000
04085427,44.107222,-87.715278,2011-03-20 05:00:00,2011-03-23 16:45:00,69.0931,2011-03-22 03:45:00,46.7500
04085427,44.107222,-87.715278,2011-03-25 01:45:00,2011-03-26 23:45:00,55.5010,2011-03-25 21:45:00,20.0000
04085427,44.107222,-87.715278,2011-04-03 02:30:00,2011-04-14 05:00:00,79.8535,2011-04-05 06:30:00,52.0000
04085427,44.107222,-87.715278,2011-04-16 08:45:00,2011-04-19 13:30:00,65.1287,2011-04-17 01:45:00,17.0000
04085427,44.107222,-87.715278,2011-04-21 19:15:00,2011-05-02 20:00:00,81.5525,2011-04-26 21:30:00,122.2500
04085427,44.107222,-87.715278,2011-06-23 23:15:00,2011-06-24 15:00:00,61.1644,2011-06-24 03:45:00,4.5000
04085427,44.107222,-87.715278,2012-05-03 08:45:00,2012-05-13 20:30:00,97.9763,2012-05-03 14:30:00,5.7500
04085427,44.107222,-87.715278,2013-04-02 05:00:00,2013-04-26 19:45:00,141.8674,2013-04-10 16:50:00,203.8333
04085427,44.107222,-87.715278,2014-04-13 01:05:00,2014-04-26 09:55:00,111.5684,2014-04-14 12:30:00,35.4167
04085427,44.107222,-87.715278,2014-05-12 12:45:00,2014-05-13 08:35:00,58.3327,2014-05-12 18:35:00,5.8333
04085427,44.107222,-87.715278,2014-06-02 05:50:00,2014-06-06 02:05:00,84.6674,2014-06-02 22:45:00,16.9167
04085427,44.107222,-87.715278,2015-12-14 16:50:00,2015-12-17 13:45:00,60.0317,2015-12-14 23:25:00,6.5833
04085427,44.107222,-87.715278,2016-03-09 06:00:00,2016-03-15 07:55:00,64.8456,2016-03-10 19:15:00,37.2500
04085427,44.107222,-87.715278,2016-03-16 08:00:00,2016-03-22 13:55:00,72.7743,2016-03-18 07:35:00,47.5833
04085427,44.107222,-87.715278,2016-03-27 22:10:00,2016-04-08 07:20:00,72.7743,2016-04-01 02:35:00,100.4167
04087120,43.045556,-87.999722,1988-01-20 03:19:54,1988-01-20 04:44:54,88.0654,1988-01-20 04:09:54,0.8333
04087120,43.045556,-87.999722,1990-05-10 09:30:00,1990-05-10 21:45:00,98.5426,1990-05-10 10:30:00,1.0000
04087120,43.045556,-87.999722,1990-06-28 08:25:00,1990-06-28 10:00:00,90.6139,1990-06-28 09:40:00,1.2500
04087120,43.045556,-87.999722,1993-04-20 00:45:00,1993-04-20 18:25:00,119.4971,1993-04-20 10:25:00,9.6667
04087120,43.045556,-87.999722,1993-06-07 20:00:00,1993-06-07 20:10:00,83.8179,1993-06-07 20:05:00,0.0833
04087120,43.045556,-87.999722,1994-08-03 22:00:00,1994-08-03 23:20:00,118.6476,1994-08-03 22:40:00,0.6667
04087120,43.045556,-87.999722,1995-08-28 15:10:00,1995-08-28 16:05:00,103.3565,1995-08-28 15:35:00,0.4167
04087120,43.045556,-87.999722,1996-06-17 12:25:00,1996-06-18 06:55:00,148.0971,1996-06-17 13:45:00,1.3333
04087120,43.045556,-87.999722,1997-06-21 08:10:00,1997-06-22 13:15:00,382.2774,1997-06-21 14:35:00,6.4167
04087120,43.045556,-87.999722,1997-07-02 08:55:00,1997-07-02 10:55:00,152.0615,1997-07-02 09:55:00,1.0000
04087120,43.045556,-87.999722,1997-07-08 13:00:00,1997-07-08 13:40:00,88.9149,1997-07-08 13:10:00,0.1667
04087120,43.045556,-87.999722,1997-08-24 06:50:00,1997-08-24 09:05:00,105.6218,1997-08-24 08:30:00,1.6667
04087120,43.045556,-87.999722,1998-08-06 21:30:00,1998-08-07 15:20:00,362.4556,1998-08-07 01:25:00,3.9167
04087120,43.045556,-87.999722,1999-04-23 08:30:00,1999-04-23 20:15:00,124.0278,1999-04-23 10:30:00,2.0000
04087120,43.045556,-87.999722,1999-06-13 16:15:00,1999-06-13 21:00:00,135.3545,1999-06-13 17:30:00,1.2500
04087120,43.045556,-87.999722,1999-07-09 07:00:00,1999-07-09 08:15:00,122.6119,1999-07-09 07:45:00,0.7500
04087120,43.045556,-87.999722,1999-07-21 06:15:00,1999-07-21 09:30:00,177.8298,1999-07-21 07:45:00,1.5000
04087120,43.045556,-87.999722,2000-05-12 06:45:00,2000-05-12 07:45:00,106.4713,2000-05-12 07:15:00,0.5000
04087120,43.045556,-87.999722,2000-05-18 05:15:00,2000-05-19 05:45:00,130.8238,2000-05-18 15:45:00,10.5000
04087120,43.045556,-87.999722,2000-07-03 01:00:00,2000-07-03 05:30:00,159.7070,2000-07-03 04:00:00,3.0000
04087120,43.045556,-87.999722,2000-08-05 23:45:00,2000-08-06 01:15:00,113.2674,2000-08-06 00:30:00,0.7500
04087120,43.045556,-87.999722,2000-09-12 02:15:00,2000-09-12 04:45:00,141.5842,2000-09-12 03:30:00,1.2500
04087120,43.045556,-87.999722,2001-06-12 10:30:00,2001-06-12 12:15:00,97.4100,2001-06-12 11:15:00,0.7500
04087120,43.045556,-87.999722,2002-08-13 01:45:00,2002-08-14 02:30:00,112.9842,2002-08-13 04:15:00,2.5000
04087120,43.045556,-87.999722,2004-05-22 11:45:00,2004-05-22 14:15:00,97.4100,2004-05-22 12:45:00,1.0000
04087120,43.045556,-87.999722,2004-07-04 04:45:00,2004-07-04 06:55:00,143.8496,2004-07-04 05:50:00,1.0833
04087120,43.045556,-87.999722,2005-09-26 03:00:00,2005-09-26 04:30:00,90.6139,2005-09-26 04:00:00,1.0000
04087120,43.045556,-87.999722,2006-03-13 07:15:00,2006-03-13 08:00:00,89.4812,2006-03-13 07:45:00,0.5000
04087120,43.045556,-87.999722,2006-04-07 08:30:00,2006-04-07 10:30:00,101.6575,2006-04-07 09:15:00,0.7500
04087120,43.045556,-87.999722,2006-07-10 01:00:00,2006-07-10 03:30:00,151.7783,2006-07-10 02:15:00,1.2500
04087120,43.045556,-87.999722,2006-09-12 21:30:00,2006-09-13 00:00:00,129.4080,2006-09-12 22:30:00,1.0000
04087120,43.045556,-87.999722,2007-04-03 11:45:00,2007-04-03 15:00:00,104.4892,2007-04-03 13:30:00,1.7500
04087120,43.045556,-87.999722,2007-08-20 10:30:00,2007-08-20 10:45:00,84.3842,2007-08-20 10:45:00,0.2500
04087120,43.045556,-87.999722,2008-06-07 22:50:00,2008-06-09 18:55:00,351.1289,2008-06-08 01:25:00,2.5833
04087120,43.045556,-87.999722,2008-06-13 07:25:00,2008-06-13 20:25:00,96.8436,2008-06-13 16:05:00,8.6667
04087120,43.045556,-87.999722,2009-04-26 20:40:00,2009-04-27 01:25:00,126.2931,2009-04-26 22:55:00,2.2500
04087120,43.045556,-87.999722,2009-06-19 05:35:00,2009-06-20 03:40:00,334.1388,2009-06-19 07:35:00,2.0000
04087120,43.045556,-87.999722,2010-06-15 21:35:00,2010-06-15 23:45:00,139.6021,2010-06-15 22:30:00,0.9167
04087120,43.045556,-87.999722,2010-06-22 04:05:00,2010-06-22 04:40:00,94.5783,2010-06-22 04:25:00,0.3333
04087120,43.045556,-87.999722,2010-06-23 10:20:00,2010-06-23 12:40:00,116.6654,2010-06-23 11:10:00,0.8333
04087120,43.045556,-87.999722,2010-07-07 21:10:00,2010-07-07 22:10:00,101.9406,2010-07-07 21:40:00,0.5000
04087120,43.045556,-87.999722,2010-07-15 06:15:00,2010-07-15 23:30:00,273.8239,2010-07-15 08:05:00,1.8333
04087120,43.045556,-87.999722,2010-07-22 23:30:00,2010-07-23 20:55:00,302.9903,2010-07-23 03:30:00,4.0000
04087120,43.045556,-87.999722,2013-06-16 05:45:00,2013-06-16 06:30:00,93.1624,2013-06-16 06:10:00,0.4167
04087120,43.045556,-87.999722,2014-05-13 01:40:00,2014-05-13 02:40:00,92.5961,2014-05-13 02:15:00,0.5833
04087120,43.045556,-87.999722,2014-06-18 06:55:00,2014-06-18 08:40:00,106.4713,2014-06-18 07:35:00,0.6667
04087120,43.045556,-87.999722,2015-04-09 14:30:00,2015-04-10 06:55:00,124.3110,2015-04-10 02:20:00,11.8333
04121970,43.434722,-85.665278,1997-01-06 02:00:00,1997-01-06 12:00:00,153.1941,1997-01-06 03:45:00,1.7500
04121970,43.434722,-85.665278,1998-04-01 18:00:00,1998-04-02 04:45:00,173.2991,1998-04-01 21:30:00,3.5000
04121970,43.434722,-85.665278,1998-04-03 05:00:00,1998-04-04 04:45:00,201.8991,1998-04-03 08:00:00,3.0000
04121970,43.434722,-85.665278,2000-05-19 09:45:00,2000-05-21 11:45:00,172.1664,2000-05-19 10:30:00,0.7500
04121970,43.434722,-85.665278,2001-05-17 17:30:00,2001-05-20 10:15:00,180.9446,2001-05-18 10:15:00,16.7500
04121970,43.434722,-85.665278,2001-05-28 06:00:00,2001-05-29 17:00:00,164.8040,2001-05-28 20:15:00,14.2500
04121970,43.434722,-85.665278,2002-03-10 13:30:00,2002-03-16 13:45:00,187.4575,2002-03-10 15:00:00,1.5000
04121970,43.434722,-85.665278,2004-03-05 15:15:00,2004-03-15 16:00:00,191.9882,2004-03-06 18:00:00,26.7500
04121970,43.434722,-85.665278,2004-12-08 18:30:00,2004-12-09 12:45:00,154.3268,2004-12-08 21:15:00,2.7500
04121970,43.434722,-85.665278,2005-01-13 19:00:00,2005-01-14 15:45:00,182.0773,2005-01-13 21:45:00,2.7500
04121970,43.434722,-85.665278,2005-03-31 06:30:00,2005-04-08 11:45:00,200.4833,2005-04-04 06:00:00,94.5000
04121970,43.434722,-85.665278,2006-03-13 09:45:00,2006-03-20 18:30:00,216.0575,2006-03-15 00:45:00,39.0000
04121970,43.434722,-85.665278,2006-04-05 14:45:00,2006-04-10 12:15:00,173.0159,2006-04-07 21:30:00,54.7500
04121970,43.434722,-85.665278,2006-05-12 15:00:00,2006-05-14 11:45:00,165.6536,2006-05-12 15:45:00,0.7500
04121970,43.434722,-85.665278,2007-03-14 14:45:00,2007-03-16 18:45:00,160.8397,2007-03-15 17:15:00,26.5000
04121970,43.434722,-85.665278,2007-03-23 11:45:00,2007-04-01 14:30:00,170.4674,2007-03-24 15:00:00,27.2500
04121970,43.434722,-85.665278,2007-04-03 17:15:00,2007-04-06 12:45:00,152.6278,2007-04-05 06:15:00,37.0000
04121970,43.434722,-85.665278,2008-04-02 20:00:00,2008-04-04 13:00:00,167.0694,2008-04-02 21:30:00,1.5000
04121970,43.434722,-85.665278,2008-04-11 12:30:00,2008-04-17 03:45:00,172.7328,2008-04-14 09:30:00,69.0000
04121970,43.434722,-85.665278,2008-06-09 11:30:00,2008-06-10 11:00:00,185.4753,2008-06-09 12:45:00,1.2500
04121970,43.434722,-85.665278,2008-12-29 04:00:00,2008-12-30 13:15:00,190.5724,2008-12-29 05:45:00,1.7500
04121970,43.434722,-85.665278,2009-02-14 14:30:00,2009-02-15 15:15:00,159.9902,2009-02-14 17:00:00,2.5000
04121970,43.434722,-85.665278,2009-03-09 14:30:00,2009-03-15 13:30:00,173.5823,2009-03-09 21:30:00,7.0000
04121970,43.434722,-85.665278,2009-05-01 02:30:00,2009-05-04 12:15:00,176.1308,2009-05-01 22:45:00,20.2500
04121970,43.434722,-85.665278,2009-05-15 11:45:00,2009-05-16 11:45:00,166.5031,2009-05-15 13:00:00,1.2500
04121970,43.434722,-85.665278,2009-10-28 14:00:00,2009-10-28 14:30:00,175.2813,2009-10-28 14:15:00,0.2500
04121970,43.434722,-85.665278,2009-10-31 07:30:00,2009-11-01 14:00:00,178.3961,2009-10-31 15:00:00,7.5000
04121970,43.434722,-85.665278,2011-04-04 19:30:00,2011-04-06 14:15:00,157.1585,2011-04-06 05:15:00,33.7500
04121970,43.434722,-85.665278,2011-04-27 10:45:00,2011-05-03 04:45:00,282.3190,2011-04-29 14:15:00,51.5000
04121970,43.434722,-85.665278,2012-03-13 16:15:00,2012-03-20 10:00:00,170.1842,2012-03-15 12:30:00,44.2500
04121970,43.434722,-85.665278,2012-05-04 14:45:00,2012-05-07 13:15:00,174.1486,2012-05-05 10:30:00,19.7500
04121970,43.434722,-85.665278,2013-01-30 16:00:00,2013-02-02 14:00:00,239.8437,2013-01-30 23:00:00,7.0000
04121970,43.434722,-85.665278,2013-05-23 09:45:00,2013-05-24 20:15:00,178.6793,2013-05-23 13:00:00,3.2500
04121970,43.434722,-85.665278,2013-05-29 17:00:00,2013-05-29 17:45:00,154.8932,2013-05-29 17:30:00,0.5000
04121970,43.434722,-85.665278,2014-04-01 19:30:00,2014-04-04 11:45:00,166.5031,2014-04-01 22:15:00,2.7500
04121970,43.434722,-85.665278,2014-04-13 07:45:00,2014-04-14 04:45:00,240.4100,2014-04-14 04:00:00,20.2500
04121970,43.434722,-85.665278,2014-05-13 19:15:00,2014-05-14 12:45:00,154.8932,2014-05-13 20:15:00,1.0000
04121970,43.434722,-85.665278,2014-11-24 21:30:00,2014-11-25 19:15:00,160.5565,2014-11-25 17:30:00,20.0000
04121970,43.434722,-85.665278,2015-04-10 10:45:00,2015-04-13 01:15:00,188.5902,2015-04-10 15:15:00,4.5000
04121970,43.434722,-85.665278,2015-06-15 12:15:00,2015-06-16 07:15:00,157.1585,2015-06-15 16:45:00,4.5000
04121970,43.434722,-85.665278,2016-03-31 13:30:00,2016-04-02 04:45:00,247.4892,2016-04-01 11:00:00,21.5000
04121970,43.434722,-85.665278,2016-04-05 19:45:00,2016-04-09 12:30:00,171.3169,2016-04-07 11:45:00,40.0000
04121970,43.434722,-85.665278,2016-05-05 17:15:00,2016-05-06 13:15:00,157.4417,2016-05-05 21:15:00,4.0000
04148140,43.033611,-83.581389,1990-03-11 07:00:00,1990-03-13 12:00:00,14.0452,1990-03-12 08:00:00,25.0000
04148140,43.033611,-83.581389,1990-11-06 04:00:00,1990-11-06 18:00:00,13.7337,1990-11-06 10:00:00,6.0000
04148140,43.033611,-83.581389,1990-11-28 13:00:00,1990-11-29 04:00:00,13.7903,1990-11-28 19:00:00,6.0000
04148140,43.033611,-83.581389,1990-12-30 01:00:00,1990-12-30 12:00:00,12.7426,1990-12-30 05:00:00,4.0000
04148140,43.033611,-83.581389,1991-03-28 10:00:00,1991-03-28 17:00:00,12.6576,1991-03-28 13:00:00,3.0000
04148140,43.033611,-83.581389,1992-04-22 06:00:00,1992-04-28 01:00:00,17.2733,1992-04-24 16:00:00,58.0000
04148140,43.033611,-83.581389,1992-11-13 06:00:00,1992-11-13 22:00:00,13.6487,1992-11-13 12:00:00,6.0000
04148140,43.033611,-83.581389,1993-01-04 19:00:00,1993-01-06 13:00:00,15.8291,1993-01-05 14:00:00,19.0000
04148140,43.033611,-83.581389,1993-03-28 05:15:00,1993-03-31 04:45:00,13.0257,1993-03-29 08:15:00,27.0000
04148140,43.033611,-83.581389,1993-04-01 17:00:00,1993-04-03 09:15:00,14.0735,1993-04-02 03:30:00,10.5000
04148140,43.033611,-83.581389,1993-04-20 09:00:00,1993-04-21 16:15:00,17.0751,1993-04-20 17:30:00,8.5000
04148140,43.033611,-83.581389,1994-02-19 20:45:00,1994-02-22 07:30:00,19.8218,1994-02-20 09:00:00,12.2500
04148140,43.033611,-83.581389,1995-03-13 00:00:00,1995-03-15 20:45:00,14.0735,1995-03-14 05:30:00,29.5000
04148140,43.033611,-83.581389,1996-05-21 07:15:00,1996-05-23 07:00:00,24.1260,1996-05-21 16:45:00,9.5000
04148140,43.033611,-83.581389,1996-06-18 07:15:00,1996-06-20 10:30:00,22.2854,1996-06-18 21:30:00,14.2500
04148140,43.033611,-83.581389,1996-12-24 11:30:00,1996-12-24 23:45:00,12.7426,1996-12-24 17:00:00,5.5000
04148140,43.033611,-83.581389,1997-02-21 10:30:00,1997-02-25 09:15:00,22.2854,1997-02-22 02:00:00,15.5000
04148140,43.033611,-83.581389,1997-02-27 11:45:00,1997-03-03 02:45:00,16.2539,1997-02-28 00:15:00,12.5000
04148140,43.033611,-83.581389,1998-02-18 06:00:00,1998-02-19 12:45:00,14.8380,1998-02-18 12:15:00,6.2500
04148140,43.033611,-83.581389,1998-03-09 19:15:00,1998-03-10 19:00:00,15.8574,1998-03-10 03:00:00,7.7500
04148140,43.033611,-83.581389,1998-03-19 09:15:00,1998-03-20 12:45:00,14.6681,1998-03-19 17:30:00,8.2500
04148140,43.033611,-83.581389,2000-05-19 07:15:00,2000-05-20 12:15:00,13.9602,2000-05-19 22:00:00,14.7500
04148140,43.033611,-83.581389,2000-09-23 17:30:00,2000-09-24 03:15:00,12.7426,2000-09-23 21:00:00,3.5000
04148140,43.033611,-83.581389,2001-02-09 14:15:00,2001-02-15 09:00:00,36.2456,2001-02-10 18:00:00,27.7500
04148140,43.033611,-83.581389,2001-02-25 13:45:00,2001-02-26 15:45:00,15.4893,2001-02-25 23:15:00,9.5000
04148140,43.033611,-83.581389,2004-03-05 13:45:00,2004-03-06 14:15:00,14.9513,2004-03-05 22:15:00,8.5000
04148140,43.033611,-83.581389,2004-05-11 04:00:00,2004-05-13 03:15:00,23.6446,2004-05-11 13:15:00,9.2500
04148140,43.033611,-83.581389,2004-05-23 06:00:00,2004-05-28 14:30:00,24.4091,2004-05-24 12:15:00,30.2500
04148140,43.033611,-83.581389,2006-01-30 02:30:00,2006-01-30 06:45:00,12.9691,2006-01-30 06:00:00,3.5000
04148140,43.033611,-83.581389,2006-03-10 00:45:00,2006-03-17 03:45:00,21.4075,2006-03-13 22:45:00,94.0000
04148140,43.033611,-83.581389,2006-12-01 21:15:00,2006-12-02 18:15:00,15.3194,2006-12-02 04:15:00,7.0000
04148140,43.033611,-83.581389,2007-03-22 22:30:00,2007-03-23 08:00:00,12.9691,2007-03-23 02:45:00,4.2500
04148140,43.033611,-83.581389,2008-09-15 02:30:00,2008-09-18 20:45:00,18.4343,2008-09-15 12:30:00,10.0000
04148140,43.033611,-83.581389,2008-12-27 20:45:00,2008-12-30 15:30:00,19.3970,2008-12-28 09:45:00,13.0000
04148140,43.033611,-83.581389,2009-02-12 05:00:00,2009-02-16 10:45:00,25.1737,2009-02-12 18:45:00,13.7500
04148140,43.033611,-83.581389,2009-03-10 22:30:00,2009-03-12 19:45:00,15.6592,2009-03-11 14:30:00,16.0000
04148140,43.033611,-83.581389,2009-04-26 08:00:00,2009-04-27 06:00:00,14.6115,2009-04-26 14:15:00,6.2500
04148140,43.033611,-83.581389,2009-04-28 06:45:00,2009-05-02 09:45:00,17.9246,2009-04-28 21:15:00,14.5000
04148140,43.033611,-83.581389,2009-06-17 21:30:00,2009-06-19 01:00:00,16.6220,2009-06-18 05:45:00,8.2500
04148140,43.033611,-83.581389,2009-06-20 07:45:00,2009-06-21 19:45:00,15.1495,2009-06-20 19:45:00,12.0000
04148140,43.033611,-83.581389,2009-08-09 09:00:00,2009-08-10 07:45:00,17.8962,2009-08-09 17:45:00,8.7500
04148140,43.033611,-83.581389,2010-04-08 14:30:00,2010-04-08 17:30:00,11.9497,2010-04-08 15:15:00,0.7500
04148140,43.033611,-83.581389,2010-05-14 00:00:00,2010-05-14 10:15:00,12.8842,2010-05-14 03:45:00,3.7500
04148140,43.033611,-83.581389,2011-04-20 14:45:00,2011-04-21 06:30:00,14.5265,2011-04-20 21:45:00,7.0000
04148140,43.033611,-83.581389,2011-04-23 09:45:00,2011-04-24 12:30:00,18.5475,2011-04-23 18:00:00,8.2500
04148140,43.033611,-83.581389,2011-04-28 10:00:00,2011-05-02 22:00:00,24.2109,2011-04-28 21:15:00,11.2500
04148140,43.033611,-83.581389,2011-05-15 12:45:00,2011-05-23 03:45:00,30.2990,2011-05-19 21:45:00,105.0000
04148140,43.033611,-83.581389,2011-05-26 04:15:00,2011-05-26 15:30:00,13.1107,2011-05-26 09:15:00,5.0000
04148140,43.033611,-83.581389,2012-05-05 03:00:00,2012-05-09 02:00:00,18.4909,2012-05-07 05:00:00,50.0000
04148140,43.033611,-83.581389,2013-04-10 09:00:00,2013-04-16 23:30:00,23.8428,2013-04-12 20:00:00,59.0000
04148140,43.033611,-83.581389,2013-04-18 11:45:00,2013-04-25 13:45:00,24.6073,2013-04-19 20:00:00,32.2500
04148140,43.033611,-83.581389,2013-06-28 06:45:00,2013-07-02 08:00:00,15.4893,2013-06-28 15:15:00,8.5000
04148140,43.033611,-83.581389,2014-03-24 05:00:00,2014-03-24 13:00:00,12.1479,2014-03-24 07:00:00,2.0000
04148140,43.033611,-83.581389,2014-05-13 05:30:00,2014-05-19 00:00:00,23.4747,2014-05-16 03:30:00,70.0000
04148140,43.033611,-83.581389,2016-02-29 12:15:00,2016-03-01 08:15:00,13.3372,2016-02-29 19:15:00,7.0000
04148140,43.033611,-83.581389,2016-03-28 14:45:00,2016-03-30 09:15:00,17.6980,2016-03-29 01:15:00,10.5000
04148140,43.033611,-83.581389,2016-03-31 15:00:00,2016-04-02 22:30:00,17.3016,2016-04-01 10:45:00,19.7500
04168000,42.300556,-83.300278,1990-02-22 16:00:00,1990-02-25 02:00:00,63.1466,1990-02-23 21:00:00,29.0000
04168000,42.300556,-83.300278,1990-03-10 06:00:00,1990-03-12 02:00:00,21.2376,1990-03-10 20:00:00,14.0000
04168000,42.300556,-83.300278,1990-09-07 05:00:00,1990-09-08 02:00:00,26.1081,1990-09-07 11:00:00,6.0000
04168000,42.300556,-83.300278,1990-10-10 19:00:00,1990-10-11 18:00:00,20.7562,1990-10-10 23:00:00,4.0000
04168000,42.300556,-83.300278,1990-11-06 10:00:00,1990-11-06 23:00:00,18.1228,1990-11-06 16:00:00,6.0000
04168000,42.300556,-83.300278,1990-12-29 19:00:00,1990-12-31 20:00:00,52.3862,1990-12-31 01:00:00,30.0000
04168000,42.300556,-83.300278,1991-04-20 19:00:00,1991-04-21 09:00:00,17.7830,1991-04-21 02:00:00,7.0000
04168000,42.300556,-83.300278,1991-05-26 09:00:00,1991-05-27 04:00:00,26.2497,1991-05-26 13:00:00,4.0000
04168000,42.300556,-83.300278,1991-06-03 04:00:00,1991-06-03 10:00:00,16.8768,1991-06-03 07:00:00,3.0000
04168000,42.300556,-83.300278,1992-03-07 17:00:00,1992-03-07 22:00:00,17.7547,1992-03-07 19:00:00,2.0000
04168000,42.300556,-83.300278,1992-03-11 02:00:00,1992-03-11 12:00:00,17.9246,1992-03-11 07:00:00,5.0000
04168000,42.300556,-83.300278,1992-04-22 02:00:00,1992-04-22 05:00:00,18.8590,1992-04-22 03:00:00,1.0000
04168000,42.300556,-83.300278,1992-04-24 18:00:00,1992-04-26 02:00:00,19.3121,1992-04-25 09:00:00,15.0000
04168000,42.300556,-83.300278,1992-09-16 07:00:00,1992-09-16 09:00:00,16.4804,1992-09-16 08:00:00,1.0000
04168000,42.300556,-83.300278,1992-11-13 00:00:00,1992-11-14 10:00:00,32.2812,1992-11-14 02:00:00,26.0000
04168000,42.300556,-83.300278,1992-12-31 03:00:00,1993-01-01 07:00:00,23.2198,1992-12-31 23:00:00,20.0000
04168000,42.300556,-83.300278,1993-01-04 15:00:00,1993-01-06 15:00:00,53.2357,1993-01-05 19:00:00,28.0000
04168000,42.300556,-83.300278,1993-04-02 00:30:00,1993-04-02 17:00:00,18.7458,1993-04-02 11:00:00,10.5000
04168000,42.300556,-83.300278,1994-01-28 13:15:00,1994-01-28 23:15:00,20.1616,1994-01-28 18:45:00,5.5000
04168000,42.300556,-83.300278,1994-03-21 15:30:00,1994-03-22 17:45:00,21.9172,1994-03-22 11:45:00,20.2500
04168000,42.300556,-83.300278,1995-03-07 23:30:00,1995-03-08 22:45:00,22.2854,1995-03-08 16:00:00,16.5000
04168000,42.300556,-83.300278,1995-04-12 12:45:00,1995-04-13 03:15:00,17.8113,1995-04-12 22:15:00,9.5000
04168000,42.300556,-83.300278,1995-06-28 07:30:00,1995-06-30 04:30:00,31.7149,1995-06-29 21:45:00,38.2500
04168000,42.300556,-83.300278,1996-02-27 15:30:00,1996-02-29 00:00:00,24.9471,1996-02-28 18:30:00,27.0000
04168000,42.300556,-83.300278,1996-04-20 16:45:00,1996-04-21 16:30:00,25.1454,1996-04-21 14:00:00,21.2500
04168000,42.300556,-83.300278,1996-05-10 08:30:00,1996-05-11 18:30:00,41.6258,1996-05-11 04:00:00,19.5000
04168000,42.300556,-83.300278,1997-02-21 04:15:00,1997-02-23 13:45:00,51.5367,1997-02-22 09:00:00,28.7500
04168000,42.300556,-83.300278,1997-02-27 08:15:00,1997-02-28 22:15:00,34.2634,1997-02-28 07:45:00,23.5000
04168000,42.300556,-83.300278,1997-03-14 10:15:00,1997-03-16 02:15:00,45.0238,1997-03-15 10:45:00,24.5000
04168000,42.300556,-83.300278,1997-09-10 09:30:00,1997-09-10 11:00:00,19.4537,1997-09-10 09:45:00,0.2500
04168000,42.300556,-83.300278,1998-01-08 06:00:00,1998-01-09 13:00:00,19.9634,1998-01-08 21:45:00,15.7500
04168000,42.300556,-83.300278,1998-02-17 19:45:00,1998-02-20 03:00:00,70.7921,1998-02-18 21:15:00,25.5000
04168000,42.300556,-83.300278,1998-03-09 12:30:00,1998-03-11 03:00:00,44.4574,1998-03-10 11:00:00,22.5000
04168000,42.300556,-83.300278,1998-03-19 08:45:00,1998-03-20 07:45:00,20.6430,1998-03-20 00:45:00,16.0000
04168000,42.300556,-83.300278,1998-04-09 20:00:00,1998-04-11 04:15:00,28.8832,1998-04-10 18:00:00,22.0000
04168000,42.300556,-83.300278,1998-04-26 16:00:00,1998-04-27 16:30:00,23.4180,1998-04-27 08:15:00,16.2500
04168000,42.300556,-83.300278,1998-08-06 09:45:00,1998-08-07 16:00:00,30.2990,1998-08-07 08:45:00,23.0000
04168000,42.300556,-83.300278,1999-01-22 15:00:00,1999-01-25 16:45:00,29.4495,1999-01-24 22:45:00,55.7500
04168000,42.300556,-83.300278,1999-04-23 10:00:00,1999-04-25 01:00:00,34.5466,1999-04-24 11:30:00,25.5000
04168000,42.300556,-83.300278,1999-06-14 10:15:00,1999-06-14 18:45:00,18.9157,1999-06-14 14:45:00,4.5000
04168000,42.300556,-83.300278,1999-07-24 08:15:00,1999-07-24 18:15:00,19.8501,1999-07-24 14:00:00,5.7500
04168000,42.300556,-83.300278,2000-04-20 17:00:00,2000-04-22 05:45:00,24.2959,2000-04-21 00:00:00,7.0000
04168000,42.300556,-83.300278,2000-05-19 05:00:00,2000-05-20 13:00:00,22.9083,2000-05-20 04:00:00,23.0000
04168000,42.300556,-83.300278,2000-06-25 05:15:00,2000-06-26 21:00:00,33.6970,2000-06-26 10:15:00,29.0000
04168000,42.300556,-83.300278,2000-07-30 19:30:00,2000-07-30 20:45:00,17.9812,2000-07-30 19:45:00,0.2500
04168000,42.300556,-83.300278,2000-08-06 20:45:00,2000-08-07 04:00:00,16.8485,2000-08-07 02:30:00,5.7500
04168000,42.300556,-83.300278,2000-09-10 20:00:00,2000-09-13 14:30:00,42.7584,2000-09-12 05:00:00,33.0000
04168000,42.300556,-83.300278,2000-10-04 10:45:00,2000-10-04 12:45:00,18.4343,2000-10-04 11:15:00,0.5000
04168000,42.300556,-83.300278,2001-02-09 18:30:00,2001-02-11 17:45:00,66.2614,2001-02-10 19:30:00,25.0000
04168000,42.300556,-83.300278,2001-10-16 21:00:00,2001-10-18 08:45:00,31.9980,2001-10-17 22:45:00,25.7500
04168000,42.300556,-83.300278,2001-12-01 07:30:00,2001-12-01 11:00:00,16.6786,2001-12-01 10:00:00,2.5000
04168000,42.300556,-83.300278,2002-02-01 02:00:00,2002-02-03 00:15:00,24.7489,2002-02-01 22:15:00,20.2500
04168000,42.300556,-83.300278,2002-03-03 14:00:00,2002-03-04 08:45:00,21.3509,2002-03-04 02:00:00,12.0000
04168000,42.300556,-83.300278,2002-04-09 05:00:00,2002-04-10 11:00:00,26.0798,2002-04-09 16:00:00,11.0000
04168000,42.300556,-83.300278,2002-04-13 09:00:00,2002-04-14 17:15:00,24.7489,2002-04-14 05:15:00,20.2500
04168000,42.300556,-83.300278,2002-05-12 22:30:00,2002-05-13 13:45:00,18.9157,2002-05-13 07:15:00,8.7500
04168000,42.300556,-83.300278,2003-04-05 13:30:00,2003-04-06 05:45:00,18.3493,2003-04-05 23:00:00,9.5000
04168000,42.300556,-83.300278,2004-03-21 06:30:00,2004-03-21 12:45:00,16.6786,2004-03-21 10:00:00,3.5000
04168000,42.300556,-83.300278,2004-05-10 10:45:00,2004-05-11 08:15:00,18.2927,2004-05-11 04:45:00,18.0000
04168000,42.300556,-83.300278,2004-05-21 05:30:00,2004-05-25 02:00:00,61.4476,2004-05-22 11:30:00,30.0000
04168000,42.300556,-83.300278,2004-07-14 08:00:00,2004-07-14 10:45:00,17.6697,2004-07-14 09:15:00,1.2500
04168000,42.300556,-83.300278,2004-08-28 12:00:00,2004-08-29 01:00:00,30.0159,2004-08-28 12:30:00,0.5000
04168000,42.300556,-83.300278,2004-09-04 20:15:00,2004-09-04 21:00:00,21.3792,2004-09-04 20:30:00,0.2500
04168000,42.300556,-83.300278,2004-12-07 18:30:00,2004-12-08 04:45:00,19.9351,2004-12-07 21:30:00,3.0000
04168000,42.300556,-83.300278,2005-01-13 05:00:00,2005-01-15 09:30:00,32.5644,2005-01-14 13:15:00,32.2500
04168000,42.300556,-83.300278,2005-02-14 18:30:00,2005-02-17 17:30:00,25.6551,2005-02-17 01:15:00,54.7500
04168000,42.300556,-83.300278,2005-03-08 07:15:00,2005-03-08 23:00:00,18.8873,2005-03-08 19:00:00,11.7500
04168000,42.300556,-83.300278,2005-11-16 02:45:00,2005-11-16 09:30:00,22.1155,2005-11-16 05:00:00,2.2500
04168000,42.300556,-83.300278,2006-02-17 07:15:00,2006-02-18 12:45:00,19.8218,2006-02-18 05:15:00,22.0000
04168000,42.300556,-83.300278,2006-03-14 01:30:00,2006-03-14 20:15:00,19.3970,2006-03-14 13:00:00,11.5000
04168000,42.300556,-83.300278,2006-05-11 06:45:00,2006-05-12 18:00:00,20.0483,2006-05-12 09:45:00,27.0000
04168000,42.300556,-83.300278,2006-05-14 21:45:00,2006-05-15 22:30:00,19.6802,2006-05-15 09:45:00,12.0000
04168000,42.300556,-83.300278,2006-09-14 01:45:00,2006-09-14 06:15:00,17.1883,2006-09-14 04:00:00,2.2500
04168000,42.300556,-83.300278,2006-12-01 11:00:00,2006-12-03 04:45:00,26.4763,2006-12-02 17:00:00,30.0000
04168000,42.300556,-83.300278,2007-01-01 14:15:00,2007-01-02 09:30:00,20.0483,2007-01-02 01:30:00,11.2500
04168000,42.300556,-83.300278,2007-01-05 16:45:00,2007-01-07 04:30:00,22.7951,2007-01-06 08:00:00,15.2500
04168000,42.300556,-83.300278,2007-01-15 22:30:00,2007-01-16 14:30:00,18.0661,2007-01-16 07:30:00,9.0000
04168000,42.300556,-83.300278,2007-03-02 02:15:00,2007-03-03 15:30:00,22.1155,2007-03-03 01:45:00,23.5000
04168000,42.300556,-83.300278,2008-01-08 21:00:00,2008-01-10 15:45:00,26.3347,2008-01-10 00:00:00,27.0000
04168000,42.300556,-83.300278,2008-02-06 05:30:00,2008-02-08 00:15:00,32.2812,2008-02-07 10:15:00,28.7500
04168000,42.300556,-83.300278,2008-02-18 08:30:00,2008-02-19 06:30:00,19.5669,2008-02-18 23:00:00,14.5000
04168000,42.300556,-83.300278,2008-04-01 17:15:00,2008-04-02 05:15:00,17.3299,2008-04-01 22:45:00,5.5000
04168000,42.300556,-83.300278,2008-06-26 21:45:00,2008-06-26 22:15:00,19.0006,2008-06-26 22:00:00,0.2500
04168000,42.300556,-83.300278,2008-06-28 17:30:00,2008-06-29 07:30:00,17.8396,2008-06-28 20:00:00,2.5000
04168000,42.300556,-83.300278,2008-07-03 03:00:00,2008-07-04 17:15:00,30.0159,2008-07-04 06:00:00,27.0000
04168000,42.300556,-83.300278,2008-09-13 18:45:00,2008-09-15 19:45:00,20.1050,2008-09-14 05:15:00,10.5000
04168000,42.300556,-83.300278,2008-12-27 17:45:00,2008-12-29 23:15:00,35.9624,2008-12-29 03:45:00,34.0000
04168000,42.300556,-83.300278,2009-02-11 16:00:00,2009-02-13 18:15:00,29.4495,2009-02-13 02:00:00,34.0000
04168000,42.300556,-83.300278,2009-02-28 01:00:00,2009-02-28 10:15:00,16.9052,2009-02-28 05:45:00,4.7500
04168000,42.300556,-83.300278,2009-03-08 04:15:00,2009-03-13 00:15:00,43.3248,2009-03-09 20:30:00,40.2500
04168000,42.300556,-83.300278,2009-04-20 14:30:00,2009-04-22 10:00:00,28.2885,2009-04-21 15:15:00,24.7500
04168000,42.300556,-83.300278,2009-06-11 17:00:00,2009-06-11 23:45:00,26.5329,2009-06-11 19:00:00,2.0000
04168000,42.300556,-83.300278,2009-06-20 04:30:00,2009-06-21 17:45:00,24.4658,2009-06-20 10:30:00,6.0000
04168000,42.300556,-83.300278,2010-05-12 00:45:00,2010-05-13 02:30:00,19.8218,2010-05-12 19:30:00,18.7500
04168000,42.300556,-83.300278,2010-06-06 03:30:00,2010-06-08 11:45:00,71.0753,2010-06-07 06:00:00,26.5000
04168000,42.300556,-83.300278,2010-07-23 23:45:00,2010-07-24 11:00:00,20.0483,2010-07-24 03:15:00,3.5000
04168000,42.300556,-83.300278,2011-02-18 19:45:00,2011-02-19 05:15:00,16.9052,2011-02-18 23:15:00,3.5000
04168000,42.300556,-83.300278,2011-02-28 11:00:00,2011-03-01 01:00:00,16.8768,2011-02-28 11:15:00,0.2500
04168000,42.300556,-83.300278,2011-03-05 10:30:00,2011-03-07 14:15:00,36.2456,2011-03-06 18:15:00,31.7500
04168000,42.300556,-83.300278,2011-03-09 22:00:00,2011-03-11 12:00:00,23.3048,2011-03-10 22:30:00,24.5000
04168000,42.300556,-83.300278,2011-03-21 09:15:00,2011-03-22 13:45:00,20.8695,2011-03-22 02:45:00,17.5000
04168000,42.300556,-83.300278,2011-03-23 14:45:00,2011-03-24 12:15:00,18.2360,2011-03-24 02:30:00,11.7500
04168000,42.300556,-83.300278,2011-04-20 15:45:00,2011-04-20 21:00:00,16.6503,2011-04-20 17:45:00,2.0000
04168000,42.300556,-83.300278,2011-04-23 19:15:00,2011-04-24 12:15:00,19.6802,2011-04-24 05:00:00,9.7500
04168000,42.300556,-83.300278,2011-04-28 08:30:00,2011-04-29 22:45:00,26.2214,2011-04-29 11:00:00,26.5000
04168000,42.300556,-83.300278,2011-05-25 20:00:00,2011-05-28 22:45:00,77.8713,2011-05-26 23:00:00,27.0000
04168000,42.300556,-83.300278,2011-07-28 08:00:00,2011-07-29 18:30:00,18.2360,2011-07-28 10:45:00,2.7500
04168000,42.300556,-83.300278,2011-08-09 07:30:00,2011-08-10 14:30:00,23.5313,2011-08-09 10:30:00,3.0000
04168000,42.300556,-83.300278,2011-11-23 03:45:00,2011-11-24 13:00:00,22.2287,2011-11-23 10:00:00,6.2500
04168000,42.300556,-83.300278,2011-11-29 07:15:00,2011-12-02 03:30:00,49.2713,2011-11-30 16:15:00,33.0000
04168000,42.300556,-83.300278,2012-01-17 14:15:00,2012-01-19 00:45:00,23.8994,2012-01-18 12:15:00,22.0000
04168000,42.300556,-83.300278,2012-07-27 22:45:00,2012-07-28 00:00:00,16.8202,2012-07-27 23:30:00,0.7500
04168000,42.300556,-83.300278,2013-01-30 13:00:00,2013-01-30 19:00:00,17.1600,2013-01-30 15:45:00,2.7500
04168000,42.300556,-83.300278,2013-04-11 13:00:00,2013-04-13 16:00:00,22.9083,2013-04-12 10:15:00,21.2500
04168000,42.300556,-83.300278,2013-04-18 19:15:00,2013-04-20 21:30:00,28.0903,2013-04-20 03:30:00,32.2500
04168000,42.300556,-83.300278,2013-06-13 09:00:00,2013-06-13 12:45:00,17.6697,2013-06-13 10:15:00,1.2500
04168000,42.300556,-83.300278,2013-06-28 13:30:00,2013-06-29 00:15:00,20.5863,2013-06-28 17:15:00,3.7500
04168000,42.300556,-83.300278,2013-07-08 21:00:00,2013-07-09 03:45:00,26.4763,2013-07-08 22:00:00,1.0000
04168000,42.300556,-83.300278,2013-08-30 04:30:00,2013-08-30 09:15:00,17.0184,2013-08-30 06:45:00,2.2500
04168000,42.300556,-83.300278,2013-11-01 04:45:00,2013-11-01 13:00:00,17.5848,2013-11-01 06:15:00,1.5000
04168000,42.300556,-83.300278,2013-12-22 04:45:00,2013-12-23 22:15:00,25.2303,2013-12-23 01:45:00,21.0000
04168000,42.300556,-83.300278,2014-03-12 06:45:00,2014-03-13 00:15:00,18.8873,2014-03-12 15:30:00,8.7500
04168000,42.300556,-83.300278,2014-03-15 19:15:00,2014-03-16 18:45:00,18.5192,2014-03-16 09:45:00,14.5000
04168000,42.300556,-83.300278,2014-03-20 03:45:00,2014-03-21 05:30:00,21.0111,2014-03-20 18:00:00,14.2500
04168000,42.300556,-83.300278,2014-05-14 10:00:00,2014-05-16 17:30:00,21.2943,2014-05-16 08:30:00,46.5000
04168000,42.300556,-83.300278,2014-05-28 07:15:00,2014-05-28 19:00:00,20.5297,2014-05-28 10:00:00,2.7500
04168000,42.300556,-83.300278,2014-06-18 12:15:00,2014-06-20 00:00:00,22.2854,2014-06-19 08:45:00,20.5000
04168000,42.300556,-83.300278,2014-08-11 20:30:00,2014-08-13 05:15:00,45.0238,2014-08-11 23:30:00,3.0000
04168000,42.300556,-83.300278,2014-09-10 20:30:00,2014-09-11 15:15:00,22.6818,2014-09-11 00:15:00,3.7500
04168000,42.300556,-83.300278,2014-11-24 15:15:00,2014-11-25 06:45:00,18.2077,2014-11-24 20:45:00,5.5000
04168000,42.300556,-83.300278,2015-04-10 02:30:00,2015-04-11 02:30:00,19.9917,2015-04-10 04:15:00,1.7500
04168000,42.300556,-83.300278,2015-05-31 00:15:00,2015-06-01 23:00:00,22.7384,2015-05-31 20:45:00,20.5000
04168000,42.300556,-83.300278,2015-06-15 02:15:00,2015-06-17 04:30:00,23.5030,2015-06-15 20:45:00,18.5000
04168000,42.300556,-83.300278,2015-06-23 06:45:00,2015-06-24 16:15:00,24.1826,2015-06-24 07:45:00,25.0000
04168000,42.300556,-83.300278,2016-03-14 02:30:00,2016-03-15 04:00:00,19.9917,2016-03-14 18:30:00,16.0000
04168000,42.300556,-83.300278,2016-03-24 21:00:00,2016-03-26 03:00:00,21.6907,2016-03-25 16:15:00,19.2500
04168000,42.300556,-83.300278,2016-04-01 04:00:00,2016-04-02 05:00:00,19.4820,2016-04-01 19:30:00,15.5000
04177720,41.532222,-84.903611,1989-06-01 20:00:00,1989-06-02 17:00:00,12.5727,1989-06-02 06:00:00,10.0000
04177720,41.532222,-84.903611,1989-06-04 01:00:00,1989-06-04 20:00:00,12.4877,1989-06-04 07:00:00,6.0000
04177720,41.532222,-84.903611,1990-02-22 19:00:00,1990-02-24 21:00:00,18.0945,1990-02-23 10:00:00,15.0000
04177720,41.532222,-84.903611,1990-05-16 14:00:00,1990-05-18 02:00:00,15.0929,1990-05-17 01:00:00,11.0000
04177720,41.532222,-84.903611,1990-10-10 19:00:00,1990-10-11 07:00:00,11.8364,1990-10-10 23:00:00,4.0000
04177720,41.532222,-84.903611,1990-12-29 23:00:00,1991-01-01 05:00:00,19.3404,1990-12-30 20:00:00,21.0000
04177720,41.532222,-84.903611,1992-11-23 09:00:00,1992-11-24 01:00:00,12.4594,1992-11-23 15:00:00,6.0000
04177720,41.532222,-84.903611,1992-12-31 03:00:00,1993-01-02 06:00:00,21.4359,1992-12-31 17:00:00,14.0000
04177720,41.532222,-84.903611,1993-01-04 13:00:00,1993-01-07 00:00:00,20.6430,1993-01-05 09:00:00,20.0000
04177720,41.532222,-84.903611,1996-05-17 07:00:00,1996-05-20 10:00:00,42.7584,1996-05-17 18:00:00,11.0000
04177720,41.532222,-84.903611,1996-08-21 06:00:00,1996-08-21 18:00:00,12.1479,1996-08-21 10:00:00,4.0000
04177720,41.532222,-84.903611,1998-01-08 11:00:00,1998-01-09 17:00:00,13.7903,1998-01-08 22:00:00,11.0000
04177720,41.532222,-84.903611,1998-04-10 01:00:00,1998-04-10 14:00:00,11.8931,1998-04-10 05:00:00,4.0000
04177720,41.532222,-84.903611,1998-08-25 22:00:00,1998-08-26 10:00:00,12.1196,1998-08-26 03:00:00,5.0000
04177720,41.532222,-84.903611,1999-01-23 12:00:00,1999-01-25 09:00:00,16.1123,1999-01-24 08:00:00,20.0000
04177720,41.532222,-84.903611,1999-04-23 15:00:00,1999-04-24 10:00:00,12.5727,1999-04-23 20:00:00,5.0000
04177720,41.532222,-84.903611,2001-02-09 20:00:00,2001-02-11 13:00:00,17.5281,2001-02-10 10:00:00,14.0000
04177720,41.532222,-84.903611,2002-05-12 18:00:00,2002-05-13 23:00:00,15.0079,2002-05-13 03:00:00,9.0000
04177720,41.532222,-84.903611,2003-08-02 06:00:00,2003-08-03 17:00:00,16.4521,2003-08-02 17:00:00,11.0000
04177720,41.532222,-84.903611,2005-01-13 11:30:00,2005-01-15 05:00:00,15.9141,2005-01-14 04:00:00,16.5000
04177720,41.532222,-84.903611,2008-01-08 15:45:00,2008-01-10 13:45:00,16.2539,2008-01-09 09:45:00,18.0000
04177720,41.532222,-84.903611,2008-02-06 03:30:00,2008-02-08 12:30:00,20.1050,2008-02-06 23:00:00,19.5000
04177720,41.532222,-84.903611,2008-12-28 11:30:00,2008-12-28 22:00:00,11.6099,2008-12-28 16:00:00,4.5000
04177720,41.532222,-84.903611,2009-03-08 19:45:00,2009-03-13 15:15:00,24.7206,2009-03-11 20:00:00,72.2500
04177720,41.532222,-84.903611,2009-04-06 23:15:00,2009-04-07 04:00:00,11.2701,2009-04-07 01:30:00,2.2500
04177720,41.532222,-84.903611,2010-05-22 05:00:00,2010-05-23 19:00:00,17.2166,2010-05-22 14:45:00,9.7500
04177720,41.532222,-84.903611,2011-11-29 14:45:00,2011-12-02 07:30:00,22.0305,2011-11-30 07:15:00,16.5000
04177720,41.532222,-84.903611,2013-04-19 07:15:00,2013-04-21 08:00:00,18.8873,2013-04-19 22:45:00,15.5000
04177720,41.532222,-84.903611,2014-04-04 01:15:00,2014-04-05 11:15:00,14.7248,2014-04-04 12:00:00,10.7500
04177720,41.532222,-84.903611,2015-06-27 23:15:00,2015-06-29 05:30:00,14.4133,2015-06-28 08:45:00,9.5000
04189000,41.055833,-83.688056,1990-12-22 06:00:00,1990-12-25 02:00:00,122.0456,1990-12-24 03:30:00,45.5000
04189000,41.055833,-83.688056,1990-12-30 02:00:00,1991-01-02 08:00:00,273.8239,1990-12-31 15:00:00,37.0000
04189000,41.055833,-83.688056,1992-04-18 18:00:00,1992-04-19 20:00:00,94.5783,1992-04-19 05:30:00,11.5000
04189000,41.055833,-83.688056,1992-07-15 11:30:00,1992-07-19 07:00:00,158.8575,1992-07-16 03:00:00,15.5000
04189000,41.055833,-83.688056,1992-09-05 20:30:00,1992-09-08 05:30:00,119.7803,1992-09-06 09:00:00,12.5000
04189000,41.055833,-83.688056,1992-09-10 00:00:00,1992-09-11 02:30:00,100.8080,1992-09-10 13:00:00,13.0000
04189000,41.055833,-83.688056,1992-09-22 01:30:00,1992-09-22 16:30:00,80.7030,1992-09-22 08:30:00,7.0000
04189000,41.055833,-83.688056,1992-11-12 18:00:00,1992-11-15 14:00:00,142.1506,1992-11-13 23:30:00,29.5000
04189000,41.055833,-83.688056,1992-11-23 11:30:00,1992-11-25 03:00:00,97.9763,1992-11-24 02:30:00,15.0000
04189000,41.055833,-83.688056,1993-01-04 16:00:00,1993-01-06 17:00:00,103.6397,1993-01-05 17:00:00,25.0000
04189000,41.055833,-83.688056,1993-03-04 22:00:00,1993-03-06 08:00:00,90.0476,1993-03-05 08:00:00,10.0000
04189000,41.055833,-83.688056,1993-03-08 15:00:00,1993-03-09 11:00:00,78.1545,1993-03-09 02:30:00,11.5000
04189000,41.055833,-83.688056,1993-03-24 00:00:00,1993-03-24 23:30:00,85.8000,1993-03-24 09:30:00,9.5000
04189000,41.055833,-83.688056,1993-04-10 14:00:00,1993-04-11 02:00:00,80.1367,1993-04-10 20:00:00,6.0000
04189000,41.055833,-83.688056,1993-06-09 17:00:00,1993-06-10 10:00:00,88.6317,1993-06-10 02:30:00,9.5000
04189000,41.055833,-83.688056,1994-01-28 15:00:00,1994-01-30 04:30:00,125.1605,1994-01-29 07:00:00,16.0000
04189000,41.055833,-83.688056,1994-04-12 08:00:00,1994-04-14 18:30:00,118.3644,1994-04-13 01:00:00,17.0000
04189000,41.055833,-83.688056,1995-03-08 06:30:00,1995-03-09 21:00:00,96.5604,1995-03-08 22:30:00,16.0000
04189000,41.055833,-83.688056,1995-04-11 00:00:00,1995-04-13 13:30:00,98.5426,1995-04-13 00:00:00,48.0000
04189000,41.055833,-83.688056,1995-04-22 02:30:00,1995-04-22 23:30:00,90.8971,1995-04-22 13:00:00,10.5000
04189000,41.055833,-83.688056,1996-01-18 18:00:00,1996-01-20 04:30:00,150.9288,1996-01-20 04:30:00,34.5000
04189000,41.055833,-83.688056,1996-04-24 05:00:00,1996-04-24 13:00:00,77.5882,1996-04-24 07:30:00,2.5000
04189000,41.055833,-83.688056,1996-04-30 20:00:00,1996-05-01 12:30:00,81.2693,1996-05-01 02:00:00,6.0000
04189000,41.055833,-83.688056,1996-05-11 04:00:00,1996-05-12 13:00:00,89.4812,1996-05-11 20:30:00,16.5000
04189000,41.055833,-83.688056,1996-12-13 02:30:00,1996-12-14 16:00:00,100.5248,1996-12-13 18:30:00,16.0000
04189000,41.055833,-83.688056,1996-12-17 15:00:00,1996-12-19 16:30:00,111.8515,1996-12-18 08:30:00,17.5000
04189000,41.055833,-83.688056,1997-02-05 03:30:00,1997-02-06 16:00:00,103.6397,1997-02-05 16:00:00,12.5000
04189000,41.055833,-83.688056,1997-02-27 08:30:00,1997-03-02 23:30:00,205.2971,1997-02-28 07:00:00,22.5000
04189000,41.055833,-83.688056,1997-03-14 22:30:00,1997-03-15 05:30:00,79.2872,1997-03-15 01:30:00,3.0000
04189000,41.055833,-83.688056,1997-05-25 12:30:00,1997-05-27 21:00:00,213.5090,1997-05-26 11:30:00,23.0000
04189000,41.055833,-83.688056,1997-05-31 23:30:00,1997-06-04 11:00:00,272.6912,1997-06-02 11:30:00,36.0000
04189000,41.055833,-83.688056,1997-07-09 09:00:00,1997-07-11 08:30:00,218.0397,1997-07-10 08:30:00,23.5000
04189000,41.055833,-83.688056,1997-08-17 19:30:00,1997-08-18 00:30:00,78.4377,1997-08-17 22:00:00,2.5000
04189000,41.055833,-83.688056,1998-01-08 03:00:00,1998-01-11 01:30:00,169.6179,1998-01-09 04:30:00,25.5000
04189000,41.055833,-83.688056,1998-02-18 02:30:00,1998-02-20 11:30:00,118.3644,1998-02-19 00:00:00,21.5000
04189000,41.055833,-83.688056,1998-03-21 15:00:00,1998-03-23 02:00:00,88.3486,1998-03-22 04:00:00,13.0000
04189000,41.055833,-83.688056,1998-04-10 01:30:00,1998-04-11 08:30:00,108.4535,1998-04-10 14:30:00,13.0000
04189000,41.055833,-83.688056,1998-05-04 04:00:00,1998-05-04 07:00:00,79.0040,1998-05-04 05:00:00,1.0000
04189000,41.055833,-83.688056,1998-06-12 17:30:00,1998-06-14 05:00:00,99.1090,1998-06-13 03:30:00,10.0000
04189000,41.055833,-83.688056,1998-06-30 08:00:00,1998-06-30 18:30:00,80.4198,1998-06-30 13:00:00,5.0000
04189000,41.055833,-83.688056,1999-01-22 23:00:00,1999-01-25 19:30:00,143.2832,1999-01-24 11:00:00,36.0000
04189000,41.055833,-83.688056,1999-03-18 00:30:00,1999-03-18 18:30:00,94.2951,1999-03-18 07:30:00,7.0000
04189000,41.055833,-83.688056,2000-04-08 09:30:00,2000-04-09 17:30:00,109.0199,2000-04-08 23:30:00,14.0000
04189000,41.055833,-83.688056,2000-06-18 22:00:00,2000-06-20 18:00:00,126.0100,2000-06-19 14:30:00,16.5000
04189000,41.055833,-83.688056,2001-12-18 03:00:00,2001-12-19 14:00:00,95.9941,2001-12-18 16:00:00,13.0000
04189000,41.055833,-83.688056,2002-02-01 02:30:00,2002-02-03 19:00:00,158.2912,2002-02-02 00:00:00,21.5000
04189000,41.055833,-83.688056,2002-03-30 00:30:00,2002-04-01 10:30:00,141.0179,2002-03-31 01:00:00,24.5000
04189000,41.055833,-83.688056,2002-04-13 21:00:00,2002-04-16 00:00:00,100.8080,2002-04-14 07:00:00,10.0000
04189000,41.055833,-83.688056,2002-05-13 16:30:00,2002-05-16 01:00:00,127.9921,2002-05-14 13:30:00,21.0000
04189000,41.055833,-83.688056,2002-12-31 18:00:00,2003-01-02 10:30:00,98.2595,2003-01-01 07:00:00,13.0000
04189000,41.055833,-83.688056,2003-04-05 11:30:00,2003-04-08 23:00:00,108.4535,2003-04-06 00:30:00,13.0000
04189000,41.055833,-83.688056,2003-05-09 14:00:00,2003-05-13 07:00:00,218.3229,2003-05-10 12:00:00,22.0000
04189000,41.055833,-83.688056,2003-07-08 12:30:00,2003-07-12 19:00:00,173.5823,2003-07-10 07:30:00,43.0000
04189000,41.055833,-83.688056,2003-11-28 07:30:00,2003-12-01 00:00:00,133.6555,2003-11-29 13:00:00,29.5000
04189000,41.055833,-83.688056,2003-12-11 03:00:00,2003-12-12 01:00:00,93.7288,2003-12-11 12:00:00,9.0000
04189000,41.055833,-83.688056,2003-12-23 22:30:00,2003-12-25 18:00:00,112.4179,2003-12-24 13:30:00,15.0000
04189000,41.055833,-83.688056,2003-12-30 19:30:00,2003-12-30 22:00:00,77.0218,2003-12-30 20:00:00,0.5000
04189000,41.055833,-83.688056,2004-01-04 21:00:00,2004-01-07 12:30:00,163.9545,2004-01-06 00:00:00,27.0000
04189000,41.055833,-83.688056,2004-03-05 10:30:00,2004-03-06 09:30:00,95.4278,2004-03-05 19:00:00,8.5000
04189000,41.055833,-83.688056,2004-05-21 16:30:00,2004-05-24 12:30:00,191.1387,2004-05-22 19:30:00,27.0000
04189000,41.055833,-83.688056,2004-05-31 13:30:00,2004-06-02 11:30:00,139.8852,2004-06-01 06:00:00,16.5000
04189000,41.055833,-83.688056,2004-06-12 19:30:00,2004-06-17 04:00:00,148.6634,2004-06-15 08:30:00,61.0000
04189000,41.055833,-83.688056,2004-12-31 17:30:00,2005-01-09 01:00:00,179.8120,2005-01-07 05:30:00,156.0000
04189000,41.055833,-83.688056,2005-01-11 23:30:00,2005-01-16 04:30:00,206.4298,2005-01-13 05:00:00,29.5000
04189000,41.055833,-83.688056,2005-02-09 01:00:00,2005-02-10 18:00:00,88.9149,2005-02-09 11:00:00,10.0000
04189000,41.055833,-83.688056,2005-04-03 05:30:00,2005-04-03 22:30:00,90.3307,2005-04-03 13:00:00,7.5000
04189000,41.055833,-83.688056,2005-04-23 18:00:00,2005-04-28 00:30:00,161.6892,2005-04-24 19:00:00,25.0000
04189000,41.055833,-83.688056,2005-12-29 02:00:00,2005-12-29 23:00:00,87.4991,2005-12-29 11:00:00,9.0000
04189000,41.055833,-83.688056,2006-01-02 21:00:00,2006-01-04 23:30:00,148.9466,2006-01-03 16:00:00,19.0000
04189000,41.055833,-83.688056,2006-01-18 12:30:00,2006-01-19 05:00:00,85.8000,2006-01-18 20:30:00,8.0000
04189000,41.055833,-83.688056,2006-06-08 18:30:00,2006-06-08 23:00:00,78.1545,2006-06-08 20:30:00,2.0000
04189000,41.055833,-83.688056,2006-06-22 21:00:00,2006-06-23 20:00:00,102.2238,2006-06-23 00:30:00,3.5000
04189000,41.055833,-83.688056,2006-07-15 08:30:00,2006-07-16 17:30:00,106.1882,2006-07-15 19:00:00,10.5000
04189000,41.055833,-83.688056,2006-10-18 04:30:00,2006-10-18 14:30:00,81.5525,2006-10-18 09:00:00,4.5000
04189000,41.055833,-83.688056,2006-11-17 02:30:00,2006-11-17 13:30:00,82.6852,2006-11-17 08:00:00,5.5000
04189000,41.055833,-83.688056,2006-12-01 09:00:00,2006-12-04 12:00:00,271.8417,2006-12-02 14:00:00,29.0000
04189000,41.055833,-83.688056,2007-01-06 01:00:00,2007-01-09 00:30:00,274.9566,2007-01-07 04:00:00,27.0000
04189000,41.055833,-83.688056,2007-01-13 17:00:00,2007-01-18 01:00:00,204.1645,2007-01-16 08:00:00,63.0000
04189000,41.055833,-83.688056,2007-03-02 00:00:00,2007-03-04 16:00:00,196.5189,2007-03-02 21:00:00,21.0000
04189000,41.055833,-83.688056,2007-03-15 11:00:00,2007-03-17 20:30:00,131.9565,2007-03-16 00:30:00,13.5000
04189000,41.055833,-83.688056,2007-03-24 03:00:00,2007-03-25 16:00:00,92.3129,2007-03-24 14:00:00,11.0000
04189000,41.055833,-83.688056,2007-04-27 03:30:00,2007-04-28 07:30:00,115.2496,2007-04-27 15:00:00,11.5000
04189000,41.055833,-83.688056,2007-08-21 08:31:00,2007-08-25 06:01:00,410.5943,2007-08-22 16:31:00,32.0000
04189000,41.055833,-83.688056,2007-12-12 09:15:00,2007-12-15 04:30:00,116.0991,2007-12-13 03:15:00,18.0000
04189000,41.055833,-83.688056,2007-12-23 17:30:00,2007-12-24 13:30:00,88.0654,2007-12-24 02:00:00,8.5000
04189000,41.055833,-83.688056,2008-01-09 08:30:00,2008-01-11 19:00:00,127.9921,2008-01-10 00:00:00,15.5000
04189000,41.055833,-83.688056,2008-02-05 18:45:00,2008-02-09 14:30:00,297.3269,2008-02-07 08:15:00,37.5000
04189000,41.055833,-83.688056,2008-03-04 01:30:00,2008-03-06 17:00:00,127.7090,2008-03-05 01:30:00,24.0000
04189000,41.055833,-83.688056,2008-03-14 00:45:00,2008-03-16 20:15:00,133.0892,2008-03-15 09:45:00,33.0000
04189000,41.055833,-83.688056,2008-03-19 13:30:00,2008-03-21 23:15:00,146.9644,2008-03-20 09:45:00,20.2500
04189000,41.055833,-83.688056,2008-03-28 09:30:00,2008-03-30 00:45:00,120.3466,2008-03-28 21:00:00,11.5000
04189000,41.055833,-83.688056,2009-02-11 13:00:00,2009-02-14 11:45:00,165.0872,2009-02-12 15:00:00,26.0000
04189000,41.055833,-83.688056,2009-03-08 16:15:00,2009-03-11 23:30:00,252.8694,2009-03-09 16:30:00,24.2500
04189000,41.055833,-83.688056,2009-04-15 08:30:00,2009-04-15 14:30:00,78.7208,2009-04-15 11:30:00,3.0000
04189000,41.055833,-83.688056,2010-03-11 08:45:00,2010-03-11 16:15:00,77.8713,2010-03-11 11:30:00,2.7500
04189000,41.055833,-83.688056,2011-02-18 03:45:00,2011-02-19 15:45:00,95.4278,2011-02-18 16:30:00,12.7500
04189000,41.055833,-83.688056,2011-02-28 10:00:00,2011-03-03 11:30:00,288.8318,2011-03-01 12:00:00,26.0000
04189000,41.055833,-83.688056,2011-03-05 19:45:00,2011-03-08 06:15:00,121.1961,2011-03-06 14:45:00,19.0000
04189000,41.055833,-83.688056,2011-03-10 04:45:00,2011-03-11 04:15:00,90.3307,2011-03-10 13:30:00,8.7500
04189000,41.055833,-83.688056,2011-04-20 15:00:00,2011-04-21 16:15:00,94.0119,2011-04-21 02:15:00,11.2500
04189000,41.055833,-83.688056,2011-04-26 01:00:00,2011-04-28 09:00:00,126.5763,2011-04-26 16:00:00,15.0000
04189000,41.055833,-83.688056,2011-05-15 17:30:00,2011-05-16 04:00:00,80.7030,2011-05-15 22:15:00,4.7500
04189000,41.055833,-83.688056,2011-05-26 04:00:00,2011-05-29 15:15:00,169.0516,2011-05-27 05:45:00,25.7500
04189000,41.055833,-83.688056,2011-09-26 18:15:00,2011-09-29 16:45:00,167.0694,2011-09-27 18:45:00,24.5000
04189000,41.055833,-83.688056,2011-10-20 06:00:00,2011-10-23 04:45:00,144.6991,2011-10-21 04:45:00,22.7500
04189000,41.055833,-83.688056,2011-11-15 13:00:00,2011-11-16 09:00:00,93.7288,2011-11-15 21:15:00,8.2500
04189000,41.055833,-83.688056,2011-11-23 08:45:00,2011-11-24 09:15:00,97.1268,2011-11-23 18:30:00,9.7500
04189000,41.055833,-83.688056,2011-11-29 08:15:00,2011-12-02 14:15:00,183.4932,2011-11-30 22:15:00,38.0000
04189000,41.055833,-83.688056,2011-12-05 20:45:00,2011-12-08 11:00:00,141.3011,2011-12-06 21:45:00,25.0000
04189000,41.055833,-83.688056,2011-12-21 17:30:00,2011-12-22 16:30:00,91.4634,2011-12-22 02:00:00,8.5000
04189000,41.055833,-83.688056,2012-01-18 00:00:00,2012-01-18 05:00:00,78.1545,2012-01-18 02:30:00,2.5000
04189000,41.055833,-83.688056,2012-01-27 11:00:00,2012-01-29 09:30:00,99.6753,2012-01-28 02:15:00,15.2500
04189000,41.055833,-83.688056,2013-01-13 11:45:00,2013-01-15 23:15:00,122.3288,2013-01-14 13:00:00,25.2500
04189000,41.055833,-83.688056,2013-04-11 08:30:00,2013-04-14 16:00:00,208.1288,2013-04-12 12:15:00,27.7500
04189000,41.055833,-83.688056,2013-07-09 06:15:00,2013-07-13 05:30:00,158.0080,2013-07-11 01:45:00,43.5000
04189000,41.055833,-83.688056,2013-12-22 05:00:00,2013-12-25 05:00:00,257.9665,2013-12-23 08:30:00,27.5000
04189000,41.055833,-83.688056,2014-02-21 22:45:00,2014-02-24 20:00:00,151.7783,2014-02-23 10:00:00,35.2500
04189000,41.055833,-83.688056,2014-04-04 03:00:00,2014-04-06 00:30:00,107.0377,2014-04-04 16:45:00,13.7500
04189000,41.055833,-83.688056,2014-04-08 19:15:00,2014-04-09 02:00:00,79.0040,2014-04-08 22:30:00,3.2500
04189000,41.055833,-83.688056,2015-03-12 02:45:00,2015-03-13 15:15:00,83.8179,2015-03-12 06:00:00,3.2500
04189000,41.055833,-83.688056,2015-03-14 15:45:00,2015-03-16 18:15:00,106.4713,2015-03-15 09:00:00,17.2500
04189000,41.055833,-83.688056,2015-04-10 01:00:00,2015-04-10 20:30:00,87.4991,2015-04-10 08:45:00,7.7500
04189000,41.055833,-83.688056,2015-06-15 03:00:00,2015-06-19 15:30:00,174.9981,2015-06-17 10:00:00,55.0000
04189000,41.055833,-83.688056,2015-06-27 18:00:00,2015-06-30 07:30:00,142.1506,2015-06-28 12:00:00,18.0000
04189000,41.055833,-83.688056,2015-07-09 18:45:00,2015-07-10 15:30:00,92.5961,2015-07-10 04:00:00,9.2500
04189000,41.055833,-83.688056,2015-12-28 03:30:00,2015-12-31 10:30:00,141.8674,2015-12-29 21:00:00,41.5000
04196000,40.803611,-83.005833,1996-01-18 04:00:00,1996-01-19 09:00:00,128.8417,1996-01-18 13:00:00,9.0000
04196000,40.803611,-83.005833,1996-04-24 05:00:00,1996-04-24 16:30:00,71.9248,1996-04-24 10:00:00,5.0000
04196000,40.803611,-83.005833,1996-12-12 12:00:00,1996-12-12 23:00:00,71.3585,1996-12-12 17:30:00,5.5000
04196000,40.803611,-83.005833,1996-12-18 05:00:00,1996-12-18 07:00:00,60.3149,1996-12-18 05:30:00,0.5000
04196000,40.803611,-83.005833,1997-06-01 11:30:00,1997-06-02 16:00:00,91.7466,1997-06-01 22:00:00,10.5000
04196000,40.803611,-83.005833,1998-01-08 08:30:00,1998-01-09 10:00:00,90.8971,1998-01-08 20:00:00,11.5000
04196000,40.803611,-83.005833,1999-01-23 04:30:00,1999-01-23 07:00:00,60.3149,1999-01-23 05:30:00,1.0000
04196000,40.803611,-83.005833,2000-04-08 21:30:00,2000-04-09 11:00:00,80.1367,2000-04-09 04:00:00,6.5000
04196000,40.803611,-83.005833,2003-05-10 06:00:00,2003-05-10 12:00:00,62.2971,2003-05-10 07:30:00,1.5000
04196000,40.803611,-83.005833,2003-07-09 17:00:00,2003-07-10 00:30:00,64.8456,2003-07-09 19:30:00,2.5000
04196000,40.803611,-83.005833,2004-01-05 17:00:00,2004-01-05 21:00:00,62.0139,2004-01-05 19:00:00,2.0000
04196000,40.803611,-83.005833,2004-06-14 14:00:00,2004-06-15 12:30:00,119.7803,2004-06-14 22:00:00,8.0000
04196000,40.803611,-83.005833,2005-01-01 01:00:00,2005-01-01 15:00:00,90.3307,2005-01-01 05:30:00,4.5000
04196000,40.803611,-83.005833,2005-01-13 00:00:00,2005-01-13 10:00:00,68.5268,2005-01-13 04:00:00,4.0000
04196000,40.803611,-83.005833,2006-12-01 22:30:00,2006-12-02 14:00:00,77.5882,2006-12-02 04:00:00,5.5000
04196000,40.803611,-83.005833,2007-01-06 10:30:00,2007-01-07 04:30:00,91.7466,2007-01-06 19:00:00,8.5000
04196000,40.803611,-83.005833,2007-01-16 01:00:00,2007-01-16 10:30:00,65.1287,2007-01-16 04:00:00,3.0000
04196000,40.803611,-83.005833,2007-03-02 16:00:00,2007-03-03 02:00:00,69.0931,2007-03-02 19:30:00,3.5000
04196000,40.803611,-83.005833,2007-08-21 09:30:00,2007-08-22 21:00:00,447.4062,2007-08-22 02:00:00,16.5000
04196000,40.803611,-83.005833,2008-01-09 14:30:00,2008-01-10 05:30:00,84.3842,2008-01-09 20:00:00,5.5000
04196000,40.803611,-83.005833,2008-02-06 06:00:00,2008-02-07 16:30:00,100.5248,2008-02-07 01:30:00,19.5000
04196000,40.803611,-83.005833,2008-06-14 11:30:00,2008-06-15 02:30:00,98.8258,2008-06-14 16:00:00,4.5000
04196000,40.803611,-83.005833,2009-02-12 09:30:00,2009-02-12 19:00:00,62.0139,2009-02-12 14:30:00,5.0000
04196000,40.803611,-83.005833,2011-02-28 12:30:00,2011-03-01 19:00:00,225.6853,2011-03-01 00:00:00,11.5000
04196000,40.803611,-83.005833,2011-03-05 23:00:00,2011-03-06 17:00:00,82.1189,2011-03-06 06:30:00,7.5000
04196000,40.803611,-83.005833,2011-05-26 23:30:00,2011-05-27 13:00:00,76.4555,2011-05-27 06:00:00,6.5000
04196000,40.803611,-83.005833,2011-07-24 13:30:00,2011-07-25 04:00:00,84.3842,2011-07-24 20:30:00,7.0000
04196000,40.803611,-83.005833,2011-12-06 09:30:00,2011-12-07 04:30:00,88.3486,2011-12-06 18:30:00,9.0000
04196000,40.803611,-83.005833,2013-04-12 16:30:00,2013-04-13 05:30:00,72.4911,2013-04-12 22:30:00,6.0000
04196000,40.803611,-83.005833,2013-06-13 23:30:00,2013-06-14 11:00:00,74.4733,2013-06-14 04:30:00,5.0000
04196000,40.803611,-83.005833,2013-07-09 13:00:00,2013-07-11 23:30:00,238.4278,2013-07-10 08:00:00,19.0000
04196000,40.803611,-83.005833,2013-12-22 03:30:00,2013-12-23 12:00:00,127.4258,2013-12-22 17:00:00,13.5000
04196000,40.803611,-83.005833,2015-03-14 22:30:00,2015-03-15 10:30:00,66.5446,2015-03-15 04:00:00,5.5000
04196000,40.803611,-83.005833,2015-06-01 04:00:00,2015-06-01 06:00:00,60.3149,2015-06-01 05:00:00,1.0000
04196000,40.803611,-83.005833,2015-06-16 18:30:00,2015-06-17 11:30:00,89.4812,2015-06-17 02:00:00,7.5000
04209000,41.630833,-81.403611,1990-12-18 22:00:00,1990-12-19 00:30:00,148.3803,1990-12-18 23:30:00,1.5000
04209000,41.630833,-81.403611,1990-12-23 10:30:00,1990-12-23 19:00:00,233.0476,1990-12-23 13:00:00,2.5000
04209000,41.630833,-81.403611,1990-12-30 05:30:00,1990-12-31 10:30:00,328.4754,1990-12-30 12:00:00,6.5000
04209000,41.630833,-81.403611,1991-02-20 03:30:00,1991-02-20 07:00:00,153.1941,1991-02-20 04:30:00,1.0000
04209000,41.630833,-81.403611,1991-03-06 22:00:00,1991-03-07 10:00:00,245.2239,1991-03-07 02:30:00,4.5000
04209000,41.630833,-81.403611,1992-08-28 08:00:00,1992-08-28 21:30:00,154.6100,1992-08-28 08:30:00,0.5000
04209000,41.630833,-81.403611,1992-11-12 22:00:00,1992-11-13 10:00:00,204.1645,1992-11-13 05:00:00,7.0000
04209000,41.630833,-81.403611,1992-12-31 01:30:00,1992-12-31 21:30:00,268.4437,1992-12-31 10:00:00,8.5000
04209000,41.630833,-81.403611,1993-01-05 05:30:00,1993-01-05 17:00:00,226.5348,1993-01-05 08:30:00,3.0000
04209000,41.630833,-81.403611,1993-01-13 18:00:00,1993-01-13 20:00:00,155.1763,1993-01-13 19:00:00,1.0000
04209000,41.630833,-81.403611,1993-11-17 19:30:00,1993-11-17 23:30:00,171.6001,1993-11-17 21:00:00,1.5000
04209000,41.630833,-81.403611,1994-01-28 15:30:00,1994-01-29 09:00:00,233.3308,1994-01-28 18:30:00,3.0000
04209000,41.630833,-81.403611,1994-02-20 22:00:00,1994-02-21 00:30:00,147.8139,1994-02-20 23:00:00,1.0000
04209000,41.630833,-81.403611,1994-08-13 15:30:00,1994-08-14 03:30:00,430.4161,1994-08-14 02:00:00,10.5000
04209000,41.630833,-81.403611,1996-03-20 05:30:00,1996-03-20 09:30:00,168.2021,1996-03-20 06:30:00,1.0000
04209000,41.630833,-81.403611,1996-04-23 15:00:00,1996-04-24 07:30:00,249.4714,1996-04-23 21:00:00,6.0000
04209000,41.630833,-81.403611,1996-11-26 08:00:00,1996-11-26 12:00:00,155.7427,1996-11-26 10:30:00,2.5000
04209000,41.630833,-81.403611,1997-02-27 10:30:00,1997-02-27 23:30:00,421.9210,1997-02-27 13:00:00,2.5000
04209000,41.630833,-81.403611,1997-06-01 10:30:00,1997-06-03 00:00:00,286.0002,1997-06-01 21:00:00,10.5000
04209000,41.630833,-81.403611,1998-01-08 03:00:00,1998-01-08 19:30:00,197.3684,1998-01-08 15:00:00,12.0000
04209000,41.630833,-81.403611,1998-04-17 07:30:00,1998-04-17 15:00:00,174.1486,1998-04-17 10:30:00,3.0000
04209000,41.630833,-81.403611,2003-09-27 11:30:00,2003-09-27 15:00:00,160.2734,2003-09-27 12:30:00,1.0000
04209000,41.630833,-81.403611,2003-11-29 00:00:00,2003-11-29 09:30:00,203.0318,2003-11-29 05:30:00,5.5000
04209000,41.630833,-81.403611,2005-01-06 21:00:00,2005-01-07 02:30:00,160.2734,2005-01-06 23:00:00,2.0000
04209000,41.630833,-81.403611,2005-01-12 13:00:00,2005-01-14 12:30:00,379.4457,2005-01-12 20:30:00,7.5000
04209000,41.630833,-81.403611,2005-02-08 02:30:00,2005-02-08 18:00:00,214.6417,2005-02-08 04:00:00,1.5000
04209000,41.630833,-81.403611,2005-04-25 23:30:00,2005-04-27 12:30:00,219.4556,2005-04-27 03:30:00,28.0000
04209000,41.630833,-81.403611,2005-08-31 07:00:00,2005-08-31 11:30:00,220.8714,2005-08-31 08:30:00,1.5000
04209000,41.630833,-81.403611,2006-01-18 10:30:00,2006-01-18 13:30:00,162.2555,2006-01-18 12:00:00,1.5000
04209000,41.630833,-81.403611,2006-02-05 00:30:00,2006-02-05 03:30:00,166.2199,2006-02-05 01:30:00,1.0000
04209000,41.630833,-81.403611,2006-06-23 02:00:00,2006-06-23 10:00:00,231.3486,2006-06-23 07:00:00,5.0000
04209000,41.630833,-81.403611,2006-07-04 11:30:00,2006-07-04 15:00:00,189.7229,2006-07-04 12:30:00,1.0000
04209000,41.630833,-81.403611,2006-07-12 09:30:00,2006-07-12 15:30:00,197.3684,2006-07-12 12:30:00,3.0000
04209000,41.630833,-81.403611,2006-07-27 21:30:00,2006-07-28 18:30:00,540.8518,2006-07-28 07:30:00,10.0000
04209000,41.630833,-81.403611,2006-10-17 14:30:00,2006-10-18 02:00:00,278.6378,2006-10-17 16:30:00,2.0000
04209000,41.630833,-81.403611,2006-10-28 03:00:00,2006-10-29 01:30:00,240.6932,2006-10-28 06:00:00,3.0000
04209000,41.630833,-81.403611,2006-12-01 06:00:00,2006-12-02 03:30:00,351.1289,2006-12-01 10:30:00,4.5000
04209000,41.630833,-81.403611,2007-01-06 01:00:00,2007-01-06 21:30:00,433.2478,2007-01-06 04:30:00,3.5000
04209000,41.630833,-81.403611,2007-01-13 14:30:00,2007-01-13 15:30:00,146.6813,2007-01-13 15:30:00,1.0000
04209000,41.630833,-81.403611,2007-01-15 12:30:00,2007-01-16 02:30:00,255.4180,2007-01-15 17:30:00,5.0000
04209000,41.630833,-81.403611,2007-03-02 06:30:00,2007-03-02 19:30:00,265.8952,2007-03-02 10:00:00,3.5000
04209000,41.630833,-81.403611,2007-03-15 04:00:00,2007-03-15 20:30:00,376.6141,2007-03-15 08:30:00,4.5000
04209000,41.630833,-81.403611,2007-08-09 23:00:00,2007-08-10 01:30:00,212.3763,2007-08-10 00:00:00,1.0000
04209000,41.630833,-81.403611,2007-08-20 19:30:00,2007-08-20 22:30:00,182.3605,2007-08-20 21:00:00,1.5000
04209000,41.630833,-81.403611,2007-11-22 14:30:00,2007-11-22 17:00:00,157.4417,2007-11-22 15:00:00,0.5000
04209000,41.630833,-81.403611,2007-12-12 07:30:00,2007-12-12 16:30:00,198.5011,2007-12-12 11:30:00,4.0000
04209000,41.630833,-81.403611,2007-12-23 20:30:00,2007-12-23 21:30:00,152.3446,2007-12-23 21:00:00,0.5000
04209000,41.630833,-81.403611,2008-01-09 03:30:00,2008-01-09 15:00:00,255.1348,2008-01-09 06:30:00,3.0000
04209000,41.630833,-81.403611,2008-02-05 14:30:00,2008-02-07 07:30:00,492.7131,2008-02-06 12:00:00,21.5000
04209000,41.630833,-81.403611,2008-02-18 05:30:00,2008-02-18 16:30:00,250.6041,2008-02-18 09:00:00,3.5000
04209000,41.630833,-81.403611,2008-03-04 04:00:00,2008-03-04 16:30:00,233.3308,2008-03-04 08:00:00,4.0000
04209000,41.630833,-81.403611,2008-03-19 07:30:00,2008-03-20 04:30:00,245.7902,2008-03-19 14:30:00,7.0000
04209000,41.630833,-81.403611,2008-03-28 07:00:00,2008-03-28 19:00:00,257.6833,2008-03-28 09:30:00,2.5000
04209000,41.630833,-81.403611,2008-11-16 05:30:00,2008-11-16 06:30:00,148.0971,2008-11-16 06:00:00,0.5000
04209000,41.630833,-81.403611,2008-12-24 22:30:00,2008-12-25 06:00:00,205.8635,2008-12-25 02:00:00,3.5000
04209000,41.630833,-81.403611,2009-02-10 23:00:00,2009-02-12 18:00:00,286.0002,2009-02-11 19:00:00,20.0000
04209000,41.630833,-81.403611,2009-03-08 20:30:00,2009-03-09 12:30:00,240.6932,2009-03-09 00:00:00,3.5000
04209000,41.630833,-81.403611,2009-03-11 02:30:00,2009-03-11 09:30:00,201.8991,2009-03-11 04:30:00,2.0000
04209000,41.630833,-81.403611,2010-06-06 11:30:00,2010-06-06 13:30:00,181.5110,2010-06-06 12:30:00,1.0000
04209000,41.630833,-81.403611,2010-12-01 08:30:00,2010-12-01 09:30:00,146.1149,2010-12-01 09:00:00,0.5000
04209000,41.630833,-81.403611,2011-03-05 14:30:00,2011-03-06 10:00:00,207.2793,2011-03-05 19:00:00,4.5000
04209000,41.630833,-81.403611,2011-03-10 01:30:00,2011-03-11 06:00:00,193.9704,2011-03-10 09:30:00,8.0000
04209000,41.630833,-81.403611,2011-04-05 00:30:00,2011-04-05 07:00:00,176.6971,2011-04-05 02:30:00,2.0000
04209000,41.630833,-81.403611,2011-04-20 12:30:00,2011-04-20 15:30:00,148.6634,2011-04-20 14:30:00,2.0000
04209000,41.630833,-81.403611,2011-04-23 10:00:00,2011-04-23 11:00:00,151.2120,2011-04-23 10:30:00,0.5000
04209000,41.630833,-81.403611,2011-04-26 01:30:00,2011-04-26 06:30:00,200.7664,2011-04-26 03:30:00,2.0000
04209000,41.630833,-81.403611,2011-05-26 05:00:00,2011-05-27 03:30:00,160.2734,2011-05-26 09:00:00,4.0000
04209000,41.630833,-81.403611,2011-08-14 22:30:00,2011-08-15 01:00:00,166.2199,2011-08-14 23:00:00,0.5000
04209000,41.630833,-81.403611,2011-09-27 01:00:00,2011-09-27 04:00:00,190.5724,2011-09-27 02:30:00,1.5000
04209000,41.630833,-81.403611,2011-10-20 00:30:00,2011-10-21 11:00:00,205.2971,2011-10-20 02:30:00,2.0000
04209000,41.630833,-81.403611,2011-11-15 02:00:00,2011-11-15 08:30:00,199.6338,2011-11-15 05:00:00,3.0000
04209000,41.630833,-81.403611,2011-11-29 14:00:00,2011-11-29 19:00:00,166.5031,2011-11-29 15:30:00,1.5000
04209000,41.630833,-81.403611,2011-12-06 01:00:00,2011-12-06 16:00:00,220.5882,2011-12-06 08:00:00,7.0000
04209000,41.630833,-81.403611,2012-01-23 21:00:00,2012-01-24 00:00:00,148.3803,2012-01-23 22:00:00,1.0000
04209000,41.630833,-81.403611,2012-01-27 08:00:00,2012-01-27 14:30:00,201.3328,2012-01-27 10:00:00,2.0000
04209000,41.630833,-81.403611,2012-03-16 06:00:00,2012-03-16 12:30:00,230.4991,2012-03-16 08:30:00,2.5000
04209000,41.630833,-81.403611,2012-10-30 01:00:00,2012-11-01 13:00:00,387.9408,2012-10-30 11:30:00,10.5000
04209000,41.630833,-81.403611,2013-01-11 21:00:00,2013-01-11 23:00:00,154.3268,2013-01-11 21:30:00,0.5000
04209000,41.630833,-81.403611,2013-07-10 13:00:00,2013-07-11 07:00:00,198.5011,2013-07-11 00:30:00,11.5000
04209000,41.630833,-81.403611,2013-07-20 09:00:00,2013-07-20 15:30:00,291.6635,2013-07-20 11:00:00,2.0000
04209000,41.630833,-81.403611,2013-12-21 20:30:00,2013-12-22 21:00:00,294.4952,2013-12-22 06:00:00,9.5000
04209000,41.630833,-81.403611,2014-01-11 13:00:00,2014-01-12 16:00:00,368.1190,2014-01-11 19:30:00,6.5000
04209000,41.630833,-81.403611,2014-02-21 17:30:00,2014-02-26 09:30:00,365.2873,2014-02-21 19:00:00,1.5000
04209000,41.630833,-81.403611,2014-03-10 22:00:00,2014-03-14 08:30:00,305.8219,2014-03-12 03:00:00,29.0000
04209000,41.630833,-81.403611,2014-06-25 03:00:00,2014-06-25 19:00:00,191.9882,2014-06-25 16:30:00,13.5000
04209000,41.630833,-81.403611,2014-07-08 20:30:00,2014-07-08 23:00:00,160.2734,2014-07-08 21:30:00,1.0000
04209000,41.630833,-81.403611,2014-07-28 00:30:00,2014-07-28 13:30:00,204.4476,2014-07-28 02:30:00,2.0000
04209000,41.630833,-81.403611,2014-08-13 05:00:00,2014-08-13 10:00:00,175.5644,2014-08-13 05:30:00,0.5000
04209000,41.630833,-81.403611,2015-01-04 13:30:00,2015-01-04 18:30:00,160.2734,2015-01-04 17:00:00,3.5000
04209000,41.630833,-81.403611,2015-05-31 04:30:00,2015-05-31 17:00:00,190.0060,2015-05-31 12:30:00,8.0000
04209000,41.630833,-81.403611,2015-06-16 03:30:00,2015-06-16 08:00:00,193.4041,2015-06-16 05:30:00,2.0000
04209000,41.630833,-81.403611,2015-06-23 11:00:00,2015-06-23 21:00:00,171.0338,2015-06-23 12:00:00,1.0000
04209000,41.630833,-81.403611,2015-06-27 16:30:00,2015-06-28 06:00:00,308.6536,2015-06-27 21:00:00,4.5000
04209000,41.630833,-81.403611,2015-07-14 22:30:00,2015-07-15 12:00:00,239.8437,2015-07-15 08:30:00,10.0000
04209000,41.630833,-81.403611,2015-12-27 13:30:00,2015-12-27 23:00:00,171.0338,2015-12-27 15:30:00,2.0000
04209000,41.630833,-81.403611,2016-02-24 17:30:00,2016-02-24 22:00:00,162.5387,2016-02-24 18:30:00,1.0000
04213500,42.463889,-78.935278,1990-12-30 11:30:00,1990-12-31 02:30:00,419.0893,1990-12-30 20:00:00,8.5000
04213500,42.463889,-78.935278,1994-03-24 22:46:03,1994-03-25 08:46:48,379.4457,1994-03-25 01:46:18,3.0042
04213500,42.463889,-78.935278,1996-05-11 07:00:00,1996-05-12 08:30:00,379.4457,1996-05-11 10:00:00,3.0000
04213500,42.463889,-78.935278,1997-02-27 14:30:00,1997-02-28 00:30:00,362.4556,1997-02-27 16:30:00,2.0000
04213500,42.463889,-78.935278,1997-05-20 03:30:00,1997-05-20 05:00:00,311.4853,1997-05-20 04:30:00,1.0000
04213500,42.463889,-78.935278,1998-01-08 06:30:00,1998-01-09 08:00:00,498.3765,1998-01-08 13:30:00,7.0000
04213500,42.463889,-78.935278,2001-02-10 09:30:00,2001-02-10 12:30:00,325.6437,2001-02-10 10:30:00,1.0000
04213500,42.463889,-78.935278,2002-02-01 07:00:00,2002-02-01 23:00:00,356.7923,2002-02-01 18:00:00,11.0000
04213500,42.463889,-78.935278,2004-03-05 23:35:00,2004-03-06 06:35:00,345.4655,2004-03-06 02:05:00,2.5000
04213500,42.463889,-78.935278,2004-05-24 09:35:00,2004-05-24 21:05:00,470.0597,2004-05-24 14:35:00,5.0000
04213500,42.463889,-78.935278,2004-09-09 10:05:00,2004-09-09 22:05:00,438.9111,2004-09-09 15:35:00,5.5000
04213500,42.463889,-78.935278,2004-12-23 20:35:00,2004-12-24 00:35:00,339.8022,2004-12-23 22:05:00,1.5000
04213500,42.463889,-78.935278,2006-12-01 21:00:00,2006-12-01 23:00:00,317.1487,2006-12-01 21:30:00,0.5000
04213500,42.463889,-78.935278,2007-12-23 22:30:00,2007-12-24 06:30:00,368.1190,2007-12-24 00:00:00,1.5000
04213500,42.463889,-78.935278,2008-02-06 14:00:00,2008-02-06 19:00:00,331.3071,2008-02-06 15:30:00,1.5000
04213500,42.463889,-78.935278,2009-02-12 06:30:00,2009-02-12 17:00:00,325.6437,2009-02-12 11:00:00,4.5000
04213500,42.463889,-78.935278,2009-03-09 07:30:00,2009-03-09 11:00:00,314.3170,2009-03-09 10:30:00,3.0000
04213500,42.463889,-78.935278,2009-08-10 04:05:00,2009-08-10 20:05:00,891.9807,2009-08-10 11:35:00,7.5000
04213500,42.463889,-78.935278,2010-01-25 13:00:00,2010-01-26 00:30:00,359.6240,2010-01-25 15:30:00,2.5000
04213500,42.463889,-78.935278,2010-12-01 12:15:00,2010-12-01 23:15:00,382.2774,2010-12-01 16:15:00,4.0000
04213500,42.463889,-78.935278,2011-03-06 09:00:00,2011-03-06 13:30:00,334.1388,2011-03-06 11:30:00,2.5000
04213500,42.463889,-78.935278,2011-03-11 04:15:00,2011-03-11 14:15:00,447.4062,2011-03-11 08:30:00,4.2500
04213500,42.463889,-78.935278,2012-01-17 21:30:00,2012-01-18 07:15:00,368.1190,2012-01-18 05:00:00,7.5000
04213500,42.463889,-78.935278,2012-10-30 09:00:00,2012-10-30 14:30:00,339.8022,2012-10-30 10:45:00,1.7500
04213500,42.463889,-78.935278,2013-03-12 08:45:00,2013-03-12 12:00:00,370.9507,2013-03-12 10:45:00,2.0000
04213500,42.463889,-78.935278,2013-04-10 13:15:00,2013-04-11 09:45:00,492.7131,2013-04-11 02:45:00,13.5000
04213500,42.463889,-78.935278,2013-12-21 14:15:00,2013-12-22 23:00:00,673.9409,2013-12-22 08:45:00,18.5000
04213500,42.463889,-78.935278,2015-04-03 08:00:00,2015-04-03 13:00:00,348.2972,2015-04-03 11:45:00,3.7500
04213500,42.463889,-78.935278,2015-07-15 03:30:00,2015-07-15 07:45:00,424.7527,2015-07-15 04:45:00,1.2500
04215500,42.829722,-78.775278,1990-12-04 11:00:00,1990-12-04 14:45:00,128.5585,1990-12-04 12:45:00,1.7500
04215500,42.829722,-78.775278,1990-12-23 15:45:00,1990-12-23 20:15:00,142.1506,1990-12-23 17:30:00,1.7500
04215500,42.829722,-78.775278,1990-12-29 22:15:00,1990-12-31 05:00:00,229.0833,1990-12-30 20:45:00,22.5000
04215500,42.829722,-78.775278,1991-03-03 05:45:00,1991-03-03 07:45:00,122.3288,1991-03-03 06:30:00,0.7500
04215500,42.829722,-78.775278,1991-03-07 06:45:00,1991-03-07 10:15:00,129.4080,1991-03-07 08:30:00,1.7500
04215500,42.829722,-78.775278,1992-07-15 16:00:00,1992-07-15 19:00:00,131.1070,1992-07-15 17:15:00,1.2500
04215500,42.829722,-78.775278,1992-07-23 15:15:00,1992-07-23 18:30:00,139.6021,1992-07-23 16:15:00,1.0000
04215500,42.829722,-78.775278,1992-12-31 06:30:00,1992-12-31 11:15:00,126.2931,1992-12-31 09:15:00,2.7500
04215500,42.829722,-78.775278,1993-01-05 09:45:00,1993-01-05 15:00:00,143.8496,1993-01-05 11:45:00,2.0000
04215500,42.829722,-78.775278,1994-03-25 01:25:06,1994-03-25 06:40:30,128.2753,1994-03-25 03:55:18,2.5033
04215500,42.829722,-78.775278,1996-01-18 00:00:00,1996-01-18 00:30:00,156.8753,1996-01-18 00:30:00,0.5000
04215500,42.829722,-78.775278,1996-01-19 05:45:00,1996-01-20 01:30:00,288.8318,1996-01-19 18:30:00,12.7500
04215500,42.829722,-78.775278,1996-05-11 01:30:00,1996-05-11 04:45:00,127.1426,1996-05-11 03:45:00,2.2500
04215500,42.829722,-78.775278,1996-11-08 21:00:00,1996-11-08 23:00:00,118.3644,1996-11-08 21:45:00,0.7500
04215500,42.829722,-78.775278,1996-12-24 11:30:00,1996-12-24 14:45:00,122.6119,1996-12-24 12:45:00,1.2500
04215500,42.829722,-78.775278,1997-02-27 13:15:00,1997-02-27 23:45:00,190.2892,1997-02-27 18:15:00,5.0000
04215500,42.829722,-78.775278,1997-03-26 04:15:00,1997-03-26 09:30:00,141.5842,1997-03-26 06:30:00,2.2500
04215500,42.829722,-78.775278,1997-11-27 02:30:00,1997-11-27 06:15:00,130.5407,1997-11-27 04:15:00,1.7500
04215500,42.829722,-78.775278,1998-01-08 05:00:00,1998-01-09 06:00:00,275.8061,1998-01-08 12:15:00,7.2500
04215500,42.829722,-78.775278,1998-03-26 22:30:00,1998-03-27 03:15:00,136.4872,1998-03-27 00:30:00,2.0000
04215500,42.829722,-78.775278,1998-06-26 17:15:00,1998-06-26 20:30:00,187.1744,1998-06-26 19:00:00,1.7500
04215500,42.829722,-78.775278,1998-07-08 17:45:00,1998-07-08 21:00:00,154.6100,1998-07-08 19:15:00,1.5000
04215500,42.829722,-78.775278,1999-01-24 05:00:00,1999-01-24 19:00:00,194.8199,1999-01-24 08:00:00,3.0000
04215500,42.829722,-78.775278,2000-04-04 07:00:00,2000-04-04 08:30:00,125.1605,2000-04-04 07:30:00,0.5000
04215500,42.829722,-78.775278,2000-04-08 17:15:00,2000-04-09 02:15:00,148.3803,2000-04-08 21:15:00,4.0000
04215500,42.829722,-78.775278,2000-09-23 11:30:00,2000-09-24 02:15:00,311.4853,2000-09-23 18:15:00,6.7500
04215500,42.829722,-78.775278,2001-02-10 05:00:00,2001-02-10 16:30:00,210.1110,2001-02-10 09:45:00,4.7500
04215500,42.829722,-78.775278,2002-02-01 02:30:00,2002-02-02 03:45:00,291.6635,2002-02-01 17:00:00,14.5000
04215500,42.829722,-78.775278,2002-04-03 09:15:00,2002-04-03 15:00:00,146.1149,2002-04-03 11:15:00,2.0000
04215500,42.829722,-78.775278,2002-05-14 00:30:00,2002-05-14 07:15:00,121.4793,2002-05-14 04:30:00,4.0000
04215500,42.829722,-78.775278,2002-12-20 15:30:00,2002-12-20 19:15:00,128.2753,2002-12-20 17:15:00,1.7500
04215500,42.829722,-78.775278,2003-03-21 05:15:00,2003-03-21 07:45:00,120.9129,2003-03-21 05:45:00,0.5000
04215500,42.829722,-78.775278,2003-11-19 23:45:00,2003-11-20 02:45:00,129.1248,2003-11-20 00:45:00,1.0000
04215500,42.829722,-78.775278,2003-11-28 20:15:00,2003-11-29 04:00:00,141.5842,2003-11-28 22:15:00,2.0000
04215500,42.829722,-78.775278,2004-03-05 20:45:00,2004-03-06 10:30:00,169.9011,2004-03-06 02:15:00,5.5000
04215500,42.829722,-78.775278,2004-05-23 07:00:00,2004-05-24 18:15:00,171.6001,2004-05-23 08:00:00,1.0000
04215500,42.829722,-78.775278,2004-09-09 08:00:00,2004-09-10 03:30:00,416.2576,2004-09-09 16:30:00,8.5000
04215500,42.829722,-78.775278,2005-04-02 18:15:00,2005-04-03 00:15:00,132.8060,2005-04-02 20:15:00,2.0000
04215500,42.829722,-78.775278,2005-04-06 21:30:00,2005-04-07 04:15:00,151.7783,2005-04-07 00:15:00,2.7500
04215500,42.829722,-78.775278,2005-06-10 06:15:00,2005-06-10 13:15:00,248.3387,2005-06-10 08:45:00,2.5000
04215500,42.829722,-78.775278,2005-09-16 17:45:00,2005-09-17 03:15:00,331.3071,2005-09-16 21:00:00,3.2500
04215500,42.829722,-78.775278,2005-11-09 23:00:00,2005-11-10 03:30:00,128.5585,2005-11-10 02:30:00,3.5000
04215500,42.829722,-78.775278,2005-11-29 21:45:00,2005-11-30 04:45:00,142.7169,2005-11-30 00:45:00,3.0000
04215500,42.829722,-78.775278,2006-02-17 14:30:00,2006-02-17 15:30:00,119.2139,2006-02-17 14:45:00,0.2500
04215500,42.829722,-78.775278,2006-03-13 23:00:00,2006-03-14 07:30:00,170.4674,2006-03-14 01:45:00,2.7500
04215500,42.829722,-78.775278,2006-08-04 10:45:00,2006-08-04 13:15:00,127.4258,2006-08-04 11:45:00,1.0000
04215500,42.829722,-78.775278,2006-09-03 02:15:00,2006-09-03 05:00:00,122.3288,2006-09-03 03:00:00,0.7500
04215500,42.829722,-78.775278,2006-10-20 20:00:00,2006-10-20 23:45:00,131.9565,2006-10-20 21:45:00,1.7500
04215500,42.829722,-78.775278,2006-10-29 06:30:00,2006-10-29 08:45:00,117.2317,2006-10-29 08:30:00,2.0000
04215500,42.829722,-78.775278,2006-12-01 13:45:00,2006-12-02 06:00:00,237.2952,2006-12-01 23:15:00,9.5000
04215500,42.829722,-78.775278,2007-01-13 11:00:00,2007-01-13 20:15:00,173.8654,2007-01-13 13:45:00,2.7500
04215500,42.829722,-78.775278,2007-01-15 15:45:00,2007-01-16 02:30:00,187.4575,2007-01-15 19:30:00,3.7500
04215500,42.829722,-78.775278,2007-03-15 05:00:00,2007-03-15 18:30:00,314.3170,2007-03-15 09:00:00,4.0000
04215500,42.829722,-78.775278,2007-03-22 23:00:00,2007-03-23 07:15:00,149.5130,2007-03-23 03:15:00,4.2500
04215500,42.829722,-78.775278,2007-12-23 11:30:00,2007-12-24 08:15:00,222.8536,2007-12-24 02:00:00,14.5000
04215500,42.829722,-78.775278,2008-02-05 13:15:00,2008-02-06 20:00:00,227.6674,2008-02-05 17:45:00,4.5000
04215500,42.829722,-78.775278,2008-09-14 09:30:00,2008-09-14 10:00:00,118.3644,2008-09-14 09:45:00,0.2500
04215500,42.829722,-78.775278,2008-12-10 07:15:00,2008-12-10 20:00:00,164.8040,2008-12-10 13:30:00,6.2500
04215500,42.829722,-78.775278,2008-12-27 12:15:00,2008-12-28 13:00:00,319.9804,2008-12-27 22:00:00,9.7500
04215500,42.829722,-78.775278,2009-03-08 02:00:00,2009-03-09 14:45:00,251.7368,2009-03-08 08:00:00,5.0000
04215500,42.829722,-78.775278,2009-07-11 21:15:00,2009-07-12 01:45:00,169.6179,2009-07-11 22:45:00,1.5000
04215500,42.829722,-78.775278,2009-08-05 09:30:00,2009-08-05 10:45:00,137.3367,2009-08-05 09:45:00,0.2500
04215500,42.829722,-78.775278,2009-08-09 22:15:00,2009-08-10 18:30:00,379.4457,2009-08-10 11:00:00,12.7500
04215500,42.829722,-78.775278,2010-03-12 23:00:00,2010-03-13 08:30:00,136.7704,2010-03-13 02:45:00,3.7500
04215500,42.829722,-78.775278,2010-12-01 12:00:00,2010-12-01 21:30:00,172.7328,2010-12-01 15:45:00,3.7500
04215500,42.829722,-78.775278,2011-02-28 17:45:00,2011-03-01 01:00:00,130.8238,2011-02-28 19:45:00,2.0000
04215500,42.829722,-78.775278,2011-03-05 21:45:00,2011-03-06 14:30:00,165.6536,2011-03-06 09:30:00,11.7500
04215500,42.829722,-78.775278,2011-03-11 04:00:00,2011-03-11 14:00:00,178.9625,2011-03-11 09:45:00,5.7500
04215500,42.829722,-78.775278,2011-04-20 10:30:00,2011-04-20 15:15:00,153.1941,2011-04-20 12:00:00,1.5000
04215500,42.829722,-78.775278,2011-04-26 05:30:00,2011-04-26 11:45:00,198.7843,2011-04-26 07:45:00,2.2500
04215500,42.829722,-78.775278,2011-05-15 07:30:00,2011-05-16 02:45:00,161.6892,2011-05-15 07:45:00,0.2500
04215500,42.829722,-78.775278,2012-01-18 00:00:00,2012-01-18 05:00:00,124.5941,2012-01-18 02:15:00,2.2500
04215500,42.829722,-78.775278,2012-10-30 07:15:00,2012-10-30 17:15:00,161.6892,2012-10-30 15:00:00,7.7500
04215500,42.829722,-78.775278,2013-01-30 07:30:00,2013-01-30 11:45:00,133.0892,2013-01-30 09:30:00,2.0000
04215500,42.829722,-78.775278,2013-06-07 02:45:00,2013-06-07 06:00:00,122.6119,2013-06-07 04:30:00,1.7500
04215500,42.829722,-78.775278,2013-06-13 18:15:00,2013-06-13 20:15:00,129.9743,2013-06-13 19:30:00,1.2500
04215500,42.829722,-78.775278,2013-12-21 13:00:00,2013-12-23 04:30:00,280.9031,2013-12-22 09:45:00,20.7500
04215500,42.829722,-78.775278,2014-07-09 01:00:00,2014-07-09 03:15:00,126.2931,2014-07-09 02:45:00,1.7500
04215500,42.829722,-78.775278,2014-11-24 13:45:00,2014-11-25 05:45:00,217.7566,2014-11-24 23:00:00,9.2500
04215500,42.829722,-78.775278,2015-04-03 06:00:00,2015-04-03 14:15:00,170.1842,2015-04-03 10:00:00,4.0000
04215500,42.829722,-78.775278,2016-02-03 16:15:00,2016-02-03 19:45:00,131.9565,2016-02-03 18:00:00,1.7500
04230380,42.744167,-78.137778,1998-07-08 13:00:00,1998-07-08 22:00:00,116.3822,1998-07-08 14:45:00,1.7500
04252500,43.511667,-75.306944,1990-12-23 20:14:27,1990-12-25 19:41:24,137.3367,1990-12-24 18:14:06,21.9942
04252500,43.511667,-75.306944,1990-12-30 22:15:57,1991-01-01 13:33:36,149.2298,1990-12-31 18:17:00,20.0175
04252500,43.511667,-75.306944,1991-03-04 21:15:00,1991-03-06 07:00:00,123.1783,1991-03-05 08:45:00,11.5000
04252500,43.511667,-75.306944,1992-04-12 08:00:00,1992-04-13 18:15:00,137.9030,1992-04-13 01:45:00,17.7500
04252500,43.511667,-75.306944,1992-04-22 12:30:00,1992-04-25 01:15:00,141.3011,1992-04-23 21:45:00,33.2500
04252500,43.511667,-75.306944,1992-05-03 19:00:00,1992-05-04 05:15:00,102.7902,1992-05-04 01:00:00,6.0000
04252500,43.511667,-75.306944,1993-01-06 05:00:00,1993-01-07 01:30:00,110.1525,1993-01-06 14:00:00,9.0000
04252500,43.511667,-75.306944,1993-04-21 20:30:00,1993-04-24 15:30:00,132.8060,1993-04-22 17:00:00,20.5000
04252500,43.511667,-75.306944,1994-06-30 06:15:00,1994-07-01 13:30:00,134.7882,1994-06-30 21:00:00,14.7500
04252500,43.511667,-75.306944,1995-01-16 08:15:00,1995-01-18 02:30:00,146.6813,1995-01-17 00:00:00,15.7500
04252500,43.511667,-75.306944,1996-01-21 05:00:00,1996-01-22 04:00:00,131.3902,1996-01-21 06:15:00,1.2500
04252500,43.511667,-75.306944,1996-04-16 18:00:00,1996-04-18 02:45:00,118.9308,1996-04-17 07:00:00,13.0000
04252500,43.511667,-75.306944,1996-04-23 14:15:00,1996-04-25 19:15:00,143.2832,1996-04-24 19:45:00,29.5000
04252500,43.511667,-75.306944,1996-05-12 05:15:00,1996-05-13 22:45:00,121.7624,1996-05-12 23:00:00,17.7500
04252500,43.511667,-75.306944,1996-11-09 08:45:00,1996-11-11 03:30:00,158.5743,1996-11-10 04:30:00,19.7500
04252500,43.511667,-75.306944,1996-12-02 11:00:00,1996-12-04 07:45:00,212.0932,1996-12-03 04:45:00,17.7500
04252500,43.511667,-75.306944,1997-04-06 22:45:00,1997-04-09 10:45:00,154.3268,1997-04-08 01:45:00,27.0000
04252500,43.511667,-75.306944,1997-04-29 06:00:00,1997-04-30 03:30:00,107.3208,1997-04-29 13:45:00,7.7500
04252500,43.511667,-75.306944,1998-01-08 06:30:00,1998-01-12 05:30:00,342.6338,1998-01-09 12:15:00,29.7500
04252500,43.511667,-75.306944,1998-03-10 16:00:00,1998-03-11 07:30:00,106.7545,1998-03-10 23:45:00,7.7500
04252500,43.511667,-75.306944,1998-03-29 12:00:00,1998-04-04 13:15:00,161.9724,1998-04-02 21:45:00,105.7500
04252500,43.511667,-75.306944,1999-04-04 22:15:00,1999-04-05 15:00:00,104.7723,1999-04-05 07:15:00,9.0000
04252500,43.511667,-75.306944,1999-04-09 08:30:00,1999-04-10 01:30:00,102.2238,1999-04-09 16:45:00,8.2500
04252500,43.511667,-75.306944,2000-01-05 05:00:00,2000-01-06 06:30:00,126.5763,2000-01-05 13:30:00,8.5000
04252500,43.511667,-75.306944,2000-03-29 05:30:00,2000-03-30 02:15:00,111.0020,2000-03-29 13:45:00,8.2500
04252500,43.511667,-75.306944,2000-04-04 20:45:00,2000-04-06 02:45:00,118.9308,2000-04-05 10:15:00,13.5000
04252500,43.511667,-75.306944,2000-05-11 13:45:00,2000-05-12 15:45:00,117.7981,2000-05-11 23:00:00,9.2500
04252500,43.511667,-75.306944,2001-04-12 18:30:00,2001-04-16 14:00:00,164.8040,2001-04-13 21:30:00,27.0000
04252500,43.511667,-75.306944,2001-04-22 21:00:00,2001-04-25 23:00:00,146.3981,2001-04-23 18:00:00,21.0000
04252500,43.511667,-75.306944,2001-06-23 20:45:00,2001-06-25 15:30:00,197.6516,2001-06-24 11:15:00,14.5000
04252500,43.511667,-75.306944,2002-04-10 18:15:00,2002-04-11 17:15:00,114.4001,2002-04-11 03:30:00,9.2500
04252500,43.511667,-75.306944,2002-04-14 00:45:00,2002-04-14 04:45:00,122.3288,2002-04-14 04:45:00,4.0000
04252500,43.511667,-75.306944,2003-03-23 05:00:00,2003-03-23 18:45:00,110.1525,2003-03-23 05:45:00,0.7500
04252500,43.511667,-75.306944,2003-03-29 19:45:00,2003-03-31 16:00:00,150.3625,2003-03-30 18:00:00,22.2500
04252500,43.511667,-75.306944,2003-04-17 00:00:00,2003-04-17 13:30:00,101.0911,2003-04-17 04:30:00,4.5000
04252500,43.511667,-75.306944,2003-05-12 18:45:00,2003-05-14 23:00:00,114.9664,2003-05-13 04:00:00,9.2500
04252500,43.511667,-75.306944,2003-11-20 13:45:00,2003-11-21 17:45:00,121.1961,2003-11-20 23:45:00,10.0000
04252500,43.511667,-75.306944,2004-03-28 22:15:00,2004-03-29 11:00:00,103.3565,2004-03-29 05:30:00,7.2500
04252500,43.511667,-75.306944,2004-04-14 20:30:00,2004-04-15 21:15:00,125.1605,2004-04-15 08:15:00,11.7500
04252500,43.511667,-75.306944,2004-05-24 13:00:00,2004-05-26 13:45:00,227.1011,2004-05-25 07:45:00,18.7500
04252500,43.511667,-75.306944,2004-08-30 16:45:00,2004-09-01 02:30:00,143.2832,2004-08-31 04:30:00,11.7500
04252500,43.511667,-75.306944,2004-12-02 03:00:00,2004-12-03 11:45:00,125.7268,2004-12-02 18:00:00,15.0000
04252500,43.511667,-75.306944,2004-12-11 13:45:00,2004-12-13 05:30:00,134.5050,2004-12-12 08:30:00,18.7500
04252500,43.511667,-75.306944,2005-04-02 08:45:00,2005-04-05 16:30:00,207.2793,2005-04-04 02:45:00,41.0000
04252500,43.511667,-75.306944,2005-09-01 05:30:00,2005-09-01 22:15:00,105.3387,2005-09-01 15:30:00,10.0000
04252500,43.511667,-75.306944,2005-11-16 20:45:00,2005-11-18 19:30:00,152.9110,2005-11-17 17:15:00,20.5000
04252500,43.511667,-75.306944,2005-11-30 14:45:00,2005-12-01 23:15:00,130.8238,2005-12-01 05:00:00,14.2500
04252500,43.511667,-75.306944,2006-01-20 00:00:00,2006-01-20 03:15:00,100.8080,2006-01-20 01:15:00,1.2500
04252500,43.511667,-75.306944,2006-03-14 10:30:00,2006-03-16 05:45:00,141.5842,2006-03-15 05:00:00,18.5000
04252500,43.511667,-75.306944,2006-04-24 00:15:00,2006-04-24 21:15:00,115.5327,2006-04-24 09:45:00,9.5000
04252500,43.511667,-75.306944,2006-06-27 23:30:00,2006-07-01 04:00:00,328.4754,2006-06-29 10:30:00,35.0000
04252500,43.511667,-75.306944,2006-07-13 10:15:00,2006-07-14 07:15:00,123.1783,2006-07-13 20:15:00,10.0000
04252500,43.511667,-75.306944,2006-10-20 09:45:00,2006-10-23 01:15:00,184.3427,2006-10-21 08:30:00,22.7500
04252500,43.511667,-75.306944,2006-10-29 00:45:00,2006-10-31 20:15:00,188.3070,2006-10-29 21:00:00,21.2500
04252500,43.511667,-75.306944,2006-11-17 06:15:00,2006-11-19 12:00:00,170.7506,2006-11-18 02:00:00,19.7500
04252500,43.511667,-75.306944,2007-01-06 17:00:00,2007-01-10 20:45:00,157.7248,2007-01-09 14:15:00,69.2500
04252500,43.511667,-75.306944,2007-03-27 09:30:00,2007-03-30 02:30:00,137.9030,2007-03-28 09:30:00,24.0000
04252500,43.511667,-75.306944,2007-04-05 00:00:00,2007-04-05 20:30:00,103.9228,2007-04-05 08:45:00,8.7500
04252500,43.511667,-75.306944,2007-04-23 19:30:00,2007-04-25 20:15:00,114.4001,2007-04-25 01:45:00,30.2500
04252500,43.511667,-75.306944,2007-10-24 03:30:00,2007-10-25 19:45:00,179.5288,2007-10-24 20:00:00,16.5000
04252500,43.511667,-75.306944,2008-01-10 01:15:00,2008-01-13 14:00:00,136.4872,2008-01-12 14:15:00,61.0000
04252500,43.511667,-75.306944,2008-03-09 10:00:00,2008-03-10 19:30:00,123.1783,2008-03-10 01:30:00,15.5000
04252500,43.511667,-75.306944,2008-04-02 13:15:00,2008-04-03 09:00:00,104.4892,2008-04-02 23:15:00,10.0000
04252500,43.511667,-75.306944,2008-04-06 02:45:00,2008-04-14 23:45:00,174.4318,2008-04-13 08:15:00,173.5000
04252500,43.511667,-75.306944,2008-12-11 09:15:00,2008-12-12 05:30:00,107.8872,2008-12-11 17:45:00,8.5000
04252500,43.511667,-75.306944,2009-03-30 01:00:00,2009-03-31 19:15:00,153.4773,2009-03-30 18:00:00,17.0000
04252500,43.511667,-75.306944,2009-04-04 06:30:00,2009-04-06 01:15:00,158.8575,2009-04-04 23:15:00,16.7500
04252500,43.511667,-75.306944,2009-05-17 09:30:00,2009-05-18 16:15:00,154.0436,2009-05-18 00:15:00,14.7500
04252500,43.511667,-75.306944,2010-01-26 00:30:00,2010-01-27 18:00:00,132.2397,2010-01-26 14:00:00,13.5000
04252500,43.511667,-75.306944,2010-03-24 05:15:00,2010-03-24 20:30:00,105.9050,2010-03-24 10:30:00,5.2500
04252500,43.511667,-75.306944,2010-06-29 12:00:00,2010-06-29 18:00:00,99.1090,2010-06-29 13:45:00,1.7500
04252500,43.511667,-75.306944,2010-10-01 05:45:00,2010-10-03 05:45:00,197.6516,2010-10-02 02:15:00,20.5000
04252500,43.511667,-75.306944,2010-10-07 21:00:00,2010-10-08 12:15:00,101.6575,2010-10-08 04:00:00,7.0000
04252500,43.511667,-75.306944,2011-04-12 07:15:00,2011-04-15 14:45:00,137.3367,2011-04-13 01:15:00,18.0000
04252500,43.511667,-75.306944,2011-04-18 04:30:00,2011-04-18 18:30:00,103.3565,2011-04-18 11:30:00,7.0000
04252500,43.511667,-75.306944,2011-04-21 03:30:00,2011-04-22 05:00:00,115.8159,2011-04-21 13:30:00,10.0000
04252500,43.511667,-75.306944,2011-04-26 20:15:00,2011-04-30 19:45:00,297.3269,2011-04-29 07:15:00,59.0000
04252500,43.511667,-75.306944,2011-05-04 14:00:00,2011-05-05 23:30:00,124.5941,2011-05-05 04:00:00,14.0000
04252500,43.511667,-75.306944,2011-09-08 14:30:00,2011-09-09 09:30:00,114.6832,2011-09-09 01:30:00,11.0000
04252500,43.511667,-75.306944,2013-04-11 00:15:00,2013-04-13 02:00:00,110.4357,2013-04-11 12:00:00,11.7500
04252500,43.511667,-75.306944,2013-04-20 10:00:00,2013-04-21 19:15:00,132.2397,2013-04-20 23:30:00,13.5000
04252500,43.511667,-75.306944,2013-11-01 19:00:00,2013-11-03 01:15:00,133.6555,2013-11-02 07:00:00,12.0000
04252500,43.511667,-75.306944,2014-04-11 22:45:00,2014-04-18 04:15:00,291.6635,2014-04-16 05:00:00,102.2500
04252500,43.511667,-75.306944,2014-05-17 08:45:00,2014-05-18 15:45:00,146.1149,2014-05-17 22:00:00,13.2500
04252500,43.511667,-75.306944,2014-06-14 13:15:00,2014-06-14 23:15:00,101.3743,2014-06-14 17:00:00,3.7500
04252500,43.511667,-75.306944,2014-06-26 07:15:00,2014-06-27 08:15:00,119.2139,2014-06-26 19:00:00,11.7500
04252500,43.511667,-75.306944,2014-10-16 15:30:00,2014-10-18 12:00:00,171.6001,2014-10-17 12:45:00,21.2500
04252500,43.511667,-75.306944,2014-12-25 04:15:00,2014-12-27 04:00:00,162.2555,2014-12-25 21:00:00,16.7500
04252500,43.511667,-75.306944,2015-04-14 12:00:00,2015-04-16 11:30:00,126.5763,2015-04-15 08:30:00,20.5000
04252500,43.511667,-75.306944,2015-04-22 03:00:00,2015-04-22 23:30:00,107.0377,2015-04-22 10:45:00,7.7500
04252500,43.511667,-75.306944,2016-02-26 00:30:00,2016-02-26 20:30:00,108.1704,2016-02-26 08:15:00,7.7500
04252500,43.511667,-75.306944,2016-03-11 16:15:00,2016-03-12 12:15:00,106.1882,2016-03-12 03:45:00,11.5000
04260500,43.985556,-75.925000,1990-12-25 22:30:00,1990-12-27 00:15:00,455.9012,1990-12-26 09:30:00,11.0000
04260500,43.985556,-75.925000,1990-12-30 21:30:00,1991-01-03 23:15:00,659.7825,1991-01-01 23:45:00,50.2500
04260500,43.985556,-75.925000,1991-03-05 03:30:00,1991-03-10 06:30:00,671.1093,1991-03-07 04:45:00,49.2500
04260500,43.985556,-75.925000,1992-04-23 12:30:00,1992-04-27 23:15:00,546.5151,1992-04-25 09:30:00,45.0000
04260500,43.985556,-75.925000,1993-04-02 19:11:45,1993-04-04 04:45:24,464.3963,1993-04-03 20:44:30,25.5458
04260500,43.985556,-75.925000,1993-04-16 05:00:00,1993-04-29 19:45:00,693.7627,1993-04-19 08:45:00,75.7500
04260500,43.985556,-75.925000,1994-04-27 12:00:00,1994-05-01 04:15:00,526.6933,1994-04-29 03:45:00,39.7500
04260500,43.985556,-75.925000,1995-01-16 02:15:00,1995-01-21 02:00:00,639.9607,1995-01-18 08:30:00,54.2500
04260500,43.985556,-75.925000,1996-01-19 20:30:00,1996-01-25 20:15:00,614.4756,1996-01-22 15:45:00,67.2500
04260500,43.985556,-75.925000,1996-02-25 02:00:00,1996-02-28 06:15:00,444.5745,1996-02-27 05:00:00,51.0000
04260500,43.985556,-75.925000,1996-04-18 05:00:00,1996-05-02 19:00:00,676.7726,1996-04-25 19:30:00,182.5000
04260500,43.985556,-75.925000,1996-05-13 08:15:00,1996-05-16 21:30:00,546.5151,1996-05-14 18:45:00,34.5000
04260500,43.985556,-75.925000,1996-11-09 18:15:00,1996-11-14 00:00:00,654.1192,1996-11-11 16:45:00,46.5000
04260500,43.985556,-75.925000,1996-12-04 00:45:00,1996-12-06 21:45:00,577.6637,1996-12-05 03:30:00,26.7500
04260500,43.985556,-75.925000,1997-03-02 21:00:00,1997-03-06 01:15:00,475.7230,1997-03-04 19:00:00,46.0000
04260500,43.985556,-75.925000,1997-03-31 20:00:00,1997-03-31 21:15:00,421.9210,1997-03-31 20:15:00,0.2500
04260500,43.985556,-75.925000,1997-04-07 10:45:00,1997-04-11 20:00:00,597.4855,1997-04-09 08:00:00,45.2500
04260500,43.985556,-75.925000,1998-01-08 05:15:00,1998-01-15 09:30:00,1571.5850,1998-01-10 16:45:00,59.5000
04260500,43.985556,-75.925000,1998-03-12 20:15:00,1998-03-13 19:30:00,427.5844,1998-03-13 04:45:00,8.5000
04260500,43.985556,-75.925000,1998-03-30 07:45:00,1998-04-07 01:00:00,727.7430,1998-04-03 11:30:00,99.7500
04260500,43.985556,-75.925000,1999-01-25 01:45:00,1999-01-28 04:45:00,506.8716,1999-01-27 15:00:00,61.2500
04260500,43.985556,-75.925000,1999-04-05 07:30:00,1999-04-12 08:15:00,526.6933,1999-04-09 13:30:00,102.0000
04260500,43.985556,-75.925000,2000-03-01 02:30:00,2000-03-03 03:45:00,538.0201,2000-03-01 12:30:00,10.0000
04260500,43.985556,-75.925000,2000-04-06 05:00:00,2000-04-12 12:30:00,518.1983,2000-04-06 20:15:00,15.2500
04260500,43.985556,-75.925000,2000-05-12 15:00:00,2000-05-17 16:45:00,588.9904,2000-05-13 20:45:00,29.7500
04260500,43.985556,-75.925000,2001-04-10 02:15:00,2001-04-20 03:00:00,829.6836,2001-04-15 02:00:00,119.7500
04260500,43.985556,-75.925000,2001-04-24 03:45:00,2001-04-28 01:30:00,586.1587,2001-04-25 14:30:00,34.7500
04260500,43.985556,-75.925000,2002-04-14 02:15:00,2002-04-19 23:45:00,778.7133,2002-04-16 21:00:00,66.7500
04260500,43.985556,-75.925000,2002-05-16 15:30:00,2002-05-18 08:30:00,438.9111,2002-05-17 17:30:00,26.0000
04260500,43.985556,-75.925000,2003-03-23 05:00:00,2003-04-02 04:45:00,654.1192,2003-03-25 03:45:00,46.7500
04260500,43.985556,-75.925000,2003-11-22 03:15:00,2003-11-23 18:15:00,475.7230,2003-11-22 20:30:00,17.2500
04260500,43.985556,-75.925000,2004-03-29 09:45:00,2004-04-04 18:00:00,512.5349,2004-03-30 16:30:00,30.7500
04260500,43.985556,-75.925000,2004-05-26 08:45:00,2004-05-28 19:30:00,566.3369,2004-05-27 09:15:00,24.5000
04260500,43.985556,-75.925000,2005-04-03 02:00:00,2005-04-07 21:45:00,826.8519,2005-04-05 03:15:00,48.2500
04260500,43.985556,-75.925000,2005-12-02 07:45:00,2005-12-03 10:30:00,441.7428,2005-12-02 20:00:00,12.2500
04260500,43.985556,-75.925000,2006-03-15 15:15:00,2006-03-17 15:45:00,484.2181,2006-03-16 22:15:00,31.0000
04260500,43.985556,-75.925000,2006-06-30 04:30:00,2006-07-03 02:15:00,651.2875,2006-07-01 04:15:00,23.7500
04260500,43.985556,-75.925000,2006-10-23 12:30:00,2006-10-24 14:30:00,430.4161,2006-10-23 12:45:00,0.2500
04260500,43.985556,-75.925000,2006-10-30 20:45:00,2006-11-02 17:45:00,543.6835,2006-10-31 21:30:00,24.7500
04260500,43.985556,-75.925000,2006-11-19 01:15:00,2006-11-21 03:30:00,501.2082,2006-11-19 21:45:00,20.5000
04260500,43.985556,-75.925000,2007-01-09 02:30:00,2007-01-12 03:45:00,484.2181,2007-01-10 16:15:00,37.7500
04260500,43.985556,-75.925000,2007-03-27 08:30:00,2007-04-01 19:45:00,583.3270,2007-03-29 13:30:00,53.0000
04260500,43.985556,-75.925000,2007-04-05 19:00:00,2007-04-07 18:15:00,444.5745,2007-04-06 17:00:00,22.0000
04260500,43.985556,-75.925000,2007-04-22 10:45:00,2007-04-28 09:00:00,512.5349,2007-04-26 09:00:00,94.2500
04260500,43.985556,-75.925000,2008-01-09 18:15:00,2008-01-15 15:15:00,572.0003,2008-01-12 12:15:00,66.0000
04260500,43.985556,-75.925000,2008-12-28 21:45:00,2009-01-01 13:15:00,526.6933,2008-12-30 20:15:00,46.5000
04260500,43.985556,-75.925000,2009-03-13 13:45:00,2009-03-13 18:45:00,450.2379,2009-03-13 15:45:00,2.0000
04260500,43.985556,-75.925000,2009-04-06 03:30:00,2009-04-08 05:15:00,470.0597,2009-04-06 19:30:00,16.0000
04260500,43.985556,-75.925000,2010-01-28 09:45:00,2010-01-29 00:30:00,438.9111,2010-01-28 20:30:00,10.7500
04260500,43.985556,-75.925000,2010-10-01 14:30:00,2010-10-05 12:15:00,648.4558,2010-10-03 18:30:00,52.0000
04260500,43.985556,-75.925000,2010-10-08 14:45:00,2010-10-09 21:30:00,436.0794,2010-10-09 13:15:00,22.5000
04260500,43.985556,-75.925000,2011-03-11 22:00:00,2011-03-15 15:00:00,518.1983,2011-03-13 13:00:00,38.0000
04260500,43.985556,-75.925000,2011-04-14 05:15:00,2011-04-17 18:30:00,518.1983,2011-04-15 19:00:00,37.7500
04260500,43.985556,-75.925000,2011-04-19 07:00:00,2011-04-24 10:30:00,501.2082,2011-04-22 23:15:00,88.2500
04260500,43.985556,-75.925000,2011-04-28 01:45:00,2011-05-08 07:15:00,1036.3966,2011-04-30 13:00:00,59.2500
04260500,43.985556,-75.925000,2013-02-02 12:15:00,2013-02-03 21:00:00,450.2379,2013-02-02 21:00:00,8.7500
04260500,43.985556,-75.925000,2013-04-13 07:00:00,2013-04-15 02:00:00,453.0695,2013-04-13 18:30:00,11.5000
04260500,43.985556,-75.925000,2013-04-21 12:30:00,2013-04-23 06:30:00,481.3864,2013-04-22 10:00:00,21.5000
04260500,43.985556,-75.925000,2013-12-25 06:00:00,2013-12-26 02:15:00,455.9012,2013-12-25 13:45:00,7.7500
04260500,43.985556,-75.925000,2014-12-27 15:30:00,2014-12-28 20:00:00,447.4062,2014-12-27 21:15:00,5.7500
04260500,43.985556,-75.925000,2015-04-14 10:15:00,2015-04-18 17:30:00,515.3666,2015-04-16 16:15:00,54.0000
04260500,43.985556,-75.925000,2016-02-27 08:45:00,2016-02-28 22:30:00,470.0597,2016-02-27 19:15:00,10.5000
04260500,43.985556,-75.925000,2016-03-13 13:45:00,2016-03-13 22:15:00,424.7527,2016-03-13 15:45:00,2.0000
04043050,47.228611,-88.385278,1992-04-21 09:00:00,1992-04-22 00:00:00,21.5774,1992-04-21 19:00:00,10.0000
04043050,47.228611,-88.385278,1996-06-30 00:00:00,1996-06-30 02:15:00,19.5669,1996-06-30 01:15:00,1.2500
04043050,47.228611,-88.385278,1998-03-30 06:00:00,1998-03-30 23:00:00,31.9980,1998-03-30 14:00:00,8.0000
04043050,47.228611,-88.385278,2001-04-21 12:00:00,2001-04-22 13:00:00,27.9487,2001-04-22 04:00:00,16.0000
04043050,47.228611,-88.385278,2002-04-16 05:00:00,2002-04-17 08:00:00,20.0200,2002-04-16 09:00:00,4.0000
04043050,47.228611,-88.385278,2003-05-12 09:00:00,2003-05-12 22:00:00,24.0976,2003-05-12 14:00:00,5.0000
04043050,47.228611,-88.385278,2004-04-19 03:00:00,2004-04-20 06:00:00,24.6357,2004-04-19 15:00:00,12.0000
04043050,47.228611,-88.385278,2006-04-13 02:00:00,2006-04-13 13:00:00,21.6624,2006-04-13 09:00:00,7.0000
04043050,47.228611,-88.385278,2008-04-22 05:45:00,2008-04-22 13:15:00,20.9261,2008-04-22 10:00:00,4.2500
04043050,47.228611,-88.385278,2009-04-25 10:00:00,2009-04-25 19:00:00,22.5968,2009-04-25 15:00:00,5.0000
04043050,47.228611,-88.385278,2011-04-11 06:30:00,2011-04-12 04:45:00,22.4836,2011-04-12 01:00:00,18.5000
04043050,47.228611,-88.385278,2011-06-23 00:30:00,2011-06-23 19:00:00,26.7877,2011-06-23 09:30:00,9.0000
04043050,47.228611,-88.385278,2012-03-19 02:45:00,2012-03-19 11:45:00,21.0961,2012-03-19 06:00:00,3.2500
04043050,47.228611,-88.385278,2013-04-29 07:30:00,2013-05-02 08:45:00,30.2990,2013-05-01 04:30:00,45.0000
04043050,47.228611,-88.385278,2013-05-07 04:00:00,2013-05-09 12:15:00,22.2287,2013-05-08 08:30:00,28.5000
04043050,47.228611,-88.385278,2013-07-19 16:15:00,2013-07-20 02:30:00,26.9860,2013-07-19 19:30:00,3.2500
04043050,47.228611,-88.385278,2014-05-08 10:00:00,2014-05-10 13:00:00,31.9980,2014-05-09 12:45:00,26.7500
04043050,47.228611,-88.385278,2015-04-13 15:30:00,2015-04-14 15:15:00,24.4941,2015-04-14 03:30:00,12.0000
04267500,44.511667,-74.883333,1993-04-21 04:15:00,1993-05-03 00:15:00,268.4437,1993-04-28 23:45:00,187.5000
04267500,44.511667,-74.883333,1996-05-12 20:15:00,1996-05-14 09:15:00,229.0833,1996-05-14 03:15:00,31.0000
04267500,44.511667,-74.883333,1998-01-17 05:00:00,1998-01-19 22:45:00,243.5249,1998-01-19 05:45:00,48.7500
04267500,44.511667,-74.883333,2000-04-08 01:45:00,2000-04-14 19:15:00,228.2338,2000-04-10 23:45:00,70.0000
04267500,44.511667,-74.883333,2000-05-12 17:00:00,2000-05-13 12:30:00,222.0041,2000-05-13 00:45:00,7.7500
04267500,44.511667,-74.883333,2000-05-17 00:15:00,2000-05-17 16:45:00,233.8972,2000-05-17 10:15:00,10.0000
04267500,44.511667,-74.883333,2000-05-18 17:15:00,2000-05-18 22:15:00,207.2793,2000-05-18 18:45:00,1.5000
04267500,44.511667,-74.883333,2011-05-15 04:15:00,2011-05-19 19:30:00,240.1269,2011-05-18 10:15:00,78.0000
04031000,46.511389,-90.074444,2001-04-12 02:00:00,2001-04-14 10:00:00,159.9902,2001-04-12 22:00:00,20.0000
04031000,46.511389,-90.074444,2001-04-15 22:00:00,2001-04-16 10:00:00,140.7347,2001-04-16 02:00:00,4.0000
04031000,46.511389,-90.074444,2002-04-14 10:00:00,2002-04-16 04:00:00,250.0378,2002-04-16 04:00:00,42.0000
04031000,46.511389,-90.074444,2003-05-11 22:00:00,2003-05-13 08:00:00,250.6041,2003-05-12 11:00:00,13.0000
04031000,46.511389,-90.074444,2004-04-19 10:45:00,2004-04-20 02:30:00,142.7169,2004-04-19 20:15:00,9.5000
04031000,46.511389,-90.074444,2007-03-26 21:30:00,2007-03-27 11:30:00,142.1506,2007-03-27 05:30:00,8.0000
04031000,46.511389,-90.074444,2013-04-29 22:00:00,2013-05-02 15:15:00,267.8774,2013-05-01 04:00:00,30.0000
04069500,45.047500,-87.744444,1973-03-15 06:00:00,1973-03-20 05:30:00,178.6793,1973-03-16 15:15:00,33.2500
04069500,45.047500,-87.744444,1973-04-19 19:19:18,1973-04-24 09:13:39,152.0615,1973-04-19 21:04:27,1.7525
04069500,45.047500,-87.744444,1973-05-08 16:27:57,1973-05-13 00:21:48,171.6001,1973-05-09 18:00:09,25.5367
04069500,45.047500,-87.744444,1973-05-28 17:38:54,1973-06-01 16:45:00,213.7922,1973-05-30 10:12:24,40.5583
04069500,45.047500,-87.744444,1990-06-14 23:45:00,1990-06-16 16:45:00,148.6634,1990-06-15 11:00:00,11.2500
04069500,45.047500,-87.744444,1993-06-21 21:45:00,1993-06-24 07:30:00,166.5031,1993-06-22 19:30:00,21.7500
04069500,45.047500,-87.744444,1996-04-23 13:00:00,1996-04-28 14:00:00,160.2734,1996-04-26 00:45:00,59.7500
04069500,45.047500,-87.744444,1997-04-06 12:00:00,1997-04-08 23:30:00,141.8674,1997-04-06 20:15:00,8.2500
04069500,45.047500,-87.744444,1998-04-01 20:30:00,1998-04-04 15:45:00,156.0258,1998-04-02 21:45:00,25.2500
04069500,45.047500,-87.744444,2004-03-29 01:15:00,2004-04-02 11:30:00,229.6496,2004-03-30 09:45:00,32.5000
04077630,44.898056,-88.844167,1996-06-18 20:15:00,1996-06-19 13:30:00,30.0159,1996-06-18 22:15:00,2.0000
04086500,43.323056,-87.978611,1986-03-19 06:00:00,1986-03-19 13:30:00,49.2713,1986-03-19 13:15:00,7.2500
04086500,43.323056,-87.978611,1986-09-11 09:30:00,1986-09-14 06:00:00,45.3070,1986-09-12 21:30:00,36.0000
04086500,43.323056,-87.978611,1993-04-20 22:45:00,1993-04-22 16:15:00,45.8733,1993-04-21 17:45:00,19.0000
04086500,43.323056,-87.978611,1996-06-18 18:45:00,1996-06-20 02:15:00,45.8733,1996-06-19 05:15:00,10.5000
04086500,43.323056,-87.978611,2004-05-22 09:00:00,2004-05-26 02:30:00,63.7129,2004-05-24 09:30:00,48.5000
04086500,43.323056,-87.978611,2008-06-09 17:00:00,2008-06-11 22:45:00,52.3862,2008-06-10 10:45:00,17.7500
04086500,43.323056,-87.978611,2008-06-13 05:00:00,2008-06-16 03:15:00,53.2357,2008-06-14 14:00:00,33.0000
04086500,43.323056,-87.978611,2013-04-11 06:15:00,2013-04-13 13:45:00,43.0416,2013-04-11 23:15:00,17.0000
04086500,43.323056,-87.978611,2015-04-10 09:30:00,2015-04-12 07:00:00,45.5901,2015-04-11 01:45:00,16.2500
04108800,42.779167,-86.018333,1989-11-16 00:00:00,1989-11-16 11:00:00,27.9204,1989-11-16 04:00:00,4.0000
04108800,42.779167,-86.018333,1990-01-17 22:00:00,1990-01-18 15:00:00,34.5466,1990-01-18 04:00:00,6.0000
04108800,42.779167,-86.018333,1990-01-26 02:00:00,1990-01-26 12:00:00,31.4317,1990-01-26 05:00:00,3.0000
04108800,42.779167,-86.018333,1990-05-16 21:00:00,1990-05-17 08:00:00,31.9980,1990-05-17 00:00:00,3.0000
04108800,42.779167,-86.018333,1990-11-05 23:00:00,1990-11-07 15:00:00,87.2159,1990-11-06 09:00:00,10.0000
04108800,42.779167,-86.018333,1990-11-28 05:00:00,1990-11-29 18:00:00,85.8000,1990-11-28 15:00:00,10.0000
04108800,42.779167,-86.018333,1990-12-29 20:00:00,1990-12-31 02:00:00,67.3941,1990-12-30 03:00:00,7.0000
04108800,42.779167,-86.018333,1991-03-28 06:00:00,1991-03-28 20:00:00,33.6970,1991-03-28 12:00:00,6.0000
04108800,42.779167,-86.018333,1991-04-09 18:00:00,1991-04-10 11:00:00,39.3604,1991-04-10 00:00:00,6.0000
04108800,42.779167,-86.018333,1991-04-15 19:00:00,1991-04-16 15:00:00,45.0238,1991-04-16 00:00:00,5.0000
04108800,42.779167,-86.018333,1991-11-30 00:00:00,1991-12-01 09:00:00,43.0416,1991-11-30 09:00:00,9.0000
04108800,42.779167,-86.018333,1991-12-08 05:00:00,1991-12-09 14:00:00,36.2456,1991-12-08 11:00:00,6.0000
04108800,42.779167,-86.018333,1992-11-03 05:00:00,1992-11-03 08:00:00,25.9099,1992-11-03 06:00:00,1.0000
04108800,42.779167,-86.018333,1992-12-31 07:00:00,1992-12-31 22:00:00,31.4317,1992-12-31 12:00:00,5.0000
04108800,42.779167,-86.018333,1993-01-04 16:00:00,1993-01-06 07:00:00,70.7921,1993-01-05 00:00:00,8.0000
04108800,42.779167,-86.018333,1993-03-23 22:00:00,1993-03-24 14:00:00,38.7941,1993-03-24 03:00:00,5.0000
04108800,42.779167,-86.018333,1993-04-20 08:00:00,1993-04-21 14:00:00,67.6773,1993-04-20 14:00:00,6.0000
04108800,42.779167,-86.018333,1993-10-17 23:00:00,1993-10-18 11:00:00,31.4317,1993-10-18 03:00:00,4.0000
04108800,42.779167,-86.018333,1994-06-24 20:00:00,1994-06-26 02:00:00,41.9089,1994-06-25 02:00:00,6.0000
04108800,42.779167,-86.018333,1994-08-13 17:00:00,1994-08-14 23:00:00,78.4377,1994-08-13 22:00:00,5.0000
04108800,42.779167,-86.018333,1994-11-06 11:00:00,1994-11-07 15:00:00,62.5802,1994-11-06 17:00:00,6.0000
04108800,42.779167,-86.018333,1995-01-14 17:00:00,1995-01-15 16:00:00,43.8911,1995-01-15 00:00:00,7.0000
04108800,42.779167,-86.018333,1995-04-27 11:00:00,1995-04-28 07:00:00,37.3782,1995-04-27 19:00:00,8.0000
04108800,42.779167,-86.018333,1996-01-19 08:00:00,1996-01-19 14:00:00,26.7594,1996-01-19 12:00:00,4.0000
04108800,42.779167,-86.018333,1996-05-21 05:00:00,1996-05-22 19:00:00,122.8951,1996-05-21 08:00:00,3.0000
04108800,42.779167,-86.018333,1996-06-18 05:00:00,1996-06-20 02:00:00,50.1208,1996-06-19 03:00:00,22.0000
04108800,42.779167,-86.018333,1997-01-23 00:30:00,1997-01-24 04:00:00,44.1743,1997-01-23 07:00:00,6.5000
04108800,42.779167,-86.018333,1997-02-21 13:30:00,1997-02-23 14:30:00,120.9129,1997-02-21 23:30:00,10.0000
04108800,42.779167,-86.018333,1997-02-28 00:00:00,1997-02-28 13:00:00,32.2812,1997-02-28 04:30:00,4.5000
04108800,42.779167,-86.018333,1998-03-19 03:30:00,1998-03-20 11:45:00,33.4139,1998-03-19 10:00:00,6.5000
04108800,42.779167,-86.018333,1999-01-24 00:30:00,1999-01-25 21:30:00,62.0139,1999-01-24 10:45:00,10.2500
04108800,42.779167,-86.018333,1999-04-23 11:30:00,1999-04-24 19:30:00,64.2792,1999-04-23 21:00:00,9.5000
04108800,42.779167,-86.018333,2000-04-21 06:45:00,2000-04-22 12:00:00,42.1921,2000-04-21 16:45:00,10.0000
04108800,42.779167,-86.018333,2000-05-18 13:15:00,2000-05-20 17:45:00,76.7387,2000-05-18 19:30:00,6.2500
04108800,42.779167,-86.018333,2000-05-28 20:00:00,2000-05-29 06:30:00,31.4317,2000-05-28 23:30:00,3.5000
04108800,42.779167,-86.018333,2000-09-23 13:15:00,2000-09-24 13:45:00,60.5981,2000-09-23 19:00:00,5.7500
04108800,42.779167,-86.018333,2001-02-09 18:00:00,2001-02-11 06:00:00,75.0396,2001-02-10 00:15:00,6.2500
04108800,42.779167,-86.018333,2001-10-14 11:45:00,2001-10-15 15:15:00,41.3426,2001-10-14 21:00:00,9.2500
04108800,42.779167,-86.018333,2001-10-24 19:45:00,2001-10-26 12:00:00,65.9783,2001-10-25 06:00:00,10.2500
04108800,42.779167,-86.018333,2002-03-09 02:30:00,2002-03-10 22:30:00,45.0238,2002-03-10 03:30:00,25.0000
04108800,42.779167,-86.018333,2002-04-09 08:45:00,2002-04-10 05:30:00,35.6792,2002-04-09 14:45:00,6.0000
04108800,42.779167,-86.018333,2002-05-12 15:15:00,2002-05-13 14:30:00,35.9624,2002-05-12 21:15:00,6.0000
04108800,42.779167,-86.018333,2003-04-05 14:00:00,2003-04-06 02:30:00,29.4495,2003-04-05 17:30:00,3.5000
04108800,42.779167,-86.018333,2008-01-30 03:45:00,2008-01-30 04:45:00,26.2497,2008-01-30 04:45:00,1.0000
04108800,42.779167,-86.018333,2008-02-18 11:45:00,2008-02-19 04:45:00,32.2812,2008-02-18 23:15:00,11.5000
04108800,42.779167,-86.018333,2008-03-04 05:00:00,2008-03-05 02:00:00,40.4931,2008-03-04 07:15:00,2.2500
04108800,42.779167,-86.018333,2008-04-11 10:30:00,2008-04-12 03:00:00,33.4139,2008-04-11 15:15:00,4.7500
04108800,42.779167,-86.018333,2008-06-08 07:15:00,2008-06-10 19:45:00,95.7109,2008-06-08 16:00:00,8.7500
04108800,42.779167,-86.018333,2008-09-14 06:30:00,2008-09-16 12:00:00,71.0753,2008-09-15 05:45:00,23.2500
04108800,42.779167,-86.018333,2008-12-15 10:30:00,2008-12-16 06:15:00,35.3961,2008-12-15 18:00:00,7.5000
04108800,42.779167,-86.018333,2009-02-08 06:30:00,2009-02-09 04:45:00,34.8297,2009-02-08 15:00:00,8.5000
04108800,42.779167,-86.018333,2009-02-12 05:00:00,2009-02-12 23:00:00,33.6970,2009-02-12 11:00:00,6.0000
04108800,42.779167,-86.018333,2009-02-27 07:00:00,2009-02-28 13:00:00,61.4476,2009-02-27 14:30:00,7.5000
04108800,42.779167,-86.018333,2009-03-09 05:45:00,2009-03-09 17:00:00,31.4317,2009-03-09 10:00:00,4.2500
04108800,42.779167,-86.018333,2009-04-26 13:15:00,2009-04-27 12:45:00,30.0159,2009-04-26 21:45:00,8.5000
04108800,42.779167,-86.018333,2009-04-28 14:00:00,2009-04-29 00:00:00,29.7327,2009-04-28 17:45:00,3.7500
04108800,42.779167,-86.018333,2009-06-19 16:00:00,2009-06-20 04:45:00,66.8278,2009-06-20 04:45:00,12.7500
04108800,42.779167,-86.018333,2009-10-23 22:00:00,2009-10-24 20:00:00,34.8297,2009-10-24 04:45:00,6.7500
04108800,42.779167,-86.018333,2009-10-30 14:15:00,2009-11-01 08:00:00,62.2971,2009-10-30 23:15:00,9.0000
04108800,42.779167,-86.018333,2010-03-12 12:00:00,2010-03-13 01:45:00,31.7149,2010-03-12 16:30:00,4.5000
04108800,42.779167,-86.018333,2010-04-06 19:15:00,2010-04-08 20:00:00,41.9089,2010-04-07 01:15:00,6.0000
04108800,42.779167,-86.018333,2010-05-13 22:30:00,2010-05-14 07:30:00,27.7505,2010-05-14 02:15:00,3.7500
04108800,42.779167,-86.018333,2010-06-02 21:15:00,2010-06-03 13:00:00,33.6970,2010-06-03 03:15:00,6.0000
04108800,42.779167,-86.018333,2010-06-06 08:45:00,2010-06-07 06:45:00,42.1921,2010-06-06 14:45:00,6.0000
04108800,42.779167,-86.018333,2010-06-23 20:15:00,2010-06-24 10:30:00,32.8475,2010-06-24 01:15:00,5.0000
04108800,42.779167,-86.018333,2011-03-10 02:00:00,2011-03-10 15:45:00,26.9293,2011-03-10 08:00:00,6.0000
04108800,42.779167,-86.018333,2011-04-26 19:00:00,2011-04-29 05:45:00,38.2277,2011-04-28 02:30:00,31.5000
04108800,42.779167,-86.018333,2011-05-26 03:30:00,2011-05-26 13:15:00,27.6939,2011-05-26 08:15:00,4.7500
04108800,42.779167,-86.018333,2012-01-23 23:15:00,2012-01-24 11:45:00,27.0143,2012-01-24 04:15:00,5.0000
04108800,42.779167,-86.018333,2012-05-04 18:45:00,2012-05-05 12:00:00,29.1664,2012-05-04 23:30:00,4.7500
04108800,42.779167,-86.018333,2013-01-30 05:00:00,2013-01-31 18:45:00,54.6515,2013-01-30 15:30:00,10.5000
04108800,42.779167,-86.018333,2013-02-19 12:15:00,2013-02-20 00:00:00,30.8654,2013-02-19 17:45:00,5.5000
04108800,42.779167,-86.018333,2013-03-10 23:15:00,2013-03-12 15:30:00,37.0951,2013-03-11 21:45:00,22.5000
04108800,42.779167,-86.018333,2013-04-11 11:15:00,2013-04-13 07:00:00,44.1743,2013-04-12 11:15:00,24.0000
04108800,42.779167,-86.018333,2013-04-16 10:45:00,2013-04-16 20:00:00,29.4495,2013-04-16 14:45:00,4.0000
04108800,42.779167,-86.018333,2013-04-18 02:45:00,2013-04-20 16:30:00,103.6397,2013-04-18 20:00:00,17.2500
04108800,42.779167,-86.018333,2013-11-18 05:45:00,2013-11-18 20:00:00,29.4495,2013-11-18 11:45:00,6.0000
04108800,42.779167,-86.018333,2014-01-12 00:00:00,2014-01-13 09:45:00,29.4495,2014-01-12 10:15:00,10.2500
04108800,42.779167,-86.018333,2014-03-22 08:30:00,2014-03-22 20:00:00,27.6939,2014-03-22 12:45:00,4.2500
04108800,42.779167,-86.018333,2014-03-28 17:15:00,2014-03-29 06:45:00,28.6000,2014-03-28 22:00:00,4.7500
04108800,42.779167,-86.018333,2014-11-24 04:30:00,2014-11-26 02:45:00,45.3070,2014-11-25 04:30:00,24.0000
04108800,42.779167,-86.018333,2015-03-14 22:45:00,2015-03-18 00:30:00,39.6436,2015-03-17 08:00:00,57.2500
04108800,42.779167,-86.018333,2015-04-09 21:15:00,2015-04-11 09:00:00,44.1743,2015-04-10 12:30:00,15.2500
04108800,42.779167,-86.018333,2016-03-25 05:15:00,2016-03-25 07:15:00,25.6834,2016-03-25 06:00:00,0.7500
04108800,42.779167,-86.018333,2016-03-31 16:45:00,2016-03-31 22:15:00,26.2497,2016-03-31 19:30:00,2.7500
04178000,41.385278,-84.801667,1987-12-10 14:00:00,1987-12-13 05:00:00,33.9802,1987-12-12 04:00:00,38.0000
04178000,41.385278,-84.801667,1987-12-15 16:00:00,1987-12-30 01:00:00,62.5802,1987-12-22 04:00:00,156.0000
04178000,41.385278,-84.801667,1988-01-20 08:00:00,1988-01-24 07:00:00,41.6258,1988-01-21 16:00:00,32.0000
04178000,41.385278,-84.801667,1988-02-01 09:00:00,1988-02-05 07:00:00,41.3426,1988-02-02 19:00:00,34.0000
04178000,41.385278,-84.801667,1988-02-23 07:00:00,1988-02-27 14:00:00,42.7584,1988-02-24 20:00:00,37.0000
04178000,41.385278,-84.801667,1988-03-24 22:00:00,1988-03-30 19:00:00,62.2971,1988-03-27 01:00:00,51.0000
04178000,41.385278,-84.801667,1988-04-03 23:00:00,1988-04-14 06:00:00,97.4100,1988-04-09 03:00:00,124.0000
04178000,41.385278,-84.801667,1988-11-10 14:00:00,1988-11-16 15:00:00,48.7050,1988-11-13 18:00:00,76.0000
04178000,41.385278,-84.801667,1988-11-19 10:00:00,1988-11-26 10:00:00,50.6872,1988-11-23 00:00:00,86.0000
04178000,41.385278,-84.801667,1988-11-28 03:00:00,1988-11-29 18:00:00,33.1307,1988-11-28 13:00:00,10.0000
04178000,41.385278,-84.801667,1988-12-28 10:00:00,1988-12-30 04:00:00,42.1921,1988-12-29 06:00:00,20.0000
04178000,41.385278,-84.801667,1989-01-08 08:00:00,1989-01-15 11:00:00,63.4297,1989-01-11 12:00:00,76.0000
04178000,41.385278,-84.801667,1989-04-03 13:00:00,1989-04-10 12:00:00,52.6693,1989-04-06 01:00:00,60.0000
04178000,41.385278,-84.801667,1989-06-01 04:00:00,1989-06-12 11:00:00,227.6674,1989-06-04 08:00:00,76.0000
04178000,41.385278,-84.801667,1989-09-10 03:00:00,1989-09-10 14:00:00,34.5466,1989-09-10 06:00:00,3.0000
04178000,41.385278,-84.801667,1990-01-05 15:00:00,1990-01-12 17:00:00,37.3782,1990-01-08 02:00:00,59.0000
04178000,41.385278,-84.801667,1990-01-18 02:00:00,1990-01-24 06:00:00,50.6872,1990-01-19 16:00:00,38.0000
04178000,41.385278,-84.801667,1990-01-26 00:00:00,1990-01-28 23:00:00,36.2456,1990-01-26 19:00:00,19.0000
04178000,41.385278,-84.801667,1990-02-02 20:00:00,1990-02-08 10:00:00,46.7228,1990-02-04 22:00:00,50.0000
04178000,41.385278,-84.801667,1990-02-22 13:00:00,1990-02-25 04:00:00,166.5031,1990-02-25 04:00:00,63.0000
04178000,41.385278,-84.801667,1990-03-10 10:00:00,1990-03-21 11:00:00,68.8099,1990-03-14 11:00:00,97.0000
04178000,41.385278,-84.801667,1990-04-02 09:00:00,1990-04-03 01:00:00,32.5644,1990-04-02 16:00:00,7.0000
04178000,41.385278,-84.801667,1990-04-11 03:00:00,1990-04-15 21:00:00,43.6079,1990-04-12 02:00:00,23.0000
04178000,41.385278,-84.801667,1990-05-14 17:00:00,1990-05-24 18:00:00,139.8852,1990-05-19 02:00:00,105.0000
04178000,41.385278,-84.801667,1990-06-04 06:00:00,1990-06-07 05:00:00,36.5287,1990-06-05 22:00:00,40.0000
04178000,41.385278,-84.801667,1990-06-08 18:00:00,1990-06-11 08:00:00,43.3248,1990-06-09 10:00:00,16.0000
04178000,41.385278,-84.801667,1990-10-10 12:00:00,1990-10-17 14:00:00,69.6594,1990-10-12 22:00:00,58.0000
04178000,41.385278,-84.801667,1990-11-06 07:00:00,1990-11-11 16:00:00,45.8733,1990-11-08 07:00:00,48.0000
04178000,41.385278,-84.801667,1990-12-04 04:00:00,1990-12-07 14:00:00,40.7763,1990-12-05 08:00:00,28.0000
04178000,41.385278,-84.801667,1990-12-22 04:00:00,1990-12-24 04:00:00,38.5109,1990-12-23 04:00:00,24.0000
04178000,41.385278,-84.801667,1990-12-29 16:00:00,1991-01-01 04:00:00,193.1209,1991-01-01 04:00:00,60.0000
04178000,41.385278,-84.801667,1991-01-16 16:00:00,1991-01-19 04:00:00,42.1921,1991-01-17 21:00:00,29.0000
04178000,41.385278,-84.801667,1991-02-19 19:00:00,1991-02-25 07:00:00,43.0416,1991-02-21 11:00:00,40.0000
04178000,41.385278,-84.801667,1991-03-03 09:00:00,1991-03-07 00:00:00,39.9268,1991-03-04 10:00:00,25.0000
04178000,41.385278,-84.801667,1991-04-15 15:00:00,1991-04-29 16:00:00,81.2693,1991-04-22 02:00:00,155.0000
04178000,41.385278,-84.801667,1991-06-01 08:00:00,1991-06-03 09:00:00,38.7941,1991-06-02 00:00:00,16.0000
04178000,41.385278,-84.801667,1991-10-27 08:00:00,1991-10-30 01:00:00,52.1030,1991-10-28 07:00:00,23.0000
04178000,41.385278,-84.801667,1991-11-20 23:00:00,1991-11-24 11:00:00,48.7050,1991-11-22 09:00:00,34.0000
04178000,41.385278,-84.801667,1992-03-10 08:00:00,1992-03-12 16:00:00,36.8119,1992-03-11 05:00:00,21.0000
04178000,41.385278,-84.801667,1992-04-21 05:00:00,1992-04-23 22:00:00,35.1129,1992-04-21 18:00:00,13.0000
04178000,41.385278,-84.801667,1992-04-25 18:00:00,1992-04-29 05:00:00,34.2634,1992-04-28 10:00:00,64.0000
04178000,41.385278,-84.801667,1992-07-17 22:00:00,1992-07-22 11:00:00,41.9089,1992-07-19 16:00:00,42.0000
04178000,41.385278,-84.801667,1992-07-23 18:00:00,1992-07-30 15:00:00,56.3505,1992-07-25 20:00:00,50.0000
04178000,41.385278,-84.801667,1992-09-22 10:00:00,1992-09-24 09:00:00,39.9268,1992-09-23 07:00:00,21.0000
04178000,41.385278,-84.801667,1992-11-02 17:00:00,1992-11-08 16:00:00,49.5545,1992-11-04 20:00:00,51.0000
04178000,41.385278,-84.801667,1992-11-12 15:00:00,1992-11-21 00:00:00,81.5525,1992-11-15 11:00:00,68.0000
04178000,41.385278,-84.801667,1992-11-22 23:00:00,1992-12-01 11:00:00,81.5525,1992-11-25 19:00:00,68.0000
04178000,41.385278,-84.801667,1992-12-16 18:00:00,1992-12-18 13:00:00,34.5466,1992-12-17 02:00:00,8.0000
04178000,41.385278,-84.801667,1992-12-31 01:00:00,1993-01-16 15:00:00,207.2793,1993-01-06 22:00:00,165.0000
04178000,41.385278,-84.801667,1993-01-22 10:00:00,1993-01-28 11:00:00,47.0060,1993-01-25 04:00:00,66.0000
04178000,41.385278,-84.801667,1993-03-08 12:00:00,1993-03-14 00:00:00,49.2713,1993-03-10 11:00:00,47.0000
04178000,41.385278,-84.801667,1993-04-25 15:00:00,1993-04-29 00:00:00,43.3248,1993-04-26 07:00:00,16.0000
04178000,41.385278,-84.801667,1993-05-05 10:00:00,1993-05-08 15:00:00,40.4931,1993-05-06 14:00:00,28.0000
04178000,41.385278,-84.801667,1993-06-09 15:00:00,1993-06-15 06:00:00,41.0594,1993-06-13 13:00:00,94.0000
04178000,41.385278,-84.801667,1994-04-09 11:00:00,1994-04-20 06:00:00,83.8179,1994-04-15 04:00:00,137.0000
04178000,41.385278,-84.801667,1995-01-21 09:00:00,1995-01-24 07:00:00,37.6614,1995-01-22 10:00:00,25.0000
04178000,41.385278,-84.801667,1995-03-08 03:00:00,1995-03-13 12:00:00,44.4574,1995-03-09 11:00:00,32.0000
04178000,41.385278,-84.801667,1995-04-09 21:00:00,1995-04-17 04:00:00,81.2693,1995-04-12 08:00:00,59.0000
04178000,41.385278,-84.801667,1995-05-27 06:00:00,1995-05-30 15:00:00,34.5466,1995-05-29 11:00:00,53.0000
04178000,41.385278,-84.801667,1995-06-28 12:00:00,1995-07-05 11:00:00,82.6852,1995-07-02 12:00:00,96.0000
04178000,41.385278,-84.801667,1996-01-18 05:00:00,1996-01-21 10:00:00,41.3426,1996-01-18 15:00:00,10.0000
04178000,41.385278,-84.801667,1996-01-23 05:00:00,1996-01-25 03:00:00,37.0951,1996-01-23 18:00:00,13.0000
04178000,41.385278,-84.801667,1996-02-28 07:00:00,1996-03-02 16:00:00,42.1921,1996-03-01 00:00:00,41.0000
04178000,41.385278,-84.801667,1996-03-25 21:00:00,1996-03-26 16:00:00,33.1307,1996-03-26 05:00:00,8.0000
04178000,41.385278,-84.801667,1996-04-20 11:00:00,1996-04-29 10:00:00,67.6773,1996-04-24 22:00:00,107.0000
04178000,41.385278,-84.801667,1996-05-01 23:00:00,1996-05-04 05:00:00,32.5644,1996-05-02 04:00:00,5.0000
04178000,41.385278,-84.801667,1996-05-10 13:00:00,1996-05-26 05:00:00,294.4952,1996-05-18 14:00:00,193.0000
04178000,41.385278,-84.801667,1996-06-09 15:00:00,1996-06-15 05:00:00,64.8456,1996-06-12 03:00:00,60.0000
04178000,41.385278,-84.801667,1996-06-18 12:00:00,1996-06-27 10:00:00,93.1624,1996-06-22 15:00:00,99.0000
04178000,41.385278,-84.801667,1996-08-22 06:00:00,1996-08-23 17:00:00,37.6614,1996-08-22 20:00:00,14.0000
04178000,41.385278,-84.801667,1996-11-08 09:00:00,1996-11-11 02:00:00,42.4753,1996-11-09 08:00:00,23.0000
04178000,41.385278,-84.801667,1996-12-01 18:00:00,1996-12-04 09:00:00,40.2099,1996-12-02 19:00:00,25.0000
04178000,41.385278,-84.801667,1996-12-13 05:00:00,1996-12-17 10:00:00,56.6337,1996-12-13 16:00:00,11.0000
04178000,41.385278,-84.801667,1996-12-24 05:00:00,1996-12-27 04:00:00,68.2436,1996-12-26 17:00:00,60.0000
04178000,41.385278,-84.801667,1997-01-05 16:00:00,1997-01-07 04:00:00,35.3961,1997-01-06 03:00:00,11.0000
04178000,41.385278,-84.801667,1997-02-05 05:00:00,1997-02-09 05:00:00,42.7584,1997-02-06 04:00:00,23.0000
04178000,41.385278,-84.801667,1997-02-20 23:00:00,1997-03-11 17:00:00,104.7723,1997-02-23 19:00:00,68.0000
04178000,41.385278,-84.801667,1997-03-14 09:00:00,1997-03-23 21:00:00,85.8000,1997-03-16 09:00:00,48.0000
04178000,41.385278,-84.801667,1997-05-26 05:00:00,1997-05-28 17:00:00,38.5109,1997-05-26 23:00:00,18.0000
04178000,41.385278,-84.801667,1997-06-02 14:00:00,1997-06-04 07:00:00,38.2277,1997-06-03 06:00:00,16.0000
04178000,41.385278,-84.801667,1997-09-18 03:00:00,1997-09-19 04:00:00,35.1129,1997-09-18 10:00:00,7.0000
04178000,41.385278,-84.801667,1997-09-20 13:00:00,1997-09-26 19:00:00,52.6693,1997-09-22 16:00:00,51.0000
04178000,41.385278,-84.801667,1997-11-30 02:00:00,1997-12-03 08:00:00,41.0594,1997-12-01 06:00:00,28.0000
04178000,41.385278,-84.801667,1997-12-24 07:00:00,1997-12-31 17:00:00,51.2535,1997-12-27 00:00:00,65.0000
04178000,41.385278,-84.801667,1998-01-04 21:00:00,1998-01-17 13:00:00,131.1070,1998-01-10 19:00:00,142.0000
04178000,41.385278,-84.801667,1998-02-17 23:00:00,1998-02-27 09:00:00,81.5525,1998-02-21 14:00:00,87.0000
04178000,41.385278,-84.801667,1998-03-09 12:00:00,1998-03-11 04:00:00,73.3406,1998-03-11 04:00:00,40.0000
04178000,41.385278,-84.801667,1998-03-18 18:00:00,1998-04-04 22:00:00,66.5446,1998-03-22 05:00:00,83.0000
04178000,41.385278,-84.801667,1998-04-09 16:00:00,1998-04-18 12:00:00,85.8000,1998-04-11 18:00:00,50.0000
04178000,41.385278,-84.801667,1998-08-25 16:00:00,1998-09-01 16:00:00,111.0020,1998-08-27 00:00:00,32.0000
04178000,41.385278,-84.801667,1999-01-22 16:00:00,1999-02-05 16:00:00,158.5743,1999-01-26 22:00:00,102.0000
04178000,41.385278,-84.801667,1999-02-12 15:00:00,1999-02-13 21:00:00,34.5466,1999-02-13 01:00:00,10.0000
04178000,41.385278,-84.801667,1999-03-03 11:00:00,1999-03-06 12:00:00,41.6258,1999-03-04 06:00:00,19.0000
04178000,41.385278,-84.801667,1999-03-17 23:00:00,1999-03-23 15:00:00,50.4040,1999-03-19 14:00:00,39.0000
04178000,41.385278,-84.801667,1999-06-01 05:00:00,1999-06-04 01:00:00,41.6258,1999-06-02 22:00:00,41.0000
04178000,41.385278,-84.801667,2000-04-21 02:00:00,2000-04-28 11:00:00,54.0852,2000-04-22 14:00:00,36.0000
04178000,41.385278,-84.801667,2000-06-06 08:00:00,2000-06-09 13:00:00,37.6614,2000-06-07 04:00:00,20.0000
04178000,41.385278,-84.801667,2000-06-13 10:00:00,2000-07-08 13:00:00,81.2693,2000-06-17 04:00:00,90.0000
04178000,41.385278,-84.801667,2001-02-09 08:30:00,2001-02-18 04:00:00,180.9446,2001-02-13 07:00:00,94.5000
04178000,41.385278,-84.801667,2001-02-25 11:00:00,2001-03-05 03:00:00,63.4297,2001-03-01 03:00:00,88.0000
04178000,41.385278,-84.801667,2001-04-06 17:00:00,2001-04-10 12:00:00,45.8733,2001-04-07 19:00:00,26.0000
04178000,41.385278,-84.801667,2001-05-18 15:00:00,2001-05-22 02:00:00,41.6258,2001-05-18 20:00:00,5.0000
04178000,41.385278,-84.801667,2001-05-25 13:00:00,2001-06-04 03:00:00,50.1208,2001-05-29 04:00:00,87.0000
04178000,41.385278,-84.801667,2001-06-05 17:00:00,2001-06-10 21:00:00,50.6872,2001-06-07 02:00:00,33.0000
04178000,41.385278,-84.801667,2001-10-12 13:00:00,2001-10-30 19:00:00,107.6040,2001-10-18 12:00:00,143.0000
04178000,41.385278,-84.801667,2001-11-30 11:00:00,2001-12-06 13:00:00,52.3862,2001-12-01 22:00:00,35.0000
04178000,41.385278,-84.801667,2001-12-15 08:00:00,2001-12-23 20:00:00,62.0139,2001-12-19 06:00:00,94.0000
04178000,41.385278,-84.801667,2002-01-31 11:00:00,2002-02-10 15:00:00,107.8872,2002-02-04 09:00:00,94.0000
04178000,41.385278,-84.801667,2002-03-30 12:00:00,2002-04-21 07:00:00,71.3585,2002-04-05 00:00:00,132.0000
04178000,41.385278,-84.801667,2002-05-12 16:00:00,2002-05-23 18:00:00,179.5288,2002-05-15 16:00:00,72.0000
04178000,41.385278,-84.801667,2003-03-13 21:00:00,2003-03-22 20:00:00,41.3426,2003-03-17 04:00:00,79.0000
04178000,41.385278,-84.801667,2003-04-05 08:00:00,2003-04-11 10:00:00,45.8733,2003-04-06 13:00:00,28.0000
04178000,41.385278,-84.801667,2003-05-05 20:00:00,2003-05-08 06:00:00,40.2099,2003-05-06 12:00:00,16.0000
04178000,41.385278,-84.801667,2003-05-09 15:00:00,2003-05-18 05:00:00,73.0575,2003-05-12 18:00:00,75.0000
04178000,41.385278,-84.801667,2003-08-03 00:00:00,2003-08-07 15:00:00,56.6337,2003-08-05 04:00:00,52.0000
04178000,41.385278,-84.801667,2003-09-02 12:00:00,2003-09-06 02:00:00,47.5723,2003-09-04 09:00:00,45.0000
04178000,41.385278,-84.801667,2003-09-27 12:00:00,2003-09-30 23:00:00,41.9089,2003-09-28 14:00:00,26.0000
04178000,41.385278,-84.801667,2003-11-24 21:00:00,2003-11-25 10:00:00,32.5644,2003-11-25 00:00:00,3.0000
04178000,41.385278,-84.801667,2003-12-24 03:00:00,2003-12-29 03:00:00,41.3426,2003-12-25 10:00:00,31.0000
04178000,41.385278,-84.801667,2003-12-30 21:00:00,2004-01-01 18:00:00,32.5644,2003-12-31 00:00:00,3.0000
04178000,41.385278,-84.801667,2004-03-01 21:00:00,2004-03-12 01:00:00,58.8990,2004-03-07 00:00:00,123.0000
04178000,41.385278,-84.801667,2004-05-24 11:00:00,2004-05-26 13:00:00,38.7941,2004-05-25 04:00:00,17.0000
04178000,41.385278,-84.801667,2004-05-31 11:00:00,2004-06-03 20:00:00,43.0416,2004-06-01 09:00:00,22.0000
04178000,41.385278,-84.801667,2004-06-12 14:00:00,2004-06-23 11:00:00,82.6852,2004-06-16 07:00:00,89.0000
04178000,41.385278,-84.801667,2004-11-28 13:00:00,2004-12-04 05:00:00,37.9446,2004-12-02 05:00:00,88.0000
04178000,41.385278,-84.801667,2004-12-07 23:00:00,2004-12-14 23:00:00,45.5901,2004-12-09 06:00:00,31.0000
04178000,41.385278,-84.801667,2005-01-03 21:00:00,2005-01-10 06:00:00,55.5010,2005-01-05 23:00:00,50.0000
04178000,41.385278,-84.801667,2005-01-12 13:00:00,2005-01-25 16:00:00,158.2912,2005-01-16 09:00:00,92.0000
04178000,41.385278,-84.801667,2005-03-07 14:00:00,2005-03-12 23:00:00,38.5109,2005-03-10 21:00:00,79.0000
04178000,41.385278,-84.801667,2005-12-27 19:00:00,2006-01-10 03:00:00,50.6872,2005-12-30 10:00:00,63.0000
04178000,41.385278,-84.801667,2006-01-14 07:00:00,2006-01-26 20:00:00,47.8555,2006-01-19 04:00:00,117.0000
04178000,41.385278,-84.801667,2006-01-30 00:00:00,2006-02-09 16:00:00,42.4753,2006-02-05 20:00:00,164.0000
04178000,41.385278,-84.801667,2006-02-17 11:30:00,2006-02-23 09:30:00,47.0060,2006-02-18 21:30:00,34.0000
04178000,41.385278,-84.801667,2006-03-12 18:30:00,2006-03-21 08:30:00,89.7644,2006-03-15 02:00:00,55.5000
04178000,41.385278,-84.801667,2006-05-12 16:00:00,2006-05-22 11:00:00,89.7644,2006-05-17 00:30:00,104.5000
04178000,41.385278,-84.801667,2006-07-15 17:00:00,2006-07-19 00:00:00,37.9446,2006-07-16 10:00:00,17.0000
04178000,41.385278,-84.801667,2006-07-30 01:00:00,2006-07-31 08:00:00,33.6970,2006-07-30 13:00:00,12.0000
04178000,41.385278,-84.801667,2006-10-18 03:00:00,2006-10-21 13:00:00,41.3426,2006-10-19 05:00:00,26.0000
04178000,41.385278,-84.801667,2006-10-29 02:00:00,2006-10-30 03:00:00,33.4139,2006-10-29 10:00:00,8.0000
04178000,41.385278,-84.801667,2006-11-16 22:00:00,2006-11-22 03:00:00,43.6079,2006-11-18 04:00:00,30.0000
04178000,41.385278,-84.801667,2006-12-01 11:00:00,2006-12-05 04:00:00,93.1624,2006-12-05 01:00:00,86.0000
04178000,41.385278,-84.801667,2006-12-13 12:00:00,2006-12-18 06:00:00,39.0772,2006-12-14 09:00:00,21.0000
04178000,41.385278,-84.801667,2006-12-22 15:00:00,2006-12-30 12:00:00,48.7050,2006-12-27 03:00:00,108.0000
04178000,41.385278,-84.801667,2006-12-31 23:00:00,2007-01-23 00:00:00,94.2951,2007-01-07 01:00:00,146.0000
04178000,41.385278,-84.801667,2007-03-02 06:00:00,2007-03-08 18:00:00,49.2713,2007-03-04 15:00:00,57.0000
04178000,41.385278,-84.801667,2007-03-10 17:00:00,2007-03-21 11:00:00,68.5268,2007-03-15 20:00:00,122.0000
04178000,41.385278,-84.801667,2007-03-24 07:00:00,2007-03-27 03:00:00,33.9802,2007-03-24 20:00:00,13.0000
04178000,41.385278,-84.801667,2007-04-26 01:30:00,2007-05-04 03:45:00,90.3307,2007-04-29 12:00:00,82.5000
04178000,41.385278,-84.801667,2007-08-20 21:15:00,2007-09-01 12:00:00,98.5426,2007-08-27 09:30:00,156.2500
04178000,41.385278,-84.801667,2007-12-12 05:00:00,2007-12-18 12:00:00,58.8990,2007-12-14 01:30:00,44.5000
04178000,41.385278,-84.801667,2007-12-23 12:45:00,2007-12-30 16:00:00,56.3505,2007-12-25 19:45:00,55.0000
04178000,41.385278,-84.801667,2008-01-07 09:15:00,2008-01-19 10:45:00,174.4318,2008-01-11 17:15:00,104.0000
04178000,41.385278,-84.801667,2008-02-05 09:15:00,2008-02-18 04:45:00,176.6971,2008-02-09 02:00:00,88.7500
04178000,41.385278,-84.801667,2008-03-03 18:00:00,2008-03-05 04:45:00,59.7485,2008-03-05 04:00:00,34.0000
04178000,41.385278,-84.801667,2008-07-05 23:00:00,2008-07-13 18:45:00,59.4654,2008-07-09 13:15:00,86.2500
04178000,41.385278,-84.801667,2008-12-27 18:45:00,2009-01-05 19:30:00,107.0377,2008-12-31 16:30:00,93.7500
04178000,41.385278,-84.801667,2009-02-11 05:00:00,2009-02-22 19:15:00,125.4436,2009-02-14 15:15:00,82.2500
04178000,41.385278,-84.801667,2009-02-27 22:15:00,2009-03-06 00:30:00,54.3683,2009-03-03 15:30:00,89.2500
04178000,41.385278,-84.801667,2009-03-08 12:30:00,2009-03-23 04:45:00,274.3902,2009-03-12 08:15:00,91.7500
04178000,41.385278,-84.801667,2009-03-30 23:15:00,2009-04-01 11:00:00,32.8475,2009-03-31 14:30:00,15.2500
04178000,41.385278,-84.801667,2009-04-03 12:45:00,2009-04-26 11:30:00,94.8614,2009-04-08 13:00:00,120.2500
04178000,41.385278,-84.801667,2009-05-20 19:30:00,2009-05-21 14:30:00,32.5644,2009-05-21 02:00:00,6.5000
04178000,41.385278,-84.801667,2009-05-28 07:30:00,2009-05-30 17:45:00,34.5466,2009-05-28 17:15:00,9.7500
04178000,41.385278,-84.801667,2009-06-19 19:15:00,2009-06-26 22:00:00,56.0674,2009-06-24 14:00:00,114.7500
04178000,41.385278,-84.801667,2009-12-26 03:30:00,2009-12-28 04:45:00,52.6693,2009-12-28 04:15:00,48.7500
04178000,41.385278,-84.801667,2010-01-25 08:15:00,2010-01-27 04:45:00,41.6258,2010-01-26 08:00:00,23.7500
04178000,41.385278,-84.801667,2010-03-09 05:45:00,2010-03-21 04:30:00,88.0654,2010-03-15 18:30:00,155.7500
04178000,41.385278,-84.801667,2010-04-08 04:30:00,2010-04-11 12:45:00,55.7842,2010-04-09 01:45:00,21.2500
04178000,41.385278,-84.801667,2010-04-26 08:30:00,2010-05-08 06:00:00,62.0139,2010-04-29 01:30:00,65.0000
04178000,41.385278,-84.801667,2011-02-28 12:00:00,2011-03-17 11:45:00,101.3743,2011-03-07 01:00:00,157.0000
04178000,41.385278,-84.801667,2011-04-09 10:00:00,2011-04-11 03:15:00,34.5466,2011-04-09 23:00:00,13.0000
04178000,41.385278,-84.801667,2011-10-20 20:15:00,2011-10-25 09:00:00,42.4753,2011-10-22 01:15:00,29.0000
04178000,41.385278,-84.801667,2011-11-15 15:00:00,2011-11-20 10:00:00,37.3782,2011-11-16 08:00:00,17.0000
04178000,41.385278,-84.801667,2011-12-31 18:45:00,2012-01-03 05:30:00,33.6970,2012-01-01 06:00:00,11.2500
04178000,41.385278,-84.801667,2012-01-17 16:15:00,2012-02-05 19:45:00,57.7664,2012-01-24 18:15:00,170.0000
04178000,41.385278,-84.801667,2012-03-14 17:30:00,2012-03-19 09:45:00,44.7406,2012-03-17 10:15:00,64.7500
04178000,41.385278,-84.801667,2012-03-24 19:00:00,2012-03-30 02:15:00,43.8911,2012-03-27 21:45:00,74.7500
04178000,41.385278,-84.801667,2013-03-11 17:00:00,2013-03-19 10:15:00,62.2971,2013-03-15 21:15:00,100.2500
04178000,41.385278,-84.801667,2013-06-01 21:30:00,2013-06-04 01:30:00,42.7584,2013-06-02 21:15:00,23.7500
04178000,41.385278,-84.801667,2013-07-09 07:30:00,2013-07-13 00:30:00,44.7406,2013-07-11 23:30:00,64.0000
04178000,41.385278,-84.801667,2013-12-22 06:15:00,2013-12-27 22:30:00,60.3149,2013-12-24 00:00:00,41.7500
04178000,41.385278,-84.801667,2014-01-13 08:30:00,2014-01-17 01:45:00,39.0772,2014-01-15 01:30:00,41.0000
04178000,41.385278,-84.801667,2014-02-21 13:45:00,2014-03-02 14:00:00,70.7921,2014-02-24 21:45:00,80.0000
04178000,41.385278,-84.801667,2014-05-15 14:15:00,2014-05-22 18:45:00,53.2357,2014-05-18 04:00:00,61.7500
04178000,41.385278,-84.801667,2015-03-11 09:30:00,2015-03-21 05:45:00,59.7485,2015-03-15 08:30:00,95.0000
04178000,41.385278,-84.801667,2015-06-01 02:00:00,2015-06-05 11:30:00,51.2535,2015-06-02 10:45:00,32.7500
04178000,41.385278,-84.801667,2015-06-16 06:00:00,2015-06-22 15:15:00,50.1208,2015-06-19 05:30:00,71.5000
04178000,41.385278,-84.801667,2015-06-27 14:15:00,2015-07-06 16:00:00,139.3189,2015-07-01 11:30:00,93.2500
04178000,41.385278,-84.801667,2015-07-09 15:45:00,2015-07-15 05:15:00,56.6337,2015-07-12 05:00:00,61.2500
04178000,41.385278,-84.801667,2015-07-18 06:30:00,2015-07-21 15:00:00,45.5901,2015-07-19 05:45:00,23.2500
04178000,41.385278,-84.801667,2015-12-27 15:45:00,2016-01-04 08:45:00,67.6773,2015-12-30 16:30:00,72.7500
04178000,41.385278,-84.801667,2016-01-10 19:30:00,2016-01-13 09:00:00,37.9446,2016-01-11 11:30:00,16.0000
04178000,41.385278,-84.801667,2016-02-29 16:00:00,2016-03-06 10:00:00,46.7228,2016-03-03 03:30:00,59.5000
04178000,41.385278,-84.801667,2016-03-14 07:30:00,2016-03-16 17:45:00,37.6614,2016-03-14 22:00:00,14.5000
04178000,41.385278,-84.801667,2016-03-31 23:30:00,2016-04-05 04:15:00,37.9446,2016-04-01 15:15:00,15.7500
04178000,41.385278,-84.801667,2016-04-11 21:00:00,2016-04-15 08:00:00,36.5287,2016-04-12 15:45:00,18.7500
04178000,41.385278,-84.801667,2016-05-02 09:30:00,2016-05-07 16:45:00,49.5545,2016-05-03 23:30:00,38.0000
04185000,41.504444,-84.429722,1990-10-10 17:00:00,1990-10-16 15:00:00,33.6970,1990-10-13 09:00:00,64.0000
04185000,41.504444,-84.429722,1990-11-06 10:00:00,1990-11-11 09:00:00,32.8475,1990-11-09 06:00:00,68.0000
04185000,41.504444,-84.429722,1990-12-04 03:00:00,1990-12-08 04:00:00,30.2990,1990-12-06 11:00:00,56.0000
04185000,41.504444,-84.429722,1990-12-22 05:00:00,1990-12-25 09:00:00,26.9010,1990-12-24 04:00:00,47.0000
04185000,41.504444,-84.429722,1990-12-29 16:00:00,1991-01-08 19:00:00,149.5130,1990-12-31 21:00:00,53.0000
04185000,41.504444,-84.429722,1991-01-16 18:00:00,1991-01-22 22:00:00,37.6614,1991-01-19 05:00:00,59.0000
04185000,41.504444,-84.429722,1991-02-19 15:00:00,1991-02-26 07:00:00,46.1565,1991-02-22 12:00:00,69.0000
04185000,41.504444,-84.429722,1991-03-03 06:00:00,1991-03-07 10:00:00,30.2990,1991-03-05 08:00:00,50.0000
04185000,41.504444,-84.429722,1991-04-15 17:00:00,1991-04-29 21:00:00,80.1367,1991-04-22 14:00:00,165.0000
04185000,41.504444,-84.429722,1991-10-27 07:00:00,1991-10-30 01:00:00,40.7763,1991-10-28 02:00:00,19.0000
04185000,41.504444,-84.429722,1991-11-21 08:00:00,1991-11-23 15:00:00,25.6267,1991-11-21 22:00:00,14.0000
04185000,41.504444,-84.429722,1992-02-17 07:00:00,1992-02-22 06:00:00,24.4374,1992-02-20 21:00:00,86.0000
04185000,41.504444,-84.429722,1992-03-10 18:00:00,1992-03-14 21:00:00,33.6970,1992-03-13 02:00:00,56.0000
04185000,41.504444,-84.429722,1992-03-26 06:00:00,1992-03-30 13:00:00,28.3168,1992-03-28 05:00:00,47.0000
04185000,41.504444,-84.429722,1992-04-21 19:00:00,1992-04-28 14:00:00,29.4495,1992-04-27 01:00:00,126.0000
04185000,41.504444,-84.429722,1992-07-15 16:00:00,1992-07-22 06:00:00,39.0772,1992-07-18 13:00:00,69.0000
04185000,41.504444,-84.429722,1992-07-23 16:00:00,1992-07-29 19:00:00,44.1743,1992-07-27 01:00:00,81.0000
04185000,41.504444,-84.429722,1992-09-11 00:00:00,1992-09-11 22:00:00,22.0588,1992-09-11 06:00:00,6.0000
04185000,41.504444,-84.429722,1992-09-22 09:00:00,1992-09-24 12:00:00,32.2812,1992-09-23 01:00:00,16.0000
04185000,41.504444,-84.429722,1992-10-16 11:00:00,1992-10-20 03:00:00,31.7149,1992-10-18 10:00:00,47.0000
04185000,41.504444,-84.429722,1992-11-02 12:00:00,1992-11-08 07:00:00,53.5188,1992-11-05 12:00:00,72.0000
04185000,41.504444,-84.429722,1992-11-12 17:00:00,1992-11-20 06:00:00,84.3842,1992-11-15 09:00:00,64.0000
04185000,41.504444,-84.429722,1992-11-23 01:00:00,1992-11-29 21:00:00,60.5981,1992-11-25 20:00:00,67.0000
04185000,41.504444,-84.429722,1992-12-30 23:00:00,1993-01-14 14:00:00,137.9030,1993-01-06 16:00:00,161.0000
04185000,41.504444,-84.429722,1993-01-22 06:00:00,1993-01-28 01:00:00,44.4574,1993-01-25 02:00:00,68.0000
04185000,41.504444,-84.429722,1993-03-04 17:00:00,1993-03-13 23:00:00,46.1565,1993-03-11 01:00:00,152.0000
04185000,41.504444,-84.429722,1993-04-10 06:00:00,1993-04-13 09:00:00,29.4495,1993-04-11 17:00:00,35.0000
04185000,41.504444,-84.429722,1993-04-17 10:00:00,1993-04-18 01:00:00,21.8889,1993-04-17 16:00:00,6.0000
04185000,41.504444,-84.429722,1993-04-25 19:00:00,1993-04-28 14:00:00,29.7327,1993-04-27 03:00:00,32.0000
04185000,41.504444,-84.429722,1993-05-05 17:00:00,1993-05-08 01:00:00,28.8832,1993-05-06 23:00:00,30.0000
04185000,41.504444,-84.429722,1993-06-08 17:00:00,1993-06-13 07:00:00,39.9268,1993-06-11 11:00:00,66.0000
04185000,41.504444,-84.429722,1993-11-28 01:00:00,1993-11-29 13:00:00,23.1915,1993-11-28 16:00:00,15.0000
04185000,41.504444,-84.429722,1994-01-29 05:00:00,1994-01-31 04:00:00,45.8733,1994-01-29 08:00:00,3.0000
04185000,41.504444,-84.429722,1994-03-07 05:00:00,1994-03-12 07:00:00,66.8278,1994-03-08 15:00:00,34.0000
04185000,41.504444,-84.429722,1994-03-22 09:00:00,1994-03-25 00:00:00,28.1186,1994-03-23 17:00:00,32.0000
04185000,41.504444,-84.429722,1994-04-08 14:00:00,1994-04-11 09:00:00,27.2974,1994-04-09 17:00:00,27.0000
04185000,41.504444,-84.429722,1994-04-12 11:00:00,1994-04-19 08:00:00,72.2080,1994-04-14 21:00:00,58.0000
04185000,41.504444,-84.429722,1994-05-01 20:00:00,1994-05-03 08:00:00,23.6729,1994-05-02 15:00:00,19.0000
04185000,41.504444,-84.429722,1995-01-21 04:00:00,1995-01-25 00:00:00,34.2634,1995-01-23 03:00:00,47.0000
04185000,41.504444,-84.429722,1995-03-08 03:00:00,1995-03-11 18:00:00,35.3961,1995-03-10 01:00:00,46.0000
04185000,41.504444,-84.429722,1995-04-09 18:00:00,1995-04-16 11:00:00,61.4476,1995-04-12 18:00:00,72.0000
04185000,41.504444,-84.429722,1995-05-25 13:00:00,1995-05-27 21:00:00,26.9010,1995-05-26 20:00:00,31.0000
04185000,41.504444,-84.429722,1995-06-28 06:00:00,1995-07-03 16:00:00,43.0416,1995-07-01 19:00:00,85.0000
04185000,41.504444,-84.429722,1995-08-18 23:00:00,1995-08-20 16:00:00,24.2675,1995-08-19 21:00:00,22.0000
04185000,41.504444,-84.429722,1995-11-04 00:00:00,1995-11-05 10:00:00,24.0976,1995-11-04 17:00:00,17.0000
04185000,41.504444,-84.429722,1995-11-12 12:00:00,1995-11-15 04:00:00,28.8832,1995-11-13 23:00:00,35.0000
04185000,41.504444,-84.429722,1996-01-19 01:00:00,1996-01-19 04:00:00,24.5790,1996-01-19 04:00:00,3.0000
04185000,41.504444,-84.429722,1996-01-26 05:00:00,1996-01-27 23:00:00,30.5822,1996-01-26 09:00:00,4.0000
04185000,41.504444,-84.429722,1996-02-27 21:00:00,1996-03-02 23:00:00,44.4574,1996-03-01 04:00:00,55.0000
04185000,41.504444,-84.429722,1996-04-20 10:00:00,1996-04-28 15:00:00,71.9248,1996-04-23 06:00:00,68.0000
04185000,41.504444,-84.429722,1996-04-30 21:00:00,1996-05-04 15:00:00,34.8297,1996-05-02 20:00:00,47.0000
04185000,41.504444,-84.429722,1996-05-10 09:00:00,1996-05-19 11:00:00,58.3327,1996-05-13 00:00:00,63.0000
04185000,41.504444,-84.429722,1996-06-11 22:00:00,1996-06-12 11:00:00,23.7862,1996-06-12 03:00:00,5.0000
04185000,41.504444,-84.429722,1996-06-18 11:00:00,1996-06-26 11:00:00,123.1783,1996-06-20 19:00:00,56.0000
04185000,41.504444,-84.429722,1996-12-02 12:00:00,1996-12-03 07:00:00,22.2287,1996-12-02 20:00:00,8.0000
04185000,41.504444,-84.429722,1996-12-12 04:00:00,1996-12-16 04:00:00,38.7941,1996-12-14 13:00:00,57.0000
04185000,41.504444,-84.429722,1996-12-24 05:00:00,1996-12-30 05:00:00,63.4297,1996-12-27 04:00:00,71.0000
04185000,41.504444,-84.429722,1997-01-05 17:00:00,1997-01-08 03:00:00,28.6000,1997-01-07 03:00:00,34.0000
04185000,41.504444,-84.429722,1997-01-23 01:00:00,1997-01-25 04:00:00,31.9980,1997-01-25 02:00:00,49.0000
04185000,41.504444,-84.429722,1997-02-05 02:00:00,1997-02-10 08:00:00,43.8911,1997-02-08 00:00:00,70.0000
04185000,41.504444,-84.429722,1997-02-19 21:00:00,1997-03-08 15:00:00,96.2773,1997-02-23 20:00:00,95.0000
04185000,41.504444,-84.429722,1997-03-14 09:00:00,1997-03-22 21:00:00,95.7109,1997-03-16 11:00:00,50.0000
04185000,41.504444,-84.429722,1997-05-04 08:00:00,1997-05-06 20:00:00,26.7877,1997-05-05 08:00:00,24.0000
04185000,41.504444,-84.429722,1997-05-25 20:00:00,1997-05-27 21:00:00,30.0159,1997-05-26 19:00:00,23.0000
04185000,41.504444,-84.429722,1997-05-30 10:00:00,1997-05-31 10:00:00,23.0216,1997-05-30 23:00:00,13.0000
04185000,41.504444,-84.429722,1997-06-02 02:00:00,1997-06-07 20:00:00,43.0416,1997-06-05 01:00:00,71.0000
04185000,41.504444,-84.429722,1997-06-22 02:00:00,1997-06-27 21:00:00,39.3604,1997-06-24 12:00:00,58.0000
04185000,41.504444,-84.429722,1997-09-20 08:00:00,1997-09-24 19:00:00,57.4832,1997-09-21 18:00:00,34.0000
04185000,41.504444,-84.429722,1997-11-29 19:00:00,1997-12-02 23:00:00,30.0159,1997-12-01 05:00:00,34.0000
04185000,41.504444,-84.429722,1997-12-23 17:00:00,1997-12-30 22:00:00,50.9703,1997-12-28 04:00:00,107.0000
04185000,41.504444,-84.429722,1998-01-04 22:00:00,1998-01-15 18:00:00,91.4634,1998-01-10 09:00:00,131.0000
04185000,41.504444,-84.429722,1998-02-12 22:00:00,1998-02-15 10:00:00,29.1664,1998-02-14 06:00:00,32.0000
04185000,41.504444,-84.429722,1998-02-17 20:00:00,1998-02-26 21:00:00,101.9406,1998-02-20 08:00:00,60.0000
04185000,41.504444,-84.429722,1998-03-09 12:00:00,1998-03-16 16:00:00,83.5347,1998-03-11 21:00:00,57.0000
04185000,41.504444,-84.429722,1998-03-19 04:00:00,1998-04-03 04:00:00,57.4832,1998-03-22 08:00:00,76.0000
04185000,41.504444,-84.429722,1998-04-09 22:00:00,1998-04-18 02:00:00,54.9347,1998-04-12 13:00:00,63.0000
04185000,41.504444,-84.429722,1998-04-27 21:00:00,1998-04-30 06:00:00,27.4673,1998-04-28 23:00:00,26.0000
04185000,41.504444,-84.429722,1998-05-01 23:00:00,1998-05-06 00:00:00,31.7149,1998-05-03 20:00:00,45.0000
04185000,41.504444,-84.429722,1998-08-08 04:00:00,1998-08-11 12:00:00,30.0159,1998-08-10 06:00:00,50.0000
04185000,41.504444,-84.429722,1998-08-24 14:00:00,1998-08-30 19:00:00,144.6991,1998-08-25 23:00:00,33.0000
04185000,41.504444,-84.429722,1999-01-22 22:00:00,1999-02-05 13:00:00,143.2832,1999-01-25 17:00:00,67.0000
04185000,41.504444,-84.429722,1999-02-12 14:00:00,1999-02-14 20:00:00,24.7489,1999-02-14 00:00:00,34.0000
04185000,41.504444,-84.429722,1999-03-03 15:00:00,1999-03-06 09:00:00,28.8832,1999-03-05 00:00:00,33.0000
04185000,41.504444,-84.429722,1999-03-18 00:00:00,1999-03-23 09:00:00,46.1565,1999-03-20 13:00:00,61.0000
04185000,41.504444,-84.429722,1999-04-09 15:00:00,1999-04-21 05:00:00,56.9169,1999-04-11 22:00:00,55.0000
04185000,41.504444,-84.429722,1999-04-23 09:00:00,1999-04-30 09:00:00,72.4911,1999-04-26 05:00:00,68.0000
04185000,41.504444,-84.429722,1999-06-15 15:00:00,1999-06-16 18:00:00,27.5523,1999-06-16 03:00:00,12.0000
04185000,41.504444,-84.429722,2000-04-21 02:00:00,2000-04-26 20:00:00,42.7584,2000-04-24 05:00:00,75.0000
04185000,41.504444,-84.429722,2000-05-19 05:00:00,2000-06-03 09:00:00,70.7921,2000-05-23 10:00:00,101.0000
04185000,41.504444,-84.429722,2000-06-06 10:00:00,2000-06-08 12:00:00,22.9650,2000-06-07 15:00:00,29.0000
04185000,41.504444,-84.429722,2000-06-12 14:00:00,2000-06-23 06:00:00,39.9268,2000-06-15 20:00:00,78.0000
04185000,41.504444,-84.429722,2000-06-25 05:00:00,2000-07-07 14:00:00,77.5882,2000-06-28 16:00:00,83.0000
04185000,41.504444,-84.429722,2000-09-12 07:00:00,2000-09-14 16:00:00,31.9980,2000-09-12 14:00:00,7.0000
04185000,41.504444,-84.429722,2000-10-05 19:00:00,2000-10-08 03:00:00,32.8475,2000-10-06 08:00:00,13.0000
04185000,41.504444,-84.429722,2001-02-09 07:30:00,2001-02-21 06:30:00,116.3822,2001-02-12 07:30:00,72.0000
04185000,41.504444,-84.429722,2001-02-25 10:30:00,2001-03-04 11:00:00,59.7485,2001-02-28 04:30:00,66.0000
04185000,41.504444,-84.429722,2001-04-06 18:30:00,2001-04-08 17:00:00,31.7149,2001-04-07 07:00:00,12.5000
04185000,41.504444,-84.429722,2001-04-22 20:00:00,2001-04-25 11:00:00,25.6834,2001-04-24 05:00:00,33.0000
04185000,41.504444,-84.429722,2001-05-16 09:00:00,2001-05-23 16:00:00,62.0139,2001-05-19 23:00:00,86.0000
04185000,41.504444,-84.429722,2001-05-27 00:00:00,2001-06-01 02:30:00,36.8119,2001-05-29 08:00:00,56.0000
04185000,41.504444,-84.429722,2001-06-02 22:30:00,2001-06-09 15:00:00,27.4107,2001-06-05 23:00:00,72.5000
04185000,41.504444,-84.429722,2001-10-12 14:30:00,2001-10-29 12:30:00,62.8634,2001-10-19 04:30:00,158.0000
04185000,41.504444,-84.429722,2001-11-30 09:30:00,2001-12-05 10:30:00,45.5901,2001-12-02 23:00:00,61.5000
04185000,41.504444,-84.429722,2001-12-15 05:30:00,2001-12-23 03:30:00,56.9169,2001-12-19 19:00:00,109.5000
04185000,41.504444,-84.429722,2002-01-31 00:30:00,2002-02-10 04:30:00,91.7466,2002-02-03 15:30:00,87.0000
04185000,41.504444,-84.429722,2002-03-03 08:00:00,2002-03-16 05:30:00,51.2535,2002-03-06 06:00:00,70.0000
04185000,41.504444,-84.429722,2002-03-30 07:00:00,2002-04-20 11:30:00,69.9426,2002-04-05 02:30:00,139.5000
04185000,41.504444,-84.429722,2002-05-12 16:00:00,2002-05-22 14:00:00,116.6654,2002-05-14 19:30:00,51.5000
04185000,41.504444,-84.429722,2003-05-05 15:30:00,2003-05-16 09:00:00,45.0238,2003-05-12 13:00:00,165.5000
04185000,41.504444,-84.429722,2003-09-02 18:00:00,2003-09-03 16:00:00,27.1842,2003-09-03 01:00:00,7.0000
04185000,41.504444,-84.429722,2003-10-15 12:00:00,2003-10-18 19:00:00,28.6000,2003-10-17 01:00:00,37.0000
04185000,41.504444,-84.429722,2003-11-19 21:00:00,2003-11-23 08:30:00,28.3168,2003-11-21 16:30:00,43.5000
04185000,41.504444,-84.429722,2003-12-12 04:30:00,2003-12-13 16:30:00,23.3897,2003-12-13 00:00:00,19.5000
04185000,41.504444,-84.429722,2003-12-23 23:00:00,2003-12-28 19:30:00,34.8297,2003-12-26 12:30:00,61.5000
04185000,41.504444,-84.429722,2003-12-30 13:00:00,2004-01-02 23:30:00,27.4107,2004-01-01 05:30:00,40.5000
04185000,41.504444,-84.429722,2004-03-05 05:00:00,2004-03-10 20:30:00,36.2456,2004-03-07 22:00:00,65.0000
04185000,41.504444,-84.429722,2004-03-28 04:00:00,2004-03-29 06:30:00,22.2570,2004-03-28 15:00:00,11.0000
04185000,41.504444,-84.429722,2004-05-12 10:00:00,2004-05-15 04:00:00,24.6923,2004-05-14 02:30:00,40.5000
04185000,41.504444,-84.429722,2004-05-18 14:30:00,2004-05-20 00:30:00,23.5313,2004-05-19 08:00:00,17.5000
04185000,41.504444,-84.429722,2004-05-23 03:30:00,2004-05-29 11:00:00,43.0416,2004-05-26 20:30:00,89.0000
04185000,41.504444,-84.429722,2004-05-31 07:30:00,2004-06-04 00:00:00,30.2990,2004-06-01 17:00:00,33.5000
04185000,41.504444,-84.429722,2004-06-11 18:30:00,2004-06-23 05:30:00,49.2713,2004-06-15 02:30:00,80.0000
04185000,41.504444,-84.429722,2004-12-07 22:30:00,2004-12-13 19:00:00,36.8119,2004-12-10 14:00:00,63.5000
04185000,41.504444,-84.429722,2005-01-02 01:30:00,2005-01-09 07:30:00,42.1921,2005-01-06 07:30:00,102.0000
04185000,41.504444,-84.429722,2005-01-12 14:30:00,2005-01-22 04:30:00,117.5149,2005-01-15 12:30:00,70.0000
04185000,41.504444,-84.429722,2005-02-08 23:00:00,2005-02-26 16:30:00,75.8891,2005-02-17 05:30:00,198.5000
04185000,41.504444,-84.429722,2005-03-07 11:30:00,2005-03-13 08:30:00,40.4931,2005-03-10 09:30:00,70.0000
04185000,41.504444,-84.429722,2005-11-29 08:30:00,2005-12-01 18:00:00,26.1081,2005-11-30 01:00:00,16.5000
04185000,41.504444,-84.429722,2005-12-29 05:00:00,2006-01-09 15:30:00,47.0060,2006-01-06 08:30:00,195.5000
04185000,41.504444,-84.429722,2006-01-14 10:00:00,2006-01-26 12:00:00,36.5287,2006-01-21 19:00:00,177.0000
04185000,41.504444,-84.429722,2006-01-29 23:30:00,2006-02-09 21:00:00,35.6792,2006-02-01 15:30:00,64.0000
04185000,41.504444,-84.429722,2006-02-17 10:00:00,2006-02-23 05:30:00,47.0060,2006-02-20 05:30:00,67.5000
04185000,41.504444,-84.429722,2006-03-12 07:30:00,2006-03-20 14:00:00,91.1802,2006-03-14 11:00:00,51.5000
04185000,41.504444,-84.429722,2006-05-11 13:30:00,2006-05-22 01:30:00,79.2872,2006-05-16 00:00:00,106.5000
04185000,41.504444,-84.429722,2006-06-24 07:00:00,2006-06-25 19:00:00,23.2764,2006-06-25 03:00:00,20.0000
04185000,41.504444,-84.429722,2006-07-12 20:30:00,2006-07-20 13:00:00,45.8733,2006-07-16 01:30:00,77.0000
04185000,41.504444,-84.429722,2006-07-28 11:00:00,2006-07-31 22:00:00,33.4139,2006-07-30 06:30:00,43.5000
04185000,41.504444,-84.429722,2006-10-17 17:30:00,2006-10-22 00:30:00,35.1129,2006-10-19 18:30:00,49.0000
04185000,41.504444,-84.429722,2006-10-28 16:30:00,2006-11-01 11:00:00,30.8654,2006-10-30 17:00:00,49.5000
04185000,41.504444,-84.429722,2006-11-16 19:30:00,2006-11-22 02:30:00,37.9446,2006-11-19 10:30:00,63.0000
04185000,41.504444,-84.429722,2006-12-01 11:30:00,2006-12-08 17:30:00,63.7129,2006-12-04 08:00:00,68.5000
04185000,41.504444,-84.429722,2006-12-13 15:30:00,2006-12-17 13:30:00,28.6000,2006-12-15 12:00:00,44.5000
04185000,41.504444,-84.429722,2007-03-02 07:30:00,2007-03-08 07:30:00,39.0772,2007-03-05 13:30:00,78.0000
04185000,41.504444,-84.429722,2007-03-10 22:30:00,2007-03-20 17:00:00,45.3070,2007-03-15 23:30:00,120.0000
04185000,41.504444,-84.429722,2007-03-24 09:30:00,2007-03-25 19:00:00,23.0216,2007-03-25 00:30:00,15.0000
04185000,41.504444,-84.429722,2007-04-13 05:00:00,2007-04-14 22:00:00,24.2675,2007-04-13 23:30:00,18.5000
04185000,41.504444,-84.429722,2007-04-26 00:00:00,2007-05-05 05:00:00,68.8099,2007-04-28 13:30:00,61.5000
04185000,41.504444,-84.429722,2007-05-11 10:30:00,2007-05-12 12:30:00,22.4553,2007-05-12 00:00:00,13.5000
04185000,41.504444,-84.429722,2007-08-20 17:30:00,2007-08-30 19:30:00,55.7842,2007-08-23 01:30:00,56.0000
04185000,41.504444,-84.429722,2007-11-23 04:30:00,2007-11-24 15:30:00,23.1349,2007-11-23 21:00:00,16.5000
04185000,41.504444,-84.429722,2007-12-12 02:00:00,2007-12-18 06:00:00,51.2535,2007-12-14 19:30:00,65.5000
04185000,41.504444,-84.429722,2007-12-23 13:00:00,2007-12-30 23:00:00,49.8377,2007-12-26 07:30:00,66.5000
04185000,41.504444,-84.429722,2008-01-07 13:30:00,2008-01-18 11:30:00,120.9129,2008-01-10 20:30:00,79.0000
04185000,41.504444,-84.429722,2008-02-06 05:00:00,2008-02-16 05:30:00,145.2654,2008-02-08 06:00:00,49.0000
04185000,41.504444,-84.429722,2008-02-17 21:00:00,2008-02-24 20:30:00,67.3941,2008-02-20 12:00:00,63.0000
04185000,41.504444,-84.429722,2008-03-03 18:00:00,2008-03-09 12:00:00,57.7664,2008-03-06 08:30:00,62.5000
04185000,41.504444,-84.429722,2008-04-11 12:00:00,2008-04-17 21:30:00,39.3604,2008-04-14 12:30:00,72.5000
04185000,41.504444,-84.429722,2008-06-11 20:30:00,2008-06-12 03:00:00,21.5491,2008-06-11 22:00:00,1.5000
04185000,41.504444,-84.429722,2008-07-03 19:30:00,2008-07-05 03:30:00,41.9089,2008-07-05 03:30:00,32.0000
04185000,41.504444,-84.429722,2008-12-27 19:00:00,2009-01-04 21:30:00,79.8535,2008-12-30 16:00:00,69.0000
04185000,41.504444,-84.429722,2009-02-11 05:00:00,2009-02-19 04:30:00,103.0733,2009-02-13 17:00:00,60.0000
04185000,41.504444,-84.429722,2009-02-28 08:00:00,2009-03-04 04:30:00,31.4317,2009-03-02 09:30:00,49.5000
04185000,41.504444,-84.429722,2009-03-10 04:00:00,2009-03-21 08:30:00,234.7467,2009-03-12 10:45:00,54.7500
04185000,41.504444,-84.429722,2009-04-06 06:30:00,2009-04-13 05:00:00,52.1030,2009-04-09 00:30:00,66.0000
04185000,41.504444,-84.429722,2009-04-15 06:00:00,2009-04-25 20:00:00,31.9980,2009-04-23 04:30:00,190.5000
04185000,41.504444,-84.429722,2009-05-28 00:30:00,2009-05-30 09:30:00,25.6267,2009-05-28 23:00:00,22.5000
04185000,41.504444,-84.429722,2009-06-19 16:00:00,2009-06-26 10:30:00,47.2891,2009-06-23 13:30:00,93.5000
04185000,41.504444,-84.429722,2009-12-10 15:00:00,2009-12-11 23:30:00,24.7206,2009-12-11 17:30:00,26.5000
04185000,41.504444,-84.429722,2009-12-26 05:00:00,2009-12-30 20:00:00,34.5466,2009-12-28 21:00:00,64.0000
04185000,41.504444,-84.429722,2010-01-26 05:00:00,2010-01-28 07:00:00,27.4390,2010-01-26 22:30:00,17.5000
04185000,41.504444,-84.429722,2010-03-09 05:00:00,2010-03-20 17:00:00,65.1287,2010-03-15 14:00:00,152.0000
04185000,41.504444,-84.429722,2010-04-08 02:30:00,2010-04-12 12:30:00,54.3683,2010-04-08 21:30:00,19.0000
04185000,41.504444,-84.429722,2010-04-26 02:00:00,2010-05-01 10:00:00,46.7228,2010-04-28 16:00:00,62.0000
04185000,41.504444,-84.429722,2010-05-03 07:30:00,2010-05-07 16:00:00,33.6970,2010-05-05 08:00:00,48.5000
04185000,41.504444,-84.429722,2010-06-01 11:30:00,2010-06-03 01:30:00,23.7295,2010-06-01 22:30:00,11.0000
04185000,41.504444,-84.429722,2010-06-06 13:30:00,2010-06-11 01:30:00,42.7584,2010-06-08 11:00:00,45.5000
04185000,41.504444,-84.429722,2011-02-21 05:00:00,2011-02-26 19:30:00,43.0416,2011-02-21 22:30:00,17.5000
04185000,41.504444,-84.429722,2011-02-28 11:00:00,2011-03-18 06:30:00,91.1802,2011-03-07 17:00:00,174.0000
04185000,41.504444,-84.429722,2011-04-09 04:30:00,2011-04-11 23:00:00,23.4463,2011-04-10 03:00:00,22.5000
04185000,41.504444,-84.429722,2011-05-15 15:00:00,2011-05-21 03:00:00,34.5466,2011-05-17 12:00:00,45.0000
04185000,41.504444,-84.429722,2011-05-25 22:30:00,2011-06-05 16:00:00,96.8436,2011-05-31 06:30:00,128.0000
04185000,41.504444,-84.429722,2011-10-20 15:00:00,2011-10-24 04:00:00,28.6000,2011-10-22 05:30:00,38.5000
04185000,41.504444,-84.429722,2011-11-15 11:30:00,2011-11-18 23:30:00,26.5612,2011-11-17 08:30:00,45.0000
04185000,41.504444,-84.429722,2011-11-23 03:30:00,2011-12-24 15:30:00,208.6952,2011-12-01 09:30:00,198.0000
04185000,41.504444,-84.429722,2012-01-01 11:00:00,2012-01-03 01:30:00,22.7101,2012-01-02 04:30:00,17.5000
04185000,41.504444,-84.429722,2012-01-17 19:00:00,2012-01-31 04:00:00,40.2099,2012-01-21 08:30:00,85.5000
04185000,41.504444,-84.429722,2012-02-02 07:00:00,2012-02-04 03:00:00,22.7101,2012-02-03 05:00:00,22.0000
04185000,41.504444,-84.429722,2012-02-25 06:30:00,2012-02-27 21:30:00,24.4091,2012-02-26 21:00:00,38.5000
04185000,41.504444,-84.429722,2012-02-29 19:00:00,2012-03-09 05:30:00,46.4396,2012-03-04 11:00:00,88.0000
04185000,41.504444,-84.429722,2012-03-13 12:30:00,2012-03-19 00:00:00,38.5109,2012-03-16 02:00:00,61.5000
04185000,41.504444,-84.429722,2012-03-24 11:00:00,2012-03-27 23:00:00,29.4495,2012-03-24 23:00:00,12.0000
04185000,41.504444,-84.429722,2013-01-14 07:00:00,2013-01-15 10:00:00,22.4836,2013-01-14 15:30:00,8.5000
04185000,41.504444,-84.429722,2013-01-31 11:00:00,2013-02-03 12:00:00,25.0887,2013-02-02 21:30:00,58.5000
04185000,41.504444,-84.429722,2013-02-28 04:00:00,2013-03-03 05:30:00,26.6178,2013-03-01 11:00:00,31.0000
04185000,41.504444,-84.429722,2013-03-11 18:30:00,2013-03-18 04:00:00,35.3961,2013-03-15 09:30:00,87.0000
04185000,41.504444,-84.429722,2013-06-01 16:00:00,2013-06-03 17:00:00,27.9204,2013-06-02 01:00:00,9.0000
04185000,41.504444,-84.429722,2013-06-27 08:30:00,2013-07-01 23:00:00,29.1664,2013-06-29 04:30:00,44.0000
04185000,41.504444,-84.429722,2013-07-10 21:00:00,2013-07-12 11:30:00,31.1485,2013-07-11 07:00:00,10.0000
04185000,41.504444,-84.429722,2013-12-22 05:00:00,2013-12-23 04:30:00,38.2277,2013-12-23 04:00:00,23.0000
04185000,41.504444,-84.429722,2013-12-25 05:00:00,2013-12-26 04:30:00,43.6079,2013-12-25 05:30:00,0.5000
04185000,41.504444,-84.429722,2014-02-25 05:00:00,2014-03-02 03:30:00,62.8634,2014-02-26 03:30:00,22.5000
04185000,41.504444,-84.429722,2014-03-17 04:00:00,2014-04-13 07:00:00,94.5783,2014-03-22 07:30:00,123.5000
04185000,41.504444,-84.429722,2014-05-17 11:30:00,2014-05-19 00:30:00,22.2570,2014-05-18 05:30:00,18.0000
04185000,41.504444,-84.429722,2015-03-11 21:30:00,2015-03-20 19:00:00,53.5188,2015-03-15 13:00:00,87.5000
04185000,41.504444,-84.429722,2015-05-31 15:30:00,2015-06-05 04:30:00,41.6258,2015-06-01 11:30:00,20.0000
04185000,41.504444,-84.429722,2015-06-16 04:00:00,2015-06-22 13:00:00,30.5822,2015-06-19 16:00:00,84.0000
04185000,41.504444,-84.429722,2015-06-27 15:30:00,2015-07-07 10:00:00,152.3446,2015-06-30 03:30:00,60.0000
04185000,41.504444,-84.429722,2015-07-09 13:30:00,2015-07-15 06:00:00,40.7763,2015-07-11 02:30:00,37.0000
04185000,41.504444,-84.429722,2015-07-18 04:00:00,2015-07-18 16:00:00,22.8234,2015-07-18 09:30:00,5.5000
04185000,41.504444,-84.429722,2015-07-20 10:00:00,2015-07-20 16:00:00,21.5491,2015-07-20 11:30:00,1.5000
04185000,41.504444,-84.429722,2015-12-29 09:00:00,2016-01-02 22:30:00,28.2319,2016-01-01 08:00:00,71.0000
04185000,41.504444,-84.429722,2016-03-02 01:30:00,2016-03-04 00:30:00,22.9083,2016-03-02 21:00:00,19.5000
04185000,41.504444,-84.429722,2016-03-15 00:30:00,2016-03-17 01:00:00,23.3331,2016-03-16 07:00:00,30.5000
04185000,41.504444,-84.429722,2016-03-25 11:00:00,2016-04-06 02:00:00,30.0159,2016-03-28 21:00:00,82.0000
04185000,41.504444,-84.429722,2016-04-11 11:00:00,2016-04-16 02:00:00,27.5806,2016-04-14 02:30:00,63.5000
04185000,41.504444,-84.429722,2016-05-02 09:00:00,2016-05-07 07:30:00,31.1485,2016-05-05 02:00:00,65.0000
04185000,41.504444,-84.429722,2016-05-13 15:30:00,2016-05-16 16:00:00,25.0604,2016-05-15 00:30:00,33.0000
04206000,41.135556,-81.547222,1989-06-04 00:15:00,1989-06-04 00:30:00,86.6496,1989-06-04 00:30:00,0.2500
04206000,41.135556,-81.547222,1989-06-14 15:00:00,1989-06-15 01:00:00,111.0020,1989-06-14 17:15:00,2.2500
04206000,41.135556,-81.547222,1990-09-07 06:15:00,1990-09-07 15:00:00,131.3902,1990-09-07 07:30:00,1.2500
04206000,41.135556,-81.547222,1990-12-30 09:30:00,1991-01-03 16:45:00,121.7624,1990-12-30 19:45:00,10.2500
04206000,41.135556,-81.547222,1992-07-30 23:30:00,1992-07-31 09:00:00,114.1169,1992-07-31 04:00:00,4.5000
04206000,41.135556,-81.547222,1992-09-10 01:15:00,1992-09-10 03:15:00,109.5862,1992-09-10 02:15:00,1.0000
04206000,41.135556,-81.547222,1993-01-05 03:15:00,1993-01-06 10:30:00,110.7189,1993-01-05 04:30:00,1.2500
04206000,41.135556,-81.547222,1993-06-09 00:00:00,1993-06-09 14:15:00,110.7189,1993-06-09 00:45:00,0.7500
04206000,41.135556,-81.547222,1993-11-14 16:00:00,1993-11-14 18:15:00,101.6575,1993-11-14 17:00:00,1.0000
04206000,41.135556,-81.547222,1994-04-12 08:00:00,1994-04-16 15:30:00,128.8417,1994-04-12 13:45:00,5.7500
04206000,41.135556,-81.547222,1994-07-07 23:15:00,1994-07-08 04:45:00,122.6119,1994-07-08 00:15:00,1.0000
04206000,41.135556,-81.547222,1995-01-16 06:15:00,1995-01-16 07:15:00,89.1981,1995-01-16 06:45:00,0.5000
04206000,41.135556,-81.547222,1996-01-19 09:30:00,1996-01-19 14:15:00,95.1446,1996-01-19 10:30:00,1.0000
04206000,41.135556,-81.547222,1996-04-23 17:15:00,1996-04-23 18:00:00,86.3664,1996-04-23 17:30:00,0.2500
04206000,41.135556,-81.547222,1996-05-11 16:15:00,1996-05-12 01:00:00,106.7545,1996-05-11 17:45:00,1.5000
04206000,41.135556,-81.547222,1998-08-25 20:30:00,1998-08-25 21:30:00,97.4100,1998-08-25 20:45:00,0.2500
04206000,41.135556,-81.547222,2000-05-28 18:30:00,2000-05-28 20:00:00,94.0119,2000-05-28 19:30:00,1.0000
04206000,41.135556,-81.547222,2000-07-15 00:15:00,2000-07-15 01:00:00,89.4812,2000-07-15 00:30:00,0.2500
04206000,41.135556,-81.547222,2003-05-16 01:30:00,2003-05-16 04:15:00,91.4634,2003-05-16 02:00:00,0.5000
04206000,41.135556,-81.547222,2003-07-08 10:00:00,2003-07-09 23:30:00,121.1961,2003-07-08 12:00:00,2.0000
04206000,41.135556,-81.547222,2003-07-22 00:00:00,2003-07-24 23:30:00,146.1149,2003-07-22 01:45:00,1.7500
04206000,41.135556,-81.547222,2003-07-27 22:45:00,2003-07-28 01:45:00,105.6218,2003-07-27 23:15:00,0.5000
04206000,41.135556,-81.547222,2004-01-03 12:00:00,2004-01-03 13:00:00,86.9327,2004-01-03 12:15:00,0.2500
04206000,41.135556,-81.547222,2004-01-04 23:45:00,2004-01-05 18:45:00,103.9228,2004-01-05 03:00:00,3.2500
04206000,41.135556,-81.547222,2004-05-21 08:30:00,2004-05-25 17:30:00,157.7248,2004-05-22 09:00:00,24.5000
04206000,41.135556,-81.547222,2005-01-03 18:45:00,2005-01-10 09:00:00,128.8417,2005-01-06 17:15:00,70.5000
04206000,41.135556,-81.547222,2005-01-12 08:15:00,2005-01-17 11:00:00,114.1169,2005-01-14 05:00:00,44.7500
04206000,41.135556,-81.547222,2005-08-05 11:15:00,2005-08-05 12:45:00,99.6753,2005-08-05 11:45:00,0.5000
04206000,41.135556,-81.547222,2005-08-31 03:00:00,2005-08-31 07:30:00,108.7367,2005-08-31 04:00:00,1.0000
04206000,41.135556,-81.547222,2006-06-22 23:00:00,2006-06-23 01:45:00,103.9228,2006-06-23 00:00:00,1.0000
04206000,41.135556,-81.547222,2006-07-31 22:45:00,2006-08-01 01:00:00,103.0733,2006-07-31 23:15:00,0.5000
04206000,41.135556,-81.547222,2007-01-15 13:00:00,2007-01-17 11:15:00,99.9585,2007-01-15 19:00:00,6.0000
04206000,41.135556,-81.547222,2007-03-02 05:30:00,2007-03-02 11:30:00,97.6931,2007-03-02 06:30:00,1.0000
04206000,41.135556,-81.547222,2007-03-17 00:45:00,2007-03-18 11:15:00,88.6317,2007-03-17 17:15:00,16.5000
04206000,41.135556,-81.547222,2007-08-20 16:30:00,2007-08-20 23:00:00,116.6654,2007-08-20 17:15:00,0.7500
04206000,41.135556,-81.547222,2008-02-06 09:00:00,2008-02-10 11:15:00,125.1605,2008-02-06 10:30:00,1.5000
04206000,41.135556,-81.547222,2008-03-20 07:00:00,2008-03-21 07:30:00,88.9149,2008-03-20 13:15:00,6.2500
04206000,41.135556,-81.547222,2009-02-12 01:45:00,2009-02-14 18:15:00,100.8080,2009-02-12 21:15:00,19.5000
04206000,41.135556,-81.547222,2009-03-08 17:45:00,2009-03-10 19:30:00,100.2416,2009-03-09 02:30:00,8.7500
04206000,41.135556,-81.547222,2010-07-24 04:30:00,2010-07-24 05:00:00,91.4634,2010-07-24 05:00:00,0.5000
04206000,41.135556,-81.547222,2011-02-28 10:00:00,2011-03-14 23:30:00,134.5050,2011-02-28 13:30:00,3.5000
04206000,41.135556,-81.547222,2011-05-26 05:30:00,2011-05-26 21:30:00,116.3822,2011-05-26 07:00:00,1.5000
04206000,41.135556,-81.547222,2011-07-19 08:00:00,2011-07-19 15:00:00,152.3446,2011-07-19 10:00:00,2.0000
04206000,41.135556,-81.547222,2011-12-06 02:00:00,2011-12-06 08:00:00,94.2951,2011-12-06 06:00:00,4.0000
04206000,41.135556,-81.547222,2012-01-27 07:30:00,2012-01-27 11:30:00,94.0119,2012-01-27 08:30:00,1.0000
04206000,41.135556,-81.547222,2012-07-26 22:30:00,2012-07-27 00:00:00,116.0991,2012-07-26 23:00:00,0.5000
04206000,41.135556,-81.547222,2013-07-10 20:30:00,2013-07-12 11:00:00,180.3783,2013-07-10 22:30:00,2.0000
04206000,41.135556,-81.547222,2013-12-22 08:00:00,2013-12-22 14:00:00,94.0119,2013-12-22 10:30:00,2.5000
04206000,41.135556,-81.547222,2014-05-13 02:30:00,2014-05-13 11:00:00,155.7427,2014-05-13 04:00:00,1.5000
04206000,41.135556,-81.547222,2015-03-14 12:00:00,2015-03-18 21:00:00,108.1704,2015-03-17 12:30:00,72.5000
04206000,41.135556,-81.547222,2015-05-28 04:30:00,2015-05-28 05:30:00,95.4278,2015-05-28 05:00:00,0.5000
04206000,41.135556,-81.547222,2015-05-31 19:30:00,2015-05-31 21:30:00,109.0199,2015-05-31 20:30:00,1.0000
04206000,41.135556,-81.547222,2015-06-19 00:00:00,2015-06-19 08:00:00,124.5941,2015-06-19 03:00:00,3.0000
04206000,41.135556,-81.547222,2015-06-27 14:00:00,2015-06-27 20:30:00,108.1704,2015-06-27 15:30:00,1.5000
04206000,41.135556,-81.547222,2015-06-30 21:00:00,2015-07-01 09:00:00,114.4001,2015-06-30 22:00:00,1.0000
04206000,41.135556,-81.547222,2015-12-27 14:30:00,2015-12-27 17:00:00,93.1624,2015-12-27 15:30:00,1.0000
04221000,42.122222,-77.957500,1990-10-11 21:00:00,1990-10-12 01:30:00,167.0694,1990-10-11 23:00:00,2.0000
04221000,42.122222,-77.957500,1990-12-30 21:30:00,1990-12-31 04:30:00,170.4674,1990-12-31 00:30:00,3.0000
04221000,42.122222,-77.957500,1991-03-04 10:29:18,1991-03-04 19:29:30,180.6615,1991-03-04 13:29:21,3.0008
04221000,42.122222,-77.957500,1993-03-30 00:49:18,1993-04-03 01:00:00,220.5882,1993-04-01 19:23:09,66.5642
04221000,42.122222,-77.957500,1993-04-17 09:00:00,1993-04-17 13:00:00,158.5743,1993-04-17 11:00:00,2.0000
04221000,42.122222,-77.957500,1993-11-28 11:30:00,1993-11-28 19:30:00,175.2813,1993-11-28 14:30:00,3.0000
04221000,42.122222,-77.957500,1994-03-24 22:30:00,1994-03-25 12:00:00,200.4833,1994-03-25 04:00:00,5.5000
04221000,42.122222,-77.957500,1994-06-14 05:00:00,1994-06-14 17:00:00,188.0239,1994-06-14 14:00:00,9.0000
04221000,42.122222,-77.957500,1994-08-18 17:00:00,1994-08-18 20:30:00,158.0080,1994-08-18 19:00:00,2.0000
04221000,42.122222,-77.957500,1995-01-20 19:00:00,1995-01-20 22:30:00,161.6892,1995-01-20 21:00:00,2.0000
04221000,42.122222,-77.957500,1996-01-19 08:30:00,1996-01-20 19:00:00,642.7924,1996-01-19 21:30:00,13.0000
04221000,42.122222,-77.957500,1996-05-11 18:30:00,1996-05-12 17:30:00,211.2437,1996-05-12 00:30:00,6.0000
04221000,42.122222,-77.957500,1996-10-19 22:00:00,1996-10-20 00:00:00,155.7427,1996-10-19 23:00:00,1.0000
04221000,42.122222,-77.957500,1996-11-08 18:53:00,1996-11-09 17:53:00,229.9328,1996-11-09 04:23:00,9.5000
04221000,42.122222,-77.957500,1997-02-27 14:00:00,1997-02-27 19:30:00,173.2991,1997-02-27 17:00:00,3.0000
04221000,42.122222,-77.957500,1998-01-08 08:30:00,1998-01-09 05:30:00,197.0853,1998-01-08 12:30:00,4.0000
04221000,42.122222,-77.957500,1999-01-24 11:30:00,1999-01-24 18:30:00,159.9902,1999-01-24 14:30:00,3.0000
04221000,42.122222,-77.957500,2003-03-21 04:00:00,2003-03-22 11:00:00,197.9348,2003-03-22 03:00:00,23.0000
04221000,42.122222,-77.957500,2003-08-06 02:30:00,2003-08-06 03:30:00,157.1585,2003-08-06 03:00:00,0.5000
04221000,42.122222,-77.957500,2003-11-19 22:15:00,2003-11-20 12:45:00,212.9427,2003-11-20 03:30:00,5.2500
04221000,42.122222,-77.957500,2003-12-11 16:30:00,2003-12-11 17:45:00,152.9110,2003-12-11 17:30:00,1.0000
04221000,42.122222,-77.957500,2004-04-13 23:45:00,2004-04-14 07:15:00,192.8377,2004-04-14 03:00:00,3.2500
04221000,42.122222,-77.957500,2004-09-09 13:30:00,2004-09-10 01:15:00,194.8199,2004-09-09 19:00:00,5.5000
04221000,42.122222,-77.957500,2004-09-18 01:30:00,2004-09-18 22:30:00,225.6853,2004-09-18 11:00:00,9.5000
04221000,42.122222,-77.957500,2005-01-14 01:00:00,2005-01-14 21:00:00,203.0318,2005-01-14 12:30:00,11.5000
04221000,42.122222,-77.957500,2005-04-03 00:00:00,2005-04-03 09:45:00,163.6714,2005-04-03 03:30:00,2.5000
04221000,42.122222,-77.957500,2005-11-29 22:00:00,2005-11-30 17:00:00,265.8952,2005-11-30 03:45:00,5.7500
04221000,42.122222,-77.957500,2006-01-14 10:45:00,2006-01-14 19:30:00,195.3862,2006-01-14 14:45:00,4.0000
04221000,42.122222,-77.957500,2006-11-16 23:00:00,2006-11-17 04:30:00,164.2377,2006-11-17 01:30:00,2.5000
04221000,42.122222,-77.957500,2007-03-14 21:00:00,2007-03-16 06:45:00,302.9903,2007-03-15 16:15:00,19.2500
04221000,42.122222,-77.957500,2007-12-23 23:00:00,2007-12-24 09:15:00,201.0496,2007-12-24 03:30:00,4.5000
04221000,42.122222,-77.957500,2008-02-06 11:15:00,2008-02-07 08:00:00,262.7803,2008-02-06 17:15:00,6.0000
04221000,42.122222,-77.957500,2009-02-12 08:45:00,2009-02-12 11:00:00,159.1407,2009-02-12 09:45:00,1.0000
04221000,42.122222,-77.957500,2009-03-09 07:45:00,2009-03-09 15:30:00,174.7149,2009-03-09 11:15:00,3.5000
04221000,42.122222,-77.957500,2010-01-25 11:15:00,2010-01-26 11:15:00,297.3269,2010-01-25 18:00:00,6.7500
04221000,42.122222,-77.957500,2010-12-01 11:00:00,2010-12-02 11:15:00,319.9804,2010-12-01 18:15:00,7.2500
04221000,42.122222,-77.957500,2011-02-28 20:45:00,2011-02-28 23:15:00,155.4595,2011-02-28 22:00:00,1.2500
04221000,42.122222,-77.957500,2011-03-06 10:00:00,2011-03-06 23:45:00,200.4833,2011-03-06 15:45:00,5.7500
04221000,42.122222,-77.957500,2011-03-11 06:15:00,2011-03-11 16:15:00,185.1922,2011-03-11 10:15:00,4.0000
04221000,42.122222,-77.957500,2011-04-05 04:30:00,2011-04-05 12:45:00,164.8040,2011-04-05 08:00:00,3.5000
04221000,42.122222,-77.957500,2011-04-27 01:15:00,2011-04-27 04:45:00,163.6714,2011-04-27 02:15:00,1.0000
04221000,42.122222,-77.957500,2012-10-30 06:45:00,2012-10-30 12:30:00,173.0159,2012-10-30 09:15:00,2.5000
04221000,42.122222,-77.957500,2013-01-31 08:45:00,2013-01-31 19:00:00,184.0595,2013-01-31 12:15:00,3.5000
04221000,42.122222,-77.957500,2014-05-16 12:00:00,2014-05-16 23:45:00,228.8001,2014-05-16 16:45:00,4.7500
04221000,42.122222,-77.957500,2015-09-30 08:30:00,2015-09-30 17:30:00,195.9526,2015-09-30 12:45:00,4.2500
04266500,44.234722,-74.572222,1990-12-31 22:00:00,1991-01-08 17:00:00,151.7783,1991-01-03 07:45:00,57.7500
04266500,44.234722,-74.572222,1996-04-23 11:00:00,1996-05-25 18:00:00,171.6001,1996-04-28 03:00:00,112.0000
04266500,44.234722,-74.572222,1998-01-09 18:45:00,1998-01-23 22:30:00,205.2971,1998-01-14 13:30:00,114.7500
04266500,44.234722,-74.572222,1998-03-31 23:30:00,1998-04-15 03:15:00,205.2971,1998-04-06 00:45:00,120.2500
04266500,44.234722,-74.572222,1999-04-10 14:30:00,1999-04-13 17:30:00,117.5149,1999-04-12 16:00:00,49.5000
04266500,44.234722,-74.572222,2000-04-04 10:30:00,2000-04-30 14:15:00,168.2021,2000-04-11 16:15:00,173.7500
04266500,44.234722,-74.572222,2000-05-11 00:00:00,2000-05-26 13:15:00,163.6714,2000-05-16 16:45:00,136.7500
04266500,44.234722,-74.572222,2002-04-15 09:15:00,2002-04-28 20:15:00,178.3961,2002-04-20 00:15:00,111.0000
04266500,44.234722,-74.572222,2003-03-30 23:00:00,2003-04-07 09:45:00,127.7090,2003-04-02 16:30:00,65.5000
04266500,44.234722,-74.572222,2004-04-05 12:30:00,2004-04-05 17:00:00,116.9486,2004-04-05 13:15:00,0.7500
04266500,44.234722,-74.572222,2004-04-07 11:45:00,2004-04-08 14:45:00,113.2674,2004-04-07 12:15:00,0.5000
04266500,44.234722,-74.572222,2007-04-24 13:45:00,2007-05-07 21:15:00,150.6456,2007-04-30 08:15:00,138.5000
04266500,44.234722,-74.572222,2011-05-27 15:00:00,2011-05-27 15:30:00,114.6832,2011-05-27 15:15:00,0.2500
04266500,44.234722,-74.572222,2011-05-29 07:00:00,2011-06-03 08:45:00,125.7268,2011-06-01 17:45:00,82.7500
04266500,44.234722,-74.572222,2013-04-21 23:00:00,2013-05-01 07:15:00,130.5407,2013-04-25 17:15:00,90.2500
04266500,44.234722,-74.572222,2014-04-15 06:45:00,2014-05-11 08:00:00,194.2536,2014-04-19 12:30:00,101.7500
04266500,44.234722,-74.572222,2014-05-18 12:30:00,2014-05-26 12:15:00,134.5050,2014-05-22 13:30:00,97.0000
04266500,44.234722,-74.572222,2015-04-25 10:15:00,2015-04-26 17:15:00,113.8337,2015-04-26 12:00:00,25.7500
04266500,44.234722,-74.572222,2015-06-12 22:00:00,2015-06-19 09:00:00,120.0634,2015-06-15 15:30:00,65.5000
04266500,44.234722,-74.572222,2015-06-23 12:45:00,2015-07-02 13:15:00,125.7268,2015-06-26 12:30:00,71.7500
04024000,46.703333,-92.418611,1999-07-07 00:45:00,1999-07-15 00:45:00,807.0301,1999-07-10 19:30:00,90.7500
04024000,46.703333,-92.418611,1999-07-17 04:15:00,1999-07-19 06:45:00,501.2082,1999-07-17 21:15:00,17.0000
04024000,46.703333,-92.418611,2001-04-13 05:00:00,2001-04-20 10:30:00,733.4063,2001-04-14 15:45:00,34.7500
04024000,46.703333,-92.418611,2001-04-23 06:30:00,2001-05-03 18:00:00,773.0499,2001-04-25 05:30:00,47.0000
04024000,46.703333,-92.418611,2002-06-24 00:00:00,2002-06-28 15:30:00,733.4063,2002-06-25 17:15:00,41.2500
04024000,46.703333,-92.418611,2005-04-05 11:45:00,2005-04-05 14:30:00,487.0498,2005-04-05 12:45:00,1.0000
04024000,46.703333,-92.418611,2008-04-26 08:45:00,2008-04-29 18:30:00,555.0102,2008-04-26 21:45:00,13.0000
04024000,46.703333,-92.418611,2012-05-25 04:45:00,2012-06-02 05:15:00,605.9805,2012-05-30 11:00:00,126.2500
04024000,46.703333,-92.418611,2012-06-20 06:45:00,2012-06-29 09:15:00,1282.7532,2012-06-21 09:00:00,26.2500
04024000,46.703333,-92.418611,2013-04-30 07:30:00,2013-05-02 11:00:00,543.6835,2013-04-30 18:15:00,10.7500
04024000,46.703333,-92.418611,2014-05-11 00:45:00,2014-05-11 03:15:00,455.9012,2014-05-11 01:00:00,0.2500
04024000,46.703333,-92.418611,2014-05-13 06:15:00,2014-05-16 23:30:00,535.1884,2014-05-14 14:15:00,32.0000
04024000,46.703333,-92.418611,2016-03-16 17:30:00,2016-03-22 01:00:00,560.6736,2016-03-18 06:45:00,37.2500
04031000,46.511389,-90.074444,2001-04-12 03:00:00,2001-04-13 11:00:00,159.9902,2001-04-12 22:00:00,19.0000
04031000,46.511389,-90.074444,2002-04-14 21:00:00,2002-04-16 04:00:00,250.0378,2002-04-16 04:00:00,31.0000
04031000,46.511389,-90.074444,2003-05-11 23:00:00,2003-05-13 05:00:00,250.6041,2003-05-12 11:00:00,12.0000
04031000,46.511389,-90.074444,2013-04-29 23:45:00,2013-05-02 11:30:00,267.8774,2013-05-01 04:00:00,28.2500
04045500,46.575000,-85.269444,2002-04-18 21:00:00,2002-04-20 16:00:00,166.2199,2002-04-19 06:00:00,9.0000
04045500,46.575000,-85.269444,2014-05-02 14:00:00,2014-05-06 19:00:00,171.3169,2014-05-04 06:00:00,40.0000
04074950,45.190000,-88.733333,1990-06-13 15:00:00,1990-06-14 23:00:00,56.9169,1990-06-14 03:00:00,12.0000
04074950,45.190000,-88.733333,1991-05-31 23:00:00,1991-06-06 18:00:00,50.1208,1991-06-03 22:00:00,71.0000
04074950,45.190000,-88.733333,1993-06-20 10:00:00,1993-06-22 22:00:00,50.4040,1993-06-21 03:00:00,17.0000
04074950,45.190000,-88.733333,1996-04-19 21:00:00,1996-05-03 12:00:00,69.0931,1996-04-26 12:00:00,159.0000
04074950,45.190000,-88.733333,1997-04-06 13:00:00,1997-04-07 04:00:00,50.4040,1997-04-07 03:00:00,14.0000
04074950,45.190000,-88.733333,1998-04-01 19:00:00,1998-04-03 00:00:00,45.3070,1998-04-02 05:00:00,10.0000
04074950,45.190000,-88.733333,2002-04-19 05:00:00,2002-04-20 11:00:00,45.5901,2002-04-19 18:00:00,13.0000
04074950,45.190000,-88.733333,2013-05-04 10:45:00,2013-05-05 16:30:00,44.4574,2013-05-04 15:30:00,4.7500
04062011,45.947500,-88.215278,1996-04-21 17:00:00,1996-05-13 17:45:00,240.1269,1996-04-25 19:00:00,98.0000
04062011,45.947500,-88.215278,1996-05-20 17:30:00,1996-05-20 21:00:00,101.9406,1996-05-20 17:45:00,0.2500
04062011,45.947500,-88.215278,1997-04-06 13:15:00,1997-04-11 19:30:00,141.5842,1997-04-08 19:15:00,54.0000
04062011,45.947500,-88.215278,1997-05-19 19:30:00,1997-05-19 20:00:00,102.2238,1997-05-19 19:45:00,0.2500
04062011,45.947500,-88.215278,1998-03-31 20:15:00,1998-04-02 17:30:00,109.8694,1998-04-01 20:30:00,24.2500
04062011,45.947500,-88.215278,1999-07-15 11:15:00,1999-07-16 02:15:00,163.6714,1999-07-15 14:45:00,3.5000
04062011,45.947500,-88.215278,2001-04-13 05:30:00,2001-04-15 16:15:00,155.4595,2001-04-13 19:00:00,13.5000
04062011,45.947500,-88.215278,2002-04-13 20:00:00,2002-04-22 21:45:00,317.1487,2002-04-17 20:30:00,96.5000
04062011,45.947500,-88.215278,2002-05-10 00:45:00,2002-05-11 15:30:00,98.8258,2002-05-11 04:15:00,27.5000
04062011,45.947500,-88.215278,2003-05-13 08:00:00,2003-05-15 16:00:00,142.4337,2003-05-13 10:00:00,2.0000
04062011,45.947500,-88.215278,2004-04-19 19:00:00,2004-04-26 02:45:00,176.1308,2004-04-21 11:30:00,40.5000
04062011,45.947500,-88.215278,2008-04-20 23:15:00,2008-04-21 22:30:00,100.2416,2008-04-21 18:45:00,19.5000
04062011,45.947500,-88.215278,2013-04-28 14:30:00,2013-05-05 13:45:00,215.7744,2013-05-02 20:30:00,102.0000
04062011,45.947500,-88.215278,2014-04-22 21:45:00,2014-04-25 22:15:00,114.6832,2014-04-23 05:00:00,7.2500
04062011,45.947500,-88.215278,2014-04-27 13:00:00,2014-04-28 01:45:00,101.0911,2014-04-27 14:45:00,1.7500
04062011,45.947500,-88.215278,2014-05-01 20:15:00,2014-05-05 02:15:00,110.1525,2014-05-02 17:00:00,20.7500
04062011,45.947500,-88.215278,2014-05-12 23:45:00,2014-05-13 21:45:00,103.3565,2014-05-13 16:45:00,17.0000
04063500,45.871389,-88.070000,1996-04-21 20:30:00,1996-05-13 18:00:00,325.6437,1996-04-27 20:15:00,143.7500
04063500,45.871389,-88.070000,1996-05-20 21:00:00,1996-05-25 12:45:00,322.8121,1996-05-22 14:45:00,41.7500
04063500,45.871389,-88.070000,1996-06-06 23:15:00,1996-06-07 03:30:00,184.6258,1996-06-07 00:00:00,0.7500
04063500,45.871389,-88.070000,1997-04-07 15:30:00,1997-04-10 16:45:00,202.4655,1997-04-07 18:00:00,2.5000
04063500,45.871389,-88.070000,1997-05-20 07:00:00,1997-05-20 07:15:00,180.6615,1997-05-20 07:15:00,0.2500
04063500,45.871389,-88.070000,1998-04-01 15:45:00,1998-04-01 22:00:00,183.4932,1998-04-01 16:45:00,1.0000
04063500,45.871389,-88.070000,1999-05-09 19:15:00,1999-05-10 14:45:00,193.1209,1999-05-10 00:45:00,5.5000
04063500,45.871389,-88.070000,2002-04-14 15:30:00,2002-04-26 16:45:00,410.5943,2002-04-18 04:45:00,85.2500
04063500,45.871389,-88.070000,2002-05-09 21:30:00,2002-05-12 16:30:00,258.8160,2002-05-10 13:45:00,16.2500
04063500,45.871389,-88.070000,2003-04-22 22:15:00,2003-04-23 21:00:00,209.2615,2003-04-22 22:30:00,0.2500
04063500,45.871389,-88.070000,2003-05-13 04:00:00,2003-05-15 11:00:00,239.5605,2003-05-14 08:15:00,28.2500
04063500,45.871389,-88.070000,2004-04-19 23:00:00,2004-04-24 16:30:00,300.1586,2004-04-21 15:15:00,40.2500
04063500,45.871389,-88.070000,2004-04-25 22:45:00,2004-04-26 02:45:00,182.9268,2004-04-26 01:45:00,3.0000
04063500,45.871389,-88.070000,2013-04-30 06:30:00,2013-05-03 04:45:00,297.3269,2013-05-02 18:30:00,60.0000
04063500,45.871389,-88.070000,2014-05-11 21:00:00,2014-05-12 04:45:00,191.4219,2014-05-11 23:30:00,2.5000
04065106,45.767778,-87.980556,1993-05-04 20:15:00,1993-05-08 18:15:00,228.5170,1993-05-07 15:45:00,67.5000
04065106,45.767778,-87.980556,1993-06-25 11:30:00,1993-06-25 19:00:00,198.5011,1993-06-25 13:30:00,2.0000
04065106,45.767778,-87.980556,1995-05-16 22:15:00,1995-05-18 16:45:00,194.5367,1995-05-17 13:45:00,15.5000
04065106,45.767778,-87.980556,1996-04-19 22:15:00,1996-05-15 18:45:00,455.9012,1996-04-27 10:00:00,179.7500
04065106,45.767778,-87.980556,1996-05-20 18:30:00,1996-05-25 20:00:00,351.1289,1996-05-22 23:45:00,53.2500
04065106,45.767778,-87.980556,1996-06-04 06:45:00,1996-06-05 02:45:00,207.2793,1996-06-04 19:00:00,12.2500
04065106,45.767778,-87.980556,1996-06-06 22:30:00,1996-06-08 22:30:00,215.4912,1996-06-07 13:30:00,15.0000
04065106,45.767778,-87.980556,1997-04-05 11:30:00,1997-04-13 04:00:00,291.6635,1997-04-06 22:30:00,34.0000
04065106,45.767778,-87.980556,1997-04-16 21:15:00,1997-04-17 00:15:00,189.1565,1997-04-16 22:15:00,1.0000
04065106,45.767778,-87.980556,1997-05-20 01:45:00,1997-05-21 20:00:00,214.9249,1997-05-20 20:45:00,19.0000
04065106,45.767778,-87.980556,1998-03-30 15:15:00,1998-04-04 13:00:00,266.4615,1998-04-01 22:30:00,55.2500
04065106,45.767778,-87.980556,1999-05-08 13:45:00,1999-05-11 20:00:00,229.9328,1999-05-10 09:00:00,43.2500
04065106,45.767778,-87.980556,1999-05-19 12:00:00,1999-05-20 00:30:00,196.8021,1999-05-19 17:15:00,5.2500
04065106,45.767778,-87.980556,1999-05-24 11:00:00,1999-05-24 13:30:00,197.3684,1999-05-24 12:00:00,1.0000
04065106,45.767778,-87.980556,1999-07-10 13:45:00,1999-07-10 19:45:00,184.6258,1999-07-10 17:45:00,4.0000
04065106,45.767778,-87.980556,1999-07-15 13:00:00,1999-07-17 00:00:00,286.0002,1999-07-15 20:15:00,7.2500
04065106,45.767778,-87.980556,2001-04-13 02:30:00,2001-04-17 15:00:00,213.7922,2001-04-14 02:30:00,24.0000
04065106,45.767778,-87.980556,2002-04-14 02:00:00,2002-04-29 13:00:00,535.1884,2002-04-19 02:45:00,120.7500
04065106,45.767778,-87.980556,2002-04-30 20:15:00,2002-05-03 03:00:00,196.8021,2002-05-02 15:00:00,42.7500
04065106,45.767778,-87.980556,2002-05-09 13:15:00,2002-05-13 01:45:00,317.1487,2002-05-10 15:45:00,26.5000
04065106,45.767778,-87.980556,2003-04-21 04:00:00,2003-04-25 01:15:00,220.3051,2003-04-22 05:00:00,25.0000
04065106,45.767778,-87.980556,2003-04-26 20:00:00,2003-04-27 01:45:00,183.2100,2003-04-26 21:30:00,1.5000
04065106,45.767778,-87.980556,2003-05-13 00:45:00,2003-05-16 13:30:00,305.8219,2003-05-13 21:00:00,20.2500
04065106,45.767778,-87.980556,2004-04-19 23:15:00,2004-04-27 02:45:00,351.1289,2004-04-21 21:45:00,46.5000
04065106,45.767778,-87.980556,2004-06-01 18:15:00,2004-06-03 07:00:00,198.5011,2004-06-03 01:15:00,31.0000
04065106,45.767778,-87.980556,2006-05-29 01:30:00,2006-05-29 14:00:00,186.6080,2006-05-29 03:00:00,1.5000
04065106,45.767778,-87.980556,2008-04-21 22:00:00,2008-04-26 20:30:00,230.2160,2008-04-24 06:15:00,56.2500
04065106,45.767778,-87.980556,2010-09-24 11:15:00,2010-09-27 18:45:00,220.8714,2010-09-24 20:15:00,9.0000
04065106,45.767778,-87.980556,2011-06-22 20:30:00,2011-06-23 00:30:00,186.0417,2011-06-22 21:15:00,0.7500
04065106,45.767778,-87.980556,2013-04-29 14:00:00,2013-05-11 19:15:00,356.7923,2013-05-03 16:30:00,98.5000
04065106,45.767778,-87.980556,2014-04-23 15:45:00,2014-04-23 17:30:00,183.2100,2014-04-23 16:00:00,0.2500
04065106,45.767778,-87.980556,2014-04-26 13:45:00,2014-05-07 05:30:00,241.8259,2014-05-02 23:45:00,154.0000
04065106,45.767778,-87.980556,2014-05-10 02:30:00,2014-05-16 17:00:00,233.6140,2014-05-13 23:15:00,92.7500
04065106,45.767778,-87.980556,2015-05-27 14:15:00,2015-05-30 15:00:00,265.3289,2015-05-28 09:00:00,18.7500
04069416,45.143333,-87.800556,2001-04-08 19:00:00,2001-04-18 21:00:00,104.2060,2001-04-15 01:45:00,150.7500
04069416,45.143333,-87.800556,2002-05-09 14:00:00,2002-05-14 13:15:00,71.3585,2002-05-13 09:00:00,91.0000
04069416,45.143333,-87.800556,2002-06-15 02:00:00,2002-06-19 05:45:00,89.4812,2002-06-17 01:45:00,47.7500
04069416,45.143333,-87.800556,2002-06-24 06:45:00,2002-06-28 19:45:00,124.0278,2002-06-25 11:30:00,28.7500
04069416,45.143333,-87.800556,2002-10-07 13:15:00,2002-10-08 20:45:00,71.0753,2002-10-08 02:15:00,13.0000
04069416,45.143333,-87.800556,2003-04-16 15:00:00,2003-04-27 12:15:00,113.2674,2003-04-19 04:45:00,61.7500
04069416,45.143333,-87.800556,2003-05-12 21:00:00,2003-05-16 07:45:00,79.8535,2003-05-14 13:00:00,40.0000
04069416,45.143333,-87.800556,2003-06-11 20:00:00,2003-06-13 09:15:00,69.3763,2003-06-12 07:30:00,11.5000
04069416,45.143333,-87.800556,2004-03-27 13:45:00,2004-04-14 04:30:00,187.7407,2004-03-30 07:15:00,65.5000
04069416,45.143333,-87.800556,2004-04-20 05:30:00,2004-04-24 14:45:00,77.5882,2004-04-23 06:00:00,72.5000
04069416,45.143333,-87.800556,2004-05-24 19:30:00,2004-05-29 03:00:00,89.7644,2004-05-26 06:30:00,35.0000
04069416,45.143333,-87.800556,2004-06-01 08:15:00,2004-06-05 08:15:00,86.6496,2004-06-02 06:30:00,22.2500
04069416,45.143333,-87.800556,2004-06-18 05:45:00,2004-06-20 17:15:00,80.7030,2004-06-19 17:30:00,35.7500
04069416,45.143333,-87.800556,2005-03-31 05:45:00,2005-04-07 08:45:00,80.1367,2005-04-03 04:00:00,69.2500
04069416,45.143333,-87.800556,2006-05-13 19:15:00,2006-05-17 22:45:00,73.6238,2006-05-14 22:45:00,27.5000
04069416,45.143333,-87.800556,2007-03-27 23:30:00,2007-03-30 15:45:00,81.2693,2007-03-28 19:45:00,20.2500
04069416,45.143333,-87.800556,2007-04-03 07:00:00,2007-04-04 12:15:00,68.5268,2007-04-04 00:15:00,17.2500
04069416,45.143333,-87.800556,2008-04-09 22:15:00,2008-04-29 03:45:00,102.2238,2008-04-13 03:15:00,77.0000
04069416,45.143333,-87.800556,2010-07-09 01:15:00,2010-07-09 20:30:00,67.6773,2010-07-09 07:45:00,6.5000
04069416,45.143333,-87.800556,2010-09-24 13:30:00,2010-09-30 09:15:00,90.6139,2010-09-27 08:00:00,66.5000
04069416,45.143333,-87.800556,2011-04-10 14:30:00,2011-04-20 05:00:00,99.1090,2011-04-12 23:15:00,56.7500
04069416,45.143333,-87.800556,2011-04-27 02:05:00,2011-05-03 07:20:00,89.1981,2011-04-29 22:50:00,68.7500
04069416,45.143333,-87.800556,2011-05-12 18:50:00,2011-05-17 05:05:00,86.3664,2011-05-14 14:10:00,43.3333
04069416,45.143333,-87.800556,2011-06-23 09:05:00,2011-06-27 21:55:00,94.8614,2011-06-25 03:15:00,42.1667
04069416,45.143333,-87.800556,2012-03-14 19:40:00,2012-03-15 16:55:00,65.4119,2012-03-15 16:55:00,21.2500
04069416,45.143333,-87.800556,2012-03-17 07:55:00,2012-03-22 02:30:00,74.7565,2012-03-19 21:15:00,61.3333
04069416,45.143333,-87.800556,2013-04-18 15:35:00,2013-04-22 19:10:00,68.8099,2013-04-19 09:45:00,18.1667
04069416,45.143333,-87.800556,2014-04-08 02:35:00,2014-04-08 04:55:00,67.1109,2014-04-08 04:10:00,1.5833
04069416,45.143333,-87.800556,2014-04-10 05:00:00,2014-04-19 21:15:00,95.4278,2014-04-15 17:20:00,132.3333
04069416,45.143333,-87.800556,2014-04-21 08:00:00,2014-04-25 03:15:00,72.4911,2014-04-22 12:00:00,28.0000
04069416,45.143333,-87.800556,2014-04-26 20:25:00,2014-04-27 16:00:00,68.8099,2014-04-27 06:25:00,10.0000
04069416,45.143333,-87.800556,2014-04-29 09:25:00,2014-05-06 17:05:00,86.3664,2014-05-01 16:45:00,55.3333
04069416,45.143333,-87.800556,2014-05-27 11:45:00,2014-05-30 15:25:00,89.1981,2014-05-29 06:30:00,42.7500
04069416,45.143333,-87.800556,2014-09-05 14:55:00,2014-09-07 04:55:00,113.2674,2014-09-07 03:35:00,36.6667
04069416,45.143333,-87.800556,2014-09-08 05:00:00,2014-09-09 19:35:00,99.6753,2014-09-08 06:15:00,1.2500
04069416,45.143333,-87.800556,2014-10-16 18:40:00,2014-10-19 11:50:00,69.3763,2014-10-18 17:35:00,46.9167
04069416,45.143333,-87.800556,2015-04-11 09:20:00,2015-04-16 13:40:00,87.4991,2015-04-13 03:30:00,42.1667
04069416,45.143333,-87.800556,2015-05-28 04:15:00,2015-06-02 09:25:00,94.5783,2015-05-31 06:55:00,74.6667
04069416,45.143333,-87.800556,2015-12-15 08:45:00,2015-12-20 10:25:00,94.0119,2015-12-16 22:20:00,37.5833
04069416,45.143333,-87.800556,2016-03-16 06:45:00,2016-03-23 05:40:00,111.8515,2016-03-19 01:20:00,66.5833
04069416,45.143333,-87.800556,2016-04-01 13:05:00,2016-04-03 16:40:00,66.2614,2016-04-03 07:05:00,42.0000
04086600,43.280278,-87.942778,1990-03-15 18:30:00,1990-03-18 03:45:00,110.7189,1990-03-16 16:15:00,21.7500
04086600,43.280278,-87.942778,1993-04-16 00:45:00,1993-04-18 15:00:00,101.6575,1993-04-17 01:15:00,24.5000
04086600,43.280278,-87.942778,1993-04-20 00:00:00,1993-04-24 01:45:00,133.0892,1993-04-21 14:45:00,38.7500
04086600,43.280278,-87.942778,1996-06-08 02:14:45,1996-06-09 14:49:09,110.4357,1996-06-08 17:46:36,15.5308
04086600,43.280278,-87.942778,1996-06-17 19:45:18,1996-06-21 21:30:33,155.7427,1996-06-19 04:45:24,33.0017
04086600,43.280278,-87.942778,1998-04-01 22:15:00,1998-04-03 07:45:00,93.7288,1998-04-02 14:30:00,16.2500
04086600,43.280278,-87.942778,2004-05-22 01:45:00,2004-05-28 12:45:00,161.9724,2004-05-24 03:15:00,49.5000
04086600,43.280278,-87.942778,2004-06-11 21:00:00,2004-06-18 10:30:00,152.6278,2004-06-14 05:30:00,56.5000
04086600,43.280278,-87.942778,2008-04-11 06:05:00,2008-04-12 17:45:00,97.1268,2008-04-11 12:05:00,6.0000
04086600,43.280278,-87.942778,2008-04-26 19:20:00,2008-04-28 03:30:00,104.4892,2008-04-27 04:50:00,9.5000
04086600,43.280278,-87.942778,2008-06-08 22:15:00,2008-06-18 12:00:00,197.6516,2008-06-13 23:45:00,121.5000
04086600,43.280278,-87.942778,2009-04-27 09:10:00,2009-04-28 18:05:00,94.2951,2009-04-27 18:10:00,9.0000
04086600,43.280278,-87.942778,2011-03-21 21:20:00,2011-03-24 20:10:00,108.1704,2011-03-23 16:10:00,42.8333
04086600,43.280278,-87.942778,2011-04-26 20:20:00,2011-04-27 09:50:00,97.9763,2011-04-27 00:25:00,4.0833
04086600,43.280278,-87.942778,2014-04-14 08:59:00,2014-04-18 18:30:00,122.0456,2014-04-15 05:21:00,20.3667
04086600,43.280278,-87.942778,2015-04-09 20:40:00,2015-04-12 00:20:00,109.0199,2015-04-10 18:00:00,21.3333
04101500,41.829167,-86.259722,1990-02-23 18:00:00,1990-02-25 11:00:00,314.3170,1990-02-24 13:00:00,19.0000
04101500,41.829167,-86.259722,1990-03-11 20:00:00,1990-03-12 22:00:00,294.4952,1990-03-12 07:00:00,11.0000
04101500,41.829167,-86.259722,1990-03-14 01:00:00,1990-03-17 15:00:00,288.8318,1990-03-14 20:00:00,19.0000
04101500,41.829167,-86.259722,1990-05-18 13:00:00,1990-05-19 23:00:00,302.9903,1990-05-19 01:00:00,12.0000
04101500,41.829167,-86.259722,1990-10-11 03:00:00,1990-10-12 16:00:00,314.3170,1990-10-11 17:00:00,14.0000
04101500,41.829167,-86.259722,1990-12-30 00:00:00,1991-01-08 16:00:00,475.7230,1990-12-31 12:00:00,36.0000
04101500,41.829167,-86.259722,1992-12-31 18:00:00,1993-01-02 21:00:00,353.9606,1993-01-01 02:00:00,8.0000
04101500,41.829167,-86.259722,1993-01-03 22:00:00,1993-01-15 18:00:00,484.2181,1993-01-06 01:00:00,51.0000
04101500,41.829167,-86.259722,1993-06-09 00:00:00,1993-06-12 18:00:00,444.5745,1993-06-10 08:00:00,32.0000
04101500,41.829167,-86.259722,1996-05-10 19:00:00,1996-05-12 17:00:00,359.6240,1996-05-11 16:00:00,21.0000
04101500,41.829167,-86.259722,1996-05-17 06:00:00,1996-05-19 15:00:00,353.9606,1996-05-17 21:00:00,15.0000
04101500,41.829167,-86.259722,1996-06-10 12:00:00,1996-06-13 05:00:00,441.7428,1996-06-10 20:00:00,8.0000
04101500,41.829167,-86.259722,1996-06-18 23:00:00,1996-06-21 03:00:00,325.6437,1996-06-19 12:00:00,13.0000
04101500,41.829167,-86.259722,1997-02-22 02:00:00,1997-02-25 17:00:00,348.2972,1997-02-22 09:00:00,7.0000
04101500,41.829167,-86.259722,1997-02-27 03:00:00,1997-03-06 17:00:00,376.6141,1997-02-28 08:00:00,29.0000
04101500,41.829167,-86.259722,1998-01-08 17:00:00,1998-01-14 16:00:00,345.4655,1998-01-09 14:00:00,21.0000
04101500,41.829167,-86.259722,1999-01-24 09:00:00,1999-01-25 17:04:21,300.1586,1999-01-24 19:04:21,10.0725
04101500,41.829167,-86.259722,1999-04-23 13:00:00,1999-04-29 16:00:00,353.9606,1999-04-24 07:00:00,18.0000
04101500,41.829167,-86.259722,2001-02-10 06:00:00,2001-02-18 05:00:00,353.9606,2001-02-11 03:00:00,21.0000
04101500,41.829167,-86.259722,2001-02-25 22:00:00,2001-03-01 07:00:00,317.1487,2001-02-26 06:00:00,8.0000
04101500,41.829167,-86.259722,2002-05-12 23:00:00,2002-05-19 21:00:00,382.2774,2002-05-13 23:00:00,24.0000
04101500,41.829167,-86.259722,2004-06-13 04:00:00,2004-06-16 05:00:00,356.7923,2004-06-14 04:00:00,24.0000
04101500,41.829167,-86.259722,2005-01-13 13:00:00,2005-01-18 13:00:00,433.2478,2005-01-14 15:00:00,26.0000
04101500,41.829167,-86.259722,2005-02-15 13:00:00,2005-02-23 13:00:00,325.6437,2005-02-16 19:00:00,30.0000
04101500,41.829167,-86.259722,2006-03-14 04:00:00,2006-03-14 19:00:00,305.8219,2006-03-14 09:00:00,5.0000
04101500,41.829167,-86.259722,2007-08-24 03:00:00,2007-08-25 18:00:00,348.2972,2007-08-24 12:00:00,9.0000
04101500,41.829167,-86.259722,2008-01-08 06:00:00,2008-01-20 06:00:00,518.1983,2008-01-10 01:00:00,43.0000
04101500,41.829167,-86.259722,2008-02-06 04:00:00,2008-02-10 04:30:00,472.8913,2008-02-07 11:30:00,31.5000
04101500,41.829167,-86.259722,2008-02-11 05:00:00,2008-02-24 19:30:00,436.0794,2008-02-19 02:00:00,189.0000
04101500,41.829167,-86.259722,2008-03-04 04:30:00,2008-03-05 21:30:00,297.3269,2008-03-04 18:00:00,13.5000
04101500,41.829167,-86.259722,2008-04-01 18:00:00,2008-04-02 19:00:00,286.0002,2008-04-01 20:00:00,2.0000
04101500,41.829167,-86.259722,2008-04-11 21:00:00,2008-04-12 19:30:00,280.0536,2008-04-12 11:30:00,14.5000
04101500,41.829167,-86.259722,2008-09-14 21:00:00,2008-09-21 01:30:00,390.7725,2008-09-15 21:00:00,24.0000
04101500,41.829167,-86.259722,2008-12-28 08:30:00,2008-12-30 17:30:00,336.9705,2008-12-29 01:30:00,17.0000
04101500,41.829167,-86.259722,2009-02-12 15:30:00,2009-02-14 10:30:00,308.6536,2009-02-13 19:00:00,27.5000
04101500,41.829167,-86.259722,2009-02-27 22:00:00,2009-03-01 12:00:00,297.3269,2009-02-28 08:00:00,10.0000
04101500,41.829167,-86.259722,2009-03-08 22:30:00,2009-03-22 10:30:00,495.5448,2009-03-12 01:00:00,74.5000
04101500,41.829167,-86.259722,2009-04-06 16:30:00,2009-04-12 00:00:00,336.9705,2009-04-07 17:30:00,25.0000
04101500,41.829167,-86.259722,2011-04-28 05:45:00,2011-05-03 02:00:00,382.2774,2011-04-29 19:45:00,38.0000
04101500,41.829167,-86.259722,2011-05-27 17:45:00,2011-06-01 10:45:00,305.8219,2011-05-30 04:45:00,59.0000
04101500,41.829167,-86.259722,2011-12-15 16:15:00,2011-12-18 04:30:00,314.3170,2011-12-16 06:30:00,14.2500
04101500,41.829167,-86.259722,2013-04-19 01:15:00,2013-04-30 19:00:00,416.2576,2013-04-20 09:00:00,31.7500
04101500,41.829167,-86.259722,2014-03-24 00:45:00,2014-03-24 13:00:00,277.7883,2014-03-24 11:15:00,10.5000
04101500,41.829167,-86.259722,2014-04-04 12:00:00,2014-04-06 10:00:00,302.9903,2014-04-04 16:30:00,4.5000
04101500,41.829167,-86.259722,2015-07-19 14:15:00,2015-07-20 09:45:00,291.6635,2015-07-20 01:15:00,11.0000
04102500,42.186389,-86.368889,1997-02-22 14:00:00,1997-02-25 21:00:00,88.0654,1997-02-24 14:00:00,48.0000
04102500,42.186389,-86.368889,2005-01-16 21:45:00,2005-01-17 16:00:00,73.3406,2005-01-17 03:30:00,5.7500
04102500,42.186389,-86.368889,2008-09-15 12:30:00,2008-09-19 06:00:00,109.5862,2008-09-17 14:00:00,49.5000
04102500,42.186389,-86.368889,2008-12-28 09:45:00,2009-01-01 04:45:00,88.3486,2008-12-30 22:00:00,60.2500
04102500,42.186389,-86.368889,2009-02-13 01:30:00,2009-02-14 09:15:00,69.9426,2009-02-13 05:45:00,4.2500
04102500,42.186389,-86.368889,2009-03-11 06:15:00,2009-03-12 07:00:00,75.6060,2009-03-11 16:15:00,10.0000
04109000,42.283611,-84.408889,1989-11-15 12:30:00,1989-11-28 06:00:00,8.8915,1989-11-15 20:30:00,8.0000
04109000,42.283611,-84.408889,1990-01-04 10:00:00,1990-01-16 20:00:00,7.2491,1990-01-04 12:00:00,2.0000
04109000,42.283611,-84.408889,1990-01-23 01:00:00,1990-01-31 16:30:00,6.9659,1990-01-25 19:00:00,66.0000
04109000,42.283611,-84.408889,1990-02-02 04:00:00,1990-02-02 10:00:00,5.6067,1990-02-02 05:30:00,1.5000
04109000,42.283611,-84.408889,1990-05-04 15:00:00,1990-05-12 06:00:00,6.6261,1990-05-04 18:00:00,3.0000
04109000,42.283611,-84.408889,1990-05-13 07:30:00,1990-06-04 21:00:00,14.6115,1990-05-17 10:00:00,98.5000
04109000,42.283611,-84.408889,1990-06-08 08:30:00,1990-06-08 20:30:00,6.2297,1990-06-08 09:30:00,1.0000
04109000,42.283611,-84.408889,1990-06-14 12:00:00,1990-06-14 14:30:00,6.8244,1990-06-14 12:30:00,0.5000
04109000,42.283611,-84.408889,1990-06-30 13:00:00,1990-06-30 13:30:00,4.9271,1990-06-30 13:30:00,0.5000
04109000,42.283611,-84.408889,1990-08-19 08:00:00,1990-08-19 14:30:00,10.3640,1990-08-19 09:00:00,1.0000
04109000,42.283611,-84.408889,1990-09-07 06:00:00,1990-09-07 11:00:00,11.8364,1990-09-07 07:30:00,1.5000
04109000,42.283611,-84.408889,1990-09-14 18:30:00,1990-09-14 21:30:00,7.6455,1990-09-14 19:30:00,1.0000
04109000,42.283611,-84.408889,1990-09-21 20:30:00,1990-09-21 23:00:00,5.1537,1990-09-21 21:00:00,0.5000
04109000,42.283611,-84.408889,1990-10-04 04:30:00,1990-10-04 10:30:00,11.9497,1990-10-04 05:30:00,1.0000
04109000,42.283611,-84.408889,1990-10-09 06:00:00,1990-10-26 19:00:00,14.0735,1990-10-10 12:30:00,30.5000
04109000,42.283611,-84.408889,1990-11-05 05:30:00,1990-11-20 01:30:00,10.2790,1990-11-05 20:00:00,14.5000
04109000,42.283611,-84.408889,1990-11-22 12:30:00,1990-11-22 13:30:00,4.7572,1990-11-22 13:00:00,0.5000
04109000,42.283611,-84.408889,1990-11-27 05:30:00,1990-12-16 01:00:00,11.7232,1990-11-28 09:00:00,27.5000
04109000,42.283611,-84.408889,1990-12-17 15:00:00,1990-12-27 22:00:00,7.9570,1990-12-21 21:00:00,102.0000
04109000,42.283611,-84.408889,1990-12-29 09:30:00,1991-01-26 04:30:00,13.8186,1990-12-29 12:30:00,3.0000
04109000,42.283611,-84.408889,1991-05-14 17:30:00,1991-05-18 11:30:00,5.8333,1991-05-17 03:30:00,58.0000
04109000,42.283611,-84.408889,1991-05-26 06:00:00,1991-05-26 09:30:00,6.7960,1991-05-26 07:00:00,1.0000
04109000,42.283611,-84.408889,1991-05-31 07:00:00,1991-05-31 08:30:00,6.2297,1991-05-31 07:30:00,0.5000
04109000,42.283611,-84.408889,1991-06-02 13:00:00,1991-06-02 19:30:00,12.6010,1991-06-02 16:00:00,3.0000
04109000,42.283611,-84.408889,1991-06-10 21:00:00,1991-06-11 21:00:00,7.0226,1991-06-11 18:00:00,21.0000
04109000,42.283611,-84.408889,1991-06-15 23:00:00,1991-06-16 01:30:00,7.3341,1991-06-15 23:30:00,0.5000
04109000,42.283611,-84.408889,1991-07-08 01:30:00,1991-07-08 04:00:00,9.2313,1991-07-08 02:00:00,0.5000
04109000,42.283611,-84.408889,1991-08-15 20:30:00,1991-08-15 23:00:00,8.1836,1991-08-15 21:30:00,1.0000
04109000,42.283611,-84.408889,1991-08-19 17:00:00,1991-08-19 22:00:00,8.9764,1991-08-19 18:30:00,1.5000
04109000,42.283611,-84.408889,1991-08-30 23:30:00,1991-08-31 04:30:00,18.0095,1991-08-31 01:00:00,1.5000
04109000,42.283611,-84.408889,1991-09-03 23:30:00,1991-09-04 03:30:00,10.8454,1991-09-04 00:30:00,1.0000
04109000,42.283611,-84.408889,1991-10-04 12:00:00,1991-10-04 13:30:00,5.5218,1991-10-04 12:30:00,0.5000
04109000,42.283611,-84.408889,1991-10-25 15:30:00,1991-10-25 23:30:00,5.2386,1991-10-25 22:30:00,7.0000
04109000,42.283611,-84.408889,1991-10-29 02:00:00,1991-11-05 06:30:00,8.1553,1991-11-01 22:00:00,92.0000
04109000,42.283611,-84.408889,1991-11-20 07:30:00,1991-11-25 21:00:00,11.5533,1991-11-20 10:00:00,2.5000
04109000,42.283611,-84.408889,1991-11-28 21:30:00,1991-12-05 14:30:00,7.2208,1991-11-30 10:30:00,37.0000
04109000,42.283611,-84.408889,1991-12-06 15:00:00,1991-12-08 00:30:00,5.3802,1991-12-07 14:00:00,23.0000
04109000,42.283611,-84.408889,1991-12-09 01:30:00,1991-12-20 06:30:00,6.8527,1991-12-09 04:30:00,3.0000
04109000,42.283611,-84.408889,1991-12-29 08:30:00,1991-12-29 11:30:00,5.5501,1991-12-29 09:30:00,1.0000
04109000,42.283611,-84.408889,1992-01-08 13:30:00,1992-01-14 06:00:00,5.1253,1992-01-09 00:30:00,11.0000
04109000,42.283611,-84.408889,1992-01-17 18:00:00,1992-01-18 06:30:00,5.0687,1992-01-17 23:30:00,5.5000
04109000,42.283611,-84.408889,1992-02-15 11:30:00,1992-02-15 18:30:00,5.9182,1992-02-15 12:00:00,0.5000
04109000,42.283611,-84.408889,1992-02-22 17:30:00,1992-03-04 03:00:00,5.8616,1992-02-25 10:00:00,64.5000
04109000,42.283611,-84.408889,1992-03-07 13:30:00,1992-03-07 15:30:00,4.9838,1992-03-07 14:00:00,0.5000
04109000,42.283611,-84.408889,1992-03-10 08:00:00,1992-03-15 04:00:00,6.8244,1992-03-10 12:00:00,4.0000
04109000,42.283611,-84.408889,1992-03-17 16:00:00,1992-03-17 23:30:00,6.0881,1992-03-17 17:30:00,1.5000
04109000,42.283611,-84.408889,1992-04-07 19:30:00,1992-04-07 23:30:00,4.8422,1992-04-07 20:30:00,1.0000
04109000,42.283611,-84.408889,1992-04-16 15:30:00,1992-04-16 22:00:00,5.7483,1992-04-16 16:00:00,0.5000
04109000,42.283611,-84.408889,1992-05-17 21:30:00,1992-05-18 02:30:00,13.7903,1992-05-17 22:30:00,1.0000
04109000,42.283611,-84.408889,1992-05-23 20:00:00,1992-05-23 23:30:00,10.9303,1992-05-23 21:00:00,1.0000
04109000,42.283611,-84.408889,1992-05-31 00:00:00,1992-05-31 01:30:00,4.7855,1992-05-31 00:30:00,0.5000
04109000,42.283611,-84.408889,1992-06-18 01:30:00,1992-06-20 08:00:00,21.7190,1992-06-18 21:00:00,19.5000
04109000,42.283611,-84.408889,1992-06-23 19:00:00,1992-06-23 20:30:00,6.0881,1992-06-23 19:30:00,0.5000
04109000,42.283611,-84.408889,1992-07-03 00:30:00,1992-07-03 03:00:00,8.2685,1992-07-03 01:00:00,0.5000
04109000,42.283611,-84.408889,1992-07-05 02:00:00,1992-07-05 06:00:00,7.1642,1992-07-05 03:00:00,1.0000
04109000,42.283611,-84.408889,1992-07-12 21:30:00,1992-07-13 00:00:00,6.7394,1992-07-12 22:00:00,0.5000
04109000,42.283611,-84.408889,1992-07-14 20:30:00,1992-07-15 01:00:00,9.0614,1992-07-14 22:00:00,1.5000
04109000,42.283611,-84.408889,1992-07-17 16:30:00,1992-07-21 04:30:00,10.3356,1992-07-18 22:30:00,30.0000
04109000,42.283611,-84.408889,1992-07-31 05:00:00,1992-08-11 03:30:00,12.3178,1992-08-08 09:00:00,196.0000
04109000,42.283611,-84.408889,1992-08-27 20:00:00,1992-08-29 23:30:00,11.2135,1992-08-27 20:30:00,0.5000
04109000,42.283611,-84.408889,1992-09-03 01:30:00,1992-09-03 12:30:00,5.0687,1992-09-03 02:00:00,0.5000
04109000,42.283611,-84.408889,1992-09-07 19:30:00,1992-10-02 02:00:00,18.5759,1992-09-16 02:00:00,198.5000
04109000,42.283611,-84.408889,1992-10-09 02:00:00,1992-10-09 06:00:00,9.4012,1992-10-09 03:30:00,1.5000
04109000,42.283611,-84.408889,1993-02-06 06:00:00,1993-02-12 22:00:00,6.2014,1993-02-07 12:00:00,30.0000
04109000,42.283611,-84.408889,1993-02-19 01:30:00,1993-02-21 07:30:00,4.9271,1993-02-20 01:00:00,23.5000
04109000,42.283611,-84.408889,1993-06-05 03:30:00,1993-06-05 11:30:00,8.6083,1993-06-05 04:30:00,1.0000
04109000,42.283611,-84.408889,1993-06-07 14:00:00,1993-06-16 00:30:00,8.1836,1993-06-07 23:00:00,9.0000
04109000,42.283611,-84.408889,1993-06-19 19:00:00,1993-07-05 16:00:00,14.3283,1993-06-25 21:00:00,146.0000
04109000,42.283611,-84.408889,1993-07-09 06:00:00,1993-07-09 09:30:00,10.5339,1993-07-09 06:30:00,0.5000
04109000,42.283611,-84.408889,1993-07-14 09:30:00,1993-07-14 12:00:00,7.2208,1993-07-14 10:00:00,0.5000
04109000,42.283611,-84.408889,1993-07-19 00:00:00,1993-07-27 15:00:00,15.6592,1993-07-19 03:00:00,3.0000
04109000,42.283611,-84.408889,1993-08-06 21:00:00,1993-08-06 23:00:00,7.6455,1993-08-06 21:30:00,0.5000
04109000,42.283611,-84.408889,1993-08-29 14:00:00,1993-08-29 17:00:00,7.3341,1993-08-29 15:30:00,1.5000
04109000,42.283611,-84.408889,1993-09-02 16:30:00,1993-09-04 05:00:00,14.4416,1993-09-02 18:30:00,2.0000
04109000,42.283611,-84.408889,1993-09-06 14:30:00,1993-09-06 18:00:00,5.3236,1993-09-06 16:00:00,1.5000
04109000,42.283611,-84.408889,1993-09-14 23:00:00,1993-09-16 07:00:00,8.2402,1993-09-15 03:30:00,4.5000
04109000,42.283611,-84.408889,1993-09-27 16:00:00,1993-10-07 03:00:00,10.9303,1993-09-27 19:30:00,3.5000
04109000,42.283611,-84.408889,1993-10-09 09:30:00,1993-10-09 17:00:00,7.5606,1993-10-09 11:00:00,1.5000
04109000,42.283611,-84.408889,1993-10-16 15:30:00,1993-10-30 04:30:00,9.8259,1993-10-21 04:00:00,108.5000
04109000,42.283611,-84.408889,1993-11-01 05:00:00,1993-11-04 19:30:00,5.1253,1993-11-01 05:30:00,0.5000
04109000,42.283611,-84.408889,1993-11-27 03:30:00,1993-11-27 07:00:00,5.7483,1993-11-27 05:00:00,1.5000
04109000,42.283611,-84.408889,1993-12-02 14:00:00,1993-12-11 01:00:00,7.3057,1993-12-06 15:30:00,97.5000
04109000,42.283611,-84.408889,1993-12-18 23:00:00,1993-12-19 01:00:00,4.8988,1993-12-18 23:30:00,0.5000
04109000,42.283611,-84.408889,1994-01-28 02:00:00,1994-02-01 02:30:00,9.5711,1994-01-28 16:00:00,14.0000
04109000,42.283611,-84.408889,1994-02-02 23:00:00,1994-02-03 04:30:00,4.7289,1994-02-03 00:30:00,1.5000
04109000,42.283611,-84.408889,1994-05-25 11:30:00,1994-05-25 14:00:00,7.2774,1994-05-25 12:00:00,0.5000
04109000,42.283611,-84.408889,1994-06-13 14:30:00,1994-06-14 02:00:00,11.4117,1994-06-13 23:30:00,9.0000
04109000,42.283611,-84.408889,1994-06-20 18:30:00,1994-06-20 23:30:00,9.5428,1994-06-20 19:30:00,1.0000
04109000,42.283611,-84.408889,1994-06-24 05:00:00,1994-06-25 18:00:00,9.9392,1994-06-24 06:30:00,1.5000
04109000,42.283611,-84.408889,1994-06-27 23:30:00,1994-07-11 23:00:00,12.2329,1994-07-05 13:30:00,182.0000
04109000,42.283611,-84.408889,1994-07-20 13:00:00,1994-07-21 11:30:00,7.5040,1994-07-21 09:30:00,20.5000
04109000,42.283611,-84.408889,1994-07-25 22:00:00,1994-07-26 00:30:00,7.8721,1994-07-25 22:30:00,0.5000
04109000,42.283611,-84.408889,1994-08-11 12:00:00,1994-08-11 21:00:00,10.1374,1994-08-11 17:30:00,5.5000
04109000,42.283611,-84.408889,1994-08-13 10:30:00,1994-08-16 19:30:00,9.8826,1994-08-13 12:30:00,2.0000
04109000,42.283611,-84.408889,1994-08-20 16:30:00,1994-08-21 04:00:00,7.6455,1994-08-20 18:00:00,1.5000
04109000,42.283611,-84.408889,1994-10-01 03:00:00,1994-10-01 07:00:00,6.9376,1994-10-01 03:30:00,0.5000
04109000,42.283611,-84.408889,1994-10-09 01:30:00,1994-10-09 05:30:00,6.8244,1994-10-09 03:30:00,2.0000
04109000,42.283611,-84.408889,1994-11-01 04:30:00,1994-11-01 14:00:00,5.1537,1994-11-01 05:00:00,0.5000
04109000,42.283611,-84.408889,1994-11-05 21:30:00,1994-11-15 20:00:00,6.9943,1994-11-06 05:00:00,7.5000
04109000,42.283611,-84.408889,1994-11-27 20:00:00,1994-11-28 06:30:00,6.6261,1994-11-28 04:30:00,8.5000
04109000,42.283611,-84.408889,1994-12-05 05:30:00,1994-12-05 14:30:00,6.0598,1994-12-05 07:30:00,2.0000
04109000,42.283611,-84.408889,1995-01-13 09:00:00,1995-02-01 21:30:00,8.4101,1995-01-20 19:00:00,178.0000
04109000,42.283611,-84.408889,1995-02-27 18:30:00,1995-03-02 04:00:00,5.1253,1995-02-27 21:00:00,2.5000
04109000,42.283611,-84.408889,1995-03-05 20:00:00,1995-03-06 00:00:00,5.1253,1995-03-05 21:00:00,1.0000
04109000,42.283611,-84.408889,1995-04-04 08:00:00,1995-04-04 17:00:00,4.8988,1995-04-04 08:30:00,0.5000
04109000,42.283611,-84.408889,1995-04-08 07:30:00,1995-05-02 17:00:00,9.4861,1995-04-09 14:00:00,30.5000
04109000,42.283611,-84.408889,1995-05-06 10:30:00,1995-05-12 02:00:00,6.9376,1995-05-11 01:00:00,110.5000
04109000,42.283611,-84.408889,1995-05-15 13:00:00,1995-05-17 14:30:00,4.7855,1995-05-15 15:00:00,2.0000
04109000,42.283611,-84.408889,1995-05-24 09:30:00,1995-06-02 20:00:00,7.2491,1995-05-24 10:30:00,1.0000
04109000,42.283611,-84.408889,1995-06-25 23:00:00,1995-07-02 11:00:00,11.7798,1995-06-26 21:30:00,22.5000
04109000,42.283611,-84.408889,1995-07-04 21:30:00,1995-07-05 00:30:00,6.7960,1995-07-04 22:00:00,0.5000
04109000,42.283611,-84.408889,1995-07-16 22:30:00,1995-07-17 01:00:00,10.1091,1995-07-16 23:00:00,0.5000
04109000,42.283611,-84.408889,1995-07-20 21:30:00,1995-07-20 23:30:00,6.4279,1995-07-20 22:30:00,1.0000
04109000,42.283611,-84.408889,1995-07-23 05:00:00,1995-07-23 10:00:00,12.9408,1995-07-23 07:30:00,2.5000
04109000,42.283611,-84.408889,1995-08-02 22:00:00,1995-08-12 10:00:00,15.9141,1995-08-02 23:30:00,1.5000
04109000,42.283611,-84.408889,1995-08-13 23:00:00,1995-08-14 01:30:00,6.1731,1995-08-13 23:30:00,0.5000
04109000,42.283611,-84.408889,1995-08-15 23:30:00,1995-08-25 19:00:00,26.0798,1995-08-17 19:30:00,44.0000
04109000,42.283611,-84.408889,1995-10-03 17:30:00,1995-10-03 19:30:00,5.7766,1995-10-03 18:00:00,0.5000
04109000,42.283611,-84.408889,1995-10-05 20:30:00,1995-10-06 01:30:00,5.8899,1995-10-05 22:30:00,2.0000
04109000,42.283611,-84.408889,1995-10-27 09:00:00,1995-10-27 15:30:00,10.7321,1995-10-27 11:00:00,2.0000
04109000,42.283611,-84.408889,1995-11-02 02:30:00,1995-11-09 10:00:00,9.0614,1995-11-02 20:00:00,17.5000
04109000,42.283611,-84.408889,1995-11-10 15:30:00,1995-11-19 23:30:00,11.0436,1995-11-11 05:00:00,13.5000
04109000,42.283611,-84.408889,1995-11-27 19:45:00,1995-12-06 08:15:00,7.2208,1995-11-28 01:30:00,5.7500
04109000,42.283611,-84.408889,1996-01-17 19:45:00,1996-01-17 23:45:00,5.0404,1996-01-17 23:00:00,3.2500
04109000,42.283611,-84.408889,1996-01-19 01:30:00,1996-01-25 10:45:00,8.6083,1996-01-19 04:15:00,2.7500
04109000,42.283611,-84.408889,1996-01-26 20:15:00,1996-01-28 01:15:00,6.5978,1996-01-27 07:45:00,11.5000
04109000,42.283611,-84.408889,1996-02-26 12:30:00,1996-03-04 05:15:00,12.1479,1996-02-27 15:15:00,26.7500
04109000,42.283611,-84.408889,1996-03-05 19:30:00,1996-03-10 05:15:00,5.2953,1996-03-06 19:45:00,24.2500
04109000,42.283611,-84.408889,1996-03-11 21:00:00,1996-03-11 23:00:00,4.7006,1996-03-11 21:45:00,0.7500
04109000,42.283611,-84.408889,1996-03-18 14:30:00,1996-04-04 23:15:00,6.7960,1996-03-21 21:45:00,79.2500
04109000,42.283611,-84.408889,1996-04-12 21:30:00,1996-04-12 23:30:00,4.8988,1996-04-12 22:15:00,0.7500
04109000,42.283611,-84.408889,1996-04-15 12:45:00,1996-05-19 00:15:00,11.8364,1996-04-22 13:30:00,168.7500
04109000,42.283611,-84.408889,1996-05-21 04:00:00,1996-05-26 14:30:00,9.1747,1996-05-21 05:45:00,1.7500
04109000,42.283611,-84.408889,1996-05-30 16:00:00,1996-05-30 16:45:00,4.7855,1996-05-30 16:15:00,0.2500
04109000,42.283611,-84.408889,1996-06-06 13:30:00,1996-06-06 16:45:00,10.0242,1996-06-06 14:30:00,1.0000
04109000,42.283611,-84.408889,1996-06-09 08:30:00,1996-06-14 11:00:00,9.4295,1996-06-09 12:30:00,4.0000
04109000,42.283611,-84.408889,1996-06-17 15:30:00,1996-06-22 08:30:00,11.4117,1996-06-18 10:30:00,19.0000
04109000,42.283611,-84.408889,1996-06-24 09:15:00,1996-06-26 09:45:00,7.1642,1996-06-24 10:00:00,0.7500
04109000,42.283611,-84.408889,1996-07-13 21:30:00,1996-07-13 22:30:00,6.2863,1996-07-13 21:45:00,0.2500
04109000,42.283611,-84.408889,1996-07-29 00:00:00,1996-07-29 00:45:00,5.4368,1996-07-29 00:15:00,0.2500
04109000,42.283611,-84.408889,1996-08-19 17:00:00,1996-08-19 18:30:00,5.8616,1996-08-19 17:45:00,0.7500
04109000,42.283611,-84.408889,1996-08-20 20:30:00,1996-08-20 22:45:00,8.9198,1996-08-20 21:15:00,0.7500
04109000,42.283611,-84.408889,1996-08-23 06:00:00,1996-08-23 09:45:00,5.4935,1996-08-23 07:15:00,1.2500
04109000,42.283611,-84.408889,1996-09-09 10:45:00,1996-09-09 13:45:00,7.6455,1996-09-09 11:15:00,0.5000
04109000,42.283611,-84.408889,1996-09-27 15:45:00,1996-09-27 18:45:00,8.8915,1996-09-27 16:45:00,1.0000
04109000,42.283611,-84.408889,1996-10-18 06:30:00,1996-10-18 11:15:00,6.1164,1996-10-18 09:30:00,3.0000
04109000,42.283611,-84.408889,1996-10-23 09:00:00,1996-10-23 11:00:00,5.5784,1996-10-23 09:45:00,0.7500
04109000,42.283611,-84.408889,1996-10-29 21:00:00,1996-10-31 03:30:00,8.1836,1996-10-30 06:00:00,9.0000
04109000,42.283611,-84.408889,1996-11-07 10:30:00,1996-11-12 22:30:00,9.8543,1996-11-07 22:45:00,12.2500
04109000,42.283611,-84.408889,1996-12-11 15:00:00,1996-12-11 19:30:00,6.4562,1996-12-11 16:00:00,1.0000
04109000,42.283611,-84.408889,1996-12-12 20:00:00,1996-12-13 16:30:00,5.6067,1996-12-13 00:45:00,4.7500
04109000,42.283611,-84.408889,1996-12-15 21:45:00,1996-12-16 17:30:00,5.0687,1996-12-16 00:30:00,2.7500
04109000,42.283611,-84.408889,1996-12-23 16:15:00,1996-12-24 06:45:00,9.4861,1996-12-24 02:45:00,10.5000
04109000,42.283611,-84.408889,1996-12-29 07:30:00,1996-12-31 06:30:00,5.4935,1996-12-30 17:45:00,34.2500
04109000,42.283611,-84.408889,1997-01-03 05:15:00,1997-01-09 11:30:00,9.9958,1997-01-05 05:15:00,48.0000
04109000,42.283611,-84.408889,1997-01-22 04:15:00,1997-01-25 02:45:00,6.0032,1997-01-22 10:45:00,6.5000
04109000,42.283611,-84.408889,1997-01-26 21:15:00,1997-01-27 18:30:00,4.7289,1997-01-26 22:45:00,1.5000
04109000,42.283611,-84.408889,1997-01-29 20:45:00,1997-01-30 06:15:00,5.1537,1997-01-29 23:45:00,3.0000
04109000,42.283611,-84.408889,1997-02-04 15:30:00,1997-02-08 22:45:00,6.6261,1997-02-04 21:30:00,6.0000
04109000,42.283611,-84.408889,1997-05-01 15:00:00,1997-05-18 00:15:00,7.5889,1997-05-08 11:30:00,164.5000
04109000,42.283611,-84.408889,1997-05-19 04:00:00,1997-05-23 02:15:00,10.4772,1997-05-19 05:15:00,1.2500
04109000,42.283611,-84.408889,1997-05-26 13:15:00,1997-05-31 19:45:00,5.7766,1997-05-29 15:00:00,73.7500
04109000,42.283611,-84.408889,1997-06-02 12:30:00,1997-06-10 01:00:00,6.6828,1997-06-02 14:30:00,2.0000
04109000,42.283611,-84.408889,1997-06-16 16:30:00,1997-06-16 18:30:00,5.5218,1997-06-16 17:30:00,1.0000
04109000,42.283611,-84.408889,1997-07-21 14:45:00,1997-07-21 19:45:00,11.5816,1997-07-21 15:45:00,1.0000
04109000,42.283611,-84.408889,1997-08-13 02:15:00,1997-08-13 04:45:00,6.7677,1997-08-13 03:00:00,0.7500
04109000,42.283611,-84.408889,1997-08-16 12:30:00,1997-08-17 07:30:00,8.6933,1997-08-16 13:15:00,0.7500
04109000,42.283611,-84.408889,1997-08-24 14:00:00,1997-08-24 18:00:00,5.4368,1997-08-24 16:45:00,2.7500
04109000,42.283611,-84.408889,1997-09-10 04:45:00,1997-09-10 17:00:00,6.4846,1997-09-10 09:30:00,4.7500
04109000,42.283611,-84.408889,1997-09-17 10:15:00,1997-09-17 18:45:00,7.1075,1997-09-17 16:00:00,5.7500
04109000,42.283611,-84.408889,1997-09-19 22:30:00,1997-09-21 20:30:00,6.9943,1997-09-20 01:30:00,3.0000
04109000,42.283611,-84.408889,1997-11-01 00:15:00,1997-11-02 08:00:00,6.0881,1997-11-02 03:30:00,27.2500
04109000,42.283611,-84.408889,1997-12-25 00:00:00,1997-12-31 04:00:00,6.1164,1997-12-25 01:45:00,1.7500
04109000,42.283611,-84.408889,1998-01-04 07:45:00,1998-01-04 09:45:00,5.0687,1998-01-04 08:15:00,0.5000
04109000,42.283611,-84.408889,1998-01-05 18:00:00,1998-02-07 05:30:00,14.3566,1998-01-08 17:30:00,71.5000
04109000,42.283611,-84.408889,1998-04-02 05:00:00,1998-04-24 01:00:00,11.8081,1998-04-09 18:30:00,180.5000
04109000,42.283611,-84.408889,1998-04-26 03:00:00,1998-05-18 01:30:00,14.6398,1998-05-02 02:00:00,143.0000
04109000,42.283611,-84.408889,1998-05-31 10:45:00,1998-05-31 16:00:00,7.5606,1998-05-31 11:45:00,1.0000
04109000,42.283611,-84.408889,1998-06-10 04:15:00,1998-06-13 12:15:00,8.0986,1998-06-12 22:15:00,66.0000
04109000,42.283611,-84.408889,1998-06-15 19:00:00,1998-06-22 21:45:00,14.2434,1998-06-17 01:00:00,30.0000
04109000,42.283611,-84.408889,1998-06-26 10:15:00,1998-06-26 13:30:00,7.0792,1998-06-26 11:00:00,0.7500
04109000,42.283611,-84.408889,1998-06-30 01:45:00,1998-06-30 20:30:00,5.4652,1998-06-30 19:15:00,17.5000
04109000,42.283611,-84.408889,1998-08-06 06:30:00,1998-08-07 02:15:00,6.0881,1998-08-06 07:45:00,1.2500
04109000,42.283611,-84.408889,1998-08-08 23:45:00,1998-08-09 02:15:00,5.7766,1998-08-09 00:15:00,0.5000
04109000,42.283611,-84.408889,1998-08-10 21:45:00,1998-08-10 23:00:00,4.7572,1998-08-10 22:00:00,0.2500
04109000,42.283611,-84.408889,1998-09-02 06:45:00,1998-09-02 08:15:00,5.4652,1998-09-02 07:15:00,0.5000
04109000,42.283611,-84.408889,1998-09-07 08:00:00,1998-09-07 11:45:00,6.7394,1998-09-07 08:30:00,0.5000
04109000,42.283611,-84.408889,1998-11-10 18:45:00,1998-11-10 22:45:00,6.7960,1998-11-10 20:15:00,1.5000
04109000,42.283611,-84.408889,1998-11-25 21:15:00,1998-11-26 06:30:00,7.5606,1998-11-25 23:30:00,2.2500
04109000,42.283611,-84.408889,1998-12-06 21:15:00,1998-12-07 07:45:00,6.9659,1998-12-06 22:30:00,1.2500
04109000,42.283611,-84.408889,1999-01-18 08:00:00,1999-01-18 11:00:00,5.5784,1999-01-18 08:45:00,0.7500
04109000,42.283611,-84.408889,1999-01-22 08:15:00,1999-02-18 21:30:00,13.1390,1999-01-22 13:45:00,5.5000
04109000,42.283611,-84.408889,1999-03-08 01:00:00,1999-03-13 08:00:00,6.5412,1999-03-10 21:45:00,68.7500
04109000,42.283611,-84.408889,1999-03-21 21:30:00,1999-03-27 02:45:00,6.0598,1999-03-23 17:15:00,43.7500
04109000,42.283611,-84.408889,1999-04-04 13:00:00,1999-04-18 19:45:00,9.4012,1999-04-09 08:15:00,115.2500
04109000,42.283611,-84.408889,1999-04-20 00:15:00,1999-04-20 02:15:00,4.7289,1999-04-20 00:45:00,0.5000
04109000,42.283611,-84.408889,1999-04-22 05:15:00,1999-05-07 02:30:00,13.4222,1999-04-23 10:45:00,29.5000
04109000,42.283611,-84.408889,1999-05-18 01:45:00,1999-05-19 03:15:00,6.7677,1999-05-18 02:30:00,0.7500
04109000,42.283611,-84.408889,1999-05-23 19:45:00,1999-05-24 05:00:00,5.3519,1999-05-23 21:45:00,2.0000
04109000,42.283611,-84.408889,1999-05-31 11:15:00,1999-05-31 12:00:00,4.8422,1999-05-31 11:30:00,0.2500
04109000,42.283611,-84.408889,1999-06-24 21:00:00,1999-06-25 00:45:00,10.4489,1999-06-24 22:00:00,1.0000
04109000,42.283611,-84.408889,1999-07-01 12:15:00,1999-07-01 19:15:00,9.1180,1999-07-01 13:45:00,1.5000
04109000,42.283611,-84.408889,1999-07-09 09:15:00,1999-07-09 16:15:00,13.5638,1999-07-09 11:15:00,2.0000
04109000,42.283611,-84.408889,1999-07-31 18:15:00,1999-07-31 20:30:00,6.8527,1999-07-31 19:00:00,0.7500
04109000,42.283611,-84.408889,1999-09-29 16:15:00,1999-09-29 17:15:00,4.8139,1999-09-29 16:30:00,0.2500
04109000,42.283611,-84.408889,1999-12-05 15:45:00,1999-12-06 00:30:00,5.2386,1999-12-05 23:00:00,7.2500
04109000,42.283611,-84.408889,1999-12-08 04:00:00,1999-12-09 19:45:00,5.6351,1999-12-08 21:30:00,17.5000
04109000,42.283611,-84.408889,2000-02-26 18:45:00,2000-02-29 05:15:00,5.8899,2000-02-27 08:45:00,14.0000
04109000,42.283611,-84.408889,2000-03-10 16:15:00,2000-03-10 18:00:00,4.8705,2000-03-10 17:00:00,0.7500
04109000,42.283611,-84.408889,2000-04-20 10:00:00,2000-05-03 01:45:00,15.1778,2000-04-20 20:00:00,10.0000
04109000,42.283611,-84.408889,2000-05-04 09:15:00,2000-05-05 03:30:00,5.5501,2000-05-04 23:30:00,14.2500
04109000,42.283611,-84.408889,2000-05-08 23:45:00,2000-05-14 07:45:00,11.3267,2000-05-10 01:00:00,25.2500
04109000,42.283611,-84.408889,2000-05-15 22:30:00,2000-05-17 00:15:00,5.9182,2000-05-15 23:45:00,1.2500
04109000,42.283611,-84.408889,2000-05-18 00:30:00,2000-06-04 02:00:00,16.7353,2000-05-18 23:15:00,22.7500
04109000,42.283611,-84.408889,2000-06-05 20:15:00,2000-06-12 00:30:00,9.0048,2000-06-06 03:00:00,6.7500
04109000,42.283611,-84.408889,2000-06-13 18:45:00,2000-06-18 09:45:00,8.9764,2000-06-16 00:45:00,54.0000
04109000,42.283611,-84.408889,2000-06-19 22:15:00,2000-07-04 21:45:00,19.9351,2000-06-25 05:00:00,126.7500
04109000,42.283611,-84.408889,2000-07-05 22:30:00,2000-07-15 19:45:00,9.1747,2000-07-07 00:30:00,26.0000
04109000,42.283611,-84.408889,2000-07-18 23:15:00,2000-07-21 03:15:00,7.0509,2000-07-20 00:15:00,25.0000
04109000,42.283611,-84.408889,2000-07-28 21:15:00,2000-08-12 07:30:00,12.7709,2000-08-06 05:15:00,200.0000
04109000,42.283611,-84.408889,2000-08-16 22:45:00,2000-08-17 18:45:00,5.4652,2000-08-16 23:30:00,0.7500
04109000,42.283611,-84.408889,2000-08-22 22:15:00,2000-08-25 22:30:00,8.4384,2000-08-23 07:00:00,8.7500
04109000,42.283611,-84.408889,2000-08-26 23:15:00,2000-08-27 06:00:00,15.4893,2000-08-27 00:30:00,1.2500
04109000,42.283611,-84.408889,2000-08-28 22:30:00,2000-08-28 23:45:00,5.0970,2000-08-28 23:00:00,0.5000
04109000,42.283611,-84.408889,2000-08-30 00:15:00,2000-08-31 00:30:00,4.9838,2000-08-30 00:30:00,0.2500
04109000,42.283611,-84.408889,2000-09-10 21:00:00,2000-09-12 03:00:00,5.3519,2000-09-11 21:15:00,24.2500
04109000,42.283611,-84.408889,2000-09-14 17:30:00,2000-09-14 23:30:00,8.0137,2000-09-14 19:00:00,1.5000
04109000,42.283611,-84.408889,2000-10-04 05:30:00,2000-10-13 00:15:00,12.2329,2000-10-04 09:00:00,3.5000
04109000,42.283611,-84.408889,2000-10-18 00:00:00,2000-10-20 01:45:00,6.6545,2000-10-19 00:00:00,24.0000
04109000,42.283611,-84.408889,2000-10-24 05:45:00,2000-10-24 12:00:00,5.0121,2000-10-24 11:00:00,5.2500
04109000,42.283611,-84.408889,2000-11-10 00:30:00,2000-11-10 05:00:00,9.6560,2000-11-10 01:45:00,1.2500
04109000,42.283611,-84.408889,2000-11-13 14:30:00,2000-11-13 17:45:00,5.3802,2000-11-13 15:45:00,1.2500
04109000,42.283611,-84.408889,2000-12-03 04:45:00,2000-12-06 01:15:00,7.3624,2000-12-04 21:45:00,41.0000
04109000,42.283611,-84.408889,2001-04-04 00:15:00,2001-04-21 04:45:00,9.8259,2001-04-09 14:30:00,134.2500
04109000,42.283611,-84.408889,2001-05-08 04:45:00,2001-05-08 05:30:00,4.7855,2001-05-08 05:00:00,0.2500
04109000,42.283611,-84.408889,2001-05-15 08:15:00,2001-06-12 21:15:00,15.0079,2001-05-16 09:00:00,24.7500
04109000,42.283611,-84.408889,2001-06-15 20:30:00,2001-06-16 01:15:00,7.5040,2001-06-15 22:00:00,1.5000
04109000,42.283611,-84.408889,2001-06-18 11:30:00,2001-06-18 15:30:00,6.5412,2001-06-18 13:15:00,1.7500
04109000,42.283611,-84.408889,2001-06-20 02:15:00,2001-06-20 04:00:00,5.1537,2001-06-20 02:45:00,0.5000
04109000,42.283611,-84.408889,2001-06-21 20:30:00,2001-06-26 00:45:00,10.9869,2001-06-23 22:30:00,50.0000
04109000,42.283611,-84.408889,2001-07-25 15:30:00,2001-07-25 20:15:00,10.4489,2001-07-25 16:30:00,1.0000
04109000,42.283611,-84.408889,2001-08-02 21:15:00,2001-08-02 21:45:00,4.7006,2001-08-02 21:30:00,0.2500
04109000,42.283611,-84.408889,2001-08-10 03:15:00,2001-08-10 04:30:00,5.5501,2001-08-10 03:45:00,0.5000
04109000,42.283611,-84.408889,2001-08-16 15:30:00,2001-08-16 16:45:00,5.0404,2001-08-16 16:00:00,0.5000
04109000,42.283611,-84.408889,2001-08-18 23:15:00,2001-08-19 00:15:00,5.2103,2001-08-18 23:45:00,0.5000
04109000,42.283611,-84.408889,2001-08-22 16:30:00,2001-08-22 17:30:00,4.8139,2001-08-22 17:00:00,0.5000
04109000,42.283611,-84.408889,2001-08-26 12:30:00,2001-08-26 14:30:00,5.6634,2001-08-26 13:00:00,0.5000
04109000,42.283611,-84.408889,2001-09-09 23:00:00,2001-09-10 02:15:00,8.2119,2001-09-09 23:45:00,0.7500
04109000,42.283611,-84.408889,2001-09-19 10:45:00,2001-09-19 14:00:00,7.2491,2001-09-19 12:00:00,1.2500
04109000,42.283611,-84.408889,2001-09-21 13:15:00,2001-09-21 20:15:00,7.4190,2001-09-21 14:15:00,1.0000
04109000,42.283611,-84.408889,2001-10-05 02:15:00,2001-10-05 20:30:00,6.1448,2001-10-05 03:45:00,1.5000
04109000,42.283611,-84.408889,2001-10-11 01:00:00,2001-10-27 04:45:00,14.8097,2001-10-16 16:30:00,135.5000
04109000,42.283611,-84.408889,2001-11-07 05:45:00,2001-11-14 04:30:00,5.6917,2001-11-08 18:45:00,37.0000
04109000,42.283611,-84.408889,2001-11-25 04:45:00,2001-11-25 09:15:00,8.5800,2001-11-25 05:45:00,1.0000
04109000,42.283611,-84.408889,2001-11-27 12:15:00,2001-12-09 22:15:00,9.5145,2001-11-30 09:30:00,69.2500
04109000,42.283611,-84.408889,2001-12-12 03:00:00,2001-12-24 23:00:00,9.2030,2001-12-19 22:00:00,187.0000
04109000,42.283611,-84.408889,2002-01-15 01:15:00,2002-01-18 19:15:00,4.8988,2002-01-15 19:15:00,18.0000
04109000,42.283611,-84.408889,2002-02-16 17:45:00,2002-02-17 19:30:00,4.7006,2002-02-16 21:00:00,3.2500
04109000,42.283611,-84.408889,2002-04-28 12:30:00,2002-04-30 04:00:00,5.0404,2002-04-28 19:45:00,7.2500
04109000,42.283611,-84.408889,2002-05-02 06:30:00,2002-05-02 12:00:00,8.5517,2002-05-02 07:45:00,1.2500
04109000,42.283611,-84.408889,2002-05-06 16:00:00,2002-05-06 21:15:00,5.1253,2002-05-06 17:15:00,1.2500
04109000,42.283611,-84.408889,2002-05-09 04:00:00,2002-05-28 23:15:00,13.5355,2002-05-12 08:15:00,76.2500
04109000,42.283611,-84.408889,2002-05-30 18:45:00,2002-05-30 23:15:00,7.3624,2002-05-30 20:00:00,1.2500
04109000,42.283611,-84.408889,2002-06-01 01:45:00,2002-06-01 22:00:00,5.1253,2002-06-01 15:30:00,13.7500
04109000,42.283611,-84.408889,2002-06-03 16:15:00,2002-06-06 18:15:00,6.8244,2002-06-03 17:30:00,1.2500
04109000,42.283611,-84.408889,2002-07-09 08:15:00,2002-07-09 10:00:00,5.0687,2002-07-09 09:15:00,1.0000
04109000,42.283611,-84.408889,2002-07-21 17:45:00,2002-07-21 18:15:00,4.8139,2002-07-21 18:00:00,0.2500
04109000,42.283611,-84.408889,2002-07-26 13:30:00,2002-07-26 17:00:00,11.4117,2002-07-26 14:15:00,0.7500
04109000,42.283611,-84.408889,2002-07-28 05:00:00,2002-07-28 13:00:00,20.1616,2002-07-28 05:45:00,0.7500
04109000,42.283611,-84.408889,2002-07-29 19:45:00,2002-07-30 00:45:00,7.6172,2002-07-29 20:45:00,1.0000
04109000,42.283611,-84.408889,2002-08-13 18:15:00,2002-08-13 21:00:00,6.3430,2002-08-13 19:15:00,1.0000
04109000,42.283611,-84.408889,2002-08-23 21:00:00,2002-08-24 03:00:00,17.9812,2002-08-23 22:15:00,1.2500
04109000,42.283611,-84.408889,2002-10-04 21:45:00,2002-10-04 23:30:00,5.7483,2002-10-04 22:30:00,0.7500
04109000,42.283611,-84.408889,2002-11-22 00:00:00,2002-11-22 04:30:00,5.5501,2002-11-22 01:15:00,1.2500
04109000,42.283611,-84.408889,2003-02-04 01:15:00,2003-02-04 05:45:00,6.0032,2003-02-04 04:00:00,2.7500
04109000,42.283611,-84.408889,2003-03-08 23:30:00,2003-03-09 01:45:00,5.4935,2003-03-09 00:30:00,1.0000
04109000,42.283611,-84.408889,2003-03-13 00:00:00,2003-03-13 01:45:00,4.7855,2003-03-13 00:30:00,0.5000
04109000,42.283611,-84.408889,2003-03-15 20:15:00,2003-03-16 00:00:00,4.8988,2003-03-15 21:15:00,1.0000
04109000,42.283611,-84.408889,2003-05-01 04:00:00,2003-05-02 09:15:00,17.4998,2003-05-01 05:30:00,1.5000
04109000,42.283611,-84.408889,2003-05-03 18:45:00,2003-05-22 21:00:00,13.5355,2003-05-09 12:00:00,137.2500
04109000,42.283611,-84.408889,2003-05-31 10:15:00,2003-05-31 13:30:00,4.8139,2003-05-31 10:45:00,0.5000
04109000,42.283611,-84.408889,2003-06-08 13:30:00,2003-06-10 03:00:00,5.5218,2003-06-08 17:00:00,3.5000
04109000,42.283611,-84.408889,2003-07-07 06:45:00,2003-07-07 10:15:00,8.4101,2003-07-07 08:15:00,1.5000
04109000,42.283611,-84.408889,2003-07-13 02:00:00,2003-07-13 02:30:00,4.7289,2003-07-13 02:15:00,0.2500
04109000,42.283611,-84.408889,2003-07-21 05:15:00,2003-07-21 23:00:00,15.6592,2003-07-21 06:15:00,1.0000
04109000,42.283611,-84.408889,2003-08-01 20:15:00,2003-08-02 06:30:00,5.5501,2003-08-01 20:30:00,0.2500
04109000,42.283611,-84.408889,2003-08-04 01:00:00,2003-08-04 05:30:00,13.1390,2003-08-04 02:00:00,1.0000
04109000,42.283611,-84.408889,2003-08-15 19:15:00,2003-08-16 23:15:00,7.3624,2003-08-15 19:45:00,0.5000
04109000,42.283611,-84.408889,2003-09-04 05:45:00,2003-09-04 06:45:00,5.0687,2003-09-04 06:15:00,0.5000
04109000,42.283611,-84.408889,2003-09-15 02:00:00,2003-09-15 03:15:00,5.5784,2003-09-15 02:30:00,0.5000
04109000,42.283611,-84.408889,2003-09-22 10:30:00,2003-09-22 21:45:00,8.8915,2003-09-22 19:00:00,8.5000
04109000,42.283611,-84.408889,2003-09-24 23:45:00,2003-09-25 05:00:00,12.8275,2003-09-25 01:00:00,1.2500
04109000,42.283611,-84.408889,2003-09-27 02:30:00,2003-09-27 07:45:00,7.4473,2003-09-27 04:30:00,2.0000
04109000,42.283611,-84.408889,2003-10-14 17:30:00,2003-10-16 18:00:00,11.5816,2003-10-14 23:15:00,5.7500
04109000,42.283611,-84.408889,2003-10-25 13:00:00,2003-10-25 14:15:00,4.8988,2003-10-25 13:30:00,0.5000
04109000,42.283611,-84.408889,2003-11-02 14:15:00,2003-11-02 16:45:00,5.5784,2003-11-02 15:00:00,0.7500
04109000,42.283611,-84.408889,2003-11-11 08:00:00,2003-11-11 09:15:00,4.6723,2003-11-11 08:15:00,0.2500
04109000,42.283611,-84.408889,2003-11-18 22:00:00,2003-11-19 07:00:00,6.4562,2003-11-19 04:30:00,6.5000
04109000,42.283611,-84.408889,2003-11-24 08:45:00,2003-11-28 21:15:00,5.1537,2003-11-24 10:30:00,1.7500
04109000,42.283611,-84.408889,2003-12-29 11:45:00,2003-12-29 16:00:00,6.0315,2003-12-29 13:30:00,1.7500
04109000,42.283611,-84.408889,2004-05-01 07:30:00,2004-05-02 11:00:00,5.4085,2004-05-01 08:00:00,0.5000
04109000,42.283611,-84.408889,2004-05-08 04:30:00,2004-05-18 15:00:00,8.8915,2004-05-10 06:00:00,49.5000
04109000,42.283611,-84.408889,2004-05-23 05:00:00,2004-06-06 00:00:00,11.2418,2004-05-24 00:00:00,19.0000
04109000,42.283611,-84.408889,2004-06-08 00:45:00,2004-06-08 05:45:00,4.8139,2004-06-08 03:15:00,2.5000
04109000,42.283611,-84.408889,2004-06-09 23:00:00,2004-06-22 03:45:00,10.3073,2004-06-14 01:00:00,98.0000
04109000,42.283611,-84.408889,2004-07-07 04:45:00,2004-07-08 03:00:00,10.3356,2004-07-07 06:00:00,1.2500
04109000,42.283611,-84.408889,2004-07-22 01:45:00,2004-07-22 07:45:00,10.0808,2004-07-22 03:15:00,1.5000
04109000,42.283611,-84.408889,2004-07-27 07:30:00,2004-07-27 13:00:00,5.7483,2004-07-27 11:30:00,4.0000
04109000,42.283611,-84.408889,2004-08-04 08:15:00,2004-08-04 11:15:00,6.4279,2004-08-04 09:15:00,1.0000
04109000,42.283611,-84.408889,2004-08-18 03:30:00,2004-08-18 09:15:00,11.3834,2004-08-18 04:45:00,1.2500
04109000,42.283611,-84.408889,2004-08-29 05:15:00,2004-08-29 05:45:00,4.7006,2004-08-29 05:30:00,0.2500
04109000,42.283611,-84.408889,2004-10-09 00:15:00,2004-10-09 01:00:00,4.8705,2004-10-09 00:30:00,0.2500
04109000,42.283611,-84.408889,2004-10-29 15:15:00,2004-10-30 12:00:00,5.9749,2004-10-30 10:00:00,18.7500
04109000,42.283611,-84.408889,2004-11-02 06:00:00,2004-11-02 08:30:00,5.6634,2004-11-02 07:00:00,1.0000
04109000,42.283611,-84.408889,2004-11-04 11:15:00,2004-11-04 15:00:00,6.8810,2004-11-04 12:30:00,1.2500
04109000,42.283611,-84.408889,2004-12-20 22:00:00,2004-12-22 04:00:00,5.2386,2004-12-21 18:30:00,20.5000
04109000,42.283611,-84.408889,2004-12-31 08:15:00,2004-12-31 09:15:00,4.8705,2004-12-31 08:45:00,0.5000
04109000,42.283611,-84.408889,2005-01-27 19:15:00,2005-01-27 23:15:00,4.7855,2005-01-27 20:30:00,1.2500
04109000,42.283611,-84.408889,2005-04-12 02:15:00,2005-04-15 21:00:00,5.7200,2005-04-12 17:15:00,15.0000
04109000,42.283611,-84.408889,2005-05-03 14:15:00,2005-05-04 17:45:00,4.7289,2005-05-03 15:45:00,1.5000
04109000,42.283611,-84.408889,2005-06-06 00:15:00,2005-06-06 02:15:00,5.5784,2005-06-06 00:45:00,0.5000
04109000,42.283611,-84.408889,2005-06-13 06:15:00,2005-06-13 15:30:00,6.5695,2005-06-13 07:30:00,1.2500
04109000,42.283611,-84.408889,2005-06-29 01:30:00,2005-06-29 03:00:00,5.4652,2005-06-29 02:00:00,0.5000
04109000,42.283611,-84.408889,2005-06-30 15:45:00,2005-07-01 03:15:00,8.5800,2005-06-30 16:30:00,0.7500
04109000,42.283611,-84.408889,2005-07-04 22:15:00,2005-07-05 04:45:00,11.1568,2005-07-04 23:45:00,1.5000
04109000,42.283611,-84.408889,2005-07-15 20:30:00,2005-07-16 21:45:00,6.6545,2005-07-15 21:15:00,0.7500
04109000,42.283611,-84.408889,2005-07-21 03:15:00,2005-07-23 04:45:00,14.4699,2005-07-21 04:30:00,1.2500
04109000,42.283611,-84.408889,2005-07-24 06:45:00,2005-07-29 02:30:00,7.4756,2005-07-26 12:00:00,53.2500
04109000,42.283611,-84.408889,2005-08-20 13:00:00,2005-08-20 16:15:00,8.0420,2005-08-20 14:15:00,1.2500
04109000,42.283611,-84.408889,2005-09-16 09:15:00,2005-09-16 12:30:00,7.7588,2005-09-16 10:15:00,1.0000
04109000,42.283611,-84.408889,2005-09-23 02:15:00,2005-09-23 04:00:00,5.9749,2005-09-23 02:45:00,0.5000
04109000,42.283611,-84.408889,2005-11-15 22:15:00,2005-11-16 05:00:00,6.9659,2005-11-16 02:30:00,4.2500
04109000,42.283611,-84.408889,2005-11-27 14:15:00,2005-12-04 00:00:00,7.2208,2005-11-27 15:45:00,1.5000
04109000,42.283611,-84.408889,2005-12-28 19:15:00,2005-12-29 00:15:00,5.5784,2005-12-28 20:30:00,1.2500
04109000,42.283611,-84.408889,2006-03-09 04:30:00,2006-03-26 00:15:00,16.9052,2006-03-13 14:00:00,105.5000
04109000,42.283611,-84.408889,2006-03-28 20:30:00,2006-04-05 06:15:00,8.2685,2006-04-01 01:00:00,76.5000
04109000,42.283611,-84.408889,2006-04-07 08:15:00,2006-04-17 17:15:00,8.9481,2006-04-12 19:45:00,131.5000
04109000,42.283611,-84.408889,2006-04-19 09:15:00,2006-04-24 20:30:00,5.6917,2006-04-19 20:45:00,11.5000
04109000,42.283611,-84.408889,2006-05-02 15:15:00,2006-05-04 20:45:00,6.9659,2006-05-02 19:45:00,4.5000
04109000,42.283611,-84.408889,2006-05-11 01:15:00,2006-05-28 03:30:00,15.0362,2006-05-11 09:15:00,8.0000
04109000,42.283611,-84.408889,2006-05-31 02:00:00,2006-06-05 03:00:00,5.5218,2006-05-31 02:45:00,0.7500
04109000,42.283611,-84.408889,2006-06-21 11:45:00,2006-07-06 03:00:00,19.3121,2006-06-27 03:00:00,135.2500
04109000,42.283611,-84.408889,2006-07-12 03:15:00,2006-07-13 23:15:00,7.3624,2006-07-12 05:15:00,2.0000
04109000,42.283611,-84.408889,2006-07-18 05:30:00,2006-07-21 20:15:00,10.0242,2006-07-18 06:45:00,1.2500
04109000,42.283611,-84.408889,2006-07-26 23:00:00,2006-07-26 23:30:00,4.6723,2006-07-26 23:15:00,0.2500
04109000,42.283611,-84.408889,2006-08-03 14:30:00,2006-08-03 18:30:00,9.0048,2006-08-03 15:15:00,0.7500
04109000,42.283611,-84.408889,2006-08-19 09:00:00,2006-08-19 16:00:00,13.6770,2006-08-19 11:45:00,2.7500
04109000,42.283611,-84.408889,2006-08-24 14:00:00,2006-08-24 15:45:00,5.7200,2006-08-24 14:45:00,0.7500
04109000,42.283611,-84.408889,2006-08-27 11:30:00,2006-08-27 14:00:00,6.7394,2006-08-27 12:15:00,0.7500
04109000,42.283611,-84.408889,2006-08-29 00:15:00,2006-08-29 04:30:00,6.4846,2006-08-29 01:30:00,1.2500
04109000,42.283611,-84.408889,2006-09-06 01:30:00,2006-09-06 05:15:00,7.0226,2006-09-06 02:30:00,1.0000
04109000,42.283611,-84.408889,2006-09-12 17:00:00,2006-09-14 04:45:00,15.8858,2006-09-13 23:30:00,30.5000
04109000,42.283611,-84.408889,2006-09-23 04:00:00,2006-09-23 06:15:00,5.5784,2006-09-23 04:45:00,0.7500
04109000,42.283611,-84.408889,2006-10-02 14:00:00,2006-10-02 21:45:00,9.6844,2006-10-02 15:45:00,1.7500
04109000,42.283611,-84.408889,2006-10-04 12:30:00,2006-10-04 21:15:00,6.3430,2006-10-04 16:00:00,3.5000
04109000,42.283611,-84.408889,2006-10-11 17:45:00,2006-10-12 00:30:00,8.2402,2006-10-11 19:00:00,1.2500
04109000,42.283611,-84.408889,2006-10-17 06:15:00,2006-10-29 23:30:00,11.0436,2006-10-17 10:15:00,4.0000
04109000,42.283611,-84.408889,2006-11-07 15:15:00,2006-11-13 11:00:00,7.7871,2006-11-11 14:45:00,95.5000
04109000,42.283611,-84.408889,2006-11-16 04:15:00,2006-11-25 04:45:00,10.5905,2006-11-16 18:45:00,14.5000
04109000,42.283611,-84.408889,2007-02-04 19:45:00,2007-02-05 23:45:00,4.9838,2007-02-04 23:15:00,3.5000
04109000,42.283611,-84.408889,2007-04-08 11:30:00,2007-04-18 17:45:00,9.0897,2007-04-12 01:45:00,86.2500
04109000,42.283611,-84.408889,2007-04-24 04:30:00,2007-05-05 11:45:00,11.2701,2007-04-26 17:45:00,61.2500
04109000,42.283611,-84.408889,2007-05-15 23:15:00,2007-05-16 03:45:00,8.4951,2007-05-16 00:30:00,1.2500
04109000,42.283611,-84.408889,2007-05-26 14:45:00,2007-05-27 18:30:00,5.4935,2007-05-26 15:45:00,1.0000
04109000,42.283611,-84.408889,2007-05-30 02:15:00,2007-05-31 20:30:00,5.3802,2007-05-30 17:00:00,14.7500
04109000,42.283611,-84.408889,2007-06-03 02:45:00,2007-06-14 18:30:00,12.5444,2007-06-03 04:45:00,2.0000
04109000,42.283611,-84.408889,2007-06-27 18:30:00,2007-06-28 03:00:00,9.3729,2007-06-27 22:15:00,3.7500
04109000,42.283611,-84.408889,2007-08-05 12:45:00,2007-08-05 13:30:00,4.7289,2007-08-05 13:15:00,0.5000
04109000,42.283611,-84.408889,2007-08-07 13:30:00,2007-08-07 16:30:00,7.6739,2007-08-07 14:30:00,1.0000
04109000,42.283611,-84.408889,2007-08-09 04:00:00,2007-08-10 05:45:00,6.0315,2007-08-10 04:15:00,24.2500
04109000,42.283611,-84.408889,2007-08-19 09:45:00,2007-08-20 23:30:00,9.3162,2007-08-20 15:45:00,30.0000
04109000,42.283611,-84.408889,2007-08-22 13:30:00,2007-08-29 21:30:00,14.7814,2007-08-24 23:45:00,58.2500
04109000,42.283611,-84.408889,2007-09-11 04:00:00,2007-09-11 08:15:00,7.5040,2007-09-11 05:15:00,1.2500
04109000,42.283611,-84.408889,2007-10-01 22:15:00,2007-10-02 02:00:00,8.3535,2007-10-01 23:30:00,1.2500
04109000,42.283611,-84.408889,2007-11-21 12:45:00,2007-11-23 00:00:00,6.7960,2007-11-22 02:00:00,13.2500
04109000,42.283611,-84.408889,2007-11-26 20:00:00,2007-11-27 21:45:00,4.8988,2007-11-27 02:15:00,6.2500
04109000,42.283611,-84.408889,2007-12-02 20:45:00,2007-12-03 05:30:00,9.0048,2007-12-02 22:30:00,1.7500
04109000,42.283611,-84.408889,2007-12-11 16:45:00,2007-12-13 05:45:00,8.1269,2007-12-12 05:30:00,12.7500
04109000,42.283611,-84.408889,2007-12-22 22:00:00,2008-01-01 01:15:00,9.2596,2007-12-23 13:30:00,15.5000
04109000,42.283611,-84.408889,2008-01-02 05:30:00,2008-01-03 07:00:00,4.7855,2008-01-03 01:45:00,20.2500
04109000,42.283611,-84.408889,2008-01-05 17:00:00,2008-01-26 03:30:00,17.4998,2008-01-08 16:30:00,71.5000
04109000,42.283611,-84.408889,2008-01-29 01:30:00,2008-04-27 06:30:00,16.4521,2008-02-06 07:00:00,197.5000
04109000,42.283611,-84.408889,2008-05-11 17:00:00,2008-05-12 22:15:00,6.6261,2008-05-11 18:45:00,1.7500
04109000,42.283611,-84.408889,2008-05-14 18:45:00,2008-05-14 19:45:00,4.7289,2008-05-14 19:00:00,0.2500
04109000,42.283611,-84.408889,2008-05-31 02:15:00,2008-05-31 06:00:00,6.7960,2008-05-31 03:15:00,1.0000
04109000,42.283611,-84.408889,2008-06-03 21:30:00,2008-06-06 17:30:00,6.3713,2008-06-03 22:45:00,1.2500
04109000,42.283611,-84.408889,2008-06-08 06:00:00,2008-06-08 23:30:00,7.2208,2008-06-08 07:00:00,1.0000
04109000,42.283611,-84.408889,2008-06-10 10:30:00,2008-06-10 17:00:00,4.9554,2008-06-10 11:15:00,0.7500
04109000,42.283611,-84.408889,2008-06-13 12:00:00,2008-06-14 19:45:00,12.4594,2008-06-14 06:45:00,18.7500
04109000,42.283611,-84.408889,2008-07-02 23:15:00,2008-07-12 19:45:00,13.4505,2008-07-03 01:00:00,1.7500
04109000,42.283611,-84.408889,2008-08-10 00:15:00,2008-08-10 01:00:00,4.7855,2008-08-10 00:30:00,0.2500
04109000,42.283611,-84.408889,2008-09-03 21:00:00,2008-09-04 04:15:00,8.7782,2008-09-03 22:45:00,1.7500
04109000,42.283611,-84.408889,2008-09-09 03:00:00,2008-09-09 06:30:00,6.8527,2008-09-09 04:00:00,1.0000
04109000,42.283611,-84.408889,2008-09-12 08:15:00,2008-09-24 03:00:00,20.0766,2008-09-14 23:00:00,62.7500
04109000,42.283611,-84.408889,2008-09-30 00:45:00,2008-09-30 05:30:00,10.5622,2008-09-30 01:45:00,1.0000
04109000,42.283611,-84.408889,2008-10-03 04:15:00,2008-10-03 06:45:00,4.7855,2008-10-03 05:00:00,0.7500
04109000,42.283611,-84.408889,2008-11-18 12:30:00,2008-11-23 21:15:00,4.8422,2008-11-18 17:30:00,5.0000
04109000,42.283611,-84.408889,2008-12-09 16:30:00,2008-12-19 05:00:00,6.2297,2008-12-15 11:45:00,139.2500
04109000,42.283611,-84.408889,2008-12-24 20:30:00,2009-01-08 09:45:00,11.8364,2008-12-28 08:15:00,83.7500
04109000,42.283611,-84.408889,2009-01-15 17:30:00,2009-01-22 01:00:00,5.9749,2009-01-16 02:15:00,8.7500
04109000,42.283611,-84.408889,2009-07-23 11:15:00,2009-07-23 17:15:00,10.1657,2009-07-23 12:30:00,1.2500
04109000,42.283611,-84.408889,2009-08-08 13:30:00,2009-08-09 01:00:00,14.9513,2009-08-08 18:30:00,5.0000
04109000,42.283611,-84.408889,2009-08-10 02:15:00,2009-08-10 03:00:00,4.8705,2009-08-10 02:30:00,0.2500
04109000,42.283611,-84.408889,2009-08-20 15:00:00,2009-08-20 18:45:00,7.1925,2009-08-20 15:45:00,0.7500
04109000,42.283611,-84.408889,2009-08-26 13:15:00,2009-08-26 17:45:00,5.8899,2009-08-26 15:00:00,1.7500
04109000,42.283611,-84.408889,2009-08-28 14:30:00,2009-08-28 23:30:00,5.2103,2009-08-28 15:00:00,0.5000
04109000,42.283611,-84.408889,2009-09-21 07:00:00,2009-09-21 08:00:00,4.9838,2009-09-21 07:15:00,0.2500
04109000,42.283611,-84.408889,2009-09-29 00:15:00,2009-09-29 05:00:00,5.5784,2009-09-29 01:15:00,1.0000
04109000,42.283611,-84.408889,2009-10-02 10:15:00,2009-10-02 17:45:00,7.5889,2009-10-02 12:45:00,2.5000
04109000,42.283611,-84.408889,2009-10-09 13:15:00,2009-10-10 04:15:00,6.4279,2009-10-09 23:15:00,10.0000
04109000,42.283611,-84.408889,2009-10-23 07:45:00,2009-11-07 01:30:00,8.5234,2009-10-31 04:30:00,188.7500
04109000,42.283611,-84.408889,2009-11-24 10:45:00,2009-12-01 04:15:00,6.5695,2009-11-25 16:15:00,29.5000
04109000,42.283611,-84.408889,2009-12-03 01:45:00,2009-12-03 08:30:00,5.4935,2009-12-03 03:45:00,2.0000
04109000,42.283611,-84.408889,2009-12-09 12:30:00,2009-12-10 23:30:00,5.4085,2009-12-09 14:30:00,2.0000
04109000,42.283611,-84.408889,2009-12-12 19:00:00,2009-12-19 20:00:00,5.4085,2009-12-13 19:45:00,24.7500
04109000,42.283611,-84.408889,2009-12-25 14:30:00,2009-12-25 19:30:00,6.0032,2009-12-25 16:00:00,1.5000
04109000,42.283611,-84.408889,2009-12-29 23:45:00,2010-01-02 08:45:00,5.4652,2009-12-31 20:00:00,44.2500
04109000,42.283611,-84.408889,2010-01-03 20:15:00,2010-01-04 22:15:00,5.2103,2010-01-03 22:30:00,2.2500
04109000,42.283611,-84.408889,2010-03-10 13:45:00,2010-04-01 10:00:00,11.0436,2010-03-16 18:00:00,147.2500
04109000,42.283611,-84.408889,2010-04-06 19:30:00,2010-04-13 01:45:00,7.4473,2010-04-08 01:45:00,30.2500
04109000,42.283611,-84.408889,2010-04-25 05:45:00,2010-05-02 19:00:00,8.0703,2010-05-01 12:45:00,151.0000
04109000,42.283611,-84.408889,2010-05-04 00:00:00,2010-05-04 04:30:00,5.6351,2010-05-04 01:15:00,1.2500
04109000,42.283611,-84.408889,2010-07-08 21:15:00,2010-07-09 00:45:00,7.4190,2010-07-08 22:00:00,0.7500
04109000,42.283611,-84.408889,2010-07-15 22:30:00,2010-07-18 00:30:00,11.2984,2010-07-15 23:15:00,0.7500
04109000,42.283611,-84.408889,2010-07-20 03:45:00,2010-07-20 05:00:00,5.0121,2010-07-20 04:15:00,0.5000
04109000,42.283611,-84.408889,2010-07-23 18:00:00,2010-08-10 05:15:00,20.3315,2010-07-25 11:00:00,41.0000
04109000,42.283611,-84.408889,2010-08-11 17:45:00,2010-08-11 23:15:00,6.8810,2010-08-11 18:30:00,0.7500
04109000,42.283611,-84.408889,2010-09-02 00:30:00,2010-09-02 02:00:00,5.5501,2010-09-02 01:15:00,0.7500
04109000,42.283611,-84.408889,2010-10-26 17:45:00,2010-10-28 04:30:00,5.7483,2010-10-27 18:30:00,24.7500
04109000,42.283611,-84.408889,2010-11-22 19:30:00,2010-11-30 19:15:00,8.8632,2010-11-23 06:15:00,10.7500
04109000,42.283611,-84.408889,2010-12-31 18:45:00,2011-01-01 14:15:00,5.5784,2010-12-31 19:30:00,0.7500
04109000,42.283611,-84.408889,2011-01-04 03:45:00,2011-01-10 07:30:00,5.5784,2011-01-04 18:45:00,15.0000
04109000,42.283611,-84.408889,2011-06-16 11:30:00,2011-06-16 17:30:00,5.8616,2011-06-16 12:45:00,1.2500
04109000,42.283611,-84.408889,2011-06-22 02:30:00,2011-06-23 01:00:00,7.3907,2011-06-22 22:00:00,19.5000
04109000,42.283611,-84.408889,2011-07-11 17:15:00,2011-07-11 18:30:00,5.0404,2011-07-11 17:45:00,0.5000
04109000,42.283611,-84.408889,2011-07-28 00:15:00,2011-08-07 00:15:00,16.3105,2011-07-29 08:45:00,32.5000
04109000,42.283611,-84.408889,2011-08-09 09:15:00,2011-08-09 12:15:00,5.7200,2011-08-09 10:00:00,0.7500
04109000,42.283611,-84.408889,2011-08-13 23:15:00,2011-08-14 02:15:00,7.1925,2011-08-14 00:00:00,0.7500
04109000,42.283611,-84.408889,2011-08-15 02:30:00,2011-08-17 04:45:00,5.2386,2011-08-15 20:45:00,18.2500
04109000,42.283611,-84.408889,2011-08-20 21:00:00,2011-08-20 23:00:00,6.3996,2011-08-20 21:30:00,0.5000
04109000,42.283611,-84.408889,2011-08-24 06:45:00,2011-08-24 08:45:00,6.2297,2011-08-24 07:30:00,0.7500
04109000,42.283611,-84.408889,2011-09-14 23:30:00,2011-09-15 02:15:00,5.2103,2011-09-15 00:15:00,0.7500
04109000,42.283611,-84.408889,2011-09-19 14:00:00,2011-09-19 16:00:00,4.7855,2011-09-19 14:30:00,0.5000
04109000,42.283611,-84.408889,2011-10-19 23:45:00,2011-10-29 13:30:00,8.5517,2011-10-27 01:00:00,169.2500
04109000,42.283611,-84.408889,2011-11-09 01:45:00,2011-11-19 23:00:00,10.8454,2011-11-14 21:15:00,139.5000
04109000,42.283611,-84.408889,2011-11-22 22:30:00,2011-11-23 11:30:00,7.4473,2011-11-23 00:45:00,2.2500
04109000,42.283611,-84.408889,2011-11-27 10:15:00,2011-12-08 04:45:00,16.3388,2011-12-04 14:15:00,172.0000
04109000,42.283611,-84.408889,2012-03-30 16:45:00,2012-03-31 18:45:00,7.3057,2012-03-30 18:15:00,1.5000
04109000,42.283611,-84.408889,2012-04-03 13:15:00,2012-04-06 09:45:00,9.3162,2012-04-05 00:30:00,35.2500
04109000,42.283611,-84.408889,2012-04-15 05:15:00,2012-04-18 16:45:00,11.4400,2012-04-15 13:45:00,8.5000
04109000,42.283611,-84.408889,2012-04-30 11:15:00,2012-05-06 11:30:00,7.2208,2012-05-04 05:00:00,89.7500
04109000,42.283611,-84.408889,2012-05-08 12:15:00,2012-05-09 01:30:00,5.0121,2012-05-08 18:30:00,6.2500
04109000,42.283611,-84.408889,2012-06-18 17:15:00,2012-06-18 21:15:00,8.2402,2012-06-18 18:30:00,1.2500
04109000,42.283611,-84.408889,2012-08-09 12:45:00,2012-08-10 22:00:00,6.4846,2012-08-09 13:45:00,1.0000
04109000,42.283611,-84.408889,2012-10-14 23:45:00,2012-10-15 02:00:00,6.1448,2012-10-15 00:45:00,1.0000
04109000,42.283611,-84.408889,2012-10-23 06:00:00,2012-10-23 09:30:00,6.2580,2012-10-23 07:15:00,1.2500
04109000,42.283611,-84.408889,2012-10-29 18:30:00,2012-11-02 04:15:00,6.4279,2012-10-30 18:15:00,23.7500
04109000,42.283611,-84.408889,2012-12-03 20:15:00,2012-12-07 02:00:00,7.3624,2012-12-04 15:30:00,19.2500
04109000,42.283611,-84.408889,2012-12-08 10:30:00,2012-12-08 20:30:00,5.0121,2012-12-08 12:15:00,1.7500
04109000,42.283611,-84.408889,2012-12-09 22:00:00,2012-12-10 02:15:00,4.7855,2012-12-09 22:30:00,0.5000
04109000,42.283611,-84.408889,2013-01-13 08:30:00,2013-01-13 12:30:00,5.7200,2013-01-13 10:15:00,1.7500
04109000,42.283611,-84.408889,2013-01-15 01:15:00,2013-01-21 12:45:00,6.0881,2013-01-16 16:45:00,39.5000
04109000,42.283611,-84.408889,2013-01-29 21:45:00,2013-02-01 08:00:00,9.4012,2013-01-30 10:00:00,12.2500
04109000,42.283611,-84.408889,2013-02-04 20:15:00,2013-02-05 10:30:00,4.8705,2013-02-05 04:00:00,7.7500
04109000,42.283611,-84.408889,2013-02-11 11:15:00,2013-02-20 02:30:00,6.6545,2013-02-19 09:45:00,190.5000
04109000,42.283611,-84.408889,2013-03-11 20:15:00,2013-03-25 23:00:00,8.0703,2013-03-16 07:30:00,107.2500
04109000,42.283611,-84.408889,2013-04-10 17:30:00,2013-04-17 04:45:00,11.0153,2013-04-11 11:15:00,17.7500
04109000,42.283611,-84.408889,2013-04-19 05:00:00,2013-05-08 20:45:00,19.3121,2013-04-19 10:00:00,5.0000
04109000,42.283611,-84.408889,2013-05-10 10:45:00,2013-05-10 13:00:00,4.8139,2013-05-10 11:15:00,0.5000
04109000,42.283611,-84.408889,2013-05-15 05:15:00,2013-05-18 06:30:00,5.1537,2013-05-15 19:15:00,14.0000
04109000,42.283611,-84.408889,2013-06-01 09:30:00,2013-06-01 15:30:00,7.1642,2013-06-01 10:30:00,1.0000
04109000,42.283611,-84.408889,2013-06-10 08:00:00,2013-06-10 13:45:00,5.6351,2013-06-10 12:30:00,4.5000
04109000,42.283611,-84.408889,2013-06-13 05:30:00,2013-06-14 23:30:00,10.7038,2013-06-13 08:45:00,3.2500
04109000,42.283611,-84.408889,2013-06-25 12:30:00,2013-06-28 04:45:00,7.7022,2013-06-26 07:00:00,18.5000
04109000,42.283611,-84.408889,2013-07-20 06:45:00,2013-07-20 09:00:00,6.0598,2013-07-20 07:30:00,0.7500
04109000,42.283611,-84.408889,2013-08-07 15:45:00,2013-08-07 18:00:00,5.6634,2013-08-07 16:30:00,0.7500
04109000,42.283611,-84.408889,2013-08-12 12:15:00,2013-08-13 06:45:00,14.1301,2013-08-12 17:45:00,5.5000
04109000,42.283611,-84.408889,2013-08-27 12:45:00,2013-08-28 18:45:00,17.8679,2013-08-28 08:15:00,19.5000
04109000,42.283611,-84.408889,2013-08-31 03:30:00,2013-08-31 07:00:00,6.6828,2013-08-31 04:30:00,1.0000
04109000,42.283611,-84.408889,2013-09-01 08:45:00,2013-09-01 10:30:00,4.8988,2013-09-01 09:30:00,0.7500
04109000,42.283611,-84.408889,2013-09-09 14:45:00,2013-09-09 21:30:00,12.9408,2013-09-09 16:00:00,1.2500
04109000,42.283611,-84.408889,2013-09-11 22:30:00,2013-09-12 04:00:00,10.0808,2013-09-11 23:45:00,1.2500
04109000,42.283611,-84.408889,2013-09-20 08:15:00,2013-09-20 10:45:00,6.8527,2013-09-20 09:00:00,0.7500
04109000,42.283611,-84.408889,2013-10-06 21:15:00,2013-10-07 03:00:00,6.8244,2013-10-06 22:30:00,1.2500
04109000,42.283611,-84.408889,2013-10-31 08:45:00,2013-10-31 11:30:00,6.0032,2013-10-31 09:30:00,0.7500
04109000,42.283611,-84.408889,2013-11-06 06:00:00,2013-11-12 05:00:00,6.8527,2013-11-06 20:30:00,14.5000
04109000,42.283611,-84.408889,2013-11-17 23:15:00,2013-11-18 02:45:00,7.1642,2013-11-18 00:00:00,0.7500
04109000,42.283611,-84.408889,2013-12-21 23:45:00,2013-12-25 04:00:00,7.3624,2013-12-22 05:30:00,5.7500
04109000,42.283611,-84.408889,2013-12-26 20:45:00,2013-12-29 07:30:00,5.3236,2013-12-27 05:30:00,8.7500
04109000,42.283611,-84.408889,2014-01-03 18:15:00,2014-01-06 21:45:00,5.6634,2014-01-03 20:45:00,2.5000
04109000,42.283611,-84.408889,2014-01-08 19:00:00,2014-01-09 22:15:00,5.6634,2014-01-09 02:00:00,7.0000
04109000,42.283611,-84.408889,2014-01-11 02:30:00,2014-01-23 23:00:00,6.9659,2014-01-11 16:30:00,14.0000
04109000,42.283611,-84.408889,2014-02-20 19:15:00,2014-03-01 08:45:00,7.5606,2014-02-21 01:30:00,6.2500
04109000,42.283611,-84.408889,2014-03-02 18:15:00,2014-03-04 23:00:00,5.2953,2014-03-03 20:15:00,26.0000
04109000,42.283611,-84.408889,2014-03-12 02:15:00,2014-03-12 10:15:00,5.2953,2014-03-12 03:30:00,1.2500
04109000,42.283611,-84.408889,2014-06-02 23:00:00,2014-06-10 17:00:00,11.5250,2014-06-03 00:15:00,1.2500
04109000,42.283611,-84.408889,2014-06-18 21:00:00,2014-06-18 23:15:00,5.2103,2014-06-18 22:00:00,1.0000
04109000,42.283611,-84.408889,2014-06-23 18:15:00,2014-06-28 03:00:00,10.8170,2014-06-23 19:45:00,1.5000
04109000,42.283611,-84.408889,2014-07-01 07:15:00,2014-07-01 12:30:00,11.3551,2014-07-01 08:15:00,1.0000
04109000,42.283611,-84.408889,2014-07-07 11:45:00,2014-07-08 21:15:00,9.5711,2014-07-07 13:15:00,1.5000
04109000,42.283611,-84.408889,2014-07-17 00:45:00,2014-07-17 02:30:00,4.7289,2014-07-17 01:15:00,0.5000
04109000,42.283611,-84.408889,2014-08-11 22:00:00,2014-08-12 00:15:00,5.8899,2014-08-11 23:00:00,1.0000
04109000,42.283611,-84.408889,2014-08-19 22:00:00,2014-08-20 01:15:00,8.6933,2014-08-19 23:00:00,1.0000
04109000,42.283611,-84.408889,2014-09-20 23:15:00,2014-09-21 04:00:00,11.7515,2014-09-21 00:15:00,1.0000
04109000,42.283611,-84.408889,2014-10-03 14:30:00,2014-10-03 17:15:00,7.0226,2014-10-03 15:15:00,0.7500
04109000,42.283611,-84.408889,2014-10-13 09:15:00,2014-10-13 19:30:00,8.2402,2014-10-13 10:15:00,1.0000
04109000,42.283611,-84.408889,2014-11-24 04:30:00,2014-11-24 11:45:00,7.0509,2014-11-24 07:00:00,2.5000
04109000,42.283611,-84.408889,2014-12-24 19:45:00,2014-12-25 04:15:00,5.8050,2014-12-25 00:00:00,4.2500
04109000,42.283611,-84.408889,2015-01-03 20:15:00,2015-01-04 03:00:00,6.0881,2015-01-03 22:45:00,2.5000
04109000,42.283611,-84.408889,2015-04-09 23:15:00,2015-04-10 04:15:00,6.3713,2015-04-10 00:30:00,1.2500
04109000,42.283611,-84.408889,2015-05-06 04:45:00,2015-05-06 09:00:00,7.5040,2015-05-06 06:15:00,1.5000
04109000,42.283611,-84.408889,2015-05-09 00:00:00,2015-05-09 07:30:00,7.9854,2015-05-09 01:00:00,1.0000
04109000,42.283611,-84.408889,2015-05-10 12:45:00,2015-05-12 08:15:00,10.1657,2015-05-11 03:15:00,14.5000
04109000,42.283611,-84.408889,2015-05-31 02:00:00,2015-06-10 15:30:00,10.9869,2015-05-31 11:45:00,9.7500
04109000,42.283611,-84.408889,2015-06-12 01:00:00,2015-06-12 02:30:00,5.0404,2015-06-12 01:15:00,0.2500
04109000,42.283611,-84.408889,2015-08-03 04:30:00,2015-08-03 08:15:00,7.9004,2015-08-03 05:30:00,1.0000
04109000,42.283611,-84.408889,2015-08-15 01:15:00,2015-08-15 06:15:00,10.7038,2015-08-15 02:45:00,1.5000
04109000,42.283611,-84.408889,2015-09-05 18:00:00,2015-09-05 20:30:00,6.6261,2015-09-05 19:00:00,1.0000
04109000,42.283611,-84.408889,2015-11-27 13:15:00,2015-11-28 05:45:00,5.2103,2015-11-27 15:30:00,2.2500
04109000,42.283611,-84.408889,2015-12-24 00:15:00,2015-12-24 03:15:00,5.9749,2015-12-24 01:15:00,1.0000
04109000,42.283611,-84.408889,2015-12-29 15:45:00,2015-12-29 21:45:00,4.7855,2015-12-29 18:30:00,2.7500
04109000,42.283611,-84.408889,2015-12-31 09:00:00,2016-01-06 05:15:00,5.2953,2016-01-01 20:30:00,35.5000
04109000,42.283611,-84.408889,2016-01-10 03:00:00,2016-01-11 05:00:00,5.3802,2016-01-10 05:45:00,2.7500
04109000,42.283611,-84.408889,2016-02-29 04:30:00,2016-03-10 18:30:00,8.2402,2016-03-03 03:15:00,70.7500
04109000,42.283611,-84.408889,2016-03-13 17:30:00,2016-03-20 04:00:00,6.2863,2016-03-16 18:30:00,73.0000
04109000,42.283611,-84.408889,2016-03-24 15:45:00,2016-03-26 21:15:00,8.6650,2016-03-24 19:45:00,4.0000
04109000,42.283611,-84.408889,2016-04-26 05:30:00,2016-04-26 08:45:00,5.4935,2016-04-26 06:15:00,0.7500
04109000,42.283611,-84.408889,2016-04-28 19:45:00,2016-04-28 21:15:00,4.8139,2016-04-28 20:15:00,0.5000
04109000,42.283611,-84.408889,2016-05-01 01:30:00,2016-05-20 22:15:00,7.8154,2016-05-04 19:45:00,90.2500
04109000,42.283611,-84.408889,1989-11-15 12:30:00,1989-11-28 06:00:00,8.8915,1989-11-15 20:30:00,8.0000
04109000,42.283611,-84.408889,1990-01-04 10:00:00,1990-01-16 20:00:00,7.2491,1990-01-04 12:00:00,2.0000
04109000,42.283611,-84.408889,1990-01-23 01:00:00,1990-01-31 16:30:00,6.9659,1990-01-25 19:00:00,66.0000
04109000,42.283611,-84.408889,1990-02-02 04:00:00,1990-02-02 10:00:00,5.6067,1990-02-02 05:30:00,1.5000
04109000,42.283611,-84.408889,1990-05-04 15:00:00,1990-05-12 06:00:00,6.6261,1990-05-04 18:00:00,3.0000
04109000,42.283611,-84.408889,1990-05-13 07:30:00,1990-06-04 21:00:00,14.6115,1990-05-17 10:00:00,98.5000
04109000,42.283611,-84.408889,1990-06-08 08:30:00,1990-06-08 20:30:00,6.2297,1990-06-08 09:30:00,1.0000
04109000,42.283611,-84.408889,1990-06-14 12:00:00,1990-06-14 14:30:00,6.8244,1990-06-14 12:30:00,0.5000
04109000,42.283611,-84.408889,1990-06-30 13:00:00,1990-06-30 13:30:00,4.9271,1990-06-30 13:30:00,0.5000
04109000,42.283611,-84.408889,1990-08-19 08:00:00,1990-08-19 14:30:00,10.3640,1990-08-19 09:00:00,1.0000
04109000,42.283611,-84.408889,1990-09-07 06:00:00,1990-09-07 11:00:00,11.8364,1990-09-07 07:30:00,1.5000
04109000,42.283611,-84.408889,1990-09-14 18:30:00,1990-09-14 21:30:00,7.6455,1990-09-14 19:30:00,1.0000
04109000,42.283611,-84.408889,1990-09-21 20:30:00,1990-09-21 23:00:00,5.1537,1990-09-21 21:00:00,0.5000
04109000,42.283611,-84.408889,1990-10-04 04:30:00,1990-10-04 10:30:00,11.9497,1990-10-04 05:30:00,1.0000
04109000,42.283611,-84.408889,1990-10-09 06:00:00,1990-10-26 19:00:00,14.0735,1990-10-10 12:30:00,30.5000
04109000,42.283611,-84.408889,1990-11-05 05:30:00,1990-11-20 01:30:00,10.2790,1990-11-05 20:00:00,14.5000
04109000,42.283611,-84.408889,1990-11-22 12:30:00,1990-11-22 13:30:00,4.7572,1990-11-22 13:00:00,0.5000
04109000,42.283611,-84.408889,1990-11-27 05:30:00,1990-12-16 01:00:00,11.7232,1990-11-28 09:00:00,27.5000
04109000,42.283611,-84.408889,1990-12-17 15:00:00,1990-12-27 22:00:00,7.9570,1990-12-21 21:00:00,102.0000
04109000,42.283611,-84.408889,1990-12-29 09:30:00,1991-01-26 04:30:00,13.8186,1990-12-29 12:30:00,3.0000
04109000,42.283611,-84.408889,1991-05-14 17:30:00,1991-05-18 11:30:00,5.8333,1991-05-17 03:30:00,58.0000
04109000,42.283611,-84.408889,1991-05-26 06:00:00,1991-05-26 09:30:00,6.7960,1991-05-26 07:00:00,1.0000
04109000,42.283611,-84.408889,1991-05-31 07:00:00,1991-05-31 08:30:00,6.2297,1991-05-31 07:30:00,0.5000
04109000,42.283611,-84.408889,1991-06-02 13:00:00,1991-06-02 19:30:00,12.6010,1991-06-02 16:00:00,3.0000
04109000,42.283611,-84.408889,1991-06-10 21:00:00,1991-06-11 21:00:00,7.0226,1991-06-11 18:00:00,21.0000
04109000,42.283611,-84.408889,1991-06-15 23:00:00,1991-06-16 01:30:00,7.3341,1991-06-15 23:30:00,0.5000
04109000,42.283611,-84.408889,1991-07-08 01:30:00,1991-07-08 04:00:00,9.2313,1991-07-08 02:00:00,0.5000
04109000,42.283611,-84.408889,1991-08-15 20:30:00,1991-08-15 23:00:00,8.1836,1991-08-15 21:30:00,1.0000
04109000,42.283611,-84.408889,1991-08-19 17:00:00,1991-08-19 22:00:00,8.9764,1991-08-19 18:30:00,1.5000
04109000,42.283611,-84.408889,1991-08-30 23:30:00,1991-08-31 04:30:00,18.0095,1991-08-31 01:00:00,1.5000
04109000,42.283611,-84.408889,1991-09-03 23:30:00,1991-09-04 03:30:00,10.8454,1991-09-04 00:30:00,1.0000
04109000,42.283611,-84.408889,1991-10-04 12:00:00,1991-10-04 13:30:00,5.5218,1991-10-04 12:30:00,0.5000
04109000,42.283611,-84.408889,1991-10-25 15:30:00,1991-10-25 23:30:00,5.2386,1991-10-25 22:30:00,7.0000
04109000,42.283611,-84.408889,1991-10-29 02:00:00,1991-11-05 06:30:00,8.1553,1991-11-01 22:00:00,92.0000
04109000,42.283611,-84.408889,1991-11-20 07:30:00,1991-11-25 21:00:00,11.5533,1991-11-20 10:00:00,2.5000
04109000,42.283611,-84.408889,1991-11-28 21:30:00,1991-12-05 14:30:00,7.2208,1991-11-30 10:30:00,37.0000
04109000,42.283611,-84.408889,1991-12-06 15:00:00,1991-12-08 00:30:00,5.3802,1991-12-07 14:00:00,23.0000
04109000,42.283611,-84.408889,1991-12-09 01:30:00,1991-12-20 06:30:00,6.8527,1991-12-09 04:30:00,3.0000
04109000,42.283611,-84.408889,1991-12-29 08:30:00,1991-12-29 11:30:00,5.5501,1991-12-29 09:30:00,1.0000
04109000,42.283611,-84.408889,1992-01-08 13:30:00,1992-01-14 06:00:00,5.1253,1992-01-09 00:30:00,11.0000
04109000,42.283611,-84.408889,1992-01-17 18:00:00,1992-01-18 06:30:00,5.0687,1992-01-17 23:30:00,5.5000
04109000,42.283611,-84.408889,1992-02-15 11:30:00,1992-02-15 18:30:00,5.9182,1992-02-15 12:00:00,0.5000
04109000,42.283611,-84.408889,1992-02-22 17:30:00,1992-03-04 03:00:00,5.8616,1992-02-25 10:00:00,64.5000
04109000,42.283611,-84.408889,1992-03-07 13:30:00,1992-03-07 15:30:00,4.9838,1992-03-07 14:00:00,0.5000
04109000,42.283611,-84.408889,1992-03-10 08:00:00,1992-03-15 04:00:00,6.8244,1992-03-10 12:00:00,4.0000
04109000,42.283611,-84.408889,1992-03-17 16:00:00,1992-03-17 23:30:00,6.0881,1992-03-17 17:30:00,1.5000
04109000,42.283611,-84.408889,1992-04-07 19:30:00,1992-04-07 23:30:00,4.8422,1992-04-07 20:30:00,1.0000
04109000,42.283611,-84.408889,1992-04-16 15:30:00,1992-04-16 22:00:00,5.7483,1992-04-16 16:00:00,0.5000
04109000,42.283611,-84.408889,1992-05-17 21:30:00,1992-05-18 02:30:00,13.7903,1992-05-17 22:30:00,1.0000
04109000,42.283611,-84.408889,1992-05-23 20:00:00,1992-05-23 23:30:00,10.9303,1992-05-23 21:00:00,1.0000
04109000,42.283611,-84.408889,1992-05-31 00:00:00,1992-05-31 01:30:00,4.7855,1992-05-31 00:30:00,0.5000
04109000,42.283611,-84.408889,1992-06-18 01:30:00,1992-06-20 08:00:00,21.7190,1992-06-18 21:00:00,19.5000
04109000,42.283611,-84.408889,1992-06-23 19:00:00,1992-06-23 20:30:00,6.0881,1992-06-23 19:30:00,0.5000
04109000,42.283611,-84.408889,1992-07-03 00:30:00,1992-07-03 03:00:00,8.2685,1992-07-03 01:00:00,0.5000
04109000,42.283611,-84.408889,1992-07-05 02:00:00,1992-07-05 06:00:00,7.1642,1992-07-05 03:00:00,1.0000
04109000,42.283611,-84.408889,1992-07-12 21:30:00,1992-07-13 00:00:00,6.7394,1992-07-12 22:00:00,0.5000
04109000,42.283611,-84.408889,1992-07-14 20:30:00,1992-07-15 01:00:00,9.0614,1992-07-14 22:00:00,1.5000
04109000,42.283611,-84.408889,1992-07-17 16:30:00,1992-07-21 04:30:00,10.3356,1992-07-18 22:30:00,30.0000
04109000,42.283611,-84.408889,1992-07-31 05:00:00,1992-08-11 03:30:00,12.3178,1992-08-08 09:00:00,196.0000
04109000,42.283611,-84.408889,1992-08-27 20:00:00,1992-08-29 23:30:00,11.2135,1992-08-27 20:30:00,0.5000
04109000,42.283611,-84.408889,1992-09-03 01:30:00,1992-09-03 12:30:00,5.0687,1992-09-03 02:00:00,0.5000
04109000,42.283611,-84.408889,1992-09-07 19:30:00,1992-10-02 02:00:00,18.5759,1992-09-16 02:00:00,198.5000
04109000,42.283611,-84.408889,1992-10-09 02:00:00,1992-10-09 06:00:00,9.4012,1992-10-09 03:30:00,1.5000
04109000,42.283611,-84.408889,1993-02-06 06:00:00,1993-02-12 22:00:00,6.2014,1993-02-07 12:00:00,30.0000
04109000,42.283611,-84.408889,1993-02-19 01:30:00,1993-02-21 07:30:00,4.9271,1993-02-20 01:00:00,23.5000
04109000,42.283611,-84.408889,1993-06-05 03:30:00,1993-06-05 11:30:00,8.6083,1993-06-05 04:30:00,1.0000
04109000,42.283611,-84.408889,1993-06-07 14:00:00,1993-06-16 00:30:00,8.1836,1993-06-07 23:00:00,9.0000
04109000,42.283611,-84.408889,1993-06-19 19:00:00,1993-07-05 16:00:00,14.3283,1993-06-25 21:00:00,146.0000
04109000,42.283611,-84.408889,1993-07-09 06:00:00,1993-07-09 09:30:00,10.5339,1993-07-09 06:30:00,0.5000
04109000,42.283611,-84.408889,1993-07-14 09:30:00,1993-07-14 12:00:00,7.2208,1993-07-14 10:00:00,0.5000
04109000,42.283611,-84.408889,1993-07-19 00:00:00,1993-07-27 15:00:00,15.6592,1993-07-19 03:00:00,3.0000
04109000,42.283611,-84.408889,1993-08-06 21:00:00,1993-08-06 23:00:00,7.6455,1993-08-06 21:30:00,0.5000
04109000,42.283611,-84.408889,1993-08-29 14:00:00,1993-08-29 17:00:00,7.3341,1993-08-29 15:30:00,1.5000
04109000,42.283611,-84.408889,1993-09-02 16:30:00,1993-09-04 05:00:00,14.4416,1993-09-02 18:30:00,2.0000
04109000,42.283611,-84.408889,1993-09-06 14:30:00,1993-09-06 18:00:00,5.3236,1993-09-06 16:00:00,1.5000
04109000,42.283611,-84.408889,1993-09-14 23:00:00,1993-09-16 07:00:00,8.2402,1993-09-15 03:30:00,4.5000
04109000,42.283611,-84.408889,1993-09-27 16:00:00,1993-10-07 03:00:00,10.9303,1993-09-27 19:30:00,3.5000
04109000,42.283611,-84.408889,1993-10-09 09:30:00,1993-10-09 17:00:00,7.5606,1993-10-09 11:00:00,1.5000
04109000,42.283611,-84.408889,1993-10-16 15:30:00,1993-10-30 04:30:00,9.8259,1993-10-21 04:00:00,108.5000
04109000,42.283611,-84.408889,1993-11-01 05:00:00,1993-11-04 19:30:00,5.1253,1993-11-01 05:30:00,0.5000
04109000,42.283611,-84.408889,1993-11-27 03:30:00,1993-11-27 07:00:00,5.7483,1993-11-27 05:00:00,1.5000
04109000,42.283611,-84.408889,1993-12-02 14:00:00,1993-12-11 01:00:00,7.3057,1993-12-06 15:30:00,97.5000
04109000,42.283611,-84.408889,1993-12-18 23:00:00,1993-12-19 01:00:00,4.8988,1993-12-18 23:30:00,0.5000
04109000,42.283611,-84.408889,1994-01-28 02:00:00,1994-02-01 02:30:00,9.5711,1994-01-28 16:00:00,14.0000
04109000,42.283611,-84.408889,1994-02-02 23:00:00,1994-02-03 04:30:00,4.7289,1994-02-03 00:30:00,1.5000
04109000,42.283611,-84.408889,1994-05-25 11:30:00,1994-05-25 14:00:00,7.2774,1994-05-25 12:00:00,0.5000
04109000,42.283611,-84.408889,1994-06-13 14:30:00,1994-06-14 02:00:00,11.4117,1994-06-13 23:30:00,9.0000
04109000,42.283611,-84.408889,1994-06-20 18:30:00,1994-06-20 23:30:00,9.5428,1994-06-20 19:30:00,1.0000
04109000,42.283611,-84.408889,1994-06-24 05:00:00,1994-06-25 18:00:00,9.9392,1994-06-24 06:30:00,1.5000
04109000,42.283611,-84.408889,1994-06-27 23:30:00,1994-07-11 23:00:00,12.2329,1994-07-05 13:30:00,182.0000
04109000,42.283611,-84.408889,1994-07-20 13:00:00,1994-07-21 11:30:00,7.5040,1994-07-21 09:30:00,20.5000
04109000,42.283611,-84.408889,1994-07-25 22:00:00,1994-07-26 00:30:00,7.8721,1994-07-25 22:30:00,0.5000
04109000,42.283611,-84.408889,1994-08-11 12:00:00,1994-08-11 21:00:00,10.1374,1994-08-11 17:30:00,5.5000
04109000,42.283611,-84.408889,1994-08-13 10:30:00,1994-08-16 19:30:00,9.8826,1994-08-13 12:30:00,2.0000
04109000,42.283611,-84.408889,1994-08-20 16:30:00,1994-08-21 04:00:00,7.6455,1994-08-20 18:00:00,1.5000
04109000,42.283611,-84.408889,1994-10-01 03:00:00,1994-10-01 07:00:00,6.9376,1994-10-01 03:30:00,0.5000
04109000,42.283611,-84.408889,1994-10-09 01:30:00,1994-10-09 05:30:00,6.8244,1994-10-09 03:30:00,2.0000
04109000,42.283611,-84.408889,1994-11-01 04:30:00,1994-11-01 14:00:00,5.1537,1994-11-01 05:00:00,0.5000
04109000,42.283611,-84.408889,1994-11-05 21:30:00,1994-11-15 20:00:00,6.9943,1994-11-06 05:00:00,7.5000
04109000,42.283611,-84.408889,1994-11-27 20:00:00,1994-11-28 06:30:00,6.6261,1994-11-28 04:30:00,8.5000
04109000,42.283611,-84.408889,1994-12-05 05:30:00,1994-12-05 14:30:00,6.0598,1994-12-05 07:30:00,2.0000
04109000,42.283611,-84.408889,1995-01-13 09:00:00,1995-02-01 21:30:00,8.4101,1995-01-20 19:00:00,178.0000
04109000,42.283611,-84.408889,1995-02-27 18:30:00,1995-03-02 04:00:00,5.1253,1995-02-27 21:00:00,2.5000
04109000,42.283611,-84.408889,1995-03-05 20:00:00,1995-03-06 00:00:00,5.1253,1995-03-05 21:00:00,1.0000
04109000,42.283611,-84.408889,1995-04-04 08:00:00,1995-04-04 17:00:00,4.8988,1995-04-04 08:30:00,0.5000
04109000,42.283611,-84.408889,1995-04-08 07:30:00,1995-05-02 17:00:00,9.4861,1995-04-09 14:00:00,30.5000
04109000,42.283611,-84.408889,1995-05-06 10:30:00,1995-05-12 02:00:00,6.9376,1995-05-11 01:00:00,110.5000
04109000,42.283611,-84.408889,1995-05-15 13:00:00,1995-05-17 14:30:00,4.7855,1995-05-15 15:00:00,2.0000
04109000,42.283611,-84.408889,1995-05-24 09:30:00,1995-06-02 20:00:00,7.2491,1995-05-24 10:30:00,1.0000
04109000,42.283611,-84.408889,1995-06-25 23:00:00,1995-07-02 11:00:00,11.7798,1995-06-26 21:30:00,22.5000
04109000,42.283611,-84.408889,1995-07-04 21:30:00,1995-07-05 00:30:00,6.7960,1995-07-04 22:00:00,0.5000
04109000,42.283611,-84.408889,1995-07-16 22:30:00,1995-07-17 01:00:00,10.1091,1995-07-16 23:00:00,0.5000
04109000,42.283611,-84.408889,1995-07-20 21:30:00,1995-07-20 23:30:00,6.4279,1995-07-20 22:30:00,1.0000
04109000,42.283611,-84.408889,1995-07-23 05:00:00,1995-07-23 10:00:00,12.9408,1995-07-23 07:30:00,2.5000
04109000,42.283611,-84.408889,1995-08-02 22:00:00,1995-08-12 10:00:00,15.9141,1995-08-02 23:30:00,1.5000
04109000,42.283611,-84.408889,1995-08-13 23:00:00,1995-08-14 01:30:00,6.1731,1995-08-13 23:30:00,0.5000
04109000,42.283611,-84.408889,1995-08-15 23:30:00,1995-08-25 19:00:00,26.0798,1995-08-17 19:30:00,44.0000
04109000,42.283611,-84.408889,1995-10-03 17:30:00,1995-10-03 19:30:00,5.7766,1995-10-03 18:00:00,0.5000
04109000,42.283611,-84.408889,1995-10-05 20:30:00,1995-10-06 01:30:00,5.8899,1995-10-05 22:30:00,2.0000
04109000,42.283611,-84.408889,1995-10-27 09:00:00,1995-10-27 15:30:00,10.7321,1995-10-27 11:00:00,2.0000
04109000,42.283611,-84.408889,1995-11-02 02:30:00,1995-11-09 10:00:00,9.0614,1995-11-02 20:00:00,17.5000
04109000,42.283611,-84.408889,1995-11-10 15:30:00,1995-11-19 23:30:00,11.0436,1995-11-11 05:00:00,13.5000
04109000,42.283611,-84.408889,1995-11-27 19:45:00,1995-12-06 08:15:00,7.2208,1995-11-28 01:30:00,5.7500
04109000,42.283611,-84.408889,1996-01-17 19:45:00,1996-01-17 23:45:00,5.0404,1996-01-17 23:00:00,3.2500
04109000,42.283611,-84.408889,1996-01-19 01:30:00,1996-01-25 10:45:00,8.6083,1996-01-19 04:15:00,2.7500
04109000,42.283611,-84.408889,1996-01-26 20:15:00,1996-01-28 01:15:00,6.5978,1996-01-27 07:45:00,11.5000
04109000,42.283611,-84.408889,1996-02-26 12:30:00,1996-03-04 05:15:00,12.1479,1996-02-27 15:15:00,26.7500
04109000,42.283611,-84.408889,1996-03-05 19:30:00,1996-03-10 05:15:00,5.2953,1996-03-06 19:45:00,24.2500
04109000,42.283611,-84.408889,1996-03-11 21:00:00,1996-03-11 23:00:00,4.7006,1996-03-11 21:45:00,0.7500
04109000,42.283611,-84.408889,1996-03-18 14:30:00,1996-04-04 23:15:00,6.7960,1996-03-21 21:45:00,79.2500
04109000,42.283611,-84.408889,1996-04-12 21:30:00,1996-04-12 23:30:00,4.8988,1996-04-12 22:15:00,0.7500
04109000,42.283611,-84.408889,1996-04-15 12:45:00,1996-05-19 00:15:00,11.8364,1996-04-22 13:30:00,168.7500
04109000,42.283611,-84.408889,1996-05-21 04:00:00,1996-05-26 14:30:00,9.1747,1996-05-21 05:45:00,1.7500
04109000,42.283611,-84.408889,1996-05-30 16:00:00,1996-05-30 16:45:00,4.7855,1996-05-30 16:15:00,0.2500
04109000,42.283611,-84.408889,1996-06-06 13:30:00,1996-06-06 16:45:00,10.0242,1996-06-06 14:30:00,1.0000
04109000,42.283611,-84.408889,1996-06-09 08:30:00,1996-06-14 11:00:00,9.4295,1996-06-09 12:30:00,4.0000
04109000,42.283611,-84.408889,1996-06-17 15:30:00,1996-06-22 08:30:00,11.4117,1996-06-18 10:30:00,19.0000
04109000,42.283611,-84.408889,1996-06-24 09:15:00,1996-06-26 09:45:00,7.1642,1996-06-24 10:00:00,0.7500
04109000,42.283611,-84.408889,1996-07-13 21:30:00,1996-07-13 22:30:00,6.2863,1996-07-13 21:45:00,0.2500
04109000,42.283611,-84.408889,1996-07-29 00:00:00,1996-07-29 00:45:00,5.4368,1996-07-29 00:15:00,0.2500
04109000,42.283611,-84.408889,1996-08-19 17:00:00,1996-08-19 18:30:00,5.8616,1996-08-19 17:45:00,0.7500
04109000,42.283611,-84.408889,1996-08-20 20:30:00,1996-08-20 22:45:00,8.9198,1996-08-20 21:15:00,0.7500
04109000,42.283611,-84.408889,1996-08-23 06:00:00,1996-08-23 09:45:00,5.4935,1996-08-23 07:15:00,1.2500
04109000,42.283611,-84.408889,1996-09-09 10:45:00,1996-09-09 13:45:00,7.6455,1996-09-09 11:15:00,0.5000
04109000,42.283611,-84.408889,1996-09-27 15:45:00,1996-09-27 18:45:00,8.8915,1996-09-27 16:45:00,1.0000
04109000,42.283611,-84.408889,1996-10-18 06:30:00,1996-10-18 11:15:00,6.1164,1996-10-18 09:30:00,3.0000
04109000,42.283611,-84.408889,1996-10-23 09:00:00,1996-10-23 11:00:00,5.5784,1996-10-23 09:45:00,0.7500
04109000,42.283611,-84.408889,1996-10-29 21:00:00,1996-10-31 03:30:00,8.1836,1996-10-30 06:00:00,9.0000
04109000,42.283611,-84.408889,1996-11-07 10:30:00,1996-11-12 22:30:00,9.8543,1996-11-07 22:45:00,12.2500
04109000,42.283611,-84.408889,1996-12-11 15:00:00,1996-12-11 19:30:00,6.4562,1996-12-11 16:00:00,1.0000
04109000,42.283611,-84.408889,1996-12-12 20:00:00,1996-12-13 16:30:00,5.6067,1996-12-13 00:45:00,4.7500
04109000,42.283611,-84.408889,1996-12-15 21:45:00,1996-12-16 17:30:00,5.0687,1996-12-16 00:30:00,2.7500
04109000,42.283611,-84.408889,1996-12-23 16:15:00,1996-12-24 06:45:00,9.4861,1996-12-24 02:45:00,10.5000
04109000,42.283611,-84.408889,1996-12-29 07:30:00,1996-12-31 06:30:00,5.4935,1996-12-30 17:45:00,34.2500
04109000,42.283611,-84.408889,1997-01-03 05:15:00,1997-01-09 11:30:00,9.9958,1997-01-05 05:15:00,48.0000
04109000,42.283611,-84.408889,1997-01-22 04:15:00,1997-01-25 02:45:00,6.0032,1997-01-22 10:45:00,6.5000
04109000,42.283611,-84.408889,1997-01-26 21:15:00,1997-01-27 18:30:00,4.7289,1997-01-26 22:45:00,1.5000
04109000,42.283611,-84.408889,1997-01-29 20:45:00,1997-01-30 06:15:00,5.1537,1997-01-29 23:45:00,3.0000
04109000,42.283611,-84.408889,1997-02-04 15:30:00,1997-02-08 22:45:00,6.6261,1997-02-04 21:30:00,6.0000
04109000,42.283611,-84.408889,1997-05-01 15:00:00,1997-05-18 00:15:00,7.5889,1997-05-08 11:30:00,164.5000
04109000,42.283611,-84.408889,1997-05-19 04:00:00,1997-05-23 02:15:00,10.4772,1997-05-19 05:15:00,1.2500
04109000,42.283611,-84.408889,1997-05-26 13:15:00,1997-05-31 19:45:00,5.7766,1997-05-29 15:00:00,73.7500
04109000,42.283611,-84.408889,1997-06-02 12:30:00,1997-06-10 01:00:00,6.6828,1997-06-02 14:30:00,2.0000
04109000,42.283611,-84.408889,1997-06-16 16:30:00,1997-06-16 18:30:00,5.5218,1997-06-16 17:30:00,1.0000
04109000,42.283611,-84.408889,1997-07-21 14:45:00,1997-07-21 19:45:00,11.5816,1997-07-21 15:45:00,1.0000
04109000,42.283611,-84.408889,1997-08-13 02:15:00,1997-08-13 04:45:00,6.7677,1997-08-13 03:00:00,0.7500
04109000,42.283611,-84.408889,1997-08-16 12:30:00,1997-08-17 07:30:00,8.6933,1997-08-16 13:15:00,0.7500
04109000,42.283611,-84.408889,1997-08-24 14:00:00,1997-08-24 18:00:00,5.4368,1997-08-24 16:45:00,2.7500
04109000,42.283611,-84.408889,1997-09-10 04:45:00,1997-09-10 17:00:00,6.4846,1997-09-10 09:30:00,4.7500
04109000,42.283611,-84.408889,1997-09-17 10:15:00,1997-09-17 18:45:00,7.1075,1997-09-17 16:00:00,5.7500
04109000,42.283611,-84.408889,1997-09-19 22:30:00,1997-09-21 20:30:00,6.9943,1997-09-20 01:30:00,3.0000
04109000,42.283611,-84.408889,1997-11-01 00:15:00,1997-11-02 08:00:00,6.0881,1997-11-02 03:30:00,27.2500
04109000,42.283611,-84.408889,1997-12-25 00:00:00,1997-12-31 04:00:00,6.1164,1997-12-25 01:45:00,1.7500
04109000,42.283611,-84.408889,1998-01-04 07:45:00,1998-01-04 09:45:00,5.0687,1998-01-04 08:15:00,0.5000
04109000,42.283611,-84.408889,1998-01-05 18:00:00,1998-02-07 05:30:00,14.3566,1998-01-08 17:30:00,71.5000
04109000,42.283611,-84.408889,1998-04-02 05:00:00,1998-04-24 01:00:00,11.8081,1998-04-09 18:30:00,180.5000
04109000,42.283611,-84.408889,1998-04-26 03:00:00,1998-05-18 01:30:00,14.6398,1998-05-02 02:00:00,143.0000
04109000,42.283611,-84.408889,1998-05-31 10:45:00,1998-05-31 16:00:00,7.5606,1998-05-31 11:45:00,1.0000
04109000,42.283611,-84.408889,1998-06-10 04:15:00,1998-06-13 12:15:00,8.0986,1998-06-12 22:15:00,66.0000
04109000,42.283611,-84.408889,1998-06-15 19:00:00,1998-06-22 21:45:00,14.2434,1998-06-17 01:00:00,30.0000
04109000,42.283611,-84.408889,1998-06-26 10:15:00,1998-06-26 13:30:00,7.0792,1998-06-26 11:00:00,0.7500
04109000,42.283611,-84.408889,1998-06-30 01:45:00,1998-06-30 20:30:00,5.4652,1998-06-30 19:15:00,17.5000
04109000,42.283611,-84.408889,1998-08-06 06:30:00,1998-08-07 02:15:00,6.0881,1998-08-06 07:45:00,1.2500
04109000,42.283611,-84.408889,1998-08-08 23:45:00,1998-08-09 02:15:00,5.7766,1998-08-09 00:15:00,0.5000
04109000,42.283611,-84.408889,1998-08-10 21:45:00,1998-08-10 23:00:00,4.7572,1998-08-10 22:00:00,0.2500
04109000,42.283611,-84.408889,1998-09-02 06:45:00,1998-09-02 08:15:00,5.4652,1998-09-02 07:15:00,0.5000
04109000,42.283611,-84.408889,1998-09-07 08:00:00,1998-09-07 11:45:00,6.7394,1998-09-07 08:30:00,0.5000
04109000,42.283611,-84.408889,1998-11-10 18:45:00,1998-11-10 22:45:00,6.7960,1998-11-10 20:15:00,1.5000
04109000,42.283611,-84.408889,1998-11-25 21:15:00,1998-11-26 06:30:00,7.5606,1998-11-25 23:30:00,2.2500
04109000,42.283611,-84.408889,1998-12-06 21:15:00,1998-12-07 07:45:00,6.9659,1998-12-06 22:30:00,1.2500
04109000,42.283611,-84.408889,1999-01-18 08:00:00,1999-01-18 11:00:00,5.5784,1999-01-18 08:45:00,0.7500
04109000,42.283611,-84.408889,1999-01-22 08:15:00,1999-02-18 21:30:00,13.1390,1999-01-22 13:45:00,5.5000
04109000,42.283611,-84.408889,1999-03-08 01:00:00,1999-03-13 08:00:00,6.5412,1999-03-10 21:45:00,68.7500
04109000,42.283611,-84.408889,1999-03-21 21:30:00,1999-03-27 02:45:00,6.0598,1999-03-23 17:15:00,43.7500
04109000,42.283611,-84.408889,1999-04-04 13:00:00,1999-04-18 19:45:00,9.4012,1999-04-09 08:15:00,115.2500
04109000,42.283611,-84.408889,1999-04-20 00:15:00,1999-04-20 02:15:00,4.7289,1999-04-20 00:45:00,0.5000
04109000,42.283611,-84.408889,1999-04-22 05:15:00,1999-05-07 02:30:00,13.4222,1999-04-23 10:45:00,29.5000
04109000,42.283611,-84.408889,1999-05-18 01:45:00,1999-05-19 03:15:00,6.7677,1999-05-18 02:30:00,0.7500
04109000,42.283611,-84.408889,1999-05-23 19:45:00,1999-05-24 05:00:00,5.3519,1999-05-23 21:45:00,2.0000
04109000,42.283611,-84.408889,1999-05-31 11:15:00,1999-05-31 12:00:00,4.8422,1999-05-31 11:30:00,0.2500
04109000,42.283611,-84.408889,1999-06-24 21:00:00,1999-06-25 00:45:00,10.4489,1999-06-24 22:00:00,1.0000
04109000,42.283611,-84.408889,1999-07-01 12:15:00,1999-07-01 19:15:00,9.1180,1999-07-01 13:45:00,1.5000
04109000,42.283611,-84.408889,1999-07-09 09:15:00,1999-07-09 16:15:00,13.5638,1999-07-09 11:15:00,2.0000
04109000,42.283611,-84.408889,1999-07-31 18:15:00,1999-07-31 20:30:00,6.8527,1999-07-31 19:00:00,0.7500
04109000,42.283611,-84.408889,1999-09-29 16:15:00,1999-09-29 17:15:00,4.8139,1999-09-29 16:30:00,0.2500
04109000,42.283611,-84.408889,1999-12-05 15:45:00,1999-12-06 00:30:00,5.2386,1999-12-05 23:00:00,7.2500
04109000,42.283611,-84.408889,1999-12-08 04:00:00,1999-12-09 19:45:00,5.6351,1999-12-08 21:30:00,17.5000
04109000,42.283611,-84.408889,2000-02-26 18:45:00,2000-02-29 05:15:00,5.8899,2000-02-27 08:45:00,14.0000
04109000,42.283611,-84.408889,2000-03-10 16:15:00,2000-03-10 18:00:00,4.8705,2000-03-10 17:00:00,0.7500
04109000,42.283611,-84.408889,2000-04-20 10:00:00,2000-05-03 01:45:00,15.1778,2000-04-20 20:00:00,10.0000
04109000,42.283611,-84.408889,2000-05-04 09:15:00,2000-05-05 03:30:00,5.5501,2000-05-04 23:30:00,14.2500
04109000,42.283611,-84.408889,2000-05-08 23:45:00,2000-05-14 07:45:00,11.3267,2000-05-10 01:00:00,25.2500
04109000,42.283611,-84.408889,2000-05-15 22:30:00,2000-05-17 00:15:00,5.9182,2000-05-15 23:45:00,1.2500
04109000,42.283611,-84.408889,2000-05-18 00:30:00,2000-06-04 02:00:00,16.7353,2000-05-18 23:15:00,22.7500
04109000,42.283611,-84.408889,2000-06-05 20:15:00,2000-06-12 00:30:00,9.0048,2000-06-06 03:00:00,6.7500
04109000,42.283611,-84.408889,2000-06-13 18:45:00,2000-06-18 09:45:00,8.9764,2000-06-16 00:45:00,54.0000
04109000,42.283611,-84.408889,2000-06-19 22:15:00,2000-07-04 21:45:00,19.9351,2000-06-25 05:00:00,126.7500
04109000,42.283611,-84.408889,2000-07-05 22:30:00,2000-07-15 19:45:00,9.1747,2000-07-07 00:30:00,26.0000
04109000,42.283611,-84.408889,2000-07-18 23:15:00,2000-07-21 03:15:00,7.0509,2000-07-20 00:15:00,25.0000
04109000,42.283611,-84.408889,2000-07-28 21:15:00,2000-08-12 07:30:00,12.7709,2000-08-06 05:15:00,200.0000
04109000,42.283611,-84.408889,2000-08-16 22:45:00,2000-08-17 18:45:00,5.4652,2000-08-16 23:30:00,0.7500
04109000,42.283611,-84.408889,2000-08-22 22:15:00,2000-08-25 22:30:00,8.4384,2000-08-23 07:00:00,8.7500
04109000,42.283611,-84.408889,2000-08-26 23:15:00,2000-08-27 06:00:00,15.4893,2000-08-27 00:30:00,1.2500
04109000,42.283611,-84.408889,2000-08-28 22:30:00,2000-08-28 23:45:00,5.0970,2000-08-28 23:00:00,0.5000
04109000,42.283611,-84.408889,2000-08-30 00:15:00,2000-08-31 00:30:00,4.9838,2000-08-30 00:30:00,0.2500
04109000,42.283611,-84.408889,2000-09-10 21:00:00,2000-09-12 03:00:00,5.3519,2000-09-11 21:15:00,24.2500
04109000,42.283611,-84.408889,2000-09-14 17:30:00,2000-09-14 23:30:00,8.0137,2000-09-14 19:00:00,1.5000
04109000,42.283611,-84.408889,2000-10-04 05:30:00,2000-10-13 00:15:00,12.2329,2000-10-04 09:00:00,3.5000
04109000,42.283611,-84.408889,2000-10-18 00:00:00,2000-10-20 01:45:00,6.6545,2000-10-19 00:00:00,24.0000
04109000,42.283611,-84.408889,2000-10-24 05:45:00,2000-10-24 12:00:00,5.0121,2000-10-24 11:00:00,5.2500
04109000,42.283611,-84.408889,2000-11-10 00:30:00,2000-11-10 05:00:00,9.6560,2000-11-10 01:45:00,1.2500
04109000,42.283611,-84.408889,2000-11-13 14:30:00,2000-11-13 17:45:00,5.3802,2000-11-13 15:45:00,1.2500
04109000,42.283611,-84.408889,2000-12-03 04:45:00,2000-12-06 01:15:00,7.3624,2000-12-04 21:45:00,41.0000
04109000,42.283611,-84.408889,2001-04-04 00:15:00,2001-04-21 04:45:00,9.8259,2001-04-09 14:30:00,134.2500
04109000,42.283611,-84.408889,2001-05-08 04:45:00,2001-05-08 05:30:00,4.7855,2001-05-08 05:00:00,0.2500
04109000,42.283611,-84.408889,2001-05-15 08:15:00,2001-06-12 21:15:00,15.0079,2001-05-16 09:00:00,24.7500
04109000,42.283611,-84.408889,2001-06-15 20:30:00,2001-06-16 01:15:00,7.5040,2001-06-15 22:00:00,1.5000
04109000,42.283611,-84.408889,2001-06-18 11:30:00,2001-06-18 15:30:00,6.5412,2001-06-18 13:15:00,1.7500
04109000,42.283611,-84.408889,2001-06-20 02:15:00,2001-06-20 04:00:00,5.1537,2001-06-20 02:45:00,0.5000
04109000,42.283611,-84.408889,2001-06-21 20:30:00,2001-06-26 00:45:00,10.9869,2001-06-23 22:30:00,50.0000
04109000,42.283611,-84.408889,2001-07-25 15:30:00,2001-07-25 20:15:00,10.4489,2001-07-25 16:30:00,1.0000
04109000,42.283611,-84.408889,2001-08-02 21:15:00,2001-08-02 21:45:00,4.7006,2001-08-02 21:30:00,0.2500
04109000,42.283611,-84.408889,2001-08-10 03:15:00,2001-08-10 04:30:00,5.5501,2001-08-10 03:45:00,0.5000
04109000,42.283611,-84.408889,2001-08-16 15:30:00,2001-08-16 16:45:00,5.0404,2001-08-16 16:00:00,0.5000
04109000,42.283611,-84.408889,2001-08-18 23:15:00,2001-08-19 00:15:00,5.2103,2001-08-18 23:45:00,0.5000
04109000,42.283611,-84.408889,2001-08-22 16:30:00,2001-08-22 17:30:00,4.8139,2001-08-22 17:00:00,0.5000
04109000,42.283611,-84.408889,2001-08-26 12:30:00,2001-08-26 14:30:00,5.6634,2001-08-26 13:00:00,0.5000
04109000,42.283611,-84.408889,2001-09-09 23:00:00,2001-09-10 02:15:00,8.2119,2001-09-09 23:45:00,0.7500
04109000,42.283611,-84.408889,2001-09-19 10:45:00,2001-09-19 14:00:00,7.2491,2001-09-19 12:00:00,1.2500
04109000,42.283611,-84.408889,2001-09-21 13:15:00,2001-09-21 20:15:00,7.4190,2001-09-21 14:15:00,1.0000
04109000,42.283611,-84.408889,2001-10-05 02:15:00,2001-10-05 20:30:00,6.1448,2001-10-05 03:45:00,1.5000
04109000,42.283611,-84.408889,2001-10-11 01:00:00,2001-10-27 04:45:00,14.8097,2001-10-16 16:30:00,135.5000
04109000,42.283611,-84.408889,2001-11-07 05:45:00,2001-11-14 04:30:00,5.6917,2001-11-08 18:45:00,37.0000
04109000,42.283611,-84.408889,2001-11-25 04:45:00,2001-11-25 09:15:00,8.5800,2001-11-25 05:45:00,1.0000
04109000,42.283611,-84.408889,2001-11-27 12:15:00,2001-12-09 22:15:00,9.5145,2001-11-30 09:30:00,69.2500
04109000,42.283611,-84.408889,2001-12-12 03:00:00,2001-12-24 23:00:00,9.2030,2001-12-19 22:00:00,187.0000
04109000,42.283611,-84.408889,2002-01-15 01:15:00,2002-01-18 19:15:00,4.8988,2002-01-15 19:15:00,18.0000
04109000,42.283611,-84.408889,2002-02-16 17:45:00,2002-02-17 19:30:00,4.7006,2002-02-16 21:00:00,3.2500
04109000,42.283611,-84.408889,2002-04-28 12:30:00,2002-04-30 04:00:00,5.0404,2002-04-28 19:45:00,7.2500
04109000,42.283611,-84.408889,2002-05-02 06:30:00,2002-05-02 12:00:00,8.5517,2002-05-02 07:45:00,1.2500
04109000,42.283611,-84.408889,2002-05-06 16:00:00,2002-05-06 21:15:00,5.1253,2002-05-06 17:15:00,1.2500
04109000,42.283611,-84.408889,2002-05-09 04:00:00,2002-05-28 23:15:00,13.5355,2002-05-12 08:15:00,76.2500
04109000,42.283611,-84.408889,2002-05-30 18:45:00,2002-05-30 23:15:00,7.3624,2002-05-30 20:00:00,1.2500
04109000,42.283611,-84.408889,2002-06-01 01:45:00,2002-06-01 22:00:00,5.1253,2002-06-01 15:30:00,13.7500
04109000,42.283611,-84.408889,2002-06-03 16:15:00,2002-06-06 18:15:00,6.8244,2002-06-03 17:30:00,1.2500
04109000,42.283611,-84.408889,2002-07-09 08:15:00,2002-07-09 10:00:00,5.0687,2002-07-09 09:15:00,1.0000
04109000,42.283611,-84.408889,2002-07-21 17:45:00,2002-07-21 18:15:00,4.8139,2002-07-21 18:00:00,0.2500
04109000,42.283611,-84.408889,2002-07-26 13:30:00,2002-07-26 17:00:00,11.4117,2002-07-26 14:15:00,0.7500
04109000,42.283611,-84.408889,2002-07-28 05:00:00,2002-07-28 13:00:00,20.1616,2002-07-28 05:45:00,0.7500
04109000,42.283611,-84.408889,2002-07-29 19:45:00,2002-07-30 00:45:00,7.6172,2002-07-29 20:45:00,1.0000
04109000,42.283611,-84.408889,2002-08-13 18:15:00,2002-08-13 21:00:00,6.3430,2002-08-13 19:15:00,1.0000
04109000,42.283611,-84.408889,2002-08-23 21:00:00,2002-08-24 03:00:00,17.9812,2002-08-23 22:15:00,1.2500
04109000,42.283611,-84.408889,2002-10-04 21:45:00,2002-10-04 23:30:00,5.7483,2002-10-04 22:30:00,0.7500
04109000,42.283611,-84.408889,2002-11-22 00:00:00,2002-11-22 04:30:00,5.5501,2002-11-22 01:15:00,1.2500
04109000,42.283611,-84.408889,2003-02-04 01:15:00,2003-02-04 05:45:00,6.0032,2003-02-04 04:00:00,2.7500
04109000,42.283611,-84.408889,2003-03-08 23:30:00,2003-03-09 01:45:00,5.4935,2003-03-09 00:30:00,1.0000
04109000,42.283611,-84.408889,2003-03-13 00:00:00,2003-03-13 01:45:00,4.7855,2003-03-13 00:30:00,0.5000
04109000,42.283611,-84.408889,2003-03-15 20:15:00,2003-03-16 00:00:00,4.8988,2003-03-15 21:15:00,1.0000
04109000,42.283611,-84.408889,2003-05-01 04:00:00,2003-05-02 09:15:00,17.4998,2003-05-01 05:30:00,1.5000
04109000,42.283611,-84.408889,2003-05-03 18:45:00,2003-05-22 21:00:00,13.5355,2003-05-09 12:00:00,137.2500
04109000,42.283611,-84.408889,2003-05-31 10:15:00,2003-05-31 13:30:00,4.8139,2003-05-31 10:45:00,0.5000
04109000,42.283611,-84.408889,2003-06-08 13:30:00,2003-06-10 03:00:00,5.5218,2003-06-08 17:00:00,3.5000
04109000,42.283611,-84.408889,2003-07-07 06:45:00,2003-07-07 10:15:00,8.4101,2003-07-07 08:15:00,1.5000
04109000,42.283611,-84.408889,2003-07-13 02:00:00,2003-07-13 02:30:00,4.7289,2003-07-13 02:15:00,0.2500
04109000,42.283611,-84.408889,2003-07-21 05:15:00,2003-07-21 23:00:00,15.6592,2003-07-21 06:15:00,1.0000
04109000,42.283611,-84.408889,2003-08-01 20:15:00,2003-08-02 06:30:00,5.5501,2003-08-01 20:30:00,0.2500
04109000,42.283611,-84.408889,2003-08-04 01:00:00,2003-08-04 05:30:00,13.1390,2003-08-04 02:00:00,1.0000
04109000,42.283611,-84.408889,2003-08-15 19:15:00,2003-08-16 23:15:00,7.3624,2003-08-15 19:45:00,0.5000
04109000,42.283611,-84.408889,2003-09-04 05:45:00,2003-09-04 06:45:00,5.0687,2003-09-04 06:15:00,0.5000
04109000,42.283611,-84.408889,2003-09-15 02:00:00,2003-09-15 03:15:00,5.5784,2003-09-15 02:30:00,0.5000
04109000,42.283611,-84.408889,2003-09-22 10:30:00,2003-09-22 21:45:00,8.8915,2003-09-22 19:00:00,8.5000
04109000,42.283611,-84.408889,2003-09-24 23:45:00,2003-09-25 05:00:00,12.8275,2003-09-25 01:00:00,1.2500
04109000,42.283611,-84.408889,2003-09-27 02:30:00,2003-09-27 07:45:00,7.4473,2003-09-27 04:30:00,2.0000
04109000,42.283611,-84.408889,2003-10-14 17:30:00,2003-10-16 18:00:00,11.5816,2003-10-14 23:15:00,5.7500
04109000,42.283611,-84.408889,2003-10-25 13:00:00,2003-10-25 14:15:00,4.8988,2003-10-25 13:30:00,0.5000
04109000,42.283611,-84.408889,2003-11-02 14:15:00,2003-11-02 16:45:00,5.5784,2003-11-02 15:00:00,0.7500
04109000,42.283611,-84.408889,2003-11-11 08:00:00,2003-11-11 09:15:00,4.6723,2003-11-11 08:15:00,0.2500
04109000,42.283611,-84.408889,2003-11-18 22:00:00,2003-11-19 07:00:00,6.4562,2003-11-19 04:30:00,6.5000
04109000,42.283611,-84.408889,2003-11-24 08:45:00,2003-11-28 21:15:00,5.1537,2003-11-24 10:30:00,1.7500
04109000,42.283611,-84.408889,2003-12-29 11:45:00,2003-12-29 16:00:00,6.0315,2003-12-29 13:30:00,1.7500
04109000,42.283611,-84.408889,2004-05-01 07:30:00,2004-05-02 11:00:00,5.4085,2004-05-01 08:00:00,0.5000
04109000,42.283611,-84.408889,2004-05-08 04:30:00,2004-05-18 15:00:00,8.8915,2004-05-10 06:00:00,49.5000
04109000,42.283611,-84.408889,2004-05-23 05:00:00,2004-06-06 00:00:00,11.2418,2004-05-24 00:00:00,19.0000
04109000,42.283611,-84.408889,2004-06-08 00:45:00,2004-06-08 05:45:00,4.8139,2004-06-08 03:15:00,2.5000
04109000,42.283611,-84.408889,2004-06-09 23:00:00,2004-06-22 03:45:00,10.3073,2004-06-14 01:00:00,98.0000
04109000,42.283611,-84.408889,2004-07-07 04:45:00,2004-07-08 03:00:00,10.3356,2004-07-07 06:00:00,1.2500
04109000,42.283611,-84.408889,2004-07-22 01:45:00,2004-07-22 07:45:00,10.0808,2004-07-22 03:15:00,1.5000
04109000,42.283611,-84.408889,2004-07-27 07:30:00,2004-07-27 13:00:00,5.7483,2004-07-27 11:30:00,4.0000
04109000,42.283611,-84.408889,2004-08-04 08:15:00,2004-08-04 11:15:00,6.4279,2004-08-04 09:15:00,1.0000
04109000,42.283611,-84.408889,2004-08-18 03:30:00,2004-08-18 09:15:00,11.3834,2004-08-18 04:45:00,1.2500
04109000,42.283611,-84.408889,2004-08-29 05:15:00,2004-08-29 05:45:00,4.7006,2004-08-29 05:30:00,0.2500
04109000,42.283611,-84.408889,2004-10-09 00:15:00,2004-10-09 01:00:00,4.8705,2004-10-09 00:30:00,0.2500
04109000,42.283611,-84.408889,2004-10-29 15:15:00,2004-10-30 12:00:00,5.9749,2004-10-30 10:00:00,18.7500
04109000,42.283611,-84.408889,2004-11-02 06:00:00,2004-11-02 08:30:00,5.6634,2004-11-02 07:00:00,1.0000
04109000,42.283611,-84.408889,2004-11-04 11:15:00,2004-11-04 15:00:00,6.8810,2004-11-04 12:30:00,1.2500
04109000,42.283611,-84.408889,2004-12-20 22:00:00,2004-12-22 04:00:00,5.2386,2004-12-21 18:30:00,20.5000
04109000,42.283611,-84.408889,2004-12-31 08:15:00,2004-12-31 09:15:00,4.8705,2004-12-31 08:45:00,0.5000
04109000,42.283611,-84.408889,2005-01-27 19:15:00,2005-01-27 23:15:00,4.7855,2005-01-27 20:30:00,1.2500
04109000,42.283611,-84.408889,2005-04-12 02:15:00,2005-04-15 21:00:00,5.7200,2005-04-12 17:15:00,15.0000
04109000,42.283611,-84.408889,2005-05-03 14:15:00,2005-05-04 17:45:00,4.7289,2005-05-03 15:45:00,1.5000
04109000,42.283611,-84.408889,2005-06-06 00:15:00,2005-06-06 02:15:00,5.5784,2005-06-06 00:45:00,0.5000
04109000,42.283611,-84.408889,2005-06-13 06:15:00,2005-06-13 15:30:00,6.5695,2005-06-13 07:30:00,1.2500
04109000,42.283611,-84.408889,2005-06-29 01:30:00,2005-06-29 03:00:00,5.4652,2005-06-29 02:00:00,0.5000
04109000,42.283611,-84.408889,2005-06-30 15:45:00,2005-07-01 03:15:00,8.5800,2005-06-30 16:30:00,0.7500
04109000,42.283611,-84.408889,2005-07-04 22:15:00,2005-07-05 04:45:00,11.1568,2005-07-04 23:45:00,1.5000
04109000,42.283611,-84.408889,2005-07-15 20:30:00,2005-07-16 21:45:00,6.6545,2005-07-15 21:15:00,0.7500
04109000,42.283611,-84.408889,2005-07-21 03:15:00,2005-07-23 04:45:00,14.4699,2005-07-21 04:30:00,1.2500
04109000,42.283611,-84.408889,2005-07-24 06:45:00,2005-07-29 02:30:00,7.4756,2005-07-26 12:00:00,53.2500
04109000,42.283611,-84.408889,2005-08-20 13:00:00,2005-08-20 16:15:00,8.0420,2005-08-20 14:15:00,1.2500
04109000,42.283611,-84.408889,2005-09-16 09:15:00,2005-09-16 12:30:00,7.7588,2005-09-16 10:15:00,1.0000
04109000,42.283611,-84.408889,2005-09-23 02:15:00,2005-09-23 04:00:00,5.9749,2005-09-23 02:45:00,0.5000
04109000,42.283611,-84.408889,2005-11-15 22:15:00,2005-11-16 05:00:00,6.9659,2005-11-16 02:30:00,4.2500
04109000,42.283611,-84.408889,2005-11-27 14:15:00,2005-12-04 00:00:00,7.2208,2005-11-27 15:45:00,1.5000
04109000,42.283611,-84.408889,2005-12-28 19:15:00,2005-12-29 00:15:00,5.5784,2005-12-28 20:30:00,1.2500
04109000,42.283611,-84.408889,2006-03-09 04:30:00,2006-03-26 00:15:00,16.9052,2006-03-13 14:00:00,105.5000
04109000,42.283611,-84.408889,2006-03-28 20:30:00,2006-04-05 06:15:00,8.2685,2006-04-01 01:00:00,76.5000
04109000,42.283611,-84.408889,2006-04-07 08:15:00,2006-04-17 17:15:00,8.9481,2006-04-12 19:45:00,131.5000
04109000,42.283611,-84.408889,2006-04-19 09:15:00,2006-04-24 20:30:00,5.6917,2006-04-19 20:45:00,11.5000
04109000,42.283611,-84.408889,2006-05-02 15:15:00,2006-05-04 20:45:00,6.9659,2006-05-02 19:45:00,4.5000
04109000,42.283611,-84.408889,2006-05-11 01:15:00,2006-05-28 03:30:00,15.0362,2006-05-11 09:15:00,8.0000
04109000,42.283611,-84.408889,2006-05-31 02:00:00,2006-06-05 03:00:00,5.5218,2006-05-31 02:45:00,0.7500
04109000,42.283611,-84.408889,2006-06-21 11:45:00,2006-07-06 03:00:00,19.3121,2006-06-27 03:00:00,135.2500
04109000,42.283611,-84.408889,2006-07-12 03:15:00,2006-07-13 23:15:00,7.3624,2006-07-12 05:15:00,2.0000
04109000,42.283611,-84.408889,2006-07-18 05:30:00,2006-07-21 20:15:00,10.0242,2006-07-18 06:45:00,1.2500
04109000,42.283611,-84.408889,2006-07-26 23:00:00,2006-07-26 23:30:00,4.6723,2006-07-26 23:15:00,0.2500
04109000,42.283611,-84.408889,2006-08-03 14:30:00,2006-08-03 18:30:00,9.0048,2006-08-03 15:15:00,0.7500
04109000,42.283611,-84.408889,2006-08-19 09:00:00,2006-08-19 16:00:00,13.6770,2006-08-19 11:45:00,2.7500
04109000,42.283611,-84.408889,2006-08-24 14:00:00,2006-08-24 15:45:00,5.7200,2006-08-24 14:45:00,0.7500
04109000,42.283611,-84.408889,2006-08-27 11:30:00,2006-08-27 14:00:00,6.7394,2006-08-27 12:15:00,0.7500
04109000,42.283611,-84.408889,2006-08-29 00:15:00,2006-08-29 04:30:00,6.4846,2006-08-29 01:30:00,1.2500
04109000,42.283611,-84.408889,2006-09-06 01:30:00,2006-09-06 05:15:00,7.0226,2006-09-06 02:30:00,1.0000
04109000,42.283611,-84.408889,2006-09-12 17:00:00,2006-09-14 04:45:00,15.8858,2006-09-13 23:30:00,30.5000
04109000,42.283611,-84.408889,2006-09-23 04:00:00,2006-09-23 06:15:00,5.5784,2006-09-23 04:45:00,0.7500
04109000,42.283611,-84.408889,2006-10-02 14:00:00,2006-10-02 21:45:00,9.6844,2006-10-02 15:45:00,1.7500
04109000,42.283611,-84.408889,2006-10-04 12:30:00,2006-10-04 21:15:00,6.3430,2006-10-04 16:00:00,3.5000
04109000,42.283611,-84.408889,2006-10-11 17:45:00,2006-10-12 00:30:00,8.2402,2006-10-11 19:00:00,1.2500
04109000,42.283611,-84.408889,2006-10-17 06:15:00,2006-10-29 23:30:00,11.0436,2006-10-17 10:15:00,4.0000
04109000,42.283611,-84.408889,2006-11-07 15:15:00,2006-11-13 11:00:00,7.7871,2006-11-11 14:45:00,95.5000
04109000,42.283611,-84.408889,2006-11-16 04:15:00,2006-11-25 04:45:00,10.5905,2006-11-16 18:45:00,14.5000
04109000,42.283611,-84.408889,2007-02-04 19:45:00,2007-02-05 23:45:00,4.9838,2007-02-04 23:15:00,3.5000
04109000,42.283611,-84.408889,2007-04-08 11:30:00,2007-04-18 17:45:00,9.0897,2007-04-12 01:45:00,86.2500
04109000,42.283611,-84.408889,2007-04-24 04:30:00,2007-05-05 11:45:00,11.2701,2007-04-26 17:45:00,61.2500
04109000,42.283611,-84.408889,2007-05-15 23:15:00,2007-05-16 03:45:00,8.4951,2007-05-16 00:30:00,1.2500
04109000,42.283611,-84.408889,2007-05-26 14:45:00,2007-05-27 18:30:00,5.4935,2007-05-26 15:45:00,1.0000
04109000,42.283611,-84.408889,2007-05-30 02:15:00,2007-05-31 20:30:00,5.3802,2007-05-30 17:00:00,14.7500
04109000,42.283611,-84.408889,2007-06-03 02:45:00,2007-06-14 18:30:00,12.5444,2007-06-03 04:45:00,2.0000
04109000,42.283611,-84.408889,2007-06-27 18:30:00,2007-06-28 03:00:00,9.3729,2007-06-27 22:15:00,3.7500
04109000,42.283611,-84.408889,2007-08-05 12:45:00,2007-08-05 13:30:00,4.7289,2007-08-05 13:15:00,0.5000
04109000,42.283611,-84.408889,2007-08-07 13:30:00,2007-08-07 16:30:00,7.6739,2007-08-07 14:30:00,1.0000
04109000,42.283611,-84.408889,2007-08-09 04:00:00,2007-08-10 05:45:00,6.0315,2007-08-10 04:15:00,24.2500
04109000,42.283611,-84.408889,2007-08-19 09:45:00,2007-08-20 23:30:00,9.3162,2007-08-20 15:45:00,30.0000
04109000,42.283611,-84.408889,2007-08-22 13:30:00,2007-08-29 21:30:00,14.7814,2007-08-24 23:45:00,58.2500
04109000,42.283611,-84.408889,2007-09-11 04:00:00,2007-09-11 08:15:00,7.5040,2007-09-11 05:15:00,1.2500
04109000,42.283611,-84.408889,2007-10-01 22:15:00,2007-10-02 02:00:00,8.3535,2007-10-01 23:30:00,1.2500
04109000,42.283611,-84.408889,2007-11-21 12:45:00,2007-11-23 00:00:00,6.7960,2007-11-22 02:00:00,13.2500
04109000,42.283611,-84.408889,2007-11-26 20:00:00,2007-11-27 21:45:00,4.8988,2007-11-27 02:15:00,6.2500
04109000,42.283611,-84.408889,2007-12-02 20:45:00,2007-12-03 05:30:00,9.0048,2007-12-02 22:30:00,1.7500
04109000,42.283611,-84.408889,2007-12-11 16:45:00,2007-12-13 05:45:00,8.1269,2007-12-12 05:30:00,12.7500
04109000,42.283611,-84.408889,2007-12-22 22:00:00,2008-01-01 01:15:00,9.2596,2007-12-23 13:30:00,15.5000
04109000,42.283611,-84.408889,2008-01-02 05:30:00,2008-01-03 07:00:00,4.7855,2008-01-03 01:45:00,20.2500
04109000,42.283611,-84.408889,2008-01-05 17:00:00,2008-01-26 03:30:00,17.4998,2008-01-08 16:30:00,71.5000
04109000,42.283611,-84.408889,2008-01-29 01:30:00,2008-04-27 06:30:00,16.4521,2008-02-06 07:00:00,197.5000
04109000,42.283611,-84.408889,2008-05-11 17:00:00,2008-05-12 22:15:00,6.6261,2008-05-11 18:45:00,1.7500
04109000,42.283611,-84.408889,2008-05-14 18:45:00,2008-05-14 19:45:00,4.7289,2008-05-14 19:00:00,0.2500
04109000,42.283611,-84.408889,2008-05-31 02:15:00,2008-05-31 06:00:00,6.7960,2008-05-31 03:15:00,1.0000
04109000,42.283611,-84.408889,2008-06-03 21:30:00,2008-06-06 17:30:00,6.3713,2008-06-03 22:45:00,1.2500
04109000,42.283611,-84.408889,2008-06-08 06:00:00,2008-06-08 23:30:00,7.2208,2008-06-08 07:00:00,1.0000
04109000,42.283611,-84.408889,2008-06-10 10:30:00,2008-06-10 17:00:00,4.9554,2008-06-10 11:15:00,0.7500
04109000,42.283611,-84.408889,2008-06-13 12:00:00,2008-06-14 19:45:00,12.4594,2008-06-14 06:45:00,18.7500
04109000,42.283611,-84.408889,2008-07-02 23:15:00,2008-07-12 19:45:00,13.4505,2008-07-03 01:00:00,1.7500
04109000,42.283611,-84.408889,2008-08-10 00:15:00,2008-08-10 01:00:00,4.7855,2008-08-10 00:30:00,0.2500
04109000,42.283611,-84.408889,2008-09-03 21:00:00,2008-09-04 04:15:00,8.7782,2008-09-03 22:45:00,1.7500
04109000,42.283611,-84.408889,2008-09-09 03:00:00,2008-09-09 06:30:00,6.8527,2008-09-09 04:00:00,1.0000
04109000,42.283611,-84.408889,2008-09-12 08:15:00,2008-09-24 03:00:00,20.0766,2008-09-14 23:00:00,62.7500
04109000,42.283611,-84.408889,2008-09-30 00:45:00,2008-09-30 05:30:00,10.5622,2008-09-30 01:45:00,1.0000
04109000,42.283611,-84.408889,2008-10-03 04:15:00,2008-10-03 06:45:00,4.7855,2008-10-03 05:00:00,0.7500
04109000,42.283611,-84.408889,2008-11-18 12:30:00,2008-11-23 21:15:00,4.8422,2008-11-18 17:30:00,5.0000
04109000,42.283611,-84.408889,2008-12-09 16:30:00,2008-12-19 05:00:00,6.2297,2008-12-15 11:45:00,139.2500
04109000,42.283611,-84.408889,2008-12-24 20:30:00,2009-01-08 09:45:00,11.8364,2008-12-28 08:15:00,83.7500
04109000,42.283611,-84.408889,2009-01-15 17:30:00,2009-01-22 01:00:00,5.9749,2009-01-16 02:15:00,8.7500
04109000,42.283611,-84.408889,2009-07-23 11:15:00,2009-07-23 17:15:00,10.1657,2009-07-23 12:30:00,1.2500
04109000,42.283611,-84.408889,2009-08-08 13:30:00,2009-08-09 01:00:00,14.9513,2009-08-08 18:30:00,5.0000
04109000,42.283611,-84.408889,2009-08-10 02:15:00,2009-08-10 03:00:00,4.8705,2009-08-10 02:30:00,0.2500
04109000,42.283611,-84.408889,2009-08-20 15:00:00,2009-08-20 18:45:00,7.1925,2009-08-20 15:45:00,0.7500
04109000,42.283611,-84.408889,2009-08-26 13:15:00,2009-08-26 17:45:00,5.8899,2009-08-26 15:00:00,1.7500
04109000,42.283611,-84.408889,2009-08-28 14:30:00,2009-08-28 23:30:00,5.2103,2009-08-28 15:00:00,0.5000
04109000,42.283611,-84.408889,2009-09-21 07:00:00,2009-09-21 08:00:00,4.9838,2009-09-21 07:15:00,0.2500
04109000,42.283611,-84.408889,2009-09-29 00:15:00,2009-09-29 05:00:00,5.5784,2009-09-29 01:15:00,1.0000
04109000,42.283611,-84.408889,2009-10-02 10:15:00,2009-10-02 17:45:00,7.5889,2009-10-02 12:45:00,2.5000
04109000,42.283611,-84.408889,2009-10-09 13:15:00,2009-10-10 04:15:00,6.4279,2009-10-09 23:15:00,10.0000
04109000,42.283611,-84.408889,2009-10-23 07:45:00,2009-11-07 01:30:00,8.5234,2009-10-31 04:30:00,188.7500
04109000,42.283611,-84.408889,2009-11-24 10:45:00,2009-12-01 04:15:00,6.5695,2009-11-25 16:15:00,29.5000
04109000,42.283611,-84.408889,2009-12-03 01:45:00,2009-12-03 08:30:00,5.4935,2009-12-03 03:45:00,2.0000
04109000,42.283611,-84.408889,2009-12-09 12:30:00,2009-12-10 23:30:00,5.4085,2009-12-09 14:30:00,2.0000
04109000,42.283611,-84.408889,2009-12-12 19:00:00,2009-12-19 20:00:00,5.4085,2009-12-13 19:45:00,24.7500
04109000,42.283611,-84.408889,2009-12-25 14:30:00,2009-12-25 19:30:00,6.0032,2009-12-25 16:00:00,1.5000
04109000,42.283611,-84.408889,2009-12-29 23:45:00,2010-01-02 08:45:00,5.4652,2009-12-31 20:00:00,44.2500
04109000,42.283611,-84.408889,2010-01-03 20:15:00,2010-01-04 22:15:00,5.2103,2010-01-03 22:30:00,2.2500
04109000,42.283611,-84.408889,2010-03-10 13:45:00,2010-04-01 10:00:00,11.0436,2010-03-16 18:00:00,147.2500
04109000,42.283611,-84.408889,2010-04-06 19:30:00,2010-04-13 01:45:00,7.4473,2010-04-08 01:45:00,30.2500
04109000,42.283611,-84.408889,2010-04-25 05:45:00,2010-05-02 19:00:00,8.0703,2010-05-01 12:45:00,151.0000
04109000,42.283611,-84.408889,2010-05-04 00:00:00,2010-05-04 04:30:00,5.6351,2010-05-04 01:15:00,1.2500
04109000,42.283611,-84.408889,2010-07-08 21:15:00,2010-07-09 00:45:00,7.4190,2010-07-08 22:00:00,0.7500
04109000,42.283611,-84.408889,2010-07-15 22:30:00,2010-07-18 00:30:00,11.2984,2010-07-15 23:15:00,0.7500
04109000,42.283611,-84.408889,2010-07-20 03:45:00,2010-07-20 05:00:00,5.0121,2010-07-20 04:15:00,0.5000
04109000,42.283611,-84.408889,2010-07-23 18:00:00,2010-08-10 05:15:00,20.3315,2010-07-25 11:00:00,41.0000
04109000,42.283611,-84.408889,2010-08-11 17:45:00,2010-08-11 23:15:00,6.8810,2010-08-11 18:30:00,0.7500
04109000,42.283611,-84.408889,2010-09-02 00:30:00,2010-09-02 02:00:00,5.5501,2010-09-02 01:15:00,0.7500
04109000,42.283611,-84.408889,2010-10-26 17:45:00,2010-10-28 04:30:00,5.7483,2010-10-27 18:30:00,24.7500
04109000,42.283611,-84.408889,2010-11-22 19:30:00,2010-11-30 19:15:00,8.8632,2010-11-23 06:15:00,10.7500
04109000,42.283611,-84.408889,2010-12-31 18:45:00,2011-01-01 14:15:00,5.5784,2010-12-31 19:30:00,0.7500
04109000,42.283611,-84.408889,2011-01-04 03:45:00,2011-01-10 07:30:00,5.5784,2011-01-04 18:45:00,15.0000
04109000,42.283611,-84.408889,2011-06-16 11:30:00,2011-06-16 17:30:00,5.8616,2011-06-16 12:45:00,1.2500
04109000,42.283611,-84.408889,2011-06-22 02:30:00,2011-06-23 01:00:00,7.3907,2011-06-22 22:00:00,19.5000
04109000,42.283611,-84.408889,2011-07-11 17:15:00,2011-07-11 18:30:00,5.0404,2011-07-11 17:45:00,0.5000
04109000,42.283611,-84.408889,2011-07-28 00:15:00,2011-08-07 00:15:00,16.3105,2011-07-29 08:45:00,32.5000
04109000,42.283611,-84.408889,2011-08-09 09:15:00,2011-08-09 12:15:00,5.7200,2011-08-09 10:00:00,0.7500
04109000,42.283611,-84.408889,2011-08-13 23:15:00,2011-08-14 02:15:00,7.1925,2011-08-14 00:00:00,0.7500
04109000,42.283611,-84.408889,2011-08-15 02:30:00,2011-08-17 04:45:00,5.2386,2011-08-15 20:45:00,18.2500
04109000,42.283611,-84.408889,2011-08-20 21:00:00,2011-08-20 23:00:00,6.3996,2011-08-20 21:30:00,0.5000
04109000,42.283611,-84.408889,2011-08-24 06:45:00,2011-08-24 08:45:00,6.2297,2011-08-24 07:30:00,0.7500
04109000,42.283611,-84.408889,2011-09-14 23:30:00,2011-09-15 02:15:00,5.2103,2011-09-15 00:15:00,0.7500
04109000,42.283611,-84.408889,2011-09-19 14:00:00,2011-09-19 16:00:00,4.7855,2011-09-19 14:30:00,0.5000
04109000,42.283611,-84.408889,2011-10-19 23:45:00,2011-10-29 13:30:00,8.5517,2011-10-27 01:00:00,169.2500
04109000,42.283611,-84.408889,2011-11-09 01:45:00,2011-11-19 23:00:00,10.8454,2011-11-14 21:15:00,139.5000
04109000,42.283611,-84.408889,2011-11-22 22:30:00,2011-11-23 11:30:00,7.4473,2011-11-23 00:45:00,2.2500
04109000,42.283611,-84.408889,2011-11-27 10:15:00,2011-12-08 04:45:00,16.3388,2011-12-04 14:15:00,172.0000
04109000,42.283611,-84.408889,2012-03-30 16:45:00,2012-03-31 18:45:00,7.3057,2012-03-30 18:15:00,1.5000
04109000,42.283611,-84.408889,2012-04-03 13:15:00,2012-04-06 09:45:00,9.3162,2012-04-05 00:30:00,35.2500
04109000,42.283611,-84.408889,2012-04-15 05:15:00,2012-04-18 16:45:00,11.4400,2012-04-15 13:45:00,8.5000
04109000,42.283611,-84.408889,2012-04-30 11:15:00,2012-05-06 11:30:00,7.2208,2012-05-04 05:00:00,89.7500
04109000,42.283611,-84.408889,2012-05-08 12:15:00,2012-05-09 01:30:00,5.0121,2012-05-08 18:30:00,6.2500
04109000,42.283611,-84.408889,2012-06-18 17:15:00,2012-06-18 21:15:00,8.2402,2012-06-18 18:30:00,1.2500
04109000,42.283611,-84.408889,2012-08-09 12:45:00,2012-08-10 22:00:00,6.4846,2012-08-09 13:45:00,1.0000
04109000,42.283611,-84.408889,2012-10-14 23:45:00,2012-10-15 02:00:00,6.1448,2012-10-15 00:45:00,1.0000
04109000,42.283611,-84.408889,2012-10-23 06:00:00,2012-10-23 09:30:00,6.2580,2012-10-23 07:15:00,1.2500
04109000,42.283611,-84.408889,2012-10-29 18:30:00,2012-11-02 04:15:00,6.4279,2012-10-30 18:15:00,23.7500
04109000,42.283611,-84.408889,2012-12-03 20:15:00,2012-12-07 02:00:00,7.3624,2012-12-04 15:30:00,19.2500
04109000,42.283611,-84.408889,2012-12-08 10:30:00,2012-12-08 20:30:00,5.0121,2012-12-08 12:15:00,1.7500
04109000,42.283611,-84.408889,2012-12-09 22:00:00,2012-12-10 02:15:00,4.7855,2012-12-09 22:30:00,0.5000
04109000,42.283611,-84.408889,2013-01-13 08:30:00,2013-01-13 12:30:00,5.7200,2013-01-13 10:15:00,1.7500
04109000,42.283611,-84.408889,2013-01-15 01:15:00,2013-01-21 12:45:00,6.0881,2013-01-16 16:45:00,39.5000
04109000,42.283611,-84.408889,2013-01-29 21:45:00,2013-02-01 08:00:00,9.4012,2013-01-30 10:00:00,12.2500
04109000,42.283611,-84.408889,2013-02-04 20:15:00,2013-02-05 10:30:00,4.8705,2013-02-05 04:00:00,7.7500
04109000,42.283611,-84.408889,2013-02-11 11:15:00,2013-02-20 02:30:00,6.6545,2013-02-19 09:45:00,190.5000
04109000,42.283611,-84.408889,2013-03-11 20:15:00,2013-03-25 23:00:00,8.0703,2013-03-16 07:30:00,107.2500
04109000,42.283611,-84.408889,2013-04-10 17:30:00,2013-04-17 04:45:00,11.0153,2013-04-11 11:15:00,17.7500
04109000,42.283611,-84.408889,2013-04-19 05:00:00,2013-05-08 20:45:00,19.3121,2013-04-19 10:00:00,5.0000
04109000,42.283611,-84.408889,2013-05-10 10:45:00,2013-05-10 13:00:00,4.8139,2013-05-10 11:15:00,0.5000
04109000,42.283611,-84.408889,2013-05-15 05:15:00,2013-05-18 06:30:00,5.1537,2013-05-15 19:15:00,14.0000
04109000,42.283611,-84.408889,2013-06-01 09:30:00,2013-06-01 15:30:00,7.1642,2013-06-01 10:30:00,1.0000
04109000,42.283611,-84.408889,2013-06-10 08:00:00,2013-06-10 13:45:00,5.6351,2013-06-10 12:30:00,4.5000
04109000,42.283611,-84.408889,2013-06-13 05:30:00,2013-06-14 23:30:00,10.7038,2013-06-13 08:45:00,3.2500
04109000,42.283611,-84.408889,2013-06-25 12:30:00,2013-06-28 04:45:00,7.7022,2013-06-26 07:00:00,18.5000
04109000,42.283611,-84.408889,2013-07-20 06:45:00,2013-07-20 09:00:00,6.0598,2013-07-20 07:30:00,0.7500
04109000,42.283611,-84.408889,2013-08-07 15:45:00,2013-08-07 18:00:00,5.6634,2013-08-07 16:30:00,0.7500
04109000,42.283611,-84.408889,2013-08-12 12:15:00,2013-08-13 06:45:00,14.1301,2013-08-12 17:45:00,5.5000
04109000,42.283611,-84.408889,2013-08-27 12:45:00,2013-08-28 18:45:00,17.8679,2013-08-28 08:15:00,19.5000
04109000,42.283611,-84.408889,2013-08-31 03:30:00,2013-08-31 07:00:00,6.6828,2013-08-31 04:30:00,1.0000
04109000,42.283611,-84.408889,2013-09-01 08:45:00,2013-09-01 10:30:00,4.8988,2013-09-01 09:30:00,0.7500
04109000,42.283611,-84.408889,2013-09-09 14:45:00,2013-09-09 21:30:00,12.9408,2013-09-09 16:00:00,1.2500
04109000,42.283611,-84.408889,2013-09-11 22:30:00,2013-09-12 04:00:00,10.0808,2013-09-11 23:45:00,1.2500
04109000,42.283611,-84.408889,2013-09-20 08:15:00,2013-09-20 10:45:00,6.8527,2013-09-20 09:00:00,0.7500
04109000,42.283611,-84.408889,2013-10-06 21:15:00,2013-10-07 03:00:00,6.8244,2013-10-06 22:30:00,1.2500
04109000,42.283611,-84.408889,2013-10-31 08:45:00,2013-10-31 11:30:00,6.0032,2013-10-31 09:30:00,0.7500
04109000,42.283611,-84.408889,2013-11-06 06:00:00,2013-11-12 05:00:00,6.8527,2013-11-06 20:30:00,14.5000
04109000,42.283611,-84.408889,2013-11-17 23:15:00,2013-11-18 02:45:00,7.1642,2013-11-18 00:00:00,0.7500
04109000,42.283611,-84.408889,2013-12-21 23:45:00,2013-12-25 04:00:00,7.3624,2013-12-22 05:30:00,5.7500
04109000,42.283611,-84.408889,2013-12-26 20:45:00,2013-12-29 07:30:00,5.3236,2013-12-27 05:30:00,8.7500
04109000,42.283611,-84.408889,2014-01-03 18:15:00,2014-01-06 21:45:00,5.6634,2014-01-03 20:45:00,2.5000
04109000,42.283611,-84.408889,2014-01-08 19:00:00,2014-01-09 22:15:00,5.6634,2014-01-09 02:00:00,7.0000
04109000,42.283611,-84.408889,2014-01-11 02:30:00,2014-01-23 23:00:00,6.9659,2014-01-11 16:30:00,14.0000
04109000,42.283611,-84.408889,2014-02-20 19:15:00,2014-03-01 08:45:00,7.5606,2014-02-21 01:30:00,6.2500
04109000,42.283611,-84.408889,2014-03-02 18:15:00,2014-03-04 23:00:00,5.2953,2014-03-03 20:15:00,26.0000
04109000,42.283611,-84.408889,2014-03-12 02:15:00,2014-03-12 10:15:00,5.2953,2014-03-12 03:30:00,1.2500
04109000,42.283611,-84.408889,2014-06-02 23:00:00,2014-06-10 17:00:00,11.5250,2014-06-03 00:15:00,1.2500
04109000,42.283611,-84.408889,2014-06-18 21:00:00,2014-06-18 23:15:00,5.2103,2014-06-18 22:00:00,1.0000
04109000,42.283611,-84.408889,2014-06-23 18:15:00,2014-06-28 03:00:00,10.8170,2014-06-23 19:45:00,1.5000
04109000,42.283611,-84.408889,2014-07-01 07:15:00,2014-07-01 12:30:00,11.3551,2014-07-01 08:15:00,1.0000
04109000,42.283611,-84.408889,2014-07-07 11:45:00,2014-07-08 21:15:00,9.5711,2014-07-07 13:15:00,1.5000
04109000,42.283611,-84.408889,2014-07-17 00:45:00,2014-07-17 02:30:00,4.7289,2014-07-17 01:15:00,0.5000
04109000,42.283611,-84.408889,2014-08-11 22:00:00,2014-08-12 00:15:00,5.8899,2014-08-11 23:00:00,1.0000
04109000,42.283611,-84.408889,2014-08-19 22:00:00,2014-08-20 01:15:00,8.6933,2014-08-19 23:00:00,1.0000
04109000,42.283611,-84.408889,2014-09-20 23:15:00,2014-09-21 04:00:00,11.7515,2014-09-21 00:15:00,1.0000
04109000,42.283611,-84.408889,2014-10-03 14:30:00,2014-10-03 17:15:00,7.0226,2014-10-03 15:15:00,0.7500
04109000,42.283611,-84.408889,2014-10-13 09:15:00,2014-10-13 19:30:00,8.2402,2014-10-13 10:15:00,1.0000
04109000,42.283611,-84.408889,2014-11-24 04:30:00,2014-11-24 11:45:00,7.0509,2014-11-24 07:00:00,2.5000
04109000,42.283611,-84.408889,2014-12-24 19:45:00,2014-12-25 04:15:00,5.8050,2014-12-25 00:00:00,4.2500
04109000,42.283611,-84.408889,2015-01-03 20:15:00,2015-01-04 03:00:00,6.0881,2015-01-03 22:45:00,2.5000
04109000,42.283611,-84.408889,2015-04-09 23:15:00,2015-04-10 04:15:00,6.3713,2015-04-10 00:30:00,1.2500
04109000,42.283611,-84.408889,2015-05-06 04:45:00,2015-05-06 09:00:00,7.5040,2015-05-06 06:15:00,1.5000
04109000,42.283611,-84.408889,2015-05-09 00:00:00,2015-05-09 07:30:00,7.9854,2015-05-09 01:00:00,1.0000
04109000,42.283611,-84.408889,2015-05-10 12:45:00,2015-05-12 08:15:00,10.1657,2015-05-11 03:15:00,14.5000
04109000,42.283611,-84.408889,2015-05-31 02:00:00,2015-06-10 15:30:00,10.9869,2015-05-31 11:45:00,9.7500
04109000,42.283611,-84.408889,2015-06-12 01:00:00,2015-06-12 02:30:00,5.0404,2015-06-12 01:15:00,0.2500
04109000,42.283611,-84.408889,2015-08-03 04:30:00,2015-08-03 08:15:00,7.9004,2015-08-03 05:30:00,1.0000
04109000,42.283611,-84.408889,2015-08-15 01:15:00,2015-08-15 06:15:00,10.7038,2015-08-15 02:45:00,1.5000
04109000,42.283611,-84.408889,2015-09-05 18:00:00,2015-09-05 20:30:00,6.6261,2015-09-05 19:00:00,1.0000
04109000,42.283611,-84.408889,2015-11-27 13:15:00,2015-11-28 05:45:00,5.2103,2015-11-27 15:30:00,2.2500
04109000,42.283611,-84.408889,2015-12-24 00:15:00,2015-12-24 03:15:00,5.9749,2015-12-24 01:15:00,1.0000
04109000,42.283611,-84.408889,2015-12-29 15:45:00,2015-12-29 21:45:00,4.7855,2015-12-29 18:30:00,2.7500
04109000,42.283611,-84.408889,2015-12-31 09:00:00,2016-01-06 05:15:00,5.2953,2016-01-01 20:30:00,35.5000
04109000,42.283611,-84.408889,2016-01-10 03:00:00,2016-01-11 05:00:00,5.3802,2016-01-10 05:45:00,2.7500
04109000,42.283611,-84.408889,2016-02-29 04:30:00,2016-03-10 18:30:00,8.2402,2016-03-03 03:15:00,70.7500
04109000,42.283611,-84.408889,2016-03-13 17:30:00,2016-03-20 04:00:00,6.2863,2016-03-16 18:30:00,73.0000
04109000,42.283611,-84.408889,2016-03-24 15:45:00,2016-03-26 21:15:00,8.6650,2016-03-24 19:45:00,4.0000
04109000,42.283611,-84.408889,2016-04-26 05:30:00,2016-04-26 08:45:00,5.4935,2016-04-26 06:15:00,0.7500
04109000,42.283611,-84.408889,2016-04-28 19:45:00,2016-04-28 21:15:00,4.8139,2016-04-28 20:15:00,0.5000
04109000,42.283611,-84.408889,2016-05-01 01:30:00,2016-05-20 22:15:00,7.8154,2016-05-04 19:45:00,90.2500
04113000,42.750556,-84.555278,1993-04-20 14:00:00,1993-04-22 20:00:00,170.4674,1993-04-21 16:00:00,26.0000
04113000,42.750556,-84.555278,1999-04-23 18:00:00,1999-04-26 16:30:00,172.4496,1999-04-25 18:30:00,48.5000
04113000,42.750556,-84.555278,2001-02-10 15:30:00,2001-02-14 14:30:00,195.3862,2001-02-13 05:00:00,61.5000
04113000,42.750556,-84.555278,2004-05-22 18:00:00,2004-05-26 19:30:00,230.7823,2004-05-24 04:00:00,34.0000
04113000,42.750556,-84.555278,2005-01-14 09:30:00,2005-01-16 06:30:00,168.4852,2005-01-15 07:00:00,21.5000
04113000,42.750556,-84.555278,2008-01-09 23:30:00,2008-01-12 08:15:00,167.0694,2008-01-11 08:15:00,32.7500
04113000,42.750556,-84.555278,2008-09-14 23:15:00,2008-09-19 10:00:00,210.1110,2008-09-16 03:45:00,28.5000
04113000,42.750556,-84.555278,2008-12-29 05:30:00,2008-12-29 11:15:00,153.4773,2008-12-29 11:00:00,5.5000
04113000,42.750556,-84.555278,2009-03-10 09:45:00,2009-03-13 21:15:00,195.9526,2009-03-11 18:30:00,32.7500
04113000,42.750556,-84.555278,2011-05-28 17:00:00,2011-05-30 06:15:00,163.3882,2011-05-29 21:45:00,28.7500
04113000,42.750556,-84.555278,2011-07-29 10:00:00,2011-08-01 05:45:00,180.3783,2011-07-30 12:15:00,26.2500
04113000,42.750556,-84.555278,2013-04-19 15:00:00,2013-04-22 21:15:00,182.9268,2013-04-22 00:00:00,57.0000
04113000,42.750556,-84.555278,2013-06-13 12:45:00,2013-06-13 16:45:00,158.2912,2013-06-13 14:30:00,1.7500
04113000,42.750556,-84.555278,2015-06-24 21:45:00,2015-06-26 03:30:00,170.4674,2015-06-25 17:00:00,19.2500
04121500,43.899167,-85.255278,1990-03-13 02:00:00,1990-03-22 07:00:00,133.3723,1990-03-18 08:00:00,126.0000
04121500,43.899167,-85.255278,1991-03-26 14:00:00,1991-04-03 14:00:00,127.4258,1991-03-30 08:00:00,90.0000
04121500,43.899167,-85.255278,1991-04-09 12:00:00,1991-04-22 13:00:00,131.6733,1991-04-17 22:00:00,202.0000
04121500,43.899167,-85.255278,1991-10-28 05:00:00,1991-11-07 21:00:00,165.9367,1991-11-02 05:00:00,120.0000
04121500,43.899167,-85.255278,1991-12-13 04:00:00,1991-12-16 10:00:00,95.7109,1991-12-15 06:00:00,50.0000
04121500,43.899167,-85.255278,1992-03-09 09:00:00,1992-03-11 04:00:00,107.3208,1992-03-10 14:00:00,29.0000
04121500,43.899167,-85.255278,1992-04-16 19:00:00,1992-04-29 07:00:00,133.9387,1992-04-21 03:00:00,104.0000
04121500,43.899167,-85.255278,1993-03-29 15:00:00,1993-04-04 04:00:00,105.0555,1993-04-02 03:00:00,84.0000
04121500,43.899167,-85.255278,1993-04-17 10:00:00,1993-04-27 15:00:00,129.6912,1993-04-22 22:00:00,132.0000
04121500,43.899167,-85.255278,1996-05-11 14:00:00,1996-05-12 00:00:00,84.6674,1996-05-11 18:00:00,4.0000
04121500,43.899167,-85.255278,1996-06-22 05:00:00,1996-06-27 20:00:00,118.3644,1996-06-23 20:00:00,39.0000
04121500,43.899167,-85.255278,1998-03-31 14:00:00,1998-04-09 00:45:00,148.9466,1998-04-03 15:30:00,73.5000
04121500,43.899167,-85.255278,2000-02-27 05:15:00,2000-02-29 01:30:00,101.9406,2000-02-27 20:45:00,15.5000
04121500,43.899167,-85.255278,2000-05-18 21:45:00,2000-05-22 03:15:00,90.6139,2000-05-20 14:15:00,40.5000
04121500,43.899167,-85.255278,2001-04-12 13:15:00,2001-04-17 04:00:00,97.1268,2001-04-15 00:00:00,58.7500
04121500,43.899167,-85.255278,2001-05-16 15:00:00,2001-05-20 15:45:00,117.2317,2001-05-18 13:45:00,46.7500
04121500,43.899167,-85.255278,2002-03-13 03:30:00,2002-03-14 11:45:00,85.5169,2002-03-13 11:15:00,7.7500
04121500,43.899167,-85.255278,2004-03-05 22:45:00,2004-03-13 08:45:00,130.2575,2004-03-08 09:00:00,58.2500
04121500,43.899167,-85.255278,2004-03-28 18:45:00,2004-04-02 23:00:00,94.8614,2004-03-31 08:15:00,61.5000
04121500,43.899167,-85.255278,2005-03-31 08:30:00,2005-04-09 08:00:00,142.1506,2005-04-04 01:00:00,87.5000
04121500,43.899167,-85.255278,2006-03-12 07:45:00,2006-03-21 14:30:00,148.0971,2006-03-15 09:00:00,73.2500
04121500,43.899167,-85.255278,2006-04-05 09:15:00,2006-04-09 08:15:00,90.3307,2006-04-08 01:30:00,64.2500
04121500,43.899167,-85.255278,2007-03-15 01:15:00,2007-03-18 10:45:00,110.1525,2007-03-16 03:30:00,26.2500
04121500,43.899167,-85.255278,2007-03-22 08:45:00,2007-03-31 19:30:00,135.9209,2007-03-26 13:30:00,100.7500
04121500,43.899167,-85.255278,2007-04-04 07:45:00,2007-04-06 15:15:00,87.2159,2007-04-04 17:15:00,9.5000
04121500,43.899167,-85.255278,2008-04-02 18:15:00,2008-04-05 09:00:00,88.9149,2008-04-03 22:00:00,27.7500
04121500,43.899167,-85.255278,2008-04-09 14:00:00,2008-04-18 02:30:00,119.4971,2008-04-14 05:00:00,111.0000
04121500,43.899167,-85.255278,2009-03-09 16:00:00,2009-03-14 03:45:00,97.9763,2009-03-12 02:45:00,58.7500
04121500,43.899167,-85.255278,2010-03-14 15:00:00,2010-03-15 17:00:00,85.2337,2010-03-14 21:30:00,6.5000
04121500,43.899167,-85.255278,2011-04-04 23:30:00,2011-04-08 03:15:00,92.3129,2011-04-06 12:00:00,36.5000
04121500,43.899167,-85.255278,2011-04-20 23:00:00,2011-04-25 11:00:00,88.0654,2011-04-23 23:45:00,72.7500
04121500,43.899167,-85.255278,2011-04-26 14:45:00,2011-05-06 00:45:00,173.2991,2011-04-30 09:15:00,90.5000
04121500,43.899167,-85.255278,2012-03-10 00:45:00,2012-03-11 15:30:00,86.6496,2012-03-10 20:00:00,19.2500
04121500,43.899167,-85.255278,2012-03-13 02:30:00,2012-03-21 05:45:00,108.7367,2012-03-17 00:15:00,93.7500
04121500,43.899167,-85.255278,2012-03-24 04:45:00,2012-03-24 13:45:00,84.3842,2012-03-24 09:00:00,4.2500
04121500,43.899167,-85.255278,2012-05-04 05:45:00,2012-05-09 05:00:00,109.8694,2012-05-06 09:00:00,51.2500
04121500,43.899167,-85.255278,2014-04-03 11:45:00,2014-04-05 13:30:00,84.3842,2014-04-03 12:15:00,0.5000
04121500,43.899167,-85.255278,2016-03-28 15:45:00,2016-04-11 05:15:00,141.5842,2016-04-03 04:00:00,132.2500
04167000,42.348056,-83.311667,2011-05-25 22:30:00,2011-05-27 06:45:00,79.8535,2011-05-26 12:15:00,13.7500
04173500,42.300278,-83.898333,1995-08-03 19:00:00,1995-08-04 21:00:00,19.5669,1995-08-04 07:00:00,12.0000
04173500,42.300278,-83.898333,1997-02-21 14:00:00,1997-02-23 22:00:00,23.1632,1997-02-22 12:00:00,22.0000
04173500,42.300278,-83.898333,1997-02-27 17:00:00,1997-03-01 03:00:00,20.1616,1997-02-28 07:00:00,14.0000
04173500,42.300278,-83.898333,1998-02-18 10:00:00,1998-02-20 04:00:00,21.0961,1998-02-19 01:00:00,15.0000
04173500,42.300278,-83.898333,1998-03-09 23:00:00,1998-03-11 03:00:00,19.8501,1998-03-10 10:00:00,11.0000
04173500,42.300278,-83.898333,1999-04-23 20:00:00,1999-04-25 07:00:00,20.7279,1999-04-24 08:00:00,12.0000
04173500,42.300278,-83.898333,2000-06-25 16:00:00,2000-06-26 19:15:00,19.4254,2000-06-26 01:45:00,9.7500
04173500,42.300278,-83.898333,2001-02-09 20:00:00,2001-02-12 04:45:00,32.8475,2001-02-10 20:15:00,24.2500
04173500,42.300278,-83.898333,2001-02-25 15:30:00,2001-02-27 06:30:00,20.6713,2001-02-26 03:45:00,12.2500
04173500,42.300278,-83.898333,2001-05-16 23:30:00,2001-05-18 04:45:00,18.7174,2001-05-17 10:15:00,10.7500
04173500,42.300278,-83.898333,2001-10-17 00:30:00,2001-10-18 09:00:00,19.9067,2001-10-17 12:00:00,11.5000
04173500,42.300278,-83.898333,2004-05-21 22:30:00,2004-05-25 13:15:00,28.0620,2004-05-23 00:45:00,26.2500
04173500,42.300278,-83.898333,2005-01-13 14:00:00,2005-01-15 23:45:00,24.9188,2005-01-14 12:15:00,22.2500
04173500,42.300278,-83.898333,2005-02-16 06:30:00,2005-02-17 13:30:00,20.2749,2005-02-16 19:30:00,13.0000
04173500,42.300278,-83.898333,2005-03-08 03:00:00,2005-03-08 11:15:00,17.5564,2005-03-08 05:30:00,2.5000
04173500,42.300278,-83.898333,2006-02-17 19:00:00,2006-02-18 04:45:00,17.2166,2006-02-18 00:45:00,5.7500
04173500,42.300278,-83.898333,2006-03-14 04:30:00,2006-03-14 11:45:00,16.8768,2006-03-14 07:00:00,2.5000
04173500,42.300278,-83.898333,2008-01-08 22:30:00,2008-01-11 20:15:00,23.4463,2008-01-09 23:30:00,25.0000
04173500,42.300278,-83.898333,2008-02-06 14:30:00,2008-02-08 02:30:00,20.4448,2008-02-07 02:45:00,12.2500
04173500,42.300278,-83.898333,2009-03-09 08:45:00,2009-03-13 09:15:00,21.2943,2009-03-12 01:30:00,64.7500
04173500,42.300278,-83.898333,2010-06-06 14:45:00,2010-06-09 11:30:00,25.2586,2010-06-07 10:30:00,19.7500
04173500,42.300278,-83.898333,2011-04-28 06:45:00,2011-05-01 01:45:00,27.7222,2011-04-29 05:30:00,22.7500
04173500,42.300278,-83.898333,2011-05-26 03:30:00,2011-05-30 20:00:00,28.2319,2011-05-27 05:45:00,26.2500
04173500,42.300278,-83.898333,2011-07-28 12:30:00,2011-07-31 23:00:00,28.8832,2011-07-29 22:30:00,34.0000
04173500,42.300278,-83.898333,2011-11-29 19:15:00,2011-12-03 01:00:00,26.8727,2011-11-30 15:15:00,20.0000
04173500,42.300278,-83.898333,2013-04-19 15:30:00,2013-04-21 09:00:00,20.8695,2013-04-20 09:45:00,18.2500
04173500,42.300278,-83.898333,2014-03-20 12:00:00,2014-03-21 05:00:00,16.9901,2014-03-20 16:00:00,4.0000
04173500,42.300278,-83.898333,2015-05-31 21:15:00,2015-06-02 06:00:00,19.7652,2015-06-01 13:15:00,16.0000
04173500,42.300278,-83.898333,2015-06-15 10:45:00,2015-06-17 07:45:00,20.8695,2015-06-16 13:15:00,26.5000
04180000,41.218889,-85.076389,1990-02-23 08:00:00,1990-02-24 20:00:00,129.6912,1990-02-23 22:00:00,14.0000
04180000,41.218889,-85.076389,1990-12-30 08:00:00,1991-01-01 11:00:00,158.0080,1990-12-31 04:00:00,20.0000
04180000,41.218889,-85.076389,1993-01-05 01:00:00,1993-01-06 18:00:00,137.0535,1993-01-05 21:00:00,20.0000
04180000,41.218889,-85.076389,1994-04-13 06:00:00,1994-04-13 21:00:00,115.8159,1994-04-13 13:00:00,7.0000
04180000,41.218889,-85.076389,1996-05-17 16:00:00,1996-05-19 04:00:00,126.8595,1996-05-17 23:00:00,7.0000
04180000,41.218889,-85.076389,1999-01-23 15:00:00,1999-01-25 03:00:00,117.5149,1999-01-24 09:00:00,18.0000
04180000,41.218889,-85.076389,2005-01-14 02:30:00,2005-01-14 19:30:00,112.4179,2005-01-14 11:30:00,9.0000
04180000,41.218889,-85.076389,2008-01-09 00:45:00,2008-01-10 17:30:00,137.9030,2008-01-09 15:30:00,14.7500
04180000,41.218889,-85.076389,2008-02-06 03:00:00,2008-02-08 12:15:00,149.7961,2008-02-07 06:00:00,27.0000
04180000,41.218889,-85.076389,2009-03-09 09:45:00,2009-03-10 05:00:00,117.5149,2009-03-09 18:45:00,9.0000
04180000,41.218889,-85.076389,2009-03-11 07:15:00,2009-03-13 15:30:00,158.0080,2009-03-12 12:00:00,28.7500
04180000,41.218889,-85.076389,2009-04-07 00:00:00,2009-04-07 11:45:00,111.2852,2009-04-07 04:15:00,4.2500
04180000,41.218889,-85.076389,2010-05-22 19:45:00,2010-05-23 04:30:00,114.4001,2010-05-23 00:45:00,5.0000
04180000,41.218889,-85.076389,2011-05-26 16:00:00,2011-05-27 05:45:00,114.4001,2011-05-26 21:45:00,5.7500
04180000,41.218889,-85.076389,2011-11-30 03:45:00,2011-12-01 13:45:00,133.9387,2011-11-30 17:30:00,13.7500
04180000,41.218889,-85.076389,2013-04-19 17:15:00,2013-04-21 04:15:00,148.6634,2013-04-20 06:30:00,13.2500
04180000,41.218889,-85.076389,2014-04-04 12:30:00,2014-04-05 07:00:00,121.7624,2014-04-04 19:45:00,7.2500
04180000,41.218889,-85.076389,2015-06-28 09:00:00,2015-06-29 04:00:00,122.8951,2015-06-28 15:15:00,6.2500
04180500,41.177222,-85.055833,1987-12-16 00:00:00,1987-12-16 13:00:00,144.4159,1987-12-16 03:00:00,3.0000
04180500,41.177222,-85.055833,1987-12-21 03:00:00,1987-12-21 20:00:00,142.1506,1987-12-21 11:00:00,8.0000
04180500,41.177222,-85.055833,1988-03-25 08:00:00,1988-03-26 21:00:00,158.2912,1988-03-26 08:00:00,24.0000
04180500,41.177222,-85.055833,1988-04-04 07:00:00,1988-04-04 20:00:00,148.6634,1988-04-04 18:00:00,11.0000
04180500,41.177222,-85.055833,1988-04-07 02:00:00,1988-04-10 19:00:00,227.1011,1988-04-07 19:00:00,17.0000
04180500,41.177222,-85.055833,1989-01-08 13:00:00,1989-01-10 12:00:00,184.9090,1989-01-09 09:00:00,20.0000
04180500,41.177222,-85.055833,1989-06-02 02:00:00,1989-06-09 04:00:00,373.7824,1989-06-05 04:00:00,74.0000
04180500,41.177222,-85.055833,1990-02-22 17:00:00,1990-02-26 04:00:00,286.0002,1990-02-24 15:00:00,46.0000
04180500,41.177222,-85.055833,1990-03-13 18:00:00,1990-03-14 00:00:00,161.6892,1990-03-13 20:00:00,2.0000
04180500,41.177222,-85.055833,1990-05-16 17:00:00,1990-05-21 19:00:00,197.9348,1990-05-18 05:00:00,36.0000
04180500,41.177222,-85.055833,1990-07-22 18:00:00,1990-07-23 04:00:00,161.4060,1990-07-22 23:00:00,5.0000
04180500,41.177222,-85.055833,1990-10-10 13:00:00,1990-10-12 17:00:00,178.3961,1990-10-11 21:00:00,32.0000
04180500,41.177222,-85.055833,1990-12-29 20:00:00,1991-01-05 20:00:00,362.4556,1991-01-01 00:00:00,52.0000
04180500,41.177222,-85.055833,1991-04-20 05:00:00,1991-04-22 06:00:00,201.8991,1991-04-20 22:00:00,17.0000
04180500,41.177222,-85.055833,1991-04-24 11:00:00,1991-04-25 15:00:00,156.0258,1991-04-24 20:00:00,9.0000
04180500,41.177222,-85.055833,1991-05-31 11:00:00,1991-06-02 00:00:00,205.5803,1991-05-31 15:00:00,4.0000
04180500,41.177222,-85.055833,1991-10-27 16:00:00,1991-10-28 03:00:00,150.3625,1991-10-27 20:00:00,4.0000
04180500,41.177222,-85.055833,1992-11-03 16:00:00,1992-11-03 21:00:00,137.6199,1992-11-03 17:00:00,1.0000
04180500,41.177222,-85.055833,1992-11-12 22:00:00,1992-11-15 07:00:00,196.8021,1992-11-14 02:00:00,28.0000
04180500,41.177222,-85.055833,1992-11-23 02:00:00,1992-11-26 03:00:00,211.5268,1992-11-24 04:00:00,26.0000
04180500,41.177222,-85.055833,1992-12-31 05:00:00,1993-01-11 14:00:00,379.4457,1993-01-05 22:00:00,137.0000
04180500,41.177222,-85.055833,1993-03-23 11:00:00,1993-03-28 20:00:00,205.2971,1993-03-24 09:00:00,22.0000
04180500,41.177222,-85.055833,1993-04-01 21:00:00,1993-04-02 15:00:00,149.5130,1993-04-02 07:00:00,10.0000
04180500,41.177222,-85.055833,1993-04-26 01:00:00,1993-04-26 15:00:00,153.4773,1993-04-26 06:00:00,5.0000
04180500,41.177222,-85.055833,1993-06-08 08:00:00,1993-06-08 11:00:00,145.5486,1993-06-08 11:00:00,3.0000
04180500,41.177222,-85.055833,1994-01-28 18:00:00,1994-02-01 04:00:00,220.5882,1994-01-30 01:00:00,31.0000
04180500,41.177222,-85.055833,1994-02-19 08:00:00,1994-02-20 19:00:00,185.7585,1994-02-20 05:00:00,21.0000
04180500,41.177222,-85.055833,1994-03-07 19:00:00,1994-03-08 13:00:00,154.6100,1994-03-08 08:00:00,13.0000
04180500,41.177222,-85.055833,1994-04-12 12:00:00,1994-04-16 19:00:00,247.7724,1994-04-13 22:00:00,34.0000
04180500,41.177222,-85.055833,1995-04-10 12:00:00,1995-04-14 03:00:00,229.9328,1995-04-11 03:00:00,15.0000
04180500,41.177222,-85.055833,1996-04-22 20:31:00,1996-04-24 10:01:00,160.5565,1996-04-23 22:31:00,26.0000
04180500,41.177222,-85.055833,1996-05-10 14:01:00,1996-05-11 12:16:00,167.6357,1996-05-10 15:46:00,1.7500
04180500,41.177222,-85.055833,1996-05-17 02:46:00,1996-05-23 05:31:00,370.9507,1996-05-19 15:46:00,61.0000
04180500,41.177222,-85.055833,1996-06-10 07:46:00,1996-06-12 02:46:00,145.8318,1996-06-10 14:16:00,6.5000
04180500,41.177222,-85.055833,1996-06-19 07:01:00,1996-06-20 14:01:00,158.2912,1996-06-20 00:01:00,17.0000
04180500,41.177222,-85.055833,1996-12-13 04:34:00,1996-12-13 13:49:00,138.1862,1996-12-13 08:19:00,3.7500
04180500,41.177222,-85.055833,1996-12-24 05:19:00,1996-12-26 04:04:00,184.0595,1996-12-25 06:49:00,25.5000
04180500,41.177222,-85.055833,1997-02-21 05:15:00,1997-03-04 22:45:00,250.8873,1997-02-27 18:15:00,157.0000
04180500,41.177222,-85.055833,1997-03-14 13:45:00,1997-03-18 05:00:00,215.7744,1997-03-15 11:15:00,21.5000
04180500,41.177222,-85.055833,1997-08-17 12:15:00,1997-08-18 22:30:00,190.0060,1997-08-17 15:30:00,3.2500
04180500,41.177222,-85.055833,1998-01-06 01:37:00,1998-01-13 23:22:00,249.1883,1998-01-09 14:22:00,84.7500
04180500,41.177222,-85.055833,1998-02-18 17:22:00,1998-02-19 11:22:00,140.1684,1998-02-18 21:07:00,3.7500
04180500,41.177222,-85.055833,1998-03-09 14:30:00,1998-03-12 00:45:00,200.7664,1998-03-10 16:45:00,26.2500
04180500,41.177222,-85.055833,1998-03-19 06:30:00,1998-03-22 21:30:00,161.9724,1998-03-21 23:00:00,64.5000
04180500,41.177222,-85.055833,1998-04-09 18:00:00,1998-04-13 11:30:00,227.6674,1998-04-10 22:00:00,28.0000
04180500,41.177222,-85.055833,1999-01-22 23:00:00,1999-01-30 15:00:00,282.0358,1999-01-25 05:00:00,54.0000
04180500,41.177222,-85.055833,1999-04-11 21:00:00,1999-04-12 21:00:00,157.7248,1999-04-12 02:00:00,5.0000
04180500,41.177222,-85.055833,1999-04-16 20:00:00,1999-04-18 00:00:00,161.1229,1999-04-17 05:00:00,9.0000
04180500,41.177222,-85.055833,1999-04-23 10:00:00,1999-04-26 21:00:00,227.3843,1999-04-24 13:00:00,27.0000
04180500,41.177222,-85.055833,2000-04-21 22:00:00,2000-04-22 07:00:00,155.7427,2000-04-22 03:00:00,5.0000
04180500,41.177222,-85.055833,2000-06-25 07:00:00,2000-06-27 14:00:00,169.3347,2000-06-25 19:00:00,12.0000
04180500,41.177222,-85.055833,2001-02-09 20:00:00,2001-02-17 07:00:00,226.5348,2001-02-11 04:00:00,32.0000
04180500,41.177222,-85.055833,2001-02-25 23:00:00,2001-02-26 23:00:00,153.7605,2001-02-26 10:00:00,11.0000
04180500,41.177222,-85.055833,2001-04-07 07:00:00,2001-04-08 02:00:00,148.9466,2001-04-07 14:00:00,7.0000
04180500,41.177222,-85.055833,2001-10-12 16:00:00,2001-10-13 15:00:00,155.1763,2001-10-12 19:00:00,3.0000
04180500,41.177222,-85.055833,2001-10-15 05:00:00,2001-10-19 18:00:00,196.2357,2001-10-17 03:00:00,46.0000
04180500,41.177222,-85.055833,2001-10-22 17:00:00,2001-10-26 12:00:00,154.0436,2001-10-26 01:00:00,80.0000
04180500,41.177222,-85.055833,2001-11-30 16:00:00,2001-12-01 16:00:00,153.4773,2001-12-01 04:00:00,12.0000
04180500,41.177222,-85.055833,2001-12-17 17:00:00,2001-12-19 04:00:00,160.5565,2001-12-18 10:00:00,17.0000
04180500,41.177222,-85.055833,2002-02-01 02:00:00,2002-02-05 13:00:00,204.4476,2002-02-01 16:00:00,14.0000
04180500,41.177222,-85.055833,2002-03-30 20:00:00,2002-04-01 03:00:00,149.5130,2002-03-31 15:00:00,19.0000
04180500,41.177222,-85.055833,2002-04-03 10:00:00,2002-04-04 11:00:00,147.5308,2002-04-03 21:00:00,11.0000
04180500,41.177222,-85.055833,2002-04-09 13:00:00,2002-04-10 14:00:00,146.3981,2002-04-10 01:00:00,12.0000
04180500,41.177222,-85.055833,2002-04-13 20:00:00,2002-04-14 03:00:00,134.5050,2002-04-13 22:00:00,2.0000
04180500,41.177222,-85.055833,2002-05-12 20:00:00,2002-05-18 14:00:00,203.3150,2002-05-17 05:00:00,105.0000
04180500,41.177222,-85.055833,2003-05-09 14:00:00,2003-05-13 19:00:00,188.0239,2003-05-10 10:00:00,20.0000
04180500,41.177222,-85.055833,2003-09-02 04:00:00,2003-09-03 20:00:00,166.7862,2003-09-02 12:00:00,8.0000
04180500,41.177222,-85.055833,2004-03-05 15:00:00,2004-03-06 22:00:00,153.4773,2004-03-06 05:00:00,14.0000
04180500,41.177222,-85.055833,2004-05-24 12:00:00,2004-05-25 00:00:00,162.5387,2004-05-24 16:00:00,4.0000
04180500,41.177222,-85.055833,2004-05-31 07:00:00,2004-06-01 17:00:00,198.7843,2004-05-31 16:00:00,9.0000
04180500,41.177222,-85.055833,2004-06-12 13:00:00,2004-06-16 12:00:00,243.2417,2004-06-14 05:00:00,40.0000
04180500,41.177222,-85.055833,2004-12-08 08:00:00,2004-12-09 02:00:00,142.4337,2004-12-08 17:00:00,9.0000
04180500,41.177222,-85.055833,2005-01-04 14:00:00,2005-01-06 05:00:00,147.2476,2005-01-04 18:00:00,4.0000
04180500,41.177222,-85.055833,2005-01-12 14:00:00,2005-01-17 04:00:00,256.2675,2005-01-14 13:00:00,47.0000
04180500,41.177222,-85.055833,2005-02-14 16:00:00,2005-02-23 03:00:00,201.8991,2005-02-15 15:00:00,23.0000
04180500,41.177222,-85.055833,2006-03-14 03:00:00,2006-03-16 09:15:00,191.4219,2006-03-15 00:45:00,21.7500
04180500,41.177222,-85.055833,2006-05-15 22:00:00,2006-05-18 04:30:00,150.3625,2006-05-16 12:00:00,14.0000
04180500,41.177222,-85.055833,2006-12-01 14:00:00,2006-12-03 16:15:00,184.9090,2006-12-02 18:45:00,28.7500
04180500,41.177222,-85.055833,2007-01-01 11:00:00,2007-01-02 10:45:00,148.6634,2007-01-01 23:00:00,12.0000
04180500,41.177222,-85.055833,2007-01-05 18:00:00,2007-01-08 14:00:00,175.5644,2007-01-06 21:30:00,27.5000
04180500,41.177222,-85.055833,2007-01-15 12:30:00,2007-01-17 20:15:00,194.8199,2007-01-16 16:30:00,28.0000
04180500,41.177222,-85.055833,2007-04-26 19:15:00,2007-04-29 03:45:00,181.5110,2007-04-27 22:30:00,27.2500
04180500,41.177222,-85.055833,2007-08-21 01:45:00,2007-08-23 18:00:00,185.4753,2007-08-22 03:15:00,25.5000
04180500,41.177222,-85.055833,2007-12-12 06:30:00,2007-12-14 09:15:00,182.0773,2007-12-13 03:00:00,20.5000
04180500,41.177222,-85.055833,2007-12-23 16:15:00,2007-12-25 05:15:00,184.9090,2007-12-23 18:30:00,2.2500
04180500,41.177222,-85.055833,2008-01-08 10:30:00,2008-01-15 04:45:00,308.6536,2008-01-09 20:00:00,33.5000
04180500,41.177222,-85.055833,2008-02-05 13:30:00,2008-02-12 14:30:00,345.4655,2008-02-07 22:45:00,57.2500
04180500,41.177222,-85.055833,2008-02-18 04:45:00,2008-02-19 04:45:00,169.0516,2008-02-18 19:15:00,14.5000
04180500,41.177222,-85.055833,2008-03-04 00:45:00,2008-03-04 04:45:00,138.4694,2008-03-04 03:00:00,2.2500
04180500,41.177222,-85.055833,2008-03-19 19:30:00,2008-03-20 17:45:00,150.9288,2008-03-20 01:00:00,5.5000
04180500,41.177222,-85.055833,2008-03-28 14:45:00,2008-03-29 13:00:00,158.2912,2008-03-28 23:30:00,8.7500
04180500,41.177222,-85.055833,2008-04-01 10:00:00,2008-04-03 14:15:00,158.5743,2008-04-02 07:45:00,21.7500
04180500,41.177222,-85.055833,2008-04-05 00:45:00,2008-04-05 11:30:00,136.2040,2008-04-05 06:15:00,5.5000
04180500,41.177222,-85.055833,2008-04-12 01:45:00,2008-04-12 05:30:00,134.5050,2008-04-12 04:15:00,2.5000
04180500,41.177222,-85.055833,2008-12-28 04:15:00,2008-12-31 15:45:00,204.1645,2008-12-29 02:15:00,22.0000
04180500,41.177222,-85.055833,2009-02-11 19:15:00,2009-02-16 20:15:00,235.5962,2009-02-12 17:00:00,21.7500
04180500,41.177222,-85.055833,2009-03-08 18:00:00,2009-03-17 15:30:00,455.9012,2009-03-13 00:45:00,102.7500
04180500,41.177222,-85.055833,2009-04-06 05:15:00,2009-04-10 04:45:00,226.5348,2009-04-07 16:30:00,35.2500
04180500,41.177222,-85.055833,2010-03-14 03:15:00,2010-03-15 06:00:00,146.9644,2010-03-14 10:45:00,7.5000
04180500,41.177222,-85.055833,2010-04-08 15:30:00,2010-04-09 03:00:00,147.8139,2010-04-08 19:15:00,3.7500
04180500,41.177222,-85.055833,2010-05-22 03:45:00,2010-05-28 14:00:00,263.6298,2010-05-22 18:15:00,14.5000
04180500,41.177222,-85.055833,2011-03-01 05:30:00,2011-03-02 01:30:00,144.1327,2011-03-01 16:00:00,10.5000
04180500,41.177222,-85.055833,2011-03-05 16:00:00,2011-03-11 14:30:00,200.7664,2011-03-06 16:45:00,24.7500
04180500,41.177222,-85.055833,2011-04-20 12:15:00,2011-04-21 13:45:00,164.8040,2011-04-20 16:30:00,4.2500
04180500,41.177222,-85.055833,2011-04-23 06:45:00,2011-05-01 19:00:00,229.0833,2011-04-29 12:45:00,150.0000
04180500,41.177222,-85.055833,2011-05-25 22:30:00,2011-06-02 21:15:00,251.4536,2011-05-27 09:00:00,34.5000
04180500,41.177222,-85.055833,2011-11-23 18:30:00,2011-11-23 23:30:00,135.9209,2011-11-23 21:30:00,3.0000
04180500,41.177222,-85.055833,2011-12-06 05:00:00,2011-12-08 04:45:00,224.2694,2011-12-06 16:30:00,11.5000
04180500,41.177222,-85.055833,2011-12-15 15:15:00,2011-12-17 14:30:00,176.6971,2011-12-16 14:45:00,23.5000
04180500,41.177222,-85.055833,2013-04-19 04:45:00,2013-04-27 01:30:00,297.3269,2013-04-20 14:45:00,34.0000
04180500,41.177222,-85.055833,2013-06-01 10:00:00,2013-06-01 21:15:00,212.3763,2013-06-01 13:00:00,3.0000
04180500,41.177222,-85.055833,2013-12-22 16:15:00,2013-12-23 00:15:00,137.0535,2013-12-22 22:15:00,6.0000
04180500,41.177222,-85.055833,2014-02-21 17:00:00,2014-02-25 05:15:00,189.7229,2014-02-23 04:30:00,35.5000
04180500,41.177222,-85.055833,2014-03-15 12:30:00,2014-03-17 23:45:00,173.2991,2014-03-16 16:00:00,27.5000
04180500,41.177222,-85.055833,2014-03-19 05:15:00,2014-03-24 21:30:00,195.1031,2014-03-21 03:00:00,45.7500
04180500,41.177222,-85.055833,2014-04-03 20:30:00,2014-04-09 23:00:00,238.4278,2014-04-05 03:00:00,30.5000
04180500,41.177222,-85.055833,2014-05-15 19:15:00,2014-05-16 23:30:00,156.8753,2014-05-16 02:15:00,7.0000
04180500,41.177222,-85.055833,2015-06-16 07:15:00,2015-06-16 22:15:00,138.1862,2015-06-16 11:15:00,4.0000
04180500,41.177222,-85.055833,2015-06-27 13:30:00,2015-07-03 22:30:00,230.4991,2015-06-28 22:30:00,33.0000
04180500,41.177222,-85.055833,2015-07-14 08:30:00,2015-07-14 15:30:00,136.7704,2015-07-14 12:00:00,3.5000
04180988,40.694722,-84.646667,2005-12-29 10:45:00,2006-01-01 15:30:00,77.8713,2005-12-31 07:30:00,44.7500
04180988,40.694722,-84.646667,2007-12-13 16:45:00,2007-12-16 10:30:00,86.0832,2007-12-15 02:30:00,33.7500
04180988,40.694722,-84.646667,2008-01-10 12:45:00,2008-01-13 01:15:00,112.1347,2008-01-11 18:45:00,30.0000
04180988,40.694722,-84.646667,2008-02-06 09:45:00,2008-02-10 18:15:00,241.5427,2008-02-08 03:00:00,41.2500
04180988,40.694722,-84.646667,2008-03-05 04:30:00,2008-03-07 05:00:00,84.3842,2008-03-05 22:15:00,17.7500
04180988,40.694722,-84.646667,2008-03-20 17:45:00,2008-03-22 16:30:00,89.7644,2008-03-21 14:45:00,21.0000
04180988,40.694722,-84.646667,2009-02-12 06:00:00,2009-02-15 12:45:00,100.2416,2009-02-13 13:15:00,31.2500
04180988,40.694722,-84.646667,2009-03-10 11:15:00,2009-03-11 11:15:00,64.5624,2009-03-10 19:45:00,8.5000
04180988,40.694722,-84.646667,2009-05-04 02:45:00,2009-05-04 23:00:00,66.2614,2009-05-04 11:00:00,8.2500
04180988,40.694722,-84.646667,2010-06-15 16:15:00,2010-06-18 14:00:00,75.3228,2010-06-17 03:45:00,35.5000
04180988,40.694722,-84.646667,2011-02-19 00:45:00,2011-02-21 15:15:00,99.1090,2011-02-20 01:30:00,24.7500
04180988,40.694722,-84.646667,2011-02-28 18:00:00,2011-03-04 23:00:00,246.9229,2011-03-02 10:30:00,40.5000
04180988,40.694722,-84.646667,2011-03-06 10:45:00,2011-03-09 09:15:00,112.1347,2011-03-08 00:45:00,38.0000
04180988,40.694722,-84.646667,2011-04-27 05:45:00,2011-04-30 10:30:00,109.3030,2011-04-28 13:15:00,31.5000
04180988,40.694722,-84.646667,2011-05-28 00:00:00,2011-05-30 16:30:00,104.4892,2011-05-29 05:00:00,29.0000
04180988,40.694722,-84.646667,2011-10-23 10:45:00,2011-10-23 17:45:00,61.4476,2011-10-23 12:30:00,1.7500
04180988,40.694722,-84.646667,2011-11-30 09:45:00,2011-12-04 02:30:00,122.8951,2011-12-02 00:00:00,38.2500
04180988,40.694722,-84.646667,2011-12-06 18:15:00,2011-12-09 17:45:00,101.9406,2011-12-08 04:15:00,34.0000
04180988,40.694722,-84.646667,2013-01-13 04:15:00,2013-01-17 17:45:00,150.9288,2013-01-14 16:30:00,36.2500
04180988,40.694722,-84.646667,2013-04-12 12:00:00,2013-04-15 14:45:00,137.9030,2013-04-13 20:00:00,32.0000
04180988,40.694722,-84.646667,2013-12-23 04:45:00,2013-12-27 00:15:00,143.8496,2013-12-24 16:00:00,35.2500
04180988,40.694722,-84.646667,2014-02-22 12:30:00,2014-02-26 09:30:00,182.3605,2014-02-24 01:30:00,37.0000
04180988,40.694722,-84.646667,2014-02-28 13:45:00,2014-02-28 14:00:00,236.7288,2014-02-28 14:00:00,0.2500
04180988,40.694722,-84.646667,2014-03-11 02:00:00,2014-03-12 00:15:00,286.0002,2014-03-11 22:45:00,20.7500
04180988,40.694722,-84.646667,2014-04-04 22:15:00,2014-04-07 14:30:00,102.2238,2014-04-06 07:15:00,33.0000
04180988,40.694722,-84.646667,2015-06-16 00:15:00,2015-06-23 10:15:00,233.0476,2015-06-18 01:30:00,49.2500
04180988,40.694722,-84.646667,2015-06-28 00:15:00,2015-07-02 22:15:00,129.4080,2015-06-29 12:30:00,36.2500
04180988,40.694722,-84.646667,2015-07-10 01:30:00,2015-07-11 23:15:00,72.7743,2015-07-11 00:15:00,22.7500
04180988,40.694722,-84.646667,2015-07-15 05:30:00,2015-07-18 01:45:00,82.9684,2015-07-16 10:00:00,28.5000
04180988,40.694722,-84.646667,2015-12-29 04:45:00,2016-01-01 15:30:00,118.3644,2015-12-30 11:45:00,31.0000
04218000,43.093056,-78.636389,1990-12-31 18:35:09,1991-01-03 14:00:21,138.1862,1991-01-02 11:32:15,40.9517
04218000,43.093056,-78.636389,1994-02-23 15:30:00,1994-02-24 04:30:00,97.4100,1994-02-24 04:30:00,13.0000
04218000,43.093056,-78.636389,1994-03-25 11:34:06,1994-03-27 14:07:06,97.6931,1994-03-26 08:05:18,20.5200
04218000,43.093056,-78.636389,1995-01-22 19:00:00,1995-01-24 08:30:00,109.3030,1995-01-23 14:00:00,19.0000
04218000,43.093056,-78.636389,1996-01-20 22:30:00,1996-01-24 03:30:00,143.8496,1996-01-22 22:30:00,48.0000
04218000,43.093056,-78.636389,1996-05-13 17:00:00,1996-05-14 20:00:00,96.2773,1996-05-14 08:00:00,15.0000
04218000,43.093056,-78.636389,1998-01-08 17:00:00,1998-01-12 04:30:00,166.2199,1998-01-11 01:30:00,56.5000
04218000,43.093056,-78.636389,1998-07-11 21:00:00,1998-07-12 15:30:00,95.9941,1998-07-12 06:30:00,9.5000
04218000,43.093056,-78.636389,1999-01-26 04:30:00,1999-01-29 04:00:00,132.2397,1999-01-27 15:30:00,35.0000
04218000,43.093056,-78.636389,2000-02-27 12:00:00,2000-02-29 07:00:00,113.5506,2000-02-28 06:00:00,18.0000
04218000,43.093056,-78.636389,2001-02-12 07:00:00,2001-02-13 19:30:00,112.1347,2001-02-13 03:00:00,20.0000
04218000,43.093056,-78.636389,2002-02-04 02:30:00,2002-02-05 04:30:00,114.4001,2002-02-04 20:30:00,18.0000
04218000,43.093056,-78.636389,2003-03-20 05:00:00,2003-03-25 00:30:00,141.3011,2003-03-21 03:30:00,22.5000
04218000,43.093056,-78.636389,2004-03-05 06:00:00,2004-03-09 08:00:00,111.8515,2004-03-08 11:30:00,77.5000
04218000,43.093056,-78.636389,2004-09-11 08:30:00,2004-09-13 14:30:00,121.4793,2004-09-12 15:00:00,30.5000
04218000,43.093056,-78.636389,2005-04-04 02:30:00,2005-04-07 15:30:00,141.8674,2005-04-05 16:30:00,38.0000
04218000,43.093056,-78.636389,2007-03-15 14:30:00,2007-03-19 09:00:00,147.5308,2007-03-17 23:30:00,57.0000
04218000,43.093056,-78.636389,2008-02-07 16:00:00,2008-02-10 06:30:00,127.4258,2008-02-09 02:00:00,34.0000
04218000,43.093056,-78.636389,2008-04-03 12:00:00,2008-04-04 15:00:00,99.3921,2008-04-04 01:30:00,13.5000
04218000,43.093056,-78.636389,2008-12-28 05:30:00,2009-01-01 07:30:00,156.3090,2008-12-30 15:00:00,57.5000
04218000,43.093056,-78.636389,2009-02-12 07:00:00,2009-02-16 16:30:00,150.6456,2009-02-15 04:30:00,69.5000
04218000,43.093056,-78.636389,2009-03-09 18:00:00,2009-03-13 13:30:00,139.0357,2009-03-11 11:00:00,41.0000
04218000,43.093056,-78.636389,2010-03-14 06:30:00,2010-03-17 12:00:00,130.2575,2010-03-15 23:30:00,41.0000
04218000,43.093056,-78.636389,2011-02-21 01:30:00,2011-02-22 17:30:00,108.1704,2011-02-21 23:00:00,21.5000
04218000,43.093056,-78.636389,2011-03-06 19:00:00,2011-03-09 12:00:00,114.6832,2011-03-08 18:30:00,47.5000
04218000,43.093056,-78.636389,2011-03-12 05:00:00,2011-03-14 01:30:00,104.2060,2011-03-13 11:00:00,29.0000
04218000,43.093056,-78.636389,2011-05-17 19:30:00,2011-05-19 04:00:00,97.9763,2011-05-18 12:00:00,16.5000
04218000,43.093056,-78.636389,2013-04-13 00:30:00,2013-04-15 15:30:00,110.1525,2013-04-14 21:00:00,44.5000
04218000,43.093056,-78.636389,2013-12-22 16:00:00,2013-12-26 18:45:00,162.8219,2013-12-24 18:15:00,50.2500
04218000,43.093056,-78.636389,2014-01-14 11:00:00,2014-01-15 22:45:00,96.8436,2014-01-14 20:00:00,9.0000
04218000,43.093056,-78.636389,2015-04-05 23:00:00,2015-04-06 16:15:00,93.1624,2015-04-06 07:00:00,8.0000
04243500,43.097500,-75.639444,1990-11-11 01:04:21,1990-11-11 07:04:03,82.9684,1990-11-11 04:04:12,2.9975
04243500,43.097500,-75.639444,1993-03-30 09:48:42,1993-03-31 11:20:00,98.8258,1993-03-31 05:49:42,20.0167
04243500,43.097500,-75.639444,1993-04-11 02:30:00,1993-04-11 19:00:00,117.2317,1993-04-11 10:30:00,8.0000
04243500,43.097500,-75.639444,1994-03-25 08:41:15,1994-03-25 11:11:27,75.8891,1994-03-25 09:41:21,1.0017
04243500,43.097500,-75.639444,1996-01-19 07:30:00,1996-01-20 13:00:00,227.3843,1996-01-20 03:00:00,19.5000
04243500,43.097500,-75.639444,1996-12-02 11:05:39,1996-12-02 21:05:06,101.3743,1996-12-02 16:35:21,5.4950
04243500,43.097500,-75.639444,1998-01-08 14:00:00,1998-01-08 19:00:00,80.9862,1998-01-08 16:30:00,2.5000
04243500,43.097500,-75.639444,2000-02-28 10:00:00,2000-02-28 18:30:00,92.5961,2000-02-28 15:00:00,5.0000
04243500,43.097500,-75.639444,2000-05-14 01:30:00,2000-05-14 13:00:00,133.9387,2000-05-14 07:00:00,5.5000
04243500,43.097500,-75.639444,2001-04-08 14:30:00,2001-04-09 16:00:00,110.1525,2001-04-09 08:30:00,18.0000
04243500,43.097500,-75.639444,2004-08-29 05:00:00,2004-08-29 09:01:00,83.2515,2004-08-29 07:31:00,2.5167
04243500,43.097500,-75.639444,2006-06-28 05:00:00,2006-06-29 00:30:00,137.0535,2006-06-28 11:00:00,6.0000
04243500,43.097500,-75.639444,2007-03-14 23:00:00,2007-03-16 03:00:00,127.1426,2007-03-15 07:30:00,8.5000
04243500,43.097500,-75.639444,2007-12-24 06:45:00,2007-12-24 12:15:00,84.1010,2007-12-24 09:45:00,3.0000
04243500,43.097500,-75.639444,2008-03-09 01:15:00,2008-03-09 10:30:00,92.8793,2008-03-09 07:00:00,4.7500
04243500,43.097500,-75.639444,2009-03-08 09:45:00,2009-03-08 13:15:00,79.8535,2009-03-08 11:15:00,1.5000
04243500,43.097500,-75.639444,2010-01-25 23:30:00,2010-01-26 05:00:00,88.9149,2010-01-26 02:15:00,2.7500
04243500,43.097500,-75.639444,2010-10-01 09:00:00,2010-10-01 15:00:00,80.1367,2010-10-01 11:15:00,2.2500
04243500,43.097500,-75.639444,2011-03-11 17:15:00,2011-03-12 05:45:00,91.4634,2011-03-12 00:00:00,6.7500
04243500,43.097500,-75.639444,2011-09-08 02:30:00,2011-09-08 23:15:00,180.6615,2011-09-08 11:00:00,8.5000
04243500,43.097500,-75.639444,2013-06-13 23:15:00,2013-06-14 05:15:00,83.2515,2013-06-14 02:45:00,3.5000
04243500,43.097500,-75.639444,2013-06-28 10:30:00,2013-06-29 03:15:00,322.8121,2013-06-28 14:45:00,4.2500
04243500,43.097500,-75.639444,2013-07-02 02:45:00,2013-07-02 09:00:00,85.8000,2013-07-02 06:45:00,4.0000
04243500,43.097500,-75.639444,2013-07-08 09:45:00,2013-07-08 13:45:00,80.7030,2013-07-08 11:45:00,2.0000
04243500,43.097500,-75.639444,2014-03-30 07:30:00,2014-03-30 22:00:00,120.6298,2014-03-30 14:15:00,6.7500
04270200,44.940000,-74.556667,1993-04-10 06:45:00,1993-04-11 20:00:00,67.6773,1993-04-11 01:30:00,18.7500
04270200,44.940000,-74.556667,2002-06-13 00:15:00,2002-06-13 03:30:00,54.3683,2002-06-13 02:15:00,2.0000
04270200,44.940000,-74.556667,2004-04-14 13:30:00,2004-04-14 20:45:00,54.9347,2004-04-14 15:15:00,1.7500
04270200,44.940000,-74.556667,2005-04-03 07:00:00,2005-04-03 12:00:00,55.2179,2005-04-03 09:00:00,2.0000
04270200,44.940000,-74.556667,2010-10-01 08:00:00,2010-10-01 22:30:00,70.5089,2010-10-01 14:00:00,6.0000
04270200,44.940000,-74.556667,2010-10-16 06:00:00,2010-10-16 20:45:00,69.3763,2010-10-16 12:45:00,6.7500
04270200,44.940000,-74.556667,2013-06-12 02:00:00,2013-06-12 23:15:00,75.0396,2013-06-12 11:45:00,9.7500
04270200,44.940000,-74.556667,2014-04-11 10:30:00,2014-04-11 22:45:00,55.7842,2014-04-11 14:30:00,4.0000
04270200,44.940000,-74.556667,2014-04-15 11:30:00,2014-04-16 12:15:00,61.1644,2014-04-16 06:30:00,19.0000
04270200,44.940000,-74.556667,2014-05-01 09:30:00,2014-05-01 17:45:00,60.0317,2014-05-01 13:00:00,3.5000
04040500,46.584167,-88.575833,2002-04-17 07:00:00,2002-04-18 19:00:00,141.3011,2002-04-17 23:00:00,16.0000
04056500,46.030556,-86.161111,1996-04-22 05:00:00,1996-05-03 03:00:00,322.8121,1996-04-26 21:00:00,112.0000
04056500,46.030556,-86.161111,1999-04-08 15:00:00,1999-04-09 09:00:00,215.4912,1999-04-08 23:00:00,8.0000
04056500,46.030556,-86.161111,2001-04-12 07:00:00,2001-04-18 07:00:00,291.6635,2001-04-14 14:00:00,55.0000
04056500,46.030556,-86.161111,2002-04-16 00:00:00,2002-04-21 15:00:00,239.8437,2002-04-19 21:00:00,93.0000
04056500,46.030556,-86.161111,2013-05-01 20:15:00,2013-05-04 06:45:00,215.2080,2013-05-03 07:30:00,35.2500
04056500,46.030556,-86.161111,2014-05-04 03:45:00,2014-05-05 00:45:00,214.3585,2014-05-04 05:30:00,1.7500
04066030,45.481944,-87.802222,1999-05-09 14:45:00,1999-05-11 05:15:00,339.8022,1999-05-10 19:30:00,28.7500
04066030,45.481944,-87.802222,1999-07-16 02:30:00,1999-07-17 02:45:00,308.6536,1999-07-16 07:15:00,4.7500
04066030,45.481944,-87.802222,2001-04-14 02:45:00,2001-04-15 05:15:00,294.4952,2001-04-14 03:00:00,0.2500
04066030,45.481944,-87.802222,2001-04-16 15:30:00,2001-04-16 16:30:00,286.0002,2001-04-16 15:45:00,0.2500
04066030,45.481944,-87.802222,2002-04-13 13:45:00,2002-04-28 14:30:00,628.6340,2002-04-19 02:30:00,132.7500
04066030,45.481944,-87.802222,2002-05-10 07:45:00,2002-05-13 02:30:00,373.7824,2002-05-11 04:45:00,21.0000
04066030,45.481944,-87.802222,2003-04-22 01:00:00,2003-04-24 13:00:00,331.3071,2003-04-23 16:15:00,39.2500
04066030,45.481944,-87.802222,2003-05-13 18:00:00,2003-05-15 23:15:00,336.9705,2003-05-14 16:00:00,22.0000
04066030,45.481944,-87.802222,2004-04-20 10:45:00,2004-04-25 09:45:00,407.7626,2004-04-22 06:15:00,43.5000
04066030,45.481944,-87.802222,2004-06-02 15:00:00,2004-06-02 17:15:00,276.0893,2004-06-02 15:15:00,0.2500
04066030,45.481944,-87.802222,2008-04-20 05:00:00,2008-04-21 00:00:00,308.6536,2008-04-20 21:00:00,16.0000
04066030,45.481944,-87.802222,2008-04-22 08:00:00,2008-04-25 16:00:00,319.9804,2008-04-24 19:00:00,59.0000
04066030,45.481944,-87.802222,2013-04-30 04:30:00,2013-05-07 09:15:00,441.7428,2013-05-04 13:45:00,105.2500
04066030,45.481944,-87.802222,2014-04-28 12:45:00,2014-05-06 00:15:00,311.4853,2014-05-03 15:45:00,123.0000
04066030,45.481944,-87.802222,2015-05-28 01:15:00,2015-05-31 02:30:00,362.4556,2015-05-29 02:45:00,25.5000
04114000,42.856389,-84.912222,1993-04-20 18:00:00,1993-04-22 22:00:00,234.1803,1993-04-21 01:00:00,7.0000
04114000,42.856389,-84.912222,1996-06-19 06:00:00,1996-06-19 14:00:00,191.9882,1996-06-19 10:00:00,4.0000
04114000,42.856389,-84.912222,1999-04-24 06:00:00,1999-04-26 07:00:00,192.8377,1999-04-24 09:30:00,3.5000
04114000,42.856389,-84.912222,2001-02-10 04:00:00,2001-02-14 16:00:00,229.9328,2001-02-11 20:00:00,40.0000
04114000,42.856389,-84.912222,2004-05-22 08:00:00,2004-05-27 01:15:00,334.1388,2004-05-24 13:30:00,53.5000
04114000,42.856389,-84.912222,2005-01-13 20:45:00,2005-01-16 04:45:00,233.8972,2005-01-14 04:45:00,8.0000
04114000,42.856389,-84.912222,2008-01-10 16:00:00,2008-01-12 09:45:00,193.9704,2008-01-11 12:30:00,20.5000
04114000,42.856389,-84.912222,2008-09-15 10:45:00,2008-09-19 04:45:00,227.9506,2008-09-16 21:00:00,34.2500
04114000,42.856389,-84.912222,2009-03-10 22:30:00,2009-03-13 15:00:00,214.9249,2009-03-12 05:30:00,31.0000
04114000,42.856389,-84.912222,2009-04-28 12:30:00,2009-04-28 23:30:00,195.1031,2009-04-28 18:00:00,5.5000
04114000,42.856389,-84.912222,2011-05-30 02:15:00,2011-05-31 02:30:00,226.8179,2011-05-30 09:45:00,7.5000
04114000,42.856389,-84.912222,2011-07-29 20:15:00,2011-07-31 20:00:00,217.7566,2011-07-30 06:00:00,9.7500
04114000,42.856389,-84.912222,2013-04-19 16:45:00,2013-04-22 21:30:00,206.4298,2013-04-20 03:45:00,11.0000
04114000,42.856389,-84.912222,2013-06-13 20:45:00,2013-06-14 06:15:00,205.8635,2013-06-14 01:15:00,4.5000
04114000,42.856389,-84.912222,2015-06-23 13:00:00,2015-06-24 00:30:00,214.3585,2015-06-23 16:45:00,3.7500
04148500,43.038889,-83.771667,1992-04-25 01:00:00,1992-04-26 08:00:00,153.1941,1992-04-25 20:00:00,19.0000
04148500,43.038889,-83.771667,1993-04-20 12:00:00,1993-04-21 07:00:00,176.1308,1993-04-20 21:00:00,9.0000
04148500,43.038889,-83.771667,1996-05-21 05:00:00,1996-05-22 03:00:00,190.0060,1996-05-21 16:00:00,11.0000
04148500,43.038889,-83.771667,1996-06-18 12:00:00,1996-06-19 13:00:00,173.5823,1996-06-18 22:00:00,10.0000
04148500,43.038889,-83.771667,1996-06-23 18:00:00,1996-06-27 06:00:00,233.6140,1996-06-24 21:00:00,27.0000
04148500,43.038889,-83.771667,1997-02-21 13:45:00,1997-02-25 02:15:00,204.4476,1997-02-21 22:15:00,8.5000
04148500,43.038889,-83.771667,1997-02-27 22:00:00,1997-02-28 04:30:00,146.1149,1997-02-28 00:45:00,2.7500
04148500,43.038889,-83.771667,2000-07-29 13:45:00,2000-07-29 14:45:00,144.1327,2000-07-29 14:15:00,0.5000
04148500,43.038889,-83.771667,2000-09-23 15:00:00,2000-09-24 06:00:00,165.0872,2000-09-23 19:30:00,4.5000
04148500,43.038889,-83.771667,2001-02-09 17:45:00,2001-02-14 22:00:00,288.8318,2001-02-10 09:00:00,15.2500
04148500,43.038889,-83.771667,2004-05-11 13:15:00,2004-05-11 18:00:00,146.9644,2004-05-11 16:00:00,2.7500
04148500,43.038889,-83.771667,2004-05-23 16:00:00,2004-05-28 17:15:00,232.1981,2004-05-24 15:30:00,23.5000
04148500,43.038889,-83.771667,2006-03-13 17:30:00,2006-03-15 09:45:00,170.7506,2006-03-14 04:00:00,10.5000
04148500,43.038889,-83.771667,2008-09-14 22:00:00,2008-09-15 12:45:00,191.4219,2008-09-15 01:45:00,3.7500
04148500,43.038889,-83.771667,2009-02-12 08:45:00,2009-02-16 11:00:00,183.7763,2009-02-12 22:30:00,13.7500
04148500,43.038889,-83.771667,2009-06-17 20:30:00,2009-06-18 05:00:00,151.2120,2009-06-18 01:30:00,5.0000
04148500,43.038889,-83.771667,2011-04-28 16:00:00,2011-04-29 06:45:00,151.2120,2011-04-29 00:45:00,8.7500
04148500,43.038889,-83.771667,2011-05-16 10:45:00,2011-05-16 16:00:00,145.2654,2011-05-16 13:30:00,2.7500
04148500,43.038889,-83.771667,2011-05-18 21:45:00,2011-05-21 05:45:00,256.8338,2011-05-19 17:30:00,19.7500
04148500,43.038889,-83.771667,2011-07-28 10:45:00,2011-07-28 18:30:00,186.3249,2011-07-28 13:30:00,2.7500
04148500,43.038889,-83.771667,2012-05-04 09:15:00,2012-05-05 05:15:00,227.9506,2012-05-04 20:00:00,10.7500
04148500,43.038889,-83.771667,2013-04-10 15:30:00,2013-04-15 20:00:00,197.3684,2013-04-12 23:00:00,55.5000
04148500,43.038889,-83.771667,2013-04-19 06:45:00,2013-04-22 04:45:00,208.4120,2013-04-19 21:30:00,14.7500
04148500,43.038889,-83.771667,2014-05-13 22:15:00,2014-05-16 07:15:00,165.6536,2014-05-14 02:15:00,4.0000
04148500,43.038889,-83.771667,2016-04-01 10:45:00,2016-04-02 03:00:00,149.5130,2016-04-01 16:00:00,5.2500
04186500,40.948611,-84.266111,1990-12-23 04:30:00,1990-12-24 04:30:00,91.1802,1990-12-23 22:30:00,18.0000
04186500,40.948611,-84.266111,1990-12-30 06:00:00,1991-01-02 17:00:00,282.6021,1990-12-31 12:00:00,30.0000
04186500,40.948611,-84.266111,1991-04-20 20:30:00,1991-04-21 05:00:00,84.9505,1991-04-21 01:00:00,4.5000
04186500,40.948611,-84.266111,1992-04-18 19:00:00,1992-04-20 04:30:00,99.9585,1992-04-19 16:00:00,21.0000
04186500,40.948611,-84.266111,1992-07-14 00:00:00,1992-07-19 19:00:00,362.4556,1992-07-15 09:30:00,33.5000
04186500,40.948611,-84.266111,1992-08-01 21:30:00,1992-08-02 12:30:00,87.4991,1992-08-02 04:30:00,7.0000
04186500,40.948611,-84.266111,1992-09-10 10:00:00,1992-09-12 03:00:00,153.7605,1992-09-11 02:00:00,16.0000
04186500,40.948611,-84.266111,1992-11-13 01:00:00,1992-11-15 10:00:00,130.8238,1992-11-14 01:30:00,24.5000
04186500,40.948611,-84.266111,1993-01-05 15:30:00,1993-01-06 22:30:00,94.0119,1993-01-06 06:30:00,15.0000
04186500,40.948611,-84.266111,1993-03-05 08:30:00,1993-03-05 23:30:00,98.8258,1993-03-05 16:30:00,8.0000
04186500,40.948611,-84.266111,1993-07-03 05:00:00,1993-07-05 14:30:00,223.1368,1993-07-04 07:30:00,26.5000
04186500,40.948611,-84.266111,1993-07-20 11:30:00,1993-07-21 15:00:00,116.0991,1993-07-21 02:30:00,15.0000
04186500,40.948611,-84.266111,1994-01-29 05:00:00,1994-01-30 04:30:00,146.9644,1994-01-29 23:00:00,18.0000
04186500,40.948611,-84.266111,1994-04-12 19:30:00,1994-04-14 12:00:00,112.9842,1994-04-13 14:00:00,18.5000
04186500,40.948611,-84.266111,1995-03-09 01:30:00,1995-03-09 20:00:00,86.9327,1995-03-09 10:00:00,8.5000
04186500,40.948611,-84.266111,1995-04-11 08:30:00,1995-04-13 03:00:00,101.6575,1995-04-12 01:00:00,16.5000
04186500,40.948611,-84.266111,1996-01-18 14:00:00,1996-01-20 04:30:00,248.6219,1996-01-19 18:30:00,28.5000
04186500,40.948611,-84.266111,1996-02-28 08:30:00,1996-03-01 01:30:00,100.5248,1996-02-29 01:30:00,17.0000
04186500,40.948611,-84.266111,1996-04-24 11:00:00,1996-04-25 23:30:00,102.7902,1996-04-25 04:00:00,17.0000
04186500,40.948611,-84.266111,1996-05-01 04:30:00,1996-05-01 22:00:00,87.7822,1996-05-01 13:00:00,8.5000
04186500,40.948611,-84.266111,1996-05-12 02:00:00,1996-05-13 04:00:00,94.5783,1996-05-12 13:00:00,11.0000
04186500,40.948611,-84.266111,1996-07-19 09:30:00,1996-07-20 22:30:00,120.0634,1996-07-20 00:00:00,14.5000
04186500,40.948611,-84.266111,1997-02-05 17:30:00,1997-02-06 16:30:00,119.7803,1997-02-06 04:00:00,10.5000
04186500,40.948611,-84.266111,1997-02-27 15:30:00,1997-03-02 03:30:00,175.8476,1997-02-28 15:00:00,23.5000
04186500,40.948611,-84.266111,1997-06-01 13:00:00,1997-06-04 23:30:00,208.9783,1997-06-03 04:30:00,39.5000
04186500,40.948611,-84.266111,1998-01-08 20:00:00,1998-01-11 07:30:00,123.4615,1998-01-10 05:00:00,33.0000
04186500,40.948611,-84.266111,1998-02-18 21:00:00,1998-02-20 02:30:00,91.1802,1998-02-19 09:30:00,12.5000
04186500,40.948611,-84.266111,1998-04-10 14:00:00,1998-04-11 23:30:00,97.4100,1998-04-11 08:00:00,18.0000
04186500,40.948611,-84.266111,1999-01-23 05:00:00,1999-01-25 18:30:00,232.1981,1999-01-24 00:30:00,19.5000
04186500,40.948611,-84.266111,1999-03-01 01:30:00,1999-03-02 07:00:00,97.1268,1999-03-01 16:30:00,15.0000
04186500,40.948611,-84.266111,2001-12-18 15:30:00,2001-12-19 22:30:00,90.6139,2001-12-19 05:30:00,14.0000
04186500,40.948611,-84.266111,2002-02-01 14:30:00,2002-02-03 22:00:00,121.1961,2002-02-02 17:00:00,26.5000
04186500,40.948611,-84.266111,2002-03-30 12:00:00,2002-04-01 04:30:00,127.7090,2002-03-31 14:00:00,26.0000
04186500,40.948611,-84.266111,2003-05-09 19:30:00,2003-05-13 14:00:00,136.4872,2003-05-11 11:30:00,40.0000
04186500,40.948611,-84.266111,2003-06-15 00:00:00,2003-06-16 05:30:00,99.6753,2003-06-15 13:00:00,13.0000
04186500,40.948611,-84.266111,2003-07-06 01:00:00,2003-07-12 12:30:00,194.8199,2003-07-09 19:00:00,90.0000
04186500,40.948611,-84.266111,2003-08-03 22:30:00,2003-08-06 06:30:00,132.5228,2003-08-04 15:00:00,16.5000
04186500,40.948611,-84.266111,2003-09-02 21:30:00,2003-09-05 00:00:00,126.0100,2003-09-03 22:00:00,24.5000
04186500,40.948611,-84.266111,2003-11-29 06:30:00,2003-11-30 16:30:00,91.4634,2003-11-29 18:30:00,12.0000
04186500,40.948611,-84.266111,2003-12-24 07:30:00,2003-12-25 17:00:00,101.0911,2003-12-24 22:30:00,15.0000
04186500,40.948611,-84.266111,2004-01-05 05:00:00,2004-01-06 04:30:00,129.1248,2004-01-06 04:00:00,23.0000
04186500,40.948611,-84.266111,2004-05-23 01:30:00,2004-05-23 13:30:00,84.9505,2004-05-23 07:00:00,5.5000
04186500,40.948611,-84.266111,2004-06-01 02:00:00,2004-06-01 22:30:00,90.8971,2004-06-01 13:00:00,11.0000
04186500,40.948611,-84.266111,2004-06-13 14:00:00,2004-06-16 16:30:00,130.2575,2004-06-15 04:30:00,38.5000
04186500,40.948611,-84.266111,2004-09-04 20:00:00,2004-09-05 03:30:00,92.0298,2004-09-05 03:30:00,7.5000
04186500,40.948611,-84.266111,2004-11-26 01:00:00,2004-11-26 04:30:00,84.1010,2004-11-26 04:30:00,3.5000
04186500,40.948611,-84.266111,2005-01-01 16:00:00,2005-01-05 04:30:00,124.0278,2005-01-05 04:30:00,84.5000
04186500,40.948611,-84.266111,2005-01-06 05:00:00,2005-01-09 07:30:00,141.5842,2005-01-06 15:30:00,10.5000
04186500,40.948611,-84.266111,2005-01-12 06:30:00,2005-01-16 10:30:00,239.2774,2005-01-13 09:30:00,27.0000
04186500,40.948611,-84.266111,2005-02-08 21:00:00,2005-02-11 16:30:00,104.4892,2005-02-09 17:00:00,20.0000
04186500,40.948611,-84.266111,2005-04-24 09:30:00,2005-04-26 10:30:00,100.8080,2005-04-25 08:00:00,22.5000
04186500,40.948611,-84.266111,2005-12-27 04:00:00,2005-12-27 13:00:00,88.9149,2005-12-27 07:00:00,3.0000
04186500,40.948611,-84.266111,2005-12-29 09:00:00,2005-12-31 14:00:00,107.8872,2005-12-30 11:00:00,26.0000
04186500,40.948611,-84.266111,2006-12-01 19:30:00,2006-12-05 02:00:00,172.7328,2006-12-03 07:00:00,35.5000
04186500,40.948611,-84.266111,2007-01-06 09:30:00,2007-01-09 09:30:00,138.4694,2007-01-07 09:30:00,24.0000
04186500,40.948611,-84.266111,2007-01-14 02:30:00,2007-01-18 11:30:00,150.3625,2007-01-16 11:30:00,57.0000
04186500,40.948611,-84.266111,2007-03-15 22:30:00,2007-03-18 12:00:00,150.6456,2007-03-16 22:00:00,23.5000
04186500,40.948611,-84.266111,2007-03-24 10:30:00,2007-03-26 13:00:00,106.1882,2007-03-25 07:00:00,20.5000
04186500,40.948611,-84.266111,2007-04-27 12:00:00,2007-04-29 01:30:00,99.6753,2007-04-28 06:00:00,18.0000
04186500,40.948611,-84.266111,2007-08-21 11:30:00,2007-08-24 05:00:00,110.1525,2007-08-21 18:30:00,7.0000
04186500,40.948611,-84.266111,2007-12-12 18:00:00,2007-12-15 13:00:00,115.2496,2007-12-14 03:30:00,33.5000
04186500,40.948611,-84.266111,2008-01-09 16:30:00,2008-01-12 08:00:00,139.6021,2008-01-11 00:30:00,32.0000
04186500,40.948611,-84.266111,2008-02-06 01:30:00,2008-02-10 04:00:00,342.6338,2008-02-07 18:30:00,41.0000
04186500,40.948611,-84.266111,2008-03-04 08:00:00,2008-03-07 01:00:00,119.4971,2008-03-05 12:30:00,28.5000
04186500,40.948611,-84.266111,2008-03-19 23:30:00,2008-03-22 09:30:00,133.9387,2008-03-21 01:00:00,25.5000
04186500,40.948611,-84.266111,2009-02-11 19:00:00,2009-02-14 13:30:00,132.5228,2009-02-13 01:30:00,30.5000
04186500,40.948611,-84.266111,2009-03-08 22:30:00,2009-03-11 08:30:00,160.2734,2009-03-09 17:30:00,19.0000
04186500,40.948611,-84.266111,2010-06-16 12:30:00,2010-06-16 19:30:00,82.9684,2010-06-16 15:00:00,2.5000
04186500,40.948611,-84.266111,2011-02-18 09:00:00,2011-02-20 11:30:00,130.8238,2011-02-19 11:30:00,26.5000
04186500,40.948611,-84.266111,2011-02-28 15:00:00,2011-03-03 22:30:00,319.9804,2011-03-02 01:00:00,34.0000
04186500,40.948611,-84.266111,2011-03-06 02:00:00,2011-03-08 16:00:00,143.0001,2011-03-07 06:30:00,28.5000
04186500,40.948611,-84.266111,2011-04-21 07:30:00,2011-04-22 05:30:00,90.8971,2011-04-21 18:00:00,10.5000
04186500,40.948611,-84.266111,2011-04-26 10:30:00,2011-04-29 22:00:00,112.7010,2011-04-27 08:30:00,22.0000
04186500,40.948611,-84.266111,2011-05-26 22:30:00,2011-05-29 14:30:00,155.7427,2011-05-28 04:00:00,29.5000
04186500,40.948611,-84.266111,2011-10-20 23:00:00,2011-10-23 15:00:00,121.1961,2011-10-22 12:00:00,37.0000
04186500,40.948611,-84.266111,2011-11-24 02:30:00,2011-11-24 18:00:00,86.6496,2011-11-24 10:30:00,8.0000
04186500,40.948611,-84.266111,2011-11-29 17:30:00,2011-12-03 02:30:00,146.1149,2011-12-01 10:30:00,41.0000
04186500,40.948611,-84.266111,2011-12-06 03:30:00,2011-12-08 20:30:00,129.6912,2011-12-07 14:00:00,34.5000
04186500,40.948611,-84.266111,2011-12-22 11:00:00,2011-12-23 01:30:00,84.6674,2011-12-22 18:30:00,7.5000
04186500,40.948611,-84.266111,2012-01-27 23:00:00,2012-01-29 06:00:00,92.0298,2012-01-28 15:30:00,16.5000
04186500,40.948611,-84.266111,2013-01-12 13:30:00,2013-01-16 16:30:00,154.8932,2013-01-14 10:30:00,45.0000
04186500,40.948611,-84.266111,2013-04-11 20:00:00,2013-04-15 02:00:00,174.7149,2013-04-13 03:00:00,31.0000
04186500,40.948611,-84.266111,2013-12-22 07:30:00,2013-12-23 04:30:00,191.9882,2013-12-23 04:30:00,21.0000
04186500,40.948611,-84.266111,2014-04-04 08:00:00,2014-04-06 18:00:00,146.1149,2014-04-05 10:00:00,26.0000
04186500,40.948611,-84.266111,2015-03-11 02:45:00,2015-03-13 01:45:00,96.8436,2015-03-12 21:30:00,42.7500
04186500,40.948611,-84.266111,2015-03-15 06:30:00,2015-03-16 06:45:00,88.9149,2015-03-15 19:30:00,13.0000
04186500,40.948611,-84.266111,2015-04-10 09:00:00,2015-04-11 08:45:00,86.3664,2015-04-10 23:15:00,14.2500
04186500,40.948611,-84.266111,2015-06-14 06:15:00,2015-06-21 09:00:00,314.3170,2015-06-17 11:30:00,77.2500
04186500,40.948611,-84.266111,2015-06-27 07:30:00,2015-06-30 00:00:00,167.6357,2015-06-28 09:15:00,25.7500
04186500,40.948611,-84.266111,2015-07-09 14:45:00,2015-07-11 01:45:00,152.0615,2015-07-10 04:30:00,13.7500
04186500,40.948611,-84.266111,2015-07-14 16:15:00,2015-07-17 07:30:00,175.5644,2015-07-15 16:15:00,24.0000
04186500,40.948611,-84.266111,2015-12-28 09:45:00,2015-12-31 18:00:00,169.9011,2015-12-30 00:15:00,38.5000
04196500,40.850556,-83.256389,2008-02-07 08:45:00,2008-02-08 03:30:00,228.2338,2008-02-07 16:45:00,8.0000
04196500,40.850556,-83.256389,2011-03-01 08:30:00,2011-03-02 09:30:00,234.4635,2011-03-01 23:30:00,15.0000
04196500,40.850556,-83.256389,2013-07-10 05:00:00,2013-07-12 14:00:00,286.0002,2013-07-11 12:00:00,31.0000
04196500,40.850556,-83.256389,2013-12-23 04:00:00,2013-12-24 02:30:00,226.5348,2013-12-23 18:30:00,14.5000
04067500,45.325833,-87.663333,1982-04-13 10:38:42,1982-04-19 05:56:24,322.8121,1982-04-18 15:11:06,124.5400
04067500,45.325833,-87.663333,1982-04-21 06:00:00,1982-05-03 13:32:00,345.4655,1982-04-28 13:45:30,174.7583
04067500,45.325833,-87.663333,1982-05-07 16:48:15,1982-05-17 17:06:18,359.6240,1982-05-10 16:04:09,71.2650
04067500,45.325833,-87.663333,1982-05-18 22:21:39,1982-05-19 03:21:42,190.2892,1982-05-18 23:36:39,1.2500
04067500,45.325833,-87.663333,1982-07-12 10:53:12,1982-07-21 13:40:57,277.5051,1982-07-13 04:53:24,18.0033
04067500,45.325833,-87.663333,1982-10-13 12:57:15,1982-10-15 00:15:00,208.9783,1982-10-14 19:59:39,31.0400
04067500,45.325833,-87.663333,1982-10-21 13:12:03,1982-10-25 03:18:42,208.4120,1982-10-22 09:43:39,20.5267
04067500,45.325833,-87.663333,1982-11-13 15:09:36,1982-11-16 17:45:21,258.2496,1982-11-14 17:26:36,26.2833
04067500,45.325833,-87.663333,1982-11-22 10:40:51,1982-11-24 13:44:48,219.1724,1982-11-22 19:41:33,9.0117
04067500,45.325833,-87.663333,1982-12-07 20:37:54,1982-12-08 01:23:03,190.8555,1982-12-07 21:52:57,1.2508
04067500,45.325833,-87.663333,1983-03-08 06:00:00,1983-03-16 23:15:51,342.6338,1983-03-10 17:26:24,59.4400
04067500,45.325833,-87.663333,1983-04-11 15:47:27,1983-04-11 19:02:30,191.9882,1983-04-11 17:32:30,1.7508
04067500,45.325833,-87.663333,1983-04-14 17:48:45,1983-04-21 06:06:27,319.9804,1983-04-16 18:19:33,48.5133
04067500,45.325833,-87.663333,1983-04-27 17:54:09,1983-05-04 18:12:03,218.6061,1983-04-28 14:54:30,21.0058
04067500,45.325833,-87.663333,1983-05-08 14:58:39,1983-05-12 07:45:00,240.6932,1983-05-10 10:59:24,44.0125
04067500,45.325833,-87.663333,1983-05-23 15:30:00,1983-06-10 11:45:00,413.4260,1983-05-26 16:30:00,73.0000
04067500,45.325833,-87.663333,1983-06-12 09:45:00,1983-06-12 23:45:00,200.2001,1983-06-12 18:00:00,8.2500
04067500,45.325833,-87.663333,1983-06-24 15:30:00,1983-06-25 11:30:00,192.8377,1983-06-24 21:45:00,6.2500
04067500,45.325833,-87.663333,1983-09-22 17:30:00,1983-09-23 21:00:00,200.2001,1983-09-23 05:45:00,12.2500
04067500,45.325833,-87.663333,1989-04-06 05:00:00,1989-04-10 09:45:00,242.9585,1989-04-07 18:00:00,37.0000
04067500,45.325833,-87.663333,1989-06-04 03:00:00,1989-06-04 06:30:00,199.0674,1989-06-04 04:15:00,1.2500
04067500,45.325833,-87.663333,1989-06-11 03:30:00,1989-06-18 12:30:00,278.9209,1989-06-12 08:15:00,28.7500
04067500,45.325833,-87.663333,1989-06-19 21:15:00,1989-06-19 21:45:00,190.2892,1989-06-19 21:30:00,0.2500
04067500,45.325833,-87.663333,1990-03-19 06:00:00,1990-03-20 20:30:00,302.9903,1990-03-19 07:30:00,1.5000
04067500,45.325833,-87.663333,1993-04-22 05:00:00,1993-04-25 00:30:00,227.6674,1993-04-24 19:00:00,62.0000
04067500,45.325833,-87.663333,1993-04-27 16:30:00,1993-04-30 04:30:00,227.6674,1993-04-27 20:30:00,4.0000
04067500,45.325833,-87.663333,1993-05-01 05:00:00,1993-05-04 04:30:00,246.3566,1993-05-01 22:30:00,17.5000
04067500,45.325833,-87.663333,1993-05-06 05:00:00,1993-05-08 04:30:00,353.9606,1993-05-07 22:30:00,41.5000
04067500,45.325833,-87.663333,1993-06-01 13:30:00,1993-06-05 21:30:00,235.5962,1993-06-02 15:00:00,25.5000
04067500,45.325833,-87.663333,1993-06-19 20:30:00,1993-06-29 08:00:00,342.6338,1993-06-22 18:00:00,69.5000
04067500,45.325833,-87.663333,1993-09-16 11:00:00,1993-09-16 13:00:00,190.2892,1993-09-16 11:30:00,0.5000
04067500,45.325833,-87.663333,1994-04-29 05:00:00,1994-05-01 12:00:00,210.1110,1994-04-29 10:30:00,5.5000
04067500,45.325833,-87.663333,1994-09-16 18:30:00,1994-09-18 05:30:00,210.1110,1994-09-17 16:30:00,22.0000
04067500,45.325833,-87.663333,1995-05-16 02:00:00,1995-05-21 02:00:00,254.2853,1995-05-18 17:00:00,63.0000
04067500,45.325833,-87.663333,1998-03-29 22:00:00,1998-04-08 16:30:00,433.2478,1998-04-03 08:15:00,106.2500
04067500,45.325833,-87.663333,1999-04-06 02:30:00,1999-04-11 20:15:00,241.8259,1999-04-08 17:15:00,62.7500
04067500,45.325833,-87.663333,1999-05-08 16:45:00,1999-05-13 18:30:00,311.4853,1999-05-11 13:45:00,69.0000
04067500,45.325833,-87.663333,1999-05-20 03:30:00,1999-05-29 20:30:00,238.9942,1999-05-20 19:15:00,15.7500
04067500,45.325833,-87.663333,1999-05-31 12:30:00,1999-06-01 03:30:00,197.9348,1999-05-31 20:00:00,7.5000
04067500,45.325833,-87.663333,1999-07-06 22:15:00,1999-07-08 00:45:00,203.5981,1999-07-07 14:00:00,15.7500
04067500,45.325833,-87.663333,1999-07-10 06:45:00,1999-07-12 23:15:00,254.8516,1999-07-11 19:30:00,36.7500
04067500,45.325833,-87.663333,1999-07-16 08:30:00,1999-07-19 15:00:00,294.4952,1999-07-17 14:30:00,30.0000
04067500,45.325833,-87.663333,2000-03-10 16:00:00,2000-03-12 08:00:00,206.7130,2000-03-10 22:45:00,6.7500
04067500,45.325833,-87.663333,2001-04-08 11:45:00,2001-04-20 17:00:00,317.1487,2001-04-13 20:30:00,128.7500
04067500,45.325833,-87.663333,2001-04-26 08:15:00,2001-04-28 08:45:00,207.2793,2001-04-27 10:45:00,26.5000
04067500,45.325833,-87.663333,2002-04-12 18:30:00,2002-05-18 23:45:00,668.2776,2002-04-20 21:00:00,194.5000
04067500,45.325833,-87.663333,2002-06-15 16:00:00,2002-06-19 11:45:00,252.0199,2002-06-17 16:00:00,48.0000
04067500,45.325833,-87.663333,2002-10-06 17:30:00,2002-10-14 19:45:00,269.5764,2002-10-09 11:00:00,65.5000
04067500,45.325833,-87.663333,2003-04-13 22:15:00,2003-04-15 00:15:00,200.2001,2003-04-14 13:00:00,14.7500
04067500,45.325833,-87.663333,2003-04-16 14:45:00,2003-05-01 20:45:00,370.9507,2003-04-23 16:00:00,169.2500
04067500,45.325833,-87.663333,2003-05-12 06:30:00,2003-05-22 11:15:00,356.7923,2003-05-15 14:30:00,80.0000
04067500,45.325833,-87.663333,2003-06-11 21:30:00,2003-06-13 03:15:00,193.4041,2003-06-12 15:30:00,18.0000
04067500,45.325833,-87.663333,2004-05-24 17:30:00,2004-05-30 18:15:00,300.1586,2004-05-26 14:00:00,44.5000
04067500,45.325833,-87.663333,2004-06-01 02:00:00,2004-06-07 17:45:00,322.8121,2004-06-03 11:45:00,57.7500
04067500,45.325833,-87.663333,2005-03-31 22:00:00,2005-04-13 01:15:00,317.1487,2005-04-01 19:45:00,21.7500
04067500,45.325833,-87.663333,2005-10-08 01:15:00,2005-10-08 18:00:00,197.0853,2005-10-08 07:15:00,6.0000
04067500,45.325833,-87.663333,2006-04-02 09:15:00,2006-04-06 23:00:00,224.8358,2006-04-03 05:00:00,19.7500
04067500,45.325833,-87.663333,2006-05-13 01:45:00,2006-05-20 20:30:00,282.3190,2006-05-15 08:30:00,54.7500
04067500,45.325833,-87.663333,2006-05-29 16:45:00,2006-06-02 14:15:00,248.6219,2006-06-01 19:45:00,75.0000
04067500,45.325833,-87.663333,2007-03-27 05:00:00,2007-03-31 06:30:00,275.8061,2007-03-28 13:15:00,32.2500
04067500,45.325833,-87.663333,2007-04-04 00:00:00,2007-04-05 23:45:00,206.9961,2007-04-04 11:30:00,11.5000
04067500,45.325833,-87.663333,2008-05-04 07:45:00,2008-05-09 04:45:00,235.5962,2008-05-06 14:15:00,54.5000
04067500,45.325833,-87.663333,2009-04-26 22:45:00,2009-05-02 11:00:00,237.5783,2009-04-29 18:30:00,67.7500
04067500,45.325833,-87.663333,2010-09-18 09:15:00,2010-09-19 01:30:00,206.9961,2010-09-18 10:45:00,1.5000
04067500,45.325833,-87.663333,2010-09-24 15:15:00,2010-10-01 08:00:00,351.1289,2010-09-27 03:15:00,60.0000
04067500,45.325833,-87.663333,2010-10-27 12:45:00,2010-10-30 00:45:00,216.3407,2010-10-28 06:30:00,17.7500
04067500,45.325833,-87.663333,2011-04-12 03:15:00,2011-04-19 18:00:00,240.6932,2011-04-13 16:30:00,37.2500
04067500,45.325833,-87.663333,2011-04-26 22:00:00,2011-05-06 16:45:00,300.1586,2011-04-30 01:45:00,75.7500
04067500,45.325833,-87.663333,2011-05-12 16:15:00,2011-05-18 22:00:00,274.3902,2011-05-14 16:30:00,48.2500
04067500,45.325833,-87.663333,2011-05-24 23:45:00,2011-05-26 10:00:00,201.0496,2011-05-25 11:00:00,11.2500
04067500,45.325833,-87.663333,2011-06-22 23:45:00,2011-06-27 16:15:00,322.8121,2011-06-24 17:30:00,41.7500
04067500,45.325833,-87.663333,2012-03-14 15:45:00,2012-03-18 03:00:00,225.9684,2012-03-15 01:15:00,9.5000
04067500,45.325833,-87.663333,2012-03-19 17:00:00,2012-03-20 02:30:00,200.4833,2012-03-19 18:00:00,1.0000
04067500,45.325833,-87.663333,2013-04-20 04:30:00,2013-04-21 22:45:00,197.6516,2013-04-20 19:00:00,14.5000
04067500,45.325833,-87.663333,2014-05-27 03:30:00,2014-05-27 06:30:00,192.8377,2014-05-27 04:30:00,1.0000
04067500,45.325833,-87.663333,2014-09-06 05:00:00,2014-09-07 18:15:00,216.6239,2014-09-07 15:30:00,34.5000
04067500,45.325833,-87.663333,2014-09-12 06:45:00,2014-09-15 07:15:00,228.8001,2014-09-13 14:00:00,31.2500
04067500,45.325833,-87.663333,2015-01-02 16:15:00,2015-01-02 19:45:00,193.1209,2015-01-02 17:45:00,1.5000
04067500,45.325833,-87.663333,2015-01-08 03:30:00,2015-01-17 20:30:00,223.9863,2015-01-15 11:30:00,176.0000
04067500,45.325833,-87.663333,2015-03-16 18:30:00,2015-03-22 16:15:00,236.4457,2015-03-19 16:15:00,69.7500
04067500,45.325833,-87.663333,2015-04-11 09:15:00,2015-04-25 10:15:00,274.3902,2015-04-15 19:00:00,105.7500
04067500,45.325833,-87.663333,2015-05-27 13:15:00,2015-06-04 01:45:00,396.4359,2015-05-30 03:00:00,61.7500
04067500,45.325833,-87.663333,2015-06-09 04:15:00,2015-06-12 19:00:00,215.2080,2015-06-10 08:00:00,27.7500
04067500,45.325833,-87.663333,2015-12-15 17:00:00,2015-12-20 07:15:00,283.1685,2015-12-18 07:00:00,62.0000
04067500,45.325833,-87.663333,2016-03-16 13:45:00,2016-03-23 08:30:00,325.6437,2016-03-19 07:30:00,65.7500
04067500,45.325833,-87.663333,2016-04-25 22:00:00,2016-05-01 21:15:00,253.1526,2016-04-28 12:30:00,62.5000
04073500,43.953889,-88.952500,1986-10-01 06:00:00,1986-11-10 05:00:00,134.7882,1986-10-05 20:00:00,110.0000
04073500,43.953889,-88.952500,1987-04-24 19:00:00,1987-05-03 09:00:00,67.9604,1987-04-27 18:00:00,71.0000
04073500,43.953889,-88.952500,1988-04-02 02:00:00,1988-04-15 23:00:00,71.9248,1988-04-06 17:00:00,110.0000
04073500,43.953889,-88.952500,1989-03-27 06:00:00,1989-04-10 00:00:00,95.1446,1989-03-27 20:00:00,14.0000
04073500,43.953889,-88.952500,1989-06-02 11:00:00,1989-06-17 03:00:00,76.1723,1989-06-05 22:00:00,83.0000
04073500,43.953889,-88.952500,1990-03-18 16:30:00,1990-03-24 21:45:00,64.2792,1990-03-22 15:45:00,95.2500
04073500,43.953889,-88.952500,1990-05-21 14:00:00,1990-05-27 03:00:00,63.7129,1990-05-24 04:00:00,62.0000
04073500,43.953889,-88.952500,1991-03-22 06:00:00,1991-04-05 03:00:00,70.2258,1991-03-28 02:00:00,140.0000
04073500,43.953889,-88.952500,1991-04-15 07:00:00,1991-04-23 20:00:00,66.5446,1991-04-18 11:00:00,76.0000
04073500,43.953889,-88.952500,1995-04-19 21:00:00,1995-04-30 07:00:00,67.1109,1995-04-23 14:00:00,89.0000
04073500,43.953889,-88.952500,1995-05-31 05:00:00,1995-06-05 19:00:00,69.0931,1995-06-02 13:00:00,56.0000
04073500,43.953889,-88.952500,1995-11-05 14:00:00,1995-11-12 16:00:00,65.4119,1995-11-08 10:00:00,68.0000
04073500,43.953889,-88.952500,1996-04-19 10:00:00,1996-05-01 22:00:00,68.2436,1996-04-22 15:00:00,77.0000
04073500,43.953889,-88.952500,1996-06-19 07:00:00,1996-07-08 15:00:00,90.3307,1996-06-24 06:00:00,119.0000
04073500,43.953889,-88.952500,1997-04-04 06:00:00,1997-04-19 01:00:00,86.0832,1997-04-07 00:00:00,65.0000
04073500,43.953889,-88.952500,1998-04-01 08:15:00,1998-04-29 19:15:00,84.3842,1998-04-07 08:30:00,143.2500
04073500,43.953889,-88.952500,1999-07-22 08:00:00,1999-08-14 03:00:00,85.8000,1999-07-28 07:45:00,143.7500
04073500,43.953889,-88.952500,2000-06-05 06:30:00,2000-06-25 12:45:00,73.3406,2000-06-09 23:30:00,113.0000
04073500,43.953889,-88.952500,2002-04-27 07:00:00,2002-05-09 19:15:00,67.1109,2002-05-02 15:30:00,128.5000
04073500,43.953889,-88.952500,2002-06-25 03:30:00,2002-07-01 20:00:00,68.5268,2002-06-27 22:30:00,67.0000
04073500,43.953889,-88.952500,2004-03-05 06:00:00,2004-03-24 20:00:00,85.2337,2004-03-06 18:45:00,36.7500
04073500,43.953889,-88.952500,2004-03-29 01:45:00,2004-04-02 18:45:00,63.7129,2004-04-01 03:15:00,73.5000
04073500,43.953889,-88.952500,2005-02-23 03:30:00,2005-02-27 01:30:00,66.5446,2005-02-25 22:45:00,67.2500
04073500,43.953889,-88.952500,2005-04-03 14:15:00,2005-04-07 21:30:00,63.7129,2005-04-05 06:15:00,40.0000
04073500,43.953889,-88.952500,2007-03-16 14:00:00,2007-03-17 17:00:00,64.8456,2007-03-16 22:15:00,8.2500
04073500,43.953889,-88.952500,2007-04-01 02:30:00,2007-04-15 13:30:00,73.6238,2007-04-04 21:30:00,91.0000
04073500,43.953889,-88.952500,2009-03-25 05:00:00,2009-04-14 15:00:00,86.3664,2009-03-29 19:15:00,110.2500
04073500,43.953889,-88.952500,2009-04-30 11:45:00,2009-05-05 18:00:00,64.5624,2009-05-02 17:45:00,54.0000
04073500,43.953889,-88.952500,2010-03-18 05:45:00,2010-03-24 10:30:00,64.2792,2010-03-19 20:30:00,38.7500
04073500,43.953889,-88.952500,2010-07-24 08:15:00,2010-08-02 02:15:00,65.6951,2010-07-28 10:30:00,98.2500
04073500,43.953889,-88.952500,2011-06-27 05:30:00,2011-06-29 19:45:00,63.9961,2011-06-28 07:00:00,25.5000
04073500,43.953889,-88.952500,2012-05-03 14:30:00,2012-05-28 11:30:00,121.7624,2012-05-08 18:30:00,124.0000
04073500,43.953889,-88.952500,2014-04-14 00:30:00,2014-05-27 01:00:00,92.5961,2014-04-19 08:15:00,127.7500
04073500,43.953889,-88.952500,2014-06-06 12:30:00,2014-06-11 08:00:00,64.2792,2014-06-08 06:15:00,41.7500
04073500,43.953889,-88.952500,2014-06-23 07:00:00,2014-06-25 18:45:00,62.8634,2014-06-24 00:45:00,17.7500
04085200,44.458333,-87.556389,1989-03-26 06:00:00,1989-03-28 11:15:00,132.5228,1989-03-26 08:15:00,2.2500
04085200,44.458333,-87.556389,1990-03-13 06:00:00,1990-03-15 22:45:00,117.2317,1990-03-15 02:30:00,44.5000
04085200,44.458333,-87.556389,1990-06-17 11:30:00,1990-06-17 13:30:00,35.6792,1990-06-17 12:15:00,0.7500
04085200,44.458333,-87.556389,1990-06-22 23:30:00,1990-06-25 00:45:00,242.6754,1990-06-23 13:45:00,14.2500
04085200,44.458333,-87.556389,1991-04-15 05:15:00,1991-04-15 23:00:00,50.1208,1991-04-15 13:30:00,8.2500
04085200,44.458333,-87.556389,1992-04-17 01:45:00,1992-04-17 19:00:00,47.2891,1992-04-17 10:00:00,8.2500
04085200,44.458333,-87.556389,1992-11-21 22:00:00,1992-11-23 00:15:00,59.7485,1992-11-22 09:00:00,11.0000
04085200,44.458333,-87.556389,1992-12-16 13:30:00,1992-12-17 21:45:00,93.7288,1992-12-17 01:15:00,11.7500
04085200,44.458333,-87.556389,1993-04-09 09:00:00,1993-04-09 17:15:00,35.6792,1993-04-09 12:45:00,3.7500
04085200,44.458333,-87.556389,1993-04-16 09:30:00,1993-04-17 15:45:00,80.1367,1993-04-16 20:00:00,10.5000
04085200,44.458333,-87.556389,1993-04-21 13:45:00,1993-04-21 22:30:00,35.1129,1993-04-21 17:00:00,3.2500
04085200,44.458333,-87.556389,1993-06-10 03:30:00,1993-06-10 14:00:00,37.9446,1993-06-10 08:00:00,4.5000
04085200,44.458333,-87.556389,1993-06-18 15:30:00,1993-06-20 10:15:00,73.0575,1993-06-19 06:00:00,14.5000
04085200,44.458333,-87.556389,1993-07-06 11:30:00,1993-07-08 06:45:00,170.1842,1993-07-06 19:30:00,8.0000
04085200,44.458333,-87.556389,1994-04-25 22:15:00,1994-04-27 02:00:00,77.3050,1994-04-26 05:15:00,7.0000
04085200,44.458333,-87.556389,1994-09-27 19:00:00,1994-09-28 10:00:00,37.9446,1994-09-28 02:00:00,7.0000
04085200,44.458333,-87.556389,1995-03-21 20:30:00,1995-03-22 00:00:00,33.4139,1995-03-21 20:45:00,0.2500
04085200,44.458333,-87.556389,1998-03-31 23:30:00,1998-04-02 07:30:00,50.6872,1998-04-01 16:00:00,16.5000
04085200,44.458333,-87.556389,1999-02-12 12:15:00,1999-02-13 04:15:00,42.7584,1999-02-12 18:45:00,6.5000
04085200,44.458333,-87.556389,2004-03-03 06:00:00,2004-03-04 04:15:00,59.4654,2004-03-03 11:00:00,5.0000
04085200,44.458333,-87.556389,2004-03-06 02:15:00,2004-03-07 04:00:00,65.6951,2004-03-06 12:30:00,10.2500
04085200,44.458333,-87.556389,2004-05-24 05:00:00,2004-05-25 13:45:00,67.3941,2004-05-24 19:45:00,14.7500
04085200,44.458333,-87.556389,2004-06-01 07:15:00,2004-06-02 07:30:00,70.5089,2004-06-01 15:45:00,8.5000
04085200,44.458333,-87.556389,2005-03-29 06:00:00,2005-03-30 01:15:00,45.0238,2005-03-29 11:15:00,5.2500
04085200,44.458333,-87.556389,2006-03-13 13:45:00,2006-03-14 11:00:00,35.3961,2006-03-14 06:00:00,16.2500
04085200,44.458333,-87.556389,2006-05-12 15:30:00,2006-05-13 17:45:00,56.9169,2006-05-13 02:15:00,10.7500
04085200,44.458333,-87.556389,2007-03-14 05:00:00,2007-03-15 09:15:00,135.9209,2007-03-14 10:30:00,5.5000
04085200,44.458333,-87.556389,2008-04-12 01:15:00,2008-04-13 02:00:00,42.4753,2008-04-12 13:15:00,12.0000
04085200,44.458333,-87.556389,2010-09-24 08:15:00,2010-09-25 06:15:00,45.3070,2010-09-24 18:30:00,10.2500
04085200,44.458333,-87.556389,2011-03-18 11:15:00,2011-03-19 13:00:00,53.5188,2011-03-19 00:00:00,12.7500
04085200,44.458333,-87.556389,2011-04-05 08:15:00,2011-04-06 01:30:00,40.4931,2011-04-05 14:45:00,6.5000
04085200,44.458333,-87.556389,2011-04-11 01:30:00,2011-04-12 04:15:00,48.7050,2011-04-11 06:45:00,5.2500
04085200,44.458333,-87.556389,2011-04-17 07:00:00,2011-04-17 23:00:00,40.2099,2011-04-17 13:15:00,6.2500
04085200,44.458333,-87.556389,2011-04-22 12:15:00,2011-04-24 03:15:00,44.7406,2011-04-22 18:45:00,6.5000
04085200,44.458333,-87.556389,2011-04-27 03:00:00,2011-04-28 02:45:00,54.9347,2011-04-27 13:00:00,10.0000
04085200,44.458333,-87.556389,2011-07-06 20:15:00,2011-07-07 10:00:00,54.3683,2011-07-07 02:00:00,5.7500
04085200,44.458333,-87.556389,2014-03-30 18:00:00,2014-03-31 20:15:00,45.8733,2014-03-31 18:30:00,24.5000
04085200,44.458333,-87.556389,2014-04-14 23:30:00,2014-04-15 14:45:00,42.1921,2014-04-15 04:45:00,5.2500
04085200,44.458333,-87.556389,2014-06-03 12:00:00,2014-06-03 21:30:00,38.7941,2014-06-03 15:15:00,3.2500
04085200,44.458333,-87.556389,2015-12-14 17:15:00,2015-12-16 09:15:00,155.4595,2015-12-15 06:30:00,13.2500
04085200,44.458333,-87.556389,2016-03-09 11:30:00,2016-03-09 20:45:00,35.3961,2016-03-09 14:30:00,3.0000
04085200,44.458333,-87.556389,2016-03-17 05:15:00,2016-03-17 13:45:00,36.8119,2016-03-17 09:30:00,4.2500
04085200,44.458333,-87.556389,2016-04-01 08:00:00,2016-04-01 19:00:00,36.2456,2016-04-01 11:00:00,3.0000
04119000,42.964444,-85.676389,1990-03-13 11:00:00,1990-03-21 01:00:00,588.9904,1990-03-16 16:00:00,77.0000
04119000,42.964444,-85.676389,1990-11-09 12:00:00,1990-11-11 12:00:00,379.4457,1990-11-10 05:00:00,17.0000
04119000,42.964444,-85.676389,1990-11-29 12:00:00,1990-12-06 00:00:00,492.7131,1990-12-02 12:00:00,72.0000
04119000,42.964444,-85.676389,1991-04-16 00:00:00,1991-04-20 17:00:00,390.7725,1991-04-18 16:00:00,64.0000
04119000,42.964444,-85.676389,1993-01-05 11:00:00,1993-01-11 04:00:00,475.7230,1993-01-08 14:00:00,75.0000
04119000,42.964444,-85.676389,1993-03-29 04:00:00,1993-04-06 04:00:00,447.4062,1993-04-01 15:00:00,83.0000
04119000,42.964444,-85.676389,1993-04-22 01:00:00,1993-04-28 12:00:00,535.1884,1993-04-25 01:00:00,72.0000
04119000,42.964444,-85.676389,1994-02-23 17:00:00,1994-02-25 04:00:00,410.5943,1994-02-24 21:00:00,28.0000
04119000,42.964444,-85.676389,1994-03-09 00:00:00,1994-03-11 09:00:00,385.1091,1994-03-09 05:00:00,5.0000
04119000,42.964444,-85.676389,1994-06-27 14:00:00,1994-07-01 17:00:00,399.2675,1994-06-29 11:00:00,45.0000
04119000,42.964444,-85.676389,1996-05-24 08:00:00,1996-05-26 07:00:00,382.2774,1996-05-24 21:00:00,13.0000
04119000,42.964444,-85.676389,1996-06-20 11:00:00,1996-06-26 04:00:00,478.5547,1996-06-22 21:00:00,58.0000
04119000,42.964444,-85.676389,1997-02-22 00:30:00,1997-03-08 18:30:00,665.4459,1997-02-25 17:30:00,89.0000
04119000,42.964444,-85.676389,1998-03-21 18:00:00,1998-03-25 22:00:00,404.9309,1998-03-23 07:30:00,37.5000
04119000,42.964444,-85.676389,1999-04-25 01:00:00,1999-04-30 23:30:00,487.0498,1999-04-27 22:30:00,69.5000
04119000,42.964444,-85.676389,2000-05-19 03:00:00,2000-05-27 10:30:00,605.9805,2000-05-23 01:00:00,94.0000
04119000,42.964444,-85.676389,2001-02-11 20:30:00,2001-02-17 04:30:00,591.8221,2001-02-14 20:00:00,71.5000
04119000,42.964444,-85.676389,2001-02-27 18:30:00,2001-03-04 23:30:00,444.5745,2001-03-02 01:30:00,55.0000
04119000,42.964444,-85.676389,2001-05-18 14:00:00,2001-05-23 10:30:00,458.7329,2001-05-20 16:30:00,50.5000
04119000,42.964444,-85.676389,2002-03-12 11:30:00,2002-03-15 18:30:00,407.7626,2002-03-13 19:30:00,32.0000
04119000,42.964444,-85.676389,2004-03-06 01:00:00,2004-03-12 21:30:00,518.1983,2004-03-09 08:30:00,79.5000
04119000,42.964444,-85.676389,2004-05-22 01:30:00,2004-06-03 08:30:00,821.1886,2004-05-27 11:30:00,130.0000
04119000,42.964444,-85.676389,2005-01-15 17:30:00,2005-01-18 04:30:00,475.7230,2005-01-17 21:30:00,52.0000
04119000,42.964444,-85.676389,2006-03-14 11:30:00,2006-03-20 02:15:00,441.7428,2006-03-17 01:45:00,62.2500
04119000,42.964444,-85.676389,2007-03-14 06:00:00,2007-03-19 15:45:00,455.9012,2007-03-16 06:15:00,48.2500
04119000,42.964444,-85.676389,2007-03-25 09:00:00,2007-03-27 15:00:00,379.4457,2007-03-26 05:00:00,20.0000
04119000,42.964444,-85.676389,2008-04-04 11:15:00,2008-04-06 08:45:00,373.7824,2008-04-04 19:00:00,7.7500
04119000,42.964444,-85.676389,2008-04-13 09:15:00,2008-04-18 12:15:00,416.2576,2008-04-15 20:00:00,58.7500
04119000,42.964444,-85.676389,2008-09-18 11:45:00,2008-09-21 16:00:00,387.9408,2008-09-19 18:15:00,30.5000
04119000,42.964444,-85.676389,2008-12-29 05:00:00,2009-01-06 05:15:00,699.4261,2008-12-31 18:15:00,61.2500
04119000,42.964444,-85.676389,2009-02-12 17:45:00,2009-02-13 04:45:00,385.1091,2009-02-13 04:15:00,10.5000
04119000,42.964444,-85.676389,2009-02-14 05:00:00,2009-02-19 16:00:00,489.8814,2009-02-15 17:00:00,36.0000
04119000,42.964444,-85.676389,2009-03-02 09:45:00,2009-03-03 09:15:00,370.9507,2009-03-02 18:30:00,8.7500
04119000,42.964444,-85.676389,2009-03-10 16:45:00,2009-03-18 16:15:00,540.8518,2009-03-13 18:45:00,74.0000
04119000,42.964444,-85.676389,2009-04-28 07:00:00,2009-05-08 04:45:00,662.6142,2009-05-01 16:15:00,81.2500
04119000,42.964444,-85.676389,2010-03-14 17:45:00,2010-03-19 13:45:00,433.2478,2010-03-16 20:45:00,51.0000
04119000,42.964444,-85.676389,2011-03-25 04:00:00,2011-03-27 12:45:00,379.4457,2011-03-26 03:45:00,23.7500
04119000,42.964444,-85.676389,2011-04-26 14:45:00,2011-05-06 19:15:00,603.1488,2011-05-02 04:30:00,133.7500
04119000,42.964444,-85.676389,2011-05-29 06:15:00,2011-06-04 04:45:00,470.0597,2011-06-01 16:00:00,81.7500
04119000,42.964444,-85.676389,2014-03-24 00:45:00,2014-03-27 04:45:00,399.2675,2014-03-25 23:30:00,46.7500
04119000,42.964444,-85.676389,2014-03-31 05:00:00,2014-04-06 13:30:00,396.4359,2014-04-02 22:00:00,65.0000
04119000,42.964444,-85.676389,2016-04-03 10:45:00,2016-04-06 02:00:00,379.4457,2016-04-04 12:00:00,25.2500
04166100,42.447500,-83.297500,1990-02-22 22:00:00,1990-02-23 16:00:00,50.9703,1990-02-23 04:00:00,6.0000
04166100,42.447500,-83.297500,1990-09-07 10:00:00,1990-09-07 14:00:00,38.2277,1990-09-07 12:00:00,2.0000
04166100,42.447500,-83.297500,1990-12-29 21:00:00,1990-12-30 17:00:00,44.7406,1990-12-30 02:00:00,5.0000
04166100,42.447500,-83.297500,1991-05-26 11:00:00,1991-05-27 07:00:00,56.3505,1991-05-26 18:00:00,7.0000
04166100,42.447500,-83.297500,1992-11-13 05:00:00,1992-11-13 14:00:00,39.0772,1992-11-13 07:00:00,2.0000
04166100,42.447500,-83.297500,1993-01-04 19:00:00,1993-01-05 15:00:00,41.3426,1993-01-05 00:00:00,5.0000
04166100,42.447500,-83.297500,1994-06-27 05:00:00,1994-06-27 06:15:00,35.9624,1994-06-27 05:15:00,0.2500
04166100,42.447500,-83.297500,1996-05-21 12:45:00,1996-05-21 15:30:00,35.9624,1996-05-21 13:15:00,0.5000
04166100,42.447500,-83.297500,1996-06-19 05:00:00,1996-06-19 21:15:00,63.7129,1996-06-19 08:15:00,3.2500
04166100,42.447500,-83.297500,1997-02-21 10:15:00,1997-02-21 21:30:00,42.4753,1997-02-21 14:45:00,4.5000
04166100,42.447500,-83.297500,1997-05-19 13:15:00,1997-05-19 20:45:00,42.1921,1997-05-19 15:45:00,2.5000
04166100,42.447500,-83.297500,1997-07-03 05:00:00,1997-07-03 10:30:00,43.8911,1997-07-03 06:00:00,1.0000
04166100,42.447500,-83.297500,1998-02-18 01:30:00,1998-02-18 22:45:00,54.6515,1998-02-18 08:45:00,7.2500
04166100,42.447500,-83.297500,1998-08-06 13:45:00,1998-08-07 04:00:00,68.8099,1998-08-06 18:30:00,4.7500
04166100,42.447500,-83.297500,1998-08-10 05:00:00,1998-08-10 09:45:00,42.4753,1998-08-10 06:15:00,1.2500
04166100,42.447500,-83.297500,1999-04-23 16:45:00,1999-04-24 00:45:00,39.6436,1999-04-23 20:00:00,3.2500
04166100,42.447500,-83.297500,2000-06-25 10:15:00,2000-06-25 21:30:00,43.0416,2000-06-25 15:15:00,5.0000
04166100,42.447500,-83.297500,2001-02-09 22:30:00,2001-02-10 17:00:00,55.7842,2001-02-10 06:15:00,7.7500
04166100,42.447500,-83.297500,2001-10-16 21:00:00,2001-10-17 12:45:00,45.5901,2001-10-17 02:45:00,5.7500
04166100,42.447500,-83.297500,2008-09-14 05:45:00,2008-09-15 14:15:00,48.1386,2008-09-15 07:45:00,26.0000
04166100,42.447500,-83.297500,2009-03-09 02:15:00,2009-03-09 12:00:00,40.2099,2009-03-09 05:30:00,3.2500
04166100,42.447500,-83.297500,2009-03-11 10:15:00,2009-03-11 18:30:00,39.0772,2009-03-11 13:15:00,3.0000
04166100,42.447500,-83.297500,2009-04-20 22:45:00,2009-04-21 06:30:00,38.2277,2009-04-21 00:45:00,2.0000
04166100,42.447500,-83.297500,2010-06-06 13:45:00,2010-06-06 22:45:00,43.3248,2010-06-06 17:15:00,3.5000
04166100,42.447500,-83.297500,2011-05-26 00:00:00,2011-05-26 21:45:00,68.2436,2011-05-26 05:45:00,5.7500
04166100,42.447500,-83.297500,2011-11-29 19:15:00,2011-11-30 14:15:00,45.8733,2011-11-30 04:30:00,9.2500
04166100,42.447500,-83.297500,2013-08-31 11:15:00,2013-08-31 15:15:00,39.6436,2013-08-31 13:30:00,2.2500
04166100,42.447500,-83.297500,2014-08-12 03:00:00,2014-08-12 12:45:00,46.7228,2014-08-12 08:15:00,5.2500
04166100,42.447500,-83.297500,2015-05-31 12:45:00,2015-06-01 00:00:00,41.9089,2015-05-31 18:30:00,5.7500
04182000,40.987778,-85.111944,1989-05-26 12:00:00,1989-05-29 06:00:00,198.2179,1989-05-27 13:00:00,25.0000
04182000,40.987778,-85.111944,1990-02-22 19:00:00,1990-02-25 17:00:00,212.9427,1990-02-23 14:00:00,19.0000
04182000,40.987778,-85.111944,1990-05-17 16:00:00,1990-05-19 16:00:00,174.7149,1990-05-18 14:00:00,22.0000
04182000,40.987778,-85.111944,1990-12-30 03:00:00,1991-01-05 11:00:00,302.9903,1991-01-01 13:00:00,58.0000
04182000,40.987778,-85.111944,1991-05-31 08:00:00,1991-06-01 15:00:00,208.6952,1991-05-31 18:00:00,10.0000
04182000,40.987778,-85.111944,1992-04-18 21:00:00,1992-04-20 13:00:00,156.5922,1992-04-19 17:00:00,20.0000
04182000,40.987778,-85.111944,1992-07-14 23:00:00,1992-07-22 14:00:00,277.2219,1992-07-18 19:00:00,92.0000
04182000,40.987778,-85.111944,1992-11-13 04:00:00,1992-11-15 22:00:00,167.9189,1992-11-14 13:00:00,33.0000
04182000,40.987778,-85.111944,1993-03-09 10:00:00,1993-03-11 12:00:00,164.2377,1993-03-10 06:00:00,20.0000
04182000,40.987778,-85.111944,1993-07-03 14:00:00,1993-07-08 20:00:00,199.0674,1993-07-06 21:00:00,79.0000
04182000,40.987778,-85.111944,1994-01-28 16:00:00,1994-01-29 04:00:00,183.2100,1994-01-29 03:00:00,11.0000
04182000,40.987778,-85.111944,1994-04-12 11:00:00,1994-04-15 22:00:00,189.7229,1994-04-14 05:00:00,42.0000
04182000,40.987778,-85.111944,1996-05-29 11:00:00,1996-06-01 10:00:00,209.8278,1996-05-30 18:00:00,31.0000
04182000,40.987778,-85.111944,1996-07-19 09:00:00,1996-07-20 11:00:00,159.1407,1996-07-19 22:00:00,13.0000
04182000,40.987778,-85.111944,1997-02-27 11:00:00,1997-03-04 07:00:00,226.2516,1997-03-01 08:00:00,45.0000
04182000,40.987778,-85.111944,1997-03-14 17:00:00,1997-03-15 05:00:00,159.1407,1997-03-14 21:00:00,4.0000
04182000,40.987778,-85.111944,1997-06-02 04:00:00,1997-06-07 01:00:00,214.9249,1997-06-04 15:00:00,59.0000
04182000,40.987778,-85.111944,1998-04-09 20:00:00,1998-04-12 22:00:00,205.8635,1998-04-11 04:00:00,32.0000
04182000,40.987778,-85.111944,1998-08-06 07:00:00,1998-08-07 09:00:00,159.7070,1998-08-07 02:00:00,19.0000
04182000,40.987778,-85.111944,1999-01-23 04:00:00,1999-01-28 20:00:00,277.2219,1999-01-26 01:00:00,69.0000
04182000,40.987778,-85.111944,2000-06-15 12:00:00,2000-06-16 15:00:00,159.9902,2000-06-16 00:00:00,12.0000
04182000,40.987778,-85.111944,2002-02-01 11:00:00,2002-02-02 20:00:00,159.1407,2002-02-01 18:00:00,7.0000
04182000,40.987778,-85.111944,2002-03-31 05:00:00,2002-04-03 15:00:00,185.7585,2002-04-01 11:00:00,30.0000
04182000,40.987778,-85.111944,2003-03-13 22:00:00,2003-03-16 02:00:00,165.0872,2003-03-15 15:00:00,41.0000
04182000,40.987778,-85.111944,2003-05-09 13:00:00,2003-05-15 02:00:00,244.0912,2003-05-12 05:00:00,64.0000
04182000,40.987778,-85.111944,2003-07-06 15:00:00,2003-07-15 08:00:00,424.7527,2003-07-10 00:00:00,81.0000
04182000,40.987778,-85.111944,2003-08-05 02:00:00,2003-08-08 07:00:00,197.0853,2003-08-06 18:00:00,40.0000
04182000,40.987778,-85.111944,2004-01-05 17:00:00,2004-01-07 13:00:00,169.9011,2004-01-06 18:00:00,25.0000
04182000,40.987778,-85.111944,2004-06-12 18:00:00,2004-06-17 02:00:00,235.3130,2004-06-14 21:00:00,51.0000
04182000,40.987778,-85.111944,2007-01-15 05:30:00,2007-01-19 23:00:00,214.0754,2007-01-17 05:30:00,48.0000
04182000,40.987778,-85.111944,2007-03-02 15:45:00,2007-03-06 12:45:00,178.9625,2007-03-04 21:30:00,53.7500
04182000,40.987778,-85.111944,2007-12-13 15:15:00,2007-12-14 20:15:00,155.7427,2007-12-14 02:45:00,11.5000
04182000,40.987778,-85.111944,2008-02-06 04:30:00,2008-02-12 17:15:00,294.4952,2008-02-09 01:30:00,69.0000
04182000,40.987778,-85.111944,2009-02-11 21:30:00,2009-02-16 14:30:00,250.3209,2009-02-13 16:30:00,43.0000
04182000,40.987778,-85.111944,2009-03-08 19:00:00,2009-03-14 04:30:00,275.5229,2009-03-11 11:15:00,64.2500
04182000,40.987778,-85.111944,2009-04-06 12:15:00,2009-04-08 12:45:00,168.2021,2009-04-07 09:45:00,21.5000
04182000,40.987778,-85.111944,2010-05-22 07:00:00,2010-05-23 03:15:00,168.2021,2010-05-22 13:00:00,6.0000
04182000,40.987778,-85.111944,2011-02-19 05:00:00,2011-02-21 12:45:00,165.9367,2011-02-20 04:00:00,23.0000
04182000,40.987778,-85.111944,2011-02-28 18:15:00,2011-03-11 10:00:00,257.6833,2011-03-04 00:30:00,78.2500
04182000,40.987778,-85.111944,2011-04-28 16:30:00,2011-05-01 19:30:00,205.0140,2011-04-30 06:30:00,38.0000
04182000,40.987778,-85.111944,2011-05-25 19:15:00,2011-05-31 19:45:00,216.3407,2011-05-27 01:00:00,29.7500
04182000,40.987778,-85.111944,2011-11-29 14:00:00,2011-12-04 13:30:00,223.1368,2011-12-01 04:30:00,38.5000
04182000,40.987778,-85.111944,2011-12-06 00:30:00,2011-12-08 02:00:00,163.9545,2011-12-07 01:30:00,25.0000
04182000,40.987778,-85.111944,2013-01-13 11:30:00,2013-01-18 16:15:00,271.5586,2013-01-15 20:45:00,57.2500
04182000,40.987778,-85.111944,2013-04-11 19:00:00,2013-04-16 12:30:00,200.2001,2013-04-13 03:45:00,32.7500
04182000,40.987778,-85.111944,2013-04-19 04:30:00,2013-04-20 09:30:00,193.4041,2013-04-19 14:00:00,9.5000
04182000,40.987778,-85.111944,2014-02-22 12:45:00,2014-02-28 14:15:00,222.0041,2014-02-26 08:45:00,92.0000
04182000,40.987778,-85.111944,2014-04-04 03:30:00,2014-04-09 16:00:00,182.3605,2014-04-05 20:30:00,41.0000
04182000,40.987778,-85.111944,2015-03-11 19:30:00,2015-03-12 09:00:00,171.8833,2015-03-12 04:30:00,9.0000
04182000,40.987778,-85.111944,2015-06-14 09:00:00,2015-06-24 02:30:00,370.9507,2015-06-19 06:15:00,117.2500
04182000,40.987778,-85.111944,2015-06-27 11:30:00,2015-07-03 03:15:00,242.9585,2015-06-29 04:15:00,40.7500
04182000,40.987778,-85.111944,2015-07-10 14:00:00,2015-07-12 18:15:00,178.9625,2015-07-11 14:45:00,24.7500
04182000,40.987778,-85.111944,2015-07-14 04:30:00,2015-07-16 16:30:00,184.9090,2015-07-14 19:15:00,14.7500
04182000,40.987778,-85.111944,2015-07-19 04:15:00,2015-07-21 16:00:00,207.2793,2015-07-19 22:45:00,18.5000
04182000,40.987778,-85.111944,2015-12-28 19:15:00,2016-01-02 09:00:00,202.4655,2015-12-29 22:15:00,27.0000
04182950,41.079722,-85.087500,2004-11-28 16:00:00,2004-11-29 11:00:00,195.3862,2004-11-29 01:30:00,9.5000
04182950,41.079722,-85.087500,2004-12-07 23:00:00,2004-12-10 03:00:00,258.2496,2004-12-08 21:30:00,22.5000
04182950,41.079722,-85.087500,2004-12-12 02:00:00,2004-12-12 08:30:00,178.1130,2004-12-12 04:30:00,2.5000
04182950,41.079722,-85.087500,2005-02-08 17:00:00,2005-02-11 20:30:00,270.1427,2005-02-09 07:00:00,14.0000
04182950,41.079722,-85.087500,2005-02-13 12:30:00,2005-02-23 13:00:00,379.4457,2005-02-16 09:30:00,69.0000
04182950,41.079722,-85.087500,2005-12-28 08:00:00,2006-01-05 08:00:00,276.9388,2005-12-30 03:30:00,43.5000
04182950,41.079722,-85.087500,2006-01-18 19:30:00,2006-01-19 00:00:00,177.2635,2006-01-18 21:00:00,1.5000
04182950,41.079722,-85.087500,2006-01-30 11:30:00,2006-01-30 22:30:00,184.6258,2006-01-30 16:00:00,4.5000
04182950,41.079722,-85.087500,2006-02-17 14:00:00,2006-02-19 07:30:00,237.0120,2006-02-18 00:00:00,10.0000
04182950,41.079722,-85.087500,2006-03-13 09:30:00,2006-03-17 05:00:00,250.8873,2006-03-15 04:00:00,42.5000
04182950,41.079722,-85.087500,2006-05-15 09:30:00,2006-05-19 19:30:00,257.4001,2006-05-16 13:00:00,27.5000
04182950,41.079722,-85.087500,2006-11-17 09:30:00,2006-11-18 10:00:00,220.3051,2006-11-17 16:30:00,7.0000
04182950,41.079722,-85.087500,2006-12-01 12:30:00,2006-12-08 10:00:00,382.2774,2006-12-02 03:30:00,15.0000
04182950,41.079722,-85.087500,2006-12-23 02:30:00,2006-12-24 05:00:00,207.5625,2006-12-23 13:00:00,10.5000
04182950,41.079722,-85.087500,2006-12-26 15:00:00,2006-12-28 11:30:00,238.9942,2006-12-27 06:00:00,15.0000
04182950,41.079722,-85.087500,2007-03-02 09:00:00,2007-03-08 09:00:00,263.6298,2007-03-03 06:00:00,21.0000
04182950,41.079722,-85.087500,2007-03-15 10:30:00,2007-03-21 00:00:00,270.7091,2007-03-16 15:30:00,29.0000
04182950,41.079722,-85.087500,2007-03-24 00:30:00,2007-03-27 23:30:00,252.3031,2007-03-25 02:00:00,25.5000
04182950,41.079722,-85.087500,2007-04-12 12:00:00,2007-04-13 18:30:00,214.6417,2007-04-12 22:00:00,10.0000
04182950,41.079722,-85.087500,2007-04-26 13:00:00,2007-04-30 04:30:00,345.4655,2007-04-28 03:30:00,38.5000
04182950,41.079722,-85.087500,2007-05-02 05:00:00,2007-05-02 22:00:00,231.3486,2007-05-02 07:00:00,2.0000
04182950,41.079722,-85.087500,2007-08-20 21:00:00,2007-08-22 04:45:00,368.1190,2007-08-21 22:00:00,25.0000
04182950,41.079722,-85.087500,2007-11-22 20:00:00,2007-11-23 11:45:00,193.6872,2007-11-23 01:30:00,5.5000
04182950,41.079722,-85.087500,2007-12-12 05:00:00,2007-12-17 21:15:00,342.6338,2007-12-13 14:30:00,33.5000
04182950,41.079722,-85.087500,2007-12-23 11:30:00,2007-12-25 23:15:00,319.9804,2007-12-24 03:00:00,15.5000
04182950,41.079722,-85.087500,2008-01-08 09:00:00,2008-01-16 03:45:00,424.7527,2008-01-10 12:00:00,51.0000
04182950,41.079722,-85.087500,2008-02-05 12:30:00,2008-02-14 04:45:00,591.8221,2008-02-08 05:30:00,65.0000
04182950,41.079722,-85.087500,2008-02-18 04:00:00,2008-02-20 04:00:00,271.5586,2008-02-19 00:00:00,20.0000
04182950,41.079722,-85.087500,2008-03-03 22:00:00,2008-03-09 03:45:00,282.8853,2008-03-04 15:30:00,17.5000
04182950,41.079722,-85.087500,2008-03-13 10:45:00,2008-03-16 16:45:00,191.9882,2008-03-14 01:15:00,14.5000
04182950,41.079722,-85.087500,2008-03-19 08:45:00,2008-03-25 07:45:00,302.9903,2008-03-20 15:45:00,31.0000
04182950,41.079722,-85.087500,2008-03-28 07:45:00,2008-03-30 21:30:00,283.1685,2008-03-29 03:45:00,20.0000
04182950,41.079722,-85.087500,2008-04-01 05:15:00,2008-04-06 06:00:00,276.0893,2008-04-02 10:45:00,29.5000
04182950,41.079722,-85.087500,2008-04-12 00:15:00,2008-04-13 09:15:00,213.7922,2008-04-12 06:45:00,6.5000
04182950,41.079722,-85.087500,2008-12-28 02:15:00,2009-01-01 22:45:00,365.2873,2008-12-29 03:00:00,24.7500
04182950,41.079722,-85.087500,2009-02-11 08:00:00,2009-02-18 13:30:00,481.3864,2009-02-12 19:00:00,35.0000
04182950,41.079722,-85.087500,2009-03-08 15:00:00,2009-03-17 19:15:00,617.3073,2009-03-13 02:15:00,107.2500
04182950,41.079722,-85.087500,2009-04-06 02:45:00,2009-04-11 21:45:00,404.9309,2009-04-07 10:30:00,31.7500
04182950,41.079722,-85.087500,2009-04-14 18:30:00,2009-04-16 23:00:00,245.5071,2009-04-15 14:00:00,19.5000
04182950,41.079722,-85.087500,2009-04-20 11:15:00,2009-04-22 06:00:00,238.1447,2009-04-21 01:45:00,14.5000
04182950,41.079722,-85.087500,2009-12-26 09:00:00,2009-12-27 17:45:00,209.5447,2009-12-26 21:30:00,12.5000
04182950,41.079722,-85.087500,2010-01-25 12:30:00,2010-01-26 15:45:00,200.2001,2010-01-26 00:45:00,12.2500
04182950,41.079722,-85.087500,2010-03-13 20:30:00,2010-03-18 16:45:00,283.1685,2010-03-14 21:00:00,23.5000
04182950,41.079722,-85.087500,2010-04-08 17:15:00,2010-04-09 14:30:00,216.3407,2010-04-09 00:45:00,7.5000
04182950,41.079722,-85.087500,2010-04-26 11:45:00,2010-04-28 01:15:00,244.0912,2010-04-27 06:45:00,19.0000
04182950,41.079722,-85.087500,2010-05-14 10:45:00,2010-05-15 12:00:00,203.0318,2010-05-14 16:45:00,6.0000
04182950,41.079722,-85.087500,2010-05-18 20:45:00,2010-05-19 19:45:00,183.4932,2010-05-19 01:00:00,4.2500
04182950,41.079722,-85.087500,2010-05-22 00:00:00,2010-05-22 04:45:00,308.6536,2010-05-22 04:45:00,4.7500
04182950,41.079722,-85.087500,2010-06-02 02:30:00,2010-06-02 19:00:00,186.3249,2010-06-02 09:00:00,6.5000
04182950,41.079722,-85.087500,2011-02-18 08:15:00,2011-02-23 09:45:00,260.2318,2011-02-19 12:15:00,28.0000
04182950,41.079722,-85.087500,2011-02-28 13:15:00,2011-03-13 16:00:00,438.9111,2011-03-06 10:30:00,141.2500
04182950,41.079722,-85.087500,2011-04-20 10:30:00,2011-04-24 04:45:00,297.3269,2011-04-24 02:30:00,88.0000
04182950,41.079722,-85.087500,2011-04-25 05:00:00,2011-05-04 20:45:00,413.4260,2011-04-29 23:45:00,114.7500
04182950,41.079722,-85.087500,2011-05-16 03:00:00,2011-05-17 18:30:00,215.4912,2011-05-16 10:30:00,7.5000
04182950,41.079722,-85.087500,2011-05-24 12:30:00,2011-06-03 08:30:00,518.1983,2011-05-27 03:15:00,62.7500
04182950,41.079722,-85.087500,2011-10-21 04:00:00,2011-10-22 08:45:00,193.9704,2011-10-21 10:15:00,6.2500
04182950,41.079722,-85.087500,2011-11-23 13:00:00,2011-11-25 17:30:00,248.6219,2011-11-24 02:45:00,13.7500
04182950,41.079722,-85.087500,2011-11-28 05:45:00,2011-12-11 23:30:00,549.3468,2011-12-01 14:15:00,80.5000
04182950,41.079722,-85.087500,2011-12-15 09:00:00,2011-12-18 19:15:00,334.1388,2011-12-16 13:45:00,28.7500
04182950,41.079722,-85.087500,2011-12-21 17:45:00,2011-12-24 00:00:00,212.6595,2011-12-22 12:00:00,18.2500
04182950,41.079722,-85.087500,2012-01-17 21:30:00,2012-01-20 08:45:00,288.8318,2012-01-18 17:45:00,20.2500
04182950,41.079722,-85.087500,2012-01-23 22:45:00,2012-01-25 15:00:00,237.8615,2012-01-24 15:15:00,16.5000
04182950,41.079722,-85.087500,2012-01-27 13:00:00,2012-01-29 22:45:00,218.8892,2012-01-28 15:15:00,26.2500
04182950,41.079722,-85.087500,2012-03-03 09:15:00,2012-03-04 22:45:00,208.1288,2012-03-03 21:00:00,11.7500
04182950,41.079722,-85.087500,2013-01-13 09:45:00,2013-01-18 23:15:00,317.1487,2013-01-16 01:00:00,63.2500
04182950,41.079722,-85.087500,2013-03-11 04:15:00,2013-03-14 18:15:00,294.4952,2013-03-12 07:00:00,26.7500
04182950,41.079722,-85.087500,2013-04-11 19:00:00,2013-04-30 06:15:00,506.8716,2013-04-19 20:15:00,193.2500
04182950,41.079722,-85.087500,2013-06-01 06:00:00,2013-06-02 11:45:00,331.3071,2013-06-01 16:30:00,10.5000
04182950,41.079722,-85.087500,2013-12-22 06:15:00,2013-12-27 16:00:00,286.0002,2013-12-23 00:45:00,18.5000
04182950,41.079722,-85.087500,2014-02-21 21:15:00,2014-02-28 18:00:00,265.6120,2014-02-24 00:00:00,50.7500
04182950,41.079722,-85.087500,2014-03-11 21:15:00,2014-03-24 02:30:00,336.9705,2014-03-16 21:30:00,120.2500
04182950,41.079722,-85.087500,2014-04-03 19:00:00,2014-04-11 17:00:00,416.2576,2014-04-05 06:15:00,35.2500
04182950,41.079722,-85.087500,2014-05-15 07:00:00,2014-05-17 16:30:00,322.8121,2014-05-16 00:45:00,17.7500
04182950,41.079722,-85.087500,2014-08-23 05:15:00,2014-08-23 08:45:00,178.1130,2014-08-23 06:45:00,1.5000
04182950,41.079722,-85.087500,2014-09-11 11:45:00,2014-09-11 19:30:00,180.6615,2014-09-11 15:15:00,3.5000
04182950,41.079722,-85.087500,2014-11-24 12:45:00,2014-11-26 09:15:00,259.3823,2014-11-25 02:00:00,13.2500
04182950,41.079722,-85.087500,2015-03-11 17:30:00,2015-03-18 08:45:00,271.2754,2015-03-13 12:00:00,42.5000
04182950,41.079722,-85.087500,2015-05-31 21:45:00,2015-06-02 11:00:00,199.0674,2015-06-01 12:30:00,14.7500
04182950,41.079722,-85.087500,2015-06-14 05:15:00,2015-06-24 15:15:00,470.0597,2015-06-19 22:30:00,137.2500
04182950,41.079722,-85.087500,2015-06-27 09:15:00,2015-07-05 08:45:00,526.6933,2015-06-28 09:15:00,24.0000
04182950,41.079722,-85.087500,2015-07-09 13:45:00,2015-07-22 08:15:00,351.1289,2015-07-14 23:00:00,129.2500
04182950,41.079722,-85.087500,2015-12-27 16:00:00,2016-01-03 16:00:00,382.2774,2015-12-30 01:30:00,57.5000
04182950,41.079722,-85.087500,2016-03-14 13:45:00,2016-03-16 13:30:00,199.6338,2016-03-15 11:00:00,21.2500
04182950,41.079722,-85.087500,2016-04-01 01:30:00,2016-04-02 07:45:00,223.1368,2016-04-01 09:45:00,8.2500
04183000,41.085000,-85.022222,1987-12-15 21:00:00,1987-12-18 07:00:00,250.6041,1987-12-16 15:00:00,18.0000
04183000,41.085000,-85.022222,1987-12-20 21:00:00,1987-12-22 20:00:00,234.1803,1987-12-21 21:00:00,24.0000
04183000,41.085000,-85.022222,1988-02-23 16:00:00,1988-02-24 15:00:00,209.2615,1988-02-24 05:00:00,13.0000
04183000,41.085000,-85.022222,1988-03-25 09:00:00,1988-03-27 10:00:00,239.2774,1988-03-26 08:00:00,23.0000
04183000,41.085000,-85.022222,1988-04-04 06:00:00,1988-04-05 04:00:00,199.9169,1988-04-04 21:00:00,15.0000
04183000,41.085000,-85.022222,1988-04-07 00:00:00,1988-04-11 06:00:00,342.6338,1988-04-08 01:00:00,25.0000
04183000,41.085000,-85.022222,1989-01-08 06:00:00,1989-01-11 00:00:00,280.6199,1989-01-09 11:00:00,29.0000
04183000,41.085000,-85.022222,1989-04-03 21:00:00,1989-04-09 12:00:00,240.4100,1989-04-05 05:00:00,32.0000
04183000,41.085000,-85.022222,1989-05-26 17:00:00,1989-05-29 16:00:00,240.4100,1989-05-27 16:00:00,23.0000
04183000,41.085000,-85.022222,1989-06-01 18:00:00,1989-06-09 16:00:00,484.2181,1989-06-05 17:00:00,95.0000
04183000,41.085000,-85.022222,1990-01-19 01:00:00,1990-01-19 09:00:00,183.2100,1990-01-19 04:00:00,3.0000
04183000,41.085000,-85.022222,1990-02-03 00:00:00,1990-02-07 07:00:00,221.7209,1990-02-05 00:00:00,48.0000
04183000,41.085000,-85.022222,1990-02-16 06:00:00,1990-02-21 01:00:00,236.4457,1990-02-17 16:00:00,34.0000
04183000,41.085000,-85.022222,1990-02-22 13:00:00,1990-03-02 08:00:00,472.8913,1990-02-24 01:00:00,36.0000
04183000,41.085000,-85.022222,1990-03-12 02:00:00,1990-03-12 14:00:00,189.4397,1990-03-12 04:00:00,2.0000
04183000,41.085000,-85.022222,1990-04-12 05:00:00,1990-04-12 06:00:00,179.5288,1990-04-12 06:00:00,1.0000
04183000,41.085000,-85.022222,1990-05-16 14:00:00,1990-05-22 19:00:00,353.9606,1990-05-18 17:00:00,51.0000
04183000,41.085000,-85.022222,1990-07-22 17:00:00,1990-07-24 11:00:00,233.3308,1990-07-23 06:00:00,13.0000
04183000,41.085000,-85.022222,1990-10-10 13:00:00,1990-10-14 00:00:00,297.3269,1990-10-11 20:00:00,31.0000
04183000,41.085000,-85.022222,1990-12-03 21:00:00,1990-12-05 23:00:00,246.3566,1990-12-04 22:00:00,25.0000
04183000,41.085000,-85.022222,1990-12-21 23:00:00,1990-12-23 04:00:00,249.4714,1990-12-22 23:00:00,24.0000
04183000,41.085000,-85.022222,1990-12-29 17:00:00,1990-12-30 04:00:00,362.4556,1990-12-30 04:00:00,11.0000
04183000,41.085000,-85.022222,1991-01-16 22:00:00,1991-01-18 18:00:00,226.5348,1991-01-17 15:00:00,17.0000
04183000,41.085000,-85.022222,1991-02-20 07:00:00,1991-02-21 10:00:00,212.3763,1991-02-20 18:00:00,11.0000
04183000,41.085000,-85.022222,1991-04-15 17:00:00,1991-04-16 12:00:00,203.3150,1991-04-16 05:00:00,12.0000
04183000,41.085000,-85.022222,1991-04-19 23:00:00,1991-04-26 04:00:00,322.8121,1991-04-21 08:00:00,33.0000
04183000,41.085000,-85.022222,1991-05-31 09:00:00,1991-06-04 11:00:00,427.5844,1991-05-31 23:00:00,14.0000
04183000,41.085000,-85.022222,1991-10-27 06:00:00,1991-10-28 19:00:00,274.6734,1991-10-27 22:00:00,16.0000
04183000,41.085000,-85.022222,1991-11-21 10:00:00,1991-11-22 19:00:00,210.9605,1991-11-22 00:00:00,14.0000
04183000,41.085000,-85.022222,1992-04-17 22:00:00,1992-04-23 10:00:00,252.8694,1992-04-19 13:00:00,39.0000
04183000,41.085000,-85.022222,1992-07-15 01:00:00,1992-07-23 09:00:00,342.6338,1992-07-19 11:00:00,106.0000
04183000,41.085000,-85.022222,1992-09-09 11:00:00,1992-09-09 23:00:00,206.7130,1992-09-09 16:00:00,5.0000
04183000,41.085000,-85.022222,1992-09-12 06:00:00,1992-09-12 07:00:00,179.8120,1992-09-12 07:00:00,1.0000
04183000,41.085000,-85.022222,1992-09-22 08:00:00,1992-09-24 00:00:00,211.8100,1992-09-23 07:00:00,23.0000
04183000,41.085000,-85.022222,1992-11-02 17:00:00,1992-11-05 07:00:00,267.0279,1992-11-04 02:00:00,33.0000
04183000,41.085000,-85.022222,1992-11-13 05:00:00,1992-11-18 20:00:00,387.9408,1992-11-13 16:00:00,11.0000
04183000,41.085000,-85.022222,1992-11-23 01:00:00,1992-11-27 17:00:00,351.1289,1992-11-23 16:00:00,15.0000
04183000,41.085000,-85.022222,1992-12-31 08:00:00,1993-01-11 15:00:00,557.8419,1993-01-06 06:00:00,142.0000
04183000,41.085000,-85.022222,1993-01-22 06:00:00,1993-01-26 05:00:00,238.9942,1993-01-23 00:00:00,18.0000
04183000,41.085000,-85.022222,1993-03-08 08:00:00,1993-03-14 03:00:00,294.4952,1993-03-10 01:00:00,41.0000
04183000,41.085000,-85.022222,1993-03-23 10:00:00,1993-03-28 19:00:00,328.4754,1993-03-24 16:00:00,30.0000
04183000,41.085000,-85.022222,1993-04-01 13:00:00,1993-04-04 10:00:00,288.8318,1993-04-02 14:00:00,25.0000
04183000,41.085000,-85.022222,1993-04-25 15:00:00,1993-04-27 15:00:00,302.9903,1993-04-26 13:00:00,22.0000
04183000,41.085000,-85.022222,1993-06-08 23:00:00,1993-06-10 13:00:00,230.2160,1993-06-09 22:00:00,23.0000
04183000,41.085000,-85.022222,1993-07-03 09:00:00,1993-07-08 19:00:00,212.9427,1993-07-06 19:00:00,82.0000
04183000,41.085000,-85.022222,1994-01-28 13:00:00,1994-02-01 04:00:00,325.6437,1994-01-29 07:00:00,18.0000
04183000,41.085000,-85.022222,1994-02-20 14:00:00,1994-02-22 20:00:00,225.1189,1994-02-22 03:00:00,37.0000
04183000,41.085000,-85.022222,1994-03-07 17:00:00,1994-03-08 21:00:00,230.2160,1994-03-07 23:00:00,6.0000
04183000,41.085000,-85.022222,1994-04-10 11:00:00,1994-04-18 07:00:00,453.0695,1994-04-14 02:00:00,87.0000
04183000,41.085000,-85.022222,1995-01-21 05:00:00,1995-01-22 07:00:00,194.5367,1995-01-21 16:00:00,11.0000
04183000,41.085000,-85.022222,1995-03-08 02:00:00,1995-03-10 12:00:00,259.6655,1995-03-08 16:00:00,14.0000
04183000,41.085000,-85.022222,1995-04-10 07:00:00,1995-04-16 00:00:00,390.7725,1995-04-11 10:00:00,27.0000
04183000,41.085000,-85.022222,1995-06-27 08:00:00,1995-07-01 13:00:00,270.9922,1995-06-30 03:00:00,67.0000
04183000,41.085000,-85.022222,1996-01-19 03:00:00,1996-01-20 04:00:00,272.6912,1996-01-19 19:00:00,16.0000
04183000,41.085000,-85.022222,1996-02-28 16:00:00,1996-02-29 18:00:00,190.5724,1996-02-29 03:00:00,11.0000
04183000,41.085000,-85.022222,1996-04-23 14:00:00,1996-04-27 02:00:00,232.1981,1996-04-24 10:00:00,20.0000
04183000,41.085000,-85.022222,1996-05-10 19:00:00,1996-05-14 02:00:00,244.0912,1996-05-11 15:00:00,20.0000
04183000,41.085000,-85.022222,1996-05-16 23:00:00,1996-05-23 04:00:00,407.7626,1996-05-20 04:00:00,77.0000
04183000,41.085000,-85.022222,1996-05-28 02:00:00,1996-06-02 03:00:00,314.3170,1996-05-29 17:00:00,39.0000
04183000,41.085000,-85.022222,1996-06-10 05:00:00,1996-06-14 03:00:00,317.1487,1996-06-12 02:00:00,45.0000
04183000,41.085000,-85.022222,1996-06-19 09:00:00,1996-06-19 23:00:00,201.8991,1996-06-19 13:00:00,4.0000
04183000,41.085000,-85.022222,1996-07-19 07:00:00,1996-07-20 16:00:00,198.2179,1996-07-19 18:00:00,11.0000
04183000,41.085000,-85.022222,1996-11-08 12:00:00,1996-11-09 15:00:00,209.8278,1996-11-09 03:00:00,15.0000
04183000,41.085000,-85.022222,1996-12-01 18:00:00,1996-12-02 18:00:00,193.9704,1996-12-02 06:00:00,12.0000
04183000,41.085000,-85.022222,1996-12-12 04:00:00,1996-12-15 11:00:00,283.1685,1996-12-13 07:00:00,27.0000
04183000,41.085000,-85.022222,1996-12-24 05:00:00,1996-12-26 04:00:00,322.8121,1996-12-24 20:00:00,15.0000
04183000,41.085000,-85.022222,1997-01-06 12:00:00,1997-01-06 14:00:00,179.2456,1997-01-06 13:00:00,1.0000
04183000,41.085000,-85.022222,1997-02-05 13:00:00,1997-02-06 21:00:00,205.2971,1997-02-06 02:00:00,13.0000
04183000,41.085000,-85.022222,1997-02-21 04:00:00,1997-03-06 17:00:00,487.0498,1997-02-28 05:00:00,169.0000
04183000,41.085000,-85.022222,1997-03-14 10:00:00,1997-03-19 06:00:00,402.0992,1997-03-15 08:00:00,22.0000
04183000,41.085000,-85.022222,1997-05-25 13:00:00,1997-05-27 11:00:00,342.6338,1997-05-25 23:00:00,10.0000
04183000,41.085000,-85.022222,1997-06-01 22:00:00,1997-06-07 19:00:00,342.6338,1997-06-03 00:00:00,26.0000
04183000,41.085000,-85.022222,1997-07-22 16:00:00,1997-07-23 02:00:00,216.9070,1997-07-22 21:00:00,5.0000
04183000,41.085000,-85.022222,1997-08-17 17:00:00,1997-08-18 17:00:00,214.6417,1997-08-17 22:00:00,5.0000
04183000,41.085000,-85.022222,1997-09-10 08:00:00,1997-09-10 22:00:00,236.1625,1997-09-10 13:00:00,5.0000
04183000,41.085000,-85.022222,1997-09-20 07:00:00,1997-09-21 09:00:00,220.0219,1997-09-20 12:00:00,5.0000
04183000,41.085000,-85.022222,1998-01-04 15:00:00,1998-01-14 17:00:00,407.7626,1998-01-09 11:00:00,116.0000
04183000,41.085000,-85.022222,1998-02-18 12:00:00,1998-02-23 20:00:00,280.9031,1998-02-19 14:00:00,26.0000
04183000,41.085000,-85.022222,1998-03-09 13:00:00,1998-03-13 18:00:00,345.4655,1998-03-10 05:00:00,16.0000
04183000,41.085000,-85.022222,1998-03-19 11:00:00,1998-03-25 19:00:00,317.1487,1998-03-22 03:00:00,64.0000
04183000,41.085000,-85.022222,1998-03-29 07:00:00,1998-03-30 14:00:00,214.9249,1998-03-29 18:00:00,11.0000
04183000,41.085000,-85.022222,1998-04-09 16:00:00,1998-04-15 05:00:00,453.0695,1998-04-10 19:00:00,27.0000
04183000,41.085000,-85.022222,1998-04-16 12:00:00,1998-04-17 23:00:00,248.6219,1998-04-17 03:00:00,15.0000
04183000,41.085000,-85.022222,1998-06-13 04:00:00,1998-06-14 01:00:00,209.5447,1998-06-13 08:00:00,4.0000
04183000,41.085000,-85.022222,1998-07-22 09:00:00,1998-07-22 14:00:00,193.6872,1998-07-22 10:00:00,1.0000
04183000,41.085000,-85.022222,1998-08-06 01:00:00,1998-08-08 07:00:00,286.0002,1998-08-07 04:00:00,27.0000
04183000,41.085000,-85.022222,1999-01-22 16:00:00,1999-01-31 04:00:00,546.5151,1999-01-25 18:00:00,74.0000
04183000,41.085000,-85.022222,1999-02-28 15:00:00,1999-03-05 15:00:00,263.6298,1999-03-04 05:00:00,86.0000
04183000,41.085000,-85.022222,1999-03-18 05:00:00,1999-03-19 23:00:00,233.3308,1999-03-18 20:00:00,15.0000
04183000,41.085000,-85.022222,1999-04-09 21:00:00,1999-04-10 04:00:00,189.1565,1999-04-10 00:00:00,3.0000
04183000,41.085000,-85.022222,1999-04-12 02:00:00,1999-04-12 20:00:00,193.4041,1999-04-12 08:00:00,6.0000
04183000,41.085000,-85.022222,1999-04-16 07:00:00,1999-04-20 02:00:00,302.9903,1999-04-17 11:00:00,28.0000
04183000,41.085000,-85.022222,1999-04-23 06:00:00,1999-04-26 23:00:00,336.9705,1999-04-23 22:00:00,16.0000
04183000,41.085000,-85.022222,1999-04-29 04:00:00,1999-04-29 22:00:00,189.4397,1999-04-29 12:00:00,8.0000
04183000,41.085000,-85.022222,1999-05-31 17:00:00,1999-06-01 17:00:00,193.6872,1999-05-31 20:00:00,3.0000
04183000,41.085000,-85.022222,2001-01-31 12:00:00,2001-02-02 06:00:00,209.5447,2001-02-01 04:00:00,16.0000
04183000,41.085000,-85.022222,2001-02-09 17:00:00,2001-02-18 02:00:00,376.6141,2001-02-10 21:00:00,28.0000
04183000,41.085000,-85.022222,2001-02-25 23:00:00,2001-02-27 09:00:00,222.0041,2001-02-26 17:00:00,18.0000
04183000,41.085000,-85.022222,2001-05-19 14:00:00,2001-05-20 00:00:00,196.5189,2001-05-19 22:00:00,8.0000
04183000,41.085000,-85.022222,2001-06-06 17:00:00,2001-06-08 03:00:00,222.0041,2001-06-07 14:00:00,21.0000
04183000,41.085000,-85.022222,2001-10-12 10:00:00,2001-10-20 22:00:00,365.2873,2001-10-17 06:00:00,116.0000
04183000,41.085000,-85.022222,2001-10-22 12:00:00,2001-10-28 01:00:00,272.4081,2001-10-26 08:00:00,92.0000
04183000,41.085000,-85.022222,2001-11-30 13:00:00,2001-12-02 22:00:00,276.3724,2001-12-01 09:00:00,20.0000
04183000,41.085000,-85.022222,2001-12-15 12:00:00,2001-12-22 12:00:00,319.9804,2001-12-18 12:00:00,72.0000
04183000,41.085000,-85.022222,2002-01-31 14:00:00,2002-02-07 13:00:00,393.6042,2002-02-02 00:00:00,34.0000
04183000,41.085000,-85.022222,2002-03-03 23:00:00,2002-03-04 18:00:00,222.2872,2002-03-04 07:00:00,8.0000
04183000,41.085000,-85.022222,2002-03-30 12:00:00,2002-04-06 01:00:00,328.4754,2002-04-01 04:00:00,40.0000
04183000,41.085000,-85.022222,2002-04-09 08:00:00,2002-04-11 10:00:00,242.1090,2002-04-10 05:00:00,21.0000
04183000,41.085000,-85.022222,2002-04-13 04:00:00,2002-04-15 07:00:00,236.7288,2002-04-13 12:00:00,8.0000
04183000,41.085000,-85.022222,2002-05-12 15:00:00,2002-05-19 22:00:00,280.3368,2002-05-17 16:00:00,121.0000
04183000,41.085000,-85.022222,2002-06-27 05:00:00,2002-06-27 17:00:00,282.8853,2002-06-27 09:00:00,4.0000
04183000,41.085000,-85.022222,2003-03-13 17:00:00,2003-03-19 06:00:00,259.6655,2003-03-16 04:00:00,59.0000
04183000,41.085000,-85.022222,2003-04-05 09:00:00,2003-04-09 10:00:00,286.0002,2003-04-06 07:00:00,21.0000
04183000,41.085000,-85.022222,2003-05-05 13:00:00,2003-05-17 12:00:00,438.9111,2003-05-10 18:00:00,125.0000
04183000,41.085000,-85.022222,2003-06-19 18:00:00,2003-06-20 03:00:00,181.7942,2003-06-19 20:00:00,2.0000
04183000,41.085000,-85.022222,2003-07-06 02:00:00,2003-07-15 18:00:00,549.3468,2003-07-10 13:00:00,107.0000
04183000,41.085000,-85.022222,2003-07-21 12:00:00,2003-07-22 03:00:00,264.4793,2003-07-21 17:00:00,5.0000
04183000,41.085000,-85.022222,2003-08-02 06:00:00,2003-08-08 23:00:00,294.4952,2003-08-06 10:00:00,100.0000
04183000,41.085000,-85.022222,2003-09-02 01:00:00,2003-09-05 19:00:00,283.1685,2003-09-03 01:00:00,24.0000
04183000,41.085000,-85.022222,2003-09-27 09:00:00,2003-09-30 16:00:00,253.4358,2003-09-28 11:00:00,26.0000
04183000,41.085000,-85.022222,2003-12-11 03:00:00,2003-12-12 16:00:00,232.1981,2003-12-11 17:00:00,14.0000
04183000,41.085000,-85.022222,2003-12-24 01:00:00,2003-12-26 17:00:00,258.2496,2003-12-25 04:00:00,27.0000
04183000,41.085000,-85.022222,2004-03-02 14:00:00,2004-03-03 13:00:00,192.5546,2004-03-02 23:00:00,9.0000
04183000,41.085000,-85.022222,2004-03-05 07:00:00,2004-03-08 08:00:00,286.0002,2004-03-06 09:00:00,26.0000
04183000,41.085000,-85.022222,2004-05-24 14:00:00,2004-05-25 07:00:00,212.6595,2004-05-24 21:00:00,7.0000
04183000,41.085000,-85.022222,2004-05-31 06:00:00,2004-06-02 11:00:00,356.7923,2004-05-31 22:00:00,16.0000
04183000,41.085000,-85.022222,2004-06-12 12:00:00,2004-06-20 12:00:00,538.0201,2004-06-14 11:00:00,47.0000
04183000,41.085000,-85.022222,2004-11-25 16:00:00,2004-11-25 22:00:00,183.4932,2004-11-25 18:00:00,2.0000
04183000,41.085000,-85.022222,2004-11-28 16:00:00,2004-11-29 14:00:00,201.6159,2004-11-29 03:00:00,11.0000
04183000,41.085000,-85.022222,2004-12-02 13:00:00,2004-12-02 15:00:00,178.9625,2004-12-02 14:00:00,1.0000
04183000,41.085000,-85.022222,2004-12-07 22:00:00,2004-12-10 06:00:00,259.6655,2004-12-08 23:00:00,25.0000
04183000,41.085000,-85.022222,2004-12-12 01:00:00,2004-12-12 13:00:00,183.4932,2004-12-12 07:00:00,6.0000
04183000,41.085000,-85.022222,2005-02-08 18:00:00,2005-02-11 21:00:00,263.9130,2005-02-09 10:00:00,16.0000
04183000,41.085000,-85.022222,2005-02-13 16:00:00,2005-02-23 14:00:00,370.9507,2005-02-16 12:00:00,68.0000
04183000,41.085000,-85.022222,2005-12-28 09:00:00,2006-01-05 13:00:00,277.5051,2005-12-30 06:00:00,45.0000
04183000,41.085000,-85.022222,2006-01-18 18:00:00,2006-01-19 06:00:00,183.4932,2006-01-18 22:00:00,4.0000
04183000,41.085000,-85.022222,2006-01-30 15:00:00,2006-01-30 21:00:00,181.2278,2006-01-30 18:00:00,3.0000
04183000,41.085000,-85.022222,2006-02-05 20:00:00,2006-02-06 06:00:00,180.9446,2006-02-06 02:00:00,6.0000
04183000,41.085000,-85.022222,2006-02-17 14:00:00,2006-02-19 11:00:00,241.8259,2006-02-18 06:00:00,16.0000
04183000,41.085000,-85.022222,2006-03-13 08:00:00,2006-03-17 13:00:00,244.0912,2006-03-15 05:00:00,45.0000
04183000,41.085000,-85.022222,2006-04-17 17:00:00,2006-04-18 04:00:00,186.6080,2006-04-17 22:00:00,5.0000
04183000,41.085000,-85.022222,2006-05-13 19:00:00,2006-05-20 01:00:00,259.6655,2006-05-16 14:00:00,67.0000
04183000,41.085000,-85.022222,2006-11-17 10:00:00,2006-11-18 13:00:00,221.7209,2006-11-17 18:00:00,8.0000
04183000,41.085000,-85.022222,2006-12-01 13:00:00,2006-12-08 10:00:00,348.2972,2006-12-02 08:00:00,19.0000
04183000,41.085000,-85.022222,2006-12-23 05:00:00,2006-12-24 04:00:00,199.3506,2006-12-23 15:00:00,10.0000
04183000,41.085000,-85.022222,2006-12-26 16:00:00,2006-12-28 11:00:00,228.2338,2006-12-27 07:00:00,15.0000
04183000,41.085000,-85.022222,2007-01-01 01:00:00,2007-01-12 08:00:00,325.6437,2007-01-07 04:00:00,147.0000
04183000,41.085000,-85.022222,2007-01-13 11:00:00,2007-01-21 17:00:00,436.0794,2007-01-16 16:00:00,77.0000
04183000,41.085000,-85.022222,2007-03-02 09:00:00,2007-03-08 12:00:00,264.7625,2007-03-03 08:00:00,23.0000
04183000,41.085000,-85.022222,2007-03-15 11:00:00,2007-03-21 05:00:00,268.7269,2007-03-16 17:00:00,30.0000
04183000,41.085000,-85.022222,2007-03-24 00:00:00,2007-03-29 07:00:00,255.4180,2007-03-25 05:00:00,29.0000
04183000,41.085000,-85.022222,2007-04-12 12:00:00,2007-04-13 22:00:00,223.7031,2007-04-12 23:00:00,11.0000
04183000,41.085000,-85.022222,2007-04-26 14:00:00,2007-04-27 04:45:00,308.6536,2007-04-27 04:15:00,14.2500
04183000,41.085000,-85.022222,2007-08-20 21:00:00,2007-08-26 02:30:00,365.2873,2007-08-22 00:45:00,27.7500
04183000,41.085000,-85.022222,2007-11-22 16:30:00,2007-11-23 18:00:00,205.2971,2007-11-23 02:15:00,9.7500
04183000,41.085000,-85.022222,2007-12-12 05:00:00,2007-12-18 09:30:00,351.1289,2007-12-13 16:30:00,35.5000
04183000,41.085000,-85.022222,2007-12-23 11:00:00,2007-12-26 06:45:00,331.3071,2007-12-24 06:45:00,19.7500
04183000,41.085000,-85.022222,2008-01-08 09:00:00,2008-01-16 08:00:00,447.4062,2008-01-10 17:15:00,56.2500
04183000,41.085000,-85.022222,2008-02-05 11:00:00,2008-02-14 09:15:00,631.4657,2008-02-08 08:30:00,69.5000
04183000,41.085000,-85.022222,2008-02-18 04:00:00,2008-02-20 05:30:00,276.6556,2008-02-19 03:15:00,23.2500
04183000,41.085000,-85.022222,2008-03-03 22:45:00,2008-03-09 04:00:00,291.6635,2008-03-04 16:45:00,18.0000
04183000,41.085000,-85.022222,2008-03-13 09:30:00,2008-03-16 18:15:00,205.5803,2008-03-14 00:30:00,15.0000
04183000,41.085000,-85.022222,2008-03-19 09:00:00,2008-03-25 09:45:00,308.6536,2008-03-20 17:45:00,32.7500
04183000,41.085000,-85.022222,2008-03-28 07:30:00,2008-03-30 23:30:00,291.6635,2008-03-29 04:15:00,20.7500
04183000,41.085000,-85.022222,2008-04-01 04:30:00,2008-04-06 09:30:00,282.8853,2008-04-02 14:45:00,34.2500
04183000,41.085000,-85.022222,2008-04-12 01:15:00,2008-04-13 11:30:00,220.0219,2008-04-12 09:15:00,8.0000
04183000,41.085000,-85.022222,2008-05-31 09:30:00,2008-05-31 18:00:00,208.9783,2008-05-31 13:00:00,3.5000
04183000,41.085000,-85.022222,2008-12-28 02:45:00,2009-01-02 02:30:00,373.7824,2008-12-29 07:45:00,29.0000
04183000,41.085000,-85.022222,2009-02-11 07:45:00,2009-02-18 17:30:00,521.0300,2009-02-12 20:00:00,36.2500
04183000,41.085000,-85.022222,2009-03-08 14:30:00,2009-03-17 21:30:00,654.1192,2009-03-13 05:00:00,110.5000
04183000,41.085000,-85.022222,2009-04-04 05:30:00,2009-04-04 17:15:00,182.0773,2009-04-04 12:45:00,7.2500
04183000,41.085000,-85.022222,2009-04-06 02:45:00,2009-04-10 04:45:00,424.7527,2009-04-07 10:00:00,31.2500
04183000,41.085000,-85.022222,2009-04-14 18:45:00,2009-04-17 02:00:00,255.4180,2009-04-15 18:00:00,23.2500
04183000,41.085000,-85.022222,2009-04-20 09:45:00,2009-04-22 09:45:00,255.4180,2009-04-21 03:15:00,17.5000
04183000,41.085000,-85.022222,2009-08-18 07:30:00,2009-08-18 12:45:00,187.7407,2009-08-18 10:15:00,2.7500
04183000,41.085000,-85.022222,2009-12-26 10:15:00,2009-12-27 18:45:00,218.8892,2009-12-27 00:15:00,14.0000
04183000,41.085000,-85.022222,2010-01-25 13:15:00,2010-01-26 18:15:00,207.8457,2010-01-26 02:00:00,12.7500
04183000,41.085000,-85.022222,2010-03-13 21:00:00,2010-03-18 17:00:00,291.6635,2010-03-14 21:15:00,23.2500
04183000,41.085000,-85.022222,2010-04-08 18:30:00,2010-04-09 16:00:00,223.9863,2010-04-09 03:15:00,8.7500
04183000,41.085000,-85.022222,2010-04-26 12:15:00,2010-04-28 03:15:00,256.8338,2010-04-27 07:30:00,19.2500
04183000,41.085000,-85.022222,2010-05-14 10:45:00,2010-05-15 14:15:00,211.8100,2010-05-14 18:15:00,7.5000
04183000,41.085000,-85.022222,2010-05-18 21:00:00,2010-05-19 21:45:00,189.1565,2010-05-19 03:15:00,6.2500
04183000,41.085000,-85.022222,2010-05-22 00:15:00,2010-05-29 08:30:00,484.2181,2010-05-22 22:15:00,22.0000
04183000,41.085000,-85.022222,2010-06-02 03:30:00,2010-06-02 21:00:00,190.2892,2010-06-02 12:45:00,9.2500
04183000,41.085000,-85.022222,2011-02-18 09:00:00,2011-02-23 12:30:00,268.7269,2011-02-19 13:15:00,28.2500
04183000,41.085000,-85.022222,2011-02-28 12:30:00,2011-03-13 18:30:00,464.3963,2011-03-06 12:15:00,143.7500
04183000,41.085000,-85.022222,2011-05-16 04:00:00,2011-05-17 21:30:00,221.1546,2011-05-16 12:15:00,8.2500
04183000,41.085000,-85.022222,2011-05-24 11:15:00,2011-06-03 11:00:00,572.0003,2011-05-27 03:30:00,64.2500
04183000,41.085000,-85.022222,2011-10-21 06:15:00,2011-10-22 09:30:00,195.3862,2011-10-21 13:15:00,7.0000
04183000,41.085000,-85.022222,2011-11-23 13:45:00,2011-11-25 18:45:00,252.0199,2011-11-24 06:45:00,17.0000
04183000,41.085000,-85.022222,2011-11-28 06:15:00,2011-12-12 02:30:00,583.3270,2011-12-01 14:45:00,80.5000
04183000,41.085000,-85.022222,2011-12-15 08:30:00,2011-12-19 05:45:00,336.9705,2011-12-16 08:45:00,24.2500
04183000,41.085000,-85.022222,2011-12-21 17:00:00,2011-12-24 02:45:00,220.5882,2011-12-22 13:45:00,20.7500
04183000,41.085000,-85.022222,2012-01-17 22:15:00,2012-01-20 11:30:00,294.4952,2012-01-18 21:30:00,23.2500
04183000,41.085000,-85.022222,2012-01-23 22:15:00,2012-01-25 18:15:00,246.6397,2012-01-24 19:30:00,21.2500
04183000,41.085000,-85.022222,2012-01-27 12:15:00,2012-01-30 01:30:00,227.3843,2012-01-28 19:30:00,31.2500
04183000,41.085000,-85.022222,2012-03-03 08:30:00,2012-03-05 01:45:00,216.0575,2012-03-03 23:00:00,14.5000
04183000,41.085000,-85.022222,2013-01-13 09:45:00,2013-01-19 01:00:00,319.9804,2013-01-16 04:45:00,67.0000
04183000,41.085000,-85.022222,2013-02-28 06:00:00,2013-02-28 13:45:00,180.3783,2013-02-28 10:00:00,4.0000
04183000,41.085000,-85.022222,2013-03-11 04:30:00,2013-03-14 19:30:00,302.9903,2013-03-12 10:15:00,29.7500
04183000,41.085000,-85.022222,2013-04-11 19:45:00,2013-04-30 06:30:00,529.5250,2013-04-20 01:30:00,197.7500
04183000,41.085000,-85.022222,2013-06-01 07:00:00,2013-06-02 18:45:00,342.6338,2013-06-01 17:45:00,10.7500
04183000,41.085000,-85.022222,2013-12-22 06:30:00,2013-12-27 22:30:00,297.3269,2013-12-23 03:00:00,20.5000
04183000,41.085000,-85.022222,2014-02-21 19:30:00,2014-02-28 21:30:00,286.0002,2014-02-23 07:30:00,36.0000
04183000,41.085000,-85.022222,2014-03-11 20:45:00,2014-03-16 10:15:00,334.1388,2014-03-16 08:15:00,107.5000
04183000,41.085000,-85.022222,2014-04-03 18:45:00,2014-04-11 19:45:00,438.9111,2014-04-05 11:00:00,40.2500
04183000,41.085000,-85.022222,2014-05-15 07:00:00,2014-05-17 19:30:00,334.1388,2014-05-16 02:00:00,19.0000
04183000,41.085000,-85.022222,2014-08-23 06:45:00,2014-08-23 13:15:00,188.5902,2014-08-23 09:30:00,2.7500
04183000,41.085000,-85.022222,2014-09-11 10:45:00,2014-09-11 22:30:00,190.2892,2014-09-11 15:45:00,5.0000
04183000,41.085000,-85.022222,2014-11-24 13:00:00,2014-11-26 11:30:00,274.6734,2014-11-25 04:15:00,15.2500
04183000,41.085000,-85.022222,2015-03-11 17:15:00,2015-03-18 07:00:00,280.9031,2015-03-13 14:30:00,45.2500
04183000,41.085000,-85.022222,2015-05-31 20:45:00,2015-06-02 13:30:00,210.1110,2015-06-01 15:30:00,18.7500
04183000,41.085000,-85.022222,2015-06-14 05:15:00,2015-06-24 16:45:00,506.8716,2015-06-19 02:15:00,117.0000
04183000,41.085000,-85.022222,2015-06-27 09:00:00,2015-07-05 12:30:00,577.6637,2015-06-28 13:45:00,28.7500
04183000,41.085000,-85.022222,2015-07-09 13:15:00,2015-07-22 10:45:00,356.7923,2015-07-14 23:15:00,130.0000
04183000,41.085000,-85.022222,2015-12-27 15:15:00,2016-01-03 18:45:00,393.6042,2015-12-30 04:45:00,61.5000
04183000,41.085000,-85.022222,2016-03-14 11:30:00,2016-03-17 00:15:00,212.6595,2016-03-15 12:00:00,24.5000
04183000,41.085000,-85.022222,2016-04-01 00:15:00,2016-04-02 14:00:00,237.2952,2016-04-01 14:15:00,14.0000
04183000,41.085000,-85.022222,2016-05-11 08:15:00,2016-05-11 11:00:00,182.0773,2016-05-11 09:45:00,1.5000
04184500,41.659444,-84.249167,2001-02-09 14:30:00,2001-02-17 05:15:00,109.3030,2001-02-10 10:45:00,20.2500
04184500,41.659444,-84.249167,2001-02-25 10:30:00,2001-02-28 12:45:00,45.3070,2001-02-26 02:00:00,15.5000
04184500,41.659444,-84.249167,2001-05-16 10:00:00,2001-05-20 04:30:00,56.3505,2001-05-17 05:00:00,19.0000
04184500,41.659444,-84.249167,2001-10-16 17:45:00,2001-10-19 08:30:00,39.6436,2001-10-17 02:00:00,8.2500
04184500,41.659444,-84.249167,2001-11-30 21:00:00,2001-12-01 07:15:00,22.8517,2001-12-01 01:15:00,4.2500
04184500,41.659444,-84.249167,2001-12-17 17:30:00,2001-12-19 00:00:00,28.6000,2001-12-18 03:15:00,9.7500
04184500,41.659444,-84.249167,2002-01-31 14:30:00,2002-02-02 04:45:00,61.1644,2002-02-01 13:15:00,22.7500
04184500,41.659444,-84.249167,2002-03-03 09:45:00,2002-03-04 16:45:00,30.2990,2002-03-04 00:30:00,14.7500
04184500,41.659444,-84.249167,2002-03-30 17:30:00,2002-03-31 11:00:00,30.8654,2002-03-30 23:30:00,6.0000
04184500,41.659444,-84.249167,2002-04-02 22:30:00,2002-04-04 04:45:00,48.9881,2002-04-03 13:15:00,14.7500
04184500,41.659444,-84.249167,2002-05-12 12:45:00,2002-05-16 22:00:00,118.6476,2002-05-13 04:45:00,16.0000
04184500,41.659444,-84.249167,2003-04-05 14:45:00,2003-04-06 13:15:00,24.6073,2003-04-05 21:00:00,6.2500
04184500,41.659444,-84.249167,2003-05-10 09:00:00,2003-05-11 07:15:00,28.6000,2003-05-10 13:00:00,4.0000
04184500,41.659444,-84.249167,2003-12-24 04:15:00,2003-12-24 18:30:00,22.9366,2003-12-24 09:15:00,5.0000
04184500,41.659444,-84.249167,2004-03-05 16:30:00,2004-03-06 18:15:00,26.2214,2004-03-05 22:30:00,6.0000
04184500,41.659444,-84.249167,2004-05-22 23:45:00,2004-05-25 04:30:00,45.5901,2004-05-24 09:45:00,34.0000
04184500,41.659444,-84.249167,2004-06-12 15:00:00,2004-06-14 14:45:00,31.1485,2004-06-12 20:45:00,5.7500
04184500,41.659444,-84.249167,2004-06-17 11:15:00,2004-06-19 11:30:00,39.3604,2004-06-18 04:00:00,16.7500
04184500,41.659444,-84.249167,2004-12-08 02:30:00,2004-12-08 19:45:00,24.3242,2004-12-08 11:30:00,9.0000
04184500,41.659444,-84.249167,2005-01-04 08:30:00,2005-01-05 01:45:00,24.1260,2005-01-04 15:30:00,7.0000
04184500,41.659444,-84.249167,2005-01-12 22:15:00,2005-01-17 21:45:00,103.3565,2005-01-14 04:15:00,30.0000
04184500,41.659444,-84.249167,2005-02-14 15:45:00,2005-02-19 10:30:00,61.7307,2005-02-16 22:15:00,54.5000
04184500,41.659444,-84.249167,2005-03-07 09:15:00,2005-03-09 12:00:00,35.9624,2005-03-08 08:00:00,22.7500
04184500,41.659444,-84.249167,2005-12-29 11:00:00,2005-12-30 06:00:00,24.8056,2005-12-29 17:45:00,6.7500
04184500,41.659444,-84.249167,2006-01-03 07:30:00,2006-01-05 17:30:00,39.3604,2006-01-04 03:00:00,19.5000
04184500,41.659444,-84.249167,2006-01-14 10:00:00,2006-01-15 21:15:00,30.5822,2006-01-14 20:45:00,10.7500
04184500,41.659444,-84.249167,2006-01-18 08:15:00,2006-01-19 04:30:00,24.1260,2006-01-18 15:45:00,7.5000
04184500,41.659444,-84.249167,2006-01-21 15:30:00,2006-01-22 20:45:00,26.4196,2006-01-22 01:45:00,10.2500
04184500,41.659444,-84.249167,2006-01-29 21:15:00,2006-01-31 21:45:00,34.5466,2006-01-30 09:15:00,12.0000
04184500,41.659444,-84.249167,2006-02-05 02:45:00,2006-02-06 09:30:00,27.1559,2006-02-05 13:30:00,10.7500
04184500,41.659444,-84.249167,2006-02-17 06:30:00,2006-02-19 04:45:00,56.0674,2006-02-17 13:15:00,6.7500
04184500,41.659444,-84.249167,2006-03-12 12:45:00,2006-03-16 10:30:00,67.9604,2006-03-13 21:30:00,32.7500
04184500,41.659444,-84.249167,2006-05-11 16:00:00,2006-05-17 01:00:00,43.0416,2006-05-12 12:15:00,20.2500
04184500,41.659444,-84.249167,2006-06-22 10:00:00,2006-06-23 22:45:00,41.9089,2006-06-22 21:30:00,11.5000
04184500,41.659444,-84.249167,2006-07-15 11:30:00,2006-07-16 03:45:00,26.8727,2006-07-15 19:00:00,7.5000
04184500,41.659444,-84.249167,2006-10-18 02:00:00,2006-10-18 13:45:00,23.7862,2006-10-18 07:30:00,5.5000
04184500,41.659444,-84.249167,2006-11-16 23:00:00,2006-11-18 03:00:00,28.8832,2006-11-17 10:30:00,11.5000
04184500,41.659444,-84.249167,2006-12-01 12:00:00,2006-12-04 23:45:00,64.5624,2006-12-02 08:45:00,20.7500
04184500,41.659444,-84.249167,2006-12-13 16:45:00,2006-12-14 02:15:00,22.9650,2006-12-13 20:45:00,4.0000
04184500,41.659444,-84.249167,2006-12-26 17:00:00,2006-12-27 08:15:00,25.8533,2006-12-26 23:45:00,6.7500
04184500,41.659444,-84.249167,2007-01-01 00:00:00,2007-01-03 15:45:00,61.1644,2007-01-01 10:45:00,10.7500
04184500,41.659444,-84.249167,2007-01-05 08:00:00,2007-01-09 13:30:00,59.7485,2007-01-06 07:15:00,23.2500
04184500,41.659444,-84.249167,2007-03-02 07:30:00,2007-03-05 00:00:00,48.7050,2007-03-03 02:00:00,18.5000
04184500,41.659444,-84.249167,2007-03-10 22:00:00,2007-03-17 12:00:00,39.3604,2007-03-12 09:30:00,34.5000
04184500,41.659444,-84.249167,2007-04-26 02:00:00,2007-04-29 09:30:00,58.3327,2007-04-27 06:30:00,28.5000
04184500,41.659444,-84.249167,2007-08-20 17:00:00,2007-08-27 23:30:00,50.4040,2007-08-23 22:00:00,77.0000
04184500,41.659444,-84.249167,2007-12-12 09:30:00,2007-12-14 05:30:00,33.9802,2007-12-13 00:30:00,15.0000
04184500,41.659444,-84.249167,2007-12-23 13:00:00,2007-12-25 21:30:00,49.8377,2007-12-23 21:00:00,8.0000
04184500,41.659444,-84.249167,2008-01-07 07:00:00,2008-01-14 12:30:00,110.7189,2008-01-09 11:30:00,52.5000
04184500,41.659444,-84.249167,2008-03-19 05:00:00,2008-03-22 00:30:00,41.0594,2008-03-20 01:00:00,20.0000
04184500,41.659444,-84.249167,2008-03-26 23:30:00,2008-04-05 19:00:00,59.4654,2008-04-01 18:00:00,138.5000
04184500,41.659444,-84.249167,2008-04-11 16:30:00,2008-04-14 02:00:00,34.8297,2008-04-12 10:30:00,18.0000
04184500,41.659444,-84.249167,2008-07-03 07:00:00,2008-07-07 16:00:00,122.8951,2008-07-03 20:30:00,13.5000
04184500,41.659444,-84.249167,2008-07-08 20:00:00,2008-07-10 12:00:00,72.4911,2008-07-09 02:30:00,6.5000
04184500,41.659444,-84.249167,2008-12-28 05:00:00,2009-01-01 04:30:00,73.0575,2008-12-28 17:00:00,12.0000
04184500,41.659444,-84.249167,2009-02-12 05:00:00,2009-02-16 07:30:00,77.0218,2009-02-12 09:30:00,4.5000
04184500,41.659444,-84.249167,2009-03-08 10:00:00,2009-03-16 20:00:00,101.0911,2009-03-11 13:00:00,75.0000
04184500,41.659444,-84.249167,2009-04-06 12:30:00,2009-04-09 13:00:00,41.6258,2009-04-07 12:30:00,24.0000
04184500,41.659444,-84.249167,2009-04-15 10:30:00,2009-04-16 16:00:00,26.0232,2009-04-15 18:00:00,7.5000
04184500,41.659444,-84.249167,2009-04-20 23:00:00,2009-04-22 15:30:00,28.2319,2009-04-21 09:00:00,10.0000
04184500,41.659444,-84.249167,2009-06-20 01:00:00,2009-06-23 12:00:00,50.9703,2009-06-21 02:00:00,25.0000
04184500,41.659444,-84.249167,2009-12-26 06:00:00,2009-12-27 15:30:00,30.0159,2009-12-26 16:30:00,10.5000
04184500,41.659444,-84.249167,2010-03-11 03:30:00,2010-03-16 22:30:00,46.4396,2010-03-14 08:00:00,75.5000
04184500,41.659444,-84.249167,2010-04-26 08:30:00,2010-04-27 21:30:00,35.9624,2010-04-26 18:00:00,9.5000
04184500,41.659444,-84.249167,2010-05-03 06:00:00,2010-05-04 17:00:00,32.5644,2010-05-03 09:00:00,3.0000
04184500,41.659444,-84.249167,2010-05-11 23:30:00,2010-05-15 16:00:00,43.0416,2010-05-12 12:30:00,13.0000
04184500,41.659444,-84.249167,2010-05-22 03:00:00,2010-05-27 08:30:00,86.6496,2010-05-22 17:00:00,14.0000
04184500,41.659444,-84.249167,2011-02-28 15:00:00,2011-03-04 02:00:00,45.0238,2011-03-01 04:30:00,13.5000
04184500,41.659444,-84.249167,2011-03-05 09:00:00,2011-03-13 05:30:00,68.8099,2011-03-06 02:00:00,17.0000
04184500,41.659444,-84.249167,2011-04-20 12:00:00,2011-04-21 19:00:00,30.8654,2011-04-20 22:30:00,10.5000
04184500,41.659444,-84.249167,2011-04-23 10:00:00,2011-05-02 13:00:00,75.3228,2011-04-28 13:30:00,123.5000
04184500,41.659444,-84.249167,2011-05-26 02:30:00,2011-06-01 21:00:00,68.8099,2011-05-30 04:00:00,97.5000
04184500,41.659444,-84.249167,2011-11-23 05:00:00,2011-11-26 13:30:00,55.2179,2011-11-23 15:30:00,10.5000
04184500,41.659444,-84.249167,2011-11-28 02:00:00,2011-12-09 18:00:00,104.7723,2011-11-30 09:30:00,55.5000
04184500,41.659444,-84.249167,2011-12-15 06:30:00,2011-12-19 10:00:00,55.7842,2011-12-16 08:00:00,25.5000
04184500,41.659444,-84.249167,2012-01-17 18:00:00,2012-01-19 20:00:00,40.7763,2012-01-18 07:30:00,13.5000
04184500,41.659444,-84.249167,2012-01-23 21:30:00,2012-01-24 21:30:00,28.6000,2012-01-24 04:00:00,6.5000
04184500,41.659444,-84.249167,2012-02-29 19:30:00,2012-03-04 21:00:00,36.5287,2012-03-03 11:30:00,64.0000
04184500,41.659444,-84.249167,2012-03-13 08:30:00,2012-03-14 23:00:00,37.0951,2012-03-13 20:00:00,11.5000
04184500,41.659444,-84.249167,2013-01-31 04:00:00,2013-01-31 22:30:00,24.7489,2013-01-31 09:30:00,5.5000
04184500,41.659444,-84.249167,2013-03-11 15:00:00,2013-03-14 14:30:00,39.0772,2013-03-12 17:30:00,26.5000
04184500,41.659444,-84.249167,2013-04-12 10:00:00,2013-04-14 14:00:00,32.5644,2013-04-12 23:00:00,13.0000
04184500,41.659444,-84.249167,2013-04-19 02:00:00,2013-04-26 06:30:00,69.3763,2013-04-20 01:30:00,23.5000
04184500,41.659444,-84.249167,2013-12-22 09:00:00,2013-12-26 13:30:00,40.2099,2013-12-22 22:00:00,13.0000
04184500,41.659444,-84.249167,2014-01-12 21:00:00,2014-01-15 02:30:00,22.7667,2014-01-13 07:00:00,10.0000
04184500,41.659444,-84.249167,2014-02-21 14:00:00,2014-02-27 05:00:00,46.1565,2014-02-23 03:30:00,37.5000
04184500,41.659444,-84.249167,2014-03-11 23:00:00,2014-03-25 17:00:00,59.1822,2014-03-16 06:30:00,103.5000
04184500,41.659444,-84.249167,2014-04-03 22:00:00,2014-04-07 02:30:00,51.5367,2014-04-04 14:30:00,16.5000
04184500,41.659444,-84.249167,2014-04-08 08:30:00,2014-04-09 09:30:00,26.6178,2014-04-08 18:00:00,9.5000
04184500,41.659444,-84.249167,2014-05-15 21:30:00,2014-05-16 18:00:00,24.5224,2014-05-16 03:00:00,5.5000
04184500,41.659444,-84.249167,2015-03-11 23:00:00,2015-03-16 22:00:00,54.3683,2015-03-13 04:00:00,29.0000
04184500,41.659444,-84.249167,2015-06-15 03:00:00,2015-06-19 20:30:00,38.7941,2015-06-17 23:00:00,68.0000
04184500,41.659444,-84.249167,2015-06-27 17:30:00,2015-07-03 04:30:00,108.1704,2015-06-28 10:00:00,16.5000
04184500,41.659444,-84.249167,2015-12-29 12:00:00,2015-12-30 08:30:00,25.4852,2015-12-29 22:30:00,10.5000
04184500,41.659444,-84.249167,2016-04-11 16:00:00,2016-04-12 09:00:00,23.3331,2016-04-11 23:00:00,7.0000
04184500,41.659444,-84.249167,2016-05-02 16:00:00,2016-05-03 11:30:00,23.3331,2016-05-02 23:30:00,7.5000
04192500,41.291944,-84.281111,1990-12-31 13:00:00,1991-01-02 04:00:00,2370.1201,1991-01-01 05:00:00,16.0000
04192500,41.291944,-84.281111,2005-01-14 02:00:00,2005-01-15 17:00:00,2353.1300,2005-01-14 20:00:00,18.0000
04192500,41.291944,-84.281111,2008-02-07 11:00:00,2008-02-09 20:00:00,2523.0310,2008-02-08 10:00:00,23.0000
04192500,41.291944,-84.281111,2009-03-11 05:00:00,2009-03-12 20:00:00,2307.8230,2009-03-12 02:00:00,21.0000
04192500,41.291944,-84.281111,2011-12-01 11:30:00,2011-12-01 17:30:00,2092.6150,2011-12-01 15:00:00,3.5000
04192500,41.291944,-84.281111,2015-06-29 01:15:00,2015-06-30 03:00:00,2262.5160,2015-06-29 13:00:00,11.7500
04066003,45.579444,-87.786944,1991-05-31 08:48:45,1991-06-01 20:47:18,368.1190,1991-06-01 05:47:54,20.9858
04066003,45.579444,-87.786944,1996-04-21 05:00:00,1996-05-04 00:00:00,634.2974,1996-04-27 19:00:00,158.0000
04066003,45.579444,-87.786944,1996-05-07 04:30:00,1996-05-10 04:00:00,353.9606,1996-05-07 09:00:00,4.5000
04066003,45.579444,-87.786944,1996-05-11 09:00:00,1996-05-11 23:30:00,345.4655,1996-05-11 16:30:00,7.5000
04066003,45.579444,-87.786944,1996-05-22 07:00:00,1996-05-23 17:30:00,373.7824,1996-05-23 04:30:00,21.5000
04066003,45.579444,-87.786944,1997-04-07 01:00:00,1997-04-10 16:00:00,396.4359,1997-04-07 20:30:00,19.5000
04066003,45.579444,-87.786944,1998-04-01 14:00:00,1998-04-03 05:00:00,362.4556,1998-04-02 09:30:00,19.5000
04066003,45.579444,-87.786944,2002-04-15 01:30:00,2002-04-27 06:00:00,631.4657,2002-04-19 16:30:00,111.0000
04066003,45.579444,-87.786944,2002-05-10 17:30:00,2002-05-11 22:00:00,385.1091,2002-05-11 06:00:00,12.5000
04066003,45.579444,-87.786944,2003-05-14 03:00:00,2003-05-14 18:00:00,351.1289,2003-05-14 04:00:00,1.0000
04066003,45.579444,-87.786944,2004-04-21 02:30:00,2004-04-24 09:30:00,410.5943,2004-04-22 05:30:00,27.0000
04066003,45.579444,-87.786944,2013-05-01 04:15:00,2013-05-05 18:45:00,430.4161,2013-05-04 03:30:00,71.2500
04066003,45.579444,-87.786944,2014-11-28 06:00:00,2014-12-02 00:45:00,450.2379,2014-11-28 12:00:00,6.0000
04066003,45.579444,-87.786944,2014-12-03 10:00:00,2014-12-11 02:00:00,441.7428,2014-12-05 21:45:00,59.7500
04066003,45.579444,-87.786944,2014-12-12 19:00:00,2014-12-13 06:30:00,370.9507,2014-12-12 21:00:00,2.0000
04066003,45.579444,-87.786944,2014-12-20 15:45:00,2014-12-21 04:45:00,385.1091,2014-12-20 22:00:00,6.2500
04066003,45.579444,-87.786944,2014-12-29 21:00:00,2015-02-08 22:00:00,572.0003,2015-01-04 11:15:00,134.2500
04066003,45.579444,-87.786944,2015-02-09 22:15:00,2015-02-11 15:45:00,342.6338,2015-02-10 18:00:00,19.7500
04066003,45.579444,-87.786944,2015-02-13 01:15:00,2015-02-13 05:45:00,339.8022,2015-02-13 02:30:00,1.2500
04066003,45.579444,-87.786944,2015-03-16 02:30:00,2015-03-19 17:00:00,402.0992,2015-03-17 23:30:00,45.0000
04066003,45.579444,-87.786944,2015-05-28 16:15:00,2015-05-29 09:15:00,345.4655,2015-05-28 19:45:00,3.5000
04066003,45.579444,-87.786944,2016-01-05 14:15:00,2016-01-08 04:15:00,436.0794,2016-01-05 19:15:00,5.0000
04066003,45.579444,-87.786944,2016-01-11 04:30:00,2016-01-12 04:15:00,382.2774,2016-01-11 06:45:00,2.2500
04066003,45.579444,-87.786944,2016-03-02 13:00:00,2016-03-05 02:30:00,404.9309,2016-03-03 20:00:00,31.0000
04043150,46.804167,-88.316944,2003-05-12 05:00:00,2003-05-12 22:00:00,90.0476,2003-05-12 09:30:00,4.5000
04109000,42.283611,-84.408889,1990-03-15 09:30:00,1990-03-19 21:30:00,16.0273,1990-03-16 05:30:00,20.0000
04109000,42.283611,-84.408889,1990-03-21 15:30:00,1990-03-21 19:00:00,15.0362,1990-03-21 16:30:00,1.0000
04109000,42.283611,-84.408889,1990-05-17 09:30:00,1990-05-17 10:00:00,14.6115,1990-05-17 10:00:00,0.5000
04109000,42.283611,-84.408889,1991-08-31 00:30:00,1991-08-31 01:30:00,18.0095,1991-08-31 01:00:00,0.5000
04109000,42.283611,-84.408889,1992-06-18 20:00:00,1992-06-18 22:30:00,21.7190,1992-06-18 21:00:00,1.0000
04109000,42.283611,-84.408889,1992-09-16 01:30:00,1992-09-16 02:30:00,18.5759,1992-09-16 02:00:00,0.5000
04109000,42.283611,-84.408889,1992-11-23 03:30:00,1992-11-23 04:30:00,15.4044,1992-11-23 04:00:00,0.5000
04109000,42.283611,-84.408889,1995-08-02 23:00:00,1995-08-03 00:00:00,15.9141,1995-08-02 23:30:00,0.5000
04109000,42.283611,-84.408889,1995-08-17 00:00:00,1995-08-18 01:00:00,26.0798,1995-08-17 19:30:00,19.5000
04109000,42.283611,-84.408889,1997-02-27 01:00:00,1997-02-27 14:00:00,16.1406,1997-02-27 06:45:00,5.7500
04109000,42.283611,-84.408889,1998-03-09 12:30:00,1998-03-09 15:15:00,15.8574,1998-03-09 13:45:00,1.2500
04109000,42.283611,-84.408889,1998-05-02 01:45:00,1998-05-02 02:30:00,14.6398,1998-05-02 02:00:00,0.2500
04109000,42.283611,-84.408889,2000-04-20 19:45:00,2000-04-20 20:30:00,15.1778,2000-04-20 20:00:00,0.2500
04109000,42.283611,-84.408889,2000-05-18 22:45:00,2000-05-19 01:15:00,16.7353,2000-05-18 23:15:00,0.5000
04109000,42.283611,-84.408889,2000-06-21 06:00:00,2000-06-21 07:30:00,15.7442,2000-06-21 06:30:00,0.5000
04109000,42.283611,-84.408889,2000-06-25 03:00:00,2000-06-25 09:15:00,19.9351,2000-06-25 05:00:00,2.0000
04109000,42.283611,-84.408889,2000-08-27 00:15:00,2000-08-27 01:15:00,15.4893,2000-08-27 00:30:00,0.2500
04109000,42.283611,-84.408889,2001-02-09 18:45:00,2001-02-09 19:30:00,14.6115,2001-02-09 19:00:00,0.2500
04109000,42.283611,-84.408889,2001-02-25 07:00:00,2001-02-25 08:00:00,14.9230,2001-02-25 07:30:00,0.5000
04109000,42.283611,-84.408889,2001-05-16 08:45:00,2001-05-16 09:30:00,15.0079,2001-05-16 09:00:00,0.2500
04109000,42.283611,-84.408889,2001-10-16 16:00:00,2001-10-16 18:00:00,14.8097,2001-10-16 16:30:00,0.5000
04109000,42.283611,-84.408889,2002-07-28 05:00:00,2002-07-28 08:00:00,20.1616,2002-07-28 05:45:00,0.7500
04109000,42.283611,-84.408889,2002-08-23 21:30:00,2002-08-23 23:45:00,17.9812,2002-08-23 22:15:00,0.7500
04109000,42.283611,-84.408889,2003-04-05 03:45:00,2003-04-05 04:30:00,14.8947,2003-04-05 04:00:00,0.2500
04109000,42.283611,-84.408889,2003-05-01 05:00:00,2003-05-01 06:30:00,17.4998,2003-05-01 05:30:00,0.5000
04109000,42.283611,-84.408889,2003-07-21 05:45:00,2003-07-21 06:45:00,15.6592,2003-07-21 06:15:00,0.5000
04109000,42.283611,-84.408889,2005-01-13 13:00:00,2005-01-13 17:15:00,15.9141,2005-01-13 14:15:00,1.2500
04109000,42.283611,-84.408889,2006-03-13 10:30:00,2006-03-13 15:45:00,16.9052,2006-03-13 14:00:00,3.5000
04109000,42.283611,-84.408889,2006-05-11 09:00:00,2006-05-11 09:45:00,15.0362,2006-05-11 09:15:00,0.2500
04109000,42.283611,-84.408889,2006-06-21 22:45:00,2006-06-22 05:45:00,18.5192,2006-06-21 23:30:00,0.7500
04109000,42.283611,-84.408889,2006-06-27 02:15:00,2006-06-27 05:15:00,19.3121,2006-06-27 03:00:00,0.7500
04109000,42.283611,-84.408889,2006-07-04 11:00:00,2006-07-04 11:45:00,15.2345,2006-07-04 11:15:00,0.2500
04109000,42.283611,-84.408889,2006-09-13 23:00:00,2006-09-14 00:00:00,15.8858,2006-09-13 23:30:00,0.5000
04109000,42.283611,-84.408889,2007-01-05 03:45:00,2007-01-05 10:00:00,19.3970,2007-01-05 05:45:00,2.0000
04109000,42.283611,-84.408889,2008-01-08 11:00:00,2008-01-09 15:30:00,17.4998,2008-01-08 16:30:00,5.5000
04109000,42.283611,-84.408889,2008-01-11 03:30:00,2008-01-16 21:30:00,15.8858,2008-01-13 23:00:00,67.5000
04109000,42.283611,-84.408889,2008-02-06 05:30:00,2008-02-06 09:45:00,16.4521,2008-02-06 07:00:00,1.5000
04109000,42.283611,-84.408889,2008-04-01 00:30:00,2008-04-01 01:30:00,14.5832,2008-04-01 01:00:00,0.5000
04109000,42.283611,-84.408889,2008-09-13 18:30:00,2008-09-13 19:00:00,14.6115,2008-09-13 18:45:00,0.2500
04109000,42.283611,-84.408889,2008-09-14 21:00:00,2008-09-15 03:45:00,20.0766,2008-09-14 23:00:00,2.0000
04109000,42.283611,-84.408889,2009-03-08 22:00:00,2009-03-09 03:45:00,17.0751,2009-03-08 23:45:00,1.7500
04109000,42.283611,-84.408889,2009-03-10 13:45:00,2009-03-16 15:15:00,18.2644,2009-03-11 05:45:00,16.0000
04109000,42.283611,-84.408889,2009-05-16 06:30:00,2009-05-16 10:45:00,17.5848,2009-05-16 07:45:00,1.2500
04109000,42.283611,-84.408889,2009-08-08 18:15:00,2009-08-08 19:00:00,14.9513,2009-08-08 18:30:00,0.2500
04109000,42.283611,-84.408889,2010-05-13 13:15:00,2010-05-13 14:15:00,14.9230,2010-05-13 13:30:00,0.2500
04109000,42.283611,-84.408889,2010-05-22 03:15:00,2010-05-22 05:15:00,15.1212,2010-05-22 04:00:00,0.7500
04109000,42.283611,-84.408889,2010-05-31 23:15:00,2010-06-01 00:45:00,15.6026,2010-05-31 23:45:00,0.5000
04109000,42.283611,-84.408889,2010-06-02 14:30:00,2010-06-02 15:15:00,14.7248,2010-06-02 14:45:00,0.2500
04109000,42.283611,-84.408889,2010-06-06 02:45:00,2010-06-12 09:15:00,21.7473,2010-06-06 06:30:00,3.7500
04109000,42.283611,-84.408889,2010-06-22 08:00:00,2010-06-22 11:30:00,18.0945,2010-06-22 09:00:00,1.0000
04109000,42.283611,-84.408889,2010-06-24 02:15:00,2010-06-24 05:45:00,16.4804,2010-06-24 03:15:00,1.0000
04109000,42.283611,-84.408889,2010-07-25 09:15:00,2010-07-25 15:00:00,20.3315,2010-07-25 11:00:00,1.7500
04109000,42.283611,-84.408889,2011-04-11 10:00:00,2011-04-11 11:30:00,15.7158,2011-04-11 10:30:00,0.5000
04109000,42.283611,-84.408889,2011-04-28 07:00:00,2011-04-28 16:15:00,18.0095,2011-04-28 10:30:00,3.5000
04109000,42.283611,-84.408889,2011-05-14 01:45:00,2011-05-14 03:00:00,15.2911,2011-05-14 02:15:00,0.5000
04109000,42.283611,-84.408889,2011-05-25 12:30:00,2011-05-26 00:45:00,16.1972,2011-05-25 22:30:00,10.0000
04109000,42.283611,-84.408889,2011-05-29 02:15:00,2011-05-30 00:30:00,14.6964,2011-05-29 03:00:00,0.7500
04109000,42.283611,-84.408889,2011-07-29 08:00:00,2011-07-29 11:00:00,16.3105,2011-07-29 08:45:00,0.7500
04109000,42.283611,-84.408889,2011-11-30 20:00:00,2011-12-08 04:45:00,16.3388,2011-12-04 14:15:00,90.2500
04109000,42.283611,-84.408889,2012-01-23 11:00:00,2012-01-23 11:30:00,14.6115,2012-01-23 11:15:00,0.2500
04109000,42.283611,-84.408889,2012-03-13 02:30:00,2012-03-13 04:30:00,15.9990,2012-03-13 03:15:00,0.7500
04109000,42.283611,-84.408889,2013-04-19 05:00:00,2013-04-21 02:15:00,19.3121,2013-04-19 10:00:00,5.0000
04109000,42.283611,-84.408889,2013-04-24 03:30:00,2013-04-25 19:15:00,16.9618,2013-04-24 05:45:00,2.2500
04109000,42.283611,-84.408889,2013-04-28 19:15:00,2013-04-28 20:15:00,14.4982,2013-04-28 19:30:00,0.2500
04109000,42.283611,-84.408889,2013-08-28 07:00:00,2013-08-28 10:00:00,17.8679,2013-08-28 08:15:00,1.2500
04109000,42.283611,-84.408889,2015-06-18 22:15:00,2015-06-18 23:15:00,14.6681,2015-06-18 22:30:00,0.2500
04109000,42.283611,-84.408889,2015-06-23 06:15:00,2015-06-23 11:00:00,18.4909,2015-06-23 07:15:00,1.0000
04109000,42.283611,-84.408889,2015-06-30 23:00:00,2015-07-01 00:15:00,14.9230,2015-06-30 23:30:00,0.5000
04164500,42.629167,-82.888889,1989-11-17 01:00:00,1989-11-17 07:00:00,48.9881,1989-11-17 03:00:00,2.0000
04164500,42.629167,-82.888889,1990-02-23 17:00:00,1990-02-24 17:00:00,57.7664,1990-02-24 01:00:00,8.0000
04164500,42.629167,-82.888889,1990-12-30 18:00:00,1991-01-01 10:00:00,73.9070,1990-12-31 05:00:00,11.0000
04164500,42.629167,-82.888889,1991-05-27 11:00:00,1991-05-28 15:00:00,73.0575,1991-05-27 19:00:00,8.0000
04164500,42.629167,-82.888889,1992-11-14 02:00:00,1992-11-14 19:00:00,55.2179,1992-11-14 09:00:00,7.0000
04164500,42.629167,-82.888889,1993-01-05 12:00:00,1993-01-07 01:00:00,79.2872,1993-01-06 01:00:00,13.0000
04164500,42.629167,-82.888889,1993-04-02 19:00:00,1993-04-03 07:00:00,50.9703,1993-04-03 00:00:00,5.0000
04164500,42.629167,-82.888889,1994-03-08 02:00:00,1994-03-08 21:00:00,55.7842,1994-03-08 07:00:00,5.0000
04164500,42.629167,-82.888889,1996-04-14 04:00:00,1996-04-15 14:00:00,76.4555,1996-04-14 15:00:00,11.0000
04164500,42.629167,-82.888889,1996-05-22 06:00:00,1996-05-23 00:00:00,58.6159,1996-05-22 13:00:00,7.0000
04164500,42.629167,-82.888889,1996-06-19 11:00:00,1996-06-22 07:00:00,83.2515,1996-06-19 22:00:00,11.0000
04164500,42.629167,-82.888889,1997-02-22 01:00:00,1997-02-23 18:00:00,84.1010,1997-02-22 17:00:00,16.0000
04164500,42.629167,-82.888889,1997-02-28 11:00:00,1997-03-01 12:00:00,59.1822,1997-02-28 22:00:00,11.0000
04164500,42.629167,-82.888889,1997-03-15 20:00:00,1997-03-16 11:00:00,53.2357,1997-03-16 05:00:00,9.0000
04164500,42.629167,-82.888889,1997-03-30 05:00:00,1997-04-01 00:00:00,90.0476,1997-03-30 17:00:00,12.0000
04164500,42.629167,-82.888889,1999-04-24 06:45:00,1999-04-25 07:15:00,56.6337,1999-04-24 17:30:00,10.7500
04164500,42.629167,-82.888889,2000-05-20 18:15:00,2000-05-21 14:30:00,48.7050,2000-05-20 19:30:00,1.2500
04164500,42.629167,-82.888889,2001-02-26 12:30:00,2001-02-27 07:45:00,51.8198,2001-02-26 18:30:00,6.0000
04164500,42.629167,-82.888889,2001-10-18 05:30:00,2001-10-19 00:30:00,53.8020,2001-10-18 13:15:00,7.7500
04164500,42.629167,-82.888889,2001-12-01 12:30:00,2001-12-02 09:15:00,56.9169,2001-12-01 20:30:00,8.0000
04164500,42.629167,-82.888889,2003-04-05 16:45:00,2003-04-06 15:30:00,58.3327,2003-04-06 00:00:00,7.2500
04164500,42.629167,-82.888889,2004-03-06 17:30:00,2004-03-07 11:30:00,52.9525,2004-03-07 00:15:00,6.7500
04164500,42.629167,-82.888889,2004-05-23 16:15:00,2004-05-26 16:45:00,193.4041,2004-05-24 15:15:00,23.0000
04164500,42.629167,-82.888889,2005-01-14 07:30:00,2005-01-15 13:15:00,60.3149,2005-01-14 22:45:00,15.2500
04164500,42.629167,-82.888889,2005-02-16 07:30:00,2005-02-18 07:15:00,62.0139,2005-02-17 03:30:00,20.0000
04164500,42.629167,-82.888889,2006-02-17 23:45:00,2006-02-19 06:15:00,76.4555,2006-02-18 08:30:00,8.7500
04164500,42.629167,-82.888889,2006-12-02 10:00:00,2006-12-03 19:15:00,68.5268,2006-12-02 22:30:00,12.5000
04164500,42.629167,-82.888889,2008-09-15 11:00:00,2008-09-17 22:30:00,97.9763,2008-09-16 08:15:00,21.2500
04164500,42.629167,-82.888889,2008-12-29 03:30:00,2008-12-31 02:30:00,85.2337,2008-12-29 19:15:00,15.7500
04164500,42.629167,-82.888889,2009-02-12 02:30:00,2009-02-14 15:30:00,120.6298,2009-02-13 05:45:00,27.2500
04164500,42.629167,-82.888889,2009-03-08 23:15:00,2009-03-13 01:45:00,66.8278,2009-03-12 07:15:00,80.0000
04164500,42.629167,-82.888889,2009-04-21 17:00:00,2009-04-22 16:00:00,56.6337,2009-04-22 00:30:00,7.5000
04164500,42.629167,-82.888889,2009-04-27 09:30:00,2009-04-28 11:45:00,62.2971,2009-04-27 18:45:00,9.2500
04164500,42.629167,-82.888889,2009-08-10 17:45:00,2009-08-12 03:30:00,81.8357,2009-08-11 02:45:00,9.0000
04164500,42.629167,-82.888889,2011-03-22 15:15:00,2011-03-23 00:15:00,49.8377,2011-03-22 19:00:00,3.7500
04164500,42.629167,-82.888889,2011-04-29 12:00:00,2011-04-30 16:00:00,60.5981,2011-04-29 21:45:00,9.7500
04164500,42.629167,-82.888889,2011-05-16 13:45:00,2011-05-18 00:30:00,69.9426,2011-05-17 02:30:00,12.7500
04164500,42.629167,-82.888889,2011-05-20 00:15:00,2011-05-20 04:45:00,63.7129,2011-05-20 04:45:00,4.5000
04164500,42.629167,-82.888889,2011-05-27 01:00:00,2011-05-28 18:00:00,67.3941,2011-05-27 11:00:00,10.0000
04164500,42.629167,-82.888889,2011-11-30 07:00:00,2011-12-02 07:00:00,78.4377,2011-12-01 00:15:00,17.2500
04164500,42.629167,-82.888889,2013-04-12 11:30:00,2013-04-14 14:00:00,73.3406,2013-04-13 09:30:00,22.0000
04164500,42.629167,-82.888889,2013-04-20 03:45:00,2013-04-21 06:15:00,55.5010,2013-04-20 17:15:00,13.5000
04164500,42.629167,-82.888889,2014-05-09 02:30:00,2014-05-09 13:45:00,52.9525,2014-05-09 07:15:00,4.7500
04164500,42.629167,-82.888889,2014-05-16 12:30:00,2014-05-17 10:15:00,56.6337,2014-05-16 21:30:00,9.0000
04164500,42.629167,-82.888889,2015-06-01 21:15:00,2015-06-02 07:45:00,49.2713,2015-06-01 23:45:00,2.5000
04166500,42.373056,-83.254722,1989-11-16 01:00:00,1989-11-17 08:00:00,54.3683,1989-11-16 17:00:00,16.0000
04166500,42.373056,-83.254722,1990-02-22 18:00:00,1990-02-24 19:00:00,107.8872,1990-02-23 13:00:00,19.0000
04166500,42.373056,-83.254722,1990-09-07 05:00:00,1990-09-08 13:00:00,95.1446,1990-09-07 18:00:00,13.0000
04166500,42.373056,-83.254722,1990-10-10 20:00:00,1990-10-11 21:00:00,47.0060,1990-10-11 09:00:00,13.0000
04166500,42.373056,-83.254722,1990-11-06 05:00:00,1990-11-07 03:00:00,47.5723,1990-11-06 14:00:00,9.0000
04166500,42.373056,-83.254722,1990-12-29 22:00:00,1990-12-31 17:00:00,83.5347,1990-12-30 15:00:00,17.0000
04166500,42.373056,-83.254722,1991-05-26 08:00:00,1991-05-28 03:00:00,105.9050,1991-05-27 01:00:00,17.0000
04166500,42.373056,-83.254722,1991-08-19 19:00:00,1991-08-20 18:00:00,65.1287,1991-08-20 03:00:00,8.0000
04166500,42.373056,-83.254722,1992-07-15 07:00:00,1992-07-15 21:00:00,43.3248,1992-07-15 14:00:00,7.0000
04166500,42.373056,-83.254722,1992-11-13 02:00:00,1992-11-14 09:00:00,62.2971,1992-11-13 17:00:00,15.0000
04166500,42.373056,-83.254722,1992-12-31 08:00:00,1992-12-31 20:00:00,39.9268,1992-12-31 13:00:00,5.0000
04166500,42.373056,-83.254722,1993-01-04 18:00:00,1993-01-06 12:00:00,77.3050,1993-01-05 10:00:00,16.0000
04166500,42.373056,-83.254722,1994-03-21 21:00:00,1994-03-22 18:00:00,47.2891,1994-03-22 07:45:00,10.7500
04166500,42.373056,-83.254722,1994-08-14 05:00:00,1994-08-14 23:15:00,45.3070,1994-08-14 14:15:00,9.2500
04166500,42.373056,-83.254722,1994-10-01 18:30:00,1994-10-02 02:15:00,39.3604,1994-10-01 21:30:00,3.0000
04166500,42.373056,-83.254722,1995-07-17 08:00:00,1995-07-17 12:00:00,38.2277,1995-07-17 09:30:00,1.5000
04166500,42.373056,-83.254722,1995-08-04 01:00:00,1995-08-04 13:45:00,44.1743,1995-08-04 06:00:00,5.0000
04166500,42.373056,-83.254722,1996-04-20 15:30:00,1996-04-21 07:45:00,45.5901,1996-04-20 22:30:00,7.0000
04166500,42.373056,-83.254722,1996-05-21 20:00:00,1996-05-22 06:45:00,40.7763,1996-05-22 00:15:00,4.2500
04166500,42.373056,-83.254722,1996-06-19 05:45:00,1996-06-20 17:00:00,73.9070,1996-06-19 20:45:00,15.0000
04166500,42.373056,-83.254722,1997-02-21 11:00:00,1997-02-23 06:00:00,67.3941,1997-02-22 01:15:00,14.2500
04166500,42.373056,-83.254722,1997-02-27 16:00:00,1997-02-28 15:00:00,50.6872,1997-02-28 01:45:00,9.7500
04166500,42.373056,-83.254722,1997-03-14 15:30:00,1997-03-15 19:30:00,63.9961,1997-03-15 03:30:00,12.0000
04166500,42.373056,-83.254722,1997-05-19 16:15:00,1997-05-20 14:30:00,50.4040,1997-05-20 02:45:00,10.5000
04166500,42.373056,-83.254722,1997-07-03 05:00:00,1997-07-04 04:30:00,77.0218,1997-07-03 14:00:00,9.0000
04166500,42.373056,-83.254722,1998-02-17 23:45:00,1998-02-19 18:45:00,96.2773,1998-02-18 15:00:00,15.2500
04166500,42.373056,-83.254722,1998-03-09 19:45:00,1998-03-10 16:30:00,50.1208,1998-03-10 04:30:00,8.7500
04166500,42.373056,-83.254722,1998-08-06 14:15:00,1998-08-08 00:30:00,99.1090,1998-08-07 02:00:00,11.7500
04166500,42.373056,-83.254722,1998-08-10 10:30:00,1998-08-11 01:45:00,47.2891,1998-08-10 17:00:00,6.5000
04166500,42.373056,-83.254722,1999-01-24 05:00:00,1999-01-25 00:15:00,43.0416,1999-01-24 11:45:00,6.7500
04166500,42.373056,-83.254722,1999-04-23 15:15:00,1999-04-24 21:45:00,62.0139,1999-04-24 05:00:00,13.7500
04166500,42.373056,-83.254722,1999-06-29 05:00:00,1999-06-29 06:45:00,37.9446,1999-06-29 05:30:00,0.5000
04166500,42.373056,-83.254722,2000-04-21 05:00:00,2000-04-22 01:45:00,52.9525,2000-04-21 13:00:00,8.0000
04166500,42.373056,-83.254722,2000-06-25 14:00:00,2000-06-26 18:15:00,62.2971,2000-06-26 00:45:00,10.7500
04166500,42.373056,-83.254722,2000-07-03 10:00:00,2000-07-04 09:45:00,59.1822,2000-07-03 20:00:00,10.0000
04166500,42.373056,-83.254722,2000-09-11 05:00:00,2000-09-13 06:00:00,72.4911,2000-09-11 11:00:00,6.0000
04166500,42.373056,-83.254722,2001-02-09 23:30:00,2001-02-11 14:00:00,87.7822,2001-02-10 14:30:00,15.0000
04166500,42.373056,-83.254722,2001-02-25 15:30:00,2001-02-26 17:30:00,54.3683,2001-02-26 02:30:00,11.0000
04166500,42.373056,-83.254722,2001-10-16 19:15:00,2001-10-18 09:30:00,71.3585,2001-10-17 10:45:00,15.5000
04166500,42.373056,-83.254722,2001-11-30 21:30:00,2001-12-01 13:00:00,41.6258,2001-12-01 03:00:00,5.5000
04166500,42.373056,-83.254722,2002-04-09 14:30:00,2002-04-09 19:45:00,37.9446,2002-04-09 16:45:00,2.2500
04166500,42.373056,-83.254722,2002-04-13 13:45:00,2002-04-14 06:15:00,50.9703,2002-04-13 21:00:00,7.2500
04166500,42.373056,-83.254722,2003-04-05 12:30:00,2003-04-06 04:00:00,42.4753,2003-04-05 19:00:00,6.5000
04166500,42.373056,-83.254722,2004-05-22 12:45:00,2004-05-23 05:30:00,42.1921,2004-05-22 19:15:00,6.5000
04166500,42.373056,-83.254722,2005-01-13 21:45:00,2005-01-15 01:45:00,50.6872,2005-01-14 11:00:00,13.2500
04166500,42.373056,-83.254722,2005-02-16 11:45:00,2005-02-17 08:15:00,48.4218,2005-02-16 19:30:00,7.7500
04166500,42.373056,-83.254722,2005-11-16 15:45:00,2005-11-17 05:15:00,40.7763,2005-11-16 20:15:00,4.5000
04166500,42.373056,-83.254722,2006-02-17 16:30:00,2006-02-18 09:00:00,44.4574,2006-02-18 00:00:00,7.5000
04166500,42.373056,-83.254722,2006-03-14 04:45:00,2006-03-14 11:45:00,38.2277,2006-03-14 07:00:00,2.2500
04166500,42.373056,-83.254722,2006-05-11 18:15:00,2006-05-12 13:45:00,47.5723,2006-05-12 02:30:00,8.2500
04166500,42.373056,-83.254722,2006-12-01 21:45:00,2006-12-02 22:15:00,50.6872,2006-12-02 08:30:00,10.7500
04166500,42.373056,-83.254722,2007-01-05 19:30:00,2007-01-06 11:30:00,40.4931,2007-01-06 03:15:00,7.7500
04166500,42.373056,-83.254722,2007-03-02 06:30:00,2007-03-03 12:15:00,53.5188,2007-03-02 19:15:00,12.7500
04166500,42.373056,-83.254722,2007-08-21 02:30:00,2007-08-21 16:15:00,40.7763,2007-08-21 07:15:00,4.7500
04166500,42.373056,-83.254722,2008-01-09 07:15:00,2008-01-10 09:45:00,46.7228,2008-01-09 21:45:00,14.5000
04166500,42.373056,-83.254722,2008-02-06 15:45:00,2008-02-07 10:45:00,46.1565,2008-02-06 23:45:00,8.0000
04166500,42.373056,-83.254722,2008-09-14 10:15:00,2008-09-16 11:30:00,78.7208,2008-09-15 12:15:00,26.0000
04166500,42.373056,-83.254722,2008-12-28 13:45:00,2008-12-29 13:15:00,47.0060,2008-12-28 23:45:00,10.0000
04166500,42.373056,-83.254722,2009-02-12 09:30:00,2009-02-13 12:00:00,53.5188,2009-02-12 19:30:00,10.0000
04166500,42.373056,-83.254722,2009-03-08 19:15:00,2009-03-10 07:45:00,65.9783,2009-03-09 12:45:00,17.5000
04166500,42.373056,-83.254722,2009-03-11 11:30:00,2009-03-12 14:00:00,60.8812,2009-03-11 21:45:00,10.2500
04166500,42.373056,-83.254722,2009-04-21 02:45:00,2009-04-22 03:00:00,54.6515,2009-04-21 10:30:00,7.7500
04166500,42.373056,-83.254722,2009-06-20 16:15:00,2009-06-21 07:00:00,43.8911,2009-06-20 22:00:00,5.7500
04166500,42.373056,-83.254722,2010-06-06 16:30:00,2010-06-07 20:30:00,56.0674,2010-06-07 04:30:00,12.0000
04166500,42.373056,-83.254722,2011-03-05 22:45:00,2011-03-07 00:15:00,48.9881,2011-03-06 09:30:00,10.7500
04166500,42.373056,-83.254722,2011-04-28 17:30:00,2011-04-29 19:45:00,58.0495,2011-04-29 03:30:00,10.0000
04166500,42.373056,-83.254722,2011-05-14 17:30:00,2011-05-17 00:15:00,43.0416,2011-05-16 12:00:00,42.5000
04166500,42.373056,-83.254722,2011-05-25 15:45:00,2011-05-28 06:45:00,167.0694,2011-05-26 12:15:00,20.5000
04166500,42.373056,-83.254722,2011-11-29 16:00:00,2011-12-01 14:15:00,85.8000,2011-11-30 10:15:00,18.2500
04166500,42.373056,-83.254722,2013-04-12 14:45:00,2013-04-13 03:45:00,38.7941,2013-04-12 20:00:00,5.2500
04166500,42.373056,-83.254722,2013-04-19 12:15:00,2013-04-20 08:30:00,40.7763,2013-04-19 21:15:00,9.0000
04166500,42.373056,-83.254722,2013-06-13 18:30:00,2013-06-14 11:15:00,42.1921,2013-06-14 01:45:00,7.2500
04166500,42.373056,-83.254722,2013-07-16 02:00:00,2013-07-16 07:45:00,41.6258,2013-07-16 04:15:00,2.2500
04166500,42.373056,-83.254722,2014-06-18 22:15:00,2014-06-19 09:30:00,41.3426,2014-06-19 02:15:00,4.0000
04166500,42.373056,-83.254722,2014-08-11 23:00:00,2014-08-13 10:15:00,101.3743,2014-08-12 12:30:00,13.5000
04166500,42.373056,-83.254722,2015-05-31 09:45:00,2015-06-01 23:15:00,80.9862,2015-06-01 02:30:00,16.7500
04176000,41.904722,-83.980833,1990-12-30 20:00:00,1991-01-02 10:00:00,115.2496,1990-12-31 14:00:00,18.0000
04176000,41.904722,-83.980833,1993-01-05 04:00:00,1993-01-07 19:00:00,139.8852,1993-01-06 07:00:00,27.0000
04176000,41.904722,-83.980833,1993-03-24 12:00:00,1993-03-26 16:00:00,82.4020,1993-03-25 08:00:00,20.0000
04176000,41.904722,-83.980833,1996-06-20 15:00:00,1996-06-20 21:00:00,73.0575,1996-06-20 17:00:00,2.0000
04176000,41.904722,-83.980833,1997-02-22 12:00:00,1997-02-24 14:00:00,104.4892,1997-02-23 09:00:00,21.0000
04176000,41.904722,-83.980833,1997-02-28 09:00:00,1997-03-01 16:00:00,81.8357,1997-03-01 01:00:00,16.0000
04176000,41.904722,-83.980833,1997-03-16 01:00:00,1997-03-16 04:00:00,73.9070,1997-03-16 04:00:00,3.0000
04176000,41.904722,-83.980833,1998-02-18 23:00:00,1998-02-20 09:00:00,90.6139,1998-02-19 15:00:00,16.0000
04176000,41.904722,-83.980833,1999-01-24 14:30:00,1999-01-25 04:45:00,104.4892,1999-01-25 04:45:00,14.2500
04176000,41.904722,-83.980833,2000-05-20 08:45:00,2000-05-21 14:15:00,96.2773,2000-05-20 21:30:00,12.7500
04176000,41.904722,-83.980833,2000-06-26 13:30:00,2000-06-27 14:30:00,90.8971,2000-06-27 00:15:00,10.7500
04176000,41.904722,-83.980833,2002-05-13 18:45:00,2002-05-14 17:30:00,86.6496,2002-05-14 04:00:00,9.2500
04176000,41.904722,-83.980833,2005-01-14 08:45:00,2005-01-15 23:30:00,110.7189,2005-01-15 03:00:00,18.2500
04176000,41.904722,-83.980833,2008-01-09 03:15:00,2008-01-11 17:45:00,104.4892,2008-01-10 05:30:00,26.2500
04176000,41.904722,-83.980833,2008-02-06 15:30:00,2008-02-09 04:30:00,134.7882,2008-02-07 16:30:00,25.0000
04176000,41.904722,-83.980833,2008-07-04 05:00:00,2008-07-06 03:00:00,103.6397,2008-07-04 22:00:00,17.0000
04176000,41.904722,-83.980833,2008-12-28 21:30:00,2008-12-30 20:15:00,100.5248,2008-12-29 18:45:00,21.2500
04176000,41.904722,-83.980833,2009-03-09 05:30:00,2009-03-12 04:45:00,106.7545,2009-03-12 04:45:00,71.2500
04176000,41.904722,-83.980833,2010-05-23 04:15:00,2010-05-25 02:00:00,150.0793,2010-05-23 17:15:00,13.0000
04176000,41.904722,-83.980833,2011-04-28 17:00:00,2011-04-30 13:45:00,109.0199,2011-04-29 10:30:00,17.5000
04176000,41.904722,-83.980833,2011-11-30 04:15:00,2011-12-02 14:00:00,155.1763,2011-12-01 07:30:00,27.2500
04176000,41.904722,-83.980833,2015-06-28 08:00:00,2015-06-30 16:45:00,135.9209,2015-06-29 12:15:00,28.2500
04181500,40.848056,-84.937778,1987-12-15 21:00:00,1987-12-17 18:00:00,82.1189,1987-12-16 14:00:00,17.0000
04181500,40.848056,-84.937778,1987-12-20 18:00:00,1987-12-22 04:00:00,71.0753,1987-12-21 07:00:00,13.0000
04181500,40.848056,-84.937778,1988-02-20 09:00:00,1988-02-21 17:00:00,63.1466,1988-02-21 01:00:00,16.0000
04181500,40.848056,-84.937778,1988-02-23 04:00:00,1988-02-24 17:00:00,69.6594,1988-02-23 15:00:00,11.0000
04181500,40.848056,-84.937778,1988-03-09 07:00:00,1988-03-10 12:00:00,62.8634,1988-03-09 19:00:00,12.0000
04181500,40.848056,-84.937778,1988-04-07 09:00:00,1988-04-09 07:00:00,82.4020,1988-04-08 03:00:00,18.0000
04181500,40.848056,-84.937778,1989-01-08 05:00:00,1989-01-10 03:00:00,77.3050,1989-01-08 20:00:00,15.0000
04181500,40.848056,-84.937778,1989-01-11 18:00:00,1989-01-13 09:00:00,57.2000,1989-01-12 02:00:00,8.0000
04181500,40.848056,-84.937778,1989-04-03 11:00:00,1989-04-09 23:00:00,128.5585,1989-04-05 19:00:00,56.0000
04181500,40.848056,-84.937778,1989-04-26 10:00:00,1989-04-27 23:00:00,77.0218,1989-04-26 22:00:00,12.0000
04181500,40.848056,-84.937778,1989-05-26 05:00:00,1989-06-01 18:00:00,161.1229,1989-05-27 01:00:00,20.0000
04181500,40.848056,-84.937778,1989-06-04 04:00:00,1989-06-07 04:00:00,85.2337,1989-06-05 04:00:00,24.0000
04181500,40.848056,-84.937778,1990-01-04 22:00:00,1990-01-06 03:00:00,63.7129,1990-01-05 09:00:00,11.0000
04181500,40.848056,-84.937778,1990-02-02 13:00:00,1990-02-10 13:00:00,93.4456,1990-02-03 08:00:00,19.0000
04181500,40.848056,-84.937778,1990-02-15 21:00:00,1990-02-26 16:00:00,158.5743,1990-02-23 15:00:00,186.0000
04181500,40.848056,-84.937778,1990-05-13 16:00:00,1990-05-14 21:00:00,66.8278,1990-05-14 03:00:00,11.0000
04181500,40.848056,-84.937778,1990-05-16 12:00:00,1990-05-21 22:00:00,165.3704,1990-05-17 13:00:00,25.0000
04181500,40.848056,-84.937778,1990-06-10 00:00:00,1990-06-13 21:00:00,68.8099,1990-06-12 08:00:00,56.0000
04181500,40.848056,-84.937778,1990-07-16 05:00:00,1990-07-19 07:00:00,74.7565,1990-07-17 18:00:00,37.0000
04181500,40.848056,-84.937778,1990-07-22 22:00:00,1990-07-29 01:00:00,124.5941,1990-07-26 15:00:00,89.0000
04181500,40.848056,-84.937778,1990-08-18 22:00:00,1990-08-20 09:00:00,71.9248,1990-08-19 15:00:00,17.0000
04181500,40.848056,-84.937778,1990-10-10 11:00:00,1990-10-12 20:00:00,88.9149,1990-10-11 07:00:00,20.0000
04181500,40.848056,-84.937778,1990-12-03 20:00:00,1990-12-05 23:00:00,93.4456,1990-12-04 13:00:00,17.0000
04181500,40.848056,-84.937778,1990-12-19 02:00:00,1990-12-25 04:00:00,110.7189,1990-12-23 07:00:00,101.0000
04181500,40.848056,-84.937778,1990-12-29 17:00:00,1991-01-03 04:00:00,271.2754,1991-01-01 05:00:00,60.0000
04181500,40.848056,-84.937778,1991-02-22 05:00:00,1991-02-23 19:00:00,65.6951,1991-02-22 18:00:00,13.0000
04181500,40.848056,-84.937778,1991-04-14 22:00:00,1991-04-15 03:00:00,59.4654,1991-04-15 03:00:00,5.0000
04181500,40.848056,-84.937778,1991-04-20 00:00:00,1991-04-23 11:00:00,90.0476,1991-04-20 17:00:00,17.0000
04181500,40.848056,-84.937778,1991-05-31 09:00:00,1991-06-01 19:00:00,83.2515,1991-05-31 20:00:00,11.0000
04181500,40.848056,-84.937778,1991-06-02 21:00:00,1991-06-04 13:00:00,88.6317,1991-06-03 07:00:00,10.0000
04181500,40.848056,-84.937778,1991-11-21 15:00:00,1991-11-22 00:00:00,56.3505,1991-11-21 18:00:00,3.0000
04181500,40.848056,-84.937778,1992-03-20 09:00:00,1992-03-20 17:00:00,56.9169,1992-03-20 12:00:00,3.0000
04181500,40.848056,-84.937778,1992-04-17 09:00:00,1992-04-24 14:00:00,126.2931,1992-04-19 10:00:00,49.0000
04181500,40.848056,-84.937778,1992-07-13 06:00:00,1992-07-23 18:00:00,294.4952,1992-07-17 06:00:00,96.0000
04181500,40.848056,-84.937778,1992-07-31 10:00:00,1992-08-04 16:00:00,70.5089,1992-08-01 03:00:00,17.0000
04181500,40.848056,-84.937778,1992-09-10 07:00:00,1992-09-14 18:00:00,143.0001,1992-09-12 05:00:00,46.0000
04181500,40.848056,-84.937778,1992-09-22 00:00:00,1992-09-24 03:00:00,80.1367,1992-09-22 20:00:00,20.0000
04181500,40.848056,-84.937778,1992-10-16 14:00:00,1992-10-17 19:00:00,73.0575,1992-10-17 01:00:00,11.0000
04181500,40.848056,-84.937778,1992-11-02 04:00:00,1992-11-05 03:00:00,96.2773,1992-11-03 06:00:00,26.0000
04181500,40.848056,-84.937778,1992-11-12 09:00:00,1992-11-18 11:00:00,154.6100,1992-11-13 21:00:00,36.0000
04181500,40.848056,-84.937778,1992-11-23 01:00:00,1992-11-25 23:00:00,91.1802,1992-11-23 23:00:00,22.0000
04181500,40.848056,-84.937778,1993-01-04 07:00:00,1993-01-09 14:00:00,124.0278,1993-01-05 16:00:00,33.0000
04181500,40.848056,-84.937778,1993-01-21 22:00:00,1993-01-26 11:00:00,80.9862,1993-01-22 15:00:00,17.0000
04181500,40.848056,-84.937778,1993-03-04 16:00:00,1993-03-06 08:00:00,67.1109,1993-03-05 10:00:00,18.0000
04181500,40.848056,-84.937778,1993-03-07 10:00:00,1993-03-14 06:00:00,127.1426,1993-03-09 10:00:00,48.0000
04181500,40.848056,-84.937778,1993-03-23 11:00:00,1993-03-25 13:00:00,83.5347,1993-03-24 06:00:00,19.0000
04181500,40.848056,-84.937778,1993-04-01 07:00:00,1993-04-03 15:00:00,98.8258,1993-04-02 01:00:00,18.0000
04181500,40.848056,-84.937778,1993-04-10 06:00:00,1993-04-11 14:00:00,75.6060,1993-04-10 17:00:00,11.0000
04181500,40.848056,-84.937778,1993-04-16 06:00:00,1993-04-17 13:00:00,70.5089,1993-04-16 19:00:00,13.0000
04181500,40.848056,-84.937778,1993-04-25 14:00:00,1993-04-27 03:00:00,89.4812,1993-04-26 02:00:00,12.0000
04181500,40.848056,-84.937778,1993-06-28 18:00:00,1993-06-30 10:00:00,77.0218,1993-06-29 06:00:00,12.0000
04181500,40.848056,-84.937778,1993-07-02 02:00:00,1993-07-09 16:00:00,187.7407,1993-07-05 18:00:00,88.0000
04181500,40.848056,-84.937778,1993-07-12 00:00:00,1993-07-13 06:00:00,83.5347,1993-07-12 10:00:00,10.0000
04181500,40.848056,-84.937778,1993-07-19 06:00:00,1993-07-24 03:00:00,109.3030,1993-07-20 04:00:00,22.0000
04181500,40.848056,-84.937778,1993-11-17 21:00:00,1993-11-23 01:00:00,95.9941,1993-11-20 01:00:00,52.0000
04181500,40.848056,-84.937778,1993-12-05 09:00:00,1993-12-05 21:00:00,57.7664,1993-12-05 15:00:00,6.0000
04181500,40.848056,-84.937778,1994-01-28 05:00:00,1994-01-31 04:00:00,128.8417,1994-01-29 06:00:00,25.0000
04181500,40.848056,-84.937778,1994-02-19 20:00:00,1994-02-22 10:00:00,67.3941,1994-02-21 01:00:00,29.0000
04181500,40.848056,-84.937778,1994-04-10 16:00:00,1994-04-17 10:00:00,155.4595,1994-04-13 16:00:00,72.0000
04181500,40.848056,-84.937778,1995-01-21 03:00:00,1995-01-22 00:00:00,60.8812,1995-01-21 10:00:00,7.0000
04181500,40.848056,-84.937778,1995-04-10 14:00:00,1995-04-15 01:00:00,109.5862,1995-04-11 11:00:00,21.0000
04181500,40.848056,-84.937778,1995-05-25 05:00:00,1995-05-25 13:00:00,56.9169,1995-05-25 08:00:00,3.0000
04181500,40.848056,-84.937778,1995-06-10 23:00:00,1995-06-14 04:00:00,68.5268,1995-06-11 18:00:00,19.0000
04181500,40.848056,-84.937778,1995-06-29 03:00:00,1995-06-29 13:00:00,57.2000,1995-06-29 12:00:00,9.0000
04181500,40.848056,-84.937778,1996-01-18 09:00:00,1996-01-20 04:00:00,165.3704,1996-01-20 02:00:00,41.0000
04181500,40.848056,-84.937778,1996-02-27 19:00:00,1996-03-02 04:00:00,83.2515,1996-02-28 14:00:00,19.0000
04181500,40.848056,-84.937778,1996-04-24 00:00:00,1996-04-25 08:00:00,65.4119,1996-04-24 12:00:00,12.0000
04181500,40.848056,-84.937778,1996-04-26 09:00:00,1996-04-27 21:00:00,60.5981,1996-04-27 02:00:00,17.0000
04181500,40.848056,-84.937778,1996-04-30 11:00:00,1996-05-04 08:00:00,65.4119,1996-05-01 01:00:00,14.0000
04181500,40.848056,-84.937778,1996-05-11 01:00:00,1996-05-14 17:00:00,84.9505,1996-05-12 00:00:00,23.0000
04181500,40.848056,-84.937778,1996-05-25 06:00:00,1996-05-26 14:00:00,67.1109,1996-05-25 18:00:00,12.0000
04181500,40.848056,-84.937778,1996-05-27 21:00:00,1996-06-02 02:00:00,180.0951,1996-05-30 05:00:00,56.0000
04181500,40.848056,-84.937778,1996-06-10 00:00:00,1996-06-13 05:00:00,99.3921,1996-06-11 04:00:00,28.0000
04181500,40.848056,-84.937778,1996-07-18 15:00:00,1996-07-21 09:00:00,130.5407,1996-07-19 13:00:00,22.0000
04181500,40.848056,-84.937778,1997-12-25 15:00:00,1997-12-26 07:00:00,59.7485,1997-12-25 21:00:00,6.0000
04181500,40.848056,-84.937778,1998-01-08 08:00:00,1998-01-13 19:00:00,95.1446,1998-01-09 08:00:00,24.0000
04181500,40.848056,-84.937778,1998-02-18 04:00:00,1998-02-23 07:00:00,103.3565,1998-02-19 03:00:00,23.0000
04181500,40.848056,-84.937778,1998-03-09 13:00:00,1998-03-11 08:00:00,90.0476,1998-03-10 04:00:00,15.0000
04181500,40.848056,-84.937778,1998-03-19 01:00:00,1998-03-25 13:00:00,103.3565,1998-03-22 09:00:00,80.0000
04181500,40.848056,-84.937778,1998-04-09 14:00:00,1998-04-14 14:00:00,172.4496,1998-04-10 16:30:00,26.5000
04181500,40.848056,-84.937778,1998-04-16 09:00:00,1998-04-17 10:00:00,78.1545,1998-04-16 17:30:00,8.5000
04181500,40.848056,-84.937778,1998-06-12 07:00:00,1998-06-18 16:00:00,117.2317,1998-06-13 11:00:00,28.0000
04181500,40.848056,-84.937778,1998-07-04 14:00:00,1998-07-05 11:00:00,68.2436,1998-07-04 23:00:00,9.0000
04181500,40.848056,-84.937778,1998-08-05 06:00:00,1998-08-11 15:00:00,108.7367,1998-08-06 19:00:00,37.0000
04181500,40.848056,-84.937778,1999-01-22 16:00:00,1999-01-29 13:00:00,265.8952,1999-01-25 09:00:00,65.0000
04181500,40.848056,-84.937778,1999-02-28 03:00:00,1999-03-07 18:00:00,110.4357,1999-03-01 08:00:00,29.0000
04181500,40.848056,-84.937778,1999-03-17 21:00:00,1999-03-19 10:00:00,79.5703,1999-03-18 09:00:00,12.0000
04181500,40.848056,-84.937778,1999-04-16 14:00:00,1999-04-19 00:00:00,87.4991,1999-04-17 13:00:00,23.0000
04181500,40.848056,-84.937778,1999-04-28 18:00:00,1999-04-29 14:00:00,65.9783,1999-04-29 02:00:00,8.0000
04181500,40.848056,-84.937778,2000-06-14 01:00:00,2000-06-17 10:00:00,127.9921,2000-06-15 10:00:00,33.0000
04181500,40.848056,-84.937778,2000-12-17 06:00:00,2000-12-18 07:00:00,66.8278,2000-12-17 17:00:00,11.0000
04181500,40.848056,-84.937778,2001-01-30 21:00:00,2001-02-01 08:00:00,71.0753,2001-01-31 08:00:00,11.0000
04181500,40.848056,-84.937778,2001-02-09 18:00:00,2001-02-12 07:00:00,98.5426,2001-02-10 14:00:00,20.0000
04181500,40.848056,-84.937778,2001-02-14 23:00:00,2001-02-16 23:00:00,80.7030,2001-02-15 16:00:00,17.0000
04181500,40.848056,-84.937778,2001-04-12 03:00:00,2001-04-13 00:00:00,62.2971,2001-04-12 13:00:00,10.0000
04181500,40.848056,-84.937778,2001-04-16 07:00:00,2001-04-17 00:00:00,59.1822,2001-04-16 16:00:00,9.0000
04181500,40.848056,-84.937778,2001-05-18 14:00:00,2001-05-23 04:00:00,74.7565,2001-05-19 07:00:00,17.0000
04181500,40.848056,-84.937778,2001-05-25 09:00:00,2001-05-25 23:00:00,57.7664,2001-05-25 14:00:00,5.0000
04181500,40.848056,-84.937778,2001-10-12 22:00:00,2001-10-13 09:00:00,56.9169,2001-10-13 02:00:00,4.0000
04181500,40.848056,-84.937778,2001-10-15 02:00:00,2001-10-19 14:00:00,101.3743,2001-10-17 10:00:00,56.0000
04181500,40.848056,-84.937778,2001-10-24 22:00:00,2001-10-27 16:00:00,97.9763,2001-10-26 03:00:00,29.0000
04181500,40.848056,-84.937778,2001-11-30 13:00:00,2001-12-02 07:00:00,83.5347,2001-12-01 04:00:00,15.0000
04181500,40.848056,-84.937778,2001-12-15 03:00:00,2001-12-16 04:00:00,71.3585,2001-12-15 13:00:00,10.0000
04181500,40.848056,-84.937778,2001-12-17 09:00:00,2001-12-23 01:00:00,115.8159,2001-12-18 18:00:00,33.0000
04181500,40.848056,-84.937778,2002-01-31 14:00:00,2002-02-06 22:00:00,123.1783,2002-02-02 02:00:00,36.0000
04181500,40.848056,-84.937778,2002-03-03 06:00:00,2002-03-04 15:00:00,85.8000,2002-03-03 18:00:00,12.0000
04181500,40.848056,-84.937778,2002-03-30 02:00:00,2002-04-05 06:00:00,155.1763,2002-03-31 16:00:00,38.0000
04181500,40.848056,-84.937778,2002-04-09 13:00:00,2002-04-10 13:00:00,65.6951,2002-04-09 23:00:00,10.0000
04181500,40.848056,-84.937778,2002-04-28 15:00:00,2002-04-29 13:00:00,68.8099,2002-04-29 01:00:00,10.0000
04181500,40.848056,-84.937778,2002-05-13 04:00:00,2002-05-18 17:00:00,87.2159,2002-05-14 05:00:00,25.0000
04181500,40.848056,-84.937778,2002-06-05 15:00:00,2002-06-06 06:00:00,73.0575,2002-06-05 21:00:00,6.0000
04181500,40.848056,-84.937778,2002-12-20 10:00:00,2002-12-20 23:00:00,58.0495,2002-12-20 16:00:00,6.0000
04181500,40.848056,-84.937778,2002-12-31 13:00:00,2003-01-02 13:00:00,85.8000,2003-01-01 08:00:00,19.0000
04181500,40.848056,-84.937778,2003-03-09 11:00:00,2003-03-20 21:00:00,123.1783,2003-03-15 06:00:00,139.0000
04181500,40.848056,-84.937778,2003-04-05 04:00:00,2003-04-09 20:00:00,114.4001,2003-04-05 18:00:00,14.0000
04181500,40.848056,-84.937778,2003-05-05 12:00:00,2003-05-17 10:00:00,211.5268,2003-05-11 17:00:00,149.0000
04181500,40.848056,-84.937778,2003-06-14 00:00:00,2003-06-22 07:00:00,148.9466,2003-06-18 20:00:00,116.0000
04181500,40.848056,-84.937778,2003-07-05 04:00:00,2003-07-16 05:00:00,424.7527,2003-07-09 11:00:00,103.0000
04181500,40.848056,-84.937778,2003-07-24 04:00:00,2003-07-24 23:00:00,56.9169,2003-07-24 12:00:00,8.0000
04181500,40.848056,-84.937778,2003-08-02 08:00:00,2003-08-09 20:00:00,187.7407,2003-08-05 20:00:00,84.0000
04181500,40.848056,-84.937778,2003-09-02 07:00:00,2003-09-07 04:00:00,107.3208,2003-09-03 09:00:00,26.0000
04181500,40.848056,-84.937778,2003-09-25 18:00:00,2003-09-26 00:00:00,57.2000,2003-09-25 20:00:00,2.0000
04181500,40.848056,-84.937778,2003-09-27 05:00:00,2003-10-01 09:00:00,131.6733,2003-09-28 04:00:00,23.0000
04181500,40.848056,-84.937778,2003-11-28 22:00:00,2003-11-29 20:00:00,64.2792,2003-11-29 06:00:00,8.0000
04181500,40.848056,-84.937778,2003-12-01 19:00:00,2003-12-02 20:00:00,57.7664,2003-12-02 05:00:00,10.0000
04181500,40.848056,-84.937778,2003-12-10 05:00:00,2003-12-12 12:00:00,84.9505,2003-12-11 04:00:00,23.0000
04181500,40.848056,-84.937778,2003-12-23 17:00:00,2003-12-28 03:00:00,98.2595,2003-12-24 17:00:00,24.0000
04181500,40.848056,-84.937778,2004-01-04 13:00:00,2004-01-05 03:59:18,119.4971,2004-01-05 03:59:18,14.9883
04181500,40.848056,-84.937778,2004-02-21 06:00:00,2004-02-22 00:00:00,61.7307,2004-02-21 13:00:00,7.0000
04181500,40.848056,-84.937778,2004-03-02 09:00:00,2004-03-02 21:00:00,58.0495,2004-03-02 13:00:00,4.0000
04181500,40.848056,-84.937778,2004-03-05 03:00:00,2004-03-07 18:00:00,93.7288,2004-03-06 02:00:00,23.0000
04181500,40.848056,-84.937778,2004-05-22 00:00:00,2004-05-22 06:00:00,57.7664,2004-05-22 02:00:00,2.0000
04181500,40.848056,-84.937778,2004-05-31 15:00:00,2004-06-01 04:00:00,58.0495,2004-05-31 22:00:00,7.0000
04181500,40.848056,-84.937778,2004-06-12 01:00:00,2004-06-20 12:00:00,186.6080,2004-06-14 08:00:00,55.0000
04181500,40.848056,-84.937778,2004-08-29 14:00:00,2004-09-02 01:00:00,113.2674,2004-08-31 05:00:00,39.0000
04181500,40.848056,-84.937778,2004-09-04 19:00:00,2004-09-05 15:00:00,60.3149,2004-09-05 03:00:00,8.0000
04181500,40.848056,-84.937778,2004-11-25 03:00:00,2004-11-27 04:00:00,84.3842,2004-11-25 20:00:00,17.0000
04181500,40.848056,-84.937778,2004-11-28 09:00:00,2004-11-29 21:00:00,66.2614,2004-11-28 22:00:00,13.0000
04181500,40.848056,-84.937778,2004-12-01 09:00:00,2004-12-02 15:00:00,66.2614,2004-12-02 00:00:00,15.0000
04181500,40.848056,-84.937778,2004-12-08 00:00:00,2004-12-09 12:00:00,78.1545,2004-12-08 14:00:00,14.0000
04181500,40.848056,-84.937778,2004-12-11 04:00:00,2004-12-12 17:00:00,69.9426,2004-12-11 18:00:00,14.0000
04181500,40.848056,-84.937778,2004-12-31 18:00:00,2005-01-01 18:00:00,66.8278,2005-01-01 02:00:00,8.0000
04181500,40.848056,-84.937778,2005-02-08 07:00:00,2005-02-18 03:00:00,116.9486,2005-02-15 08:00:00,169.0000
04181500,40.848056,-84.937778,2005-04-23 13:00:00,2005-04-29 22:00:00,110.1525,2005-04-24 19:00:00,30.0000
04181500,40.848056,-84.937778,2005-11-16 17:00:00,2005-11-17 09:00:00,58.8990,2005-11-16 22:00:00,5.0000
04181500,40.848056,-84.937778,2005-12-26 15:00:00,2006-01-05 11:00:00,141.3011,2005-12-30 14:00:00,95.0000
04181500,40.848056,-84.937778,2006-02-03 22:00:00,2006-02-06 04:00:00,66.8278,2006-02-05 13:00:00,39.0000
04181500,40.848056,-84.937778,2006-02-17 05:00:00,2006-02-18 23:00:00,83.2515,2006-02-17 23:00:00,18.0000
04181500,40.848056,-84.937778,2006-03-13 00:00:00,2006-03-13 21:00:00,60.0317,2006-03-13 09:00:00,9.0000
04181500,40.848056,-84.937778,2006-04-03 10:00:00,2006-04-04 19:00:00,77.3050,2006-04-04 00:00:00,14.0000
04181500,40.848056,-84.937778,2006-04-15 11:00:00,2006-04-19 14:00:00,85.8000,2006-04-16 06:00:00,19.0000
04181500,40.848056,-84.937778,2006-05-15 09:00:00,2006-05-17 07:00:00,69.0931,2006-05-16 05:00:00,20.0000
04181500,40.848056,-84.937778,2006-05-18 11:00:00,2006-05-19 03:00:00,58.8990,2006-05-18 17:00:00,6.0000
04181500,40.848056,-84.937778,2006-11-17 02:00:00,2006-11-17 23:00:00,62.2971,2006-11-17 12:00:00,10.0000
04181500,40.848056,-84.937778,2006-12-01 11:00:00,2006-12-07 23:00:00,120.9129,2006-12-06 00:00:00,109.0000
04181500,40.848056,-84.937778,2006-12-26 14:00:00,2006-12-27 03:00:00,71.9248,2006-12-27 03:00:00,13.0000
04181500,40.848056,-84.937778,2006-12-31 20:00:00,2007-01-04 01:00:00,122.3288,2007-01-01 22:00:00,26.0000
04181500,40.848056,-84.937778,2007-01-05 23:15:00,2007-01-09 04:45:00,143.5664,2007-01-07 20:30:00,45.2500
04181500,40.848056,-84.937778,2007-01-13 06:30:00,2007-01-21 05:15:00,196.2357,2007-01-16 21:15:00,86.7500
04181500,40.848056,-84.937778,2007-03-02 01:00:00,2007-03-08 10:00:00,148.3803,2007-03-03 21:30:00,44.5000
04181500,40.848056,-84.937778,2007-03-15 09:15:00,2007-03-21 07:15:00,125.7268,2007-03-18 16:45:00,79.5000
04181500,40.848056,-84.937778,2007-03-23 14:00:00,2007-03-29 13:30:00,134.5050,2007-03-24 23:30:00,33.5000
04181500,40.848056,-84.937778,2007-04-12 05:30:00,2007-04-13 15:15:00,79.8535,2007-04-12 19:00:00,13.5000
04181500,40.848056,-84.937778,2007-04-26 14:30:00,2007-05-01 14:30:00,121.4793,2007-04-27 21:00:00,30.5000
04181500,40.848056,-84.937778,2007-08-21 12:30:00,2007-08-21 21:30:00,60.8812,2007-08-21 15:30:00,3.0000
04181500,40.848056,-84.937778,2007-11-22 12:45:00,2007-11-24 01:00:00,72.2080,2007-11-23 04:00:00,15.2500
04181500,40.848056,-84.937778,2007-11-27 00:30:00,2007-11-28 15:30:00,73.6238,2007-11-27 17:30:00,17.0000
04181500,40.848056,-84.937778,2007-12-03 10:15:00,2007-12-04 06:45:00,63.9961,2007-12-03 19:00:00,8.7500
04181500,40.848056,-84.937778,2007-12-12 02:00:00,2007-12-18 18:15:00,139.3189,2007-12-13 20:45:00,42.7500
04181500,40.848056,-84.937778,2007-12-23 02:30:00,2007-12-25 04:00:00,86.6496,2007-12-23 23:15:00,20.7500
04181500,40.848056,-84.937778,2008-01-09 06:00:00,2008-01-15 06:30:00,98.2595,2008-01-13 08:45:00,98.7500
04181500,40.848056,-84.937778,2008-02-05 12:15:00,2008-02-13 17:15:00,283.1685,2008-02-08 13:30:00,73.2500
04181500,40.848056,-84.937778,2008-02-18 02:15:00,2008-02-19 04:45:00,72.4911,2008-02-18 11:15:00,9.0000
04181500,40.848056,-84.937778,2008-03-03 10:45:00,2008-03-09 16:00:00,105.0555,2008-03-07 11:15:00,96.5000
04181500,40.848056,-84.937778,2008-03-12 08:00:00,2008-03-18 04:00:00,84.3842,2008-03-15 09:45:00,73.7500
04181500,40.848056,-84.937778,2008-03-19 08:15:00,2008-03-25 02:15:00,131.3902,2008-03-20 18:30:00,34.2500
04181500,40.848056,-84.937778,2008-03-28 07:45:00,2008-03-30 00:45:00,82.9684,2008-03-28 23:15:00,15.5000
04181500,40.848056,-84.937778,2008-04-01 06:30:00,2008-04-03 09:45:00,92.8793,2008-04-01 23:30:00,17.0000
04181500,40.848056,-84.937778,2008-04-12 07:45:00,2008-04-12 11:45:00,55.5010,2008-04-12 08:45:00,1.0000
04181500,40.848056,-84.937778,2008-05-12 00:45:00,2008-05-17 18:45:00,78.1545,2008-05-16 20:00:00,115.2500
04181500,40.848056,-84.937778,2008-12-25 03:30:00,2008-12-26 02:00:00,64.5624,2008-12-25 11:45:00,8.2500
04181500,40.848056,-84.937778,2008-12-27 20:45:00,2008-12-31 02:00:00,116.3822,2008-12-28 23:30:00,26.7500
04181500,40.848056,-84.937778,2009-02-08 18:45:00,2009-02-09 09:00:00,57.7664,2009-02-09 01:00:00,6.2500
04181500,40.848056,-84.937778,2009-02-11 00:45:00,2009-02-18 01:15:00,223.1368,2009-02-13 00:45:00,48.0000
04181500,40.848056,-84.937778,2009-03-08 13:45:00,2009-03-14 20:15:00,222.8536,2009-03-09 18:15:00,28.5000
04181500,40.848056,-84.937778,2009-04-06 03:00:00,2009-04-10 04:45:00,138.1862,2009-04-07 03:00:00,24.0000
04181500,40.848056,-84.937778,2009-04-14 08:30:00,2009-04-16 16:00:00,88.3486,2009-04-15 06:45:00,22.2500
04181500,40.848056,-84.937778,2009-05-05 13:45:00,2009-05-06 14:15:00,58.8990,2009-05-06 01:45:00,12.0000
04181500,40.848056,-84.937778,2009-05-08 08:45:00,2009-05-08 19:45:00,57.4832,2009-05-08 12:30:00,3.7500
04181500,40.848056,-84.937778,2009-12-26 07:00:00,2009-12-26 16:45:00,57.7664,2009-12-26 10:30:00,3.5000
04181500,40.848056,-84.937778,2010-01-25 04:15:00,2010-01-26 10:45:00,69.0931,2010-01-25 15:15:00,11.0000
04181500,40.848056,-84.937778,2010-03-13 14:45:00,2010-03-18 11:15:00,107.3208,2010-03-14 23:15:00,31.5000
04181500,40.848056,-84.937778,2010-03-28 20:15:00,2010-03-31 03:30:00,92.8793,2010-03-29 16:00:00,19.7500
04181500,40.848056,-84.937778,2010-04-26 07:00:00,2010-04-27 02:15:00,68.2436,2010-04-26 14:00:00,7.0000
04181500,40.848056,-84.937778,2010-05-18 07:00:00,2010-05-19 21:45:00,78.7208,2010-05-18 21:15:00,14.2500
04181500,40.848056,-84.937778,2010-05-21 18:15:00,2010-05-25 05:45:00,98.2595,2010-05-22 22:30:00,28.2500
04181500,40.848056,-84.937778,2010-05-28 19:30:00,2010-05-29 03:15:00,56.6337,2010-05-28 22:15:00,2.7500
04181500,40.848056,-84.937778,2010-06-10 00:00:00,2010-06-11 03:45:00,64.5624,2010-06-10 12:15:00,12.2500
04181500,40.848056,-84.937778,2010-06-12 06:45:00,2010-06-20 00:00:00,92.3129,2010-06-16 23:15:00,112.5000
04181500,40.848056,-84.937778,2011-02-17 21:45:00,2011-02-24 04:45:00,156.3090,2011-02-19 08:30:00,34.7500
04181500,40.848056,-84.937778,2011-02-28 08:15:00,2011-03-12 22:45:00,243.8080,2011-03-03 09:45:00,73.5000
04181500,40.848056,-84.937778,2011-05-15 10:30:00,2011-05-17 19:45:00,77.3050,2011-05-15 22:30:00,12.0000
04181500,40.848056,-84.937778,2011-05-24 02:00:00,2011-06-02 00:45:00,159.9902,2011-05-27 02:30:00,72.5000
04181500,40.848056,-84.937778,2011-10-20 14:30:00,2011-10-22 06:45:00,78.1545,2011-10-21 05:30:00,15.0000
04181500,40.848056,-84.937778,2011-11-23 04:30:00,2011-11-25 03:45:00,86.0832,2011-11-23 21:00:00,16.5000
04181500,40.848056,-84.937778,2011-11-28 04:30:00,2011-12-11 12:15:00,172.7328,2011-11-30 21:45:00,65.2500
04181500,40.848056,-84.937778,2011-12-15 08:30:00,2011-12-17 13:45:00,98.5426,2011-12-16 07:00:00,22.5000
04181500,40.848056,-84.937778,2011-12-21 11:30:00,2011-12-24 04:00:00,109.0199,2011-12-22 08:45:00,21.2500
04181500,40.848056,-84.937778,2012-01-17 13:15:00,2012-01-19 22:15:00,125.7268,2012-01-18 09:45:00,20.5000
04181500,40.848056,-84.937778,2012-01-23 21:15:00,2012-01-25 00:45:00,71.9248,2012-01-24 07:45:00,10.5000
04181500,40.848056,-84.937778,2012-01-27 00:15:00,2012-01-31 07:45:00,94.5783,2012-01-28 07:30:00,31.2500
04181500,40.848056,-84.937778,2012-03-03 04:15:00,2012-03-05 00:45:00,79.5703,2012-03-03 22:30:00,18.2500
04181500,40.848056,-84.937778,2012-03-24 14:45:00,2012-03-25 10:30:00,67.1109,2012-03-24 21:45:00,7.0000
04181500,40.848056,-84.937778,2013-01-11 15:30:00,2013-01-19 19:15:00,274.1071,2013-01-14 22:15:00,78.7500
04181500,40.848056,-84.937778,2013-01-31 00:00:00,2013-02-01 04:00:00,72.2080,2013-01-31 11:00:00,11.0000
04181500,40.848056,-84.937778,2013-02-27 16:30:00,2013-02-28 20:30:00,69.6594,2013-02-28 03:15:00,10.7500
04181500,40.848056,-84.937778,2013-04-11 02:45:00,2013-04-21 04:45:00,180.0951,2013-04-12 09:45:00,31.0000
04181500,40.848056,-84.937778,2013-04-24 18:45:00,2013-04-25 23:00:00,73.0575,2013-04-25 06:15:00,11.5000
04181500,40.848056,-84.937778,2014-02-21 13:30:00,2014-02-28 20:30:00,165.0872,2014-02-25 08:15:00,90.7500
04181500,40.848056,-84.937778,2014-03-11 04:00:00,2014-03-13 12:30:00,69.3763,2014-03-12 14:30:00,34.5000
04181500,40.848056,-84.937778,2014-03-15 00:15:00,2014-03-17 16:30:00,97.4100,2014-03-15 23:45:00,23.5000
04181500,40.848056,-84.937778,2014-04-03 18:45:00,2014-04-11 01:30:00,160.5565,2014-04-05 04:15:00,33.5000
04181500,40.848056,-84.937778,2014-05-15 06:30:00,2014-05-16 16:45:00,79.2872,2014-05-15 19:30:00,13.0000
04181500,40.848056,-84.937778,2014-06-08 22:45:00,2014-06-09 12:00:00,59.7485,2014-06-09 04:45:00,6.0000
04181500,40.848056,-84.937778,2014-06-24 22:15:00,2014-06-27 21:45:00,87.7822,2014-06-26 01:45:00,27.5000
04181500,40.848056,-84.937778,2014-08-22 12:00:00,2014-08-23 00:45:00,70.5089,2014-08-22 15:30:00,3.5000
04181500,40.848056,-84.937778,2014-09-11 08:30:00,2014-09-12 08:15:00,70.7921,2014-09-11 19:00:00,10.5000
04181500,40.848056,-84.937778,2014-11-24 10:00:00,2014-11-26 02:45:00,91.4634,2014-11-25 01:15:00,15.2500
04181500,40.848056,-84.937778,2015-03-09 22:15:00,2015-03-18 19:15:00,91.7466,2015-03-15 06:30:00,128.2500
04181500,40.848056,-84.937778,2015-03-26 15:15:00,2015-03-27 21:30:00,72.2080,2015-03-27 03:30:00,12.2500
04181500,40.848056,-84.937778,2015-05-31 18:15:00,2015-06-02 01:00:00,70.7921,2015-06-01 05:45:00,11.5000
04181500,40.848056,-84.937778,2015-06-08 18:00:00,2015-06-10 18:00:00,90.6139,2015-06-09 13:15:00,19.2500
04181500,40.848056,-84.937778,2015-06-13 11:00:00,2015-06-25 05:30:00,342.6338,2015-06-18 23:45:00,132.7500
04181500,40.848056,-84.937778,2015-06-27 05:15:00,2015-07-04 16:15:00,204.1645,2015-06-28 11:15:00,30.0000
04181500,40.848056,-84.937778,2015-07-09 10:45:00,2015-07-18 23:45:00,163.6714,2015-07-11 00:15:00,37.5000
04181500,40.848056,-84.937778,2015-12-27 09:00:00,2016-01-03 19:45:00,163.1050,2015-12-29 16:45:00,55.7500
04181500,40.848056,-84.937778,2016-03-11 05:15:00,2016-03-12 04:00:00,63.1466,2016-03-11 15:45:00,10.5000
04181500,40.848056,-84.937778,2016-03-13 20:15:00,2016-03-18 20:00:00,105.0555,2016-03-15 07:30:00,35.2500
04181500,40.848056,-84.937778,2016-03-28 11:00:00,2016-03-29 21:15:00,69.9426,2016-03-29 01:30:00,14.5000
04181500,40.848056,-84.937778,2016-03-31 07:00:00,2016-04-02 18:30:00,88.0654,2016-04-01 05:30:00,22.5000
04116000,42.971944,-85.069167,1990-01-18 17:00:00,1990-01-18 21:00:00,126.0100,1990-01-18 18:00:00,1.0000
04116000,42.971944,-85.069167,1990-01-25 22:00:00,1990-01-30 07:00:00,172.1664,1990-01-26 22:00:00,24.0000
04116000,42.971944,-85.069167,1990-03-10 17:00:00,1990-03-26 19:00:00,385.1091,1990-03-14 15:00:00,94.0000
04116000,42.971944,-85.069167,1990-10-11 01:00:00,1990-10-17 16:00:00,167.9189,1990-10-12 14:00:00,37.0000
04116000,42.971944,-85.069167,1990-11-06 04:00:00,1990-11-14 17:00:00,250.8873,1990-11-08 06:00:00,50.0000
04116000,42.971944,-85.069167,1990-11-28 04:00:00,1990-12-09 12:00:00,342.6338,1990-11-30 10:00:00,54.0000
04116000,42.971944,-85.069167,1990-12-30 00:00:00,1991-01-07 21:00:00,211.2437,1990-12-31 21:00:00,45.0000
04116000,42.971944,-85.069167,1991-03-03 00:00:00,1991-03-12 03:00:00,194.8199,1991-03-04 12:00:00,36.0000
04116000,42.971944,-85.069167,1991-03-28 03:00:00,1991-04-04 00:00:00,220.8714,1991-03-30 05:00:00,50.0000
04116000,42.971944,-85.069167,1991-04-09 18:00:00,1991-05-05 05:00:00,246.6397,1991-04-17 17:00:00,191.0000
04116000,42.971944,-85.069167,1991-11-30 19:00:00,1991-12-03 06:00:00,140.7347,1991-12-01 09:00:00,14.0000
04116000,42.971944,-85.069167,1991-12-08 21:00:00,1991-12-16 16:00:00,152.9110,1991-12-14 07:00:00,130.0000
04116000,42.971944,-85.069167,1992-03-27 03:00:00,1992-04-02 12:00:00,152.9110,1992-03-28 16:00:00,37.0000
04116000,42.971944,-85.069167,1992-07-15 09:00:00,1992-07-15 16:00:00,128.5585,1992-07-15 14:00:00,5.0000
04116000,42.971944,-85.069167,1992-11-03 07:00:00,1992-11-08 00:00:00,149.2298,1992-11-04 03:00:00,20.0000
04116000,42.971944,-85.069167,1992-11-13 10:00:00,1992-11-21 06:00:00,181.5110,1992-11-14 16:00:00,30.0000
04116000,42.971944,-85.069167,1992-11-23 14:00:00,1992-12-02 17:00:00,187.1744,1992-11-26 00:00:00,58.0000
04116000,42.971944,-85.069167,1992-12-31 10:00:00,1993-01-09 04:00:00,348.2972,1993-01-06 23:00:00,157.0000
04116000,42.971944,-85.069167,1993-01-23 14:00:00,1993-01-26 19:00:00,131.1070,1993-01-25 13:00:00,47.0000
04116000,42.971944,-85.069167,1993-06-20 17:00:00,1993-06-27 13:00:00,177.2635,1993-06-21 14:00:00,21.0000
04116000,42.971944,-85.069167,1993-07-26 02:00:00,1993-07-27 20:00:00,152.3446,1993-07-27 00:00:00,22.0000
04116000,42.971944,-85.069167,1993-10-17 21:30:00,1993-10-26 21:30:00,204.1645,1993-10-20 07:30:00,58.0000
04116000,42.971944,-85.069167,1994-03-08 05:00:00,1994-03-17 12:00:00,263.9130,1994-03-08 23:30:00,18.5000
04116000,42.971944,-85.069167,1994-03-21 23:00:00,1994-03-31 05:30:00,169.0516,1994-03-24 11:00:00,60.0000
04116000,42.971944,-85.069167,1994-04-26 10:00:00,1994-05-05 17:30:00,190.5724,1994-04-27 16:00:00,30.0000
04116000,42.971944,-85.069167,1994-06-24 20:00:00,1994-07-04 00:00:00,314.3170,1994-06-27 18:00:00,70.0000
04116000,42.971944,-85.069167,1994-07-05 19:00:00,1994-07-16 19:00:00,274.1071,1994-07-10 15:30:00,116.5000
04116000,42.971944,-85.069167,1994-11-02 07:30:00,1994-11-15 09:30:00,242.9585,1994-11-07 16:30:00,129.0000
04116000,42.971944,-85.069167,1994-12-18 23:30:00,1994-12-22 00:30:00,134.5050,1994-12-20 12:00:00,36.5000
04116000,42.971944,-85.069167,1995-01-21 18:00:00,1995-01-27 04:00:00,141.0179,1995-01-24 13:30:00,67.5000
04116000,42.971944,-85.069167,1995-03-12 11:00:00,1995-03-25 10:30:00,250.3209,1995-03-15 11:30:00,72.5000
04116000,42.971944,-85.069167,1995-04-27 19:00:00,1995-04-30 23:30:00,144.9823,1995-04-28 21:00:00,26.0000
04116000,42.971944,-85.069167,1996-05-21 08:30:00,1996-05-28 18:30:00,302.9903,1996-05-23 01:00:00,40.5000
04116000,42.971944,-85.069167,1996-06-18 13:00:00,1996-06-27 19:30:00,359.6240,1996-06-20 11:30:00,46.5000
04116000,42.971944,-85.069167,1997-02-21 15:00:00,1997-03-17 18:30:00,495.5448,1997-02-23 14:00:00,47.0000
04116000,42.971944,-85.069167,1997-03-30 19:00:00,1997-04-04 17:00:00,143.5664,1997-04-02 23:30:00,76.5000
04116000,42.971944,-85.069167,1997-04-06 19:30:00,1997-04-07 17:30:00,132.8060,1997-04-07 07:30:00,12.0000
04116000,42.971944,-85.069167,1998-01-07 04:00:00,1998-01-14 19:30:00,174.7149,1998-01-11 12:00:00,104.0000
04116000,42.971944,-85.069167,1998-02-13 04:00:00,1998-02-15 16:30:00,137.3367,1998-02-13 18:30:00,14.5000
04116000,42.971944,-85.069167,1998-02-16 23:30:00,1998-03-04 12:00:00,286.0002,1998-02-20 06:00:00,78.5000
04116000,42.971944,-85.069167,1998-05-02 05:30:00,1998-05-10 04:30:00,190.8555,1998-05-05 13:00:00,79.5000
04116000,42.971944,-85.069167,1999-04-23 07:30:00,1999-05-03 10:00:00,373.7824,1999-04-25 10:00:00,50.5000
04116000,42.971944,-85.069167,2000-04-21 12:30:00,2000-04-26 15:00:00,166.5031,2000-04-22 05:30:00,17.0000
04116000,42.971944,-85.069167,2000-05-18 16:00:00,2000-05-30 07:00:00,438.9111,2000-05-20 19:30:00,51.5000
04116000,42.971944,-85.069167,2000-09-23 20:30:00,2000-09-26 01:30:00,171.0338,2000-09-24 10:00:00,13.5000
04116000,42.971944,-85.069167,2001-02-09 22:00:00,2001-02-17 04:30:00,393.6042,2001-02-12 09:30:00,59.5000
04116000,42.971944,-85.069167,2001-02-25 12:00:00,2001-03-09 18:00:00,302.9903,2001-02-27 22:00:00,58.0000
04116000,42.971944,-85.069167,2001-05-16 16:30:00,2001-05-25 03:30:00,339.8022,2001-05-18 11:00:00,42.5000
04116000,42.971944,-85.069167,2001-05-28 17:30:00,2001-06-01 18:30:00,144.4159,2001-05-30 10:30:00,41.0000
04116000,42.971944,-85.069167,2001-06-02 19:30:00,2001-06-05 23:30:00,134.2219,2001-06-04 11:30:00,40.0000
04116000,42.971944,-85.069167,2001-10-25 11:30:00,2001-10-29 17:00:00,143.0001,2001-10-27 11:30:00,48.0000
04116000,42.971944,-85.069167,2002-02-21 11:30:00,2002-02-26 16:30:00,154.0436,2002-02-22 23:30:00,36.0000
04116000,42.971944,-85.069167,2002-03-09 07:30:00,2002-03-19 07:00:00,240.9764,2002-03-11 13:30:00,54.0000
04116000,42.971944,-85.069167,2002-04-09 14:30:00,2002-04-14 21:00:00,162.5387,2002-04-10 13:00:00,22.5000
04116000,42.971944,-85.069167,2002-05-13 08:00:00,2002-05-16 03:30:00,142.1506,2002-05-13 18:30:00,10.5000
04116000,42.971944,-85.069167,2002-05-17 04:30:00,2002-05-20 17:30:00,146.3981,2002-05-18 11:30:00,31.0000
04116000,42.971944,-85.069167,2003-04-05 17:30:00,2003-04-08 12:30:00,143.0001,2003-04-06 14:00:00,19.5000
04116000,42.971944,-85.069167,2004-03-02 18:30:00,2004-03-15 11:00:00,328.4754,2004-03-07 08:30:00,110.0000
04116000,42.971944,-85.069167,2004-06-13 22:00:00,2004-06-18 09:30:00,144.6991,2004-06-16 11:30:00,61.5000
04116000,42.971944,-85.069167,2005-01-13 11:00:00,2005-01-16 04:30:00,385.1091,2005-01-15 08:30:00,45.5000
04116000,42.971944,-85.069167,2005-02-15 02:30:00,2005-02-23 17:30:00,213.5090,2005-02-18 05:00:00,74.5000
04116000,42.971944,-85.069167,2005-03-08 03:30:00,2005-03-13 19:00:00,175.2813,2005-03-10 02:30:00,47.0000
04116000,42.971944,-85.069167,2006-01-30 01:00:00,2006-02-07 19:00:00,185.7585,2006-02-01 00:00:00,47.0000
04116000,42.971944,-85.069167,2006-03-10 06:00:00,2006-03-23 11:00:00,288.8318,2006-03-15 11:30:00,125.5000
04116000,42.971944,-85.069167,2006-05-12 07:30:00,2006-05-15 04:30:00,144.6991,2006-05-15 04:00:00,68.5000
04116000,42.971944,-85.069167,2006-05-17 05:00:00,2006-05-23 22:30:00,182.9268,2006-05-17 13:00:00,8.0000
04116000,42.971944,-85.069167,2006-12-01 09:00:00,2006-12-09 07:30:00,194.2536,2006-12-04 07:00:00,70.0000
04116000,42.971944,-85.069167,2006-12-13 10:00:00,2006-12-19 03:30:00,159.1407,2006-12-15 12:30:00,50.5000
04116000,42.971944,-85.069167,2007-01-02 01:00:00,2007-01-19 16:00:00,173.2991,2007-01-08 06:00:00,149.0000
04116000,42.971944,-85.069167,2007-03-11 02:00:00,2007-04-08 23:00:00,253.1526,2007-03-14 18:30:00,87.5000
04116000,42.971944,-85.069167,2007-04-12 23:00:00,2007-04-18 12:30:00,173.8654,2007-04-14 13:30:00,38.5000
04116000,42.971944,-85.069167,2008-01-08 08:00:00,2008-01-19 17:45:00,240.9764,2008-01-12 15:00:00,103.0000
04116000,42.971944,-85.069167,2008-02-01 05:00:00,2008-02-05 17:15:00,161.4060,2008-02-02 18:15:00,37.2500
04116000,42.971944,-85.069167,2008-02-19 05:00:00,2008-02-26 15:45:00,195.9526,2008-02-21 18:15:00,61.2500
04116000,42.971944,-85.069167,2008-03-04 04:15:00,2008-03-12 05:00:00,194.8199,2008-03-06 12:00:00,55.7500
04116000,42.971944,-85.069167,2008-06-09 06:30:00,2008-06-11 20:30:00,150.0793,2008-06-09 20:00:00,13.5000
04116000,42.971944,-85.069167,2008-09-15 01:00:00,2008-09-23 13:15:00,280.3368,2008-09-18 01:30:00,72.5000
04116000,42.971944,-85.069167,2008-12-28 05:00:00,2009-01-09 11:45:00,501.2082,2008-12-30 03:30:00,46.5000
04116000,42.971944,-85.069167,2009-02-12 05:00:00,2009-02-16 04:45:00,322.8121,2009-02-13 17:45:00,36.7500
04116000,42.971944,-85.069167,2009-02-27 08:00:00,2009-03-01 04:45:00,226.5348,2009-03-01 04:15:00,44.2500
04116000,42.971944,-85.069167,2009-03-07 05:00:00,2009-03-23 18:45:00,351.1289,2009-03-12 07:15:00,121.2500
04116000,42.971944,-85.069167,2009-04-03 21:45:00,2009-04-14 14:45:00,171.0338,2009-04-05 17:15:00,43.5000
04116000,42.971944,-85.069167,2009-05-15 03:45:00,2009-05-15 14:00:00,129.1248,2009-05-15 09:45:00,6.0000
04116000,42.971944,-85.069167,2009-05-28 22:15:00,2009-05-29 15:45:00,135.3545,2009-05-29 09:15:00,11.0000
04116000,42.971944,-85.069167,2009-06-20 08:30:00,2009-06-26 21:30:00,270.9922,2009-06-22 10:15:00,49.7500
04116000,42.971944,-85.069167,2010-03-11 19:30:00,2010-03-23 07:15:00,280.3368,2010-03-15 05:30:00,81.0000
04116000,42.971944,-85.069167,2010-04-06 22:45:00,2010-04-14 16:30:00,227.3843,2010-04-09 11:00:00,60.2500
04116000,42.971944,-85.069167,2010-05-13 19:30:00,2010-05-20 13:00:00,225.9684,2010-05-15 19:45:00,48.2500
04116000,42.971944,-85.069167,2010-05-22 22:00:00,2010-05-26 01:45:00,129.9743,2010-05-24 19:00:00,45.0000
04116000,42.971944,-85.069167,2010-06-07 07:15:00,2010-06-11 02:45:00,137.9030,2010-06-08 15:15:00,32.0000
04116000,42.971944,-85.069167,2011-07-29 01:45:00,2011-08-04 22:15:00,235.3130,2011-07-31 14:30:00,60.7500
04116000,42.971944,-85.069167,2011-12-04 02:15:00,2011-12-11 00:15:00,169.3347,2011-12-06 17:45:00,63.5000
04116000,42.971944,-85.069167,2011-12-16 00:00:00,2011-12-19 10:30:00,130.5407,2011-12-18 05:00:00,53.0000
04116000,42.971944,-85.069167,2012-01-24 14:30:00,2012-01-26 12:15:00,139.3189,2012-01-25 04:15:00,13.7500
04116000,42.971944,-85.069167,2012-02-01 23:45:00,2012-02-04 18:30:00,132.2397,2012-02-03 05:30:00,29.7500
04116000,42.971944,-85.069167,2012-03-01 13:30:00,2012-03-11 17:45:00,235.3130,2012-03-04 14:00:00,72.5000
04116000,42.971944,-85.069167,2012-03-13 08:45:00,2012-03-17 21:00:00,145.8318,2012-03-14 13:00:00,28.2500
04116000,42.971944,-85.069167,2012-03-24 21:30:00,2012-03-26 21:00:00,141.8674,2012-03-25 07:45:00,10.2500
04116000,42.971944,-85.069167,2012-05-04 23:45:00,2012-05-09 04:30:00,142.1506,2012-05-05 07:00:00,7.2500
04116000,42.971944,-85.069167,2013-01-31 05:00:00,2013-02-04 04:45:00,195.6694,2013-02-01 05:45:00,24.7500
04116000,42.971944,-85.069167,2013-03-11 17:30:00,2013-03-18 04:30:00,191.4219,2013-03-14 04:15:00,58.7500
04116000,42.971944,-85.069167,2013-05-29 15:00:00,2013-06-01 14:45:00,172.4496,2013-05-30 10:15:00,19.2500
04116000,42.971944,-85.069167,2013-06-13 23:30:00,2013-06-18 22:00:00,196.5189,2013-06-14 17:15:00,17.7500
04116000,42.971944,-85.069167,2014-03-15 16:30:00,2014-04-13 04:00:00,297.3269,2014-03-23 23:45:00,199.2500
04116000,42.971944,-85.069167,2014-04-14 06:00:00,2014-04-19 11:00:00,151.7783,2014-04-16 17:00:00,59.0000
04116000,42.971944,-85.069167,2014-05-15 02:00:00,2014-05-27 16:45:00,264.4793,2014-05-18 04:15:00,74.2500
04116000,42.971944,-85.069167,2014-06-25 08:30:00,2014-06-27 01:30:00,143.2832,2014-06-26 01:30:00,17.0000
04116000,42.971944,-85.069167,2014-07-07 21:45:00,2014-07-12 17:45:00,160.2734,2014-07-10 06:00:00,56.2500
04116000,42.971944,-85.069167,2014-11-25 15:30:00,2014-11-26 01:00:00,127.4258,2014-11-25 18:15:00,2.7500
04116000,42.971944,-85.069167,2015-06-15 03:00:00,2015-06-21 11:30:00,181.2278,2015-06-16 10:15:00,31.2500
04116000,42.971944,-85.069167,2015-06-23 15:00:00,2015-07-02 16:30:00,222.0041,2015-06-26 03:30:00,60.5000
04116000,42.971944,-85.069167,2016-01-11 02:45:00,2016-01-11 23:00:00,130.2575,2016-01-11 08:45:00,6.0000
04116000,42.971944,-85.069167,2016-03-08 19:30:00,2016-03-22 03:00:00,232.7645,2016-03-16 06:00:00,177.5000
04116000,42.971944,-85.069167,2016-03-25 06:45:00,2016-04-18 08:30:00,237.8615,2016-04-02 13:30:00,198.7500
04116000,42.971944,-85.069167,2016-05-05 10:00:00,2016-05-07 12:30:00,137.6199,2016-05-06 10:45:00,24.7500
04116000,42.971944,-85.069167,2016-05-13 16:15:00,2016-05-19 04:00:00,159.9902,2016-05-15 19:00:00,50.7500
04174500,42.286944,-83.733889,1989-10-25 15:30:00,1989-10-25 16:00:00,44.1743,1989-10-25 16:00:00,0.5000
04174500,42.286944,-83.733889,1989-11-07 17:30:00,1989-11-08 16:00:00,26.3347,1989-11-08 15:30:00,22.0000
04174500,42.286944,-83.733889,1989-11-15 19:30:00,1989-11-23 14:30:00,40.4931,1989-11-22 06:30:00,155.0000
04174500,42.286944,-83.733889,1990-01-05 11:00:00,1990-01-06 08:00:00,43.0416,1990-01-06 07:30:00,20.5000
04174500,42.286944,-83.733889,1990-01-10 19:15:00,1990-01-11 10:00:00,27.6089,1990-01-10 19:45:00,0.5000
04174500,42.286944,-83.733889,1990-01-18 00:30:00,1990-01-29 17:30:00,54.3683,1990-01-26 05:15:00,196.7500
04174500,42.286944,-83.733889,1990-02-03 00:00:00,1990-02-03 15:15:00,27.6089,1990-02-03 00:30:00,0.5000
04174500,42.286944,-83.733889,1990-02-09 02:30:00,1990-02-20 09:15:00,43.3248,1990-02-16 04:45:00,170.2500
04174500,42.286944,-83.733889,1990-02-22 10:30:00,1990-05-01 03:45:00,91.1802,1990-02-23 19:30:00,33.0000
04174500,42.286944,-83.733889,1990-05-03 13:15:00,1990-05-07 00:15:00,39.3604,1990-05-06 12:15:00,71.0000
04174500,42.286944,-83.733889,1990-05-13 08:00:00,1990-05-13 22:15:00,31.4317,1990-05-13 08:15:00,0.2500
04174500,42.286944,-83.733889,1990-05-16 00:30:00,1990-05-27 22:30:00,56.0674,1990-05-18 05:45:00,53.2500
04174500,42.286944,-83.733889,1990-06-02 15:30:00,1990-06-03 23:00:00,49.5545,1990-06-03 18:15:00,26.7500
04174500,42.286944,-83.733889,1990-06-05 04:30:00,1990-06-05 14:30:00,30.2990,1990-06-05 04:45:00,0.2500
04174500,42.286944,-83.733889,1990-08-25 23:45:00,1990-08-26 00:30:00,25.5135,1990-08-26 00:15:00,0.5000
04174500,42.286944,-83.733889,1990-08-27 11:15:00,1990-08-27 17:00:00,24.1260,1990-08-27 11:30:00,0.2500
04174500,42.286944,-83.733889,1990-09-07 06:00:00,1990-09-07 13:45:00,32.2812,1990-09-07 08:30:00,2.5000
04174500,42.286944,-83.733889,1990-09-14 18:45:00,1990-09-14 19:45:00,26.3347,1990-09-14 19:00:00,0.2500
04174500,42.286944,-83.733889,1990-09-21 00:15:00,1990-09-21 20:45:00,26.3347,1990-09-21 19:45:00,19.5000
04174500,42.286944,-83.733889,1990-10-01 07:30:00,1990-10-01 13:00:00,28.6000,1990-10-01 08:00:00,0.5000
04174500,42.286944,-83.733889,1990-10-09 06:45:00,1990-10-20 00:00:00,63.7129,1990-10-11 06:00:00,47.2500
04174500,42.286944,-83.733889,1990-10-21 16:45:00,1990-10-23 22:15:00,47.8555,1990-10-23 01:15:00,32.5000
04174500,42.286944,-83.733889,1990-10-25 11:30:00,1990-10-25 16:00:00,35.9624,1990-10-25 12:15:00,0.7500
04174500,42.286944,-83.733889,1990-11-03 06:30:00,1990-11-18 18:30:00,59.4654,1990-11-08 19:00:00,132.5000
04174500,42.286944,-83.733889,1990-11-28 19:45:00,1990-12-14 14:15:00,60.3149,1990-11-28 20:15:00,0.5000
04174500,42.286944,-83.733889,1990-12-16 20:15:00,1990-12-16 20:45:00,32.5644,1990-12-16 20:30:00,0.2500
04174500,42.286944,-83.733889,1990-12-21 15:15:00,1990-12-24 23:45:00,37.0951,1990-12-22 17:00:00,25.7500
04174500,42.286944,-83.733889,1990-12-29 09:00:00,1991-01-26 22:15:00,75.3228,1990-12-30 22:45:00,37.7500
04174500,42.286944,-83.733889,1991-01-27 22:45:00,1991-01-28 00:30:00,35.9624,1991-01-27 23:15:00,0.5000
04174500,42.286944,-83.733889,1991-02-02 15:45:00,1991-02-02 17:00:00,40.4931,1991-02-02 16:00:00,0.2500
04174500,42.286944,-83.733889,1991-02-04 15:45:00,1991-02-04 16:15:00,24.5224,1991-02-04 16:00:00,0.2500
04174500,42.286944,-83.733889,1991-02-08 01:30:00,1991-02-10 04:30:00,35.6792,1991-02-09 17:00:00,39.5000
04174500,42.286944,-83.733889,1991-02-12 07:30:00,1991-02-12 10:15:00,27.8071,1991-02-12 08:00:00,0.5000
04174500,42.286944,-83.733889,1991-02-16 05:45:00,1991-02-16 19:00:00,31.1485,1991-02-16 18:30:00,12.7500
04174500,42.286944,-83.733889,1991-02-19 08:15:00,1991-03-15 20:00:00,52.6693,1991-02-21 22:00:00,61.7500
04174500,42.286944,-83.733889,1991-03-18 16:30:00,1991-03-25 03:00:00,37.6614,1991-03-21 13:00:00,68.5000
04174500,42.286944,-83.733889,1991-03-26 03:15:00,1991-03-29 01:15:00,55.2179,1991-03-28 04:00:00,48.7500
04174500,42.286944,-83.733889,1991-03-31 01:45:00,1991-03-31 03:30:00,35.9624,1991-03-31 02:30:00,0.7500
04174500,42.286944,-83.733889,1991-04-01 05:45:00,1991-04-01 08:45:00,27.6089,1991-04-01 06:15:00,0.5000
04174500,42.286944,-83.733889,1991-04-10 00:00:00,1991-04-10 03:30:00,38.7941,1991-04-10 00:30:00,0.5000
04174500,42.286944,-83.733889,1991-05-05 20:30:00,1991-05-09 15:30:00,41.6258,1991-05-09 12:45:00,88.2500
04174500,42.286944,-83.733889,1991-05-16 14:45:00,1991-05-17 03:00:00,27.1842,1991-05-17 03:00:00,12.2500
04174500,42.286944,-83.733889,1991-05-26 01:45:00,1991-05-26 15:15:00,40.7763,1991-05-26 07:15:00,5.5000
04174500,42.286944,-83.733889,1991-05-29 22:15:00,1991-06-01 01:45:00,41.0594,1991-05-29 22:45:00,0.5000
04174500,42.286944,-83.733889,1991-06-05 05:00:00,1991-06-05 21:15:00,39.3604,1991-06-05 16:00:00,11.0000
04174500,42.286944,-83.733889,1991-06-07 15:45:00,1991-06-09 00:00:00,33.4139,1991-06-07 16:15:00,0.5000
04174500,42.286944,-83.733889,1991-06-13 20:15:00,1991-06-14 15:30:00,27.3824,1991-06-13 20:30:00,0.2500
04174500,42.286944,-83.733889,1991-06-16 17:15:00,1991-06-17 04:15:00,32.2812,1991-06-17 03:45:00,10.5000
04174500,42.286944,-83.733889,1991-08-20 04:15:00,1991-08-20 04:45:00,28.2319,1991-08-20 04:30:00,0.2500
04174500,42.286944,-83.733889,1991-08-30 23:15:00,1991-08-31 00:00:00,72.7743,1991-08-30 23:30:00,0.2500
04174500,42.286944,-83.733889,1991-09-04 00:00:00,1991-09-04 00:30:00,37.6614,1991-09-04 00:15:00,0.2500
04174500,42.286944,-83.733889,1991-11-13 19:45:00,1991-11-13 22:00:00,26.4479,1991-11-13 21:45:00,2.0000
04174500,42.286944,-83.733889,1991-11-20 07:15:00,1991-11-20 08:30:00,37.3782,1991-11-20 07:45:00,0.5000
04174500,42.286944,-83.733889,1991-12-05 14:45:00,1991-12-05 21:00:00,31.4317,1991-12-05 15:00:00,0.2500
04174500,42.286944,-83.733889,1991-12-07 13:45:00,1991-12-09 15:45:00,31.4317,1991-12-09 04:30:00,38.7500
04174500,42.286944,-83.733889,1991-12-13 04:45:00,1991-12-15 23:15:00,24.7772,1991-12-13 05:00:00,0.2500
04174500,42.286944,-83.733889,1991-12-19 16:30:00,1991-12-19 20:15:00,39.6436,1991-12-19 20:00:00,3.5000
04174500,42.286944,-83.733889,1992-01-23 23:15:00,1992-01-24 18:00:00,23.7578,1992-01-24 18:00:00,18.7500
04174500,42.286944,-83.733889,1992-02-25 09:00:00,1992-02-26 04:30:00,23.7578,1992-02-25 09:15:00,0.2500
04174500,42.286944,-83.733889,1992-03-02 15:15:00,1992-03-02 18:45:00,31.4317,1992-03-02 15:30:00,0.2500
04174500,42.286944,-83.733889,1992-03-04 14:00:00,1992-03-05 13:45:00,26.0232,1992-03-05 09:30:00,19.5000
04174500,42.286944,-83.733889,1992-03-06 20:45:00,1992-03-06 21:00:00,27.5240,1992-03-06 21:00:00,0.2500
04174500,42.286944,-83.733889,1992-03-10 06:15:00,1992-03-14 18:00:00,27.9487,1992-03-10 11:15:00,5.0000
04174500,42.286944,-83.733889,1992-03-21 23:15:00,1992-03-22 20:15:00,29.1664,1992-03-22 20:00:00,20.7500
04174500,42.286944,-83.733889,1992-03-24 20:00:00,1992-03-24 22:30:00,30.8654,1992-03-24 22:15:00,2.2500
04174500,42.286944,-83.733889,1992-03-26 23:45:00,1992-03-29 15:15:00,26.2214,1992-03-27 22:30:00,22.7500
04174500,42.286944,-83.733889,1992-03-30 18:30:00,1992-04-01 00:30:00,26.4479,1992-03-31 20:15:00,25.7500
04174500,42.286944,-83.733889,1992-04-20 00:00:00,1992-05-09 00:00:00,52.9525,1992-04-25 17:15:00,137.2500
04174500,42.286944,-83.733889,1992-05-12 00:15:00,1992-05-13 01:15:00,31.4317,1992-05-12 00:30:00,0.2500
04174500,42.286944,-83.733889,1992-05-24 00:30:00,1992-05-24 13:15:00,39.9268,1992-05-24 00:45:00,0.2500
04174500,42.286944,-83.733889,1992-06-18 01:30:00,1992-06-18 21:00:00,54.6515,1992-06-18 01:45:00,0.2500
04174500,42.286944,-83.733889,1992-07-19 01:00:00,1992-07-19 11:15:00,23.9561,1992-07-19 01:15:00,0.2500
04174500,42.286944,-83.733889,1992-07-31 10:45:00,1992-08-01 12:00:00,33.9802,1992-07-31 11:00:00,0.2500
04174500,42.286944,-83.733889,1992-08-04 00:30:00,1992-08-04 01:00:00,25.4002,1992-08-04 00:45:00,0.2500
04174500,42.286944,-83.733889,1992-09-09 17:15:00,1992-09-10 04:30:00,45.3070,1992-09-10 02:00:00,8.7500
04174500,42.286944,-83.733889,1992-09-15 11:30:00,1992-09-17 14:15:00,56.9169,1992-09-16 02:45:00,15.2500
04174500,42.286944,-83.733889,1992-09-18 16:30:00,1992-09-18 20:45:00,45.5901,1992-09-18 17:00:00,0.5000
04174500,42.286944,-83.733889,1992-09-22 07:15:00,1992-09-22 07:45:00,26.8727,1992-09-22 07:30:00,0.2500
04174500,42.286944,-83.733889,1992-09-25 18:30:00,1992-09-25 18:45:00,26.4479,1992-09-25 18:45:00,0.2500
04174500,42.286944,-83.733889,1992-10-15 03:30:00,1992-10-22 02:30:00,31.1485,1992-10-16 22:15:00,42.7500
04174500,42.286944,-83.733889,1992-10-27 17:00:00,1992-10-27 17:15:00,31.7149,1992-10-27 17:15:00,0.2500
04174500,42.286944,-83.733889,1992-11-03 00:45:00,1992-11-08 08:45:00,36.5287,1992-11-03 01:15:00,0.5000
04174500,42.286944,-83.733889,1992-11-10 22:45:00,1992-12-06 15:00:00,50.6872,1992-11-13 00:00:00,49.2500
04174500,42.286944,-83.733889,1992-12-07 17:00:00,1992-12-07 17:15:00,24.3525,1992-12-07 17:15:00,0.2500
04174500,42.286944,-83.733889,1992-12-25 19:30:00,1992-12-25 20:30:00,23.1632,1992-12-25 20:30:00,1.0000
04174500,42.286944,-83.733889,1992-12-30 15:30:00,1993-02-03 14:15:00,77.3050,1993-01-06 08:00:00,160.5000
04174500,42.286944,-83.733889,1993-03-09 02:45:00,1993-03-12 19:30:00,25.5984,1993-03-09 13:30:00,10.7500
04174500,42.286944,-83.733889,1993-03-14 17:15:00,1993-03-15 18:30:00,25.4002,1993-03-14 19:15:00,2.0000
04174500,42.286944,-83.733889,1993-03-22 12:15:00,1993-04-24 01:30:00,59.4654,1993-03-29 15:45:00,171.5000
04174500,42.286944,-83.733889,1993-05-15 06:30:00,1993-05-15 14:30:00,31.7149,1993-05-15 13:45:00,7.2500
04174500,42.286944,-83.733889,1993-05-18 17:00:00,1993-05-18 17:15:00,25.5984,1993-05-18 17:15:00,0.2500
04174500,42.286944,-83.733889,1993-06-05 04:15:00,1993-06-05 04:45:00,30.5822,1993-06-05 04:30:00,0.2500
04174500,42.286944,-83.733889,1993-06-07 22:15:00,1993-06-11 21:45:00,53.5188,1993-06-09 22:00:00,47.7500
04174500,42.286944,-83.733889,1993-06-21 02:00:00,1993-06-30 23:00:00,47.8555,1993-06-27 04:45:00,146.7500
04174500,42.286944,-83.733889,1993-07-01 23:15:00,1993-07-04 06:30:00,30.5822,1993-07-03 05:15:00,30.0000
04174500,42.286944,-83.733889,1993-07-07 13:15:00,1993-07-10 08:45:00,44.1743,1993-07-10 03:15:00,62.0000
04174500,42.286944,-83.733889,1993-07-14 10:00:00,1993-07-14 11:00:00,47.8555,1993-07-14 10:15:00,0.2500
04174500,42.286944,-83.733889,1993-09-15 06:00:00,1993-09-15 14:15:00,26.0232,1993-09-15 12:45:00,6.7500
04174500,42.286944,-83.733889,1993-11-15 02:45:00,1993-11-16 18:45:00,26.4479,1993-11-15 07:00:00,4.2500
04174500,42.286944,-83.733889,1993-11-30 18:00:00,1993-12-01 22:15:00,27.7222,1993-12-01 17:30:00,23.5000
04174500,42.286944,-83.733889,1994-01-28 13:15:00,1994-01-28 18:45:00,25.5984,1994-01-28 18:30:00,5.2500
04174500,42.286944,-83.733889,1994-02-19 23:15:00,1994-02-27 04:45:00,39.3604,1994-02-20 21:45:00,22.5000
04174500,42.286944,-83.733889,1994-03-06 12:45:00,1994-03-18 08:15:00,36.2456,1994-03-08 19:15:00,54.5000
04174500,42.286944,-83.733889,1994-03-21 07:00:00,1994-04-07 19:30:00,41.6258,1994-03-25 08:45:00,97.7500
04174500,42.286944,-83.733889,1994-04-12 13:15:00,1994-04-18 03:00:00,29.1664,1994-04-16 04:30:00,87.2500
04174500,42.286944,-83.733889,1994-04-27 07:15:00,1994-04-27 09:45:00,26.6462,1994-04-27 09:15:00,2.0000
04174500,42.286944,-83.733889,1994-04-28 22:15:00,1994-05-08 20:00:00,31.9980,1994-04-30 22:15:00,48.0000
04174500,42.286944,-83.733889,1994-06-13 21:15:00,1994-06-13 22:45:00,40.7763,1994-06-13 22:30:00,1.2500
04174500,42.286944,-83.733889,1994-06-20 19:30:00,1994-06-20 20:00:00,32.8475,1994-06-20 19:45:00,0.2500
04174500,42.286944,-83.733889,1994-06-24 06:15:00,1994-06-25 02:00:00,41.9089,1994-06-24 22:45:00,16.5000
04174500,42.286944,-83.733889,1994-07-05 11:45:00,1994-07-05 13:15:00,51.2535,1994-07-05 12:30:00,0.7500
04174500,42.286944,-83.733889,1994-07-07 03:15:00,1994-07-07 03:30:00,24.7772,1994-07-07 03:30:00,0.2500
04174500,42.286944,-83.733889,1994-07-25 21:30:00,1994-07-26 01:00:00,38.5109,1994-07-25 21:45:00,0.2500
04174500,42.286944,-83.733889,1994-08-14 05:45:00,1994-08-14 21:45:00,27.5240,1994-08-14 12:30:00,6.7500
04174500,42.286944,-83.733889,1994-08-30 16:45:00,1994-08-30 17:00:00,23.3614,1994-08-30 17:00:00,0.2500
04174500,42.286944,-83.733889,1994-11-06 02:00:00,1994-11-15 22:00:00,33.6970,1994-11-08 15:00:00,61.0000
04174500,42.286944,-83.733889,1994-12-06 16:15:00,1994-12-06 17:30:00,24.9755,1994-12-06 17:30:00,1.2500
04174500,42.286944,-83.733889,1994-12-12 17:30:00,1994-12-12 18:00:00,31.9980,1994-12-12 17:45:00,0.2500
04174500,42.286944,-83.733889,1994-12-16 23:15:00,1994-12-25 15:15:00,32.5644,1994-12-22 16:30:00,137.2500
04174500,42.286944,-83.733889,1994-12-31 21:00:00,1994-12-31 21:45:00,25.8250,1994-12-31 21:15:00,0.2500
04174500,42.286944,-83.733889,1995-01-20 03:15:00,1995-01-30 20:45:00,31.9980,1995-01-21 17:00:00,37.7500
04174500,42.286944,-83.733889,1995-03-27 23:45:00,1995-03-28 16:30:00,29.7327,1995-03-28 15:45:00,16.0000
04174500,42.286944,-83.733889,1995-04-05 03:15:00,1995-04-05 18:30:00,25.8250,1995-04-05 05:15:00,2.0000
04174500,42.286944,-83.733889,1995-04-10 18:45:00,1995-05-01 16:45:00,39.6436,1995-04-12 21:45:00,51.0000
04174500,42.286944,-83.733889,1995-05-11 09:00:00,1995-05-14 20:45:00,40.2099,1995-05-12 16:00:00,31.0000
04174500,42.286944,-83.733889,1995-05-28 14:00:00,1995-05-30 07:15:00,26.8727,1995-05-29 00:00:00,10.0000
04174500,42.286944,-83.733889,1995-06-27 20:45:00,1995-07-01 07:30:00,51.2535,1995-06-30 22:30:00,73.7500
04174500,42.286944,-83.733889,1995-07-16 23:00:00,1995-07-16 23:30:00,50.1208,1995-07-16 23:15:00,0.2500
04174500,42.286944,-83.733889,1995-07-24 20:15:00,1995-07-24 21:45:00,76.1723,1995-07-24 21:00:00,0.7500
04174500,42.286944,-83.733889,1995-08-02 19:30:00,1995-08-07 21:45:00,84.3842,1995-08-04 00:00:00,28.5000
04174500,42.286944,-83.733889,1995-08-10 14:15:00,1995-08-10 16:30:00,30.8654,1995-08-10 15:00:00,0.7500
04174500,42.286944,-83.733889,1995-08-13 22:45:00,1995-08-13 23:15:00,39.3604,1995-08-13 23:00:00,0.2500
04174500,42.286944,-83.733889,1995-11-02 03:30:00,1995-11-04 15:45:00,37.9446,1995-11-04 00:15:00,44.7500
04174500,42.286944,-83.733889,1995-11-11 03:45:00,1995-11-21 22:00:00,58.6159,1995-11-12 12:45:00,33.0000
04174500,42.286944,-83.733889,1995-11-28 01:15:00,1995-11-28 01:45:00,24.5790,1995-11-28 01:30:00,0.2500
04174500,42.286944,-83.733889,1995-12-04 22:00:00,1995-12-08 20:45:00,49.2713,1995-12-05 04:15:00,6.2500
04174500,42.286944,-83.733889,1996-01-18 20:15:00,1996-01-22 20:45:00,41.0594,1996-01-19 20:45:00,24.5000
04174500,42.286944,-83.733889,1996-01-26 05:45:00,1996-01-29 17:00:00,27.7222,1996-01-28 00:45:00,43.0000
04174500,42.286944,-83.733889,1996-02-01 01:30:00,1996-02-02 01:15:00,26.6462,1996-02-01 23:15:00,21.7500
04174500,42.286944,-83.733889,1996-02-18 18:15:00,1996-02-18 21:15:00,25.4002,1996-02-18 21:15:00,3.0000
04174500,42.286944,-83.733889,1996-02-27 14:30:00,1996-03-05 10:00:00,42.7584,1996-02-28 16:15:00,25.7500
04174500,42.286944,-83.733889,1996-03-08 17:45:00,1996-03-10 17:30:00,45.0238,1996-03-08 18:00:00,0.2500
04174500,42.286944,-83.733889,1996-03-25 09:00:00,1996-03-27 17:30:00,41.3426,1996-03-25 19:15:00,10.2500
04174500,42.286944,-83.733889,1996-04-01 08:15:00,1996-04-05 06:00:00,45.3070,1996-04-02 09:45:00,25.5000
04174500,42.286944,-83.733889,1996-04-15 16:30:00,1996-04-15 23:15:00,30.2990,1996-04-15 22:30:00,6.0000
04174500,42.286944,-83.733889,1996-04-19 07:45:00,1996-05-05 20:30:00,52.3862,1996-04-20 04:00:00,20.2500
04174500,42.286944,-83.733889,1996-06-06 14:30:00,1996-06-06 15:30:00,29.1664,1996-06-06 15:00:00,0.5000
04174500,42.286944,-83.733889,1996-06-18 11:00:00,1996-07-01 23:30:00,45.3070,1996-06-18 18:45:00,7.7500
04174500,42.286944,-83.733889,1996-11-04 15:15:00,1996-11-04 15:45:00,24.1543,1996-11-04 15:30:00,0.2500
04174500,42.286944,-83.733889,1996-11-07 12:15:00,1996-11-13 01:15:00,47.0060,1996-11-07 22:15:00,10.0000
04174500,42.286944,-83.733889,1996-11-14 22:15:00,1996-11-15 03:15:00,35.3961,1996-11-14 23:00:00,0.7500
04174500,42.286944,-83.733889,1996-12-01 13:00:00,1996-12-01 13:30:00,25.2020,1996-12-01 13:15:00,0.2500
04174500,42.286944,-83.733889,1996-12-24 01:45:00,1996-12-27 23:30:00,28.3168,1996-12-24 02:15:00,0.5000
04174500,42.286944,-83.733889,1996-12-29 11:45:00,1997-01-01 00:15:00,57.4832,1996-12-31 16:00:00,52.2500
04174500,42.286944,-83.733889,1997-01-05 04:45:00,1997-01-06 18:30:00,23.9561,1997-01-05 07:00:00,2.2500
04174500,42.286944,-83.733889,1997-02-21 00:30:00,1997-04-17 08:00:00,60.8812,1997-02-28 17:00:00,184.5000
04174500,42.286944,-83.733889,1997-04-18 11:45:00,1997-04-19 15:45:00,23.7578,1997-04-18 18:00:00,6.2500
04174500,42.286944,-83.733889,1997-05-05 20:00:00,1997-05-06 14:00:00,26.2214,1997-05-06 00:15:00,4.2500
04174500,42.286944,-83.733889,1997-06-30 00:15:00,1997-06-30 01:00:00,48.1386,1997-06-30 00:30:00,0.2500
04174500,42.286944,-83.733889,1997-07-02 22:15:00,1997-07-02 23:00:00,34.8297,1997-07-02 22:30:00,0.2500
04174500,42.286944,-83.733889,1997-07-09 00:30:00,1997-07-09 01:15:00,40.2099,1997-07-09 00:45:00,0.2500
04174500,42.286944,-83.733889,1997-07-26 10:30:00,1997-07-26 12:15:00,75.0396,1997-07-26 10:45:00,0.2500
04174500,42.286944,-83.733889,1997-08-17 04:30:00,1997-08-17 06:30:00,52.1030,1997-08-17 04:45:00,0.2500
04174500,42.286944,-83.733889,1997-09-09 19:15:00,1997-09-10 16:00:00,25.5984,1997-09-10 15:00:00,19.7500
04174500,42.286944,-83.733889,1997-09-18 11:15:00,1997-09-18 12:15:00,35.6792,1997-09-18 11:30:00,0.2500
04174500,42.286944,-83.733889,1997-09-19 22:30:00,1997-09-21 06:00:00,41.0594,1997-09-20 15:45:00,17.2500
04174500,42.286944,-83.733889,1997-09-22 18:30:00,1997-09-24 21:45:00,31.4317,1997-09-24 17:00:00,46.5000
04174500,42.286944,-83.733889,1997-10-13 17:00:00,1997-10-13 21:15:00,24.9471,1997-10-13 21:15:00,4.2500
04174500,42.286944,-83.733889,1997-10-28 21:15:00,1997-10-28 22:00:00,31.1485,1997-10-28 21:30:00,0.2500
04174500,42.286944,-83.733889,1997-10-30 12:00:00,1997-11-02 07:00:00,41.6258,1997-11-02 02:45:00,62.7500
04174500,42.286944,-83.733889,1997-11-04 16:45:00,1997-11-12 04:30:00,43.0416,1997-11-05 12:15:00,19.5000
04174500,42.286944,-83.733889,1997-11-18 22:15:00,1997-11-21 18:45:00,40.7763,1997-11-20 18:30:00,44.2500
04174500,42.286944,-83.733889,1997-12-15 16:15:00,1997-12-17 16:45:00,31.4317,1997-12-17 16:30:00,48.2500
04174500,42.286944,-83.733889,1998-01-05 20:45:00,1998-01-23 00:15:00,47.5723,1998-01-09 13:15:00,88.5000
04174500,42.286944,-83.733889,1998-01-26 20:15:00,1998-01-26 21:30:00,31.9980,1998-01-26 20:45:00,0.5000
04174500,42.286944,-83.733889,1998-02-11 19:30:00,1998-02-14 16:45:00,24.7489,1998-02-12 21:00:00,25.5000
04174500,42.286944,-83.733889,1998-02-17 00:15:00,1998-04-08 10:30:00,72.7743,1998-02-23 16:00:00,159.7500
04174500,42.286944,-83.733889,1998-04-09 12:15:00,1998-04-21 15:15:00,49.5545,1998-04-11 14:30:00,50.2500
04174500,42.286944,-83.733889,1998-04-23 14:15:00,1998-04-23 16:15:00,28.8832,1998-04-23 16:15:00,2.0000
04174500,42.286944,-83.733889,1998-04-26 08:30:00,1998-05-13 04:00:00,44.7406,1998-05-04 13:15:00,196.7500
04174500,42.286944,-83.733889,1998-05-14 14:00:00,1998-05-14 21:15:00,28.0337,1998-05-14 14:30:00,0.5000
04174500,42.286944,-83.733889,1998-05-31 12:00:00,1998-05-31 12:30:00,32.2812,1998-05-31 12:15:00,0.2500
04174500,42.286944,-83.733889,1998-06-12 22:45:00,1998-06-12 23:00:00,25.7117,1998-06-12 23:00:00,0.2500
04174500,42.286944,-83.733889,1998-06-24 23:30:00,1998-06-25 00:15:00,55.2179,1998-06-24 23:45:00,0.2500
04174500,42.286944,-83.733889,1998-08-06 08:00:00,1998-08-06 12:00:00,85.2337,1998-08-06 10:00:00,2.0000
04174500,42.286944,-83.733889,1998-08-18 01:00:00,1998-08-18 01:15:00,23.8428,1998-08-18 01:15:00,0.2500
04174500,42.286944,-83.733889,1998-10-07 07:30:00,1998-10-07 10:00:00,25.5984,1998-10-07 09:45:00,2.2500
04174500,42.286944,-83.733889,1998-11-10 18:00:00,1998-11-11 21:30:00,36.2456,1998-11-11 06:15:00,12.2500
04174500,42.286944,-83.733889,1998-12-06 21:30:00,1998-12-07 05:00:00,27.6939,1998-12-06 22:00:00,0.5000
04174500,42.286944,-83.733889,1999-01-22 12:00:00,1999-01-22 12:30:00,23.8994,1999-01-22 12:15:00,0.2500
04174500,42.286944,-83.733889,1999-01-23 13:45:00,1999-02-04 02:15:00,36.2456,1999-01-24 16:15:00,26.5000
04174500,42.286944,-83.733889,1999-03-04 07:00:00,1999-03-04 18:00:00,41.9089,1999-03-04 07:15:00,0.2500
04174500,42.286944,-83.733889,1999-03-26 18:00:00,1999-03-26 18:15:00,23.8994,1999-03-26 18:15:00,0.2500
04174500,42.286944,-83.733889,1999-04-09 07:45:00,1999-04-09 09:30:00,26.1648,1999-04-09 08:00:00,0.2500
04174500,42.286944,-83.733889,1999-04-24 05:00:00,1999-05-05 11:00:00,51.2535,1999-04-25 05:30:00,24.5000
04174500,42.286944,-83.733889,1999-05-18 02:30:00,1999-05-18 03:45:00,52.3862,1999-05-18 02:45:00,0.2500
04174500,42.286944,-83.733889,1999-06-12 21:45:00,1999-06-12 22:15:00,28.2885,1999-06-12 22:00:00,0.2500
04174500,42.286944,-83.733889,2000-04-20 13:45:00,2000-04-25 17:15:00,36.2456,2000-04-20 19:45:00,6.0000
04174500,42.286944,-83.733889,2000-05-18 22:15:00,2000-05-24 04:30:00,30.0159,2000-05-20 11:15:00,37.0000
04174500,42.286944,-83.733889,2000-05-28 10:15:00,2000-05-30 06:45:00,23.8994,2000-05-28 10:30:00,0.2500
04174500,42.286944,-83.733889,2000-06-05 18:45:00,2000-06-05 19:00:00,23.1915,2000-06-05 19:00:00,0.2500
04174500,42.286944,-83.733889,2000-06-13 20:00:00,2000-06-15 01:15:00,24.0976,2000-06-14 20:00:00,24.0000
04174500,42.286944,-83.733889,2000-06-18 19:00:00,2000-06-18 19:30:00,25.9665,2000-06-18 19:15:00,0.2500
04174500,42.286944,-83.733889,2000-06-22 19:15:00,2000-06-22 20:15:00,31.4317,2000-06-22 19:45:00,0.5000
04174500,42.286944,-83.733889,2000-06-25 05:00:00,2000-07-07 14:00:00,111.8515,2000-06-25 05:15:00,0.2500
04174500,42.286944,-83.733889,2000-07-30 10:30:00,2000-07-31 21:15:00,32.8475,2000-07-30 10:45:00,0.2500
04174500,42.286944,-83.733889,2000-08-02 13:15:00,2000-08-13 17:45:00,58.6159,2000-08-06 05:30:00,88.2500
04174500,42.286944,-83.733889,2000-08-17 14:00:00,2000-08-17 14:45:00,25.2020,2000-08-17 14:30:00,0.5000
04174500,42.286944,-83.733889,2000-08-26 23:45:00,2000-08-27 00:15:00,25.7683,2000-08-27 00:00:00,0.2500
04174500,42.286944,-83.733889,2000-09-10 18:00:00,2000-09-10 19:15:00,29.4495,2000-09-10 18:45:00,0.7500
04174500,42.286944,-83.733889,2000-09-11 21:00:00,2000-09-12 20:45:00,51.8198,2000-09-11 21:15:00,0.2500
04174500,42.286944,-83.733889,2000-09-14 17:45:00,2000-09-23 04:00:00,29.7327,2000-09-23 03:30:00,201.7500
04174500,42.286944,-83.733889,2000-09-24 10:00:00,2000-09-25 00:30:00,23.1915,2000-09-24 10:15:00,0.2500
04174500,42.286944,-83.733889,2000-10-05 07:45:00,2000-10-05 18:45:00,25.4002,2000-10-05 18:30:00,10.7500
04174500,42.286944,-83.733889,2000-11-07 21:15:00,2000-11-08 19:45:00,25.7683,2000-11-08 19:45:00,22.5000
04174500,42.286944,-83.733889,2000-12-22 13:15:00,2000-12-22 15:30:00,27.1275,2000-12-22 15:30:00,2.2500
04174500,42.286944,-83.733889,2001-02-09 07:15:00,2001-03-26 17:00:00,79.2872,2001-02-11 06:30:00,47.2500
04174500,42.286944,-83.733889,2001-04-12 03:15:00,2001-04-13 13:00:00,68.8099,2001-04-12 16:00:00,12.7500
04174500,42.286944,-83.733889,2001-04-15 15:45:00,2001-04-15 18:00:00,46.7228,2001-04-15 16:45:00,1.0000
04174500,42.286944,-83.733889,2001-04-21 14:15:00,2001-04-25 15:30:00,43.8911,2001-04-25 01:30:00,83.2500
04174500,42.286944,-83.733889,2001-04-26 18:00:00,2001-04-27 06:00:00,23.5596,2001-04-26 18:15:00,0.2500
04174500,42.286944,-83.733889,2001-05-16 07:15:00,2001-06-10 01:00:00,43.3248,2001-05-18 13:00:00,53.7500
04174500,42.286944,-83.733889,2001-06-15 21:15:00,2001-06-15 22:15:00,39.6436,2001-06-15 21:30:00,0.2500
04174500,42.286944,-83.733889,2001-06-20 01:15:00,2001-06-20 02:00:00,42.7584,2001-06-20 01:30:00,0.2500
04174500,42.286944,-83.733889,2001-06-21 19:30:00,2001-06-21 20:30:00,29.4495,2001-06-21 20:00:00,0.5000
04174500,42.286944,-83.733889,2001-07-30 00:00:00,2001-07-30 00:15:00,27.8921,2001-07-30 00:15:00,0.2500
04174500,42.286944,-83.733889,2001-10-12 10:00:00,2001-10-12 10:45:00,24.0976,2001-10-12 10:30:00,0.5000
04174500,42.286944,-83.733889,2001-10-14 09:15:00,2001-11-13 19:45:00,62.2971,2001-10-17 14:30:00,77.2500
04174500,42.286944,-83.733889,2001-11-30 05:45:00,2001-12-10 02:00:00,30.5822,2001-11-30 23:15:00,17.5000
04174500,42.286944,-83.733889,2001-12-14 16:30:00,2001-12-27 04:15:00,49.8377,2001-12-20 01:45:00,129.2500
04174500,42.286944,-83.733889,2002-02-01 13:15:00,2002-02-04 17:30:00,24.0976,2002-02-02 02:00:00,12.7500
04174500,42.286944,-83.733889,2002-02-11 03:15:00,2002-02-13 02:15:00,23.8994,2002-02-11 14:30:00,11.2500
04174500,42.286944,-83.733889,2002-02-17 07:15:00,2002-02-18 01:30:00,24.6640,2002-02-17 16:30:00,9.2500
04174500,42.286944,-83.733889,2002-03-29 22:15:00,2002-03-29 22:30:00,23.5596,2002-03-29 22:30:00,0.2500
04174500,42.286944,-83.733889,2002-04-02 16:30:00,2002-04-02 17:00:00,24.0976,2002-04-02 17:00:00,0.5000
04174500,42.286944,-83.733889,2002-04-08 20:45:00,2002-04-11 18:45:00,31.1485,2002-04-08 22:45:00,2.0000
04174500,42.286944,-83.733889,2002-04-12 22:30:00,2002-04-21 02:15:00,32.8475,2002-04-13 06:00:00,7.5000
04174500,42.286944,-83.733889,2002-05-06 22:15:00,2002-05-07 12:00:00,23.1915,2002-05-07 01:15:00,3.0000
04174500,42.286944,-83.733889,2002-05-10 14:45:00,2002-05-10 19:00:00,29.1664,2002-05-10 15:00:00,0.2500
04174500,42.286944,-83.733889,2002-05-12 08:15:00,2002-05-19 18:45:00,38.7941,2002-05-13 13:45:00,29.5000
04174500,42.286944,-83.733889,2002-07-02 20:15:00,2002-07-02 20:45:00,25.0321,2002-07-02 20:30:00,0.2500
04174500,42.286944,-83.733889,2002-08-05 03:30:00,2002-08-05 04:15:00,56.9169,2002-08-05 03:45:00,0.2500
04174500,42.286944,-83.733889,2002-08-23 23:00:00,2002-08-24 00:15:00,30.0159,2002-08-23 23:15:00,0.2500
04174500,42.286944,-83.733889,2003-03-21 00:30:00,2003-03-21 02:15:00,28.0903,2003-03-21 00:45:00,0.2500
04174500,42.286944,-83.733889,2003-03-25 13:45:00,2003-03-25 15:00:00,29.7327,2003-03-25 14:30:00,0.7500
04174500,42.286944,-83.733889,2003-04-04 11:45:00,2003-04-11 22:45:00,36.2456,2003-04-05 03:15:00,15.5000
04174500,42.286944,-83.733889,2003-05-09 10:30:00,2003-05-13 17:15:00,38.7941,2003-05-12 19:30:00,81.0000
04174500,42.286944,-83.733889,2003-05-27 21:15:00,2003-05-27 22:00:00,31.7149,2003-05-27 21:30:00,0.2500
04174500,42.286944,-83.733889,2003-07-06 22:00:00,2003-07-06 22:15:00,26.9293,2003-07-06 22:15:00,0.2500
04174500,42.286944,-83.733889,2003-08-15 19:45:00,2003-08-15 20:30:00,38.7941,2003-08-15 20:00:00,0.2500
04174500,42.286944,-83.733889,2003-08-22 02:45:00,2003-08-22 04:30:00,61.1644,2003-08-22 03:15:00,0.5000
04174500,42.286944,-83.733889,2003-09-24 15:30:00,2003-09-25 13:15:00,24.0976,2003-09-25 01:30:00,10.0000
04174500,42.286944,-83.733889,2003-11-04 14:15:00,2003-11-04 14:45:00,28.6000,2003-11-04 14:30:00,0.2500
04174500,42.286944,-83.733889,2003-11-11 17:45:00,2003-11-11 19:00:00,32.2812,2003-11-11 18:30:00,0.7500
04174500,42.286944,-83.733889,2004-01-04 18:45:00,2004-01-04 22:30:00,22.9933,2004-01-04 22:30:00,3.7500
04174500,42.286944,-83.733889,2004-03-05 10:15:00,2004-03-15 04:00:00,38.2277,2004-03-06 18:45:00,32.5000
04174500,42.286944,-83.733889,2004-03-20 12:15:00,2004-03-22 13:45:00,30.5822,2004-03-20 13:45:00,1.5000
04174500,42.286944,-83.733889,2004-03-24 08:15:00,2004-03-28 00:30:00,31.7149,2004-03-24 09:00:00,0.7500
04174500,42.286944,-83.733889,2004-03-30 18:00:00,2004-04-02 16:30:00,35.9624,2004-03-30 18:45:00,0.7500
04174500,42.286944,-83.733889,2004-04-04 20:30:00,2004-04-05 00:45:00,25.0321,2004-04-04 20:45:00,0.2500
04174500,42.286944,-83.733889,2004-05-10 01:15:00,2004-05-11 03:45:00,30.5822,2004-05-10 01:30:00,0.2500
04174500,42.286944,-83.733889,2004-05-12 04:45:00,2004-05-20 01:30:00,45.5901,2004-05-14 20:00:00,63.2500
04174500,42.286944,-83.733889,2004-05-21 04:45:00,2004-06-07 16:45:00,82.4020,2004-05-22 03:30:00,22.7500
04174500,42.286944,-83.733889,2004-06-09 19:00:00,2004-06-22 00:00:00,39.6436,2004-06-11 18:00:00,47.0000
04174500,42.286944,-83.733889,2004-07-30 18:15:00,2004-07-31 07:30:00,41.0594,2004-07-31 06:45:00,12.5000
04174500,42.286944,-83.733889,2004-08-04 08:45:00,2004-08-04 20:00:00,42.1921,2004-08-04 09:00:00,0.2500
04174500,42.286944,-83.733889,2004-08-06 14:30:00,2004-08-06 21:45:00,25.2020,2004-08-06 21:30:00,7.0000
04174500,42.286944,-83.733889,2004-12-01 09:00:00,2004-12-15 16:30:00,38.2277,2004-12-07 17:45:00,152.7500
04174500,42.286944,-83.733889,2005-02-08 16:30:00,2005-02-10 02:45:00,24.4658,2005-02-09 08:30:00,16.0000
04174500,42.286944,-83.733889,2005-02-11 17:45:00,2005-02-12 17:30:00,27.6939,2005-02-11 20:15:00,2.5000
04174500,42.286944,-83.733889,2005-02-14 04:30:00,2005-04-08 01:15:00,54.3683,2005-02-16 01:30:00,45.0000
04174500,42.286944,-83.733889,2005-06-29 22:45:00,2005-06-30 16:30:00,50.9703,2005-06-30 16:00:00,17.2500
04174500,42.286944,-83.733889,2005-07-21 04:15:00,2005-07-21 07:00:00,41.3426,2005-07-21 06:30:00,2.2500
04174500,42.286944,-83.733889,2005-11-15 23:00:00,2005-11-16 03:00:00,30.0159,2005-11-15 23:15:00,0.2500
04174500,42.286944,-83.733889,2005-11-29 00:30:00,2005-11-29 03:00:00,33.4139,2005-11-29 01:30:00,1.0000
04174500,42.286944,-83.733889,2005-12-12 18:15:00,2005-12-12 18:30:00,31.4317,2005-12-12 18:30:00,0.2500
04174500,42.286944,-83.733889,2006-01-11 18:30:00,2006-01-11 18:45:00,22.8234,2006-01-11 18:45:00,0.2500
04174500,42.286944,-83.733889,2006-01-17 13:15:00,2006-01-18 12:15:00,23.5596,2006-01-17 14:15:00,1.0000
04174500,42.286944,-83.733889,2006-01-19 16:45:00,2006-02-12 00:15:00,37.6614,2006-01-24 09:45:00,113.0000
04174500,42.286944,-83.733889,2006-02-16 07:00:00,2006-02-27 05:45:00,63.4297,2006-02-17 03:45:00,20.7500
04174500,42.286944,-83.733889,2006-03-07 19:00:00,2006-03-07 20:00:00,32.2812,2006-03-07 19:30:00,0.5000
04174500,42.286944,-83.733889,2006-03-10 07:00:00,2006-03-24 10:15:00,55.2179,2006-03-15 19:00:00,132.0000
04174500,42.286944,-83.733889,2006-04-01 00:15:00,2006-04-01 01:00:00,35.3961,2006-04-01 00:30:00,0.2500
04174500,42.286944,-83.733889,2006-04-03 06:30:00,2006-04-03 15:45:00,24.2675,2006-04-03 15:30:00,9.0000
04174500,42.286944,-83.733889,2006-04-07 08:15:00,2006-04-21 18:00:00,38.7941,2006-04-13 16:45:00,152.5000
04174500,42.286944,-83.733889,2006-04-24 19:30:00,2006-04-25 17:45:00,44.4574,2006-04-25 16:45:00,21.2500
04174500,42.286944,-83.733889,2006-05-11 02:45:00,2006-05-28 20:15:00,60.0317,2006-05-17 18:00:00,159.2500
04174500,42.286944,-83.733889,2006-05-29 23:15:00,2006-06-01 19:00:00,26.9293,2006-05-30 14:30:00,15.2500
04174500,42.286944,-83.733889,2006-06-07 19:00:00,2006-06-08 13:45:00,35.9624,2006-06-07 20:30:00,1.5000
04174500,42.286944,-83.733889,2006-07-26 22:00:00,2006-07-26 23:45:00,55.2179,2006-07-26 23:15:00,1.2500
04174500,42.286944,-83.733889,2006-09-06 22:15:00,2006-09-06 22:30:00,29.4495,2006-09-06 22:30:00,0.2500
04174500,42.286944,-83.733889,2006-09-12 22:15:00,2006-09-13 22:45:00,65.9783,2006-09-13 21:00:00,22.7500
04174500,42.286944,-83.733889,2006-10-29 03:30:00,2006-10-30 02:45:00,25.0321,2006-10-29 21:00:00,17.5000
04174500,42.286944,-83.733889,2006-11-11 05:00:00,2006-11-11 18:00:00,34.8297,2006-11-11 11:30:00,6.5000
04174500,42.286944,-83.733889,2006-11-13 16:30:00,2006-11-13 16:45:00,30.0159,2006-11-13 16:45:00,0.2500
04174500,42.286944,-83.733889,2006-11-16 06:00:00,2006-11-16 19:45:00,26.3630,2006-11-16 15:45:00,9.7500
04174500,42.286944,-83.733889,2006-11-19 01:45:00,2006-11-22 02:30:00,43.6079,2006-11-21 20:45:00,67.0000
04174500,42.286944,-83.733889,2006-11-27 20:30:00,2006-11-28 01:45:00,33.4139,2006-11-27 21:30:00,1.0000
04174500,42.286944,-83.733889,2006-11-29 16:15:00,2006-12-25 02:30:00,55.7842,2006-12-07 16:00:00,191.7500
04174500,42.286944,-83.733889,2007-02-12 16:00:00,2007-02-20 16:30:00,32.5644,2007-02-16 00:15:00,80.2500
04174500,42.286944,-83.733889,2007-02-28 13:30:00,2007-03-03 06:15:00,31.4317,2007-03-02 00:15:00,34.7500
04174500,42.286944,-83.733889,2007-03-05 05:30:00,2007-03-08 19:30:00,57.4832,2007-03-08 18:15:00,84.7500
04174500,42.286944,-83.733889,2007-03-10 12:45:00,2007-04-06 05:30:00,63.1466,2007-03-16 16:00:00,146.2500
04174500,42.286944,-83.733889,2007-04-09 22:15:00,2007-04-16 18:00:00,32.8475,2007-04-12 14:30:00,64.2500
04174500,42.286944,-83.733889,2007-04-26 22:30:00,2007-04-29 20:30:00,27.8921,2007-04-28 20:00:00,45.5000
04174500,42.286944,-83.733889,2007-05-01 03:45:00,2007-05-06 19:30:00,37.6614,2007-05-01 05:45:00,2.0000
04174500,42.286944,-83.733889,2007-05-08 19:30:00,2007-05-10 15:15:00,34.8297,2007-05-09 19:30:00,24.0000
04174500,42.286944,-83.733889,2007-05-16 19:45:00,2007-05-17 14:15:00,32.2812,2007-05-16 20:00:00,0.2500
04174500,42.286944,-83.733889,2007-06-04 12:30:00,2007-06-11 10:45:00,33.1307,2007-06-08 16:30:00,100.0000
04174500,42.286944,-83.733889,2007-08-20 14:45:00,2007-08-21 18:45:00,33.9802,2007-08-20 15:15:00,0.5000
04174500,42.286944,-83.733889,2007-08-24 09:00:00,2007-08-25 03:30:00,75.8891,2007-08-25 02:45:00,17.7500
04174500,42.286944,-83.733889,2007-08-27 15:00:00,2007-08-27 15:45:00,23.7295,2007-08-27 15:15:00,0.2500
04174500,42.286944,-83.733889,2007-11-06 19:30:00,2007-11-06 19:45:00,23.5596,2007-11-06 19:45:00,0.2500
04174500,42.286944,-83.733889,2007-12-19 17:45:00,2007-12-19 21:15:00,30.5822,2007-12-19 18:30:00,0.7500
04174500,42.286944,-83.733889,2007-12-23 16:00:00,2007-12-25 03:15:00,37.3782,2007-12-23 18:00:00,2.0000
04174500,42.286944,-83.733889,2007-12-28 22:15:00,2007-12-28 23:15:00,23.8994,2007-12-28 22:30:00,0.2500
04174500,42.286944,-83.733889,2007-12-30 07:45:00,2007-12-31 05:00:00,24.0976,2007-12-30 18:30:00,10.7500
04174500,42.286944,-83.733889,2008-01-04 21:45:00,2008-01-04 22:45:00,23.5596,2008-01-04 22:30:00,0.7500
04174500,42.286944,-83.733889,2008-01-06 22:30:00,2008-01-09 04:45:00,58.0495,2008-01-09 04:45:00,54.2500
04174500,42.286944,-83.733889,2008-01-10 05:00:00,2008-01-27 17:00:00,72.7743,2008-01-10 21:00:00,16.0000
04174500,42.286944,-83.733889,2008-01-28 20:00:00,2008-01-29 02:00:00,25.4002,2008-01-28 21:00:00,1.0000
04174500,42.286944,-83.733889,2008-01-30 02:30:00,2008-01-30 13:45:00,30.2990,2008-01-30 09:45:00,7.2500
04174500,42.286944,-83.733889,2008-01-31 21:15:00,2008-01-31 21:30:00,23.7295,2008-01-31 21:30:00,0.2500
04174500,42.286944,-83.733889,2008-02-01 22:00:00,2008-02-03 13:15:00,30.5822,2008-02-01 23:45:00,1.7500
04174500,42.286944,-83.733889,2008-02-05 05:30:00,2008-03-01 20:30:00,69.3763,2008-02-05 09:30:00,4.0000
04174500,42.286944,-83.733889,2008-04-19 23:45:00,2008-04-23 07:45:00,30.8654,2008-04-22 15:00:00,63.2500
04174500,42.286944,-83.733889,2008-04-25 19:00:00,2008-04-25 19:45:00,29.1664,2008-04-25 19:15:00,0.2500
04174500,42.286944,-83.733889,2008-05-12 16:30:00,2008-05-12 16:45:00,23.5596,2008-05-12 16:45:00,0.2500
04174500,42.286944,-83.733889,2008-05-31 03:15:00,2008-05-31 04:45:00,24.2675,2008-05-31 04:45:00,1.5000
04174500,42.286944,-83.733889,2008-06-10 08:00:00,2008-06-10 15:45:00,43.8911,2008-06-10 11:45:00,3.7500
04174500,42.286944,-83.733889,2008-06-13 11:45:00,2008-06-16 13:45:00,33.6970,2008-06-13 13:30:00,1.7500
04174500,42.286944,-83.733889,2008-06-21 23:15:00,2008-06-22 04:15:00,33.9802,2008-06-22 00:00:00,0.7500
04174500,42.286944,-83.733889,2008-06-25 23:45:00,2008-06-26 00:00:00,25.2020,2008-06-26 00:00:00,0.2500
04174500,42.286944,-83.733889,2008-06-28 05:15:00,2008-06-28 05:45:00,31.1485,2008-06-28 05:30:00,0.2500
04174500,42.286944,-83.733889,2008-07-02 23:45:00,2008-07-05 05:45:00,40.4931,2008-07-03 00:00:00,0.2500
04174500,42.286944,-83.733889,2008-07-08 19:30:00,2008-07-08 21:30:00,26.1648,2008-07-08 19:45:00,0.2500
04174500,42.286944,-83.733889,2008-09-13 15:30:00,2008-09-30 02:30:00,71.3585,2008-09-14 21:45:00,30.2500
04174500,42.286944,-83.733889,2008-11-15 16:15:00,2008-11-15 21:00:00,25.2020,2008-11-15 19:45:00,3.5000
04174500,42.286944,-83.733889,2008-11-25 09:00:00,2008-11-25 11:00:00,35.6792,2008-11-25 10:45:00,1.7500
04174500,42.286944,-83.733889,2008-12-09 16:45:00,2008-12-10 15:30:00,26.5329,2008-12-09 17:00:00,0.2500
04174500,42.286944,-83.733889,2008-12-15 04:15:00,2008-12-15 05:15:00,32.8475,2008-12-15 05:00:00,0.7500
04174500,42.286944,-83.733889,2008-12-22 14:00:00,2008-12-22 22:30:00,26.1648,2008-12-22 21:45:00,7.7500
04174500,42.286944,-83.733889,2008-12-26 17:15:00,2009-01-10 07:00:00,47.8555,2008-12-29 20:00:00,74.7500
04174500,42.286944,-83.733889,2009-01-11 18:15:00,2009-01-18 18:30:00,37.6614,2009-01-15 14:45:00,92.5000
04174500,42.286944,-83.733889,2009-01-20 07:00:00,2009-01-21 12:45:00,28.6000,2009-01-21 10:45:00,27.7500
04174500,42.286944,-83.733889,2009-01-29 16:15:00,2009-01-29 17:45:00,24.4658,2009-01-29 17:45:00,1.5000
04174500,42.286944,-83.733889,2009-02-05 12:30:00,2009-02-05 17:00:00,23.3614,2009-02-05 12:45:00,0.2500
04174500,42.286944,-83.733889,2009-06-17 12:45:00,2009-06-17 13:15:00,27.3258,2009-06-17 13:00:00,0.2500
04174500,42.286944,-83.733889,2009-06-18 13:45:00,2009-07-04 02:30:00,100.2416,2009-06-20 05:00:00,39.2500
04174500,42.286944,-83.733889,2009-07-11 12:15:00,2009-07-12 00:15:00,43.0416,2009-07-11 12:30:00,0.2500
04174500,42.286944,-83.733889,2009-08-08 15:45:00,2009-08-08 16:30:00,25.4002,2009-08-08 16:15:00,0.5000
04174500,42.286944,-83.733889,2009-10-31 02:45:00,2009-10-31 11:45:00,33.1307,2009-10-31 03:15:00,0.5000
04174500,42.286944,-83.733889,2009-12-25 15:00:00,2009-12-25 16:00:00,27.4957,2009-12-25 15:15:00,0.2500
04174500,42.286944,-83.733889,2010-01-01 15:30:00,2010-01-01 16:00:00,24.0976,2010-01-01 15:45:00,0.2500
04174500,42.286944,-83.733889,2010-03-10 23:45:00,2010-03-25 00:30:00,51.5367,2010-03-16 13:30:00,132.7500
04174500,42.286944,-83.733889,2010-03-26 05:15:00,2010-03-26 05:30:00,22.9933,2010-03-26 05:30:00,0.2500
04174500,42.286944,-83.733889,2010-03-29 16:45:00,2010-03-29 18:15:00,25.2020,2010-03-29 17:00:00,0.2500
04174500,42.286944,-83.733889,2010-04-10 07:30:00,2010-04-10 11:30:00,35.3961,2010-04-10 07:45:00,0.2500
04174500,42.286944,-83.733889,2010-05-31 23:15:00,2010-06-20 04:45:00,98.5426,2010-06-06 06:30:00,127.2500
04174500,42.286944,-83.733889,2010-06-22 08:00:00,2010-06-26 16:15:00,57.4832,2010-06-22 08:15:00,0.2500
04174500,42.286944,-83.733889,2010-06-27 18:30:00,2010-06-27 19:00:00,27.4957,2010-06-27 18:45:00,0.2500
04174500,42.286944,-83.733889,2010-07-15 22:45:00,2010-07-15 23:15:00,38.7941,2010-07-15 23:00:00,0.2500
04174500,42.286944,-83.733889,2010-07-20 05:00:00,2010-07-20 11:00:00,54.3683,2010-07-20 08:15:00,3.2500
04174500,42.286944,-83.733889,2010-07-23 22:30:00,2010-07-26 19:15:00,64.2792,2010-07-23 23:00:00,0.5000
04174500,42.286944,-83.733889,2010-07-28 19:30:00,2010-07-28 20:00:00,42.1921,2010-07-28 19:45:00,0.2500
04174500,42.286944,-83.733889,2010-08-11 17:45:00,2010-08-11 19:45:00,68.2436,2010-08-11 18:15:00,0.5000
04174500,42.286944,-83.733889,2010-11-22 19:30:00,2010-11-23 05:45:00,32.8475,2010-11-22 19:45:00,0.2500
04174500,42.286944,-83.733889,2010-12-03 16:45:00,2010-12-03 17:00:00,25.0321,2010-12-03 17:00:00,0.2500
04174500,42.286944,-83.733889,2011-02-28 07:45:00,2011-03-01 17:30:00,25.2020,2011-02-28 08:00:00,0.2500
04174500,42.286944,-83.733889,2011-06-22 21:45:00,2011-06-22 22:15:00,29.1664,2011-06-22 22:00:00,0.2500
04174500,42.286944,-83.733889,2011-07-28 04:30:00,2011-08-05 09:00:00,63.1466,2011-07-29 08:00:00,27.5000
04174500,42.286944,-83.733889,2011-08-09 04:45:00,2011-08-14 18:45:00,69.6594,2011-08-09 05:15:00,0.5000
04174500,42.286944,-83.733889,2011-08-20 21:00:00,2011-08-20 21:30:00,31.1485,2011-08-20 21:15:00,0.2500
04174500,42.286944,-83.733889,2011-09-08 14:30:00,2011-09-08 15:30:00,34.5466,2011-09-08 14:45:00,0.2500
04174500,42.286944,-83.733889,2011-09-21 18:45:00,2011-09-21 19:45:00,27.1275,2011-09-21 19:30:00,0.7500
04174500,42.286944,-83.733889,2011-09-26 09:30:00,2011-09-26 10:00:00,23.5596,2011-09-26 09:45:00,0.2500
04174500,42.286944,-83.733889,2011-09-30 15:45:00,2011-09-30 16:30:00,26.5329,2011-09-30 16:00:00,0.2500
04174500,42.286944,-83.733889,2011-10-20 20:15:00,2011-10-24 19:15:00,26.5329,2011-10-22 18:45:00,46.5000
04174500,42.286944,-83.733889,2011-10-27 14:30:00,2011-10-27 22:30:00,23.8994,2011-10-27 22:00:00,7.5000
04174500,42.286944,-83.733889,2011-11-09 16:30:00,2011-11-10 04:45:00,27.8921,2011-11-09 16:45:00,0.2500
04174500,42.286944,-83.733889,2011-11-14 19:00:00,2011-11-16 20:15:00,27.1275,2011-11-14 19:30:00,0.5000
04174500,42.286944,-83.733889,2012-01-13 00:45:00,2012-01-15 13:45:00,38.2277,2012-01-13 01:30:00,0.7500
04174500,42.286944,-83.733889,2012-01-16 18:00:00,2012-02-13 02:45:00,49.5545,2012-01-20 15:00:00,93.0000
04174500,42.286944,-83.733889,2012-02-17 04:30:00,2012-02-19 13:30:00,24.6640,2012-02-18 16:30:00,36.0000
04174500,42.286944,-83.733889,2012-04-03 13:45:00,2012-04-05 22:15:00,34.8297,2012-04-04 16:45:00,27.0000
04174500,42.286944,-83.733889,2012-04-15 11:15:00,2012-04-20 22:00:00,32.5644,2012-04-16 14:30:00,27.2500
04174500,42.286944,-83.733889,2012-04-23 18:45:00,2012-04-24 16:00:00,26.9293,2012-04-24 15:45:00,21.0000
04174500,42.286944,-83.733889,2012-06-18 17:00:00,2012-06-18 17:15:00,27.8921,2012-06-18 17:15:00,0.2500
04174500,42.286944,-83.733889,2012-07-05 09:30:00,2012-07-05 10:00:00,39.0772,2012-07-05 09:45:00,0.2500
04174500,42.286944,-83.733889,2012-08-19 18:45:00,2012-08-20 10:15:00,28.6000,2012-08-19 23:30:00,4.7500
04174500,42.286944,-83.733889,2013-01-20 07:00:00,2013-01-20 12:30:00,30.0159,2013-01-20 07:15:00,0.2500
04174500,42.286944,-83.733889,2013-01-29 22:15:00,2013-02-09 22:15:00,36.2456,2013-01-30 11:30:00,13.2500
04174500,42.286944,-83.733889,2013-03-05 14:45:00,2013-03-05 15:00:00,25.2020,2013-03-05 15:00:00,0.2500
04174500,42.286944,-83.733889,2013-03-11 19:15:00,2013-03-20 03:30:00,29.1664,2013-03-16 05:45:00,106.5000
04174500,42.286944,-83.733889,2013-04-11 09:00:00,2013-05-10 20:00:00,64.8456,2013-04-19 10:45:00,193.7500
04174500,42.286944,-83.733889,2013-05-14 19:00:00,2013-05-14 19:30:00,25.4002,2013-05-14 19:15:00,0.2500
04174500,42.286944,-83.733889,2013-06-13 05:15:00,2013-06-20 04:00:00,53.2357,2013-06-13 05:45:00,0.5000
04174500,42.286944,-83.733889,2013-06-27 19:45:00,2013-07-02 08:15:00,69.3763,2013-06-27 23:15:00,3.5000
04174500,42.286944,-83.733889,2013-07-03 13:00:00,2013-07-03 17:15:00,30.5822,2013-07-03 13:15:00,0.2500
04174500,42.286944,-83.733889,2013-07-09 22:00:00,2013-07-09 22:45:00,47.5723,2013-07-09 22:15:00,0.2500
04174500,42.286944,-83.733889,2013-08-12 17:45:00,2013-08-13 04:45:00,39.9268,2013-08-12 18:45:00,1.0000
04174500,42.286944,-83.733889,2013-10-05 10:30:00,2013-10-05 12:00:00,38.7941,2013-10-05 11:15:00,0.7500
04174500,42.286944,-83.733889,2014-01-11 07:00:00,2014-01-11 07:15:00,22.8234,2014-01-11 07:15:00,0.2500
04174500,42.286944,-83.733889,2014-04-29 13:15:00,2014-04-29 14:00:00,27.3258,2014-04-29 13:30:00,0.2500
04174500,42.286944,-83.733889,2014-05-04 02:15:00,2014-05-06 01:45:00,24.6640,2014-05-04 14:45:00,12.5000
04174500,42.286944,-83.733889,2014-05-07 11:45:00,2014-05-07 14:30:00,41.0594,2014-05-07 12:15:00,0.5000
04174500,42.286944,-83.733889,2014-05-12 15:00:00,2014-05-30 11:00:00,66.8278,2014-05-12 22:00:00,7.0000
04174500,42.286944,-83.733889,2014-06-02 17:00:00,2014-06-05 19:30:00,43.8911,2014-06-03 01:00:00,8.0000
04174500,42.286944,-83.733889,2014-06-17 17:15:00,2014-06-26 23:00:00,34.8297,2014-06-19 03:30:00,34.2500
04174500,42.286944,-83.733889,2014-07-01 07:30:00,2014-07-01 08:15:00,35.9624,2014-07-01 07:45:00,0.2500
04174500,42.286944,-83.733889,2014-07-07 12:00:00,2014-07-08 15:15:00,35.6792,2014-07-07 20:00:00,8.0000
04174500,42.286944,-83.733889,2014-07-14 08:45:00,2014-07-14 09:15:00,26.1648,2014-07-14 09:00:00,0.2500
04174500,42.286944,-83.733889,2014-08-26 21:00:00,2014-08-26 21:45:00,45.5901,2014-08-26 21:15:00,0.2500
04174500,42.286944,-83.733889,2014-09-10 17:15:00,2014-09-10 19:45:00,28.8832,2014-09-10 19:15:00,2.0000
04174500,42.286944,-83.733889,2014-09-20 23:15:00,2014-09-21 00:45:00,45.0238,2014-09-21 00:00:00,0.7500
04174500,42.286944,-83.733889,2015-02-16 10:45:00,2015-02-16 14:30:00,23.5596,2015-02-16 11:00:00,0.2500
04174500,42.286944,-83.733889,2015-03-13 21:15:00,2015-03-26 23:15:00,37.3782,2015-03-18 01:00:00,99.7500
04174500,42.286944,-83.733889,2015-04-09 10:15:00,2015-04-11 01:45:00,34.8297,2015-04-10 00:00:00,13.7500
04174500,42.286944,-83.733889,2015-05-07 13:15:00,2015-05-07 17:00:00,28.8832,2015-05-07 13:30:00,0.2500
04174500,42.286944,-83.733889,2015-05-11 00:45:00,2015-05-11 01:00:00,24.2675,2015-05-11 01:00:00,0.2500
04174500,42.286944,-83.733889,2015-05-30 21:15:00,2015-06-06 22:30:00,49.5545,2015-05-31 12:30:00,15.2500
04174500,42.286944,-83.733889,2015-06-07 22:45:00,2015-06-08 01:30:00,25.0321,2015-06-08 01:15:00,2.5000
04174500,42.286944,-83.733889,2015-06-10 15:15:00,2015-06-10 15:45:00,25.0321,2015-06-10 15:30:00,0.2500
04174500,42.286944,-83.733889,2015-07-09 11:00:00,2015-07-09 11:30:00,23.7295,2015-07-09 11:15:00,0.2500
04174500,42.286944,-83.733889,2015-08-03 04:00:00,2015-08-03 04:45:00,32.8475,2015-08-03 04:15:00,0.2500
04174500,42.286944,-83.733889,2015-08-10 19:45:00,2015-08-10 20:45:00,53.5188,2015-08-10 20:00:00,0.2500
04174500,42.286944,-83.733889,2015-09-04 03:00:00,2015-09-04 03:15:00,25.5418,2015-09-04 03:15:00,0.2500
04174500,42.286944,-83.733889,2015-10-29 05:30:00,2015-10-29 12:00:00,28.6000,2015-10-29 05:45:00,0.2500
04174500,42.286944,-83.733889,2015-12-29 04:15:00,2015-12-29 04:30:00,23.8711,2015-12-29 04:30:00,0.2500
04174500,42.286944,-83.733889,2016-03-05 01:30:00,2016-03-05 09:00:00,22.9650,2016-03-05 01:45:00,0.2500
04174500,42.286944,-83.733889,2016-03-24 15:45:00,2016-03-25 21:00:00,31.7149,2016-03-24 16:00:00,0.2500
04174500,42.286944,-83.733889,2016-03-28 01:30:00,2016-03-29 17:00:00,25.1737,2016-03-28 01:45:00,0.2500
04174500,42.286944,-83.733889,2016-03-31 13:45:00,2016-04-09 01:00:00,29.1664,2016-04-01 00:00:00,10.2500
04174500,42.286944,-83.733889,2016-04-10 22:00:00,2016-04-19 15:00:00,30.5822,2016-04-19 01:30:00,195.5000
04174500,42.286944,-83.733889,2016-04-22 02:00:00,2016-04-22 03:45:00,37.0951,2016-04-22 02:15:00,0.2500
04174500,42.286944,-83.733889,2016-05-02 06:00:00,2016-05-02 08:00:00,26.5046,2016-05-02 07:00:00,1.0000
04174500,42.286944,-83.733889,2016-05-04 18:45:00,2016-05-04 20:30:00,28.2319,2016-05-04 19:00:00,0.2500
04174500,42.286944,-83.733889,2016-05-12 09:15:00,2016-05-19 21:00:00,36.8119,2016-05-12 23:30:00,14.2500
04174500,42.286944,-83.733889,2016-05-21 10:45:00,2016-05-22 01:00:00,23.7012,2016-05-21 22:30:00,11.7500
04174500,42.286944,-83.733889,2016-06-01 22:45:00,2016-06-01 23:15:00,32.8475,2016-06-01 23:00:00,0.2500
04124000,44.436389,-85.698611,1991-03-23 23:36:39,1991-03-26 05:38:15,57.7664,1991-03-24 17:37:12,18.0092
04124000,44.436389,-85.698611,1991-03-28 00:39:33,1991-04-01 01:42:27,61.4476,1991-03-29 07:40:27,31.0150
04124000,44.436389,-85.698611,1991-10-25 10:00:00,1991-10-26 04:00:00,62.8634,1991-10-26 04:00:00,18.0000
04124000,44.436389,-85.698611,1991-10-28 05:00:00,1991-11-02 18:00:00,69.3763,1991-10-29 09:00:00,28.0000
04124000,44.436389,-85.698611,1992-03-09 12:00:00,1992-03-12 07:00:00,62.2971,1992-03-10 16:00:00,28.0000
04124000,44.436389,-85.698611,1992-04-16 17:00:00,1992-04-25 23:00:00,67.9604,1992-04-17 21:00:00,28.0000
04124000,44.436389,-85.698611,1992-09-18 00:00:00,1992-09-19 17:00:00,61.4476,1992-09-18 16:00:00,16.0000
04124000,44.436389,-85.698611,1992-11-23 23:00:00,1992-11-25 23:00:00,56.0674,1992-11-24 08:00:00,9.0000
04124000,44.436389,-85.698611,1992-11-27 02:00:00,1992-11-27 21:00:00,54.3683,1992-11-27 06:00:00,4.0000
04124000,44.436389,-85.698611,1993-03-29 19:00:00,1993-04-03 04:00:00,59.1822,1993-04-01 00:00:00,53.0000
04124000,44.436389,-85.698611,1993-04-16 02:00:00,1993-04-24 09:00:00,66.5446,1993-04-16 22:00:00,20.0000
04124000,44.436389,-85.698611,1993-06-20 10:00:00,1993-06-24 16:00:00,65.6951,1993-06-21 00:00:00,14.0000
04124000,44.436389,-85.698611,1994-04-16 04:00:00,1994-04-18 22:00:00,57.2000,1994-04-17 10:00:00,30.0000
04124000,44.436389,-85.698611,1994-04-26 14:00:00,1994-04-29 17:00:00,59.1822,1994-04-27 21:00:00,31.0000
04124000,44.436389,-85.698611,1994-07-06 10:00:00,1994-07-11 03:00:00,63.1466,1994-07-09 02:00:00,64.0000
04124000,44.436389,-85.698611,1995-01-15 12:00:00,1995-01-16 00:00:00,62.8634,1995-01-15 16:00:00,4.0000
04124000,44.436389,-85.698611,1995-03-20 03:00:00,1995-03-22 22:00:00,57.2000,1995-03-21 05:00:00,26.0000
04124000,44.436389,-85.698611,1995-04-28 16:00:00,1995-04-29 01:00:00,54.3683,1995-04-28 18:00:00,2.0000
04124000,44.436389,-85.698611,1996-01-20 01:00:00,1996-01-20 04:00:00,54.9347,1996-01-20 02:00:00,1.0000
04124000,44.436389,-85.698611,1996-04-13 23:00:00,1996-04-17 11:00:00,56.0674,1996-04-16 16:00:00,65.0000
04124000,44.436389,-85.698611,1996-04-20 12:00:00,1996-04-24 23:00:00,59.7485,1996-04-23 03:00:00,63.0000
04124000,44.436389,-85.698611,1996-06-18 17:00:00,1996-06-22 12:00:00,65.9783,1996-06-20 00:00:00,31.0000
04124000,44.436389,-85.698611,1997-04-03 22:15:00,1997-04-11 19:45:00,65.6951,1997-04-08 14:45:00,111.5000
04124000,44.436389,-85.698611,1998-03-31 04:15:00,1998-03-31 04:45:00,54.6515,1998-03-31 04:45:00,0.5000
04124000,44.436389,-85.698611,1998-04-01 05:00:00,1998-04-06 22:00:00,74.4733,1998-04-03 22:00:00,65.0000
04124000,44.436389,-85.698611,2001-04-08 04:15:00,2001-04-17 17:15:00,77.0218,2001-04-15 09:15:00,173.0000
04124000,44.436389,-85.698611,2001-05-16 13:30:00,2001-05-19 13:00:00,70.2258,2001-05-17 13:15:00,23.7500
04124000,44.436389,-85.698611,2002-03-10 06:30:00,2002-03-11 18:30:00,58.8990,2002-03-10 16:45:00,10.2500
04124000,44.436389,-85.698611,2002-04-10 04:30:00,2002-04-14 09:00:00,57.7664,2002-04-10 16:30:00,12.0000
04124000,44.436389,-85.698611,2004-03-06 00:15:00,2004-03-08 09:45:00,64.8456,2004-03-06 19:15:00,19.0000
04124000,44.436389,-85.698611,2004-03-27 07:00:00,2004-04-03 05:15:00,63.7129,2004-03-30 10:15:00,75.2500
04124000,44.436389,-85.698611,2004-04-19 13:00:00,2004-04-19 19:00:00,54.3683,2004-04-19 15:30:00,2.5000
04124000,44.436389,-85.698611,2004-05-24 06:30:00,2004-05-28 23:00:00,65.6951,2004-05-25 08:15:00,25.7500
04124000,44.436389,-85.698611,2005-03-31 21:30:00,2005-04-04 21:45:00,58.8990,2005-04-01 19:15:00,21.7500
04124000,44.436389,-85.698611,2006-03-12 23:45:00,2006-03-13 04:45:00,54.9347,2006-03-13 04:00:00,4.2500
04124000,44.436389,-85.698611,2006-03-14 05:00:00,2006-03-17 13:15:00,66.2614,2006-03-14 15:30:00,10.5000
04124000,44.436389,-85.698611,2006-04-03 23:00:00,2006-04-07 22:30:00,60.3149,2006-04-04 16:15:00,17.2500
04124000,44.436389,-85.698611,2006-10-05 03:45:00,2006-10-08 03:45:00,58.6159,2006-10-05 13:30:00,9.7500
04124000,44.436389,-85.698611,2007-03-22 18:15:00,2007-03-30 00:45:00,65.9783,2007-03-26 00:30:00,78.2500
04124000,44.436389,-85.698611,2008-01-09 05:00:00,2008-01-11 21:15:00,56.0674,2008-01-09 21:15:00,16.2500
04124000,44.436389,-85.698611,2008-04-01 23:30:00,2008-04-02 21:15:00,57.4832,2008-04-02 07:45:00,8.2500
04124000,44.436389,-85.698611,2008-04-07 17:45:00,2008-04-16 07:00:00,67.3941,2008-04-12 14:15:00,116.5000
04124000,44.436389,-85.698611,2008-05-03 18:30:00,2008-05-06 00:00:00,58.0495,2008-05-04 10:00:00,15.5000
04124000,44.436389,-85.698611,2008-06-14 05:00:00,2008-06-19 14:30:00,90.6139,2008-06-14 15:45:00,10.7500
04124000,44.436389,-85.698611,2008-12-28 05:00:00,2008-12-30 22:30:00,69.0931,2008-12-28 21:15:00,16.2500
04124000,44.436389,-85.698611,2009-02-12 19:15:00,2009-02-13 16:30:00,55.5010,2009-02-13 02:30:00,7.2500
04124000,44.436389,-85.698611,2009-03-19 08:00:00,2009-03-20 10:00:00,55.2179,2009-03-19 17:45:00,9.7500
04124000,44.436389,-85.698611,2009-05-28 18:30:00,2009-05-29 18:30:00,56.0674,2009-05-29 00:45:00,6.2500
04124000,44.436389,-85.698611,2009-06-09 13:15:00,2009-06-09 21:15:00,54.3683,2009-06-09 14:00:00,0.7500
04124000,44.436389,-85.698611,2010-03-12 21:45:00,2010-03-16 06:30:00,59.4654,2010-03-13 15:30:00,17.7500
04124000,44.436389,-85.698611,2011-04-11 03:45:00,2011-04-15 10:15:00,63.7129,2011-04-12 01:15:00,21.5000
04124000,44.436389,-85.698611,2011-04-27 09:15:00,2011-05-03 08:30:00,77.5882,2011-04-30 17:30:00,80.2500
04124000,44.436389,-85.698611,2012-03-08 15:45:00,2012-03-10 14:00:00,65.1287,2012-03-09 07:30:00,15.7500
04124000,44.436389,-85.698611,2012-03-12 22:30:00,2012-03-21 05:00:00,65.1287,2012-03-16 22:30:00,96.0000
04124000,44.436389,-85.698611,2012-04-21 11:00:00,2012-04-21 21:15:00,54.6515,2012-04-21 13:45:00,2.7500
04124000,44.436389,-85.698611,2012-05-04 05:00:00,2012-05-06 01:00:00,64.2792,2012-05-04 16:45:00,11.7500
04124000,44.436389,-85.698611,2012-06-03 12:45:00,2012-06-04 23:30:00,55.2179,2012-06-03 23:15:00,10.5000
04124000,44.436389,-85.698611,2013-11-19 00:30:00,2013-11-22 13:30:00,58.8990,2013-11-19 15:00:00,14.5000
04124000,44.436389,-85.698611,2014-04-07 20:15:00,2014-04-22 22:45:00,98.5426,2014-04-15 13:30:00,185.2500
04124000,44.436389,-85.698611,2014-05-14 00:30:00,2014-05-14 19:15:00,54.6515,2014-05-14 03:00:00,2.5000
04124000,44.436389,-85.698611,2014-05-16 07:45:00,2014-05-17 02:30:00,54.6515,2014-05-16 12:00:00,4.2500
04124000,44.436389,-85.698611,2014-09-06 06:45:00,2014-09-07 12:00:00,57.2000,2014-09-06 15:45:00,9.0000
04124000,44.436389,-85.698611,2014-11-24 22:45:00,2014-11-29 16:00:00,65.6951,2014-11-26 04:30:00,29.7500
04124000,44.436389,-85.698611,2015-06-16 10:15:00,2015-06-18 16:00:00,70.7921,2015-06-17 12:15:00,26.0000
04124000,44.436389,-85.698611,2016-03-10 02:30:00,2016-03-20 12:30:00,61.1644,2016-03-18 01:45:00,190.2500
04124000,44.436389,-85.698611,2016-03-29 01:30:00,2016-04-06 04:00:00,72.4911,2016-04-02 02:30:00,97.0000
04164000,42.577778,-82.951667,1989-11-15 23:00:00,1989-11-16 19:00:00,113.8337,1989-11-16 01:00:00,2.0000
04164000,42.577778,-82.951667,1990-02-22 19:00:00,1990-02-24 12:00:00,166.5031,1990-02-23 03:00:00,8.0000
04164000,42.577778,-82.951667,1990-08-19 07:00:00,1990-08-20 01:00:00,112.7010,1990-08-19 10:00:00,3.0000
04164000,42.577778,-82.951667,1990-09-07 05:00:00,1990-09-07 23:00:00,121.7624,1990-09-07 11:00:00,6.0000
04164000,42.577778,-82.951667,1990-10-10 20:30:00,1990-10-11 20:00:00,123.1783,1990-10-11 01:00:00,4.5000
04164000,42.577778,-82.951667,1990-11-05 22:30:00,1990-11-06 14:30:00,97.1268,1990-11-06 02:30:00,4.0000
04164000,42.577778,-82.951667,1990-12-29 16:30:00,1990-12-31 09:30:00,116.0991,1990-12-30 07:00:00,14.5000
04164000,42.577778,-82.951667,1991-03-03 02:30:00,1991-03-03 07:45:00,68.8099,1991-03-03 04:15:00,1.7500
04164000,42.577778,-82.951667,1991-05-26 10:00:00,1991-05-27 18:45:00,155.4595,1991-05-26 14:15:00,4.2500
04164000,42.577778,-82.951667,1992-03-07 21:45:00,1992-03-08 01:45:00,64.2792,1992-03-07 23:15:00,1.5000
04164000,42.577778,-82.951667,1992-07-14 12:30:00,1992-07-15 14:15:00,94.2951,1992-07-15 05:30:00,17.0000
04164000,42.577778,-82.951667,1992-07-31 15:30:00,1992-07-31 23:45:00,78.7208,1992-07-31 18:00:00,2.5000
04164000,42.577778,-82.951667,1992-11-12 19:30:00,1992-11-13 15:30:00,103.3565,1992-11-13 04:30:00,9.0000
04164000,42.577778,-82.951667,1993-01-04 15:30:00,1993-01-06 05:15:00,133.6555,1993-01-04 20:15:00,4.7500
04164000,42.577778,-82.951667,1993-06-21 07:15:00,1993-06-21 16:30:00,81.8357,1993-06-21 09:45:00,2.5000
04164000,42.577778,-82.951667,1993-06-26 02:15:00,1993-06-26 06:15:00,67.9604,1993-06-26 03:45:00,1.5000
04164000,42.577778,-82.951667,1994-01-28 14:15:00,1994-01-29 07:15:00,112.4179,1994-01-28 19:45:00,5.5000
04164000,42.577778,-82.951667,1994-03-21 16:15:00,1994-03-22 06:00:00,92.3129,1994-03-21 20:00:00,3.7500
04164000,42.577778,-82.951667,1994-06-24 19:15:00,1994-06-25 03:00:00,68.8099,1994-06-24 22:45:00,3.5000
04164000,42.577778,-82.951667,1994-08-14 08:00:00,1994-08-14 11:30:00,65.6951,1994-08-14 09:15:00,1.2500
04164000,42.577778,-82.951667,1995-03-07 23:30:00,1995-03-08 12:45:00,87.7822,1995-03-08 04:45:00,5.2500
04164000,42.577778,-82.951667,1995-07-17 02:45:00,1995-07-17 12:15:00,90.3307,1995-07-17 05:30:00,2.7500
04164000,42.577778,-82.951667,1995-08-03 14:00:00,1995-08-04 11:00:00,103.6397,1995-08-03 17:30:00,3.5000
04164000,42.577778,-82.951667,1995-08-17 18:30:00,1995-08-18 03:45:00,94.8614,1995-08-17 21:30:00,3.0000
04164000,42.577778,-82.951667,1995-10-06 05:00:00,1995-10-06 11:45:00,77.5882,1995-10-06 06:45:00,1.7500
04164000,42.577778,-82.951667,1995-11-11 17:45:00,1995-11-12 00:45:00,66.5446,1995-11-11 20:45:00,3.0000
04164000,42.577778,-82.951667,1996-02-27 20:30:00,1996-02-28 01:30:00,66.5446,1996-02-27 22:15:00,1.7500
04164000,42.577778,-82.951667,1996-04-20 09:00:00,1996-04-21 00:30:00,109.5862,1996-04-20 12:45:00,3.7500
04164000,42.577778,-82.951667,1996-05-21 08:45:00,1996-05-21 22:45:00,96.2773,1996-05-21 11:30:00,2.7500
04164000,42.577778,-82.951667,1996-06-18 19:30:00,1996-06-20 22:00:00,125.1605,1996-06-19 19:00:00,23.5000
04164000,42.577778,-82.951667,1996-11-08 03:30:00,1996-11-08 06:45:00,63.7129,1996-11-08 04:30:00,1.0000
04164000,42.577778,-82.951667,1997-02-21 07:45:00,1997-02-22 19:15:00,109.0199,1997-02-21 11:00:00,3.2500
04164000,42.577778,-82.951667,1997-02-27 11:00:00,1997-02-28 02:15:00,90.8971,1997-02-27 15:00:00,4.0000
04164000,42.577778,-82.951667,1997-03-14 13:15:00,1997-03-15 10:00:00,127.4258,1997-03-14 16:45:00,3.5000
04164000,42.577778,-82.951667,1997-05-03 20:45:00,1997-05-03 22:00:00,61.7307,1997-05-03 21:00:00,0.2500
04164000,42.577778,-82.951667,1997-05-19 06:30:00,1997-05-20 01:45:00,138.7525,1997-05-19 10:00:00,3.5000
04164000,42.577778,-82.951667,1997-09-10 12:30:00,1997-09-10 21:15:00,83.8179,1997-09-10 15:00:00,2.5000
04164000,42.577778,-82.951667,1998-02-17 22:45:00,1998-02-19 18:00:00,175.2813,1998-02-18 05:30:00,6.7500
04164000,42.577778,-82.951667,1998-03-09 15:00:00,1998-03-10 10:00:00,116.3822,1998-03-09 18:15:00,3.2500
04164000,42.577778,-82.951667,1998-04-09 23:45:00,1998-04-10 08:00:00,75.8891,1998-04-10 02:45:00,3.0000
04164000,42.577778,-82.951667,1998-08-06 12:45:00,1998-08-07 07:45:00,126.2931,1998-08-06 16:45:00,4.0000
04164000,42.577778,-82.951667,1999-01-24 00:30:00,1999-01-24 10:30:00,70.7921,1999-01-24 04:15:00,3.7500
04164000,42.577778,-82.951667,1999-06-29 06:00:00,1999-06-29 17:00:00,94.5783,1999-06-29 09:00:00,3.0000
04164000,42.577778,-82.951667,2000-04-20 18:15:00,2000-04-21 14:45:00,117.2317,2000-04-21 02:45:00,8.5000
04164000,42.577778,-82.951667,2000-05-19 13:15:00,2000-05-19 22:15:00,72.4911,2000-05-19 17:15:00,4.0000
04164000,42.577778,-82.951667,2000-06-25 08:00:00,2000-06-26 13:30:00,97.6931,2000-06-25 10:45:00,2.7500
04164000,42.577778,-82.951667,2000-07-30 12:15:00,2000-08-01 02:15:00,112.4179,2000-07-30 23:00:00,10.7500
04164000,42.577778,-82.951667,2000-08-02 21:00:00,2000-08-03 08:00:00,67.3941,2000-08-03 03:45:00,6.7500
04164000,42.577778,-82.951667,2000-09-10 23:15:00,2000-09-13 02:00:00,88.0654,2000-09-12 02:45:00,27.5000
04164000,42.577778,-82.951667,2001-02-09 19:00:00,2001-02-11 13:15:00,114.9664,2001-02-10 05:30:00,10.5000
04164000,42.577778,-82.951667,2001-02-25 09:30:00,2001-02-26 00:30:00,94.2951,2001-02-25 13:45:00,4.2500
04164000,42.577778,-82.951667,2001-10-16 17:15:00,2001-10-18 05:45:00,106.1882,2001-10-16 21:30:00,4.2500
04164000,42.577778,-82.951667,2001-11-30 11:15:00,2001-12-01 07:15:00,106.1882,2001-11-30 18:00:00,6.7500
04164000,42.577778,-82.951667,2003-04-05 07:15:00,2003-04-05 13:45:00,64.5624,2003-04-05 09:30:00,2.2500
04164000,42.577778,-82.951667,2004-05-23 13:15:00,2004-05-25 17:30:00,171.0338,2004-05-24 09:00:00,19.7500
04164000,42.577778,-82.951667,2004-12-07 21:00:00,2004-12-08 08:00:00,93.4456,2004-12-08 00:00:00,3.0000
04164000,42.577778,-82.951667,2005-01-13 07:30:00,2005-01-14 17:00:00,86.3664,2005-01-14 03:45:00,20.2500
04164000,42.577778,-82.951667,2005-02-16 04:00:00,2005-02-17 01:30:00,99.3921,2005-02-16 08:00:00,4.0000
04164000,42.577778,-82.951667,2005-11-16 05:00:00,2005-11-16 18:30:00,98.8258,2005-11-16 09:30:00,4.5000
04164000,42.577778,-82.951667,2006-02-17 07:15:00,2006-02-18 08:30:00,98.2595,2006-02-17 10:45:00,3.5000
04164000,42.577778,-82.951667,2006-03-13 18:30:00,2006-03-14 03:15:00,72.7743,2006-03-13 21:15:00,2.7500
04164000,42.577778,-82.951667,2006-05-11 10:00:00,2006-05-11 23:00:00,84.1010,2006-05-11 15:30:00,5.5000
04164000,42.577778,-82.951667,2006-06-22 06:15:00,2006-06-22 13:30:00,74.7565,2006-06-22 08:45:00,2.5000
04164000,42.577778,-82.951667,2006-12-01 13:00:00,2006-12-02 10:00:00,120.9129,2006-12-01 18:00:00,5.0000
04164000,42.577778,-82.951667,2007-01-05 09:00:00,2007-01-06 14:15:00,80.1367,2007-01-05 11:30:00,2.5000
04164000,42.577778,-82.951667,2007-01-15 15:30:00,2007-01-15 19:45:00,64.2792,2007-01-15 16:45:00,1.2500
04164000,42.577778,-82.951667,2007-03-01 23:15:00,2007-03-03 01:30:00,120.9129,2007-03-02 10:15:00,11.0000
04164000,42.577778,-82.951667,2007-08-20 19:15:00,2007-08-21 08:15:00,90.3307,2007-08-21 00:15:00,5.0000
04164000,42.577778,-82.951667,2008-01-09 10:00:00,2008-01-09 17:45:00,68.5268,2008-01-09 12:15:00,2.2500
04164000,42.577778,-82.951667,2008-02-06 10:00:00,2008-02-06 22:45:00,88.9149,2008-02-06 13:45:00,3.7500
04164000,42.577778,-82.951667,2008-02-18 06:00:00,2008-02-18 11:15:00,64.2792,2008-02-18 08:30:00,2.5000
04164000,42.577778,-82.951667,2008-09-13 21:15:00,2008-09-16 15:00:00,196.2357,2008-09-15 04:15:00,31.0000
04164000,42.577778,-82.951667,2008-12-28 02:30:00,2008-12-29 08:00:00,105.6218,2008-12-28 13:45:00,11.2500
04164000,42.577778,-82.951667,2009-02-12 02:30:00,2009-02-13 10:00:00,104.2060,2009-02-12 09:00:00,6.5000
04164000,42.577778,-82.951667,2009-03-08 04:30:00,2009-03-10 05:45:00,139.0357,2009-03-09 04:30:00,24.0000
04164000,42.577778,-82.951667,2009-03-11 06:00:00,2009-03-12 14:15:00,135.0714,2009-03-11 11:00:00,5.0000
04164000,42.577778,-82.951667,2009-04-20 19:00:00,2009-04-22 01:45:00,85.8000,2009-04-21 00:00:00,5.0000
04164000,42.577778,-82.951667,2009-06-20 08:30:00,2009-06-20 16:45:00,72.7743,2009-06-20 10:30:00,2.0000
04164000,42.577778,-82.951667,2009-08-09 03:30:00,2009-08-09 04:45:00,64.2792,2009-08-09 03:45:00,0.2500
04164000,42.577778,-82.951667,2010-05-11 23:30:00,2010-05-12 10:45:00,85.5169,2010-05-12 02:45:00,3.2500
04164000,42.577778,-82.951667,2010-06-06 08:30:00,2010-06-07 03:00:00,120.3466,2010-06-06 12:00:00,3.5000
04164000,42.577778,-82.951667,2011-03-05 14:00:00,2011-03-06 09:15:00,96.5604,2011-03-05 20:45:00,6.7500
04164000,42.577778,-82.951667,2011-04-23 12:30:00,2011-04-23 16:00:00,64.5624,2011-04-23 13:30:00,1.0000
04164000,42.577778,-82.951667,2011-04-28 10:30:00,2011-04-29 11:45:00,133.3723,2011-04-28 15:15:00,4.7500
04164000,42.577778,-82.951667,2011-05-15 21:30:00,2011-05-16 06:15:00,72.7743,2011-05-16 00:15:00,2.7500
04164000,42.577778,-82.951667,2011-05-25 20:30:00,2011-05-28 03:00:00,204.4476,2011-05-26 03:15:00,6.7500
04164000,42.577778,-82.951667,2011-07-28 12:45:00,2011-07-29 23:15:00,114.4001,2011-07-28 16:15:00,3.5000
04164000,42.577778,-82.951667,2011-09-10 12:45:00,2011-09-11 01:45:00,106.1882,2011-09-10 16:30:00,3.7500
04164000,42.577778,-82.951667,2011-10-20 04:00:00,2011-10-20 22:30:00,109.3030,2011-10-20 09:30:00,5.5000
04164000,42.577778,-82.951667,2011-11-29 11:15:00,2011-12-01 07:00:00,168.2021,2011-11-29 21:00:00,9.7500
04164000,42.577778,-82.951667,2013-04-11 14:30:00,2013-04-13 00:45:00,90.0476,2013-04-12 12:15:00,21.7500
04164000,42.577778,-82.951667,2013-04-19 00:15:00,2013-04-20 04:00:00,95.1446,2013-04-19 04:00:00,3.7500
04164000,42.577778,-82.951667,2013-06-13 10:45:00,2013-06-13 21:30:00,81.8357,2013-06-13 14:00:00,3.2500
04164000,42.577778,-82.951667,2013-06-29 01:15:00,2013-06-29 20:45:00,107.0377,2013-06-29 06:30:00,5.2500
04164000,42.577778,-82.951667,2013-07-10 09:15:00,2013-07-10 19:30:00,71.6416,2013-07-10 11:30:00,2.2500
04164000,42.577778,-82.951667,2013-08-31 06:45:00,2013-08-31 15:45:00,92.5961,2013-08-31 09:30:00,2.7500
04164000,42.577778,-82.951667,2014-05-28 02:30:00,2014-05-29 10:45:00,120.0634,2014-05-28 22:15:00,19.7500
04164000,42.577778,-82.951667,2014-08-12 00:00:00,2014-08-13 14:15:00,348.2972,2014-08-12 08:30:00,8.5000
04164000,42.577778,-82.951667,2014-09-10 23:15:00,2014-09-11 10:45:00,86.6496,2014-09-11 01:30:00,2.2500
04164000,42.577778,-82.951667,2015-04-10 04:30:00,2015-04-10 10:30:00,71.3585,2015-04-10 06:30:00,2.0000
04164000,42.577778,-82.951667,2015-05-31 02:45:00,2015-06-01 16:30:00,130.8238,2015-05-31 16:30:00,13.7500
04164000,42.577778,-82.951667,2015-09-04 06:30:00,2015-09-04 12:15:00,67.9604,2015-09-04 08:30:00,2.0000
04164000,42.577778,-82.951667,2016-03-24 22:15:00,2016-03-25 11:15:00,109.3030,2016-03-25 02:15:00,4.0000
04199000,41.300833,-82.608333,1989-04-04 13:30:00,1989-04-05 04:00:00,141.3011,1989-04-04 19:30:00,6.0000
04199000,41.300833,-82.608333,1989-05-26 09:30:00,1989-05-27 18:00:00,268.4437,1989-05-26 19:00:00,9.5000
04199000,41.300833,-82.608333,1989-06-04 04:00:00,1989-06-04 23:30:00,211.5268,1989-06-04 12:00:00,8.0000
04199000,41.300833,-82.608333,1990-02-02 18:00:00,1990-02-03 09:00:00,151.4951,1990-02-03 00:00:00,6.0000
04199000,41.300833,-82.608333,1990-02-16 00:30:00,1990-02-17 13:30:00,226.2516,1990-02-16 22:00:00,21.5000
04199000,41.300833,-82.608333,1990-04-11 03:30:00,1990-04-12 00:00:00,178.3961,1990-04-11 10:30:00,7.0000
04199000,41.300833,-82.608333,1990-05-16 20:00:00,1990-05-17 04:00:00,124.5941,1990-05-17 00:00:00,4.0000
04199000,41.300833,-82.608333,1990-09-09 13:30:00,1990-09-10 04:00:00,186.8912,1990-09-09 18:00:00,4.5000
04199000,41.300833,-82.608333,1990-12-03 23:00:00,1990-12-05 03:00:00,213.5090,1990-12-04 08:30:00,9.5000
04199000,41.300833,-82.608333,1990-12-19 04:30:00,1990-12-19 13:30:00,125.4436,1990-12-19 09:00:00,4.5000
04199000,41.300833,-82.608333,1990-12-22 04:00:00,1990-12-24 15:00:00,220.8714,1990-12-23 20:00:00,40.0000
04199000,41.300833,-82.608333,1990-12-31 05:00:00,1991-01-01 02:30:00,277.2219,1990-12-31 13:00:00,8.0000
04199000,41.300833,-82.608333,1992-02-16 09:00:00,1992-02-16 10:30:00,119.7803,1992-02-16 09:30:00,0.5000
04199000,41.300833,-82.608333,1992-07-17 22:00:00,1992-07-18 14:00:00,152.0615,1992-07-18 06:00:00,8.0000
04199000,41.300833,-82.608333,1992-07-31 10:00:00,1992-08-01 01:00:00,181.2278,1992-07-31 16:30:00,6.5000
04199000,41.300833,-82.608333,1992-09-10 13:30:00,1992-09-10 21:00:00,128.2753,1992-09-10 17:30:00,4.0000
04199000,41.300833,-82.608333,1992-11-12 15:30:00,1992-11-14 08:30:00,297.3269,1992-11-13 13:30:00,22.0000
04199000,41.300833,-82.608333,1992-11-23 02:30:00,1992-11-23 18:30:00,159.1407,1992-11-23 09:00:00,6.5000
04199000,41.300833,-82.608333,1992-12-31 04:00:00,1993-01-01 01:30:00,188.5902,1992-12-31 10:30:00,6.5000
04199000,41.300833,-82.608333,1993-01-04 08:30:00,1993-01-06 10:00:00,192.2714,1993-01-05 09:00:00,24.5000
04199000,41.300833,-82.608333,1993-01-13 20:00:00,1993-01-14 12:00:00,152.3446,1993-01-14 03:00:00,7.0000
04199000,41.300833,-82.608333,1993-03-05 01:00:00,1993-03-05 12:00:00,118.0813,1993-03-05 05:30:00,4.5000
04199000,41.300833,-82.608333,1993-03-08 09:00:00,1993-03-09 08:30:00,134.7882,1993-03-08 14:00:00,5.0000
04199000,41.300833,-82.608333,1993-03-23 18:00:00,1993-03-24 18:00:00,169.6179,1993-03-23 21:00:00,3.0000
04199000,41.300833,-82.608333,1993-04-01 16:00:00,1993-04-02 04:30:00,138.7525,1993-04-01 21:30:00,5.5000
04199000,41.300833,-82.608333,1993-04-10 08:00:00,1993-04-11 02:00:00,174.4318,1993-04-10 15:30:00,7.5000
04199000,41.300833,-82.608333,1993-06-09 12:30:00,1993-06-10 03:30:00,139.0357,1993-06-09 18:00:00,5.5000
04199000,41.300833,-82.608333,1993-11-18 00:00:00,1993-11-18 01:30:00,117.2317,1993-11-18 01:00:00,1.0000
04199000,41.300833,-82.608333,1995-06-04 02:00:00,1995-06-04 05:15:00,132.2397,1995-06-04 04:00:00,2.0000
04199000,41.300833,-82.608333,1995-06-30 06:15:00,1995-06-30 09:15:00,120.6298,1995-06-30 07:45:00,1.5000
04199000,41.300833,-82.608333,1996-02-27 21:15:00,1996-02-29 02:45:00,233.6140,1996-02-28 10:15:00,13.0000
04199000,41.300833,-82.608333,1996-03-20 08:45:00,1996-03-20 18:30:00,127.9921,1996-03-20 14:00:00,5.2500
04199000,41.300833,-82.608333,1996-03-25 03:00:00,1996-03-25 15:30:00,144.6991,1996-03-25 08:15:00,5.2500
04199000,41.300833,-82.608333,1996-04-23 15:15:00,1996-04-24 22:45:00,241.8259,1996-04-24 02:45:00,11.5000
04199000,41.300833,-82.608333,1996-04-30 15:00:00,1996-05-01 00:30:00,130.2575,1996-04-30 20:15:00,5.2500
04199000,41.300833,-82.608333,1996-05-11 03:30:00,1996-05-12 09:30:00,197.3684,1996-05-11 13:30:00,10.0000
04199000,41.300833,-82.608333,1996-06-07 18:00:00,1996-06-07 20:15:00,112.9842,1996-06-07 19:15:00,1.2500
04199000,41.300833,-82.608333,1996-12-12 04:30:00,1996-12-13 00:00:00,151.2120,1996-12-12 11:00:00,6.5000
04199000,41.300833,-82.608333,1996-12-17 14:45:00,1996-12-18 14:45:00,194.5367,1996-12-18 00:15:00,9.5000
04199000,41.300833,-82.608333,1997-02-04 23:15:00,1997-02-05 23:45:00,237.0120,1997-02-05 06:00:00,6.7500
04199000,41.300833,-82.608333,1997-02-27 09:00:00,1997-02-28 14:30:00,348.2972,1997-02-27 18:45:00,9.7500
04199000,41.300833,-82.608333,1997-03-02 14:00:00,1997-03-02 22:00:00,125.1605,1997-03-02 17:45:00,3.7500
04199000,41.300833,-82.608333,1997-03-14 18:29:00,1997-03-15 01:29:00,116.6654,1997-03-14 21:59:00,3.5000
04199000,41.300833,-82.608333,1997-05-25 17:14:00,1997-05-26 23:29:00,231.0655,1997-05-26 03:59:00,10.7500
04199000,41.300833,-82.608333,1997-06-01 00:14:00,1997-06-03 03:29:00,317.1487,1997-06-02 00:14:00,24.0000
04199000,41.300833,-82.608333,1998-01-07 18:15:00,1998-01-09 21:45:00,345.4655,1998-01-08 17:00:00,22.7500
04199000,41.300833,-82.608333,1998-02-18 00:45:00,1998-02-19 18:00:00,204.7308,1998-02-18 11:45:00,11.0000
04199000,41.300833,-82.608333,1998-03-21 05:30:00,1998-03-22 13:30:00,222.5704,1998-03-21 17:00:00,11.5000
04199000,41.300833,-82.608333,1998-04-09 23:30:00,1998-04-10 04:45:00,120.0634,1998-04-10 02:15:00,2.7500
04199000,41.300833,-82.608333,1998-04-17 02:00:00,1998-04-17 23:15:00,222.8536,1998-04-17 11:45:00,9.7500
04199000,41.300833,-82.608333,1998-06-30 05:00:00,1998-07-01 18:00:00,206.7130,1998-07-01 01:15:00,20.2500
04199000,41.300833,-82.608333,1998-07-22 17:15:00,1998-07-22 23:15:00,121.1961,1998-07-22 20:30:00,3.2500
04199000,41.300833,-82.608333,1998-08-25 20:15:00,1998-08-27 08:45:00,475.7230,1998-08-26 11:45:00,15.5000
04199000,41.300833,-82.608333,1999-03-18 00:15:00,1999-03-18 07:45:00,124.8773,1999-03-18 04:15:00,4.0000
04199000,41.300833,-82.608333,1999-04-10 02:00:00,1999-04-10 13:30:00,136.2040,1999-04-10 08:00:00,6.0000
04199000,41.300833,-82.608333,2000-04-08 05:45:00,2000-04-09 13:00:00,243.2417,2000-04-08 17:15:00,11.5000
04199000,41.300833,-82.608333,2000-06-18 14:00:00,2000-06-19 13:45:00,258.5328,2000-06-18 19:30:00,5.5000
04199000,41.300833,-82.608333,2000-07-30 01:00:00,2000-07-30 05:15:00,174.1486,2000-07-30 03:00:00,2.0000
04199000,41.300833,-82.608333,2000-12-17 08:00:00,2000-12-17 17:30:00,123.1783,2000-12-17 12:15:00,4.2500
04199000,41.300833,-82.608333,2001-04-06 18:15:00,2001-04-07 09:00:00,165.6536,2001-04-07 00:15:00,6.0000
04199000,41.300833,-82.608333,2001-12-18 05:15:00,2001-12-18 17:00:00,124.5941,2001-12-18 10:00:00,4.7500
04199000,41.300833,-82.608333,2002-02-01 06:15:00,2002-02-02 10:45:00,223.7031,2002-02-01 17:45:00,11.5000
04199000,41.300833,-82.608333,2002-03-29 23:00:00,2002-03-31 03:00:00,211.8100,2002-03-30 09:00:00,10.0000
04199000,41.300833,-82.608333,2002-04-13 23:00:00,2002-04-15 05:30:00,136.4872,2002-04-15 00:00:00,25.0000
04199000,41.300833,-82.608333,2002-05-13 18:45:00,2002-05-14 16:30:00,161.9724,2002-05-14 05:00:00,10.2500
04199000,41.300833,-82.608333,2002-12-31 06:00:00,2003-01-01 11:45:00,167.6357,2002-12-31 13:30:00,7.5000
04199000,41.300833,-82.608333,2003-04-05 07:30:00,2003-04-06 03:00:00,161.9724,2003-04-05 14:30:00,7.0000
04199000,41.300833,-82.608333,2003-05-09 18:30:00,2003-05-10 07:45:00,119.2139,2003-05-10 01:30:00,7.0000
04199000,41.300833,-82.608333,2003-11-28 12:30:00,2003-11-29 16:00:00,169.3347,2003-11-29 04:30:00,16.0000
04199000,41.300833,-82.608333,2003-12-11 05:00:00,2003-12-11 12:45:00,120.0634,2003-12-11 09:15:00,4.2500
04199000,41.300833,-82.608333,2003-12-24 04:30:00,2003-12-24 13:00:00,120.9129,2003-12-24 08:15:00,3.7500
04199000,41.300833,-82.608333,2003-12-30 10:45:00,2003-12-30 23:15:00,135.6377,2003-12-30 16:30:00,5.7500
04199000,41.300833,-82.608333,2004-01-05 02:45:00,2004-01-06 05:30:00,182.0773,2004-01-05 13:00:00,10.2500
04199000,41.300833,-82.608333,2004-03-30 16:00:00,2004-03-31 11:30:00,155.4595,2004-03-31 00:45:00,8.7500
04199000,41.300833,-82.608333,2004-04-02 10:30:00,2004-04-03 03:30:00,143.2832,2004-04-02 16:45:00,6.2500
04199000,41.300833,-82.608333,2004-05-02 23:15:00,2004-05-03 07:45:00,124.0278,2004-05-03 02:00:00,2.7500
04199000,41.300833,-82.608333,2004-05-21 13:15:00,2004-05-22 18:30:00,174.4318,2004-05-22 08:15:00,19.0000
04199000,41.300833,-82.608333,2004-06-12 04:45:00,2004-06-12 20:30:00,133.3723,2004-06-12 09:45:00,5.0000
04199000,41.300833,-82.608333,2004-06-14 07:30:00,2004-06-15 13:45:00,146.3981,2004-06-15 06:00:00,22.5000
04199000,41.300833,-82.608333,2004-07-31 11:30:00,2004-07-31 22:45:00,149.7961,2004-07-31 14:15:00,2.7500
04199000,41.300833,-82.608333,2005-01-04 00:45:00,2005-01-05 03:30:00,180.0951,2005-01-04 10:30:00,9.7500
04199000,41.300833,-82.608333,2005-01-12 01:45:00,2005-01-14 04:45:00,259.6655,2005-01-12 23:00:00,21.2500
04199000,41.300833,-82.608333,2005-04-03 00:15:00,2005-04-04 06:15:00,196.5189,2005-04-03 11:45:00,10.5000
04199000,41.300833,-82.608333,2005-04-23 21:15:00,2005-04-27 17:30:00,172.7328,2005-04-26 01:30:00,52.2500
04199000,41.300833,-82.608333,2005-10-25 17:45:00,2005-10-25 22:30:00,116.0991,2005-10-25 20:15:00,2.5000
04199000,41.300833,-82.608333,2006-01-03 00:15:00,2006-01-03 10:30:00,126.0100,2006-01-03 03:45:00,3.5000
04199000,41.300833,-82.608333,2006-01-18 07:45:00,2006-01-19 00:30:00,150.3625,2006-01-18 14:15:00,6.5000
04199000,41.300833,-82.608333,2006-05-26 23:30:00,2006-05-27 09:00:00,136.7704,2006-05-27 03:30:00,4.0000
04199000,41.300833,-82.608333,2006-06-22 05:45:00,2006-06-24 01:45:00,404.9309,2006-06-22 14:15:00,8.5000
04199000,41.300833,-82.608333,2006-12-01 07:15:00,2006-12-02 23:00:00,302.9903,2006-12-01 21:30:00,14.2500
04199000,41.300833,-82.608333,2007-01-06 01:30:00,2007-01-07 12:45:00,279.2041,2007-01-06 18:00:00,16.5000
04199000,41.300833,-82.608333,2007-01-13 17:00:00,2007-01-16 19:30:00,229.0833,2007-01-15 20:45:00,51.7500
04199000,41.300833,-82.608333,2007-03-02 05:00:00,2007-03-03 11:45:00,281.4695,2007-03-02 14:00:00,9.0000
04199000,41.300833,-82.608333,2007-03-15 05:30:00,2007-03-16 07:45:00,204.4476,2007-03-15 11:45:00,6.2500
04199000,41.300833,-82.608333,2007-04-27 05:45:00,2007-04-27 22:45:00,163.1050,2007-04-27 10:30:00,4.7500
04199000,41.300833,-82.608333,2007-05-02 03:30:00,2007-05-03 01:30:00,199.6338,2007-05-02 13:45:00,10.2500
04199000,41.300833,-82.608333,2007-08-20 16:45:00,2007-08-22 15:45:00,359.6240,2007-08-21 02:45:00,10.0000
04199000,41.300833,-82.608333,2007-12-12 07:45:00,2007-12-13 10:45:00,190.8555,2007-12-12 16:15:00,8.5000
04199000,41.300833,-82.608333,2008-01-09 08:45:00,2008-01-10 12:15:00,196.2357,2008-01-09 18:15:00,9.5000
04199000,41.300833,-82.608333,2008-02-05 15:45:00,2008-02-08 05:15:00,331.3071,2008-02-07 06:45:00,39.0000
04199000,41.300833,-82.608333,2008-02-18 08:15:00,2008-02-18 23:00:00,134.7882,2008-02-18 12:00:00,3.7500
04199000,41.300833,-82.608333,2008-03-03 19:00:00,2008-03-05 08:00:00,193.1209,2008-03-04 15:00:00,20.0000
04199000,41.300833,-82.608333,2008-03-14 09:15:00,2008-03-16 12:45:00,193.4041,2008-03-15 06:15:00,21.0000
04199000,41.300833,-82.608333,2008-03-18 19:45:00,2008-03-20 21:15:00,235.8793,2008-03-19 21:45:00,26.0000
04199000,41.300833,-82.608333,2008-03-28 06:45:00,2008-03-29 10:30:00,212.6595,2008-03-28 15:15:00,8.5000
04199000,41.300833,-82.608333,2009-02-09 05:00:00,2009-02-13 06:30:00,236.7288,2009-02-12 08:15:00,75.2500
04199000,41.300833,-82.608333,2009-03-08 16:15:00,2009-03-11 14:30:00,472.8913,2009-03-09 06:45:00,14.5000
04199000,41.300833,-82.608333,2009-05-28 04:15:00,2009-05-28 13:00:00,143.5664,2009-05-28 09:00:00,4.7500
04199000,41.300833,-82.608333,2010-03-11 05:00:00,2010-03-12 08:30:00,178.6793,2010-03-11 08:00:00,3.0000
04199000,41.300833,-82.608333,2010-11-26 09:00:00,2010-11-26 15:15:00,115.8159,2010-11-26 11:30:00,2.5000
04199000,41.300833,-82.608333,2011-02-17 14:30:00,2011-02-19 00:30:00,228.2338,2011-02-18 04:45:00,14.2500
04199000,41.300833,-82.608333,2011-02-28 10:15:00,2011-03-02 07:30:00,673.9409,2011-03-01 00:15:00,14.0000
04199000,41.300833,-82.608333,2011-03-05 16:15:00,2011-03-06 23:30:00,236.1625,2011-03-06 03:30:00,11.2500
04199000,41.300833,-82.608333,2011-03-09 23:45:00,2011-03-10 23:30:00,163.1050,2011-03-10 08:45:00,9.0000
04199000,41.300833,-82.608333,2011-04-05 01:15:00,2011-04-05 20:45:00,195.9526,2011-04-05 08:15:00,7.0000
04199000,41.300833,-82.608333,2011-04-20 11:45:00,2011-04-21 02:45:00,145.5486,2011-04-20 17:00:00,5.2500
04199000,41.300833,-82.608333,2011-04-25 22:15:00,2011-04-27 04:30:00,404.9309,2011-04-26 08:00:00,9.7500
04199000,41.300833,-82.608333,2011-05-03 18:00:00,2011-05-04 10:45:00,153.4773,2011-05-04 00:30:00,6.5000
04199000,41.300833,-82.608333,2011-05-19 04:00:00,2011-05-19 14:00:00,126.5763,2011-05-19 07:15:00,3.2500
04199000,41.300833,-82.608333,2011-05-26 04:45:00,2011-05-27 14:45:00,279.4873,2011-05-26 16:30:00,11.7500
04199000,41.300833,-82.608333,2011-05-29 16:45:00,2011-05-29 21:45:00,123.1783,2011-05-29 20:15:00,3.5000
04199000,41.300833,-82.608333,2011-10-20 05:00:00,2011-10-21 00:45:00,180.3783,2011-10-20 15:45:00,10.7500
04199000,41.300833,-82.608333,2011-11-15 11:30:00,2011-11-15 20:30:00,135.3545,2011-11-15 15:30:00,4.0000
04199000,41.300833,-82.608333,2011-11-23 08:45:00,2011-11-23 21:45:00,148.0971,2011-11-23 15:00:00,6.2500
04199000,41.300833,-82.608333,2011-11-29 10:15:00,2011-11-30 17:00:00,221.7209,2011-11-29 21:00:00,10.7500
04199000,41.300833,-82.608333,2011-12-05 21:45:00,2011-12-07 09:00:00,282.3190,2011-12-06 10:45:00,13.0000
04199000,41.300833,-82.608333,2011-12-21 18:00:00,2011-12-22 08:15:00,153.4773,2011-12-21 23:15:00,5.2500
04199000,41.300833,-82.608333,2012-01-17 18:45:00,2012-01-18 04:45:00,140.1684,2012-01-17 23:00:00,4.2500
04199000,41.300833,-82.608333,2012-01-24 05:00:00,2012-01-24 07:30:00,120.0634,2012-01-24 05:15:00,0.2500
04199000,41.300833,-82.608333,2012-01-27 08:00:00,2012-01-28 08:45:00,175.8476,2012-01-27 15:15:00,7.2500
04199000,41.300833,-82.608333,2012-03-16 11:00:00,2012-03-17 00:30:00,180.6615,2012-03-16 19:30:00,8.5000
04199000,41.300833,-82.608333,2012-10-29 20:30:00,2012-11-01 06:15:00,396.4359,2012-10-30 23:00:00,26.5000
04199000,41.300833,-82.608333,2013-01-11 23:15:00,2013-01-12 08:45:00,128.2753,2013-01-12 03:15:00,4.0000
04199000,41.300833,-82.608333,2013-01-13 11:45:00,2013-01-14 14:45:00,167.9189,2013-01-13 18:45:00,7.0000
04199000,41.300833,-82.608333,2013-02-27 07:30:00,2013-02-27 19:15:00,146.1149,2013-02-27 12:15:00,4.7500
04199000,41.300833,-82.608333,2013-04-11 08:15:00,2013-04-13 11:30:00,305.8219,2013-04-12 12:30:00,28.2500
04199000,41.300833,-82.608333,2013-07-09 04:45:00,2013-07-12 08:45:00,495.5448,2013-07-11 00:15:00,43.5000
04199000,41.300833,-82.608333,2013-10-07 13:00:00,2013-10-07 18:45:00,118.0813,2013-10-07 15:15:00,2.2500
04199000,41.300833,-82.608333,2013-12-22 05:00:00,2013-12-23 18:00:00,472.8913,2013-12-22 18:45:00,13.7500
04199000,41.300833,-82.608333,2014-03-15 09:15:00,2014-03-15 10:30:00,111.8515,2014-03-15 09:45:00,0.5000
04199000,41.300833,-82.608333,2014-04-04 02:15:00,2014-04-04 20:00:00,179.2456,2014-04-04 10:15:00,8.0000
04199000,41.300833,-82.608333,2014-04-08 13:00:00,2014-04-08 20:30:00,122.0456,2014-04-08 15:45:00,2.7500
04199000,41.300833,-82.608333,2014-04-30 16:45:00,2014-04-30 18:45:00,111.0020,2014-04-30 18:45:00,2.0000
04199000,41.300833,-82.608333,2014-05-15 20:30:00,2014-05-16 06:30:00,125.1605,2014-05-16 03:15:00,6.7500
04199000,41.300833,-82.608333,2014-06-25 06:45:00,2014-06-26 09:30:00,244.3744,2014-06-25 14:15:00,7.5000
04199000,41.300833,-82.608333,2015-01-04 19:00:00,2015-01-05 02:15:00,120.3466,2015-01-04 22:30:00,3.5000
04199000,41.300833,-82.608333,2015-03-11 16:15:00,2015-03-15 16:15:00,305.8219,2015-03-12 04:15:00,12.0000
04199000,41.300833,-82.608333,2015-04-09 23:30:00,2015-04-10 15:30:00,163.1050,2015-04-10 05:15:00,5.7500
04199000,41.300833,-82.608333,2015-05-31 20:15:00,2015-06-01 14:30:00,176.4140,2015-06-01 01:45:00,5.5000
04199000,41.300833,-82.608333,2015-06-27 17:30:00,2015-06-28 01:30:00,120.9129,2015-06-27 22:45:00,5.2500
04199000,41.300833,-82.608333,2015-07-15 06:00:00,2015-07-15 08:15:00,113.5506,2015-07-15 07:00:00,1.0000
04199000,41.300833,-82.608333,2015-12-27 17:30:00,2015-12-29 22:30:00,203.3150,2015-12-28 02:00:00,8.5000
04199000,41.300833,-82.608333,2016-02-24 22:30:00,2016-02-25 15:15:00,175.8476,2016-02-25 06:15:00,7.7500
04199000,41.300833,-82.608333,2016-03-15 03:45:00,2016-03-16 05:15:00,236.1625,2016-03-15 09:45:00,6.0000
04199000,41.300833,-82.608333,2016-04-07 22:00:00,2016-04-08 00:30:00,114.4001,2016-04-07 23:00:00,1.0000
04199000,41.300833,-82.608333,2016-04-11 09:45:00,2016-04-12 02:15:00,172.4496,2016-04-11 17:30:00,7.7500
04199000,41.300833,-82.608333,2016-05-02 14:15:00,2016-05-03 02:00:00,146.1149,2016-05-02 21:15:00,7.0000
04208000,41.395278,-81.630000,1989-05-26 08:00:00,1989-05-27 02:00:00,404.9309,1989-05-26 14:00:00,6.0000
04208000,41.395278,-81.630000,1989-09-23 01:00:00,1989-09-23 03:00:00,222.0041,1989-09-23 02:00:00,1.0000
04208000,41.395278,-81.630000,1990-02-02 22:30:00,1990-02-02 23:30:00,216.0575,1990-02-02 23:30:00,1.0000
04208000,41.395278,-81.630000,1990-02-16 00:30:00,1990-02-16 19:00:00,263.0635,1990-02-16 08:00:00,7.5000
04208000,41.395278,-81.630000,1990-09-07 06:30:00,1990-09-08 08:00:00,345.4655,1990-09-07 14:00:00,7.5000
04208000,41.395278,-81.630000,1990-12-23 13:00:00,1990-12-23 22:30:00,229.0833,1990-12-23 17:30:00,4.5000
04208000,41.395278,-81.630000,1990-12-30 08:00:00,1991-01-01 02:30:00,424.7527,1990-12-30 22:30:00,14.5000
04208000,41.395278,-81.630000,1991-03-07 05:00:00,1991-03-07 07:00:00,217.1902,1991-03-07 06:00:00,1.0000
04208000,41.395278,-81.630000,1992-07-31 08:30:00,1992-08-01 03:00:00,248.6219,1992-07-31 20:00:00,11.5000
04208000,41.395278,-81.630000,1992-11-13 03:30:00,1992-11-13 10:30:00,227.3843,1992-11-13 07:00:00,3.5000
04208000,41.395278,-81.630000,1992-12-31 04:30:00,1993-01-01 05:30:00,305.8219,1992-12-31 10:30:00,6.0000
04208000,41.395278,-81.630000,1993-01-05 06:30:00,1993-01-05 15:00:00,251.7368,1993-01-05 11:30:00,5.0000
04208000,41.395278,-81.630000,1994-08-13 15:00:00,1994-08-14 04:30:00,365.2873,1994-08-13 20:30:00,5.5000
04208000,41.395278,-81.630000,1995-01-15 09:30:00,1995-01-17 03:00:00,297.3269,1995-01-16 13:30:00,28.0000
04208000,41.395278,-81.630000,1996-01-19 10:00:00,1996-01-20 04:00:00,254.2853,1996-01-19 17:30:00,7.5000
04208000,41.395278,-81.630000,1996-04-23 17:00:00,1996-04-24 12:00:00,274.1071,1996-04-24 02:00:00,9.0000
04208000,41.395278,-81.630000,1996-04-30 12:00:00,1996-05-01 01:00:00,238.1447,1996-04-30 17:00:00,5.0000
04208000,41.395278,-81.630000,1997-02-27 10:30:00,1997-02-27 21:00:00,262.7803,1997-02-27 14:30:00,4.0000
04208000,41.395278,-81.630000,1997-06-01 12:30:00,1997-06-03 01:00:00,382.2774,1997-06-01 23:30:00,11.0000
04208000,41.395278,-81.630000,1998-01-08 11:30:00,1998-01-08 20:30:00,232.4813,1998-01-08 15:00:00,3.5000
04208000,41.395278,-81.630000,1998-04-17 06:30:00,1998-04-17 19:00:00,267.5942,1998-04-17 11:30:00,5.0000
04208000,41.395278,-81.630000,2000-04-08 11:30:00,2000-04-08 16:00:00,218.8892,2000-04-08 13:30:00,2.0000
04208000,41.395278,-81.630000,2000-12-17 07:30:00,2000-12-17 17:00:00,223.9863,2000-12-17 10:30:00,3.0000
04208000,41.395278,-81.630000,2003-04-05 06:30:00,2003-04-05 16:00:00,229.3665,2003-04-05 11:00:00,4.5000
04208000,41.395278,-81.630000,2003-05-10 14:30:00,2003-05-10 19:30:00,219.7387,2003-05-10 16:00:00,1.5000
04208000,41.395278,-81.630000,2003-06-13 02:30:00,2003-06-13 13:00:00,246.3566,2003-06-13 08:30:00,6.0000
04208000,41.395278,-81.630000,2003-07-08 14:00:00,2003-07-10 01:00:00,239.2774,2003-07-09 07:00:00,17.0000
04208000,41.395278,-81.630000,2003-07-22 07:30:00,2003-07-24 03:00:00,402.0992,2003-07-22 21:30:00,14.0000
04208000,41.395278,-81.630000,2003-09-27 14:59:00,2003-09-27 17:29:00,218.6061,2003-09-27 15:29:00,0.5000
04208000,41.395278,-81.630000,2004-05-21 22:00:00,2004-05-24 00:00:00,424.7527,2004-05-22 22:30:00,24.5000
04208000,41.395278,-81.630000,2004-12-31 13:30:00,2005-01-01 15:30:00,282.6021,2005-01-01 02:00:00,12.5000
04208000,41.395278,-81.630000,2005-01-04 00:30:00,2005-01-05 02:00:00,259.9487,2005-01-04 09:00:00,8.5000
04208000,41.395278,-81.630000,2005-01-06 12:00:00,2005-01-07 18:00:00,282.6021,2005-01-06 23:30:00,11.5000
04208000,41.395278,-81.630000,2005-01-12 11:00:00,2005-01-14 21:30:00,336.9705,2005-01-12 22:00:00,11.0000
04208000,41.395278,-81.630000,2005-04-26 00:30:00,2005-04-26 07:30:00,233.8972,2005-04-26 04:00:00,3.5000
04208000,41.395278,-81.630000,2005-08-31 05:30:00,2005-08-31 17:30:00,267.0279,2005-08-31 09:30:00,4.0000
04208000,41.395278,-81.630000,2006-06-22 22:30:00,2006-06-23 18:30:00,719.2479,2006-06-23 05:15:00,6.7500
04208000,41.395278,-81.630000,2006-10-17 16:00:00,2006-10-17 22:30:00,220.0219,2006-10-17 18:30:00,2.5000
04208000,41.395278,-81.630000,2006-12-01 08:30:00,2006-12-02 04:00:00,278.6378,2006-12-01 19:00:00,10.5000
04208000,41.395278,-81.630000,2007-01-06 00:30:00,2007-01-06 20:30:00,351.1289,2007-01-06 08:30:00,8.0000
04208000,41.395278,-81.630000,2007-01-15 14:30:00,2007-01-16 07:00:00,244.6576,2007-01-15 20:00:00,5.5000
04208000,41.395278,-81.630000,2007-03-02 08:00:00,2007-03-03 03:30:00,252.3031,2007-03-02 15:30:00,7.5000
04208000,41.395278,-81.630000,2007-03-15 07:00:00,2007-03-15 10:00:00,220.0219,2007-03-15 08:00:00,1.0000
04208000,41.395278,-81.630000,2007-08-20 18:30:00,2007-08-21 02:00:00,226.8179,2007-08-20 21:00:00,2.5000
04208000,41.395278,-81.630000,2008-02-06 07:30:00,2008-02-07 16:00:00,348.2972,2008-02-06 14:30:00,7.0000
04208000,41.395278,-81.630000,2008-03-04 10:00:00,2008-03-04 15:30:00,218.6061,2008-03-04 12:00:00,2.0000
04208000,41.395278,-81.630000,2008-03-19 13:30:00,2008-03-20 05:00:00,234.4635,2008-03-19 22:30:00,9.0000
04208000,41.395278,-81.630000,2008-03-28 08:00:00,2008-03-29 00:00:00,249.4714,2008-03-28 13:30:00,5.5000
04208000,41.395278,-81.630000,2009-02-11 16:30:00,2009-02-12 23:00:00,263.9130,2009-02-12 09:00:00,16.5000
04208000,41.395278,-81.630000,2009-03-08 20:30:00,2009-03-09 23:00:00,325.6437,2009-03-09 08:00:00,11.5000
04208000,41.395278,-81.630000,2009-03-11 02:00:00,2009-03-11 07:30:00,231.0655,2009-03-11 04:30:00,2.5000
04208000,41.395278,-81.630000,2011-02-28 09:30:00,2011-03-01 20:00:00,549.3468,2011-02-28 17:30:00,8.0000
04208000,41.395278,-81.630000,2011-03-05 14:00:00,2011-03-06 23:00:00,278.0714,2011-03-06 07:30:00,17.5000
04208000,41.395278,-81.630000,2011-03-10 00:00:00,2011-03-12 00:30:00,286.0002,2011-03-10 12:00:00,12.0000
04208000,41.395278,-81.630000,2011-04-05 02:00:00,2011-04-05 08:00:00,220.3051,2011-04-05 04:30:00,2.5000
04208000,41.395278,-81.630000,2011-04-20 10:30:00,2011-04-20 19:30:00,235.3130,2011-04-20 14:30:00,4.0000
04208000,41.395278,-81.630000,2011-05-26 04:30:00,2011-05-27 17:30:00,294.4952,2011-05-27 04:00:00,23.5000
04208000,41.395278,-81.630000,2011-07-19 10:00:00,2011-07-20 06:30:00,274.3902,2011-07-19 23:30:00,13.5000
04208000,41.395278,-81.630000,2011-10-20 00:30:00,2011-10-20 17:00:00,268.7269,2011-10-20 08:00:00,7.5000
04208000,41.395278,-81.630000,2011-11-15 04:00:00,2011-11-15 12:00:00,227.9506,2011-11-15 06:30:00,2.5000
04208000,41.395278,-81.630000,2011-11-29 15:30:00,2011-11-29 19:00:00,217.4734,2011-11-29 17:00:00,1.5000
04208000,41.395278,-81.630000,2011-12-06 01:00:00,2011-12-06 23:30:00,300.1586,2011-12-06 11:30:00,10.5000
04208000,41.395278,-81.630000,2012-01-27 07:30:00,2012-01-27 23:00:00,250.0378,2012-01-27 12:30:00,5.0000
04208000,41.395278,-81.630000,2012-10-30 02:30:00,2012-11-01 03:00:00,390.7725,2012-10-30 14:00:00,11.5000
04208000,41.395278,-81.630000,2013-07-10 12:00:00,2013-07-12 00:00:00,247.2061,2013-07-11 18:30:00,30.5000
04208000,41.395278,-81.630000,2013-12-21 23:30:00,2013-12-23 03:30:00,297.3269,2013-12-22 11:00:00,11.5000
04208000,41.395278,-81.630000,2014-05-13 06:30:00,2014-05-14 03:00:00,291.6635,2014-05-13 19:30:00,13.0000
04208000,41.395278,-81.630000,2015-03-14 13:00:00,2015-03-15 10:00:00,245.7902,2015-03-14 23:30:00,10.5000
04208000,41.395278,-81.630000,2015-05-31 02:00:00,2015-05-31 16:30:00,305.8219,2015-05-31 06:30:00,4.5000
04208000,41.395278,-81.630000,2015-06-23 14:00:00,2015-06-23 16:30:00,226.8179,2015-06-23 15:30:00,1.5000
04208000,41.395278,-81.630000,2015-06-27 15:30:00,2015-06-28 10:30:00,336.9705,2015-06-27 22:00:00,6.5000
04208000,41.395278,-81.630000,2015-12-27 16:00:00,2015-12-28 04:00:00,238.4278,2015-12-27 21:00:00,5.0000
04072150,44.535833,-88.129722,1990-03-15 06:00:00,1990-03-15 20:45:00,52.1030,1990-03-15 07:15:00,1.2500
04072150,44.535833,-88.129722,1990-06-22 23:45:00,1990-06-25 15:30:00,127.9921,1990-06-23 17:00:00,17.2500
04072150,44.535833,-88.129722,1991-03-24 06:00:00,1991-03-24 14:00:00,30.5822,1991-03-24 07:45:00,1.7500
04072150,44.535833,-88.129722,1991-04-15 03:00:00,1991-04-16 03:15:00,46.1565,1991-04-15 16:00:00,13.0000
04072150,44.535833,-88.129722,1992-04-16 23:15:00,1992-04-18 00:15:00,45.3070,1992-04-17 13:15:00,14.0000
04072150,44.535833,-88.129722,1992-11-21 16:45:00,1992-11-23 03:45:00,51.8198,1992-11-22 09:30:00,16.7500
04072150,44.535833,-88.129722,1993-04-09 07:15:00,1993-04-09 17:30:00,31.9980,1993-04-09 11:45:00,4.5000
04072150,44.535833,-88.129722,1993-06-09 19:30:00,1993-06-10 08:30:00,33.6970,1993-06-10 00:00:00,4.5000
04072150,44.535833,-88.129722,1993-06-18 03:00:00,1993-06-21 08:30:00,65.6951,1993-06-18 20:45:00,17.7500
04072150,44.535833,-88.129722,1993-07-06 10:00:00,1993-07-09 20:00:00,65.9783,1993-07-06 22:45:00,12.7500
04072150,44.535833,-88.129722,1994-04-25 15:00:00,1994-04-27 18:15:00,101.3743,1994-04-26 01:15:00,10.2500
04072150,44.535833,-88.129722,1996-04-21 05:30:00,1996-04-21 21:30:00,34.2634,1996-04-21 12:00:00,6.5000
04072150,44.535833,-88.129722,1996-06-18 16:30:00,1996-06-19 08:30:00,34.5466,1996-06-18 21:45:00,5.2500
04072150,44.535833,-88.129722,1998-03-31 18:30:00,1998-04-02 18:00:00,64.2792,1998-04-01 15:00:00,20.5000
04072150,44.535833,-88.129722,1998-06-27 23:30:00,1998-06-29 08:45:00,49.8377,1998-06-28 15:30:00,16.0000
04072150,44.535833,-88.129722,2001-04-12 14:50:00,2001-04-13 02:15:00,30.5822,2001-04-12 16:25:00,1.5833
04072150,44.535833,-88.129722,2004-05-24 07:45:00,2004-05-25 09:45:00,39.6436,2004-05-24 21:15:00,13.5000
04072150,44.535833,-88.129722,2004-06-09 22:15:00,2004-06-11 00:45:00,36.5287,2004-06-10 11:45:00,13.5000
04072150,44.535833,-88.129722,2005-06-14 13:30:00,2005-06-15 02:15:00,35.6792,2005-06-14 18:45:00,5.2500
04072150,44.535833,-88.129722,2008-04-01 13:15:00,2008-04-02 17:00:00,42.4753,2008-04-01 22:15:00,9.0000
04072150,44.535833,-88.129722,2008-04-11 13:00:00,2008-04-13 20:00:00,62.5802,2008-04-12 09:00:00,20.0000
04072150,44.535833,-88.129722,2010-07-16 00:15:00,2010-07-17 02:30:00,37.6614,2010-07-16 15:45:00,15.5000
04072150,44.535833,-88.129722,2010-08-21 14:00:00,2010-08-22 09:00:00,35.1129,2010-08-21 18:45:00,4.7500
04072150,44.535833,-88.129722,2011-04-04 11:00:00,2011-04-05 04:45:00,37.9446,2011-04-05 04:00:00,17.0000
04072150,44.535833,-88.129722,2011-04-26 22:30:00,2011-04-28 15:30:00,63.9961,2011-04-27 14:45:00,16.2500
04072150,44.535833,-88.129722,2013-04-11 07:30:00,2013-04-12 12:15:00,34.5466,2013-04-11 16:00:00,8.5000
04072150,44.535833,-88.129722,2013-04-16 00:15:00,2013-04-16 20:30:00,34.8297,2013-04-16 11:15:00,11.0000
04072150,44.535833,-88.129722,2014-03-31 05:00:00,2014-04-01 18:00:00,34.5466,2014-04-01 05:15:00,24.2500
04072150,44.535833,-88.129722,2014-04-14 14:15:00,2014-04-16 03:15:00,47.0060,2014-04-15 08:45:00,18.5000
04072150,44.535833,-88.129722,2015-12-14 13:00:00,2015-12-16 22:30:00,77.5882,2015-12-15 12:15:00,23.2500
04072150,44.535833,-88.129722,2016-03-09 07:00:00,2016-03-10 00:45:00,36.5287,2016-03-09 22:15:00,15.2500
04072150,44.535833,-88.129722,2016-03-16 19:00:00,2016-03-18 02:30:00,51.8198,2016-03-17 14:30:00,19.5000
04072150,44.535833,-88.129722,2016-04-01 07:00:00,2016-04-01 23:00:00,35.6792,2016-04-01 15:15:00,8.2500
04108660,42.651667,-86.107778,1994-08-16 09:05:00,1994-08-17 06:50:00,150.0793,1994-08-16 19:00:00,9.9167
04108660,42.651667,-86.107778,2011-04-26 16:00:00,2011-05-02 21:45:00,205.8635,2011-04-30 03:45:00,83.7500
04108660,42.651667,-86.107778,2011-05-27 21:00:00,2011-06-01 04:45:00,191.9882,2011-06-01 03:45:00,102.7500
04108660,42.651667,-86.107778,2013-04-13 23:00:00,2013-04-15 03:45:00,148.6634,2013-04-14 10:15:00,11.2500
04108660,42.651667,-86.107778,2013-04-18 08:15:00,2013-04-28 07:45:00,317.1487,2013-04-20 07:15:00,47.0000
04108660,42.651667,-86.107778,2014-03-23 14:00:00,2014-03-25 21:00:00,151.2120,2014-03-24 14:00:00,24.0000
04108660,42.651667,-86.107778,2014-03-31 00:15:00,2014-03-31 07:15:00,144.9823,2014-03-31 04:45:00,4.5000
04108660,42.651667,-86.107778,2014-11-26 11:15:00,2014-11-28 04:15:00,163.1050,2014-11-27 02:00:00,14.7500
04108660,42.651667,-86.107778,2015-03-17 18:15:00,2015-03-19 14:45:00,148.6634,2015-03-18 10:00:00,15.7500
04108660,42.651667,-86.107778,2015-06-17 12:45:00,2015-06-20 06:30:00,157.4417,2015-06-18 13:15:00,24.5000
04108660,42.651667,-86.107778,2015-06-24 19:15:00,2015-07-01 04:45:00,165.0872,2015-06-26 06:15:00,35.0000
04151500,43.327778,-83.748056,1990-03-11 22:00:00,1990-03-15 19:00:00,218.3229,1990-03-13 19:00:00,45.0000
04151500,43.327778,-83.748056,1990-11-07 08:00:00,1990-11-08 07:00:00,135.9209,1990-11-07 20:00:00,12.0000
04151500,43.327778,-83.748056,1990-12-30 21:00:00,1991-01-01 04:00:00,194.5367,1990-12-31 20:00:00,23.0000
04151500,43.327778,-83.748056,1991-03-03 11:00:00,1991-03-04 16:00:00,153.1941,1991-03-04 02:00:00,15.0000
04151500,43.327778,-83.748056,1991-03-28 09:00:00,1991-03-30 23:00:00,237.2952,1991-03-29 19:00:00,34.0000
04151500,43.327778,-83.748056,1991-04-09 17:00:00,1991-04-12 09:00:00,231.0655,1991-04-11 00:00:00,31.0000
04151500,43.327778,-83.748056,1991-04-28 17:00:00,1991-04-30 16:00:00,208.6952,1991-04-29 11:00:00,18.0000
04151500,43.327778,-83.748056,1991-05-27 02:00:00,1991-05-28 23:00:00,202.7486,1991-05-28 02:00:00,24.0000
04151500,43.327778,-83.748056,1992-04-17 08:00:00,1992-04-19 23:00:00,253.4358,1992-04-18 16:00:00,32.0000
04151500,43.327778,-83.748056,1992-04-25 12:00:00,1992-04-27 00:00:00,147.2476,1992-04-26 01:00:00,13.0000
04151500,43.327778,-83.748056,1993-01-05 09:00:00,1993-01-07 15:00:00,199.0674,1993-01-06 12:00:00,27.0000
04151500,43.327778,-83.748056,1993-03-28 19:00:00,1993-04-01 08:00:00,185.4753,1993-03-30 11:00:00,40.0000
04151500,43.327778,-83.748056,1993-04-21 00:00:00,1993-04-23 01:00:00,215.7744,1993-04-22 03:00:00,27.0000
04151500,43.327778,-83.748056,1994-02-22 05:00:00,1994-02-23 04:00:00,208.4120,1994-02-22 13:00:00,8.0000
04151500,43.327778,-83.748056,1994-07-08 06:00:00,1994-07-11 19:00:00,345.4655,1994-07-09 05:00:00,23.0000
04151500,43.327778,-83.748056,1995-03-13 14:00:00,1995-03-15 08:00:00,154.0436,1995-03-14 12:00:00,22.0000
04151500,43.327778,-83.748056,1996-02-29 03:00:00,1996-02-29 13:45:00,131.1070,1996-02-29 06:15:00,3.2500
04151500,43.327778,-83.748056,1996-05-11 13:45:00,1996-05-12 12:15:00,137.3367,1996-05-12 01:00:00,11.2500
04151500,43.327778,-83.748056,1996-05-21 05:00:00,1996-05-25 02:30:00,393.6042,1996-05-22 22:00:00,41.0000
04151500,43.327778,-83.748056,1996-06-18 14:15:00,1996-06-26 06:45:00,390.7725,1996-06-22 23:15:00,105.0000
04151500,43.327778,-83.748056,1996-11-09 18:45:00,1996-11-09 20:15:00,124.0278,1996-11-09 19:30:00,0.7500
04151500,43.327778,-83.748056,1997-02-22 05:00:00,1997-02-24 04:45:00,404.9309,1997-02-23 07:45:00,26.7500
04151500,43.327778,-83.748056,1997-02-28 09:15:00,1997-03-04 08:15:00,201.8991,1997-03-03 10:00:00,72.7500
04151500,43.327778,-83.748056,1998-01-07 03:00:00,1998-01-08 15:30:00,159.7070,1998-01-07 21:15:00,18.2500
04151500,43.327778,-83.748056,1998-01-10 05:30:00,1998-01-11 01:15:00,126.2931,1998-01-10 15:15:00,9.7500
04151500,43.327778,-83.748056,1998-02-19 02:45:00,1998-02-20 12:45:00,158.0080,1998-02-19 18:15:00,15.5000
04151500,43.327778,-83.748056,1998-03-10 05:45:00,1998-03-11 21:45:00,188.5902,1998-03-11 06:30:00,24.7500
04151500,43.327778,-83.748056,1998-03-19 07:45:00,1998-03-22 08:45:00,268.1605,1998-03-20 22:30:00,38.7500
04151500,43.327778,-83.748056,2000-05-19 18:15:00,2000-05-20 14:45:00,136.7704,2000-05-20 02:45:00,8.5000
04151500,43.327778,-83.748056,2001-02-10 01:30:00,2001-02-14 09:00:00,282.6021,2001-02-12 02:00:00,48.5000
04151500,43.327778,-83.748056,2001-02-26 06:30:00,2001-02-28 10:00:00,199.3506,2001-02-27 10:15:00,27.7500
04151500,43.327778,-83.748056,2002-02-21 16:00:00,2002-02-23 10:45:00,190.5724,2002-02-22 16:45:00,24.7500
04151500,43.327778,-83.748056,2002-03-10 00:30:00,2002-03-12 03:45:00,218.3229,2002-03-11 05:45:00,29.2500
04151500,43.327778,-83.748056,2002-04-10 04:45:00,2002-04-11 05:30:00,150.6456,2002-04-10 17:30:00,12.7500
04151500,43.327778,-83.748056,2004-03-04 12:15:00,2004-03-09 11:00:00,311.4853,2004-03-07 05:30:00,65.2500
04151500,43.327778,-83.748056,2004-05-10 14:00:00,2004-05-11 22:00:00,148.9466,2004-05-11 01:00:00,11.0000
04151500,43.327778,-83.748056,2004-05-24 05:30:00,2004-05-26 23:30:00,261.0813,2004-05-25 17:15:00,35.7500
04151500,43.327778,-83.748056,2005-01-14 02:30:00,2005-01-14 04:45:00,137.6199,2005-01-14 04:45:00,2.2500
04151500,43.327778,-83.748056,2005-02-16 06:30:00,2005-02-17 12:45:00,156.0258,2005-02-16 15:45:00,9.2500
04151500,43.327778,-83.748056,2006-01-30 17:15:00,2006-02-01 22:00:00,215.2080,2006-01-31 20:15:00,27.0000
04151500,43.327778,-83.748056,2006-03-10 16:15:00,2006-03-16 09:30:00,283.1685,2006-03-12 02:30:00,34.2500
04151500,43.327778,-83.748056,2006-12-01 17:30:00,2006-12-04 11:00:00,199.0674,2006-12-03 07:45:00,38.2500
04151500,43.327778,-83.748056,2007-03-14 05:00:00,2007-03-16 06:30:00,168.2021,2007-03-14 18:00:00,13.0000
04151500,43.327778,-83.748056,2008-04-01 16:30:00,2008-04-02 04:45:00,171.8833,2008-04-02 04:45:00,12.2500
04151500,43.327778,-83.748056,2008-04-13 03:30:00,2008-04-14 07:30:00,155.7427,2008-04-13 16:15:00,12.7500
04151500,43.327778,-83.748056,2008-09-16 01:00:00,2008-09-17 09:00:00,145.2654,2008-09-16 18:45:00,17.7500
04151500,43.327778,-83.748056,2008-12-29 05:00:00,2008-12-31 04:45:00,286.0002,2008-12-30 00:00:00,19.0000
04151500,43.327778,-83.748056,2009-02-13 05:00:00,2009-02-15 21:15:00,356.7923,2009-02-14 01:00:00,20.0000
04151500,43.327778,-83.748056,2009-03-09 04:30:00,2009-03-13 02:30:00,181.2278,2009-03-10 12:15:00,31.7500
04151500,43.327778,-83.748056,2009-04-27 09:15:00,2009-05-02 18:30:00,277.2219,2009-04-29 18:30:00,57.2500
04151500,43.327778,-83.748056,2010-05-14 13:45:00,2010-05-16 02:00:00,176.1308,2010-05-15 09:00:00,19.2500
04151500,43.327778,-83.748056,2011-03-18 06:00:00,2011-03-19 16:30:00,129.1248,2011-03-19 08:15:00,26.2500
04151500,43.327778,-83.748056,2011-04-05 06:15:00,2011-04-06 15:30:00,167.6357,2011-04-06 00:30:00,18.2500
04151500,43.327778,-83.748056,2011-04-28 16:30:00,2011-05-01 14:00:00,279.2041,2011-04-30 05:30:00,37.0000
04151500,43.327778,-83.748056,2011-05-15 20:30:00,2011-05-18 05:00:00,238.4278,2011-05-17 01:45:00,29.2500
04151500,43.327778,-83.748056,2011-05-30 12:30:00,2011-06-01 00:30:00,157.7248,2011-05-31 11:30:00,23.0000
04151500,43.327778,-83.748056,2012-03-04 13:30:00,2012-03-04 21:45:00,126.0100,2012-03-04 16:00:00,2.5000
04151500,43.327778,-83.748056,2013-03-11 20:00:00,2013-03-14 11:00:00,247.2061,2013-03-13 12:00:00,40.0000
04151500,43.327778,-83.748056,2013-04-10 17:00:00,2013-04-15 14:30:00,302.9903,2013-04-13 11:15:00,66.2500
04151500,43.327778,-83.748056,2013-04-18 14:15:00,2013-04-19 04:45:00,176.6971,2013-04-19 04:45:00,14.5000
04151500,43.327778,-83.748056,2013-04-20 05:00:00,2013-04-22 12:30:00,297.3269,2013-04-20 17:15:00,12.2500
04151500,43.327778,-83.748056,2014-03-30 05:45:00,2014-03-31 07:30:00,138.7525,2014-03-30 18:00:00,12.2500
04151500,43.327778,-83.748056,2014-04-01 23:45:00,2014-04-03 00:00:00,133.0892,2014-04-02 09:00:00,9.2500
04151500,43.327778,-83.748056,2014-04-14 05:30:00,2014-04-16 03:00:00,182.9268,2014-04-14 23:15:00,17.7500
04151500,43.327778,-83.748056,2014-05-14 17:30:00,2014-05-17 20:30:00,178.9625,2014-05-16 21:45:00,52.2500
04151500,43.327778,-83.748056,2015-03-17 21:15:00,2015-03-17 21:30:00,125.4436,2015-03-17 21:30:00,0.2500
04151500,43.327778,-83.748056,2016-03-09 15:00:00,2016-03-11 02:00:00,153.7605,2016-03-10 08:30:00,17.5000
04151500,43.327778,-83.748056,2016-03-25 18:15:00,2016-03-27 12:30:00,190.2892,2016-03-26 15:15:00,21.0000
04151500,43.327778,-83.748056,2016-03-28 23:00:00,2016-04-03 21:15:00,241.8259,2016-03-30 06:45:00,31.7500
04191500,41.237500,-84.399167,1990-12-30 08:15:00,1991-01-03 10:45:00,1313.9017,1991-01-01 05:30:00,45.2500
04191500,41.237500,-84.399167,1992-07-16 01:45:00,1992-07-17 03:15:00,656.9508,1992-07-16 19:00:00,17.2500
04191500,41.237500,-84.399167,1992-09-11 20:00:00,1992-09-12 13:15:00,637.1290,1992-09-12 05:15:00,9.2500
04191500,41.237500,-84.399167,1992-11-13 13:00:00,1992-11-15 10:45:00,733.4063,1992-11-14 09:15:00,20.2500
04191500,41.237500,-84.399167,1993-01-05 10:00:00,1993-01-07 10:00:00,739.0697,1993-01-06 08:30:00,22.5000
04191500,41.237500,-84.399167,1994-04-12 17:30:00,1994-04-15 07:30:00,838.1787,1994-04-13 20:45:00,27.2500
04191500,41.237500,-84.399167,1995-04-11 18:00:00,1995-04-13 05:15:00,659.7825,1995-04-12 08:00:00,14.0000
04191500,41.237500,-84.399167,1996-01-20 05:00:00,1996-01-21 04:45:00,869.3272,1996-01-20 05:45:00,0.7500
04191500,41.237500,-84.399167,1997-02-27 19:30:00,1997-03-03 00:00:00,1010.9114,1997-03-01 04:30:00,33.0000
04191500,41.237500,-84.399167,1997-05-26 04:45:00,1997-05-28 07:00:00,730.5746,1997-05-27 02:15:00,21.5000
04191500,41.237500,-84.399167,1997-06-02 03:30:00,1997-06-05 13:15:00,1016.5748,1997-06-03 15:15:00,35.7500
04191500,41.237500,-84.399167,1998-01-09 21:45:00,1998-01-10 17:15:00,628.6340,1998-01-10 05:15:00,7.5000
04191500,41.237500,-84.399167,1998-02-19 11:15:00,1998-02-19 21:45:00,628.6340,1998-02-19 13:30:00,2.2500
04191500,41.237500,-84.399167,1998-04-10 11:15:00,1998-04-12 06:00:00,756.0598,1998-04-11 08:45:00,21.5000
04191500,41.237500,-84.399167,1999-01-23 21:00:00,1999-01-26 17:15:00,1053.3867,1999-01-25 01:45:00,28.7500
04191500,41.237500,-84.399167,2002-02-01 15:45:00,2002-02-04 08:00:00,801.3668,2002-02-02 23:15:00,31.5000
04191500,41.237500,-84.399167,2002-03-30 22:00:00,2002-04-02 06:15:00,858.0005,2002-04-01 03:45:00,29.7500
04191500,41.237500,-84.399167,2003-05-10 00:00:00,2003-05-14 04:00:00,965.6045,2003-05-11 21:15:00,45.2500
04191500,41.237500,-84.399167,2003-07-08 09:30:00,2003-07-11 08:00:00,849.5054,2003-07-09 21:15:00,35.7500
04191500,41.237500,-84.399167,2004-06-13 23:45:00,2004-06-17 12:30:00,917.4658,2004-06-15 20:30:00,44.7500
04191500,41.237500,-84.399167,2005-01-04 07:30:00,2005-01-08 17:00:00,863.6638,2005-01-06 16:15:00,56.7500
04191500,41.237500,-84.399167,2005-01-12 15:30:00,2005-01-17 00:15:00,1316.7334,2005-01-14 12:00:00,44.5000
04191500,41.237500,-84.399167,2005-02-09 11:00:00,2005-02-09 16:30:00,702.2578,2005-02-09 12:30:00,1.5000
04191500,41.237500,-84.399167,2005-12-29 10:30:00,2005-12-31 20:00:00,784.3767,2005-12-30 17:15:00,30.7500
04191500,41.237500,-84.399167,2006-12-02 05:45:00,2006-12-05 03:00:00,798.5351,2006-12-03 13:45:00,32.0000
04191500,41.237500,-84.399167,2007-01-07 01:15:00,2007-01-09 15:30:00,781.5450,2007-01-07 23:00:00,21.7500
04191500,41.237500,-84.399167,2007-01-15 10:30:00,2007-01-18 15:45:00,903.3074,2007-01-16 21:15:00,34.7500
04191500,41.237500,-84.399167,2007-03-03 15:15:00,2007-03-05 05:15:00,736.2380,2007-03-03 20:15:00,5.0000
04191500,41.237500,-84.399167,2007-08-21 21:45:00,2007-08-26 13:00:00,1095.8620,2007-08-23 22:45:00,49.0000
04191500,41.237500,-84.399167,2007-12-13 04:15:00,2007-12-15 04:00:00,716.4162,2007-12-14 04:15:00,24.0000
04191500,41.237500,-84.399167,2008-01-10 14:15:00,2008-01-12 01:30:00,651.2875,2008-01-11 08:45:00,18.5000
04191500,41.237500,-84.399167,2008-02-06 06:15:00,2008-02-11 01:30:00,1379.0304,2008-02-08 08:30:00,50.2500
04191500,41.237500,-84.399167,2008-03-14 14:45:00,2008-03-14 19:00:00,642.7924,2008-03-14 15:45:00,1.0000
04191500,41.237500,-84.399167,2008-03-20 16:00:00,2008-03-22 01:00:00,662.6142,2008-03-21 15:15:00,23.2500
04191500,41.237500,-84.399167,2009-02-11 19:45:00,2009-02-15 06:15:00,1030.7332,2009-02-13 14:00:00,42.2500
04191500,41.237500,-84.399167,2009-03-09 05:15:00,2009-03-13 11:45:00,1186.4759,2009-03-11 10:45:00,53.5000
04191500,41.237500,-84.399167,2011-02-19 06:45:00,2011-02-19 22:30:00,736.2380,2011-02-19 08:15:00,1.5000
04191500,41.237500,-84.399167,2011-03-01 04:45:00,2011-03-04 17:45:00,1104.3570,2011-03-02 20:00:00,39.2500
04191500,41.237500,-84.399167,2011-03-07 00:30:00,2011-03-07 19:30:00,671.1093,2011-03-07 15:30:00,15.0000
04191500,41.237500,-84.399167,2011-04-28 00:45:00,2011-04-30 03:00:00,832.5153,2011-04-28 15:15:00,14.5000
04191500,41.237500,-84.399167,2011-05-26 10:45:00,2011-05-30 19:15:00,988.2579,2011-05-27 13:00:00,26.2500
04191500,41.237500,-84.399167,2011-11-29 22:00:00,2011-12-03 13:30:00,1053.3867,2011-12-01 13:45:00,39.7500
04191500,41.237500,-84.399167,2011-12-06 15:00:00,2011-12-08 09:15:00,656.9508,2011-12-07 16:15:00,25.2500
04191500,41.237500,-84.399167,2013-01-13 15:30:00,2013-01-16 12:45:00,1002.4164,2013-01-15 04:15:00,36.7500
04191500,41.237500,-84.399167,2013-04-12 13:15:00,2013-04-15 09:00:00,832.5153,2013-04-13 15:00:00,25.7500
04191500,41.237500,-84.399167,2013-12-23 01:00:00,2013-12-26 05:30:00,1013.7431,2013-12-24 08:45:00,31.7500
04191500,41.237500,-84.399167,2014-02-23 11:00:00,2014-02-26 08:15:00,821.1886,2014-02-24 13:45:00,26.7500
04191500,41.237500,-84.399167,2014-04-04 18:30:00,2014-04-06 16:30:00,753.2281,2014-04-05 16:45:00,22.2500
04191500,41.237500,-84.399167,2015-03-14 22:45:00,2015-03-15 20:15:00,736.2380,2015-03-15 06:00:00,7.2500
04191500,41.237500,-84.399167,2015-06-15 21:30:00,2015-06-21 01:15:00,1166.6541,2015-06-18 12:00:00,62.5000
04191500,41.237500,-84.399167,2015-06-27 20:15:00,2015-07-01 02:30:00,1192.1392,2015-06-29 13:30:00,41.2500
04191500,41.237500,-84.399167,2015-07-10 07:00:00,2015-07-12 02:30:00,843.8420,2015-07-11 06:00:00,23.0000
04191500,41.237500,-84.399167,2015-12-29 08:00:00,2015-12-31 13:30:00,773.0499,2015-12-30 16:45:00,32.7500
04223000,42.570278,-78.042500,1990-12-30 21:30:00,1990-12-31 11:30:00,622.9706,1990-12-31 06:00:00,8.5000
04223000,42.570278,-78.042500,1993-03-31 04:00:00,1993-03-31 13:30:00,600.3171,1993-03-31 09:30:00,5.5000
04223000,42.570278,-78.042500,1993-04-01 22:30:00,1993-04-02 15:30:00,651.2875,1993-04-02 08:30:00,10.0000
04223000,42.570278,-78.042500,1994-03-25 03:00:00,1994-03-25 16:30:00,665.4459,1994-03-25 09:30:00,6.5000
04223000,42.570278,-78.042500,1996-01-19 11:00:00,1996-01-20 23:00:00,1591.4068,1996-01-20 08:00:00,21.0000
04223000,42.570278,-78.042500,1996-04-13 08:30:00,1996-04-14 13:30:00,736.2380,1996-04-13 14:30:00,6.0000
04223000,42.570278,-78.042500,1996-05-11 23:30:00,1996-05-12 18:00:00,747.5648,1996-05-12 10:30:00,11.0000
04223000,42.570278,-78.042500,1996-11-09 02:00:00,1996-11-09 17:30:00,690.9311,1996-11-09 11:00:00,9.0000
04223000,42.570278,-78.042500,1997-02-27 20:00:00,1997-02-28 04:30:00,651.2875,1997-02-28 00:30:00,4.5000
04223000,42.570278,-78.042500,1998-01-08 12:00:00,1998-01-09 04:30:00,1158.1590,1998-01-09 03:00:00,15.0000
04223000,42.570278,-78.042500,1999-01-24 19:00:00,1999-01-24 20:30:00,546.5151,1999-01-24 19:30:00,0.5000
04223000,42.570278,-78.042500,2003-03-22 10:51:00,2003-03-22 14:51:00,563.5052,2003-03-22 12:51:00,2.0000
04223000,42.570278,-78.042500,2003-08-10 11:30:00,2003-08-10 16:30:00,591.8221,2003-08-10 15:00:00,3.5000
04223000,42.570278,-78.042500,2004-09-09 16:30:00,2004-09-10 05:30:00,654.1192,2004-09-09 22:00:00,5.5000
04223000,42.570278,-78.042500,2005-01-14 11:00:00,2005-01-14 21:00:00,577.6637,2005-01-14 17:30:00,6.5000
04223000,42.570278,-78.042500,2005-04-03 08:30:00,2005-04-03 13:30:00,555.0102,2005-04-03 11:30:00,3.0000
04223000,42.570278,-78.042500,2005-11-30 05:00:00,2005-11-30 19:00:00,690.9311,2005-11-30 14:00:00,9.0000
04223000,42.570278,-78.042500,2006-09-03 04:00:00,2006-09-03 14:30:00,642.7924,2006-09-03 09:30:00,5.5000
04223000,42.570278,-78.042500,2006-11-17 08:30:00,2006-11-17 17:30:00,586.1587,2006-11-17 12:30:00,4.0000
04223000,42.570278,-78.042500,2007-01-06 11:30:00,2007-01-06 19:00:00,625.8023,2007-01-06 17:00:00,5.5000
04223000,42.570278,-78.042500,2007-03-15 05:00:00,2007-03-16 08:30:00,855.1688,2007-03-15 14:30:00,9.5000
04223000,42.570278,-78.042500,2007-12-24 04:30:00,2007-12-24 13:00:00,603.1488,2007-12-24 09:30:00,5.0000
04223000,42.570278,-78.042500,2008-02-06 14:30:00,2008-02-07 09:00:00,798.5351,2008-02-07 02:30:00,12.0000
04223000,42.570278,-78.042500,2009-02-12 15:30:00,2009-02-12 21:30:00,557.8419,2009-02-12 18:30:00,3.0000
04223000,42.570278,-78.042500,2009-03-09 08:15:00,2009-03-09 20:45:00,634.2974,2009-03-09 12:15:00,4.0000
04223000,42.570278,-78.042500,2010-01-25 18:30:00,2010-01-26 11:45:00,722.0796,2010-01-26 04:30:00,10.0000
04223000,42.570278,-78.042500,2010-12-01 13:30:00,2010-12-02 13:45:00,934.4559,2010-12-02 05:30:00,16.0000
04223000,42.570278,-78.042500,2011-03-06 19:15:00,2011-03-06 23:30:00,557.8419,2011-03-06 21:30:00,2.2500
04223000,42.570278,-78.042500,2013-12-22 08:00:00,2013-12-22 21:45:00,620.1389,2013-12-22 15:30:00,7.5000
04223000,42.570278,-78.042500,2014-05-16 17:45:00,2014-05-17 05:00:00,665.4459,2014-05-17 01:00:00,7.2500
04156000,43.595278,-84.235556,1990-03-12 14:30:00,1990-03-16 22:00:00,518.1983,1990-03-13 20:00:00,29.5000
04156000,43.595278,-84.235556,1990-10-11 10:00:00,1990-10-12 19:30:00,370.9507,1990-10-11 21:30:00,11.5000
04156000,43.595278,-84.235556,1990-11-06 15:00:00,1990-11-08 15:00:00,410.5943,1990-11-07 08:00:00,17.0000
04156000,43.595278,-84.235556,1990-11-28 19:00:00,1990-12-01 00:30:00,458.7329,1990-11-29 15:00:00,20.0000
04156000,43.595278,-84.235556,1991-03-03 12:30:00,1991-03-04 04:00:00,331.3071,1991-03-03 17:00:00,4.5000
04156000,43.595278,-84.235556,1991-03-28 05:00:00,1991-03-30 22:30:00,529.5250,1991-03-29 08:00:00,27.0000
04156000,43.595278,-84.235556,1991-04-09 13:30:00,1991-04-12 15:30:00,566.3369,1991-04-10 15:00:00,25.5000
04156000,43.595278,-84.235556,1991-04-15 20:00:00,1991-04-19 02:00:00,577.6637,1991-04-17 02:30:00,30.5000
04156000,43.595278,-84.235556,1991-04-29 00:30:00,1991-05-01 02:00:00,470.0597,1991-04-29 20:00:00,19.5000
04156000,43.595278,-84.235556,1992-04-17 00:30:00,1992-04-19 19:00:00,521.0300,1992-04-18 06:00:00,29.5000
04156000,43.595278,-84.235556,1992-04-22 04:30:00,1992-04-23 19:00:00,396.4359,1992-04-23 04:30:00,24.0000
04156000,43.595278,-84.235556,1992-11-03 19:30:00,1992-11-05 09:00:00,362.4556,1992-11-04 06:30:00,11.0000
04156000,43.595278,-84.235556,1992-11-23 23:30:00,1992-11-26 00:30:00,402.0992,1992-11-24 19:30:00,20.0000
04156000,43.595278,-84.235556,1993-01-05 14:30:00,1993-01-06 10:30:00,334.1388,1993-01-05 21:00:00,6.5000
04156000,43.595278,-84.235556,1993-04-20 22:30:00,1993-04-22 15:00:00,390.7725,1993-04-21 16:30:00,18.0000
04156000,43.595278,-84.235556,1993-06-21 09:00:00,1993-06-21 16:30:00,314.3170,1993-06-21 10:30:00,1.5000
04156000,43.595278,-84.235556,1994-02-21 14:30:00,1994-02-23 11:30:00,376.6141,1994-02-22 10:00:00,19.5000
04156000,43.595278,-84.235556,1996-05-11 15:30:00,1996-05-12 15:30:00,351.1289,1996-05-12 03:00:00,11.5000
04156000,43.595278,-84.235556,1996-06-18 16:30:00,1996-06-24 05:00:00,543.6835,1996-06-19 19:30:00,27.0000
04156000,43.595278,-84.235556,1997-02-21 21:30:00,1997-02-24 18:30:00,478.5547,1997-02-23 00:15:00,26.7500
04156000,43.595278,-84.235556,1998-04-01 14:15:00,1998-04-03 13:45:00,413.4260,1998-04-02 08:30:00,18.2500
04156000,43.595278,-84.235556,2000-02-27 08:30:00,2000-02-28 16:45:00,353.9606,2000-02-28 02:00:00,17.5000
04156000,43.595278,-84.235556,2000-05-19 00:15:00,2000-05-21 02:00:00,407.7626,2000-05-19 20:15:00,20.0000
04156000,43.595278,-84.235556,2001-05-17 09:00:00,2001-05-18 10:30:00,345.4655,2001-05-17 19:45:00,10.7500
04156000,43.595278,-84.235556,2002-03-10 07:15:00,2002-03-12 14:15:00,424.7527,2002-03-11 03:45:00,20.5000
04156000,43.595278,-84.235556,2004-03-05 11:30:00,2004-03-10 15:45:00,676.7726,2004-03-07 05:30:00,42.0000
04156000,43.595278,-84.235556,2004-05-09 11:00:00,2004-05-12 23:30:00,495.5448,2004-05-11 06:15:00,43.2500
04156000,43.595278,-84.235556,2004-05-15 07:00:00,2004-05-17 05:30:00,413.4260,2004-05-15 22:30:00,15.5000
04156000,43.595278,-84.235556,2004-05-24 03:15:00,2004-05-27 17:45:00,572.0003,2004-05-25 17:45:00,38.5000
04156000,43.595278,-84.235556,2005-01-14 08:15:00,2005-01-15 04:45:00,356.7923,2005-01-14 22:30:00,14.2500
04156000,43.595278,-84.235556,2005-03-30 07:15:00,2005-04-02 04:45:00,368.1190,2005-04-01 16:00:00,56.7500
04156000,43.595278,-84.235556,2006-01-30 23:15:00,2006-02-01 01:15:00,339.8022,2006-01-31 10:15:00,11.0000
04156000,43.595278,-84.235556,2006-03-10 20:45:00,2006-03-17 09:00:00,651.2875,2006-03-15 00:15:00,99.5000
04156000,43.595278,-84.235556,2006-12-13 13:45:00,2006-12-15 14:30:00,433.2478,2006-12-14 11:45:00,22.0000
04156000,43.595278,-84.235556,2007-03-14 10:00:00,2007-03-17 08:15:00,498.3765,2007-03-15 19:45:00,33.7500
04156000,43.595278,-84.235556,2007-03-22 22:00:00,2007-03-25 13:00:00,461.5646,2007-03-23 20:15:00,22.2500
04156000,43.595278,-84.235556,2007-04-05 00:30:00,2007-04-05 16:15:00,325.6437,2007-04-05 05:15:00,4.7500
04156000,43.595278,-84.235556,2008-04-01 22:30:00,2008-04-03 14:30:00,353.9606,2008-04-02 15:45:00,17.2500
04156000,43.595278,-84.235556,2008-04-11 22:45:00,2008-04-14 19:45:00,464.3963,2008-04-13 05:30:00,30.7500
04156000,43.595278,-84.235556,2008-12-29 08:00:00,2008-12-31 10:45:00,379.4457,2008-12-30 04:30:00,20.5000
04156000,43.595278,-84.235556,2009-02-12 13:15:00,2009-02-15 08:15:00,492.7131,2009-02-13 18:45:00,29.5000
04156000,43.595278,-84.235556,2009-03-08 18:45:00,2009-03-12 23:30:00,461.5646,2009-03-10 07:30:00,36.7500
04156000,43.595278,-84.235556,2009-04-04 11:15:00,2009-04-05 07:15:00,331.3071,2009-04-04 17:15:00,6.0000
04156000,43.595278,-84.235556,2009-04-26 20:15:00,2009-04-29 14:15:00,472.8913,2009-04-27 15:30:00,19.2500
04156000,43.595278,-84.235556,2009-05-01 12:00:00,2009-05-03 05:00:00,385.1091,2009-05-02 02:45:00,14.7500
04156000,43.595278,-84.235556,2011-04-04 19:00:00,2011-04-07 10:30:00,515.3666,2011-04-05 23:15:00,28.2500
04156000,43.595278,-84.235556,2011-04-21 09:15:00,2011-04-22 02:15:00,317.1487,2011-04-21 19:00:00,9.7500
04156000,43.595278,-84.235556,2011-04-27 08:00:00,2011-05-02 03:30:00,696.5944,2011-04-29 13:30:00,53.5000
04156000,43.595278,-84.235556,2012-03-14 00:15:00,2012-03-14 22:00:00,322.8121,2012-03-14 07:00:00,6.7500
04156000,43.595278,-84.235556,2013-01-31 08:15:00,2013-02-01 18:00:00,404.9309,2013-02-01 00:45:00,16.5000
04156000,43.595278,-84.235556,2013-03-12 07:45:00,2013-03-13 21:15:00,436.0794,2013-03-12 23:45:00,16.0000
04156000,43.595278,-84.235556,2013-05-23 14:45:00,2013-05-25 22:45:00,453.0695,2013-05-24 12:30:00,21.7500
04156000,43.595278,-84.235556,2013-05-29 15:15:00,2013-06-01 04:00:00,472.8913,2013-05-30 13:30:00,22.2500
04156000,43.595278,-84.235556,2014-04-13 16:00:00,2014-04-18 16:45:00,727.7430,2014-04-15 16:45:00,48.7500
04156000,43.595278,-84.235556,2015-04-10 19:15:00,2015-04-12 15:00:00,404.9309,2015-04-11 11:30:00,16.2500
04156000,43.595278,-84.235556,2016-04-01 04:15:00,2016-04-03 21:45:00,489.8814,2016-04-02 05:45:00,25.5000
04101000,41.691667,-85.975000,1989-06-02 01:30:00,1989-06-11 01:30:00,441.7428,1989-06-04 09:15:00,55.7500
04101000,41.691667,-85.975000,1989-06-12 15:15:00,1989-06-13 17:00:00,275.5229,1989-06-13 15:45:00,24.5000
04101000,41.691667,-85.975000,1990-02-24 06:00:00,1990-02-24 11:00:00,259.6655,1990-02-24 08:45:00,2.7500
04101000,41.691667,-85.975000,1990-03-13 17:15:00,1990-03-15 15:30:00,264.7625,1990-03-14 20:45:00,27.5000
04101000,41.691667,-85.975000,1990-05-18 13:45:00,1990-05-19 07:00:00,272.4081,1990-05-18 16:00:00,2.2500
04101000,41.691667,-85.975000,1990-12-30 06:30:00,1991-01-08 07:15:00,407.7626,1990-12-31 08:15:00,25.7500
04101000,41.691667,-85.975000,1993-01-01 01:00:00,1993-01-02 07:15:00,297.3269,1993-01-01 15:00:00,14.0000
04101000,41.691667,-85.975000,1993-01-04 11:30:00,1993-01-16 06:45:00,416.2576,1993-01-05 19:45:00,32.2500
04101000,41.691667,-85.975000,1993-06-09 09:00:00,1993-06-12 07:00:00,370.9507,1993-06-10 01:45:00,16.7500
04101000,41.691667,-85.975000,1996-05-11 06:45:00,1996-05-11 13:45:00,262.4972,1996-05-11 09:00:00,2.2500
04101000,41.691667,-85.975000,1996-06-11 01:15:00,1996-06-12 04:00:00,300.1586,1996-06-11 16:00:00,14.7500
04101000,41.691667,-85.975000,1996-06-19 11:30:00,1996-06-20 02:15:00,277.7883,1996-06-19 16:00:00,4.5000
04101000,41.691667,-85.975000,1997-02-22 09:00:00,1997-02-24 19:00:00,267.8774,1997-02-22 19:15:00,10.2500
04101000,41.691667,-85.975000,1997-02-26 17:00:00,1997-03-05 20:45:00,319.9804,1997-02-28 16:45:00,47.7500
04101000,41.691667,-85.975000,1998-01-08 16:45:00,1998-01-16 20:00:00,328.4754,1998-01-12 20:15:00,99.5000
04101000,41.691667,-85.975000,1998-04-10 13:15:00,1998-04-12 05:30:00,274.9566,1998-04-11 00:15:00,11.0000
04101000,41.691667,-85.975000,1999-04-24 01:15:00,1999-04-27 17:30:00,288.8318,1999-04-24 11:00:00,9.7500
04101000,41.691667,-85.975000,1999-04-29 18:45:00,1999-04-29 19:15:00,271.2754,1999-04-29 19:00:00,0.2500
04101000,41.691667,-85.975000,2001-02-10 19:00:00,2001-02-17 12:00:00,291.6635,2001-02-11 17:00:00,22.0000
04101000,41.691667,-85.975000,2002-05-13 09:00:00,2002-05-15 22:00:00,317.1487,2002-05-13 17:00:00,8.0000
04101000,41.691667,-85.975000,2002-05-17 11:00:00,2002-05-17 22:00:00,276.6556,2002-05-17 16:00:00,5.0000
04101000,41.691667,-85.975000,2004-06-13 15:00:00,2004-06-14 13:00:00,282.3190,2004-06-14 00:00:00,9.0000
04101000,41.691667,-85.975000,2005-01-13 22:15:00,2005-01-17 04:45:00,331.3071,2005-01-14 18:15:00,20.0000
04101000,41.691667,-85.975000,2005-02-16 11:15:00,2005-02-19 04:00:00,283.1685,2005-02-17 16:15:00,29.0000
04101000,41.691667,-85.975000,2007-08-24 06:00:00,2007-08-25 00:15:00,271.2754,2007-08-24 15:00:00,9.0000
04101000,41.691667,-85.975000,2008-01-08 13:00:00,2008-01-19 19:45:00,421.9210,2008-01-10 13:45:00,48.7500
04101000,41.691667,-85.975000,2008-03-04 08:30:00,2008-03-05 17:00:00,277.7883,2008-03-04 16:15:00,7.7500
04101000,41.691667,-85.975000,2008-04-01 18:45:00,2008-04-05 03:00:00,265.3289,2008-04-02 05:00:00,10.2500
04101000,41.691667,-85.975000,2008-09-15 09:15:00,2008-09-19 14:00:00,280.6199,2008-09-15 13:45:00,4.5000
04101000,41.691667,-85.975000,2009-03-09 01:00:00,2009-03-22 15:15:00,436.0794,2009-03-12 14:15:00,85.2500
04101000,41.691667,-85.975000,2009-04-06 17:45:00,2009-04-11 12:45:00,291.6635,2009-04-07 14:30:00,20.7500
04101000,41.691667,-85.975000,2009-04-13 15:15:00,2009-04-13 19:15:00,260.7982,2009-04-13 15:30:00,0.2500
04101000,41.691667,-85.975000,2011-04-28 16:00:00,2011-05-02 14:15:00,305.8219,2011-04-29 11:45:00,19.7500
04101000,41.691667,-85.975000,2011-05-29 19:00:00,2011-05-31 15:15:00,280.0536,2011-05-29 19:30:00,0.5000
04101000,41.691667,-85.975000,2011-12-06 14:00:00,2011-12-06 14:15:00,258.8160,2011-12-06 14:15:00,0.2500
04101000,41.691667,-85.975000,2011-12-15 13:30:00,2011-12-18 20:30:00,288.8318,2011-12-16 17:00:00,27.5000
04101000,41.691667,-85.975000,2013-04-19 12:00:00,2013-04-30 01:00:00,314.3170,2013-04-20 08:45:00,20.7500
04101000,41.691667,-85.975000,2014-04-05 07:00:00,2014-04-05 19:45:00,258.8160,2014-04-05 16:15:00,9.2500
04228500,42.917778,-77.757500,1990-12-30 19:45:00,1991-01-01 21:00:00,311.4853,1990-12-31 12:45:00,17.0000
04228500,42.917778,-77.757500,1991-03-04 11:45:00,1991-03-15 23:00:00,297.3269,1991-03-05 00:00:00,12.2500
04228500,42.917778,-77.757500,1991-04-22 10:15:00,1991-04-23 20:15:00,278.0714,1991-04-22 23:00:00,12.7500
04228500,42.917778,-77.757500,1992-05-03 13:00:00,1992-05-04 00:30:00,218.0397,1992-05-03 18:30:00,5.5000
04228500,42.917778,-77.757500,1993-04-26 17:30:00,1993-05-01 05:45:00,241.2595,1993-04-29 03:45:00,58.2500
04228500,42.917778,-77.757500,1993-05-02 12:15:00,1993-05-05 05:15:00,219.7387,1993-05-03 10:00:00,21.7500
04228500,42.917778,-77.757500,1993-05-07 11:00:00,1993-05-09 00:30:00,214.9249,1993-05-07 23:30:00,12.5000
04228500,42.917778,-77.757500,1994-04-01 10:00:00,1994-04-04 11:15:00,223.4199,1994-04-03 20:45:00,57.7500
04228500,42.917778,-77.757500,1994-04-06 12:00:00,1994-04-15 01:15:00,325.6437,1994-04-14 04:15:00,184.2500
04228500,42.917778,-77.757500,1994-04-16 16:00:00,1994-04-22 03:45:00,256.2675,1994-04-17 19:30:00,27.5000
04228500,42.917778,-77.757500,1994-04-23 18:45:00,1994-04-25 09:45:00,213.7922,1994-04-24 07:30:00,12.7500
04228500,42.917778,-77.757500,1996-01-25 23:00:00,1996-02-08 06:30:00,244.9407,1996-01-30 09:30:00,106.5000
04228500,42.917778,-77.757500,1996-02-26 07:15:00,1996-02-27 10:15:00,213.5090,1996-02-26 19:45:00,12.5000
04228500,42.917778,-77.757500,1996-04-13 20:45:00,1996-04-15 08:00:00,278.0714,1996-04-14 08:30:00,11.7500
04228500,42.917778,-77.757500,1996-04-19 06:15:00,1996-04-19 15:00:00,210.6773,1996-04-19 07:45:00,1.5000
04228500,42.917778,-77.757500,1996-04-24 00:15:00,1996-04-24 16:15:00,221.1546,1996-04-24 07:15:00,7.0000
04228500,42.917778,-77.757500,1996-05-11 05:15:00,1996-05-14 05:30:00,276.0893,1996-05-12 19:00:00,37.7500
04228500,42.917778,-77.757500,1996-05-15 11:00:00,1996-05-16 22:30:00,223.7031,1996-05-16 01:00:00,14.0000
04228500,42.917778,-77.757500,1996-05-18 00:30:00,1996-05-22 07:45:00,225.1189,1996-05-21 18:45:00,90.2500
04228500,42.917778,-77.757500,1996-05-25 04:30:00,1996-05-26 15:30:00,217.7566,1996-05-25 18:00:00,13.5000
04228500,42.917778,-77.757500,1997-03-06 21:15:00,1997-03-08 20:00:00,219.4556,1997-03-07 13:15:00,16.0000
04228500,42.917778,-77.757500,1997-03-10 21:00:00,1997-03-12 12:45:00,248.3387,1997-03-11 16:45:00,19.7500
04228500,42.917778,-77.757500,1997-03-14 23:15:00,1997-03-16 06:30:00,237.0120,1997-03-15 10:15:00,11.0000
04228500,42.917778,-77.757500,1998-01-08 11:00:00,1998-01-11 15:30:00,376.6141,1998-01-09 07:00:00,20.0000
04228500,42.917778,-77.757500,1998-01-14 14:15:00,1998-01-28 09:15:00,263.6298,1998-01-19 13:00:00,118.7500
04228500,42.917778,-77.757500,1998-03-02 00:00:00,1998-03-02 13:00:00,215.4912,1998-03-02 04:30:00,4.5000
04228500,42.917778,-77.757500,1998-03-27 00:00:00,1998-03-27 15:15:00,229.0833,1998-03-27 06:30:00,6.5000
04228500,42.917778,-77.757500,2003-03-22 06:15:00,2003-03-23 03:00:00,224.2694,2003-03-22 16:45:00,10.5000
04228500,42.917778,-77.757500,2003-03-26 22:30:00,2003-03-29 11:30:00,218.6061,2003-03-27 06:30:00,8.0000
04228500,42.917778,-77.757500,2003-03-31 05:00:00,2003-04-03 12:00:00,218.6061,2003-03-31 22:00:00,17.0000
04228500,42.917778,-77.757500,2003-04-05 12:00:00,2003-04-06 15:30:00,260.2318,2003-04-06 04:00:00,15.0000
04228500,42.917778,-77.757500,2003-04-09 13:30:00,2003-04-11 01:00:00,221.4377,2003-04-10 12:30:00,23.0000
04228500,42.917778,-77.757500,2003-08-10 20:45:00,2003-08-11 03:45:00,213.5090,2003-08-10 23:45:00,3.0000
04228500,42.917778,-77.757500,2004-04-14 18:15:00,2004-04-14 21:00:00,210.9605,2004-04-14 19:00:00,0.7500
04228500,42.917778,-77.757500,2004-05-24 13:15:00,2004-05-25 13:15:00,239.8437,2004-05-24 23:30:00,10.2500
04228500,42.917778,-77.757500,2004-09-09 23:30:00,2004-09-10 04:45:00,224.2694,2004-09-10 04:15:00,4.7500
04228500,42.917778,-77.757500,2005-04-03 05:30:00,2005-04-04 04:45:00,291.6635,2005-04-03 21:15:00,15.7500
04228500,42.917778,-77.757500,2005-04-24 13:00:00,2005-04-25 03:30:00,221.4377,2005-04-24 18:30:00,5.5000
04228500,42.917778,-77.757500,2006-11-17 17:00:00,2006-11-17 20:45:00,210.6773,2006-11-17 17:45:00,0.7500
04228500,42.917778,-77.757500,2006-12-02 02:15:00,2006-12-02 23:30:00,234.7467,2006-12-02 10:15:00,8.0000
04228500,42.917778,-77.757500,2007-01-15 16:30:00,2007-01-16 15:45:00,242.9585,2007-01-16 02:45:00,10.2500
04228500,42.917778,-77.757500,2007-03-19 20:45:00,2007-03-20 23:30:00,215.2080,2007-03-20 10:15:00,13.5000
04228500,42.917778,-77.757500,2007-03-22 19:30:00,2007-03-28 12:30:00,237.5783,2007-03-27 12:45:00,113.2500
04228500,42.917778,-77.757500,2007-03-29 18:30:00,2007-03-31 15:15:00,216.0575,2007-03-30 12:15:00,17.7500
04228500,42.917778,-77.757500,2007-04-06 12:30:00,2007-04-09 01:45:00,218.6061,2007-04-07 08:00:00,19.5000
04228500,42.917778,-77.757500,2008-02-07 08:45:00,2008-02-07 18:15:00,211.5268,2008-02-07 12:15:00,3.5000
04228500,42.917778,-77.757500,2008-12-26 15:15:00,2008-12-29 03:30:00,277.7883,2008-12-28 06:15:00,39.0000
04228500,42.917778,-77.757500,2009-02-12 18:15:00,2009-02-14 04:45:00,262.7803,2009-02-13 08:30:00,14.2500
04228500,42.917778,-77.757500,2009-03-08 17:45:00,2009-03-10 19:00:00,257.1170,2009-03-09 19:45:00,26.0000
04228500,42.917778,-77.757500,2010-03-19 19:15:00,2010-03-21 00:15:00,220.5882,2010-03-20 11:30:00,16.2500
04228500,42.917778,-77.757500,2010-03-23 21:15:00,2010-03-25 05:15:00,242.3922,2010-03-24 14:15:00,17.0000
04228500,42.917778,-77.757500,2010-12-02 04:45:00,2010-12-02 18:15:00,218.6061,2010-12-02 10:30:00,5.7500
04228500,42.917778,-77.757500,2011-03-07 07:45:00,2011-03-09 09:00:00,235.5962,2011-03-08 03:45:00,20.0000
04228500,42.917778,-77.757500,2011-03-12 08:30:00,2011-03-21 17:15:00,250.6041,2011-03-13 20:30:00,35.0000
04228500,42.917778,-77.757500,2011-03-24 05:00:00,2011-03-29 09:00:00,237.0120,2011-03-25 18:45:00,37.7500
04228500,42.917778,-77.757500,2011-04-08 04:45:00,2011-04-11 12:00:00,223.7031,2011-04-09 05:30:00,24.7500
04228500,42.917778,-77.757500,2011-04-13 14:00:00,2011-04-16 07:45:00,245.5071,2011-04-14 19:00:00,29.0000
04228500,42.917778,-77.757500,2011-04-23 16:15:00,2011-04-25 09:30:00,254.5685,2011-04-24 19:15:00,27.0000
04228500,42.917778,-77.757500,2011-04-28 01:15:00,2011-04-28 18:30:00,235.0298,2011-04-28 07:00:00,5.7500
04228500,42.917778,-77.757500,2011-04-30 13:00:00,2011-05-03 06:45:00,237.5783,2011-05-02 03:00:00,38.0000
04228500,42.917778,-77.757500,2011-05-05 08:15:00,2011-05-13 15:30:00,239.8437,2011-05-06 16:15:00,32.0000
04228500,42.917778,-77.757500,2011-05-18 08:15:00,2011-05-26 13:45:00,233.6140,2011-05-22 19:15:00,107.0000
04228500,42.917778,-77.757500,2013-12-22 08:30:00,2013-12-23 14:00:00,240.9764,2013-12-22 17:30:00,9.0000
04228500,42.917778,-77.757500,2014-05-16 19:30:00,2014-05-17 23:45:00,249.4714,2014-05-17 04:15:00,8.7500
