GaugeID, Lat, Lon, Start Time (UTC), End Time (UTC), Peak Q (cms), Peak Time (UTC), Delta Time (h)
07375800,30.930556,-90.673333,2002-03-27 10:00:00,2002-03-28 03:30:00,74.1901,2002-03-27 14:00:00,4.0000
07375800,30.930556,-90.673333,2002-09-26 19:00:00,2002-09-28 05:00:00,121.4793,2002-09-27 09:00:00,14.0000
07375800,30.930556,-90.673333,2002-10-04 23:30:00,2002-10-05 04:30:00,58.6159,2002-10-05 01:30:00,2.0000
07375800,30.930556,-90.673333,2003-02-22 09:30:00,2003-02-23 15:45:00,98.8258,2003-02-22 21:00:00,11.5000
07375800,30.930556,-90.673333,2004-02-07 05:00:00,2004-02-07 19:00:00,60.8812,2004-02-07 08:00:00,3.0000
07375800,30.930556,-90.673333,2004-02-12 16:30:00,2004-02-13 21:00:00,80.7030,2004-02-13 06:45:00,14.2500
07375800,30.930556,-90.673333,2004-05-15 11:30:00,2004-05-17 02:30:00,197.0853,2004-05-15 21:30:00,10.0000
07375800,30.930556,-90.673333,2006-10-27 21:30:00,2006-10-28 20:30:00,75.6060,2006-10-28 07:30:00,10.0000
07375800,30.930556,-90.673333,2007-01-01 00:00:00,2007-01-01 09:30:00,57.7664,2007-01-01 02:30:00,2.5000
07375800,30.930556,-90.673333,2009-03-27 15:30:00,2009-03-30 01:00:00,300.1586,2009-03-28 20:00:00,28.5000
07375800,30.930556,-90.673333,2009-12-13 14:30:00,2009-12-14 07:00:00,67.9604,2009-12-13 20:00:00,5.5000
07375800,30.930556,-90.673333,2009-12-19 08:30:00,2009-12-19 18:00:00,59.4654,2009-12-19 12:00:00,3.5000
07375800,30.930556,-90.673333,2010-02-05 17:30:00,2010-02-06 14:00:00,67.9604,2010-02-06 01:00:00,7.5000
07375800,30.930556,-90.673333,2012-01-27 17:30:00,2012-01-28 04:00:00,66.5446,2012-01-27 22:00:00,4.5000
07375800,30.930556,-90.673333,2012-02-17 01:00:00,2012-02-17 18:00:00,65.9783,2012-02-17 05:30:00,4.5000
07375800,30.930556,-90.673333,2012-02-19 08:00:00,2012-02-20 11:00:00,103.0733,2012-02-19 18:00:00,10.0000
07375800,30.930556,-90.673333,2012-08-31 15:00:00,2012-09-01 10:30:00,74.1901,2012-08-31 20:00:00,5.0000
07375800,30.930556,-90.673333,2013-02-12 19:00:00,2013-02-13 20:30:00,78.1545,2013-02-13 04:00:00,9.0000
07375800,30.930556,-90.673333,2013-04-15 04:00:00,2013-04-15 22:00:00,75.6060,2013-04-15 08:30:00,4.5000
07375800,30.930556,-90.673333,2014-02-21 07:30:00,2014-02-22 21:00:00,237.2952,2014-02-21 19:00:00,11.5000
07375800,30.930556,-90.673333,2015-01-04 12:30:00,2015-01-05 18:30:00,82.6852,2015-01-04 22:30:00,10.0000
07375800,30.930556,-90.673333,2015-10-26 08:00:00,2015-10-27 20:00:00,173.0159,2015-10-26 19:45:00,11.7500
07375800,30.930556,-90.673333,2016-03-11 09:30:00,2016-03-13 03:15:00,475.7230,2016-03-11 21:00:00,11.5000
07037500,37.194445,-90.503058,1995-02-28 09:15:00,1995-03-01 08:15:00,168.4852,1995-02-28 19:00:00,9.7500
07037500,37.194445,-90.503058,1995-03-07 23:45:00,1995-03-09 20:45:00,540.8518,1995-03-08 14:30:00,14.7500
07037500,37.194445,-90.503058,1995-12-20 03:15:00,1995-12-20 23:45:00,197.6516,1995-12-20 12:30:00,9.2500
07037500,37.194445,-90.503058,1996-01-19 11:00:00,1996-01-20 09:00:00,237.8615,1996-01-19 18:15:00,7.2500
07037500,37.194445,-90.503058,1996-01-24 17:45:00,1996-01-25 05:00:00,136.4872,1996-01-24 21:45:00,4.0000
07037500,37.194445,-90.503058,1996-03-25 23:30:00,1996-03-26 17:30:00,158.2912,1996-03-26 05:15:00,5.7500
07037500,37.194445,-90.503058,1996-04-01 18:45:00,1996-04-02 08:45:00,154.6100,1996-04-01 23:45:00,5.0000
07037500,37.194445,-90.503058,1996-04-20 22:15:00,1996-04-21 11:15:00,167.0694,1996-04-21 02:00:00,3.7500
07037500,37.194445,-90.503058,1996-04-22 17:00:00,1996-04-26 01:45:00,1237.4462,1996-04-23 14:00:00,21.0000
07037500,37.194445,-90.503058,1996-04-29 03:00:00,1996-05-01 10:00:00,475.7230,1996-04-29 19:45:00,16.7500
07037500,37.194445,-90.503058,1996-05-06 20:30:00,1996-05-09 23:15:00,526.6933,1996-05-07 13:15:00,16.7500
07037500,37.194445,-90.503058,1996-05-11 13:00:00,1996-05-13 17:00:00,478.5547,1996-05-11 21:00:00,8.0000
07037500,37.194445,-90.503058,1996-11-08 05:30:00,1996-11-10 03:30:00,240.1269,1996-11-08 16:45:00,11.2500
07037500,37.194445,-90.503058,1996-11-25 10:30:00,1996-11-26 05:45:00,812.6935,1996-11-26 05:30:00,19.0000
07037500,37.194445,-90.503058,1996-12-01 17:30:00,1996-12-02 17:15:00,154.6100,1996-12-02 04:00:00,10.5000
07037500,37.194445,-90.503058,1996-12-16 11:00:00,1996-12-17 04:30:00,161.4060,1996-12-16 17:15:00,6.2500
07037500,37.194445,-90.503058,1997-01-22 22:45:00,1997-01-24 05:00:00,294.4952,1997-01-23 08:00:00,9.2500
07037500,37.194445,-90.503058,1997-02-04 22:15:00,1997-02-05 16:00:00,159.9902,1997-02-05 03:45:00,5.5000
07037500,37.194445,-90.503058,1997-02-27 06:45:00,1997-03-04 06:30:00,696.5944,1997-02-28 01:00:00,18.2500
07037500,37.194445,-90.503058,1997-03-14 15:00:00,1997-03-15 17:30:00,203.8813,1997-03-14 22:30:00,7.5000
07037500,37.194445,-90.503058,1997-03-19 15:30:00,1997-03-20 05:30:00,143.2832,1997-03-19 23:15:00,7.7500
07037500,37.194445,-90.503058,1997-04-05 14:45:00,1997-04-07 19:15:00,600.3171,1997-04-06 09:00:00,17.2500
07037500,37.194445,-90.503058,1997-05-31 02:45:00,1997-06-02 06:15:00,1061.8817,1997-05-31 21:15:00,18.5000
07037500,37.194445,-90.503058,1997-06-18 18:15:00,1997-06-19 13:00:00,197.3684,1997-06-19 00:45:00,6.5000
07037500,37.194445,-90.503058,1999-01-18 21:30:00,1999-01-19 11:15:00,158.2912,1999-01-19 03:15:00,5.7500
07037500,37.194445,-90.503058,1999-01-22 17:00:00,1999-01-24 14:00:00,271.8417,1999-01-23 03:15:00,10.2500
07037500,37.194445,-90.503058,1999-02-01 06:00:00,1999-02-02 21:45:00,328.4754,1999-02-01 20:30:00,14.5000
07037500,37.194445,-90.503058,1999-02-07 13:30:00,1999-02-09 17:15:00,1025.0698,1999-02-08 08:15:00,18.7500
07037500,37.194445,-90.503058,1999-03-17 17:45:00,1999-03-18 17:00:00,179.5288,1999-03-18 01:15:00,7.5000
07037500,37.194445,-90.503058,1999-04-03 18:45:00,1999-04-08 06:30:00,2222.8725,1999-04-04 13:30:00,17.7500
07037500,37.194445,-90.503058,1999-04-15 01:00:00,1999-04-18 03:15:00,543.6835,1999-04-15 19:15:00,18.2500
07037500,37.194445,-90.503058,2000-02-18 22:15:00,2000-02-20 00:30:00,145.5486,2000-02-19 15:45:00,17.5000
07037500,37.194445,-90.503058,2000-02-27 00:45:00,2000-02-28 15:45:00,342.6338,2000-02-27 13:00:00,12.2500
07037500,37.194445,-90.503058,2000-06-18 03:45:00,2000-06-19 05:15:00,311.4853,2000-06-18 11:30:00,7.7500
07037500,37.194445,-90.503058,2001-02-25 08:45:00,2001-02-27 06:45:00,591.8221,2001-02-25 23:15:00,14.5000
07037500,37.194445,-90.503058,2001-04-04 20:15:00,2001-04-05 21:15:00,164.5209,2001-04-05 09:00:00,12.7500
07037500,37.194445,-90.503058,2001-07-29 11:30:00,2001-07-30 14:15:00,487.0498,2001-07-29 19:30:00,8.0000
07037500,37.194445,-90.503058,2001-12-16 22:15:00,2001-12-19 19:15:00,659.7825,2001-12-18 01:45:00,27.5000
07037500,37.194445,-90.503058,2002-02-01 02:00:00,2002-02-03 07:30:00,676.7726,2002-02-01 21:30:00,19.5000
07037500,37.194445,-90.503058,2002-02-20 17:45:00,2002-02-21 18:45:00,198.2179,2002-02-21 01:45:00,8.0000
07037500,37.194445,-90.503058,2002-03-09 12:45:00,2002-03-13 13:15:00,682.4360,2002-03-10 08:45:00,20.0000
07037500,37.194445,-90.503058,2002-03-19 23:30:00,2002-03-22 12:45:00,475.7230,2002-03-20 20:30:00,21.0000
07037500,37.194445,-90.503058,2002-03-26 05:00:00,2002-03-27 15:30:00,231.0655,2002-03-26 16:30:00,11.5000
07037500,37.194445,-90.503058,2002-04-08 19:15:00,2002-04-10 09:30:00,311.4853,2002-04-09 07:15:00,12.0000
07037500,37.194445,-90.503058,2002-04-13 12:45:00,2002-04-16 06:45:00,336.9705,2002-04-15 03:15:00,38.5000
07037500,37.194445,-90.503058,2002-04-24 13:30:00,2002-04-26 09:45:00,205.0140,2002-04-25 18:00:00,28.5000
07037500,37.194445,-90.503058,2002-04-29 06:45:00,2002-04-29 13:00:00,128.2753,2002-04-29 08:45:00,2.0000
07037500,37.194445,-90.503058,2002-05-08 09:30:00,2002-05-14 04:45:00,2194.5556,2002-05-14 00:15:00,134.7500
07037500,37.194445,-90.503058,2002-12-31 10:45:00,2003-01-02 16:15:00,322.8121,2003-01-01 10:15:00,23.5000
07037500,37.194445,-90.503058,2003-02-20 02:30:00,2003-02-24 09:30:00,328.4754,2003-02-20 15:30:00,13.0000
07037500,37.194445,-90.503058,2003-04-25 18:45:00,2003-04-27 17:45:00,376.6141,2003-04-26 08:00:00,13.2500
07037500,37.194445,-90.503058,2003-04-30 20:45:00,2003-05-03 12:15:00,190.8555,2003-05-02 19:00:00,46.2500
07037500,37.194445,-90.503058,2003-05-05 17:30:00,2003-05-09 03:45:00,311.4853,2003-05-08 01:45:00,56.2500
07037500,37.194445,-90.503058,2003-06-12 02:45:00,2003-06-13 21:00:00,286.0002,2003-06-13 00:15:00,21.5000
07037500,37.194445,-90.503058,2003-11-18 13:30:00,2003-11-21 07:30:00,1141.1689,2003-11-19 11:30:00,22.0000
07037500,37.194445,-90.503058,2003-12-29 18:15:00,2003-12-31 09:15:00,348.2972,2003-12-30 06:15:00,12.0000
07037500,37.194445,-90.503058,2004-01-05 17:30:00,2004-01-06 12:00:00,166.7862,2004-01-05 23:30:00,6.0000
07037500,37.194445,-90.503058,2004-02-03 23:15:00,2004-02-04 01:00:00,126.8595,2004-02-04 00:45:00,1.5000
07037500,37.194445,-90.503058,2004-03-04 15:15:00,2004-03-07 15:00:00,504.0399,2004-03-05 20:30:00,29.2500
07037500,37.194445,-90.503058,2004-04-24 21:00:00,2004-04-27 00:45:00,433.2478,2004-04-25 14:00:00,17.0000
07037500,37.194445,-90.503058,2004-05-01 15:00:00,2004-05-03 22:30:00,376.6141,2004-05-02 10:00:00,19.0000
07037500,37.194445,-90.503058,2004-05-31 14:30:00,2004-06-01 10:30:00,222.0041,2004-05-31 21:15:00,6.7500
07037500,37.194445,-90.503058,2004-11-12 08:15:00,2004-11-13 11:45:00,269.5764,2004-11-12 16:45:00,8.5000
07037500,37.194445,-90.503058,2004-11-25 12:15:00,2004-11-26 11:30:00,222.0041,2004-11-25 20:15:00,8.0000
07037500,37.194445,-90.503058,2004-11-30 15:15:00,2004-12-02 20:15:00,286.0002,2004-12-01 15:45:00,24.5000
07037500,37.194445,-90.503058,2004-12-07 23:45:00,2004-12-09 03:15:00,214.6417,2004-12-08 09:30:00,9.7500
07037500,37.194445,-90.503058,2005-01-06 02:00:00,2005-01-08 08:45:00,543.6835,2005-01-06 21:30:00,19.5000
07037500,37.194445,-90.503058,2005-01-13 14:45:00,2005-01-16 00:45:00,716.4162,2005-01-14 10:15:00,19.5000
07037500,37.194445,-90.503058,2005-11-15 09:15:00,2005-11-17 06:30:00,631.4657,2005-11-15 15:30:00,6.2500
07037500,37.194445,-90.503058,2005-11-28 09:15:00,2005-11-30 09:00:00,637.1290,2005-11-29 04:15:00,19.0000
07037500,37.194445,-90.503058,2006-03-09 19:45:00,2006-03-15 08:45:00,461.5646,2006-03-10 17:15:00,21.5000
07037500,37.194445,-90.503058,2006-05-10 15:00:00,2006-05-13 01:15:00,356.7923,2006-05-11 04:15:00,13.2500
07037500,37.194445,-90.503058,2006-10-28 13:00:00,2006-10-29 10:30:00,213.5090,2006-10-28 21:30:00,8.5000
07037500,37.194445,-90.503058,2006-11-17 02:30:00,2006-11-18 00:45:00,181.5110,2006-11-17 13:00:00,10.5000
07037500,37.194445,-90.503058,2006-11-30 22:45:00,2006-12-03 15:30:00,750.3964,2006-12-01 21:45:00,23.0000
07037500,37.194445,-90.503058,2007-01-01 04:30:00,2007-01-01 23:45:00,168.2021,2007-01-01 11:15:00,6.7500
07037500,37.194445,-90.503058,2007-01-14 05:00:00,2007-01-17 17:30:00,470.0597,2007-01-16 06:15:00,49.2500
07037500,37.194445,-90.503058,2007-02-14 01:30:00,2007-02-15 16:00:00,393.6042,2007-02-14 12:30:00,11.0000
07037500,37.194445,-90.503058,2007-02-25 13:15:00,2007-02-26 23:15:00,286.0002,2007-02-25 21:30:00,8.2500
07037500,37.194445,-90.503058,2007-04-14 11:00:00,2007-04-16 17:15:00,492.7131,2007-04-15 01:30:00,14.5000
07037500,37.194445,-90.503058,2007-05-03 17:00:00,2007-05-07 02:30:00,625.8023,2007-05-04 08:45:00,15.7500
07037500,37.194445,-90.503058,2007-05-09 22:15:00,2007-05-10 00:45:00,129.6912,2007-05-09 22:45:00,0.5000
07037500,37.194445,-90.503058,2007-05-11 21:15:00,2007-05-13 09:15:00,240.1269,2007-05-12 16:45:00,19.5000
07037500,37.194445,-90.503058,2007-09-09 15:45:00,2007-09-10 05:45:00,276.0893,2007-09-09 20:15:00,4.5000
07037500,37.194445,-90.503058,2007-12-11 02:45:00,2007-12-14 18:30:00,208.9783,2007-12-14 01:00:00,70.2500
07037500,37.194445,-90.503058,2007-12-16 04:00:00,2007-12-17 04:00:00,170.1842,2007-12-16 14:15:00,10.2500
07037500,37.194445,-90.503058,2008-02-06 20:15:00,2008-02-08 04:15:00,362.4556,2008-02-07 05:00:00,8.7500
07037500,37.194445,-90.503058,2008-02-17 12:15:00,2008-02-20 06:45:00,756.0598,2008-02-18 13:00:00,24.7500
07037500,37.194445,-90.503058,2008-03-04 14:15:00,2008-03-06 04:00:00,302.9903,2008-03-04 23:30:00,9.2500
07037500,37.194445,-90.503058,2008-03-18 13:15:00,2008-03-22 04:45:00,2245.5259,2008-03-19 16:15:00,27.0000
07037500,37.194445,-90.503058,2008-03-31 05:00:00,2008-04-01 04:45:00,300.1586,2008-04-01 04:45:00,23.7500
07037500,37.194445,-90.503058,2008-04-10 05:00:00,2008-04-13 04:45:00,1497.9612,2008-04-11 15:00:00,34.0000
07037500,37.194445,-90.503058,2008-05-08 20:15:00,2008-05-12 19:45:00,252.0199,2008-05-09 06:15:00,10.0000
07037500,37.194445,-90.503058,2008-05-15 20:00:00,2008-05-18 03:15:00,436.0794,2008-05-16 12:15:00,16.2500
07037500,37.194445,-90.503058,2008-12-28 18:45:00,2008-12-29 17:00:00,218.8892,2008-12-29 00:00:00,5.2500
07037500,37.194445,-90.503058,2009-02-08 18:15:00,2009-02-14 02:30:00,682.4360,2009-02-12 05:00:00,82.7500
07037500,37.194445,-90.503058,2009-03-29 10:15:00,2009-03-30 23:15:00,192.5546,2009-03-29 19:45:00,9.5000
07037500,37.194445,-90.503058,2009-04-20 14:30:00,2009-04-22 07:30:00,475.7230,2009-04-21 02:45:00,12.2500
07037500,37.194445,-90.503058,2009-04-28 09:00:00,2009-05-05 23:00:00,475.7230,2009-04-29 03:45:00,18.7500
07037500,37.194445,-90.503058,2009-05-09 08:30:00,2009-05-10 22:00:00,399.2675,2009-05-09 20:15:00,11.7500
07037500,37.194445,-90.503058,2009-05-28 04:45:00,2009-05-28 09:15:00,131.1070,2009-05-28 07:00:00,2.2500
07037500,37.194445,-90.503058,2009-06-16 04:00:00,2009-06-18 08:30:00,224.8358,2009-06-17 05:30:00,25.5000
07037500,37.194445,-90.503058,2009-10-10 06:00:00,2009-10-10 20:15:00,154.0436,2009-10-10 11:45:00,5.7500
07037500,37.194445,-90.503058,2009-10-23 13:30:00,2009-10-25 07:30:00,504.0399,2009-10-24 02:00:00,12.5000
07037500,37.194445,-90.503058,2009-10-30 03:45:00,2009-11-03 10:15:00,1364.8720,2009-10-31 07:15:00,27.5000
07037500,37.194445,-90.503058,2009-11-17 20:00:00,2009-11-19 02:30:00,187.1744,2009-11-18 07:15:00,11.2500
07037500,37.194445,-90.503058,2009-12-24 21:15:00,2009-12-27 20:45:00,897.6440,2009-12-25 20:15:00,23.0000
07037500,37.194445,-90.503058,2010-01-25 03:45:00,2010-01-25 22:30:00,157.4417,2010-01-25 09:15:00,5.5000
07037500,37.194445,-90.503058,2010-02-06 10:15:00,2010-02-07 23:00:00,210.9605,2010-02-06 19:15:00,9.0000
07037500,37.194445,-90.503058,2010-03-26 15:15:00,2010-03-27 22:00:00,255.9843,2010-03-27 00:00:00,8.7500
07037500,37.194445,-90.503058,2010-05-21 08:00:00,2010-05-22 04:45:00,159.9902,2010-05-21 12:45:00,4.7500
07037500,37.194445,-90.503058,2011-02-25 21:30:00,2011-02-26 23:30:00,279.7704,2011-02-26 04:30:00,7.0000
07037500,37.194445,-90.503058,2011-03-01 05:30:00,2011-03-02 03:15:00,188.8734,2011-03-01 13:30:00,8.0000
07037500,37.194445,-90.503058,2011-03-05 23:00:00,2011-03-07 12:30:00,413.4260,2011-03-06 08:15:00,9.2500
07037500,37.194445,-90.503058,2011-03-15 04:30:00,2011-03-16 22:15:00,399.2675,2011-03-15 13:45:00,9.2500
07037500,37.194445,-90.503058,2011-04-12 13:30:00,2011-04-13 09:45:00,189.1565,2011-04-12 19:00:00,5.5000
07037500,37.194445,-90.503058,2011-04-23 14:15:00,2011-04-24 04:45:00,730.5746,2011-04-24 04:45:00,14.5000
07037500,37.194445,-90.503058,2011-12-05 19:00:00,2011-12-06 22:30:00,168.7684,2011-12-06 03:00:00,8.0000
07037500,37.194445,-90.503058,2011-12-15 18:30:00,2011-12-17 04:30:00,317.1487,2011-12-16 04:00:00,9.5000
07037500,37.194445,-90.503058,2012-03-16 11:00:00,2012-03-19 14:00:00,402.0992,2012-03-17 17:30:00,30.5000
07037500,37.194445,-90.503058,2012-04-05 14:00:00,2012-04-06 09:30:00,176.1308,2012-04-05 19:00:00,5.0000
07037500,37.194445,-90.503058,2013-01-13 05:30:00,2013-01-15 12:30:00,877.8222,2013-01-14 01:00:00,19.5000
07037500,37.194445,-90.503058,2013-01-31 02:00:00,2013-02-01 02:00:00,228.5170,2013-01-31 09:30:00,7.5000
07037500,37.194445,-90.503058,2013-02-26 17:30:00,2013-02-28 15:00:00,447.4062,2013-02-27 06:30:00,13.0000
07037500,37.194445,-90.503058,2013-03-18 09:30:00,2013-03-20 14:30:00,716.4162,2013-03-19 04:00:00,18.5000
07037500,37.194445,-90.503058,2013-04-12 05:30:00,2013-04-12 16:30:00,144.1327,2013-04-12 10:00:00,4.5000
07037500,37.194445,-90.503058,2013-04-19 11:30:00,2013-04-21 00:30:00,424.7527,2013-04-19 21:00:00,9.5000
07037500,37.194445,-90.503058,2013-04-25 03:00:00,2013-04-25 22:00:00,156.5922,2013-04-25 13:00:00,10.0000
07037500,37.194445,-90.503058,2013-04-27 17:30:00,2013-04-29 18:30:00,272.9744,2013-04-28 09:30:00,16.0000
07037500,37.194445,-90.503058,2013-05-03 21:30:00,2013-05-07 22:00:00,807.0301,2013-05-04 20:30:00,23.0000
07037500,37.194445,-90.503058,2013-06-01 10:30:00,2013-06-03 10:30:00,450.2379,2013-06-01 20:30:00,10.0000
07037500,37.194445,-90.503058,2013-08-07 13:30:00,2013-08-08 08:30:00,331.3071,2013-08-07 17:30:00,4.0000
07037500,37.194445,-90.503058,2013-08-10 05:00:00,2013-08-11 18:00:00,475.7230,2013-08-10 17:30:00,12.5000
07037500,37.194445,-90.503058,2013-11-01 02:00:00,2013-11-01 05:30:00,141.8674,2013-11-01 03:00:00,1.0000
07037500,37.194445,-90.503058,2013-11-22 09:30:00,2013-11-22 23:30:00,165.6536,2013-11-22 14:00:00,4.5000
07037500,37.194445,-90.503058,2013-12-21 11:30:00,2013-12-24 10:30:00,925.9609,2013-12-22 11:30:00,24.0000
07037500,37.194445,-90.503058,2014-01-11 14:30:00,2014-01-13 12:30:00,300.1586,2014-01-12 01:30:00,11.0000
07037500,37.194445,-90.503058,2014-04-14 21:00:00,2014-04-15 19:00:00,164.8040,2014-04-15 05:00:00,8.0000
07037500,37.194445,-90.503058,2014-04-28 04:00:00,2014-04-30 14:00:00,393.6042,2014-04-28 09:30:00,5.5000
07037500,37.194445,-90.503058,2014-05-15 08:00:00,2014-05-16 20:00:00,220.3051,2014-05-15 21:00:00,13.0000
07037500,37.194445,-90.503058,2014-12-06 19:30:00,2014-12-07 15:00:00,178.1130,2014-12-07 03:30:00,8.0000
07037500,37.194445,-90.503058,2015-01-03 18:30:00,2015-01-05 16:30:00,353.9606,2015-01-04 09:00:00,14.5000
07037500,37.194445,-90.503058,2015-03-09 16:30:00,2015-03-12 12:30:00,236.7288,2015-03-11 11:30:00,43.0000
07037500,37.194445,-90.503058,2015-03-13 22:30:00,2015-03-16 15:00:00,532.3567,2015-03-14 22:00:00,23.5000
07037500,37.194445,-90.503058,2015-03-26 08:00:00,2015-03-28 15:00:00,436.0794,2015-03-27 04:30:00,20.5000
07037500,37.194445,-90.503058,2015-04-03 15:30:00,2015-04-04 21:30:00,143.8496,2015-04-03 17:30:00,2.0000
07037500,37.194445,-90.503058,2015-04-09 19:30:00,2015-04-11 02:00:00,286.0002,2015-04-10 03:30:00,8.0000
07037500,37.194445,-90.503058,2015-05-11 15:30:00,2015-05-13 05:30:00,342.6338,2015-05-12 08:30:00,17.0000
07037500,37.194445,-90.503058,2015-05-16 06:00:00,2015-05-16 13:30:00,142.4337,2015-05-16 08:30:00,2.5000
07037500,37.194445,-90.503058,2015-05-28 11:00:00,2015-05-29 02:30:00,164.5209,2015-05-28 18:30:00,7.5000
07037500,37.194445,-90.503058,2015-05-30 21:30:00,2015-06-01 23:00:00,526.6933,2015-05-31 16:00:00,18.5000
07037500,37.194445,-90.503058,2015-06-17 23:30:00,2015-06-18 14:30:00,149.2298,2015-06-18 05:00:00,5.5000
07037500,37.194445,-90.503058,2015-06-20 01:30:00,2015-06-22 03:00:00,710.7528,2015-06-20 21:00:00,19.5000
07037500,37.194445,-90.503058,2015-07-10 17:30:00,2015-07-12 14:00:00,370.9507,2015-07-11 13:30:00,20.0000
07037500,37.194445,-90.503058,2015-08-11 10:30:00,2015-08-11 12:30:00,128.2753,2015-08-11 11:30:00,1.0000
07037500,37.194445,-90.503058,2015-11-18 03:30:00,2015-11-20 04:30:00,739.0697,2015-11-18 21:30:00,18.0000
07037500,37.194445,-90.503058,2015-11-28 05:00:00,2015-12-01 13:30:00,580.4954,2015-11-28 22:30:00,17.5000
07037500,37.194445,-90.503058,2015-12-24 04:00:00,2015-12-25 21:00:00,472.8913,2015-12-24 14:30:00,10.5000
07037500,37.194445,-90.503058,2015-12-27 13:30:00,2015-12-30 05:30:00,1526.2780,2015-12-29 08:30:00,43.0000
07037500,37.194445,-90.503058,2016-03-31 16:00:00,2016-04-02 04:30:00,225.6853,2016-04-01 03:00:00,11.0000
07037500,37.194445,-90.503058,2016-04-12 10:00:00,2016-04-13 08:00:00,179.8120,2016-04-12 16:30:00,6.5000
07037500,37.194445,-90.503058,2016-05-10 20:00:00,2016-05-14 20:00:00,665.4459,2016-05-13 10:00:00,62.0000
07037500,37.194445,-90.503058,2016-05-18 06:00:00,2016-05-19 22:30:00,353.9606,2016-05-18 18:00:00,12.0000
07037500,37.194445,-90.503058,2016-05-27 12:30:00,2016-05-30 01:30:00,569.1686,2016-05-28 10:30:00,22.0000
07030500,35.054167,-89.541111,2001-11-29 11:00:00,2001-12-03 12:45:00,679.6043,2001-11-30 12:00:00,25.0000
07030500,35.054167,-89.541111,2001-12-13 16:15:00,2001-12-15 14:15:00,201.3328,2001-12-14 17:00:00,24.7500
07030500,35.054167,-89.541111,2002-01-25 14:30:00,2002-01-27 17:30:00,225.6853,2002-01-26 09:15:00,18.7500
07030500,35.054167,-89.541111,2002-03-13 00:30:00,2002-03-13 20:15:00,167.0694,2002-03-13 01:45:00,1.2500
07030500,35.054167,-89.541111,2002-03-21 06:00:00,2002-03-22 19:15:00,222.2872,2002-03-21 09:45:00,3.7500
07030500,35.054167,-89.541111,2002-03-31 21:30:00,2002-04-03 04:30:00,216.3407,2002-04-01 15:15:00,17.7500
07030500,35.054167,-89.541111,2002-09-27 05:30:00,2002-09-30 15:00:00,302.9903,2002-09-27 19:00:00,13.5000
07030500,35.054167,-89.541111,2002-10-10 16:45:00,2002-10-12 04:45:00,365.2873,2002-10-11 00:15:00,7.5000
07030500,35.054167,-89.541111,2002-12-19 21:00:00,2002-12-22 05:15:00,393.6042,2002-12-20 19:00:00,22.0000
07030500,35.054167,-89.541111,2003-02-15 05:30:00,2003-02-17 20:30:00,319.9804,2003-02-16 01:30:00,20.0000
07030500,35.054167,-89.541111,2003-05-06 19:45:00,2003-05-09 01:15:00,342.6338,2003-05-07 14:00:00,18.2500
07030500,35.054167,-89.541111,2004-02-06 03:00:00,2004-02-08 19:30:00,247.2061,2004-02-06 21:30:00,18.5000
07030500,35.054167,-89.541111,2006-01-23 14:00:00,2006-01-25 03:00:00,206.7130,2006-01-24 11:30:00,21.5000
07030500,35.054167,-89.541111,2008-04-04 23:30:00,2008-04-06 13:30:00,195.6694,2008-04-05 06:00:00,6.5000
07030500,35.054167,-89.541111,2009-12-09 10:45:00,2009-12-10 21:45:00,182.6437,2009-12-10 12:45:00,26.0000
07030500,35.054167,-89.541111,2010-05-02 00:15:00,2010-05-05 15:30:00,605.9805,2010-05-03 15:30:00,39.2500
07030500,35.054167,-89.541111,2011-04-27 12:00:00,2011-04-30 17:30:00,832.5153,2011-04-28 07:00:00,19.0000
07030500,35.054167,-89.541111,2013-01-14 00:00:00,2013-01-17 06:30:00,410.5943,2013-01-15 01:30:00,25.5000
07030500,35.054167,-89.541111,2013-04-12 22:00:00,2013-04-13 19:45:00,174.4318,2013-04-13 03:15:00,5.2500
07030500,35.054167,-89.541111,2014-02-05 12:30:00,2014-02-07 16:15:00,227.1011,2014-02-06 16:15:00,27.7500
07030500,35.054167,-89.541111,2015-02-22 10:00:00,2015-02-24 09:15:00,243.2417,2015-02-23 10:15:00,24.2500
07030500,35.054167,-89.541111,2016-03-10 14:30:00,2016-03-13 23:30:00,693.7627,2016-03-11 11:00:00,20.5000
07029500,35.275025,-88.976391,1991-11-20 21:00:00,1991-11-25 01:00:00,90.6139,1991-11-23 01:30:00,52.5000
07029500,35.275025,-88.976391,1991-12-01 11:00:00,1992-01-06 12:30:00,1183.6442,1991-12-05 02:00:00,87.0000
07029500,35.275025,-88.976391,1992-03-10 02:30:00,1992-04-03 03:30:00,370.9507,1992-03-14 08:30:00,102.0000
07029500,35.275025,-88.976391,1992-04-21 02:00:00,1992-04-21 04:30:00,62.8634,1992-04-21 04:30:00,2.5000
07029500,35.275025,-88.976391,1992-04-23 05:00:00,1992-04-27 12:30:00,108.7367,1992-04-25 11:30:00,54.5000
07029500,35.275025,-88.976391,1992-06-05 06:00:00,1992-06-20 19:30:00,159.4238,1992-06-13 07:30:00,193.5000
07029500,35.275025,-88.976391,1992-07-06 23:00:00,1992-07-10 13:00:00,72.2080,1992-07-08 15:00:00,40.0000
07029500,35.275025,-88.976391,1992-08-03 18:00:00,1992-08-04 21:30:00,61.7307,1992-08-04 05:00:00,11.0000
07029500,35.275025,-88.976391,1992-08-30 19:00:00,1992-09-10 18:30:00,124.3110,1992-09-06 19:00:00,168.0000
07029500,35.275025,-88.976391,1992-09-18 20:30:00,1992-10-04 19:30:00,114.4001,1992-09-24 17:30:00,141.0000
07029500,35.275025,-88.976391,1992-11-16 09:30:00,1992-11-16 21:30:00,61.1644,1992-11-16 19:30:00,10.0000
07029500,35.275025,-88.976391,1992-11-22 16:00:00,1992-12-04 04:00:00,106.4713,1992-11-29 21:30:00,173.5000
07029500,35.275025,-88.976391,1992-12-12 18:00:00,1992-12-16 03:30:00,63.7129,1992-12-14 19:30:00,49.5000
07029500,35.275025,-88.976391,1992-12-21 01:00:00,1992-12-21 05:30:00,61.7307,1992-12-21 05:00:00,4.0000
07029500,35.275025,-88.976391,1993-04-17 05:00:00,1993-04-27 01:00:00,177.5466,1993-04-17 20:30:00,15.5000
07029500,35.275025,-88.976391,1993-09-29 06:00:00,1993-10-01 04:00:00,71.6416,1993-10-01 04:00:00,46.0000
07029500,35.275025,-88.976391,1993-12-08 06:00:00,1993-12-11 05:31:00,311.4853,1993-12-09 18:01:00,36.0167
07029500,35.275025,-88.976391,1993-12-16 06:00:00,1993-12-17 05:31:00,148.9466,1993-12-16 20:31:00,14.5167
07029500,35.275025,-88.976391,1993-12-18 06:00:00,1993-12-20 05:31:00,127.4258,1993-12-18 16:31:00,10.5167
07029500,35.275025,-88.976391,1994-01-14 06:00:00,1994-01-15 19:30:00,73.9070,1994-01-14 06:30:00,0.5000
07029500,35.275025,-88.976391,1994-02-16 06:00:00,1994-04-26 00:00:00,461.5646,1994-02-16 07:00:00,1.0000
07029500,35.275025,-88.976391,1994-06-27 03:00:00,1994-07-10 09:30:00,172.4496,1994-07-03 16:30:00,157.5000
07029500,35.275025,-88.976391,1994-07-18 01:30:00,1994-07-19 23:30:00,65.9783,1994-07-18 16:30:00,15.0000
07029500,35.275025,-88.976391,1994-10-16 10:00:00,1994-10-22 09:00:00,66.2614,1994-10-20 00:30:00,86.5000
07029500,35.275025,-88.976391,1994-11-08 19:30:00,1994-11-18 06:00:00,103.3565,1994-11-13 22:30:00,123.0000
07029500,35.275025,-88.976391,1995-02-17 20:00:00,1995-02-26 17:30:00,101.0911,1995-02-22 17:00:00,117.0000
07029500,35.275025,-88.976391,1995-03-06 02:00:00,1995-03-23 23:00:00,322.8121,1995-03-12 00:30:00,142.5000
07029500,35.275025,-88.976391,1995-03-27 14:30:00,1995-03-31 20:30:00,87.4991,1995-03-29 09:30:00,43.0000
07029500,35.275025,-88.976391,1995-04-24 22:00:00,1995-05-03 03:30:00,92.5961,1995-04-30 05:30:00,127.5000
07029500,35.275025,-88.976391,1995-05-19 02:00:00,1995-05-19 04:30:00,65.4119,1995-05-19 04:30:00,2.5000
07029500,35.275025,-88.976391,1995-06-04 00:00:00,1995-06-09 14:00:00,71.0753,1995-06-07 05:00:00,77.0000
07029500,35.275025,-88.976391,1995-08-06 17:30:00,1995-08-14 04:00:00,130.5407,1995-08-07 11:30:00,18.0000
07029500,35.275025,-88.976391,1995-11-08 12:30:00,1995-11-20 00:30:00,116.9486,1995-11-14 07:30:00,139.0000
07029500,35.275025,-88.976391,1995-12-18 13:30:00,1996-02-07 09:30:00,156.0258,1995-12-26 03:00:00,181.5000
07029500,35.275025,-88.976391,1996-02-10 03:30:00,1996-02-18 09:00:00,79.5703,1996-02-15 03:00:00,119.5000
07029500,35.275025,-88.976391,1996-02-20 07:30:00,1996-03-05 17:30:00,108.4535,1996-02-26 03:30:00,140.0000
07029500,35.275025,-88.976391,1996-04-21 01:00:00,1996-05-06 11:00:00,240.4100,1996-04-28 15:30:00,182.5000
07029500,35.275025,-88.976391,1996-05-08 15:30:00,1996-05-09 06:00:00,59.1822,1996-05-08 19:00:00,3.5000
07029500,35.275025,-88.976391,1996-05-13 01:30:00,1996-05-14 19:00:00,64.5624,1996-05-13 21:30:00,20.0000
07029500,35.275025,-88.976391,1996-05-30 00:30:00,1996-06-03 20:30:00,141.3011,1996-05-31 00:30:00,24.0000
07029500,35.275025,-88.976391,1996-06-09 14:30:00,1996-06-17 09:00:00,141.8674,1996-06-12 15:00:00,72.5000
07029500,35.275025,-88.976391,1996-07-31 11:00:00,1996-08-06 08:30:00,106.1882,1996-08-01 04:00:00,17.0000
07029500,35.275025,-88.976391,1996-09-22 21:00:00,1996-10-03 08:30:00,140.7347,1996-09-27 17:30:00,116.5000
07029500,35.275025,-88.976391,1996-10-28 04:00:00,1996-11-16 00:00:00,254.8516,1996-10-28 18:30:00,14.5000
07029500,35.275025,-88.976391,1996-11-18 12:00:00,1996-11-23 02:30:00,73.9070,1996-11-20 00:00:00,36.0000
07029500,35.275025,-88.976391,1997-04-06 01:00:00,1997-04-15 15:00:00,113.5506,1997-04-10 23:30:00,117.5000
07029500,35.275025,-88.976391,1997-04-29 00:00:00,1997-05-05 20:00:00,95.1446,1997-04-29 20:30:00,20.5000
07029500,35.275025,-88.976391,1997-05-29 09:30:00,1997-07-18 19:30:00,339.8022,1997-06-04 04:30:00,139.0000
07029500,35.275025,-88.976391,1997-08-11 13:30:00,1997-08-20 23:00:00,106.4713,1997-08-16 21:30:00,128.0000
07029500,35.275025,-88.976391,1997-09-24 18:00:00,1997-09-25 04:30:00,93.4456,1997-09-25 04:30:00,10.5000
07029500,35.275025,-88.976391,1997-10-26 14:30:00,1997-10-31 10:00:00,101.6575,1997-10-28 15:00:00,48.5000
07029500,35.275025,-88.976391,1997-12-13 06:00:00,1997-12-15 15:30:00,61.7307,1997-12-14 12:30:00,30.5000
07029500,35.275025,-88.976391,1998-12-11 05:30:00,1998-12-11 11:00:00,59.1822,1998-12-11 08:00:00,2.5000
07029500,35.275025,-88.976391,1998-12-12 19:30:00,1998-12-22 22:30:00,101.6575,1998-12-19 17:00:00,165.5000
07029500,35.275025,-88.976391,1999-04-16 08:00:00,1999-04-19 01:30:00,71.9248,1999-04-17 14:00:00,30.0000
07029500,35.275025,-88.976391,1999-06-27 10:00:00,1999-07-01 16:00:00,99.1090,1999-06-29 15:30:00,53.5000
07029500,35.275025,-88.976391,1999-11-02 09:00:00,1999-11-09 15:30:00,120.9129,1999-11-05 05:30:00,68.5000
07029500,35.275025,-88.976391,1999-12-13 08:30:00,1999-12-20 11:30:00,111.2852,1999-12-15 21:30:00,61.0000
07029500,35.275025,-88.976391,2000-02-17 00:30:00,2000-02-25 00:00:00,99.6753,2000-02-21 08:30:00,104.0000
07029500,35.275025,-88.976391,2000-02-28 11:30:00,2000-03-04 20:30:00,73.9070,2000-03-01 18:30:00,55.0000
07029500,35.275025,-88.976391,2000-03-20 04:00:00,2000-03-31 13:30:00,115.2496,2000-03-22 15:30:00,59.5000
07029500,35.275025,-88.976391,2000-04-03 16:30:00,2000-04-22 08:30:00,265.3289,2000-04-09 01:30:00,129.0000
07029500,35.275025,-88.976391,2000-04-24 23:00:00,2000-04-28 15:00:00,72.4911,2000-04-26 20:00:00,45.0000
07029500,35.275025,-88.976391,2000-12-17 20:00:00,2000-12-27 20:00:00,106.7545,2000-12-24 16:30:00,164.5000
07029500,35.275025,-88.976391,2001-01-20 14:00:00,2001-01-21 05:30:00,73.9070,2001-01-21 05:30:00,15.5000
07029500,35.275025,-88.976391,2001-01-24 06:00:00,2001-02-05 23:30:00,126.2931,2001-01-27 21:00:00,87.0000
07029500,35.275025,-88.976391,2001-02-14 06:00:00,2001-03-12 02:00:00,1025.0698,2001-02-18 21:00:00,111.0000
07029500,35.275025,-88.976391,2001-03-16 17:30:00,2001-03-21 07:00:00,71.0753,2001-03-18 20:00:00,50.5000
07029500,35.275025,-88.976391,2001-04-07 19:00:00,2001-04-08 09:30:00,59.1822,2001-04-07 20:00:00,1.0000
07029500,35.275025,-88.976391,2001-04-13 18:00:00,2001-04-29 05:30:00,139.0357,2001-04-18 20:30:00,122.5000
07029500,35.275025,-88.976391,2001-06-10 06:30:00,2001-06-12 22:00:00,64.2792,2001-06-11 16:00:00,33.5000
07029500,35.275025,-88.976391,2001-10-13 02:30:00,2001-10-28 23:00:00,470.0597,2001-10-18 20:30:00,138.0000
07029500,35.275025,-88.976391,2001-11-29 06:00:00,2002-01-03 17:45:00,1480.9711,2001-12-02 05:15:00,71.2500
07029500,35.275025,-88.976391,2002-01-08 05:45:00,2002-01-11 18:30:00,69.3763,2002-01-09 18:45:00,37.0000
07029500,35.275025,-88.976391,2002-01-19 22:15:00,2002-02-18 06:00:00,894.8124,2002-01-27 01:00:00,170.7500
07029500,35.275025,-88.976391,2002-02-20 14:45:00,2002-03-05 08:45:00,119.4971,2002-02-26 20:15:00,149.5000
07029500,35.275025,-88.976391,2002-03-28 06:00:00,2002-04-19 18:30:00,263.0635,2002-04-04 15:30:00,177.5000
07029500,35.275025,-88.976391,2002-05-04 10:30:00,2002-05-20 06:30:00,131.1070,2002-05-11 00:45:00,158.2500
07029500,35.275025,-88.976391,2002-05-31 13:45:00,2002-06-04 15:00:00,64.5624,2002-06-02 12:30:00,46.7500
07029500,35.275025,-88.976391,2002-09-27 00:00:00,2002-10-24 21:00:00,458.7329,2002-10-01 18:00:00,114.0000
07029500,35.275025,-88.976391,2002-11-05 23:00:00,2002-11-24 18:15:00,145.2654,2002-11-12 11:30:00,156.5000
07029500,35.275025,-88.976391,2002-12-05 14:00:00,2002-12-07 05:45:00,95.7109,2002-12-07 05:30:00,39.5000
07029500,35.275025,-88.976391,2002-12-13 06:00:00,2003-01-12 16:45:00,297.3269,2002-12-20 04:30:00,166.5000
07029500,35.275025,-88.976391,2003-03-19 08:45:00,2003-03-21 05:45:00,109.0199,2003-03-21 05:45:00,45.0000
07029500,35.275025,-88.976391,2003-03-22 06:00:00,2003-03-23 05:45:00,117.5149,2003-03-23 05:45:00,23.7500
07029500,35.275025,-88.976391,2003-03-24 06:00:00,2003-04-04 19:15:00,136.7704,2003-03-26 08:15:00,50.2500
07029500,35.275025,-88.976391,2003-04-07 01:45:00,2003-04-19 06:45:00,141.3011,2003-04-12 20:00:00,138.2500
07029500,35.275025,-88.976391,2003-04-21 07:45:00,2003-04-23 15:45:00,75.3228,2003-04-22 03:00:00,19.2500
07029500,35.275025,-88.976391,2003-04-26 14:45:00,2003-05-03 12:00:00,82.1189,2003-04-30 14:45:00,96.0000
07029500,35.275025,-88.976391,2003-05-06 10:45:00,2003-05-31 12:15:00,453.0695,2003-05-09 15:15:00,76.5000
07029500,35.275025,-88.976391,2003-07-23 11:45:00,2003-07-26 13:30:00,71.9248,2003-07-25 03:00:00,39.2500
07029500,35.275025,-88.976391,2003-07-31 20:15:00,2003-08-03 22:15:00,71.3585,2003-08-01 11:45:00,15.5000
07029500,35.275025,-88.976391,2003-08-06 06:15:00,2003-08-17 05:15:00,111.8515,2003-08-08 19:15:00,61.0000
07029500,35.275025,-88.976391,2003-09-24 04:45:00,2003-09-29 01:15:00,77.3050,2003-09-25 15:45:00,35.0000
07029500,35.275025,-88.976391,2003-11-18 22:15:00,2003-12-19 21:15:00,129.1248,2003-11-20 17:15:00,43.0000
07029500,35.275025,-88.976391,2003-12-25 18:15:00,2003-12-28 17:15:00,65.1287,2003-12-26 20:00:00,25.7500
07029500,35.275025,-88.976391,2003-12-30 04:15:00,2004-01-08 04:45:00,85.5169,2004-01-02 15:45:00,83.5000
07029500,35.275025,-88.976391,2004-05-16 02:15:00,2004-05-25 21:30:00,90.6139,2004-05-22 17:15:00,159.0000
07029500,35.275025,-88.976391,2004-08-04 06:15:00,2004-08-09 16:30:00,76.7387,2004-08-07 16:30:00,82.2500
07029500,35.275025,-88.976391,2004-10-20 10:00:00,2004-11-12 03:45:00,132.2397,2004-10-27 15:45:00,173.7500
07029500,35.275025,-88.976391,2005-02-04 10:15:00,2005-02-14 04:58:56,70.5089,2005-02-10 20:00:00,153.7500
07029500,35.275025,-88.976391,2005-02-20 22:15:00,2005-03-16 14:30:00,216.6239,2005-02-26 05:00:00,126.7500
07029500,35.275025,-88.976391,2005-06-13 02:30:00,2005-06-22 09:30:00,89.7644,2005-06-19 16:00:00,157.5000
07029500,35.275025,-88.976391,2005-07-18 02:30:00,2005-07-26 21:00:00,87.7822,2005-07-23 16:00:00,133.5000
07029500,35.275025,-88.976391,2005-08-31 14:30:00,2005-09-10 20:30:00,104.4892,2005-09-07 18:00:00,171.5000
07029500,35.275025,-88.976391,2005-10-02 15:30:00,2005-10-04 18:00:00,61.7307,2005-10-03 17:00:00,25.5000
07029500,35.275025,-88.976391,2006-03-13 20:00:00,2006-03-16 10:00:00,64.2792,2006-03-14 17:00:00,21.0000
07029500,35.275025,-88.976391,2006-03-20 20:30:00,2006-03-31 07:30:00,121.4793,2006-03-26 20:00:00,143.5000
07029500,35.275025,-88.976391,2006-04-10 09:30:00,2006-04-18 08:30:00,97.6931,2006-04-15 16:00:00,126.5000
07029500,35.275025,-88.976391,2006-04-21 15:30:00,2006-04-25 18:30:00,82.9684,2006-04-22 03:00:00,11.5000
07029500,35.275025,-88.976391,2006-04-28 19:00:00,2006-04-29 06:30:00,59.1822,2006-04-28 21:00:00,2.0000
07029500,35.275025,-88.976391,2006-05-11 13:30:00,2006-05-18 20:00:00,85.2337,2006-05-15 20:00:00,102.5000
07029500,35.275025,-88.976391,2007-01-05 06:00:00,2007-01-09 05:00:00,159.4238,2007-01-09 05:00:00,95.0000
07029500,35.275025,-88.976391,2007-01-11 06:00:00,2007-01-28 22:30:00,222.0041,2007-01-11 08:30:00,2.5000
07029500,35.275025,-88.976391,2007-04-15 04:00:00,2007-04-21 06:00:00,96.8436,2007-04-17 00:00:00,44.0000
07029500,35.275025,-88.976391,2007-10-25 22:30:00,2007-10-30 10:30:00,72.7743,2007-10-27 18:00:00,43.5000
07029500,35.275025,-88.976391,2007-12-17 12:30:00,2007-12-19 20:00:00,61.7307,2007-12-18 13:00:00,24.5000
07029500,35.275025,-88.976391,2007-12-21 23:00:00,2008-01-07 06:30:00,114.1169,2007-12-29 05:30:00,174.5000
07029500,35.275025,-88.976391,2008-01-11 19:30:00,2008-01-19 16:30:00,73.3406,2008-01-16 14:00:00,114.5000
07029500,35.275025,-88.976391,2008-05-28 06:00:00,2008-06-06 14:00:00,126.8595,2008-05-29 09:00:00,27.0000
07029500,35.275025,-88.976391,2008-12-10 10:00:00,2009-01-15 05:30:00,139.8852,2008-12-18 18:30:00,200.5000
07029500,35.275025,-88.976391,2009-03-01 09:00:00,2009-03-12 18:00:00,124.3110,2009-03-07 18:30:00,153.5000
07029500,35.275025,-88.976391,2009-04-20 16:30:00,2009-04-28 04:00:00,86.0832,2009-04-22 11:00:00,42.5000
07029500,35.275025,-88.976391,2009-06-15 18:00:00,2009-06-21 03:30:00,76.1723,2009-06-16 23:00:00,29.0000
07029500,35.275025,-88.976391,2009-12-01 09:00:00,2010-01-01 05:30:00,216.6239,2009-12-09 10:00:00,193.0000
07029500,35.275025,-88.976391,2010-01-17 18:30:00,2010-03-02 17:00:00,294.4952,2010-01-24 15:00:00,164.5000
07029500,35.275025,-88.976391,2011-02-05 06:00:00,2011-02-10 05:30:00,94.2951,2011-02-08 18:30:00,84.5000
07029500,35.275025,-88.976391,2011-11-30 08:00:00,2011-12-03 01:00:00,62.8634,2011-12-01 17:00:00,33.0000
07029500,35.275025,-88.976391,2011-12-05 22:30:00,2011-12-14 19:30:00,131.6733,2011-12-07 23:00:00,48.5000
07029500,35.275025,-88.976391,2011-12-23 00:00:00,2012-01-05 15:30:00,128.5585,2011-12-29 06:30:00,150.5000
07029500,35.275025,-88.976391,2012-02-21 17:30:00,2012-02-26 19:30:00,74.7565,2012-02-24 01:30:00,56.0000
07029500,35.275025,-88.976391,2012-03-09 13:30:00,2012-04-10 04:30:00,180.6615,2012-03-17 03:30:00,181.0000
07029500,35.275025,-88.976391,2012-04-23 08:30:00,2012-04-24 00:00:00,60.8812,2012-04-23 15:00:00,6.5000
07029500,35.275025,-88.976391,2013-01-30 15:30:00,2013-03-06 21:00:00,126.8595,2013-02-01 13:30:00,46.0000
07029500,35.275025,-88.976391,2013-03-11 09:00:00,2013-04-06 04:30:00,198.7843,2013-03-16 12:30:00,123.5000
07029500,35.275025,-88.976391,2013-04-11 18:30:00,2013-05-03 02:30:00,317.1487,2013-04-16 02:00:00,103.5000
07029500,35.275025,-88.976391,2013-05-04 11:00:00,2013-05-15 19:00:00,93.7288,2013-05-11 03:00:00,160.0000
07029500,35.275025,-88.976391,2013-05-18 02:00:00,2013-05-20 14:00:00,68.5268,2013-05-18 11:00:00,9.0000
07029500,35.275025,-88.976391,2013-05-23 05:00:00,2013-06-01 23:00:00,142.1506,2013-05-27 18:30:00,109.5000
07029500,35.275025,-88.976391,2013-06-12 10:00:00,2013-06-12 20:30:00,59.4654,2013-06-12 15:30:00,5.5000
07029500,35.275025,-88.976391,2013-12-07 16:00:00,2013-12-09 05:30:00,101.6575,2013-12-09 05:30:00,37.5000
07029500,35.275025,-88.976391,2013-12-12 06:00:00,2013-12-17 05:30:00,118.6476,2013-12-16 12:00:00,102.0000
07029500,35.275025,-88.976391,2013-12-20 06:00:00,2014-01-02 03:30:00,93.7288,2013-12-24 17:30:00,107.5000
07029500,35.275025,-88.976391,2014-01-11 20:00:00,2014-01-21 11:30:00,109.5862,2014-01-14 12:00:00,64.0000
07029500,35.275025,-88.976391,2014-02-03 15:30:00,2014-02-28 09:00:00,342.6338,2014-02-09 02:30:00,131.0000
07029500,35.275025,-88.976391,2014-03-03 06:00:00,2014-03-12 20:30:00,174.1486,2014-03-03 18:00:00,12.0000
07029500,35.275025,-88.976391,2014-03-30 05:30:00,2014-04-02 04:30:00,70.2258,2014-03-31 15:00:00,33.5000
07029500,35.275025,-88.976391,2014-04-07 13:00:00,2014-04-14 21:00:00,72.4911,2014-04-09 10:00:00,45.0000
07029500,35.275025,-88.976391,2014-04-28 21:30:00,2014-05-09 01:00:00,133.0892,2014-05-02 03:00:00,77.5000
07029500,35.275025,-88.976391,2014-06-09 02:00:00,2014-06-22 14:00:00,319.9804,2014-06-13 11:30:00,105.5000
07029500,35.275025,-88.976391,2014-06-30 03:30:00,2014-07-03 21:00:00,119.2139,2014-07-01 09:30:00,30.0000
07029500,35.275025,-88.976391,2014-07-09 06:30:00,2014-07-24 15:00:00,205.8635,2014-07-15 11:30:00,149.0000
07029500,35.275025,-88.976391,2014-08-10 08:00:00,2014-08-13 07:00:00,67.9604,2014-08-12 04:30:00,44.5000
07029500,35.275025,-88.976391,2014-12-06 11:00:00,2014-12-16 17:00:00,109.5862,2014-12-08 12:30:00,49.5000
07029500,35.275025,-88.976391,2014-12-28 15:30:00,2015-01-13 20:00:00,94.2951,2015-01-04 00:00:00,152.5000
07029500,35.275025,-88.976391,2015-01-14 22:00:00,2015-01-19 04:30:00,63.1466,2015-01-17 06:30:00,56.5000
07029500,35.275025,-88.976391,2015-02-21 20:30:00,2015-05-05 17:30:00,308.6536,2015-02-26 08:00:00,107.5000
07029500,35.275025,-88.976391,2015-05-18 09:00:00,2015-05-19 00:30:00,60.8812,2015-05-18 14:30:00,5.5000
07029500,35.275025,-88.976391,2015-05-27 15:30:00,2015-06-07 16:00:00,119.7803,2015-06-03 03:00:00,155.5000
07029500,35.275025,-88.976391,2015-06-09 07:30:00,2015-06-11 16:30:00,70.2258,2015-06-10 10:30:00,27.0000
07029500,35.275025,-88.976391,2015-06-28 16:00:00,2015-06-30 01:30:00,65.1287,2015-06-29 09:30:00,17.5000
07029500,35.275025,-88.976391,2015-08-08 21:30:00,2015-08-09 04:00:00,59.1822,2015-08-09 01:30:00,4.0000
07029500,35.275025,-88.976391,2015-11-19 18:30:00,2015-11-25 12:00:00,73.0575,2015-11-21 08:00:00,37.5000
07029500,35.275025,-88.976391,2015-12-01 03:30:00,2015-12-10 06:00:00,107.0377,2015-12-03 16:00:00,60.5000
07029500,35.275025,-88.976391,2015-12-23 06:30:00,2016-01-14 05:30:00,498.3765,2015-12-30 19:30:00,181.0000
07029500,35.275025,-88.976391,2016-01-23 23:00:00,2016-02-11 19:00:00,127.9921,2016-01-30 01:00:00,146.0000
07029500,35.275025,-88.976391,2016-02-16 00:00:00,2016-03-08 19:30:00,193.6872,2016-02-21 08:00:00,128.0000
07029500,35.275025,-88.976391,2016-03-10 10:00:00,2016-03-26 04:30:00,288.8318,2016-03-11 18:00:00,32.0000
07029500,35.275025,-88.976391,2016-03-31 12:30:00,2016-04-23 23:30:00,206.9961,2016-04-06 05:00:00,136.5000
07029500,35.275025,-88.976391,2016-05-02 00:00:00,2016-05-08 05:00:00,91.4634,2016-05-04 16:00:00,64.0000
07035000,37.559187,-90.312779,1994-11-05 16:30:00,1994-11-05 18:45:00,117.2317,1994-11-05 17:30:00,1.0000
07035000,37.559187,-90.312779,1996-04-22 11:00:00,1996-04-23 18:00:00,267.5942,1996-04-22 18:00:00,7.0000
07035000,37.559187,-90.312779,1996-11-25 12:30:00,1996-11-26 02:45:00,111.0020,1996-11-25 15:15:00,2.7500
07035000,37.559187,-90.312779,1997-02-27 08:30:00,1997-02-27 10:30:00,105.9050,1997-02-27 09:30:00,1.0000
07035000,37.559187,-90.312779,1997-05-31 01:30:00,1997-05-31 10:30:00,150.3625,1997-05-31 04:00:00,2.5000
07035000,37.559187,-90.312779,2003-11-18 14:30:00,2003-11-18 22:00:00,120.3466,2003-11-18 19:30:00,5.0000
07035000,37.559187,-90.312779,2005-11-28 11:30:00,2005-11-28 17:00:00,126.0100,2005-11-28 14:30:00,3.0000
07035000,37.559187,-90.312779,2008-02-17 14:00:00,2008-02-17 23:00:00,127.1426,2008-02-17 18:30:00,4.5000
07035000,37.559187,-90.312779,2008-03-18 14:45:00,2008-03-19 22:30:00,336.9705,2008-03-19 02:30:00,11.7500
07035000,37.559187,-90.312779,2008-04-01 04:00:00,2008-04-01 12:30:00,136.7704,2008-04-01 09:45:00,5.7500
07035000,37.559187,-90.312779,2008-04-10 14:30:00,2008-04-11 08:15:00,274.9566,2008-04-10 23:45:00,9.2500
07035000,37.559187,-90.312779,2009-02-11 11:30:00,2009-02-11 19:00:00,149.5130,2009-02-11 13:30:00,2.0000
07035000,37.559187,-90.312779,2009-04-20 07:15:00,2009-04-20 08:45:00,105.3387,2009-04-20 07:45:00,0.5000
07035000,37.559187,-90.312779,2009-10-30 07:30:00,2009-10-31 05:15:00,246.9229,2009-10-30 19:15:00,11.7500
07035000,37.559187,-90.312779,2009-12-24 21:00:00,2009-12-25 11:45:00,191.9882,2009-12-25 03:45:00,6.7500
07035000,37.559187,-90.312779,2011-04-23 11:45:00,2011-04-26 17:30:00,424.7527,2011-04-26 07:30:00,67.7500
07035000,37.559187,-90.312779,2011-04-27 22:00:00,2011-04-28 09:00:00,166.7862,2011-04-28 00:30:00,2.5000
07035000,37.559187,-90.312779,2011-05-02 05:00:00,2011-05-02 17:30:00,190.5724,2011-05-02 09:30:00,4.5000
07035000,37.559187,-90.312779,2012-03-16 22:00:00,2012-03-17 04:30:00,126.0100,2012-03-17 01:30:00,3.5000
07035000,37.559187,-90.312779,2013-01-13 04:00:00,2013-01-13 16:00:00,163.6714,2013-01-13 09:00:00,5.0000
07035000,37.559187,-90.312779,2013-03-18 06:30:00,2013-03-18 15:00:00,127.1426,2013-03-18 12:00:00,5.5000
07035000,37.559187,-90.312779,2013-05-03 22:30:00,2013-05-04 10:30:00,165.6536,2013-05-04 03:00:00,4.5000
07035000,37.559187,-90.312779,2013-12-21 19:30:00,2013-12-22 05:30:00,124.3110,2013-12-22 01:00:00,5.5000
07035000,37.559187,-90.312779,2015-04-09 06:00:00,2015-04-09 12:30:00,175.2813,2015-04-09 09:00:00,3.0000
07035000,37.559187,-90.312779,2015-06-19 20:30:00,2015-06-20 07:00:00,152.3446,2015-06-20 00:00:00,3.5000
07035000,37.559187,-90.312779,2015-11-18 08:30:00,2015-11-18 11:00:00,113.5506,2015-11-18 09:30:00,1.0000
07035000,37.559187,-90.312779,2015-12-27 17:30:00,2015-12-29 08:00:00,291.6635,2015-12-28 19:00:00,25.5000
07035000,37.559187,-90.312779,2016-05-12 12:00:00,2016-05-12 19:00:00,133.6555,2016-05-12 16:00:00,4.0000
07289350,33.194444,-89.771111,1986-10-25 03:00:00,1986-10-27 08:30:00,73.6238,1986-10-26 06:00:00,28.0000
07289350,33.194444,-89.771111,1986-11-09 08:00:00,1986-11-14 15:00:00,127.7090,1986-11-11 03:30:00,43.5000
07289350,33.194444,-89.771111,1986-11-23 00:30:00,1986-12-02 21:00:00,322.8121,1986-11-27 06:30:00,102.0000
07289350,33.194444,-89.771111,1986-12-24 13:00:00,1986-12-25 14:30:00,59.4654,1986-12-24 21:30:00,8.5000
07289350,33.194444,-89.771111,1986-12-27 04:30:00,1986-12-29 09:30:00,65.4119,1986-12-28 10:30:00,30.0000
07289350,33.194444,-89.771111,1987-01-18 17:00:00,1987-01-24 05:30:00,300.1586,1987-01-21 21:00:00,76.0000
07289350,33.194444,-89.771111,1987-01-29 06:00:00,1987-01-29 16:30:00,56.9169,1987-01-29 07:00:00,1.0000
07289350,33.194444,-89.771111,1987-02-07 08:00:00,1987-02-12 12:00:00,85.8000,1987-02-08 16:30:00,32.5000
07289350,33.194444,-89.771111,1987-03-08 20:30:00,1987-03-15 17:30:00,209.5447,1987-03-12 08:30:00,84.0000
07289350,33.194444,-89.771111,1987-03-18 11:00:00,1987-03-24 08:30:00,124.3110,1987-03-19 16:30:00,29.5000
07289350,33.194444,-89.771111,1987-12-27 19:00:00,1987-12-31 17:00:00,88.9149,1987-12-29 14:00:00,43.0000
07289350,33.194444,-89.771111,1988-01-20 08:00:00,1988-01-22 18:00:00,72.7743,1988-01-21 08:00:00,24.0000
07289350,33.194444,-89.771111,1988-02-03 02:30:00,1988-02-09 17:30:00,131.6733,1988-02-07 08:00:00,101.5000
07289350,33.194444,-89.771111,1988-02-15 19:00:00,1988-02-21 03:00:00,69.9426,1988-02-19 22:30:00,99.5000
07289350,33.194444,-89.771111,1988-03-09 16:00:00,1988-03-13 05:30:00,80.9862,1988-03-10 20:30:00,28.5000
07289350,33.194444,-89.771111,1988-03-31 20:00:00,1988-04-09 06:00:00,179.2456,1988-04-04 03:00:00,78.0000
07289350,33.194444,-89.771111,1988-11-21 04:00:00,1988-11-21 09:30:00,56.3505,1988-11-21 06:30:00,2.5000
07289350,33.194444,-89.771111,1988-12-29 06:00:00,1989-01-07 04:30:00,172.1664,1989-01-01 18:30:00,84.5000
07289350,33.194444,-89.771111,1989-01-10 19:00:00,1989-01-22 03:00:00,852.3371,1989-01-14 22:00:00,99.0000
07289350,33.194444,-89.771111,1989-02-09 19:00:00,1989-02-11 12:30:00,59.4654,1989-02-10 11:00:00,16.0000
07289350,33.194444,-89.771111,1989-02-19 00:00:00,1989-03-13 11:30:00,430.4161,1989-02-22 05:00:00,77.0000
07289350,33.194444,-89.771111,1989-03-21 23:30:00,1989-03-28 04:00:00,84.6674,1989-03-26 06:30:00,103.0000
07289350,33.194444,-89.771111,1989-03-30 07:30:00,1989-04-12 10:30:00,436.0794,1989-04-05 18:00:00,153.5000
07289350,33.194444,-89.771111,1989-05-05 16:00:00,1989-05-26 20:30:00,280.6199,1989-05-10 18:30:00,122.5000
07289350,33.194444,-89.771111,1989-06-30 14:30:00,1989-07-14 07:30:00,376.6141,1989-07-02 18:30:00,52.0000
07289350,33.194444,-89.771111,1989-08-07 08:00:00,1989-08-08 22:00:00,65.4119,1989-08-08 05:00:00,21.0000
07289350,33.194444,-89.771111,1989-09-25 22:00:00,1989-09-27 08:30:00,69.0931,1989-09-26 19:30:00,21.5000
07289350,33.194444,-89.771111,1989-09-30 12:30:00,1989-10-03 04:00:00,82.4020,1989-10-01 21:30:00,33.0000
07289350,33.194444,-89.771111,1989-11-07 06:00:00,1989-11-13 07:30:00,85.8000,1989-11-08 16:00:00,34.0000
07289350,33.194444,-89.771111,1989-11-23 01:30:00,1989-11-29 09:00:00,93.4456,1989-11-24 17:30:00,40.0000
07289350,33.194444,-89.771111,1989-12-31 23:30:00,1990-01-15 03:30:00,305.8219,1990-01-09 02:00:00,194.5000
07289350,33.194444,-89.771111,1990-01-18 15:00:00,1990-02-28 23:30:00,410.5943,1990-01-21 19:30:00,76.5000
07289350,33.194444,-89.771111,1990-03-02 08:30:00,1990-03-16 03:30:00,368.1190,1990-03-05 07:00:00,70.5000
07289350,33.194444,-89.771111,1990-03-18 23:30:00,1990-03-21 02:00:00,62.5802,1990-03-20 00:30:00,25.0000
07289350,33.194444,-89.771111,1990-04-28 16:00:00,1990-05-03 22:00:00,91.7466,1990-05-02 11:30:00,91.5000
07289350,33.194444,-89.771111,1990-05-27 19:30:00,1990-05-29 23:00:00,92.8793,1990-05-29 03:30:00,32.0000
07289350,33.194444,-89.771111,1990-06-03 15:00:00,1990-06-09 14:30:00,362.4556,1990-06-04 17:00:00,26.0000
07289350,33.194444,-89.771111,1990-12-21 02:30:00,1991-01-08 16:00:00,959.9411,1990-12-23 23:30:00,69.0000
07289350,33.194444,-89.771111,1991-01-10 22:00:00,1991-01-12 05:30:00,83.2515,1991-01-12 05:30:00,31.5000
07289350,33.194444,-89.771111,1991-01-13 06:00:00,1991-01-14 05:30:00,79.5703,1991-01-14 05:30:00,23.5000
07289350,33.194444,-89.771111,1991-02-06 17:00:00,1991-02-12 06:30:00,110.1525,1991-02-10 07:30:00,86.5000
07289350,33.194444,-89.771111,1991-02-18 20:30:00,1991-02-25 05:30:00,841.0103,1991-02-21 08:00:00,59.5000
07289350,33.194444,-89.771111,1991-03-29 09:00:00,1991-04-06 01:30:00,421.9210,1991-03-31 20:30:00,59.5000
07289350,33.194444,-89.771111,1991-04-09 18:00:00,1991-04-09 22:30:00,56.0674,1991-04-09 19:00:00,1.0000
07289350,33.194444,-89.771111,1991-04-11 22:00:00,1991-04-24 16:30:00,778.7133,1991-04-15 23:30:00,97.5000
07289350,33.194444,-89.771111,1991-04-28 05:30:00,1991-05-17 22:00:00,1398.8522,1991-04-30 10:00:00,52.5000
07289350,33.194444,-89.771111,1991-05-20 11:00:00,1991-05-21 11:00:00,57.7664,1991-05-21 03:00:00,16.0000
07289350,33.194444,-89.771111,1991-05-27 07:30:00,1991-06-04 06:00:00,1101.5253,1991-05-29 08:00:00,48.5000
07289350,33.194444,-89.771111,1994-01-18 03:00:00,1994-01-20 00:30:00,69.9426,1994-01-18 22:00:00,19.0000
07289350,33.194444,-89.771111,1994-01-27 23:00:00,1994-02-04 13:00:00,351.1289,1994-01-31 06:00:00,79.0000
07289350,33.194444,-89.771111,1994-02-10 16:30:00,1994-02-19 07:00:00,841.0103,1994-02-12 21:30:00,53.0000
07289350,33.194444,-89.771111,1994-03-27 23:00:00,1994-04-04 12:00:00,416.2576,1994-03-31 01:00:00,74.0000
07289350,33.194444,-89.771111,1994-04-06 23:30:00,1994-04-07 22:30:00,60.0317,1994-04-07 09:00:00,9.5000
07289350,33.194444,-89.771111,1994-07-18 11:30:00,1994-07-19 03:00:00,57.2000,1994-07-18 18:30:00,7.0000
07289350,33.194444,-89.771111,1994-12-11 13:30:00,1994-12-12 04:00:00,57.4832,1994-12-11 19:00:00,5.5000
07289350,33.194444,-89.771111,1994-12-14 02:30:00,1994-12-18 09:30:00,61.7307,1994-12-15 02:30:00,24.0000
07289350,33.194444,-89.771111,1994-12-26 08:00:00,1994-12-27 20:30:00,59.4654,1994-12-27 00:00:00,16.0000
07289350,33.194444,-89.771111,1995-01-07 15:00:00,1995-01-08 13:00:00,59.1822,1995-01-07 23:00:00,8.0000
07289350,33.194444,-89.771111,1995-01-10 02:30:00,1995-01-12 07:30:00,64.2792,1995-01-11 09:00:00,30.5000
07289350,33.194444,-89.771111,1995-01-19 01:30:00,1995-01-28 01:00:00,438.9111,1995-01-22 05:30:00,76.0000
07289350,33.194444,-89.771111,1995-02-16 20:30:00,1995-02-24 08:30:00,328.4754,1995-02-20 00:00:00,75.5000
07289350,33.194444,-89.771111,1995-03-02 05:30:00,1995-03-23 11:00:00,464.3963,1995-03-09 01:30:00,164.0000
07289350,33.194444,-89.771111,1995-04-21 02:30:00,1995-05-01 11:30:00,1345.0502,1995-04-24 04:00:00,73.5000
07289350,33.194444,-89.771111,1995-06-02 21:00:00,1995-06-04 13:00:00,63.1466,1995-06-03 12:30:00,15.5000
07289350,33.194444,-89.771111,1995-08-07 04:30:00,1995-08-07 17:30:00,56.0674,1995-08-07 08:30:00,4.0000
07289350,33.194444,-89.771111,1995-08-08 22:00:00,1995-08-11 03:30:00,65.1287,1995-08-10 07:30:00,33.5000
07289350,33.194444,-89.771111,1995-12-18 06:00:00,1995-12-25 22:00:00,227.1011,1995-12-22 09:00:00,99.0000
07289350,33.194444,-89.771111,1996-01-03 02:30:00,1996-01-16 18:30:00,90.0476,1996-01-11 05:00:00,194.5000
07289350,33.194444,-89.771111,1996-01-25 00:30:00,1996-02-04 05:30:00,260.7982,1996-01-30 16:30:00,136.0000
07289350,33.194444,-89.771111,1996-03-22 05:00:00,1996-04-01 16:00:00,142.4337,1996-03-29 17:00:00,180.0000
07289350,33.194444,-89.771111,1996-04-15 11:00:00,1996-04-19 17:00:00,84.9505,1996-04-16 17:30:00,30.5000
07289350,33.194444,-89.771111,1996-04-21 11:30:00,1996-04-30 09:00:00,583.3270,1996-04-24 04:30:00,65.0000
07289350,33.194444,-89.771111,1996-05-28 19:00:00,1996-05-28 23:00:00,57.7664,1996-05-28 20:30:00,1.5000
07289350,33.194444,-89.771111,1996-06-02 11:30:00,1996-06-02 16:30:00,56.6337,1996-06-02 14:00:00,2.5000
07289350,33.194444,-89.771111,1996-12-17 07:00:00,1996-12-23 20:30:00,122.6119,1996-12-21 17:30:00,106.5000
07289350,33.194444,-89.771111,1996-12-27 14:00:00,1997-01-02 22:00:00,95.4278,1996-12-31 19:30:00,101.5000
07289350,33.194444,-89.771111,1997-01-07 20:00:00,1997-01-20 19:30:00,291.6635,1997-01-12 14:30:00,114.5000
07289350,33.194444,-89.771111,1997-01-24 10:30:00,1997-02-04 08:30:00,260.7982,1997-01-29 08:00:00,117.5000
07289350,33.194444,-89.771111,1997-02-08 01:00:00,1997-02-20 08:00:00,156.5922,1997-02-14 21:30:00,164.5000
07289350,33.194444,-89.771111,1997-03-19 18:00:00,1997-03-24 18:30:00,69.9426,1997-03-23 08:00:00,86.0000
07289350,33.194444,-89.771111,1997-04-27 18:30:00,1997-05-11 07:30:00,450.2379,1997-05-05 20:00:00,193.5000
07289350,33.194444,-89.771111,1997-05-28 05:30:00,1997-06-06 20:30:00,272.4081,1997-06-01 15:30:00,106.0000
07289350,33.194444,-89.771111,1997-06-10 05:00:00,1997-06-18 06:30:00,563.5052,1997-06-11 09:30:00,28.5000
07289350,33.194444,-89.771111,1997-06-30 08:30:00,1997-07-05 04:30:00,75.0396,1997-07-03 14:00:00,77.5000
07289350,33.194444,-89.771111,1997-12-24 10:30:00,1998-01-01 00:30:00,181.7942,1997-12-28 14:30:00,100.0000
07289350,33.194444,-89.771111,1998-01-07 21:30:00,1998-01-15 21:00:00,190.2892,1998-01-11 22:30:00,97.0000
07289350,33.194444,-89.771111,1998-01-22 18:30:00,1998-01-29 06:30:00,75.3228,1998-01-24 00:00:00,29.5000
07289350,33.194444,-89.771111,1998-03-07 22:30:00,1998-03-15 10:00:00,345.4655,1998-03-11 06:00:00,79.5000
07289350,33.194444,-89.771111,1998-03-17 10:00:00,1998-03-24 08:00:00,119.7803,1998-03-18 23:00:00,37.0000
07289350,33.194444,-89.771111,1998-05-29 15:00:00,1998-06-04 18:00:00,359.6240,1998-05-30 21:00:00,30.0000
07289350,33.194444,-89.771111,1998-12-12 14:30:00,1998-12-19 15:00:00,339.8022,1998-12-13 20:30:00,30.0000
07289350,33.194444,-89.771111,1998-12-23 14:30:00,1999-01-16 11:00:00,376.6141,1998-12-29 10:00:00,139.5000
07289350,33.194444,-89.771111,1999-01-22 23:00:00,1999-01-28 05:30:00,580.4954,1999-01-24 00:30:00,25.5000
07289350,33.194444,-89.771111,1999-01-30 06:00:00,1999-02-07 03:00:00,535.1884,1999-01-31 05:00:00,23.0000
07289350,33.194444,-89.771111,1999-03-03 05:30:00,1999-03-20 09:30:00,196.8021,1999-03-06 22:00:00,88.5000
07289350,33.194444,-89.771111,1999-04-15 18:00:00,1999-04-21 03:00:00,95.1446,1999-04-19 12:00:00,90.0000
07289350,33.194444,-89.771111,1999-05-06 06:30:00,1999-05-13 19:30:00,538.0201,1999-05-07 05:00:00,22.5000
07289350,33.194444,-89.771111,2000-11-10 02:00:00,2000-11-11 09:00:00,65.1287,2000-11-10 16:30:00,14.5000
07289350,33.194444,-89.771111,2000-11-24 20:00:00,2000-11-30 20:00:00,158.5743,2000-11-26 09:00:00,37.0000
07289350,33.194444,-89.771111,2000-12-27 15:00:00,2001-01-02 14:30:00,127.7090,2000-12-29 06:00:00,39.0000
07289350,33.194444,-89.771111,2001-01-12 08:30:00,2001-01-13 06:30:00,58.0495,2001-01-12 18:30:00,10.0000
07289350,33.194444,-89.771111,2001-01-18 14:30:00,2001-01-28 01:00:00,1078.8719,2001-01-20 17:30:00,51.0000
07289350,33.194444,-89.771111,2001-01-30 15:00:00,2001-02-01 01:00:00,60.0317,2001-01-31 02:30:00,11.5000
07289350,33.194444,-89.771111,2001-02-02 03:00:00,2001-02-03 20:00:00,58.8990,2001-02-03 01:30:00,22.5000
07289350,33.194444,-89.771111,2001-02-12 20:30:00,2001-02-24 12:00:00,489.8814,2001-02-17 18:00:00,117.5000
07289350,33.194444,-89.771111,2001-02-28 03:00:00,2001-03-10 22:00:00,325.6437,2001-03-04 04:00:00,97.0000
07289350,33.194444,-89.771111,2001-03-12 19:30:00,2001-03-23 00:00:00,421.9210,2001-03-16 05:30:00,82.0000
07289350,33.194444,-89.771111,2001-04-04 23:30:00,2001-04-10 07:30:00,128.8417,2001-04-05 07:00:00,7.5000
07289350,33.194444,-89.771111,2001-06-04 23:00:00,2001-06-14 10:30:00,85.8000,2001-06-06 20:30:00,45.5000
07289350,33.194444,-89.771111,2001-09-03 05:00:00,2001-09-08 04:00:00,72.2080,2001-09-04 11:00:00,30.0000
07289350,33.194444,-89.771111,2001-10-14 05:30:00,2001-10-16 20:30:00,73.9070,2001-10-15 10:30:00,29.0000
07289350,33.194444,-89.771111,2001-10-18 05:00:00,2001-10-18 23:30:00,56.6337,2001-10-18 11:30:00,6.5000
07289350,33.194444,-89.771111,2001-11-28 18:00:00,2001-12-07 12:30:00,747.5648,2001-11-30 22:00:00,52.0000
07289350,33.194444,-89.771111,2001-12-13 22:30:00,2001-12-26 04:30:00,744.7331,2001-12-16 13:00:00,62.5000
07289350,33.194444,-89.771111,2001-12-27 11:30:00,2001-12-28 02:30:00,56.0674,2001-12-27 14:30:00,3.0000
07289350,33.194444,-89.771111,2002-01-23 16:00:00,2002-02-02 16:30:00,518.1983,2002-01-27 10:30:00,90.5000
07289350,33.194444,-89.771111,2002-02-06 19:00:00,2002-02-13 08:30:00,119.4971,2002-02-11 02:30:00,103.5000
07289350,33.194444,-89.771111,2002-03-30 23:00:00,2002-04-07 21:00:00,365.2873,2002-04-03 03:30:00,76.5000
07289350,33.194444,-89.771111,2002-04-08 22:30:00,2002-04-16 00:00:00,218.6061,2002-04-12 17:30:00,91.0000
07289350,33.194444,-89.771111,2002-09-26 21:30:00,2002-10-10 22:00:00,370.9507,2002-09-30 10:00:00,84.5000
07289350,33.194444,-89.771111,2002-11-05 15:00:00,2002-11-14 00:30:00,328.4754,2002-11-09 06:00:00,87.0000
07289350,33.194444,-89.771111,2002-12-05 17:00:00,2002-12-06 21:00:00,59.1822,2002-12-06 02:00:00,9.0000
07289350,33.194444,-89.771111,2002-12-08 12:00:00,2002-12-11 11:00:00,73.0575,2002-12-10 04:00:00,40.0000
07289350,33.194444,-89.771111,2002-12-24 09:00:00,2003-01-08 09:30:00,201.6159,2002-12-28 20:30:00,107.5000
07289350,33.194444,-89.771111,2003-02-02 03:00:00,2003-02-04 06:30:00,64.2792,2003-02-03 06:30:00,27.5000
07289350,33.194444,-89.771111,2003-02-06 23:30:00,2003-02-15 00:30:00,204.7308,2003-02-11 08:00:00,104.5000
07289350,33.194444,-89.771111,2003-02-16 07:00:00,2003-03-12 18:30:00,577.6637,2003-02-24 15:30:00,200.5000
07289350,33.194444,-89.771111,2003-03-19 14:30:00,2003-03-24 21:30:00,82.9684,2003-03-23 15:00:00,96.5000
07289350,33.194444,-89.771111,2003-04-07 01:30:00,2003-04-14 17:00:00,390.7725,2003-04-10 05:00:00,75.5000
07289350,33.194444,-89.771111,2003-05-17 22:30:00,2003-05-24 08:00:00,105.6218,2003-05-19 18:30:00,44.0000
07289350,33.194444,-89.771111,2003-06-12 22:00:00,2003-06-20 17:00:00,105.0555,2003-06-16 10:30:00,84.5000
07289350,33.194444,-89.771111,2003-10-10 21:30:00,2003-10-12 04:00:00,65.4119,2003-10-11 16:00:00,18.5000
07289350,33.194444,-89.771111,2003-11-28 04:30:00,2003-12-04 09:00:00,104.2060,2003-11-29 18:30:00,38.0000
07289350,33.194444,-89.771111,2003-12-30 06:30:00,2003-12-31 23:30:00,63.4297,2003-12-31 00:30:00,18.0000
07289350,33.194444,-89.771111,2004-01-02 08:30:00,2004-01-04 05:30:00,60.3149,2004-01-03 03:30:00,19.0000
07289350,33.194444,-89.771111,2004-01-18 05:30:00,2004-01-21 03:30:00,67.9604,2004-01-19 07:30:00,26.0000
07289350,33.194444,-89.771111,2004-01-25 21:30:00,2004-01-31 20:00:00,85.2337,2004-01-30 08:30:00,107.0000
07289350,33.194444,-89.771111,2004-02-05 15:30:00,2004-02-22 17:30:00,447.4062,2004-02-09 00:00:00,80.5000
07289350,33.194444,-89.771111,2004-03-01 02:00:00,2004-03-13 12:30:00,543.6835,2004-03-07 02:00:00,144.0000
07289350,33.194444,-89.771111,2004-05-15 14:30:00,2004-05-23 03:30:00,331.3071,2004-05-16 21:30:00,31.0000
07289350,33.194444,-89.771111,2004-06-17 12:30:00,2004-06-23 17:00:00,112.4179,2004-06-21 11:30:00,95.0000
07289350,33.194444,-89.771111,2004-06-25 06:00:00,2004-06-28 04:30:00,325.6437,2004-06-26 23:30:00,41.5000
07289350,33.194444,-89.771111,2004-07-09 14:00:00,2004-07-10 10:00:00,58.6159,2004-07-09 22:30:00,8.5000
07289350,33.194444,-89.771111,2004-07-19 15:00:00,2004-07-21 08:00:00,57.4832,2004-07-20 11:30:00,20.5000
07289350,33.194444,-89.771111,2005-01-08 18:30:00,2005-01-15 16:00:00,77.3050,2005-01-09 17:30:00,23.0000
07289350,33.194444,-89.771111,2005-02-02 23:30:00,2005-02-14 01:30:00,80.9862,2005-02-09 09:00:00,153.5000
07289350,33.194444,-89.771111,2005-02-23 23:30:00,2005-03-02 07:30:00,91.7466,2005-02-25 05:30:00,30.0000
07289350,33.194444,-89.771111,2005-03-23 09:30:00,2005-03-23 22:30:00,57.7664,2005-03-23 13:30:00,4.0000
07289350,33.194444,-89.771111,2005-04-06 18:30:00,2005-04-19 07:00:00,314.3170,2005-04-10 10:30:00,88.0000
07289350,33.194444,-89.771111,2005-08-30 21:00:00,2005-09-05 16:30:00,108.4535,2005-09-01 09:30:00,36.5000
07289350,33.194444,-89.771111,2005-09-26 00:00:00,2005-09-26 09:00:00,57.2000,2005-09-26 02:30:00,2.5000
07289350,33.194444,-89.771111,2005-12-15 10:30:00,2005-12-22 01:30:00,115.5327,2005-12-17 07:30:00,45.0000
07289350,33.194444,-89.771111,2006-01-14 16:00:00,2006-01-15 04:30:00,56.9169,2006-01-14 20:00:00,4.0000
07289350,33.194444,-89.771111,2006-02-23 03:00:00,2006-03-05 06:30:00,467.2280,2006-02-26 21:00:00,90.0000
07289350,33.194444,-89.771111,2006-03-13 20:30:00,2006-03-14 20:30:00,56.9169,2006-03-14 04:00:00,7.5000
07289350,33.194444,-89.771111,2006-03-20 12:00:00,2006-03-28 06:30:00,277.2219,2006-03-24 08:00:00,92.0000
07289350,33.194444,-89.771111,2006-10-17 08:00:00,2006-10-26 10:00:00,325.6437,2006-10-21 01:00:00,89.0000
07289350,33.194444,-89.771111,2006-12-31 04:00:00,2007-01-14 11:00:00,464.3963,2007-01-06 09:00:00,149.0000
07289350,33.194444,-89.771111,2007-01-25 08:00:00,2007-01-26 18:30:00,57.7664,2007-01-25 22:30:00,14.5000
07289350,33.194444,-89.771111,2007-07-07 15:00:00,2007-07-15 13:30:00,153.1941,2007-07-09 11:30:00,44.5000
07289350,33.194444,-89.771111,2008-02-01 15:00:00,2008-02-11 16:00:00,229.9328,2008-02-05 15:30:00,96.5000
07289350,33.194444,-89.771111,2008-02-27 06:30:00,2008-02-27 19:30:00,57.7664,2008-02-27 11:30:00,5.0000
07289350,33.194444,-89.771111,2008-03-04 13:30:00,2008-03-09 22:00:00,93.1624,2008-03-05 20:30:00,31.0000
07289350,33.194444,-89.771111,2008-04-02 01:00:00,2008-04-11 19:30:00,288.8318,2008-04-06 05:00:00,100.0000
07289350,33.194444,-89.771111,2008-04-27 11:00:00,2008-04-29 23:00:00,66.2614,2008-04-28 20:00:00,33.0000
07289350,33.194444,-89.771111,2008-05-04 04:00:00,2008-05-05 03:30:00,64.2792,2008-05-04 14:30:00,10.5000
07289350,33.194444,-89.771111,2008-05-16 10:00:00,2008-05-17 17:00:00,67.1109,2008-05-16 21:30:00,11.5000
07289350,33.194444,-89.771111,2008-05-19 05:00:00,2008-05-20 07:00:00,58.3327,2008-05-19 17:00:00,12.0000
07289350,33.194444,-89.771111,2008-12-10 03:45:00,2008-12-18 05:45:00,489.8814,2008-12-13 03:00:00,71.2500
07289350,33.194444,-89.771111,2008-12-26 01:45:00,2009-01-03 16:15:00,139.8852,2008-12-30 08:30:00,102.7500
07289350,33.194444,-89.771111,2009-01-05 22:30:00,2009-01-15 06:00:00,625.8023,2009-01-09 00:30:00,74.0000
07289350,33.194444,-89.771111,2009-03-01 01:30:00,2009-03-08 11:15:00,501.2082,2009-03-03 14:30:00,61.0000
07289350,33.194444,-89.771111,2009-03-14 05:00:00,2009-03-22 11:15:00,444.5745,2009-03-17 02:45:00,69.7500
07289350,33.194444,-89.771111,2009-03-26 07:00:00,2009-04-03 09:30:00,376.6141,2009-03-29 12:30:00,77.5000
07289350,33.194444,-89.771111,2009-05-03 15:00:00,2009-05-21 14:15:00,484.2181,2009-05-07 16:45:00,97.7500
07289350,33.194444,-89.771111,2009-05-24 10:15:00,2009-05-25 04:45:00,80.1367,2009-05-25 04:45:00,18.5000
07289350,33.194444,-89.771111,2009-05-28 05:00:00,2009-05-31 22:00:00,252.0199,2009-05-28 05:15:00,0.2500
07289350,33.194444,-89.771111,2009-07-30 18:45:00,2009-08-03 07:00:00,65.4119,2009-08-01 09:45:00,39.0000
07289350,33.194444,-89.771111,2009-09-21 23:00:00,2009-10-03 17:45:00,436.0794,2009-09-26 15:45:00,112.7500
07289350,33.194444,-89.771111,2009-10-24 04:00:00,2009-10-25 02:00:00,57.2000,2009-10-24 14:00:00,10.0000
07289350,33.194444,-89.771111,2009-12-01 16:45:00,2009-12-02 01:45:00,56.9169,2009-12-01 20:30:00,3.7500
07289350,33.194444,-89.771111,2009-12-25 03:00:00,2010-01-01 07:00:00,133.9387,2009-12-29 15:00:00,108.0000
07289350,33.194444,-89.771111,2010-01-17 17:15:00,2010-02-03 05:45:00,222.2872,2010-01-22 17:00:00,119.7500
07289350,33.194444,-89.771111,2010-02-05 06:00:00,2010-02-14 01:45:00,281.1863,2010-02-08 19:30:00,85.5000
07289350,33.194444,-89.771111,2010-03-11 06:15:00,2010-03-18 07:45:00,257.1170,2010-03-14 16:45:00,81.5000
07289350,33.194444,-89.771111,2010-03-22 10:00:00,2010-03-27 09:30:00,67.3941,2010-03-26 13:00:00,99.0000
07289350,33.194444,-89.771111,2010-04-04 06:45:00,2010-04-05 12:30:00,68.8099,2010-04-04 18:30:00,11.7500
07289350,33.194444,-89.771111,2011-01-02 00:00:00,2011-01-07 14:15:00,122.3288,2011-01-03 07:45:00,31.7500
07289350,33.194444,-89.771111,2011-01-26 14:15:00,2011-01-27 08:15:00,59.1822,2011-01-26 20:30:00,6.2500
07289350,33.194444,-89.771111,2011-03-09 06:00:00,2011-03-17 04:00:00,334.1388,2011-03-10 14:45:00,32.7500
07289350,33.194444,-89.771111,2011-04-15 16:15:00,2011-05-03 18:30:00,498.3765,2011-04-18 15:30:00,71.2500
07289350,33.194444,-89.771111,2011-07-24 09:00:00,2011-07-29 19:15:00,95.7109,2011-07-25 18:15:00,33.2500
07289350,33.194444,-89.771111,2011-12-23 11:15:00,2012-01-02 19:45:00,123.1783,2011-12-29 04:00:00,136.7500
07289350,33.194444,-89.771111,2012-02-04 21:15:00,2012-02-11 17:00:00,213.2259,2012-02-06 11:15:00,38.0000
07289350,33.194444,-89.771111,2012-02-19 18:30:00,2012-02-24 08:00:00,67.3941,2012-02-20 13:30:00,19.0000
07289350,33.194444,-89.771111,2012-03-09 12:30:00,2012-03-17 09:00:00,156.8753,2012-03-14 03:30:00,110.0000
07289350,33.194444,-89.771111,2012-03-22 10:45:00,2012-03-30 00:45:00,267.5942,2012-03-26 12:00:00,97.2500
07289350,33.194444,-89.771111,2012-04-17 20:30:00,2012-04-24 03:15:00,117.2317,2012-04-19 11:30:00,39.0000
07289350,33.194444,-89.771111,2012-10-01 14:00:00,2012-10-03 19:00:00,79.0040,2012-10-02 18:45:00,28.7500
07289350,33.194444,-89.771111,2012-12-17 06:00:00,2012-12-22 11:15:00,79.5703,2012-12-18 11:00:00,29.0000
07289350,33.194444,-89.771111,2012-12-26 00:00:00,2013-01-08 18:45:00,167.3526,2013-01-03 07:45:00,199.7500
07289350,33.194444,-89.771111,2013-01-10 23:15:00,2013-01-24 19:45:00,421.9210,2013-01-17 10:15:00,155.0000
07289350,33.194444,-89.771111,2013-01-31 01:00:00,2013-02-05 02:45:00,73.0575,2013-01-31 20:15:00,19.2500
07289350,33.194444,-89.771111,2013-02-11 11:15:00,2013-03-03 17:45:00,252.8694,2013-02-14 17:30:00,78.2500
07289350,33.194444,-89.771111,2013-03-11 23:00:00,2013-03-13 10:30:00,66.8278,2013-03-12 13:15:00,14.2500
07289350,33.194444,-89.771111,2013-03-14 11:30:00,2013-03-17 15:30:00,78.4377,2013-03-16 05:15:00,41.7500
07289350,33.194444,-89.771111,2013-03-23 10:15:00,2013-04-07 17:45:00,308.6536,2013-03-27 09:00:00,94.7500
07289350,33.194444,-89.771111,2013-04-12 00:30:00,2013-04-18 07:45:00,110.7189,2013-04-16 07:15:00,102.7500
07289350,33.194444,-89.771111,2013-04-19 13:00:00,2013-04-23 10:45:00,80.9862,2013-04-20 18:15:00,29.2500
07289350,33.194444,-89.771111,2013-04-24 18:30:00,2013-04-26 02:00:00,64.5624,2013-04-25 06:00:00,11.5000
07289350,33.194444,-89.771111,2013-05-01 17:30:00,2013-05-11 09:45:00,263.9130,2013-05-05 04:30:00,83.0000
07289350,33.194444,-89.771111,2013-05-22 17:15:00,2013-05-24 00:15:00,64.2792,2013-05-23 07:45:00,14.5000
07289350,33.194444,-89.771111,2013-09-25 17:45:00,2013-09-27 00:15:00,67.1109,2013-09-26 05:15:00,11.5000
07289350,33.194444,-89.771111,2013-12-23 02:45:00,2013-12-24 06:15:00,64.8456,2013-12-23 13:15:00,10.5000
07289350,33.194444,-89.771111,2013-12-26 07:15:00,2013-12-27 10:00:00,58.6159,2013-12-26 20:00:00,12.7500
07289350,33.194444,-89.771111,2014-01-12 06:30:00,2014-01-17 20:45:00,73.3406,2014-01-15 23:00:00,88.5000
07289350,33.194444,-89.771111,2014-02-05 05:30:00,2014-02-11 18:30:00,121.4793,2014-02-09 12:00:00,102.5000
07289350,33.194444,-89.771111,2014-03-17 06:00:00,2014-03-18 08:00:00,63.7129,2014-03-17 15:45:00,9.7500
07289350,33.194444,-89.771111,2014-03-24 12:45:00,2014-03-24 21:00:00,56.6337,2014-03-24 15:45:00,3.0000
07289350,33.194444,-89.771111,2014-04-25 06:15:00,2014-04-27 08:45:00,71.6416,2014-04-26 10:15:00,28.0000
07289350,33.194444,-89.771111,2014-04-28 22:45:00,2014-04-29 04:45:00,78.1545,2014-04-29 04:15:00,5.5000
07289350,33.194444,-89.771111,2014-06-10 23:30:00,2014-06-19 01:45:00,277.5051,2014-06-14 09:30:00,82.0000
07289350,33.194444,-89.771111,2014-07-23 02:00:00,2014-07-23 20:15:00,57.4832,2014-07-23 09:15:00,7.2500
07289350,33.194444,-89.771111,2014-11-18 00:45:00,2014-11-18 23:30:00,63.7129,2014-11-18 13:00:00,12.2500
07289350,33.194444,-89.771111,2014-12-07 04:00:00,2014-12-11 22:45:00,71.9248,2014-12-10 18:30:00,86.5000
07289350,33.194444,-89.771111,2015-01-02 15:15:00,2015-01-11 07:15:00,342.6338,2015-01-06 10:30:00,91.2500
07289350,33.194444,-89.771111,2015-01-26 14:45:00,2015-01-29 14:00:00,75.0396,2015-01-28 03:45:00,37.0000
07289350,33.194444,-89.771111,2015-03-22 10:30:00,2015-03-30 04:15:00,334.1388,2015-03-23 20:45:00,34.2500
07289350,33.194444,-89.771111,2015-04-17 21:30:00,2015-05-02 11:30:00,455.9012,2015-04-20 18:45:00,69.2500
07289350,33.194444,-89.771111,2015-05-25 16:00:00,2015-06-05 22:15:00,256.2675,2015-05-29 06:15:00,86.2500
07289350,33.194444,-89.771111,2015-11-19 03:00:00,2015-11-20 11:00:00,72.2080,2015-11-19 17:45:00,14.7500
07289350,33.194444,-89.771111,2015-12-26 14:15:00,2016-01-03 11:45:00,112.7010,2015-12-30 20:00:00,101.7500
07289350,33.194444,-89.771111,2016-01-22 12:00:00,2016-02-02 07:15:00,244.3744,2016-01-27 22:00:00,130.0000
07289350,33.194444,-89.771111,2016-02-03 12:30:00,2016-02-10 08:15:00,165.3704,2016-02-08 02:30:00,110.0000
07289350,33.194444,-89.771111,2016-02-16 23:00:00,2016-02-17 12:30:00,57.2000,2016-02-17 02:15:00,3.2500
07289350,33.194444,-89.771111,2016-02-19 06:45:00,2016-02-21 08:15:00,66.2614,2016-02-20 07:45:00,25.0000
07289350,33.194444,-89.771111,2016-02-24 03:00:00,2016-02-29 13:45:00,86.6496,2016-02-25 18:45:00,39.7500
07289350,33.194444,-89.771111,2016-03-04 15:15:00,2016-03-05 14:30:00,60.3149,2016-03-04 23:45:00,8.5000
07289350,33.194444,-89.771111,2016-03-06 15:15:00,2016-03-09 02:45:00,67.6773,2016-03-08 00:00:00,32.7500
07289350,33.194444,-89.771111,2016-03-11 01:45:00,2016-03-19 19:00:00,481.3864,2016-03-14 07:00:00,76.2500
07289350,33.194444,-89.771111,2016-04-01 00:00:00,2016-04-07 12:15:00,251.1704,2016-04-04 04:00:00,76.0000
07289350,33.194444,-89.771111,2016-04-12 03:15:00,2016-04-21 05:00:00,336.9705,2016-04-15 16:15:00,85.0000
08013000,30.995833,-92.673611,1995-10-04 12:00:00,1995-10-08 20:00:00,58.0495,1995-10-07 11:00:00,71.0000
08013000,30.995833,-92.673611,1995-11-14 07:30:00,1995-11-18 11:30:00,51.2535,1995-11-16 10:00:00,50.5000
08013000,30.995833,-92.673611,1995-12-18 16:00:00,1995-12-28 18:00:00,169.9011,1995-12-22 19:30:00,99.5000
08013000,30.995833,-92.673611,1996-01-07 20:30:00,1996-01-16 02:00:00,62.8634,1996-01-13 17:30:00,141.0000
08013000,30.995833,-92.673611,1996-01-29 01:30:00,1996-02-06 05:30:00,82.6852,1996-02-03 06:30:00,125.0000
08013000,30.995833,-92.673611,1996-04-15 21:41:15,1996-05-04 23:45:00,99.3921,1996-04-22 19:03:45,165.3750
08013000,30.995833,-92.673611,1996-10-27 03:00:00,1996-10-27 16:30:00,34.2634,1996-10-27 10:00:00,7.0000
08013000,30.995833,-92.673611,1996-12-20 03:30:00,1996-12-26 03:00:00,47.2891,1996-12-24 09:00:00,101.5000
08013000,30.995833,-92.673611,1997-03-15 18:30:00,1997-03-23 20:00:00,73.9070,1997-03-21 04:00:00,129.5000
08013000,30.995833,-92.673611,1997-03-28 22:00:00,1997-04-02 04:30:00,37.0951,1997-03-30 06:00:00,32.0000
08013000,30.995833,-92.673611,1997-04-10 18:00:00,1997-04-18 20:30:00,43.8911,1997-04-14 08:00:00,86.0000
08013000,30.995833,-92.673611,1997-04-28 03:30:00,1997-05-06 09:00:00,65.6951,1997-04-29 19:00:00,39.5000
08013000,30.995833,-92.673611,1997-05-25 08:30:00,1997-05-31 23:00:00,51.2535,1997-05-29 16:00:00,103.5000
08013000,30.995833,-92.673611,1997-12-24 08:00:00,1998-01-03 18:00:00,227.6674,1997-12-27 06:30:00,70.5000
08013000,30.995833,-92.673611,1998-01-07 03:00:00,1998-02-01 07:30:00,472.8913,1998-01-10 17:00:00,86.0000
08013000,30.995833,-92.673611,1998-03-18 05:00:00,1998-03-26 10:00:00,131.9565,1998-03-22 08:30:00,99.5000
08013000,30.995833,-92.673611,1998-09-13 04:30:00,1998-09-24 23:30:00,152.6278,1998-09-18 05:00:00,120.5000
08013000,30.995833,-92.673611,1998-11-15 07:00:00,1998-11-25 21:00:00,433.2478,1998-11-17 20:30:00,61.5000
08013000,30.995833,-92.673611,1998-12-11 22:00:00,1998-12-22 21:00:00,427.5844,1998-12-15 12:00:00,86.0000
08013000,30.995833,-92.673611,1999-01-29 21:00:00,1999-02-09 03:30:00,288.8318,1999-01-31 13:00:00,40.0000
08013000,30.995833,-92.673611,1999-03-14 02:30:00,1999-03-22 18:30:00,87.2159,1999-03-20 02:00:00,143.5000
08013000,30.995833,-92.673611,1999-04-02 15:00:00,1999-04-14 07:00:00,560.6736,1999-04-08 04:00:00,132.0000
08013000,30.995833,-92.673611,2000-04-04 00:30:00,2000-04-13 05:00:00,80.1367,2000-04-10 14:30:00,158.0000
08013000,30.995833,-92.673611,2000-05-05 21:30:00,2000-05-13 00:30:00,70.2258,2000-05-09 07:30:00,82.0000
08013000,30.995833,-92.673611,2000-11-25 18:00:00,2000-12-04 18:00:00,98.5426,2000-12-01 01:00:00,127.0000
08013000,30.995833,-92.673611,2001-01-17 09:00:00,2001-01-29 20:00:00,167.0694,2001-01-23 03:30:00,138.5000
08013000,30.995833,-92.673611,2001-01-31 01:30:00,2001-02-07 06:00:00,49.5545,2001-02-03 07:30:00,78.0000
08013000,30.995833,-92.673611,2001-03-02 18:00:00,2001-03-24 08:00:00,250.3209,2001-03-06 11:00:00,89.0000
08013000,30.995833,-92.673611,2001-03-29 21:00:00,2001-04-07 04:00:00,66.8278,2001-04-04 12:30:00,134.5000
08013000,30.995833,-92.673611,2001-06-10 00:00:00,2001-06-17 10:30:00,441.7428,2001-06-11 00:30:00,24.5000
08013000,30.995833,-92.673611,2001-06-30 16:30:00,2001-07-09 11:00:00,65.6951,2001-07-04 07:00:00,86.5000
08013000,30.995833,-92.673611,2001-10-13 06:30:00,2001-10-23 06:30:00,234.4635,2001-10-17 14:00:00,103.5000
08013000,30.995833,-92.673611,2001-11-28 20:00:00,2001-12-09 16:00:00,475.7230,2001-11-30 20:00:00,48.0000
08013000,30.995833,-92.673611,2001-12-14 13:30:00,2002-01-01 00:00:00,407.7626,2001-12-17 14:00:00,72.5000
08013000,30.995833,-92.673611,2002-01-25 05:30:00,2002-01-25 18:30:00,37.3782,2002-01-25 09:30:00,4.0000
08013000,30.995833,-92.673611,2002-02-08 13:30:00,2002-02-15 00:00:00,49.8377,2002-02-12 22:00:00,104.5000
08013000,30.995833,-92.673611,2002-02-23 12:00:00,2002-03-10 23:00:00,71.6416,2002-02-26 12:00:00,72.0000
08013000,30.995833,-92.673611,2002-07-26 10:30:00,2002-07-27 10:30:00,41.6258,2002-07-26 21:00:00,10.5000
08013000,30.995833,-92.673611,2002-10-05 00:30:00,2002-10-06 00:30:00,35.1129,2002-10-05 07:30:00,7.0000
08013000,30.995833,-92.673611,2002-10-11 16:30:00,2002-10-12 17:00:00,39.3604,2002-10-12 02:30:00,10.0000
08013000,30.995833,-92.673611,2002-12-05 01:00:00,2003-01-10 06:00:00,182.0773,2002-12-08 19:00:00,90.0000
08013000,30.995833,-92.673611,2003-02-21 17:00:00,2003-03-04 18:00:00,208.1288,2003-02-25 18:30:00,97.5000
08013000,30.995833,-92.673611,2003-03-06 10:30:00,2003-03-13 08:00:00,67.6773,2003-03-09 23:00:00,84.5000
08013000,30.995833,-92.673611,2004-01-21 11:45:00,2004-01-24 03:15:00,35.1129,2004-01-22 15:15:00,27.5000
08013000,30.995833,-92.673611,2004-01-25 20:15:00,2004-01-30 05:45:00,66.8278,2004-01-30 05:45:00,105.5000
08013000,30.995833,-92.673611,2004-02-26 23:45:00,2004-03-05 10:45:00,89.1981,2004-02-29 15:45:00,64.0000
08013000,30.995833,-92.673611,2004-04-17 06:45:00,2004-04-19 11:15:00,39.9268,2004-04-18 13:45:00,31.0000
08013000,30.995833,-92.673611,2004-05-03 18:15:00,2004-05-05 04:45:00,43.3248,2004-05-05 04:45:00,34.5000
08013000,30.995833,-92.673611,2004-05-07 05:00:00,2004-05-10 11:15:00,94.5783,2004-05-07 08:15:00,3.2500
08013000,30.995833,-92.673611,2004-05-12 13:45:00,2004-05-26 05:45:00,639.9607,2004-05-15 08:15:00,66.5000
08013000,30.995833,-92.673611,2004-06-25 04:30:00,2004-07-09 04:00:00,83.2515,2004-07-01 23:30:00,163.0000
08013000,30.995833,-92.673611,2004-11-04 02:00:00,2004-11-11 13:00:00,100.5248,2004-11-08 11:00:00,105.0000
08013000,30.995833,-92.673611,2004-11-23 04:00:00,2004-12-16 22:30:00,484.2181,2004-11-27 04:00:00,96.0000
08013000,30.995833,-92.673611,2005-01-17 12:00:00,2005-01-20 07:00:00,33.4139,2005-01-19 10:00:00,46.0000
08013000,30.995833,-92.673611,2005-02-25 18:00:00,2005-03-04 16:00:00,58.0495,2005-03-01 16:30:00,94.5000
08013000,30.995833,-92.673611,2005-03-26 00:00:00,2005-03-28 16:00:00,37.0951,2005-03-27 01:00:00,25.0000
08013000,30.995833,-92.673611,2006-02-14 09:00:00,2006-02-19 15:30:00,39.9268,2006-02-16 16:00:00,55.0000
08013000,30.995833,-92.673611,2006-03-03 22:00:00,2006-03-05 19:00:00,35.1129,2006-03-04 20:00:00,22.0000
08013000,30.995833,-92.673611,2006-03-13 14:30:00,2006-03-15 18:30:00,38.2277,2006-03-14 22:30:00,32.0000
08013000,30.995833,-92.673611,2006-03-26 01:00:00,2006-03-29 17:30:00,52.1030,2006-03-28 06:30:00,53.5000
08013000,30.995833,-92.673611,2006-05-01 02:30:00,2006-05-08 06:30:00,98.5426,2006-05-03 00:30:00,46.0000
08013000,30.995833,-92.673611,2006-10-19 13:30:00,2006-11-05 02:30:00,455.9012,2006-10-20 07:30:00,18.0000
08013000,30.995833,-92.673611,2006-12-26 11:00:00,2007-01-15 03:30:00,396.4359,2007-01-02 14:00:00,171.0000
08013000,30.995833,-92.673611,2007-01-19 15:00:00,2007-02-09 06:30:00,63.1466,2007-01-25 15:00:00,144.0000
08013000,30.995833,-92.673611,2007-02-15 16:30:00,2007-02-22 05:00:00,79.2872,2007-02-18 03:00:00,58.5000
08013000,30.995833,-92.673611,2007-07-21 08:30:00,2007-07-23 17:00:00,41.3426,2007-07-22 03:30:00,19.0000
08013000,30.995833,-92.673611,2008-09-03 12:30:00,2008-09-09 19:00:00,119.7803,2008-09-04 02:00:00,13.5000
08013000,30.995833,-92.673611,2008-09-14 17:30:00,2008-09-15 08:30:00,39.0772,2008-09-15 00:00:00,6.5000
08013000,30.995833,-92.673611,2008-09-18 03:00:00,2008-09-20 16:30:00,38.2277,2008-09-19 14:30:00,35.5000
08013000,30.995833,-92.673611,2008-12-10 20:00:00,2008-12-22 17:00:00,111.8515,2008-12-16 03:30:00,127.5000
08013000,30.995833,-92.673611,2008-12-29 11:30:00,2009-01-03 23:00:00,38.2277,2009-01-01 16:30:00,77.0000
08013000,30.995833,-92.673611,2009-03-16 09:30:00,2009-03-23 23:00:00,142.1506,2009-03-18 23:30:00,62.0000
08013000,30.995833,-92.673611,2009-03-27 07:00:00,2009-04-05 18:30:00,136.2040,2009-03-31 07:30:00,96.5000
08013000,30.995833,-92.673611,2009-04-18 04:00:00,2009-04-28 00:00:00,215.2080,2009-04-22 16:30:00,108.5000
08013000,30.995833,-92.673611,2009-10-30 23:00:00,2009-11-08 14:00:00,314.3170,2009-11-02 18:30:00,68.5000
08013000,30.995833,-92.673611,2009-12-14 00:00:00,2010-01-04 02:30:00,164.2377,2009-12-19 06:30:00,126.5000
08013000,30.995833,-92.673611,2010-01-22 01:00:00,2010-01-24 06:30:00,36.5287,2010-01-23 04:00:00,27.0000
08013000,30.995833,-92.673611,2010-02-02 00:30:00,2010-02-20 21:00:00,151.2120,2010-02-08 14:00:00,157.5000
08013000,30.995833,-92.673611,2010-03-02 12:00:00,2010-03-10 11:00:00,70.5089,2010-03-06 22:30:00,106.5000
08013000,30.995833,-92.673611,2011-03-09 23:00:00,2011-03-11 18:30:00,67.3941,2011-03-10 15:00:00,16.0000
08013000,30.995833,-92.673611,2012-01-27 06:30:00,2012-01-27 23:30:00,33.9802,2012-01-27 14:00:00,7.5000
08013000,30.995833,-92.673611,2012-02-01 06:30:00,2012-02-13 17:00:00,325.6437,2012-02-07 03:30:00,141.0000
08013000,30.995833,-92.673611,2012-02-16 12:30:00,2012-02-27 20:30:00,215.2080,2012-02-20 03:00:00,86.5000
08013000,30.995833,-92.673611,2012-03-08 21:00:00,2012-03-10 13:30:00,43.3248,2012-03-09 16:30:00,19.5000
08013000,30.995833,-92.673611,2012-04-21 14:30:00,2012-04-28 18:00:00,64.8456,2012-04-25 16:00:00,97.5000
08013000,30.995833,-92.673611,2013-02-12 03:30:00,2013-03-02 00:30:00,112.9842,2013-02-15 23:00:00,91.5000
08013000,30.995833,-92.673611,2013-04-15 20:30:00,2013-04-20 04:30:00,108.1704,2013-04-16 22:30:00,26.0000
08013000,30.995833,-92.673611,2014-02-11 05:30:00,2014-02-19 17:00:00,54.6515,2014-02-16 15:30:00,130.0000
08013000,30.995833,-92.673611,2014-03-21 07:30:00,2014-03-23 15:00:00,40.4931,2014-03-22 16:00:00,32.5000
08013000,30.995833,-92.673611,2014-04-01 03:00:00,2014-04-06 12:30:00,73.0575,2014-04-03 15:00:00,60.0000
08013000,30.995833,-92.673611,2014-04-11 13:00:00,2014-04-14 04:00:00,41.3426,2014-04-13 01:30:00,36.5000
08013000,30.995833,-92.673611,2014-04-19 03:00:00,2014-04-22 00:00:00,43.6079,2014-04-20 16:30:00,37.5000
08013000,30.995833,-92.673611,2015-01-03 11:45:00,2015-01-13 08:15:00,86.6496,2015-01-08 09:15:00,117.5000
08013000,30.995833,-92.673611,2015-01-28 10:45:00,2015-01-30 08:15:00,36.2456,2015-01-29 10:15:00,23.5000
08013000,30.995833,-92.673611,2015-03-24 01:00:00,2015-03-30 04:15:00,74.1901,2015-03-27 17:00:00,88.0000
08013000,30.995833,-92.673611,2015-04-10 21:00:00,2015-04-12 22:00:00,35.3961,2015-04-12 04:45:00,31.7500
08013000,30.995833,-92.673611,2015-04-17 19:15:00,2015-04-27 18:45:00,70.7921,2015-04-25 09:30:00,182.2500
08013000,30.995833,-92.673611,2015-05-01 15:15:00,2015-05-05 01:30:00,42.7584,2015-05-03 16:00:00,48.7500
08013000,30.995833,-92.673611,2015-06-23 18:30:00,2015-06-25 03:45:00,36.2456,2015-06-24 12:30:00,18.0000
08013000,30.995833,-92.673611,2015-07-02 02:15:00,2015-07-03 00:15:00,35.1129,2015-07-02 11:00:00,8.7500
08013000,30.995833,-92.673611,2015-11-01 10:30:00,2015-11-16 09:15:00,645.6241,2015-11-03 08:30:00,46.0000
08013000,30.995833,-92.673611,2015-11-18 23:30:00,2015-11-26 13:15:00,67.3941,2015-11-24 12:15:00,132.7500
08013000,30.995833,-92.673611,2015-12-17 13:45:00,2015-12-22 17:30:00,46.7228,2015-12-21 00:15:00,82.5000
08013000,30.995833,-92.673611,2015-12-25 07:15:00,2016-01-04 10:45:00,61.4476,2015-12-27 11:30:00,52.2500
08013000,30.995833,-92.673611,2016-01-11 13:45:00,2016-01-16 23:45:00,56.6337,2016-01-14 14:00:00,72.2500
08013000,30.995833,-92.673611,2016-01-28 23:00:00,2016-02-04 05:00:00,68.2436,2016-02-01 17:15:00,90.2500
08013000,30.995833,-92.673611,2016-02-27 11:00:00,2016-02-28 18:30:00,32.5644,2016-02-27 15:30:00,4.5000
08013000,30.995833,-92.673611,2016-03-10 20:15:00,2016-03-20 20:00:00,1271.4264,2016-03-12 15:00:00,42.7500
08013000,30.995833,-92.673611,2016-04-23 06:45:00,2016-04-28 09:15:00,39.9268,2016-04-27 15:00:00,104.2500
08013000,30.995833,-92.673611,2016-05-05 20:15:00,2016-05-10 03:45:00,59.4654,2016-05-07 15:45:00,43.5000
08013500,30.640278,-92.813889,1997-02-13 13:30:00,1997-02-24 03:00:00,233.0476,1997-02-19 14:30:00,145.0000
08013500,30.640278,-92.813889,1997-02-25 16:30:00,1997-03-08 09:30:00,311.4853,1997-03-02 02:30:00,106.0000
08013500,30.640278,-92.813889,1997-12-30 06:00:00,1998-01-02 20:30:00,144.1327,1997-12-31 12:00:00,30.0000
08013500,30.640278,-92.813889,1998-01-07 08:00:00,1998-01-18 23:30:00,662.6142,1998-01-14 05:30:00,165.5000
08013500,30.640278,-92.813889,1998-01-22 17:30:00,1998-01-26 03:00:00,121.1961,1998-01-25 06:00:00,60.5000
08013500,30.640278,-92.813889,1998-03-18 06:00:00,1998-03-18 22:30:00,108.1704,1998-03-18 12:30:00,6.5000
08013500,30.640278,-92.813889,1998-09-13 21:00:00,1998-09-21 18:00:00,151.4951,1998-09-15 19:00:00,46.0000
08013500,30.640278,-92.813889,1998-11-19 22:00:00,1998-11-25 01:30:00,243.2417,1998-11-21 16:00:00,42.0000
08013500,30.640278,-92.813889,1998-12-16 03:00:00,1998-12-22 03:30:00,297.3269,1998-12-17 14:30:00,35.5000
08013500,30.640278,-92.813889,1999-01-07 23:30:00,1999-01-12 06:30:00,131.3902,1999-01-09 06:30:00,31.0000
08013500,30.640278,-92.813889,1999-03-14 06:30:00,1999-03-15 12:00:00,120.9129,1999-03-14 16:30:00,10.0000
08013500,30.640278,-92.813889,1999-04-06 01:30:00,1999-04-07 04:30:00,152.0615,1999-04-07 00:00:00,22.5000
08013500,30.640278,-92.813889,1999-04-09 05:00:00,1999-04-14 06:30:00,512.5349,1999-04-10 11:00:00,30.0000
08013500,30.640278,-92.813889,2001-01-22 02:30:00,2001-01-22 22:00:00,107.3208,2001-01-22 11:30:00,9.0000
08013500,30.640278,-92.813889,2001-01-25 11:00:00,2001-01-27 22:30:00,121.4793,2001-01-26 13:00:00,26.0000
08013500,30.640278,-92.813889,2001-03-08 02:30:00,2001-03-13 09:30:00,235.3130,2001-03-09 14:00:00,35.5000
08013500,30.640278,-92.813889,2001-10-15 11:30:00,2001-10-23 15:00:00,245.7902,2001-10-16 20:00:00,32.5000
08013500,30.640278,-92.813889,2001-11-29 05:30:00,2001-12-06 05:30:00,515.3666,2001-12-03 04:30:00,95.0000
08013500,30.640278,-92.813889,2002-12-06 01:00:00,2002-12-08 17:00:00,127.1426,2002-12-06 22:30:00,21.5000
08013500,30.640278,-92.813889,2002-12-10 20:30:00,2002-12-16 13:00:00,202.4655,2002-12-12 07:00:00,34.5000
08013500,30.640278,-92.813889,2003-01-01 13:00:00,2003-01-05 22:30:00,135.0714,2003-01-03 11:30:00,46.5000
08013500,30.640278,-92.813889,2003-01-07 06:00:00,2003-01-10 11:00:00,127.9921,2003-01-08 18:30:00,36.5000
08013500,30.640278,-92.813889,2003-02-16 13:30:00,2003-02-17 21:00:00,120.6298,2003-02-17 01:00:00,11.5000
08013500,30.640278,-92.813889,2003-02-21 19:00:00,2003-03-04 17:00:00,281.1863,2003-02-28 14:30:00,163.5000
08013500,30.640278,-92.813889,2003-03-15 01:30:00,2003-03-15 16:30:00,108.7367,2003-03-15 07:00:00,5.5000
08013500,30.640278,-92.813889,2004-01-26 04:30:00,2004-01-28 15:30:00,125.7268,2004-01-27 02:30:00,22.0000
08013500,30.640278,-92.813889,2004-03-03 20:00:00,2004-03-05 05:00:00,111.5684,2004-03-04 12:00:00,16.0000
08013500,30.640278,-92.813889,2004-05-13 05:00:00,2004-05-26 13:00:00,815.5252,2004-05-16 21:00:00,88.0000
08013500,30.640278,-92.813889,2004-06-25 09:30:00,2004-06-29 13:00:00,207.2793,2004-06-26 19:30:00,34.0000
08013500,30.640278,-92.813889,2004-07-02 01:00:00,2004-07-06 18:30:00,150.3625,2004-07-04 18:00:00,65.0000
08013500,30.640278,-92.813889,2004-11-25 09:00:00,2004-12-04 13:30:00,489.8814,2004-11-29 09:30:00,96.5000
08013500,30.640278,-92.813889,2004-12-09 08:30:00,2004-12-17 15:30:00,236.4457,2004-12-11 04:30:00,44.0000
08013500,30.640278,-92.813889,2005-02-10 09:00:00,2005-02-20 11:00:00,206.1466,2005-02-17 13:00:00,172.0000
08013500,30.640278,-92.813889,2006-10-22 01:00:00,2006-11-01 11:30:00,438.9111,2006-10-23 11:30:00,34.5000
08013500,30.640278,-92.813889,2006-11-03 03:30:00,2006-11-05 13:00:00,124.8773,2006-11-04 02:00:00,22.5000
08013500,30.640278,-92.813889,2006-12-31 11:30:00,2007-01-15 08:00:00,489.8814,2007-01-05 09:00:00,117.5000
08013500,30.640278,-92.813889,2007-01-23 01:00:00,2007-01-24 14:30:00,109.0199,2007-01-23 22:30:00,21.5000
08013500,30.640278,-92.813889,2008-09-04 22:30:00,2008-09-08 11:30:00,291.6635,2008-09-06 03:00:00,28.5000
08013500,30.640278,-92.813889,2008-09-15 04:00:00,2008-09-19 03:30:00,385.1091,2008-09-16 18:30:00,38.5000
08013500,30.640278,-92.813889,2009-03-22 06:00:00,2009-03-24 08:30:00,125.1605,2009-03-23 02:30:00,20.5000
08013500,30.640278,-92.813889,2009-03-29 21:00:00,2009-04-06 03:00:00,165.3704,2009-04-03 15:00:00,114.0000
08013500,30.640278,-92.813889,2009-04-19 07:00:00,2009-04-28 19:00:00,235.3130,2009-04-21 21:00:00,62.0000
08013500,30.640278,-92.813889,2009-05-04 18:30:00,2009-05-06 17:30:00,119.2139,2009-05-05 09:00:00,14.5000
08013500,30.640278,-92.813889,2009-10-31 12:30:00,2009-11-03 01:00:00,135.0714,2009-11-01 09:30:00,22.0000
08013500,30.640278,-92.813889,2009-11-04 19:30:00,2009-11-08 19:30:00,235.8793,2009-11-05 20:30:00,25.0000
08013500,30.640278,-92.813889,2009-12-18 11:30:00,2009-12-20 02:00:00,109.8694,2009-12-19 04:30:00,17.0000
08013500,30.640278,-92.813889,2009-12-21 07:30:00,2009-12-27 00:00:00,161.9724,2009-12-22 15:30:00,32.0000
08013500,30.640278,-92.813889,2010-02-05 17:30:00,2010-02-17 11:30:00,190.8555,2010-02-11 07:00:00,133.5000
08013500,30.640278,-92.813889,2012-02-02 00:00:00,2012-02-14 04:00:00,495.5448,2012-02-06 00:30:00,96.5000
08013500,30.640278,-92.813889,2012-02-16 17:30:00,2012-02-27 21:30:00,279.7704,2012-02-22 14:30:00,141.0000
08013500,30.640278,-92.813889,2013-01-10 09:30:00,2013-01-21 04:00:00,396.4359,2013-01-15 04:30:00,115.0000
08013500,30.640278,-92.813889,2013-02-17 23:00:00,2013-02-23 23:00:00,127.1426,2013-02-20 14:00:00,63.0000
08013500,30.640278,-92.813889,2013-02-28 09:30:00,2013-02-28 22:30:00,107.0377,2013-02-28 15:00:00,5.5000
08013500,30.640278,-92.813889,2015-01-12 10:00:00,2015-01-15 14:30:00,144.4159,2015-01-13 21:00:00,35.0000
08013500,30.640278,-92.813889,2015-03-12 01:00:00,2015-03-12 08:30:00,106.1882,2015-03-12 04:00:00,3.0000
08013500,30.640278,-92.813889,2015-04-08 13:30:00,2015-04-09 18:30:00,119.4971,2015-04-09 03:00:00,13.5000
08013500,30.640278,-92.813889,2015-04-13 13:30:00,2015-04-16 08:00:00,120.9129,2015-04-14 03:30:00,14.0000
08013500,30.640278,-92.813889,2015-04-20 13:30:00,2015-04-22 04:00:00,113.5506,2015-04-21 11:30:00,22.0000
08013500,30.640278,-92.813889,2015-05-27 14:30:00,2015-05-30 16:30:00,134.5050,2015-05-29 03:00:00,36.5000
08013500,30.640278,-92.813889,2015-11-04 23:00:00,2015-11-14 14:30:00,518.1983,2015-11-06 01:30:00,26.5000
08013500,30.640278,-92.813889,2015-12-27 20:30:00,2015-12-30 02:00:00,109.5862,2015-12-28 17:30:00,21.0000
08013500,30.640278,-92.813889,2016-03-13 03:00:00,2016-03-20 22:30:00,1121.3471,2016-03-14 16:00:00,37.0000
07375500,30.506389,-90.361667,1995-11-03 04:00:00,1995-11-04 16:30:00,117.2317,1995-11-03 20:00:00,16.0000
07375500,30.506389,-90.361667,1995-12-18 23:30:00,1995-12-23 01:00:00,359.6240,1995-12-20 14:00:00,38.5000
07375500,30.506389,-90.361667,1996-01-27 10:00:00,1996-01-30 20:30:00,286.0002,1996-01-28 13:00:00,27.0000
07375500,30.506389,-90.361667,1996-02-29 01:30:00,1996-03-01 01:00:00,102.5070,1996-02-29 09:30:00,8.0000
07375500,30.506389,-90.361667,1996-03-19 04:30:00,1996-03-20 00:30:00,95.4278,1996-03-19 11:00:00,6.5000
07375500,30.506389,-90.361667,1996-03-30 21:30:00,1996-04-01 09:00:00,116.3822,1996-03-31 10:30:00,13.0000
07375500,30.506389,-90.361667,1996-04-15 12:00:00,1996-04-15 15:00:00,88.3486,1996-04-15 13:00:00,1.0000
07375500,30.506389,-90.361667,1996-10-26 14:00:00,1996-10-29 10:30:00,370.9507,1996-10-27 17:30:00,28.5000
07375500,30.506389,-90.361667,1997-01-29 07:30:00,1997-01-31 22:30:00,147.2476,1997-01-30 21:00:00,37.5000
07375500,30.506389,-90.361667,1997-02-05 09:30:00,1997-02-07 01:30:00,139.3189,1997-02-06 07:00:00,21.5000
07375500,30.506389,-90.361667,1997-02-13 19:30:00,1997-02-17 06:00:00,189.1565,1997-02-15 11:30:00,40.0000
07375500,30.506389,-90.361667,1997-02-25 06:00:00,1997-03-02 19:00:00,387.9408,1997-02-26 20:30:00,38.5000
07375500,30.506389,-90.361667,1997-03-13 21:30:00,1997-03-16 13:00:00,171.6001,1997-03-15 05:30:00,32.0000
07375500,30.506389,-90.361667,1997-04-06 23:00:00,1997-04-08 15:30:00,108.4535,1997-04-07 14:00:00,15.0000
07375500,30.506389,-90.361667,1997-04-12 01:00:00,1997-04-15 05:00:00,238.4278,1997-04-13 14:30:00,37.5000
07375500,30.506389,-90.361667,1997-04-27 21:13:00,1997-05-02 07:43:00,342.6338,1997-04-30 09:13:00,60.0000
07375500,30.506389,-90.361667,1997-06-12 06:30:00,1997-06-14 03:00:00,136.2040,1997-06-13 14:00:00,31.5000
07375500,30.506389,-90.361667,1997-06-19 00:00:00,1997-06-21 11:30:00,180.6615,1997-06-20 09:30:00,33.5000
07375500,30.506389,-90.361667,1997-06-26 04:30:00,1997-06-29 09:30:00,115.8159,1997-06-28 05:30:00,49.0000
07375500,30.506389,-90.361667,1997-11-22 08:30:00,1997-11-22 13:00:00,89.7644,1997-11-22 10:30:00,2.0000
07375500,30.506389,-90.361667,1997-12-25 05:30:00,1997-12-28 07:00:00,137.9030,1997-12-26 14:30:00,33.0000
07375500,30.506389,-90.361667,1998-01-05 18:00:00,1998-01-18 00:00:00,458.7329,1998-01-08 19:30:00,73.5000
07375500,30.506389,-90.361667,1998-01-22 20:30:00,1998-01-26 05:30:00,253.7189,1998-01-24 06:30:00,34.0000
07375500,30.506389,-90.361667,1998-01-27 06:00:00,1998-01-29 19:00:00,153.4773,1998-01-28 11:30:00,29.5000
07375500,30.506389,-90.361667,1998-02-12 15:30:00,1998-02-13 00:30:00,90.6139,1998-02-12 20:30:00,5.0000
07375500,30.506389,-90.361667,1998-02-17 10:00:00,1998-02-20 03:30:00,163.6714,1998-02-18 17:00:00,31.0000
07375500,30.506389,-90.361667,1998-02-23 15:30:00,1998-02-24 20:30:00,106.4713,1998-02-24 06:00:00,14.5000
07375500,30.506389,-90.361667,1998-02-27 18:30:00,1998-03-02 09:00:00,146.6813,1998-02-28 23:00:00,28.5000
07375500,30.506389,-90.361667,1998-03-07 19:00:00,1998-03-11 19:00:00,345.4655,1998-03-09 01:00:00,30.0000
07375500,30.506389,-90.361667,1998-03-17 16:30:00,1998-03-20 17:00:00,211.8100,1998-03-18 21:30:00,29.0000
07375500,30.506389,-90.361667,1998-04-30 00:00:00,1998-04-30 22:30:00,101.6575,1998-04-30 11:00:00,11.0000
07375500,30.506389,-90.361667,1998-09-12 23:00:00,1998-09-15 00:00:00,139.3189,1998-09-14 01:30:00,26.5000
07375500,30.506389,-90.361667,1998-10-07 23:00:00,1998-10-09 00:00:00,113.2674,1998-10-08 10:30:00,11.5000
07375500,30.506389,-90.361667,1999-01-31 06:00:00,1999-02-03 12:30:00,359.6240,1999-02-01 21:00:00,39.0000
07375500,30.506389,-90.361667,1999-03-14 02:00:00,1999-03-18 06:30:00,382.2774,1999-03-16 00:00:00,46.0000
07375500,30.506389,-90.361667,2001-01-20 14:30:00,2001-01-22 18:00:00,129.4080,2001-01-21 15:00:00,24.5000
07375500,30.506389,-90.361667,2001-03-03 20:30:00,2001-03-08 04:30:00,387.9408,2001-03-06 01:00:00,52.5000
07375500,30.506389,-90.361667,2001-03-13 01:00:00,2001-03-18 05:00:00,274.3902,2001-03-14 10:30:00,33.5000
07375500,30.506389,-90.361667,2001-06-07 02:30:00,2001-06-14 00:30:00,365.2873,2001-06-08 11:30:00,33.0000
07375500,30.506389,-90.361667,2001-08-13 01:00:00,2001-08-13 16:30:00,104.4892,2001-08-13 08:00:00,7.0000
07375500,30.506389,-90.361667,2001-09-04 20:00:00,2001-09-06 15:30:00,108.1704,2001-09-05 10:30:00,14.5000
07375500,30.506389,-90.361667,2001-09-10 14:30:00,2001-09-11 08:30:00,94.2951,2001-09-10 23:00:00,8.5000
07375500,30.506389,-90.361667,2002-03-03 03:30:00,2002-03-04 10:00:00,112.7010,2002-03-03 20:00:00,16.5000
07375500,30.506389,-90.361667,2002-03-27 07:00:00,2002-03-30 03:00:00,215.2080,2002-03-29 01:00:00,42.0000
07375500,30.506389,-90.361667,2002-04-01 07:00:00,2002-04-01 19:30:00,91.7466,2002-04-01 12:30:00,5.5000
07375500,30.506389,-90.361667,2002-04-09 06:30:00,2002-04-13 13:30:00,297.3269,2002-04-10 18:30:00,36.0000
07375500,30.506389,-90.361667,2002-08-08 19:00:00,2002-08-09 12:00:00,93.7288,2002-08-09 03:00:00,8.0000
07375500,30.506389,-90.361667,2002-09-26 15:30:00,2002-10-01 12:00:00,526.6933,2002-09-29 08:30:00,65.0000
07375500,30.506389,-90.361667,2002-10-03 19:00:00,2002-10-08 07:00:00,436.0794,2002-10-04 23:30:00,28.5000
07375500,30.506389,-90.361667,2002-10-27 11:00:00,2002-11-02 11:30:00,206.4298,2002-10-30 03:30:00,64.5000
07375500,30.506389,-90.361667,2002-11-05 21:00:00,2002-11-09 13:00:00,226.5348,2002-11-07 13:00:00,40.0000
07375500,30.506389,-90.361667,2002-11-12 01:00:00,2002-11-13 13:00:00,118.6476,2002-11-12 14:30:00,13.5000
07375500,30.506389,-90.361667,2002-12-24 06:30:00,2002-12-27 10:00:00,257.1170,2002-12-25 17:45:00,35.2500
07375500,30.506389,-90.361667,2003-02-16 20:00:00,2003-02-18 16:30:00,131.3902,2003-02-17 22:00:00,26.0000
07375500,30.506389,-90.361667,2003-02-21 22:00:00,2003-03-01 23:30:00,365.2873,2003-02-23 09:30:00,35.5000
07375500,30.506389,-90.361667,2003-03-07 12:30:00,2003-03-09 14:30:00,149.7961,2003-03-08 10:00:00,21.5000
07375500,30.506389,-90.361667,2003-03-13 22:00:00,2003-03-16 17:30:00,247.4892,2003-03-15 06:00:00,32.0000
07375500,30.506389,-90.361667,2003-04-08 05:00:00,2003-04-11 17:30:00,379.4457,2003-04-09 19:30:00,38.5000
07375500,30.506389,-90.361667,2003-06-16 19:00:00,2003-06-18 13:30:00,105.0555,2003-06-17 23:00:00,28.0000
07375500,30.506389,-90.361667,2003-06-30 18:30:00,2003-07-09 07:30:00,665.4459,2003-07-01 22:20:00,27.8333
07375500,30.506389,-90.361667,2004-02-06 21:30:00,2004-02-10 11:00:00,222.5704,2004-02-09 02:00:00,52.5000
07375500,30.506389,-90.361667,2004-02-12 09:30:00,2004-02-17 09:00:00,300.1586,2004-02-14 22:30:00,61.0000
07375500,30.506389,-90.361667,2004-02-24 04:00:00,2004-02-29 03:30:00,311.4853,2004-02-26 18:30:00,62.5000
07375500,30.506389,-90.361667,2004-05-13 03:00:00,2004-05-21 17:00:00,413.4260,2004-05-17 11:00:00,104.0000
07375500,30.506389,-90.361667,2004-06-25 16:00:00,2004-07-04 11:00:00,255.1348,2004-06-27 07:00:00,39.0000
07375500,30.506389,-90.361667,2005-02-01 18:00:00,2005-02-05 18:00:00,230.4991,2005-02-03 10:30:00,40.5000
07375500,30.506389,-90.361667,2005-02-11 06:30:00,2005-02-12 10:00:00,104.4892,2005-02-11 21:00:00,14.5000
07375500,30.506389,-90.361667,2005-04-02 09:30:00,2005-04-04 11:00:00,148.9466,2005-04-03 15:30:00,29.0000
07375500,30.506389,-90.361667,2005-04-12 17:30:00,2005-04-15 00:00:00,196.2357,2005-04-14 00:00:00,30.5000
07375500,30.506389,-90.361667,2005-08-30 20:30:00,2005-09-01 14:00:00,104.7723,2005-08-31 22:30:00,26.0000
07375500,30.506389,-90.361667,2006-02-27 08:30:00,2006-02-27 22:30:00,90.3307,2006-02-27 13:30:00,5.0000
07375500,30.506389,-90.361667,2006-10-28 09:30:00,2006-10-31 20:00:00,191.7051,2006-10-30 09:00:00,48.5000
07375500,30.506389,-90.361667,2006-11-16 12:00:00,2006-11-18 09:30:00,133.0892,2006-11-17 16:00:00,28.0000
07375500,30.506389,-90.361667,2006-12-22 02:00:00,2006-12-25 10:00:00,191.1387,2006-12-23 11:30:00,33.5000
07375500,30.506389,-90.361667,2006-12-31 04:30:00,2007-01-04 16:00:00,331.3071,2007-01-01 19:00:00,38.5000
07375500,30.506389,-90.361667,2007-01-05 18:30:00,2007-01-10 11:00:00,163.1050,2007-01-07 13:00:00,42.5000
07375500,30.506389,-90.361667,2008-09-02 16:00:00,2008-09-07 16:30:00,167.0694,2008-09-06 02:00:00,82.0000
07375500,30.506389,-90.361667,2009-01-07 18:00:00,2009-01-09 12:30:00,115.8159,2009-01-08 16:30:00,22.5000
07375500,30.506389,-90.361667,2009-03-27 13:30:00,2009-04-02 09:30:00,634.2974,2009-03-30 23:30:00,82.0000
07375500,30.506389,-90.361667,2009-10-17 01:00:00,2009-10-18 00:30:00,95.4278,2009-10-17 11:00:00,10.0000
07375500,30.506389,-90.361667,2009-12-09 01:30:00,2009-12-11 05:30:00,128.2753,2009-12-10 00:30:00,23.0000
07375500,30.506389,-90.361667,2009-12-13 08:00:00,2009-12-22 19:30:00,359.6240,2009-12-20 00:00:00,160.0000
07375500,30.506389,-90.361667,2009-12-25 16:30:00,2009-12-27 14:30:00,126.2931,2009-12-26 19:00:00,26.5000
07375500,30.506389,-90.361667,2009-12-31 15:00:00,2010-01-02 17:30:00,125.1605,2010-01-01 19:30:00,28.5000
07375500,30.506389,-90.361667,2010-01-22 19:00:00,2010-01-23 17:00:00,99.3921,2010-01-23 07:00:00,12.0000
07375500,30.506389,-90.361667,2010-02-05 02:30:00,2010-02-11 02:00:00,266.4615,2010-02-06 23:00:00,44.5000
07375500,30.506389,-90.361667,2010-02-13 09:00:00,2010-02-14 12:30:00,95.1446,2010-02-13 19:30:00,10.5000
07375500,30.506389,-90.361667,2010-02-24 06:00:00,2010-02-25 00:00:00,93.7288,2010-02-24 18:00:00,12.0000
07375500,30.506389,-90.361667,2010-03-03 00:00:00,2010-03-05 11:00:00,140.1684,2010-03-04 10:00:00,34.0000
07375500,30.506389,-90.361667,2010-08-30 21:30:00,2010-09-01 05:30:00,109.5862,2010-08-31 15:30:00,18.0000
07375500,30.506389,-90.361667,2011-03-05 09:30:00,2011-03-08 09:00:00,104.7723,2011-03-05 14:30:00,5.0000
07375500,30.506389,-90.361667,2011-03-09 14:00:00,2011-03-14 00:00:00,379.4457,2011-03-11 12:30:00,46.5000
07375500,30.506389,-90.361667,2011-09-05 06:30:00,2011-09-08 20:00:00,234.7467,2011-09-07 09:00:00,50.5000
07375500,30.506389,-90.361667,2012-01-28 05:00:00,2012-01-30 10:30:00,144.9823,2012-01-29 16:30:00,35.5000
07375500,30.506389,-90.361667,2012-02-17 16:30:00,2012-02-23 08:30:00,281.1863,2012-02-21 07:30:00,87.0000
07375500,30.506389,-90.361667,2012-03-22 12:00:00,2012-03-25 20:30:00,181.7942,2012-03-24 03:30:00,39.5000
07375500,30.506389,-90.361667,2012-07-21 14:30:00,2012-07-23 06:00:00,117.7981,2012-07-22 12:30:00,22.0000
07375500,30.506389,-90.361667,2012-08-30 06:30:00,2012-09-05 14:30:00,920.2975,2012-09-02 02:30:00,68.0000
07375500,30.506389,-90.361667,2012-12-29 16:30:00,2013-01-01 22:00:00,186.0417,2012-12-31 05:00:00,36.5000
07375500,30.506389,-90.361667,2013-01-09 08:30:00,2013-01-20 10:30:00,645.6241,2013-01-11 13:30:00,53.0000
07375500,30.506389,-90.361667,2013-02-12 07:00:00,2013-02-16 23:00:00,244.0912,2013-02-15 07:00:00,72.0000
07375500,30.506389,-90.361667,2013-02-24 05:00:00,2013-02-28 13:30:00,179.5288,2013-02-26 15:30:00,58.5000
07375500,30.506389,-90.361667,2013-04-15 09:30:00,2013-04-17 14:00:00,137.6199,2013-04-16 15:30:00,30.0000
07375500,30.506389,-90.361667,2013-05-11 14:00:00,2013-05-13 02:30:00,111.0020,2013-05-12 08:30:00,18.5000
07375500,30.506389,-90.361667,2014-02-13 11:30:00,2014-02-14 12:00:00,94.0119,2014-02-14 02:30:00,15.0000
07375500,30.506389,-90.361667,2014-02-22 13:30:00,2014-02-26 01:30:00,278.3546,2014-02-24 13:00:00,47.5000
07375500,30.506389,-90.361667,2014-03-29 10:30:00,2014-04-01 05:30:00,149.7961,2014-03-31 05:00:00,42.5000
07375500,30.506389,-90.361667,2014-04-07 19:00:00,2014-04-10 13:30:00,199.0674,2014-04-09 05:30:00,34.5000
07375500,30.506389,-90.361667,2014-05-10 15:00:00,2014-05-12 01:30:00,99.9585,2014-05-11 07:30:00,16.5000
07375500,30.506389,-90.361667,2014-05-29 02:30:00,2014-06-05 00:00:00,233.0476,2014-06-02 04:00:00,97.5000
07375500,30.506389,-90.361667,2014-12-24 23:00:00,2014-12-25 22:00:00,98.2595,2014-12-25 10:30:00,11.5000
07375500,30.506389,-90.361667,2014-12-28 14:00:00,2014-12-30 00:30:00,91.4634,2014-12-29 16:00:00,26.0000
07375500,30.506389,-90.361667,2015-01-05 05:30:00,2015-01-07 17:00:00,150.6456,2015-01-06 16:00:00,34.5000
07375500,30.506389,-90.361667,2015-01-24 11:30:00,2015-01-25 10:30:00,97.6931,2015-01-24 22:30:00,11.0000
07375500,30.506389,-90.361667,2015-03-03 09:00:00,2015-03-06 12:00:00,173.2991,2015-03-04 18:00:00,33.0000
07375500,30.506389,-90.361667,2015-03-15 09:30:00,2015-03-15 15:30:00,87.4991,2015-03-15 11:30:00,2.0000
07375500,30.506389,-90.361667,2015-04-15 09:00:00,2015-04-19 14:00:00,123.4615,2015-04-18 17:30:00,80.5000
07375500,30.506389,-90.361667,2015-05-27 22:30:00,2015-05-29 21:00:00,114.4001,2015-05-28 19:30:00,21.0000
07375500,30.506389,-90.361667,2015-07-07 00:00:00,2015-07-08 02:00:00,103.6397,2015-07-07 13:30:00,13.5000
07375500,30.506389,-90.361667,2015-10-26 15:00:00,2015-10-30 13:00:00,244.9407,2015-10-28 16:30:00,49.5000
07375500,30.506389,-90.361667,2015-11-01 17:00:00,2015-11-04 22:30:00,174.4318,2015-11-03 03:00:00,34.0000
07375500,30.506389,-90.361667,2015-11-18 19:00:00,2015-11-22 05:00:00,234.7467,2015-11-20 04:30:00,33.5000
07375500,30.506389,-90.361667,2015-12-23 21:30:00,2015-12-28 01:30:00,117.5149,2015-12-24 13:00:00,15.5000
07375500,30.506389,-90.361667,2015-12-29 10:00:00,2015-12-30 15:30:00,99.3921,2015-12-30 01:30:00,15.5000
07375500,30.506389,-90.361667,2016-01-28 00:00:00,2016-01-29 07:30:00,108.4535,2016-01-28 17:00:00,17.0000
07375500,30.506389,-90.361667,2016-02-04 09:00:00,2016-02-06 16:00:00,131.9565,2016-02-05 16:30:00,31.5000
07375500,30.506389,-90.361667,2016-02-24 03:00:00,2016-02-26 19:00:00,165.0872,2016-02-25 05:30:00,26.5000
07375500,30.506389,-90.361667,2016-03-11 06:30:00,2016-03-12 02:30:00,1953.8624,2016-03-12 02:30:00,20.0000
07375500,30.506389,-90.361667,2016-03-29 07:00:00,2016-03-30 00:00:00,95.7109,2016-03-29 15:30:00,8.5000
07375500,30.506389,-90.361667,2016-05-01 21:30:00,2016-05-03 05:00:00,137.9030,2016-05-02 09:00:00,11.5000
07375500,30.506389,-90.361667,2016-05-21 14:00:00,2016-05-21 22:00:00,90.8971,2016-05-21 17:30:00,3.5000
08015500,30.502501,-92.915279,1995-10-06 18:00:00,1995-10-08 16:00:00,189.7229,1995-10-07 17:30:00,23.5000
08015500,30.502501,-92.915279,1995-12-20 06:00:00,1995-12-25 05:30:00,433.2478,1995-12-23 04:00:00,70.0000
08015500,30.502501,-92.915279,1996-01-28 06:00:00,1996-01-30 22:30:00,297.3269,1996-01-28 20:30:00,14.5000
08015500,30.502501,-92.915279,1996-10-27 02:30:00,1996-10-28 18:00:00,193.6872,1996-10-27 19:00:00,16.5000
08015500,30.502501,-92.915279,1997-01-30 05:00:00,1997-02-01 22:00:00,187.4575,1997-01-31 01:00:00,20.0000
08015500,30.502501,-92.915279,1997-02-06 23:30:00,1997-02-09 01:30:00,184.6258,1997-02-08 01:00:00,25.5000
08015500,30.502501,-92.915279,1997-03-14 21:30:00,1997-03-16 09:30:00,184.6258,1997-03-15 08:30:00,11.0000
08015500,30.502501,-92.915279,1997-04-29 13:00:00,1997-05-01 12:30:00,188.8734,1997-04-30 07:00:00,18.0000
08015500,30.502501,-92.915279,1997-12-25 06:00:00,1997-12-31 03:00:00,270.1427,1997-12-29 04:30:00,94.5000
08015500,30.502501,-92.915279,1998-01-07 06:30:00,1998-01-21 01:30:00,1313.9017,1998-01-15 05:00:00,190.5000
08015500,30.502501,-92.915279,1998-01-23 06:00:00,1998-01-28 05:30:00,368.1190,1998-01-24 09:00:00,27.0000
08015500,30.502501,-92.915279,1998-02-24 11:00:00,1998-02-26 01:30:00,179.2456,1998-02-25 01:30:00,14.5000
08015500,30.502501,-92.915279,1998-02-27 18:00:00,1998-03-02 01:00:00,191.9882,1998-02-28 16:30:00,22.5000
08015500,30.502501,-92.915279,1998-03-09 04:00:00,1998-03-11 12:00:00,190.8555,1998-03-10 00:00:00,20.0000
08015500,30.502501,-92.915279,1998-03-18 06:00:00,1998-03-22 18:30:00,243.2417,1998-03-19 13:30:00,31.5000
08015500,30.502501,-92.915279,1998-09-14 05:00:00,1998-09-22 01:00:00,625.8023,1998-09-16 11:04:00,54.0667
08015500,30.502501,-92.915279,1998-11-21 20:30:00,1998-11-25 15:30:00,263.9130,1998-11-23 06:30:00,34.0000
08015500,30.502501,-92.915279,1998-12-13 11:30:00,1998-12-15 05:30:00,249.7546,1998-12-15 05:30:00,42.0000
08015500,30.502501,-92.915279,1998-12-16 06:00:00,1998-12-17 05:45:00,535.1884,1998-12-17 00:00:00,18.0000
08015500,30.502501,-92.915279,1998-12-22 06:00:00,1998-12-23 10:00:00,232.7645,1998-12-22 07:00:00,1.0000
08015500,30.502501,-92.915279,1998-12-30 03:00:00,1998-12-31 06:30:00,182.3605,1998-12-30 13:00:00,10.0000
08015500,30.502501,-92.915279,1999-01-03 16:00:00,1999-01-12 19:00:00,311.4853,1999-01-09 03:00:00,131.0000
08015500,30.502501,-92.915279,1999-02-02 06:00:00,1999-02-09 14:00:00,583.3270,1999-02-04 09:30:00,51.5000
08015500,30.502501,-92.915279,1999-03-14 06:30:00,1999-03-18 20:30:00,277.2219,1999-03-15 21:00:00,38.5000
08015500,30.502501,-92.915279,1999-04-09 05:00:00,1999-04-14 22:00:00,557.8419,1999-04-09 07:00:00,2.0000
08015500,30.502501,-92.915279,2001-01-20 08:00:00,2001-01-25 17:30:00,263.3467,2001-01-22 17:30:00,57.5000
08015500,30.502501,-92.915279,2001-03-10 19:00:00,2001-03-12 05:30:00,207.8457,2001-03-12 02:30:00,31.5000
08015500,30.502501,-92.915279,2001-03-30 10:30:00,2001-04-02 08:17:00,189.7229,2001-03-31 21:00:00,34.5000
08015500,30.502501,-92.915279,2001-06-12 15:30:00,2001-06-14 03:16:00,179.5288,2001-06-13 08:00:00,16.5000
08015500,30.502501,-92.915279,2001-06-15 06:30:00,2001-06-17 15:45:00,200.4833,2001-06-16 04:00:00,21.5000
08015500,30.502501,-92.915279,2001-09-03 10:00:00,2001-09-06 04:46:00,201.0496,2001-09-04 09:30:00,23.5000
08015500,30.502501,-92.915279,2001-10-16 05:00:00,2001-10-21 04:45:00,860.8321,2001-10-16 18:30:00,13.5000
08015500,30.502501,-92.915279,2001-11-30 06:00:00,2001-12-10 02:30:00,1877.4069,2001-12-01 13:00:00,31.0000
08015500,30.502501,-92.915279,2001-12-17 22:30:00,2001-12-28 03:17:00,410.5943,2001-12-21 13:30:00,87.0000
08015500,30.502501,-92.915279,2002-03-03 06:00:00,2002-03-07 03:17:00,233.0476,2002-03-04 18:00:00,36.0000
08015500,30.502501,-92.915279,2002-04-10 05:30:00,2002-04-14 15:49:00,237.0120,2002-04-12 12:00:00,54.5000
08015500,30.502501,-92.915279,2002-10-28 06:00:00,2002-10-30 05:46:00,773.0499,2002-10-30 05:30:00,47.5000
08015500,30.502501,-92.915279,2002-11-05 06:00:00,2002-11-15 18:16:00,2211.5457,2002-11-07 10:00:00,52.0000
08015500,30.502501,-92.915279,2002-12-06 06:00:00,2002-12-18 17:16:00,419.0893,2002-12-09 01:30:00,67.5000
08015500,30.502501,-92.915279,2003-01-01 19:30:00,2003-01-06 22:33:00,237.2952,2003-01-05 10:30:00,87.0000
08015500,30.502501,-92.915279,2003-02-17 03:30:00,2003-02-18 04:34:00,180.9446,2003-02-17 12:00:00,8.5000
08015500,30.502501,-92.915279,2003-02-22 06:00:00,2003-03-04 14:16:00,441.7428,2003-02-24 00:00:00,42.0000
08015500,30.502501,-92.915279,2004-05-13 05:00:00,2004-05-25 20:17:00,1342.2185,2004-05-16 21:00:00,88.0000
08015500,30.502501,-92.915279,2004-06-26 05:00:00,2004-07-06 07:45:00,532.3567,2004-06-27 18:00:00,37.0000
08015500,30.502501,-92.915279,2004-11-24 18:00:00,2004-12-05 00:48:00,588.9904,2004-11-30 14:00:00,140.0000
08015500,30.502501,-92.915279,2004-12-08 21:30:00,2004-12-15 03:45:00,359.6240,2004-12-11 02:30:00,53.0000
08015500,30.502501,-92.915279,2005-02-11 09:00:00,2005-02-20 05:46:00,413.4260,2005-02-14 20:30:00,83.5000
08015500,30.502501,-92.915279,2005-02-26 16:00:00,2005-02-28 08:46:00,180.6615,2005-02-27 08:00:00,16.0000
08015500,30.502501,-92.915279,2006-05-05 10:30:00,2006-05-06 08:18:00,176.1308,2006-05-06 01:00:00,14.5000
08015500,30.502501,-92.915279,2006-10-27 05:00:00,2006-11-02 05:45:00,897.6440,2006-10-29 09:45:00,53.7500
08015500,30.502501,-92.915279,2006-12-31 09:45:00,2007-01-05 05:45:00,614.4756,2007-01-05 03:30:00,113.7500
08015500,30.502501,-92.915279,2007-01-22 13:30:00,2007-01-26 02:45:00,223.4199,2007-01-24 01:30:00,36.0000
08015500,30.502501,-92.915279,2007-01-30 08:30:00,2007-01-30 13:45:00,173.2991,2007-01-30 10:00:00,1.5000
08015500,30.502501,-92.915279,2014-02-15 14:30:00,2014-02-16 02:30:00,173.0159,2014-02-15 18:30:00,4.0000
08015500,30.502501,-92.915279,2015-01-12 23:00:00,2015-01-16 21:30:00,245.2239,2015-01-14 15:00:00,40.0000
08015500,30.502501,-92.915279,2015-03-12 19:30:00,2015-03-16 04:00:00,194.5367,2015-03-14 15:30:00,44.0000
08015500,30.502501,-92.915279,2015-04-09 13:30:00,2015-04-12 02:30:00,231.0655,2015-04-10 21:30:00,32.0000
08015500,30.502501,-92.915279,2015-04-14 20:00:00,2015-04-23 17:30:00,261.0813,2015-04-20 05:30:00,129.5000
08015500,30.502501,-92.915279,2015-05-21 12:15:00,2015-05-23 15:15:00,178.3961,2015-05-22 14:15:00,26.0000
08015500,30.502501,-92.915279,2015-05-28 01:30:00,2015-06-02 02:30:00,250.3209,2015-05-30 08:30:00,55.0000
08015500,30.502501,-92.915279,2015-11-04 12:00:00,2015-11-14 14:30:00,611.6439,2015-11-07 14:00:00,74.0000
08015500,30.502501,-92.915279,2016-01-12 07:30:00,2016-01-12 20:30:00,173.2991,2016-01-12 12:30:00,5.0000
08015500,30.502501,-92.915279,2016-03-13 01:30:00,2016-03-21 13:00:00,1203.4660,2016-03-15 18:30:00,64.0000
08015500,30.502501,-92.915279,2016-04-23 22:30:00,2016-04-24 06:30:00,172.7328,2016-04-24 01:00:00,2.5000
08015500,30.502501,-92.915279,2016-05-02 01:30:00,2016-05-05 15:30:00,205.8635,2016-05-02 19:30:00,18.0000
07035800,37.502224,-90.457779,1996-04-22 12:15:00,1996-04-23 21:45:00,1138.3372,1996-04-22 17:30:00,5.2500
07035800,37.502224,-90.457779,1996-11-25 14:45:00,1996-11-26 07:45:00,535.1884,1996-11-26 02:30:00,11.7500
07035800,37.502224,-90.457779,1997-02-27 06:45:00,1997-02-27 16:15:00,557.8419,1997-02-27 09:00:00,2.2500
07035800,37.502224,-90.457779,1997-05-31 01:15:00,1997-05-31 16:00:00,874.9906,1997-05-31 05:45:00,4.5000
07035800,37.502224,-90.457779,2002-02-01 04:15:00,2002-02-01 09:30:00,492.7131,2002-02-01 06:15:00,2.0000
07035800,37.502224,-90.457779,2002-03-09 15:15:00,2002-03-09 21:45:00,526.6933,2002-03-09 17:15:00,2.0000
07035800,37.502224,-90.457779,2002-05-08 10:00:00,2002-05-09 12:30:00,1124.1788,2002-05-08 16:00:00,6.0000
07035800,37.502224,-90.457779,2002-05-13 03:00:00,2002-05-14 05:45:00,1942.5357,2002-05-13 09:45:00,6.7500
07035800,37.502224,-90.457779,2002-05-17 06:00:00,2002-05-18 08:00:00,1175.1491,2002-05-17 13:00:00,7.0000
07035800,37.502224,-90.457779,2003-11-18 13:45:00,2003-11-19 11:45:00,948.6144,2003-11-18 17:45:00,4.0000
07035800,37.502224,-90.457779,2005-01-13 15:00:00,2005-01-14 01:45:00,526.6933,2005-01-13 20:30:00,5.5000
07035800,37.502224,-90.457779,2006-12-01 04:45:00,2006-12-01 16:30:00,583.3270,2006-12-01 10:00:00,5.2500
07035800,37.502224,-90.457779,2008-02-17 17:00:00,2008-02-18 04:45:00,543.6835,2008-02-17 23:15:00,6.2500
07035800,37.502224,-90.457779,2008-03-18 16:15:00,2008-03-20 07:45:00,1430.0008,2008-03-19 12:00:00,19.7500
07035800,37.502224,-90.457779,2008-04-01 07:45:00,2008-04-01 11:45:00,484.2181,2008-04-01 09:15:00,1.5000
07035800,37.502224,-90.457779,2008-04-10 16:15:00,2008-04-11 16:00:00,1214.7927,2008-04-10 22:15:00,6.0000
07035800,37.502224,-90.457779,2009-10-30 11:15:00,2009-10-31 14:15:00,1084.5352,2009-10-30 19:00:00,7.7500
07035800,37.502224,-90.457779,2011-04-23 12:15:00,2011-04-28 12:30:00,1376.1987,2011-04-26 06:30:00,66.2500
07035800,37.502224,-90.457779,2011-05-02 08:30:00,2011-05-02 18:30:00,594.6538,2011-05-02 13:00:00,4.5000
07035800,37.502224,-90.457779,2013-01-13 08:00:00,2013-01-13 18:00:00,682.4360,2013-01-13 12:15:00,4.2500
07035800,37.502224,-90.457779,2013-03-18 07:30:00,2013-03-18 21:30:00,628.6340,2013-03-18 11:30:00,4.0000
07035800,37.502224,-90.457779,2013-05-04 00:00:00,2013-05-04 15:00:00,622.9706,2013-05-04 04:30:00,4.5000
07035800,37.502224,-90.457779,2013-12-21 23:00:00,2013-12-22 06:00:00,492.7131,2013-12-22 02:00:00,3.0000
07035800,37.502224,-90.457779,2015-06-19 22:30:00,2015-06-20 12:30:00,631.4657,2015-06-20 03:00:00,4.5000
07035800,37.502224,-90.457779,2015-12-27 18:00:00,2015-12-29 15:30:00,1243.1096,2015-12-28 20:30:00,26.5000
07035800,37.502224,-90.457779,2016-05-12 15:00:00,2016-05-13 02:30:00,552.1785,2016-05-12 20:30:00,5.5000
07375280,31.012222,-90.461111,1997-01-28 21:00:00,1997-01-29 16:00:00,115.2496,1997-01-29 08:30:00,11.5000
07375280,31.012222,-90.461111,1997-02-13 15:15:00,1997-02-14 13:45:00,122.8951,1997-02-14 03:15:00,12.0000
07375280,31.012222,-90.461111,1997-02-25 18:15:00,1997-02-27 13:45:00,161.9724,1997-02-26 11:30:00,17.2500
07375280,31.012222,-90.461111,1997-06-18 06:00:00,1997-06-18 13:30:00,84.3842,1997-06-18 09:15:00,3.2500
07375280,31.012222,-90.461111,1997-12-24 09:45:00,1997-12-25 06:30:00,98.5426,1997-12-24 17:15:00,7.5000
07375280,31.012222,-90.461111,1998-01-07 06:15:00,1998-01-09 13:45:00,328.4754,1998-01-07 23:00:00,16.7500
07375280,31.012222,-90.461111,1998-01-23 02:00:00,1998-01-23 16:15:00,90.8971,1998-01-23 09:15:00,7.2500
07375280,31.012222,-90.461111,1998-02-27 16:00:00,1998-02-27 21:00:00,75.8891,1998-02-27 17:15:00,1.2500
07375280,31.012222,-90.461111,1999-01-30 07:00:00,1999-01-31 20:30:00,241.8259,1999-01-30 22:15:00,15.2500
07375280,31.012222,-90.461111,1999-03-13 21:30:00,1999-03-15 23:15:00,185.7585,1999-03-14 16:30:00,19.0000
07375280,31.012222,-90.461111,2001-01-19 22:45:00,2001-01-20 16:45:00,98.8258,2001-01-20 08:15:00,9.5000
07375280,31.012222,-90.461111,2001-03-02 19:45:00,2001-03-05 23:45:00,229.3665,2001-03-04 10:30:00,38.7500
07375280,31.012222,-90.461111,2001-08-14 12:30:00,2001-08-14 23:00:00,79.2872,2001-08-14 18:00:00,5.5000
07375280,31.012222,-90.461111,2002-03-26 15:45:00,2002-03-27 20:45:00,146.3981,2002-03-27 07:15:00,15.5000
07375280,31.012222,-90.461111,2002-04-09 01:15:00,2002-04-10 14:30:00,152.3446,2002-04-09 18:15:00,17.0000
07375280,31.012222,-90.461111,2002-05-30 22:15:00,2002-05-31 03:00:00,82.1189,2002-05-31 00:30:00,2.2500
07375280,31.012222,-90.461111,2002-07-14 11:00:00,2002-07-15 00:45:00,94.8614,2002-07-14 18:15:00,7.2500
07375280,31.012222,-90.461111,2002-08-06 16:30:00,2002-08-07 21:15:00,139.6021,2002-08-07 04:00:00,11.5000
07375280,31.012222,-90.461111,2002-09-26 11:45:00,2002-09-29 06:45:00,557.8419,2002-09-27 07:30:00,19.7500
07375280,31.012222,-90.461111,2002-10-03 19:45:00,2002-10-05 06:15:00,165.9367,2002-10-04 12:45:00,17.0000
07375280,31.012222,-90.461111,2002-10-26 14:15:00,2002-10-26 23:30:00,84.6674,2002-10-26 19:30:00,5.2500
07375280,31.012222,-90.461111,2002-10-30 05:00:00,2002-10-31 20:45:00,100.2416,2002-10-30 16:15:00,11.2500
07375280,31.012222,-90.461111,2002-11-05 04:30:00,2002-11-07 04:15:00,126.5763,2002-11-06 12:15:00,31.7500
07375280,31.012222,-90.461111,2003-02-07 14:15:00,2003-02-07 20:00:00,77.8713,2003-02-07 17:30:00,3.2500
07375280,31.012222,-90.461111,2003-02-21 22:15:00,2003-02-24 17:00:00,250.0378,2003-02-23 02:30:00,28.2500
07375280,31.012222,-90.461111,2003-06-16 06:45:00,2003-06-17 02:15:00,125.1605,2003-06-16 17:15:00,10.5000
07375280,31.012222,-90.461111,2003-07-06 02:15:00,2003-07-06 20:30:00,108.7367,2003-07-06 12:00:00,9.7500
07375280,31.012222,-90.461111,2003-07-24 00:45:00,2003-07-24 16:30:00,97.9763,2003-07-24 09:30:00,8.7500
07375280,31.012222,-90.461111,2004-02-06 08:00:00,2004-02-08 13:30:00,173.2991,2004-02-07 11:30:00,27.5000
07375280,31.012222,-90.461111,2004-02-12 06:15:00,2004-02-14 17:15:00,208.1288,2004-02-13 03:30:00,21.2500
07375280,31.012222,-90.461111,2004-02-24 02:00:00,2004-02-25 05:45:00,140.4516,2004-02-24 13:45:00,11.7500
07375280,31.012222,-90.461111,2004-02-26 06:00:00,2004-02-26 13:45:00,122.0456,2004-02-26 06:15:00,0.2500
07375280,31.012222,-90.461111,2004-05-13 04:15:00,2004-05-14 01:00:00,111.8515,2004-05-13 16:45:00,12.5000
07375280,31.012222,-90.461111,2004-05-15 15:15:00,2004-05-18 10:45:00,283.1685,2004-05-16 10:45:00,19.5000
07375280,31.012222,-90.461111,2004-07-01 19:45:00,2004-07-01 23:30:00,74.7565,2004-07-01 20:45:00,1.0000
07375280,31.012222,-90.461111,2005-04-01 14:30:00,2005-04-02 08:30:00,107.6040,2005-04-02 01:00:00,10.5000
07375280,31.012222,-90.461111,2005-04-12 10:15:00,2005-04-12 20:45:00,85.8000,2005-04-12 16:15:00,6.0000
07375280,31.012222,-90.461111,2005-08-30 13:00:00,2005-08-30 21:00:00,82.4020,2005-08-30 17:15:00,4.2500
07375280,31.012222,-90.461111,2006-01-23 13:00:00,2006-01-24 02:15:00,89.4812,2006-01-23 20:00:00,7.0000
07375280,31.012222,-90.461111,2006-10-27 14:15:00,2006-10-29 22:15:00,216.9070,2006-10-28 11:00:00,20.7500
07375280,31.012222,-90.461111,2006-12-31 03:15:00,2007-01-02 03:30:00,155.4595,2006-12-31 20:45:00,17.5000
07375280,31.012222,-90.461111,2007-01-05 15:30:00,2007-01-06 14:00:00,106.1882,2007-01-06 04:30:00,13.0000
07375280,31.012222,-90.461111,2008-09-02 21:45:00,2008-09-05 11:45:00,169.0516,2008-09-03 19:00:00,21.2500
07375280,31.012222,-90.461111,2008-12-12 03:15:00,2008-12-12 22:00:00,87.7822,2008-12-12 13:45:00,10.5000
07375280,31.012222,-90.461111,2009-03-27 02:30:00,2009-03-30 17:15:00,387.9408,2009-03-28 23:45:00,45.2500
07375280,31.012222,-90.461111,2009-04-14 10:30:00,2009-04-15 14:30:00,126.0100,2009-04-14 23:45:00,13.2500
07375280,31.012222,-90.461111,2009-12-13 04:00:00,2009-12-19 19:30:00,129.1248,2009-12-19 06:15:00,146.2500
07375280,31.012222,-90.461111,2010-01-21 16:15:00,2010-01-22 02:45:00,88.0654,2010-01-21 22:45:00,6.5000
07375280,31.012222,-90.461111,2010-02-05 03:15:00,2010-02-06 15:15:00,142.7169,2010-02-05 21:00:00,17.7500
07375280,31.012222,-90.461111,2010-02-22 20:15:00,2010-02-23 11:15:00,103.0733,2010-02-23 05:15:00,9.0000
07375280,31.012222,-90.461111,2010-08-29 21:15:00,2010-08-30 09:15:00,87.4991,2010-08-30 04:00:00,6.7500
07375280,31.012222,-90.461111,2011-03-06 10:00:00,2011-03-06 17:30:00,83.2515,2011-03-06 14:15:00,4.2500
07375280,31.012222,-90.461111,2011-03-09 03:00:00,2011-03-11 21:00:00,160.8397,2011-03-10 13:00:00,34.0000
07375280,31.012222,-90.461111,2011-12-27 06:15:00,2011-12-28 04:30:00,108.7367,2011-12-27 15:00:00,8.7500
07375280,31.012222,-90.461111,2012-01-18 15:30:00,2012-01-19 08:15:00,116.3822,2012-01-18 23:45:00,8.2500
07375280,31.012222,-90.461111,2012-01-26 19:00:00,2012-01-28 00:45:00,162.8219,2012-01-27 07:45:00,12.7500
07375280,31.012222,-90.461111,2012-02-19 00:45:00,2012-02-20 12:30:00,171.6001,2012-02-19 16:45:00,16.0000
07375280,31.012222,-90.461111,2012-08-30 09:45:00,2012-09-02 07:30:00,622.9706,2012-08-31 01:00:00,15.2500
07375280,31.012222,-90.461111,2012-12-29 18:15:00,2012-12-30 04:30:00,84.1010,2012-12-29 23:00:00,4.7500
07375280,31.012222,-90.461111,2013-01-09 23:00:00,2013-01-12 11:45:00,124.5941,2013-01-10 17:00:00,18.0000
07375280,31.012222,-90.461111,2013-01-15 18:30:00,2013-01-16 21:15:00,92.0298,2013-01-16 05:00:00,10.5000
07375280,31.012222,-90.461111,2013-02-12 05:30:00,2013-02-14 05:30:00,194.8199,2013-02-12 23:15:00,17.7500
07375280,31.012222,-90.461111,2014-02-21 08:00:00,2014-02-23 13:00:00,263.6298,2014-02-21 23:45:00,15.7500
07375280,31.012222,-90.461111,2014-03-29 07:00:00,2014-03-29 16:15:00,89.1981,2014-03-29 11:30:00,4.5000
07375280,31.012222,-90.461111,2015-01-04 10:00:00,2015-01-05 06:30:00,102.7902,2015-01-05 00:45:00,14.7500
07375280,31.012222,-90.461111,2015-03-02 20:45:00,2015-03-03 18:45:00,105.9050,2015-03-03 03:15:00,6.5000
07375280,31.012222,-90.461111,2015-10-26 11:00:00,2015-10-28 00:30:00,176.6971,2015-10-27 03:30:00,16.5000
07375280,31.012222,-90.461111,2016-02-04 01:30:00,2016-02-04 06:45:00,78.1545,2016-02-04 04:00:00,2.5000
07375280,31.012222,-90.461111,2016-03-11 07:30:00,2016-03-13 20:30:00,543.6835,2016-03-11 23:15:00,15.7500
07376000,30.503611,-90.677222,1995-12-20 21:00:00,1995-12-22 05:30:00,225.1189,1995-12-21 08:00:00,11.0000
07376000,30.503611,-90.677222,1997-02-27 10:30:00,1997-02-28 23:30:00,185.4753,1997-02-27 20:00:00,9.5000
07376000,30.503611,-90.677222,1997-04-30 09:00:18,1997-05-01 00:30:18,178.1130,1997-04-30 14:30:18,5.5000
07376000,30.503611,-90.677222,1998-01-09 02:00:00,1998-01-10 16:00:00,232.7645,1998-01-09 14:00:00,12.0000
07376000,30.503611,-90.677222,1999-03-15 22:00:00,1999-03-16 18:00:00,189.1565,1999-03-16 05:00:00,7.0000
07376000,30.503611,-90.677222,2001-03-06 05:30:00,2001-03-07 00:00:00,174.7149,2001-03-06 13:30:00,8.0000
07376000,30.503611,-90.677222,2001-06-08 08:30:00,2001-06-10 17:30:00,216.3407,2001-06-09 00:30:00,16.0000
07376000,30.503611,-90.677222,2004-05-17 05:00:00,2004-05-19 00:00:00,245.7902,2004-05-17 16:30:00,11.5000
07376000,30.503611,-90.677222,2009-03-29 18:00:00,2009-04-01 12:30:00,277.2219,2009-03-31 02:30:00,32.5000
07376000,30.503611,-90.677222,2009-12-18 01:00:00,2009-12-18 20:00:00,163.6714,2009-12-18 10:00:00,9.0000
07376000,30.503611,-90.677222,2009-12-20 14:00:00,2009-12-21 13:30:00,166.5031,2009-12-21 01:00:00,11.0000
07376000,30.503611,-90.677222,2011-03-10 18:30:00,2011-03-12 15:30:00,294.4952,2011-03-11 05:30:00,11.0000
07376000,30.503611,-90.677222,2013-01-10 22:00:00,2013-01-13 21:30:00,273.5407,2013-01-11 17:00:00,19.0000
07376000,30.503611,-90.677222,2015-10-28 03:30:00,2015-10-29 12:45:00,220.3051,2015-10-28 11:15:00,7.7500
07376000,30.503611,-90.677222,2016-03-12 03:30:00,2016-03-14 22:30:00,523.8617,2016-03-13 02:45:00,23.2500
07359002,34.426389,-92.890833,2006-03-20 10:30:00,2006-03-20 19:15:00,1129.8422,2006-03-20 15:45:00,5.2500
07359002,34.426389,-92.890833,2007-01-13 19:45:00,2007-01-15 16:15:00,1407.3473,2007-01-14 02:15:00,6.5000
07359002,34.426389,-92.890833,2008-02-17 08:15:00,2008-02-17 17:00:00,1027.9015,2008-02-17 11:15:00,3.0000
07359002,34.426389,-92.890833,2008-03-19 10:15:00,2008-03-19 18:30:00,1070.3768,2008-03-19 13:00:00,2.7500
07359002,34.426389,-92.890833,2008-04-04 06:00:00,2008-04-04 21:00:00,2347.4666,2008-04-04 11:45:00,5.7500
07359002,34.426389,-92.890833,2008-04-09 07:45:00,2008-04-09 09:15:00,846.6737,2008-04-09 08:45:00,1.0000
07359002,34.426389,-92.890833,2008-05-27 09:15:00,2008-05-27 12:00:00,849.5054,2008-05-27 11:30:00,2.2500
07359002,34.426389,-92.890833,2008-09-03 06:45:00,2008-09-04 10:30:00,2180.3972,2008-09-03 13:45:00,7.0000
07359002,34.426389,-92.890833,2009-05-06 07:15:00,2009-05-06 22:45:00,1608.3969,2009-05-06 09:45:00,2.5000
07359002,34.426389,-92.890833,2009-07-28 14:30:00,2009-07-28 15:30:00,804.1984,2009-07-28 15:00:00,0.5000
07359002,34.426389,-92.890833,2009-08-01 17:00:00,2009-08-01 22:15:00,1203.4660,2009-08-01 19:00:00,2.0000
07359002,34.426389,-92.890833,2009-09-16 17:45:00,2009-09-16 22:15:00,807.0301,2009-09-16 18:00:00,0.2500
07359002,34.426389,-92.890833,2009-10-09 14:45:00,2009-10-09 22:45:00,1851.9218,2009-10-09 18:00:00,3.2500
07359002,34.426389,-92.890833,2009-10-22 22:30:00,2009-10-23 06:30:00,1044.8916,2009-10-23 00:45:00,2.2500
07359002,34.426389,-92.890833,2009-12-24 04:45:00,2009-12-25 02:00:00,1919.8822,2009-12-24 13:45:00,9.0000
07359002,34.426389,-92.890833,2010-02-08 23:30:00,2010-02-09 05:00:00,999.5847,2010-02-09 02:30:00,3.0000
07359002,34.426389,-92.890833,2011-04-26 03:45:00,2011-04-26 12:45:00,1614.0603,2011-04-26 09:30:00,5.7500
07359002,34.426389,-92.890833,2011-05-01 22:30:00,2011-05-02 17:00:00,1622.5553,2011-05-02 10:30:00,12.0000
07359002,34.426389,-92.890833,2011-11-21 13:30:00,2011-11-22 05:15:00,1296.9116,2011-11-21 19:45:00,6.2500
07359002,34.426389,-92.890833,2013-05-31 06:00:00,2013-05-31 18:30:00,1118.5154,2013-05-31 09:45:00,3.7500
07359002,34.426389,-92.890833,2013-06-01 20:45:00,2013-06-02 07:00:00,1427.1691,2013-06-02 01:45:00,5.0000
07359002,34.426389,-92.890833,2014-04-14 04:00:00,2014-04-14 08:30:00,1458.3176,2014-04-14 05:30:00,1.5000
07359002,34.426389,-92.890833,2015-05-11 11:00:00,2015-05-11 21:15:00,1922.7139,2015-05-11 15:00:00,4.0000
07359002,34.426389,-92.890833,2015-11-28 09:30:00,2015-11-29 07:30:00,1186.4759,2015-11-28 21:30:00,12.0000
07359002,34.426389,-92.890833,2015-12-28 05:45:00,2015-12-28 19:30:00,1330.8918,2015-12-28 12:45:00,7.0000
07359002,34.426389,-92.890833,2016-04-30 02:15:00,2016-04-30 18:00:00,1701.8425,2016-04-30 15:30:00,13.2500
07375000,30.615833,-90.248611,1998-01-07 13:00:00,1998-01-09 07:00:00,142.4337,1998-01-08 11:00:00,22.0000
07375000,30.615833,-90.248611,1998-01-13 04:00:00,1998-01-14 17:00:00,91.4634,1998-01-14 02:00:00,22.0000
07375000,30.615833,-90.248611,1998-03-08 10:00:00,1998-03-09 20:00:00,149.2298,1998-03-08 21:00:00,11.0000
07375000,30.615833,-90.248611,1998-03-18 00:00:00,1998-03-18 22:00:00,80.1367,1998-03-18 09:00:00,9.0000
07375000,30.615833,-90.248611,2002-09-27 05:00:00,2002-09-28 12:30:00,359.6240,2002-09-27 10:00:00,5.0000
07375000,30.615833,-90.248611,2002-10-03 23:30:00,2002-10-04 04:30:00,84.9505,2002-10-04 04:30:00,5.0000
07375000,30.615833,-90.248611,2002-12-24 14:00:00,2002-12-26 01:30:00,75.3228,2002-12-25 03:00:00,13.0000
07375000,30.615833,-90.248611,2003-02-22 15:00:00,2003-02-23 20:30:00,79.2872,2003-02-23 07:30:00,16.5000
07375000,30.615833,-90.248611,2003-04-08 21:30:00,2003-04-10 09:00:00,95.9941,2003-04-09 17:30:00,20.0000
07375000,30.615833,-90.248611,2003-07-01 01:30:00,2003-07-01 04:30:00,137.0535,2003-07-01 04:30:00,3.0000
07375000,30.615833,-90.248611,2004-05-15 19:30:00,2004-05-17 10:30:00,161.4060,2004-05-16 06:30:00,11.0000
07375000,30.615833,-90.248611,2004-06-30 05:22:00,2004-06-30 13:37:00,59.1822,2004-06-30 07:27:00,2.0833
07375000,30.615833,-90.248611,2005-02-02 21:00:00,2005-02-03 02:30:00,55.2179,2005-02-02 23:00:00,2.0000
07375000,30.615833,-90.248611,2006-12-23 10:30:00,2006-12-23 20:30:00,54.0852,2006-12-23 15:30:00,5.0000
07375000,30.615833,-90.248611,2007-01-01 11:00:00,2007-01-02 11:30:00,80.4198,2007-01-01 20:30:00,9.5000
07375000,30.615833,-90.248611,2009-03-28 12:30:00,2009-03-30 13:30:00,107.3208,2009-03-29 15:00:00,26.5000
07375000,30.615833,-90.248611,2009-12-13 23:00:00,2009-12-15 14:00:00,60.5981,2009-12-14 04:30:00,5.5000
07375000,30.615833,-90.248611,2009-12-18 19:30:00,2009-12-20 16:00:00,88.3486,2009-12-19 11:00:00,15.5000
07375000,30.615833,-90.248611,2010-02-06 01:30:00,2010-02-06 23:00:00,57.2000,2010-02-06 09:30:00,8.0000
07375000,30.615833,-90.248611,2011-09-05 15:00:00,2011-09-07 14:00:00,96.8436,2011-09-06 05:30:00,14.5000
07375000,30.615833,-90.248611,2012-08-30 15:15:00,2012-09-02 07:45:00,245.7902,2012-08-31 11:30:00,20.2500
07375000,30.615833,-90.248611,2013-01-09 23:15:00,2013-01-13 10:15:00,101.9406,2013-01-11 00:15:00,25.0000
07375000,30.615833,-90.248611,2013-01-15 07:15:00,2013-01-16 22:45:00,84.3842,2013-01-16 01:30:00,18.2500
07375000,30.615833,-90.248611,2014-05-31 17:15:00,2014-06-01 19:15:00,76.1723,2014-06-01 03:45:00,10.5000
07375000,30.615833,-90.248611,2016-03-11 10:30:00,2016-03-13 12:30:00,991.0896,2016-03-11 20:15:00,9.7500
07376500,30.504167,-90.545833,1996-10-26 18:00:00,1996-10-27 10:30:00,103.6397,1996-10-26 22:30:00,4.5000
07376500,30.504167,-90.545833,2004-05-15 11:00:00,2004-05-17 15:00:00,121.7624,2004-05-16 08:00:00,21.0000
07376500,30.504167,-90.545833,2012-08-31 01:15:00,2012-09-01 15:00:00,139.8852,2012-08-31 06:15:00,5.0000
07376500,30.504167,-90.545833,2013-01-10 02:00:00,2013-01-12 04:30:00,131.1070,2013-01-11 02:00:00,24.0000
07376500,30.504167,-90.545833,2016-03-11 05:45:00,2016-03-13 22:45:00,231.9150,2016-03-11 23:15:00,17.5000
08014500,30.698612,-92.893057,1995-12-21 06:00:00,1995-12-23 11:00:00,192.2714,1995-12-22 07:00:00,25.0000
08014500,30.698612,-92.893057,1997-02-14 21:30:00,1997-02-17 23:30:00,232.1981,1997-02-16 01:00:00,27.5000
08014500,30.698612,-92.893057,1997-02-26 18:00:00,1997-03-03 08:30:00,336.9705,1997-02-28 03:30:00,33.5000
08014500,30.698612,-92.893057,1998-01-09 02:00:00,1998-01-10 05:30:00,263.3467,1998-01-10 04:00:00,26.0000
08014500,30.698612,-92.893057,1998-09-14 06:31:00,1998-09-17 23:30:00,260.2318,1998-09-15 02:32:00,20.0167
08014500,30.698612,-92.893057,1998-12-14 05:00:00,1998-12-17 03:16:00,297.3269,1998-12-15 02:30:00,21.5000
08014500,30.698612,-92.893057,1999-01-31 16:30:00,1999-02-03 18:46:00,427.5844,1999-02-01 08:30:00,16.0000
08014500,30.698612,-92.893057,1999-04-05 12:00:00,1999-04-09 04:18:00,475.7230,1999-04-06 13:00:00,25.0000
08014500,30.698612,-92.893057,2001-10-14 05:59:00,2001-10-18 05:46:00,529.5250,2001-10-15 08:30:00,26.5167
08014500,30.698612,-92.893057,2001-11-29 08:00:00,2001-12-04 02:45:00,1073.2085,2001-11-30 14:30:00,30.5000
08014500,30.698612,-92.893057,2002-10-28 13:00:00,2002-11-01 21:30:00,370.9507,2002-10-30 09:30:00,44.5000
08014500,30.698612,-92.893057,2002-11-04 18:30:00,2002-11-07 05:30:00,928.7926,2002-11-06 01:00:00,30.5000
08014500,30.698612,-92.893057,2002-12-07 07:00:00,2002-12-09 09:00:00,214.3585,2002-12-08 04:30:00,21.5000
08014500,30.698612,-92.893057,2003-02-24 08:00:00,2003-02-25 12:30:00,163.9545,2003-02-24 22:00:00,14.0000
08014500,30.698612,-92.893057,2004-02-13 04:30:00,2004-02-17 03:30:00,267.8774,2004-02-15 03:00:00,46.5000
08014500,30.698612,-92.893057,2004-06-27 03:00:00,2004-06-28 14:30:00,163.6714,2004-06-28 02:00:00,23.0000
08014500,30.698612,-92.893057,2004-11-26 08:30:00,2004-11-27 02:00:00,157.7248,2004-11-26 17:30:00,9.0000
08014500,30.698612,-92.893057,2006-10-19 08:30:00,2006-10-24 04:30:00,269.5764,2006-10-22 08:00:00,71.5000
08014500,30.698612,-92.893057,2007-01-01 17:30:00,2007-01-04 07:30:00,277.5051,2007-01-02 16:30:00,23.0000
08014500,30.698612,-92.893057,2007-01-08 11:00:00,2007-01-09 03:00:00,154.8932,2007-01-08 19:00:00,8.0000
08014500,30.698612,-92.893057,2008-09-15 08:00:00,2008-09-16 20:30:00,229.9328,2008-09-15 22:00:00,14.0000
08014500,30.698612,-92.893057,2010-02-07 15:30:00,2010-02-09 03:30:00,174.9981,2010-02-08 07:00:00,15.5000
08014500,30.698612,-92.893057,2012-02-05 00:30:00,2012-02-09 02:30:00,328.4754,2012-02-06 00:00:00,23.5000
08014500,30.698612,-92.893057,2012-02-19 14:00:00,2012-02-21 23:30:00,177.8298,2012-02-20 10:00:00,20.0000
08014500,30.698612,-92.893057,2012-03-23 06:30:00,2012-03-26 01:30:00,274.3902,2012-03-24 04:00:00,21.5000
08014500,30.698612,-92.893057,2013-01-10 23:30:00,2013-01-15 08:00:00,529.5250,2013-01-12 10:30:00,35.0000
08014500,30.698612,-92.893057,2015-04-08 12:30:00,2015-04-09 14:00:00,164.8040,2015-04-08 22:00:00,9.5000
08014500,30.698612,-92.893057,2015-11-03 12:00:00,2015-11-06 02:00:00,217.7566,2015-11-04 08:00:00,20.0000
08014500,30.698612,-92.893057,2016-03-12 05:30:00,2016-03-15 19:00:00,396.4359,2016-03-12 20:00:00,14.5000
07377000,30.888889,-90.844444,2003-02-23 02:30:00,2003-02-23 15:00:00,1064.7134,2003-02-23 07:30:00,5.0000
07377000,30.888889,-90.844444,2008-09-03 16:00:00,2008-09-04 02:30:00,945.7827,2008-09-03 19:00:00,3.0000
07377000,30.888889,-90.844444,2009-03-29 01:30:00,2009-03-29 18:00:00,934.4559,2009-03-29 09:30:00,8.0000
07377000,30.888889,-90.844444,2013-02-13 05:00:00,2013-02-13 11:30:00,880.6539,2013-02-13 07:00:00,2.0000
07377000,30.888889,-90.844444,2016-03-12 12:30:00,2016-03-13 04:30:00,1030.7332,2016-03-12 20:00:00,7.5000
07377500,30.755833,-91.043889,1997-04-28 01:17:00,1997-04-28 15:30:00,628.6340,1997-04-28 08:12:00,6.9167
07377500,30.755833,-91.043889,2001-06-07 20:30:00,2001-06-08 04:45:00,608.8122,2001-06-08 04:30:00,8.0000
07377500,30.755833,-91.043889,2008-09-03 08:30:00,2008-09-03 20:00:00,546.5151,2008-09-03 13:00:00,4.5000
07378000,30.512500,-91.073611,1995-11-03 03:00:00,1995-11-03 05:30:00,216.0575,1995-11-03 05:30:00,2.5000
07378000,30.512500,-91.073611,1995-12-18 13:00:00,1995-12-19 05:30:00,608.8122,1995-12-19 04:30:00,15.5000
07378000,30.512500,-91.073611,1996-01-27 02:30:00,1996-01-27 15:30:00,253.7189,1996-01-27 05:30:00,3.0000
07378000,30.512500,-91.073611,1997-02-14 06:00:00,1997-02-14 14:30:00,229.6496,1997-02-14 08:00:00,2.0000
07378000,30.512500,-91.073611,1997-04-05 15:30:00,1997-04-07 06:00:00,379.4457,1997-04-06 04:00:00,11.5000
07378000,30.512500,-91.073611,1997-04-27 16:09:00,1997-04-28 04:46:00,481.3864,1997-04-28 04:34:00,12.4167
07378000,30.512500,-91.073611,1997-06-18 01:30:00,1997-06-18 04:30:00,224.8358,1997-06-18 04:30:00,3.0000
07378000,30.512500,-91.073611,1998-01-07 04:00:00,1998-01-07 05:50:00,319.9804,1998-01-07 05:30:00,1.5000
07378000,30.512500,-91.073611,1998-01-22 17:30:00,1998-01-23 05:47:00,266.4615,1998-01-23 03:00:00,9.5000
07378000,30.512500,-91.073611,1999-01-31 09:30:00,1999-02-01 01:00:00,242.1090,1999-01-31 18:00:00,8.5000
07378000,30.512500,-91.073611,2002-03-02 09:30:00,2002-03-02 22:00:00,214.9249,2002-03-02 17:00:00,7.5000
07378000,30.512500,-91.073611,2002-10-28 05:00:00,2002-10-28 16:53:00,214.9249,2002-10-28 10:30:00,5.5000
07378000,30.512500,-91.073611,2002-10-29 17:00:00,2002-10-30 09:31:00,227.6674,2002-10-29 22:00:00,5.0000
07378000,30.512500,-91.073611,2002-11-05 20:00:00,2002-11-07 09:55:00,365.2873,2002-11-06 14:00:00,18.0000
07378000,30.512500,-91.073611,2004-02-12 05:00:00,2004-02-12 05:30:00,206.7130,2004-02-12 05:30:00,0.5000
07378000,30.512500,-91.073611,2004-02-25 08:30:00,2004-02-25 15:30:00,205.8635,2004-02-25 11:00:00,2.5000
07378000,30.512500,-91.073611,2004-05-14 18:30:00,2004-05-16 04:46:00,600.3171,2004-05-16 04:30:00,34.0000
07378000,30.512500,-91.073611,2004-06-25 17:00:00,2004-06-26 04:39:00,342.6338,2004-06-26 04:30:00,11.5000
07378000,30.512500,-91.073611,2005-02-01 05:30:00,2005-02-02 05:47:00,419.0893,2005-02-02 02:30:00,21.0000
07378000,30.512500,-91.073611,2005-09-24 09:39:00,2005-09-25 08:30:00,288.8318,2005-09-24 19:30:00,9.8500
07378000,30.512500,-91.073611,2006-10-27 14:30:00,2006-10-28 04:30:00,512.5349,2006-10-28 04:30:00,14.0000
07378000,30.512500,-91.073611,2008-09-02 20:00:00,2008-09-03 04:30:00,526.6933,2008-09-03 04:30:00,8.5000
07378000,30.512500,-91.073611,2009-12-08 14:00:00,2009-12-08 22:30:00,232.1981,2009-12-08 17:00:00,3.0000
07378000,30.512500,-91.073611,2009-12-13 07:00:00,2009-12-13 18:30:00,213.7922,2009-12-13 11:30:00,4.5000
07378000,30.512500,-91.073611,2009-12-18 09:30:00,2009-12-19 09:00:00,255.4180,2009-12-18 21:00:00,11.5000
07378000,30.512500,-91.073611,2010-02-05 01:30:00,2010-02-06 05:30:00,270.7091,2010-02-05 12:30:00,11.0000
07378000,30.512500,-91.073611,2011-03-09 05:00:00,2011-03-10 08:30:00,270.9922,2011-03-09 17:30:00,12.5000
07378000,30.512500,-91.073611,2012-01-26 17:30:00,2012-01-27 12:00:00,224.8358,2012-01-27 02:30:00,9.0000
07378000,30.512500,-91.073611,2012-02-19 00:00:00,2012-02-20 16:00:00,283.1685,2012-02-19 14:30:00,14.5000
07378000,30.512500,-91.073611,2012-03-22 07:30:00,2012-03-22 13:30:00,199.6338,2012-03-22 10:30:00,3.0000
07378000,30.512500,-91.073611,2012-08-30 09:30:00,2012-08-31 12:00:00,244.6576,2012-08-30 20:30:00,11.0000
07378000,30.512500,-91.073611,2013-01-09 10:00:00,2013-01-12 15:30:00,319.9804,2013-01-09 22:15:00,12.2500
07378000,30.512500,-91.073611,2013-02-12 10:15:00,2013-02-13 19:30:00,219.7387,2013-02-13 10:30:00,24.2500
07378000,30.512500,-91.073611,2013-04-14 22:30:00,2013-04-16 07:30:00,245.7902,2013-04-15 08:30:00,10.0000
07378000,30.512500,-91.073611,2013-05-22 21:00:00,2013-05-23 13:00:00,226.2516,2013-05-23 03:30:00,6.5000
07378000,30.512500,-91.073611,2014-02-22 01:00:00,2014-02-23 03:00:00,257.6833,2014-02-22 17:30:00,16.5000
07378000,30.512500,-91.073611,2015-01-04 11:30:00,2015-01-04 23:45:00,209.2615,2015-01-04 17:30:00,6.0000
07378000,30.512500,-91.073611,2015-03-03 06:45:00,2015-03-04 13:00:00,266.7447,2015-03-04 00:30:00,17.7500
07378000,30.512500,-91.073611,2015-10-26 02:30:00,2015-10-28 08:30:00,376.6141,2015-10-26 12:30:00,10.0000
07378000,30.512500,-91.073611,2015-11-01 10:30:00,2015-11-02 00:15:00,207.5625,2015-11-01 16:45:00,6.2500
07378000,30.512500,-91.073611,2015-11-18 12:30:00,2015-11-20 10:00:00,334.1388,2015-11-19 19:15:00,30.7500
07378000,30.512500,-91.073611,2016-02-04 00:30:00,2016-02-05 02:45:00,246.6397,2016-02-04 19:45:00,19.2500
07378000,30.512500,-91.073611,2016-03-11 06:30:00,2016-03-14 05:45:00,472.8913,2016-03-12 09:00:00,26.5000
07363000,34.568056,-92.610556,2001-02-16 16:00:00,2001-02-17 23:00:00,908.9708,2001-02-17 06:00:00,14.0000
07363000,34.568056,-92.610556,2001-12-17 04:00:00,2001-12-18 07:00:00,860.8321,2001-12-17 12:00:00,8.0000
07363000,34.568056,-92.610556,2002-03-20 18:00:00,2002-03-21 00:00:00,396.4359,2002-03-20 20:00:00,2.0000
07363000,34.568056,-92.610556,2003-06-12 22:00:00,2003-06-13 11:00:00,441.7428,2003-06-13 00:00:00,2.0000
07363000,34.568056,-92.610556,2004-03-05 15:00:00,2004-03-05 20:00:00,410.5943,2004-03-05 17:00:00,2.0000
07363000,34.568056,-92.610556,2006-03-20 17:00:00,2006-03-21 04:00:00,433.2478,2006-03-20 22:00:00,5.0000
07363000,34.568056,-92.610556,2006-04-30 03:00:00,2006-04-30 11:00:00,424.7527,2006-04-30 06:00:00,3.0000
07363000,34.568056,-92.610556,2007-01-14 02:15:00,2007-01-16 12:30:00,931.6243,2007-01-14 18:15:00,16.0000
07363000,34.568056,-92.610556,2007-12-15 23:15:00,2007-12-16 09:30:00,436.0794,2007-12-16 02:45:00,3.5000
07363000,34.568056,-92.610556,2008-02-17 15:00:00,2008-02-18 06:30:00,523.8617,2008-02-17 20:15:00,5.2500
07363000,34.568056,-92.610556,2008-03-19 11:00:00,2008-03-20 13:45:00,767.3865,2008-03-20 01:00:00,14.0000
07363000,34.568056,-92.610556,2008-04-04 07:00:00,2008-04-05 12:45:00,925.9609,2008-04-04 18:45:00,11.7500
07363000,34.568056,-92.610556,2008-09-03 12:00:00,2008-09-05 10:00:00,2684.4371,2008-09-04 03:15:00,15.2500
07363000,34.568056,-92.610556,2009-05-03 11:00:00,2009-05-04 06:15:00,495.5448,2009-05-03 18:45:00,7.7500
07363000,34.568056,-92.610556,2009-05-06 09:15:00,2009-05-07 15:45:00,991.0896,2009-05-06 21:15:00,12.0000
07363000,34.568056,-92.610556,2009-09-16 14:00:00,2009-09-18 04:00:00,812.6935,2009-09-17 10:15:00,20.2500
07363000,34.568056,-92.610556,2009-10-09 18:45:00,2009-10-10 14:45:00,724.9113,2009-10-10 02:00:00,7.2500
07363000,34.568056,-92.610556,2009-10-23 04:00:00,2009-10-23 23:15:00,733.4063,2009-10-23 11:45:00,7.7500
07363000,34.568056,-92.610556,2009-10-30 13:00:00,2009-10-31 12:30:00,761.7232,2009-10-31 00:15:00,11.2500
07363000,34.568056,-92.610556,2009-12-24 06:30:00,2009-12-26 00:00:00,2186.0606,2009-12-25 00:00:00,17.5000
07363000,34.568056,-92.610556,2011-04-26 11:00:00,2011-04-27 04:15:00,603.1488,2011-04-26 23:15:00,12.2500
07363000,34.568056,-92.610556,2011-05-01 12:15:00,2011-05-03 15:30:00,1393.1889,2011-05-02 13:15:00,25.0000
07363000,34.568056,-92.610556,2011-11-21 14:15:00,2011-11-23 07:15:00,1257.2680,2011-11-22 04:00:00,13.7500
07363000,34.568056,-92.610556,2011-12-05 17:45:00,2011-12-06 10:15:00,512.5349,2011-12-06 00:45:00,7.0000
07363000,34.568056,-92.610556,2012-03-21 15:00:00,2012-03-22 13:45:00,603.1488,2012-03-22 00:30:00,9.5000
07363000,34.568056,-92.610556,2013-01-13 13:30:00,2013-01-14 04:15:00,529.5250,2013-01-13 19:00:00,5.5000
07363000,34.568056,-92.610556,2013-06-02 04:30:00,2013-06-03 03:15:00,679.6043,2013-06-02 20:30:00,16.0000
07363000,34.568056,-92.610556,2013-12-21 21:45:00,2013-12-22 17:30:00,671.1093,2013-12-22 06:30:00,8.7500
07363000,34.568056,-92.610556,2014-04-14 08:30:00,2014-04-14 22:45:00,521.0300,2014-04-14 14:15:00,5.7500
07363000,34.568056,-92.610556,2015-03-14 01:45:00,2015-03-14 20:15:00,498.3765,2015-03-14 10:00:00,8.2500
07363000,34.568056,-92.610556,2015-05-11 14:15:00,2015-05-12 18:30:00,1036.3966,2015-05-12 07:30:00,17.2500
07363000,34.568056,-92.610556,2015-11-18 03:15:00,2015-11-18 19:45:00,591.8221,2015-11-18 10:45:00,7.5000
07363000,34.568056,-92.610556,2015-11-28 14:15:00,2015-11-29 23:30:00,1050.5550,2015-11-29 05:45:00,15.5000
07363000,34.568056,-92.610556,2015-12-28 12:45:00,2015-12-29 14:30:00,790.0400,2015-12-29 04:30:00,15.7500
07363000,34.568056,-92.610556,2016-03-10 03:45:00,2016-03-10 18:30:00,419.0893,2016-03-10 09:00:00,5.2500
07363000,34.568056,-92.610556,2016-04-30 07:15:00,2016-05-01 13:45:00,858.0005,2016-04-30 21:00:00,13.7500
07382000,31.000000,-92.379444,1997-02-14 04:00:00,1997-02-21 22:30:00,38.2277,1997-02-15 13:30:00,33.5000
07382000,31.000000,-92.379444,1997-02-25 07:00:00,1997-03-17 23:30:00,60.5981,1997-03-01 05:30:00,94.5000
07382000,31.000000,-92.379444,1998-01-07 18:30:00,1998-02-03 12:30:00,47.5723,1998-01-15 00:30:00,174.0000
07382000,31.000000,-92.379444,1999-02-01 06:30:00,1999-02-03 23:00:00,34.8297,1999-02-01 21:30:00,15.0000
07382000,31.000000,-92.379444,2001-11-29 07:00:00,2001-12-26 04:30:00,51.2535,2001-12-02 04:00:00,69.0000
07382000,31.000000,-92.379444,2002-12-04 19:00:00,2002-12-16 14:30:00,39.0772,2002-12-06 23:00:00,52.0000
07382000,31.000000,-92.379444,2003-02-23 06:00:00,2003-02-27 22:00:00,35.3961,2003-02-24 09:30:00,27.5000
07382000,31.000000,-92.379444,2004-05-13 17:30:00,2004-06-05 07:00:00,82.9684,2004-05-19 14:30:00,141.0000
07382000,31.000000,-92.379444,2004-12-09 18:00:00,2004-12-18 17:00:00,40.4931,2004-12-11 04:00:00,34.0000
07382000,31.000000,-92.379444,2006-10-28 06:00:00,2006-11-01 11:30:00,36.2456,2006-10-29 02:30:00,21.5000
07382000,31.000000,-92.379444,2008-09-03 23:30:00,2008-09-28 08:30:00,67.3941,2008-09-05 18:00:00,42.5000
07382000,31.000000,-92.379444,2012-02-04 02:30:00,2012-03-04 13:00:00,64.5624,2012-02-06 14:00:00,59.5000
07382000,31.000000,-92.379444,2012-03-13 14:00:00,2012-03-17 09:30:00,35.3961,2012-03-14 09:00:00,19.0000
07382000,31.000000,-92.379444,2013-01-10 18:30:00,2013-01-27 02:00:00,63.9961,2013-01-12 21:30:00,51.0000
07282000,33.838611,-89.315556,1986-11-09 11:00:00,1986-11-10 02:30:00,139.0357,1986-11-09 16:30:00,5.5000
07282000,33.838611,-89.315556,1986-11-23 18:15:00,1986-11-26 16:15:00,265.0457,1986-11-24 16:45:00,22.5000
07282000,33.838611,-89.315556,1987-01-18 19:15:00,1987-01-19 18:00:00,165.6536,1987-01-19 03:15:00,8.0000
07282000,33.838611,-89.315556,1987-02-22 16:30:00,1987-02-23 10:45:00,154.3268,1987-02-22 22:00:00,5.5000
07282000,33.838611,-89.315556,1987-02-26 22:30:00,1987-03-01 11:15:00,225.6853,1987-02-27 10:00:00,11.5000
07282000,33.838611,-89.315556,1987-03-18 11:30:00,1987-03-18 13:30:00,73.3406,1987-03-18 12:00:00,0.5000
07282000,33.838611,-89.315556,1988-04-02 15:45:00,1988-04-03 03:00:00,109.3030,1988-04-02 19:45:00,4.0000
07282000,33.838611,-89.315556,1988-12-30 23:15:00,1988-12-31 13:15:00,112.7010,1988-12-31 03:45:00,4.5000
07282000,33.838611,-89.315556,1989-01-11 17:45:00,1989-01-15 11:30:00,272.1249,1989-01-13 14:30:00,44.7500
07282000,33.838611,-89.315556,1989-02-17 16:30:00,1989-02-19 07:00:00,115.2496,1989-02-17 22:30:00,6.0000
07282000,33.838611,-89.315556,1989-02-21 04:30:00,1989-02-22 10:00:00,249.1883,1989-02-21 12:45:00,8.2500
07282000,33.838611,-89.315556,1989-02-27 18:45:00,1989-03-01 10:45:00,277.7883,1989-02-28 10:45:00,16.0000
07282000,33.838611,-89.315556,1989-03-05 09:30:00,1989-03-06 13:15:00,142.1506,1989-03-05 15:00:00,5.5000
07282000,33.838611,-89.315556,1989-04-04 18:00:00,1989-04-05 08:15:00,147.8139,1989-04-04 21:45:00,3.7500
07282000,33.838611,-89.315556,1989-05-05 16:00:00,1989-05-06 06:00:00,150.6456,1989-05-05 20:15:00,4.2500
07282000,33.838611,-89.315556,1989-06-04 18:15:00,1989-06-06 14:15:00,227.6674,1989-06-05 02:30:00,8.2500
07282000,33.838611,-89.315556,1989-06-13 19:45:00,1989-06-16 17:00:00,291.6635,1989-06-15 14:45:00,43.0000
07282000,33.838611,-89.315556,1989-07-16 12:00:00,1989-07-17 04:30:00,192.5546,1989-07-16 16:45:00,4.7500
07282000,33.838611,-89.315556,1990-01-20 13:30:00,1990-01-21 16:45:00,197.3684,1990-01-20 20:15:00,6.7500
07282000,33.838611,-89.315556,1990-02-02 13:15:00,1990-02-04 20:30:00,197.0853,1990-02-04 04:45:00,39.5000
07282000,33.838611,-89.315556,1990-02-10 05:45:00,1990-02-11 10:30:00,246.0734,1990-02-10 13:00:00,7.2500
07282000,33.838611,-89.315556,1990-03-02 13:30:00,1990-03-03 09:45:00,160.5565,1990-03-02 19:00:00,5.5000
07282000,33.838611,-89.315556,1990-03-09 01:15:00,1990-03-09 16:00:00,115.2496,1990-03-09 07:30:00,6.2500
07282000,33.838611,-89.315556,1990-04-28 04:00:00,1990-04-28 13:15:00,130.5407,1990-04-28 07:00:00,3.0000
07282000,33.838611,-89.315556,1990-05-21 19:15:00,1990-05-22 01:00:00,82.1189,1990-05-21 21:15:00,2.0000
07282000,33.838611,-89.315556,1990-12-21 01:15:00,1990-12-24 16:15:00,543.6835,1990-12-22 22:30:00,45.2500
07282000,33.838611,-89.315556,1991-02-18 14:45:00,1991-02-21 07:30:00,526.6933,1991-02-19 19:45:00,29.0000
07282000,33.838611,-89.315556,1991-02-23 02:00:00,1991-02-23 18:45:00,159.1407,1991-02-23 06:30:00,4.5000
07282000,33.838611,-89.315556,1991-03-01 22:00:00,1991-03-02 06:45:00,92.5961,1991-03-02 01:15:00,3.2500
07282000,33.838611,-89.315556,1991-03-29 08:00:00,1991-03-30 22:15:00,297.3269,1991-03-29 20:45:00,12.7500
07282000,33.838611,-89.315556,1991-04-14 10:00:00,1991-04-16 14:30:00,376.6141,1991-04-15 11:00:00,25.0000
07282000,33.838611,-89.315556,1991-05-05 17:45:00,1991-05-06 11:15:00,165.6536,1991-05-05 23:00:00,5.2500
07282000,33.838611,-89.315556,1991-05-09 02:00:00,1991-05-12 02:30:00,103.0733,1991-05-11 19:15:00,65.2500
07282000,33.838611,-89.315556,1991-05-26 13:45:00,1991-05-29 06:00:00,713.5845,1991-05-27 09:00:00,19.2500
07282000,33.838611,-89.315556,1991-12-01 14:00:00,1991-12-04 12:00:00,376.6141,1991-12-03 09:00:00,43.0000
07282000,33.838611,-89.315556,1992-02-15 10:00:00,1992-02-15 17:00:00,83.2515,1992-02-15 13:00:00,3.0000
07282000,33.838611,-89.315556,1992-03-10 08:00:00,1992-03-11 05:00:00,216.6239,1992-03-10 13:00:00,5.0000
07282000,33.838611,-89.315556,1992-04-20 17:00:00,1992-04-21 14:00:00,186.3249,1992-04-20 22:00:00,5.0000
07282000,33.838611,-89.315556,1993-01-19 21:00:00,1993-01-20 01:00:00,75.0396,1993-01-19 23:00:00,2.0000
07282000,33.838611,-89.315556,1993-02-16 07:00:00,1993-02-16 23:00:00,134.2219,1993-02-16 12:00:00,5.0000
07282000,33.838611,-89.315556,1993-03-23 08:00:00,1993-03-23 23:00:00,142.1506,1993-03-23 13:00:00,5.0000
07282000,33.838611,-89.315556,1993-03-31 08:00:00,1993-04-01 04:00:00,184.3427,1993-03-31 13:00:00,5.0000
07282000,33.838611,-89.315556,1993-04-09 08:00:00,1993-04-10 05:00:00,214.9249,1993-04-09 12:00:00,4.0000
07282000,33.838611,-89.315556,1994-01-17 17:00:00,1994-01-17 23:00:00,82.4020,1994-01-17 20:00:00,3.0000
07282000,33.838611,-89.315556,1994-01-28 01:00:00,1994-01-29 00:00:00,182.6437,1994-01-28 08:00:00,7.0000
07282000,33.838611,-89.315556,1994-02-10 14:00:00,1994-02-13 04:00:00,478.5547,1994-02-11 19:00:00,29.0000
07282000,33.838611,-89.315556,1994-03-01 19:00:00,1994-03-03 05:00:00,95.1446,1994-03-02 21:00:00,26.0000
07282000,33.838611,-89.315556,1994-03-09 15:00:00,1994-03-11 04:00:00,291.6635,1994-03-10 02:00:00,11.0000
07282000,33.838611,-89.315556,1994-03-27 16:00:00,1994-03-29 06:00:00,236.1625,1994-03-28 07:00:00,15.0000
07282000,33.838611,-89.315556,1994-06-13 17:00:00,1994-06-14 18:00:00,194.8199,1994-06-14 00:00:00,7.0000
07282000,33.838611,-89.315556,1994-06-26 01:00:00,1994-06-29 11:00:00,461.5646,1994-06-28 08:00:00,55.0000
07282000,33.838611,-89.315556,1994-12-10 19:30:00,1994-12-11 04:00:00,89.7644,1994-12-10 22:45:00,3.2500
07282000,33.838611,-89.315556,1995-01-19 05:00:00,1995-01-20 07:00:00,208.6952,1995-01-19 12:00:00,7.0000
07282000,33.838611,-89.315556,1995-02-16 07:15:00,1995-02-18 01:30:00,272.1249,1995-02-16 20:00:00,12.7500
07282000,33.838611,-89.315556,1995-02-27 18:00:00,1995-03-01 07:30:00,247.7724,1995-02-28 01:15:00,7.2500
07282000,33.838611,-89.315556,1995-03-05 12:15:00,1995-03-09 12:00:00,373.7824,1995-03-08 05:00:00,64.7500
07282000,33.838611,-89.315556,1995-04-21 04:00:00,1995-04-22 00:00:00,170.7506,1995-04-21 10:00:00,6.0000
07282000,33.838611,-89.315556,1995-04-23 06:00:00,1995-04-24 19:30:00,288.8318,1995-04-23 14:00:00,8.0000
07282000,33.838611,-89.315556,1995-08-05 05:45:00,1995-08-05 21:45:00,103.3565,1995-08-05 13:30:00,7.7500
07282000,33.838611,-89.315556,1998-12-12 12:00:00,1998-12-14 02:00:00,238.9942,1998-12-13 00:00:00,12.0000
07282000,33.838611,-89.315556,1998-12-24 05:00:00,1998-12-25 05:00:00,153.7605,1998-12-24 12:00:00,7.0000
07282000,33.838611,-89.315556,1998-12-28 11:00:00,1998-12-29 11:00:00,173.2991,1998-12-28 16:00:00,5.0000
07282000,33.838611,-89.315556,1999-01-02 18:00:00,1999-01-03 11:00:00,112.7010,1999-01-02 23:00:00,5.0000
07282000,33.838611,-89.315556,1999-01-09 06:00:00,1999-01-10 08:00:00,164.5209,1999-01-09 13:00:00,7.0000
07282000,33.838611,-89.315556,1999-01-22 21:00:00,1999-01-24 05:00:00,472.8913,1999-01-23 15:00:00,18.0000
07282000,33.838611,-89.315556,1999-01-29 23:00:00,1999-01-31 20:00:00,204.4476,1999-01-30 05:00:00,6.0000
07282000,33.838611,-89.315556,1999-03-06 12:00:00,1999-03-07 03:00:00,120.6298,1999-03-06 15:00:00,3.0000
07282000,33.838611,-89.315556,1999-03-09 08:00:00,1999-03-09 21:00:00,99.1090,1999-03-09 12:00:00,4.0000
07282000,33.838611,-89.315556,1999-03-13 17:00:00,1999-03-15 03:00:00,156.0258,1999-03-14 03:00:00,10.0000
07282000,33.838611,-89.315556,1999-04-06 08:00:00,1999-04-07 11:00:00,269.8595,1999-04-06 13:00:00,5.0000
07282000,33.838611,-89.315556,1999-04-15 09:00:00,1999-04-15 14:00:00,80.7030,1999-04-15 11:00:00,2.0000
07282000,33.838611,-89.315556,1999-05-06 07:00:00,1999-05-06 18:00:00,92.5961,1999-05-06 11:00:00,4.0000
07282000,33.838611,-89.315556,1999-06-27 16:00:00,1999-07-01 03:00:00,305.8219,1999-06-28 12:00:00,20.0000
07282000,33.838611,-89.315556,2000-03-19 12:00:00,2000-03-21 00:00:00,209.8278,2000-03-20 01:00:00,13.0000
07282000,33.838611,-89.315556,2000-04-02 05:15:00,2000-04-05 17:00:00,402.0992,2000-04-03 21:45:00,40.5000
07282000,33.838611,-89.315556,2000-04-13 14:00:00,2000-04-14 07:45:00,118.3644,2000-04-13 18:45:00,4.7500
07282000,33.838611,-89.315556,2000-12-16 02:15:00,2000-12-17 13:15:00,162.8219,2000-12-16 22:45:00,20.5000
07282000,33.838611,-89.315556,2001-01-18 12:15:00,2001-01-21 04:30:00,294.4952,2001-01-19 19:30:00,31.2500
07282000,33.838611,-89.315556,2001-02-12 22:30:00,2001-02-14 07:30:00,124.5941,2001-02-13 05:30:00,7.0000
07282000,33.838611,-89.315556,2001-02-16 20:45:00,2001-02-18 04:00:00,191.7051,2001-02-17 03:30:00,6.7500
07282000,33.838611,-89.315556,2001-02-28 00:30:00,2001-02-28 15:00:00,74.4733,2001-02-28 02:15:00,1.7500
07282000,33.838611,-89.315556,2001-03-12 22:15:00,2001-03-13 00:15:00,73.0575,2001-03-12 22:45:00,0.5000
07282000,33.838611,-89.315556,2001-03-15 12:30:00,2001-03-15 17:45:00,77.3050,2001-03-15 14:45:00,2.2500
07282000,33.838611,-89.315556,2001-06-07 19:15:00,2001-06-07 21:45:00,73.3406,2001-06-07 20:15:00,1.0000
07282000,33.838611,-89.315556,2001-10-13 22:30:00,2001-10-14 08:45:00,105.3387,2001-10-14 01:30:00,3.0000
07282000,33.838611,-89.315556,2001-11-29 15:00:00,2001-12-01 10:30:00,305.8219,2001-11-30 01:30:00,10.5000
07282000,33.838611,-89.315556,2001-12-13 11:15:00,2001-12-14 05:45:00,271.5586,2001-12-14 05:45:00,18.5000
07282000,33.838611,-89.315556,2001-12-23 10:45:00,2001-12-24 00:45:00,143.8496,2001-12-23 14:30:00,3.7500
07282000,33.838611,-89.315556,2002-01-23 09:30:00,2002-01-25 05:45:00,288.8318,2002-01-25 02:30:00,41.0000
07282000,33.838611,-89.315556,2002-03-16 12:30:00,2002-03-16 23:15:00,121.4793,2002-03-16 15:45:00,3.2500
07282000,33.838611,-89.315556,2002-03-21 01:00:00,2002-03-21 18:15:00,152.0615,2002-03-21 07:00:00,6.0000
07282000,33.838611,-89.315556,2002-03-30 20:45:00,2002-04-01 11:00:00,191.1387,2002-03-31 17:00:00,20.2500
07282000,33.838611,-89.315556,2002-04-09 00:45:00,2002-04-09 12:30:00,119.7803,2002-04-09 05:00:00,4.2500
07282000,33.838611,-89.315556,2002-05-03 15:45:00,2002-05-05 08:15:00,192.8377,2002-05-04 12:30:00,20.7500
07282000,33.838611,-89.315556,2002-09-26 15:30:00,2002-09-27 04:45:00,288.8318,2002-09-27 04:45:00,13.2500
07282000,33.838611,-89.315556,2002-10-11 00:30:00,2002-10-11 15:30:00,81.2693,2002-10-11 12:45:00,12.2500
07282000,33.838611,-89.315556,2002-11-05 14:00:00,2002-11-06 23:00:00,231.3486,2002-11-05 22:30:00,8.5000
07282000,33.838611,-89.315556,2002-12-04 21:30:00,2002-12-05 14:15:00,112.1347,2002-12-05 04:15:00,6.7500
07282000,33.838611,-89.315556,2002-12-24 07:15:00,2002-12-25 09:30:00,206.9961,2002-12-24 15:00:00,7.7500
07282000,33.838611,-89.315556,2003-01-29 21:45:00,2003-01-30 02:15:00,79.8535,2003-01-29 23:30:00,1.7500
07282000,33.838611,-89.315556,2003-02-06 21:45:00,2003-02-07 11:45:00,111.5684,2003-02-07 03:30:00,5.7500
07282000,33.838611,-89.315556,2003-02-15 18:00:00,2003-02-16 12:15:00,105.0555,2003-02-15 21:45:00,3.7500
07282000,33.838611,-89.315556,2003-02-22 05:15:00,2003-02-23 11:00:00,218.3229,2003-02-22 13:15:00,8.0000
07282000,33.838611,-89.315556,2003-02-27 07:15:00,2003-02-27 22:15:00,121.1961,2003-02-27 12:30:00,5.2500
07282000,33.838611,-89.315556,2003-04-07 01:15:00,2003-04-08 18:30:00,275.2397,2003-04-07 19:00:00,17.7500
07282000,33.838611,-89.315556,2003-05-06 01:30:00,2003-05-08 17:30:00,255.4180,2003-05-06 12:15:00,10.7500
07282000,33.838611,-89.315556,2003-05-11 14:00:00,2003-05-11 22:15:00,106.4713,2003-05-11 16:45:00,2.7500
07282000,33.838611,-89.315556,2003-05-14 15:15:00,2003-05-16 00:15:00,221.7209,2003-05-14 22:30:00,7.2500
07282000,33.838611,-89.315556,2003-05-17 18:30:00,2003-05-18 08:00:00,123.1783,2003-05-17 22:30:00,4.0000
07282000,33.838611,-89.315556,2003-06-12 02:30:00,2003-06-12 21:45:00,151.2120,2003-06-12 07:45:00,5.2500
07282000,33.838611,-89.315556,2003-10-26 09:00:00,2003-10-26 15:00:00,97.6931,2003-10-26 11:00:00,2.0000
07282000,33.838611,-89.315556,2003-11-27 14:00:00,2003-11-28 14:00:00,120.3466,2003-11-27 17:00:00,3.0000
07282000,33.838611,-89.315556,2004-01-25 08:00:00,2004-01-26 07:00:00,163.9545,2004-01-25 17:00:00,9.0000
07282000,33.838611,-89.315556,2004-02-05 16:00:00,2004-02-07 05:00:00,230.2160,2004-02-06 05:00:00,13.0000
07282000,33.838611,-89.315556,2004-02-15 14:00:00,2004-02-16 01:00:00,100.2416,2004-02-15 18:00:00,4.0000
07282000,33.838611,-89.315556,2004-03-06 04:00:00,2004-03-07 06:00:00,187.4575,2004-03-06 12:00:00,8.0000
07282000,33.838611,-89.315556,2004-05-15 07:00:00,2004-05-16 14:00:00,220.5882,2004-05-15 20:00:00,13.0000
07282000,33.838611,-89.315556,2004-05-31 11:00:00,2004-05-31 20:00:00,98.8258,2004-05-31 14:00:00,3.0000
07282000,33.838611,-89.315556,2004-06-25 07:00:00,2004-06-26 18:00:00,250.0378,2004-06-25 17:00:00,10.0000
07282000,33.838611,-89.315556,2004-06-29 16:00:00,2004-06-30 12:00:00,111.0020,2004-06-29 19:00:00,3.0000
07282000,33.838611,-89.315556,2004-11-24 06:00:00,2004-11-25 08:00:00,240.9764,2004-11-24 14:00:00,8.0000
07282000,33.838611,-89.315556,2004-11-30 19:00:00,2004-12-01 06:00:00,98.5426,2004-11-30 23:00:00,4.0000
07282000,33.838611,-89.315556,2004-12-07 07:00:00,2004-12-10 05:00:00,237.2952,2004-12-07 16:00:00,9.0000
07282000,33.838611,-89.315556,2004-12-23 04:00:00,2004-12-23 19:00:00,165.6536,2004-12-23 08:00:00,4.0000
07282000,33.838611,-89.315556,2005-01-08 02:00:00,2005-01-09 03:00:00,216.6239,2005-01-08 07:00:00,5.0000
07282000,33.838611,-89.315556,2005-01-13 23:00:00,2005-01-14 01:00:00,74.7565,2005-01-14 00:00:00,1.0000
07282000,33.838611,-89.315556,2005-04-06 21:00:00,2005-04-08 07:00:00,166.2199,2005-04-07 01:00:00,4.0000
07282000,33.838611,-89.315556,2005-04-12 04:00:00,2005-04-12 16:00:00,105.9050,2005-04-12 07:00:00,3.0000
07282000,33.838611,-89.315556,2005-08-30 05:00:00,2005-08-30 19:00:00,156.3090,2005-08-30 09:00:00,4.0000
07282000,33.838611,-89.315556,2007-10-23 00:00:00,2007-10-23 02:00:00,81.5525,2007-10-23 01:00:00,1.0000
07282000,33.838611,-89.315556,2008-03-04 09:00:00,2008-03-04 16:00:00,96.5604,2008-03-04 11:00:00,2.0000
07282000,33.838611,-89.315556,2008-04-04 21:00:00,2008-04-05 18:00:00,148.3803,2008-04-05 05:00:00,8.0000
07282000,33.838611,-89.315556,2008-12-10 06:00:00,2008-12-10 17:00:00,125.7268,2008-12-10 09:00:00,3.0000
07282000,33.838611,-89.315556,2008-12-11 20:00:00,2008-12-12 11:00:00,130.8238,2008-12-12 01:00:00,5.0000
07282000,33.838611,-89.315556,2009-01-06 17:00:00,2009-01-07 15:00:00,129.6912,2009-01-07 02:00:00,9.0000
07282000,33.838611,-89.315556,2009-02-27 21:00:00,2009-03-01 23:00:00,328.4754,2009-02-28 19:00:00,22.0000
07282000,33.838611,-89.315556,2009-03-14 10:00:00,2009-03-15 10:00:00,192.8377,2009-03-14 16:00:00,6.0000
07282000,33.838611,-89.315556,2009-03-26 08:00:00,2009-03-27 04:00:00,274.3902,2009-03-26 17:00:00,9.0000
07282000,33.838611,-89.315556,2009-05-03 23:00:00,2009-05-04 03:00:00,76.1723,2009-05-04 01:00:00,2.0000
07282000,33.838611,-89.315556,2009-05-06 14:00:00,2009-05-08 01:00:00,258.5328,2009-05-06 23:00:00,9.0000
07282000,33.838611,-89.315556,2009-05-13 10:00:00,2009-05-13 18:00:00,91.4634,2009-05-13 13:00:00,3.0000
07282000,33.838611,-89.315556,2009-05-24 07:00:00,2009-05-25 03:00:00,183.2100,2009-05-24 12:00:00,5.0000
07282000,33.838611,-89.315556,2009-09-25 02:00:00,2009-09-25 15:00:00,122.0456,2009-09-25 06:00:00,4.0000
07282000,33.838611,-89.315556,2009-10-12 15:00:00,2009-10-14 04:00:00,224.8358,2009-10-14 04:00:00,37.0000
07282000,33.838611,-89.315556,2009-10-31 07:00:00,2009-10-31 23:00:00,141.8674,2009-10-31 12:00:00,5.0000
07282000,33.838611,-89.315556,2009-12-09 04:00:00,2009-12-09 22:00:00,146.9644,2009-12-09 10:00:00,6.0000
07282000,33.838611,-89.315556,2010-01-17 07:00:00,2010-01-17 23:00:00,115.5327,2010-01-17 11:00:00,4.0000
07282000,33.838611,-89.315556,2010-01-21 14:00:00,2010-01-21 22:00:00,95.1446,2010-01-21 16:00:00,2.0000
07282000,33.838611,-89.315556,2010-01-30 02:00:00,2010-01-30 05:00:00,93.1624,2010-01-30 05:00:00,3.0000
07282000,33.838611,-89.315556,2010-02-05 06:00:00,2010-02-06 01:00:00,153.7605,2010-02-05 11:00:00,5.0000
07282000,33.838611,-89.315556,2010-05-02 19:00:00,2010-05-04 03:00:00,232.7645,2010-05-03 02:00:00,7.0000
07282000,33.838611,-89.315556,2010-05-21 19:00:00,2010-05-22 03:00:00,86.9327,2010-05-21 23:00:00,4.0000
07282000,33.838611,-89.315556,2011-03-09 11:00:00,2011-03-10 03:00:00,150.9288,2011-03-09 15:00:00,4.0000
07282000,33.838611,-89.315556,2011-04-05 03:00:00,2011-04-05 09:00:00,89.7644,2011-04-05 05:00:00,2.0000
07282000,33.838611,-89.315556,2011-04-20 19:00:00,2011-04-22 10:00:00,180.6615,2011-04-21 09:00:00,14.0000
07282000,33.838611,-89.315556,2011-04-27 13:00:00,2011-04-28 14:00:00,136.4872,2011-04-28 02:00:00,13.0000
07282000,33.838611,-89.315556,2012-02-04 23:00:00,2012-02-05 10:00:00,115.8159,2012-02-05 02:00:00,3.0000
07282000,33.838611,-89.315556,2012-03-09 08:00:00,2012-03-09 23:00:00,133.3723,2012-03-09 12:00:00,4.0000
07282000,33.838611,-89.315556,2012-03-22 15:00:00,2012-03-23 10:00:00,156.0258,2012-03-22 20:00:00,5.0000
07282000,33.838611,-89.315556,2012-10-01 10:30:00,2012-10-01 15:30:00,78.1545,2012-10-01 12:30:00,2.0000
07282000,33.838611,-89.315556,2012-12-26 00:15:00,2012-12-26 16:00:00,147.2476,2012-12-26 04:15:00,4.0000
07282000,33.838611,-89.315556,2013-01-01 15:15:00,2013-01-02 04:45:00,94.8614,2013-01-01 20:30:00,5.2500
07282000,33.838611,-89.315556,2013-01-12 13:00:00,2013-01-14 11:30:00,184.9090,2013-01-12 19:00:00,6.0000
07282000,33.838611,-89.315556,2013-01-16 06:45:00,2013-01-17 01:00:00,106.4713,2013-01-16 12:15:00,5.5000
07282000,33.838611,-89.315556,2013-03-24 07:15:00,2013-03-24 18:15:00,93.1624,2013-03-24 11:00:00,3.7500
07282000,33.838611,-89.315556,2013-04-11 19:00:00,2013-04-12 20:15:00,193.4041,2013-04-12 00:00:00,5.0000
07282000,33.838611,-89.315556,2013-04-19 10:30:00,2013-04-19 15:15:00,79.8535,2013-04-19 12:15:00,1.7500
07282000,33.838611,-89.315556,2013-05-17 23:30:00,2013-05-19 10:15:00,147.2476,2013-05-18 16:00:00,16.5000
07292500,31.324722,-91.109444,1989-05-19 03:45:00,1989-05-19 04:45:00,1684.8524,1989-05-19 04:45:00,1.0000
07292500,31.324722,-91.109444,1989-07-03 00:45:00,1989-07-03 04:30:00,1526.2780,1989-07-03 02:30:00,1.7500
07292500,31.324722,-91.109444,1990-01-24 23:30:00,1990-01-25 20:00:00,3199.8037,1990-01-25 10:30:00,11.0000
07292500,31.324722,-91.109444,1990-05-13 14:45:00,1990-05-13 18:15:00,1322.3967,1990-05-13 15:30:00,0.7500
07292500,31.324722,-91.109444,1991-04-15 04:30:00,1991-04-15 09:45:00,1611.2286,1991-04-15 06:45:00,2.2500
07292500,31.324722,-91.109444,1991-04-29 21:30:00,1991-04-30 01:00:00,1308.2383,1991-04-29 22:45:00,1.2500
07292500,31.324722,-91.109444,1993-11-17 11:15:00,1993-11-17 15:15:00,1599.9018,1993-11-17 13:00:00,1.7500
07292500,31.324722,-91.109444,1994-01-27 18:45:00,1994-01-28 18:30:00,3029.9026,1994-01-28 05:00:00,10.2500
07292500,31.324722,-91.109444,1995-04-23 13:00:00,1995-04-23 18:45:00,1633.8820,1995-04-23 15:15:00,2.2500
07292500,31.324722,-91.109444,1997-02-13 08:15:00,1997-02-13 16:30:00,1766.9712,1997-02-13 11:45:00,3.5000
07292500,31.324722,-91.109444,1997-04-27 16:30:00,1997-04-28 06:30:00,1979.3476,1997-04-27 21:45:00,5.2500
07292500,31.324722,-91.109444,1998-01-07 06:45:00,1998-01-07 19:00:00,1953.8624,1998-01-07 10:45:00,4.0000
07292500,31.324722,-91.109444,2001-03-02 08:30:00,2001-03-03 11:00:00,2341.8032,2001-03-03 01:45:00,17.2500
07292500,31.324722,-91.109444,2003-02-21 15:30:00,2003-02-22 20:15:00,2729.7440,2003-02-22 07:15:00,15.7500
07292500,31.324722,-91.109444,2004-02-05 23:30:00,2004-02-06 09:30:00,1917.0505,2004-02-06 02:30:00,3.0000
07292500,31.324722,-91.109444,2004-02-12 06:30:00,2004-02-12 11:00:00,1478.1394,2004-02-12 08:00:00,1.5000
07292500,31.324722,-91.109444,2004-05-15 07:30:00,2004-05-15 13:00:00,1458.3176,2004-05-15 09:45:00,2.2500
07292500,31.324722,-91.109444,2004-12-09 15:45:00,2004-12-09 18:45:00,1393.1889,2004-12-09 17:30:00,1.7500
07292500,31.324722,-91.109444,2008-09-02 21:30:00,2008-09-03 09:00:00,2018.9912,2008-09-03 01:00:00,3.5000
07292500,31.324722,-91.109444,2011-03-09 15:45:00,2011-03-09 22:00:00,1418.6740,2011-03-09 18:45:00,3.0000
07292500,31.324722,-91.109444,2013-01-10 19:30:00,2013-01-11 10:15:00,2542.8528,2013-01-11 02:45:00,7.2500
07292500,31.324722,-91.109444,2014-03-28 16:30:00,2014-03-28 16:45:00,1299.7433,2014-03-28 16:45:00,0.2500
07292500,31.324722,-91.109444,2016-02-03 07:30:00,2016-02-03 20:00:00,1713.1692,2016-02-03 12:30:00,5.0000
07025400,36.405025,-88.854447,2001-11-29 02:00:00,2001-12-02 20:00:00,396.4359,2001-11-30 23:00:00,45.0000
07025400,36.405025,-88.854447,2001-12-16 17:00:00,2001-12-19 18:00:00,260.7982,2001-12-18 11:00:00,42.0000
07025400,36.405025,-88.854447,2002-05-17 15:00:00,2002-05-20 10:00:00,255.4180,2002-05-19 01:00:00,34.0000
07025400,36.405025,-88.854447,2002-12-19 16:00:00,2002-12-21 01:00:00,231.9150,2002-12-19 22:00:00,6.0000
07025400,36.405025,-88.854447,2003-05-05 07:00:00,2003-05-05 16:00:00,227.6674,2003-05-05 13:00:00,6.0000
07025400,36.405025,-88.854447,2003-05-07 14:00:00,2003-05-07 16:00:00,214.9249,2003-05-07 15:00:00,1.0000
07025400,36.405025,-88.854447,2006-09-23 14:00:00,2006-09-23 15:00:00,212.9427,2006-09-23 15:00:00,1.0000
07025400,36.405025,-88.854447,2007-12-15 17:00:00,2007-12-16 01:00:00,220.8714,2007-12-15 19:00:00,2.0000
07025400,36.405025,-88.854447,2008-03-04 04:00:00,2008-03-06 09:00:00,257.1170,2008-03-04 09:00:00,5.0000
07025400,36.405025,-88.854447,2008-04-04 08:00:00,2008-04-06 17:00:00,262.7803,2008-04-05 10:00:00,26.0000
07025400,36.405025,-88.854447,2008-12-24 17:00:00,2008-12-24 21:00:00,221.4377,2008-12-24 19:00:00,2.0000
07025400,36.405025,-88.854447,2009-05-01 23:00:00,2009-05-02 03:00:00,220.0219,2009-05-02 01:00:00,2.0000
07025400,36.405025,-88.854447,2010-05-02 09:00:00,2010-05-02 20:00:00,241.5427,2010-05-02 14:00:00,5.0000
07025400,36.405025,-88.854447,2011-02-25 04:00:00,2011-02-25 09:00:00,226.5348,2011-02-25 06:00:00,2.0000
07025400,36.405025,-88.854447,2011-04-11 22:00:00,2011-04-12 11:00:00,220.0219,2011-04-12 00:00:00,2.0000
07025400,36.405025,-88.854447,2011-04-27 07:00:00,2011-04-29 17:00:00,259.3823,2011-04-28 13:00:00,30.0000
07025400,36.405025,-88.854447,2011-05-02 12:00:00,2011-05-06 00:00:00,365.2873,2011-05-04 07:00:00,43.0000
07025400,36.405025,-88.854447,2011-12-05 06:00:00,2011-12-08 05:00:00,328.4754,2011-12-06 10:00:00,28.0000
07025400,36.405025,-88.854447,2012-03-08 23:00:00,2012-03-09 03:00:00,218.0397,2012-03-09 00:00:00,1.0000
07025400,36.405025,-88.854447,2013-01-13 18:00:00,2013-01-14 01:00:00,220.5882,2013-01-13 21:00:00,3.0000
07025400,36.405025,-88.854447,2013-04-28 01:00:00,2013-04-30 07:00:00,252.5863,2013-04-28 05:00:00,4.0000
07025400,36.405025,-88.854447,2013-12-21 11:00:00,2013-12-24 13:00:00,353.9606,2013-12-23 00:00:00,37.0000
07025400,36.405025,-88.854447,2014-04-28 13:00:00,2014-04-29 17:00:00,227.1011,2014-04-28 20:00:00,7.0000
07025400,36.405025,-88.854447,2015-12-28 19:00:00,2015-12-28 20:00:00,216.9070,2015-12-28 20:00:00,1.0000
07025400,36.405025,-88.854447,2016-03-10 03:00:00,2016-03-14 16:00:00,339.8022,2016-03-13 03:00:00,71.0000
07030240,35.310836,-89.639445,1987-12-25 09:15:00,1987-12-27 14:15:00,781.5450,1987-12-26 05:15:00,20.0000
07030240,35.310836,-89.639445,1990-02-03 19:45:00,1990-02-04 05:45:00,319.9804,1990-02-04 05:45:00,10.0000
07030240,35.310836,-89.639445,1990-12-21 17:45:00,1990-12-22 17:15:00,407.7626,1990-12-22 12:00:00,18.2500
07030240,35.310836,-89.639445,1991-02-19 16:00:00,1991-02-20 21:30:00,399.2675,1991-02-20 11:00:00,19.0000
07030240,35.310836,-89.639445,1991-04-14 22:45:00,1991-04-15 18:30:00,325.6437,1991-04-15 03:30:00,4.7500
07030240,35.310836,-89.639445,1991-04-29 10:15:00,1991-04-30 07:00:00,345.4655,1991-04-29 19:45:00,9.5000
07030240,35.310836,-89.639445,1991-12-03 01:00:00,1991-12-03 07:15:00,291.6635,1991-12-03 04:15:00,3.2500
07030240,35.310836,-89.639445,1992-03-10 04:30:00,1992-03-11 12:15:00,393.6042,1992-03-11 03:00:00,22.5000
07030240,35.310836,-89.639445,1996-12-01 01:10:00,1996-12-01 13:10:00,314.3170,1996-12-01 08:00:00,6.8333
07030240,35.310836,-89.639445,1997-03-02 06:10:00,1997-03-04 00:20:00,549.3468,1997-03-03 01:00:00,18.8333
07030240,35.310836,-89.639445,1998-03-07 15:30:00,1998-03-09 02:45:00,421.9210,1998-03-08 12:00:00,20.5000
07030240,35.310836,-89.639445,2001-11-29 02:15:00,2001-12-01 07:00:00,645.6241,2001-11-30 03:00:00,24.7500
07030240,35.310836,-89.639445,2001-12-13 05:00:00,2001-12-13 15:30:00,305.8219,2001-12-13 08:00:00,3.0000
07030240,35.310836,-89.639445,2002-09-27 05:15:00,2002-09-27 09:30:00,291.6635,2002-09-27 07:45:00,2.5000
07030240,35.310836,-89.639445,2002-10-10 12:15:00,2002-10-12 05:00:00,450.2379,2002-10-11 20:00:00,31.7500
07030240,35.310836,-89.639445,2002-12-19 12:45:00,2002-12-21 05:45:00,453.0695,2002-12-20 17:30:00,28.7500
07030240,35.310836,-89.639445,2003-05-07 13:15:00,2003-05-08 09:45:00,368.1190,2003-05-07 20:15:00,7.0000
07030240,35.310836,-89.639445,2003-05-17 12:30:00,2003-05-18 18:30:00,359.6240,2003-05-18 09:15:00,20.7500
07030240,35.310836,-89.639445,2004-02-05 16:30:00,2004-02-06 15:15:00,302.9903,2004-02-05 23:00:00,6.5000
07030240,35.310836,-89.639445,2008-03-04 08:30:00,2008-03-04 14:30:00,294.4952,2008-03-04 09:45:00,1.2500
07030240,35.310836,-89.639445,2008-04-04 15:00:00,2008-04-05 13:15:00,319.9804,2008-04-04 22:15:00,7.2500
07030240,35.310836,-89.639445,2009-12-09 05:15:00,2009-12-09 07:45:00,291.6635,2009-12-09 06:00:00,0.7500
07030240,35.310836,-89.639445,2010-05-01 16:30:00,2010-05-03 18:00:00,838.1787,2010-05-02 17:45:00,25.2500
07030240,35.310836,-89.639445,2011-04-27 05:00:00,2011-04-29 05:15:00,642.7924,2011-04-28 09:00:00,28.0000
07030240,35.310836,-89.639445,2011-05-02 18:00:00,2011-05-04 06:15:00,390.7725,2011-05-03 09:15:00,15.2500
07030240,35.310836,-89.639445,2011-12-05 14:00:00,2011-12-06 11:30:00,334.1388,2011-12-06 03:00:00,13.0000
07030240,35.310836,-89.639445,2014-07-10 03:45:00,2014-07-10 13:00:00,339.8022,2014-07-10 08:15:00,4.5000
07030240,35.310836,-89.639445,2014-09-11 19:45:00,2014-09-12 12:00:00,308.6536,2014-09-12 08:45:00,13.0000
07030240,35.310836,-89.639445,2016-03-10 09:00:00,2016-03-12 06:15:00,741.9014,2016-03-11 12:15:00,27.2500
07030240,35.310836,-89.639445,2016-03-31 22:00:00,2016-04-01 14:30:00,396.4359,2016-04-01 07:00:00,9.0000
07036100,37.384445,-90.473614,1990-12-21 22:15:00,1990-12-22 07:00:00,829.6836,1990-12-22 00:15:00,2.0000
07036100,37.384445,-90.473614,1991-04-14 11:30:00,1991-04-15 04:45:00,883.4856,1991-04-14 12:45:00,1.2500
07036100,37.384445,-90.473614,1993-01-04 15:30:00,1993-01-05 13:00:00,1636.7137,1993-01-04 22:00:00,6.5000
07036100,37.384445,-90.473614,1993-11-14 14:00:00,1993-11-15 21:00:00,4474.0618,1993-11-14 23:00:00,9.0000
07036100,37.384445,-90.473614,1994-04-30 17:45:00,1994-05-01 01:15:00,911.8025,1994-04-30 22:00:00,4.2500
07036100,37.384445,-90.473614,1995-05-18 09:45:00,1995-05-18 21:45:00,1110.0204,1995-05-18 14:00:00,4.2500
07036100,37.384445,-90.473614,1996-04-22 17:15:00,1996-04-23 18:15:00,1282.7532,1996-04-22 22:00:00,4.7500
07036100,37.384445,-90.473614,1997-05-31 05:00:00,1997-05-31 14:30:00,1146.8323,1997-05-31 08:45:00,3.7500
07036100,37.384445,-90.473614,2008-03-18 21:15:00,2008-03-20 03:15:00,1953.8624,2008-03-19 13:30:00,16.2500
07036100,37.384445,-90.473614,2008-04-10 19:00:00,2008-04-11 15:45:00,1563.0899,2008-04-11 02:15:00,7.2500
07036100,37.384445,-90.473614,2009-10-30 15:00:00,2009-10-31 12:00:00,1415.8423,2009-10-30 23:00:00,8.0000
07036100,37.384445,-90.473614,2009-12-25 07:30:00,2009-12-25 12:30:00,835.3470,2009-12-25 09:00:00,1.5000
07036100,37.384445,-90.473614,2011-04-23 21:15:00,2011-04-27 01:30:00,1789.6247,2011-04-26 10:30:00,61.2500
07036100,37.384445,-90.473614,2013-01-13 11:30:00,2013-01-13 18:30:00,900.4757,2013-01-13 15:00:00,3.5000
07036100,37.384445,-90.473614,2013-05-04 08:30:00,2013-05-04 09:30:00,798.5351,2013-05-04 09:30:00,1.0000
07036100,37.384445,-90.473614,2015-12-28 11:00:00,2015-12-29 17:00:00,1599.9018,2015-12-29 00:00:00,13.0000
07031650,35.116389,-89.801389,1991-02-20 13:15:00,1991-02-22 02:45:00,509.7032,1991-02-21 10:30:00,21.2500
07031650,35.116389,-89.801389,1991-04-29 17:30:00,1991-04-29 19:00:00,424.7527,1991-04-29 18:00:00,0.5000
07031650,35.116389,-89.801389,1991-05-13 01:00:00,1991-05-14 08:15:00,538.0201,1991-05-13 06:00:00,5.0000
07031650,35.116389,-89.801389,1997-03-02 08:45:00,1997-03-04 14:00:00,586.1587,1997-03-03 18:45:00,34.0000
07031650,35.116389,-89.801389,2001-11-29 05:00:00,2001-12-03 09:15:00,739.0697,2001-12-01 22:15:00,65.2500
07031650,35.116389,-89.801389,2002-03-18 02:15:00,2002-03-18 11:00:00,461.5646,2002-03-18 05:15:00,3.0000
07031650,35.116389,-89.801389,2002-10-10 11:45:00,2002-10-12 18:45:00,523.8617,2002-10-10 18:30:00,6.7500
07031650,35.116389,-89.801389,2002-12-21 06:00:00,2002-12-22 01:00:00,450.2379,2002-12-21 14:30:00,8.5000
07031650,35.116389,-89.801389,2003-02-16 10:15:00,2003-02-17 05:45:00,444.5745,2003-02-16 18:30:00,8.2500
07031650,35.116389,-89.801389,2003-05-07 16:45:00,2003-05-08 19:15:00,444.5745,2003-05-07 19:45:00,3.0000
07031650,35.116389,-89.801389,2010-05-01 22:15:00,2010-05-05 18:00:00,634.2974,2010-05-04 15:30:00,65.2500
07031650,35.116389,-89.801389,2011-04-27 07:30:00,2011-04-30 22:30:00,818.3569,2011-04-29 12:30:00,53.0000
07031650,35.116389,-89.801389,2014-06-29 14:30:00,2014-06-30 04:45:00,546.5151,2014-06-29 20:31:00,6.0167
07031650,35.116389,-89.801389,2016-03-10 18:45:00,2016-03-13 12:15:00,603.1488,2016-03-12 04:30:00,33.7500
07268000,34.482500,-89.224444,1986-10-25 05:15:00,1986-10-25 10:45:00,103.9228,1986-10-25 07:45:00,2.5000
07268000,34.482500,-89.224444,1986-11-08 01:30:00,1986-11-11 03:45:00,761.7232,1986-11-09 15:15:00,37.7500
07268000,34.482500,-89.224444,1986-11-23 19:15:00,1986-11-27 10:45:00,730.5746,1986-11-24 20:30:00,25.2500
07268000,34.482500,-89.224444,1986-12-08 17:00:00,1986-12-11 22:00:00,1008.0797,1986-12-10 06:45:00,37.7500
07268000,34.482500,-89.224444,1986-12-23 20:00:00,1986-12-24 22:00:00,251.1704,1986-12-24 01:15:00,5.2500
07268000,34.482500,-89.224444,1987-01-18 23:00:00,1987-01-19 18:00:00,179.8120,1987-01-19 06:45:00,7.7500
07268000,34.482500,-89.224444,1987-02-16 05:45:00,1987-02-17 05:15:00,159.7070,1987-02-16 19:30:00,13.7500
07268000,34.482500,-89.224444,1987-02-22 20:45:00,1987-02-23 15:45:00,178.9625,1987-02-23 04:00:00,7.2500
07268000,34.482500,-89.224444,1987-02-26 22:30:00,1987-03-02 16:15:00,900.4757,1987-03-01 03:00:00,52.5000
07268000,34.482500,-89.224444,1987-03-18 10:30:00,1987-03-19 14:45:00,232.1981,1987-03-18 15:00:00,4.5000
07268000,34.482500,-89.224444,1987-04-14 03:15:00,1987-04-15 18:00:00,461.5646,1987-04-14 19:15:00,16.0000
07268000,34.482500,-89.224444,1987-05-26 04:15:00,1987-05-26 15:15:00,150.3625,1987-05-26 08:30:00,4.2500
07268000,34.482500,-89.224444,1987-06-16 18:45:00,1987-06-17 02:00:00,116.9486,1987-06-16 22:00:00,3.2500
07268000,34.482500,-89.224444,1987-06-19 09:30:00,1987-06-19 12:00:00,95.1446,1987-06-19 10:30:00,1.0000
07268000,34.482500,-89.224444,1987-06-24 03:45:00,1987-06-24 19:30:00,238.7110,1987-06-24 08:30:00,4.7500
07268000,34.482500,-89.224444,1987-12-24 14:15:00,1987-12-25 15:45:00,226.2516,1987-12-25 03:15:00,13.0000
07268000,34.482500,-89.224444,1987-12-27 14:00:00,1987-12-29 09:30:00,336.9705,1987-12-28 07:00:00,17.0000
07268000,34.482500,-89.224444,1988-01-19 11:15:00,1988-01-21 18:15:00,733.4063,1988-01-20 07:30:00,20.2500
07268000,34.482500,-89.224444,1988-02-15 07:15:00,1988-02-16 04:15:00,242.9585,1988-02-15 13:30:00,6.2500
07268000,34.482500,-89.224444,1988-02-19 18:30:00,1988-02-19 21:30:00,94.0119,1988-02-19 19:30:00,1.0000
07268000,34.482500,-89.224444,1988-04-01 20:00:00,1988-04-03 17:00:00,302.9903,1988-04-02 22:30:00,26.5000
07268000,34.482500,-89.224444,1988-10-01 15:00:00,1988-10-02 17:45:00,251.1704,1988-10-01 17:45:00,2.7500
07268000,34.482500,-89.224444,1988-11-20 12:00:00,1988-11-20 20:30:00,128.2753,1988-11-20 15:45:00,3.7500
07268000,34.482500,-89.224444,1988-11-26 20:45:00,1988-11-28 12:30:00,413.4260,1988-11-27 13:15:00,16.5000
07268000,34.482500,-89.224444,1988-12-23 10:45:00,1988-12-24 03:15:00,199.9169,1988-12-23 15:30:00,4.7500
07268000,34.482500,-89.224444,1988-12-28 11:30:00,1988-12-29 17:00:00,286.0002,1988-12-28 20:30:00,9.0000
07268000,34.482500,-89.224444,1988-12-31 05:15:00,1989-01-01 15:00:00,161.6892,1988-12-31 11:00:00,5.7500
07268000,34.482500,-89.224444,1989-01-08 09:15:00,1989-01-08 21:30:00,146.9644,1989-01-08 13:45:00,4.5000
07268000,34.482500,-89.224444,1989-01-11 16:15:00,1989-01-16 15:30:00,835.3470,1989-01-13 09:30:00,41.2500
07268000,34.482500,-89.224444,1989-01-30 02:15:00,1989-01-30 04:15:00,92.8793,1989-01-30 02:45:00,0.5000
07268000,34.482500,-89.224444,1989-02-14 16:30:00,1989-02-16 14:15:00,436.0794,1989-02-15 09:00:00,16.5000
07268000,34.482500,-89.224444,1989-02-18 00:00:00,1989-02-19 18:45:00,197.3684,1989-02-19 02:45:00,26.7500
07268000,34.482500,-89.224444,1989-02-21 00:00:00,1989-02-23 01:45:00,518.1983,1989-02-21 20:30:00,20.5000
07268000,34.482500,-89.224444,1989-02-27 15:45:00,1989-03-01 14:30:00,373.7824,1989-02-28 13:00:00,21.2500
07268000,34.482500,-89.224444,1989-03-05 12:15:00,1989-03-07 07:00:00,342.6338,1989-03-06 08:30:00,20.2500
07268000,34.482500,-89.224444,1989-03-31 12:45:00,1989-03-31 19:30:00,109.3030,1989-03-31 15:15:00,2.5000
07268000,34.482500,-89.224444,1989-04-04 17:30:00,1989-04-05 15:00:00,218.3229,1989-04-05 00:45:00,7.2500
07268000,34.482500,-89.224444,1989-06-04 23:00:00,1989-06-06 16:45:00,208.9783,1989-06-05 23:15:00,24.2500
07268000,34.482500,-89.224444,1989-06-09 01:45:00,1989-06-10 00:15:00,262.7803,1989-06-09 08:15:00,6.5000
07268000,34.482500,-89.224444,1989-06-13 10:00:00,1989-06-17 02:00:00,447.4062,1989-06-15 20:45:00,58.7500
07268000,34.482500,-89.224444,1989-06-28 23:15:00,1989-06-29 15:15:00,220.5882,1989-06-29 04:30:00,5.2500
07268000,34.482500,-89.224444,1989-07-01 05:45:00,1989-07-04 04:45:00,586.1587,1989-07-02 18:00:00,36.2500
07268000,34.482500,-89.224444,1989-09-30 14:30:00,1989-10-01 08:15:00,201.8991,1989-09-30 19:45:00,5.2500
07268000,34.482500,-89.224444,1989-11-06 20:45:00,1989-11-07 08:30:00,139.8852,1989-11-07 01:30:00,4.7500
07268000,34.482500,-89.224444,1989-11-16 02:15:00,1989-11-16 19:00:00,199.3506,1989-11-16 06:45:00,4.5000
07268000,34.482500,-89.224444,1989-12-31 09:45:00,1990-01-01 18:00:00,282.0358,1989-12-31 21:15:00,11.5000
07268000,34.482500,-89.224444,1990-01-04 16:30:00,1990-01-05 00:45:00,108.7367,1990-01-04 20:00:00,3.5000
07268000,34.482500,-89.224444,1990-01-06 13:45:00,1990-01-06 23:00:00,110.7189,1990-01-06 18:00:00,4.2500
07268000,34.482500,-89.224444,1990-01-20 14:15:00,1990-01-22 04:45:00,334.1388,1990-01-21 05:30:00,15.2500
07268000,34.482500,-89.224444,1990-01-29 15:00:00,1990-01-30 07:30:00,170.1842,1990-01-29 20:30:00,5.5000
07268000,34.482500,-89.224444,1990-02-02 14:15:00,1990-02-06 08:30:00,1203.4660,1990-02-04 14:00:00,47.7500
07268000,34.482500,-89.224444,1990-02-10 02:00:00,1990-02-12 07:15:00,716.4162,1990-02-11 00:00:00,22.0000
07268000,34.482500,-89.224444,1990-02-16 04:00:00,1990-02-17 14:15:00,305.8219,1990-02-16 16:45:00,12.7500
07268000,34.482500,-89.224444,1990-03-15 19:30:00,1990-03-16 12:30:00,131.6733,1990-03-16 02:00:00,6.5000
07268000,34.482500,-89.224444,1990-04-28 05:30:00,1990-04-29 18:15:00,317.1487,1990-04-28 17:30:00,12.0000
07268000,34.482500,-89.224444,1990-05-20 23:00:00,1990-05-22 18:15:00,266.1784,1990-05-21 22:30:00,23.5000
07268000,34.482500,-89.224444,1990-06-03 15:45:00,1990-06-04 06:00:00,181.5110,1990-06-03 20:15:00,4.5000
07268000,34.482500,-89.224444,1990-12-03 14:45:00,1990-12-04 11:00:00,233.3308,1990-12-03 22:15:00,7.5000
07268000,34.482500,-89.224444,1990-12-17 19:30:00,1990-12-18 09:30:00,142.4337,1990-12-18 01:00:00,5.5000
07268000,34.482500,-89.224444,1990-12-21 08:00:00,1990-12-24 10:30:00,538.0201,1990-12-23 00:30:00,40.5000
07268000,34.482500,-89.224444,1990-12-27 22:15:00,1990-12-29 07:30:00,255.7011,1990-12-28 05:15:00,7.0000
07268000,34.482500,-89.224444,1990-12-31 00:45:00,1990-12-31 19:45:00,187.1744,1990-12-31 06:15:00,5.5000
07268000,34.482500,-89.224444,1991-01-10 23:45:00,1991-01-11 12:00:00,137.0535,1991-01-11 04:00:00,4.2500
07268000,34.482500,-89.224444,1991-02-06 08:45:00,1991-02-06 16:00:00,102.2238,1991-02-06 11:45:00,3.0000
07268000,34.482500,-89.224444,1991-02-18 12:45:00,1991-02-22 00:30:00,1670.6939,1991-02-20 04:00:00,39.2500
07268000,34.482500,-89.224444,1991-02-23 03:45:00,1991-02-24 19:15:00,348.2972,1991-02-23 18:30:00,14.7500
07268000,34.482500,-89.224444,1991-03-01 21:30:00,1991-03-02 21:15:00,225.4021,1991-03-02 04:30:00,7.0000
07268000,34.482500,-89.224444,1991-03-13 11:15:00,1991-03-13 19:30:00,116.3822,1991-03-13 14:30:00,3.2500
07268000,34.482500,-89.224444,1991-03-30 06:00:00,1991-03-31 11:00:00,504.0399,1991-03-30 06:30:00,0.5000
07268000,34.482500,-89.224444,1991-04-14 01:45:00,1991-04-17 01:15:00,685.2677,1991-04-15 14:15:00,36.5000
07268000,34.482500,-89.224444,1991-04-18 18:30:00,1991-04-20 19:15:00,390.7725,1991-04-19 13:15:00,18.7500
07268000,34.482500,-89.224444,1991-04-27 23:15:00,1991-05-01 17:00:00,739.0697,1991-04-29 20:00:00,44.7500
07268000,34.482500,-89.224444,1991-05-05 16:00:00,1991-05-07 03:15:00,286.0002,1991-05-06 04:30:00,12.5000
07268000,34.482500,-89.224444,1991-05-09 04:00:00,1991-05-11 04:15:00,182.9268,1991-05-09 10:15:00,6.2500
07268000,34.482500,-89.224444,1991-05-12 21:30:00,1991-05-16 08:30:00,523.8617,1991-05-13 18:15:00,20.7500
07268000,34.482500,-89.224444,1991-05-18 07:45:00,1991-05-19 22:00:00,217.4734,1991-05-19 03:30:00,19.7500
07268000,34.482500,-89.224444,1991-05-26 14:45:00,1991-05-29 05:00:00,869.3272,1991-05-27 16:45:00,26.0000
07268000,34.482500,-89.224444,1991-06-22 23:00:00,1991-06-23 07:00:00,130.8238,1991-06-23 02:00:00,3.0000
07268000,34.482500,-89.224444,1991-06-25 06:00:00,1991-06-25 13:00:00,114.9664,1991-06-25 10:00:00,4.0000
07268000,34.482500,-89.224444,1991-11-30 20:00:00,1991-12-05 03:00:00,1673.5256,1991-12-02 09:00:00,37.0000
07268000,34.482500,-89.224444,1991-12-09 20:00:00,1991-12-10 22:00:00,262.7803,1991-12-10 03:00:00,7.0000
07268000,34.482500,-89.224444,1991-12-13 15:00:00,1991-12-15 10:00:00,464.3963,1991-12-14 06:00:00,15.0000
07268000,34.482500,-89.224444,1992-01-14 06:00:00,1992-01-14 14:00:00,116.0991,1992-01-14 09:00:00,3.0000
07268000,34.482500,-89.224444,1992-02-15 11:00:00,1992-02-15 17:00:00,107.3208,1992-02-15 14:00:00,3.0000
07268000,34.482500,-89.224444,1992-02-26 08:00:00,1992-02-26 19:00:00,114.9664,1992-02-26 14:00:00,6.0000
07268000,34.482500,-89.224444,1992-03-10 06:00:00,1992-03-12 04:00:00,620.1389,1992-03-10 23:00:00,17.0000
07268000,34.482500,-89.224444,1992-04-20 22:00:00,1992-04-21 10:00:00,128.2753,1992-04-21 03:00:00,5.0000
07268000,34.482500,-89.224444,1992-06-04 07:00:00,1992-06-04 17:00:00,163.9545,1992-06-04 10:00:00,3.0000
07268000,34.482500,-89.224444,1992-06-11 08:00:00,1992-06-11 20:00:00,146.9644,1992-06-11 13:00:00,5.0000
07268000,34.482500,-89.224444,1992-08-27 22:00:00,1992-08-29 00:00:00,300.1586,1992-08-28 05:00:00,7.0000
07268000,34.482500,-89.224444,1992-09-03 19:00:00,1992-09-04 20:00:00,288.8318,1992-09-04 02:00:00,7.0000
07268000,34.482500,-89.224444,1992-09-26 18:00:00,1992-09-27 08:00:00,195.3862,1992-09-26 23:00:00,5.0000
07268000,34.482500,-89.224444,1992-12-20 10:00:00,1992-12-21 17:00:00,277.2219,1992-12-20 17:00:00,7.0000
07268000,34.482500,-89.224444,1992-12-23 19:00:00,1992-12-24 18:00:00,222.8536,1992-12-24 01:00:00,6.0000
07268000,34.482500,-89.224444,1993-01-05 04:00:00,1993-01-06 01:00:00,213.5090,1993-01-05 09:00:00,5.0000
07268000,34.482500,-89.224444,1993-01-19 22:00:00,1993-01-20 05:00:00,112.1347,1993-01-20 03:00:00,5.0000
07268000,34.482500,-89.224444,1993-02-16 07:15:00,1993-02-17 10:30:00,242.1090,1993-02-16 18:00:00,10.7500
07268000,34.482500,-89.224444,1993-03-31 10:00:00,1993-04-01 18:00:00,274.6734,1993-04-01 00:00:00,14.0000
07268000,34.482500,-89.224444,1993-04-09 10:00:00,1993-04-11 01:00:00,387.9408,1993-04-09 23:00:00,13.0000
07268000,34.482500,-89.224444,1993-04-15 11:00:00,1993-04-16 09:00:00,215.7744,1993-04-15 18:00:00,7.0000
07268000,34.482500,-89.224444,1993-04-20 21:00:00,1993-04-21 07:00:00,144.4159,1993-04-21 00:00:00,3.0000
07268000,34.482500,-89.224444,1993-04-26 06:00:00,1993-04-26 12:00:00,104.2060,1993-04-26 09:00:00,3.0000
07268000,34.482500,-89.224444,1993-06-29 17:00:00,1993-06-30 05:00:00,139.3189,1993-06-29 21:00:00,4.0000
07268000,34.482500,-89.224444,1993-08-04 20:00:00,1993-08-05 06:00:00,171.3169,1993-08-05 00:00:00,4.0000
07268000,34.482500,-89.224444,1993-08-06 10:00:00,1993-08-07 15:00:00,261.3645,1993-08-06 19:00:00,9.0000
07268000,34.482500,-89.224444,1993-09-26 21:00:00,1993-09-27 04:00:00,110.4357,1993-09-27 00:00:00,3.0000
07268000,34.482500,-89.224444,1993-11-15 07:00:00,1993-11-15 19:00:00,152.9110,1993-11-15 11:00:00,4.0000
07268000,34.482500,-89.224444,1993-12-04 14:00:00,1993-12-06 06:00:00,396.4359,1993-12-05 07:00:00,17.0000
07268000,34.482500,-89.224444,1993-12-14 04:00:00,1993-12-14 22:00:00,197.3684,1993-12-14 08:00:00,4.0000
07268000,34.482500,-89.224444,1993-12-29 03:00:00,1993-12-29 13:00:00,133.6555,1993-12-29 07:00:00,4.0000
07268000,34.482500,-89.224444,1994-01-07 18:00:00,1994-01-08 09:00:00,155.1763,1994-01-08 00:00:00,6.0000
07268000,34.482500,-89.224444,1994-01-17 16:00:00,1994-01-18 13:00:00,206.7130,1994-01-17 21:00:00,5.0000
07268000,34.482500,-89.224444,1994-01-27 16:00:00,1994-01-30 00:00:00,555.0102,1994-01-28 14:00:00,22.0000
07268000,34.482500,-89.224444,1994-02-10 13:00:00,1994-02-14 06:00:00,979.7629,1994-02-12 01:00:00,36.0000
07268000,34.482500,-89.224444,1994-02-23 01:00:00,1994-02-24 07:00:00,236.4457,1994-02-23 10:00:00,9.0000
07268000,34.482500,-89.224444,1994-03-02 17:00:00,1994-03-03 19:00:00,220.5882,1994-03-02 23:00:00,6.0000
07268000,34.482500,-89.224444,1994-03-09 16:00:00,1994-03-11 18:00:00,455.9012,1994-03-10 09:00:00,17.0000
07268000,34.482500,-89.224444,1994-03-27 18:00:00,1994-03-29 23:00:00,569.1686,1994-03-28 18:00:00,24.0000
07268000,34.482500,-89.224444,1994-04-06 08:00:00,1994-04-07 03:00:00,177.2635,1994-04-06 13:00:00,5.0000
07268000,34.482500,-89.224444,1994-06-07 17:00:00,1994-06-08 16:00:00,236.4457,1994-06-08 03:00:00,10.0000
07268000,34.482500,-89.224444,1994-06-09 21:00:00,1994-06-12 00:00:00,583.3270,1994-06-10 17:00:00,20.0000
07268000,34.482500,-89.224444,1994-06-27 07:00:00,1994-06-30 05:00:00,574.8320,1994-06-27 23:00:00,16.0000
07268000,34.482500,-89.224444,1994-07-25 21:00:00,1994-07-28 03:00:00,187.1744,1994-07-26 01:00:00,4.0000
07268000,34.482500,-89.224444,1994-11-05 23:00:00,1994-11-06 05:00:00,291.6635,1994-11-06 05:00:00,6.0000
07268000,34.482500,-89.224444,1994-11-27 14:00:00,1994-11-29 14:00:00,317.1487,1994-11-28 17:00:00,27.0000
07268000,34.482500,-89.224444,1994-12-04 13:45:00,1994-12-05 12:00:00,213.5090,1994-12-04 19:30:00,5.7500
07268000,34.482500,-89.224444,1994-12-10 14:00:00,1994-12-12 13:00:00,424.7527,1994-12-11 09:00:00,19.0000
07268000,34.482500,-89.224444,1994-12-22 15:00:00,1994-12-23 13:00:00,215.7744,1994-12-22 20:00:00,5.0000
07268000,34.482500,-89.224444,1995-01-06 22:00:00,1995-01-07 22:00:00,225.4021,1995-01-07 04:00:00,6.0000
07268000,34.482500,-89.224444,1995-01-15 05:00:00,1995-01-15 22:00:00,166.2199,1995-01-15 09:00:00,4.0000
07268000,34.482500,-89.224444,1995-01-19 06:00:00,1995-01-21 04:00:00,404.9309,1995-01-19 23:00:00,17.0000
07268000,34.482500,-89.224444,1995-02-16 18:00:00,1995-02-17 09:00:00,142.4337,1995-02-16 23:00:00,5.0000
07268000,34.482500,-89.224444,1995-02-27 22:00:00,1995-02-28 11:00:00,162.8219,1995-02-28 03:00:00,5.0000
07268000,34.482500,-89.224444,1995-03-05 13:00:00,1995-03-10 02:00:00,713.5845,1995-03-06 10:00:00,21.0000
07268000,34.482500,-89.224444,1995-04-21 04:45:00,1995-04-22 11:00:00,277.2219,1995-04-21 13:30:00,8.7500
07268000,34.482500,-89.224444,1995-04-23 15:00:00,1995-04-24 03:00:00,136.7704,1995-04-23 19:00:00,4.0000
07268000,34.482500,-89.224444,1995-06-02 03:00:00,1995-06-03 10:45:00,280.9031,1995-06-02 12:45:00,9.7500
07268000,34.482500,-89.224444,1995-08-05 05:45:00,1995-08-07 14:15:00,407.7626,1995-08-06 02:00:00,20.2500
07268000,34.482500,-89.224444,1996-12-16 23:30:00,1996-12-19 11:00:00,489.8814,1996-12-18 00:45:00,25.2500
07268000,34.482500,-89.224444,1996-12-24 17:00:00,1996-12-24 20:30:00,95.7109,1996-12-24 18:30:00,1.5000
07268000,34.482500,-89.224444,1996-12-27 06:15:00,1996-12-27 20:30:00,152.9110,1996-12-27 11:30:00,5.2500
07268000,34.482500,-89.224444,1996-12-29 05:45:00,1996-12-29 20:45:00,179.8120,1996-12-29 10:30:00,4.7500
07268000,34.482500,-89.224444,1997-01-05 10:00:00,1997-01-06 05:30:00,238.4278,1997-01-05 15:30:00,5.5000
07268000,34.482500,-89.224444,1997-01-09 01:45:00,1997-01-10 02:15:00,201.8991,1997-01-09 09:45:00,8.0000
07268000,34.482500,-89.224444,1997-01-16 04:00:00,1997-01-16 19:15:00,172.1664,1997-01-16 09:15:00,5.2500
07268000,34.482500,-89.224444,1997-01-22 20:00:00,1997-01-23 06:45:00,129.6912,1997-01-23 00:15:00,4.2500
07268000,34.482500,-89.224444,1997-01-24 08:15:00,1997-01-26 20:30:00,526.6933,1997-01-25 06:30:00,22.2500
07268000,34.482500,-89.224444,1997-01-28 08:15:00,1997-01-29 17:45:00,300.1586,1997-01-28 13:45:00,5.5000
07268000,34.482500,-89.224444,1997-02-03 23:00:00,1997-02-06 12:00:00,345.4655,1997-02-05 06:00:00,31.0000
07268000,34.482500,-89.224444,1997-02-14 04:00:00,1997-02-14 15:00:00,122.3288,1997-02-14 08:00:00,4.0000
07268000,34.482500,-89.224444,1997-02-27 16:00:00,1997-02-28 05:00:00,192.8377,1997-02-27 22:00:00,6.0000
07268000,34.482500,-89.224444,1997-03-06 06:00:00,1997-03-07 07:00:00,283.1685,1997-03-06 09:00:00,3.0000
07268000,34.482500,-89.224444,1997-03-19 20:00:00,1997-03-20 02:00:00,102.2238,1997-03-19 23:00:00,3.0000
07268000,34.482500,-89.224444,1997-04-05 22:00:00,1997-04-06 19:00:00,282.0358,1997-04-06 04:00:00,5.0000
07268000,34.482500,-89.224444,1997-05-27 17:30:00,1997-06-02 11:30:00,447.4062,1997-05-30 00:00:00,54.5000
07268000,34.482500,-89.224444,1997-06-06 04:45:00,1997-06-06 09:30:00,101.6575,1997-06-06 06:45:00,2.0000
07268000,34.482500,-89.224444,1997-06-09 07:30:00,1997-06-13 08:30:00,458.7329,1997-06-11 15:45:00,56.2500
07268000,34.482500,-89.224444,1997-06-17 00:15:00,1997-06-20 01:00:00,580.4954,1997-06-18 11:00:00,34.7500
07268000,34.482500,-89.224444,1997-06-29 07:15:00,1997-06-29 23:30:00,239.8437,1997-06-29 12:30:00,5.2500
07268000,34.482500,-89.224444,1997-10-26 03:15:00,1997-10-26 17:15:00,138.1862,1997-10-26 09:30:00,6.2500
07268000,34.482500,-89.224444,1997-12-24 10:15:00,1997-12-26 03:45:00,368.1190,1997-12-24 23:45:00,13.5000
07268000,34.482500,-89.224444,1998-01-05 19:30:00,1998-01-06 05:45:00,133.6555,1998-01-06 01:15:00,5.7500
07268000,34.482500,-89.224444,1998-02-11 12:00:00,1998-02-12 07:15:00,161.6892,1998-02-11 17:15:00,5.2500
07268000,34.482500,-89.224444,1998-02-16 14:15:00,1998-02-19 15:45:00,501.2082,1998-02-18 06:30:00,40.2500
07268000,34.482500,-89.224444,1998-02-23 07:15:00,1998-02-23 17:45:00,109.5862,1998-02-23 12:15:00,5.0000
07268000,34.482500,-89.224444,1998-02-27 00:30:00,1998-02-27 15:15:00,144.4159,1998-02-27 05:00:00,4.5000
07268000,34.482500,-89.224444,1998-03-05 13:30:00,1998-03-10 00:00:00,261.3645,1998-03-08 15:45:00,74.2500
07268000,34.482500,-89.224444,1998-04-03 14:30:00,1998-04-04 01:45:00,122.8951,1998-04-03 18:00:00,3.5000
07268000,34.482500,-89.224444,1998-04-19 00:00:00,1998-04-20 01:15:00,187.7407,1998-04-19 09:30:00,9.5000
07268000,34.482500,-89.224444,1998-04-28 08:30:00,1998-05-01 22:45:00,526.6933,1998-04-29 06:00:00,21.5000
07268000,34.482500,-89.224444,1998-07-28 20:00:00,1998-07-28 22:15:00,94.5783,1998-07-28 20:30:00,0.5000
07268000,34.482500,-89.224444,1998-12-12 17:00:00,1998-12-13 19:00:00,238.1447,1998-12-13 03:00:00,10.0000
07268000,34.482500,-89.224444,1998-12-28 13:15:00,1998-12-29 09:00:00,181.7942,1998-12-28 17:30:00,4.2500
07268000,34.482500,-89.224444,1999-01-02 22:30:00,1999-01-03 13:00:00,132.2397,1999-01-03 06:00:00,7.5000
07268000,34.482500,-89.224444,1999-01-09 01:15:00,1999-01-10 14:00:00,232.4813,1999-01-09 14:00:00,12.7500
07268000,34.482500,-89.224444,1999-01-14 12:30:00,1999-01-14 19:15:00,98.2595,1999-01-14 15:30:00,3.0000
07268000,34.482500,-89.224444,1999-01-22 22:45:00,1999-01-25 11:00:00,685.2677,1999-01-23 22:45:00,24.0000
07268000,34.482500,-89.224444,1999-01-30 00:45:00,1999-02-01 22:15:00,273.2576,1999-01-31 19:30:00,42.7500
07268000,34.482500,-89.224444,1999-02-28 06:00:00,1999-02-28 17:30:00,126.0100,1999-02-28 10:00:00,4.0000
07268000,34.482500,-89.224444,1999-03-03 03:45:00,1999-03-04 12:30:00,225.1189,1999-03-03 19:15:00,15.5000
07268000,34.482500,-89.224444,1999-03-06 11:15:00,1999-03-07 10:30:00,199.6338,1999-03-06 18:30:00,7.2500
07268000,34.482500,-89.224444,1999-03-09 12:30:00,1999-03-09 21:45:00,109.5862,1999-03-09 16:30:00,4.0000
07268000,34.482500,-89.224444,1999-03-13 13:00:00,1999-03-16 10:00:00,665.4459,1999-03-14 15:00:00,26.0000
07268000,34.482500,-89.224444,1999-04-04 09:30:00,1999-04-05 06:30:00,184.3427,1999-04-04 15:45:00,6.2500
07268000,34.482500,-89.224444,1999-04-06 15:00:00,1999-04-06 20:00:00,103.3565,1999-04-06 17:00:00,2.0000
07268000,34.482500,-89.224444,1999-04-24 21:00:00,1999-04-27 23:15:00,201.0496,1999-04-26 21:30:00,48.5000
07268000,34.482500,-89.224444,1999-05-06 04:30:00,1999-05-07 20:00:00,325.6437,1999-05-06 19:00:00,14.5000
07268000,34.482500,-89.224444,1999-06-24 20:00:00,1999-06-27 20:00:00,447.4062,1999-06-25 19:15:00,23.2500
07268000,34.482500,-89.224444,2000-03-20 02:30:00,2000-03-20 17:00:00,134.5050,2000-03-20 09:00:00,6.5000
07268000,34.482500,-89.224444,2000-04-02 10:00:00,2000-04-05 16:45:00,444.5745,2000-04-04 09:30:00,47.5000
07268000,34.482500,-89.224444,2000-11-25 01:45:00,2000-11-25 15:00:00,126.8595,2000-11-25 07:30:00,5.7500
07268000,34.482500,-89.224444,2000-12-16 07:00:00,2000-12-17 19:15:00,235.0298,2000-12-17 00:00:00,17.0000
07268000,34.482500,-89.224444,2001-01-18 19:30:00,2001-01-21 09:45:00,399.2675,2001-01-20 04:30:00,33.0000
07268000,34.482500,-89.224444,2001-01-30 06:30:00,2001-01-30 12:30:00,99.6753,2001-01-30 09:00:00,2.5000
07268000,34.482500,-89.224444,2001-02-13 06:15:00,2001-02-19 08:00:00,665.4459,2001-02-17 16:00:00,105.7500
07268000,34.482500,-89.224444,2001-02-25 09:30:00,2001-02-26 18:00:00,242.3922,2001-02-25 19:30:00,10.0000
07268000,34.482500,-89.224444,2001-02-28 02:30:00,2001-02-28 19:15:00,105.6218,2001-02-28 07:00:00,4.5000
07268000,34.482500,-89.224444,2001-03-15 17:00:00,2001-03-15 23:45:00,100.5248,2001-03-15 19:45:00,2.7500
07268000,34.482500,-89.224444,2001-04-03 15:30:00,2001-04-06 05:30:00,628.6340,2001-04-04 15:30:00,24.0000
07268000,34.482500,-89.224444,2001-04-13 03:15:00,2001-04-14 16:45:00,206.9961,2001-04-13 20:15:00,17.0000
07268000,34.482500,-89.224444,2001-06-05 06:30:00,2001-06-05 16:15:00,121.1961,2001-06-05 10:15:00,3.7500
07268000,34.482500,-89.224444,2001-06-07 18:15:00,2001-06-09 01:15:00,239.8437,2001-06-08 07:45:00,13.5000
07268000,34.482500,-89.224444,2001-09-02 14:45:00,2001-09-03 15:15:00,223.9863,2001-09-02 23:00:00,8.2500
07268000,34.482500,-89.224444,2001-10-13 21:30:00,2001-10-15 17:00:00,336.9705,2001-10-14 15:30:00,18.0000
07268000,34.482500,-89.224444,2001-11-27 14:45:00,2001-11-28 05:45:00,248.9051,2001-11-28 01:00:00,10.2500
07268000,34.482500,-89.224444,2001-11-29 06:00:00,2001-11-30 05:45:00,784.3767,2001-11-30 05:45:00,23.7500
07268000,34.482500,-89.224444,2001-12-08 15:00:00,2001-12-09 15:15:00,199.6338,2001-12-08 22:00:00,7.0000
07268000,34.482500,-89.224444,2001-12-14 06:00:00,2001-12-18 19:15:00,792.8717,2001-12-15 00:00:00,18.0000
07268000,34.482500,-89.224444,2001-12-23 11:15:00,2001-12-24 17:00:00,236.4457,2001-12-23 18:45:00,7.5000
07268000,34.482500,-89.224444,2002-01-19 12:45:00,2002-01-21 12:30:00,407.7626,2002-01-20 04:45:00,16.0000
07268000,34.482500,-89.224444,2002-01-25 06:00:00,2002-01-26 05:45:00,1050.5550,2002-01-25 13:00:00,7.0000
07268000,34.482500,-89.224444,2002-02-21 06:00:00,2002-02-22 03:15:00,345.4655,2002-02-21 06:15:00,0.2500
07268000,34.482500,-89.224444,2002-03-12 13:45:00,2002-03-13 12:30:00,183.7763,2002-03-12 18:15:00,4.5000
07268000,34.482500,-89.224444,2002-03-16 12:00:00,2002-03-22 03:30:00,308.6536,2002-03-18 23:30:00,59.5000
07268000,34.482500,-89.224444,2002-03-30 19:30:00,2002-04-02 19:00:00,676.7726,2002-04-01 03:15:00,31.7500
07268000,34.482500,-89.224444,2002-04-09 04:15:00,2002-04-09 18:00:00,134.2219,2002-04-09 09:00:00,4.7500
07268000,34.482500,-89.224444,2002-05-01 00:15:00,2002-05-01 23:45:00,218.8892,2002-05-01 06:30:00,6.2500
07268000,34.482500,-89.224444,2002-05-03 08:30:00,2002-05-06 18:00:00,1163.8224,2002-05-04 17:45:00,33.2500
07268000,34.482500,-89.224444,2002-05-10 16:45:00,2002-05-11 16:00:00,178.1130,2002-05-10 22:15:00,5.5000
07268000,34.482500,-89.224444,2002-05-30 02:30:00,2002-05-30 12:00:00,122.3288,2002-05-30 06:30:00,4.0000
07268000,34.482500,-89.224444,2002-10-04 18:30:00,2002-10-05 04:45:00,172.1664,2002-10-05 00:30:00,6.0000
07268000,34.482500,-89.224444,2002-10-10 19:45:00,2002-10-11 04:45:00,353.9606,2002-10-11 04:45:00,9.0000
07268000,34.482500,-89.224444,2002-11-05 16:30:00,2002-11-07 08:15:00,288.8318,2002-11-06 06:00:00,13.5000
07268000,34.482500,-89.224444,2002-12-04 19:30:00,2002-12-06 11:30:00,260.2318,2002-12-05 09:00:00,13.5000
07268000,34.482500,-89.224444,2002-12-24 07:00:00,2002-12-26 12:15:00,478.5547,2002-12-25 04:15:00,21.2500
07268000,34.482500,-89.224444,2003-02-06 20:15:00,2003-02-08 01:45:00,328.4754,2003-02-07 06:30:00,10.2500
07268000,34.482500,-89.224444,2003-02-15 03:30:00,2003-02-18 04:00:00,484.2181,2003-02-16 12:15:00,32.7500
07268000,34.482500,-89.224444,2003-02-22 06:00:00,2003-02-24 20:15:00,563.5052,2003-02-23 02:00:00,20.0000
07268000,34.482500,-89.224444,2003-02-26 16:30:00,2003-02-28 09:45:00,197.6516,2003-02-27 00:30:00,8.0000
07268000,34.482500,-89.224444,2003-04-05 18:00:00,2003-04-05 21:30:00,96.2773,2003-04-05 19:15:00,1.2500
07268000,34.482500,-89.224444,2003-04-07 05:45:00,2003-04-08 11:30:00,233.6140,2003-04-07 13:30:00,7.7500
07268000,34.482500,-89.224444,2003-04-24 23:00:00,2003-04-26 16:00:00,246.9229,2003-04-25 15:00:00,16.0000
07268000,34.482500,-89.224444,2003-05-06 07:00:00,2003-05-08 21:00:00,444.5745,2003-05-07 04:30:00,21.5000
07268000,34.482500,-89.224444,2003-05-11 16:45:00,2003-05-12 02:00:00,120.0634,2003-05-11 20:30:00,3.7500
07268000,34.482500,-89.224444,2003-05-14 14:00:00,2003-05-20 08:00:00,713.5845,2003-05-18 12:15:00,94.2500
07268000,34.482500,-89.224444,2003-07-14 02:15:00,2003-07-14 13:00:00,142.4337,2003-07-14 06:15:00,4.0000
07268000,34.482500,-89.224444,2003-08-04 02:30:00,2003-08-04 09:15:00,108.4535,2003-08-04 05:15:00,2.7500
07268000,34.482500,-89.224444,2003-08-06 17:30:00,2003-08-08 05:30:00,248.0556,2003-08-06 20:30:00,3.0000
07268000,34.482500,-89.224444,2003-09-22 14:00:00,2003-09-23 09:45:00,200.4833,2003-09-22 19:45:00,5.7500
07268000,34.482500,-89.224444,2003-11-19 04:00:00,2003-11-19 06:00:00,93.4456,2003-11-19 05:00:00,1.0000
07268000,34.482500,-89.224444,2004-01-25 10:00:00,2004-01-27 05:00:00,356.7923,2004-01-26 02:00:00,16.0000
07268000,34.482500,-89.224444,2004-02-05 13:00:00,2004-02-08 11:00:00,1056.2184,2004-02-06 15:00:00,26.0000
07268000,34.482500,-89.224444,2004-02-12 15:00:00,2004-02-13 03:00:00,119.2139,2004-02-12 20:00:00,5.0000
07268000,34.482500,-89.224444,2004-02-15 14:00:00,2004-02-17 03:00:00,235.3130,2004-02-16 01:00:00,11.0000
07268000,34.482500,-89.224444,2004-02-26 08:00:00,2004-02-26 22:00:00,120.9129,2004-02-26 13:00:00,5.0000
07268000,34.482500,-89.224444,2004-03-01 22:00:00,2004-03-03 10:00:00,241.2595,2004-03-02 10:00:00,12.0000
07268000,34.482500,-89.224444,2004-03-06 04:00:00,2004-03-07 22:00:00,317.1487,2004-03-06 21:00:00,17.0000
07268000,34.482500,-89.224444,2004-03-16 14:00:00,2004-03-16 19:00:00,98.2595,2004-03-16 16:00:00,2.0000
07268000,34.482500,-89.224444,2004-04-12 14:00:00,2004-04-14 09:00:00,229.6496,2004-04-12 21:00:00,7.0000
07268000,34.482500,-89.224444,2004-05-15 09:00:00,2004-05-17 04:00:00,294.4952,2004-05-15 22:00:00,13.0000
07268000,34.482500,-89.224444,2004-05-31 11:00:00,2004-06-01 02:00:00,151.2120,2004-05-31 16:00:00,5.0000
07268000,34.482500,-89.224444,2004-06-04 04:00:00,2004-06-04 14:00:00,112.4179,2004-06-04 09:00:00,5.0000
07268000,34.482500,-89.224444,2004-06-25 07:00:00,2004-07-01 11:00:00,931.6243,2004-06-26 13:00:00,30.0000
07268000,34.482500,-89.224444,2004-07-07 03:00:00,2004-07-07 19:00:00,125.4436,2004-07-07 06:00:00,3.0000
07268000,34.482500,-89.224444,2004-07-15 13:00:00,2004-07-15 17:00:00,98.2595,2004-07-15 15:00:00,2.0000
07268000,34.482500,-89.224444,2004-07-18 03:00:00,2004-07-18 09:00:00,105.3387,2004-07-18 05:00:00,2.0000
07268000,34.482500,-89.224444,2004-10-19 15:00:00,2004-10-21 07:00:00,308.6536,2004-10-20 08:00:00,17.0000
07268000,34.482500,-89.224444,2004-10-24 08:00:00,2004-10-24 11:00:00,97.6931,2004-10-24 09:00:00,1.0000
07268000,34.482500,-89.224444,2004-11-02 20:00:00,2004-11-03 03:00:00,106.7545,2004-11-02 23:00:00,3.0000
07268000,34.482500,-89.224444,2004-11-23 21:00:00,2004-11-26 15:00:00,628.6340,2004-11-25 04:00:00,31.0000
07268000,34.482500,-89.224444,2004-11-27 22:00:00,2004-11-28 08:00:00,109.3030,2004-11-28 02:00:00,4.0000
07268000,34.482500,-89.224444,2004-11-30 13:00:00,2004-12-03 00:00:00,538.0201,2004-12-01 11:00:00,22.0000
07268000,34.482500,-89.224444,2004-12-06 08:00:00,2004-12-07 05:00:00,532.3567,2004-12-07 05:00:00,21.0000
07268000,34.482500,-89.224444,2004-12-23 03:00:00,2004-12-25 04:00:00,455.9012,2004-12-23 22:00:00,19.0000
07268000,34.482500,-89.224444,2005-01-07 23:00:00,2005-01-09 20:00:00,342.6338,2005-01-08 17:00:00,18.0000
07268000,34.482500,-89.224444,2005-01-13 19:00:00,2005-01-14 17:00:00,180.0951,2005-01-14 01:00:00,6.0000
07268000,34.482500,-89.224444,2005-02-20 19:00:00,2005-02-22 19:00:00,317.1487,2005-02-21 15:00:00,20.0000
07268000,34.482500,-89.224444,2005-02-24 05:00:00,2005-02-24 18:00:00,121.4793,2005-02-24 10:00:00,5.0000
07268000,34.482500,-89.224444,2005-04-06 18:00:00,2005-04-09 09:00:00,498.3765,2005-04-07 15:00:00,21.0000
07268000,34.482500,-89.224444,2005-04-12 03:00:00,2005-04-13 11:00:00,242.1090,2005-04-12 11:00:00,8.0000
07268000,34.482500,-89.224444,2005-07-06 04:00:00,2005-07-06 06:00:00,94.8614,2005-07-06 05:00:00,1.0000
07268000,34.482500,-89.224444,2005-08-30 08:00:00,2005-08-31 18:00:00,259.0991,2005-08-30 20:00:00,12.0000
07268000,34.482500,-89.224444,2005-12-15 11:00:00,2005-12-16 02:00:00,153.7605,2005-12-15 16:00:00,5.0000
07268000,34.482500,-89.224444,2006-01-13 19:00:00,2006-01-14 06:00:00,126.2931,2006-01-13 23:00:00,4.0000
07268000,34.482500,-89.224444,2006-01-17 13:00:00,2006-01-19 06:00:00,305.8219,2006-01-18 05:00:00,16.0000
07268000,34.482500,-89.224444,2006-01-22 16:00:00,2006-01-25 06:00:00,498.3765,2006-01-23 21:00:00,29.0000
07268000,34.482500,-89.224444,2006-01-29 11:00:00,2006-01-30 11:00:00,200.4833,2006-01-29 18:00:00,7.0000
07268000,34.482500,-89.224444,2006-02-03 01:00:00,2006-02-05 08:00:00,200.4833,2006-02-04 13:00:00,36.0000
07268000,34.482500,-89.224444,2006-02-11 09:00:00,2006-02-11 22:00:00,124.5941,2006-02-11 14:00:00,5.0000
07268000,34.482500,-89.224444,2006-03-10 04:00:00,2006-03-10 18:00:00,140.7347,2006-03-10 09:00:00,5.0000
07268000,34.482500,-89.224444,2006-03-20 19:00:00,2006-03-22 12:00:00,262.2140,2006-03-21 13:00:00,18.0000
07268000,34.482500,-89.224444,2006-04-08 05:00:00,2006-04-10 03:00:00,362.4556,2006-04-09 00:00:00,19.0000
07268000,34.482500,-89.224444,2006-05-10 21:00:00,2006-05-11 21:00:00,203.8813,2006-05-11 04:00:00,7.0000
07268000,34.482500,-89.224444,2006-10-17 11:00:00,2006-10-17 21:00:00,165.0872,2006-10-17 14:00:00,3.0000
07268000,34.482500,-89.224444,2006-11-15 20:00:00,2006-11-16 10:00:00,159.7070,2006-11-16 01:00:00,5.0000
07268000,34.482500,-89.224444,2006-12-31 02:00:00,2007-01-01 20:00:00,291.6635,2006-12-31 19:00:00,17.0000
07268000,34.482500,-89.224444,2007-01-05 04:00:00,2007-01-08 19:00:00,552.1785,2007-01-06 02:00:00,22.0000
07268000,34.482500,-89.224444,2007-02-25 12:00:00,2007-02-25 16:00:00,95.4278,2007-02-25 14:00:00,2.0000
07268000,34.482500,-89.224444,2007-05-11 04:00:00,2007-05-11 05:00:00,93.4456,2007-05-11 05:00:00,1.0000
07268000,34.482500,-89.224444,2008-01-11 01:00:00,2008-01-11 13:00:00,137.6199,2008-01-11 05:00:00,4.0000
07268000,34.482500,-89.224444,2008-02-01 03:00:00,2008-02-02 01:00:00,202.4655,2008-02-01 07:00:00,4.0000
07268000,34.482500,-89.224444,2008-02-06 18:00:00,2008-02-06 22:00:00,96.5604,2008-02-06 20:00:00,2.0000
07268000,34.482500,-89.224444,2008-03-04 10:00:00,2008-03-05 05:00:00,186.8912,2008-03-04 14:00:00,4.0000
07268000,34.482500,-89.224444,2008-03-14 18:00:00,2008-03-16 04:00:00,155.7427,2008-03-15 22:00:00,28.0000
07268000,34.482500,-89.224444,2008-03-19 15:00:00,2008-03-20 14:00:00,203.8813,2008-03-19 22:00:00,7.0000
07268000,34.482500,-89.224444,2008-03-31 05:00:00,2008-04-06 16:00:00,376.6141,2008-04-05 10:00:00,125.0000
07268000,34.482500,-89.224444,2008-05-03 06:00:00,2008-05-05 03:00:00,430.4161,2008-05-03 21:00:00,15.0000
07268000,34.482500,-89.224444,2008-05-08 21:00:00,2008-05-09 13:00:00,190.2892,2008-05-09 00:00:00,3.0000
07268000,34.482500,-89.224444,2008-05-11 07:00:00,2008-05-13 03:00:00,376.6141,2008-05-11 23:00:00,16.0000
07268000,34.482500,-89.224444,2008-05-15 21:00:00,2008-05-16 16:00:00,107.3208,2008-05-16 01:00:00,4.0000
07268000,34.482500,-89.224444,2008-05-28 13:00:00,2008-05-28 22:00:00,121.4793,2008-05-28 16:00:00,3.0000
07268000,34.482500,-89.224444,2008-12-10 03:00:00,2008-12-13 09:00:00,993.9213,2008-12-10 23:00:00,20.0000
07268000,34.482500,-89.224444,2008-12-21 03:00:00,2008-12-21 18:00:00,124.5941,2008-12-21 11:00:00,8.0000
07268000,34.482500,-89.224444,2008-12-25 01:00:00,2008-12-25 21:00:00,179.5288,2008-12-25 06:00:00,5.0000
07268000,34.482500,-89.224444,2008-12-28 12:00:00,2008-12-29 01:00:00,130.2575,2008-12-28 16:00:00,4.0000
07268000,34.482500,-89.224444,2009-01-06 15:00:00,2009-01-08 08:00:00,359.6240,2009-01-07 07:00:00,16.0000
07268000,34.482500,-89.224444,2009-02-28 11:00:00,2009-03-01 16:00:00,188.3070,2009-02-28 21:00:00,10.0000
07268000,34.482500,-89.224444,2009-03-14 14:00:00,2009-03-15 17:00:00,197.6516,2009-03-14 22:00:00,8.0000
07268000,34.482500,-89.224444,2009-03-25 19:00:00,2009-03-29 03:00:00,252.0199,2009-03-26 22:00:00,27.0000
07268000,34.482500,-89.224444,2009-04-13 10:00:00,2009-04-13 15:00:00,100.5248,2009-04-13 12:00:00,2.0000
07268000,34.482500,-89.224444,2009-04-19 22:00:00,2009-04-21 03:00:00,214.3585,2009-04-20 07:00:00,9.0000
07268000,34.482500,-89.224444,2009-05-03 02:00:00,2009-05-04 16:00:00,122.3288,2009-05-03 06:00:00,4.0000
07268000,34.482500,-89.224444,2009-05-06 14:00:00,2009-05-08 12:00:00,334.1388,2009-05-07 06:00:00,16.0000
07268000,34.482500,-89.224444,2009-05-10 05:00:00,2009-05-11 18:00:00,174.4318,2009-05-10 10:00:00,5.0000
07268000,34.482500,-89.224444,2009-05-15 14:00:00,2009-05-16 13:00:00,212.3763,2009-05-15 22:00:00,8.0000
07268000,34.482500,-89.224444,2009-05-24 13:00:00,2009-05-25 07:00:00,168.4852,2009-05-24 18:00:00,5.0000
07268000,34.482500,-89.224444,2009-09-18 05:00:00,2009-09-20 01:00:00,203.8813,2009-09-19 08:00:00,27.0000
07268000,34.482500,-89.224444,2009-09-21 02:00:00,2009-09-21 13:00:00,133.9387,2009-09-21 07:00:00,5.0000
07268000,34.482500,-89.224444,2009-09-23 08:00:00,2009-09-24 05:00:00,189.7229,2009-09-23 15:00:00,7.0000
07268000,34.482500,-89.224444,2009-09-25 12:00:00,2009-09-28 04:00:00,286.0002,2009-09-27 02:00:00,38.0000
07268000,34.482500,-89.224444,2009-10-05 06:00:00,2009-10-05 22:00:00,168.2021,2009-10-05 11:00:00,5.0000
07268000,34.482500,-89.224444,2009-10-12 23:00:00,2009-10-16 13:00:00,467.2280,2009-10-15 01:00:00,50.0000
07268000,34.482500,-89.224444,2009-10-31 02:00:00,2009-11-02 02:00:00,368.1190,2009-10-31 21:00:00,19.0000
07268000,34.482500,-89.224444,2009-11-30 14:00:00,2009-12-01 09:00:00,181.7942,2009-11-30 20:00:00,6.0000
07268000,34.482500,-89.224444,2009-12-09 03:00:00,2009-12-10 05:00:00,192.8377,2009-12-09 13:00:00,10.0000
07268000,34.482500,-89.224444,2009-12-13 12:00:00,2009-12-14 09:00:00,159.7070,2009-12-13 19:00:00,7.0000
07268000,34.482500,-89.224444,2009-12-25 06:00:00,2009-12-26 16:00:00,244.0912,2009-12-25 14:00:00,8.0000
07268000,34.482500,-89.224444,2010-01-17 09:00:00,2010-01-19 11:00:00,370.9507,2010-01-18 04:00:00,19.0000
07268000,34.482500,-89.224444,2010-01-21 13:00:00,2010-01-23 05:00:00,552.1785,2010-01-22 09:00:00,20.0000
07268000,34.482500,-89.224444,2010-01-30 06:00:00,2010-01-31 01:00:00,150.3625,2010-01-30 12:00:00,6.0000
07268000,34.482500,-89.224444,2010-02-05 09:00:00,2010-02-06 14:00:00,193.6872,2010-02-05 18:00:00,9.0000
07268000,34.482500,-89.224444,2010-02-09 12:00:00,2010-02-10 10:00:00,170.7506,2010-02-09 18:00:00,6.0000
07268000,34.482500,-89.224444,2010-03-11 14:00:00,2010-03-12 19:00:00,244.0912,2010-03-11 21:00:00,7.0000
07268000,34.482500,-89.224444,2010-03-21 22:00:00,2010-03-22 13:00:00,143.2832,2010-03-22 03:00:00,5.0000
07268000,34.482500,-89.224444,2010-03-28 15:00:00,2010-03-29 03:00:00,123.7446,2010-03-28 20:00:00,5.0000
07268000,34.482500,-89.224444,2010-04-03 20:00:00,2010-04-04 02:00:00,105.6218,2010-04-03 23:00:00,3.0000
07268000,34.482500,-89.224444,2010-04-24 23:00:00,2010-04-25 09:00:00,123.7446,2010-04-25 03:00:00,4.0000
07268000,34.482500,-89.224444,2010-05-02 03:00:00,2010-05-05 12:00:00,1240.2779,2010-05-03 17:00:00,38.0000
07268000,34.482500,-89.224444,2010-05-21 18:00:00,2010-05-22 09:00:00,180.9446,2010-05-21 23:00:00,5.0000
07268000,34.482500,-89.224444,2011-02-02 00:15:00,2011-02-02 17:30:00,204.4476,2011-02-02 04:30:00,4.2500
07268000,34.482500,-89.224444,2011-03-05 22:15:00,2011-03-06 12:45:00,174.4318,2011-03-06 02:45:00,4.5000
07268000,34.482500,-89.224444,2011-03-09 07:00:00,2011-03-11 04:30:00,288.8318,2011-03-10 02:00:00,19.0000
07268000,34.482500,-89.224444,2011-03-26 16:30:00,2011-03-28 21:30:00,177.2635,2011-03-26 21:30:00,5.0000
07268000,34.482500,-89.224444,2011-04-05 09:00:00,2011-04-05 11:15:00,94.0119,2011-04-05 09:45:00,0.7500
07268000,34.482500,-89.224444,2011-04-15 20:00:00,2011-04-16 06:15:00,137.6199,2011-04-15 23:45:00,3.7500
07268000,34.482500,-89.224444,2011-04-21 02:15:00,2011-04-23 06:45:00,308.6536,2011-04-22 01:00:00,22.7500
07268000,34.482500,-89.224444,2011-04-26 16:30:00,2011-04-30 09:30:00,812.6935,2011-04-28 15:15:00,46.7500
07268000,34.482500,-89.224444,2011-05-03 22:00:00,2011-05-04 02:15:00,99.3921,2011-05-03 23:45:00,1.7500
07268000,34.482500,-89.224444,2011-05-14 03:30:00,2011-05-14 21:30:00,204.1645,2011-05-14 06:30:00,3.0000
07268000,34.482500,-89.224444,2011-09-05 04:45:00,2011-09-06 05:00:00,200.2001,2011-09-05 08:00:00,3.2500
07268000,34.482500,-89.224444,2011-11-27 12:00:00,2011-11-28 00:00:00,160.8397,2011-11-27 17:00:00,5.0000
07268000,34.482500,-89.224444,2011-12-21 14:00:00,2011-12-21 21:00:00,121.7624,2011-12-21 17:00:00,3.0000
07268000,34.482500,-89.224444,2011-12-27 08:00:00,2011-12-28 06:00:00,199.3506,2011-12-27 16:00:00,8.0000
07268000,34.482500,-89.224444,2012-01-08 18:00:00,2012-01-09 05:00:00,152.3446,2012-01-08 21:00:00,3.0000
07268000,34.482500,-89.224444,2012-01-21 19:00:00,2012-01-22 03:00:00,117.7981,2012-01-21 22:00:00,3.0000
07268000,34.482500,-89.224444,2012-01-23 18:00:00,2012-01-23 20:00:00,93.7288,2012-01-23 19:00:00,1.0000
07268000,34.482500,-89.224444,2012-02-04 22:00:00,2012-02-05 05:00:00,207.5625,2012-02-05 05:00:00,7.0000
07268000,34.482500,-89.224444,2012-03-23 05:00:00,2012-03-24 02:00:00,224.2694,2012-03-23 06:00:00,1.0000
07268000,34.482500,-89.224444,2012-03-30 23:00:00,2012-03-31 06:00:00,126.2931,2012-03-31 02:00:00,3.0000
07268000,34.482500,-89.224444,2012-09-03 08:45:00,2012-09-03 21:15:00,169.9011,2012-09-03 13:45:00,5.0000
07268000,34.482500,-89.224444,2012-12-26 05:30:00,2012-12-26 16:00:00,143.8496,2012-12-26 09:45:00,4.2500
07268000,34.482500,-89.224444,2013-01-12 17:15:00,2013-01-15 02:00:00,237.5783,2013-01-13 09:30:00,16.2500
07268000,34.482500,-89.224444,2013-01-30 17:00:00,2013-01-31 07:45:00,173.8654,2013-01-30 20:30:00,3.5000
07268000,34.482500,-89.224444,2013-02-10 23:45:00,2013-02-11 19:45:00,196.5189,2013-02-11 05:00:00,5.2500
07268000,34.482500,-89.224444,2013-02-22 08:15:00,2013-02-22 16:00:00,110.4357,2013-02-22 11:15:00,3.0000
07268000,34.482500,-89.224444,2013-03-11 08:15:00,2013-03-12 15:45:00,226.5348,2013-03-11 17:30:00,9.2500
07268000,34.482500,-89.224444,2013-03-24 07:45:00,2013-03-25 07:00:00,196.2357,2013-03-24 17:00:00,9.2500
07268000,34.482500,-89.224444,2013-04-11 16:00:00,2013-04-14 01:45:00,461.5646,2013-04-12 13:15:00,21.2500
07268000,34.482500,-89.224444,2013-04-19 09:45:00,2013-04-20 02:30:00,185.1922,2013-04-19 14:30:00,4.7500
07268000,34.482500,-89.224444,2013-04-24 21:15:00,2013-04-25 03:30:00,108.1704,2013-04-24 23:45:00,2.5000
07268000,34.482500,-89.224444,2013-05-04 04:00:00,2013-05-06 13:00:00,183.7763,2013-05-05 22:45:00,42.7500
07268000,34.482500,-89.224444,2013-05-17 23:30:00,2013-05-19 04:30:00,175.5644,2013-05-18 04:15:00,4.7500
07268000,34.482500,-89.224444,2013-05-22 09:15:00,2013-05-23 20:15:00,244.6576,2013-05-22 18:30:00,9.2500
07268000,34.482500,-89.224444,2013-12-06 16:00:00,2013-12-08 02:45:00,238.1447,2013-12-07 05:15:00,13.2500
07268000,34.482500,-89.224444,2013-12-22 10:00:00,2013-12-23 01:15:00,175.2813,2013-12-22 14:00:00,4.0000
07268000,34.482500,-89.224444,2014-02-03 06:00:00,2014-02-07 00:00:00,286.0002,2014-02-05 20:00:00,62.0000
07268000,34.482500,-89.224444,2014-03-29 15:45:00,2014-03-30 03:30:00,131.3902,2014-03-29 20:15:00,4.5000
07268000,34.482500,-89.224444,2014-04-07 06:00:00,2014-04-08 12:00:00,201.8991,2014-04-07 14:45:00,8.7500
07268000,34.482500,-89.224444,2014-04-29 06:45:00,2014-04-29 12:45:00,103.0733,2014-04-29 09:15:00,2.5000
07268000,34.482500,-89.224444,2014-06-10 19:00:00,2014-06-11 06:30:00,129.4080,2014-06-11 00:00:00,5.0000
07268000,34.482500,-89.224444,2014-06-13 13:15:00,2014-06-13 18:30:00,103.0733,2014-06-13 15:45:00,2.5000
07268000,34.482500,-89.224444,2014-07-19 00:15:00,2014-07-19 21:00:00,194.8199,2014-07-19 06:30:00,6.2500
07268000,34.482500,-89.224444,2014-10-13 14:30:00,2014-10-14 19:15:00,176.9803,2014-10-14 08:45:00,18.2500
07268000,34.482500,-89.224444,2014-11-17 13:00:00,2014-11-17 19:15:00,100.8080,2014-11-17 16:15:00,3.2500
07268000,34.482500,-89.224444,2014-12-06 05:30:00,2014-12-07 04:15:00,193.4041,2014-12-06 10:45:00,5.2500
07268000,34.482500,-89.224444,2014-12-24 04:00:00,2014-12-24 15:15:00,127.7090,2014-12-24 08:45:00,4.7500
07268000,34.482500,-89.224444,2014-12-28 15:15:00,2014-12-28 18:15:00,94.0119,2014-12-28 17:00:00,1.7500
07268000,34.482500,-89.224444,2015-01-02 21:15:00,2015-01-02 22:00:00,97.9763,2015-01-02 22:00:00,0.7500
07268000,34.482500,-89.224444,2015-01-12 23:15:00,2015-01-13 05:00:00,103.6397,2015-01-13 00:30:00,1.2500
07268000,34.482500,-89.224444,2015-02-02 08:15:00,2015-02-02 13:30:00,98.2595,2015-02-02 10:15:00,2.0000
07268000,34.482500,-89.224444,2015-02-21 23:00:00,2015-02-24 10:45:00,268.1605,2015-02-22 17:30:00,18.5000
07268000,34.482500,-89.224444,2015-03-02 08:45:00,2015-03-03 00:15:00,139.8852,2015-03-02 14:45:00,6.0000
07268000,34.482500,-89.224444,2015-03-04 20:30:00,2015-03-06 16:15:00,207.2793,2015-03-05 05:45:00,9.2500
07268000,34.482500,-89.224444,2015-03-10 15:15:00,2015-03-12 01:30:00,189.4397,2015-03-10 22:45:00,7.5000
07268000,34.482500,-89.224444,2015-03-14 11:00:00,2015-03-15 10:30:00,158.5743,2015-03-14 19:15:00,8.2500
07268000,34.482500,-89.224444,2015-03-23 04:30:00,2015-03-23 16:30:00,129.6912,2015-03-23 09:15:00,4.7500
07268000,34.482500,-89.224444,2015-04-01 14:15:00,2015-04-01 22:45:00,110.7189,2015-04-01 17:30:00,3.2500
07268000,34.482500,-89.224444,2015-04-10 11:30:00,2015-04-11 11:45:00,195.9526,2015-04-10 16:30:00,5.0000
07268000,34.482500,-89.224444,2015-04-14 05:15:00,2015-04-15 00:45:00,166.5031,2015-04-14 11:15:00,6.0000
07268000,34.482500,-89.224444,2015-04-17 22:00:00,2015-04-21 17:30:00,213.7922,2015-04-20 14:45:00,64.7500
07268000,34.482500,-89.224444,2015-04-25 10:00:00,2015-04-27 08:00:00,237.2952,2015-04-26 02:00:00,16.0000
07268000,34.482500,-89.224444,2015-05-18 02:15:00,2015-05-19 20:45:00,216.6239,2015-05-18 19:00:00,16.7500
07268000,34.482500,-89.224444,2015-05-25 14:15:00,2015-05-28 18:45:00,214.3585,2015-05-26 01:45:00,11.5000
07268000,34.482500,-89.224444,2015-06-20 04:15:00,2015-06-21 16:45:00,217.4734,2015-06-20 14:45:00,10.5000
07268000,34.482500,-89.224444,2015-07-03 12:15:00,2015-07-07 00:45:00,838.1787,2015-07-04 18:30:00,30.2500
07268000,34.482500,-89.224444,2015-07-24 02:30:00,2015-07-24 09:15:00,116.0991,2015-07-24 05:30:00,3.0000
07268000,34.482500,-89.224444,2015-08-06 15:45:00,2015-08-07 04:00:00,127.9921,2015-08-06 20:15:00,4.5000
07268000,34.482500,-89.224444,2015-11-18 13:45:00,2015-11-19 14:30:00,206.7130,2015-11-18 18:15:00,4.5000
07268000,34.482500,-89.224444,2015-12-01 08:30:00,2015-12-02 12:15:00,191.7051,2015-12-01 17:45:00,9.2500
07268000,34.482500,-89.224444,2015-12-22 08:45:00,2015-12-22 22:45:00,138.7525,2015-12-22 14:15:00,5.5000
07268000,34.482500,-89.224444,2015-12-24 08:15:00,2015-12-30 10:45:00,286.0002,2015-12-26 13:00:00,52.7500
07268000,34.482500,-89.224444,2016-01-22 00:30:00,2016-01-24 04:45:00,246.3566,2016-01-22 20:30:00,20.0000
07268000,34.482500,-89.224444,2016-02-03 09:30:00,2016-02-03 21:45:00,138.7525,2016-02-03 14:15:00,4.7500
07268000,34.482500,-89.224444,2016-02-15 18:00:00,2016-02-17 18:30:00,243.8080,2016-02-16 11:45:00,17.7500
07268000,34.482500,-89.224444,2016-02-24 07:15:00,2016-02-25 09:15:00,186.8912,2016-02-24 14:00:00,6.7500
07268000,34.482500,-89.224444,2016-03-11 00:00:00,2016-03-13 02:45:00,229.6496,2016-03-11 17:00:00,17.0000
07268000,34.482500,-89.224444,2016-03-14 11:15:00,2016-03-15 14:00:00,183.4932,2016-03-14 18:30:00,7.2500
07268000,34.482500,-89.224444,2016-03-31 11:45:00,2016-04-03 04:15:00,399.2675,2016-04-01 12:30:00,24.7500
07268000,34.482500,-89.224444,2016-04-11 21:45:00,2016-04-13 17:45:00,234.1803,2016-04-12 14:00:00,16.2500
07268000,34.482500,-89.224444,2016-04-15 23:15:00,2016-04-16 09:45:00,110.4357,2016-04-16 03:30:00,4.2500
07268000,34.482500,-89.224444,2016-04-30 01:30:00,2016-04-30 12:15:00,123.7446,2016-04-30 05:45:00,4.2500
07268000,34.482500,-89.224444,2016-05-02 23:30:00,2016-05-03 07:00:00,105.3387,2016-05-03 02:45:00,3.2500
07295000,31.226944,-91.295556,1990-01-24 18:30:00,1990-01-25 14:45:00,1577.2484,1990-01-25 11:45:00,17.2500
07295000,31.226944,-91.295556,2014-03-28 15:00:00,2014-03-28 17:45:00,1189.3076,2014-03-28 15:30:00,0.5000
07295000,31.226944,-91.295556,2015-10-26 08:15:00,2015-10-26 13:15:00,1265.7630,2015-10-26 09:45:00,1.5000
07289730,32.603056,-90.363889,1995-12-19 06:00:00,1995-12-26 04:00:00,294.4952,1995-12-23 21:00:00,111.0000
07289730,32.603056,-90.363889,1996-01-27 02:00:00,1996-02-09 04:00:00,331.3071,1996-01-31 09:00:00,103.0000
07289730,32.603056,-90.363889,1997-01-28 12:00:00,1997-02-11 12:00:00,368.1190,1997-01-31 06:00:00,66.0000
07289730,32.603056,-90.363889,1997-02-13 08:00:00,1997-02-23 03:00:00,444.5745,1997-02-17 17:00:00,105.0000
07289730,32.603056,-90.363889,1997-04-27 17:00:00,1997-05-05 03:00:00,438.9111,1997-05-01 10:00:00,89.0000
07289730,32.603056,-90.363889,1997-05-12 12:00:00,1997-05-15 03:00:00,274.6734,1997-05-14 05:00:00,41.0000
07289730,32.603056,-90.363889,1997-05-31 02:00:00,1997-06-02 23:00:00,252.5863,1997-05-31 23:00:00,21.0000
07289730,32.603056,-90.363889,1997-06-10 10:00:00,1997-06-22 13:00:00,504.0399,1997-06-16 16:00:00,150.0000
07289730,32.603056,-90.363889,1998-01-07 10:00:00,1998-01-15 04:00:00,297.3269,1998-01-12 17:00:00,127.0000
07289730,32.603056,-90.363889,1998-01-22 11:00:00,1998-01-29 20:00:00,382.2774,1998-01-26 07:00:00,92.0000
07289730,32.603056,-90.363889,1998-03-07 21:00:00,1998-03-24 00:00:00,498.3765,1998-03-11 13:00:00,88.0000
07289730,32.603056,-90.363889,1998-12-12 04:00:00,1998-12-15 12:00:00,281.4695,1998-12-13 02:00:00,22.0000
07289730,32.603056,-90.363889,1998-12-28 14:00:00,1998-12-31 05:00:00,256.5506,1998-12-29 22:00:00,32.0000
07289730,32.603056,-90.363889,1999-01-05 06:00:00,1999-01-16 11:00:00,362.4556,1999-01-07 11:00:00,53.0000
07289730,32.603056,-90.363889,2000-04-02 17:00:00,2000-04-17 12:00:00,1401.6839,2000-04-07 23:00:00,126.0000
07289730,32.603056,-90.363889,2001-01-19 14:00:00,2001-02-02 04:00:00,894.8124,2001-01-25 04:00:00,134.0000
07289730,32.603056,-90.363889,2001-04-08 13:00:00,2001-04-13 01:00:00,563.5052,2001-04-09 23:00:00,34.0000
07289730,32.603056,-90.363889,2001-11-29 19:00:00,2001-12-11 22:00:00,461.5646,2001-12-08 03:00:00,200.0000
07289730,32.603056,-90.363889,2001-12-14 08:00:00,2001-12-29 06:00:00,758.8915,2001-12-21 04:00:00,164.0000
07289730,32.603056,-90.363889,2002-01-25 16:00:00,2002-02-11 20:00:00,489.8814,2002-02-02 19:00:00,195.0000
07289730,32.603056,-90.363889,2002-03-21 00:00:00,2002-04-05 21:00:00,379.4457,2002-03-25 06:00:00,102.0000
07289730,32.603056,-90.363889,2002-04-08 21:00:00,2002-04-15 19:00:00,359.6240,2002-04-11 14:00:00,65.0000
07289730,32.603056,-90.363889,2002-09-26 19:00:00,2002-10-01 18:00:00,302.9903,2002-09-28 03:00:00,32.0000
07289730,32.603056,-90.363889,2002-10-29 03:00:00,2002-11-01 14:00:00,264.1962,2002-10-30 15:00:00,36.0000
07289730,32.603056,-90.363889,2002-11-05 21:00:00,2002-11-12 16:00:00,279.4873,2002-11-07 12:00:00,39.0000
07289730,32.603056,-90.363889,2002-11-15 20:00:00,2002-11-18 15:00:00,265.0457,2002-11-17 13:00:00,41.0000
07289730,32.603056,-90.363889,2002-12-24 14:00:00,2002-12-29 17:00:00,270.4259,2002-12-26 02:00:00,36.0000
07289730,32.603056,-90.363889,2003-02-21 13:00:00,2003-03-11 17:00:00,841.0103,2003-02-24 22:00:00,81.0000
07289730,32.603056,-90.363889,2003-04-07 01:00:00,2003-04-16 04:00:00,866.4955,2003-04-09 14:00:00,61.0000
07289730,32.603056,-90.363889,2003-06-15 01:00:00,2003-06-15 22:00:00,242.6754,2003-06-15 07:00:00,6.0000
07289730,32.603056,-90.363889,2003-06-18 01:00:00,2003-06-21 01:00:00,264.4793,2003-06-19 09:00:00,32.0000
07289730,32.603056,-90.363889,2004-01-26 23:00:00,2004-01-28 14:00:00,247.2061,2004-01-27 18:00:00,19.0000
07289730,32.603056,-90.363889,2004-05-16 05:00:00,2004-05-23 21:00:00,334.1388,2004-05-19 01:00:00,68.0000
07289730,32.603056,-90.363889,2004-06-28 10:00:00,2004-06-29 09:00:00,242.6754,2004-06-28 16:00:00,6.0000
07289730,32.603056,-90.363889,2004-06-30 13:00:00,2004-07-11 07:00:00,577.6637,2004-07-06 05:00:00,136.0000
07289730,32.603056,-90.363889,2004-12-07 10:00:00,2004-12-20 07:00:00,538.0201,2004-12-12 02:00:00,112.0000
07289730,32.603056,-90.363889,2005-02-03 13:00:00,2005-02-04 21:00:00,242.6754,2005-02-04 03:00:00,14.0000
07289730,32.603056,-90.363889,2005-02-11 08:00:00,2005-02-12 12:00:00,240.4100,2005-02-12 01:00:00,17.0000
07289730,32.603056,-90.363889,2005-04-10 03:00:00,2005-04-22 06:00:00,569.1686,2005-04-15 22:00:00,139.0000
07289730,32.603056,-90.363889,2005-09-25 18:00:00,2005-10-01 08:00:00,402.0992,2005-09-27 14:00:00,44.0000
07289730,32.603056,-90.363889,2006-01-27 05:00:00,2006-02-19 06:00:00,399.2675,2006-02-04 10:00:00,197.0000
07289730,32.603056,-90.363889,2006-02-23 11:00:00,2006-03-08 13:00:00,744.7331,2006-02-27 12:00:00,97.0000
07289730,32.603056,-90.363889,2006-03-20 23:00:00,2006-03-29 07:00:00,368.1190,2006-03-25 12:00:00,109.0000
07289730,32.603056,-90.363889,2006-10-19 20:00:00,2006-10-20 03:00:00,240.9764,2006-10-19 23:00:00,3.0000
07289730,32.603056,-90.363889,2006-10-27 13:00:00,2006-10-28 23:00:00,254.2853,2006-10-27 18:00:00,5.0000
07289730,32.603056,-90.363889,2008-05-15 19:00:00,2008-05-20 09:00:00,291.6635,2008-05-17 08:00:00,37.0000
07289730,32.603056,-90.363889,2008-05-23 05:00:00,2008-05-23 08:00:00,246.0734,2008-05-23 06:00:00,1.0000
07289730,32.603056,-90.363889,2008-05-29 01:00:00,2008-05-31 19:00:00,276.0893,2008-05-29 21:00:00,20.0000
07289730,32.603056,-90.363889,2008-12-11 11:00:00,2008-12-18 05:00:00,736.2380,2008-12-14 20:00:00,81.0000
07289730,32.603056,-90.363889,2009-01-06 12:00:00,2009-01-18 22:00:00,617.3073,2009-01-10 12:00:00,96.0000
07289730,32.603056,-90.363889,2009-03-14 06:00:00,2009-04-06 15:00:00,620.1389,2009-03-17 18:00:00,84.0000
07289730,32.603056,-90.363889,2009-05-10 12:00:00,2009-05-24 04:00:00,441.7428,2009-05-14 16:00:00,100.0000
07289730,32.603056,-90.363889,2009-07-30 01:00:00,2009-08-04 18:00:00,393.6042,2009-07-31 14:00:00,37.0000
07289730,32.603056,-90.363889,2009-10-31 10:00:00,2009-11-06 04:00:00,268.4437,2009-11-02 10:00:00,49.0000
07289730,32.603056,-90.363889,2010-01-22 06:00:00,2010-02-02 08:00:00,334.1388,2010-01-22 18:00:00,12.0000
07289730,32.603056,-90.363889,2010-02-05 04:00:00,2010-02-14 13:00:00,356.7923,2010-02-10 02:00:00,118.0000
07289730,32.603056,-90.363889,2010-03-12 20:00:00,2010-03-13 12:00:00,242.1090,2010-03-13 02:00:00,6.0000
07289730,32.603056,-90.363889,2010-05-11 10:00:00,2010-05-12 23:00:00,249.7546,2010-05-12 11:00:00,25.0000
07289730,32.603056,-90.363889,2015-01-03 22:00:00,2015-01-10 04:00:00,302.9903,2015-01-04 17:00:00,19.0000
07289730,32.603056,-90.363889,2015-03-31 07:00:00,2015-04-02 00:00:00,248.9051,2015-04-01 12:00:00,29.0000
07289730,32.603056,-90.363889,2015-05-25 12:00:00,2015-05-29 05:00:00,286.0002,2015-05-26 13:00:00,25.0000
07289730,32.603056,-90.363889,2015-06-03 17:00:00,2015-06-07 06:00:00,255.1348,2015-06-06 06:00:00,61.0000
07289730,32.603056,-90.363889,2015-11-19 23:00:00,2015-11-20 09:00:00,241.5427,2015-11-20 02:00:00,3.0000
07289730,32.603056,-90.363889,2015-12-26 20:00:00,2015-12-30 07:00:00,253.4358,2015-12-28 23:00:00,51.0000
07289730,32.603056,-90.363889,2016-01-23 19:00:00,2016-01-28 11:00:00,255.9843,2016-01-27 03:00:00,80.0000
07289730,32.603056,-90.363889,2016-02-24 13:00:00,2016-02-27 21:00:00,257.1170,2016-02-25 10:00:00,21.0000
07289730,32.603056,-90.363889,2016-03-10 23:00:00,2016-03-24 02:00:00,937.2876,2016-03-14 01:00:00,73.0000
07289730,32.603056,-90.363889,2016-04-01 01:00:00,2016-04-07 13:00:00,331.3071,2016-04-04 08:00:00,79.0000
07289730,32.603056,-90.363889,2016-04-12 06:00:00,2016-04-23 20:00:00,453.0695,2016-04-16 20:00:00,110.0000
07047950,34.972778,-90.885556,1998-01-09 06:00:00,1998-01-27 23:00:00,75.0396,1998-01-13 02:00:00,92.0000
07047950,34.972778,-90.885556,1998-02-17 09:00:00,1998-03-02 06:00:00,93.7288,1998-02-21 15:00:00,102.0000
07047950,34.972778,-90.885556,1998-03-07 12:00:00,1998-03-27 03:00:00,129.6912,1998-03-10 02:00:00,62.0000
07047950,34.972778,-90.885556,1999-01-24 22:00:00,1999-02-15 01:00:00,159.4238,1999-02-02 03:00:00,197.0000
07047950,34.972778,-90.885556,1999-03-15 01:00:00,1999-03-24 11:00:00,66.8278,1999-03-18 20:00:00,91.0000
07047950,34.972778,-90.885556,1999-10-12 13:00:00,1999-10-16 22:00:00,49.8377,1999-10-14 14:00:00,49.0000
07047950,34.972778,-90.885556,1999-12-13 14:00:00,1999-12-25 00:00:00,101.0911,1999-12-18 06:00:00,112.0000
07047950,34.972778,-90.885556,2000-02-27 11:00:00,2000-03-03 23:00:00,60.5981,2000-02-29 12:00:00,49.0000
07047950,34.972778,-90.885556,2000-03-21 03:00:00,2000-03-26 21:00:00,53.2357,2000-03-23 02:00:00,47.0000
07047950,34.972778,-90.885556,2000-06-17 08:00:00,2000-06-23 13:00:00,62.2971,2000-06-19 20:00:00,60.0000
07047950,34.972778,-90.885556,2000-11-27 00:00:00,2000-12-07 01:00:00,67.6773,2000-12-02 10:00:00,130.0000
07047950,34.972778,-90.885556,2000-12-21 09:00:00,2000-12-25 05:00:00,58.8990,2000-12-23 22:00:00,61.0000
07047950,34.972778,-90.885556,2001-02-16 04:00:00,2001-03-24 19:00:00,248.9051,2001-02-18 12:00:00,56.0000
07047950,34.972778,-90.885556,2002-01-28 04:00:00,2002-02-15 00:00:00,78.1545,2002-02-04 15:59:00,179.9833
07047950,34.972778,-90.885556,2002-02-22 00:00:00,2002-02-28 12:00:00,61.1644,2002-02-24 07:00:00,55.0000
07047950,34.972778,-90.885556,2002-05-21 01:00:00,2002-06-05 04:00:00,305.8219,2002-05-29 03:00:00,194.0000
07047950,34.972778,-90.885556,2002-07-25 13:00:00,2002-07-30 22:00:00,52.3862,2002-07-28 05:00:00,64.0000
07047950,34.972778,-90.885556,2002-09-26 05:00:00,2002-10-01 08:00:00,58.0495,2002-09-27 18:00:00,37.0000
07047950,34.972778,-90.885556,2002-12-19 16:00:00,2003-01-12 05:00:00,215.4912,2002-12-26 03:00:00,155.0000
07047950,34.972778,-90.885556,2003-02-17 04:00:00,2003-03-09 20:00:00,161.1229,2003-02-24 18:00:00,182.0000
07047950,34.972778,-90.885556,2003-05-15 09:00:00,2003-05-30 04:00:00,345.4655,2003-05-22 06:00:00,165.0000
07047950,34.972778,-90.885556,2004-02-05 19:00:00,2004-02-24 19:00:00,95.4278,2004-02-10 14:00:00,115.0000
07047950,34.972778,-90.885556,2004-03-03 14:00:00,2004-03-15 15:00:00,65.1287,2004-03-10 04:00:00,158.0000
07047950,34.972778,-90.885556,2004-04-24 07:00:00,2004-05-07 16:00:00,126.8595,2004-04-28 19:00:00,108.0000
07047950,34.972778,-90.885556,2004-05-16 12:00:00,2004-05-23 04:00:00,61.7307,2004-05-18 15:00:00,51.0000
07047950,34.972778,-90.885556,2004-08-28 21:00:00,2004-08-31 07:00:00,47.0060,2004-08-29 15:00:00,18.0000
07047950,34.972778,-90.885556,2004-11-03 15:00:00,2004-11-16 14:00:00,62.5802,2004-11-05 20:00:00,53.0000
07047950,34.972778,-90.885556,2004-11-24 19:00:00,2004-12-17 05:00:00,129.1248,2004-12-03 06:00:00,203.0000
07047950,34.972778,-90.885556,2005-02-13 20:00:00,2005-02-17 01:00:00,47.0060,2005-02-14 20:00:00,24.0000
07047950,34.972778,-90.885556,2005-09-02 10:00:00,2005-09-10 23:00:00,63.4297,2005-09-05 14:00:00,76.0000
07047950,34.972778,-90.885556,2006-02-04 02:00:00,2006-02-08 23:00:00,50.4040,2006-02-06 22:00:00,68.0000
07047950,34.972778,-90.885556,2007-10-23 19:00:00,2007-11-01 22:00:00,62.0139,2007-10-27 09:00:00,86.0000
07047950,34.972778,-90.885556,2007-12-15 21:00:00,2008-01-03 12:00:00,110.7189,2007-12-22 00:00:00,147.0000
07047950,34.972778,-90.885556,2009-03-28 14:00:00,2009-04-08 19:00:00,96.8436,2009-03-31 14:00:00,72.0000
07047950,34.972778,-90.885556,2009-04-22 21:00:00,2009-04-24 15:00:00,47.0060,2009-04-23 06:00:00,9.0000
07047950,34.972778,-90.885556,2009-05-03 10:00:00,2009-05-29 04:00:00,271.8417,2009-05-07 11:00:00,97.0000
07047950,34.972778,-90.885556,2009-05-31 05:00:00,2009-06-03 12:00:00,67.3941,2009-05-31 06:00:00,1.0000
07047950,34.972778,-90.885556,2009-06-05 12:00:00,2009-06-12 21:00:00,59.1822,2009-06-09 09:00:00,93.0000
07047950,34.972778,-90.885556,2009-06-17 10:00:00,2009-06-19 23:00:00,48.7050,2009-06-18 16:00:00,30.0000
07047950,34.972778,-90.885556,2009-08-01 03:00:00,2009-08-11 15:00:00,52.3862,2009-08-03 06:00:00,51.0000
07047950,34.972778,-90.885556,2009-12-24 15:00:00,2010-01-10 05:00:00,286.0002,2009-12-27 11:00:00,68.0000
07047950,34.972778,-90.885556,2010-01-21 15:00:00,2010-02-02 11:00:00,72.4911,2010-01-26 09:00:00,114.0000
07047950,34.972778,-90.885556,2010-02-06 15:00:00,2010-03-01 12:00:00,80.1367,2010-02-10 16:00:00,97.0000
07047950,34.972778,-90.885556,2010-05-05 03:00:00,2010-05-21 03:00:00,120.3466,2010-05-08 04:00:00,73.0000
07047950,34.972778,-90.885556,2011-03-07 22:00:00,2011-03-30 18:00:00,82.9684,2011-03-11 16:00:00,90.0000
07047950,34.972778,-90.885556,2011-04-13 15:00:00,2011-04-17 19:00:00,53.5188,2011-04-15 12:00:00,45.0000
07047950,34.972778,-90.885556,2012-02-16 18:00:00,2012-02-22 20:00:00,59.7485,2012-02-19 11:00:00,65.0000
07047950,34.972778,-90.885556,2012-03-13 14:00:00,2012-03-30 09:00:00,74.1901,2012-03-18 06:00:00,112.0000
07047950,34.972778,-90.885556,2013-01-13 09:00:00,2013-01-28 19:00:00,173.2991,2013-01-16 15:00:00,78.0000
07047950,34.972778,-90.885556,2013-02-02 03:00:00,2013-02-14 18:00:00,56.9169,2013-02-05 05:00:00,74.0000
07047950,34.972778,-90.885556,2013-02-22 23:00:00,2013-03-08 16:00:00,92.5961,2013-02-28 07:00:00,128.0000
07047950,34.972778,-90.885556,2013-05-04 06:00:00,2013-05-20 02:00:00,127.1426,2013-05-08 08:00:00,98.0000
07047950,34.972778,-90.885556,2013-05-22 08:00:00,2013-05-30 13:00:00,62.0139,2013-05-26 15:00:00,103.0000
07047950,34.972778,-90.885556,2013-06-03 03:00:00,2013-06-25 22:00:00,158.0080,2013-06-06 04:00:00,73.0000
07047950,34.972778,-90.885556,2013-12-22 02:00:00,2014-01-20 17:00:00,325.6437,2013-12-25 17:00:00,87.0000
07047950,34.972778,-90.885556,2014-02-04 22:00:00,2014-02-16 14:00:00,98.2595,2014-02-07 16:00:00,66.0000
07047950,34.972778,-90.885556,2014-03-08 15:00:00,2014-03-21 19:00:00,65.9783,2014-03-14 07:00:00,135.0000
07047950,34.972778,-90.885556,2014-04-17 11:00:00,2014-04-24 04:00:00,61.1644,2014-04-20 13:00:00,74.0000
07047950,34.972778,-90.885556,2014-05-16 08:00:00,2014-05-25 22:00:00,93.4456,2014-05-20 15:00:00,103.0000
07047950,34.972778,-90.885556,2014-06-13 02:00:00,2014-06-20 18:00:00,58.8990,2014-06-17 21:00:00,115.0000
07047950,34.972778,-90.885556,2014-06-29 14:00:00,2014-07-15 18:00:00,288.8318,2014-07-01 02:00:00,36.0000
07047950,34.972778,-90.885556,2015-03-09 01:00:00,2015-03-29 01:00:00,245.2239,2015-03-15 16:00:00,159.0000
07047950,34.972778,-90.885556,2015-04-16 18:00:00,2015-04-28 18:00:00,163.9545,2015-04-21 15:00:00,117.0000
07047950,34.972778,-90.885556,2015-05-13 11:00:00,2015-05-30 20:00:00,97.6931,2015-05-21 23:00:00,204.0000
07047950,34.972778,-90.885556,2015-06-02 23:00:00,2015-06-07 05:00:00,55.5010,2015-06-04 11:00:00,36.0000
07047950,34.972778,-90.885556,2016-03-10 02:00:00,2016-03-29 03:00:00,300.1586,2016-03-15 14:00:00,131.0000
07047950,34.972778,-90.885556,2016-03-31 06:00:00,2016-04-15 16:00:00,180.3783,2016-04-04 01:00:00,91.0000
07047950,34.972778,-90.885556,2016-05-01 09:00:00,2016-05-14 02:00:00,174.4318,2016-05-04 07:00:00,70.0000
08012000,30.480558,-92.631668,1996-10-27 04:00:00,1996-10-31 03:00:00,213.2259,1996-10-28 18:00:00,38.0000
08012000,30.480558,-92.631668,1997-02-28 22:00:00,1997-03-02 22:00:00,154.0436,1997-03-01 16:00:00,18.0000
08012000,30.480558,-92.631668,1998-01-07 11:00:00,1998-01-20 16:00:00,294.4952,1998-01-15 06:00:00,187.0000
08012000,30.480558,-92.631668,1998-01-23 02:00:00,1998-01-26 08:00:00,185.4753,1998-01-24 07:00:00,29.0000
08012000,30.480558,-92.631668,1998-09-14 00:36:15,1998-09-18 04:00:00,222.0041,1998-09-15 13:36:15,37.0000
08012000,30.480558,-92.631668,1999-01-08 13:30:00,1999-01-12 03:00:00,197.3684,1999-01-09 22:00:00,32.5000
08012000,30.480558,-92.631668,2001-09-03 20:00:00,2001-09-07 08:00:00,188.5902,2001-09-05 05:30:00,33.5000
08012000,30.480558,-92.631668,2001-12-01 11:00:00,2001-12-05 21:00:00,185.4753,2001-12-03 07:00:00,44.0000
08012000,30.480558,-92.631668,2004-01-31 07:30:00,2004-02-03 10:00:00,176.9803,2004-02-01 07:30:00,24.0000
08012000,30.480558,-92.631668,2004-02-06 10:30:00,2004-02-09 21:30:00,191.7051,2004-02-07 16:00:00,29.5000
08012000,30.480558,-92.631668,2004-02-11 14:30:00,2004-02-19 00:00:00,294.4952,2004-02-13 23:00:00,56.5000
08012000,30.480558,-92.631668,2004-05-14 14:00:00,2004-05-15 04:30:00,198.7843,2004-05-15 04:30:00,14.5000
08012000,30.480558,-92.631668,2004-05-16 05:00:00,2004-05-23 04:30:00,259.3823,2004-05-16 23:00:00,18.0000
08012000,30.480558,-92.631668,2004-06-26 12:00:00,2004-06-30 22:30:00,228.5170,2004-06-28 02:30:00,38.5000
08012000,30.480558,-92.631668,2004-11-03 08:00:00,2004-11-09 05:00:00,269.8595,2004-11-05 05:00:00,45.0000
08012000,30.480558,-92.631668,2006-10-27 20:30:00,2006-11-02 07:00:00,390.7725,2006-10-29 21:30:00,50.0000
08012000,30.480558,-92.631668,2009-04-21 12:00:00,2009-04-22 22:00:00,161.6892,2009-04-21 23:00:00,11.0000
08012000,30.480558,-92.631668,2012-02-04 22:30:00,2012-02-09 06:30:00,210.9605,2012-02-06 14:30:00,40.0000
08012000,30.480558,-92.631668,2012-02-20 21:00:00,2012-02-23 02:30:00,169.0516,2012-02-21 17:30:00,20.5000
08012000,30.480558,-92.631668,2013-01-10 16:00:00,2013-01-20 12:00:00,444.5745,2013-01-13 22:00:00,78.0000
08012000,30.480558,-92.631668,2016-05-03 14:30:00,2016-05-05 14:30:00,165.3704,2016-05-04 10:00:00,19.5000
07274000,34.273333,-89.521389,1990-02-03 23:30:00,1990-02-04 16:15:00,286.0002,1990-02-04 09:45:00,10.2500
07274000,34.273333,-89.521389,1991-02-19 05:00:00,1991-02-20 21:00:00,688.0994,1991-02-20 01:00:00,20.0000
07274000,34.273333,-89.521389,1991-04-15 01:00:00,1991-04-15 09:00:00,259.6655,1991-04-15 05:00:00,4.0000
07274000,34.273333,-89.521389,1991-04-28 21:00:00,1991-04-30 14:30:00,506.8716,1991-04-29 17:00:00,20.0000
07274000,34.273333,-89.521389,1997-03-03 05:00:00,1997-03-03 14:15:00,274.9566,1997-03-03 07:15:00,2.2500
07274000,34.273333,-89.521389,1997-06-17 14:15:00,1997-06-18 01:15:00,288.8318,1997-06-17 18:00:00,3.7500
07274000,34.273333,-89.521389,2002-03-31 13:30:00,2002-04-01 01:00:00,261.6477,2002-03-31 17:45:00,4.2500
07274000,34.273333,-89.521389,2002-05-03 17:15:00,2002-05-05 00:00:00,348.2972,2002-05-04 08:45:00,15.5000
07274000,34.273333,-89.521389,2008-12-10 07:00:00,2008-12-10 13:00:00,254.8516,2008-12-10 08:00:00,1.0000
07274000,34.273333,-89.521389,2010-05-03 00:00:00,2010-05-03 16:00:00,264.4793,2010-05-03 11:00:00,11.0000
07274000,34.273333,-89.521389,2011-04-27 18:00:00,2011-04-28 11:00:00,305.8219,2011-04-27 20:00:00,2.0000
07274000,34.273333,-89.521389,2013-04-11 22:00:00,2013-04-12 01:00:00,251.4536,2013-04-12 00:00:00,2.0000
07363500,33.700833,-92.025833,1987-03-07 00:00:00,1987-03-09 14:00:00,535.1884,1987-03-08 03:00:00,27.0000
07363500,33.700833,-92.025833,1987-12-28 16:00:00,1988-01-05 21:00:00,1919.8822,1987-12-31 11:00:00,67.0000
07363500,33.700833,-92.025833,1990-02-04 10:00:00,1990-02-11 09:15:00,526.6933,1990-02-05 07:15:00,21.2500
07363500,33.700833,-92.025833,1990-03-12 11:00:00,1990-03-17 23:45:00,1228.9511,1990-03-14 08:00:00,45.0000
07363500,33.700833,-92.025833,1990-05-27 01:00:00,1990-05-29 15:00:00,620.1389,1990-05-27 20:00:00,19.0000
07363500,33.700833,-92.025833,1993-12-10 20:00:00,1993-12-13 16:00:00,625.8023,1993-12-11 16:00:00,20.0000
07363500,33.700833,-92.025833,1997-03-04 11:00:00,1997-03-07 13:00:00,538.0201,1997-03-06 05:00:00,42.0000
07363500,33.700833,-92.025833,1997-03-10 12:00:00,1997-03-12 05:00:00,484.2181,1997-03-11 05:00:00,17.0000
07363500,33.700833,-92.025833,1997-04-08 16:00:00,1997-04-13 20:00:00,733.4063,1997-04-10 08:00:00,40.0000
07363500,33.700833,-92.025833,1997-05-03 01:00:00,1997-05-05 07:00:00,515.3666,1997-05-04 00:00:00,23.0000
07363500,33.700833,-92.025833,2001-02-21 10:00:00,2001-02-27 03:00:00,957.1094,2001-02-23 05:00:00,43.0000
07363500,33.700833,-92.025833,2001-12-18 08:00:00,2001-12-27 11:00:00,1008.0797,2001-12-23 09:00:00,121.0000
07363500,33.700833,-92.025833,2002-03-20 02:00:00,2002-03-29 19:00:00,925.9609,2002-03-21 13:00:00,35.0000
07363500,33.700833,-92.025833,2002-04-06 05:00:00,2002-04-08 17:00:00,515.3666,2002-04-07 03:00:00,21.0000
07363500,33.700833,-92.025833,2003-02-25 00:00:00,2003-02-27 15:00:00,506.8716,2003-02-25 20:00:00,20.0000
07363500,33.700833,-92.025833,2003-06-21 10:00:00,2003-06-26 05:00:00,512.5349,2003-06-22 07:00:00,21.0000
07363500,33.700833,-92.025833,2005-01-13 19:00:00,2005-01-17 14:00:00,600.3171,2005-01-14 21:00:00,26.0000
07363500,33.700833,-92.025833,2007-01-20 06:00:00,2007-01-25 21:00:00,1070.3768,2007-01-21 18:00:00,36.0000
07363500,33.700833,-92.025833,2008-03-26 16:00:00,2008-03-29 04:00:00,588.9904,2008-03-27 10:00:00,18.0000
07363500,33.700833,-92.025833,2008-04-09 08:00:00,2008-04-18 23:00:00,1044.8916,2008-04-10 17:00:00,33.0000
07363500,33.700833,-92.025833,2008-09-08 02:00:00,2008-09-13 15:00:00,1316.7334,2008-09-09 19:00:00,41.0000
07363500,33.700833,-92.025833,2009-05-06 15:00:00,2009-05-19 06:00:00,1480.9711,2009-05-11 18:00:00,123.0000
07363500,33.700833,-92.025833,2009-10-15 19:00:00,2009-10-20 09:00:00,705.0895,2009-10-17 02:00:00,31.0000
07363500,33.700833,-92.025833,2009-10-30 20:00:00,2009-11-08 06:00:00,1050.5550,2009-11-03 12:00:00,89.0000
07363500,33.700833,-92.025833,2009-12-25 21:00:00,2010-01-02 19:00:00,2551.3479,2009-12-29 16:00:00,91.0000
07363500,33.700833,-92.025833,2011-04-29 18:15:00,2011-05-05 01:45:00,569.1686,2011-04-30 18:15:00,24.0000
07363500,33.700833,-92.025833,2011-05-06 05:30:00,2011-05-11 05:30:00,1095.8620,2011-05-07 20:00:00,38.5000
07363500,33.700833,-92.025833,2012-03-26 01:00:00,2012-03-30 03:45:00,696.5944,2012-03-27 14:45:00,37.7500
07363500,33.700833,-92.025833,2015-03-14 04:15:00,2015-03-23 02:45:00,552.1785,2015-03-20 10:00:00,149.7500
07363500,33.700833,-92.025833,2015-12-06 22:15:00,2015-12-08 03:30:00,495.5448,2015-12-07 10:45:00,12.5000
07363500,33.700833,-92.025833,2016-01-03 04:15:00,2016-01-06 01:15:00,586.1587,2016-01-04 07:45:00,27.5000
07363500,33.700833,-92.025833,2016-03-10 19:00:00,2016-03-18 23:15:00,948.6144,2016-03-15 06:45:00,106.7500
07363500,33.700833,-92.025833,2016-05-05 22:45:00,2016-05-08 20:15:00,688.0994,2016-05-06 19:45:00,21.0000
07369500,32.431944,-91.366667,1998-01-07 02:00:00,1998-01-10 15:00:00,78.1545,1998-01-08 03:00:00,25.0000
07369500,32.431944,-91.366667,1998-12-15 06:00:00,1998-12-19 15:50:00,78.7208,1998-12-15 13:50:00,7.8333
07369500,32.431944,-91.366667,1999-01-29 22:00:00,1999-02-07 06:08:00,87.4991,1999-01-30 04:00:00,6.0000
07369500,32.431944,-91.366667,2000-04-03 03:00:00,2000-04-11 11:00:00,91.4634,2000-04-03 17:00:00,14.0000
07369500,32.431944,-91.366667,2001-03-01 05:00:00,2001-03-08 20:00:00,82.9684,2001-03-02 18:00:00,37.0000
07369500,32.431944,-91.366667,2001-11-29 13:00:00,2001-11-30 21:00:00,76.1723,2001-11-29 21:00:00,8.0000
07369500,32.431944,-91.366667,2008-09-04 02:00:00,2008-09-04 11:00:00,71.3585,2008-09-04 04:00:00,2.0000
07369500,32.431944,-91.366667,2008-12-11 12:00:00,2008-12-13 17:00:00,75.0396,2008-12-11 20:00:00,8.0000
07369500,32.431944,-91.366667,2009-10-14 13:00:00,2009-10-20 17:00:00,72.7743,2009-10-16 00:00:00,35.0000
07362000,33.596389,-92.818056,1986-12-10 13:58:36,1986-12-15 07:00:00,911.8025,1986-12-13 09:00:00,67.0233
07362000,33.596389,-92.818056,1987-03-01 09:00:00,1987-03-07 08:00:00,1209.1293,1987-03-04 04:00:00,67.0000
07362000,33.596389,-92.818056,1987-11-18 17:06:36,1987-11-20 15:04:39,662.6142,1987-11-19 19:05:24,25.9800
07362000,33.596389,-92.818056,1987-11-27 06:00:00,1987-11-30 14:00:00,778.7133,1987-11-28 18:00:00,36.0000
07362000,33.596389,-92.818056,1987-12-17 03:00:00,1987-12-19 06:00:00,631.4657,1987-12-17 15:00:00,12.0000
07362000,33.596389,-92.818056,1987-12-26 01:00:00,1988-01-10 20:00:00,4898.8145,1987-12-29 18:00:00,89.0000
07362000,33.596389,-92.818056,1988-01-18 14:00:00,1988-01-25 04:00:00,979.7629,1988-01-21 18:00:00,76.0000
07362000,33.596389,-92.818056,1988-02-05 06:00:00,1988-02-06 14:00:00,634.2974,1988-02-06 00:00:00,18.0000
07362000,33.596389,-92.818056,1988-04-04 05:33:42,1988-04-07 14:42:06,733.4063,1988-04-06 11:39:18,54.0933
07362000,33.596389,-92.818056,1990-02-04 01:00:00,1990-02-09 04:00:00,959.9411,1990-02-06 10:00:00,57.0000
07362000,33.596389,-92.818056,1990-03-09 05:00:00,1990-03-21 21:00:00,3199.8037,1990-03-12 07:00:00,74.0000
07362000,33.596389,-92.818056,1990-03-30 11:17:03,1990-04-05 15:30:51,1243.1096,1990-04-02 17:24:21,77.1217
07362000,33.596389,-92.818056,1990-04-06 23:33:48,1990-04-14 08:50:12,1073.2085,1990-04-10 12:41:39,85.1308
07362000,33.596389,-92.818056,1990-04-15 23:53:48,1990-04-19 11:00:00,648.4558,1990-04-17 01:56:12,26.0400
07362000,33.596389,-92.818056,1990-05-04 03:48:54,1990-05-10 21:44:00,940.1193,1990-05-07 12:00:00,80.1850
07362000,33.596389,-92.818056,1990-05-21 19:36:03,1990-06-10 19:21:33,1764.1395,1990-05-25 04:00:00,80.3992
07362000,33.596389,-92.818056,1990-10-11 02:49:48,1990-10-12 23:00:00,679.6043,1990-10-11 23:48:33,20.9792
07362000,33.596389,-92.818056,1990-12-21 00:00:00,1990-12-21 00:06:39,693.7627,1990-12-21 00:06:39,0.1108
07362000,33.596389,-92.818056,1990-12-22 22:18:27,1990-12-27 01:43:51,719.2479,1990-12-25 06:00:00,55.6925
07362000,33.596389,-92.818056,1990-12-29 05:57:12,1991-01-04 15:00:00,744.7331,1991-01-02 14:00:00,104.0467
07362000,33.596389,-92.818056,1991-01-07 08:53:06,1991-01-23 10:00:00,1376.1987,1991-01-10 23:15:09,86.3675
07362000,33.596389,-92.818056,1991-02-23 08:00:00,1991-02-28 11:00:00,1033.5649,1991-02-25 22:00:00,62.0000
07362000,33.596389,-92.818056,1991-03-03 12:00:00,1991-03-06 12:00:00,705.0895,1991-03-05 10:00:00,46.0000
07362000,33.596389,-92.818056,1991-04-14 03:00:00,1991-04-24 16:50:00,1653.7038,1991-04-17 20:40:12,89.6700
07362000,33.596389,-92.818056,1991-04-29 11:56:54,1991-05-13 08:57:09,1707.5058,1991-05-02 01:00:09,61.0542
07362000,33.596389,-92.818056,1991-05-27 12:06:21,1991-05-29 02:16:45,639.9607,1991-05-28 02:09:12,14.0475
07362000,33.596389,-92.818056,1991-11-01 00:00:00,1991-11-03 12:00:00,671.1093,1991-11-01 15:00:00,15.0000
07362000,33.596389,-92.818056,1991-11-21 14:00:00,1991-11-26 03:00:00,889.1490,1991-11-24 03:00:00,61.0000
07362000,33.596389,-92.818056,1991-12-03 23:00:00,1991-12-08 18:00:00,807.0301,1991-12-06 09:00:00,58.0000
07362000,33.596389,-92.818056,1991-12-11 07:00:00,1991-12-20 22:00:00,1144.0006,1991-12-17 05:47:12,142.7867
07362000,33.596389,-92.818056,1992-02-28 03:00:00,1992-03-01 06:00:00,662.6142,1992-02-29 04:33:24,25.5567
07362000,33.596389,-92.818056,1992-03-11 04:18:24,1992-03-26 20:02:54,1526.2780,1992-03-17 00:35:00,140.2767
07362000,33.596389,-92.818056,1992-12-17 08:00:00,1992-12-23 20:00:00,812.6935,1992-12-18 16:00:00,32.0000
07362000,33.596389,-92.818056,1993-01-07 14:00:00,1993-01-10 05:00:00,648.4558,1993-01-08 21:00:00,31.0000
07362000,33.596389,-92.818056,1993-05-12 02:00:00,1993-05-14 03:00:00,634.2974,1993-05-12 14:00:00,12.0000
07362000,33.596389,-92.818056,1993-11-20 06:00:00,1993-11-21 06:00:00,673.9409,1993-11-20 14:00:00,8.0000
07362000,33.596389,-92.818056,1993-12-04 12:00:00,1993-12-20 11:00:00,2557.0112,1993-12-07 21:00:00,81.0000
07362000,33.596389,-92.818056,1994-01-28 07:00:00,1994-02-04 03:00:00,1217.6244,1994-01-31 15:00:00,80.0000
07362000,33.596389,-92.818056,1994-02-24 05:00:00,1994-03-01 03:00:00,911.8025,1994-02-26 20:00:00,63.0000
07362000,33.596389,-92.818056,1994-03-04 07:00:00,1994-03-06 03:00:00,628.6340,1994-03-05 14:00:00,31.0000
07362000,33.596389,-92.818056,1994-03-29 09:18:51,1994-04-01 03:00:00,710.7528,1994-03-30 23:21:39,38.0467
07362000,33.596389,-92.818056,1994-11-07 09:07:36,1994-11-12 07:53:36,767.3865,1994-11-09 14:01:24,52.8967
07362000,33.596389,-92.818056,1994-12-11 19:22:36,1994-12-21 06:00:00,801.3668,1994-12-14 08:20:48,60.9700
07362000,33.596389,-92.818056,1995-01-19 13:00:00,1995-01-25 04:17:45,951.4460,1995-01-22 18:00:00,77.0000
07362000,33.596389,-92.818056,1995-04-13 07:00:00,1995-04-17 13:00:00,959.9411,1995-04-15 17:00:00,58.0000
07362000,33.596389,-92.818056,1995-05-10 22:00:00,1995-05-14 16:00:00,778.7133,1995-05-13 05:00:00,55.0000
07362000,33.596389,-92.818056,1996-12-01 06:00:00,1996-12-13 12:00:00,1124.1788,1996-12-05 06:00:00,96.0000
07362000,33.596389,-92.818056,1996-12-18 03:00:00,1996-12-22 03:00:00,747.5648,1996-12-19 21:00:00,42.0000
07362000,33.596389,-92.818056,1997-04-06 09:00:00,1997-04-14 05:00:00,1475.3077,1997-04-07 15:00:00,30.0000
07362000,33.596389,-92.818056,1997-05-02 05:00:00,1997-05-05 10:00:00,1432.8324,1997-05-02 07:00:00,2.0000
07362000,33.596389,-92.818056,1997-06-19 08:00:00,1997-06-22 00:00:00,778.7133,1997-06-20 16:00:00,32.0000
07362000,33.596389,-92.818056,1998-01-07 23:00:00,1998-01-20 13:00:00,1260.0997,1998-01-16 04:00:00,197.0000
07362000,33.596389,-92.818056,1998-02-12 15:00:00,1998-02-23 05:00:00,1217.6244,1998-02-15 19:00:00,76.0000
07362000,33.596389,-92.818056,1998-03-09 06:00:00,1998-03-13 06:00:00,846.6737,1998-03-11 08:00:00,50.0000
07362000,33.596389,-92.818056,1998-03-18 16:00:00,1998-03-24 05:00:00,733.4063,1998-03-21 13:00:00,69.0000
07362000,33.596389,-92.818056,1999-01-03 16:00:00,1999-01-10 06:00:00,1186.4759,1999-01-06 23:00:00,79.0000
07362000,33.596389,-92.818056,1999-01-30 22:00:00,1999-02-06 16:00:00,1313.9017,1999-02-03 07:00:00,81.0000
07362000,33.596389,-92.818056,1999-03-14 10:00:00,1999-03-20 16:00:00,1492.2978,1999-03-17 07:00:00,69.0000
07362000,33.596389,-92.818056,1999-04-06 15:00:00,1999-04-12 16:00:00,877.8222,1999-04-09 20:00:00,77.0000
07362000,33.596389,-92.818056,1999-04-16 11:00:00,1999-04-19 16:00:00,758.8915,1999-04-17 21:00:00,34.0000
07362000,33.596389,-92.818056,2000-06-18 01:00:00,2000-06-20 02:00:00,625.8023,2000-06-18 13:00:00,12.0000
07362000,33.596389,-92.818056,2000-06-22 15:00:00,2000-06-27 19:00:00,739.0697,2000-06-25 13:00:00,70.0000
07362000,33.596389,-92.818056,2000-11-26 08:00:00,2000-11-30 01:00:00,829.6836,2000-11-28 11:00:00,51.0000
07362000,33.596389,-92.818056,2000-12-29 13:00:00,2001-01-05 06:00:00,1107.1887,2001-01-01 22:00:00,81.0000
07362000,33.596389,-92.818056,2001-01-19 20:00:00,2001-01-26 03:00:00,1033.5649,2001-01-23 10:00:00,86.0000
07362000,33.596389,-92.818056,2001-02-16 20:00:00,2001-03-09 18:00:00,2483.3874,2001-02-21 02:00:00,102.0000
07362000,33.596389,-92.818056,2001-03-14 01:00:00,2001-03-22 13:00:00,1013.7431,2001-03-17 21:00:00,92.0000
07362000,33.596389,-92.818056,2001-06-03 01:00:00,2001-06-04 10:00:00,642.7924,2001-06-03 22:00:00,21.0000
07362000,33.596389,-92.818056,2001-12-14 16:00:00,2001-12-27 05:00:00,2511.7043,2001-12-21 09:00:00,161.0000
07362000,33.596389,-92.818056,2002-02-22 06:00:00,2002-02-23 08:00:00,620.1389,2002-02-22 16:00:00,10.0000
07362000,33.596389,-92.818056,2002-03-31 15:00:00,2002-04-14 00:00:00,1435.6641,2002-04-04 13:00:00,94.0000
07362000,33.596389,-92.818056,2002-12-26 02:00:00,2002-12-28 06:00:00,685.2677,2002-12-26 22:00:00,20.0000
07362000,33.596389,-92.818056,2003-01-02 21:00:00,2003-01-04 00:00:00,628.6340,2003-01-03 07:00:00,10.0000
07362000,33.596389,-92.818056,2003-02-17 09:00:00,2003-02-20 00:00:00,696.5944,2003-02-18 12:00:00,27.0000
07362000,33.596389,-92.818056,2003-02-23 18:00:00,2003-03-04 18:00:00,948.6144,2003-02-26 12:00:00,66.0000
07362000,33.596389,-92.818056,2003-06-13 19:00:00,2003-06-25 06:00:00,1350.7136,2003-06-21 17:00:00,190.0000
07362000,33.596389,-92.818056,2004-03-06 12:00:00,2004-03-09 14:00:00,710.7528,2004-03-07 18:00:00,30.0000
07362000,33.596389,-92.818056,2004-06-01 15:00:00,2004-06-06 12:00:00,761.7232,2004-06-02 17:00:00,26.0000
07362000,33.596389,-92.818056,2004-07-06 07:00:00,2004-07-06 21:00:00,620.1389,2004-07-06 14:00:00,7.0000
07362000,33.596389,-92.818056,2004-11-25 14:00:00,2004-12-06 10:00:00,931.6243,2004-11-27 12:00:00,46.0000
07362000,33.596389,-92.818056,2004-12-08 15:00:00,2004-12-10 22:00:00,656.9508,2004-12-09 15:00:00,24.0000
07362000,33.596389,-92.818056,2005-01-06 04:00:00,2005-01-18 20:00:00,1200.6343,2005-01-11 09:00:00,125.0000
07362000,33.596389,-92.818056,2006-03-21 18:00:00,2006-03-26 05:00:00,948.6144,2006-03-24 12:00:00,66.0000
07362000,33.596389,-92.818056,2007-01-15 11:15:00,2007-01-29 14:30:00,2169.0704,2007-01-19 11:30:00,96.2500
07362000,33.596389,-92.818056,2007-07-15 09:45:00,2007-07-16 15:30:00,637.1290,2007-07-15 20:00:00,10.2500
07362000,33.596389,-92.818056,2008-02-20 06:00:00,2008-02-23 16:45:00,860.8321,2008-02-20 07:15:00,1.2500
07362000,33.596389,-92.818056,2008-03-06 11:45:00,2008-03-12 02:15:00,869.3272,2008-03-08 07:30:00,43.7500
07362000,33.596389,-92.818056,2008-03-20 22:30:00,2008-03-24 04:45:00,1642.3771,2008-03-23 23:15:00,72.7500
07362000,33.596389,-92.818056,2008-09-05 05:00:00,2008-09-17 13:00:00,2670.2786,2008-09-07 18:45:00,61.7500
07362000,33.596389,-92.818056,2008-10-09 02:00:00,2008-10-13 08:15:00,951.4460,2008-10-10 07:15:00,29.2500
07362000,33.596389,-92.818056,2009-02-12 13:30:00,2009-02-14 02:00:00,914.6341,2009-02-13 10:30:00,21.0000
07362000,33.596389,-92.818056,2009-03-13 15:30:00,2009-03-17 20:00:00,996.7530,2009-03-15 01:30:00,34.0000
07362000,33.596389,-92.818056,2009-03-26 03:30:00,2009-03-31 12:00:00,1563.0899,2009-03-29 21:30:00,90.0000
07362000,33.596389,-92.818056,2009-04-13 22:30:00,2009-04-17 13:00:00,1710.3375,2009-04-15 11:30:00,37.0000
07362000,33.596389,-92.818056,2009-04-20 11:30:00,2009-04-23 06:00:00,722.0796,2009-04-21 03:30:00,16.0000
07362000,33.596389,-92.818056,2009-05-02 02:30:00,2009-05-02 06:00:00,637.1290,2009-05-02 03:30:00,1.0000
07362000,33.596389,-92.818056,2009-05-03 08:30:00,2009-05-11 04:30:00,4502.3786,2009-05-08 00:30:00,112.0000
07362000,33.596389,-92.818056,2009-05-14 05:00:00,2009-05-24 04:30:00,3284.7542,2009-05-14 23:30:00,18.5000
07362000,33.596389,-92.818056,2009-05-28 05:00:00,2009-05-29 04:30:00,807.0301,2009-05-29 00:30:00,19.5000
07362000,33.596389,-92.818056,2009-05-31 05:00:00,2009-06-05 08:00:00,1104.3570,2009-05-31 10:30:00,5.5000
07362000,33.596389,-92.818056,2009-07-29 20:30:00,2009-08-06 12:00:00,2916.6352,2009-08-01 22:30:00,74.0000
07362000,33.596389,-92.818056,2009-09-17 03:30:00,2009-09-22 23:00:00,1987.8426,2009-09-19 14:30:00,59.0000
07362000,33.596389,-92.818056,2009-11-13 10:30:00,2009-11-14 08:00:00,673.9409,2009-11-14 03:30:00,17.0000
07362000,33.596389,-92.818056,2009-12-03 18:30:00,2009-12-05 15:00:00,829.6836,2009-12-05 00:30:00,30.0000
07362000,33.596389,-92.818056,2009-12-10 07:30:00,2009-12-11 23:00:00,889.1490,2009-12-10 20:30:00,13.0000
07362000,33.596389,-92.818056,2009-12-24 13:30:00,2009-12-28 05:30:00,5238.6166,2009-12-27 23:30:00,82.0000
07362000,33.596389,-92.818056,2009-12-31 06:00:00,2010-01-07 01:00:00,1025.0698,2009-12-31 07:30:00,1.5000
07362000,33.596389,-92.818056,2010-01-26 00:30:00,2010-01-26 15:00:00,727.7430,2010-01-26 10:30:00,10.0000
07362000,33.596389,-92.818056,2010-02-06 06:30:00,2010-02-18 03:00:00,2542.8528,2010-02-12 06:30:00,144.0000
07362000,33.596389,-92.818056,2010-06-12 21:30:00,2010-06-14 15:00:00,951.4460,2010-06-13 10:30:00,13.0000
07362000,33.596389,-92.818056,2011-04-22 03:30:00,2011-05-08 17:00:00,2828.8530,2011-04-29 11:30:00,176.0000
07362000,33.596389,-92.818056,2011-05-22 03:30:00,2011-06-08 04:30:00,1328.0601,2011-05-26 10:30:00,103.0000
07362000,33.596389,-92.818056,2011-06-09 15:30:00,2011-06-10 13:00:00,639.9607,2011-06-10 01:30:00,10.0000
07362000,33.596389,-92.818056,2011-11-22 23:30:00,2011-11-25 08:00:00,1381.8621,2011-11-24 16:30:00,41.0000
07362000,33.596389,-92.818056,2011-12-06 13:30:00,2011-12-08 23:00:00,1223.2878,2011-12-07 19:30:00,30.0000
07362000,33.596389,-92.818056,2011-12-17 20:30:00,2011-12-19 06:00:00,869.3272,2011-12-18 13:30:00,17.0000
07362000,33.596389,-92.818056,2011-12-28 10:30:00,2011-12-30 04:00:00,773.0499,2011-12-29 09:30:00,23.0000
07362000,33.596389,-92.818056,2012-01-26 22:30:00,2012-01-29 09:00:00,959.9411,2012-01-28 03:30:00,29.0000
07362000,33.596389,-92.818056,2012-02-05 09:30:00,2012-02-07 20:00:00,1152.4957,2012-02-06 18:30:00,33.0000
07362000,33.596389,-92.818056,2012-02-16 19:30:00,2012-02-19 12:00:00,1008.0797,2012-02-18 00:30:00,29.0000
07362000,33.596389,-92.818056,2012-03-13 03:30:00,2012-03-16 06:00:00,1107.1887,2012-03-14 05:30:00,26.0000
07362000,33.596389,-92.818056,2012-03-21 22:30:00,2012-03-29 15:00:00,2670.2786,2012-03-25 06:30:00,80.0000
07362000,33.596389,-92.818056,2012-04-04 22:30:00,2012-04-07 17:00:00,1132.6739,2012-04-06 07:30:00,33.0000
07362000,33.596389,-92.818056,2013-01-14 10:30:00,2013-01-15 15:00:00,1056.2184,2013-01-14 17:30:00,7.0000
07362000,33.596389,-92.818056,2013-02-23 03:30:00,2013-02-23 18:00:00,688.0994,2013-02-23 12:30:00,9.0000
07362000,33.596389,-92.818056,2013-04-11 06:30:00,2013-04-14 19:00:00,880.6539,2013-04-13 03:30:00,45.0000
07362000,33.596389,-92.818056,2013-06-01 15:30:00,2013-06-15 19:00:00,2078.4565,2013-06-05 01:30:00,82.0000
07362000,33.596389,-92.818056,2013-11-24 04:30:00,2013-11-26 07:00:00,702.2578,2013-11-25 03:30:00,23.0000
07362000,33.596389,-92.818056,2013-12-22 07:30:00,2013-12-27 09:00:00,2531.5261,2013-12-24 19:30:00,60.0000
07362000,33.596389,-92.818056,2014-01-11 21:30:00,2014-01-15 15:00:00,1254.4363,2014-01-13 03:30:00,30.0000
07362000,33.596389,-92.818056,2014-02-04 00:30:00,2014-02-09 07:00:00,1262.9314,2014-02-07 05:30:00,77.0000
07362000,33.596389,-92.818056,2014-03-04 05:00:00,2014-03-06 14:00:00,1180.8125,2014-03-05 03:00:00,22.0000
07362000,33.596389,-92.818056,2014-03-30 20:00:00,2014-03-31 00:00:00,637.1290,2014-03-30 23:00:00,3.0000
07362000,33.596389,-92.818056,2014-04-15 04:00:00,2014-04-20 15:00:00,1789.6247,2014-04-16 17:00:00,37.0000
07362000,33.596389,-92.818056,2014-05-14 20:00:00,2014-05-20 08:00:00,1073.2085,2014-05-18 05:00:00,81.0000
07362000,33.596389,-92.818056,2014-06-02 04:00:00,2014-06-02 10:00:00,634.2974,2014-06-02 05:00:00,1.0000
07362000,33.596389,-92.818056,2014-06-10 18:00:00,2014-06-15 00:00:00,1220.4561,2014-06-12 05:00:00,35.0000
07362000,33.596389,-92.818056,2015-01-04 10:00:00,2015-01-07 23:00:00,1271.4264,2015-01-05 10:00:00,24.0000
07362000,33.596389,-92.818056,2015-02-24 04:00:00,2015-02-26 04:00:00,736.2380,2015-02-25 18:00:00,38.0000
07362000,33.596389,-92.818056,2015-04-11 08:00:00,2015-04-13 05:00:00,976.9312,2015-04-12 06:00:00,22.0000
07362000,33.596389,-92.818056,2015-04-15 02:00:00,2015-04-18 19:00:00,1421.5057,2015-04-16 13:00:00,35.0000
07362000,33.596389,-92.818056,2015-04-25 12:00:00,2015-05-01 08:00:00,2344.6349,2015-04-28 17:00:00,77.0000
07362000,33.596389,-92.818056,2015-05-10 04:00:00,2015-06-07 15:00:00,2709.9222,2015-05-14 07:00:00,99.0000
07362000,33.596389,-92.818056,2015-07-05 06:00:00,2015-07-10 09:00:00,2061.4664,2015-07-08 10:00:00,76.0000
07362000,33.596389,-92.818056,2015-11-19 03:00:00,2015-11-20 22:00:00,1192.1392,2015-11-20 02:00:00,23.0000
07362000,33.596389,-92.818056,2015-11-29 09:00:00,2015-12-06 14:00:00,2811.8629,2015-12-03 13:00:00,100.0000
07362000,33.596389,-92.818056,2015-12-15 07:00:00,2015-12-20 04:00:00,1268.5947,2015-12-17 11:00:00,52.0000
07362000,33.596389,-92.818056,2015-12-28 16:00:00,2016-01-16 15:00:00,2780.7143,2016-01-01 06:00:00,86.0000
07362000,33.596389,-92.818056,2016-01-22 15:00:00,2016-01-26 03:00:00,1245.9413,2016-01-24 13:00:00,46.0000
07362000,33.596389,-92.818056,2016-02-24 23:00:00,2016-02-27 12:00:00,1095.8620,2016-02-26 03:00:00,28.0000
07362000,33.596389,-92.818056,2016-03-10 02:00:00,2016-03-19 05:00:00,2775.0510,2016-03-13 08:00:00,77.0000
07362000,33.596389,-92.818056,2016-04-01 01:00:00,2016-04-04 18:00:00,1837.7633,2016-04-03 02:00:00,49.0000
07362000,33.596389,-92.818056,2016-04-20 14:00:00,2016-04-24 10:00:00,1084.5352,2016-04-23 14:00:00,72.0000
07362000,33.596389,-92.818056,2016-04-30 16:00:00,2016-05-02 14:00:00,2472.0607,2016-05-02 14:00:00,46.0000
07362000,33.596389,-92.818056,2016-05-04 08:00:00,2016-05-13 13:00:00,3058.2194,2016-05-04 11:00:00,3.0000
07378500,30.463889,-90.990278,1995-12-18 22:00:00,1995-12-22 20:30:00,1387.5255,1995-12-20 12:30:00,38.5000
07378500,30.463889,-90.990278,1996-01-27 22:30:00,1996-01-30 16:00:00,529.5250,1996-01-29 04:30:00,30.0000
07378500,30.463889,-90.990278,1996-10-26 16:30:00,1996-10-28 05:00:00,504.0399,1996-10-27 09:30:00,18.0000
07378500,30.463889,-90.990278,1997-01-30 07:50:45,1997-01-30 19:51:00,385.1091,1997-01-30 10:20:48,2.5008
07378500,30.463889,-90.990278,1997-02-14 06:57:51,1997-02-16 22:59:09,597.4855,1997-02-15 06:58:21,24.0083
07378500,30.463889,-90.990278,1997-02-25 18:37:39,1997-03-01 21:42:09,1129.8422,1997-02-27 10:09:27,39.5300
07378500,30.463889,-90.990278,1997-04-06 08:20:54,1997-04-09 09:24:12,739.0697,1997-04-07 14:22:15,30.0225
07378500,30.463889,-90.990278,1997-04-28 04:17:15,1997-05-01 20:13:45,1679.1890,1997-04-29 20:15:39,39.9733
07378500,30.463889,-90.990278,1998-01-07 08:00:00,1998-01-11 10:30:00,1421.5057,1998-01-09 06:30:00,46.5000
07378500,30.463889,-90.990278,1998-01-13 00:00:00,1998-01-15 15:30:00,566.3369,1998-01-14 02:30:00,26.5000
07378500,30.463889,-90.990278,1998-01-23 11:00:00,1998-01-24 05:30:00,656.9508,1998-01-24 05:30:00,18.5000
07378500,30.463889,-90.990278,1999-01-31 21:00:00,1999-02-02 12:30:00,526.6933,1999-02-01 11:30:00,14.5000
07378500,30.463889,-90.990278,1999-03-14 14:30:00,1999-03-17 19:00:00,1101.5253,1999-03-16 01:00:00,34.5000
07378500,30.463889,-90.990278,2001-03-04 01:00:00,2001-03-07 10:30:00,1132.6739,2001-03-05 13:30:00,36.5000
07378500,30.463889,-90.990278,2001-06-07 13:00:00,2001-06-10 04:30:00,2364.4567,2001-06-10 03:30:00,62.5000
07378500,30.463889,-90.990278,2002-04-09 12:00:00,2002-04-10 04:30:00,580.4954,2002-04-10 04:30:00,16.5000
07378500,30.463889,-90.990278,2002-09-29 09:00:00,2002-09-30 09:30:00,410.5943,2002-09-29 20:30:00,11.5000
07378500,30.463889,-90.990278,2002-10-29 04:30:00,2002-11-02 03:00:00,563.5052,2002-10-31 13:30:00,57.0000
07378500,30.463889,-90.990278,2002-11-06 09:30:00,2002-11-09 03:00:00,724.9113,2002-11-07 11:30:00,26.0000
07378500,30.463889,-90.990278,2003-02-17 16:00:00,2003-02-18 08:30:00,390.7725,2003-02-18 00:00:00,8.0000
07378500,30.463889,-90.990278,2003-02-22 03:27:00,2003-02-26 08:56:00,1529.1097,2003-02-24 12:29:00,57.0333
07378500,30.463889,-90.990278,2003-04-09 00:30:00,2003-04-11 02:00:00,809.8618,2003-04-10 01:25:00,24.9167
07378500,30.463889,-90.990278,2004-02-06 14:53:00,2004-02-10 03:30:00,790.0400,2004-02-08 00:52:00,33.9833
07378500,30.463889,-90.990278,2004-02-12 15:00:00,2004-02-16 11:40:00,1013.7431,2004-02-14 09:00:00,42.0000
07378500,30.463889,-90.990278,2004-02-25 11:00:00,2004-02-27 20:00:00,569.1686,2004-02-26 15:00:00,28.0000
07378500,30.463889,-90.990278,2004-05-13 05:00:00,2004-05-21 09:26:00,1163.8224,2004-05-17 12:14:00,103.2333
07378500,30.463889,-90.990278,2004-06-26 04:00:00,2004-06-29 15:25:00,668.2776,2004-06-27 10:25:00,30.4167
07378500,30.463889,-90.990278,2005-02-01 22:00:00,2005-02-05 04:53:00,775.8816,2005-02-03 03:30:00,29.5000
07378500,30.463889,-90.990278,2006-10-28 11:00:00,2006-10-29 04:30:00,903.3074,2006-10-29 04:30:00,18.5000
07378500,30.463889,-90.990278,2006-12-31 10:30:00,2007-01-03 02:30:00,654.1192,2007-01-01 18:30:00,32.0000
07378500,30.463889,-90.990278,2007-01-06 01:00:00,2007-01-09 01:00:00,603.1488,2007-01-07 01:30:00,24.5000
07378500,30.463889,-90.990278,2007-05-05 07:00:00,2007-05-06 01:30:00,407.7626,2007-05-05 16:00:00,9.0000
07378500,30.463889,-90.990278,2008-09-03 09:00:00,2008-09-08 06:00:00,1908.5555,2008-09-05 06:00:00,45.0000
07378500,30.463889,-90.990278,2009-03-28 11:30:00,2009-04-01 15:30:00,1220.4561,2009-03-30 11:00:00,47.5000
07378500,30.463889,-90.990278,2009-12-14 06:00:00,2009-12-21 19:00:00,770.2182,2009-12-19 20:30:00,134.5000
07378500,30.463889,-90.990278,2010-02-05 17:30:00,2010-02-08 11:30:00,634.2974,2010-02-06 21:00:00,27.5000
07378500,30.463889,-90.990278,2011-03-09 19:30:00,2011-03-13 17:00:00,894.8124,2011-03-11 01:00:00,29.5000
07378500,30.463889,-90.990278,2012-01-27 14:00:00,2012-01-30 13:00:00,702.2578,2012-01-28 23:30:00,33.5000
07378500,30.463889,-90.990278,2012-02-18 17:30:00,2012-02-22 19:30:00,1005.2481,2012-02-20 20:30:00,51.0000
07378500,30.463889,-90.990278,2012-03-22 20:30:00,2012-03-25 15:30:00,642.7924,2012-03-24 01:00:00,28.5000
07378500,30.463889,-90.990278,2012-08-30 13:00:00,2012-09-04 12:00:00,826.8519,2012-09-01 13:30:00,48.5000
07378500,30.463889,-90.990278,2012-12-30 09:30:00,2013-01-01 05:00:00,453.0695,2012-12-31 03:30:00,18.0000
07378500,30.463889,-90.990278,2013-01-09 15:00:00,2013-01-18 20:00:00,1070.3768,2013-01-11 18:30:00,51.5000
07378500,30.463889,-90.990278,2013-02-12 23:30:00,2013-02-16 13:00:00,891.9807,2013-02-14 15:30:00,40.0000
07378500,30.463889,-90.990278,2013-04-15 13:30:00,2013-04-17 21:00:00,699.4261,2013-04-16 14:30:00,25.0000
07378500,30.463889,-90.990278,2014-02-22 15:00:00,2014-02-25 15:30:00,829.6836,2014-02-24 00:00:00,33.0000
07378500,30.463889,-90.990278,2014-03-31 08:30:00,2014-04-01 17:00:00,472.8913,2014-03-31 21:30:00,13.0000
07378500,30.463889,-90.990278,2015-01-05 07:00:00,2015-01-06 16:00:00,478.5547,2015-01-05 23:30:00,16.5000
07378500,30.463889,-90.990278,2015-03-03 19:30:00,2015-03-06 07:30:00,736.2380,2015-03-04 22:00:00,26.5000
07378500,30.463889,-90.990278,2015-03-15 08:30:00,2015-03-16 12:00:00,430.4161,2015-03-15 22:00:00,13.5000
07378500,30.463889,-90.990278,2015-10-26 18:30:00,2015-10-30 11:00:00,1152.4957,2015-10-28 14:00:00,43.5000
07378500,30.463889,-90.990278,2015-11-01 19:00:00,2015-11-04 13:00:00,651.2875,2015-11-03 03:00:00,32.0000
07378500,30.463889,-90.990278,2015-11-19 08:00:00,2015-11-22 11:00:00,818.3569,2015-11-20 14:30:00,30.5000
07378500,30.463889,-90.990278,2016-02-04 22:00:00,2016-02-06 15:30:00,543.6835,2016-02-05 14:30:00,16.5000
07378500,30.463889,-90.990278,2016-03-11 16:00:00,2016-03-16 08:30:00,1846.2584,2016-03-13 08:30:00,39.5000
07290000,32.347778,-90.696944,1987-02-26 16:30:00,1987-03-03 05:30:00,900.4757,1987-03-03 05:30:00,109.0000
07290000,32.347778,-90.696944,1987-03-06 06:00:00,1987-03-14 23:00:00,886.3173,1987-03-06 06:30:00,0.5000
07290000,32.347778,-90.696944,1987-03-18 03:00:00,1987-03-23 20:30:00,639.9607,1987-03-18 06:30:00,3.5000
07290000,32.347778,-90.696944,1987-06-19 10:00:00,1987-06-20 14:00:00,404.9309,1987-06-19 17:00:00,7.0000
07290000,32.347778,-90.696944,1987-11-16 22:00:00,1987-11-21 20:00:00,461.5646,1987-11-17 04:00:00,6.0000
07290000,32.347778,-90.696944,1988-04-02 13:00:00,1988-04-08 00:30:00,379.4457,1988-04-02 14:30:00,1.5000
07290000,32.347778,-90.696944,1989-01-12 05:00:00,1989-01-27 08:00:00,957.1094,1989-01-19 16:00:00,179.0000
07290000,32.347778,-90.696944,1989-03-02 14:00:00,1989-03-16 18:00:00,611.6439,1989-03-06 14:00:00,96.0000
07290000,32.347778,-90.696944,1989-05-19 02:00:00,1989-05-27 05:00:00,532.3567,1989-05-22 07:00:00,77.0000
07290000,32.347778,-90.696944,1990-01-11 06:00:00,1990-01-16 12:00:00,404.9309,1990-01-13 08:00:00,50.0000
07290000,32.347778,-90.696944,1990-01-18 13:00:00,1990-02-26 06:00:00,770.2182,1990-01-25 11:00:00,166.0000
07290000,32.347778,-90.696944,1990-03-05 10:00:00,1990-03-12 08:00:00,487.0498,1990-03-08 08:00:00,70.0000
07290000,32.347778,-90.696944,1990-05-31 19:00:00,1990-06-01 16:00:00,532.3567,1990-05-31 22:00:00,3.0000
07290000,32.347778,-90.696944,1990-12-22 13:00:00,1991-01-12 09:00:00,928.7926,1990-12-30 16:00:00,195.0000
07290000,32.347778,-90.696944,1991-02-23 20:00:00,1991-03-09 02:00:00,1087.3669,1991-02-26 19:00:00,71.0000
07290000,32.347778,-90.696944,1991-06-06 08:00:00,1991-06-09 14:00:00,402.0992,1991-06-07 14:00:00,30.0000
07290000,32.347778,-90.696944,1991-12-13 15:00:00,1991-12-18 19:00:00,458.7329,1991-12-14 22:00:00,31.0000
07290000,32.347778,-90.696944,1993-02-22 00:00:00,1993-02-25 14:00:00,410.5943,1993-02-23 13:00:00,37.0000
07290000,32.347778,-90.696944,1993-04-09 05:00:00,1993-04-15 21:00:00,402.0992,1993-04-09 08:00:00,3.0000
07290000,32.347778,-90.696944,1994-01-28 00:00:00,1994-02-09 02:00:00,597.4855,1994-02-02 12:00:00,132.0000
07290000,32.347778,-90.696944,1994-02-10 15:00:00,1994-02-25 05:00:00,894.8124,1994-02-18 21:00:00,198.0000
07290000,32.347778,-90.696944,1994-04-01 17:00:00,1994-04-12 18:00:00,481.3864,1994-04-06 06:00:00,108.0000
07290000,32.347778,-90.696944,1995-04-21 04:00:00,1995-05-07 09:00:00,1180.8125,1995-04-29 04:00:00,192.0000
07290000,32.347778,-90.696944,1996-01-27 15:00:00,1996-01-29 18:00:00,368.1190,1996-01-28 03:00:00,12.0000
07290000,32.347778,-90.696944,1996-02-02 20:00:00,1996-02-04 15:00:00,370.9507,1996-02-03 07:00:00,11.0000
07290000,32.347778,-90.696944,1996-04-23 13:00:00,1996-04-24 18:00:00,382.2774,1996-04-23 17:00:00,4.0000
07290000,32.347778,-90.696944,1997-02-08 01:00:00,1997-02-10 00:00:00,379.4457,1997-02-08 17:00:00,16.0000
07290000,32.347778,-90.696944,1997-02-13 07:00:00,1997-02-23 13:00:00,438.9111,1997-02-13 12:00:00,5.0000
07290000,32.347778,-90.696944,1997-04-27 20:00:00,1997-05-06 14:00:00,424.7527,1997-05-04 15:00:00,163.0000
07290000,32.347778,-90.696944,1997-12-24 10:00:00,1998-01-01 16:00:00,419.0893,1997-12-25 04:00:00,18.0000
07290000,32.347778,-90.696944,1998-01-22 14:00:00,1998-01-31 17:00:00,438.9111,1998-01-23 10:00:00,20.0000
07290000,32.347778,-90.696944,1998-02-23 01:00:00,1998-03-01 11:00:00,390.7725,1998-02-27 00:00:00,95.0000
07290000,32.347778,-90.696944,1999-01-09 21:00:00,1999-01-12 19:00:00,362.4556,1999-01-11 10:00:00,37.0000
07290000,32.347778,-90.696944,1999-01-30 02:00:00,1999-01-31 05:00:00,407.7626,1999-01-30 18:00:00,16.0000
07290000,32.347778,-90.696944,1999-02-03 06:00:00,1999-02-12 19:00:00,1282.7532,1999-02-03 19:00:00,13.0000
07290000,32.347778,-90.696944,1999-03-13 23:00:00,1999-03-19 00:00:00,419.0893,1999-03-14 11:00:00,12.0000
07290000,32.347778,-90.696944,2000-04-03 01:00:00,2000-04-19 06:00:00,1186.4759,2000-04-10 00:00:00,167.0000
07290000,32.347778,-90.696944,2001-01-20 08:00:00,2001-01-22 02:00:00,368.1190,2001-01-20 18:00:00,10.0000
07290000,32.347778,-90.696944,2001-01-25 05:00:00,2001-02-04 01:00:00,880.6539,2001-01-28 20:00:00,87.0000
07290000,32.347778,-90.696944,2001-04-11 20:00:00,2001-04-14 22:00:00,441.7428,2001-04-13 16:00:00,44.0000
07290000,32.347778,-90.696944,2001-11-29 21:00:00,2001-12-04 11:00:00,402.0992,2001-11-30 16:00:00,19.0000
07290000,32.347778,-90.696944,2001-12-08 15:00:00,2001-12-13 08:00:00,399.2675,2001-12-11 19:00:00,76.0000
07290000,32.347778,-90.696944,2001-12-21 19:00:00,2001-12-31 00:00:00,713.5845,2001-12-25 05:00:00,82.0000
07290000,32.347778,-90.696944,2002-02-04 01:00:00,2002-02-11 12:00:00,509.7032,2002-02-07 12:00:00,83.0000
07290000,32.347778,-90.696944,2002-04-09 05:00:00,2002-04-16 21:00:00,390.7725,2002-04-14 05:00:00,120.0000
07290000,32.347778,-90.696944,2002-09-27 05:00:00,2002-10-02 00:00:00,450.2379,2002-09-27 16:00:00,11.0000
07290000,32.347778,-90.696944,2002-12-24 21:00:00,2002-12-27 12:00:00,387.9408,2002-12-25 16:00:00,19.0000
07290000,32.347778,-90.696944,2003-02-21 16:00:00,2003-03-13 05:00:00,1036.3966,2003-02-27 17:00:00,145.0000
07290000,32.347778,-90.696944,2003-04-07 01:00:00,2003-04-18 23:00:00,1605.5652,2003-04-07 10:00:00,9.0000
07290000,32.347778,-90.696944,2004-02-12 10:00:00,2004-02-28 02:00:00,450.2379,2004-02-20 16:00:00,198.0000
07290000,32.347778,-90.696944,2004-05-15 03:00:00,2004-05-23 20:00:00,472.8913,2004-05-15 08:00:00,5.0000
07290000,32.347778,-90.696944,2004-07-02 07:00:00,2004-07-13 06:00:00,489.8814,2004-07-10 17:00:00,202.0000
07290000,32.347778,-90.696944,2004-12-07 12:00:00,2004-12-21 10:00:00,572.0003,2004-12-15 04:00:00,184.0000
07290000,32.347778,-90.696944,2005-04-12 01:00:00,2005-04-24 00:00:00,662.6142,2005-04-19 02:00:00,169.0000
07290000,32.347778,-90.696944,2005-05-31 16:00:00,2005-06-01 00:00:00,365.2873,2005-05-31 18:00:00,2.0000
07290000,32.347778,-90.696944,2005-09-25 17:00:00,2005-10-02 12:00:00,557.8419,2005-09-25 20:00:00,3.0000
07290000,32.347778,-90.696944,2006-02-25 14:00:00,2006-03-10 06:00:00,784.3767,2006-03-02 22:00:00,128.0000
07290000,32.347778,-90.696944,2006-03-21 14:00:00,2006-03-22 13:00:00,365.2873,2006-03-21 19:00:00,5.0000
07290000,32.347778,-90.696944,2007-01-05 05:00:00,2007-01-12 05:00:00,498.3765,2007-01-12 00:00:00,163.0000
07290000,32.347778,-90.696944,2007-01-13 06:00:00,2007-01-19 09:00:00,518.1983,2007-01-13 09:00:00,3.0000
07290000,32.347778,-90.696944,2008-09-04 08:00:00,2008-09-05 13:00:00,399.2675,2008-09-04 10:00:00,2.0000
07290000,32.347778,-90.696944,2008-12-11 15:00:00,2008-12-18 05:00:00,688.0994,2008-12-17 17:00:00,146.0000
07290000,32.347778,-90.696944,2009-03-14 10:00:00,2009-04-07 20:00:00,631.4657,2009-03-20 13:00:00,147.0000
07290000,32.347778,-90.696944,2009-05-12 01:00:00,2009-05-23 04:00:00,498.3765,2009-05-19 10:00:00,177.0000
07290000,32.347778,-90.696944,2009-07-29 20:00:00,2009-08-07 01:00:00,481.3864,2009-08-04 03:00:00,127.0000
07290000,32.347778,-90.696944,2009-10-31 11:00:00,2009-11-04 12:00:00,390.7725,2009-11-01 02:00:00,16.0000
07290000,32.347778,-90.696944,2010-01-21 06:00:00,2010-02-03 22:00:00,555.0102,2010-01-21 11:00:00,5.0000
07290000,32.347778,-90.696944,2010-02-05 02:00:00,2010-02-16 13:00:00,450.2379,2010-02-06 03:00:00,25.0000
07290000,32.347778,-90.696944,2011-03-09 14:00:00,2011-03-13 22:00:00,404.9309,2011-03-10 02:00:00,12.0000
07290000,32.347778,-90.696944,2011-03-15 08:00:00,2011-03-20 10:00:00,379.4457,2011-03-17 15:00:00,55.0000
07290000,32.347778,-90.696944,2012-02-05 02:00:00,2012-02-10 15:00:00,390.7725,2012-02-05 14:00:00,12.0000
07290000,32.347778,-90.696944,2012-03-27 09:00:00,2012-04-01 07:00:00,404.9309,2012-03-30 17:00:00,80.0000
07290000,32.347778,-90.696944,2012-12-26 15:00:00,2013-01-07 12:00:00,433.2478,2013-01-02 15:00:00,168.0000
07290000,32.347778,-90.696944,2013-02-11 08:00:00,2013-02-12 05:00:00,393.6042,2013-02-12 03:00:00,19.0000
07290000,32.347778,-90.696944,2013-02-16 06:00:00,2013-02-19 05:00:00,540.8518,2013-02-18 23:00:00,65.0000
07290000,32.347778,-90.696944,2013-11-26 17:00:00,2013-11-30 02:00:00,402.0992,2013-11-27 15:00:00,22.0000
07290000,32.347778,-90.696944,2014-03-30 04:00:00,2014-03-31 13:00:00,362.4556,2014-03-30 11:00:00,7.0000
07290000,32.347778,-90.696944,2015-01-04 16:00:00,2015-01-05 09:00:00,362.4556,2015-01-04 21:00:00,5.0000
07290000,32.347778,-90.696944,2015-02-26 00:30:00,2015-03-12 09:15:00,438.9111,2015-03-06 05:45:00,197.2500
07290000,32.347778,-90.696944,2015-03-13 21:30:00,2015-03-16 00:15:00,379.4457,2015-03-14 00:30:00,3.0000
07290000,32.347778,-90.696944,2015-03-23 01:45:00,2015-03-24 23:00:00,362.4556,2015-03-23 05:30:00,3.7500
07290000,32.347778,-90.696944,2016-03-10 22:30:00,2016-03-26 09:45:00,937.2876,2016-03-16 03:45:00,124.2500
07290000,32.347778,-90.696944,2016-04-01 06:00:00,2016-04-09 22:00:00,424.7527,2016-04-07 05:00:00,143.0000
07290000,32.347778,-90.696944,2016-04-12 03:45:00,2016-04-25 20:00:00,597.4855,2016-04-19 03:00:00,167.2500
07026040,36.240576,-89.217501,1990-12-18 05:00:00,1991-01-11 05:00:00,1274.2581,1990-12-25 06:00:00,169.0000
07026040,36.240576,-89.217501,1991-02-06 00:00:00,1991-02-10 05:00:00,402.0992,1991-02-08 19:00:00,67.0000
07026040,36.240576,-89.217501,1991-02-14 06:00:00,1991-02-17 05:00:00,328.4754,1991-02-15 16:00:00,34.0000
07026040,36.240576,-89.217501,1991-02-19 06:00:00,1991-02-20 05:00:00,373.7824,1991-02-20 04:00:00,22.0000
07026040,36.240576,-89.217501,1991-03-02 04:00:00,1991-03-04 01:00:00,229.6496,1991-03-02 20:00:00,16.0000
07026040,36.240576,-89.217501,1991-03-22 13:00:00,1991-03-26 05:00:00,261.9308,1991-03-24 14:00:00,49.0000
07026040,36.240576,-89.217501,1991-03-30 14:00:00,1991-03-31 20:00:00,200.2001,1991-03-31 03:00:00,13.0000
07026040,36.240576,-89.217501,1991-04-10 02:00:00,1991-04-11 17:00:00,221.4377,1991-04-10 15:00:00,13.0000
07026040,36.240576,-89.217501,1991-04-13 09:00:00,1991-04-19 02:00:00,314.3170,1991-04-15 23:00:00,62.0000
07026040,36.240576,-89.217501,1991-05-13 02:00:00,1991-05-16 04:00:00,260.5150,1991-05-14 14:00:00,36.0000
07026040,36.240576,-89.217501,1991-06-13 11:00:00,1991-06-15 10:00:00,187.4575,1991-06-14 00:00:00,13.0000
07026040,36.240576,-89.217501,1992-01-09 03:00:00,1992-01-09 23:00:00,209.8278,1992-01-09 12:00:00,9.0000
07026040,36.240576,-89.217501,1992-01-14 20:00:00,1992-01-15 07:00:00,176.6971,1992-01-15 00:00:00,4.0000
07026040,36.240576,-89.217501,1992-04-21 14:00:00,1992-04-21 21:00:00,170.7506,1992-04-21 16:00:00,2.0000
07026040,36.240576,-89.217501,1992-09-07 12:00:00,1992-09-08 10:00:00,217.1902,1992-09-07 20:00:00,8.0000
07026040,36.240576,-89.217501,1993-01-05 03:00:00,1993-01-06 05:00:00,300.1586,1993-01-05 12:00:00,9.0000
07026040,36.240576,-89.217501,1993-02-12 08:00:00,1993-02-13 15:00:00,233.3308,1993-02-12 20:00:00,12.0000
07026040,36.240576,-89.217501,1993-02-16 18:00:00,1993-02-18 03:00:00,234.4635,1993-02-17 08:00:00,14.0000
07026040,36.240576,-89.217501,1993-02-21 22:00:00,1993-02-23 18:00:00,265.0457,1993-02-22 10:00:00,12.0000
07026040,36.240576,-89.217501,1993-02-26 06:00:00,1993-02-27 13:00:00,226.5348,1993-02-26 17:00:00,11.0000
07026040,36.240576,-89.217501,1993-03-03 00:00:00,1993-03-04 13:00:00,244.6576,1993-03-03 13:00:00,13.0000
07026040,36.240576,-89.217501,1993-03-23 13:00:00,1993-03-24 12:00:00,216.6239,1993-03-23 22:00:00,9.0000
07026040,36.240576,-89.217501,1993-03-25 23:00:00,1993-03-28 05:00:00,328.4754,1993-03-27 15:00:00,40.0000
07026040,36.240576,-89.217501,1993-05-04 05:00:00,1993-05-06 23:00:00,278.6378,1993-05-05 04:00:00,23.0000
07026040,36.240576,-89.217501,1993-06-01 01:00:00,1993-06-01 05:00:00,167.9189,1993-06-01 03:00:00,2.0000
07026040,36.240576,-89.217501,1993-10-20 17:00:00,1993-10-21 17:00:00,236.7288,1993-10-21 03:00:00,10.0000
07026040,36.240576,-89.217501,1993-11-15 06:00:00,1993-11-20 03:00:00,319.9804,1993-11-17 08:00:00,50.0000
07026040,36.240576,-89.217501,1993-12-04 01:00:00,1993-12-08 05:00:00,402.0992,1993-12-06 16:00:00,63.0000
07026040,36.240576,-89.217501,1994-01-07 20:00:00,1994-01-08 17:00:00,192.2714,1994-01-07 23:00:00,3.0000
07026040,36.240576,-89.217501,1994-01-25 13:30:00,1994-02-03 14:00:00,407.7626,1994-01-29 20:30:00,103.0000
07026040,36.240576,-89.217501,1994-02-21 02:00:00,1994-02-21 05:30:00,216.0575,1994-02-21 05:30:00,3.5000
07026040,36.240576,-89.217501,1994-02-22 06:00:00,1994-02-28 22:30:00,365.2873,1994-02-25 15:30:00,81.5000
07026040,36.240576,-89.217501,1994-03-22 15:00:00,1994-03-29 05:30:00,467.2280,1994-03-27 10:00:00,115.0000
07026040,36.240576,-89.217501,1994-03-30 06:00:00,1994-04-07 21:30:00,501.2082,1994-03-30 19:30:00,13.5000
07026040,36.240576,-89.217501,1994-06-10 08:30:00,1994-06-11 00:30:00,196.8021,1994-06-10 13:00:00,4.5000
07026040,36.240576,-89.217501,1995-01-19 03:30:00,1995-01-19 11:30:00,281.7526,1995-01-19 10:30:00,7.0000
07026040,36.240576,-89.217501,1995-02-15 12:30:00,1995-02-16 03:00:00,300.1586,1995-02-16 00:00:00,11.5000
07026040,36.240576,-89.217501,1995-02-17 17:30:00,1995-02-20 01:30:00,328.4754,1995-02-17 18:30:00,1.0000
07026040,36.240576,-89.217501,1995-03-08 18:00:00,1995-03-10 00:00:00,229.0833,1995-03-09 15:30:00,21.5000
07026040,36.240576,-89.217501,1995-04-20 23:30:00,1995-04-22 13:30:00,265.8952,1995-04-21 08:30:00,9.0000
07026040,36.240576,-89.217501,1995-05-01 15:30:00,1995-05-04 20:00:00,328.4754,1995-05-02 18:00:00,26.5000
07026040,36.240576,-89.217501,1995-05-18 20:30:00,1995-05-21 06:00:00,294.4952,1995-05-19 12:00:00,15.5000
07026040,36.240576,-89.217501,1995-08-05 15:30:00,1995-08-14 19:00:00,365.2873,1995-08-10 02:00:00,106.5000
07026040,36.240576,-89.217501,2001-10-12 01:00:00,2001-10-12 09:00:00,176.6971,2001-10-12 04:00:00,3.0000
07026040,36.240576,-89.217501,2001-10-14 15:00:00,2001-10-15 20:00:00,230.2160,2001-10-15 02:00:00,11.0000
07026040,36.240576,-89.217501,2001-11-27 14:00:00,2001-12-05 05:00:00,1580.0800,2001-12-03 21:00:00,151.0000
07026040,36.240576,-89.217501,2001-12-13 06:00:00,2001-12-15 05:00:00,543.6835,2001-12-15 05:00:00,47.0000
07026040,36.240576,-89.217501,2001-12-16 06:00:00,2001-12-21 05:00:00,1175.1491,2001-12-19 15:00:00,81.0000
07026040,36.240576,-89.217501,2002-01-23 08:00:00,2002-01-28 05:00:00,450.2379,2002-01-27 01:00:00,89.0000
07026040,36.240576,-89.217501,2002-02-01 06:00:00,2002-02-05 19:00:00,325.6437,2002-02-02 17:00:00,35.0000
07026040,36.240576,-89.217501,2002-03-17 20:00:00,2002-03-23 05:00:00,421.9210,2002-03-22 17:00:00,117.0000
07026040,36.240576,-89.217501,2002-03-25 06:00:00,2002-03-30 05:00:00,353.9606,2002-03-27 21:00:00,63.0000
07026040,36.240576,-89.217501,2002-04-01 06:00:00,2002-04-06 15:00:00,331.3071,2002-04-02 16:00:00,34.0000
07026040,36.240576,-89.217501,2002-05-13 18:00:00,2002-05-15 02:00:00,230.4991,2002-05-14 03:00:00,9.0000
07026040,36.240576,-89.217501,2002-05-17 14:00:00,2002-05-21 04:00:00,566.3369,2002-05-20 22:00:00,80.0000
07026040,36.240576,-89.217501,2002-06-13 16:00:00,2002-06-13 21:00:00,168.2021,2002-06-13 18:00:00,2.0000
07026040,36.240576,-89.217501,2002-09-20 22:00:00,2002-09-22 15:00:00,252.0199,2002-09-21 05:00:00,7.0000
07026040,36.240576,-89.217501,2002-09-27 05:00:00,2002-10-06 18:00:00,376.6141,2002-10-01 13:00:00,104.0000
07026040,36.240576,-89.217501,2002-10-10 12:00:00,2002-10-17 02:00:00,407.7626,2002-10-13 02:00:00,62.0000
07026040,36.240576,-89.217501,2002-12-05 14:00:00,2002-12-06 12:00:00,193.4041,2002-12-05 22:00:00,8.0000
07026040,36.240576,-89.217501,2002-12-14 09:00:00,2002-12-15 01:00:00,178.1130,2002-12-14 15:00:00,6.0000
07026040,36.240576,-89.217501,2002-12-19 09:00:00,2002-12-24 05:00:00,739.0697,2002-12-23 07:00:00,94.0000
07026040,36.240576,-89.217501,2002-12-31 06:00:00,2003-01-05 12:00:00,288.8318,2003-01-02 03:00:00,45.0000
07026040,36.240576,-89.217501,2003-02-14 16:00:00,2003-02-20 05:00:00,756.0598,2003-02-19 17:00:00,121.0000
07026040,36.240576,-89.217501,2003-02-23 06:00:00,2003-02-26 05:00:00,795.7034,2003-02-24 18:00:00,36.0000
07026040,36.240576,-89.217501,2003-03-19 17:00:00,2003-03-21 14:00:00,246.3566,2003-03-20 05:00:00,12.0000
07026040,36.240576,-89.217501,2003-04-07 07:00:00,2003-04-08 17:00:00,218.8892,2003-04-07 17:00:00,10.0000
07026040,36.240576,-89.217501,2003-05-05 07:00:00,2003-05-11 04:59:27,846.6737,2003-05-10 07:00:00,120.0000
07026040,36.240576,-89.217501,2003-05-17 05:00:00,2003-05-19 04:00:00,591.8221,2003-05-19 04:00:00,47.0000
07026040,36.240576,-89.217501,2003-06-12 03:00:00,2003-06-13 02:00:00,210.1110,2003-06-12 09:00:00,6.0000
07026040,36.240576,-89.217501,2003-07-29 13:00:00,2003-07-30 07:00:00,198.2179,2003-07-29 20:00:00,7.0000
07026040,36.240576,-89.217501,2003-09-03 05:00:00,2003-09-04 11:00:00,225.6853,2003-09-03 13:00:00,8.0000
07026040,36.240576,-89.217501,2003-11-19 02:00:00,2003-11-21 06:00:00,250.8873,2003-11-19 12:00:00,10.0000
07026040,36.240576,-89.217501,2003-11-24 14:00:00,2003-11-25 18:00:00,216.0575,2003-11-25 00:00:00,10.0000
07026040,36.240576,-89.217501,2003-11-27 18:00:00,2003-11-30 14:00:00,263.6298,2003-11-28 18:00:00,24.0000
07026040,36.240576,-89.217501,2003-12-24 07:00:00,2003-12-24 20:00:00,175.2813,2003-12-24 13:00:00,6.0000
07026040,36.240576,-89.217501,2004-01-26 01:00:00,2004-01-27 10:00:00,214.0754,2004-01-26 11:00:00,10.0000
07026040,36.240576,-89.217501,2004-02-05 16:00:00,2004-02-09 05:00:00,362.4556,2004-02-08 10:00:00,66.0000
07026040,36.240576,-89.217501,2004-03-21 10:00:00,2004-03-22 07:00:00,205.5803,2004-03-21 17:00:00,7.0000
07026040,36.240576,-89.217501,2004-04-14 02:00:00,2004-04-15 02:00:00,187.7407,2004-04-14 12:00:00,10.0000
07026040,36.240576,-89.217501,2004-04-22 22:00:00,2004-04-27 04:00:00,379.4457,2004-04-27 04:00:00,102.0000
07026040,36.240576,-89.217501,2004-05-15 23:00:00,2004-05-16 17:00:00,187.4575,2004-05-16 05:00:00,6.0000
07026040,36.240576,-89.217501,2004-06-14 09:00:00,2004-06-18 01:00:00,247.7724,2004-06-16 11:00:00,50.0000
07026040,36.240576,-89.217501,2004-10-12 12:00:00,2004-10-13 02:00:00,206.9961,2004-10-12 17:00:00,5.0000
07026040,36.240576,-89.217501,2004-10-19 12:00:00,2004-10-21 02:00:00,245.5071,2004-10-19 23:00:00,11.0000
07026040,36.240576,-89.217501,2004-10-24 06:00:00,2004-10-25 09:00:00,210.9605,2004-10-24 15:00:00,9.0000
07026040,36.240576,-89.217501,2004-10-28 02:00:00,2004-10-29 14:00:00,202.1823,2004-10-28 09:00:00,7.0000
07026040,36.240576,-89.217501,2004-11-01 13:00:00,2004-11-05 05:00:00,421.9210,2004-11-04 22:00:00,81.0000
07026040,36.240576,-89.217501,2004-11-24 13:00:00,2004-11-27 00:00:00,243.2417,2004-11-25 04:00:00,15.0000
07026040,36.240576,-89.217501,2004-11-28 11:00:00,2004-11-28 22:00:00,173.0159,2004-11-28 16:00:00,5.0000
07026040,36.240576,-89.217501,2004-11-30 13:00:00,2004-12-03 05:00:00,314.3170,2004-12-03 04:00:00,63.0000
07026040,36.240576,-89.217501,2004-12-06 06:00:00,2004-12-10 05:00:00,334.1388,2004-12-09 09:00:00,75.0000
07026040,36.240576,-89.217501,2004-12-22 21:00:00,2004-12-24 15:00:00,232.1981,2004-12-23 08:00:00,11.0000
07026040,36.240576,-89.217501,2004-12-30 07:00:00,2005-01-01 05:00:00,271.8417,2005-01-01 05:00:00,46.0000
07026040,36.240576,-89.217501,2005-01-03 06:00:00,2005-01-05 05:00:00,302.9903,2005-01-04 03:00:00,21.0000
07026040,36.240576,-89.217501,2005-01-06 06:00:00,2005-01-10 05:00:00,351.1289,2005-01-09 20:00:00,86.0000
07026040,36.240576,-89.217501,2005-01-14 06:00:00,2005-01-15 05:00:00,278.3546,2005-01-14 16:00:00,10.0000
07026040,36.240576,-89.217501,2005-02-21 16:00:00,2005-02-24 05:00:00,246.9229,2005-02-22 15:00:00,23.0000
07026040,36.240576,-89.217501,2005-03-28 02:00:00,2005-03-31 05:00:00,433.2478,2005-03-31 05:00:00,75.0000
07026040,36.240576,-89.217501,2005-04-07 13:00:00,2005-04-10 13:00:00,233.3308,2005-04-08 14:00:00,25.0000
07026040,36.240576,-89.217501,2005-04-12 04:00:00,2005-04-14 14:00:00,244.6576,2005-04-12 21:00:00,17.0000
07026040,36.240576,-89.217501,2005-04-22 23:00:00,2005-04-24 00:00:00,204.7308,2005-04-23 06:00:00,7.0000
07026040,36.240576,-89.217501,2005-04-30 04:00:00,2005-05-03 04:00:00,302.9903,2005-05-02 22:00:00,66.0000
07026040,36.240576,-89.217501,2005-06-13 04:00:00,2005-06-14 10:00:00,219.1724,2005-06-13 13:00:00,9.0000
07026040,36.240576,-89.217501,2005-08-27 13:00:00,2005-08-28 06:00:00,211.8100,2005-08-27 20:00:00,7.0000
07026040,36.240576,-89.217501,2005-08-30 12:00:00,2005-09-02 20:00:00,297.3269,2005-08-30 16:00:00,4.0000
07026040,36.240576,-89.217501,2005-09-26 08:00:00,2005-09-26 15:00:00,175.5644,2005-09-26 11:00:00,3.0000
07026040,36.240576,-89.217501,2006-01-17 14:00:00,2006-01-19 15:00:00,240.9764,2006-01-18 01:00:00,11.0000
07026040,36.240576,-89.217501,2006-01-23 03:00:00,2006-01-24 05:00:00,288.8318,2006-01-24 04:00:00,25.0000
07026040,36.240576,-89.217501,2006-01-29 12:00:00,2006-01-30 05:00:00,261.9308,2006-01-30 05:00:00,17.0000
07026040,36.240576,-89.217501,2006-02-02 23:00:00,2006-02-04 05:00:00,262.4972,2006-02-03 23:00:00,24.0000
07026040,36.240576,-89.217501,2006-03-10 00:00:00,2006-03-12 05:00:00,305.8219,2006-03-11 15:00:00,39.0000
07026040,36.240576,-89.217501,2006-03-21 15:00:00,2006-03-22 16:00:00,205.8635,2006-03-21 23:00:00,8.0000
07026040,36.240576,-89.217501,2006-04-22 04:00:00,2006-04-22 14:00:00,177.5466,2006-04-22 08:00:00,4.0000
07026040,36.240576,-89.217501,2006-05-26 12:00:00,2006-05-28 15:00:00,268.7269,2006-05-27 09:00:00,21.0000
07026040,36.240576,-89.217501,2006-06-18 14:00:00,2006-06-20 04:00:00,282.0358,2006-06-20 03:00:00,37.0000
07026040,36.240576,-89.217501,2006-09-22 23:00:00,2006-09-26 04:00:00,291.6635,2006-09-23 15:00:00,16.0000
07026040,36.240576,-89.217501,2006-11-11 16:00:00,2006-11-12 13:00:00,218.8892,2006-11-12 00:00:00,8.0000
07026040,36.240576,-89.217501,2006-11-15 21:00:00,2006-11-19 09:00:00,272.4081,2006-11-17 07:00:00,34.0000
07026040,36.240576,-89.217501,2006-12-22 12:00:00,2006-12-24 03:00:00,248.0556,2006-12-23 00:00:00,12.0000
07026040,36.240576,-89.217501,2006-12-25 20:00:00,2006-12-30 06:00:00,297.3269,2006-12-27 07:00:00,35.0000
07026040,36.240576,-89.217501,2006-12-31 16:00:00,2007-01-01 19:00:00,218.0397,2007-01-01 01:00:00,9.0000
07026040,36.240576,-89.217501,2007-01-06 00:00:00,2007-01-11 23:00:00,280.9031,2007-01-09 08:00:00,80.0000
07026040,36.240576,-89.217501,2007-01-14 02:00:00,2007-01-18 05:00:00,518.1983,2007-01-18 01:00:00,95.0000
07026040,36.240576,-89.217501,2007-01-22 06:00:00,2007-01-23 05:00:00,325.6437,2007-01-22 08:00:00,2.0000
07026040,36.240576,-89.217501,2007-02-14 00:00:00,2007-02-15 05:00:00,223.1368,2007-02-14 11:00:00,11.0000
07026040,36.240576,-89.217501,2007-02-25 11:00:00,2007-02-27 01:00:00,239.8437,2007-02-26 01:00:00,14.0000
07026040,36.240576,-89.217501,2007-04-14 17:00:00,2007-04-16 13:00:00,251.1704,2007-04-15 06:00:00,13.0000
07026040,36.240576,-89.217501,2007-09-11 09:00:00,2007-09-12 03:00:00,232.4813,2007-09-11 16:00:00,7.0000
07026040,36.240576,-89.217501,2007-10-23 20:00:00,2007-10-25 09:00:00,261.9308,2007-10-24 05:00:00,9.0000
07026040,36.240576,-89.217501,2007-11-22 06:00:00,2007-11-23 15:00:00,240.9764,2007-11-22 19:00:00,13.0000
07026040,36.240576,-89.217501,2007-12-13 10:00:00,2007-12-18 05:00:00,495.5448,2007-12-18 05:00:00,115.0000
07026040,36.240576,-89.217501,2008-01-09 13:00:00,2008-01-09 20:00:00,170.1842,2008-01-09 15:00:00,2.0000
07026040,36.240576,-89.217501,2008-01-11 03:00:00,2008-01-14 19:00:00,258.2496,2008-01-12 05:00:00,26.0000
07026040,36.240576,-89.217501,2008-01-29 23:00:00,2008-02-02 19:00:00,248.9051,2008-01-30 14:00:00,15.0000
07026040,36.240576,-89.217501,2008-02-06 08:00:00,2008-02-10 05:00:00,274.3902,2008-02-07 10:00:00,26.0000
07026040,36.240576,-89.217501,2008-02-12 15:00:00,2008-02-14 05:00:00,297.3269,2008-02-14 05:00:00,38.0000
07026040,36.240576,-89.217501,2008-02-22 15:00:00,2008-02-24 21:00:00,253.1526,2008-02-23 09:00:00,18.0000
07026040,36.240576,-89.217501,2008-03-04 03:00:00,2008-03-08 05:00:00,645.6241,2008-03-07 23:00:00,92.0000
07026040,36.240576,-89.217501,2008-03-16 05:00:00,2008-03-17 05:00:00,195.3862,2008-03-16 09:00:00,4.0000
07026040,36.240576,-89.217501,2008-03-19 09:00:00,2008-03-22 04:00:00,373.7824,2008-03-22 03:00:00,66.0000
07026040,36.240576,-89.217501,2008-03-30 20:00:00,2008-04-09 04:00:00,1067.5451,2008-04-08 06:00:00,202.0000
07026040,36.240576,-89.217501,2008-05-03 04:00:00,2008-05-10 12:00:00,319.9804,2008-05-06 05:00:00,73.0000
07026040,36.240576,-89.217501,2008-05-28 03:00:00,2008-05-31 16:00:00,268.7269,2008-05-29 20:00:00,41.0000
07026040,36.240576,-89.217501,2008-12-10 06:00:00,2008-12-11 13:00:00,227.9506,2008-12-10 21:00:00,15.0000
07026040,36.240576,-89.217501,2008-12-24 13:00:00,2008-12-30 05:00:00,365.2873,2008-12-28 22:00:00,105.0000
07026040,36.240576,-89.217501,2009-01-27 22:00:00,2009-02-01 05:00:00,498.3765,2009-01-31 20:00:00,94.0000
07026040,36.240576,-89.217501,2009-02-11 14:00:00,2009-02-13 07:00:00,237.5783,2009-02-12 06:00:00,16.0000
07026040,36.240576,-89.217501,2009-02-27 18:00:00,2009-03-02 14:00:00,222.0041,2009-02-28 03:00:00,9.0000
07026040,36.240576,-89.217501,2009-03-25 16:00:00,2009-03-29 21:00:00,244.3744,2009-03-26 06:00:00,14.0000
07026040,36.240576,-89.217501,2009-04-03 05:00:00,2009-04-05 10:00:00,250.3209,2009-04-03 13:00:00,8.0000
07026040,36.240576,-89.217501,2009-04-20 04:00:00,2009-04-21 06:00:00,216.6239,2009-04-20 13:00:00,9.0000
07026040,36.240576,-89.217501,2009-05-01 12:00:00,2009-05-07 04:00:00,925.9609,2009-05-06 11:00:00,119.0000
07026040,36.240576,-89.217501,2009-05-10 05:00:00,2009-05-12 04:00:00,812.6935,2009-05-10 16:00:00,11.0000
07026040,36.240576,-89.217501,2009-05-27 02:00:00,2009-05-27 18:00:00,190.0060,2009-05-27 09:00:00,7.0000
07026040,36.240576,-89.217501,2009-06-04 07:00:00,2009-06-05 14:00:00,220.3051,2009-06-04 15:00:00,8.0000
07026040,36.240576,-89.217501,2009-07-05 23:00:00,2009-07-06 16:00:00,169.3347,2009-07-06 07:00:00,8.0000
07026040,36.240576,-89.217501,2009-07-31 07:00:00,2009-08-02 20:00:00,259.0991,2009-08-01 03:00:00,20.0000
07026040,36.240576,-89.217501,2009-08-05 12:00:00,2009-08-06 19:00:00,231.9150,2009-08-06 00:00:00,12.0000
07026040,36.240576,-89.217501,2009-10-28 05:00:00,2009-11-05 02:00:00,319.9804,2009-11-01 19:00:00,111.0000
07026040,36.240576,-89.217501,2009-12-09 02:00:00,2009-12-14 21:00:00,305.8219,2009-12-11 06:00:00,52.0000
07026040,36.240576,-89.217501,2009-12-25 12:00:00,2009-12-26 19:00:00,238.1447,2009-12-26 00:00:00,12.0000
07026040,36.240576,-89.217501,2010-01-17 22:00:00,2010-01-18 22:00:00,213.7922,2010-01-18 09:00:00,11.0000
07026040,36.240576,-89.217501,2010-01-20 22:00:00,2010-01-26 11:00:00,286.0002,2010-01-21 13:00:00,15.0000
07026040,36.240576,-89.217501,2010-02-05 15:00:00,2010-02-08 15:00:00,254.8516,2010-02-06 16:00:00,25.0000
07026040,36.240576,-89.217501,2010-03-21 20:00:00,2010-03-30 08:00:00,281.4695,2010-03-23 02:00:00,30.0000
07026040,36.240576,-89.217501,2010-04-08 11:00:00,2010-04-11 04:00:00,255.1348,2010-04-09 09:00:00,22.0000
07026040,36.240576,-89.217501,2010-04-25 13:00:00,2010-04-27 00:00:00,216.9070,2010-04-26 00:00:00,11.0000
07026040,36.240576,-89.217501,2010-05-01 17:00:00,2010-05-06 04:00:00,1432.8324,2010-05-06 03:00:00,106.0000
07026040,36.240576,-89.217501,2010-05-16 05:00:00,2010-05-27 17:00:00,319.9804,2010-05-21 06:00:00,121.0000
07283000,33.973611,-89.347778,1991-02-19 13:00:00,1991-02-20 00:00:00,954.2777,1991-02-19 17:00:00,4.0000
07283000,33.973611,-89.347778,1997-05-03 07:00:00,1997-05-03 10:00:00,920.2975,1997-05-03 08:00:00,1.0000
07283000,33.973611,-89.347778,2001-11-29 22:45:00,2001-11-30 03:15:00,937.2876,2001-11-29 23:45:00,1.0000
07372200,31.754167,-92.344444,1997-12-26 18:00:00,1998-01-03 17:00:00,348.2972,1997-12-29 11:00:00,65.0000
07372200,31.754167,-92.344444,1998-02-25 06:00:00,1998-03-05 21:01:00,331.3071,1998-02-28 17:00:00,83.0000
07372200,31.754167,-92.344444,1998-03-09 20:00:00,1998-03-16 11:01:00,305.8219,1998-03-12 19:00:00,71.0000
07372200,31.754167,-92.344444,1998-03-17 14:00:00,1998-03-24 00:01:00,265.0457,1998-03-21 17:00:00,99.0000
07372200,31.754167,-92.344444,1998-12-15 06:00:00,1998-12-20 08:00:00,362.4556,1998-12-16 12:00:00,30.0000
07372200,31.754167,-92.344444,1999-01-08 06:00:00,1999-01-16 17:00:00,427.5844,1999-01-10 16:00:00,58.0000
07372200,31.754167,-92.344444,1999-01-30 10:00:00,1999-01-31 05:00:00,436.0794,1999-01-31 03:00:00,17.0000
07372200,31.754167,-92.344444,1999-02-01 06:00:00,1999-02-11 09:00:00,2194.5556,1999-02-01 21:00:00,15.0000
07372200,31.754167,-92.344444,2000-04-04 13:00:00,2000-04-14 18:00:00,838.1787,2000-04-06 20:00:00,55.0000
07372200,31.754167,-92.344444,2001-01-22 10:00:00,2001-01-30 08:00:00,348.2972,2001-01-24 16:00:00,54.0000
07372200,31.754167,-92.344444,2001-03-02 17:00:00,2001-03-24 22:00:00,1027.9015,2001-03-06 06:00:00,85.0000
07372200,31.754167,-92.344444,2001-11-30 11:00:00,2001-12-09 23:00:00,501.2082,2001-12-03 05:00:00,66.0000
07372200,31.754167,-92.344444,2001-12-15 17:00:00,2001-12-30 18:00:00,676.7726,2001-12-18 22:00:00,77.0000
07372200,31.754167,-92.344444,2002-02-02 00:00:00,2002-02-04 03:00:00,248.9051,2002-02-02 23:00:00,23.0000
07372200,31.754167,-92.344444,2002-04-10 07:00:00,2002-04-18 20:00:00,342.6338,2002-04-13 05:00:00,70.0000
07372200,31.754167,-92.344444,2002-11-07 06:00:00,2002-11-10 05:00:00,342.6338,2002-11-09 18:00:00,60.0000
07372200,31.754167,-92.344444,2004-02-08 17:00:00,2004-03-05 01:00:00,436.0794,2004-02-15 18:00:00,169.0000
07372200,31.754167,-92.344444,2004-05-19 05:00:00,2004-05-20 04:00:00,276.0893,2004-05-20 04:00:00,23.0000
07372200,31.754167,-92.344444,2004-06-27 09:00:00,2004-07-09 04:00:00,365.2873,2004-07-02 20:00:00,131.0000
07372200,31.754167,-92.344444,2005-02-13 17:00:00,2005-02-20 01:00:00,334.1388,2005-02-15 22:00:00,53.0000
07372200,31.754167,-92.344444,2006-03-24 20:00:00,2006-03-31 06:00:00,297.3269,2006-03-26 20:00:00,48.0000
07372200,31.754167,-92.344444,2008-09-04 23:00:00,2008-09-10 14:00:00,325.6437,2008-09-06 18:00:00,43.0000
07372200,31.754167,-92.344444,2009-10-31 19:00:00,2009-11-11 04:00:00,682.4360,2009-11-04 15:00:00,93.0000
07372200,31.754167,-92.344444,2012-02-08 06:15:00,2012-02-15 07:30:00,308.6536,2012-02-11 02:15:00,68.0000
07372200,31.754167,-92.344444,2012-02-20 10:15:00,2012-02-26 15:45:00,271.2754,2012-02-23 09:45:00,71.5000
07372200,31.754167,-92.344444,2013-01-11 14:30:00,2013-01-24 17:45:00,489.8814,2013-01-14 01:45:00,59.2500
07372200,31.754167,-92.344444,2013-02-15 19:30:00,2013-02-19 06:45:00,251.7368,2013-02-17 07:00:00,35.5000
07372200,31.754167,-92.344444,2015-01-07 05:15:00,2015-01-14 10:00:00,311.4853,2015-01-09 19:45:00,62.5000
07372200,31.754167,-92.344444,2015-03-18 05:00:00,2015-03-19 23:15:00,235.8793,2015-03-19 01:00:00,20.0000
07372200,31.754167,-92.344444,2015-03-22 07:45:00,2015-03-23 14:30:00,234.7467,2015-03-22 15:00:00,7.2500
07372200,31.754167,-92.344444,2015-05-21 05:45:00,2015-06-06 09:00:00,487.0498,2015-05-24 10:45:00,77.0000
07372200,31.754167,-92.344444,2016-03-10 17:30:00,2016-03-23 14:00:00,3794.4574,2016-03-13 01:30:00,56.0000
