GaugeID, Lat, Lon, Start Time (UTC), End Time (UTC), Peak Q (cms), Peak Time (UTC), Delta Time (h)
07329780,34.431667,-97.146944,2004-10-31 17:20:00,2004-11-02 02:40:00,9.1463,2004-10-31 18:30:00,1.1667
07329780,34.431667,-97.146944,2004-11-03 08:40:00,2004-11-04 05:00:00,4.2192,2004-11-03 15:10:00,6.5000
07329780,34.431667,-97.146944,2004-11-17 19:10:00,2004-11-19 03:30:00,10.0242,2004-11-18 00:30:00,5.3333
07329780,34.431667,-97.146944,2005-01-03 08:20:00,2005-01-06 22:30:00,11.0719,2005-01-03 13:00:00,4.6667
07329780,34.431667,-97.146944,2005-08-15 05:10:00,2005-08-18 00:40:00,53.5188,2005-08-15 10:10:00,5.0000
07329780,34.431667,-97.146944,2006-03-19 05:30:00,2006-03-21 02:00:00,15.4610,2006-03-19 10:20:00,4.8333
07329780,34.431667,-97.146944,2006-05-06 04:40:00,2006-05-07 19:20:00,18.9440,2006-05-06 09:40:00,5.0000
07329780,34.431667,-97.146944,2006-10-15 18:20:00,2006-10-16 19:20:00,10.9586,2006-10-16 04:10:00,9.8333
07329780,34.431667,-97.146944,2006-11-06 06:30:00,2006-11-06 12:40:00,3.9644,2006-11-06 07:10:00,0.6667
07329780,34.431667,-97.146944,2006-12-30 06:30:00,2006-12-31 05:50:00,8.9198,2006-12-30 11:10:00,4.6667
07329780,34.431667,-97.146944,2007-01-20 20:50:00,2007-01-22 15:50:00,8.9198,2007-01-21 03:20:00,6.5000
07329780,34.431667,-97.146944,2007-03-30 20:40:00,2007-04-01 22:00:00,45.8733,2007-03-31 01:10:00,4.5000
07329780,34.431667,-97.146944,2007-05-07 17:10:00,2007-05-11 21:00:00,21.9172,2007-05-07 19:00:00,1.8333
07329780,34.431667,-97.146944,2007-05-27 09:00:00,2007-06-01 00:10:00,47.8555,2007-05-27 13:00:00,4.0000
07329780,34.431667,-97.146944,2007-06-14 11:10:00,2007-06-14 20:20:00,9.6844,2007-06-14 12:50:00,1.6667
07329780,34.431667,-97.146944,2007-06-25 22:30:00,2007-07-03 16:50:00,48.7050,2007-07-01 12:50:00,134.3333
07329780,34.431667,-97.146944,2007-07-10 10:40:00,2007-07-11 14:00:00,39.3604,2007-07-10 12:30:00,1.8333
07329780,34.431667,-97.146944,2007-07-13 11:40:00,2007-07-14 17:40:00,5.1253,2007-07-13 19:10:00,7.5000
07329780,34.431667,-97.146944,2007-07-31 23:10:00,2007-07-31 23:40:00,3.9644,2007-07-31 23:20:00,0.1667
07329780,34.431667,-97.146944,2009-04-29 15:50:00,2009-05-01 19:20:00,50.9703,2009-04-30 05:20:00,13.5000
07329780,34.431667,-97.146944,2009-05-07 05:00:00,2009-05-17 14:20:00,19.1139,2009-05-11 16:20:00,107.3333
07329780,34.431667,-97.146944,2009-06-03 08:00:00,2009-06-04 03:50:00,21.7190,2009-06-03 09:50:00,1.8333
07329780,34.431667,-97.146944,2009-09-17 08:40:00,2009-09-17 17:20:00,4.4457,2009-09-17 10:40:00,2.0000
07329780,34.431667,-97.146944,2009-10-06 12:40:00,2009-10-07 04:40:00,7.7871,2009-10-06 17:00:00,4.3333
07329780,34.431667,-97.146944,2009-10-09 02:40:00,2009-10-11 04:10:00,31.7149,2009-10-09 04:30:00,1.8333
07329780,34.431667,-97.146944,2009-10-22 04:10:00,2009-10-23 17:40:00,14.4133,2009-10-22 08:00:00,3.8333
07329780,34.431667,-97.146944,2010-03-09 01:40:00,2010-03-09 14:00:00,5.2103,2010-03-09 03:20:00,1.6667
07329780,34.431667,-97.146944,2010-04-18 14:30:00,2010-04-19 10:40:00,6.2580,2010-04-18 17:30:00,3.0000
07329780,34.431667,-97.146944,2010-05-14 18:00:00,2010-05-15 19:30:00,9.2313,2010-05-14 23:20:00,5.3333
07329780,34.431667,-97.146944,2010-06-15 05:20:00,2010-06-15 21:20:00,9.9392,2010-06-15 06:30:00,1.1667
07329780,34.431667,-97.146944,2010-09-08 20:30:00,2010-09-09 07:40:00,6.4562,2010-09-09 01:20:00,4.8333
07329780,34.431667,-97.146944,2011-11-08 06:00:00,2011-11-09 12:50:00,9.7127,2011-11-08 15:50:00,9.8333
07329780,34.431667,-97.146944,2012-01-25 12:50:00,2012-01-26 02:10:00,3.9644,2012-01-25 14:50:00,2.0000
07329780,34.431667,-97.146944,2012-03-11 12:20:00,2012-03-12 06:00:00,5.4935,2012-03-11 15:10:00,2.8333
07329780,34.431667,-97.146944,2012-03-20 06:20:00,2012-03-21 17:20:00,10.3073,2012-03-20 16:10:00,9.8333
07329780,34.431667,-97.146944,2012-03-22 21:20:00,2012-03-23 19:00:00,4.6156,2012-03-23 01:40:00,4.3333
07329780,34.431667,-97.146944,2012-04-04 01:30:00,2012-04-04 06:30:00,3.4547,2012-04-04 02:20:00,0.8333
07329780,34.431667,-97.146944,2012-04-08 07:10:00,2012-04-10 16:00:00,35.9624,2012-04-08 18:20:00,11.1667
07329780,34.431667,-97.146944,2013-05-21 14:20:00,2013-05-24 06:20:00,19.6236,2013-05-21 20:10:00,5.8333
07329780,34.431667,-97.146944,2013-06-05 14:20:00,2013-06-07 16:20:00,7.9004,2013-06-06 17:10:00,26.8333
07329780,34.431667,-97.146944,2014-06-23 10:30:00,2014-06-24 04:10:00,10.3073,2014-06-23 14:30:00,4.0000
07329780,34.431667,-97.146944,2014-11-23 00:10:00,2014-11-23 10:20:00,4.7006,2014-11-23 05:00:00,4.8333
07329780,34.431667,-97.146944,2015-04-28 03:30:00,2015-04-28 16:50:00,5.3236,2015-04-28 06:20:00,2.8333
07329780,34.431667,-97.146944,2015-05-06 07:00:00,2015-05-11 04:30:00,25.4852,2015-05-08 02:00:00,43.0000
07329780,34.431667,-97.146944,2015-05-17 05:00:00,2015-05-19 01:20:00,39.3604,2015-05-17 05:40:00,0.6667
07329780,34.431667,-97.146944,2015-05-20 05:20:00,2015-05-29 04:50:00,63.7129,2015-05-20 08:00:00,2.6667
07329780,34.431667,-97.146944,2015-07-03 13:40:00,2015-07-03 15:20:00,4.6156,2015-07-03 14:00:00,0.3333
07329780,34.431667,-97.146944,2015-11-27 12:00:00,2015-12-01 08:20:00,23.3897,2015-11-27 19:00:00,7.0000
07329780,34.431667,-97.146944,2015-12-27 04:00:00,2015-12-31 05:50:00,29.4495,2015-12-28 09:50:00,29.8333
07329780,34.431667,-97.146944,2016-03-08 02:50:00,2016-03-09 12:20:00,6.6545,2016-03-08 21:30:00,18.6667
07329780,34.431667,-97.146944,2016-04-17 17:50:00,2016-04-21 19:30:00,79.5703,2016-04-18 05:20:00,11.5000
07061270,37.552501,-90.842224,2003-11-18 11:45:00,2003-11-18 15:15:00,105.9050,2003-11-18 12:45:00,1.0000
07061270,37.552501,-90.842224,2005-11-28 06:30:00,2005-11-28 10:45:00,144.4159,2005-11-28 08:00:00,1.5000
07061270,37.552501,-90.842224,2006-12-01 01:15:00,2006-12-01 11:00:00,172.7328,2006-12-01 05:15:00,4.0000
07061270,37.552501,-90.842224,2007-02-13 19:00:00,2007-02-13 21:15:00,82.4020,2007-02-13 20:00:00,1.0000
07061270,37.552501,-90.842224,2007-09-08 15:45:00,2007-09-08 18:30:00,156.8753,2007-09-08 16:45:00,1.0000
07061270,37.552501,-90.842224,2008-02-17 10:00:00,2008-02-17 15:15:00,123.7446,2008-02-17 12:00:00,2.0000
07061270,37.552501,-90.842224,2008-03-18 15:15:00,2008-03-19 17:30:00,234.4635,2008-03-18 23:15:00,8.0000
07061270,37.552501,-90.842224,2008-04-10 12:00:00,2008-04-11 00:15:00,370.9507,2008-04-10 16:45:00,4.7500
07061270,37.552501,-90.842224,2008-12-27 23:45:00,2008-12-28 03:30:00,120.3466,2008-12-28 01:00:00,1.2500
07061270,37.552501,-90.842224,2009-05-08 19:00:00,2009-05-08 23:00:00,179.5288,2009-05-08 20:15:00,1.2500
07061270,37.552501,-90.842224,2009-10-23 05:30:00,2009-10-23 10:45:00,164.8040,2009-10-23 07:30:00,2.0000
07061270,37.552501,-90.842224,2009-10-30 07:15:00,2009-10-30 23:15:00,461.5646,2009-10-30 11:00:00,3.7500
07061270,37.552501,-90.842224,2009-12-25 02:30:00,2009-12-25 03:45:00,81.8357,2009-12-25 03:15:00,0.7500
07061270,37.552501,-90.842224,2011-03-05 09:15:00,2011-03-05 11:45:00,93.4456,2011-03-05 10:00:00,0.7500
07061270,37.552501,-90.842224,2011-04-23 06:45:00,2011-04-28 03:15:00,328.4754,2011-04-23 10:00:00,3.2500
07061270,37.552501,-90.842224,2012-03-16 07:45:00,2012-03-16 10:45:00,96.8436,2012-03-16 08:45:00,1.0000
07061270,37.552501,-90.842224,2013-01-13 03:45:00,2013-01-13 10:45:00,163.1050,2013-01-13 06:45:00,3.0000
07061270,37.552501,-90.842224,2013-01-30 05:15:00,2013-01-30 08:45:00,95.9941,2013-01-30 06:45:00,1.5000
07061270,37.552501,-90.842224,2013-03-18 04:45:00,2013-03-18 09:45:00,127.1426,2013-03-18 06:45:00,2.0000
07061270,37.552501,-90.842224,2013-04-18 18:15:00,2013-04-19 02:45:00,179.8120,2013-04-18 20:15:00,2.0000
07061270,37.552501,-90.842224,2013-05-03 19:30:00,2013-05-04 04:45:00,117.5149,2013-05-04 01:00:00,5.5000
07061270,37.552501,-90.842224,2013-05-31 08:30:00,2013-06-01 10:15:00,136.4872,2013-05-31 10:00:00,1.5000
07061270,37.552501,-90.842224,2013-08-09 19:30:00,2013-08-09 20:15:00,83.2515,2013-08-09 19:45:00,0.2500
07061270,37.552501,-90.842224,2013-12-21 14:15:00,2013-12-21 16:30:00,80.9862,2013-12-21 15:00:00,0.7500
07061270,37.552501,-90.842224,2015-06-19 13:45:00,2015-06-20 06:00:00,143.2832,2015-06-20 00:15:00,10.5000
07061270,37.552501,-90.842224,2015-07-10 09:45:00,2015-07-10 14:30:00,138.1862,2015-07-10 11:45:00,2.0000
07061270,37.552501,-90.842224,2015-08-10 10:15:00,2015-08-10 11:00:00,82.4020,2015-08-10 10:30:00,0.2500
07061270,37.552501,-90.842224,2015-11-18 02:30:00,2015-11-18 11:30:00,182.0773,2015-11-18 05:45:00,3.2500
07061270,37.552501,-90.842224,2015-12-23 17:00:00,2015-12-23 22:15:00,99.9585,2015-12-23 19:45:00,2.7500
07061270,37.552501,-90.842224,2015-12-27 17:00:00,2015-12-29 03:15:00,302.9903,2015-12-28 17:30:00,24.5000
07061270,37.552501,-90.842224,2016-05-12 07:15:00,2016-05-12 21:30:00,150.3625,2016-05-12 10:30:00,3.2500
07061270,37.552501,-90.842224,2016-05-17 22:00:00,2016-05-18 01:00:00,89.1981,2016-05-17 23:30:00,1.5000
07061270,37.552501,-90.842224,2016-05-27 14:00:00,2016-05-28 02:30:00,114.1169,2016-05-27 15:45:00,1.7500
07156900,37.011111,-100.491389,1995-05-07 20:00:00,1995-05-08 03:15:00,7.7305,1995-05-08 00:15:00,4.2500
07156900,37.011111,-100.491389,1997-06-17 02:15:00,1997-06-17 07:45:00,28.0903,1997-06-17 03:45:00,1.5000
07156900,37.011111,-100.491389,1999-05-07 04:00:00,1999-05-09 06:00:00,39.0772,1999-05-07 07:00:00,3.0000
07156900,37.011111,-100.491389,1999-06-12 21:30:00,1999-06-14 18:00:00,11.8364,1999-06-13 01:00:00,3.5000
07156900,37.011111,-100.491389,2003-05-16 20:00:00,2003-05-18 05:45:00,83.2515,2003-05-16 22:00:00,2.0000
07156900,37.011111,-100.491389,2004-04-20 07:30:00,2004-04-21 00:00:00,65.1287,2004-04-20 11:30:00,4.0000
07156900,37.011111,-100.491389,2010-05-26 18:30:00,2010-05-27 06:30:00,35.6792,2010-05-26 21:00:00,2.5000
07156900,37.011111,-100.491389,2011-06-12 15:00:00,2011-06-12 18:00:00,8.4667,2011-06-12 16:30:00,1.5000
07156900,37.011111,-100.491389,2013-08-17 19:00:00,2013-08-17 23:00:00,10.7321,2013-08-17 20:00:00,1.0000
07156900,37.011111,-100.491389,2013-09-28 18:30:00,2013-09-28 19:30:00,7.5323,2013-09-28 19:00:00,0.5000
07052100,37.168335,-93.370278,1998-09-14 14:50:00,1998-09-14 16:30:00,35.9624,1998-09-14 15:55:00,1.0833
07052100,37.168335,-93.370278,1998-10-18 05:15:00,1998-10-18 05:35:00,23.7578,1998-10-18 05:30:00,0.2500
07052100,37.168335,-93.370278,1999-04-14 13:00:00,1999-04-14 16:00:00,44.1743,1999-04-14 15:00:00,2.0000
07052100,37.168335,-93.370278,1999-04-25 17:00:00,1999-04-25 23:00:00,39.9268,1999-04-25 19:00:00,2.0000
07052100,37.168335,-93.370278,1999-05-04 12:00:00,1999-05-04 23:00:00,62.8634,1999-05-04 15:00:00,3.0000
07052100,37.168335,-93.370278,1999-12-04 23:00:00,1999-12-05 02:00:00,27.0143,1999-12-05 02:00:00,3.0000
07052100,37.168335,-93.370278,1999-12-10 05:00:00,1999-12-10 06:00:00,29.7327,1999-12-10 06:00:00,1.0000
07052100,37.168335,-93.370278,2000-06-05 03:35:00,2000-06-05 04:30:00,27.4957,2000-06-05 04:05:00,0.5000
07052100,37.168335,-93.370278,2000-06-21 05:30:00,2000-06-21 08:00:00,42.7584,2000-06-21 06:40:00,1.1667
07052100,37.168335,-93.370278,2000-07-03 22:40:00,2000-07-04 00:45:00,37.9446,2000-07-04 00:05:00,1.4167
07052100,37.168335,-93.370278,2000-07-23 00:00:00,2000-07-23 01:00:00,41.3426,2000-07-23 00:30:00,0.5000
07052100,37.168335,-93.370278,2000-07-29 00:00:00,2000-07-29 02:00:00,39.3604,2000-07-29 01:00:00,1.0000
07052100,37.168335,-93.370278,2001-02-24 09:00:00,2001-02-25 02:35:00,46.4396,2001-02-25 00:05:00,15.0833
07052100,37.168335,-93.370278,2001-06-21 10:50:00,2001-06-21 11:20:00,23.1915,2001-06-21 10:55:00,0.0833
07052100,37.168335,-93.370278,2001-07-05 13:10:00,2001-07-05 14:00:00,24.2109,2001-07-05 13:40:00,0.5000
07052100,37.168335,-93.370278,2001-07-28 15:35:00,2001-07-29 14:50:00,31.9980,2001-07-29 14:15:00,22.6667
07052100,37.168335,-93.370278,2001-09-09 00:55:00,2001-09-09 02:05:00,26.5612,2001-09-09 01:30:00,0.5833
07052100,37.168335,-93.370278,2001-10-23 14:40:00,2001-10-23 16:00:00,31.4317,2001-10-23 15:15:00,0.5833
07052100,37.168335,-93.370278,2002-01-31 19:40:00,2002-01-31 21:05:00,25.4285,2002-01-31 20:20:00,0.6667
07052100,37.168335,-93.370278,2002-03-25 08:05:00,2002-03-25 10:50:00,44.1743,2002-03-25 09:40:00,1.5833
07052100,37.168335,-93.370278,2002-04-20 16:00:00,2002-04-20 22:00:00,44.4574,2002-04-20 21:00:00,5.0000
07052100,37.168335,-93.370278,2002-05-08 03:00:00,2002-05-09 13:00:00,124.0278,2002-05-08 09:00:00,6.0000
07052100,37.168335,-93.370278,2002-05-13 04:35:00,2002-05-13 07:00:00,30.8654,2002-05-13 06:00:00,1.4167
07052100,37.168335,-93.370278,2002-05-17 09:00:00,2002-05-17 19:37:00,38.5109,2002-05-17 17:00:00,8.0000
07052100,37.168335,-93.370278,2002-08-17 22:05:00,2002-08-17 23:00:00,25.5418,2002-08-17 22:30:00,0.4167
07052100,37.168335,-93.370278,2002-12-31 00:46:00,2002-12-31 01:04:00,34.5466,2002-12-31 01:00:00,0.2333
07052100,37.168335,-93.370278,2003-05-01 13:36:00,2003-05-01 15:51:00,38.5109,2003-05-01 15:00:00,1.4000
07052100,37.168335,-93.370278,2003-06-11 04:00:00,2003-06-11 04:22:00,27.9770,2003-06-11 04:22:00,0.3667
07052100,37.168335,-93.370278,2003-06-13 02:31:00,2003-06-13 03:00:00,26.2214,2003-06-13 03:00:00,0.4833
07052100,37.168335,-93.370278,2003-06-30 21:56:00,2003-07-01 00:44:00,52.9525,2003-06-30 23:00:00,1.0667
07052100,37.168335,-93.370278,2003-07-12 13:17:00,2003-07-12 15:00:00,30.8654,2003-07-12 14:00:00,0.7167
07052100,37.168335,-93.370278,2003-08-01 00:00:00,2003-08-01 01:00:00,32.8475,2003-08-01 01:00:00,1.0000
07052100,37.168335,-93.370278,2003-08-02 12:33:00,2003-08-02 19:34:00,51.5367,2003-08-02 14:00:00,1.4500
07052100,37.168335,-93.370278,2003-08-28 00:00:00,2003-08-28 00:23:00,27.8355,2003-08-28 00:23:00,0.3833
07052100,37.168335,-93.370278,2003-08-30 16:00:00,2003-08-30 17:00:00,28.2036,2003-08-30 16:41:00,0.6833
07052100,37.168335,-93.370278,2004-03-04 01:30:00,2004-03-05 05:38:00,33.9802,2004-03-05 04:00:00,26.5000
07052100,37.168335,-93.370278,2004-04-24 11:30:00,2004-04-24 16:30:00,32.5644,2004-04-24 12:45:00,1.2500
07052100,37.168335,-93.370278,2004-06-13 09:15:00,2004-06-13 13:00:00,43.3248,2004-06-13 11:15:00,2.0000
07052100,37.168335,-93.370278,2004-06-17 03:00:00,2004-06-17 04:45:00,35.3961,2004-06-17 04:00:00,1.0000
07052100,37.168335,-93.370278,2004-07-03 08:00:00,2004-07-03 08:45:00,25.7683,2004-07-03 08:15:00,0.2500
07052100,37.168335,-93.370278,2004-07-16 16:00:00,2004-07-16 16:45:00,26.9010,2004-07-16 16:15:00,0.2500
07052100,37.168335,-93.370278,2004-07-25 01:30:00,2004-07-25 02:15:00,28.2036,2004-07-25 01:45:00,0.2500
07052100,37.168335,-93.370278,2004-07-30 03:15:00,2004-07-30 13:30:00,47.8555,2004-07-30 05:15:00,2.0000
07052100,37.168335,-93.370278,2005-08-22 01:00:00,2005-08-22 04:00:00,44.7406,2005-08-22 03:15:00,2.2500
07052100,37.168335,-93.370278,2005-09-14 07:00:00,2005-09-14 08:30:00,30.2990,2005-09-14 07:45:00,0.7500
07052100,37.168335,-93.370278,2005-09-15 09:15:00,2005-09-15 18:00:00,79.8535,2005-09-15 16:15:00,7.0000
07052100,37.168335,-93.370278,2006-04-29 11:30:00,2006-04-30 02:30:00,23.5313,2006-04-30 02:15:00,14.7500
07052100,37.168335,-93.370278,2006-05-04 04:45:00,2006-05-04 05:30:00,29.7327,2006-05-04 05:00:00,0.2500
07052100,37.168335,-93.370278,2006-05-10 09:15:00,2006-05-10 21:00:00,41.9089,2006-05-10 10:45:00,1.5000
07052100,37.168335,-93.370278,2006-09-17 18:15:00,2006-09-17 21:30:00,46.7228,2006-09-17 20:30:00,2.2500
07052100,37.168335,-93.370278,2006-11-30 09:00:00,2006-11-30 16:15:00,32.5644,2006-11-30 15:00:00,6.0000
07052100,37.168335,-93.370278,2007-01-13 04:15:00,2007-01-13 09:00:00,40.7763,2007-01-13 07:00:00,2.7500
07052100,37.168335,-93.370278,2007-04-25 04:15:00,2007-04-25 07:00:00,38.5109,2007-04-25 05:15:00,1.0000
07052100,37.168335,-93.370278,2007-05-11 02:45:00,2007-05-11 03:00:00,23.3048,2007-05-11 03:00:00,0.2500
07052100,37.168335,-93.370278,2007-06-11 13:00:00,2007-06-11 20:00:00,54.3683,2007-06-11 18:45:00,5.7500
07052100,37.168335,-93.370278,2007-06-30 00:00:00,2007-06-30 02:15:00,41.6258,2007-06-30 01:15:00,1.2500
07052100,37.168335,-93.370278,2007-08-20 12:45:00,2007-08-20 14:30:00,25.6551,2007-08-20 13:45:00,1.0000
07052100,37.168335,-93.370278,2007-09-06 12:45:00,2007-09-06 15:45:00,44.1743,2007-09-06 15:00:00,2.2500
07052100,37.168335,-93.370278,2007-09-08 12:15:00,2007-09-08 15:45:00,42.1921,2007-09-08 14:15:00,2.0000
07052100,37.168335,-93.370278,2008-01-08 03:15:00,2008-01-08 15:00:00,67.1109,2008-01-08 10:30:00,7.2500
07052100,37.168335,-93.370278,2008-02-05 22:15:00,2008-02-06 01:00:00,37.0951,2008-02-05 23:30:00,1.2500
07052100,37.168335,-93.370278,2008-02-17 03:15:00,2008-02-17 11:00:00,59.1822,2008-02-17 06:30:00,3.2500
07052100,37.168335,-93.370278,2008-03-03 09:15:00,2008-03-03 12:00:00,32.8475,2008-03-03 10:15:00,1.0000
07052100,37.168335,-93.370278,2008-03-18 06:15:00,2008-03-19 16:00:00,110.1525,2008-03-19 06:00:00,23.7500
07052100,37.168335,-93.370278,2008-04-10 05:15:00,2008-04-10 21:00:00,98.8258,2008-04-10 16:30:00,11.2500
07052100,37.168335,-93.370278,2008-06-13 16:15:00,2008-06-14 06:15:00,181.5110,2008-06-13 21:15:00,5.0000
07052100,37.168335,-93.370278,2008-06-20 04:15:00,2008-06-20 16:15:00,73.3406,2008-06-20 06:15:00,2.0000
07052100,37.168335,-93.370278,2008-06-21 23:15:00,2008-06-22 01:15:00,46.1565,2008-06-22 00:15:00,1.0000
07052100,37.168335,-93.370278,2008-06-28 19:15:00,2008-06-28 20:15:00,30.2990,2008-06-28 20:15:00,1.0000
07052100,37.168335,-93.370278,2008-09-04 05:00:00,2008-09-04 08:15:00,30.8654,2008-09-04 07:15:00,2.2500
07052100,37.168335,-93.370278,2008-09-14 07:15:00,2008-09-14 16:15:00,129.9743,2008-09-14 12:15:00,5.0000
07052100,37.168335,-93.370278,2008-12-27 18:45:00,2008-12-27 21:45:00,37.3782,2008-12-27 20:15:00,1.5000
07052100,37.168335,-93.370278,2009-05-01 07:30:00,2009-05-02 00:30:00,132.5228,2009-05-01 10:45:00,3.2500
07052100,37.168335,-93.370278,2009-05-08 16:15:00,2009-05-08 16:45:00,23.6446,2009-05-08 16:30:00,0.2500
07052100,37.168335,-93.370278,2009-05-23 19:15:00,2009-05-23 22:00:00,52.1030,2009-05-23 21:15:00,2.0000
07052100,37.168335,-93.370278,2009-06-16 15:00:00,2009-06-16 17:15:00,38.7941,2009-06-16 16:00:00,1.0000
07052100,37.168335,-93.370278,2009-08-10 20:00:00,2009-08-10 23:30:00,52.1030,2009-08-10 22:00:00,2.0000
07052100,37.168335,-93.370278,2009-09-22 01:30:00,2009-09-22 03:00:00,31.7149,2009-09-22 02:15:00,0.7500
07052100,37.168335,-93.370278,2009-10-08 21:30:00,2009-10-09 18:15:00,103.6397,2009-10-09 04:00:00,6.5000
07052100,37.168335,-93.370278,2009-10-30 03:00:00,2009-10-30 08:30:00,72.7743,2009-10-30 05:45:00,2.7500
07052100,37.168335,-93.370278,2010-06-20 01:30:00,2010-06-20 03:45:00,47.0060,2010-06-20 03:00:00,1.5000
07052100,37.168335,-93.370278,2010-07-12 03:15:00,2010-07-12 09:45:00,72.7743,2010-07-12 06:00:00,2.7500
07052100,37.168335,-93.370278,2010-09-01 16:30:00,2010-09-03 06:30:00,109.5862,2010-09-02 01:30:00,9.0000
07052100,37.168335,-93.370278,2010-09-16 06:30:00,2010-09-16 08:30:00,37.3782,2010-09-16 07:30:00,1.0000
07052100,37.168335,-93.370278,2010-11-25 06:00:00,2010-11-25 12:00:00,71.6416,2010-11-25 09:15:00,3.2500
07052100,37.168335,-93.370278,2011-03-14 10:45:00,2011-03-14 11:45:00,25.3153,2011-03-14 11:15:00,0.5000
07052100,37.168335,-93.370278,2011-04-25 04:00:00,2011-04-26 07:45:00,105.0555,2011-04-26 01:45:00,21.7500
07052100,37.168335,-93.370278,2011-05-02 01:00:00,2011-05-02 04:00:00,41.0594,2011-05-02 02:30:00,1.5000
07052100,37.168335,-93.370278,2011-05-20 21:15:00,2011-05-20 22:00:00,24.4091,2011-05-20 22:00:00,0.7500
07052100,37.168335,-93.370278,2011-11-07 10:45:00,2011-11-07 14:00:00,38.7941,2011-11-07 13:00:00,2.2500
07052100,37.168335,-93.370278,2012-04-15 22:30:00,2012-04-15 23:00:00,24.8622,2012-04-15 22:45:00,0.2500
07052100,37.168335,-93.370278,2012-05-31 11:00:00,2012-05-31 12:45:00,33.1307,2012-05-31 12:00:00,1.0000
07052100,37.168335,-93.370278,2012-09-15 16:30:00,2012-09-15 19:30:00,40.7763,2012-09-15 18:30:00,2.0000
07052100,37.168335,-93.370278,2012-10-14 05:00:00,2012-10-14 10:30:00,97.4100,2012-10-14 08:15:00,3.2500
07052100,37.168335,-93.370278,2013-01-29 22:00:00,2013-01-30 01:30:00,40.4931,2013-01-29 23:45:00,1.7500
07052100,37.168335,-93.370278,2013-04-11 01:00:00,2013-04-11 02:00:00,28.8832,2013-04-11 01:30:00,0.5000
07052100,37.168335,-93.370278,2013-05-21 03:00:00,2013-05-21 04:15:00,29.1664,2013-05-21 03:30:00,0.5000
07052100,37.168335,-93.370278,2013-05-31 01:15:00,2013-06-01 14:30:00,107.8872,2013-05-31 05:00:00,3.7500
07052100,37.168335,-93.370278,2013-06-15 19:45:00,2013-06-15 21:00:00,26.7877,2013-06-15 20:45:00,1.0000
07052100,37.168335,-93.370278,2013-07-30 08:30:00,2013-07-30 15:15:00,84.9505,2013-07-30 13:15:00,4.7500
07052100,37.168335,-93.370278,2013-08-03 12:00:00,2013-08-03 14:15:00,38.5109,2013-08-03 13:15:00,1.2500
07052100,37.168335,-93.370278,2013-08-04 18:00:00,2013-08-04 21:30:00,50.1208,2013-08-04 19:45:00,1.7500
07052100,37.168335,-93.370278,2013-10-29 14:00:00,2013-10-29 17:00:00,45.8733,2013-10-29 16:15:00,2.2500
07052100,37.168335,-93.370278,2014-06-05 17:45:00,2014-06-05 20:30:00,41.6258,2014-06-05 19:45:00,2.0000
07052100,37.168335,-93.370278,2014-07-08 13:45:00,2014-07-08 15:30:00,32.8475,2014-07-08 14:45:00,1.0000
07052100,37.168335,-93.370278,2014-09-17 16:00:00,2014-09-17 23:30:00,74.1901,2014-09-17 22:15:00,6.2500
07052100,37.168335,-93.370278,2014-10-10 16:00:00,2014-10-10 17:00:00,24.1826,2014-10-10 16:30:00,0.5000
07052100,37.168335,-93.370278,2014-10-13 15:00:00,2014-10-13 15:15:00,23.1065,2014-10-13 15:15:00,0.2500
07052100,37.168335,-93.370278,2015-06-17 05:45:00,2015-06-17 06:30:00,25.7683,2015-06-17 06:15:00,0.5000
07052100,37.168335,-93.370278,2015-06-19 03:00:00,2015-06-19 12:45:00,92.3129,2015-06-19 07:15:00,4.2500
07052100,37.168335,-93.370278,2015-07-02 09:15:00,2015-07-02 14:00:00,71.0753,2015-07-02 12:45:00,3.5000
07052100,37.168335,-93.370278,2015-07-03 17:00:00,2015-07-03 17:30:00,24.0693,2015-07-03 17:15:00,0.2500
07052100,37.168335,-93.370278,2015-07-05 23:45:00,2015-07-06 01:45:00,37.6614,2015-07-06 00:30:00,0.7500
07052100,37.168335,-93.370278,2015-07-07 12:00:00,2015-07-07 12:45:00,26.4479,2015-07-07 12:30:00,0.5000
07052100,37.168335,-93.370278,2015-07-10 02:00:00,2015-07-10 04:45:00,54.3683,2015-07-10 04:15:00,2.2500
07052100,37.168335,-93.370278,2015-07-23 14:15:00,2015-07-23 17:00:00,39.6436,2015-07-23 16:15:00,2.0000
07052100,37.168335,-93.370278,2015-08-05 18:15:00,2015-08-05 19:15:00,29.7327,2015-08-05 18:45:00,0.5000
07052100,37.168335,-93.370278,2015-09-08 20:15:00,2015-09-08 21:30:00,31.4317,2015-09-08 20:45:00,0.5000
07052100,37.168335,-93.370278,2015-11-17 17:45:00,2015-11-18 00:30:00,59.4654,2015-11-17 21:45:00,4.0000
07052100,37.168335,-93.370278,2015-12-27 00:15:00,2015-12-28 23:00:00,190.0060,2015-12-27 04:15:00,4.0000
07052100,37.168335,-93.370278,2016-03-14 02:30:00,2016-03-14 09:45:00,85.5169,2016-03-14 06:30:00,4.0000
07052100,37.168335,-93.370278,2016-05-17 10:45:00,2016-05-17 16:15:00,37.3782,2016-05-17 14:15:00,3.5000
07207000,36.519722,-104.978611,1995-06-03 21:00:00,1995-06-03 22:15:00,25.2586,1995-06-03 21:15:00,0.2500
07207000,36.519722,-104.978611,1999-04-30 13:30:00,1999-04-30 16:45:00,26.1081,1999-04-30 16:00:00,2.5000
07207000,36.519722,-104.978611,2015-06-27 11:15:00,2015-06-27 12:15:00,44.4574,2015-06-27 11:30:00,0.2500
07216500,35.890833,-105.163056,1994-05-20 01:30:00,1994-05-20 03:00:00,174.9981,1994-05-20 02:00:00,0.5000
07061300,37.450001,-90.826946,2007-04-14 15:00:00,2007-04-15 01:15:00,66.8278,2007-04-14 17:45:00,2.7500
07061300,37.450001,-90.826946,2007-05-03 23:15:00,2007-05-04 10:00:00,76.4555,2007-05-04 02:45:00,3.5000
07061300,37.450001,-90.826946,2007-09-08 19:45:00,2007-09-09 10:00:00,72.2080,2007-09-08 21:15:00,1.5000
07061300,37.450001,-90.826946,2008-02-06 08:45:00,2008-02-06 16:15:00,62.2971,2008-02-06 11:00:00,2.2500
07061300,37.450001,-90.826946,2008-02-17 11:30:00,2008-02-18 03:00:00,119.4971,2008-02-17 14:30:00,3.0000
07061300,37.450001,-90.826946,2008-03-18 17:30:00,2008-03-20 07:30:00,444.5745,2008-03-19 02:45:00,9.2500
07061300,37.450001,-90.826946,2008-04-01 05:30:00,2008-04-01 13:30:00,79.0040,2008-04-01 08:00:00,2.5000
07061300,37.450001,-90.826946,2008-04-04 10:00:00,2008-04-04 13:00:00,51.8198,2008-04-04 10:45:00,0.7500
07061300,37.450001,-90.826946,2008-04-10 14:00:00,2008-04-11 10:00:00,625.8023,2008-04-10 20:00:00,6.0000
07061300,37.450001,-90.826946,2008-12-28 03:45:00,2008-12-28 11:45:00,87.2159,2008-12-28 06:00:00,2.2500
07061300,37.450001,-90.826946,2009-02-11 12:30:00,2009-02-12 03:15:00,90.0476,2009-02-11 16:45:00,4.2500
07061300,37.450001,-90.826946,2009-04-20 03:15:00,2009-04-20 11:45:00,56.9169,2009-04-20 05:00:00,1.7500
07061300,37.450001,-90.826946,2009-04-28 10:00:00,2009-04-28 20:15:00,57.4832,2009-04-28 14:15:00,4.2500
07061300,37.450001,-90.826946,2009-05-08 23:45:00,2009-05-09 07:30:00,73.3406,2009-05-09 02:15:00,2.5000
07061300,37.450001,-90.826946,2009-06-15 20:15:00,2009-06-17 02:30:00,78.1545,2009-06-15 23:15:00,3.0000
07061300,37.450001,-90.826946,2009-10-09 16:00:00,2009-10-10 03:30:00,72.2080,2009-10-09 21:15:00,5.2500
07061300,37.450001,-90.826946,2009-10-23 07:00:00,2009-10-23 21:30:00,202.1823,2009-10-23 11:15:00,4.2500
07061300,37.450001,-90.826946,2009-10-30 00:30:00,2009-10-30 04:45:00,78.1545,2009-10-30 04:45:00,4.2500
07061500,37.338056,-90.788612,1985-11-13 19:00:00,1985-11-14 20:00:00,123.1783,1985-11-13 23:00:00,4.0000
07061500,37.338056,-90.788612,1985-11-16 05:00:00,1985-11-23 21:00:00,2775.0510,1985-11-19 18:00:00,85.0000
07061500,37.338056,-90.788612,1985-11-26 23:00:00,1985-11-30 05:00:00,265.8952,1985-11-28 05:00:00,30.0000
07061500,37.338056,-90.788612,1995-05-02 05:00:00,1995-05-03 04:00:00,328.4754,1995-05-02 07:00:00,2.0000
07061500,37.338056,-90.788612,1995-05-08 23:00:00,1995-05-10 04:00:00,143.5664,1995-05-09 05:00:00,6.0000
07061500,37.338056,-90.788612,1995-05-18 09:00:00,1995-05-20 08:00:00,216.9070,1995-05-18 17:00:00,8.0000
07061500,37.338056,-90.788612,1995-05-28 16:00:00,1995-05-28 23:00:00,56.3505,1995-05-28 17:00:00,1.0000
07061500,37.338056,-90.788612,1995-06-11 05:00:00,1995-06-12 05:00:00,92.0298,1995-06-11 08:00:00,3.0000
07061500,37.338056,-90.788612,1996-01-19 10:00:00,1996-01-19 22:00:00,71.0753,1996-01-19 14:00:00,4.0000
07061500,37.338056,-90.788612,1996-04-01 04:00:00,1996-04-02 13:00:00,93.4456,1996-04-01 12:00:00,8.0000
07061500,37.338056,-90.788612,1996-04-22 15:00:00,1996-04-26 17:00:00,1056.2184,1996-04-23 01:00:00,10.0000
07061500,37.338056,-90.788612,1996-04-29 02:00:00,1996-04-30 04:00:00,159.7070,1996-04-29 12:00:00,10.0000
07061500,37.338056,-90.788612,1996-05-07 01:00:00,1996-05-09 22:00:00,107.8872,1996-05-08 15:00:00,38.0000
07061500,37.338056,-90.788612,1996-05-11 05:00:00,1996-05-14 04:00:00,220.0219,1996-05-11 19:00:00,14.0000
07061500,37.338056,-90.788612,1996-06-18 09:00:00,1996-06-18 21:00:00,71.0753,1996-06-18 12:00:00,3.0000
07061500,37.338056,-90.788612,1996-09-27 06:00:00,1996-09-28 20:00:00,161.1229,1996-09-27 14:00:00,8.0000
07061500,37.338056,-90.788612,1996-11-08 00:00:00,1996-11-09 05:00:00,191.4219,1996-11-08 11:00:00,11.0000
07061500,37.338056,-90.788612,1996-11-25 11:00:00,1996-11-29 14:00:00,427.5844,1996-11-26 09:15:00,22.2500
07061500,37.338056,-90.788612,1996-11-30 19:45:00,1996-12-02 07:00:00,59.1822,1996-12-01 02:00:00,6.2500
07061500,37.338056,-90.788612,1997-01-23 01:45:00,1997-01-24 04:30:00,85.8000,1997-01-23 08:45:00,7.0000
07061500,37.338056,-90.788612,1997-02-22 05:00:00,1997-02-22 23:15:00,61.7307,1997-02-22 11:30:00,6.5000
07061500,37.338056,-90.788612,1997-02-27 05:30:00,1997-03-04 10:00:00,540.8518,1997-02-27 18:15:00,12.7500
07061500,37.338056,-90.788612,1997-03-14 08:45:00,1997-03-16 09:00:00,124.5941,1997-03-14 17:45:00,9.0000
07061500,37.338056,-90.788612,1997-04-05 17:15:00,1997-04-08 14:45:00,177.5466,1997-04-06 09:45:00,15.5000
07061500,37.338056,-90.788612,1997-05-30 23:00:00,1997-06-02 19:15:00,651.2875,1997-05-31 13:00:00,14.0000
07061500,37.338056,-90.788612,1998-01-05 23:59:51,1998-01-07 00:00:27,88.9149,1998-01-06 05:59:45,5.9983
07061500,37.338056,-90.788612,1998-01-09 01:59:45,1998-01-10 01:00:30,75.6060,1998-01-09 10:59:48,9.0008
07061500,37.338056,-90.788612,1998-03-08 22:00:00,1998-03-10 14:15:00,129.1248,1998-03-09 07:45:00,9.7500
07061500,37.338056,-90.788612,1998-03-17 16:00:00,1998-03-25 12:00:00,436.0794,1998-03-20 17:00:00,73.0000
07061500,37.338056,-90.788612,1998-03-28 10:00:00,1998-03-30 21:00:00,117.2317,1998-03-28 18:00:00,8.0000
07061500,37.338056,-90.788612,1998-03-31 22:00:00,1998-04-02 19:00:00,90.6139,1998-04-01 09:00:00,11.0000
07061500,37.338056,-90.788612,1998-04-16 13:00:00,1998-04-18 01:00:00,131.9565,1998-04-16 20:00:00,7.0000
07061500,37.338056,-90.788612,1998-05-07 10:00:00,1998-05-11 08:00:00,199.9169,1998-05-07 19:00:00,9.0000
07061500,37.338056,-90.788612,1998-06-10 01:59:00,1998-06-10 16:59:00,62.8634,1998-06-10 09:59:00,8.0000
07061500,37.338056,-90.788612,1998-06-20 13:00:00,1998-06-21 18:00:00,78.4377,1998-06-21 05:00:00,16.0000
07061500,37.338056,-90.788612,1998-07-26 21:00:00,1998-08-01 12:00:00,753.2281,1998-07-27 07:00:00,10.0000
07061500,37.338056,-90.788612,1999-01-18 14:00:00,1999-01-19 08:00:00,68.5268,1999-01-18 18:00:00,4.0000
07061500,37.338056,-90.788612,1999-02-01 09:00:00,1999-02-02 14:00:00,75.8891,1999-02-01 17:00:00,8.0000
07061500,37.338056,-90.788612,1999-02-07 09:00:00,1999-02-10 16:00:00,1025.0698,1999-02-07 22:00:00,13.0000
07061500,37.338056,-90.788612,1999-03-09 11:00:00,1999-03-11 03:00:00,97.9763,1999-03-09 19:00:00,8.0000
07061500,37.338056,-90.788612,1999-03-17 12:00:00,1999-03-19 00:00:00,75.0396,1999-03-17 20:00:00,8.0000
07061500,37.338056,-90.788612,1999-04-03 17:00:00,1999-04-04 00:00:00,165.6536,1999-04-03 21:00:00,4.0000
07061500,37.338056,-90.788612,1999-04-06 05:00:00,1999-04-07 03:00:00,102.7902,1999-04-06 17:00:00,12.0000
07061500,37.338056,-90.788612,2000-02-19 03:00:00,2000-02-19 09:00:00,60.8812,2000-02-19 05:00:00,2.0000
07061500,37.338056,-90.788612,2000-02-27 07:00:00,2000-02-27 23:00:00,65.9783,2000-02-27 12:00:00,5.0000
07061500,37.338056,-90.788612,2001-02-25 04:50:21,2001-02-26 05:28:12,254.0021,2001-02-25 10:00:00,5.1608
07061500,37.338056,-90.788612,2001-04-05 05:00:00,2001-04-05 22:00:00,69.0931,2001-04-05 08:00:00,3.0000
07061500,37.338056,-90.788612,2001-07-29 08:00:00,2001-07-30 15:00:00,116.6654,2001-07-29 10:00:00,2.0000
07061500,37.338056,-90.788612,2001-12-01 01:45:00,2001-12-01 06:00:00,59.4654,2001-12-01 04:45:00,3.0000
07061500,37.338056,-90.788612,2001-12-16 23:00:00,2001-12-20 01:00:00,353.9606,2001-12-17 20:00:00,21.0000
07061500,37.338056,-90.788612,2002-02-01 01:00:00,2002-02-03 03:00:00,201.0496,2002-02-01 15:30:00,14.5000
07061500,37.338056,-90.788612,2002-02-20 19:30:00,2002-02-21 01:00:00,62.5802,2002-02-20 23:45:00,4.2500
07061500,37.338056,-90.788612,2002-03-09 12:45:00,2002-03-13 04:00:00,419.0893,2002-03-10 01:00:00,12.2500
07061500,37.338056,-90.788612,2002-03-19 23:30:00,2002-03-22 15:45:00,233.3308,2002-03-20 14:45:00,15.2500
07061500,37.338056,-90.788612,2002-04-08 18:00:00,2002-04-10 06:00:00,97.1268,2002-04-09 04:00:00,10.0000
07061500,37.338056,-90.788612,2002-04-14 10:45:00,2002-04-16 01:15:00,110.4357,2002-04-14 17:15:00,6.5000
07061500,37.338056,-90.788612,2002-04-20 08:15:00,2002-04-20 17:45:00,57.4832,2002-04-20 11:45:00,3.5000
07061500,37.338056,-90.788612,2002-04-21 20:00:00,2002-04-22 02:45:00,55.7842,2002-04-22 00:00:00,4.0000
07061500,37.338056,-90.788612,2002-04-25 10:00:00,2002-04-25 16:15:00,56.9169,2002-04-25 11:45:00,1.7500
07061500,37.338056,-90.788612,2002-04-28 15:15:00,2002-04-28 23:30:00,61.1644,2002-04-28 17:30:00,2.2500
07061500,37.338056,-90.788612,2002-05-08 10:15:00,2002-05-21 05:45:00,1693.3474,2002-05-13 14:30:00,124.2500
07061500,37.338056,-90.788612,2002-12-31 23:00:00,2003-01-01 22:15:00,72.4911,2003-01-01 06:30:00,7.5000
07061500,37.338056,-90.788612,2003-03-20 23:30:00,2003-03-22 02:45:00,60.0317,2003-03-22 00:15:00,24.7500
07061500,37.338056,-90.788612,2003-04-26 03:00:00,2003-04-27 07:15:00,96.8436,2003-04-26 08:30:00,5.5000
07061500,37.338056,-90.788612,2003-05-07 20:15:00,2003-05-08 19:45:00,75.6060,2003-05-08 00:15:00,4.0000
07061500,37.338056,-90.788612,2004-03-04 22:00:00,2004-03-07 01:00:00,118.6476,2004-03-06 01:00:00,27.0000
07061500,37.338056,-90.788612,2004-04-24 23:00:00,2004-04-27 11:00:00,134.5050,2004-04-25 10:00:00,11.0000
07061500,37.338056,-90.788612,2004-05-01 20:00:00,2004-05-03 23:00:00,158.5743,2004-05-02 03:00:00,7.0000
07061500,37.338056,-90.788612,2004-05-14 20:00:00,2004-05-15 18:00:00,72.7743,2004-05-15 04:00:00,8.0000
07061500,37.338056,-90.788612,2004-11-12 03:00:00,2004-11-13 00:00:00,75.3228,2004-11-12 09:00:00,6.0000
07061500,37.338056,-90.788612,2004-11-25 09:00:00,2004-11-26 04:00:00,62.8634,2004-11-25 16:00:00,7.0000
07061500,37.338056,-90.788612,2004-11-30 19:00:00,2004-12-02 14:00:00,85.5169,2004-12-01 13:00:00,18.0000
07061500,37.338056,-90.788612,2005-01-05 22:00:00,2005-01-08 06:00:00,199.3506,2005-01-06 16:00:00,18.0000
07061500,37.338056,-90.788612,2005-01-13 13:00:00,2005-01-16 02:00:00,261.6477,2005-01-14 04:00:00,15.0000
07061500,37.338056,-90.788612,2005-11-15 16:15:00,2005-11-17 11:30:00,325.6437,2005-11-16 04:30:00,12.2500
07061500,37.338056,-90.788612,2005-11-28 10:15:00,2005-11-30 09:45:00,319.9804,2005-11-28 21:30:00,11.2500
07061500,37.338056,-90.788612,2006-03-10 06:15:00,2006-03-15 05:30:00,180.0951,2006-03-13 02:15:00,68.0000
07061500,37.338056,-90.788612,2006-05-01 03:00:00,2006-05-01 21:15:00,63.9961,2006-05-01 12:00:00,9.0000
07061500,37.338056,-90.788612,2006-05-10 19:00:00,2006-05-13 13:00:00,170.1842,2006-05-11 16:30:00,21.5000
07061500,37.338056,-90.788612,2006-11-30 23:30:00,2006-12-03 20:30:00,481.3864,2006-12-01 18:00:00,18.5000
07061500,37.338056,-90.788612,2007-01-14 01:15:00,2007-01-17 19:00:00,126.8595,2007-01-15 21:45:00,44.5000
07061500,37.338056,-90.788612,2007-04-14 11:00:00,2007-04-16 19:30:00,220.5882,2007-04-14 23:45:00,12.7500
07061500,37.338056,-90.788612,2007-05-04 00:30:00,2007-05-06 23:00:00,197.6516,2007-05-04 11:00:00,10.5000
07061500,37.338056,-90.788612,2007-09-09 01:00:00,2007-09-10 02:15:00,119.2139,2007-09-09 10:15:00,9.2500
07061500,37.338056,-90.788612,2007-12-13 14:00:00,2007-12-14 02:00:00,60.8812,2007-12-13 18:15:00,4.2500
07061500,37.338056,-90.788612,2008-02-06 13:30:00,2008-02-07 15:15:00,90.0476,2008-02-06 21:15:00,7.7500
07061500,37.338056,-90.788612,2008-02-17 11:45:00,2008-02-20 11:15:00,339.8022,2008-02-18 03:00:00,15.2500
07061500,37.338056,-90.788612,2008-03-04 05:30:00,2008-03-06 02:30:00,167.6357,2008-03-04 14:00:00,8.5000
07061500,37.338056,-90.788612,2008-03-18 14:30:00,2008-03-22 20:30:00,1132.6739,2008-03-19 12:45:00,22.2500
07061500,37.338056,-90.788612,2008-03-28 17:30:00,2008-03-28 23:45:00,60.3149,2008-03-28 19:15:00,1.7500
07061500,37.338056,-90.788612,2008-03-31 01:30:00,2008-04-06 12:15:00,156.0258,2008-04-01 16:30:00,39.0000
07061500,37.338056,-90.788612,2008-04-10 14:00:00,2008-04-13 19:45:00,908.9708,2008-04-11 02:00:00,12.0000
07061500,37.338056,-90.788612,2008-05-08 23:45:00,2008-05-09 03:45:00,56.3505,2008-05-09 01:15:00,1.5000
07061500,37.338056,-90.788612,2008-09-04 20:15:00,2008-09-06 05:30:00,195.1031,2008-09-05 08:15:00,12.0000
07061500,37.338056,-90.788612,2008-09-15 03:15:00,2008-09-15 20:00:00,87.7822,2008-09-15 07:00:00,3.7500
07061500,37.338056,-90.788612,2008-12-28 06:30:00,2008-12-30 01:15:00,291.6635,2008-12-28 14:45:00,8.2500
07061500,37.338056,-90.788612,2009-02-10 12:15:00,2009-02-13 22:15:00,286.0002,2009-02-12 00:45:00,36.5000
07061500,37.338056,-90.788612,2009-03-29 04:30:00,2009-03-31 01:45:00,80.7030,2009-03-29 13:15:00,8.7500
07061500,37.338056,-90.788612,2009-04-20 04:00:00,2009-04-22 05:45:00,172.1664,2009-04-20 16:30:00,12.5000
07061500,37.338056,-90.788612,2009-04-28 12:00:00,2009-04-30 03:15:00,145.2654,2009-04-28 21:15:00,9.2500
07061500,37.338056,-90.788612,2009-05-02 19:30:00,2009-05-05 23:00:00,84.3842,2009-05-04 15:00:00,43.5000
07061500,37.338056,-90.788612,2009-05-09 01:15:00,2009-05-10 20:15:00,218.8892,2009-05-09 10:30:00,9.2500
07061500,37.338056,-90.788612,2009-06-03 22:45:00,2009-06-05 07:15:00,128.2753,2009-06-04 08:30:00,9.7500
07061500,37.338056,-90.788612,2009-06-09 08:45:00,2009-06-12 00:45:00,95.7109,2009-06-10 03:45:00,19.0000
07061500,37.338056,-90.788612,2009-06-15 20:30:00,2009-06-19 00:00:00,334.1388,2009-06-16 09:30:00,13.0000
07061500,37.338056,-90.788612,2009-10-09 17:15:00,2009-10-11 04:15:00,162.8219,2009-10-10 04:15:00,11.0000
07061500,37.338056,-90.788612,2009-10-23 07:30:00,2009-10-25 06:15:00,356.7923,2009-10-23 18:00:00,10.5000
07061500,37.338056,-90.788612,2009-10-30 01:30:00,2009-11-03 01:30:00,1642.3771,2009-10-30 21:00:00,19.5000
07061500,37.338056,-90.788612,2009-11-17 01:15:00,2009-11-20 03:30:00,116.0991,2009-11-17 06:15:00,5.0000
07061500,37.338056,-90.788612,2009-12-25 02:00:00,2009-12-27 09:00:00,208.6952,2009-12-25 14:15:00,12.2500
07061500,37.338056,-90.788612,2010-01-24 20:30:00,2010-01-25 21:45:00,91.1802,2010-01-25 01:45:00,5.2500
07061500,37.338056,-90.788612,2010-05-21 00:00:00,2010-05-22 16:00:00,95.4278,2010-05-21 23:30:00,23.5000
07061500,37.338056,-90.788612,2010-09-11 06:15:00,2010-09-11 09:45:00,57.2000,2010-09-11 07:15:00,1.0000
07061500,37.338056,-90.788612,2010-09-16 19:45:00,2010-09-17 10:45:00,78.7208,2010-09-17 01:15:00,5.5000
07061500,37.338056,-90.788612,2011-02-25 14:45:00,2011-02-26 11:00:00,83.2515,2011-02-25 21:15:00,6.5000
07061500,37.338056,-90.788612,2011-03-05 17:00:00,2011-03-07 08:45:00,129.1248,2011-03-06 01:45:00,8.7500
07061500,37.338056,-90.788612,2011-03-14 21:15:00,2011-03-16 19:00:00,129.1248,2011-03-15 07:00:00,9.7500
07061500,37.338056,-90.788612,2011-04-23 12:15:00,2011-05-07 21:30:00,855.1688,2011-04-26 10:30:00,70.2500
07061500,37.338056,-90.788612,2011-05-26 11:00:00,2011-05-28 01:45:00,124.8773,2011-05-26 16:00:00,5.0000
07061500,37.338056,-90.788612,2012-09-08 04:15:00,2012-09-09 01:00:00,91.4634,2012-09-08 12:45:00,8.5000
07061500,37.338056,-90.788612,2012-11-12 21:00:00,2012-11-13 03:30:00,59.1822,2012-11-13 00:30:00,3.5000
07061500,37.338056,-90.788612,2013-01-13 06:00:00,2013-01-16 05:00:00,311.4853,2013-01-13 19:45:00,13.7500
07061500,37.338056,-90.788612,2013-01-30 15:00:00,2013-02-01 11:15:00,115.5327,2013-01-30 22:45:00,7.7500
07061500,37.338056,-90.788612,2013-02-26 13:00:00,2013-03-01 03:15:00,176.4140,2013-02-27 01:30:00,12.5000
07061500,37.338056,-90.788612,2013-03-11 08:15:00,2013-03-12 17:15:00,111.8515,2013-03-11 14:30:00,6.2500
07061500,37.338056,-90.788612,2013-03-18 05:45:00,2013-03-21 13:15:00,373.7824,2013-03-18 21:30:00,15.7500
07061500,37.338056,-90.788612,2013-04-19 02:00:00,2013-04-21 15:00:00,455.9012,2013-04-19 12:30:00,10.5000
07061500,37.338056,-90.788612,2013-04-27 16:00:00,2013-04-29 22:30:00,104.7723,2013-04-28 07:00:00,15.0000
07061500,37.338056,-90.788612,2013-05-03 21:45:00,2013-05-07 14:30:00,393.6042,2013-05-04 12:15:00,14.5000
07061500,37.338056,-90.788612,2013-05-31 17:45:00,2013-06-03 20:15:00,308.6536,2013-06-01 23:00:00,29.2500
07061500,37.338056,-90.788612,2013-08-07 18:00:00,2013-08-12 10:30:00,281.4695,2013-08-10 12:30:00,66.5000
07061500,37.338056,-90.788612,2013-12-21 14:30:00,2013-12-24 04:00:00,250.8873,2013-12-22 05:15:00,14.7500
07061500,37.338056,-90.788612,2014-01-11 09:15:00,2014-01-13 09:15:00,136.4872,2014-01-11 21:15:00,12.0000
07061500,37.338056,-90.788612,2014-04-28 21:15:00,2014-04-29 08:45:00,68.8099,2014-04-29 00:30:00,3.2500
07061500,37.338056,-90.788612,2014-06-11 02:00:00,2014-06-11 23:00:00,63.7129,2014-06-11 02:45:00,0.7500
07061500,37.338056,-90.788612,2014-12-06 06:45:00,2014-12-07 12:45:00,92.8793,2014-12-06 14:45:00,8.0000
07061500,37.338056,-90.788612,2015-01-04 04:15:00,2015-01-04 17:30:00,58.3327,2015-01-04 06:00:00,1.7500
07061500,37.338056,-90.788612,2015-03-09 09:45:00,2015-03-12 11:00:00,103.0733,2015-03-11 02:45:00,41.0000
07061500,37.338056,-90.788612,2015-03-14 04:45:00,2015-03-16 15:15:00,170.1842,2015-03-14 21:30:00,16.7500
07061500,37.338056,-90.788612,2015-03-26 10:45:00,2015-03-28 12:00:00,146.6813,2015-03-27 01:45:00,15.0000
07061500,37.338056,-90.788612,2015-05-12 00:00:00,2015-05-12 21:45:00,84.9505,2015-05-12 06:00:00,6.0000
07061500,37.338056,-90.788612,2015-06-19 17:15:00,2015-06-22 20:15:00,208.6952,2015-06-20 08:15:00,15.0000
07061500,37.338056,-90.788612,2015-07-10 05:30:00,2015-07-13 03:30:00,424.7527,2015-07-11 01:15:00,19.7500
07061500,37.338056,-90.788612,2015-08-10 19:15:00,2015-08-11 20:30:00,142.4337,2015-08-11 03:45:00,8.5000
07061500,37.338056,-90.788612,2015-11-18 02:45:00,2015-11-20 17:30:00,583.3270,2015-11-18 19:15:00,16.5000
07061500,37.338056,-90.788612,2015-11-28 04:45:00,2015-12-01 08:30:00,187.4575,2015-11-28 17:45:00,13.0000
07061500,37.338056,-90.788612,2015-12-15 03:30:00,2015-12-16 00:15:00,58.6159,2015-12-15 07:30:00,4.0000
07061500,37.338056,-90.788612,2015-12-23 22:00:00,2016-01-01 02:00:00,1316.7334,2015-12-29 01:45:00,123.7500
07061500,37.338056,-90.788612,2016-04-12 05:30:00,2016-04-12 12:00:00,59.1822,2016-04-12 07:45:00,2.2500
07061500,37.338056,-90.788612,2016-05-10 07:00:00,2016-05-15 00:45:00,325.6437,2016-05-13 04:45:00,69.7500
07061500,37.338056,-90.788612,2016-05-17 19:15:00,2016-05-20 04:45:00,273.5407,2016-05-18 12:00:00,16.7500
07061500,37.338056,-90.788612,2016-05-27 01:30:00,2016-05-30 16:30:00,393.6042,2016-05-28 12:15:00,34.7500
07106300,38.429444,-104.598056,1994-06-03 12:30:00,1994-06-03 14:45:00,200.7664,1994-06-03 12:45:00,0.2500
07106300,38.429444,-104.598056,1999-08-01 05:45:00,1999-08-01 09:00:00,203.5981,1999-08-01 07:15:00,1.5000
07106300,38.429444,-104.598056,2011-09-15 09:30:00,2011-09-15 23:15:00,385.1091,2011-09-15 15:30:00,6.0000
07106300,38.429444,-104.598056,2013-08-23 15:30:00,2013-08-23 17:00:00,158.5743,2013-08-23 15:45:00,0.2500
07106300,38.429444,-104.598056,2013-09-13 11:00:00,2013-09-14 06:15:00,334.1388,2013-09-13 15:00:00,4.0000
07106300,38.429444,-104.598056,2014-07-17 05:30:00,2014-07-17 06:00:00,158.5743,2014-07-17 05:45:00,0.2500
07106300,38.429444,-104.598056,2015-05-09 05:45:00,2015-05-09 22:30:00,185.7585,2015-05-09 09:45:00,4.0000
07106300,38.429444,-104.598056,2015-05-19 14:30:00,2015-05-20 03:00:00,339.8022,2015-05-19 22:45:00,8.2500
07106300,38.429444,-104.598056,2015-06-16 10:15:00,2015-06-16 17:00:00,560.6736,2015-06-16 14:45:00,4.5000
07109500,38.248056,-104.398611,1990-05-30 03:45:00,1990-05-30 10:30:00,140.7347,1990-05-30 06:45:00,3.0000
07109500,38.248056,-104.398611,1990-06-12 04:45:00,1990-06-13 14:15:00,132.5228,1990-06-13 13:00:00,32.2500
07109500,38.248056,-104.398611,1990-07-11 03:45:00,1990-07-11 06:15:00,130.5407,1990-07-11 04:45:00,1.0000
07109500,38.248056,-104.398611,1990-07-22 10:45:00,1990-07-22 11:15:00,120.0634,1990-07-22 11:15:00,0.5000
07109500,38.248056,-104.398611,1993-06-18 02:00:00,1993-06-22 05:01:00,151.4951,1993-06-18 18:30:00,16.5000
07109500,38.248056,-104.398611,1994-05-10 12:30:00,1994-05-13 02:30:00,178.9625,1994-05-10 23:30:00,11.0000
07109500,38.248056,-104.398611,1994-06-02 21:30:00,1994-06-08 22:00:00,300.1586,1994-06-03 14:30:00,17.0000
07109500,38.248056,-104.398611,1994-06-22 05:30:00,1994-06-22 06:00:00,119.7803,1994-06-22 06:00:00,0.5000
07109500,38.248056,-104.398611,1995-05-17 21:00:00,1995-05-20 21:00:00,189.7229,1995-05-18 09:30:00,12.5000
07109500,38.248056,-104.398611,1995-05-26 04:00:00,1995-05-28 05:30:00,133.3723,1995-05-27 13:30:00,33.5000
07109500,38.248056,-104.398611,1995-05-30 17:30:00,1995-05-31 16:30:00,122.8951,1995-05-31 13:30:00,20.0000
07109500,38.248056,-104.398611,1995-06-01 23:00:00,1995-06-02 06:00:00,119.2139,1995-06-02 01:00:00,2.0000
07109500,38.248056,-104.398611,1995-06-03 15:00:00,1995-06-04 08:00:00,163.6714,1995-06-04 04:30:00,13.5000
07109500,38.248056,-104.398611,1995-06-05 13:00:00,1995-06-05 18:30:00,124.3110,1995-06-05 15:30:00,2.5000
07109500,38.248056,-104.398611,1995-07-02 07:00:00,1995-07-08 02:30:00,165.6536,1995-07-05 19:00:00,84.0000
07109500,38.248056,-104.398611,1995-07-10 05:30:00,1995-07-24 21:00:00,182.3605,1995-07-16 11:00:00,149.5000
07109500,38.248056,-104.398611,1996-05-26 04:30:00,1996-05-26 21:30:00,134.5050,1996-05-26 18:00:00,13.5000
07109500,38.248056,-104.398611,1996-06-14 06:30:00,1996-06-14 07:30:00,124.0278,1996-06-14 07:00:00,0.5000
07109500,38.248056,-104.398611,1996-07-10 04:00:00,1996-07-10 05:30:00,195.9526,1996-07-10 05:30:00,1.5000
07109500,38.248056,-104.398611,1997-08-12 03:30:00,1997-08-12 07:00:00,143.2832,1997-08-12 05:00:00,1.5000
07109500,38.248056,-104.398611,1999-04-29 20:30:00,1999-04-30 05:45:00,237.8615,1999-04-30 05:30:00,9.0000
07109500,38.248056,-104.398611,1999-05-02 06:00:00,1999-05-03 02:00:00,237.2952,1999-05-02 06:30:00,0.5000
07109500,38.248056,-104.398611,1999-05-26 03:30:00,1999-05-26 06:30:00,126.5763,1999-05-26 05:00:00,1.5000
07109500,38.248056,-104.398611,1999-06-27 05:30:00,1999-06-27 21:30:00,119.7803,1999-06-27 16:30:00,11.0000
07109500,38.248056,-104.398611,1999-08-01 15:00:00,1999-08-01 16:30:00,121.4793,1999-08-01 16:00:00,1.0000
07109500,38.248056,-104.398611,2001-07-14 10:30:00,2001-07-14 11:30:00,135.0714,2001-07-14 11:00:00,0.5000
07109500,38.248056,-104.398611,2003-06-02 01:45:00,2003-06-05 05:15:00,141.5842,2003-06-03 04:45:00,27.0000
07109500,38.248056,-104.398611,2006-07-07 10:15:00,2006-07-08 02:00:00,136.7704,2006-07-07 13:15:00,3.0000
07109500,38.248056,-104.398611,2006-07-10 03:15:00,2006-07-12 01:15:00,212.3763,2006-07-10 13:00:00,9.7500
07109500,38.248056,-104.398611,2006-08-27 05:15:00,2006-08-27 07:00:00,125.1605,2006-08-27 06:30:00,1.2500
07109500,38.248056,-104.398611,2007-05-19 03:00:00,2007-05-19 22:45:00,123.7446,2007-05-19 19:45:00,16.7500
07109500,38.248056,-104.398611,2007-08-02 21:45:00,2007-08-03 01:45:00,164.2377,2007-08-02 23:15:00,1.5000
07109500,38.248056,-104.398611,2008-06-05 18:00:00,2008-06-06 23:45:00,131.1070,2008-06-06 05:30:00,11.5000
07109500,38.248056,-104.398611,2008-06-21 03:15:00,2008-06-23 00:45:00,125.7268,2008-06-22 09:30:00,30.2500
07109500,38.248056,-104.398611,2010-05-31 08:00:00,2010-05-31 23:15:00,121.7624,2010-05-31 15:00:00,7.0000
07109500,38.248056,-104.398611,2010-06-07 06:45:00,2010-06-10 11:15:00,170.7506,2010-06-09 05:00:00,46.2500
07109500,38.248056,-104.398611,2011-08-03 09:15:00,2011-08-03 12:45:00,158.8575,2011-08-03 11:15:00,2.0000
07109500,38.248056,-104.398611,2011-09-16 01:15:00,2011-09-16 12:00:00,241.8259,2011-09-16 06:30:00,5.2500
07109500,38.248056,-104.398611,2013-09-13 11:15:00,2013-09-17 02:30:00,314.3170,2013-09-14 09:30:00,22.2500
07109500,38.248056,-104.398611,2014-06-01 03:15:00,2014-06-04 23:30:00,142.4337,2014-06-02 08:30:00,29.2500
07109500,38.248056,-104.398611,2014-06-07 08:15:00,2014-06-10 22:30:00,136.4872,2014-06-07 10:15:00,2.0000
07109500,38.248056,-104.398611,2014-07-09 12:00:00,2014-07-09 14:45:00,133.3723,2014-07-09 13:45:00,1.7500
07109500,38.248056,-104.398611,2014-07-14 21:15:00,2014-07-15 04:30:00,122.8951,2014-07-15 03:45:00,6.5000
07109500,38.248056,-104.398611,2014-07-17 12:30:00,2014-07-18 03:00:00,234.4635,2014-07-17 18:00:00,5.5000
07109500,38.248056,-104.398611,2015-05-06 10:00:00,2015-05-06 18:00:00,129.9743,2015-05-06 13:00:00,3.0000
07109500,38.248056,-104.398611,2015-05-08 15:15:00,2015-05-14 00:45:00,288.8318,2015-05-09 22:30:00,31.2500
07109500,38.248056,-104.398611,2015-05-19 15:45:00,2015-05-31 00:30:00,308.6536,2015-05-20 09:00:00,17.2500
07124200,37.129444,-104.639444,1990-07-20 05:15:00,1990-07-20 06:00:00,98.8258,1990-07-20 05:30:00,0.2500
07124200,37.129444,-104.639444,1993-07-17 23:45:00,1993-07-18 00:45:00,132.5228,1993-07-18 00:00:00,0.2500
07124200,37.129444,-104.639444,1996-07-26 00:30:00,1996-07-26 01:00:00,107.0377,1996-07-26 00:45:00,0.2500
07124200,37.129444,-104.639444,2004-08-05 23:00:00,2004-08-06 05:15:00,176.4140,2004-08-06 03:15:00,4.2500
07124200,37.129444,-104.639444,2004-08-11 23:15:00,2004-08-12 00:30:00,135.0714,2004-08-11 23:30:00,0.2500
07124200,37.129444,-104.639444,2008-08-30 01:00:00,2008-08-30 01:30:00,181.2278,2008-08-30 01:20:00,0.3333
07124200,37.129444,-104.639444,2013-07-14 23:30:00,2013-07-15 10:00:00,181.2278,2013-07-15 08:50:00,9.3333
07124200,37.129444,-104.639444,2013-08-04 05:30:00,2013-08-04 08:45:00,186.0417,2013-08-04 07:35:00,2.0833
07124200,37.129444,-104.639444,2015-08-14 04:15:00,2015-08-14 04:45:00,149.2298,2015-08-14 04:30:00,0.2500
07145200,37.561667,-97.852778,1992-06-14 20:00:00,1992-06-16 03:00:00,98.5426,1992-06-15 02:00:00,6.0000
07145200,37.561667,-97.852778,1992-08-11 16:00:00,1992-08-12 02:00:00,84.9505,1992-08-11 18:00:00,2.0000
07145200,37.561667,-97.852778,1992-11-25 08:00:00,1992-11-25 14:00:00,50.1208,1992-11-25 10:00:00,2.0000
07145200,37.561667,-97.852778,1993-03-31 11:00:00,1993-03-31 19:00:00,51.8198,1993-03-31 14:00:00,3.0000
07145200,37.561667,-97.852778,1993-05-02 18:00:00,1993-05-03 10:00:00,58.3327,1993-05-03 02:00:00,8.0000
07145200,37.561667,-97.852778,1993-05-08 12:00:00,1993-05-13 15:00:00,187.1744,1993-05-09 00:00:00,12.0000
07145200,37.561667,-97.852778,1993-06-29 00:00:00,1993-06-29 21:00:00,122.6119,1993-06-29 10:00:00,10.0000
07145200,37.561667,-97.852778,1993-07-14 12:00:00,1993-07-16 15:00:00,81.8357,1993-07-14 18:00:00,6.0000
07145200,37.561667,-97.852778,1993-07-18 19:00:00,1993-07-19 02:00:00,54.3683,1993-07-18 22:00:00,3.0000
07145200,37.561667,-97.852778,1995-05-08 02:00:00,1995-05-09 06:00:00,145.8318,1995-05-08 09:00:00,7.0000
07145200,37.561667,-97.852778,1995-05-27 07:00:00,1995-05-30 00:00:00,461.5646,1995-05-27 23:00:00,16.0000
07145200,37.561667,-97.852778,1995-06-09 08:00:00,1995-06-11 12:00:00,92.0298,1995-06-10 16:00:00,32.0000
07145200,37.561667,-97.852778,1995-08-01 09:00:00,1995-08-01 14:00:00,56.3505,1995-08-01 10:00:00,1.0000
07145200,37.561667,-97.852778,1996-08-05 11:00:00,1996-08-05 15:00:00,43.3248,1996-08-05 13:00:00,2.0000
07145200,37.561667,-97.852778,1996-08-21 09:00:00,1996-08-22 17:00:00,54.3683,1996-08-21 15:00:00,6.0000
07145200,37.561667,-97.852778,1996-09-19 12:00:00,1996-09-21 21:00:00,136.2040,1996-09-20 08:00:00,20.0000
07145200,37.561667,-97.852778,1996-11-16 19:00:00,1996-11-18 20:00:00,108.1704,1996-11-18 11:00:00,40.0000
07145200,37.561667,-97.852778,1997-04-11 08:00:00,1997-04-11 21:00:00,61.1644,1997-04-11 11:00:00,3.0000
07145200,37.561667,-97.852778,1997-05-20 15:30:00,1997-05-21 05:00:00,66.2614,1997-05-20 21:00:00,5.5000
07145200,37.561667,-97.852778,1997-06-26 09:00:00,1997-06-26 13:00:00,52.1030,1997-06-26 10:00:00,1.0000
07145200,37.561667,-97.852778,1997-06-30 02:00:00,1997-06-30 20:00:00,97.4100,1997-06-30 04:00:00,2.0000
07145200,37.561667,-97.852778,1997-07-20 11:00:00,1997-07-22 18:00:00,159.7070,1997-07-21 22:45:00,35.7500
07145200,37.561667,-97.852778,1997-09-24 06:00:00,1997-09-24 15:00:00,50.1208,1997-09-24 10:15:00,4.2500
07145200,37.561667,-97.852778,1998-03-17 09:00:00,1998-03-18 06:00:00,65.9783,1998-03-17 14:00:00,5.0000
07145200,37.561667,-97.852778,1998-10-05 09:00:00,1998-10-05 16:00:00,54.0852,1998-10-05 11:30:00,2.5000
07145200,37.561667,-97.852778,1998-11-01 01:00:00,1998-11-03 18:00:00,560.6736,1998-11-01 05:15:00,4.2500
07145200,37.561667,-97.852778,1999-04-05 15:00:00,1999-04-06 03:00:00,95.4278,1999-04-05 16:00:00,1.0000
07145200,37.561667,-97.852778,1999-04-15 03:30:00,1999-04-15 17:00:00,62.0139,1999-04-15 07:45:00,4.2500
07145200,37.561667,-97.852778,1999-05-17 05:15:00,1999-05-17 15:00:00,145.2654,1999-05-17 06:45:00,1.5000
07145200,37.561667,-97.852778,2000-03-03 04:00:00,2000-03-03 13:00:00,54.3683,2000-03-03 06:00:00,2.0000
07145200,37.561667,-97.852778,2000-03-23 15:00:00,2000-03-26 11:00:00,402.0992,2000-03-24 01:00:00,10.0000
07145200,37.561667,-97.852778,2000-06-14 15:00:00,2000-06-14 18:00:00,47.8555,2000-06-14 16:00:00,1.0000
07145200,37.561667,-97.852778,2000-07-23 03:00:00,2000-07-23 14:00:00,50.6872,2000-07-23 10:00:00,7.0000
07145200,37.561667,-97.852778,2000-10-25 14:00:00,2000-10-27 06:00:00,283.1685,2000-10-25 22:00:00,8.0000
07145200,37.561667,-97.852778,2001-02-24 14:00:00,2001-02-25 12:00:00,91.4634,2001-02-24 20:00:00,6.0000
07145200,37.561667,-97.852778,2001-03-15 20:00:00,2001-03-16 19:00:00,83.8179,2001-03-16 02:00:00,6.0000
07145200,37.561667,-97.852778,2001-04-15 09:00:00,2001-04-16 02:00:00,81.8357,2001-04-15 12:00:00,3.0000
07145200,37.561667,-97.852778,2001-06-08 16:00:00,2001-06-09 21:00:00,121.4793,2001-06-09 09:00:00,17.0000
07145200,37.561667,-97.852778,2002-05-08 18:00:00,2002-05-09 08:00:00,52.9525,2002-05-09 01:00:00,7.0000
07145200,37.561667,-97.852778,2002-05-12 21:00:00,2002-05-13 08:00:00,64.2792,2002-05-13 01:00:00,4.0000
07145200,37.561667,-97.852778,2002-06-13 08:00:00,2002-06-13 18:00:00,65.1287,2002-06-13 11:00:00,3.0000
07145200,37.561667,-97.852778,2002-06-16 06:00:00,2002-06-16 10:00:00,45.5901,2002-06-16 07:00:00,1.0000
07145200,37.561667,-97.852778,2002-10-04 07:00:00,2002-10-06 06:00:00,88.6317,2002-10-04 12:00:00,5.0000
07145200,37.561667,-97.852778,2003-03-18 15:00:00,2003-03-21 18:00:00,129.1248,2003-03-19 18:00:00,27.0000
07145200,37.561667,-97.852778,2003-04-19 18:00:00,2003-04-20 11:00:00,89.4812,2003-04-20 02:00:00,8.0000
07145200,37.561667,-97.852778,2003-04-24 00:00:00,2003-04-25 01:00:00,92.0298,2003-04-24 03:00:00,3.0000
07145200,37.561667,-97.852778,2003-05-24 21:00:00,2003-05-25 06:00:00,60.3149,2003-05-25 00:00:00,3.0000
07145200,37.561667,-97.852778,2003-08-30 14:00:00,2003-08-30 21:00:00,93.4456,2003-08-30 16:00:00,2.0000
07145200,37.561667,-97.852778,2003-10-09 01:00:00,2003-10-09 19:00:00,107.3208,2003-10-09 07:00:00,6.0000
07145200,37.561667,-97.852778,2004-03-04 20:00:00,2004-03-07 01:00:00,124.3110,2004-03-05 01:00:00,5.0000
07145200,37.561667,-97.852778,2004-06-18 13:00:00,2004-06-18 17:00:00,47.8555,2004-06-18 14:00:00,1.0000
07145200,37.561667,-97.852778,2004-06-19 18:00:00,2004-06-20 02:00:00,62.8634,2004-06-19 20:00:00,2.0000
07145200,37.561667,-97.852778,2005-07-04 05:00:00,2005-07-04 19:00:00,97.1268,2005-07-04 11:00:00,6.0000
07145200,37.561667,-97.852778,2005-08-23 13:00:00,2005-08-25 05:00:00,64.5624,2005-08-23 14:00:00,1.0000
07145200,37.561667,-97.852778,2005-08-29 09:00:00,2005-08-29 14:00:00,47.5723,2005-08-29 12:00:00,3.0000
07145200,37.561667,-97.852778,2006-05-09 13:00:00,2006-05-10 01:00:00,103.0733,2006-05-09 16:00:00,3.0000
07145200,37.561667,-97.852778,2006-09-01 11:00:00,2006-09-02 01:00:00,96.2773,2006-09-01 16:00:00,5.0000
07145200,37.561667,-97.852778,2007-03-30 11:00:00,2007-04-03 00:00:00,112.1347,2007-03-31 10:00:00,23.0000
07145200,37.561667,-97.852778,2007-04-14 03:00:00,2007-04-16 11:00:00,69.9426,2007-04-15 07:00:00,28.0000
07145200,37.561667,-97.852778,2007-05-06 18:00:00,2007-05-08 19:00:00,200.2001,2007-05-07 08:00:00,14.0000
07145200,37.561667,-97.852778,2007-05-10 20:00:00,2007-05-11 04:00:00,62.2971,2007-05-10 22:00:00,2.0000
07145200,37.561667,-97.852778,2007-06-02 12:00:00,2007-06-03 13:00:00,76.7387,2007-06-02 16:00:00,4.0000
07145200,37.561667,-97.852778,2007-06-12 00:00:00,2007-06-12 06:00:00,45.5901,2007-06-12 03:00:00,3.0000
07145200,37.561667,-97.852778,2007-06-30 11:00:00,2007-06-30 21:00:00,51.2535,2007-06-30 18:00:00,7.0000
07145200,37.561667,-97.852778,2007-07-05 09:00:00,2007-07-05 13:00:00,46.7228,2007-07-05 11:00:00,2.0000
07145200,37.561667,-97.852778,2007-07-10 08:00:00,2007-07-10 13:00:00,47.0060,2007-07-10 09:00:00,1.0000
07145200,37.561667,-97.852778,2007-07-13 00:00:00,2007-07-13 02:00:00,41.6258,2007-07-13 01:00:00,1.0000
07145200,37.561667,-97.852778,2007-07-15 07:00:00,2007-07-15 21:00:00,56.3505,2007-07-15 16:00:00,9.0000
07145200,37.561667,-97.852778,2008-05-09 10:00:00,2008-05-10 02:00:00,68.2436,2008-05-09 15:00:00,5.0000
07145200,37.561667,-97.852778,2008-09-12 20:00:00,2008-09-13 11:00:00,79.2872,2008-09-13 01:00:00,5.0000
07145200,37.561667,-97.852778,2009-04-27 02:00:00,2009-04-28 03:00:00,96.2773,2009-04-27 05:00:00,3.0000
07145200,37.561667,-97.852778,2009-05-01 18:00:00,2009-05-02 00:00:00,51.8198,2009-05-01 20:00:00,2.0000
07145200,37.561667,-97.852778,2009-09-09 00:00:00,2009-09-09 20:00:00,53.5188,2009-09-09 18:00:00,18.0000
07145200,37.561667,-97.852778,2009-09-11 19:00:00,2009-09-12 00:00:00,52.1030,2009-09-11 21:00:00,2.0000
07145200,37.561667,-97.852778,2010-05-26 19:00:00,2010-05-27 01:00:00,47.0060,2010-05-26 21:00:00,2.0000
07145200,37.561667,-97.852778,2010-06-14 05:00:00,2010-06-16 14:00:00,165.3704,2010-06-14 12:00:00,7.0000
07145200,37.561667,-97.852778,2010-07-04 22:00:00,2010-07-06 22:00:00,126.5763,2010-07-05 00:00:00,2.0000
07145200,37.561667,-97.852778,2010-08-25 06:00:00,2010-08-26 17:00:00,99.1090,2010-08-25 15:00:00,9.0000
07145200,37.561667,-97.852778,2012-02-03 15:00:00,2012-02-04 20:00:00,105.0555,2012-02-03 21:45:00,6.7500
07145200,37.561667,-97.852778,2013-08-08 13:15:00,2013-08-10 20:15:00,86.6496,2013-08-10 09:30:00,44.2500
07145200,37.561667,-97.852778,2014-07-11 09:45:00,2014-07-11 22:45:00,58.6159,2014-07-11 16:30:00,6.7500
07145200,37.561667,-97.852778,2015-05-17 02:00:00,2015-05-17 16:30:00,129.9743,2015-05-17 05:45:00,3.7500
07145200,37.561667,-97.852778,2015-05-24 01:45:00,2015-05-25 02:45:00,80.7030,2015-05-24 06:45:00,5.0000
07145200,37.561667,-97.852778,2015-06-15 10:30:00,2015-06-15 19:30:00,64.8456,2015-06-15 13:45:00,3.2500
07145200,37.561667,-97.852778,2015-12-13 18:00:00,2015-12-14 07:00:00,65.1287,2015-12-13 23:00:00,5.0000
07157500,37.032500,-100.210833,1993-05-01 01:59:00,1993-05-01 02:59:00,10.5339,1993-05-01 02:14:00,0.2500
07157500,37.032500,-100.210833,1993-06-03 13:29:00,1993-06-03 20:59:00,12.0630,1993-06-03 14:59:00,1.5000
07157500,37.032500,-100.210833,1995-05-09 02:44:00,1995-05-09 06:44:00,6.4562,1995-05-09 03:59:00,1.2500
07157500,37.032500,-100.210833,1995-06-26 08:44:00,1995-06-26 12:29:00,6.1164,1995-06-26 10:29:00,1.7500
07157500,37.032500,-100.210833,1995-06-29 17:29:00,1995-06-30 01:29:00,13.1107,1995-06-29 18:29:00,1.0000
07157500,37.032500,-100.210833,1996-07-26 16:15:00,1996-07-27 00:00:00,11.6099,1996-07-26 17:15:00,1.0000
07157500,37.032500,-100.210833,1996-08-23 10:15:00,1996-08-24 09:00:00,13.9319,1996-08-23 12:00:00,1.7500
07157500,37.032500,-100.210833,2002-08-13 08:30:00,2002-08-13 13:00:00,25.5135,2002-08-13 10:15:00,1.7500
07157500,37.032500,-100.210833,2003-05-16 19:15:00,2003-05-19 11:00:00,54.0852,2003-05-17 05:30:00,10.2500
07157500,37.032500,-100.210833,2004-04-20 11:00:00,2004-04-20 13:00:00,8.8065,2004-04-20 11:45:00,0.7500
07157500,37.032500,-100.210833,2015-07-23 14:00:00,2015-07-23 17:45:00,6.5695,2015-07-23 16:00:00,2.0000
07157950,36.851944,-99.315000,1992-06-29 18:45:00,1992-06-30 23:15:00,36.2456,1992-06-30 07:45:00,13.0000
07157950,36.851944,-99.315000,2002-07-29 21:00:00,2002-07-29 22:30:00,19.7652,2002-07-29 21:30:00,0.5000
07157950,36.851944,-99.315000,2002-10-04 05:00:00,2002-10-04 05:30:00,19.1422,2002-10-04 05:30:00,0.5000
07157950,36.851944,-99.315000,2003-05-19 11:30:00,2003-05-20 14:00:00,30.2990,2003-05-19 23:30:00,12.0000
07157950,36.851944,-99.315000,2005-06-19 03:00:00,2005-06-19 12:30:00,19.1422,2005-06-19 08:30:00,5.5000
07157950,36.851944,-99.315000,2007-03-31 03:30:00,2007-04-03 07:00:00,53.2357,2007-03-31 15:00:00,11.5000
07157950,36.851944,-99.315000,2007-04-15 00:30:00,2007-04-18 07:30:00,53.2357,2007-04-16 20:30:00,44.0000
07157950,36.851944,-99.315000,2007-05-07 06:30:00,2007-05-10 18:00:00,166.2199,2007-05-08 05:30:00,23.0000
07157950,36.851944,-99.315000,2007-05-25 16:00:00,2007-05-26 14:00:00,30.0159,2007-05-26 04:00:00,12.0000
07157950,36.851944,-99.315000,2007-06-14 02:30:00,2007-06-17 10:00:00,65.1287,2007-06-15 14:30:00,36.0000
07157950,36.851944,-99.315000,2007-06-21 13:00:00,2007-06-22 03:30:00,22.7101,2007-06-21 20:00:00,7.0000
07157950,36.851944,-99.315000,2007-07-14 01:00:00,2007-07-15 09:30:00,27.5806,2007-07-14 07:30:00,6.5000
07157950,36.851944,-99.315000,2008-10-16 06:30:00,2008-10-16 21:00:00,26.1931,2008-10-16 11:00:00,4.5000
07157950,36.851944,-99.315000,2009-04-29 12:30:00,2009-05-01 05:00:00,30.0159,2009-04-29 14:30:00,2.0000
07157950,36.851944,-99.315000,2014-06-04 03:00:00,2014-06-04 11:30:00,21.4359,2014-06-04 06:30:00,3.5000
07157950,36.851944,-99.315000,2014-06-28 19:00:00,2014-06-30 00:00:00,34.2634,2014-06-29 00:00:00,5.0000
07157950,36.851944,-99.315000,2014-07-02 17:00:00,2014-07-05 10:30:00,70.7921,2014-07-03 12:00:00,19.0000
07157950,36.851944,-99.315000,2015-05-25 06:00:00,2015-05-25 17:30:00,20.5014,2015-05-25 11:30:00,5.5000
07157950,36.851944,-99.315000,2015-05-29 19:00:00,2015-06-01 18:30:00,24.3525,2015-05-30 00:30:00,5.5000
07157950,36.851944,-99.315000,2016-04-30 23:00:00,2016-05-02 14:30:00,36.2456,2016-05-01 08:00:00,9.0000
07227500,35.470278,-101.879167,1992-06-05 12:00:00,1992-06-05 14:00:00,421.9210,1992-06-05 13:00:00,1.0000
07227500,35.470278,-101.879167,1992-06-12 09:00:00,1992-06-12 12:00:00,549.3468,1992-06-12 10:00:00,1.0000
07227500,35.470278,-101.879167,1994-10-05 08:45:00,1994-10-05 18:00:00,1619.7236,1994-10-05 11:45:00,3.0000
07227500,35.470278,-101.879167,1996-07-14 06:30:00,1996-07-14 10:30:00,399.2675,1996-07-14 08:00:00,1.5000
07227500,35.470278,-101.879167,1996-08-10 14:00:00,1996-08-11 02:00:00,419.0893,1996-08-10 18:00:00,4.0000
07227500,35.470278,-101.879167,1999-05-27 09:00:00,1999-05-27 13:30:00,334.1388,1999-05-27 12:30:00,3.5000
07227500,35.470278,-101.879167,2000-10-24 06:00:00,2000-10-24 10:30:00,353.9606,2000-10-24 08:00:00,2.0000
07227500,35.470278,-101.879167,2004-06-22 10:45:00,2004-06-22 15:00:00,331.3071,2004-06-22 12:45:00,2.0000
07227500,35.470278,-101.879167,2013-09-20 02:30:00,2013-09-20 06:15:00,444.5745,2013-09-20 04:30:00,2.0000
07227500,35.470278,-101.879167,2015-10-23 04:00:00,2015-10-23 08:45:00,270.1427,2015-10-23 06:30:00,2.5000
07300000,34.957500,-100.220556,1995-08-02 20:19:48,1995-08-02 21:49:51,108.4535,1995-08-02 20:49:48,0.5000
07300000,34.957500,-100.220556,1997-04-25 13:00:00,1997-04-26 14:00:00,183.2100,1997-04-25 21:30:00,8.5000
07300000,34.957500,-100.220556,1997-06-12 04:00:00,1997-06-12 04:30:00,100.8080,1997-06-12 04:30:00,0.5000
07300000,34.957500,-100.220556,2001-05-04 20:00:00,2001-05-05 02:30:00,151.7783,2001-05-04 21:00:00,1.0000
07300000,34.957500,-100.220556,2003-09-11 08:00:00,2003-09-11 19:00:00,125.4436,2003-09-11 09:30:00,1.5000
07300000,34.957500,-100.220556,2010-07-07 13:30:00,2010-07-07 23:15:00,226.5348,2010-07-07 16:30:00,3.0000
07300000,34.957500,-100.220556,2015-05-19 22:00:00,2015-05-20 00:15:00,95.7109,2015-05-19 22:30:00,0.5000
07300000,34.957500,-100.220556,2015-05-23 18:45:00,2015-05-24 14:30:00,275.2397,2015-05-23 22:00:00,3.2500
07065495,37.148057,-91.443056,1993-09-25 05:15:00,1993-09-26 13:30:00,1203.4660,1993-09-26 00:15:00,19.0000
07065495,37.148057,-91.443056,1993-11-14 12:00:00,1993-11-15 18:15:00,1379.0304,1993-11-14 19:30:00,7.5000
07065495,37.148057,-91.443056,1994-02-23 06:15:00,1994-02-23 09:30:00,126.5763,1994-02-23 07:45:00,1.5000
07065495,37.148057,-91.443056,1994-04-10 22:00:00,1994-04-13 03:45:00,300.1586,1994-04-12 18:45:00,44.7500
07065495,37.148057,-91.443056,1994-04-30 15:30:00,1994-05-01 05:00:00,183.4932,1994-04-30 23:15:00,7.7500
07065495,37.148057,-91.443056,1994-05-07 16:15:00,1994-05-08 05:15:00,540.8518,1994-05-07 20:00:00,3.7500
07065495,37.148057,-91.443056,1994-11-05 23:45:00,1994-11-06 08:15:00,200.2001,1994-11-06 04:15:00,4.5000
07065495,37.148057,-91.443056,1995-02-27 22:15:00,1995-02-28 06:15:00,210.6773,1995-02-28 01:45:00,3.5000
07065495,37.148057,-91.443056,1995-03-07 22:45:00,1995-03-08 05:00:00,169.0516,1995-03-08 01:30:00,2.7500
07065495,37.148057,-91.443056,1995-05-01 22:00:00,1995-05-02 10:00:00,286.0002,1995-05-02 02:45:00,4.7500
07065495,37.148057,-91.443056,1996-04-23 20:15:00,1996-04-23 23:15:00,116.3822,1996-04-23 21:30:00,1.2500
07065495,37.148057,-91.443056,1996-04-29 04:00:00,1996-04-29 11:30:00,234.1803,1996-04-29 07:15:00,3.2500
07065495,37.148057,-91.443056,1996-05-07 00:45:00,1996-05-07 07:30:00,160.2734,1996-05-07 03:30:00,2.7500
07065495,37.148057,-91.443056,1996-09-27 08:45:00,1996-09-27 15:30:00,176.6971,1996-09-27 12:00:00,3.2500
07065495,37.148057,-91.443056,1996-11-08 02:00:00,1996-11-08 08:30:00,169.0516,1996-11-08 05:00:00,3.0000
07065495,37.148057,-91.443056,1997-02-21 05:00:00,1997-02-21 08:30:00,147.5308,1997-02-21 06:30:00,1.5000
07065495,37.148057,-91.443056,1997-02-27 07:30:00,1997-02-27 21:15:00,373.7824,1997-02-27 14:00:00,6.5000
07065495,37.148057,-91.443056,1997-04-05 21:30:00,1997-04-06 08:45:00,197.6516,1997-04-06 00:45:00,3.2500
07065495,37.148057,-91.443056,1997-05-31 06:30:00,1997-05-31 11:30:00,165.0872,1997-05-31 08:45:00,2.2500
07065495,37.148057,-91.443056,1998-10-06 16:30:00,1998-10-07 00:30:00,162.5387,1998-10-06 21:00:00,4.5000
07065495,37.148057,-91.443056,1999-04-15 01:30:00,1999-04-15 13:15:00,167.3526,1999-04-15 07:45:00,6.2500
07065495,37.148057,-91.443056,1999-05-05 13:00:00,1999-05-05 17:15:00,147.8139,1999-05-05 14:45:00,1.7500
07065495,37.148057,-91.443056,2001-02-25 09:00:00,2001-02-25 21:08:30,225.4021,2001-02-25 15:00:00,6.0000
07065495,37.148057,-91.443056,2002-02-01 11:00:00,2002-02-01 15:00:00,130.2575,2002-02-01 13:15:00,2.2500
07065495,37.148057,-91.443056,2002-03-09 21:00:00,2002-03-10 05:00:00,161.9724,2002-03-10 01:15:00,4.2500
07065495,37.148057,-91.443056,2002-03-20 08:30:00,2002-03-20 21:45:00,165.3704,2002-03-20 13:45:00,5.2500
07065495,37.148057,-91.443056,2002-04-08 19:30:00,2002-04-09 04:15:00,169.6179,2002-04-08 23:30:00,4.0000
07065495,37.148057,-91.443056,2002-05-08 13:45:00,2002-05-10 00:30:00,1132.6739,2002-05-08 18:45:00,5.0000
07065495,37.148057,-91.443056,2002-05-17 14:15:00,2002-05-18 13:15:00,379.4457,2002-05-17 22:30:00,8.2500
07065495,37.148057,-91.443056,2002-07-20 02:15:00,2002-07-20 09:15:00,231.3486,2002-07-20 06:00:00,3.7500
07065495,37.148057,-91.443056,2003-11-18 11:45:00,2003-11-19 22:15:00,495.5448,2003-11-18 21:30:00,9.7500
07065495,37.148057,-91.443056,2003-12-10 18:30:00,2003-12-10 20:45:00,116.6654,2003-12-10 19:45:00,1.2500
07065495,37.148057,-91.443056,2004-03-05 17:00:00,2004-03-05 23:15:00,148.9466,2004-03-05 20:00:00,3.0000
07065495,37.148057,-91.443056,2004-04-24 18:45:00,2004-04-25 17:30:00,535.1884,2004-04-25 04:15:00,9.5000
07065495,37.148057,-91.443056,2004-05-01 15:00:00,2004-05-02 06:15:00,348.2972,2004-05-01 22:15:00,7.2500
07065495,37.148057,-91.443056,2005-01-13 22:00:00,2005-01-14 09:45:00,179.5288,2005-01-14 04:45:00,6.7500
07065495,37.148057,-91.443056,2005-11-15 17:30:00,2005-11-16 10:45:00,447.4062,2005-11-16 01:30:00,8.0000
07065495,37.148057,-91.443056,2006-03-12 22:00:00,2006-03-13 06:15:00,168.7684,2006-03-13 02:00:00,4.0000
07065495,37.148057,-91.443056,2006-05-10 22:00:00,2006-05-11 06:00:00,160.8397,2006-05-11 00:30:00,2.5000
07065495,37.148057,-91.443056,2006-07-11 04:45:00,2006-07-12 14:00:00,254.8516,2006-07-12 10:15:00,29.5000
07065495,37.148057,-91.443056,2006-12-01 00:00:00,2006-12-02 04:30:00,563.5052,2006-12-01 13:45:00,13.7500
07065495,37.148057,-91.443056,2008-02-17 16:45:00,2008-02-18 11:15:00,447.4062,2008-02-17 22:30:00,5.7500
07065495,37.148057,-91.443056,2008-03-04 03:45:00,2008-03-04 21:15:00,424.7527,2008-03-04 11:00:00,7.2500
07065495,37.148057,-91.443056,2008-03-18 17:45:00,2008-03-20 19:45:00,849.5054,2008-03-19 11:00:00,17.2500
07065495,37.148057,-91.443056,2008-04-01 11:15:00,2008-04-01 22:00:00,227.3843,2008-04-01 15:30:00,4.2500
07065495,37.148057,-91.443056,2008-04-04 16:30:00,2008-04-04 22:15:00,134.2219,2008-04-04 18:45:00,2.2500
07065495,37.148057,-91.443056,2008-04-10 15:15:00,2008-04-11 20:00:00,645.6241,2008-04-10 22:30:00,7.2500
07065495,37.148057,-91.443056,2008-05-16 05:45:00,2008-05-16 12:30:00,178.1130,2008-05-16 08:15:00,2.5000
07065495,37.148057,-91.443056,2008-09-05 00:30:00,2008-09-05 07:15:00,164.5209,2008-09-05 03:45:00,3.2500
07065495,37.148057,-91.443056,2008-09-15 01:00:00,2008-09-15 07:15:00,208.6952,2008-09-15 03:45:00,2.7500
07065495,37.148057,-91.443056,2009-02-11 17:30:00,2009-02-12 06:00:00,264.4793,2009-02-11 22:15:00,4.7500
07065495,37.148057,-91.443056,2009-05-01 21:00:00,2009-05-02 09:45:00,356.7923,2009-05-02 01:45:00,4.7500
07065495,37.148057,-91.443056,2009-07-30 07:30:00,2009-07-30 23:30:00,373.7824,2009-07-30 10:45:00,3.2500
07065495,37.148057,-91.443056,2009-10-09 19:30:00,2009-10-10 07:30:00,133.3723,2009-10-09 23:15:00,3.7500
07065495,37.148057,-91.443056,2009-10-23 10:45:00,2009-10-23 22:15:00,143.0001,2009-10-23 17:30:00,6.7500
07065495,37.148057,-91.443056,2009-10-30 06:15:00,2009-10-31 11:15:00,402.0992,2009-10-30 21:30:00,15.2500
07065495,37.148057,-91.443056,2010-01-22 07:00:00,2010-01-22 08:15:00,112.9842,2010-01-22 07:30:00,0.5000
07065495,37.148057,-91.443056,2010-01-24 17:00:00,2010-01-24 22:45:00,126.0100,2010-01-24 19:30:00,2.5000
07065495,37.148057,-91.443056,2010-05-21 01:45:00,2010-05-21 03:45:00,115.8159,2010-05-21 02:45:00,1.0000
07065495,37.148057,-91.443056,2011-04-22 19:00:00,2011-04-28 19:30:00,631.4657,2011-04-26 10:45:00,87.7500
07065495,37.148057,-91.443056,2011-05-02 13:00:00,2011-05-03 02:45:00,254.2853,2011-05-02 18:15:00,5.2500
07065495,37.148057,-91.443056,2013-02-26 19:00:00,2013-02-27 03:45:00,155.4595,2013-02-26 22:15:00,3.2500
07065495,37.148057,-91.443056,2013-04-19 05:00:00,2013-04-19 10:45:00,203.5981,2013-04-19 07:30:00,2.5000
07065495,37.148057,-91.443056,2013-04-27 19:00:00,2013-04-28 05:00:00,146.9644,2013-04-27 23:15:00,4.2500
07065495,37.148057,-91.443056,2013-06-01 16:15:00,2013-06-02 12:00:00,611.6439,2013-06-02 00:00:00,7.7500
07065495,37.148057,-91.443056,2013-08-06 23:45:00,2013-08-08 11:15:00,319.9804,2013-08-08 04:30:00,28.7500
07065495,37.148057,-91.443056,2013-08-10 14:45:00,2013-08-11 02:45:00,248.0556,2013-08-10 20:15:00,5.5000
07065495,37.148057,-91.443056,2015-03-14 23:30:00,2015-03-15 01:15:00,114.1169,2015-03-15 00:00:00,0.5000
07065495,37.148057,-91.443056,2015-03-26 15:15:00,2015-03-27 03:15:00,215.2080,2015-03-26 20:30:00,5.2500
07065495,37.148057,-91.443056,2015-07-10 17:00:00,2015-07-11 11:00:00,504.0399,2015-07-11 01:00:00,8.0000
07065495,37.148057,-91.443056,2015-11-18 05:45:00,2015-11-18 21:30:00,583.3270,2015-11-18 12:15:00,6.5000
07065495,37.148057,-91.443056,2015-12-14 15:45:00,2015-12-14 21:15:00,139.0357,2015-12-14 18:00:00,2.2500
07065495,37.148057,-91.443056,2015-12-27 10:15:00,2015-12-29 17:45:00,719.2479,2015-12-29 00:30:00,38.2500
07065495,37.148057,-91.443056,2016-05-12 23:15:00,2016-05-13 04:45:00,141.0179,2016-05-13 02:00:00,2.7500
07094500,38.487222,-105.373056,1995-06-16 09:00:00,1995-06-24 23:15:00,193.4041,1995-06-18 19:15:00,58.2500
07094500,38.487222,-105.373056,1995-06-28 11:30:00,1995-07-02 21:45:00,134.7882,1995-06-28 23:15:00,11.7500
07094500,38.487222,-105.373056,1995-07-10 14:45:00,1995-07-20 06:00:00,176.9803,1995-07-14 20:45:00,102.0000
07094500,38.487222,-105.373056,1996-06-15 00:15:00,1996-06-15 00:30:00,125.7268,1996-06-15 00:30:00,0.2500
07094500,38.487222,-105.373056,1997-06-04 17:15:00,1997-06-05 01:00:00,126.5763,1997-06-04 19:45:00,2.5000
07094500,38.487222,-105.373056,1997-06-21 06:00:00,1997-06-24 22:30:00,141.3011,1997-06-21 20:45:00,14.7500
07094500,38.487222,-105.373056,2010-06-06 10:15:00,2010-06-09 07:15:00,149.5130,2010-06-06 19:30:00,9.2500
07094500,38.487222,-105.373056,2014-05-31 15:30:00,2014-06-08 03:00:00,131.9565,2014-06-02 19:00:00,51.5000
07094500,38.487222,-105.373056,2015-06-11 11:45:00,2015-06-26 02:00:00,179.2456,2015-06-18 19:00:00,175.2500
07105500,38.816389,-104.822222,1994-09-03 04:15:00,1994-09-03 05:00:00,286.0002,1994-09-03 04:45:00,0.5000
07105500,38.816389,-104.822222,1999-04-30 01:30:00,1999-05-01 06:00:00,268.7269,1999-04-30 20:15:00,18.7500
07105500,38.816389,-104.822222,2001-07-10 01:15:00,2001-07-10 01:20:00,171.0338,2001-07-10 01:20:00,0.0833
07105500,38.816389,-104.822222,2001-07-14 02:15:00,2001-07-14 02:20:00,163.3882,2001-07-14 02:20:00,0.0833
07105500,38.816389,-104.822222,2011-09-14 22:30:00,2011-09-15 06:00:00,181.7942,2011-09-14 23:00:00,0.5000
07105500,38.816389,-104.822222,2012-06-07 03:15:00,2012-06-07 04:15:00,198.2179,2012-06-07 03:45:00,0.5000
07105500,38.816389,-104.822222,2013-09-12 08:15:00,2013-09-13 13:45:00,245.5071,2013-09-12 09:30:00,1.2500
07105500,38.816389,-104.822222,2015-05-09 11:15:00,2015-05-10 00:00:00,164.8040,2015-05-09 11:30:00,0.2500
07106000,38.601667,-104.669722,1997-06-07 06:45:00,1997-06-07 09:00:00,217.7566,1997-06-07 07:00:00,0.2500
07106000,38.601667,-104.669722,1997-06-10 07:15:00,1997-06-10 14:30:00,294.4952,1997-06-10 11:30:00,4.2500
07106000,38.601667,-104.669722,1999-04-29 09:45:00,1999-05-02 02:45:00,569.1686,1999-04-30 18:45:00,33.0000
07106000,38.601667,-104.669722,1999-05-25 16:15:00,1999-05-25 18:30:00,253.4358,1999-05-25 17:15:00,1.0000
07106000,38.601667,-104.669722,1999-08-01 00:00:00,1999-08-01 03:45:00,282.3190,1999-08-01 02:00:00,2.0000
07106000,38.601667,-104.669722,1999-08-05 06:30:00,1999-08-05 10:45:00,291.6635,1999-08-05 07:45:00,1.2500
07106000,38.601667,-104.669722,1999-08-06 22:45:00,1999-08-06 23:30:00,214.3585,1999-08-06 23:15:00,0.5000
07106000,38.601667,-104.669722,2003-06-20 04:00:00,2003-06-20 04:15:00,190.0060,2003-06-20 04:15:00,0.2500
07106000,38.601667,-104.669722,2003-08-31 09:30:00,2003-08-31 10:45:00,228.2338,2003-08-31 09:45:00,0.2500
07106000,38.601667,-104.669722,2004-06-28 03:00:00,2004-06-28 03:30:00,191.7051,2004-06-28 03:15:00,0.2500
07106000,38.601667,-104.669722,2004-07-17 02:00:00,2004-07-17 04:45:00,231.9150,2004-07-17 03:30:00,1.5000
07106000,38.601667,-104.669722,2004-07-24 03:30:00,2004-07-24 05:00:00,245.2239,2004-07-24 04:00:00,0.5000
07106000,38.601667,-104.669722,2004-08-05 06:00:00,2004-08-05 06:30:00,228.2338,2004-08-05 06:07:30,0.1250
07106000,38.601667,-104.669722,2004-08-22 01:30:00,2004-08-22 01:45:00,192.8377,2004-08-22 01:45:00,0.2500
07106000,38.601667,-104.669722,2005-08-20 23:15:00,2005-08-21 00:45:00,282.3190,2005-08-21 00:00:00,0.7500
07106000,38.601667,-104.669722,2008-09-12 09:00:00,2008-09-12 10:15:00,232.7645,2008-09-12 09:52:00,0.8667
07106000,38.601667,-104.669722,2011-09-15 02:30:00,2011-09-15 11:00:00,297.3269,2011-09-15 08:15:00,5.7500
07106000,38.601667,-104.669722,2012-06-07 05:45:00,2012-06-07 07:15:00,234.4635,2012-06-07 06:15:00,0.5000
07106000,38.601667,-104.669722,2013-09-12 11:45:00,2013-09-13 17:30:00,433.2478,2013-09-13 07:35:00,19.8333
07106000,38.601667,-104.669722,2013-09-15 22:15:00,2013-09-16 02:00:00,302.9903,2013-09-15 23:45:00,1.5000
07106000,38.601667,-104.669722,2014-10-09 21:45:00,2014-10-10 00:00:00,236.1625,2014-10-09 22:30:00,0.7500
07106000,38.601667,-104.669722,2015-05-08 18:15:00,2015-05-10 03:00:00,234.4635,2015-05-09 14:30:00,20.2500
07106000,38.601667,-104.669722,2015-05-19 11:45:00,2015-05-20 01:15:00,308.6536,2015-05-19 17:45:00,6.0000
07106000,38.601667,-104.669722,2015-06-16 06:15:00,2015-06-16 10:15:00,594.6538,2015-06-16 07:45:00,1.5000
07137500,38.027500,-102.011111,1992-07-26 19:45:00,1992-07-26 23:45:00,64.5624,1992-07-26 22:45:00,3.0000
07137500,38.027500,-102.011111,1992-08-17 20:45:00,1992-08-18 01:45:00,64.8456,1992-08-17 22:45:00,2.0000
07137500,38.027500,-102.011111,1995-06-06 03:15:00,1995-06-06 05:30:00,52.6693,1995-06-06 03:45:00,0.5000
07137500,38.027500,-102.011111,1996-05-26 11:45:00,1996-05-29 07:00:00,110.1525,1996-05-28 19:00:00,55.2500
07137500,38.027500,-102.011111,1997-07-31 14:00:00,1997-07-31 17:30:00,54.0852,1997-07-31 16:00:00,2.0000
07137500,38.027500,-102.011111,1997-08-06 22:00:00,1997-08-08 12:45:00,92.8793,1997-08-08 05:45:00,31.7500
07137500,38.027500,-102.011111,1997-08-13 15:00:00,1997-08-15 06:45:00,98.5426,1997-08-14 15:00:00,24.0000
07137500,38.027500,-102.011111,1998-07-25 15:45:00,1998-07-27 03:00:00,61.4476,1998-07-26 08:15:00,16.5000
07137500,38.027500,-102.011111,1998-08-01 03:45:00,1998-08-02 13:30:00,81.2693,1998-08-02 09:00:00,29.2500
07137500,38.027500,-102.011111,1999-05-05 06:00:00,1999-06-25 12:00:00,98.5426,1999-05-06 10:00:00,28.0000
07137500,38.027500,-102.011111,1999-08-02 09:00:00,1999-08-03 21:00:00,71.3585,1999-08-03 02:00:00,17.0000
07137500,38.027500,-102.011111,1999-08-12 08:00:00,1999-08-18 15:00:00,80.7030,1999-08-16 06:00:00,94.0000
07137500,38.027500,-102.011111,2002-07-06 16:00:00,2002-07-06 20:00:00,64.2792,2002-07-06 19:00:00,3.0000
07137500,38.027500,-102.011111,2002-08-30 05:15:00,2002-08-30 09:00:00,54.6515,2002-08-30 07:00:00,1.7500
07137500,38.027500,-102.011111,2015-08-17 14:30:00,2015-08-17 23:15:00,82.4020,2015-08-17 17:30:00,3.0000
07144910,37.637778,-98.720556,1991-04-13 02:15:00,1991-04-14 05:00:00,744.7331,1991-04-13 06:45:00,4.5000
07144910,37.637778,-98.720556,1993-05-09 22:00:00,1993-05-10 13:00:00,27.9770,1993-05-10 06:00:00,8.0000
07144910,37.637778,-98.720556,1993-05-11 22:00:00,1993-05-12 01:00:00,14.8097,1993-05-11 23:00:00,1.0000
07144910,37.637778,-98.720556,1993-08-06 03:00:00,1993-08-06 16:00:00,26.8727,1993-08-06 06:00:00,3.0000
07144910,37.637778,-98.720556,1995-05-08 08:00:00,1995-05-08 21:00:00,22.0022,1995-05-08 14:00:00,6.0000
07144910,37.637778,-98.720556,1995-05-27 03:00:00,1995-05-28 12:00:00,107.0377,1995-05-27 15:00:00,12.0000
07144910,37.637778,-98.720556,1995-06-09 01:00:00,1995-06-09 12:00:00,24.0976,1995-06-09 02:00:00,1.0000
07144910,37.637778,-98.720556,1996-07-26 23:00:00,1996-07-27 04:00:00,17.4432,1996-07-27 01:00:00,2.0000
07144910,37.637778,-98.720556,1996-08-01 17:45:00,1996-08-02 05:00:00,75.0396,1996-08-01 19:45:00,2.0000
07144910,37.637778,-98.720556,1996-08-03 11:00:00,1996-08-04 07:00:00,151.7783,1996-08-03 13:00:00,2.0000
07144910,37.637778,-98.720556,1996-08-20 07:00:00,1996-08-21 08:00:00,45.0238,1996-08-20 19:00:00,12.0000
07144910,37.637778,-98.720556,1996-09-19 08:45:00,1996-09-20 11:15:00,82.6852,1996-09-19 21:00:00,12.2500
07144910,37.637778,-98.720556,1996-11-16 10:00:00,1996-11-17 16:00:00,97.6931,1996-11-17 03:00:00,17.0000
07144910,37.637778,-98.720556,1997-05-19 02:00:00,1997-05-19 22:00:00,137.0535,1997-05-19 09:00:00,7.0000
07144910,37.637778,-98.720556,1997-05-30 07:00:00,1997-05-30 10:00:00,16.3105,1997-05-30 09:00:00,2.0000
07144910,37.637778,-98.720556,1997-06-26 19:00:00,1997-06-27 03:00:00,20.3032,1997-06-26 23:00:00,4.0000
07144910,37.637778,-98.720556,1997-07-20 05:00:00,1997-07-21 02:00:00,167.6357,1997-07-20 12:00:00,7.0000
07144910,37.637778,-98.720556,2000-03-23 14:00:00,2000-03-24 19:00:00,100.8080,2000-03-24 02:00:00,12.0000
07144910,37.637778,-98.720556,2000-06-26 17:00:00,2000-06-26 21:00:00,16.5087,2000-06-26 18:00:00,1.0000
07144910,37.637778,-98.720556,2002-10-03 16:00:00,2002-10-04 20:00:00,49.5545,2002-10-04 12:00:00,20.0000
07144910,37.637778,-98.720556,2007-03-31 15:00:00,2007-04-01 11:00:00,41.3426,2007-03-31 22:00:00,7.0000
07144910,37.637778,-98.720556,2007-04-15 07:00:00,2007-04-15 12:00:00,15.4893,2007-04-15 09:00:00,2.0000
07144910,37.637778,-98.720556,2007-07-13 07:00:00,2007-07-14 08:00:00,39.3604,2007-07-13 19:00:00,12.0000
07144910,37.637778,-98.720556,2009-09-13 08:00:00,2009-09-13 14:00:00,17.3299,2009-09-13 11:00:00,3.0000
07144910,37.637778,-98.720556,2010-06-13 11:00:00,2010-06-14 09:00:00,30.0159,2010-06-13 23:00:00,12.0000
07144910,37.637778,-98.720556,2010-08-17 18:00:00,2010-08-18 10:00:00,41.9089,2010-08-17 22:00:00,4.0000
07144910,37.637778,-98.720556,2010-08-24 11:00:00,2010-08-25 02:00:00,46.7228,2010-08-24 19:00:00,8.0000
07069305,36.313333,-91.482778,2001-12-17 07:00:00,2001-12-17 19:00:00,328.4754,2001-12-17 10:00:00,3.0000
07069305,36.313333,-91.482778,2002-01-24 07:30:00,2002-01-24 10:45:00,297.3269,2002-01-24 08:45:00,1.2500
07069305,36.313333,-91.482778,2002-01-31 23:45:00,2002-02-02 00:00:00,407.7626,2002-02-01 07:15:00,7.5000
07069305,36.313333,-91.482778,2002-03-10 01:15:00,2002-03-10 11:15:00,278.3546,2002-03-10 04:30:00,3.2500
07069305,36.313333,-91.482778,2002-03-19 21:15:00,2002-03-21 11:30:00,546.5151,2002-03-20 14:30:00,17.2500
07069305,36.313333,-91.482778,2002-03-26 00:30:00,2002-03-26 18:15:00,441.7428,2002-03-26 04:45:00,4.2500
07069305,36.313333,-91.482778,2002-04-08 18:00:00,2002-04-09 07:15:00,286.0002,2002-04-09 00:30:00,6.5000
07069305,36.313333,-91.482778,2002-04-14 13:30:00,2002-04-14 22:15:00,308.6536,2002-04-14 15:15:00,1.7500
07069305,36.313333,-91.482778,2002-05-09 05:45:00,2002-05-09 07:45:00,252.3031,2002-05-09 06:30:00,0.7500
07069305,36.313333,-91.482778,2002-05-18 05:00:00,2002-05-18 14:45:00,267.5942,2002-05-18 08:00:00,3.0000
07069305,36.313333,-91.482778,2002-07-19 11:15:00,2002-07-19 14:45:00,373.7824,2002-07-19 12:30:00,1.2500
07069305,36.313333,-91.482778,2003-11-18 10:15:00,2003-11-19 15:00:00,1248.7729,2003-11-18 15:15:00,5.0000
07069305,36.313333,-91.482778,2004-04-24 17:45:00,2004-04-25 17:15:00,353.9606,2004-04-25 05:45:00,12.0000
07069305,36.313333,-91.482778,2005-01-13 17:00:00,2005-01-14 12:30:00,376.6141,2005-01-13 20:45:00,3.7500
07069305,36.313333,-91.482778,2006-09-23 07:00:00,2006-09-23 22:30:00,2208.7140,2006-09-23 10:30:00,3.5000
07069305,36.313333,-91.482778,2006-11-16 08:45:00,2006-11-16 15:30:00,269.2932,2006-11-16 11:15:00,2.5000
07069305,36.313333,-91.482778,2006-12-01 04:45:00,2006-12-02 09:45:00,424.7527,2006-12-01 21:45:00,17.0000
07069305,36.313333,-91.482778,2007-01-14 04:45:00,2007-01-16 01:45:00,509.7032,2007-01-15 06:45:00,26.0000
07069305,36.313333,-91.482778,2007-02-13 02:30:00,2007-02-14 10:00:00,475.7230,2007-02-13 09:45:00,7.2500
07069305,36.313333,-91.482778,2008-03-18 17:15:00,2008-03-20 22:00:00,2285.1695,2008-03-19 12:30:00,19.2500
07069305,36.313333,-91.482778,2008-03-30 19:30:00,2008-04-02 04:45:00,659.7825,2008-04-01 05:45:00,34.2500
07069305,36.313333,-91.482778,2008-04-03 14:15:00,2008-04-05 06:30:00,535.1884,2008-04-04 12:30:00,22.2500
07069305,36.313333,-91.482778,2008-04-10 10:30:00,2008-04-12 00:00:00,1985.0109,2008-04-11 00:30:00,14.0000
07069305,36.313333,-91.482778,2009-02-11 13:00:00,2009-02-11 15:45:00,266.4615,2009-02-11 14:00:00,1.0000
07069305,36.313333,-91.482778,2009-05-09 09:30:00,2009-05-09 18:00:00,280.3368,2009-05-09 11:15:00,1.7500
07069305,36.313333,-91.482778,2009-10-09 09:30:00,2009-10-10 15:00:00,382.2774,2009-10-09 18:30:00,9.0000
07069305,36.313333,-91.482778,2009-10-23 05:00:00,2009-10-24 12:00:00,470.0597,2009-10-23 11:45:00,6.7500
07069305,36.313333,-91.482778,2009-10-30 05:15:00,2009-10-31 19:15:00,1381.8621,2009-10-30 13:15:00,8.0000
07069305,36.313333,-91.482778,2009-12-24 16:30:00,2009-12-25 17:30:00,399.2675,2009-12-24 23:45:00,7.2500
07069305,36.313333,-91.482778,2011-04-24 09:30:00,2011-04-28 21:30:00,1976.5159,2011-04-26 06:15:00,44.7500
07069305,36.313333,-91.482778,2011-05-01 05:45:00,2011-05-04 02:30:00,1138.3372,2011-05-02 11:00:00,29.2500
07069305,36.313333,-91.482778,2011-11-22 13:30:00,2011-11-22 20:45:00,261.6477,2011-11-22 19:00:00,5.5000
07069305,36.313333,-91.482778,2013-01-13 04:45:00,2013-01-13 13:45:00,356.7923,2013-01-13 09:30:00,4.7500
07069305,36.313333,-91.482778,2013-08-05 17:45:00,2013-08-05 18:45:00,271.8417,2013-08-05 18:15:00,0.5000
07069305,36.313333,-91.482778,2013-12-21 18:45:00,2013-12-22 19:00:00,438.9111,2013-12-22 00:30:00,5.7500
07069305,36.313333,-91.482778,2015-01-03 14:00:00,2015-01-04 15:45:00,370.9507,2015-01-03 20:45:00,6.7500
07069305,36.313333,-91.482778,2015-03-13 18:15:00,2015-03-15 03:15:00,572.0003,2015-03-14 02:30:00,8.2500
07069305,36.313333,-91.482778,2015-03-26 08:45:00,2015-03-27 10:00:00,345.4655,2015-03-26 16:30:00,7.7500
07069305,36.313333,-91.482778,2015-04-03 16:00:00,2015-04-03 17:15:00,260.5150,2015-04-03 16:15:00,0.2500
07069305,36.313333,-91.482778,2015-05-11 13:30:00,2015-05-12 03:45:00,404.9309,2015-05-11 18:00:00,4.5000
07069305,36.313333,-91.482778,2015-05-16 19:45:00,2015-05-17 00:15:00,314.3170,2015-05-16 21:00:00,1.2500
07069305,36.313333,-91.482778,2015-05-30 19:00:00,2015-05-31 09:15:00,424.7527,2015-05-31 00:15:00,5.2500
07069305,36.313333,-91.482778,2015-11-18 00:00:00,2015-11-19 03:45:00,855.1688,2015-11-18 05:00:00,5.0000
07069305,36.313333,-91.482778,2015-12-27 17:30:00,2015-12-29 22:00:00,1129.8422,2015-12-28 17:00:00,23.5000
07069305,36.313333,-91.482778,2016-03-31 03:30:00,2016-03-31 04:00:00,245.7902,2016-03-31 03:45:00,0.2500
07069305,36.313333,-91.482778,2016-05-10 06:30:00,2016-05-10 13:45:00,373.7824,2016-05-10 08:00:00,1.5000
07069305,36.313333,-91.482778,2016-05-28 00:00:00,2016-05-28 02:45:00,252.0199,2016-05-28 01:00:00,1.0000
07071500,36.648612,-91.200833,1994-11-05 10:00:00,1994-11-06 22:00:00,467.2280,1994-11-06 06:00:00,20.0000
07071500,36.648612,-91.200833,1996-09-27 11:00:00,1996-09-27 20:00:00,206.4298,1996-09-27 16:00:00,5.0000
07071500,36.648612,-91.200833,1997-04-05 16:00:00,1997-04-06 05:00:00,223.4199,1997-04-06 00:00:00,8.0000
07071500,36.648612,-91.200833,1998-03-20 14:00:00,1998-03-20 20:00:00,178.1130,1998-03-20 17:00:00,3.0000
07071500,36.648612,-91.200833,2002-03-20 05:00:00,2002-03-21 15:00:00,302.9903,2002-03-20 23:00:00,18.0000
07071500,36.648612,-91.200833,2002-04-14 15:00:00,2002-04-15 08:00:00,234.7467,2002-04-15 03:00:00,12.0000
07071500,36.648612,-91.200833,2002-05-08 14:00:00,2002-05-10 09:00:00,784.3767,2002-05-09 05:00:00,15.0000
07071500,36.648612,-91.200833,2002-05-13 14:00:00,2002-05-14 14:00:00,311.4853,2002-05-14 00:00:00,10.0000
07071500,36.648612,-91.200833,2002-05-17 14:00:00,2002-05-18 20:00:00,242.3922,2002-05-18 04:00:00,14.0000
07071500,36.648612,-91.200833,2003-11-18 20:00:00,2003-11-19 13:00:00,283.1685,2003-11-19 07:00:00,11.0000
07071500,36.648612,-91.200833,2004-04-25 05:00:00,2004-04-26 03:00:00,521.0300,2004-04-25 12:00:00,7.0000
07071500,36.648612,-91.200833,2006-12-01 08:45:00,2006-12-02 13:15:00,404.9309,2006-12-02 03:15:00,18.5000
07071500,36.648612,-91.200833,2008-03-18 18:15:00,2008-03-22 01:00:00,1398.8522,2008-03-19 10:45:00,16.5000
07071500,36.648612,-91.200833,2008-03-30 23:00:00,2008-04-02 14:45:00,390.7725,2008-03-31 12:15:00,13.2500
07071500,36.648612,-91.200833,2008-04-04 05:15:00,2008-04-05 14:15:00,256.8338,2008-04-04 12:45:00,7.5000
07071500,36.648612,-91.200833,2008-04-10 15:30:00,2008-04-12 23:45:00,1172.3174,2008-04-11 07:15:00,15.7500
07071500,36.648612,-91.200833,2011-04-23 18:00:00,2011-04-29 19:15:00,945.7827,2011-04-26 18:30:00,72.5000
07071500,36.648612,-91.200833,2011-05-01 04:00:00,2011-05-04 17:45:00,625.8023,2011-05-02 18:00:00,38.0000
07071500,36.648612,-91.200833,2013-06-01 19:15:00,2013-06-02 14:45:00,226.5348,2013-06-02 07:45:00,12.5000
07071500,36.648612,-91.200833,2013-08-11 05:45:00,2013-08-11 17:45:00,255.4180,2013-08-11 14:00:00,8.2500
07071500,36.648612,-91.200833,2013-12-22 01:00:00,2013-12-22 11:00:00,189.7229,2013-12-22 05:00:00,4.0000
07071500,36.648612,-91.200833,2014-06-29 22:00:00,2014-06-30 03:45:00,208.9783,2014-06-30 00:00:00,2.0000
07071500,36.648612,-91.200833,2015-03-14 05:15:00,2015-03-15 08:00:00,184.9090,2015-03-14 13:00:00,7.7500
07071500,36.648612,-91.200833,2015-11-18 05:45:00,2015-11-19 06:15:00,255.4180,2015-11-18 13:00:00,7.2500
07071500,36.648612,-91.200833,2015-12-28 07:00:00,2015-12-30 09:30:00,713.5845,2015-12-29 07:15:00,24.2500
07071500,36.648612,-91.200833,2016-05-25 05:45:00,2016-05-25 19:00:00,201.8991,2016-05-25 12:45:00,7.0000
07071500,36.648612,-91.200833,2016-05-27 12:00:00,2016-05-28 19:15:00,259.3823,2016-05-27 14:15:00,2.2500
07106500,38.287778,-104.600556,1994-06-03 08:30:00,1994-06-03 10:15:00,348.2972,1994-06-03 09:15:00,0.7500
07106500,38.287778,-104.600556,1995-05-18 03:00:00,1995-05-18 06:30:00,319.9804,1995-05-18 04:45:00,1.7500
07106500,38.287778,-104.600556,1996-07-10 03:15:00,1996-07-10 04:30:00,342.6338,1996-07-10 03:45:00,0.5000
07106500,38.287778,-104.600556,1997-06-10 20:30:00,1997-06-11 01:15:00,286.0002,1997-06-10 22:30:00,2.0000
07106500,38.287778,-104.600556,1999-04-30 13:30:00,1999-05-02 06:30:00,535.1884,1999-04-30 23:45:00,10.2500
07106500,38.287778,-104.600556,1999-08-05 15:15:00,1999-08-05 18:00:00,291.6635,1999-08-05 16:30:00,1.2500
07106500,38.287778,-104.600556,2006-07-10 01:30:00,2006-07-10 02:30:00,263.6298,2006-07-10 02:00:00,0.5000
07106500,38.287778,-104.600556,2011-09-15 19:30:00,2011-09-16 00:15:00,390.7725,2011-09-15 21:05:00,1.5833
07106500,38.287778,-104.600556,2013-09-13 19:30:00,2013-09-13 22:30:00,334.1388,2013-09-13 19:55:00,0.4167
07106500,38.287778,-104.600556,2015-06-16 14:00:00,2015-06-16 20:15:00,523.8617,2015-06-16 18:15:00,4.2500
07124410,37.143889,-104.547222,2004-08-12 19:15:00,2004-08-13 21:00:00,35.6792,2004-08-13 07:00:00,11.7500
07128500,38.033889,-103.200000,1990-07-21 08:30:00,1990-07-21 23:30:00,81.2693,1990-07-21 22:30:00,14.0000
07128500,38.033889,-103.200000,1994-08-21 08:30:00,1994-08-21 13:00:00,54.6515,1994-08-21 12:00:00,3.5000
07128500,38.033889,-103.200000,1995-05-31 06:00:00,1995-06-01 07:00:00,79.8535,1995-06-01 04:00:00,22.0000
07128500,38.033889,-103.200000,1995-06-04 01:00:00,1995-06-04 09:00:00,71.6416,1995-06-04 07:30:00,6.5000
07128500,38.033889,-103.200000,1996-05-26 09:30:00,1996-05-27 12:00:00,68.8099,1996-05-27 01:00:00,15.5000
07128500,38.033889,-103.200000,1996-07-13 15:00:00,1996-07-13 18:00:00,52.1030,1996-07-13 17:30:00,2.5000
07128500,38.033889,-103.200000,1996-07-26 15:30:00,1996-07-27 00:00:00,69.3763,1996-07-26 23:00:00,7.5000
07128500,38.033889,-103.200000,1996-08-20 11:30:00,1996-08-20 13:00:00,50.4040,1996-08-20 12:30:00,1.0000
07128500,38.033889,-103.200000,1996-08-31 06:00:00,1996-08-31 17:30:00,80.1367,1996-08-31 06:30:00,0.5000
07128500,38.033889,-103.200000,1996-09-08 11:52:00,1996-09-08 15:22:00,53.8020,1996-09-08 14:22:00,2.5000
07128500,38.033889,-103.200000,1997-08-12 07:00:00,1997-08-13 02:30:00,70.7921,1997-08-12 12:00:00,5.0000
07128500,38.033889,-103.200000,1998-07-08 08:00:00,1998-07-08 09:30:00,56.9169,1998-07-08 09:00:00,1.0000
07128500,38.033889,-103.200000,1998-08-05 07:00:00,1998-08-05 12:30:00,51.2535,1998-08-05 11:00:00,4.0000
07128500,38.033889,-103.200000,1998-10-02 10:00:00,1998-10-02 17:00:00,54.0852,1998-10-02 16:00:00,6.0000
07128500,38.033889,-103.200000,1999-05-02 05:00:00,1999-05-05 04:00:00,147.2476,1999-05-04 01:00:00,44.0000
07128500,38.033889,-103.200000,1999-08-05 05:15:00,1999-08-06 22:30:00,65.4119,1999-08-06 19:30:00,38.2500
07128500,38.033889,-103.200000,2000-07-18 08:45:00,2000-07-18 11:00:00,51.2535,2000-07-18 10:45:00,2.0000
07128500,38.033889,-103.200000,2001-07-27 12:45:00,2001-07-27 18:15:00,53.8020,2001-07-27 17:00:00,4.2500
07128500,38.033889,-103.200000,2003-06-30 10:30:00,2003-06-30 13:30:00,51.8198,2003-06-30 12:45:00,2.2500
07128500,38.033889,-103.200000,2004-08-15 05:45:00,2004-08-15 17:15:00,59.7485,2004-08-15 15:15:00,9.5000
07128500,38.033889,-103.200000,2004-08-19 09:45:00,2004-08-19 23:00:00,97.4100,2004-08-19 20:05:00,10.3333
07128500,38.033889,-103.200000,2005-04-07 01:15:00,2005-04-07 20:00:00,64.2792,2005-04-07 18:15:00,17.0000
07128500,38.033889,-103.200000,2008-08-16 13:30:00,2008-08-16 14:30:00,46.7228,2008-08-16 13:45:00,0.2500
07128500,38.033889,-103.200000,2008-08-18 00:15:00,2008-08-19 15:00:00,60.3149,2008-08-19 11:00:00,34.7500
07128500,38.033889,-103.200000,2008-10-13 20:30:00,2008-10-14 08:00:00,54.9347,2008-10-13 21:45:00,1.2500
07128500,38.033889,-103.200000,2012-04-12 20:30:00,2012-04-13 06:00:00,69.3763,2012-04-13 05:00:00,8.5000
07128500,38.033889,-103.200000,2013-08-05 03:15:00,2013-08-05 19:45:00,54.6515,2013-08-05 07:45:00,4.5000
07128500,38.033889,-103.200000,2013-08-09 16:15:00,2013-08-11 02:15:00,62.2971,2013-08-11 00:45:00,32.5000
07128500,38.033889,-103.200000,2014-06-08 23:15:00,2014-06-09 13:15:00,80.9862,2014-06-09 11:45:00,12.5000
07128500,38.033889,-103.200000,2014-07-13 06:45:00,2014-07-15 14:30:00,78.1545,2014-07-14 06:00:00,23.2500
07128500,38.033889,-103.200000,2014-07-18 10:00:00,2014-07-19 13:45:00,75.0396,2014-07-19 11:45:00,25.7500
07128500,38.033889,-103.200000,2014-08-11 06:45:00,2014-08-11 08:30:00,52.6693,2014-08-11 07:45:00,1.0000
07128500,38.033889,-103.200000,2014-09-14 02:45:00,2014-09-14 20:30:00,71.9248,2014-09-14 19:15:00,16.5000
07128500,38.033889,-103.200000,2015-05-21 06:30:00,2015-05-22 14:45:00,99.3921,2015-05-22 12:30:00,30.0000
07128500,38.033889,-103.200000,2015-06-12 19:45:00,2015-06-13 00:30:00,46.7228,2015-06-12 20:15:00,0.5000
07142300,37.871667,-98.875833,1993-06-22 09:00:00,1993-06-22 12:00:00,19.3121,1993-06-22 10:00:00,1.0000
07142300,37.871667,-98.875833,1993-07-15 21:45:00,1993-07-17 19:15:00,99.6753,1993-07-16 06:15:00,8.5000
07142300,37.871667,-98.875833,1995-05-10 10:45:00,1995-05-11 06:00:00,24.9471,1995-05-10 12:45:00,2.0000
07142300,37.871667,-98.875833,1995-05-23 04:45:00,1995-05-24 07:00:00,39.9268,1995-05-23 13:00:00,8.2500
07142300,37.871667,-98.875833,1995-07-02 06:00:00,1995-07-02 15:00:00,22.1721,1995-07-02 08:00:00,2.0000
07142300,37.871667,-98.875833,1996-09-21 13:00:00,1996-09-22 19:30:00,33.9802,1996-09-21 19:30:00,6.5000
07142300,37.871667,-98.875833,2007-05-09 04:00:00,2007-05-10 17:15:00,38.2277,2007-05-09 05:45:00,1.7500
07143330,37.946389,-97.774722,1993-06-21 18:00:00,1993-06-22 21:00:00,168.4852,1993-06-22 08:00:00,14.0000
07143330,37.946389,-97.774722,1995-05-27 01:00:00,1995-06-02 06:00:00,351.1289,1995-05-27 19:00:00,18.0000
07143330,37.946389,-97.774722,1995-06-09 07:00:00,1995-06-10 10:00:00,198.2179,1995-06-09 14:00:00,7.0000
07143330,37.946389,-97.774722,1996-06-04 17:00:00,1996-06-05 20:00:00,180.9446,1996-06-05 02:00:00,9.0000
07143330,37.946389,-97.774722,1999-07-17 11:00:00,1999-07-18 02:00:00,182.6437,1999-07-17 17:00:00,6.0000
07143330,37.946389,-97.774722,2000-03-24 02:00:00,2000-03-24 13:00:00,165.0872,2000-03-24 05:00:00,3.0000
07143330,37.946389,-97.774722,2000-03-27 01:00:00,2000-03-28 09:00:00,185.4753,2000-03-27 15:00:00,14.0000
07143330,37.946389,-97.774722,2003-03-22 17:00:00,2003-03-23 10:00:00,166.2199,2003-03-22 23:00:00,6.0000
07143330,37.946389,-97.774722,2007-05-07 16:00:00,2007-05-13 05:00:00,586.1587,2007-05-08 22:00:00,30.0000
07143330,37.946389,-97.774722,2007-05-24 04:00:00,2007-05-30 01:00:00,447.4062,2007-05-27 02:00:00,70.0000
07143330,37.946389,-97.774722,2007-06-02 00:00:00,2007-06-04 15:00:00,171.0338,2007-06-03 10:00:00,34.0000
07143330,37.946389,-97.774722,2009-04-29 03:00:00,2009-04-29 23:00:00,168.7684,2009-04-29 11:00:00,8.0000
07143330,37.946389,-97.774722,2010-06-15 15:00:00,2010-06-16 12:00:00,187.7407,2010-06-15 23:00:00,8.0000
07143330,37.946389,-97.774722,2010-06-18 02:00:00,2010-06-18 19:00:00,151.2120,2010-06-18 08:00:00,6.0000
07143330,37.946389,-97.774722,2013-08-04 12:45:00,2013-08-11 16:30:00,302.9903,2013-08-08 10:30:00,93.7500
07151500,37.128889,-97.601667,1992-05-14 23:00:00,1992-05-15 08:00:00,120.3466,1992-05-15 03:00:00,4.0000
07151500,37.128889,-97.601667,1992-06-14 21:00:00,1992-06-15 23:00:00,165.3704,1992-06-15 11:00:00,14.0000
07151500,37.128889,-97.601667,1992-11-19 20:00:00,1992-11-20 05:00:00,112.4179,1992-11-20 01:00:00,5.0000
07151500,37.128889,-97.601667,1992-11-25 09:00:00,1992-11-26 09:00:00,202.7486,1992-11-25 19:00:00,10.0000
07151500,37.128889,-97.601667,1993-02-04 18:00:00,1993-02-05 08:00:00,141.3011,1993-02-05 01:00:00,7.0000
07151500,37.128889,-97.601667,1993-05-01 21:00:00,1993-05-04 01:00:00,314.3170,1993-05-03 00:00:00,27.0000
07151500,37.128889,-97.601667,1993-05-08 13:00:00,1993-05-13 00:00:00,685.2677,1993-05-10 07:00:00,42.0000
07151500,37.128889,-97.601667,1993-06-28 18:00:00,1993-06-29 14:00:00,141.8674,1993-06-29 04:00:00,10.0000
07151500,37.128889,-97.601667,1993-07-12 05:00:00,1993-07-12 18:00:00,297.3269,1993-07-12 12:00:00,7.0000
07151500,37.128889,-97.601667,1993-07-14 12:00:00,1993-07-15 20:00:00,269.5764,1993-07-14 23:00:00,11.0000
07151500,37.128889,-97.601667,1994-11-20 18:00:00,1994-11-21 08:00:00,146.1149,1994-11-21 01:00:00,7.0000
07151500,37.128889,-97.601667,1995-05-08 09:45:00,1995-05-09 15:45:00,165.6536,1995-05-08 18:45:00,9.0000
07151500,37.128889,-97.601667,1995-05-27 12:45:00,1995-05-29 10:45:00,453.0695,1995-05-28 17:45:00,29.0000
07151500,37.128889,-97.601667,1995-06-04 08:45:00,1995-06-05 01:45:00,236.7288,1995-06-04 17:45:00,9.0000
07151500,37.128889,-97.601667,1995-06-08 10:45:00,1995-06-10 23:45:00,385.1091,1995-06-08 19:45:00,9.0000
07151500,37.128889,-97.601667,1995-08-03 20:45:00,1995-08-04 12:45:00,162.2555,1995-08-04 05:45:00,9.0000
07151500,37.128889,-97.601667,1996-06-07 03:45:00,1996-06-07 10:45:00,135.6377,1996-06-07 06:45:00,3.0000
07151500,37.128889,-97.601667,1996-09-19 18:45:00,1996-09-20 09:45:00,127.9921,1996-09-20 02:45:00,8.0000
07151500,37.128889,-97.601667,1996-09-26 11:45:00,1996-09-27 01:45:00,144.6991,1996-09-26 19:45:00,8.0000
07151500,37.128889,-97.601667,1996-11-16 22:45:00,1996-11-18 06:45:00,467.2280,1996-11-17 11:45:00,13.0000
07151500,37.128889,-97.601667,1997-04-11 09:00:00,1997-04-12 13:00:00,317.1487,1997-04-11 18:00:00,9.0000
07151500,37.128889,-97.601667,1997-06-26 11:00:00,1997-06-27 17:00:00,274.6734,1997-06-26 17:00:00,6.0000
07151500,37.128889,-97.601667,1997-06-30 04:00:00,1997-07-01 13:00:00,430.4161,1997-06-30 20:00:00,16.0000
07151500,37.128889,-97.601667,1997-07-20 20:00:00,1997-07-22 19:00:00,461.5646,1997-07-21 20:00:00,24.0000
07151500,37.128889,-97.601667,1997-08-19 16:00:00,1997-08-19 23:00:00,101.9406,1997-08-19 20:00:00,4.0000
07151500,37.128889,-97.601667,1997-09-23 21:00:00,1997-09-24 03:00:00,98.8258,1997-09-24 00:00:00,3.0000
07151500,37.128889,-97.601667,1997-10-13 01:00:00,1997-10-13 16:00:00,168.4852,1997-10-13 08:00:00,7.0000
07151500,37.128889,-97.601667,1997-12-24 15:00:00,1997-12-25 14:00:00,133.6555,1997-12-24 23:00:00,8.0000
07151500,37.128889,-97.601667,1998-03-17 05:00:00,1998-03-18 12:00:00,215.4912,1998-03-17 19:00:00,14.0000
07151500,37.128889,-97.601667,1998-03-21 05:00:00,1998-03-21 19:00:00,113.2674,1998-03-21 11:00:00,6.0000
07151500,37.128889,-97.601667,1998-10-31 10:00:00,1998-11-03 21:00:00,1030.7332,1998-11-02 00:00:00,38.0000
07151500,37.128889,-97.601667,1999-04-06 00:00:00,1999-04-06 17:00:00,201.0496,1999-04-06 09:00:00,9.0000
07151500,37.128889,-97.601667,1999-04-14 23:00:00,1999-04-16 07:00:00,226.8179,1999-04-15 13:00:00,14.0000
07151500,37.128889,-97.601667,1999-04-26 05:00:00,1999-04-26 12:00:00,92.8793,1999-04-26 08:00:00,3.0000
07151500,37.128889,-97.601667,1999-06-19 16:00:00,1999-06-20 06:00:00,116.9486,1999-06-20 01:00:00,9.0000
07151500,37.128889,-97.601667,1999-06-24 20:00:00,1999-06-25 10:00:00,201.6159,1999-06-25 01:00:00,5.0000
07151500,37.128889,-97.601667,1999-07-01 15:00:00,1999-07-02 21:00:00,334.1388,1999-07-02 01:00:00,10.0000
07151500,37.128889,-97.601667,1999-07-10 06:00:00,1999-07-10 18:00:00,169.9011,1999-07-10 12:00:00,6.0000
07151500,37.128889,-97.601667,1999-12-09 18:00:00,1999-12-10 01:00:00,103.0733,1999-12-09 22:00:00,4.0000
07151500,37.128889,-97.601667,2000-03-03 07:00:00,2000-03-03 23:00:00,142.4337,2000-03-03 14:00:00,7.0000
07151500,37.128889,-97.601667,2000-03-23 16:00:00,2000-03-26 09:00:00,572.0003,2000-03-24 15:00:00,23.0000
07151500,37.128889,-97.601667,2000-05-26 13:00:00,2000-05-27 14:00:00,288.8318,2000-05-27 03:00:00,14.0000
07151500,37.128889,-97.601667,2000-10-26 03:00:00,2000-10-27 10:00:00,274.1071,2000-10-26 21:00:00,18.0000
07151500,37.128889,-97.601667,2001-02-24 07:00:00,2001-02-25 18:00:00,302.9903,2001-02-25 02:00:00,19.0000
07151500,37.128889,-97.601667,2001-03-15 22:00:00,2001-03-17 04:00:00,212.6595,2001-03-16 11:00:00,13.0000
07151500,37.128889,-97.601667,2001-05-18 00:00:00,2001-05-18 07:00:00,121.4793,2001-05-18 03:00:00,3.0000
07151500,37.128889,-97.601667,2001-06-06 05:00:00,2001-06-07 01:00:00,169.0516,2001-06-06 12:00:00,7.0000
07151500,37.128889,-97.601667,2001-06-09 07:00:00,2001-06-09 14:00:00,94.2951,2001-06-09 10:00:00,3.0000
07151500,37.128889,-97.601667,2001-09-18 15:00:00,2001-09-19 04:00:00,137.9030,2001-09-18 22:00:00,7.0000
07151500,37.128889,-97.601667,2002-05-08 04:00:00,2002-05-08 10:00:00,120.6298,2002-05-08 07:00:00,3.0000
07151500,37.128889,-97.601667,2002-05-12 20:00:00,2002-05-13 00:00:00,91.1802,2002-05-12 21:00:00,1.0000
07151500,37.128889,-97.601667,2002-06-13 04:00:00,2002-06-13 12:00:00,109.8694,2002-06-13 07:00:00,3.0000
07151500,37.128889,-97.601667,2002-06-16 06:00:00,2002-06-16 21:00:00,129.9743,2002-06-16 14:00:00,8.0000
07151500,37.128889,-97.601667,2002-10-03 09:00:00,2002-10-05 12:00:00,348.2972,2002-10-03 21:00:00,12.0000
07151500,37.128889,-97.601667,2003-03-19 02:00:00,2003-03-21 08:00:00,308.6536,2003-03-20 01:00:00,23.0000
07151500,37.128889,-97.601667,2003-04-20 12:00:00,2003-04-20 19:00:00,94.8614,2003-04-20 15:00:00,3.0000
07151500,37.128889,-97.601667,2003-04-24 06:00:00,2003-04-25 08:00:00,240.9764,2003-04-24 18:00:00,12.0000
07151500,37.128889,-97.601667,2003-05-17 01:00:00,2003-05-17 13:00:00,106.4713,2003-05-17 09:00:00,8.0000
07151500,37.128889,-97.601667,2003-05-24 22:00:00,2003-05-25 11:00:00,117.2317,2003-05-25 04:00:00,6.0000
07151500,37.128889,-97.601667,2003-06-06 11:00:00,2003-06-07 05:00:00,137.0535,2003-06-07 00:00:00,13.0000
07151500,37.128889,-97.601667,2003-08-30 15:00:00,2003-08-31 13:00:00,165.3704,2003-08-31 05:00:00,14.0000
07151500,37.128889,-97.601667,2003-09-21 19:00:00,2003-09-22 01:00:00,108.4535,2003-09-21 22:00:00,3.0000
07151500,37.128889,-97.601667,2003-10-09 12:00:00,2003-10-10 01:00:00,133.9387,2003-10-09 19:00:00,7.0000
07151500,37.128889,-97.601667,2004-03-04 22:00:00,2004-03-06 16:00:00,387.9408,2004-03-05 15:00:00,17.0000
07151500,37.128889,-97.601667,2004-04-20 17:00:00,2004-04-20 23:00:00,104.4892,2004-04-20 19:00:00,2.0000
07151500,37.128889,-97.601667,2004-04-23 21:00:00,2004-04-25 01:00:00,243.5249,2004-04-24 09:00:00,12.0000
07151500,37.128889,-97.601667,2004-05-13 14:00:00,2004-05-14 04:00:00,467.2280,2004-05-14 00:00:00,10.0000
07151500,37.128889,-97.601667,2004-07-02 15:00:00,2004-07-03 05:00:00,134.7882,2004-07-02 20:00:00,5.0000
07151500,37.128889,-97.601667,2004-07-24 13:00:00,2004-07-25 04:00:00,125.1605,2004-07-24 18:00:00,5.0000
07151500,37.128889,-97.601667,2005-06-12 02:00:00,2005-06-12 08:00:00,130.8238,2005-06-12 04:00:00,2.0000
07151500,37.128889,-97.601667,2005-06-13 09:00:00,2005-06-14 10:00:00,149.5130,2005-06-13 19:00:00,10.0000
07151500,37.128889,-97.601667,2005-07-04 14:00:00,2005-07-05 13:00:00,433.2478,2005-07-04 23:00:00,9.0000
07151500,37.128889,-97.601667,2005-08-24 04:00:00,2005-08-25 13:00:00,112.7010,2005-08-25 06:00:00,26.0000
07151500,37.128889,-97.601667,2006-05-09 13:00:00,2006-05-09 17:00:00,119.4971,2006-05-09 15:00:00,2.0000
07151500,37.128889,-97.601667,2006-08-28 04:45:00,2006-08-28 16:45:00,153.1941,2006-08-28 12:45:00,8.0000
07151500,37.128889,-97.601667,2006-09-02 05:45:00,2006-09-02 10:45:00,102.5070,2006-09-02 07:45:00,2.0000
07151500,37.128889,-97.601667,2007-04-14 04:00:00,2007-04-16 00:00:00,282.8853,2007-04-14 15:00:00,11.0000
07151500,37.128889,-97.601667,2007-05-07 06:00:00,2007-05-09 00:00:00,487.0498,2007-05-07 18:00:00,12.0000
07151500,37.128889,-97.601667,2007-06-01 14:00:00,2007-06-03 08:00:00,526.6933,2007-06-02 00:00:00,10.0000
07151500,37.128889,-97.601667,2007-06-10 16:00:00,2007-06-11 20:00:00,402.0992,2007-06-11 03:00:00,11.0000
07151500,37.128889,-97.601667,2007-06-14 13:00:00,2007-06-15 17:00:00,257.6833,2007-06-15 03:00:00,14.0000
07151500,37.128889,-97.601667,2007-06-19 14:00:00,2007-06-21 13:00:00,472.8913,2007-06-20 18:00:00,28.0000
07151500,37.128889,-97.601667,2007-06-29 01:00:00,2007-07-01 22:00:00,487.0498,2007-06-30 21:00:00,44.0000
07151500,37.128889,-97.601667,2008-06-17 03:00:00,2008-06-17 21:00:00,176.1308,2008-06-17 13:00:00,10.0000
07151500,37.128889,-97.601667,2008-09-12 22:00:00,2008-09-14 20:00:00,767.3865,2008-09-13 15:00:00,17.0000
07151500,37.128889,-97.601667,2008-10-15 05:00:00,2008-10-16 12:00:00,154.3268,2008-10-16 01:00:00,20.0000
07151500,37.128889,-97.601667,2009-04-19 11:00:00,2009-04-20 01:00:00,160.8397,2009-04-19 16:00:00,5.0000
07151500,37.128889,-97.601667,2009-04-27 07:00:00,2009-04-28 13:00:00,792.8717,2009-04-27 20:00:00,13.0000
07151500,37.128889,-97.601667,2009-05-01 22:00:00,2009-05-02 17:00:00,156.3090,2009-05-02 05:00:00,7.0000
07151500,37.128889,-97.601667,2009-05-03 23:00:00,2009-05-04 07:00:00,103.9228,2009-05-04 03:00:00,4.0000
07151500,37.128889,-97.601667,2009-06-15 09:00:00,2009-06-16 00:00:00,137.6199,2009-06-15 19:00:00,10.0000
07151500,37.128889,-97.601667,2009-06-21 01:00:00,2009-06-21 05:00:00,96.5604,2009-06-21 03:00:00,2.0000
07151500,37.128889,-97.601667,2009-07-21 15:00:00,2009-07-22 00:00:00,125.4436,2009-07-21 19:00:00,4.0000
07151500,37.128889,-97.601667,2009-08-01 20:00:00,2009-08-01 23:00:00,87.4991,2009-08-01 21:00:00,1.0000
07151500,37.128889,-97.601667,2009-10-29 23:00:00,2009-10-30 08:00:00,118.3644,2009-10-30 03:00:00,4.0000
07151500,37.128889,-97.601667,2010-05-25 12:00:00,2010-05-26 12:00:00,325.6437,2010-05-25 20:00:00,8.0000
07151500,37.128889,-97.601667,2010-06-14 06:00:00,2010-06-15 11:00:00,419.0893,2010-06-14 17:00:00,11.0000
07151500,37.128889,-97.601667,2010-07-05 12:00:00,2010-07-06 01:00:00,128.5585,2010-07-05 17:00:00,5.0000
07151500,37.128889,-97.601667,2011-12-20 02:00:00,2011-12-20 14:00:00,132.5228,2011-12-20 06:00:00,4.0000
07151500,37.128889,-97.601667,2013-08-08 17:00:00,2013-08-10 03:00:00,156.8753,2013-08-09 19:00:00,26.0000
07151500,37.128889,-97.601667,2013-08-12 17:00:00,2013-08-13 01:00:00,90.8971,2013-08-12 23:00:00,6.0000
07151500,37.128889,-97.601667,2015-05-17 04:45:00,2015-05-18 06:45:00,302.9903,2015-05-17 12:45:00,8.0000
07151500,37.128889,-97.601667,2015-05-23 22:45:00,2015-05-27 00:00:00,382.2774,2015-05-24 12:45:00,14.0000
07151500,37.128889,-97.601667,2015-06-16 05:30:00,2015-06-16 10:30:00,94.5783,2015-06-16 08:00:00,2.5000
07151500,37.128889,-97.601667,2015-07-22 07:15:00,2015-07-22 10:30:00,90.3307,2015-07-22 09:30:00,2.2500
07151500,37.128889,-97.601667,2015-07-24 05:00:00,2015-07-24 10:15:00,94.5783,2015-07-24 07:45:00,2.7500
07151500,37.128889,-97.601667,2015-12-14 04:45:00,2015-12-14 22:15:00,157.4417,2015-12-14 11:15:00,6.5000
07151500,37.128889,-97.601667,2016-04-27 11:00:00,2016-04-28 00:15:00,152.0615,2016-04-27 16:00:00,5.0000
07151500,37.128889,-97.601667,2016-05-17 12:45:00,2016-05-18 05:45:00,162.8219,2016-05-17 19:00:00,6.2500
07158000,36.517222,-98.879167,1993-05-01 10:15:00,1993-05-04 08:00:00,436.0794,1993-05-01 23:00:00,12.7500
07158000,36.517222,-98.879167,1993-05-09 15:45:00,1993-05-10 19:00:00,222.8536,1993-05-10 03:45:00,12.0000
07158000,36.517222,-98.879167,1993-05-18 09:30:00,1993-05-19 01:45:00,205.8635,1993-05-18 16:00:00,6.5000
07158000,36.517222,-98.879167,1995-06-09 06:30:00,1995-06-10 18:00:00,399.2675,1995-06-09 16:30:00,10.0000
07158000,36.517222,-98.879167,1996-07-27 17:30:00,1996-07-28 09:00:00,128.5585,1996-07-28 00:30:00,7.0000
07158000,36.517222,-98.879167,1996-08-03 18:00:00,1996-08-04 05:00:00,126.8595,1996-08-03 22:30:00,4.5000
07158000,36.517222,-98.879167,1996-09-20 15:30:00,1996-09-21 22:00:00,311.4853,1996-09-21 07:00:00,15.5000
07158000,36.517222,-98.879167,1996-09-26 10:30:00,1996-09-27 13:00:00,302.9903,1996-09-26 20:00:00,9.5000
07158000,36.517222,-98.879167,1996-11-17 04:30:00,1996-11-17 20:30:00,187.1744,1996-11-17 07:30:00,3.0000
07158000,36.517222,-98.879167,1997-04-11 14:30:00,1997-04-12 04:00:00,144.1327,1997-04-11 20:00:00,5.5000
07158000,36.517222,-98.879167,1998-05-10 04:30:00,1998-05-10 18:30:00,122.3288,1998-05-10 10:00:00,5.5000
07158000,36.517222,-98.879167,1998-10-31 20:00:00,1998-11-02 03:00:00,294.4952,1998-11-01 10:30:00,14.5000
07158000,36.517222,-98.879167,1999-04-14 04:00:00,1999-04-15 23:30:00,184.9090,1999-04-14 09:00:00,5.0000
07158000,36.517222,-98.879167,1999-06-30 23:00:00,1999-07-02 07:30:00,197.0853,1999-07-01 15:00:00,16.0000
07158000,36.517222,-98.879167,2000-03-23 19:30:00,2000-03-24 17:30:00,175.5644,2000-03-24 01:00:00,5.5000
07158000,36.517222,-98.879167,2000-05-26 09:30:00,2000-05-27 06:30:00,334.1388,2000-05-26 18:00:00,8.5000
07158000,36.517222,-98.879167,2000-06-26 22:00:00,2000-06-27 02:30:00,96.2773,2000-06-26 23:30:00,1.5000
07158000,36.517222,-98.879167,2000-10-25 11:34:00,2000-10-26 05:00:00,186.0417,2000-10-25 16:34:00,5.0000
07158000,36.517222,-98.879167,2001-05-05 07:30:00,2001-05-05 18:30:00,187.1744,2001-05-05 12:00:00,4.5000
07158000,36.517222,-98.879167,2002-10-03 16:30:00,2002-10-03 22:30:00,102.7902,2002-10-03 18:30:00,2.0000
07158000,36.517222,-98.879167,2004-06-21 02:00:00,2004-06-21 09:00:00,106.7545,2004-06-21 05:30:00,3.5000
07158000,36.517222,-98.879167,2005-06-11 05:30:00,2005-06-14 15:30:00,433.2478,2005-06-13 04:30:00,47.0000
07158000,36.517222,-98.879167,2005-06-17 06:00:00,2005-06-19 09:00:00,376.6141,2005-06-17 17:30:00,11.5000
07158000,36.517222,-98.879167,2005-07-07 01:30:00,2005-07-07 06:00:00,100.2416,2005-07-07 03:00:00,1.5000
07158000,36.517222,-98.879167,2005-08-29 19:00:00,2005-08-29 23:00:00,97.1268,2005-08-29 21:00:00,2.0000
07158000,36.517222,-98.879167,2006-06-23 12:30:00,2006-06-24 08:00:00,229.9328,2006-06-23 20:30:00,8.0000
07158000,36.517222,-98.879167,2007-04-01 06:00:00,2007-04-01 09:00:00,101.0911,2007-04-01 07:00:00,1.0000
07158000,36.517222,-98.879167,2007-05-07 02:00:00,2007-05-09 11:00:00,178.9625,2007-05-07 13:00:00,11.0000
07158000,36.517222,-98.879167,2007-06-15 00:30:00,2007-06-16 17:30:00,204.7308,2007-06-15 16:30:00,16.0000
07158000,36.517222,-98.879167,2007-07-13 00:30:00,2007-07-14 05:30:00,189.7229,2007-07-13 15:30:00,15.0000
07158000,36.517222,-98.879167,2008-09-12 21:30:00,2008-09-13 05:00:00,166.5031,2008-09-12 23:00:00,1.5000
07158000,36.517222,-98.879167,2009-04-27 09:30:00,2009-04-28 00:00:00,181.2278,2009-04-27 16:00:00,6.5000
07158000,36.517222,-98.879167,2010-05-27 00:30:00,2010-05-27 03:30:00,97.9763,2010-05-27 02:00:00,1.5000
07158000,36.517222,-98.879167,2010-07-04 23:30:00,2010-07-05 13:30:00,150.3625,2010-07-05 05:00:00,5.5000
07158000,36.517222,-98.879167,2012-04-11 16:30:00,2012-04-11 21:30:00,252.8694,2012-04-11 19:00:00,2.5000
07158000,36.517222,-98.879167,2014-06-07 16:30:00,2014-06-08 00:30:00,131.3902,2014-06-07 20:30:00,4.0000
07158000,36.517222,-98.879167,2014-06-29 05:30:00,2014-06-29 11:00:00,105.9050,2014-06-29 07:30:00,2.0000
07158000,36.517222,-98.879167,2015-05-17 12:30:00,2015-05-17 15:30:00,95.7109,2015-05-17 14:30:00,2.0000
07158000,36.517222,-98.879167,2015-05-24 07:00:00,2015-05-24 21:30:00,174.4318,2015-05-24 12:30:00,5.5000
07185765,37.188611,-94.325834,2001-10-10 18:15:00,2001-10-11 07:15:00,171.6001,2001-10-11 03:00:00,8.7500
07185765,37.188611,-94.325834,2002-05-08 07:00:00,2002-05-10 12:15:00,566.3369,2002-05-08 23:15:00,16.2500
07185765,37.188611,-94.325834,2002-05-13 03:15:00,2002-05-14 03:00:00,160.8397,2002-05-13 18:45:00,15.5000
07185765,37.188611,-94.325834,2002-05-18 02:15:00,2002-05-18 22:30:00,116.9486,2002-05-18 07:45:00,5.5000
07185765,37.188611,-94.325834,2002-05-24 23:00:00,2002-05-25 14:15:00,150.3625,2002-05-25 06:30:00,7.5000
07185765,37.188611,-94.325834,2004-03-04 20:00:00,2004-03-06 03:30:00,143.8496,2004-03-05 19:45:00,23.7500
07185765,37.188611,-94.325834,2004-04-25 01:30:00,2004-04-25 16:45:00,125.4436,2004-04-25 06:45:00,5.2500
07185765,37.188611,-94.325834,2004-05-24 16:00:00,2004-05-25 02:15:00,120.3466,2004-05-24 22:45:00,6.7500
07185765,37.188611,-94.325834,2004-05-28 23:00:00,2004-05-29 02:30:00,112.1347,2004-05-29 00:30:00,1.5000
07185765,37.188611,-94.325834,2004-06-13 19:15:00,2004-06-14 04:00:00,139.3189,2004-06-14 00:30:00,5.2500
07185765,37.188611,-94.325834,2004-07-03 13:15:00,2004-07-04 16:00:00,163.1050,2004-07-04 00:00:00,10.7500
07185765,37.188611,-94.325834,2005-01-05 12:15:00,2005-01-07 11:00:00,535.1884,2005-01-06 11:15:00,23.0000
07185765,37.188611,-94.325834,2005-01-13 13:00:00,2005-01-14 20:15:00,182.9268,2005-01-14 11:45:00,22.7500
07185765,37.188611,-94.325834,2007-06-03 02:45:00,2007-06-03 17:15:00,134.7882,2007-06-03 10:00:00,7.2500
07185765,37.188611,-94.325834,2007-06-11 12:00:00,2007-06-14 13:45:00,818.3569,2007-06-12 02:15:00,14.2500
07185765,37.188611,-94.325834,2007-08-20 20:15:00,2007-08-21 23:00:00,608.8122,2007-08-21 03:30:00,7.2500
07185765,37.188611,-94.325834,2007-09-07 06:00:00,2007-09-07 07:30:00,108.1704,2007-09-07 07:00:00,1.0000
07185765,37.188611,-94.325834,2007-09-08 11:00:00,2007-09-10 02:45:00,914.6341,2007-09-08 23:30:00,12.5000
07185765,37.188611,-94.325834,2008-01-09 14:00:00,2008-01-10 05:15:00,157.1585,2008-01-09 23:45:00,9.7500
07185765,37.188611,-94.325834,2008-02-17 17:00:00,2008-02-19 00:30:00,149.2298,2008-02-18 07:15:00,14.2500
07185765,37.188611,-94.325834,2008-03-03 20:00:00,2008-03-04 23:00:00,155.4595,2008-03-04 05:15:00,9.2500
07185765,37.188611,-94.325834,2008-03-18 15:30:00,2008-03-19 04:45:00,526.6933,2008-03-19 04:30:00,13.0000
07185765,37.188611,-94.325834,2008-03-31 23:30:00,2008-04-02 11:15:00,203.0318,2008-04-01 13:00:00,13.5000
07185765,37.188611,-94.325834,2008-04-10 10:00:00,2008-04-12 14:45:00,1002.4164,2008-04-10 23:00:00,13.0000
07185765,37.188611,-94.325834,2008-04-24 19:00:00,2008-04-25 15:45:00,209.5447,2008-04-25 04:30:00,9.5000
07185765,37.188611,-94.325834,2008-05-08 10:00:00,2008-05-09 17:45:00,353.9606,2008-05-08 23:15:00,13.2500
07185765,37.188611,-94.325834,2008-06-01 21:30:00,2008-06-02 10:15:00,149.7961,2008-06-02 04:30:00,7.0000
07185765,37.188611,-94.325834,2008-06-14 00:30:00,2008-06-16 02:30:00,523.8617,2008-06-15 00:45:00,24.2500
07185765,37.188611,-94.325834,2008-06-20 20:45:00,2008-06-21 23:15:00,147.2476,2008-06-21 14:15:00,17.5000
07185765,37.188611,-94.325834,2008-06-30 05:00:00,2008-06-30 11:15:00,112.7010,2008-06-30 08:15:00,3.2500
07185765,37.188611,-94.325834,2009-10-09 06:00:00,2009-10-11 13:00:00,996.7530,2009-10-10 02:45:00,20.7500
07185765,37.188611,-94.325834,2010-03-26 00:00:00,2010-03-27 03:00:00,145.5486,2010-03-26 09:45:00,9.7500
07185765,37.188611,-94.325834,2010-05-15 03:30:00,2010-05-15 14:45:00,143.8496,2010-05-15 10:00:00,6.5000
07185765,37.188611,-94.325834,2010-05-20 15:30:00,2010-05-21 19:15:00,169.3347,2010-05-21 04:15:00,12.7500
07185765,37.188611,-94.325834,2011-04-25 13:30:00,2011-04-28 01:30:00,574.8320,2011-04-26 12:00:00,22.5000
07185765,37.188611,-94.325834,2013-04-11 06:15:00,2013-04-11 21:00:00,192.5546,2013-04-11 15:00:00,8.7500
07185765,37.188611,-94.325834,2013-04-18 19:30:00,2013-04-19 08:45:00,160.2734,2013-04-19 05:00:00,9.5000
07185765,37.188611,-94.325834,2013-04-27 13:15:00,2013-04-28 01:30:00,141.3011,2013-04-27 18:30:00,5.2500
07185765,37.188611,-94.325834,2013-05-31 09:45:00,2013-06-02 01:30:00,182.9268,2013-06-01 10:15:00,24.5000
07185765,37.188611,-94.325834,2013-07-30 12:15:00,2013-07-31 12:15:00,572.0003,2013-07-30 19:00:00,6.7500
07185765,37.188611,-94.325834,2013-08-03 23:45:00,2013-08-05 12:15:00,134.2219,2013-08-04 03:45:00,4.0000
07185765,37.188611,-94.325834,2014-06-05 15:45:00,2014-06-08 03:15:00,305.8219,2014-06-06 08:00:00,16.2500
07185765,37.188611,-94.325834,2015-04-03 09:15:00,2015-04-04 18:45:00,190.5724,2015-04-03 19:45:00,10.5000
07185765,37.188611,-94.325834,2015-05-30 07:45:00,2015-05-31 18:15:00,207.5625,2015-05-30 22:45:00,15.0000
07185765,37.188611,-94.325834,2015-11-18 02:45:00,2015-11-19 01:45:00,161.4060,2015-11-18 14:15:00,11.5000
07185765,37.188611,-94.325834,2015-11-28 00:30:00,2015-11-28 21:00:00,155.4595,2015-11-28 09:45:00,9.2500
07185765,37.188611,-94.325834,2015-12-27 03:15:00,2015-12-30 13:30:00,1149.6640,2015-12-27 20:00:00,16.7500
07196000,36.186389,-94.706667,1993-11-14 07:30:00,1993-11-14 22:00:00,101.3743,1993-11-14 11:00:00,3.5000
07196000,36.186389,-94.706667,1994-04-12 03:00:00,1994-04-12 08:00:00,63.7129,1994-04-12 05:30:00,2.5000
07196000,36.186389,-94.706667,1994-05-26 05:30:00,1994-05-26 07:30:00,65.6951,1994-05-26 06:30:00,1.0000
07196000,36.186389,-94.706667,1994-11-05 10:30:00,1994-11-06 01:00:00,90.0476,1994-11-05 14:00:00,3.5000
07196000,36.186389,-94.706667,1995-01-14 08:00:00,1995-01-14 12:00:00,60.8812,1995-01-14 09:30:00,1.5000
07196000,36.186389,-94.706667,1995-05-08 11:00:00,1995-05-09 01:30:00,95.1446,1995-05-08 15:30:00,4.5000
07196000,36.186389,-94.706667,1996-09-26 17:00:00,1996-09-27 00:00:00,79.0040,1996-09-26 18:00:00,1.0000
07196000,36.186389,-94.706667,1997-02-21 05:00:00,1997-02-21 21:00:00,272.1249,1997-02-21 08:00:00,3.0000
07196000,36.186389,-94.706667,1998-01-04 21:30:00,1998-01-05 04:30:00,72.2080,1998-01-04 23:30:00,2.0000
07196000,36.186389,-94.706667,1999-02-07 04:30:00,1999-02-07 12:00:00,84.9505,1999-02-07 07:00:00,2.5000
07196000,36.186389,-94.706667,1999-05-04 12:30:00,1999-05-05 09:00:00,90.8971,1999-05-04 14:30:00,2.0000
07196000,36.186389,-94.706667,1999-06-30 16:30:00,1999-07-01 03:30:00,167.9189,1999-06-30 20:30:00,4.0000
07196000,36.186389,-94.706667,2000-06-17 14:30:00,2000-06-18 06:00:00,181.2278,2000-06-17 18:00:00,3.5000
07196000,36.186389,-94.706667,2000-06-21 09:30:00,2000-06-22 10:30:00,538.0201,2000-06-21 13:30:00,4.0000
07196000,36.186389,-94.706667,2000-06-28 16:30:00,2000-06-29 10:30:00,351.1289,2000-06-28 21:00:00,4.5000
07196000,36.186389,-94.706667,2001-02-24 09:30:00,2001-02-25 11:30:00,178.6793,2001-02-24 22:30:00,13.0000
07196000,36.186389,-94.706667,2004-03-04 05:30:00,2004-03-04 12:00:00,81.8357,2004-03-04 08:00:00,2.5000
07196000,36.186389,-94.706667,2004-04-24 02:00:00,2004-04-25 01:00:00,108.7367,2004-04-24 06:00:00,4.0000
07196000,36.186389,-94.706667,2004-07-03 08:30:00,2004-07-03 22:30:00,336.9705,2004-07-03 13:00:00,4.5000
07196000,36.186389,-94.706667,2004-11-01 13:00:00,2004-11-01 19:30:00,88.3486,2004-11-01 16:00:00,3.0000
07196000,36.186389,-94.706667,2005-01-04 17:00:00,2005-01-06 07:30:00,122.8951,2005-01-05 19:30:00,26.5000
07196000,36.186389,-94.706667,2005-01-13 03:00:00,2005-01-13 17:30:00,120.3466,2005-01-13 07:30:00,4.5000
07196000,36.186389,-94.706667,2008-02-17 05:00:00,2008-02-17 17:00:00,94.5783,2008-02-17 08:00:00,3.0000
07196000,36.186389,-94.706667,2008-03-18 15:30:00,2008-03-19 23:30:00,382.2774,2008-03-19 04:00:00,12.5000
07196000,36.186389,-94.706667,2008-03-31 21:30:00,2008-04-01 11:30:00,203.5981,2008-04-01 01:00:00,3.5000
07196000,36.186389,-94.706667,2008-04-10 07:30:00,2008-04-11 07:00:00,387.9408,2008-04-10 15:00:00,7.5000
07196000,36.186389,-94.706667,2008-06-01 19:30:00,2008-06-02 02:00:00,99.9585,2008-06-01 21:30:00,2.0000
07196000,36.186389,-94.706667,2008-06-09 19:00:00,2008-06-10 06:00:00,80.4198,2008-06-10 00:30:00,5.5000
07196000,36.186389,-94.706667,2008-06-16 04:30:00,2008-06-16 10:00:00,79.8535,2008-06-16 07:30:00,3.0000
07196000,36.186389,-94.706667,2008-09-14 09:00:00,2008-09-14 16:30:00,93.4456,2008-09-14 11:00:00,2.0000
07196000,36.186389,-94.706667,2009-10-09 06:30:00,2009-10-10 03:30:00,180.3783,2009-10-09 14:30:00,8.0000
07196000,36.186389,-94.706667,2010-07-13 12:00:00,2010-07-13 14:00:00,69.0931,2010-07-13 12:30:00,0.5000
07196000,36.186389,-94.706667,2011-04-25 02:00:00,2011-04-26 04:30:00,382.2774,2011-04-25 23:00:00,21.0000
07196000,36.186389,-94.706667,2011-05-24 01:00:00,2011-05-26 00:30:00,252.0199,2011-05-24 07:30:00,6.5000
07196000,36.186389,-94.706667,2013-04-18 11:30:00,2013-04-19 03:00:00,370.9507,2013-04-18 13:30:00,2.0000
07196000,36.186389,-94.706667,2013-05-10 07:00:00,2013-05-11 00:00:00,160.8397,2013-05-10 12:00:00,5.0000
07196000,36.186389,-94.706667,2013-08-08 13:00:00,2013-08-09 00:00:00,146.9644,2013-08-08 16:30:00,3.5000
07196000,36.186389,-94.706667,2014-10-10 19:00:00,2014-10-10 21:00:00,59.7485,2014-10-10 19:30:00,0.5000
07196000,36.186389,-94.706667,2015-05-24 13:30:00,2015-05-26 15:30:00,153.4773,2015-05-24 18:30:00,5.0000
07196000,36.186389,-94.706667,2015-06-19 03:30:00,2015-06-19 15:30:00,106.7545,2015-06-19 06:30:00,3.0000
07196000,36.186389,-94.706667,2015-12-13 15:00:00,2015-12-14 11:30:00,87.7822,2015-12-14 00:00:00,9.0000
07196000,36.186389,-94.706667,2015-12-27 03:00:00,2015-12-29 16:30:00,512.5349,2015-12-28 04:30:00,25.5000
07196000,36.186389,-94.706667,2016-05-25 18:30:00,2016-05-25 21:00:00,73.6238,2016-05-25 19:30:00,1.0000
07300500,34.858333,-99.508333,1991-05-23 14:30:00,1991-05-23 18:15:00,114.4001,1991-05-23 15:15:00,0.7500
07300500,34.858333,-99.508333,1991-05-30 21:30:00,1991-05-31 07:15:00,92.8793,1991-05-30 22:15:00,0.7500
07300500,34.858333,-99.508333,1991-06-07 08:45:00,1991-06-08 02:30:00,134.2219,1991-06-07 10:15:00,1.5000
07300500,34.858333,-99.508333,1992-05-23 12:30:00,1992-05-23 15:15:00,80.4198,1992-05-23 13:45:00,1.2500
07300500,34.858333,-99.508333,1992-05-29 02:45:00,1992-05-29 04:45:00,75.6060,1992-05-29 03:30:00,0.7500
07300500,34.858333,-99.508333,1992-06-02 01:45:00,1992-06-02 06:30:00,86.6496,1992-06-02 02:15:00,0.5000
07300500,34.858333,-99.508333,1992-06-05 21:15:00,1992-06-06 23:30:00,121.1961,1992-06-06 00:45:00,3.5000
07300500,34.858333,-99.508333,1993-04-29 03:15:00,1993-04-29 07:45:00,331.3071,1993-04-29 04:30:00,1.2500
07300500,34.858333,-99.508333,1993-05-08 19:00:00,1993-05-09 04:45:00,201.0496,1993-05-09 01:45:00,6.7500
07300500,34.858333,-99.508333,1993-07-07 10:30:00,1993-07-08 11:00:00,489.8814,1993-07-07 22:00:00,11.5000
07300500,34.858333,-99.508333,1993-07-15 01:45:00,1993-07-15 02:15:00,62.8634,1993-07-15 02:00:00,0.2500
07300500,34.858333,-99.508333,1995-06-03 23:15:00,1995-06-06 00:00:00,402.0992,1995-06-04 20:30:00,21.2500
07300500,34.858333,-99.508333,1995-06-10 02:45:00,1995-06-10 21:30:00,184.6258,1995-06-10 14:15:00,11.5000
07300500,34.858333,-99.508333,1995-08-02 13:15:00,1995-08-04 16:30:00,390.7725,1995-08-03 08:00:00,18.7500
07300500,34.858333,-99.508333,1995-09-16 04:30:00,1995-09-16 12:00:00,70.5089,1995-09-16 05:00:00,0.5000
07300500,34.858333,-99.508333,1995-09-18 20:45:00,1995-09-19 14:00:00,71.9248,1995-09-18 21:45:00,1.0000
07300500,34.858333,-99.508333,1996-09-04 10:15:00,1996-09-04 14:15:00,157.1585,1996-09-04 11:00:00,0.7500
07300500,34.858333,-99.508333,1997-04-03 23:45:00,1997-04-05 05:45:00,739.0697,1997-04-04 09:00:00,9.2500
07300500,34.858333,-99.508333,1997-08-11 05:15:00,1997-08-11 07:00:00,87.4991,1997-08-11 06:00:00,0.7500
07300500,34.858333,-99.508333,1999-06-25 05:15:00,1999-06-25 10:00:00,112.9842,1999-06-25 06:45:00,1.5000
07300500,34.858333,-99.508333,2001-05-05 00:00:00,2001-05-05 12:00:00,79.0040,2001-05-05 09:00:00,9.0000
07300500,34.858333,-99.508333,2002-04-13 17:00:00,2002-04-13 19:00:00,78.1545,2002-04-13 18:00:00,1.0000
07300500,34.858333,-99.508333,2003-09-11 16:00:00,2003-09-12 08:00:00,88.3486,2003-09-11 23:00:00,7.0000
07300500,34.858333,-99.508333,2004-03-04 19:45:00,2004-03-05 01:00:00,87.4991,2004-03-04 22:00:00,2.2500
07300500,34.858333,-99.508333,2007-05-07 03:15:00,2007-05-07 10:00:00,161.1229,2007-05-07 05:00:00,1.7500
07300500,34.858333,-99.508333,2007-05-08 13:00:00,2007-05-08 16:15:00,81.5525,2007-05-08 14:30:00,1.5000
07300500,34.858333,-99.508333,2008-09-13 02:15:00,2008-09-13 06:00:00,71.6416,2008-09-13 04:00:00,1.7500
07300500,34.858333,-99.508333,2010-04-23 12:30:00,2010-04-23 14:00:00,70.5089,2010-04-23 13:30:00,1.0000
07300500,34.858333,-99.508333,2010-07-08 06:15:00,2010-07-08 18:45:00,135.0714,2010-07-08 11:00:00,4.7500
07300500,34.858333,-99.508333,2015-05-08 23:15:00,2015-05-10 00:15:00,82.1189,2015-05-09 03:45:00,4.5000
07300500,34.858333,-99.508333,2015-05-20 06:15:00,2015-05-21 12:30:00,81.8357,2015-05-20 18:45:00,12.5000
07300500,34.858333,-99.508333,2015-05-24 01:45:00,2015-05-25 16:00:00,297.3269,2015-05-24 21:30:00,19.7500
07300500,34.858333,-99.508333,2015-05-28 22:30:00,2015-05-29 05:15:00,79.0040,2015-05-29 01:30:00,3.0000
07300500,34.858333,-99.508333,2015-06-13 03:00:00,2015-06-15 16:00:00,135.0714,2015-06-13 19:30:00,16.5000
07325800,35.290556,-98.593889,1991-08-30 12:00:00,1991-08-30 16:30:00,19.3687,1991-08-30 14:30:00,2.5000
07325800,35.290556,-98.593889,1991-12-12 07:30:00,1991-12-12 12:15:00,21.2376,1991-12-12 09:45:00,2.2500
07325800,35.290556,-98.593889,1991-12-20 08:15:00,1991-12-20 21:30:00,17.0184,1991-12-20 11:00:00,2.7500
07325800,35.290556,-98.593889,1992-07-21 11:45:00,1992-07-21 21:00:00,27.3258,1992-07-21 15:00:00,3.2500
07325800,35.290556,-98.593889,1992-08-26 17:15:00,1992-08-26 23:30:00,14.6398,1992-08-26 19:15:00,2.0000
07325800,35.290556,-98.593889,1992-11-24 22:30:00,1992-11-25 09:15:00,20.5014,1992-11-25 02:45:00,4.2500
07325800,35.290556,-98.593889,1992-12-13 20:00:00,1992-12-15 06:15:00,34.2634,1992-12-14 15:30:00,19.5000
07325800,35.290556,-98.593889,1993-03-19 12:15:00,1993-03-19 17:15:00,18.3210,1993-03-19 14:45:00,2.5000
07325800,35.290556,-98.593889,1993-05-08 04:00:00,1993-05-08 04:45:00,30.5822,1993-05-08 04:45:00,0.7500
07325800,35.290556,-98.593889,1993-05-23 20:45:00,1993-05-24 06:45:00,25.0604,1993-05-24 01:30:00,4.7500
07325800,35.290556,-98.593889,1994-04-11 12:00:00,1994-04-11 21:00:00,30.0159,1994-04-11 15:00:00,3.0000
07325800,35.290556,-98.593889,1994-04-30 01:30:00,1994-04-30 14:00:00,34.5466,1994-04-30 05:30:00,4.0000
07325800,35.290556,-98.593889,1994-11-20 06:00:00,1994-11-21 03:00:00,60.3149,1994-11-20 14:00:00,8.0000
07325800,35.290556,-98.593889,1995-05-06 16:00:00,1995-05-06 22:00:00,18.0945,1995-05-06 18:00:00,2.0000
07325800,35.290556,-98.593889,1995-05-27 07:00:00,1995-05-27 15:00:00,24.6073,1995-05-27 10:00:00,3.0000
07325800,35.290556,-98.593889,1995-06-05 05:00:00,1995-06-07 04:00:00,62.2971,1995-06-05 18:00:00,13.0000
07325800,35.290556,-98.593889,1995-06-09 16:00:00,1995-06-09 23:00:00,13.6204,1995-06-09 18:00:00,2.0000
07325800,35.290556,-98.593889,1995-09-18 22:00:00,1995-09-19 07:00:00,56.3505,1995-09-19 01:00:00,3.0000
07325800,35.290556,-98.593889,1996-06-01 11:00:00,1996-06-01 23:38:00,51.2535,1996-06-01 15:23:00,4.3833
07325800,35.290556,-98.593889,1996-06-16 04:16:00,1996-06-16 14:45:00,35.1129,1996-06-16 07:30:00,3.2333
07325800,35.290556,-98.593889,1996-08-09 23:30:00,1996-08-10 05:00:00,41.6258,1996-08-10 01:32:00,2.0333
07325800,35.290556,-98.593889,1996-08-27 03:00:00,1996-08-27 09:45:00,37.6614,1996-08-27 05:45:00,2.7500
07325800,35.290556,-98.593889,1996-11-17 00:30:00,1996-11-17 08:00:00,31.9980,1996-11-17 02:30:00,2.0000
07325800,35.290556,-98.593889,1997-02-20 19:00:00,1997-02-21 02:00:00,22.8234,1997-02-20 21:15:00,2.2500
07325800,35.290556,-98.593889,1997-04-04 22:00:00,1997-04-05 03:00:00,22.0588,1997-04-04 23:45:00,1.7500
07325800,35.290556,-98.593889,1997-04-11 06:15:00,1997-04-12 04:00:00,73.3406,1997-04-11 12:45:00,6.5000
07325800,35.290556,-98.593889,1997-04-25 21:00:00,1997-04-26 08:00:00,18.9723,1997-04-26 00:30:00,3.5000
07325800,35.290556,-98.593889,1997-04-27 11:00:00,1997-04-27 18:00:00,15.6309,1997-04-27 13:00:00,2.0000
07325800,35.290556,-98.593889,1997-05-02 09:45:00,1997-05-02 23:00:00,36.8119,1997-05-02 12:45:00,3.0000
07325800,35.290556,-98.593889,1997-05-19 15:00:00,1997-05-19 19:15:00,15.6309,1997-05-19 16:45:00,1.7500
07325800,35.290556,-98.593889,1997-05-30 09:15:00,1997-05-31 02:30:00,26.3913,1997-05-30 19:00:00,9.7500
07325800,35.290556,-98.593889,1997-06-09 19:45:00,1997-06-09 22:00:00,13.4788,1997-06-09 21:00:00,1.2500
07325800,35.290556,-98.593889,1997-08-19 07:30:00,1997-08-19 15:45:00,23.7295,1997-08-19 10:00:00,2.5000
07325800,35.290556,-98.593889,1997-08-22 13:45:00,1997-08-22 20:15:00,23.2764,1997-08-22 16:00:00,2.2500
07325800,35.290556,-98.593889,1998-03-16 05:00:00,1998-03-18 01:00:00,57.4832,1998-03-16 19:30:00,14.5000
07325800,35.290556,-98.593889,1998-03-19 07:30:00,1998-03-19 21:00:00,25.3436,1998-03-19 11:30:00,4.0000
07325800,35.290556,-98.593889,1998-11-01 03:30:00,1998-11-01 17:00:00,34.8297,1998-11-01 06:45:00,3.2500
07325800,35.290556,-98.593889,1999-04-25 14:45:00,1999-04-25 19:00:00,15.2628,1999-04-25 16:00:00,1.2500
07325800,35.290556,-98.593889,1999-07-10 06:00:00,1999-07-10 18:00:00,30.8654,1999-07-10 08:00:00,2.0000
07325800,35.290556,-98.593889,1999-12-09 08:00:00,1999-12-10 04:15:00,47.5723,1999-12-09 12:00:00,4.0000
07325800,35.290556,-98.593889,2000-03-23 11:00:00,2000-03-24 08:30:00,70.7921,2000-03-23 18:00:00,7.0000
07325800,35.290556,-98.593889,2000-04-30 19:00:00,2000-05-01 10:00:00,86.3664,2000-04-30 23:00:00,4.0000
07325800,35.290556,-98.593889,2000-05-27 05:00:00,2000-05-27 13:30:00,54.3683,2000-05-27 07:30:00,2.5000
07325800,35.290556,-98.593889,2000-06-17 12:00:00,2000-06-18 01:15:00,50.9703,2000-06-17 14:45:00,2.7500
07325800,35.290556,-98.593889,2000-06-28 12:00:00,2000-06-29 07:45:00,81.2693,2000-06-28 16:00:00,4.0000
07325800,35.290556,-98.593889,2000-10-23 12:45:00,2000-10-23 20:00:00,21.4359,2000-10-23 17:00:00,4.2500
07325800,35.290556,-98.593889,2000-10-25 22:00:00,2000-10-26 00:30:00,12.7992,2000-10-25 23:00:00,1.0000
07325800,35.290556,-98.593889,2001-02-24 14:30:00,2001-02-24 23:45:00,35.1129,2001-02-24 17:30:00,3.0000
07325800,35.290556,-98.593889,2001-05-05 00:00:00,2001-05-05 08:30:00,31.9980,2001-05-05 02:00:00,2.0000
07325800,35.290556,-98.593889,2001-05-18 11:00:00,2001-05-18 19:15:00,24.1543,2001-05-18 14:00:00,3.0000
07325800,35.290556,-98.593889,2001-05-30 07:00:00,2001-05-31 05:30:00,61.1644,2001-05-30 13:00:00,6.0000
07325800,35.290556,-98.593889,2002-06-09 01:00:00,2002-06-09 15:15:00,61.1644,2002-06-09 04:30:00,3.5000
07325800,35.290556,-98.593889,2004-03-04 16:00:00,2004-03-06 00:30:00,115.5327,2004-03-05 02:00:00,10.0000
07325800,35.290556,-98.593889,2005-06-13 01:30:00,2005-06-14 05:30:00,139.0357,2005-06-13 07:00:00,5.5000
07325800,35.290556,-98.593889,2005-08-21 06:00:00,2005-08-22 21:00:00,50.1208,2005-08-21 11:00:00,5.0000
07325800,35.290556,-98.593889,2005-09-15 06:00:00,2005-09-15 20:30:00,31.4317,2005-09-15 08:00:00,2.0000
07325800,35.290556,-98.593889,2005-10-01 09:00:00,2005-10-01 14:00:00,15.3194,2005-10-01 10:00:00,1.0000
07325800,35.290556,-98.593889,2006-06-17 10:00:00,2006-06-17 12:00:00,16.9335,2006-06-17 10:30:00,0.5000
07325800,35.290556,-98.593889,2006-06-22 16:00:00,2006-06-22 20:00:00,18.9157,2006-06-22 17:00:00,1.0000
07325800,35.290556,-98.593889,2007-03-29 22:30:00,2007-03-31 09:00:00,28.0337,2007-03-31 03:30:00,29.0000
07325800,35.290556,-98.593889,2007-05-09 07:00:00,2007-05-09 15:30:00,20.5297,2007-05-09 10:30:00,3.5000
07325800,35.290556,-98.593889,2007-06-14 07:30:00,2007-06-17 00:30:00,137.6199,2007-06-14 14:00:00,6.5000
07325800,35.290556,-98.593889,2007-06-20 09:00:00,2007-06-21 03:00:00,37.0951,2007-06-20 11:30:00,2.5000
07325800,35.290556,-98.593889,2007-06-24 08:30:00,2007-06-24 10:30:00,12.6576,2007-06-24 09:00:00,0.5000
07325800,35.290556,-98.593889,2007-06-28 06:00:00,2007-06-30 10:30:00,35.6792,2007-06-29 22:00:00,40.0000
07325800,35.290556,-98.593889,2007-07-06 04:30:00,2007-07-06 14:00:00,21.3509,2007-07-06 07:00:00,2.5000
07325800,35.290556,-98.593889,2007-07-13 22:00:00,2007-07-13 23:30:00,12.6859,2007-07-13 22:30:00,0.5000
07325800,35.290556,-98.593889,2007-08-19 05:30:00,2007-08-20 12:30:00,214.3585,2007-08-19 10:30:00,5.0000
07325800,35.290556,-98.593889,2007-10-17 16:30:00,2007-10-18 07:30:00,55.5010,2007-10-17 20:00:00,3.5000
07325800,35.290556,-98.593889,2008-03-18 07:00:00,2008-03-19 07:00:00,38.2277,2008-03-18 10:00:00,3.0000
07325800,35.290556,-98.593889,2008-04-09 22:30:00,2008-04-11 01:00:00,36.2456,2008-04-10 11:00:00,12.5000
07325800,35.290556,-98.593889,2008-05-07 23:30:00,2008-05-08 12:30:00,32.5644,2008-05-08 01:30:00,2.0000
07325800,35.290556,-98.593889,2008-05-27 09:00:00,2008-05-28 04:00:00,71.6416,2008-05-27 13:00:00,4.0000
07325800,35.290556,-98.593889,2008-06-09 13:30:00,2008-06-10 06:30:00,29.4495,2008-06-09 19:30:00,6.0000
07325800,35.290556,-98.593889,2008-08-19 12:00:00,2008-08-19 18:30:00,23.8994,2008-08-19 14:00:00,2.0000
07325800,35.290556,-98.593889,2009-03-24 07:30:00,2009-03-24 10:00:00,15.5176,2009-03-24 09:00:00,1.5000
07325800,35.290556,-98.593889,2009-05-05 17:30:00,2009-05-05 22:00:00,15.7442,2009-05-05 20:00:00,2.5000
07325800,35.290556,-98.593889,2009-08-18 13:30:00,2009-08-19 02:00:00,26.2780,2009-08-18 15:00:00,1.5000
07325800,35.290556,-98.593889,2009-08-27 05:30:00,2009-08-27 07:30:00,15.9707,2009-08-27 06:30:00,1.0000
07325800,35.290556,-98.593889,2009-10-29 14:00:00,2009-10-29 16:00:00,13.5921,2009-10-29 14:30:00,0.5000
07325800,35.290556,-98.593889,2010-07-05 15:00:00,2010-07-05 22:30:00,19.5669,2010-07-05 17:30:00,2.5000
07325800,35.290556,-98.593889,2010-07-07 06:00:00,2010-07-07 09:00:00,16.3388,2010-07-07 07:00:00,1.0000
07325800,35.290556,-98.593889,2011-11-08 05:00:00,2011-11-08 14:30:00,60.5981,2011-11-08 07:00:00,2.0000
07325800,35.290556,-98.593889,2012-09-27 07:30:00,2012-09-27 10:00:00,19.9067,2012-09-27 08:30:00,1.0000
07325800,35.290556,-98.593889,2013-07-26 12:30:00,2013-07-26 21:30:00,26.2780,2013-07-26 14:00:00,1.5000
07325800,35.290556,-98.593889,2014-05-27 05:00:00,2014-05-27 14:00:00,20.0200,2014-05-27 08:00:00,3.0000
07325800,35.290556,-98.593889,2015-05-07 23:00:00,2015-05-09 12:30:00,47.2891,2015-05-09 03:30:00,28.5000
07325800,35.290556,-98.593889,2015-05-23 23:30:00,2015-05-25 10:30:00,99.9585,2015-05-24 04:00:00,4.5000
07325800,35.290556,-98.593889,2015-06-16 11:30:00,2015-06-16 12:00:00,12.5444,2015-06-16 12:00:00,0.5000
07325800,35.290556,-98.593889,2016-04-17 15:00:00,2016-04-17 18:00:00,14.3283,2016-04-17 16:30:00,1.5000
07081200,39.257222,-106.343056,1997-06-05 08:30:00,1997-06-13 14:30:00,38.5109,1997-06-10 06:00:00,117.5000
07081200,39.257222,-106.343056,1997-06-20 13:00:00,1997-06-21 18:00:00,27.7505,1997-06-21 15:00:00,26.0000
07081200,39.257222,-106.343056,2000-05-30 10:00:00,2000-05-30 15:30:00,30.2990,2000-05-30 11:00:00,1.0000
07081200,39.257222,-106.343056,2003-05-30 09:30:00,2003-05-30 15:30:00,27.0426,2003-05-30 11:30:00,2.0000
07081200,39.257222,-106.343056,2010-06-06 08:00:00,2010-06-07 17:45:00,30.2990,2010-06-06 12:00:00,4.0000
07081200,39.257222,-106.343056,2014-05-30 14:15:00,2014-06-07 11:45:00,26.2497,2014-06-02 11:00:00,68.7500
07081200,39.257222,-106.343056,2015-06-12 07:15:00,2015-06-14 23:15:00,29.4495,2015-06-14 14:00:00,54.7500
07081200,39.257222,-106.343056,2015-06-16 12:00:00,2015-06-19 17:45:00,32.2812,2015-06-18 12:00:00,48.0000
07065200,37.056111,-91.668056,2005-11-15 11:15:00,2005-11-15 23:00:00,365.2873,2005-11-15 17:30:00,6.2500
07065200,37.056111,-91.668056,2006-03-12 15:15:00,2006-03-12 18:45:00,147.8139,2006-03-12 16:30:00,1.2500
07065200,37.056111,-91.668056,2006-05-10 14:45:00,2006-05-10 17:00:00,148.9466,2006-05-10 15:45:00,1.0000
07065200,37.056111,-91.668056,2006-07-10 21:15:00,2006-07-12 03:45:00,300.1586,2006-07-12 01:15:00,28.0000
07065200,37.056111,-91.668056,2006-11-30 18:45:00,2006-12-01 13:45:00,413.4260,2006-12-01 06:15:00,11.5000
07065200,37.056111,-91.668056,2008-02-17 10:15:00,2008-02-17 20:15:00,368.1190,2008-02-17 13:30:00,3.2500
07065200,37.056111,-91.668056,2008-03-03 21:00:00,2008-03-04 07:30:00,334.1388,2008-03-04 02:00:00,5.0000
07065200,37.056111,-91.668056,2008-03-18 16:30:00,2008-03-20 00:30:00,668.2776,2008-03-19 02:00:00,9.5000
07065200,37.056111,-91.668056,2008-04-01 05:30:00,2008-04-01 09:30:00,173.5823,2008-04-01 07:00:00,1.5000
07065200,37.056111,-91.668056,2008-04-10 11:30:00,2008-04-11 02:45:00,549.3468,2008-04-10 15:00:00,3.5000
07065200,37.056111,-91.668056,2008-05-15 22:15:00,2008-05-16 01:30:00,171.6001,2008-05-15 23:15:00,1.0000
07065200,37.056111,-91.668056,2008-09-04 16:30:00,2008-09-04 20:45:00,159.7070,2008-09-04 18:45:00,2.2500
07065200,37.056111,-91.668056,2009-02-11 10:00:00,2009-02-11 17:00:00,217.1902,2009-02-11 12:45:00,2.7500
07065200,37.056111,-91.668056,2009-05-01 13:30:00,2009-05-01 20:15:00,322.8121,2009-05-01 16:30:00,3.0000
07065200,37.056111,-91.668056,2009-07-30 10:45:00,2009-07-30 12:15:00,145.2654,2009-07-30 11:30:00,0.7500
07065200,37.056111,-91.668056,2009-10-29 22:15:00,2009-10-30 19:30:00,390.7725,2009-10-30 12:45:00,14.5000
07065200,37.056111,-91.668056,2011-04-22 11:30:00,2011-04-22 16:30:00,189.7229,2011-04-22 13:45:00,2.2500
07065200,37.056111,-91.668056,2011-04-24 01:00:00,2011-04-28 04:15:00,563.5052,2011-04-26 03:45:00,50.7500
07065200,37.056111,-91.668056,2011-05-02 07:30:00,2011-05-02 13:30:00,204.4476,2011-05-02 10:15:00,2.7500
07065200,37.056111,-91.668056,2013-02-26 11:00:00,2013-02-26 15:15:00,151.2120,2013-02-26 12:30:00,1.5000
07065200,37.056111,-91.668056,2013-04-18 20:30:00,2013-04-19 01:00:00,331.3071,2013-04-18 21:45:00,1.2500
07065200,37.056111,-91.668056,2013-04-27 12:00:00,2013-04-27 13:15:00,133.3723,2013-04-27 12:30:00,0.5000
07065200,37.056111,-91.668056,2013-05-31 10:45:00,2013-06-01 23:30:00,628.6340,2013-06-01 16:00:00,29.2500
07065200,37.056111,-91.668056,2013-08-05 21:45:00,2013-08-08 00:45:00,362.4556,2013-08-07 20:00:00,46.2500
07065200,37.056111,-91.668056,2013-08-10 09:30:00,2013-08-10 15:00:00,196.2357,2013-08-10 11:15:00,1.7500
07065200,37.056111,-91.668056,2015-03-26 08:15:00,2015-03-26 15:45:00,190.8555,2015-03-26 12:15:00,4.0000
07065200,37.056111,-91.668056,2015-07-10 12:15:00,2015-07-10 23:30:00,521.0300,2015-07-10 17:00:00,4.7500
07065200,37.056111,-91.668056,2015-08-10 15:30:00,2015-08-10 18:00:00,175.8476,2015-08-10 16:30:00,1.0000
07065200,37.056111,-91.668056,2015-11-17 22:00:00,2015-11-18 11:15:00,696.5944,2015-11-18 04:30:00,6.5000
07065200,37.056111,-91.668056,2015-12-14 06:45:00,2015-12-14 11:45:00,170.4674,2015-12-14 08:30:00,1.7500
07065200,37.056111,-91.668056,2015-12-27 02:15:00,2015-12-29 03:15:00,807.0301,2015-12-28 18:00:00,39.7500
07065200,37.056111,-91.668056,2016-05-12 17:15:00,2016-05-12 18:15:00,131.9565,2016-05-12 17:45:00,0.5000
07133000,38.105833,-102.618056,1987-03-31 07:30:00,1987-04-02 01:30:00,42.7584,1987-04-01 02:30:00,19.0000
07133000,38.105833,-102.618056,1987-04-07 03:00:00,1987-04-09 12:30:00,36.2456,1987-04-07 04:00:00,1.0000
07133000,38.105833,-102.618056,1987-04-15 21:00:00,1987-04-18 18:00:00,54.6515,1987-04-17 09:00:00,36.0000
07133000,38.105833,-102.618056,1987-04-20 21:30:00,1987-04-24 22:30:00,74.4733,1987-04-23 16:00:00,66.5000
07133000,38.105833,-102.618056,1987-05-30 11:28:03,1987-06-08 07:57:00,77.3050,1987-06-01 15:57:48,52.4958
07133000,38.105833,-102.618056,1988-09-15 13:00:00,1988-09-15 19:00:00,49.5545,1988-09-15 15:30:00,2.5000
07133000,38.105833,-102.618056,1989-07-15 17:00:00,1989-07-15 21:00:00,41.0594,1989-07-15 19:00:00,2.0000
07133000,38.105833,-102.618056,1989-08-01 10:30:00,1989-08-01 12:30:00,36.5287,1989-08-01 11:00:00,0.5000
07133000,38.105833,-102.618056,1991-06-30 19:00:00,1991-07-01 01:00:00,43.3248,1991-06-30 22:30:00,3.5000
07133000,38.105833,-102.618056,1993-08-12 00:00:00,1993-08-12 01:30:00,37.6614,1993-08-12 01:00:00,1.0000
07133000,38.105833,-102.618056,1994-07-17 17:00:00,1994-07-18 04:00:00,47.8555,1994-07-18 00:00:00,7.0000
07133000,38.105833,-102.618056,1994-08-14 17:30:00,1994-08-15 00:00:00,66.5446,1994-08-14 22:00:00,4.5000
07133000,38.105833,-102.618056,1995-05-27 05:30:00,1995-05-27 07:30:00,39.3604,1995-05-27 07:00:00,1.5000
07133000,38.105833,-102.618056,1995-06-04 07:30:00,1995-06-05 01:00:00,89.4812,1995-06-04 17:00:00,9.5000
07133000,38.105833,-102.618056,1995-07-01 05:00:00,1995-08-03 00:00:00,79.8535,1995-07-05 12:00:00,103.0000
07133000,38.105833,-102.618056,1996-05-26 01:00:00,1996-05-28 00:00:00,142.4337,1996-05-27 12:30:00,35.5000
07133000,38.105833,-102.618056,1996-06-16 18:00:00,1996-06-16 23:00:00,44.1743,1996-06-16 20:30:00,2.5000
07133000,38.105833,-102.618056,1997-07-30 05:30:00,1997-07-30 19:30:00,79.8535,1997-07-30 10:30:00,5.0000
07133000,38.105833,-102.618056,1997-08-03 13:30:00,1997-08-03 23:00:00,45.8733,1997-08-03 19:00:00,5.5000
07133000,38.105833,-102.618056,1997-08-06 12:00:00,1997-08-07 04:30:00,79.2872,1997-08-06 18:30:00,6.5000
07133000,38.105833,-102.618056,1997-08-12 17:00:00,1997-08-13 19:00:00,108.1704,1997-08-13 02:00:00,9.0000
07133000,38.105833,-102.618056,1998-03-21 03:30:00,1998-03-23 00:30:00,45.3070,1998-03-21 22:00:00,18.5000
07133000,38.105833,-102.618056,1998-04-01 01:00:00,1998-04-06 21:30:00,45.0238,1998-04-01 22:30:00,21.5000
07133000,38.105833,-102.618056,1998-04-14 04:30:00,1998-04-15 08:30:00,57.7664,1998-04-14 22:00:00,17.5000
07133000,38.105833,-102.618056,1998-04-29 11:00:00,1998-04-30 00:30:00,44.7406,1998-04-29 20:30:00,9.5000
07133000,38.105833,-102.618056,1998-07-24 17:30:00,1998-07-26 01:30:00,47.8555,1998-07-25 15:00:00,21.5000
07133000,38.105833,-102.618056,1998-07-31 11:00:00,1998-08-01 05:30:00,91.4634,1998-07-31 22:00:00,11.0000
07133000,38.105833,-102.618056,1999-06-29 08:30:00,1999-07-01 22:30:00,41.0594,1999-06-30 20:30:00,36.0000
07133000,38.105833,-102.618056,1999-08-01 18:00:00,1999-08-02 20:30:00,54.6515,1999-08-02 11:30:00,17.5000
07133000,38.105833,-102.618056,1999-08-10 04:30:00,1999-08-17 21:30:00,71.0753,1999-08-12 16:30:00,60.0000
07133000,38.105833,-102.618056,2001-06-08 09:45:00,2001-06-08 23:00:00,64.8456,2001-06-08 19:15:00,9.5000
07133000,38.105833,-102.618056,2001-07-14 17:30:00,2001-07-15 03:15:00,58.8990,2001-07-14 23:45:00,6.2500
07133000,38.105833,-102.618056,2002-08-29 17:15:00,2002-08-29 22:15:00,44.1743,2002-08-29 21:15:00,4.0000
07133000,38.105833,-102.618056,2004-08-20 04:30:00,2004-08-20 05:30:00,35.9624,2004-08-20 05:00:00,0.5000
07133000,38.105833,-102.618056,2009-07-27 16:15:00,2009-07-28 01:00:00,64.5624,2009-07-27 22:00:00,5.7500
07133000,38.105833,-102.618056,2014-07-13 18:00:00,2014-07-15 18:45:00,55.7842,2014-07-13 23:45:00,5.7500
07133000,38.105833,-102.618056,2014-07-30 21:30:00,2014-07-31 08:15:00,62.0139,2014-07-31 03:15:00,5.7500
07133000,38.105833,-102.618056,2015-05-25 17:45:00,2015-05-25 21:15:00,38.2277,2015-05-25 19:30:00,1.7500
07138000,37.966111,-101.756389,1996-05-27 06:45:00,1996-05-29 21:00:00,89.4812,1996-05-29 12:15:00,53.5000
07138000,37.966111,-101.756389,1999-05-06 17:15:00,1999-05-08 11:15:00,80.9862,1999-05-07 18:15:00,25.0000
07138000,37.966111,-101.756389,1999-08-03 07:15:00,1999-08-03 18:00:00,75.0396,1999-08-03 14:15:00,7.0000
07138000,37.966111,-101.756389,1999-08-14 11:15:00,1999-08-17 09:15:00,72.7743,1999-08-16 13:30:00,50.2500
07138000,37.966111,-101.756389,1999-08-18 13:15:00,1999-08-18 14:45:00,67.9604,1999-08-18 14:45:00,1.5000
07144780,37.862500,-98.013611,1991-04-13 07:00:00,1991-04-16 05:00:00,216.3407,1991-04-14 01:00:00,18.0000
07144780,37.862500,-98.013611,1993-02-04 16:30:00,1993-02-06 20:30:00,41.3426,1993-02-05 06:30:00,14.0000
07144780,37.862500,-98.013611,1993-02-11 10:15:00,1993-02-13 08:15:00,49.8377,1993-02-12 04:30:00,18.2500
07144780,37.862500,-98.013611,1993-03-02 04:15:00,1993-03-04 00:15:00,48.9881,1993-03-02 18:45:00,14.5000
07144780,37.862500,-98.013611,1993-03-30 10:45:00,1993-04-01 14:45:00,65.6951,1993-03-31 05:15:00,18.5000
07144780,37.862500,-98.013611,1993-05-02 22:00:00,1993-05-04 02:45:00,31.7149,1993-05-03 06:45:00,8.7500
07144780,37.862500,-98.013611,1993-05-08 04:00:00,1993-05-15 05:45:00,243.8080,1993-05-08 19:15:00,15.2500
07144780,37.862500,-98.013611,1993-05-18 13:15:00,1993-05-19 11:45:00,46.4396,1993-05-18 20:15:00,7.0000
07144780,37.862500,-98.013611,1993-07-14 08:45:00,1993-07-17 05:30:00,136.4872,1993-07-15 09:45:00,25.0000
07144780,37.862500,-98.013611,1993-07-18 10:45:00,1993-07-22 18:30:00,189.7229,1993-07-19 03:00:00,16.2500
07144780,37.862500,-98.013611,1995-05-08 02:45:00,1995-05-09 19:00:00,53.8020,1995-05-08 11:45:00,9.0000
07144780,37.862500,-98.013611,1995-05-23 04:15:00,1995-05-31 21:00:00,1356.3770,1995-05-27 19:00:00,110.7500
07144780,37.862500,-98.013611,1995-06-08 17:00:00,1995-06-12 16:30:00,305.8219,1995-06-09 12:00:00,19.0000
07144780,37.862500,-98.013611,1995-08-06 10:00:00,1995-08-06 13:00:00,24.9471,1995-08-06 12:00:00,2.0000
07144780,37.862500,-98.013611,1996-09-19 17:00:00,1996-09-21 10:00:00,43.3248,1996-09-20 01:00:00,8.0000
07144780,37.862500,-98.013611,1996-11-17 05:00:00,1996-11-19 09:00:00,35.1129,1996-11-17 09:00:00,4.0000
07144780,37.862500,-98.013611,1997-06-24 21:00:00,1997-06-24 23:00:00,23.5879,1997-06-24 23:00:00,2.0000
07144780,37.862500,-98.013611,1998-03-17 11:00:00,1998-03-18 22:00:00,38.7941,1998-03-17 21:00:00,10.0000
07144780,37.862500,-98.013611,1998-03-22 03:00:00,1998-03-23 09:00:00,34.8297,1998-03-22 13:00:00,10.0000
07144780,37.862500,-98.013611,1998-03-28 06:00:00,1998-03-28 15:00:00,25.2869,1998-03-28 11:00:00,5.0000
07144780,37.862500,-98.013611,1998-11-01 09:00:00,1998-11-04 01:00:00,66.2614,1998-11-01 22:00:00,13.0000
07144780,37.862500,-98.013611,1999-04-05 21:00:00,1999-04-06 04:00:00,28.2885,1999-04-06 00:00:00,3.0000
07144780,37.862500,-98.013611,1999-04-15 10:00:00,1999-04-16 13:00:00,32.2812,1999-04-15 15:00:00,5.0000
07144780,37.862500,-98.013611,1999-07-17 06:00:00,1999-07-18 20:00:00,94.2951,1999-07-17 13:00:00,7.0000
07144780,37.862500,-98.013611,2000-03-23 13:00:00,2000-03-27 06:00:00,132.8060,2000-03-23 22:00:00,9.0000
07144780,37.862500,-98.013611,2000-10-25 14:00:00,2000-10-27 19:00:00,77.8713,2000-10-26 10:00:00,20.0000
07144780,37.862500,-98.013611,2001-02-25 00:00:00,2001-02-25 21:00:00,26.6745,2001-02-25 05:00:00,5.0000
07144780,37.862500,-98.013611,2001-03-15 16:00:00,2001-03-17 13:00:00,57.7664,2001-03-16 00:00:00,8.0000
07144780,37.862500,-98.013611,2001-06-06 05:00:00,2001-06-07 04:00:00,58.8990,2001-06-06 14:00:00,9.0000
07144780,37.862500,-98.013611,2001-06-08 17:00:00,2001-06-11 00:00:00,62.2971,2001-06-09 15:00:00,22.0000
07144780,37.862500,-98.013611,2002-05-12 16:00:00,2002-05-13 01:00:00,41.0594,2002-05-12 18:00:00,2.0000
07144780,37.862500,-98.013611,2002-10-05 05:00:00,2002-10-05 13:00:00,25.4002,2002-10-05 06:00:00,1.0000
07144780,37.862500,-98.013611,2003-03-19 04:00:00,2003-03-19 05:00:00,40.4931,2003-03-19 05:00:00,1.0000
07144780,37.862500,-98.013611,2003-04-20 17:00:00,2003-04-21 01:00:00,33.6970,2003-04-20 19:00:00,2.0000
07144780,37.862500,-98.013611,2003-04-24 14:00:00,2003-04-25 13:00:00,38.2277,2003-04-24 23:00:00,9.0000
07144780,37.862500,-98.013611,2003-05-24 22:00:00,2003-05-25 08:00:00,31.7149,2003-05-25 03:00:00,5.0000
07144780,37.862500,-98.013611,2004-03-05 02:00:00,2004-03-07 01:00:00,57.7664,2004-03-05 14:00:00,12.0000
07144780,37.862500,-98.013611,2004-05-13 17:00:00,2004-05-14 09:00:00,39.3604,2004-05-13 22:00:00,5.0000
07144780,37.862500,-98.013611,2004-06-13 14:00:00,2004-06-13 18:00:00,26.1648,2004-06-13 16:00:00,2.0000
07144780,37.862500,-98.013611,2004-06-18 11:00:00,2004-06-21 08:00:00,83.2515,2004-06-19 00:00:00,13.0000
07144780,37.862500,-98.013611,2004-07-04 12:00:00,2004-07-05 01:00:00,48.7050,2004-07-04 19:00:00,7.0000
07144780,37.862500,-98.013611,2005-06-10 11:00:00,2005-06-10 22:00:00,31.9980,2005-06-10 17:00:00,6.0000
07144780,37.862500,-98.013611,2005-06-12 19:00:00,2005-06-15 03:00:00,90.3307,2005-06-13 13:00:00,18.0000
07144780,37.862500,-98.013611,2005-06-17 03:00:00,2005-06-19 00:00:00,51.8198,2005-06-17 15:00:00,12.0000
07144780,37.862500,-98.013611,2005-07-04 01:00:00,2005-07-06 13:30:00,110.7189,2005-07-04 07:00:00,6.0000
07144780,37.862500,-98.013611,2006-05-10 04:00:00,2006-05-10 09:00:00,27.2125,2006-05-10 06:00:00,2.0000
07144780,37.862500,-98.013611,2007-03-31 12:00:00,2007-04-04 00:00:00,64.8456,2007-04-01 08:00:00,20.0000
07144780,37.862500,-98.013611,2007-04-15 00:00:00,2007-04-16 15:00:00,40.7763,2007-04-15 15:00:00,15.0000
07144780,37.862500,-98.013611,2007-05-07 00:00:00,2007-05-09 14:00:00,109.3030,2007-05-07 17:00:00,17.0000
07144780,37.862500,-98.013611,2007-05-24 02:45:00,2007-05-27 15:00:00,185.4753,2007-05-24 12:00:00,9.2500
07144780,37.862500,-98.013611,2007-06-01 22:00:00,2007-06-03 14:00:00,33.4139,2007-06-02 09:00:00,11.0000
07144780,37.862500,-98.013611,2007-06-28 04:00:00,2007-06-28 16:30:00,35.1129,2007-06-28 09:00:00,5.0000
07144780,37.862500,-98.013611,2008-04-23 20:00:00,2008-04-24 07:00:00,48.9881,2008-04-24 01:00:00,5.0000
07144780,37.862500,-98.013611,2008-05-07 18:30:00,2008-05-08 02:30:00,25.6551,2008-05-07 22:30:00,4.0000
07144780,37.862500,-98.013611,2008-05-09 04:30:00,2008-05-12 03:30:00,90.8971,2008-05-09 18:30:00,14.0000
07144780,37.862500,-98.013611,2008-05-24 15:30:00,2008-05-25 15:30:00,43.3248,2008-05-24 22:30:00,7.0000
07144780,37.862500,-98.013611,2008-05-27 17:30:00,2008-05-30 09:30:00,26.9010,2008-05-28 22:30:00,29.0000
07144780,37.862500,-98.013611,2008-09-13 04:00:00,2008-09-14 00:30:00,46.1565,2008-09-13 12:30:00,8.5000
07144780,37.862500,-98.013611,2008-10-15 16:30:00,2008-10-16 19:00:00,34.2634,2008-10-16 01:30:00,9.0000
07144780,37.862500,-98.013611,2009-04-27 11:00:00,2009-05-02 12:00:00,76.7387,2009-05-01 01:00:00,86.0000
07144780,37.862500,-98.013611,2009-05-08 10:30:00,2009-05-11 21:00:00,144.6991,2009-05-08 23:00:00,12.5000
07144780,37.862500,-98.013611,2009-09-09 22:00:00,2009-09-10 10:00:00,30.2990,2009-09-10 03:00:00,5.0000
07144780,37.862500,-98.013611,2009-09-12 21:00:00,2009-09-13 20:00:00,45.8733,2009-09-13 03:00:00,6.0000
07144780,37.862500,-98.013611,2010-06-13 19:00:00,2010-06-18 01:00:00,161.1229,2010-06-14 17:00:00,22.0000
07144780,37.862500,-98.013611,2010-07-05 01:00:00,2010-07-10 09:00:00,239.5605,2010-07-06 13:00:00,36.0000
07144780,37.862500,-98.013611,2010-08-24 18:00:00,2010-08-26 04:00:00,56.9169,2010-08-25 04:00:00,10.0000
07144780,37.862500,-98.013611,2013-05-30 22:00:00,2013-06-01 11:00:00,36.5287,2013-05-31 05:00:00,7.0000
07144780,37.862500,-98.013611,2013-07-31 05:00:00,2013-07-31 09:00:00,27.3824,2013-07-31 06:00:00,1.0000
07144780,37.862500,-98.013611,2013-08-04 12:00:00,2013-08-15 13:00:00,134.7882,2013-08-08 23:00:00,107.0000
07144780,37.862500,-98.013611,2014-07-01 15:00:00,2014-07-02 07:00:00,52.6693,2014-07-01 20:00:00,5.0000
07144780,37.862500,-98.013611,2016-05-25 12:00:00,2016-05-28 17:45:00,84.3842,2016-05-26 00:00:00,12.0000
07149000,37.038889,-98.470556,1995-05-27 17:30:00,1995-05-28 13:30:00,257.6833,1995-05-28 02:30:00,9.0000
07149000,37.038889,-98.470556,1995-07-01 02:00:00,1995-07-01 16:00:00,154.6100,1995-07-01 08:00:00,6.0000
07149000,37.038889,-98.470556,1996-07-27 05:00:00,1996-07-28 09:00:00,291.6635,1996-07-27 15:00:00,10.0000
07149000,37.038889,-98.470556,1996-08-03 03:30:00,1996-08-05 01:30:00,207.8457,1996-08-04 18:45:00,39.2500
07149000,37.038889,-98.470556,1996-09-20 19:00:00,1996-09-20 23:15:00,138.4694,1996-09-20 22:00:00,3.0000
07149000,37.038889,-98.470556,1996-11-18 03:00:00,1996-11-18 10:00:00,142.1506,1996-11-18 07:00:00,4.0000
07149000,37.038889,-98.470556,1997-04-12 08:45:00,1997-04-12 14:30:00,145.2654,1997-04-12 11:00:00,2.2500
07149000,37.038889,-98.470556,1999-07-02 08:00:00,1999-07-03 10:00:00,152.0615,1999-07-03 01:00:00,17.0000
07196500,35.922778,-94.923333,1990-12-31 02:00:00,1990-12-31 19:00:00,165.6536,1990-12-31 11:00:00,9.0000
07196500,35.922778,-94.923333,1991-01-11 05:00:00,1991-01-12 22:00:00,199.0674,1991-01-12 00:00:00,19.0000
07196500,35.922778,-94.923333,1991-01-17 02:00:00,1991-01-17 14:00:00,148.6634,1991-01-17 07:00:00,5.0000
07196500,35.922778,-94.923333,1991-04-14 13:00:00,1991-04-16 22:00:00,317.1487,1991-04-15 15:00:00,26.0000
07196500,35.922778,-94.923333,1991-11-02 07:00:00,1991-11-03 01:00:00,172.1664,1991-11-02 17:00:00,10.0000
07196500,35.922778,-94.923333,1991-11-17 18:00:00,1991-11-20 01:00:00,256.8338,1991-11-19 04:00:00,34.0000
07196500,35.922778,-94.923333,1991-11-21 08:00:00,1991-11-21 18:00:00,149.2298,1991-11-21 12:00:00,4.0000
07196500,35.922778,-94.923333,1991-12-04 02:00:00,1991-12-04 15:00:00,153.4773,1991-12-04 08:00:00,6.0000
07196500,35.922778,-94.923333,1991-12-21 09:00:00,1991-12-23 16:00:00,305.8219,1991-12-22 14:00:00,29.0000
07196500,35.922778,-94.923333,1992-06-06 23:00:00,1992-06-09 03:00:00,356.7923,1992-06-08 10:00:00,35.0000
07196500,35.922778,-94.923333,1992-11-22 13:00:00,1992-11-25 03:00:00,399.2675,1992-11-24 03:00:00,38.0000
07196500,35.922778,-94.923333,1992-12-14 13:00:00,1992-12-20 00:00:00,807.0301,1992-12-17 03:00:00,62.0000
07196500,35.922778,-94.923333,1993-01-05 17:00:00,1993-01-06 02:00:00,164.2377,1993-01-05 21:00:00,4.0000
07196500,35.922778,-94.923333,1993-02-22 10:00:00,1993-02-23 08:00:00,163.3882,1993-02-22 17:00:00,7.0000
07196500,35.922778,-94.923333,1993-02-26 03:00:00,1993-02-28 07:00:00,322.8121,1993-02-26 23:00:00,20.0000
07196500,35.922778,-94.923333,1993-03-21 01:00:00,1993-03-21 12:00:00,149.2298,1993-03-21 05:00:00,4.0000
07196500,35.922778,-94.923333,1993-04-05 20:00:00,1993-04-06 23:00:00,186.0417,1993-04-06 08:00:00,12.0000
07196500,35.922778,-94.923333,1993-04-15 16:00:00,1993-04-17 13:00:00,368.1190,1993-04-16 12:00:00,20.0000
07196500,35.922778,-94.923333,1993-05-09 12:00:00,1993-05-13 21:00:00,588.9904,1993-05-11 06:00:00,42.0000
07196500,35.922778,-94.923333,1993-06-26 21:00:00,1993-06-27 13:00:00,206.9961,1993-06-27 05:00:00,8.0000
07196500,35.922778,-94.923333,1993-09-15 07:00:00,1993-09-16 19:00:00,328.4754,1993-09-16 04:00:00,21.0000
07196500,35.922778,-94.923333,1993-11-14 18:00:00,1993-11-19 09:00:00,461.5646,1993-11-15 23:00:00,29.0000
07196500,35.922778,-94.923333,1994-02-23 17:00:00,1994-02-24 13:00:00,188.3070,1994-02-24 01:00:00,8.0000
07196500,35.922778,-94.923333,1994-03-09 09:00:00,1994-03-14 10:00:00,235.3130,1994-03-10 01:00:00,16.0000
07196500,35.922778,-94.923333,1994-03-27 22:00:00,1994-03-29 00:00:00,233.0476,1994-03-28 10:00:00,12.0000
07196500,35.922778,-94.923333,1994-04-12 19:00:00,1994-04-14 02:00:00,204.1645,1994-04-13 13:00:00,18.0000
07196500,35.922778,-94.923333,1994-11-05 20:00:00,1994-11-07 20:00:00,382.2774,1994-11-06 14:00:00,18.0000
07196500,35.922778,-94.923333,1995-01-14 15:00:00,1995-01-16 23:00:00,430.4161,1995-01-15 16:00:00,25.0000
07196500,35.922778,-94.923333,1995-03-08 12:00:00,1995-03-09 07:00:00,202.1823,1995-03-08 20:00:00,8.0000
07196500,35.922778,-94.923333,1995-04-21 06:00:00,1995-04-22 14:00:00,362.4556,1995-04-22 00:00:00,18.0000
07196500,35.922778,-94.923333,1995-05-02 10:00:00,1995-05-03 02:00:00,178.3961,1995-05-02 17:00:00,7.0000
07196500,35.922778,-94.923333,1995-05-08 03:00:00,1995-05-11 15:00:00,580.4954,1995-05-10 06:00:00,51.0000
07196500,35.922778,-94.923333,1995-06-10 12:00:00,1995-06-13 13:00:00,436.0794,1995-06-12 12:00:00,48.0000
07196500,35.922778,-94.923333,1996-01-19 20:00:00,1996-01-20 04:00:00,166.2199,1996-01-20 00:00:00,4.0000
07196500,35.922778,-94.923333,1996-04-23 14:00:00,1996-04-25 05:00:00,261.9308,1996-04-24 15:00:00,25.0000
07196500,35.922778,-94.923333,1996-05-11 23:00:00,1996-05-13 02:00:00,261.9308,1996-05-12 17:00:00,18.0000
07196500,35.922778,-94.923333,1996-09-27 08:00:00,1996-09-29 02:00:00,543.6835,1996-09-28 13:00:00,29.0000
07196500,35.922778,-94.923333,1996-11-08 07:00:00,1996-11-09 22:00:00,498.3765,1996-11-09 05:00:00,22.0000
07196500,35.922778,-94.923333,1996-11-18 12:00:00,1996-11-19 02:00:00,175.8476,1996-11-18 18:00:00,6.0000
07196500,35.922778,-94.923333,1996-11-25 09:00:00,1996-11-28 04:00:00,484.2181,1996-11-26 11:00:00,26.0000
07196500,35.922778,-94.923333,1996-11-30 10:00:00,1996-12-02 15:00:00,279.4873,1996-12-01 08:00:00,22.0000
07196500,35.922778,-94.923333,1997-02-21 17:00:00,1997-02-24 00:00:00,597.4855,1997-02-22 09:00:00,16.0000
07196500,35.922778,-94.923333,1997-03-14 23:00:00,1997-03-15 15:00:00,166.2199,1997-03-15 05:00:00,6.0000
07196500,35.922778,-94.923333,1997-06-18 15:00:00,1997-06-18 20:00:00,142.1506,1997-06-18 17:00:00,2.0000
07196500,35.922778,-94.923333,1998-01-05 10:00:00,1998-01-11 10:00:00,727.7430,1998-01-06 12:00:00,26.0000
07196500,35.922778,-94.923333,1998-03-09 07:00:00,1998-03-09 17:00:00,155.7427,1998-03-09 11:00:00,4.0000
07196500,35.922778,-94.923333,1998-03-17 15:00:00,1998-03-22 10:00:00,348.2972,1998-03-21 06:00:00,87.0000
07196500,35.922778,-94.923333,1998-04-01 14:00:00,1998-04-01 18:00:00,140.7347,1998-04-01 16:00:00,2.0000
07196500,35.922778,-94.923333,1998-10-06 19:00:00,1998-10-07 21:00:00,205.8635,1998-10-07 10:00:00,15.0000
07196500,35.922778,-94.923333,1999-02-07 14:00:00,1999-02-09 08:00:00,275.8061,1999-02-08 17:00:00,27.0000
07196500,35.922778,-94.923333,1999-03-14 00:00:00,1999-03-16 14:00:00,257.1170,1999-03-14 14:00:00,14.0000
07196500,35.922778,-94.923333,1999-05-04 21:30:00,1999-05-07 07:30:00,370.9507,1999-05-06 15:00:00,41.5000
07196500,35.922778,-94.923333,1999-05-13 15:30:00,1999-05-14 06:30:00,172.7328,1999-05-13 22:00:00,6.5000
07196500,35.922778,-94.923333,1999-05-24 05:30:00,1999-05-25 06:30:00,168.7684,1999-05-24 20:30:00,15.0000
07196500,35.922778,-94.923333,1999-07-01 09:30:00,1999-07-03 12:30:00,555.0102,1999-07-02 08:00:00,22.5000
07196500,35.922778,-94.923333,2000-05-28 21:00:00,2000-05-29 11:30:00,191.4219,2000-05-29 03:30:00,6.5000
07196500,35.922778,-94.923333,2000-06-17 21:30:00,2000-06-20 11:30:00,484.2181,2000-06-19 08:30:00,35.0000
07196500,35.922778,-94.923333,2000-06-21 12:00:00,2000-06-26 13:00:00,993.9213,2000-06-23 04:00:00,40.0000
07196500,35.922778,-94.923333,2000-06-28 19:30:00,2000-07-02 04:00:00,832.5153,2000-06-30 10:00:00,38.5000
07196500,35.922778,-94.923333,2001-01-30 22:00:00,2001-01-31 08:30:00,157.1585,2001-01-31 02:00:00,4.0000
07196500,35.922778,-94.923333,2001-02-15 23:00:00,2001-02-18 16:00:00,291.6635,2001-02-16 15:30:00,16.5000
07196500,35.922778,-94.923333,2001-02-24 13:30:00,2001-02-28 07:00:00,719.2479,2001-02-25 23:00:00,33.5000
07196500,35.922778,-94.923333,2001-12-17 11:30:00,2001-12-20 08:30:00,557.8419,2001-12-18 16:30:00,29.0000
07196500,35.922778,-94.923333,2002-02-01 21:30:00,2002-02-02 13:00:00,205.5803,2002-02-02 04:30:00,7.0000
07196500,35.922778,-94.923333,2002-03-20 15:00:00,2002-03-22 08:30:00,294.4952,2002-03-21 07:30:00,16.5000
07196500,35.922778,-94.923333,2002-03-26 13:00:00,2002-03-27 00:30:00,156.5922,2002-03-26 18:00:00,5.0000
07196500,35.922778,-94.923333,2002-04-08 21:30:00,2002-04-11 04:00:00,560.6736,2002-04-09 20:30:00,23.0000
07196500,35.922778,-94.923333,2002-04-24 18:00:00,2002-04-25 01:30:00,152.3446,2002-04-24 21:00:00,3.0000
07196500,35.922778,-94.923333,2002-08-15 09:30:00,2002-08-16 03:30:00,211.2437,2002-08-15 18:00:00,8.5000
07196500,35.922778,-94.923333,2003-05-17 23:00:00,2003-05-18 19:00:00,157.7248,2003-05-18 03:30:00,4.5000
07196500,35.922778,-94.923333,2004-03-04 10:00:00,2004-03-07 06:00:00,279.4873,2004-03-05 14:30:00,28.5000
07196500,35.922778,-94.923333,2004-04-23 07:30:00,2004-04-27 20:30:00,880.6539,2004-04-26 00:30:00,65.0000
07196500,35.922778,-94.923333,2004-05-02 12:30:00,2004-05-02 18:30:00,148.6634,2004-05-02 15:00:00,2.5000
07196500,35.922778,-94.923333,2004-07-03 19:00:00,2004-07-05 19:00:00,518.1983,2004-07-05 00:30:00,29.5000
07196500,35.922778,-94.923333,2004-11-02 02:00:00,2004-11-03 09:30:00,267.5942,2004-11-02 20:30:00,18.5000
07196500,35.922778,-94.923333,2004-12-08 13:00:00,2004-12-08 18:00:00,139.8852,2004-12-08 15:30:00,2.5000
07196500,35.922778,-94.923333,2005-01-04 19:30:00,2005-01-08 23:00:00,605.9805,2005-01-06 10:30:00,39.0000
07196500,35.922778,-94.923333,2005-01-13 07:30:00,2005-01-16 00:30:00,433.2478,2005-01-14 18:00:00,34.5000
07196500,35.922778,-94.923333,2006-09-24 20:00:00,2006-09-25 08:00:00,193.1209,2006-09-25 02:00:00,6.0000
07196500,35.922778,-94.923333,2006-12-01 15:00:00,2006-12-03 00:00:00,427.5844,2006-12-02 06:00:00,15.0000
07196500,35.922778,-94.923333,2006-12-31 19:00:00,2007-01-01 08:00:00,151.4951,2007-01-01 00:00:00,5.0000
07196500,35.922778,-94.923333,2007-01-14 13:00:00,2007-01-17 07:00:00,385.1091,2007-01-15 14:00:00,25.0000
07196500,35.922778,-94.923333,2008-02-17 18:00:00,2008-02-20 01:00:00,436.0794,2008-02-18 22:00:00,28.0000
07196500,35.922778,-94.923333,2008-03-04 13:00:00,2008-03-06 03:00:00,325.6437,2008-03-05 04:00:00,15.0000
07196500,35.922778,-94.923333,2008-03-19 01:00:00,2008-03-23 10:00:00,1749.9811,2008-03-20 06:00:00,29.0000
07196500,35.922778,-94.923333,2008-04-01 06:00:00,2008-04-03 20:00:00,526.6933,2008-04-02 11:00:00,29.0000
07196500,35.922778,-94.923333,2008-04-05 05:00:00,2008-04-05 19:00:00,158.0080,2008-04-05 11:00:00,6.0000
07196500,35.922778,-94.923333,2008-04-10 06:00:00,2008-04-14 12:00:00,1053.3867,2008-04-11 21:00:00,39.0000
07196500,35.922778,-94.923333,2008-04-25 01:00:00,2008-04-26 14:00:00,325.6437,2008-04-25 16:00:00,15.0000
07196500,35.922778,-94.923333,2008-06-03 01:00:00,2008-06-03 05:00:00,142.1506,2008-06-03 03:00:00,2.0000
07196500,35.922778,-94.923333,2008-06-10 04:00:00,2008-06-11 15:00:00,197.3684,2008-06-10 13:00:00,9.0000
07196500,35.922778,-94.923333,2008-07-10 16:00:00,2008-07-11 23:00:00,175.8476,2008-07-11 00:00:00,8.0000
07196500,35.922778,-94.923333,2008-07-14 08:00:00,2008-07-15 04:00:00,208.9783,2008-07-14 16:00:00,8.0000
07196500,35.922778,-94.923333,2008-09-05 01:00:00,2008-09-06 05:00:00,221.4377,2008-09-05 13:00:00,12.0000
07196500,35.922778,-94.923333,2008-09-14 19:00:00,2008-09-16 19:00:00,387.9408,2008-09-16 03:00:00,32.0000
07196500,35.922778,-94.923333,2009-02-12 13:00:00,2009-02-13 15:00:00,219.1724,2009-02-12 23:00:00,10.0000
07196500,35.922778,-94.923333,2009-04-13 22:00:00,2009-04-15 04:00:00,255.7011,2009-04-14 09:00:00,11.0000
07196500,35.922778,-94.923333,2009-04-19 06:00:00,2009-04-21 15:00:00,242.6754,2009-04-20 19:00:00,37.0000
07196500,35.922778,-94.923333,2009-05-02 01:00:00,2009-05-11 04:00:00,351.1289,2009-05-05 05:00:00,76.0000
07196500,35.922778,-94.923333,2009-09-23 15:00:00,2009-09-24 01:00:00,168.4852,2009-09-23 19:00:00,4.0000
07196500,35.922778,-94.923333,2009-10-09 13:00:00,2009-10-12 19:00:00,945.7827,2009-10-11 01:00:00,36.0000
07196500,35.922778,-94.923333,2009-10-30 23:00:00,2009-11-01 13:00:00,342.6338,2009-10-31 18:00:00,19.0000
07196500,35.922778,-94.923333,2010-03-24 08:00:00,2010-03-25 10:00:00,142.4337,2010-03-24 11:00:00,3.0000
07196500,35.922778,-94.923333,2010-03-26 12:00:00,2010-03-28 00:00:00,237.2952,2010-03-27 03:00:00,15.0000
07196500,35.922778,-94.923333,2010-05-21 04:00:00,2010-05-22 05:00:00,194.2536,2010-05-21 19:00:00,15.0000
07196500,35.922778,-94.923333,2010-07-14 13:00:00,2010-07-15 07:00:00,291.6635,2010-07-15 00:00:00,11.0000
07196500,35.922778,-94.923333,2010-07-17 11:00:00,2010-07-18 09:00:00,238.7110,2010-07-17 19:00:00,8.0000
07196500,35.922778,-94.923333,2011-04-24 14:00:00,2011-05-01 16:00:00,2418.2587,2011-04-27 01:00:00,59.0000
07196500,35.922778,-94.923333,2011-05-02 21:00:00,2011-05-05 07:00:00,279.4873,2011-05-03 14:00:00,17.0000
07196500,35.922778,-94.923333,2011-05-22 05:00:00,2011-05-22 22:00:00,204.1645,2011-05-22 12:00:00,7.0000
07196500,35.922778,-94.923333,2011-05-24 06:00:00,2011-05-28 23:00:00,1446.9909,2011-05-25 09:00:00,27.0000
07196500,35.922778,-94.923333,2011-11-09 14:00:00,2011-11-11 05:00:00,387.9408,2011-11-10 07:00:00,17.0000
07196500,35.922778,-94.923333,2011-11-23 14:00:00,2011-11-24 02:00:00,154.0436,2011-11-23 18:00:00,4.0000
07196500,35.922778,-94.923333,2011-12-16 12:00:00,2011-12-16 18:00:00,147.2476,2011-12-16 13:00:00,1.0000
07196500,35.922778,-94.923333,2012-03-21 05:00:00,2012-03-24 13:00:00,351.1289,2012-03-22 01:00:00,20.0000
07196500,35.922778,-94.923333,2013-03-11 23:00:00,2013-03-12 04:00:00,142.4337,2013-03-12 01:00:00,2.0000
07196500,35.922778,-94.923333,2013-04-18 19:00:00,2013-04-20 23:00:00,509.7032,2013-04-20 04:00:00,33.0000
07196500,35.922778,-94.923333,2013-05-10 22:00:00,2013-05-12 23:00:00,563.5052,2013-05-11 22:00:00,24.0000
07196500,35.922778,-94.923333,2013-05-22 21:00:00,2013-05-23 20:00:00,229.0833,2013-05-23 08:00:00,11.0000
07196500,35.922778,-94.923333,2013-08-09 16:00:00,2013-08-10 10:00:00,261.9308,2013-08-10 01:00:00,9.0000
07196500,35.922778,-94.923333,2013-12-22 18:00:00,2013-12-23 11:00:00,171.0338,2013-12-23 01:00:00,7.0000
07196500,35.922778,-94.923333,2014-03-17 18:00:00,2014-03-18 16:00:00,244.3744,2014-03-18 03:00:00,9.0000
07196500,35.922778,-94.923333,2014-10-14 18:00:00,2014-10-15 12:00:00,205.8635,2014-10-15 01:00:00,7.0000
07196500,35.922778,-94.923333,2015-03-15 07:00:00,2015-03-16 10:00:00,187.1744,2015-03-15 14:00:00,7.0000
07196500,35.922778,-94.923333,2015-05-11 15:00:00,2015-05-13 08:00:00,233.3308,2015-05-12 17:00:00,26.0000
07196500,35.922778,-94.923333,2015-05-24 12:00:00,2015-06-01 13:00:00,603.1488,2015-05-25 17:00:00,29.0000
07196500,35.922778,-94.923333,2015-06-18 23:00:00,2015-06-22 10:00:00,651.2875,2015-06-20 23:00:00,48.0000
07196500,35.922778,-94.923333,2015-06-28 07:00:00,2015-06-28 15:00:00,158.8575,2015-06-28 10:00:00,3.0000
07196500,35.922778,-94.923333,2015-07-08 20:00:00,2015-07-09 04:00:00,254.0021,2015-07-09 04:00:00,8.0000
07196500,35.922778,-94.923333,2015-07-22 14:00:00,2015-07-23 21:00:00,152.3446,2015-07-23 17:00:00,27.0000
07196500,35.922778,-94.923333,2015-11-18 21:00:00,2015-11-19 12:00:00,206.1466,2015-11-19 02:00:00,5.0000
07196500,35.922778,-94.923333,2015-11-28 12:00:00,2015-12-01 17:00:00,353.9606,2015-11-29 09:00:00,21.0000
07196500,35.922778,-94.923333,2015-12-13 21:00:00,2015-12-17 03:00:00,393.6042,2015-12-15 06:00:00,33.0000
07196500,35.922778,-94.923333,2015-12-27 04:00:00,2016-01-02 06:00:00,3398.0216,2015-12-28 18:00:00,38.0000
07203000,36.681667,-104.786667,1999-08-06 01:45:00,1999-08-06 03:00:00,119.7803,1999-08-06 02:15:00,0.5000
07207500,36.573889,-104.946111,2015-06-27 11:17:00,2015-06-27 11:51:00,122.3288,2015-06-27 11:29:00,0.2000
07230500,35.172500,-96.931667,1990-11-04 08:30:00,1990-11-04 13:15:00,30.0159,1990-11-04 09:45:00,1.2500
07230500,35.172500,-96.931667,1991-05-04 02:15:00,1991-05-04 10:45:00,80.4198,1991-05-04 05:30:00,3.2500
07230500,35.172500,-96.931667,1991-05-08 08:00:00,1991-05-08 23:30:00,107.6040,1991-05-08 11:00:00,3.0000
07230500,35.172500,-96.931667,1991-05-20 16:45:00,1991-05-20 19:00:00,28.0054,1991-05-20 17:30:00,0.7500
07230500,35.172500,-96.931667,1991-05-24 09:45:00,1991-05-25 13:30:00,100.2416,1991-05-25 04:30:00,18.7500
07230500,35.172500,-96.931667,1991-06-02 09:00:00,1991-06-02 10:00:00,30.0159,1991-06-02 09:15:00,0.2500
07230500,35.172500,-96.931667,1991-06-05 19:15:00,1991-06-06 02:30:00,61.4476,1991-06-05 20:45:00,1.5000
07230500,35.172500,-96.931667,1991-06-08 07:15:00,1991-06-09 13:45:00,117.5149,1991-06-08 19:30:00,12.2500
07230500,35.172500,-96.931667,1991-09-04 12:30:00,1991-09-04 14:45:00,29.4495,1991-09-04 13:30:00,1.0000
07230500,35.172500,-96.931667,1991-09-16 09:15:00,1991-09-17 04:00:00,119.2139,1991-09-16 13:30:00,4.2500
07230500,35.172500,-96.931667,1991-09-18 14:45:00,1991-09-19 06:15:00,40.4931,1991-09-19 01:15:00,10.5000
07230500,35.172500,-96.931667,1991-10-28 11:45:00,1991-10-29 05:15:00,104.4892,1991-10-28 14:30:00,2.7500
07230500,35.172500,-96.931667,1991-10-31 17:45:00,1991-11-01 03:30:00,33.1307,1991-10-31 19:15:00,1.5000
07230500,35.172500,-96.931667,1991-11-17 01:00:00,1991-11-17 12:15:00,45.3070,1991-11-17 04:15:00,3.2500
07230500,35.172500,-96.931667,1991-11-19 04:45:00,1991-11-19 10:00:00,27.6656,1991-11-19 05:30:00,0.7500
07230500,35.172500,-96.931667,1991-12-12 10:15:00,1991-12-12 16:30:00,38.5109,1991-12-12 12:45:00,2.5000
07230500,35.172500,-96.931667,1991-12-20 01:30:00,1991-12-29 10:30:00,152.0615,1991-12-21 01:45:00,24.2500
07230500,35.172500,-96.931667,1991-12-30 22:00:00,1992-01-06 21:15:00,34.8297,1992-01-01 16:00:00,42.0000
07230500,35.172500,-96.931667,1992-02-12 09:45:00,1992-02-12 18:45:00,68.8099,1992-02-12 12:30:00,2.7500
07230500,35.172500,-96.931667,1992-04-19 07:00:00,1992-04-20 21:39:00,122.6119,1992-04-19 14:00:00,7.0000
07230500,35.172500,-96.931667,1992-05-11 05:30:00,1992-05-13 01:15:00,178.3961,1992-05-11 21:45:00,16.2500
07230500,35.172500,-96.931667,1992-05-18 01:15:00,1992-05-18 06:30:00,31.9980,1992-05-18 02:30:00,1.2500
07230500,35.172500,-96.931667,1992-05-20 02:15:00,1992-05-20 07:00:00,28.2319,1992-05-20 03:30:00,1.2500
07230500,35.172500,-96.931667,1992-05-28 17:30:00,1992-05-29 05:15:00,42.7584,1992-05-28 23:45:00,6.2500
07230500,35.172500,-96.931667,1992-06-02 17:00:00,1992-06-03 01:15:00,36.2456,1992-06-02 21:15:00,4.2500
07230500,35.172500,-96.931667,1992-06-06 10:45:00,1992-06-06 19:00:00,35.9624,1992-06-06 13:45:00,3.0000
07230500,35.172500,-96.931667,1992-06-15 00:15:00,1992-06-15 02:00:00,29.1664,1992-06-15 00:45:00,0.5000
07230500,35.172500,-96.931667,1992-06-25 08:00:00,1992-06-25 20:45:00,62.8634,1992-06-25 12:30:00,4.5000
07230500,35.172500,-96.931667,1992-06-28 15:15:00,1992-06-29 16:15:00,34.8297,1992-06-29 10:15:00,19.0000
07230500,35.172500,-96.931667,1992-07-16 16:15:00,1992-07-17 01:30:00,35.1129,1992-07-16 17:30:00,1.2500
07230500,35.172500,-96.931667,1992-07-27 09:00:00,1992-07-28 03:15:00,99.6753,1992-07-27 15:30:00,6.5000
07230500,35.172500,-96.931667,1992-07-31 00:30:00,1992-07-31 04:30:00,52.3862,1992-07-31 02:00:00,1.5000
07230500,35.172500,-96.931667,1992-08-05 15:00:00,1992-08-06 05:45:00,99.1090,1992-08-05 18:15:00,3.2500
07230500,35.172500,-96.931667,1992-08-10 23:45:00,1992-08-15 01:45:00,34.5466,1992-08-11 15:15:00,15.5000
07230500,35.172500,-96.931667,1992-09-10 20:45:00,1992-09-11 02:30:00,32.2812,1992-09-10 22:30:00,1.7500
07230500,35.172500,-96.931667,1992-11-11 12:00:00,1992-11-12 09:00:00,54.3683,1992-11-11 18:00:00,6.0000
07230500,35.172500,-96.931667,1992-11-22 05:00:00,1992-11-23 00:00:00,45.0238,1992-11-22 16:00:00,11.0000
07230500,35.172500,-96.931667,1992-11-24 22:00:00,1992-11-25 14:00:00,50.4040,1992-11-25 03:00:00,5.0000
07230500,35.172500,-96.931667,1992-12-02 00:00:00,1992-12-02 01:00:00,29.1664,1992-12-02 01:00:00,1.0000
07230500,35.172500,-96.931667,1992-12-09 09:00:00,1992-12-10 15:00:00,115.2496,1992-12-09 21:00:00,12.0000
07230500,35.172500,-96.931667,1992-12-13 23:00:00,1992-12-15 16:00:00,129.9743,1992-12-14 16:00:00,17.0000
07230500,35.172500,-96.931667,1992-12-18 03:00:00,1992-12-22 05:00:00,29.1664,1992-12-18 08:00:00,5.0000
07230500,35.172500,-96.931667,1993-01-09 17:00:00,1993-01-09 22:00:00,29.7327,1993-01-09 19:00:00,2.0000
07230500,35.172500,-96.931667,1993-01-20 04:00:00,1993-01-20 17:00:00,47.5723,1993-01-20 06:00:00,2.0000
07230500,35.172500,-96.931667,1993-02-10 16:00:00,1993-02-11 01:00:00,33.1307,1993-02-10 19:00:00,3.0000
07230500,35.172500,-96.931667,1993-02-15 09:00:00,1993-02-16 17:00:00,125.1605,1993-02-15 17:00:00,8.0000
07230500,35.172500,-96.931667,1993-02-18 23:00:00,1993-02-23 19:00:00,29.1664,1993-02-19 23:00:00,24.0000
07230500,35.172500,-96.931667,1993-02-25 10:00:00,1993-02-25 15:00:00,33.6970,1993-02-25 12:00:00,2.0000
07230500,35.172500,-96.931667,1993-03-01 18:00:00,1993-03-02 00:00:00,30.2990,1993-03-01 19:00:00,1.0000
07230500,35.172500,-96.931667,1993-03-22 16:00:00,1993-03-22 19:00:00,31.4317,1993-03-22 17:00:00,1.0000
07230500,35.172500,-96.931667,1993-03-30 08:00:00,1993-03-31 08:00:00,128.2753,1993-03-30 12:00:00,4.0000
07230500,35.172500,-96.931667,1993-04-04 18:00:00,1993-04-05 00:00:00,31.1485,1993-04-04 22:00:00,4.0000
07230500,35.172500,-96.931667,1993-04-14 20:00:00,1993-04-14 23:00:00,28.8832,1993-04-14 21:00:00,1.0000
07230500,35.172500,-96.931667,1993-05-06 23:00:00,1993-05-07 12:00:00,33.9802,1993-05-07 00:00:00,1.0000
07230500,35.172500,-96.931667,1993-05-09 03:00:00,1993-05-24 21:00:00,156.0258,1993-05-10 04:00:00,25.0000
07230500,35.172500,-96.931667,1993-05-26 03:00:00,1993-06-07 19:45:00,35.1129,1993-05-27 00:00:00,21.0000
07230500,35.172500,-96.931667,1993-06-20 07:00:00,1993-06-20 18:00:00,71.0753,1993-06-20 10:00:00,3.0000
07230500,35.172500,-96.931667,1993-09-08 13:00:00,1993-09-08 17:00:00,37.3782,1993-09-08 14:00:00,1.0000
07230500,35.172500,-96.931667,1994-02-22 09:00:00,1994-02-22 15:00:00,43.0416,1994-02-22 11:00:00,2.0000
07230500,35.172500,-96.931667,1994-03-08 11:00:00,1994-03-09 08:00:00,49.5545,1994-03-08 23:00:00,12.0000
07230500,35.172500,-96.931667,1994-04-30 05:00:00,1994-04-30 11:00:00,47.8555,1994-04-30 07:00:00,2.0000
07230500,35.172500,-96.931667,1994-05-02 21:00:00,1994-05-03 08:00:00,54.9347,1994-05-03 00:00:00,3.0000
07230500,35.172500,-96.931667,1994-05-05 02:00:00,1994-05-06 19:00:00,33.1307,1994-05-05 04:00:00,2.0000
07230500,35.172500,-96.931667,1994-11-05 15:00:00,1994-11-05 21:00:00,52.1030,1994-11-05 17:00:00,2.0000
07230500,35.172500,-96.931667,1995-03-13 09:00:00,1995-03-14 10:00:00,99.9585,1995-03-13 15:00:00,6.0000
07230500,35.172500,-96.931667,1995-04-18 05:00:00,1995-04-18 12:00:00,71.9248,1995-04-18 06:00:00,1.0000
07230500,35.172500,-96.931667,1995-05-06 18:00:00,1995-05-09 08:00:00,143.0001,1995-05-08 09:00:00,39.0000
07230500,35.172500,-96.931667,1995-05-24 03:00:00,1995-05-25 01:00:00,104.7723,1995-05-24 13:00:00,10.0000
07230500,35.172500,-96.931667,1995-05-26 14:00:00,1995-05-29 01:00:00,157.7248,1995-05-27 15:00:00,25.0000
07230500,35.172500,-96.931667,1995-05-31 05:00:00,1995-06-11 20:00:00,151.4951,1995-06-05 13:00:00,128.0000
07230500,35.172500,-96.931667,1995-06-13 23:00:00,1995-06-24 04:00:00,39.0772,1995-06-16 02:00:00,51.0000
07230500,35.172500,-96.931667,1995-06-27 05:00:00,1995-07-04 08:00:00,95.4278,1995-07-03 06:00:00,145.0000
07230500,35.172500,-96.931667,1996-04-22 07:00:00,1996-04-23 01:00:00,59.7485,1996-04-22 10:00:00,3.0000
07230500,35.172500,-96.931667,1996-06-07 02:00:00,1996-06-07 08:08:00,54.9347,1996-06-07 03:17:00,1.2833
07230500,35.172500,-96.931667,1996-07-12 13:24:00,1996-07-12 16:07:00,39.9268,1996-07-12 14:23:00,0.9833
07230500,35.172500,-96.931667,1996-07-14 12:55:00,1996-07-14 19:29:00,63.1466,1996-07-14 14:08:00,1.2167
07230500,35.172500,-96.931667,1996-08-03 06:46:00,1996-08-04 06:00:00,140.4516,1996-08-03 13:00:00,6.2333
07230500,35.172500,-96.931667,1996-08-06 00:00:00,1996-08-06 07:00:00,27.3258,1996-08-06 05:27:00,5.4500
07230500,35.172500,-96.931667,1996-08-09 02:34:00,1996-08-11 21:00:00,135.9209,1996-08-11 07:00:00,52.4333
07230500,35.172500,-96.931667,1996-08-29 03:45:00,1996-08-29 05:00:00,35.1129,1996-08-29 04:00:00,0.2500
07230500,35.172500,-96.931667,1996-09-26 15:15:00,1996-09-26 19:00:00,38.2277,1996-09-26 16:15:00,1.0000
07230500,35.172500,-96.931667,1996-11-07 02:45:00,1996-11-07 16:15:00,107.3208,1996-11-07 06:30:00,3.7500
07230500,35.172500,-96.931667,1996-11-17 00:00:00,1996-11-17 12:00:00,124.5941,1996-11-17 03:15:00,3.2500
07230500,35.172500,-96.931667,1996-11-29 16:30:00,1996-11-29 19:00:00,29.7327,1996-11-29 17:30:00,1.0000
07230500,35.172500,-96.931667,1997-02-20 12:00:00,1997-02-21 10:00:00,108.7367,1997-02-20 16:45:00,4.7500
07230500,35.172500,-96.931667,1997-02-26 13:00:00,1997-02-26 23:00:00,60.3149,1997-02-26 16:00:00,3.0000
07230500,35.172500,-96.931667,1997-04-11 10:45:00,1997-04-12 03:00:00,119.2139,1997-04-11 15:00:00,4.2500
07230500,35.172500,-96.931667,1997-05-02 10:00:00,1997-05-02 20:00:00,78.1545,1997-05-02 12:45:00,2.7500
07230500,35.172500,-96.931667,1997-05-25 13:15:00,1997-05-25 22:00:00,84.9505,1997-05-25 16:15:00,3.0000
07230500,35.172500,-96.931667,1997-06-13 10:00:00,1997-06-13 14:15:00,35.3961,1997-06-13 11:00:00,1.0000
07230500,35.172500,-96.931667,1997-12-23 23:00:00,1997-12-24 14:15:00,86.3664,1997-12-24 03:00:00,4.0000
07230500,35.172500,-96.931667,1998-01-04 11:15:00,1998-01-05 04:00:00,128.8417,1998-01-04 15:45:00,4.5000
07230500,35.172500,-96.931667,1998-01-07 23:00:00,1998-01-08 17:00:00,37.3782,1998-01-08 07:00:00,8.0000
07230500,35.172500,-96.931667,1998-02-01 08:30:00,1998-02-01 18:00:00,65.1287,1998-02-01 11:15:00,2.7500
07230500,35.172500,-96.931667,1998-03-15 23:00:00,1998-03-18 05:00:00,134.2219,1998-03-16 18:00:00,19.0000
07230500,35.172500,-96.931667,1998-03-19 11:00:00,1998-03-20 00:00:00,43.3248,1998-03-19 14:45:00,3.7500
07230500,35.172500,-96.931667,1998-03-22 05:00:00,1998-03-26 21:00:00,32.8475,1998-03-24 06:00:00,49.0000
07230500,35.172500,-96.931667,1998-03-30 22:00:00,1998-03-31 08:00:00,33.9802,1998-03-31 01:00:00,3.0000
07230500,35.172500,-96.931667,1998-04-27 01:45:00,1998-04-28 16:30:00,150.9288,1998-04-27 10:15:00,8.5000
07230500,35.172500,-96.931667,1998-05-01 08:00:00,1998-05-03 11:00:00,28.3168,1998-05-02 08:00:00,24.0000
07230500,35.172500,-96.931667,1998-10-05 12:45:00,1998-10-05 21:00:00,126.5763,1998-10-05 14:15:00,1.5000
07230500,35.172500,-96.931667,1998-10-17 22:45:00,1998-10-18 02:15:00,44.7406,1998-10-17 23:30:00,0.7500
07230500,35.172500,-96.931667,1998-12-04 05:45:00,1998-12-04 09:15:00,37.3782,1998-12-04 06:30:00,0.7500
07230500,35.172500,-96.931667,1999-01-30 10:30:00,1999-01-30 13:45:00,30.0159,1999-01-30 11:00:00,0.5000
07230500,35.172500,-96.931667,1999-02-06 23:45:00,1999-02-07 11:00:00,108.1704,1999-02-07 02:00:00,2.2500
07230500,35.172500,-96.931667,1999-03-12 21:15:00,1999-03-13 11:00:00,82.1189,1999-03-13 01:00:00,3.7500
07230500,35.172500,-96.931667,1999-04-25 13:15:00,1999-05-17 04:30:00,152.9110,1999-04-25 22:00:00,8.7500
07230500,35.172500,-96.931667,1999-06-19 16:15:00,1999-06-19 22:00:00,41.6258,1999-06-19 17:00:00,0.7500
07230500,35.172500,-96.931667,1999-06-23 16:15:00,1999-06-24 02:00:00,49.8377,1999-06-23 20:00:00,3.7500
07230500,35.172500,-96.931667,1999-06-30 13:00:00,1999-07-01 09:00:00,146.9644,1999-06-30 16:00:00,3.0000
07230500,35.172500,-96.931667,2000-05-01 05:00:00,2000-05-01 15:00:00,116.6654,2000-05-01 06:00:00,1.0000
07230500,35.172500,-96.931667,2000-10-23 10:00:00,2000-10-23 15:00:00,57.4832,2000-10-23 11:00:00,1.0000
07230500,35.172500,-96.931667,2000-10-26 16:00:00,2000-10-27 15:00:00,39.6436,2000-10-27 12:30:00,20.5000
07230500,35.172500,-96.931667,2000-11-03 23:00:00,2000-11-04 06:30:00,43.0416,2000-11-04 00:30:00,1.5000
07230500,35.172500,-96.931667,2000-11-06 15:00:00,2000-11-06 21:00:00,28.8832,2000-11-06 18:00:00,3.0000
07230500,35.172500,-96.931667,2000-11-08 18:00:00,2000-11-09 02:00:00,36.8119,2000-11-08 21:00:00,3.0000
07230500,35.172500,-96.931667,2001-01-29 06:00:00,2001-01-30 02:00:00,71.3585,2001-01-29 12:30:00,6.5000
07230500,35.172500,-96.931667,2001-02-14 21:30:00,2001-02-15 22:00:00,112.7010,2001-02-15 00:00:00,2.5000
07230500,35.172500,-96.931667,2001-02-23 14:30:00,2001-02-25 07:00:00,111.8515,2001-02-24 10:30:00,20.0000
07230500,35.172500,-96.931667,2001-05-05 06:00:00,2001-05-05 12:30:00,51.2535,2001-05-05 09:00:00,3.0000
07230500,35.172500,-96.931667,2001-05-07 03:00:00,2001-05-07 08:00:00,47.0060,2001-05-07 05:00:00,2.0000
07230500,35.172500,-96.931667,2001-05-30 10:30:00,2001-05-31 09:30:00,184.0595,2001-05-30 15:00:00,4.5000
07230500,35.172500,-96.931667,2001-06-30 11:00:00,2001-07-01 04:30:00,159.1407,2001-06-30 15:00:00,4.0000
07230500,35.172500,-96.931667,2001-09-18 13:00:00,2001-09-18 23:00:00,112.1347,2001-09-18 15:30:00,2.5000
07230500,35.172500,-96.931667,2001-10-09 22:00:00,2001-10-10 23:00:00,31.4317,2001-10-09 22:30:00,0.5000
07230500,35.172500,-96.931667,2001-12-16 19:30:00,2001-12-17 05:30:00,64.8456,2001-12-17 00:30:00,5.0000
07230500,35.172500,-96.931667,2002-03-19 20:00:00,2002-03-19 22:30:00,30.5822,2002-03-19 21:30:00,1.5000
07230500,35.172500,-96.931667,2002-04-07 17:00:00,2002-04-08 18:00:00,143.0001,2002-04-08 04:30:00,11.5000
07230500,35.172500,-96.931667,2002-04-13 20:00:00,2002-04-14 03:30:00,44.7406,2002-04-13 23:00:00,3.0000
07230500,35.172500,-96.931667,2002-04-24 01:00:00,2002-04-24 22:00:00,35.6792,2002-04-24 16:30:00,15.5000
07230500,35.172500,-96.931667,2002-10-29 02:00:00,2002-10-29 06:30:00,46.7228,2002-10-29 03:00:00,1.0000
07230500,35.172500,-96.931667,2003-03-18 14:30:00,2003-03-19 03:00:00,30.5822,2003-03-19 00:30:00,10.0000
07230500,35.172500,-96.931667,2003-06-15 05:00:00,2003-06-15 08:00:00,34.8297,2003-06-15 05:30:00,0.5000
07230500,35.172500,-96.931667,2004-03-03 21:30:00,2004-03-05 08:00:00,131.9565,2004-03-04 00:00:00,2.5000
07230500,35.172500,-96.931667,2004-06-21 15:30:00,2004-06-22 23:30:00,84.1010,2004-06-22 11:30:00,20.0000
07230500,35.172500,-96.931667,2004-07-07 12:30:00,2004-07-08 03:00:00,86.9327,2004-07-07 14:30:00,2.0000
07230500,35.172500,-96.931667,2004-10-11 01:30:00,2004-10-11 21:30:00,39.3604,2004-10-11 04:00:00,2.5000
07230500,35.172500,-96.931667,2004-11-01 05:30:00,2004-11-03 23:00:00,57.4832,2004-11-01 07:00:00,1.5000
07230500,35.172500,-96.931667,2004-11-17 23:00:00,2004-11-18 14:30:00,62.5802,2004-11-18 05:00:00,6.0000
07230500,35.172500,-96.931667,2004-11-23 19:00:00,2004-11-24 04:30:00,55.7842,2004-11-23 20:30:00,1.5000
07230500,35.172500,-96.931667,2004-12-07 01:00:00,2004-12-07 10:00:00,45.0238,2004-12-07 02:30:00,1.5000
07230500,35.172500,-96.931667,2005-01-05 14:00:00,2005-01-06 02:30:00,56.6337,2005-01-05 18:30:00,4.5000
07230500,35.172500,-96.931667,2005-07-04 11:00:00,2005-07-05 02:30:00,61.1644,2005-07-04 13:00:00,2.0000
07230500,35.172500,-96.931667,2005-07-27 15:00:00,2005-07-27 18:30:00,32.2812,2005-07-27 16:00:00,1.0000
07230500,35.172500,-96.931667,2006-12-30 13:00:00,2006-12-30 16:30:00,28.8832,2006-12-30 15:00:00,2.0000
07230500,35.172500,-96.931667,2007-03-31 01:00:00,2007-03-31 18:30:00,108.7367,2007-03-31 04:00:00,3.0000
07230500,35.172500,-96.931667,2007-04-14 03:00:00,2007-04-14 07:00:00,39.0772,2007-04-14 04:00:00,1.0000
07230500,35.172500,-96.931667,2007-05-01 22:00:00,2007-05-02 12:30:00,62.2971,2007-05-02 00:00:00,2.0000
07230500,35.172500,-96.931667,2007-05-07 15:00:00,2007-05-08 04:30:00,100.8080,2007-05-07 21:30:00,6.5000
07230500,35.172500,-96.931667,2007-05-27 16:00:00,2007-05-28 10:30:00,56.0674,2007-05-27 20:30:00,4.5000
07230500,35.172500,-96.931667,2007-05-30 16:00:00,2007-05-31 05:00:00,48.9881,2007-05-30 19:30:00,3.5000
07230500,35.172500,-96.931667,2007-06-14 14:30:00,2007-06-14 17:30:00,31.1485,2007-06-14 15:00:00,0.5000
07230500,35.172500,-96.931667,2007-06-16 01:00:00,2007-06-16 04:30:00,35.6792,2007-06-16 02:00:00,1.0000
07230500,35.172500,-96.931667,2007-06-20 08:00:00,2007-06-23 04:30:00,131.1070,2007-06-20 13:00:00,5.0000
07230500,35.172500,-96.931667,2007-06-29 05:00:00,2007-06-30 23:30:00,120.0634,2007-06-30 02:30:00,21.5000
07230500,35.172500,-96.931667,2007-07-10 04:30:00,2007-07-12 04:30:00,157.4417,2007-07-11 00:00:00,19.5000
07230500,35.172500,-96.931667,2007-08-19 15:30:00,2007-08-21 17:30:00,188.5902,2007-08-20 08:00:00,16.5000
07230500,35.172500,-96.931667,2007-12-11 20:30:00,2007-12-12 04:30:00,43.0416,2007-12-11 23:00:00,2.5000
07230500,35.172500,-96.931667,2008-03-18 15:30:00,2008-03-19 05:30:00,56.0674,2008-03-18 18:30:00,3.0000
07230500,35.172500,-96.931667,2008-04-10 00:00:00,2008-04-11 10:00:00,151.2120,2008-04-10 15:00:00,15.0000
07230500,35.172500,-96.931667,2008-05-07 14:00:00,2008-05-08 21:30:00,132.2397,2008-05-08 04:30:00,14.5000
07230500,35.172500,-96.931667,2008-06-09 13:00:00,2008-06-10 12:00:00,130.8238,2008-06-09 20:00:00,7.0000
07230500,35.172500,-96.931667,2008-06-14 10:00:00,2008-06-14 20:00:00,61.7307,2008-06-14 12:00:00,2.0000
07230500,35.172500,-96.931667,2008-06-17 14:30:00,2008-06-18 04:30:00,48.9881,2008-06-17 20:00:00,5.5000
07230500,35.172500,-96.931667,2008-08-11 11:30:00,2008-08-12 02:00:00,59.4654,2008-08-11 14:00:00,2.5000
07230500,35.172500,-96.931667,2008-08-19 19:30:00,2008-08-19 23:00:00,28.2036,2008-08-19 20:30:00,1.0000
07230500,35.172500,-96.931667,2009-04-29 18:30:00,2009-04-29 21:00:00,33.4139,2009-04-29 19:30:00,1.0000
07230500,35.172500,-96.931667,2009-05-05 21:30:00,2009-05-06 03:30:00,32.5644,2009-05-05 23:30:00,2.0000
07230500,35.172500,-96.931667,2009-05-14 10:30:00,2009-05-14 13:00:00,28.8832,2009-05-14 11:00:00,0.5000
07230500,35.172500,-96.931667,2009-05-16 09:00:00,2009-05-16 18:30:00,58.3327,2009-05-16 12:00:00,3.0000
07230500,35.172500,-96.931667,2009-05-19 10:00:00,2009-05-20 00:30:00,27.8355,2009-05-19 22:00:00,12.0000
07230500,35.172500,-96.931667,2009-06-03 13:30:00,2009-06-03 17:00:00,47.8555,2009-06-03 14:30:00,1.0000
07230500,35.172500,-96.931667,2009-10-09 01:30:00,2009-10-09 21:30:00,131.1070,2009-10-09 08:00:00,6.5000
07230500,35.172500,-96.931667,2009-10-22 06:30:00,2009-10-22 12:00:00,46.4396,2009-10-22 08:30:00,2.0000
07230500,35.172500,-96.931667,2009-10-29 17:30:00,2009-10-30 03:00:00,52.9525,2009-10-29 20:00:00,2.5000
07230500,35.172500,-96.931667,2010-02-21 16:00:00,2010-02-22 01:30:00,79.5703,2010-02-21 18:30:00,2.5000
07230500,35.172500,-96.931667,2010-04-18 10:30:00,2010-04-18 18:30:00,38.5109,2010-04-18 14:30:00,4.0000
07230500,35.172500,-96.931667,2010-05-14 10:30:00,2010-05-15 10:30:00,133.0892,2010-05-14 20:30:00,10.0000
07230500,35.172500,-96.931667,2010-05-20 04:30:00,2010-05-20 11:30:00,44.1743,2010-05-20 07:00:00,2.5000
07230500,35.172500,-96.931667,2010-05-31 10:30:00,2010-06-01 10:00:00,144.6991,2010-05-31 17:00:00,6.5000
07230500,35.172500,-96.931667,2010-06-14 22:30:00,2010-06-16 22:00:00,185.7585,2010-06-15 11:00:00,12.5000
07230500,35.172500,-96.931667,2010-06-28 07:30:00,2010-06-29 03:00:00,128.8417,2010-06-28 12:30:00,5.0000
07230500,35.172500,-96.931667,2010-07-03 17:00:00,2010-07-05 19:30:00,147.8139,2010-07-03 20:30:00,3.5000
07230500,35.172500,-96.931667,2010-07-09 03:30:00,2010-07-10 16:00:00,110.1525,2010-07-10 00:30:00,21.0000
07230500,35.172500,-96.931667,2010-09-09 04:30:00,2010-09-09 12:00:00,94.5783,2010-09-09 07:30:00,3.0000
07230500,35.172500,-96.931667,2011-04-24 23:00:00,2011-04-25 05:30:00,55.5010,2011-04-25 00:00:00,1.0000
07230500,35.172500,-96.931667,2012-03-19 21:00:00,2012-03-20 11:30:00,122.6119,2012-03-20 02:30:00,5.5000
07230500,35.172500,-96.931667,2013-04-18 07:00:00,2013-04-19 01:00:00,148.9466,2013-04-18 10:30:00,3.5000
07230500,35.172500,-96.931667,2013-05-21 21:30:00,2013-05-22 00:00:00,30.5822,2013-05-21 22:30:00,1.0000
07230500,35.172500,-96.931667,2013-06-01 05:00:00,2013-06-02 10:00:00,143.0001,2013-06-01 13:30:00,8.5000
07230500,35.172500,-96.931667,2013-10-30 21:00:00,2013-10-31 00:00:00,33.4139,2013-10-30 22:30:00,1.5000
07230500,35.172500,-96.931667,2014-07-17 07:30:00,2014-07-18 10:30:00,139.0357,2014-07-17 14:30:00,7.0000
07230500,35.172500,-96.931667,2014-07-31 07:00:00,2014-07-31 12:00:00,42.7584,2014-07-31 08:30:00,1.5000
07230500,35.172500,-96.931667,2015-04-01 09:00:00,2015-04-01 11:00:00,31.7149,2015-04-01 09:30:00,0.5000
07230500,35.172500,-96.931667,2015-05-06 09:30:00,2015-05-14 11:30:00,211.8100,2015-05-10 12:00:00,98.5000
07230500,35.172500,-96.931667,2015-06-13 05:00:00,2015-07-04 03:30:00,353.9606,2015-06-18 20:00:00,135.0000
07230500,35.172500,-96.931667,2015-07-08 05:00:00,2015-07-13 02:30:00,109.3030,2015-07-08 14:30:00,9.5000
07230500,35.172500,-96.931667,2015-07-21 05:00:00,2015-07-23 03:00:00,37.0951,2015-07-22 15:30:00,34.5000
07230500,35.172500,-96.931667,2015-11-27 18:00:00,2015-11-28 22:30:00,34.5466,2015-11-27 19:30:00,1.5000
07230500,35.172500,-96.931667,2015-12-27 07:00:00,2015-12-28 15:30:00,86.0832,2015-12-27 20:00:00,13.0000
07230500,35.172500,-96.931667,2016-04-18 05:30:00,2016-04-20 20:30:00,111.8515,2016-04-18 09:00:00,3.5000
07230500,35.172500,-96.931667,2016-04-22 22:30:00,2016-04-24 05:30:00,28.3168,2016-04-23 00:30:00,2.0000
07230500,35.172500,-96.931667,2016-04-30 01:30:00,2016-04-30 10:30:00,44.7406,2016-04-30 06:00:00,4.5000
07230500,35.172500,-96.931667,2016-05-12 07:30:00,2016-05-12 15:00:00,63.4297,2016-05-12 09:30:00,2.0000
07237500,36.436667,-99.278056,2007-06-02 14:30:00,2007-06-03 05:00:00,45.5901,2007-06-02 18:30:00,4.0000
07237500,36.436667,-99.278056,2007-06-02 14:30:00,2007-06-03 05:00:00,45.5901,2007-06-02 18:30:00,4.0000
07238000,36.183333,-98.920833,1993-05-02 07:00:00,1993-05-04 02:00:00,72.2080,1993-05-02 23:00:00,16.0000
07238000,36.183333,-98.920833,1993-05-08 18:00:00,1993-05-10 20:00:00,102.7902,1993-05-09 17:30:00,23.5000
07238000,36.183333,-98.920833,1993-05-18 07:00:00,1993-05-19 03:00:00,47.8555,1993-05-18 18:00:00,11.0000
07238000,36.183333,-98.920833,1995-06-03 18:00:00,1995-06-04 13:00:00,59.4654,1995-06-04 05:00:00,11.0000
07238000,36.183333,-98.920833,1995-06-09 09:00:00,1995-06-11 20:00:00,117.5149,1995-06-10 01:00:00,16.0000
07238000,36.183333,-98.920833,1996-07-24 14:00:00,1996-07-25 04:00:00,59.4654,1996-07-24 17:15:00,3.2500
07238000,36.183333,-98.920833,1996-07-31 02:15:00,1996-07-31 16:15:00,60.3149,1996-07-31 07:15:00,5.0000
07238000,36.183333,-98.920833,1996-08-03 09:15:00,1996-08-04 03:00:00,52.9525,1996-08-03 20:15:00,11.0000
07238000,36.183333,-98.920833,1996-09-16 02:45:00,1996-09-21 06:00:00,76.4555,1996-09-16 20:15:00,17.5000
07238000,36.183333,-98.920833,1997-04-11 10:00:00,1997-04-12 22:00:00,63.9961,1997-04-11 20:00:00,10.0000
07238000,36.183333,-98.920833,1997-05-02 09:00:00,1997-05-03 05:00:00,48.7050,1997-05-02 20:00:00,11.0000
07238000,36.183333,-98.920833,1997-05-08 06:45:00,1997-05-09 04:00:00,52.9525,1997-05-08 13:00:00,6.2500
07238000,36.183333,-98.920833,1997-06-04 02:00:00,1997-06-05 10:00:00,38.2277,1997-06-04 06:00:00,4.0000
07238000,36.183333,-98.920833,1997-09-23 02:00:00,1997-09-24 17:00:00,203.8813,1997-09-23 16:00:00,14.0000
07238000,36.183333,-98.920833,1998-03-16 17:00:00,1998-03-19 09:30:00,54.0852,1998-03-17 12:00:00,19.0000
07238000,36.183333,-98.920833,1998-05-09 16:00:00,1998-05-10 18:00:00,55.5010,1998-05-10 04:00:00,12.0000
07238000,36.183333,-98.920833,1998-10-31 15:00:00,1998-11-03 16:00:00,86.9327,1998-11-01 18:00:00,27.0000
07238000,36.183333,-98.920833,1999-04-03 15:00:00,1999-04-04 23:00:00,58.6159,1999-04-03 22:00:00,7.0000
07238000,36.183333,-98.920833,1999-04-14 03:15:00,1999-04-18 07:00:00,94.5783,1999-04-14 19:15:00,16.0000
07238000,36.183333,-98.920833,1999-04-20 02:00:00,1999-04-21 22:00:00,38.5109,1999-04-21 09:00:00,31.0000
07238000,36.183333,-98.920833,1999-04-24 22:00:00,1999-04-28 01:00:00,78.7208,1999-04-25 20:00:00,22.0000
07238000,36.183333,-98.920833,2000-03-23 13:30:00,2000-03-25 13:30:00,83.8179,2000-03-24 01:00:00,11.5000
07238000,36.183333,-98.920833,2000-05-26 10:30:00,2000-05-27 06:30:00,60.0317,2000-05-26 20:00:00,9.5000
07238000,36.183333,-98.920833,2001-05-05 10:00:00,2001-05-07 21:30:00,67.9604,2001-05-07 03:00:00,41.0000
07238000,36.183333,-98.920833,2002-10-03 11:30:00,2002-10-05 13:30:00,63.4297,2002-10-04 13:30:00,26.0000
07238000,36.183333,-98.920833,2003-05-16 08:30:00,2003-05-17 08:30:00,77.5882,2003-05-17 01:00:00,16.5000
07238000,36.183333,-98.920833,2005-06-17 11:00:00,2005-06-17 23:00:00,39.3604,2005-06-17 19:00:00,8.0000
07238000,36.183333,-98.920833,2007-05-06 21:30:00,2007-05-07 17:30:00,70.7921,2007-05-07 10:00:00,12.5000
07238000,36.183333,-98.920833,2007-06-01 11:00:00,2007-06-07 07:00:00,43.8911,2007-06-01 13:00:00,2.0000
07238000,36.183333,-98.920833,2007-06-13 14:00:00,2007-06-14 20:00:00,45.0238,2007-06-14 08:00:00,18.0000
07238000,36.183333,-98.920833,2007-07-13 10:00:00,2007-07-14 17:00:00,71.3585,2007-07-14 03:30:00,17.5000
07238000,36.183333,-98.920833,2008-09-12 07:30:00,2008-09-14 18:00:00,86.6496,2008-09-13 08:30:00,25.0000
07238000,36.183333,-98.920833,2009-04-26 06:00:00,2009-04-27 01:00:00,58.6159,2009-04-26 18:30:00,12.5000
07238000,36.183333,-98.920833,2009-04-28 04:30:00,2009-04-29 10:00:00,47.0060,2009-04-28 22:30:00,18.0000
07238000,36.183333,-98.920833,2010-07-13 08:00:00,2010-07-14 08:30:00,97.1268,2010-07-13 20:30:00,12.5000
07238000,36.183333,-98.920833,2013-07-30 07:00:00,2013-07-30 11:30:00,55.5010,2013-07-30 08:30:00,1.5000
07238000,36.183333,-98.920833,2014-06-29 07:00:00,2014-06-29 10:00:00,34.8297,2014-06-29 08:30:00,1.5000
07238000,36.183333,-98.920833,2015-05-17 03:30:00,2015-05-17 19:00:00,49.2713,2015-05-17 12:00:00,8.5000
07238000,36.183333,-98.920833,2015-05-23 20:30:00,2015-05-25 00:30:00,53.2357,2015-05-24 01:00:00,4.5000
07301500,35.168056,-99.506944,1995-06-04 02:00:00,1995-06-05 04:00:00,985.4263,1995-06-04 23:00:00,21.0000
07301500,35.168056,-99.506944,1995-08-03 04:00:00,1995-08-03 20:00:00,288.8318,1995-08-03 13:00:00,9.0000
07301500,35.168056,-99.506944,2007-05-07 15:30:00,2007-05-08 11:00:00,279.4873,2007-05-08 01:00:00,9.5000
07301500,35.168056,-99.506944,2015-05-24 10:30:00,2015-05-25 14:30:00,322.8121,2015-05-24 21:00:00,10.5000
07335700,34.638333,-94.612500,1990-10-07 23:30:00,1990-10-09 11:00:00,252.3031,1990-10-08 20:00:00,20.5000
07335700,34.638333,-94.612500,1991-03-22 12:45:00,1991-03-22 20:15:00,317.1487,1991-03-22 14:00:00,1.2500
07335700,34.638333,-94.612500,1991-04-12 09:15:00,1991-04-14 04:00:00,286.0002,1991-04-13 21:45:00,36.5000
07335700,34.638333,-94.612500,1991-07-27 19:15:00,1991-07-28 16:30:00,288.8318,1991-07-28 12:00:00,16.7500
07335700,34.638333,-94.612500,1991-10-29 07:30:00,1991-10-29 12:15:00,185.4753,1991-10-29 09:15:00,1.7500
07335700,34.638333,-94.612500,1991-11-17 17:30:00,1991-11-17 19:00:00,65.1287,1991-11-17 18:00:00,0.5000
07335700,34.638333,-94.612500,1992-09-19 13:00:00,1992-09-20 03:00:00,254.8516,1992-09-19 23:00:00,10.0000
07335700,34.638333,-94.612500,1992-09-22 02:00:00,1992-09-22 07:00:00,127.1426,1992-09-22 04:00:00,2.0000
07335700,34.638333,-94.612500,1992-12-14 21:00:00,1992-12-15 21:30:00,161.1229,1992-12-15 09:45:00,12.7500
07335700,34.638333,-94.612500,1993-01-04 11:30:00,1993-01-04 18:15:00,501.2082,1993-01-04 14:15:00,2.7500
07335700,34.638333,-94.612500,1993-04-25 10:45:00,1993-04-25 14:45:00,118.6476,1993-04-25 12:00:00,1.2500
07335700,34.638333,-94.612500,1993-05-10 00:00:00,1993-05-10 06:45:00,328.4754,1993-05-10 02:00:00,2.0000
07335700,34.638333,-94.612500,1993-10-20 01:00:00,1993-10-20 10:00:00,164.8040,1993-10-20 03:00:00,2.0000
07335700,34.638333,-94.612500,1993-11-16 22:00:00,1993-11-16 23:00:00,63.4297,1993-11-16 23:00:00,1.0000
07335700,34.638333,-94.612500,1993-12-03 14:00:00,1993-12-04 00:00:00,119.4971,1993-12-03 19:00:00,5.0000
07335700,34.638333,-94.612500,1994-01-26 17:00:00,1994-01-27 03:00:00,193.6872,1994-01-26 19:00:00,2.0000
07335700,34.638333,-94.612500,1994-11-05 09:00:00,1994-11-05 16:00:00,540.8518,1994-11-05 11:00:00,2.0000
07335700,34.638333,-94.612500,1995-01-13 18:00:00,1995-01-14 12:00:00,156.3090,1995-01-14 03:00:00,9.0000
07335700,34.638333,-94.612500,1995-05-01 10:00:00,1995-05-01 12:00:00,83.8179,1995-05-01 11:00:00,1.0000
07335700,34.638333,-94.612500,1995-05-08 08:00:00,1995-05-08 18:00:00,176.4140,1995-05-08 10:00:00,2.0000
07335700,34.638333,-94.612500,1996-10-28 03:00:00,1996-10-28 14:00:00,308.6536,1996-10-28 10:00:00,7.0000
07335700,34.638333,-94.612500,1996-11-07 08:00:00,1996-11-07 17:00:00,235.8793,1996-11-07 09:00:00,1.0000
07335700,34.638333,-94.612500,1996-11-17 07:00:00,1996-11-17 12:00:00,188.0239,1996-11-17 08:00:00,1.0000
07335700,34.638333,-94.612500,1996-11-24 11:00:00,1996-11-25 03:00:00,291.6635,1996-11-24 18:00:00,7.0000
07335700,34.638333,-94.612500,1997-02-21 01:00:00,1997-02-21 09:00:00,311.4853,1997-02-21 04:00:00,3.0000
07335700,34.638333,-94.612500,1997-06-17 06:00:00,1997-06-17 08:00:00,116.0991,1997-06-17 07:00:00,1.0000
07335700,34.638333,-94.612500,1997-12-24 03:00:00,1997-12-24 09:00:00,124.5941,1997-12-24 06:00:00,3.0000
07335700,34.638333,-94.612500,1998-01-05 07:00:00,1998-01-05 16:00:00,246.9229,1998-01-05 09:00:00,2.0000
07335700,34.638333,-94.612500,1998-02-11 02:00:00,1998-02-11 08:00:00,85.2337,1998-02-11 04:00:00,2.0000
07335700,34.638333,-94.612500,1998-10-05 23:00:00,1998-10-06 16:00:00,600.3171,1998-10-06 04:00:00,5.0000
07335700,34.638333,-94.612500,1999-05-12 09:00:00,1999-05-12 12:00:00,95.9941,1999-05-12 10:00:00,1.0000
07335700,34.638333,-94.612500,1999-06-26 07:00:00,1999-06-26 12:00:00,110.1525,1999-06-26 08:00:00,1.0000
07335700,34.638333,-94.612500,1999-12-12 07:30:00,1999-12-12 14:30:00,85.2337,1999-12-12 09:00:00,1.5000
07335700,34.638333,-94.612500,2000-06-21 17:30:00,2000-06-21 21:30:00,117.5149,2000-06-21 18:30:00,1.0000
07335700,34.638333,-94.612500,2000-11-06 06:00:00,2000-11-06 11:00:00,92.0298,2000-11-06 07:00:00,1.0000
07335700,34.638333,-94.612500,2001-02-16 05:00:00,2001-02-16 20:00:00,219.7387,2001-02-16 14:30:00,9.5000
07335700,34.638333,-94.612500,2001-12-16 10:00:00,2001-12-17 08:30:00,455.9012,2001-12-17 02:00:00,16.0000
07335700,34.638333,-94.612500,2002-01-24 05:30:00,2002-01-24 06:30:00,68.8099,2002-01-24 06:00:00,0.5000
07335700,34.638333,-94.612500,2002-01-31 15:00:00,2002-02-01 00:00:00,470.0597,2002-01-31 18:00:00,3.0000
07335700,34.638333,-94.612500,2002-03-19 04:30:00,2002-03-20 11:30:00,458.7329,2002-03-19 08:00:00,3.5000
07335700,34.638333,-94.612500,2002-04-08 02:00:00,2002-04-08 11:30:00,546.5151,2002-04-08 05:30:00,3.5000
07335700,34.638333,-94.612500,2004-06-22 12:30:00,2004-06-22 20:30:00,424.7527,2004-06-22 15:00:00,2.5000
07335700,34.638333,-94.612500,2004-07-03 14:00:00,2004-07-03 15:30:00,69.0931,2004-07-03 15:00:00,1.0000
07335700,34.638333,-94.612500,2004-11-29 20:30:00,2004-11-29 22:30:00,72.4911,2004-11-29 21:30:00,1.0000
07335700,34.638333,-94.612500,2005-01-03 19:00:00,2005-01-03 23:30:00,87.4991,2005-01-03 20:30:00,1.5000
07335700,34.638333,-94.612500,2005-01-13 04:00:00,2005-01-13 08:30:00,128.5585,2005-01-13 06:00:00,2.0000
07335700,34.638333,-94.612500,2006-03-20 07:00:00,2006-03-20 09:30:00,83.8179,2006-03-20 08:00:00,1.0000
07335700,34.638333,-94.612500,2006-11-30 13:00:00,2006-11-30 23:30:00,104.2060,2006-11-30 21:00:00,8.0000
07335700,34.638333,-94.612500,2006-12-30 10:30:00,2006-12-30 13:00:00,78.7208,2006-12-30 11:00:00,0.5000
07335700,34.638333,-94.612500,2007-01-13 17:30:00,2007-01-15 05:30:00,124.5941,2007-01-15 02:00:00,32.5000
07335700,34.638333,-94.612500,2007-04-25 06:00:00,2007-04-25 07:30:00,67.6773,2007-04-25 07:00:00,1.0000
07335700,34.638333,-94.612500,2007-07-02 01:00:00,2007-07-02 02:00:00,69.6594,2007-07-02 01:30:00,0.5000
07335700,34.638333,-94.612500,2007-07-10 22:00:00,2007-07-11 03:30:00,368.1190,2007-07-10 23:30:00,1.5000
07335700,34.638333,-94.612500,2007-09-09 12:30:00,2007-09-09 18:00:00,492.7131,2007-09-09 15:00:00,2.5000
07335700,34.638333,-94.612500,2007-12-15 07:30:00,2007-12-15 13:30:00,74.7565,2007-12-15 12:00:00,4.5000
07335700,34.638333,-94.612500,2008-02-06 00:30:00,2008-02-06 02:00:00,77.3050,2008-02-06 01:00:00,0.5000
07335700,34.638333,-94.612500,2008-02-12 10:30:00,2008-02-12 13:00:00,87.4991,2008-02-12 11:30:00,1.0000
07335700,34.638333,-94.612500,2008-02-17 05:30:00,2008-02-17 09:00:00,82.1189,2008-02-17 06:30:00,1.0000
07335700,34.638333,-94.612500,2008-04-10 14:00:00,2008-04-10 15:30:00,76.4555,2008-04-10 14:30:00,0.5000
07335700,34.638333,-94.612500,2008-06-14 11:30:00,2008-06-14 13:00:00,103.9228,2008-06-14 12:00:00,0.5000
07335700,34.638333,-94.612500,2008-09-03 09:00:00,2008-09-03 12:30:00,83.5347,2008-09-03 10:30:00,1.5000
07335700,34.638333,-94.612500,2008-09-14 04:30:00,2008-09-14 06:00:00,71.3585,2008-09-14 05:00:00,0.5000
07335700,34.638333,-94.612500,2009-05-03 01:30:00,2009-05-03 04:00:00,67.9604,2009-05-03 03:00:00,1.5000
07335700,34.638333,-94.612500,2009-05-06 00:30:00,2009-05-06 13:00:00,115.2496,2009-05-06 10:30:00,10.0000
07335700,34.638333,-94.612500,2009-05-12 18:00:00,2009-05-12 20:30:00,86.9327,2009-05-12 19:00:00,1.0000
07335700,34.638333,-94.612500,2009-09-16 18:00:00,2009-09-17 09:30:00,78.1545,2009-09-17 00:00:00,6.0000
07335700,34.638333,-94.612500,2009-09-22 05:30:00,2009-09-22 09:00:00,152.3446,2009-09-22 06:30:00,1.0000
07335700,34.638333,-94.612500,2009-10-09 13:00:00,2009-10-09 16:00:00,77.5882,2009-10-09 14:30:00,1.5000
07335700,34.638333,-94.612500,2009-10-22 12:30:00,2009-10-22 15:30:00,91.7466,2009-10-22 13:30:00,1.0000
07335700,34.638333,-94.612500,2009-10-29 23:30:00,2009-10-30 04:30:00,221.4377,2009-10-30 01:00:00,1.5000
07335700,34.638333,-94.612500,2009-11-16 07:30:00,2009-11-16 08:30:00,66.8278,2009-11-16 08:00:00,0.5000
07335700,34.638333,-94.612500,2010-05-20 10:30:00,2010-05-20 13:00:00,151.7783,2010-05-20 11:00:00,0.5000
07335700,34.638333,-94.612500,2011-04-25 19:00:00,2011-04-26 05:00:00,235.8793,2011-04-26 01:00:00,6.0000
07335700,34.638333,-94.612500,2011-05-02 04:30:00,2011-05-02 08:00:00,93.1624,2011-05-02 06:00:00,1.5000
07335700,34.638333,-94.612500,2011-05-24 08:00:00,2011-05-24 09:00:00,69.6594,2011-05-24 08:30:00,0.5000
07335700,34.638333,-94.612500,2012-01-25 15:00:00,2012-01-26 01:00:00,203.8813,2012-01-25 21:00:00,6.0000
07335700,34.638333,-94.612500,2012-03-11 16:00:00,2012-03-11 23:30:00,112.4179,2012-03-11 21:00:00,5.0000
07335700,34.638333,-94.612500,2012-03-20 12:00:00,2012-03-20 18:00:00,198.2179,2012-03-20 14:00:00,2.0000
07335700,34.638333,-94.612500,2013-04-03 01:00:00,2013-04-03 06:00:00,85.5169,2013-04-03 03:30:00,2.5000
07335700,34.638333,-94.612500,2013-05-31 07:00:00,2013-05-31 13:30:00,512.5349,2013-05-31 09:00:00,2.0000
07335700,34.638333,-94.612500,2013-06-01 14:30:00,2013-06-01 20:00:00,202.4655,2013-06-01 16:00:00,1.5000
07335700,34.638333,-94.612500,2013-10-15 16:00:00,2013-10-15 19:30:00,113.5506,2013-10-15 17:00:00,1.0000
07335700,34.638333,-94.612500,2013-11-06 06:30:00,2013-11-06 16:00:00,139.3189,2013-11-06 11:00:00,4.5000
07335700,34.638333,-94.612500,2013-12-21 13:30:00,2013-12-21 15:00:00,66.8278,2013-12-21 14:30:00,1.0000
07335700,34.638333,-94.612500,2014-01-10 22:00:00,2014-01-10 23:30:00,69.0931,2014-01-10 23:00:00,1.0000
07335700,34.638333,-94.612500,2014-06-09 00:30:00,2014-06-09 01:30:00,67.3941,2014-06-09 01:00:00,0.5000
07335700,34.638333,-94.612500,2015-04-13 21:30:00,2015-04-14 02:30:00,100.2416,2015-04-13 22:00:00,0.5000
07335700,34.638333,-94.612500,2015-05-08 08:00:00,2015-05-08 12:00:00,150.3625,2015-05-08 09:30:00,1.5000
07335700,34.638333,-94.612500,2015-05-09 21:30:00,2015-05-10 01:00:00,101.6575,2015-05-09 23:00:00,1.5000
07335700,34.638333,-94.612500,2015-05-20 09:00:00,2015-05-20 18:00:00,450.2379,2015-05-20 12:30:00,3.5000
07335700,34.638333,-94.612500,2015-05-24 15:30:00,2015-05-25 03:00:00,410.5943,2015-05-24 22:30:00,7.0000
07335700,34.638333,-94.612500,2015-11-27 17:00:00,2015-11-28 20:30:00,195.9526,2015-11-28 02:30:00,9.5000
07335700,34.638333,-94.612500,2015-12-13 05:30:00,2015-12-14 02:30:00,308.6536,2015-12-13 07:30:00,2.0000
07335700,34.638333,-94.612500,2015-12-27 12:30:00,2015-12-28 16:00:00,639.9607,2015-12-27 16:00:00,3.5000
07335700,34.638333,-94.612500,2016-04-29 15:00:00,2016-04-30 10:00:00,97.4100,2016-04-29 15:30:00,0.5000
07050700,37.149725,-93.203334,1996-11-17 16:00:00,1996-11-17 20:30:00,82.9684,1996-11-17 18:15:00,2.2500
07050700,37.149725,-93.203334,1996-11-25 08:30:00,1996-11-25 20:30:00,107.6040,1996-11-25 13:15:00,4.7500
07050700,37.149725,-93.203334,1996-11-30 02:15:00,1996-12-01 22:00:00,200.7664,1996-11-30 10:00:00,7.7500
07050700,37.149725,-93.203334,1997-02-21 13:00:00,1997-02-22 02:30:00,120.9129,1997-02-21 18:00:00,5.0000
07050700,37.149725,-93.203334,1997-02-27 01:45:00,1997-02-27 15:30:00,167.0694,1997-02-27 07:45:00,6.0000
07050700,37.149725,-93.203334,1997-03-14 03:30:00,1997-03-14 12:00:00,97.9763,1997-03-14 06:45:00,3.2500
07050700,37.149725,-93.203334,1998-02-11 19:30:00,1998-02-12 04:00:00,107.0377,1998-02-11 23:00:00,3.5000
07050700,37.149725,-93.203334,1998-02-26 17:45:00,1998-02-27 20:45:00,148.0971,1998-02-26 22:00:00,4.2500
07050700,37.149725,-93.203334,1998-03-08 18:00:00,1998-03-09 00:15:00,88.9149,1998-03-08 20:30:00,2.5000
07050700,37.149725,-93.203334,1998-03-17 20:00:00,1998-03-18 13:30:00,121.7624,1998-03-18 05:45:00,9.7500
07050700,37.149725,-93.203334,1998-03-19 20:45:00,1998-03-21 07:00:00,297.3269,1998-03-20 07:45:00,11.0000
07050700,37.149725,-93.203334,1999-02-07 15:00:00,1999-02-08 01:00:00,124.3110,1999-02-07 19:00:00,4.0000
07050700,37.149725,-93.203334,1999-03-17 05:00:00,1999-03-17 15:00:00,110.4357,1999-03-17 09:00:00,4.0000
07050700,37.149725,-93.203334,1999-04-14 17:00:00,1999-04-15 15:00:00,256.5506,1999-04-15 01:00:00,8.0000
07050700,37.149725,-93.203334,1999-04-26 00:00:00,1999-04-27 16:00:00,190.0060,1999-04-27 09:00:00,33.0000
07050700,37.149725,-93.203334,1999-05-04 18:00:00,1999-05-05 20:00:00,308.6536,1999-05-05 07:00:00,13.0000
07050700,37.149725,-93.203334,2000-07-12 11:00:00,2000-07-12 16:00:00,106.7545,2000-07-12 13:00:00,2.0000
07050700,37.149725,-93.203334,2001-02-24 10:00:00,2001-02-26 00:00:00,286.0002,2001-02-24 19:00:00,9.0000
07050700,37.149725,-93.203334,2001-12-17 05:00:00,2001-12-18 04:45:00,159.1407,2001-12-17 14:45:00,9.7500
07050700,37.149725,-93.203334,2002-01-31 21:00:00,2002-02-01 16:45:00,224.2694,2002-02-01 06:00:00,9.0000
07050700,37.149725,-93.203334,2002-03-20 06:15:00,2002-03-20 12:15:00,86.3664,2002-03-20 08:00:00,1.7500
07050700,37.149725,-93.203334,2002-05-08 07:00:00,2002-05-10 08:00:00,608.8122,2002-05-08 16:00:00,9.0000
07050700,37.149725,-93.203334,2002-05-17 14:00:00,2002-05-18 19:00:00,328.4754,2002-05-18 01:00:00,11.0000
07050700,37.149725,-93.203334,2003-06-13 06:00:00,2003-06-13 07:00:00,73.9070,2003-06-13 07:00:00,1.0000
07050700,37.149725,-93.203334,2004-03-04 09:32:00,2004-03-05 22:41:00,143.5664,2004-03-04 15:00:00,5.4667
07050700,37.149725,-93.203334,2004-04-24 16:42:00,2004-04-25 12:53:00,282.0358,2004-04-25 02:00:00,9.3000
07050700,37.149725,-93.203334,2004-05-01 09:00:00,2004-05-02 09:00:00,478.5547,2004-05-01 19:23:00,10.3833
07050700,37.149725,-93.203334,2004-11-29 23:15:00,2004-11-30 12:15:00,131.9565,2004-11-30 04:15:00,5.0000
07050700,37.149725,-93.203334,2004-12-07 14:15:00,2004-12-07 22:00:00,90.0476,2004-12-07 17:30:00,3.2500
07050700,37.149725,-93.203334,2005-01-05 01:15:00,2005-01-06 21:00:00,382.2774,2005-01-05 22:15:00,21.0000
07050700,37.149725,-93.203334,2005-01-13 07:00:00,2005-01-14 06:45:00,271.8417,2005-01-13 15:00:00,8.0000
07050700,37.149725,-93.203334,2006-05-10 12:30:00,2006-05-11 15:30:00,270.1427,2006-05-10 20:30:00,8.0000
07050700,37.149725,-93.203334,2006-11-30 23:30:00,2006-12-01 01:15:00,74.1901,2006-12-01 00:15:00,0.7500
07050700,37.149725,-93.203334,2007-01-13 12:15:00,2007-01-14 02:30:00,140.1684,2007-01-13 16:15:00,4.0000
07050700,37.149725,-93.203334,2007-01-15 08:00:00,2007-01-15 19:30:00,112.9842,2007-01-15 13:00:00,5.0000
07050700,37.149725,-93.203334,2007-02-13 17:30:00,2007-02-14 04:30:00,129.1248,2007-02-13 21:45:00,4.2500
07050700,37.149725,-93.203334,2007-06-12 16:15:00,2007-06-13 12:15:00,603.1488,2007-06-12 21:15:00,5.0000
07050700,37.149725,-93.203334,2007-07-01 18:30:00,2007-07-02 06:00:00,153.7605,2007-07-01 23:45:00,5.2500
07050700,37.149725,-93.203334,2008-01-08 12:15:00,2008-01-09 10:00:00,416.2576,2008-01-08 20:30:00,8.2500
07050700,37.149725,-93.203334,2008-02-17 06:45:00,2008-02-18 12:45:00,421.9210,2008-02-17 16:45:00,10.0000
07050700,37.149725,-93.203334,2008-03-03 18:45:00,2008-03-04 16:15:00,168.7684,2008-03-04 05:30:00,10.7500
07050700,37.149725,-93.203334,2008-03-18 09:15:00,2008-03-20 14:15:00,968.4362,2008-03-18 19:15:00,10.0000
07050700,37.149725,-93.203334,2008-04-01 04:15:00,2008-04-01 19:00:00,190.5724,2008-04-01 10:45:00,6.5000
07050700,37.149725,-93.203334,2008-04-10 11:15:00,2008-04-11 18:15:00,580.4954,2008-04-10 22:00:00,10.7500
07050700,37.149725,-93.203334,2008-05-08 09:45:00,2008-05-08 21:00:00,121.4793,2008-05-08 14:45:00,5.0000
07050700,37.149725,-93.203334,2008-06-13 20:00:00,2008-06-14 23:45:00,804.1984,2008-06-14 05:15:00,9.2500
07050700,37.149725,-93.203334,2008-06-28 20:45:00,2008-06-29 16:30:00,538.0201,2008-06-29 02:30:00,5.7500
07050700,37.149725,-93.203334,2008-09-14 12:00:00,2008-09-15 11:15:00,628.6340,2008-09-14 19:30:00,7.5000
07050700,37.149725,-93.203334,2008-12-28 05:00:00,2008-12-28 08:00:00,76.7387,2008-12-28 06:30:00,1.5000
07050700,37.149725,-93.203334,2009-02-11 15:45:00,2009-02-12 12:15:00,131.6733,2009-02-12 04:15:00,12.5000
07050700,37.149725,-93.203334,2009-04-19 17:45:00,2009-04-20 14:45:00,173.5823,2009-04-20 08:30:00,14.7500
07050700,37.149725,-93.203334,2009-05-01 07:45:00,2009-05-04 09:15:00,268.1605,2009-05-01 14:00:00,6.2500
07050700,37.149725,-93.203334,2009-10-09 02:30:00,2009-10-10 13:45:00,603.1488,2009-10-09 16:00:00,13.5000
07050700,37.149725,-93.203334,2009-10-30 07:15:00,2009-10-31 03:30:00,359.6240,2009-10-30 16:00:00,8.7500
07050700,37.149725,-93.203334,2010-01-24 10:30:00,2010-01-25 05:30:00,235.8793,2010-01-24 17:45:00,7.2500
07050700,37.149725,-93.203334,2010-03-25 22:30:00,2010-03-26 13:00:00,202.4655,2010-03-26 05:00:00,6.5000
07050700,37.149725,-93.203334,2010-05-14 17:00:00,2010-05-17 12:15:00,278.6378,2010-05-15 02:15:00,9.2500
07050700,37.149725,-93.203334,2010-05-20 14:30:00,2010-05-21 01:45:00,100.5248,2010-05-20 19:45:00,5.2500
07050700,37.149725,-93.203334,2010-09-01 18:45:00,2010-09-02 12:00:00,353.9606,2010-09-02 02:30:00,7.7500
07050700,37.149725,-93.203334,2010-09-16 10:15:00,2010-09-16 18:15:00,104.7723,2010-09-16 14:00:00,3.7500
07050700,37.149725,-93.203334,2010-11-25 11:45:00,2010-11-26 03:45:00,192.8377,2010-11-25 17:00:00,5.2500
07050700,37.149725,-93.203334,2010-12-31 21:30:00,2011-01-01 02:45:00,92.5961,2011-01-01 00:15:00,2.7500
07050700,37.149725,-93.203334,2011-02-25 07:15:00,2011-02-25 09:30:00,75.0396,2011-02-25 08:15:00,1.0000
07050700,37.149725,-93.203334,2011-03-14 16:00:00,2011-03-15 03:15:00,114.1169,2011-03-14 19:45:00,3.7500
07050700,37.149725,-93.203334,2011-04-15 16:00:00,2011-04-16 01:30:00,130.8238,2011-04-15 21:00:00,5.0000
07050700,37.149725,-93.203334,2011-04-24 02:45:00,2011-04-27 19:30:00,866.4955,2011-04-26 06:30:00,51.7500
07050700,37.149725,-93.203334,2012-03-21 08:45:00,2012-03-22 16:45:00,208.9783,2012-03-21 18:30:00,9.7500
07050700,37.149725,-93.203334,2012-10-14 09:30:00,2012-10-14 19:00:00,107.8872,2012-10-14 13:45:00,4.2500
07050700,37.149725,-93.203334,2013-01-30 10:00:00,2013-01-30 21:45:00,117.5149,2013-01-30 14:45:00,4.7500
07050700,37.149725,-93.203334,2013-03-10 22:45:00,2013-03-11 09:45:00,107.3208,2013-03-11 03:30:00,4.7500
07050700,37.149725,-93.203334,2013-03-18 09:00:00,2013-03-18 13:00:00,78.7208,2013-03-18 10:30:00,1.5000
07050700,37.149725,-93.203334,2013-04-18 21:00:00,2013-04-19 06:15:00,109.3030,2013-04-19 01:00:00,4.0000
07050700,37.149725,-93.203334,2013-04-27 07:30:00,2013-04-27 22:00:00,123.7446,2013-04-27 13:30:00,6.0000
07050700,37.149725,-93.203334,2013-05-31 04:15:00,2013-06-02 10:15:00,450.2379,2013-06-01 20:15:00,40.0000
07050700,37.149725,-93.203334,2013-08-03 17:30:00,2013-08-04 05:15:00,272.4081,2013-08-03 23:15:00,5.7500
07050700,37.149725,-93.203334,2013-08-06 05:45:00,2013-08-09 03:15:00,164.2377,2013-08-08 02:15:00,44.5000
07050700,37.149725,-93.203334,2013-12-22 00:45:00,2013-12-22 10:15:00,82.6852,2013-12-22 05:30:00,4.7500
07050700,37.149725,-93.203334,2015-03-14 14:45:00,2015-03-14 22:00:00,88.6317,2015-03-14 18:00:00,3.2500
07050700,37.149725,-93.203334,2015-05-30 03:45:00,2015-05-31 04:45:00,458.7329,2015-05-30 11:00:00,7.2500
07050700,37.149725,-93.203334,2015-06-19 07:15:00,2015-06-20 15:30:00,1441.3275,2015-06-19 17:00:00,9.7500
07050700,37.149725,-93.203334,2015-07-02 09:45:00,2015-07-04 09:45:00,764.5549,2015-07-02 17:00:00,7.2500
07050700,37.149725,-93.203334,2015-07-07 17:45:00,2015-07-11 14:15:00,399.2675,2015-07-10 18:30:00,72.7500
07050700,37.149725,-93.203334,2015-11-18 00:15:00,2015-11-18 14:45:00,162.2555,2015-11-18 05:45:00,5.5000
07050700,37.149725,-93.203334,2015-11-28 01:45:00,2015-11-28 17:30:00,111.8515,2015-11-28 08:15:00,6.5000
07050700,37.149725,-93.203334,2015-12-14 08:45:00,2015-12-14 17:30:00,99.3921,2015-12-14 12:15:00,3.5000
07050700,37.149725,-93.203334,2015-12-27 03:15:00,2015-12-29 21:15:00,665.4459,2015-12-27 14:00:00,10.7500
07050700,37.149725,-93.203334,2016-05-17 12:30:00,2016-05-18 09:00:00,322.8121,2016-05-17 21:15:00,8.7500
07066000,37.153891,-91.358057,1997-02-27 14:00:00,1997-02-27 20:30:00,353.9606,1997-02-27 17:00:00,3.0000
07066000,37.153891,-91.358057,1998-03-20 14:00:00,1998-03-20 17:00:00,267.5942,1998-03-20 15:45:00,1.7500
07066000,37.153891,-91.358057,1999-02-07 17:15:00,1999-02-08 03:30:00,767.3865,1999-02-07 20:45:00,3.5000
07066000,37.153891,-91.358057,2002-05-08 14:00:00,2002-05-09 08:30:00,1016.5748,2002-05-08 21:00:00,7.0000
07066000,37.153891,-91.358057,2002-05-17 15:30:00,2002-05-18 08:15:00,424.7527,2002-05-18 01:30:00,10.0000
07066000,37.153891,-91.358057,2004-04-24 23:45:00,2004-04-25 15:30:00,552.1785,2004-04-25 07:00:00,7.2500
07066000,37.153891,-91.358057,2004-05-01 21:15:00,2004-05-02 05:00:00,345.4655,2004-05-02 01:15:00,4.0000
07066000,37.153891,-91.358057,2005-11-16 00:15:00,2005-11-16 09:30:00,390.7725,2005-11-16 05:00:00,4.7500
07066000,37.153891,-91.358057,2006-12-01 05:00:00,2006-12-02 00:30:00,504.0399,2006-12-01 16:30:00,11.5000
07066000,37.153891,-91.358057,2008-02-17 22:45:00,2008-02-18 07:00:00,379.4457,2008-02-18 02:45:00,4.0000
07066000,37.153891,-91.358057,2008-03-04 10:30:00,2008-03-04 18:00:00,353.9606,2008-03-04 14:00:00,3.5000
07066000,37.153891,-91.358057,2008-03-18 16:15:00,2008-03-20 10:30:00,931.6243,2008-03-19 11:00:00,18.7500
07066000,37.153891,-91.358057,2008-04-10 16:00:00,2008-04-11 12:45:00,696.5944,2008-04-11 01:30:00,9.5000
07066000,37.153891,-91.358057,2009-05-02 03:45:00,2009-05-02 06:30:00,273.5407,2009-05-02 05:00:00,1.2500
07066000,37.153891,-91.358057,2009-07-30 11:45:00,2009-07-30 15:45:00,302.9903,2009-07-30 14:00:00,2.2500
07066000,37.153891,-91.358057,2009-10-30 07:45:00,2009-10-31 06:30:00,438.9111,2009-10-30 11:45:00,4.0000
07066000,37.153891,-91.358057,2011-04-24 03:30:00,2011-04-26 04:45:00,730.5746,2011-04-24 18:30:00,15.0000
07066000,37.153891,-91.358057,2011-04-27 05:00:00,2011-04-28 14:30:00,342.6338,2011-04-27 21:00:00,16.0000
07066000,37.153891,-91.358057,2011-05-02 18:30:00,2011-05-03 00:15:00,297.3269,2011-05-02 21:00:00,2.5000
07066000,37.153891,-91.358057,2013-06-01 21:45:00,2013-06-02 10:15:00,586.1587,2013-06-02 02:30:00,4.7500
07066000,37.153891,-91.358057,2013-08-07 06:00:00,2013-08-08 10:15:00,300.1586,2013-08-08 08:00:00,26.0000
07066000,37.153891,-91.358057,2013-08-10 22:45:00,2013-08-10 23:30:00,257.4001,2013-08-10 23:15:00,0.5000
07066000,37.153891,-91.358057,2015-07-10 23:45:00,2015-07-11 10:15:00,546.5151,2015-07-11 04:30:00,4.7500
07066000,37.153891,-91.358057,2015-11-18 11:15:00,2015-11-18 21:30:00,574.8320,2015-11-18 15:45:00,4.5000
07066000,37.153891,-91.358057,2015-12-28 04:45:00,2015-12-29 13:15:00,874.9906,2015-12-29 02:15:00,21.5000
07066000,37.153891,-91.358057,1997-02-27 14:00:00,1997-02-27 20:30:00,353.9606,1997-02-27 17:00:00,3.0000
07066000,37.153891,-91.358057,1998-03-20 14:00:00,1998-03-20 17:00:00,267.5942,1998-03-20 15:45:00,1.7500
07066000,37.153891,-91.358057,1999-02-07 17:15:00,1999-02-08 03:30:00,767.3865,1999-02-07 20:45:00,3.5000
07066000,37.153891,-91.358057,2002-05-08 14:00:00,2002-05-09 08:30:00,1016.5748,2002-05-08 21:00:00,7.0000
07066000,37.153891,-91.358057,2002-05-17 15:30:00,2002-05-18 08:15:00,424.7527,2002-05-18 01:30:00,10.0000
07066000,37.153891,-91.358057,2004-04-24 23:45:00,2004-04-25 15:30:00,552.1785,2004-04-25 07:00:00,7.2500
07066000,37.153891,-91.358057,2004-05-01 21:15:00,2004-05-02 05:00:00,345.4655,2004-05-02 01:15:00,4.0000
07066000,37.153891,-91.358057,2005-11-16 00:15:00,2005-11-16 09:30:00,390.7725,2005-11-16 05:00:00,4.7500
07066000,37.153891,-91.358057,2006-12-01 05:00:00,2006-12-02 00:30:00,504.0399,2006-12-01 16:30:00,11.5000
07066000,37.153891,-91.358057,2008-02-17 22:45:00,2008-02-18 07:00:00,379.4457,2008-02-18 02:45:00,4.0000
07066000,37.153891,-91.358057,2008-03-04 10:30:00,2008-03-04 18:00:00,353.9606,2008-03-04 14:00:00,3.5000
07066000,37.153891,-91.358057,2008-03-18 16:15:00,2008-03-20 10:30:00,931.6243,2008-03-19 11:00:00,18.7500
07066000,37.153891,-91.358057,2008-04-10 16:00:00,2008-04-11 12:45:00,696.5944,2008-04-11 01:30:00,9.5000
07066000,37.153891,-91.358057,2009-05-02 03:45:00,2009-05-02 06:30:00,273.5407,2009-05-02 05:00:00,1.2500
07066000,37.153891,-91.358057,2009-07-30 11:45:00,2009-07-30 15:45:00,302.9903,2009-07-30 14:00:00,2.2500
07066000,37.153891,-91.358057,2009-10-30 07:45:00,2009-10-31 06:30:00,438.9111,2009-10-30 11:45:00,4.0000
07066000,37.153891,-91.358057,2011-04-24 03:30:00,2011-04-26 04:45:00,730.5746,2011-04-24 18:30:00,15.0000
07066000,37.153891,-91.358057,2011-04-27 05:00:00,2011-04-28 14:30:00,342.6338,2011-04-27 21:00:00,16.0000
07066000,37.153891,-91.358057,2011-05-02 18:30:00,2011-05-03 00:15:00,297.3269,2011-05-02 21:00:00,2.5000
07066000,37.153891,-91.358057,2013-06-01 21:45:00,2013-06-02 10:15:00,586.1587,2013-06-02 02:30:00,4.7500
07066000,37.153891,-91.358057,2013-08-07 06:00:00,2013-08-08 10:15:00,300.1586,2013-08-08 08:00:00,26.0000
07066000,37.153891,-91.358057,2013-08-10 22:45:00,2013-08-10 23:30:00,257.4001,2013-08-10 23:15:00,0.5000
07066000,37.153891,-91.358057,2015-07-10 23:45:00,2015-07-11 10:15:00,546.5151,2015-07-11 04:30:00,4.7500
07066000,37.153891,-91.358057,2015-11-18 11:15:00,2015-11-18 21:30:00,574.8320,2015-11-18 15:45:00,4.5000
07066000,37.153891,-91.358057,2015-12-28 04:45:00,2015-12-29 13:15:00,874.9906,2015-12-29 02:15:00,21.5000
07067000,36.991389,-91.013335,1996-04-23 10:00:00,1996-04-24 13:00:00,651.2875,1996-04-23 19:00:00,9.0000
07067000,36.991389,-91.013335,1997-02-27 20:00:00,1997-02-28 17:00:00,639.9607,1997-02-28 10:00:00,14.0000
07067000,36.991389,-91.013335,1997-05-31 21:00:00,1997-06-01 05:00:00,467.2280,1997-06-01 01:00:00,4.0000
07067000,36.991389,-91.013335,1998-03-20 18:00:00,1998-03-21 16:00:00,546.5151,1998-03-21 08:00:00,14.0000
07067000,36.991389,-91.013335,1998-06-20 21:00:00,1998-06-22 06:00:00,753.2281,1998-06-21 08:00:00,11.0000
07067000,36.991389,-91.013335,1999-02-07 20:00:00,1999-02-09 03:00:00,1101.5253,1999-02-08 16:00:00,20.0000
07067000,36.991389,-91.013335,1999-04-15 13:00:00,1999-04-16 09:00:00,529.5250,1999-04-16 01:00:00,12.0000
07067000,36.991389,-91.013335,2001-02-26 06:00:00,2001-02-26 11:00:00,450.2379,2001-02-26 09:00:00,3.0000
07067000,36.991389,-91.013335,2002-03-20 16:00:00,2002-03-21 12:00:00,484.2181,2002-03-21 02:15:00,10.2500
07067000,36.991389,-91.013335,2002-05-08 08:45:00,2002-05-10 21:15:00,1897.2287,2002-05-09 15:00:00,30.2500
07067000,36.991389,-91.013335,2002-05-13 11:45:00,2002-05-14 23:30:00,914.6341,2002-05-14 07:30:00,19.7500
07067000,36.991389,-91.013335,2002-05-17 12:15:00,2002-05-19 17:15:00,1268.5947,2002-05-18 17:30:00,29.2500
07067000,36.991389,-91.013335,2003-11-18 13:00:00,2003-11-20 15:00:00,843.8420,2003-11-19 18:00:00,29.0000
07067000,36.991389,-91.013335,2004-04-24 19:00:00,2004-04-26 09:00:00,753.2281,2004-04-26 00:00:00,29.0000
07067000,36.991389,-91.013335,2004-05-02 06:00:00,2004-05-02 20:00:00,504.0399,2004-05-02 15:00:00,9.0000
07067000,36.991389,-91.013335,2005-01-14 13:00:00,2005-01-15 00:00:00,461.5646,2005-01-14 19:00:00,6.0000
07067000,36.991389,-91.013335,2005-11-16 14:00:00,2005-11-16 22:30:00,470.0597,2005-11-16 19:00:00,5.0000
07067000,36.991389,-91.013335,2006-05-11 15:15:00,2006-05-12 00:45:00,447.4062,2006-05-11 18:45:00,3.5000
07067000,36.991389,-91.013335,2006-12-01 09:15:00,2006-12-02 19:00:00,770.2182,2006-12-02 09:15:00,24.0000
07067000,36.991389,-91.013335,2008-02-18 00:30:00,2008-02-19 03:30:00,620.1389,2008-02-18 19:00:00,18.5000
07067000,36.991389,-91.013335,2008-03-04 22:15:00,2008-03-05 12:30:00,549.3468,2008-03-05 07:00:00,8.7500
07067000,36.991389,-91.013335,2008-03-18 15:30:00,2008-03-21 16:30:00,2338.9715,2008-03-20 06:00:00,38.5000
07067000,36.991389,-91.013335,2008-04-10 16:45:00,2008-04-12 14:30:00,1260.0997,2008-04-11 18:45:00,26.0000
07067000,36.991389,-91.013335,2009-10-30 11:00:00,2009-11-01 06:00:00,1325.2284,2009-10-30 20:30:00,9.5000
07067000,36.991389,-91.013335,2011-04-24 03:00:00,2011-04-29 19:15:00,1699.0108,2011-04-26 12:45:00,57.7500
07067000,36.991389,-91.013335,2011-05-02 06:00:00,2011-05-03 23:45:00,620.1389,2011-05-02 14:00:00,8.0000
07067000,36.991389,-91.013335,2013-04-19 20:30:00,2013-04-20 09:15:00,591.8221,2013-04-20 03:15:00,6.7500
07067000,36.991389,-91.013335,2013-06-01 13:15:00,2013-06-03 06:15:00,852.3371,2013-06-02 21:15:00,32.0000
07067000,36.991389,-91.013335,2013-08-07 20:00:00,2013-08-09 07:15:00,569.1686,2013-08-08 23:00:00,27.0000
07067000,36.991389,-91.013335,2013-08-10 22:00:00,2013-08-11 18:15:00,481.3864,2013-08-11 13:45:00,15.7500
07067000,36.991389,-91.013335,2014-06-29 23:15:00,2014-06-30 05:30:00,679.6043,2014-06-30 01:00:00,1.7500
07067000,36.991389,-91.013335,2015-07-11 03:45:00,2015-07-12 06:45:00,775.8816,2015-07-11 21:15:00,17.5000
07067000,36.991389,-91.013335,2015-11-18 22:00:00,2015-11-19 16:00:00,722.0796,2015-11-19 10:00:00,12.0000
07067000,36.991389,-91.013335,2015-12-28 04:15:00,2015-12-30 16:15:00,2013.3278,2015-12-29 18:30:00,38.2500
07067000,36.991389,-91.013335,2016-05-28 01:45:00,2016-05-28 18:45:00,552.1785,2016-05-28 09:15:00,7.5000
07068000,36.621944,-90.847500,1996-04-24 06:00:00,1996-04-25 00:00:00,733.4063,1996-04-24 15:00:00,9.0000
07068000,36.621944,-90.847500,1997-02-28 22:00:00,1997-03-01 08:00:00,665.4459,1997-03-01 04:00:00,6.0000
07068000,36.621944,-90.847500,1998-03-21 18:00:00,1998-03-22 07:00:00,645.6241,1998-03-22 01:00:00,7.0000
07068000,36.621944,-90.847500,1998-06-21 20:00:00,1998-06-22 22:00:00,835.3470,1998-06-22 11:00:00,15.0000
07068000,36.621944,-90.847500,1999-02-08 21:00:00,1999-02-09 22:00:00,1175.1491,1999-02-09 12:00:00,15.0000
07068000,36.621944,-90.847500,2002-05-09 05:00:00,2002-05-11 11:00:00,1993.5060,2002-05-10 08:00:00,27.0000
07068000,36.621944,-90.847500,2002-05-14 08:00:00,2002-05-15 16:00:00,968.4362,2002-05-15 04:00:00,20.0000
07068000,36.621944,-90.847500,2002-05-18 00:00:00,2002-05-20 08:00:00,1452.6542,2002-05-19 10:00:00,34.0000
07068000,36.621944,-90.847500,2003-11-19 08:45:00,2003-11-21 06:45:00,934.4559,2003-11-20 12:15:00,27.5000
07068000,36.621944,-90.847500,2004-04-25 11:15:00,2004-04-27 03:45:00,843.8420,2004-04-26 17:45:00,30.5000
07068000,36.621944,-90.847500,2006-12-02 06:00:00,2006-12-03 12:30:00,866.4955,2006-12-03 02:45:00,20.7500
07068000,36.621944,-90.847500,2008-02-19 06:45:00,2008-02-19 17:45:00,639.9607,2008-02-19 12:30:00,5.7500
07068000,36.621944,-90.847500,2008-03-18 21:30:00,2008-03-22 08:00:00,2695.7638,2008-03-19 17:30:00,20.0000
07068000,36.621944,-90.847500,2008-04-10 23:15:00,2008-04-13 07:30:00,1565.9216,2008-04-12 10:15:00,35.0000
07068000,36.621944,-90.847500,2009-10-30 17:30:00,2009-11-02 01:30:00,1690.5157,2009-10-31 17:00:00,23.5000
07068000,36.621944,-90.847500,2011-04-24 03:15:00,2011-05-04 22:00:00,2551.3479,2011-04-26 11:00:00,55.7500
07068000,36.621944,-90.847500,2013-04-20 18:15:00,2013-04-20 23:15:00,611.6439,2013-04-20 20:30:00,2.2500
07068000,36.621944,-90.847500,2013-06-02 00:15:00,2013-06-04 01:30:00,940.1193,2013-06-03 16:15:00,40.0000
07068000,36.621944,-90.847500,2013-08-09 13:30:00,2013-08-09 21:00:00,614.4756,2013-08-09 16:45:00,3.2500
07068000,36.621944,-90.847500,2013-12-22 11:30:00,2013-12-22 17:15:00,597.4855,2013-12-22 13:15:00,1.7500
07068000,36.621944,-90.847500,2014-04-28 09:15:00,2014-04-28 18:45:00,628.6340,2014-04-28 16:15:00,7.0000
07068000,36.621944,-90.847500,2015-07-12 03:30:00,2015-07-13 00:30:00,824.0202,2015-07-12 17:00:00,13.5000
07068000,36.621944,-90.847500,2015-11-19 17:15:00,2015-11-20 09:00:00,784.3767,2015-11-20 03:45:00,10.5000
07068000,36.621944,-90.847500,2015-12-28 13:00:00,2015-12-31 12:00:00,2304.9913,2015-12-30 10:00:00,45.0000
07068000,36.621944,-90.847500,2016-05-28 11:15:00,2016-05-29 12:00:00,696.5944,2016-05-29 02:15:00,15.0000
07108900,38.245556,-104.485833,1989-07-13 05:15:00,1989-07-13 07:15:00,152.9110,1989-07-13 06:45:00,1.5000
07108900,38.245556,-104.485833,1990-07-22 06:15:00,1990-07-22 09:15:00,206.7130,1990-07-22 08:00:00,1.7500
07108900,38.245556,-104.485833,1990-08-13 07:00:00,1990-08-13 08:00:00,92.0298,1990-08-13 07:30:00,0.5000
07108900,38.245556,-104.485833,1991-06-07 03:30:00,1991-06-07 04:00:00,91.7466,1991-06-07 03:45:00,0.2500
07108900,38.245556,-104.485833,1991-07-20 04:30:00,1991-07-20 06:00:00,126.8595,1991-07-20 05:15:00,0.7500
07108900,38.245556,-104.485833,1992-07-14 08:00:00,1992-07-14 09:15:00,107.8872,1992-07-14 08:30:00,0.5000
07108900,38.245556,-104.485833,1996-07-23 13:15:00,1996-07-23 15:00:00,97.4100,1996-07-23 14:15:00,1.0000
07108900,38.245556,-104.485833,1999-04-30 12:45:00,1999-05-02 05:30:00,148.6634,1999-04-30 19:45:00,7.0000
07108900,38.245556,-104.485833,2001-07-14 06:45:00,2001-07-14 09:30:00,118.6476,2001-07-14 08:45:00,2.0000
07108900,38.245556,-104.485833,2007-08-02 16:15:00,2007-08-02 22:15:00,134.7882,2007-08-02 19:37:00,3.3667
07108900,38.245556,-104.485833,2011-08-03 05:45:00,2011-08-03 09:00:00,105.9050,2011-08-03 07:00:00,1.2500
07108900,38.245556,-104.485833,2014-07-09 10:00:00,2014-07-09 11:00:00,76.4555,2014-07-09 10:35:00,0.5833
07108900,38.245556,-104.485833,2014-07-13 11:00:00,2014-07-13 12:00:00,77.8713,2014-07-13 11:30:00,0.5000
07108900,38.245556,-104.485833,2014-07-14 17:30:00,2014-07-14 19:00:00,84.1010,2014-07-14 18:15:00,0.7500
07108900,38.245556,-104.485833,2014-07-17 11:45:00,2014-07-17 15:00:00,97.4100,2014-07-17 14:00:00,2.2500
07108900,38.245556,-104.485833,2014-08-09 03:45:00,2014-08-09 04:45:00,80.4198,2014-08-09 04:15:00,0.5000
07108900,38.245556,-104.485833,2014-08-11 09:45:00,2014-08-11 11:15:00,77.5882,2014-08-11 10:45:00,1.0000
07108900,38.245556,-104.485833,2015-05-19 22:30:00,2015-05-20 02:30:00,83.5347,2015-05-20 00:00:00,1.5000
07141300,38.353056,-98.763889,1993-07-20 19:00:00,1993-07-24 08:00:00,161.6892,1993-07-22 02:00:00,31.0000
07141300,38.353056,-98.763889,1996-11-18 12:00:00,1996-11-21 15:00:00,167.9189,1996-11-19 05:00:00,17.0000
07141300,38.353056,-98.763889,2007-05-06 22:00:00,2007-05-07 04:00:00,150.6456,2007-05-07 00:30:00,2.5000
07144550,37.544167,-97.275278,1993-05-08 23:00:00,1993-05-14 18:00:00,1489.4661,1993-05-09 20:00:00,21.0000
07144550,37.544167,-97.275278,1993-07-14 23:00:00,1993-07-26 18:00:00,1534.7731,1993-07-16 02:00:00,27.0000
07144550,37.544167,-97.275278,1995-05-23 23:45:00,1995-05-25 22:00:00,552.1785,1995-05-24 08:00:00,8.2500
07144550,37.544167,-97.275278,1995-05-27 09:00:00,1995-06-01 15:00:00,750.3964,1995-05-28 16:30:00,31.5000
07144550,37.544167,-97.275278,1995-06-09 05:45:00,1995-06-12 13:00:00,795.7034,1995-06-10 00:45:00,19.0000
07144550,37.544167,-97.275278,1995-08-15 10:00:00,1995-08-15 13:45:00,495.5448,1995-08-15 11:45:00,1.7500
07144550,37.544167,-97.275278,1997-06-13 08:30:00,1997-06-13 14:00:00,557.8419,1997-06-13 11:00:00,2.5000
07144550,37.544167,-97.275278,1998-11-01 07:00:00,1998-11-05 06:00:00,1650.8722,1998-11-02 07:00:00,24.0000
07144550,37.544167,-97.275278,1999-06-20 08:00:00,1999-06-20 21:00:00,461.5646,1999-06-20 14:00:00,6.0000
07144550,37.544167,-97.275278,1999-09-27 09:00:00,1999-09-27 18:00:00,543.6835,1999-09-27 13:00:00,4.0000
07144550,37.544167,-97.275278,2000-03-24 13:53:00,2000-03-25 18:00:00,569.1686,2000-03-24 23:00:00,9.1167
07144550,37.544167,-97.275278,2001-02-25 07:45:00,2001-02-25 20:00:00,453.0695,2001-02-25 13:00:00,5.2500
07144550,37.544167,-97.275278,2001-06-09 17:00:00,2001-06-09 23:00:00,419.0893,2001-06-09 20:00:00,3.0000
07144550,37.544167,-97.275278,2003-10-09 06:45:00,2003-10-11 05:00:00,654.1192,2003-10-10 07:45:00,25.0000
07144550,37.544167,-97.275278,2004-03-05 13:15:00,2004-03-07 03:00:00,662.6142,2004-03-06 00:00:00,10.7500
07144550,37.544167,-97.275278,2005-06-09 21:00:00,2005-06-14 19:00:00,761.7232,2005-06-10 05:00:00,8.0000
07144550,37.544167,-97.275278,2007-05-08 00:00:00,2007-05-12 10:00:00,773.0499,2007-05-09 21:00:00,45.0000
07144550,37.544167,-97.275278,2007-05-25 09:00:00,2007-05-30 02:00:00,866.4955,2007-05-28 04:00:00,67.0000
07144550,37.544167,-97.275278,2007-06-02 19:00:00,2007-06-03 20:00:00,464.3963,2007-06-03 05:00:00,10.0000
07144550,37.544167,-97.275278,2008-05-27 06:00:00,2008-05-28 14:00:00,614.4756,2008-05-27 07:00:00,1.0000
07144550,37.544167,-97.275278,2008-09-12 22:00:00,2008-09-14 18:00:00,1050.5550,2008-09-13 12:00:00,14.0000
07144550,37.544167,-97.275278,2009-04-27 04:00:00,2009-04-29 03:00:00,914.6341,2009-04-27 13:00:00,9.0000
07144550,37.544167,-97.275278,2009-05-09 14:00:00,2009-05-09 19:00:00,416.2576,2009-05-09 16:00:00,2.0000
07144550,37.544167,-97.275278,2010-06-14 06:00:00,2010-06-15 15:00:00,758.8915,2010-06-14 18:00:00,12.0000
07144550,37.544167,-97.275278,2010-07-05 18:00:00,2010-07-07 17:00:00,631.4657,2010-07-06 06:00:00,12.0000
07144550,37.544167,-97.275278,2013-07-31 09:45:00,2013-08-01 06:30:00,475.7230,2013-07-31 21:15:00,11.5000
07144550,37.544167,-97.275278,2013-08-04 16:00:00,2013-08-12 00:30:00,807.0301,2013-08-09 14:30:00,118.5000
07144550,37.544167,-97.275278,2015-06-16 02:00:00,2015-06-17 01:30:00,605.9805,2015-06-16 12:15:00,10.2500
07144550,37.544167,-97.275278,2015-12-14 19:30:00,2015-12-15 19:15:00,487.0498,2015-12-15 03:00:00,7.5000
07144550,37.544167,-97.275278,2016-05-28 06:15:00,2016-05-29 08:30:00,526.6933,2016-05-28 16:45:00,10.5000
07148400,36.815000,-98.647778,1992-08-04 20:45:00,1992-08-05 01:15:00,92.8793,1992-08-04 23:15:00,2.5000
07148400,36.815000,-98.647778,1995-06-09 13:00:00,1995-06-09 22:00:00,117.7981,1995-06-09 19:00:00,6.0000
07148400,36.815000,-98.647778,1996-07-27 03:30:00,1996-07-28 01:30:00,99.6753,1996-07-27 08:00:00,4.5000
07148400,36.815000,-98.647778,1996-08-03 15:00:00,1996-08-04 02:30:00,111.0020,1996-08-03 23:00:00,8.0000
07148400,36.815000,-98.647778,1996-09-20 00:45:00,1996-09-20 12:15:00,103.0733,1996-09-20 07:45:00,7.0000
07148400,36.815000,-98.647778,1996-11-17 06:00:00,1996-11-18 02:00:00,109.3030,1996-11-17 13:00:00,7.0000
07148400,36.815000,-98.647778,1997-04-11 13:00:00,1997-04-12 06:15:00,173.2991,1997-04-11 22:15:00,9.2500
07148400,36.815000,-98.647778,1998-05-25 16:15:00,1998-05-25 23:00:00,99.6753,1998-05-25 20:00:00,3.7500
07148400,36.815000,-98.647778,1998-10-31 22:30:00,1998-11-02 15:00:00,328.4754,1998-11-01 11:00:00,12.5000
07148400,36.815000,-98.647778,1999-04-15 06:00:00,1999-04-15 13:15:00,96.5604,1999-04-15 09:15:00,3.2500
07148400,36.815000,-98.647778,1999-06-01 15:45:00,1999-06-01 21:00:00,91.4634,1999-06-01 18:30:00,2.7500
07148400,36.815000,-98.647778,1999-07-02 03:00:00,1999-07-02 08:30:00,93.4456,1999-07-02 06:30:00,3.5000
07148400,36.815000,-98.647778,2000-03-23 17:30:00,2000-03-25 07:30:00,255.9843,2000-03-24 11:30:00,18.0000
07148400,36.815000,-98.647778,2000-05-26 07:30:00,2000-05-27 02:30:00,288.8318,2000-05-26 18:30:00,11.0000
07148400,36.815000,-98.647778,2000-10-25 14:36:00,2000-10-26 06:30:00,142.7169,2000-10-26 02:00:00,11.4000
07148400,36.815000,-98.647778,2001-05-05 19:30:00,2001-05-06 03:00:00,87.4991,2001-05-05 23:30:00,4.0000
07148400,36.815000,-98.647778,2002-10-04 06:30:00,2002-10-04 18:30:00,130.5407,2002-10-04 11:00:00,4.5000
07148400,36.815000,-98.647778,2004-03-05 05:00:00,2004-03-06 01:00:00,135.3545,2004-03-05 16:30:00,11.5000
07148400,36.815000,-98.647778,2005-06-13 03:00:00,2005-06-13 16:30:00,115.2496,2005-06-13 10:00:00,7.0000
07148400,36.815000,-98.647778,2006-06-23 16:30:00,2006-06-23 22:30:00,96.8436,2006-06-23 20:30:00,4.0000
07148400,36.815000,-98.647778,2007-05-07 09:30:00,2007-05-07 18:00:00,93.1624,2007-05-07 11:30:00,2.0000
07148400,36.815000,-98.647778,2007-06-14 14:00:00,2007-06-15 22:30:00,141.8674,2007-06-15 19:30:00,29.5000
07148400,36.815000,-98.647778,2008-09-12 20:00:00,2008-09-13 03:30:00,94.0119,2008-09-13 01:00:00,5.0000
07148400,36.815000,-98.647778,2010-07-06 06:00:00,2010-07-06 12:00:00,97.4100,2010-07-06 10:00:00,4.0000
07148400,36.815000,-98.647778,2013-08-09 21:15:00,2013-08-09 23:30:00,81.2693,2013-08-09 22:45:00,1.5000
07160350,36.376111,-97.800000,1997-04-11 09:30:00,1997-04-11 15:00:00,111.5684,1997-04-11 12:45:00,3.2500
07160350,36.376111,-97.800000,1997-07-19 09:15:00,1997-07-19 19:45:00,165.3704,1997-07-19 14:15:00,5.0000
07160350,36.376111,-97.800000,1998-10-02 09:00:00,1998-10-02 17:15:00,197.3684,1998-10-02 12:45:00,3.7500
07160350,36.376111,-97.800000,1998-11-01 03:45:00,1998-11-01 15:15:00,231.6318,1998-11-01 07:45:00,4.0000
07160350,36.376111,-97.800000,1999-04-22 04:00:00,1999-04-22 05:30:00,106.7545,1999-04-22 04:45:00,0.7500
07160350,36.376111,-97.800000,1999-04-25 04:45:00,1999-04-25 12:15:00,120.0634,1999-04-25 08:00:00,3.2500
07160350,36.376111,-97.800000,1999-06-10 00:30:00,1999-06-10 06:45:00,122.6119,1999-06-10 04:15:00,3.7500
07160350,36.376111,-97.800000,1999-07-10 10:00:00,1999-07-10 10:30:00,98.2595,1999-07-10 10:30:00,0.5000
07160350,36.376111,-97.800000,2004-03-04 23:00:00,2004-03-05 01:00:00,100.5248,2004-03-05 00:00:00,1.0000
07160350,36.376111,-97.800000,2007-06-29 12:00:00,2007-06-30 03:00:00,136.2040,2007-06-29 22:30:00,10.5000
07160350,36.376111,-97.800000,2007-09-08 14:15:00,2007-09-08 16:00:00,100.2416,2007-09-08 15:00:00,0.7500
07160350,36.376111,-97.800000,2007-10-17 20:00:00,2007-10-17 22:00:00,101.9406,2007-10-17 20:45:00,0.7500
07160350,36.376111,-97.800000,2008-03-31 09:30:00,2008-03-31 16:00:00,205.0140,2008-03-31 12:15:00,2.7500
07160350,36.376111,-97.800000,2008-06-09 05:00:00,2008-06-09 20:00:00,279.2041,2008-06-09 11:45:00,6.7500
07160350,36.376111,-97.800000,2008-06-17 10:45:00,2008-06-17 21:00:00,168.7684,2008-06-17 16:00:00,5.2500
07160350,36.376111,-97.800000,2010-05-25 13:30:00,2010-05-25 16:00:00,104.4892,2010-05-25 14:00:00,0.5000
07160350,36.376111,-97.800000,2012-04-30 08:45:00,2012-04-30 15:00:00,116.9486,2012-04-30 11:30:00,2.7500
07160350,36.376111,-97.800000,2013-07-30 05:00:00,2013-07-30 09:30:00,120.9129,2013-07-30 06:45:00,1.7500
07160350,36.376111,-97.800000,2014-06-02 09:30:00,2014-06-02 11:00:00,103.3565,2014-06-02 10:00:00,0.5000
07160350,36.376111,-97.800000,2015-05-24 00:45:00,2015-05-25 05:00:00,131.6733,2015-05-25 01:15:00,24.5000
07252000,35.577222,-94.015556,1987-12-20 06:15:00,1987-12-20 10:00:00,342.6338,1987-12-20 08:00:00,1.7500
07252000,35.577222,-94.015556,1987-12-26 02:00:00,1987-12-26 12:00:00,436.0794,1987-12-26 06:45:00,4.7500
07252000,35.577222,-94.015556,1988-03-03 14:00:00,1988-03-03 17:00:00,351.1289,1988-03-03 16:00:00,2.0000
07252000,35.577222,-94.015556,2006-11-30 15:45:00,2006-12-01 13:00:00,586.1587,2006-11-30 22:15:00,6.5000
07252000,35.577222,-94.015556,2007-01-13 22:30:00,2007-01-15 11:24:00,648.4558,2007-01-14 05:15:00,6.7500
07252000,35.577222,-94.015556,2008-02-17 14:15:00,2008-02-17 18:00:00,353.9606,2008-02-17 16:00:00,1.7500
07252000,35.577222,-94.015556,2008-03-03 15:15:00,2008-03-04 08:30:00,693.7627,2008-03-04 02:30:00,11.2500
07252000,35.577222,-94.015556,2008-04-10 07:15:00,2008-04-11 05:00:00,1183.6442,2008-04-10 15:15:00,8.0000
07252000,35.577222,-94.015556,2008-06-14 08:45:00,2008-06-14 14:45:00,492.7131,2008-06-14 12:00:00,3.2500
07252000,35.577222,-94.015556,2009-01-28 02:00:00,2009-01-28 14:30:00,444.5745,2009-01-28 07:30:00,5.5000
07252000,35.577222,-94.015556,2009-05-02 23:15:00,2009-05-03 20:45:00,421.9210,2009-05-03 03:00:00,3.7500
07252000,35.577222,-94.015556,2009-05-06 10:30:00,2009-05-06 17:30:00,399.2675,2009-05-06 14:00:00,3.5000
07252000,35.577222,-94.015556,2009-10-30 08:45:00,2009-10-30 16:45:00,1248.7729,2009-10-30 12:45:00,4.0000
07252000,35.577222,-94.015556,2010-09-09 22:00:00,2010-09-10 06:15:00,586.1587,2010-09-10 03:00:00,5.0000
07252000,35.577222,-94.015556,2011-04-25 02:45:00,2011-04-26 15:30:00,874.9906,2011-04-26 01:30:00,22.7500
07252000,35.577222,-94.015556,2011-05-02 08:30:00,2011-05-02 16:00:00,481.3864,2011-05-02 12:30:00,4.0000
07252000,35.577222,-94.015556,2011-05-24 04:00:00,2011-05-24 18:15:00,730.5746,2011-05-24 08:15:00,4.2500
07252000,35.577222,-94.015556,2012-01-26 00:15:00,2012-01-26 09:30:00,402.0992,2012-01-26 04:30:00,4.2500
07252000,35.577222,-94.015556,2012-03-21 22:45:00,2012-03-22 08:15:00,430.4161,2012-03-22 03:00:00,4.2500
07252000,35.577222,-94.015556,2013-08-10 19:00:00,2013-08-11 01:15:00,591.8221,2013-08-10 23:00:00,4.0000
07252000,35.577222,-94.015556,2014-03-16 19:15:00,2014-03-17 04:00:00,569.1686,2014-03-16 23:15:00,4.0000
07252000,35.577222,-94.015556,2015-05-10 09:15:00,2015-05-12 01:15:00,974.0995,2015-05-10 19:15:00,10.0000
07252000,35.577222,-94.015556,2015-05-24 19:45:00,2015-05-25 03:45:00,416.2576,2015-05-24 22:15:00,2.5000
07252000,35.577222,-94.015556,2015-12-13 21:30:00,2015-12-14 14:00:00,620.1389,2015-12-14 04:30:00,7.0000
07252000,35.577222,-94.015556,2015-12-27 18:00:00,2015-12-29 03:30:00,1175.1491,2015-12-28 09:30:00,15.5000
07252000,35.577222,-94.015556,2016-05-27 01:45:00,2016-05-27 02:15:00,342.6338,2016-05-27 02:00:00,0.2500
07299540,34.569167,-100.193611,1995-05-27 21:00:00,1995-05-27 22:00:00,319.9804,1995-05-27 21:30:00,0.5000
07299540,34.569167,-100.193611,1995-06-04 02:00:00,1995-06-05 08:30:00,1220.4561,1995-06-04 08:00:00,6.0000
07299540,34.569167,-100.193611,1995-08-03 12:00:00,1995-08-03 13:30:00,182.0773,1995-08-03 12:30:00,0.5000
07299540,34.569167,-100.193611,1997-04-11 04:00:00,1997-04-11 04:30:00,311.4853,1997-04-11 04:30:00,0.5000
07299540,34.569167,-100.193611,1997-04-26 05:00:00,1997-04-27 00:00:00,334.1388,1997-04-26 09:30:00,4.5000
07299540,34.569167,-100.193611,1997-08-19 19:30:00,1997-08-20 03:30:00,256.5506,1997-08-19 20:30:00,1.0000
07299540,34.569167,-100.193611,1998-03-16 19:30:00,1998-03-17 01:30:00,209.8278,1998-03-16 22:00:00,2.5000
07299540,34.569167,-100.193611,1999-04-30 02:00:00,1999-04-30 08:00:00,241.8259,1999-04-30 02:30:00,0.5000
07299540,34.569167,-100.193611,1999-05-01 21:30:00,1999-05-03 10:30:00,464.3963,1999-05-02 01:00:00,3.5000
07299540,34.569167,-100.193611,1999-05-27 23:30:00,1999-05-28 02:00:00,201.3328,1999-05-28 01:00:00,1.5000
07299540,34.569167,-100.193611,2000-03-23 13:00:00,2000-03-24 05:00:00,201.3328,2000-03-24 03:00:00,14.0000
07299540,34.569167,-100.193611,2000-06-10 06:00:00,2000-06-11 05:00:00,308.6536,2000-06-10 21:30:00,15.5000
07299540,34.569167,-100.193611,2000-06-28 09:30:00,2000-06-29 13:30:00,302.9903,2000-06-29 06:30:00,21.0000
07299540,34.569167,-100.193611,2001-05-03 04:30:00,2001-05-03 06:00:00,234.7467,2001-05-03 05:30:00,1.0000
07299540,34.569167,-100.193611,2001-05-04 12:30:00,2001-05-05 14:00:00,702.2578,2001-05-05 00:30:00,12.0000
07299540,34.569167,-100.193611,2003-05-25 21:30:00,2003-05-25 22:30:00,201.6159,2003-05-25 22:00:00,0.5000
07299540,34.569167,-100.193611,2003-06-06 19:31:00,2003-06-06 21:31:00,259.0991,2003-06-06 20:01:00,0.5000
07299540,34.569167,-100.193611,2003-06-21 18:30:00,2003-06-22 02:00:00,353.9606,2003-06-21 20:00:00,1.5000
07299540,34.569167,-100.193611,2004-10-06 22:30:00,2004-10-07 09:30:00,639.9607,2004-10-06 22:45:00,0.2500
07299540,34.569167,-100.193611,2005-06-11 17:30:00,2005-06-11 20:45:00,254.2853,2005-06-11 18:15:00,0.7500
07299540,34.569167,-100.193611,2005-06-12 23:45:00,2005-06-13 04:45:00,988.2579,2005-06-13 04:30:00,4.7500
07299540,34.569167,-100.193611,2013-06-20 06:00:00,2013-06-20 11:45:00,248.6219,2013-06-20 08:00:00,2.0000
07299540,34.569167,-100.193611,2013-08-16 01:15:00,2013-08-16 03:45:00,314.3170,2013-08-16 02:15:00,1.0000
07299540,34.569167,-100.193611,2015-05-10 05:15:00,2015-05-10 17:00:00,308.6536,2015-05-10 13:00:00,7.7500
07299540,34.569167,-100.193611,2015-05-20 10:45:00,2015-05-20 21:15:00,436.0794,2015-05-20 15:45:00,5.0000
07299540,34.569167,-100.193611,2015-07-09 19:45:00,2015-07-10 19:15:00,2613.6449,2015-07-10 04:00:00,8.2500
07299540,34.569167,-100.193611,2016-05-23 06:30:00,2016-05-23 19:00:00,424.7527,2016-05-23 11:00:00,4.5000
07307010,34.637778,-98.998333,2000-10-22 10:00:00,2000-10-30 17:00:00,133.6555,2000-10-23 13:00:00,27.0000
07307010,34.637778,-98.998333,2001-01-29 06:00:00,2001-01-30 10:00:00,24.3808,2001-01-29 15:00:00,9.0000
07307010,34.637778,-98.998333,2001-02-24 20:00:00,2001-02-25 12:30:00,9.7127,2001-02-25 02:00:00,6.0000
07307010,34.637778,-98.998333,2001-05-05 02:00:00,2001-05-06 09:00:00,40.7763,2001-05-05 13:30:00,11.5000
07307010,34.637778,-98.998333,2001-05-19 23:30:00,2001-05-23 15:00:00,95.1446,2001-05-20 10:30:00,11.0000
07307010,34.637778,-98.998333,2001-05-30 11:00:00,2001-06-01 14:00:00,31.9980,2001-05-30 22:00:00,11.0000
07307010,34.637778,-98.998333,2002-04-14 05:30:00,2002-04-14 10:00:00,6.3713,2002-04-14 08:00:00,2.5000
07307010,34.637778,-98.998333,2002-10-29 04:00:00,2002-10-29 18:30:00,12.5160,2002-10-29 09:00:00,5.0000
07307010,34.637778,-98.998333,2003-06-06 09:30:00,2003-06-06 17:30:00,8.9764,2003-06-06 12:30:00,3.0000
07307010,34.637778,-98.998333,2003-06-12 10:00:00,2003-06-14 13:00:00,16.6220,2003-06-12 20:30:00,10.5000
07307010,34.637778,-98.998333,2003-06-26 16:30:00,2003-06-27 22:30:00,18.7458,2003-06-27 06:30:00,14.0000
07307010,34.637778,-98.998333,2004-03-04 23:00:00,2004-03-06 05:00:00,30.5822,2004-03-05 10:00:00,11.0000
07307010,34.637778,-98.998333,2004-07-02 00:30:00,2004-07-02 02:00:00,6.2297,2004-07-02 01:00:00,0.5000
07307010,34.637778,-98.998333,2004-11-16 03:30:00,2004-11-18 23:00:00,23.4463,2004-11-16 15:00:00,11.5000
07307010,34.637778,-98.998333,2004-11-21 12:00:00,2004-11-22 06:00:00,11.4683,2004-11-21 18:00:00,6.0000
07307010,34.637778,-98.998333,2005-09-15 13:30:00,2005-09-16 19:30:00,34.5466,2005-09-15 23:30:00,10.0000
07307010,34.637778,-98.998333,2006-10-16 05:30:00,2006-10-17 06:30:00,23.1065,2006-10-16 14:00:00,8.5000
07307010,34.637778,-98.998333,2006-12-20 23:30:00,2006-12-21 07:30:00,7.8154,2006-12-21 02:00:00,2.5000
07307010,34.637778,-98.998333,2007-03-31 08:30:00,2007-03-31 17:30:00,7.9287,2007-03-31 12:30:00,4.0000
07307010,34.637778,-98.998333,2007-05-09 04:30:00,2007-05-11 10:00:00,40.7763,2007-05-09 19:00:00,14.5000
07307010,34.637778,-98.998333,2007-08-19 06:00:00,2007-08-20 22:00:00,47.2891,2007-08-19 19:00:00,13.0000
07307010,34.637778,-98.998333,2008-02-17 09:30:00,2008-02-17 20:00:00,8.0703,2008-02-17 14:30:00,5.0000
07307010,34.637778,-98.998333,2008-03-03 21:00:00,2008-03-03 23:00:00,6.2297,2008-03-03 22:00:00,1.0000
07307010,34.637778,-98.998333,2008-03-17 18:30:00,2008-03-20 05:30:00,52.6693,2008-03-18 21:30:00,27.0000
07307010,34.637778,-98.998333,2008-04-10 00:00:00,2008-04-12 03:30:00,55.7842,2008-04-10 20:00:00,20.0000
07307010,34.637778,-98.998333,2008-04-19 12:00:00,2008-04-22 01:00:00,6.1164,2008-04-20 18:00:00,30.0000
07307010,34.637778,-98.998333,2008-08-18 16:30:00,2008-08-19 04:00:00,8.2402,2008-08-18 22:00:00,5.5000
07351500,32.300000,-93.827778,1996-08-29 01:00:00,1996-08-29 19:00:00,114.4001,1996-08-29 04:00:00,3.0000
07351500,32.300000,-93.827778,1996-09-27 15:00:00,1996-09-28 09:30:00,103.6397,1996-09-27 20:00:00,5.0000
07351500,32.300000,-93.827778,1996-12-01 17:00:00,1996-12-01 19:30:00,32.5644,1996-12-01 18:30:00,1.5000
07351500,32.300000,-93.827778,1997-01-09 11:00:00,1997-01-10 01:30:00,51.2535,1997-01-09 17:00:00,6.0000
07351500,32.300000,-93.827778,1997-01-24 15:30:00,1997-01-25 06:00:00,68.2436,1997-01-24 19:30:00,4.0000
07351500,32.300000,-93.827778,1997-02-08 10:30:00,1997-02-08 20:00:00,45.0238,1997-02-08 14:30:00,4.0000
07351500,32.300000,-93.827778,1997-02-13 05:30:00,1997-02-14 10:30:00,154.8932,1997-02-13 13:00:00,7.5000
07351500,32.300000,-93.827778,1997-02-21 14:00:00,1997-02-22 04:30:00,63.1466,1997-02-21 18:30:00,4.5000
07351500,32.300000,-93.827778,1997-03-02 17:00:00,1997-03-03 21:30:00,334.1388,1997-03-03 00:00:00,7.0000
07351500,32.300000,-93.827778,1997-03-13 16:30:00,1997-03-14 11:30:00,61.4476,1997-03-14 01:30:00,9.0000
07351500,32.300000,-93.827778,1997-04-05 06:30:00,1997-04-06 13:30:00,739.0697,1997-04-05 18:00:00,11.5000
07351500,32.300000,-93.827778,1997-05-03 01:30:00,1997-05-03 22:00:00,130.8238,1997-05-03 08:00:00,6.5000
07351500,32.300000,-93.827778,1997-12-22 01:00:00,1997-12-22 14:00:00,63.9961,1997-12-22 05:30:00,4.5000
07351500,32.300000,-93.827778,1997-12-24 12:30:00,1997-12-25 08:00:00,94.8614,1997-12-24 20:00:00,7.5000
07351500,32.300000,-93.827778,1998-01-07 00:00:00,1998-01-08 14:00:00,112.9842,1998-01-07 12:00:00,12.0000
07351500,32.300000,-93.827778,1998-01-12 16:00:00,1998-01-13 12:30:00,132.2397,1998-01-12 21:30:00,5.5000
07351500,32.300000,-93.827778,1998-02-11 09:00:00,1998-02-12 03:00:00,110.1525,1998-02-11 14:30:00,5.5000
07351500,32.300000,-93.827778,1998-02-26 23:30:00,1998-02-27 18:30:00,94.8614,1998-02-27 06:00:00,6.5000
07351500,32.300000,-93.827778,1998-03-08 12:30:00,1998-03-08 22:00:00,50.6872,1998-03-08 15:30:00,3.0000
07351500,32.300000,-93.827778,1998-03-17 07:30:00,1998-03-18 00:30:00,89.1981,1998-03-17 13:00:00,5.5000
07351500,32.300000,-93.827778,1999-01-02 14:30:00,1999-01-03 13:00:00,93.7288,1999-01-02 23:30:00,9.0000
07351500,32.300000,-93.827778,1999-01-23 02:00:00,1999-01-23 19:30:00,82.6852,1999-01-23 08:00:00,6.0000
07351500,32.300000,-93.827778,1999-01-29 05:30:00,1999-01-31 17:30:00,770.2182,1999-01-29 15:30:00,10.0000
07351500,32.300000,-93.827778,1999-04-04 12:00:00,1999-04-06 10:30:00,478.5547,1999-04-05 13:00:00,25.0000
07351500,32.300000,-93.827778,2000-04-12 21:00:00,2000-04-13 19:01:00,72.7743,2000-04-13 06:00:00,9.0000
07351500,32.300000,-93.827778,2000-05-04 19:01:00,2000-05-05 22:01:00,129.1248,2000-05-05 05:31:00,10.5000
07351500,32.300000,-93.827778,2000-12-26 16:00:00,2000-12-28 15:00:00,68.2436,2000-12-28 03:30:00,35.5000
07351500,32.300000,-93.827778,2001-01-17 22:00:00,2001-01-20 08:30:00,103.6397,2001-01-19 01:30:00,27.5000
07351500,32.300000,-93.827778,2001-02-17 07:00:00,2001-02-17 18:30:00,51.2535,2001-02-17 11:30:00,4.5000
07351500,32.300000,-93.827778,2001-02-28 04:30:00,2001-03-03 23:00:00,101.0911,2001-02-28 12:00:00,7.5000
07351500,32.300000,-93.827778,2001-03-10 06:00:00,2001-03-10 11:30:00,34.8297,2001-03-10 08:00:00,2.0000
07351500,32.300000,-93.827778,2001-12-13 00:30:00,2001-12-14 01:00:00,77.5882,2001-12-13 09:00:00,8.5000
07351500,32.300000,-93.827778,2002-04-01 05:00:00,2002-04-01 09:00:00,33.4139,2002-04-01 07:30:00,2.5000
07351500,32.300000,-93.827778,2002-04-08 14:30:00,2002-04-09 21:00:00,262.7803,2002-04-08 23:30:00,9.0000
07351500,32.300000,-93.827778,2002-12-24 09:00:00,2002-12-25 12:30:00,88.0654,2002-12-24 16:00:00,7.0000
07351500,32.300000,-93.827778,2002-12-31 19:30:00,2003-01-01 19:30:00,80.9862,2003-01-01 01:30:00,6.0000
07351500,32.300000,-93.827778,2003-02-21 10:00:00,2003-02-23 17:30:00,120.6298,2003-02-22 14:30:00,28.5000
07351500,32.300000,-93.827778,2003-04-07 12:00:00,2003-04-08 03:00:00,65.4119,2003-04-07 16:30:00,4.5000
07351500,32.300000,-93.827778,2004-01-26 01:00:00,2004-01-26 09:00:00,38.7941,2004-01-26 04:00:00,3.0000
07351500,32.300000,-93.827778,2004-02-12 11:00:00,2004-02-13 11:30:00,66.2614,2004-02-12 21:30:00,10.5000
07351500,32.300000,-93.827778,2004-02-25 23:30:00,2004-02-26 17:30:00,57.4832,2004-02-26 06:30:00,7.0000
07351500,32.300000,-93.827778,2004-03-01 16:00:00,2004-03-02 05:30:00,88.9149,2004-03-01 22:30:00,6.5000
07351500,32.300000,-93.827778,2004-03-05 19:00:00,2004-03-06 12:30:00,68.2436,2004-03-06 00:30:00,5.5000
07351500,32.300000,-93.827778,2004-05-02 00:00:00,2004-05-03 01:30:00,99.6753,2004-05-02 09:30:00,9.5000
07351500,32.300000,-93.827778,2004-06-16 21:00:00,2004-06-16 22:00:00,32.2812,2004-06-16 21:30:00,0.5000
07351500,32.300000,-93.827778,2004-06-28 11:30:00,2004-06-29 01:00:00,52.1030,2004-06-28 16:30:00,5.0000
07351500,32.300000,-93.827778,2004-11-22 05:30:00,2004-11-22 15:30:00,40.7763,2004-11-22 09:00:00,3.5000
07351500,32.300000,-93.827778,2004-11-30 21:30:00,2004-12-01 12:00:00,46.7228,2004-12-01 03:00:00,5.5000
07351500,32.300000,-93.827778,2004-12-08 00:30:00,2004-12-08 05:30:00,34.2634,2004-12-08 02:00:00,1.5000
07351500,32.300000,-93.827778,2004-12-10 00:00:00,2004-12-10 06:00:00,37.0951,2004-12-10 02:00:00,2.0000
07351500,32.300000,-93.827778,2004-12-23 14:30:00,2004-12-23 20:30:00,35.6792,2004-12-23 17:30:00,3.0000
07351500,32.300000,-93.827778,2005-01-14 00:30:00,2005-01-14 11:00:00,41.9089,2005-01-14 04:00:00,3.5000
07351500,32.300000,-93.827778,2005-02-08 05:45:00,2005-02-08 23:00:00,59.4654,2005-02-08 12:15:00,6.5000
07351500,32.300000,-93.827778,2005-02-24 09:30:00,2005-02-24 22:00:00,44.4574,2005-02-24 14:30:00,5.0000
07351500,32.300000,-93.827778,2005-04-01 22:45:00,2005-04-02 03:45:00,35.3961,2005-04-02 00:30:00,1.7500
07351500,32.300000,-93.827778,2005-04-11 17:30:00,2005-04-13 00:15:00,376.6141,2005-04-12 01:15:00,7.7500
07351500,32.300000,-93.827778,2006-02-26 05:30:00,2006-02-26 23:30:00,58.8990,2006-02-26 12:45:00,7.2500
07351500,32.300000,-93.827778,2006-03-20 23:00:00,2006-03-21 21:30:00,82.4020,2006-03-21 07:15:00,8.2500
07351500,32.300000,-93.827778,2007-01-14 20:30:00,2007-01-16 21:30:00,118.3644,2007-01-15 05:15:00,8.7500
07351500,32.300000,-93.827778,2007-06-21 17:00:00,2007-06-22 01:30:00,46.1565,2007-06-21 19:45:00,2.7500
07351500,32.300000,-93.827778,2007-07-06 17:30:00,2007-07-07 23:30:00,322.8121,2007-07-07 00:45:00,7.2500
07351500,32.300000,-93.827778,2007-07-15 05:15:00,2007-07-15 12:30:00,35.3961,2007-07-15 08:45:00,3.5000
07351500,32.300000,-93.827778,2009-03-14 19:15:00,2009-03-15 03:15:00,39.0772,2009-03-14 23:30:00,4.2500
07351500,32.300000,-93.827778,2009-05-03 18:30:00,2009-05-04 20:15:00,214.6417,2009-05-04 02:30:00,8.0000
07351500,32.300000,-93.827778,2009-10-14 11:00:00,2009-10-14 21:15:00,51.2535,2009-10-14 13:30:00,2.5000
07351500,32.300000,-93.827778,2009-10-23 11:30:00,2009-10-23 17:30:00,37.9446,2009-10-23 13:45:00,2.2500
07351500,32.300000,-93.827778,2009-10-27 04:45:00,2009-10-28 03:15:00,80.9862,2009-10-27 13:00:00,8.2500
07351500,32.300000,-93.827778,2009-10-30 04:30:00,2009-10-31 14:00:00,642.7924,2009-10-30 11:30:00,7.0000
07351500,32.300000,-93.827778,2009-12-24 20:00:00,2009-12-25 14:30:00,77.0218,2009-12-25 02:15:00,6.2500
07351500,32.300000,-93.827778,2012-02-19 09:15:00,2012-02-19 23:15:00,46.1565,2012-02-19 13:00:00,3.7500
07351500,32.300000,-93.827778,2012-03-12 11:30:00,2012-03-13 01:15:00,55.2179,2012-03-12 17:00:00,5.5000
07351500,32.300000,-93.827778,2012-03-21 07:45:00,2012-03-22 11:00:00,130.2575,2012-03-21 18:00:00,10.2500
07351500,32.300000,-93.827778,2013-01-10 15:30:00,2013-01-11 02:15:00,40.7763,2013-01-10 21:00:00,5.5000
07351500,32.300000,-93.827778,2013-01-14 05:15:00,2013-01-14 15:00:00,44.1743,2013-01-14 10:00:00,4.7500
07351500,32.300000,-93.827778,2013-12-22 13:00:00,2013-12-23 04:15:00,55.7842,2013-12-22 18:30:00,5.5000
07351500,32.300000,-93.827778,2014-04-07 15:00:00,2014-04-08 02:30:00,46.1565,2014-04-07 18:45:00,3.7500
07351500,32.300000,-93.827778,2015-01-04 00:30:00,2015-01-04 19:00:00,79.2872,2015-01-04 07:45:00,7.2500
07351500,32.300000,-93.827778,2015-03-10 01:15:00,2015-03-11 05:00:00,57.7664,2015-03-10 12:00:00,10.7500
07351500,32.300000,-93.827778,2015-03-13 04:45:00,2015-03-14 06:30:00,57.7664,2015-03-13 13:30:00,8.7500
07351500,32.300000,-93.827778,2015-04-20 02:45:00,2015-04-20 08:45:00,37.3782,2015-04-20 04:45:00,2.0000
07351500,32.300000,-93.827778,2015-05-18 15:00:00,2015-05-20 00:00:00,241.2595,2015-05-18 23:30:00,8.5000
07351500,32.300000,-93.827778,2015-05-26 20:15:00,2015-05-28 14:00:00,58.6159,2015-05-28 05:45:00,33.5000
07351500,32.300000,-93.827778,2015-06-18 21:00:00,2015-06-19 17:30:00,168.2021,2015-06-19 01:15:00,4.2500
07351500,32.300000,-93.827778,2015-11-18 03:30:00,2015-11-19 03:15:00,135.3545,2015-11-18 10:30:00,7.0000
07351500,32.300000,-93.827778,2015-12-28 20:00:00,2015-12-29 09:30:00,68.5268,2015-12-29 00:00:00,4.0000
07351500,32.300000,-93.827778,2016-03-09 04:45:00,2016-03-11 21:45:00,430.4161,2016-03-09 17:15:00,12.5000
07351500,32.300000,-93.827778,2016-04-19 11:30:00,2016-04-20 10:30:00,54.3683,2016-04-19 19:15:00,7.7500
07351500,32.300000,-93.827778,2016-04-30 16:15:00,2016-05-01 15:45:00,179.5288,2016-04-30 23:00:00,6.7500
07339000,34.041667,-94.619722,2007-07-10 03:00:00,2007-07-10 19:00:00,521.0300,2007-07-10 18:00:00,15.0000
07339000,34.041667,-94.619722,2015-05-25 03:30:00,2015-05-27 11:30:00,889.1490,2015-05-26 04:00:00,24.5000
07339000,34.041667,-94.619722,2015-12-28 04:00:00,2015-12-30 17:30:00,1036.3966,2015-12-29 03:00:00,23.0000
07339000,34.041667,-94.619722,2016-04-29 15:30:00,2016-04-29 18:30:00,504.0399,2016-04-29 16:30:00,1.0000
07348700,32.994444,-93.396389,1996-06-13 13:30:00,1996-06-20 18:00:00,198.7843,1996-06-14 08:00:00,18.5000
07348700,32.994444,-93.396389,1996-07-17 05:00:00,1996-07-19 05:00:00,24.0410,1996-07-17 22:00:00,17.0000
07348700,32.994444,-93.396389,1996-08-01 04:30:00,1996-08-10 00:30:00,54.3683,1996-08-05 04:30:00,96.0000
07348700,32.994444,-93.396389,1996-12-19 06:00:00,1996-12-25 18:00:00,27.4673,1996-12-21 18:00:00,60.0000
07348700,32.994444,-93.396389,1996-12-27 06:00:00,1997-01-05 04:00:00,35.6792,1996-12-31 10:00:00,100.0000
07348700,32.994444,-93.396389,1997-01-08 20:30:00,1997-01-22 03:30:00,76.4555,1997-01-12 18:00:00,93.5000
07348700,32.994444,-93.396389,1997-04-05 05:30:00,1997-04-15 22:30:00,1039.2283,1997-04-06 19:00:00,36.5000
07348700,32.994444,-93.396389,1997-04-27 22:30:00,1997-05-08 21:30:00,196.8021,1997-05-01 11:30:00,85.0000
07348700,32.994444,-93.396389,1997-06-11 17:00:00,1997-06-16 04:30:00,48.9881,1997-06-13 16:30:00,47.5000
07348700,32.994444,-93.396389,1997-07-02 20:30:00,1997-07-03 16:30:00,20.9545,1997-07-03 05:30:00,9.0000
07348700,32.994444,-93.396389,1997-12-24 07:30:00,1998-01-03 19:30:00,58.8990,1997-12-29 04:00:00,116.5000
07348700,32.994444,-93.396389,1998-01-07 08:00:00,1998-02-07 09:30:00,160.8397,1998-01-10 15:00:00,79.0000
07348700,32.994444,-93.396389,1998-02-11 05:30:00,1998-03-28 00:00:00,236.1625,1998-02-14 10:30:00,77.0000
07348700,32.994444,-93.396389,1998-06-01 03:30:00,1998-06-08 00:00:00,157.1585,1998-06-02 09:30:00,30.0000
07348700,32.994444,-93.396389,1998-12-11 00:30:00,1998-12-23 13:30:00,45.5901,1998-12-16 01:30:00,121.0000
07348700,32.994444,-93.396389,1999-01-25 07:00:00,1999-02-13 08:30:00,362.4556,1999-02-01 06:30:00,167.5000
07348700,32.994444,-93.396389,1999-03-13 07:30:00,1999-03-24 15:00:00,84.1010,1999-03-16 11:30:00,76.0000
07348700,32.994444,-93.396389,1999-04-04 03:30:00,1999-04-16 03:30:00,214.6417,1999-04-07 18:30:00,87.0000
07348700,32.994444,-93.396389,1999-04-20 06:00:00,1999-04-21 08:30:00,20.5014,1999-04-20 16:00:00,10.0000
07348700,32.994444,-93.396389,1999-06-26 19:30:00,1999-06-28 18:30:00,29.4495,1999-06-27 12:30:00,17.0000
07348700,32.994444,-93.396389,2000-03-18 18:30:00,2000-03-23 05:00:00,22.7951,2000-03-21 03:30:00,57.0000
07348700,32.994444,-93.396389,2000-03-30 01:00:00,2000-04-11 22:00:00,46.7228,2000-04-06 12:00:00,178.0000
07348700,32.994444,-93.396389,2000-11-24 13:00:00,2000-12-05 17:00:00,59.7485,2000-11-29 07:30:00,114.5000
07348700,32.994444,-93.396389,2001-01-17 07:30:00,2001-02-10 19:00:00,218.3229,2001-01-21 14:00:00,102.5000
07348700,32.994444,-93.396389,2001-02-12 17:00:00,2001-04-07 22:30:00,546.5151,2001-02-18 11:30:00,138.5000
07348700,32.994444,-93.396389,2001-04-15 22:30:00,2001-04-18 04:30:00,89.7644,2001-04-18 04:30:00,54.0000
07348700,32.994444,-93.396389,2001-04-19 05:00:00,2001-04-26 15:00:00,117.2317,2001-04-19 06:30:00,1.5000
07348700,32.994444,-93.396389,2001-05-10 09:00:00,2001-05-17 23:00:00,63.1466,2001-05-13 06:30:00,69.5000
07348700,32.994444,-93.396389,2001-06-03 02:00:00,2001-06-12 18:30:00,113.5506,2001-06-04 21:30:00,43.5000
07348700,32.994444,-93.396389,2001-10-12 00:00:00,2001-10-25 04:00:00,387.9408,2001-10-14 19:00:00,67.0000
07348700,32.994444,-93.396389,2002-01-10 00:30:00,2002-01-13 01:00:00,22.2287,2002-01-11 04:30:00,28.0000
07348700,32.994444,-93.396389,2002-01-23 01:30:00,2002-02-02 19:00:00,39.3604,2002-01-27 07:30:00,102.0000
07348700,32.994444,-93.396389,2002-02-06 07:30:00,2002-02-16 17:00:00,45.5901,2002-02-11 11:30:00,124.0000
07348700,32.994444,-93.396389,2002-02-20 05:30:00,2002-03-02 12:30:00,56.9169,2002-02-24 12:30:00,103.0000
07348700,32.994444,-93.396389,2002-05-08 01:00:00,2002-05-16 04:30:00,244.0912,2002-05-14 18:30:00,161.5000
07348700,32.994444,-93.396389,2002-12-19 10:30:00,2003-01-09 01:00:00,86.0832,2002-12-22 09:30:00,71.0000
07348700,32.994444,-93.396389,2003-03-22 02:00:00,2003-04-02 05:30:00,27.3541,2003-03-24 00:00:00,46.0000
07348700,32.994444,-93.396389,2003-04-07 09:30:00,2003-04-07 18:30:00,20.6713,2003-04-07 12:30:00,3.0000
07348700,32.994444,-93.396389,2003-05-10 10:00:00,2003-05-13 21:30:00,30.8654,2003-05-12 04:30:00,42.5000
07348700,32.994444,-93.396389,2003-05-15 06:30:00,2003-05-25 05:30:00,62.2971,2003-05-19 05:30:00,95.0000
07348700,32.994444,-93.396389,2003-06-19 12:00:00,2003-06-26 04:30:00,34.8297,2003-06-23 14:00:00,98.0000
07348700,32.994444,-93.396389,2004-02-12 08:00:00,2004-02-23 06:00:00,33.4139,2004-02-16 21:00:00,109.0000
07348700,32.994444,-93.396389,2004-02-25 21:00:00,2004-03-15 23:30:00,250.0378,2004-03-03 11:30:00,158.5000
07348700,32.994444,-93.396389,2004-03-18 06:30:00,2004-03-20 19:30:00,21.5774,2004-03-19 12:30:00,30.0000
07348700,32.994444,-93.396389,2004-03-31 18:00:00,2004-04-05 09:30:00,31.4317,2004-04-03 01:00:00,55.0000
07348700,32.994444,-93.396389,2004-05-02 03:00:00,2004-05-08 18:30:00,33.6970,2004-05-05 11:00:00,80.0000
07348700,32.994444,-93.396389,2004-05-14 15:30:00,2004-05-19 00:30:00,40.4931,2004-05-16 12:30:00,45.0000
07348700,32.994444,-93.396389,2004-10-11 02:30:00,2004-10-16 01:30:00,27.0143,2004-10-14 05:30:00,75.0000
07348700,32.994444,-93.396389,2004-11-02 19:00:00,2004-11-11 11:30:00,67.3941,2004-11-06 22:00:00,99.0000
07348700,32.994444,-93.396389,2004-12-24 15:30:00,2005-01-03 01:00:00,41.6258,2004-12-27 13:00:00,69.5000
07348700,32.994444,-93.396389,2005-01-07 06:30:00,2005-01-24 12:30:00,97.9763,2005-01-11 15:30:00,105.0000
07348700,32.994444,-93.396389,2005-02-26 21:00:00,2005-03-01 03:30:00,22.0871,2005-02-28 00:00:00,27.0000
07348700,32.994444,-93.396389,2005-03-24 05:00:00,2005-03-29 05:00:00,28.6000,2005-03-26 14:00:00,57.0000
07348700,32.994444,-93.396389,2005-03-30 06:30:00,2005-04-04 06:30:00,26.7877,2005-04-01 17:30:00,59.0000
07348700,32.994444,-93.396389,2005-04-11 16:00:00,2005-04-21 03:30:00,80.4198,2005-04-15 07:00:00,87.0000
07348700,32.994444,-93.396389,2005-06-08 05:30:00,2005-06-08 21:00:00,31.9980,2005-06-08 10:30:00,5.0000
07348700,32.994444,-93.396389,2006-03-19 22:30:00,2006-03-31 12:00:00,124.0278,2006-03-23 21:30:00,95.0000
07348700,32.994444,-93.396389,2007-01-14 11:30:00,2007-01-30 09:00:00,244.0912,2007-01-17 10:30:00,71.0000
07348700,32.994444,-93.396389,2007-02-17 08:00:00,2007-02-18 21:30:00,21.1810,2007-02-17 22:30:00,14.5000
07348700,32.994444,-93.396389,2007-03-29 19:00:00,2007-04-11 05:30:00,70.7921,2007-04-05 13:00:00,162.0000
07348700,32.994444,-93.396389,2007-05-17 20:30:00,2007-05-21 07:00:00,25.3436,2007-05-18 18:30:00,22.0000
07348700,32.994444,-93.396389,2007-07-06 21:00:00,2007-07-23 05:30:00,77.0218,2007-07-10 08:30:00,83.5000
07348700,32.994444,-93.396389,2008-09-07 07:30:00,2008-09-13 02:30:00,27.7222,2008-09-09 15:30:00,56.0000
07348700,32.994444,-93.396389,2009-03-14 11:30:00,2009-03-24 14:00:00,45.0238,2009-03-19 06:00:00,114.5000
07348700,32.994444,-93.396389,2009-03-26 06:30:00,2009-04-07 23:30:00,70.2258,2009-04-01 02:30:00,140.0000
07348700,32.994444,-93.396389,2009-04-20 05:00:00,2009-04-26 07:30:00,27.5523,2009-04-23 14:00:00,81.0000
07348700,32.994444,-93.396389,2009-05-03 08:30:00,2009-05-24 16:00:00,274.1071,2009-05-06 20:00:00,83.5000
07348700,32.994444,-93.396389,2009-07-28 19:00:00,2009-07-29 22:00:00,44.1743,2009-07-29 01:00:00,6.0000
07348700,32.994444,-93.396389,2009-09-18 14:30:00,2009-09-30 01:00:00,42.4753,2009-09-23 04:00:00,109.5000
07348700,32.994444,-93.396389,2009-10-02 14:30:00,2009-10-03 00:30:00,21.0961,2009-10-02 17:30:00,3.0000
07348700,32.994444,-93.396389,2009-12-02 08:00:00,2009-12-15 08:30:00,38.7941,2009-12-06 18:30:00,106.5000
07348700,32.994444,-93.396389,2009-12-24 12:00:00,2010-01-10 10:30:00,291.6635,2009-12-28 07:30:00,91.5000
07348700,32.994444,-93.396389,2010-03-02 08:00:00,2010-03-03 23:00:00,20.6147,2010-03-02 16:30:00,8.5000
07348700,32.994444,-93.396389,2010-03-12 06:00:00,2010-03-17 00:30:00,28.2602,2010-03-14 03:30:00,44.5000
07348700,32.994444,-93.396389,2011-04-27 09:00:00,2011-05-03 16:00:00,26.1364,2011-05-01 10:00:00,97.0000
07348700,32.994444,-93.396389,2012-04-04 16:15:00,2012-04-13 20:45:00,55.2179,2012-04-08 19:30:00,99.2500
07348700,32.994444,-93.396389,2013-04-14 10:15:00,2013-04-17 00:15:00,23.0216,2013-04-15 19:15:00,33.0000
07348700,32.994444,-93.396389,2013-11-03 17:00:00,2013-11-08 07:45:00,25.1737,2013-11-05 17:30:00,48.5000
07348700,32.994444,-93.396389,2013-11-24 00:00:00,2013-12-05 06:15:00,77.5882,2013-11-27 18:15:00,90.2500
07348700,32.994444,-93.396389,2014-02-05 22:45:00,2014-02-16 09:00:00,38.7941,2014-02-09 23:15:00,96.5000
07348700,32.994444,-93.396389,2014-03-04 15:15:00,2014-03-13 15:45:00,64.2792,2014-03-08 02:00:00,82.7500
07348700,32.994444,-93.396389,2014-03-16 20:15:00,2014-03-25 13:30:00,44.1743,2014-03-21 04:00:00,103.7500
07348700,32.994444,-93.396389,2014-05-14 21:45:00,2014-05-22 04:00:00,32.2812,2014-05-18 12:45:00,87.0000
07348700,32.994444,-93.396389,2014-06-12 16:00:00,2014-06-17 23:15:00,25.6551,2014-06-15 07:00:00,63.0000
07348700,32.994444,-93.396389,2015-01-03 16:00:00,2015-01-15 03:30:00,69.3763,2015-01-07 22:00:00,102.0000
07348700,32.994444,-93.396389,2015-05-10 12:15:00,2015-06-09 17:30:00,158.0080,2015-05-13 20:00:00,79.7500
07348700,32.994444,-93.396389,2015-06-20 11:00:00,2015-06-23 17:30:00,23.5879,2015-06-22 13:30:00,50.5000
07348700,32.994444,-93.396389,2015-07-09 06:00:00,2015-07-14 09:30:00,45.8733,2015-07-11 15:15:00,57.2500
07348700,32.994444,-93.396389,2015-11-18 06:00:00,2015-11-26 10:00:00,44.4574,2015-11-22 22:30:00,112.5000
07348700,32.994444,-93.396389,2015-11-30 10:30:00,2015-12-11 00:00:00,72.7743,2015-12-04 17:00:00,102.5000
07348700,32.994444,-93.396389,2015-12-14 17:15:00,2015-12-24 12:45:00,49.5545,2015-12-19 05:45:00,108.5000
07348700,32.994444,-93.396389,2015-12-25 18:15:00,2016-01-17 05:00:00,140.7347,2015-12-31 13:15:00,139.0000
07348700,32.994444,-93.396389,2016-01-23 18:00:00,2016-02-01 09:00:00,51.5367,2016-01-27 16:15:00,94.2500
07348700,32.994444,-93.396389,2016-03-09 05:00:00,2016-03-26 06:30:00,756.0598,2016-03-11 17:15:00,60.2500
07348700,32.994444,-93.396389,2016-04-03 19:15:00,2016-04-09 20:15:00,50.9703,2016-04-05 17:00:00,45.7500
07154500,36.926667,-102.958611,1991-06-29 08:00:00,1991-06-29 12:30:00,113.2674,1991-06-29 09:00:00,1.0000
07154500,36.926667,-102.958611,1992-04-17 06:30:00,1992-04-17 07:30:00,27.5523,1992-04-17 06:45:00,0.2500
07154500,36.926667,-102.958611,1992-07-23 10:15:00,1992-07-23 15:30:00,69.6594,1992-07-23 11:00:00,0.7500
07154500,36.926667,-102.958611,1992-08-27 19:00:00,1992-08-27 20:45:00,26.0515,1992-08-27 19:30:00,0.5000
07154500,36.926667,-102.958611,1994-08-31 00:30:00,1994-08-31 01:30:00,26.6745,1994-08-31 01:00:00,0.5000
07154500,36.926667,-102.958611,1995-07-18 01:15:00,1995-07-18 04:30:00,120.9129,1995-07-18 02:15:00,1.0000
07154500,36.926667,-102.958611,1995-07-20 03:45:00,1995-07-20 05:30:00,22.3137,1995-07-20 04:30:00,0.7500
07154500,36.926667,-102.958611,1996-09-03 05:30:00,1996-09-03 07:30:00,28.0903,1996-09-03 06:00:00,0.5000
07154500,36.926667,-102.958611,1996-09-07 11:30:00,1996-09-07 12:30:00,23.1349,1996-09-07 12:00:00,0.5000
07154500,36.926667,-102.958611,1997-06-07 10:45:00,1997-06-07 13:15:00,52.6693,1997-06-07 11:15:00,0.5000
07154500,36.926667,-102.958611,1997-07-29 08:30:00,1997-07-29 20:15:00,174.7149,1997-07-29 11:15:00,2.7500
07154500,36.926667,-102.958611,1997-08-06 06:30:00,1997-08-06 20:00:00,80.7030,1997-08-06 07:45:00,1.2500
07154500,36.926667,-102.958611,1997-08-10 12:15:00,1997-08-12 19:00:00,286.0002,1997-08-12 13:30:00,49.2500
07154500,36.926667,-102.958611,1997-08-22 03:45:00,1997-08-22 05:15:00,30.2990,1997-08-22 04:15:00,0.5000
07154500,36.926667,-102.958611,1998-08-04 20:15:00,1998-08-04 22:15:00,31.7149,1998-08-04 20:45:00,0.5000
07154500,36.926667,-102.958611,1999-05-01 05:00:00,1999-05-03 05:00:00,160.8397,1999-05-02 11:15:00,30.2500
07154500,36.926667,-102.958611,1999-07-18 11:15:00,1999-07-18 17:00:00,68.5268,1999-07-18 13:15:00,2.0000
07154500,36.926667,-102.958611,1999-08-05 17:00:00,1999-08-05 22:00:00,55.5010,1999-08-05 18:30:00,1.5000
07154500,36.926667,-102.958611,2000-06-26 13:30:00,2000-06-26 19:15:00,61.7307,2000-06-26 16:15:00,2.7500
07154500,36.926667,-102.958611,2000-07-29 09:30:00,2000-07-30 00:00:00,102.7902,2000-07-29 14:30:00,5.0000
07154500,36.926667,-102.958611,2001-05-31 06:00:00,2001-05-31 07:30:00,32.8475,2001-05-31 06:30:00,0.5000
07154500,36.926667,-102.958611,2001-07-15 08:00:00,2001-07-15 10:30:00,37.0951,2001-07-15 08:30:00,0.5000
07154500,36.926667,-102.958611,2002-07-06 04:45:00,2002-07-06 10:15:00,48.4218,2002-07-06 08:30:00,3.7500
07154500,36.926667,-102.958611,2002-09-10 07:30:00,2002-09-10 14:45:00,36.5287,2002-09-10 12:30:00,5.0000
07154500,36.926667,-102.958611,2004-07-29 23:15:00,2004-07-30 02:45:00,31.9980,2004-07-30 00:30:00,1.2500
07154500,36.926667,-102.958611,2004-08-05 06:45:00,2004-08-05 09:15:00,54.0852,2004-08-05 07:45:00,1.0000
07154500,36.926667,-102.958611,2004-08-14 21:30:00,2004-08-15 04:15:00,92.5961,2004-08-15 00:15:00,2.7500
07154500,36.926667,-102.958611,2004-09-22 14:30:00,2004-09-22 21:00:00,59.7485,2004-09-22 16:45:00,2.2500
07154500,36.926667,-102.958611,2004-09-25 15:15:00,2004-09-25 19:00:00,39.6436,2004-09-25 17:00:00,1.7500
07154500,36.926667,-102.958611,2006-06-03 09:15:00,2006-06-03 14:00:00,23.2764,2006-06-03 11:30:00,2.2500
07154500,36.926667,-102.958611,2008-08-08 12:30:00,2008-08-08 14:45:00,43.8911,2008-08-08 13:15:00,0.7500
07154500,36.926667,-102.958611,2008-08-10 08:30:00,2008-08-10 10:15:00,40.2099,2008-08-10 09:15:00,0.7500
07154500,36.926667,-102.958611,2008-08-17 00:30:00,2008-08-19 04:30:00,94.8614,2008-08-18 23:00:00,46.5000
07154500,36.926667,-102.958611,2009-07-26 13:00:00,2009-07-27 23:30:00,150.6456,2009-07-26 18:15:00,5.2500
07154500,36.926667,-102.958611,2010-04-22 08:30:00,2010-04-22 10:45:00,34.5466,2010-04-22 09:15:00,0.7500
07154500,36.926667,-102.958611,2011-07-30 12:15:00,2011-07-30 15:15:00,41.0594,2011-07-30 13:00:00,0.7500
07154500,36.926667,-102.958611,2012-09-28 10:15:00,2012-09-28 11:30:00,24.8905,2012-09-28 10:45:00,0.5000
07154500,36.926667,-102.958611,2013-06-08 01:30:00,2013-06-08 07:45:00,472.8913,2013-06-08 04:45:00,3.2500
07154500,36.926667,-102.958611,2013-07-15 05:00:00,2013-07-15 08:30:00,50.9703,2013-07-15 06:00:00,1.0000
07154500,36.926667,-102.958611,2013-07-20 15:30:00,2013-07-20 22:30:00,58.8990,2013-07-20 20:00:00,4.5000
07154500,36.926667,-102.958611,2013-07-25 11:15:00,2013-07-25 23:45:00,92.8793,2013-07-25 20:30:00,9.2500
07154500,36.926667,-102.958611,2013-08-01 03:00:00,2013-08-01 03:45:00,24.8905,2013-08-01 03:15:00,0.2500
07154500,36.926667,-102.958611,2013-08-04 04:15:00,2013-08-05 04:15:00,671.1093,2013-08-04 06:00:00,1.7500
07154500,36.926667,-102.958611,2013-08-08 03:45:00,2013-08-09 23:00:00,153.4773,2013-08-09 19:30:00,39.7500
07154500,36.926667,-102.958611,2013-09-16 07:45:00,2013-09-16 14:30:00,163.6714,2013-09-16 10:45:00,3.0000
07154500,36.926667,-102.958611,2014-07-10 07:45:00,2014-07-10 12:45:00,174.4318,2014-07-10 10:15:00,2.5000
07154500,36.926667,-102.958611,2014-07-15 13:45:00,2014-07-15 21:45:00,202.7486,2014-07-15 16:30:00,2.7500
07154500,36.926667,-102.958611,2014-07-30 06:30:00,2014-07-30 16:30:00,181.5110,2014-07-30 14:00:00,7.5000
07154500,36.926667,-102.958611,2014-09-12 18:30:00,2014-09-13 10:45:00,167.9189,2014-09-13 05:30:00,11.0000
07154500,36.926667,-102.958611,2014-10-10 05:30:00,2014-10-10 22:00:00,160.2734,2014-10-10 17:00:00,11.5000
07154500,36.926667,-102.958611,2015-07-10 15:45:00,2015-07-10 19:15:00,63.7129,2015-07-10 17:15:00,1.5000
07154500,36.926667,-102.958611,2015-08-14 07:45:00,2015-08-14 17:15:00,48.4218,2015-08-14 13:30:00,5.7500
07154500,36.926667,-102.958611,2015-09-23 10:00:00,2015-09-24 17:00:00,55.5010,2015-09-23 18:15:00,8.2500
07155590,37.121944,-101.897500,1997-08-13 21:00:00,1997-08-14 20:00:00,218.0397,1997-08-14 05:00:00,8.0000
07155590,37.121944,-101.897500,1999-05-03 01:45:00,1999-05-05 04:00:00,166.7862,1999-05-03 23:30:00,21.7500
07160000,35.920556,-97.425556,1993-05-03 05:00:00,1993-05-04 23:00:00,1614.0603,1993-05-04 02:00:00,21.0000
07160000,35.920556,-97.425556,1993-05-08 21:00:00,1993-05-12 19:00:00,2636.2984,1993-05-10 06:00:00,33.0000
07160000,35.920556,-97.425556,1994-11-21 11:00:00,1994-11-22 02:00:00,1129.8422,1994-11-21 20:00:00,9.0000
07160000,35.920556,-97.425556,1995-06-05 04:00:00,1995-06-07 17:00:00,1166.6541,1995-06-05 11:00:00,7.0000
07160000,35.920556,-97.425556,1995-06-09 11:00:00,1995-06-12 13:00:00,2641.9618,1995-06-11 02:00:00,39.0000
07160000,35.920556,-97.425556,1995-08-04 07:00:00,1995-08-05 05:00:00,1138.3372,1995-08-04 20:00:00,13.0000
07160000,35.920556,-97.425556,1997-04-12 03:00:00,1997-04-12 23:00:00,1367.7037,1997-04-12 14:00:00,11.0000
07160000,35.920556,-97.425556,1998-03-17 07:00:00,1998-03-18 15:00:00,1163.8224,1998-03-18 04:00:00,21.0000
07160000,35.920556,-97.425556,1998-11-01 15:00:00,1998-11-03 18:00:00,1951.0307,1998-11-02 18:00:00,27.0000
07160000,35.920556,-97.425556,1999-04-15 23:00:00,1999-04-16 06:00:00,925.9609,1999-04-16 03:00:00,4.0000
07160000,35.920556,-97.425556,1999-04-25 19:00:00,1999-04-27 15:00:00,1415.8423,1999-04-26 11:00:00,16.0000
07160000,35.920556,-97.425556,1999-06-11 09:00:00,1999-06-11 18:30:00,954.2777,1999-06-11 15:30:00,6.5000
07160000,35.920556,-97.425556,2000-03-24 10:00:00,2000-03-25 22:30:00,1279.9215,2000-03-24 22:30:00,12.5000
07160000,35.920556,-97.425556,2004-03-05 06:30:00,2004-03-06 10:30:00,1563.0899,2004-03-06 03:30:00,21.0000
07160000,35.920556,-97.425556,2007-07-14 01:00:00,2007-07-15 13:30:00,1180.8125,2007-07-14 20:30:00,19.5000
07160000,35.920556,-97.425556,2007-08-20 02:00:00,2007-08-20 19:00:00,1299.7433,2007-08-20 13:30:00,11.5000
07160000,35.920556,-97.425556,2008-04-11 00:00:00,2008-04-11 05:30:00,903.3074,2008-04-11 01:00:00,1.0000
07160000,35.920556,-97.425556,2008-06-10 07:30:00,2008-06-11 05:00:00,1203.4660,2008-06-10 20:30:00,13.0000
07160000,35.920556,-97.425556,2013-06-02 05:30:00,2013-06-02 15:00:00,993.9213,2013-06-02 09:30:00,4.0000
07160000,35.920556,-97.425556,2015-05-24 19:30:00,2015-05-26 11:30:00,1483.8028,2015-05-25 15:00:00,19.5000
07215500,35.938056,-105.249444,1991-05-21 18:00:33,1991-05-24 11:30:00,21.2376,1991-05-22 11:30:09,17.4933
07215500,35.938056,-105.249444,1991-07-23 06:56:57,1991-07-23 15:56:45,14.3850,1991-07-23 12:56:51,5.9983
07215500,35.938056,-105.249444,1991-08-04 06:50:36,1991-08-05 16:19:51,13.3656,1991-08-04 11:35:30,4.7483
07215500,35.938056,-105.249444,1991-08-14 03:00:21,1991-08-14 11:00:12,13.7620,1991-08-14 05:30:18,2.4992
07215500,35.938056,-105.249444,1991-09-10 08:18:39,1991-09-10 13:48:33,10.8737,1991-09-10 11:18:36,2.9992
07215500,35.938056,-105.249444,1994-05-11 00:30:00,1994-05-11 07:00:00,10.1374,1994-05-11 02:00:00,1.5000
07215500,35.938056,-105.249444,1994-05-17 11:15:00,1994-05-31 14:45:00,25.0604,1994-05-20 02:15:00,63.0000
07215500,35.938056,-105.249444,1995-05-30 01:00:00,1995-05-30 12:45:00,13.0824,1995-05-30 07:00:00,6.0000
07215500,35.938056,-105.249444,1995-06-18 09:33:18,1995-06-22 11:08:39,28.3168,1995-06-19 17:09:54,31.6100
07215500,35.938056,-105.249444,1997-06-08 01:15:00,1997-06-11 00:15:00,14.4699,1997-06-08 15:30:00,14.2500
07215500,35.938056,-105.249444,1997-09-03 06:45:00,1997-09-03 07:00:00,12.6576,1997-09-03 07:00:00,0.2500
07215500,35.938056,-105.249444,1999-04-30 15:45:00,1999-05-03 05:45:00,25.4568,1999-04-30 21:30:00,5.7500
07215500,35.938056,-105.249444,1999-05-25 02:30:00,1999-05-26 09:00:00,11.8931,1999-05-25 10:15:00,7.7500
07229200,35.013889,-97.347222,1991-12-20 14:30:00,1991-12-21 15:00:00,773.0499,1991-12-20 23:00:00,8.5000
07229200,35.013889,-97.347222,1993-05-09 04:00:00,1993-05-12 13:00:00,2381.4468,1993-05-09 19:00:00,15.0000
07229200,35.013889,-97.347222,1994-11-20 20:00:00,1994-11-21 10:00:00,509.7032,1994-11-20 21:00:00,1.0000
07229200,35.013889,-97.347222,1995-05-26 18:00:00,1995-05-27 13:00:00,815.5252,1995-05-27 03:00:00,9.0000
07229200,35.013889,-97.347222,1995-06-04 16:00:00,1995-06-07 06:00:00,869.3272,1995-06-05 07:00:00,15.0000
07229200,35.013889,-97.347222,1995-06-10 02:00:00,1995-06-11 04:00:00,625.8023,1995-06-10 11:00:00,9.0000
07229200,35.013889,-97.347222,1996-08-03 18:00:00,1996-08-03 23:00:00,501.2082,1996-08-03 21:00:00,3.0000
07229200,35.013889,-97.347222,1997-04-11 21:00:00,1997-04-13 16:00:00,549.3468,1997-04-12 02:00:00,5.0000
07229200,35.013889,-97.347222,1998-02-01 16:00:00,1998-02-01 19:00:00,447.4062,1998-02-01 17:00:00,1.0000
07229200,35.013889,-97.347222,1998-03-16 14:00:00,1998-03-18 16:00:00,628.6340,1998-03-17 12:00:00,22.0000
07229200,35.013889,-97.347222,1998-11-01 22:00:00,1998-11-02 12:00:00,710.7528,1998-11-02 00:00:00,2.0000
07229200,35.013889,-97.347222,2000-05-01 12:00:00,2000-05-01 22:00:00,574.8320,2000-05-01 17:00:00,5.0000
07229200,35.013889,-97.347222,2000-10-23 12:30:00,2000-10-23 21:00:00,532.3567,2000-10-23 17:00:00,4.5000
07229200,35.013889,-97.347222,2001-05-30 15:30:00,2001-05-31 12:30:00,611.6439,2001-05-30 21:30:00,6.0000
07229200,35.013889,-97.347222,2007-03-31 05:00:00,2007-04-01 02:30:00,489.8814,2007-03-31 22:00:00,17.0000
07229200,35.013889,-97.347222,2007-05-08 12:30:00,2007-05-11 08:00:00,492.7131,2007-05-09 19:30:00,31.0000
07229200,35.013889,-97.347222,2007-06-30 08:30:00,2007-07-01 05:00:00,455.9012,2007-07-01 01:00:00,16.5000
07229200,35.013889,-97.347222,2008-04-10 16:00:00,2008-04-11 02:00:00,472.8913,2008-04-11 00:30:00,8.5000
07229200,35.013889,-97.347222,2013-06-01 21:00:00,2013-06-02 05:30:00,433.2478,2013-06-02 00:00:00,3.0000
07229200,35.013889,-97.347222,2015-05-07 23:00:00,2015-05-08 12:00:00,594.6538,2015-05-08 08:00:00,9.0000
07229200,35.013889,-97.347222,2015-05-24 06:00:00,2015-05-25 06:00:00,1039.2283,2015-05-24 12:00:00,6.0000
07239450,35.616944,-98.065000,1993-05-02 15:30:00,1993-05-04 01:30:00,71.6416,1993-05-03 14:30:00,23.0000
07239450,35.616944,-98.065000,1993-05-08 10:00:00,1993-05-11 20:00:00,263.6298,1993-05-10 13:00:00,51.0000
07239450,35.616944,-98.065000,1993-06-25 06:00:00,1993-06-25 19:30:00,68.2436,1993-06-25 10:30:00,4.5000
07239450,35.616944,-98.065000,1994-04-30 12:00:00,1994-05-01 00:00:00,57.7664,1994-04-30 19:00:00,7.0000
07239450,35.616944,-98.065000,1995-06-04 17:00:00,1995-06-05 04:00:00,63.4297,1995-06-05 04:00:00,11.0000
07239450,35.616944,-98.065000,1995-08-04 05:00:00,1995-08-07 13:00:00,99.6753,1995-08-06 20:00:00,63.0000
07239450,35.616944,-98.065000,1996-09-20 02:00:00,1996-09-20 19:00:00,59.1822,1996-09-20 14:00:00,12.0000
07239450,35.616944,-98.065000,1997-02-21 06:00:00,1997-02-22 06:30:00,59.1822,1997-02-21 14:00:00,8.0000
07239450,35.616944,-98.065000,1997-04-11 12:00:00,1997-04-14 03:00:00,120.3466,1997-04-13 15:00:00,51.0000
07239450,35.616944,-98.065000,1997-04-28 00:30:00,1997-04-28 04:30:00,53.5188,1997-04-28 01:30:00,1.0000
07239450,35.616944,-98.065000,1997-05-02 14:00:00,1997-05-03 22:00:00,62.2971,1997-05-03 02:00:00,12.0000
07239450,35.616944,-98.065000,1997-05-08 01:00:00,1997-05-08 10:30:00,55.7842,1997-05-08 05:00:00,4.0000
07239450,35.616944,-98.065000,1997-06-12 08:00:00,1997-06-13 07:00:00,59.7485,1997-06-12 12:00:00,4.0000
07239450,35.616944,-98.065000,1997-06-17 15:00:00,1997-06-18 17:00:00,64.2792,1997-06-18 02:00:00,11.0000
07239450,35.616944,-98.065000,1997-06-28 23:30:00,1997-06-30 01:00:00,58.3327,1997-06-29 08:30:00,9.0000
07239450,35.616944,-98.065000,1997-08-20 12:30:00,1997-08-20 19:30:00,53.5188,1997-08-20 15:30:00,3.0000
07239450,35.616944,-98.065000,1998-03-16 16:00:00,1998-03-20 12:00:00,116.6654,1998-03-18 18:00:00,50.0000
07239450,35.616944,-98.065000,1998-11-01 08:00:00,1998-11-02 22:00:00,88.6317,1998-11-02 01:00:00,17.0000
07239450,35.616944,-98.065000,1999-04-25 13:00:00,1999-04-28 02:00:00,83.5347,1999-04-26 19:00:00,30.0000
07239450,35.616944,-98.065000,2000-03-23 20:00:00,2000-03-25 19:00:00,73.6238,2000-03-25 05:00:00,33.0000
07239450,35.616944,-98.065000,2000-06-26 08:30:00,2000-06-26 17:30:00,56.0674,2000-06-26 13:30:00,5.0000
07239450,35.616944,-98.065000,2001-02-24 19:30:00,2001-02-25 13:00:00,64.2792,2001-02-25 06:30:00,11.0000
07239450,35.616944,-98.065000,2001-05-30 13:30:00,2001-05-31 16:00:00,71.3585,2001-05-30 22:00:00,8.5000
07239450,35.616944,-98.065000,2002-09-19 09:00:00,2002-09-20 05:00:00,86.6496,2002-09-19 21:00:00,12.0000
07239450,35.616944,-98.065000,2004-03-05 00:30:00,2004-03-05 05:30:00,76.4555,2004-03-05 05:30:00,5.0000
07239450,35.616944,-98.065000,2004-03-06 06:00:00,2004-03-07 05:30:00,143.5664,2004-03-06 15:13:57,9.2325
07239450,35.616944,-98.065000,2005-09-15 17:30:00,2005-09-16 09:30:00,59.4654,2005-09-16 03:30:00,10.0000
07239450,35.616944,-98.065000,2007-03-30 14:30:00,2007-04-01 02:00:00,59.4654,2007-03-31 16:00:00,25.5000
07239450,35.616944,-98.065000,2007-05-07 22:00:00,2007-05-11 10:30:00,99.6753,2007-05-10 19:30:00,69.5000
07239450,35.616944,-98.065000,2007-06-14 21:00:00,2007-06-18 05:00:00,91.4634,2007-06-17 15:30:00,66.5000
07239450,35.616944,-98.065000,2007-06-20 12:30:00,2007-06-22 16:00:00,81.2693,2007-06-22 03:00:00,38.5000
07239450,35.616944,-98.065000,2007-06-28 18:00:00,2007-07-02 20:00:00,113.2674,2007-07-01 21:30:00,75.5000
07239450,35.616944,-98.065000,2007-07-13 21:00:00,2007-07-16 03:00:00,64.8456,2007-07-14 12:00:00,15.0000
07239450,35.616944,-98.065000,2008-03-19 01:00:00,2008-03-19 02:00:00,52.6693,2008-03-19 01:30:00,0.5000
07239450,35.616944,-98.065000,2008-04-10 11:00:00,2008-04-11 18:00:00,76.4555,2008-04-11 01:30:00,14.5000
07239450,35.616944,-98.065000,2008-06-10 02:00:00,2008-06-11 23:00:00,65.6951,2008-06-11 10:00:00,32.0000
07239450,35.616944,-98.065000,2015-05-24 08:00:00,2015-05-25 03:30:00,84.1010,2015-05-24 20:30:00,12.5000
07239700,35.539444,-97.742222,2000-05-01 07:00:00,2000-05-01 20:00:00,146.3981,2000-05-01 13:00:00,6.0000
07239700,35.539444,-97.742222,2004-03-05 09:00:00,2004-03-05 17:00:00,135.3545,2004-03-05 14:00:00,5.0000
07239700,35.539444,-97.742222,2007-03-31 07:30:00,2007-03-31 16:30:00,138.7525,2007-03-31 12:00:00,4.5000
07239700,35.539444,-97.742222,2007-05-08 18:30:00,2007-05-11 08:00:00,164.5209,2007-05-10 05:30:00,35.0000
07239700,35.539444,-97.742222,2007-06-27 07:00:00,2007-06-27 10:30:00,130.5407,2007-06-27 08:00:00,1.0000
07239700,35.539444,-97.742222,2007-06-29 06:30:00,2007-07-02 20:30:00,252.0199,2007-06-30 18:30:00,36.0000
07239700,35.539444,-97.742222,2007-07-13 22:00:00,2007-07-14 12:00:00,133.3723,2007-07-14 03:00:00,5.0000
07239700,35.539444,-97.742222,2007-08-19 12:30:00,2007-08-23 22:00:00,710.7528,2007-08-21 09:30:00,45.0000
07239700,35.539444,-97.742222,2008-04-10 04:00:00,2008-04-12 00:00:00,199.0674,2008-04-11 06:00:00,26.0000
07239700,35.539444,-97.742222,2008-08-19 15:00:00,2008-08-20 18:30:00,198.5011,2008-08-20 06:00:00,15.0000
07239700,35.539444,-97.742222,2011-11-08 09:30:00,2011-11-09 01:00:00,181.7942,2011-11-08 14:00:00,4.5000
07239700,35.539444,-97.742222,2013-06-01 04:30:00,2013-06-02 19:00:00,246.3566,2013-06-01 19:30:00,15.0000
07239700,35.539444,-97.742222,2013-06-05 17:30:00,2013-06-06 06:30:00,146.9644,2013-06-06 00:00:00,6.5000
07239700,35.539444,-97.742222,2015-05-07 14:00:00,2015-05-07 16:00:00,130.2575,2015-05-07 15:30:00,1.5000
07239700,35.539444,-97.742222,2015-05-09 06:00:00,2015-05-10 05:30:00,159.9902,2015-05-09 14:00:00,8.0000
07239700,35.539444,-97.742222,2015-05-24 06:00:00,2015-05-26 05:00:00,181.2278,2015-05-25 14:30:00,32.5000
07241550,35.500278,-97.193611,1991-05-25 00:30:00,1991-05-25 11:00:00,210.6773,1991-05-25 05:00:00,4.5000
07241550,35.500278,-97.193611,1991-12-20 13:00:00,1991-12-22 22:00:00,244.0912,1991-12-21 04:00:00,15.0000
07241550,35.500278,-97.193611,1992-06-25 20:00:00,1992-06-25 22:00:00,128.2753,1992-06-25 21:00:00,1.0000
07241550,35.500278,-97.193611,1992-12-14 22:30:00,1992-12-15 07:00:00,141.5842,1992-12-15 02:00:00,3.5000
07241550,35.500278,-97.193611,1993-05-09 02:00:00,1993-05-15 05:00:00,722.0796,1993-05-09 23:30:00,21.5000
07241550,35.500278,-97.193611,1994-11-20 18:00:00,1994-11-21 05:30:00,168.7684,1994-11-20 23:30:00,5.5000
07241550,35.500278,-97.193611,1995-05-08 03:30:00,1995-05-09 02:30:00,191.4219,1995-05-08 13:30:00,10.0000
07241550,35.500278,-97.193611,1995-05-26 20:00:00,1995-05-28 19:30:00,288.8318,1995-05-27 11:00:00,15.0000
07241550,35.500278,-97.193611,1995-06-04 17:00:00,1995-06-15 00:00:00,501.2082,1995-06-10 15:30:00,142.5000
07241550,35.500278,-97.193611,1995-08-02 17:30:00,1995-08-02 20:00:00,130.2575,1995-08-02 18:30:00,1.0000
07241550,35.500278,-97.193611,1996-07-11 15:00:00,1996-07-12 15:00:00,328.4754,1996-07-12 05:00:00,14.0000
07241550,35.500278,-97.193611,1996-07-14 18:30:00,1996-07-15 07:00:00,228.8001,1996-07-14 23:30:00,5.0000
07241550,35.500278,-97.193611,1996-07-31 00:30:00,1996-07-31 05:30:00,139.8852,1996-07-31 03:00:00,2.5000
07241550,35.500278,-97.193611,1996-08-03 15:30:00,1996-08-04 12:00:00,252.5863,1996-08-03 22:30:00,7.0000
07241550,35.500278,-97.193611,1996-11-07 05:30:00,1996-11-07 12:00:00,145.8318,1996-11-07 08:30:00,3.0000
07241550,35.500278,-97.193611,1997-02-21 08:00:00,1997-02-23 08:00:00,168.4852,1997-02-23 00:00:00,40.0000
07241550,35.500278,-97.193611,1997-04-13 05:30:00,1997-04-15 07:30:00,174.4318,1997-04-13 21:00:00,15.5000
07241550,35.500278,-97.193611,1997-06-13 10:30:00,1997-06-15 04:00:00,161.1229,1997-06-13 23:00:00,12.5000
07241550,35.500278,-97.193611,1998-01-04 19:30:00,1998-01-05 07:30:00,182.6437,1998-01-05 00:00:00,4.5000
07241550,35.500278,-97.193611,1998-02-01 18:00:00,1998-02-01 20:30:00,128.8417,1998-02-01 19:00:00,1.0000
07241550,35.500278,-97.193611,1998-03-16 12:00:00,1998-03-21 21:30:00,311.4853,1998-03-17 15:00:00,27.0000
07241550,35.500278,-97.193611,1998-04-27 10:30:00,1998-04-28 04:30:00,248.3387,1998-04-27 17:30:00,7.0000
07241550,35.500278,-97.193611,1998-11-01 21:30:00,1998-11-02 10:00:00,186.3249,1998-11-02 01:30:00,4.0000
07241550,35.500278,-97.193611,1998-11-03 13:30:00,1998-11-03 22:00:00,141.0179,1998-11-03 17:30:00,4.0000
07241550,35.500278,-97.193611,1999-04-25 15:00:00,1999-04-27 22:00:00,376.6141,1999-04-26 03:30:00,12.5000
07241550,35.500278,-97.193611,1999-06-23 23:30:00,1999-06-24 11:30:00,178.3961,1999-06-24 05:30:00,6.0000
07241550,35.500278,-97.193611,1999-06-25 18:00:00,1999-06-26 00:00:00,132.2397,1999-06-25 21:00:00,3.0000
07241550,35.500278,-97.193611,2000-05-01 06:30:00,2000-05-02 09:30:00,314.3170,2000-05-01 16:00:00,9.5000
07241550,35.500278,-97.193611,2000-10-23 16:30:00,2000-10-24 04:00:00,286.0002,2000-10-23 19:30:00,3.0000
07241550,35.500278,-97.193611,2001-05-30 19:30:00,2001-05-31 07:30:00,176.9803,2001-05-31 00:30:00,5.0000
07241550,35.500278,-97.193611,2001-09-18 21:30:00,2001-09-18 23:00:00,138.4694,2001-09-18 23:00:00,1.5000
07241550,35.500278,-97.193611,2004-10-11 10:00:00,2004-10-11 13:00:00,129.9743,2004-10-11 11:00:00,1.0000
07241550,35.500278,-97.193611,2007-05-07 20:30:00,2007-05-12 10:00:00,334.1388,2007-05-09 09:00:00,36.5000
07241550,35.500278,-97.193611,2007-06-15 14:00:00,2007-06-16 07:00:00,188.0239,2007-06-15 23:00:00,9.0000
07241550,35.500278,-97.193611,2007-06-20 18:00:00,2007-06-21 09:30:00,165.3704,2007-06-21 02:30:00,8.5000
07241550,35.500278,-97.193611,2007-06-27 00:00:00,2007-07-04 15:30:00,379.4457,2007-06-30 16:30:00,88.5000
07241550,35.500278,-97.193611,2007-07-10 15:00:00,2007-07-11 18:30:00,278.9209,2007-07-11 02:30:00,11.5000
07241550,35.500278,-97.193611,2007-07-12 20:30:00,2007-07-17 04:00:00,342.6338,2007-07-14 02:00:00,29.5000
07241550,35.500278,-97.193611,2007-08-19 16:30:00,2007-08-25 08:00:00,509.7032,2007-08-23 08:00:00,87.5000
07241550,35.500278,-97.193611,2008-03-03 13:30:00,2008-03-03 23:00:00,166.7862,2008-03-03 19:00:00,5.5000
07241550,35.500278,-97.193611,2008-04-10 06:00:00,2008-04-13 07:00:00,314.3170,2008-04-10 22:30:00,16.5000
07241550,35.500278,-97.193611,2008-05-08 03:30:00,2008-05-09 00:30:00,187.1744,2008-05-08 11:00:00,7.5000
07241550,35.500278,-97.193611,2008-06-09 21:30:00,2008-06-10 11:30:00,221.4377,2008-06-10 02:00:00,4.5000
07241550,35.500278,-97.193611,2008-06-18 00:00:00,2008-06-18 10:30:00,154.3268,2008-06-18 03:30:00,3.5000
07241550,35.500278,-97.193611,2008-08-19 18:00:00,2008-08-22 02:00:00,255.9843,2008-08-20 07:30:00,13.5000
07241550,35.500278,-97.193611,2009-04-30 00:00:00,2009-04-30 05:30:00,151.4951,2009-04-30 01:30:00,1.5000
07241550,35.500278,-97.193611,2009-10-09 09:00:00,2009-10-09 16:30:00,156.0258,2009-10-09 12:30:00,3.5000
07241550,35.500278,-97.193611,2010-06-15 05:00:00,2010-06-17 02:00:00,492.7131,2010-06-15 14:00:00,9.0000
07241550,35.500278,-97.193611,2010-07-09 06:30:00,2010-07-09 22:30:00,238.9942,2010-07-09 12:00:00,5.5000
07241550,35.500278,-97.193611,2011-05-20 12:00:00,2011-05-21 10:00:00,267.3110,2011-05-20 22:30:00,10.5000
07241550,35.500278,-97.193611,2012-03-20 01:30:00,2012-03-20 15:00:00,207.5625,2012-03-20 05:30:00,4.0000
07241550,35.500278,-97.193611,2013-04-18 11:30:00,2013-04-18 20:30:00,176.1308,2013-04-18 15:00:00,3.5000
07241550,35.500278,-97.193611,2013-05-21 07:00:00,2013-05-21 10:30:00,143.2832,2013-05-21 08:30:00,1.5000
07241550,35.500278,-97.193611,2013-05-24 01:00:00,2013-05-24 10:00:00,174.4318,2013-05-24 04:00:00,3.0000
07241550,35.500278,-97.193611,2013-06-01 08:00:00,2013-06-07 09:30:00,540.8518,2013-06-01 15:00:00,7.0000
07241550,35.500278,-97.193611,2013-07-27 00:00:00,2013-07-27 10:00:00,153.4773,2013-07-27 04:00:00,4.0000
07241550,35.500278,-97.193611,2015-05-06 19:30:00,2015-05-11 07:00:00,402.0992,2015-05-08 00:00:00,28.5000
07241550,35.500278,-97.193611,2015-05-24 06:30:00,2015-05-25 04:30:00,362.4556,2015-05-24 19:30:00,13.0000
07241550,35.500278,-97.193611,2015-06-13 17:30:00,2015-06-14 01:00:00,148.3803,2015-06-13 20:00:00,2.5000
07241550,35.500278,-97.193611,2015-06-18 17:30:00,2015-06-18 23:30:00,135.0714,2015-06-18 19:00:00,1.5000
07241550,35.500278,-97.193611,2015-07-03 20:00:00,2015-07-03 23:30:00,130.8238,2015-07-03 22:00:00,2.0000
07241550,35.500278,-97.193611,2016-04-18 14:30:00,2016-04-19 01:30:00,156.3090,2016-04-18 20:00:00,5.5000
07063000,36.759446,-90.388056,1996-05-07 00:15:00,1996-05-07 13:30:00,150.0793,1996-05-07 06:15:00,6.0000
07063000,36.759446,-90.388056,1996-05-11 17:45:00,1996-05-12 17:45:00,170.1842,1996-05-12 05:30:00,11.7500
07063000,36.759446,-90.388056,1996-11-25 22:00:00,1996-11-27 10:30:00,208.1288,1996-11-26 15:30:00,17.5000
07063000,36.759446,-90.388056,1997-03-02 11:30:00,1997-03-03 07:45:00,163.3882,1997-03-02 21:00:00,9.5000
07063000,36.759446,-90.388056,1997-04-05 20:30:00,1997-04-07 11:30:00,223.7031,1997-04-06 12:30:00,15.0000
07063000,36.759446,-90.388056,1998-06-21 14:00:00,1998-06-21 16:00:00,143.2832,1998-06-21 15:00:00,1.0000
07063000,36.759446,-90.388056,1999-01-22 08:00:00,1999-01-23 23:30:00,222.0041,1999-01-22 19:00:00,11.0000
07063000,36.759446,-90.388056,1999-04-04 13:15:00,1999-04-05 04:30:00,154.0436,1999-04-04 19:30:00,6.2500
07063000,36.759446,-90.388056,1999-04-15 11:00:00,1999-04-16 20:45:00,194.5367,1999-04-16 03:45:00,16.7500
07063000,36.759446,-90.388056,2000-06-19 01:45:00,2000-06-19 15:15:00,156.0258,2000-06-19 08:15:00,6.5000
07063000,36.759446,-90.388056,2001-02-25 23:30:00,2001-02-26 14:15:00,152.3446,2001-02-26 05:30:00,6.0000
07063000,36.759446,-90.388056,2001-12-17 11:00:00,2001-12-19 03:00:00,200.2001,2001-12-18 04:45:00,17.7500
07063000,36.759446,-90.388056,2002-01-24 14:00:00,2002-01-24 19:00:00,145.5486,2002-01-24 16:00:00,2.0000
07063000,36.759446,-90.388056,2002-02-01 19:00:00,2002-02-02 00:15:00,144.4159,2002-02-01 21:30:00,2.5000
07063000,36.759446,-90.388056,2002-03-20 09:00:00,2002-03-21 23:30:00,184.0595,2002-03-21 02:00:00,17.0000
07063000,36.759446,-90.388056,2002-03-26 00:15:00,2002-03-27 17:00:00,191.7051,2002-03-26 17:00:00,16.7500
07063000,36.759446,-90.388056,2002-04-14 22:15:00,2002-04-15 04:45:00,148.6634,2002-04-15 04:15:00,6.0000
07063000,36.759446,-90.388056,2002-04-25 07:45:00,2002-04-25 18:15:00,152.9110,2002-04-25 12:15:00,4.5000
07063000,36.759446,-90.388056,2002-05-08 16:30:00,2002-05-11 11:15:00,373.7824,2002-05-09 22:30:00,30.0000
07063000,36.759446,-90.388056,2002-05-14 05:00:00,2002-05-15 10:00:00,200.7664,2002-05-14 13:30:00,8.5000
07063000,36.759446,-90.388056,2002-05-17 23:00:00,2002-05-19 13:30:00,192.5546,2002-05-18 16:15:00,17.2500
07063000,36.759446,-90.388056,2002-12-31 20:00:00,2003-01-01 16:45:00,165.0872,2003-01-01 04:15:00,8.2500
07063000,36.759446,-90.388056,2003-09-03 01:00:00,2003-09-03 17:00:00,174.4318,2003-09-03 07:00:00,6.0000
07063000,36.759446,-90.388056,2003-11-19 09:00:00,2003-11-20 16:30:00,182.9268,2003-11-19 23:45:00,14.7500
07063000,36.759446,-90.388056,2004-04-25 11:00:00,2004-04-26 08:30:00,168.4852,2004-04-25 19:45:00,8.7500
07063000,36.759446,-90.388056,2006-03-09 22:15:00,2006-03-11 14:30:00,219.1724,2006-03-10 11:45:00,13.5000
07063000,36.759446,-90.388056,2006-05-11 08:45:00,2006-05-11 16:15:00,145.2654,2006-05-11 11:45:00,3.0000
07063000,36.759446,-90.388056,2007-01-15 11:15:00,2007-01-16 18:30:00,166.7862,2007-01-16 00:45:00,13.5000
07063000,36.759446,-90.388056,2007-05-04 06:30:00,2007-05-06 09:00:00,255.7011,2007-05-05 03:30:00,21.0000
07063000,36.759446,-90.388056,2007-12-16 01:00:00,2007-12-16 19:45:00,150.9288,2007-12-16 08:15:00,7.2500
07063000,36.759446,-90.388056,2008-03-18 20:15:00,2008-03-22 19:45:00,1053.3867,2008-03-20 02:30:00,30.2500
07063000,36.759446,-90.388056,2008-03-31 08:45:00,2008-04-03 00:45:00,219.1724,2008-04-02 02:45:00,42.0000
07063000,36.759446,-90.388056,2008-04-04 05:30:00,2008-04-06 07:45:00,270.4259,2008-04-04 23:30:00,18.0000
07063000,36.759446,-90.388056,2008-04-10 22:00:00,2008-04-13 16:45:00,410.5943,2008-04-12 07:00:00,33.0000
07063000,36.759446,-90.388056,2008-05-02 21:45:00,2008-05-03 17:30:00,160.5565,2008-05-03 05:15:00,7.5000
07063000,36.759446,-90.388056,2009-02-11 17:45:00,2009-02-13 16:00:00,224.2694,2009-02-12 17:00:00,23.2500
07063000,36.759446,-90.388056,2009-10-30 11:30:00,2009-11-02 13:45:00,399.2675,2009-11-01 01:00:00,37.5000
07063000,36.759446,-90.388056,2009-12-25 00:30:00,2009-12-27 09:30:00,283.1685,2009-12-26 02:00:00,25.5000
07063000,36.759446,-90.388056,2011-04-23 12:15:00,2011-05-09 23:00:00,690.9311,2011-04-26 07:00:00,66.7500
07063000,36.759446,-90.388056,2011-05-26 10:30:00,2011-05-27 07:00:00,149.7961,2011-05-26 21:30:00,11.0000
07063000,36.759446,-90.388056,2011-12-05 23:45:00,2011-12-06 19:45:00,154.0436,2011-12-06 09:15:00,9.5000
07063000,36.759446,-90.388056,2013-01-13 12:45:00,2013-01-14 21:45:00,197.9348,2013-01-14 05:45:00,17.0000
07063000,36.759446,-90.388056,2013-05-04 02:00:00,2013-05-05 13:15:00,190.0060,2013-05-04 20:30:00,18.5000
07063000,36.759446,-90.388056,2013-06-01 22:45:00,2013-06-03 20:30:00,249.1883,2013-06-02 20:45:00,22.0000
07063000,36.759446,-90.388056,2013-12-21 18:00:00,2013-12-24 14:30:00,399.2675,2013-12-23 01:45:00,31.7500
07063000,36.759446,-90.388056,2014-04-28 11:45:00,2014-04-30 15:00:00,286.0002,2014-04-29 11:45:00,24.0000
07063000,36.759446,-90.388056,2015-01-04 01:15:00,2015-01-04 21:45:00,160.2734,2015-01-04 12:30:00,11.2500
07063000,36.759446,-90.388056,2015-03-13 18:00:00,2015-03-16 16:45:00,283.1685,2015-03-15 04:15:00,34.2500
07063000,36.759446,-90.388056,2015-03-26 21:00:00,2015-03-28 01:45:00,177.5466,2015-03-27 09:00:00,12.0000
07063000,36.759446,-90.388056,2015-04-03 17:30:00,2015-04-05 00:45:00,172.4496,2015-04-04 11:00:00,17.5000
07063000,36.759446,-90.388056,2015-11-18 12:00:00,2015-11-20 03:45:00,211.8100,2015-11-19 03:30:00,15.5000
07063000,36.759446,-90.388056,2015-11-28 10:45:00,2015-11-30 03:45:00,190.0060,2015-11-29 06:15:00,19.5000
07063000,36.759446,-90.388056,2015-12-27 02:45:00,2015-12-31 22:15:00,390.7725,2015-12-30 02:00:00,71.2500
07063000,36.759446,-90.388056,2016-05-27 17:15:00,2016-05-29 03:00:00,180.6615,2016-05-28 10:00:00,16.7500
07064000,36.401944,-90.541389,1987-12-27 09:00:00,1987-12-31 21:00:00,325.6437,1987-12-29 00:00:00,39.0000
07064000,36.401944,-90.541389,1990-02-17 04:01:00,1990-02-20 01:01:00,288.8318,1990-02-18 05:01:00,25.0000
07064000,36.401944,-90.541389,1990-12-23 05:00:00,1990-12-26 18:00:00,317.1487,1990-12-24 16:00:00,35.0000
07064000,36.401944,-90.541389,1990-12-31 07:00:00,1991-01-03 23:00:00,300.1586,1991-01-01 22:00:00,39.0000
07064000,36.401944,-90.541389,1991-01-07 20:00:00,1991-01-10 13:00:00,252.0199,1991-01-08 15:59:00,19.9833
07064000,36.401944,-90.541389,1991-01-12 07:59:00,1991-01-14 10:00:00,233.8972,1991-01-13 05:59:00,22.0000
07064000,36.401944,-90.541389,1991-04-15 09:00:00,1991-04-21 23:00:00,376.6141,1991-04-17 08:00:00,47.0000
07064000,36.401944,-90.541389,1991-05-01 00:00:00,1991-05-01 17:00:00,212.3763,1991-05-01 04:00:00,4.0000
07064000,36.401944,-90.541389,1991-11-22 15:59:00,1991-11-24 16:59:00,256.8338,1991-11-23 09:45:00,17.7667
07064000,36.401944,-90.541389,1991-12-04 14:59:00,1991-12-05 13:59:00,218.6061,1991-12-04 22:59:00,8.0000
07064000,36.401944,-90.541389,1993-01-06 18:00:00,1993-01-09 18:00:00,319.9804,1993-01-08 04:00:00,34.0000
07064000,36.401944,-90.541389,1993-05-06 07:00:00,1993-05-06 12:00:00,213.5090,1993-05-06 10:00:00,3.0000
07064000,36.401944,-90.541389,1994-01-27 22:00:00,1994-02-02 06:00:00,393.6042,1994-01-30 06:00:00,56.0000
07064000,36.401944,-90.541389,1994-04-30 00:00:00,1994-05-04 18:00:00,274.1071,1994-05-02 14:00:00,62.0000
07064000,36.401944,-90.541389,1996-05-09 00:00:00,1996-05-10 02:00:00,219.7387,1996-05-09 13:00:00,13.0000
07064000,36.401944,-90.541389,1996-05-13 00:00:00,1996-05-13 17:00:00,212.3763,1996-05-13 06:00:00,6.0000
07064000,36.401944,-90.541389,1997-03-04 06:00:00,1997-03-06 05:00:00,288.8318,1997-03-04 15:00:00,9.0000
07064000,36.401944,-90.541389,1997-04-07 09:00:00,1997-04-08 04:00:00,274.1071,1997-04-08 04:00:00,19.0000
07064000,36.401944,-90.541389,1999-01-23 22:00:00,1999-01-27 20:00:00,362.4556,1999-01-25 06:00:00,32.0000
07064000,36.401944,-90.541389,1999-04-06 02:00:00,1999-04-08 18:00:00,254.5685,1999-04-07 08:00:00,30.0000
07064000,36.401944,-90.541389,1999-04-16 14:00:00,1999-04-19 03:00:00,257.9665,1999-04-17 15:00:00,25.0000
07064000,36.401944,-90.541389,2001-12-18 07:00:00,2001-12-24 07:00:00,402.0992,2001-12-20 13:00:00,54.0000
07064000,36.401944,-90.541389,2002-01-26 17:00:00,2002-01-28 01:00:00,238.4278,2002-01-27 05:00:00,12.0000
07064000,36.401944,-90.541389,2002-02-03 10:00:00,2002-02-04 09:00:00,220.3051,2002-02-03 19:00:00,9.0000
07064000,36.401944,-90.541389,2002-03-21 12:00:00,2002-03-24 20:00:00,286.0002,2002-03-22 20:00:00,32.0000
07064000,36.401944,-90.541389,2002-03-26 20:00:00,2002-03-31 16:00:00,353.9606,2002-03-28 14:00:00,42.0000
07064000,36.401944,-90.541389,2002-05-10 19:00:00,2002-05-22 05:00:00,268.1605,2002-05-15 19:00:00,120.0000
07064000,36.401944,-90.541389,2003-01-02 11:00:00,2003-01-05 21:00:00,305.8219,2003-01-03 08:00:00,21.0000
07064000,36.401944,-90.541389,2003-09-05 18:00:00,2003-09-06 22:00:00,228.2338,2003-09-06 05:00:00,11.0000
07064000,36.401944,-90.541389,2005-01-15 05:00:00,2005-01-16 18:00:00,229.3665,2005-01-15 18:00:00,13.0000
07064000,36.401944,-90.541389,2006-03-12 02:00:00,2006-03-16 12:00:00,353.9606,2006-03-13 13:00:00,35.0000
07064000,36.401944,-90.541389,2006-09-25 02:00:00,2006-09-28 04:00:00,273.8239,2006-09-25 20:00:00,18.0000
07064000,36.401944,-90.541389,2007-01-16 00:00:00,2007-01-21 01:00:00,362.4556,2007-01-17 23:00:00,47.0000
07064000,36.401944,-90.541389,2007-02-15 20:00:00,2007-02-16 05:00:00,237.5783,2007-02-16 04:00:00,8.0000
07064000,36.401944,-90.541389,2007-05-06 00:00:00,2007-05-09 09:00:00,317.1487,2007-05-07 09:00:00,33.0000
07064000,36.401944,-90.541389,2007-12-17 18:00:00,2007-12-19 17:00:00,231.0655,2007-12-18 06:00:00,12.0000
07064000,36.401944,-90.541389,2008-03-05 16:00:00,2008-03-07 07:00:00,228.5170,2008-03-06 07:00:00,15.0000
07064000,36.401944,-90.541389,2008-03-20 06:00:00,2008-04-17 02:00:00,767.3865,2008-03-22 11:00:00,53.0000
07064000,36.401944,-90.541389,2008-05-04 15:00:00,2008-05-05 07:00:00,212.3763,2008-05-04 18:00:00,3.0000
07064000,36.401944,-90.541389,2009-02-14 14:00:00,2009-02-17 06:00:00,248.3387,2009-02-15 11:00:00,21.0000
07064000,36.401944,-90.541389,2009-05-02 22:00:00,2009-05-07 22:00:00,258.8160,2009-05-05 03:45:00,53.7500
07064000,36.401944,-90.541389,2009-05-10 05:30:00,2009-05-13 00:45:00,233.3308,2009-05-11 06:30:00,25.0000
07064000,36.401944,-90.541389,2009-06-18 11:45:00,2009-06-19 04:15:00,212.3763,2009-06-18 17:30:00,5.7500
07064000,36.401944,-90.541389,2009-10-31 10:30:00,2009-11-08 14:00:00,410.5943,2009-11-03 10:15:00,72.7500
07064000,36.401944,-90.541389,2009-12-26 17:30:00,2010-01-02 11:00:00,396.4359,2009-12-28 16:45:00,47.2500
07064000,36.401944,-90.541389,2011-04-25 04:00:00,2011-05-15 03:15:00,1152.4957,2011-04-28 16:00:00,84.0000
07064000,36.401944,-90.541389,2011-12-07 06:30:00,2011-12-10 07:15:00,253.4358,2011-12-08 12:15:00,29.7500
07064000,36.401944,-90.541389,2013-01-15 22:30:00,2013-01-18 07:30:00,255.9843,2013-01-16 17:00:00,18.5000
07064000,36.401944,-90.541389,2013-05-05 13:00:00,2013-05-08 16:00:00,252.0199,2013-05-06 19:30:00,30.5000
07064000,36.401944,-90.541389,2013-06-03 23:45:00,2013-06-06 12:15:00,241.5427,2013-06-04 18:45:00,19.0000
07064000,36.401944,-90.541389,2013-12-23 14:30:00,2013-12-29 00:30:00,419.0893,2013-12-25 16:15:00,49.7500
07064000,36.401944,-90.541389,2014-04-30 00:30:00,2014-05-04 11:45:00,345.4655,2014-05-01 16:45:00,40.2500
07064000,36.401944,-90.541389,2015-01-06 06:15:00,2015-01-07 19:45:00,227.6674,2015-01-06 18:45:00,12.5000
07064000,36.401944,-90.541389,2015-03-06 23:15:00,2015-03-07 22:00:00,215.2080,2015-03-07 07:15:00,8.0000
07064000,36.401944,-90.541389,2015-03-14 14:45:00,2015-03-19 22:30:00,336.9705,2015-03-17 01:45:00,59.0000
07064000,36.401944,-90.541389,2015-04-04 23:45:00,2015-04-06 20:00:00,221.7209,2015-04-05 15:45:00,16.0000
07064000,36.401944,-90.541389,2015-11-20 10:00:00,2015-11-23 17:00:00,334.1388,2015-11-21 07:15:00,21.2500
07064000,36.401944,-90.541389,2015-11-29 14:30:00,2015-12-03 09:30:00,356.7923,2015-12-01 00:00:00,33.5000
07064000,36.401944,-90.541389,2015-12-28 13:30:00,2016-01-04 22:15:00,529.5250,2015-12-31 20:15:00,78.7500
07064000,36.401944,-90.541389,2016-05-28 13:00:00,2016-06-01 05:15:00,342.6338,2016-05-29 19:45:00,30.7500
07072000,36.346667,-91.113889,1987-12-26 13:30:00,1987-12-27 03:30:00,243.5249,1987-12-26 21:00:00,7.5000
07072000,36.346667,-91.113889,1988-03-30 16:00:00,1988-03-31 11:00:00,254.0021,1988-03-31 03:00:00,11.0000
07072000,36.346667,-91.113889,1991-04-14 05:00:00,1991-04-16 06:00:00,453.0695,1991-04-15 12:00:00,31.0000
07072000,36.346667,-91.113889,1991-04-30 04:00:00,1991-04-30 19:00:00,241.2595,1991-04-30 14:00:00,10.0000
07072000,36.346667,-91.113889,1991-11-20 03:00:00,1991-11-21 03:45:00,512.5349,1991-11-20 09:45:00,6.7500
07072000,36.346667,-91.113889,1992-04-20 16:00:00,1992-04-22 06:00:00,450.2379,1992-04-21 15:00:00,23.0000
07072000,36.346667,-91.113889,1993-11-15 17:00:00,1993-11-16 05:00:00,962.7728,1993-11-16 03:00:00,10.0000
07072000,36.346667,-91.113889,1994-01-28 06:00:00,1994-01-28 14:00:00,234.7467,1994-01-28 08:00:00,2.0000
07072000,36.346667,-91.113889,1994-04-12 22:00:00,1994-04-14 09:00:00,436.0794,1994-04-13 17:00:00,19.0000
07072000,36.346667,-91.113889,1994-04-30 19:00:00,1994-05-02 02:00:00,246.6397,1994-05-01 19:00:00,24.0000
07072000,36.346667,-91.113889,2002-01-24 09:00:00,2002-01-24 11:00:00,277.2219,2002-01-24 11:00:00,2.0000
07072000,36.346667,-91.113889,2002-04-14 23:00:00,2002-04-15 21:00:00,297.3269,2002-04-15 07:00:00,8.0000
07072000,36.346667,-91.113889,2002-05-09 08:00:00,2002-05-10 19:00:00,722.0796,2002-05-09 23:00:00,15.0000
07072000,36.346667,-91.113889,2002-05-14 09:00:00,2002-05-15 00:00:00,266.4615,2002-05-14 17:00:00,8.0000
07072000,36.346667,-91.113889,2002-05-18 05:00:00,2002-05-19 03:00:00,255.4180,2002-05-18 16:00:00,11.0000
07072000,36.346667,-91.113889,2002-12-31 17:00:00,2002-12-31 20:00:00,229.9328,2002-12-31 18:00:00,1.0000
07072000,36.346667,-91.113889,2003-11-18 20:00:00,2003-11-20 00:00:00,238.4278,2003-11-19 11:00:00,15.0000
07072000,36.346667,-91.113889,2004-04-25 17:00:00,2004-04-26 19:00:00,413.4260,2004-04-26 08:00:00,15.0000
07072000,36.346667,-91.113889,2004-05-14 10:00:00,2004-05-14 14:00:00,236.7288,2004-05-14 12:00:00,2.0000
07072000,36.346667,-91.113889,2006-03-09 23:00:00,2006-03-10 03:00:00,238.7110,2006-03-10 00:00:00,1.0000
07072000,36.346667,-91.113889,2006-09-23 08:00:00,2006-09-24 05:00:00,1421.5057,2006-09-23 14:00:00,6.0000
07072000,36.346667,-91.113889,2006-12-02 08:00:00,2006-12-03 04:00:00,314.3170,2006-12-02 22:00:00,14.0000
07072000,36.346667,-91.113889,2007-01-15 07:00:00,2007-01-16 01:00:00,275.2397,2007-01-15 15:00:00,8.0000
07072000,36.346667,-91.113889,2007-02-13 13:00:00,2007-02-14 08:00:00,269.2932,2007-02-13 21:00:00,8.0000
07072000,36.346667,-91.113889,2008-03-18 22:00:00,2008-03-19 04:45:00,798.5351,2008-03-19 04:45:00,6.7500
07072000,36.346667,-91.113889,2008-03-31 15:30:00,2008-04-05 22:30:00,484.2181,2008-04-01 08:15:00,16.7500
07072000,36.346667,-91.113889,2008-04-10 13:30:00,2008-04-13 02:45:00,1234.6145,2008-04-11 18:15:00,28.7500
07072000,36.346667,-91.113889,2009-02-11 18:30:00,2009-02-11 21:15:00,227.6674,2009-02-11 20:00:00,1.5000
07072000,36.346667,-91.113889,2009-05-09 13:45:00,2009-05-10 05:00:00,382.2774,2009-05-09 23:30:00,9.7500
07072000,36.346667,-91.113889,2009-10-09 17:00:00,2009-10-10 07:00:00,246.6397,2009-10-09 22:30:00,5.5000
07072000,36.346667,-91.113889,2009-10-24 02:00:00,2009-10-24 16:45:00,258.5328,2009-10-24 08:45:00,6.7500
07072000,36.346667,-91.113889,2009-10-30 09:00:00,2009-11-01 17:45:00,900.4757,2009-10-31 10:45:00,25.7500
07072000,36.346667,-91.113889,2009-12-24 18:30:00,2009-12-25 14:45:00,283.1685,2009-12-25 00:30:00,6.0000
07072000,36.346667,-91.113889,2011-04-24 07:15:00,2011-04-26 04:45:00,1809.4465,2011-04-26 04:45:00,45.5000
07072000,36.346667,-91.113889,2011-04-27 05:00:00,2011-04-30 03:45:00,1404.5156,2011-04-27 09:15:00,4.2500
07072000,36.346667,-91.113889,2011-05-01 05:30:00,2011-05-05 06:00:00,1081.7035,2011-05-03 00:30:00,43.0000
07072000,36.346667,-91.113889,2013-12-21 15:15:00,2013-12-22 23:45:00,424.7527,2013-12-21 22:00:00,6.7500
07072000,36.346667,-91.113889,2014-04-28 05:30:00,2014-04-29 04:30:00,889.1490,2014-04-28 14:00:00,8.5000
07072000,36.346667,-91.113889,2015-01-03 15:00:00,2015-01-04 00:00:00,268.7269,2015-01-03 19:00:00,4.0000
07072000,36.346667,-91.113889,2015-03-13 19:30:00,2015-03-15 20:15:00,421.9210,2015-03-14 06:45:00,11.2500
07072000,36.346667,-91.113889,2015-11-18 04:15:00,2015-11-19 10:45:00,328.4754,2015-11-19 02:15:00,22.0000
07072000,36.346667,-91.113889,2015-12-27 15:45:00,2015-12-30 22:00:00,787.2083,2015-12-29 09:45:00,42.0000
07072000,36.346667,-91.113889,2016-05-25 04:15:00,2016-05-26 05:30:00,334.1388,2016-05-25 14:30:00,10.2500
07072000,36.346667,-91.113889,2016-05-27 16:00:00,2016-05-29 08:00:00,506.8716,2016-05-28 08:15:00,16.2500
07072500,36.102500,-91.097778,1987-12-25 11:00:00,1988-01-12 10:00:00,1010.9114,1987-12-27 19:00:00,56.0000
07072500,36.102500,-91.097778,1988-01-17 16:00:00,1988-01-31 08:00:00,603.1488,1988-01-21 06:00:00,86.0000
07072500,36.102500,-91.097778,1988-02-02 12:00:00,1988-02-06 22:00:00,407.7626,1988-02-03 09:00:00,21.0000
07072500,36.102500,-91.097778,1988-03-04 23:00:00,1988-03-09 10:00:00,373.7824,1988-03-07 08:00:00,57.0000
07072500,36.102500,-91.097778,1988-03-13 08:00:00,1988-03-15 09:00:00,365.2873,1988-03-13 22:00:00,14.0000
07072500,36.102500,-91.097778,1988-03-18 22:00:00,1988-03-27 05:00:00,427.5844,1988-03-21 06:00:00,56.0000
07072500,36.102500,-91.097778,1988-03-30 07:00:00,1988-04-15 07:00:00,671.1093,1988-04-03 22:00:00,110.0000
07072500,36.102500,-91.097778,1988-04-18 17:00:00,1988-04-21 10:00:00,370.9507,1988-04-19 12:00:00,19.0000
07072500,36.102500,-91.097778,1990-03-08 12:45:00,1990-03-13 13:00:00,458.7329,1990-03-09 09:00:00,20.2500
07072500,36.102500,-91.097778,1990-03-15 11:00:00,1990-03-23 03:00:00,481.3864,1990-03-16 22:00:00,35.0000
07072500,36.102500,-91.097778,1990-03-30 16:00:00,1990-04-11 04:15:00,605.9805,1990-03-31 16:00:00,24.0000
07072500,36.102500,-91.097778,1991-03-22 21:00:00,1991-04-03 01:00:00,645.6241,1991-03-24 03:00:00,30.0000
07072500,36.102500,-91.097778,1991-10-30 19:00:00,1991-11-01 00:00:00,399.2675,1991-10-31 03:00:00,8.0000
07072500,36.102500,-91.097778,1991-12-23 17:00:00,1991-12-25 23:00:00,359.6240,1991-12-23 22:00:00,5.0000
07072500,36.102500,-91.097778,1992-04-20 17:00:00,1992-05-05 06:00:00,951.4460,1992-04-22 10:00:00,41.0000
07072500,36.102500,-91.097778,1992-11-23 04:00:00,1992-11-28 04:00:00,387.9408,1992-11-23 10:00:00,6.0000
07072500,36.102500,-91.097778,1993-10-01 06:00:00,1993-10-06 05:00:00,506.8716,1993-10-01 16:00:00,10.0000
07072500,36.102500,-91.097778,1993-11-17 06:00:00,1993-12-20 16:00:00,1234.6145,1993-11-19 23:00:00,65.0000
07072500,36.102500,-91.097778,1994-01-25 15:00:00,1994-02-03 05:00:00,979.7629,1994-01-29 03:00:00,84.0000
07072500,36.102500,-91.097778,1994-02-21 00:00:00,1994-03-25 12:00:00,744.7331,1994-02-24 09:00:00,81.0000
07072500,36.102500,-91.097778,1994-03-27 10:00:00,1994-04-04 05:00:00,472.8913,1994-03-28 17:00:00,31.0000
07072500,36.102500,-91.097778,1994-04-07 04:00:00,1994-05-21 03:00:00,1084.5352,1994-04-14 09:00:00,173.0000
07072500,36.102500,-91.097778,1994-11-05 19:00:00,1994-11-24 19:00:00,1149.6640,1994-11-07 13:00:00,42.0000
07072500,36.102500,-91.097778,1994-11-27 23:00:00,1994-12-02 10:00:00,464.3963,1994-11-28 16:00:00,17.0000
07072500,36.102500,-91.097778,1994-12-09 19:00:00,1994-12-21 05:00:00,563.5052,1994-12-11 00:00:00,29.0000
07072500,36.102500,-91.097778,1995-01-19 03:00:00,1995-02-02 15:00:00,484.2181,1995-01-21 04:00:00,49.0000
07072500,36.102500,-91.097778,1995-02-17 06:00:00,1995-02-19 18:00:00,387.9408,1995-02-17 21:00:00,15.0000
07072500,36.102500,-91.097778,1995-03-03 02:00:00,1995-03-04 07:00:00,362.4556,1995-03-03 09:00:00,7.0000
07072500,36.102500,-91.097778,1995-03-07 23:00:00,1995-03-20 13:00:00,566.3369,1995-03-09 04:00:00,29.0000
07072500,36.102500,-91.097778,1995-05-01 13:00:00,1995-05-22 08:00:00,719.2479,1995-05-02 23:00:00,34.0000
07072500,36.102500,-91.097778,1995-06-13 21:00:00,1995-06-16 02:00:00,370.9507,1995-06-14 16:00:00,19.0000
07072500,36.102500,-91.097778,1995-08-08 04:00:00,1995-08-08 07:00:00,362.4556,1995-08-08 05:00:00,1.0000
07072500,36.102500,-91.097778,1996-09-28 06:00:00,1996-09-29 11:00:00,413.4260,1996-09-28 15:00:00,9.0000
07072500,36.102500,-91.097778,1996-11-08 03:00:00,1996-11-13 14:00:00,506.8716,1996-11-09 01:00:00,22.0000
07072500,36.102500,-91.097778,1996-11-25 07:00:00,1996-12-30 18:00:00,843.8420,1996-11-26 18:00:00,35.0000
07072500,36.102500,-91.097778,1997-02-04 13:00:00,1997-02-10 16:00:00,413.4260,1997-02-05 16:00:00,27.0000
07072500,36.102500,-91.097778,1997-04-05 04:00:00,1997-04-26 01:00:00,1639.5454,1997-04-06 17:00:00,36.0000
07072500,36.102500,-91.097778,1997-05-27 17:00:00,1997-05-29 14:00:00,404.9309,1997-05-28 23:00:00,30.0000
07072500,36.102500,-91.097778,1997-06-02 23:00:00,1997-06-06 07:00:00,396.4359,1997-06-04 08:00:00,33.0000
07072500,36.102500,-91.097778,1998-01-09 07:00:00,1998-01-10 08:00:00,368.1190,1998-01-09 15:00:00,8.0000
07072500,36.102500,-91.097778,1998-03-08 10:00:00,1998-03-17 02:00:00,566.3369,1998-03-10 00:00:00,38.0000
07072500,36.102500,-91.097778,1998-03-18 13:00:00,1998-04-13 22:00:00,874.9906,1998-03-21 17:00:00,76.0000
07072500,36.102500,-91.097778,1998-04-16 09:00:00,1998-04-22 21:00:00,433.2478,1998-04-17 19:00:00,34.0000
07072500,36.102500,-91.097778,1998-06-24 12:00:00,1998-06-27 00:00:00,393.6042,1998-06-25 18:00:00,30.0000
07072500,36.102500,-91.097778,1998-07-31 12:00:00,1998-08-07 00:00:00,419.0893,1998-08-02 15:00:00,51.0000
07072500,36.102500,-91.097778,1999-03-19 20:00:00,1999-03-25 12:00:00,402.0992,1999-03-22 11:00:00,63.0000
07072500,36.102500,-91.097778,1999-05-06 00:00:00,1999-05-11 06:00:00,393.6042,1999-05-08 13:00:00,61.0000
07072500,36.102500,-91.097778,2000-01-03 11:00:00,2000-01-07 05:00:00,489.8814,2000-01-04 02:00:00,15.0000
07072500,36.102500,-91.097778,2000-02-27 02:00:00,2000-03-03 05:00:00,472.8913,2000-02-27 15:00:00,13.0000
07072500,36.102500,-91.097778,2000-05-27 13:00:00,2000-06-01 22:00:00,682.4360,2000-05-28 14:00:00,25.0000
07072500,36.102500,-91.097778,2001-02-15 15:00:00,2001-02-22 21:00:00,637.1290,2001-02-17 12:00:00,45.0000
07072500,36.102500,-91.097778,2001-02-25 11:00:00,2001-03-07 11:00:00,484.2181,2001-03-01 11:00:00,96.0000
07072500,36.102500,-91.097778,2001-12-16 14:00:00,2002-01-01 15:00:00,1203.4660,2001-12-18 07:00:00,41.0000
07072500,36.102500,-91.097778,2002-01-24 17:00:00,2002-01-29 07:00:00,569.1686,2002-01-25 05:00:00,12.0000
07072500,36.102500,-91.097778,2002-01-31 21:00:00,2002-02-13 04:00:00,843.8420,2002-02-02 13:00:00,40.0000
07072500,36.102500,-91.097778,2002-06-10 20:00:00,2002-06-12 15:00:00,382.2774,2002-06-11 06:00:00,10.0000
07072500,36.102500,-91.097778,2002-07-19 15:00:00,2002-07-22 12:00:00,580.4954,2002-07-20 05:00:00,14.0000
07072500,36.102500,-91.097778,2002-12-31 15:00:00,2003-01-12 13:00:00,713.5845,2003-01-01 14:00:00,23.0000
07072500,36.102500,-91.097778,2003-02-22 12:00:00,2003-03-02 05:00:00,484.2181,2003-02-23 19:00:00,31.0000
07072500,36.102500,-91.097778,2003-05-17 15:00:00,2003-05-21 23:00:00,424.7527,2003-05-18 17:00:00,26.0000
07072500,36.102500,-91.097778,2003-09-03 00:00:00,2003-09-05 07:00:00,529.5250,2003-09-03 09:00:00,9.0000
07072500,36.102500,-91.097778,2003-11-19 03:00:00,2003-11-30 14:00:00,824.0202,2003-11-20 05:00:00,26.0000
07072500,36.102500,-91.097778,2003-12-10 16:00:00,2003-12-16 09:00:00,441.7428,2003-12-11 05:00:00,13.0000
07072500,36.102500,-91.097778,2003-12-29 21:00:00,2004-01-02 07:00:00,424.7527,2003-12-30 11:00:00,14.0000
07072500,36.102500,-91.097778,2004-03-05 21:00:00,2004-03-12 18:00:00,450.2379,2004-03-09 05:00:00,80.0000
07072500,36.102500,-91.097778,2004-04-23 19:00:00,2004-05-23 23:00:00,1076.0402,2004-04-27 05:00:00,82.0000
07072500,36.102500,-91.097778,2004-11-30 20:00:00,2004-12-14 19:00:00,481.3864,2004-12-08 11:00:00,183.0000
07072500,36.102500,-91.097778,2005-03-28 02:00:00,2005-04-01 01:00:00,472.8913,2005-03-28 20:00:00,18.0000
07072500,36.102500,-91.097778,2005-04-12 08:00:00,2005-04-14 23:00:00,396.4359,2005-04-13 01:00:00,17.0000
07072500,36.102500,-91.097778,2006-03-10 01:00:00,2006-03-14 05:00:00,631.4657,2006-03-10 18:00:00,17.0000
07072500,36.102500,-91.097778,2006-03-16 06:00:00,2006-03-28 14:00:00,600.3171,2006-03-18 11:00:00,53.0000
07072500,36.102500,-91.097778,2006-05-05 11:00:00,2006-05-09 08:00:00,404.9309,2006-05-06 15:00:00,28.0000
07072500,36.102500,-91.097778,2006-05-11 05:00:00,2006-05-19 16:00:00,461.5646,2006-05-15 08:00:00,99.0000
07072500,36.102500,-91.097778,2006-09-23 17:00:00,2006-10-05 18:00:00,1526.2780,2006-09-24 17:00:00,24.0000
07072500,36.102500,-91.097778,2006-10-18 03:00:00,2006-10-18 22:00:00,370.9507,2006-10-18 11:00:00,8.0000
07072500,36.102500,-91.097778,2006-10-28 05:00:00,2006-11-02 04:00:00,523.8617,2006-10-28 18:00:00,13.0000
07072500,36.102500,-91.097778,2006-11-07 02:00:00,2006-11-12 05:00:00,455.9012,2006-11-07 22:00:00,20.0000
07072500,36.102500,-91.097778,2006-11-15 22:00:00,2006-11-23 23:00:00,758.8915,2006-11-17 15:00:00,41.0000
07072500,36.102500,-91.097778,2006-12-01 14:00:00,2006-12-18 01:00:00,829.6836,2006-12-03 11:00:00,45.0000
07072500,36.102500,-91.097778,2006-12-22 07:00:00,2006-12-24 10:00:00,362.4556,2006-12-22 15:00:00,8.0000
07072500,36.102500,-91.097778,2006-12-26 01:00:00,2006-12-29 09:00:00,393.6042,2006-12-27 01:00:00,24.0000
07072500,36.102500,-91.097778,2006-12-31 06:00:00,2007-01-08 08:00:00,538.0201,2007-01-01 06:00:00,24.0000
07072500,36.102500,-91.097778,2007-01-14 01:00:00,2007-02-05 22:00:00,1529.1097,2007-01-16 11:00:00,58.0000
07072500,36.102500,-91.097778,2007-02-13 13:00:00,2007-02-16 05:00:00,999.5847,2007-02-14 23:00:00,34.0000
07072500,36.102500,-91.097778,2007-04-16 12:00:00,2007-04-21 14:00:00,416.2576,2007-04-18 15:00:00,51.0000
07072500,36.102500,-91.097778,2007-05-04 02:00:00,2007-05-22 13:00:00,727.7430,2007-05-12 09:00:00,199.0000
07072500,36.102500,-91.097778,2007-07-02 06:00:00,2007-07-03 20:00:00,427.5844,2007-07-03 04:00:00,22.0000
07072500,36.102500,-91.097778,2007-12-16 00:00:00,2007-12-19 04:00:00,478.5547,2007-12-16 13:00:00,13.0000
07072500,36.102500,-91.097778,2008-02-12 19:00:00,2008-02-16 08:00:00,489.8814,2008-02-13 05:00:00,10.0000
07072500,36.102500,-91.097778,2008-04-30 05:00:00,2008-05-27 12:00:00,597.4855,2008-05-03 15:00:00,82.0000
07072500,36.102500,-91.097778,2009-02-11 14:00:00,2009-02-23 04:00:00,693.7627,2009-02-12 12:00:00,22.0000
07072500,36.102500,-91.097778,2009-04-20 02:30:00,2009-04-26 13:15:00,396.4359,2009-04-23 22:45:00,92.2500
07072500,36.102500,-91.097778,2009-06-16 12:00:00,2009-06-23 09:00:00,410.5943,2009-06-20 06:00:00,90.0000
07072500,36.102500,-91.097778,2009-10-09 21:45:00,2009-10-18 12:30:00,747.5648,2009-10-11 01:45:00,28.0000
07072500,36.102500,-91.097778,2009-12-09 08:45:00,2009-12-15 00:00:00,396.4359,2009-12-10 07:30:00,22.7500
07072500,36.102500,-91.097778,2009-12-24 11:00:00,2010-01-05 05:45:00,1486.6344,2009-12-26 03:15:00,40.2500
07072500,36.102500,-91.097778,2010-03-11 15:30:00,2010-03-14 21:00:00,467.2280,2010-03-12 01:00:00,9.5000
07072500,36.102500,-91.097778,2010-04-24 08:45:00,2010-05-08 19:00:00,622.9706,2010-04-25 22:15:00,37.5000
07072500,36.102500,-91.097778,2010-05-11 03:00:00,2010-05-13 02:45:00,393.6042,2010-05-11 16:30:00,13.5000
07072500,36.102500,-91.097778,2010-05-16 16:15:00,2010-05-18 23:00:00,379.4457,2010-05-17 06:15:00,14.0000
07072500,36.102500,-91.097778,2010-05-20 13:30:00,2010-05-30 00:00:00,620.1389,2010-05-22 02:00:00,36.5000
07072500,36.102500,-91.097778,2011-02-25 03:00:00,2011-03-02 22:30:00,526.6933,2011-02-25 12:30:00,9.5000
07072500,36.102500,-91.097778,2011-03-09 04:15:00,2011-03-21 13:45:00,444.5745,2011-03-10 13:00:00,32.7500
07072500,36.102500,-91.097778,2011-04-16 16:30:00,2011-04-17 08:45:00,359.6240,2011-04-16 23:45:00,7.2500
07072500,36.102500,-91.097778,2011-04-24 09:15:00,2011-06-10 02:15:00,4870.4976,2011-04-27 00:30:00,63.2500
07072500,36.102500,-91.097778,2011-07-09 01:15:00,2011-07-09 18:45:00,390.7725,2011-07-09 08:15:00,7.0000
07072500,36.102500,-91.097778,2011-11-16 06:15:00,2011-11-17 23:45:00,404.9309,2011-11-16 20:45:00,14.5000
07072500,36.102500,-91.097778,2011-11-22 14:30:00,2011-12-02 23:15:00,597.4855,2011-11-23 11:45:00,21.2500
07072500,36.102500,-91.097778,2011-12-04 23:45:00,2011-12-25 15:00:00,821.1886,2011-12-06 14:30:00,38.7500
07072500,36.102500,-91.097778,2011-12-27 14:15:00,2012-01-02 11:45:00,450.2379,2011-12-28 19:30:00,29.2500
07072500,36.102500,-91.097778,2012-02-04 13:15:00,2012-02-11 01:45:00,518.1983,2012-02-05 18:45:00,29.5000
07072500,36.102500,-91.097778,2012-03-09 11:45:00,2012-03-11 02:15:00,379.4457,2012-03-10 00:00:00,12.2500
07072500,36.102500,-91.097778,2012-03-17 14:00:00,2012-03-21 04:45:00,379.4457,2012-03-18 23:00:00,33.0000
07072500,36.102500,-91.097778,2013-01-13 09:45:00,2013-01-20 13:30:00,716.4162,2013-01-14 06:45:00,21.0000
07072500,36.102500,-91.097778,2013-02-26 13:30:00,2013-03-05 23:15:00,489.8814,2013-02-27 18:00:00,28.5000
07072500,36.102500,-91.097778,2013-04-11 16:45:00,2013-04-13 11:15:00,387.9408,2013-04-12 09:15:00,16.5000
07072500,36.102500,-91.097778,2013-04-19 11:00:00,2013-04-25 04:45:00,433.2478,2013-04-23 07:30:00,92.5000
07072500,36.102500,-91.097778,2013-04-28 05:00:00,2013-04-29 04:45:00,566.3369,2013-04-29 04:30:00,23.5000
07072500,36.102500,-91.097778,2013-05-01 05:00:00,2013-05-20 17:45:00,764.5549,2013-05-09 06:00:00,193.0000
07072500,36.102500,-91.097778,2013-06-02 12:30:00,2013-06-16 10:15:00,574.8320,2013-06-08 20:15:00,151.7500
07072500,36.102500,-91.097778,2013-08-09 12:30:00,2013-08-20 09:00:00,645.6241,2013-08-13 01:15:00,84.7500
07072500,36.102500,-91.097778,2013-12-21 19:15:00,2014-01-08 12:15:00,1206.2977,2013-12-23 07:45:00,36.5000
07072500,36.102500,-91.097778,2014-01-11 08:45:00,2014-01-21 02:30:00,509.7032,2014-01-12 21:00:00,36.2500
07072500,36.102500,-91.097778,2014-03-17 01:30:00,2014-03-23 14:15:00,538.0201,2014-03-18 07:15:00,29.7500
07072500,36.102500,-91.097778,2014-04-14 16:00:00,2014-04-19 10:30:00,427.5844,2014-04-15 14:15:00,22.2500
07072500,36.102500,-91.097778,2014-04-28 05:00:00,2014-05-24 13:45:00,1959.5258,2014-04-29 06:00:00,25.0000
07072500,36.102500,-91.097778,2015-01-03 17:30:00,2015-01-13 23:15:00,784.3767,2015-01-05 00:30:00,31.0000
07072500,36.102500,-91.097778,2015-05-11 12:30:00,2015-06-08 19:00:00,795.7034,2015-05-12 17:45:00,29.2500
07072500,36.102500,-91.097778,2015-07-12 22:00:00,2015-07-18 22:00:00,453.0695,2015-07-16 00:15:00,74.2500
07072500,36.102500,-91.097778,2015-07-24 17:30:00,2015-07-26 04:45:00,385.1091,2015-07-24 23:45:00,6.2500
07072500,36.102500,-91.097778,2015-11-18 06:00:00,2015-12-13 03:15:00,1059.0501,2015-11-19 14:15:00,32.2500
07072500,36.102500,-91.097778,2015-12-14 14:45:00,2015-12-21 16:15:00,416.2576,2015-12-17 23:15:00,80.5000
07072500,36.102500,-91.097778,2015-12-24 09:00:00,2016-01-23 04:45:00,2590.9915,2015-12-29 20:30:00,131.5000
07072500,36.102500,-91.097778,2016-03-11 01:45:00,2016-03-20 03:15:00,458.7329,2016-03-15 00:30:00,93.7500
07072500,36.102500,-91.097778,2016-03-31 04:30:00,2016-04-10 17:15:00,654.1192,2016-04-01 07:45:00,27.2500
07072500,36.102500,-91.097778,2016-05-01 00:45:00,2016-05-05 20:45:00,501.2082,2016-05-01 21:30:00,20.7500
07184000,37.281111,-95.032500,1992-07-11 08:00:00,1992-07-13 13:00:00,305.8219,1992-07-12 06:00:00,22.0000
07184000,37.281111,-95.032500,1992-07-16 16:00:00,1992-07-18 15:00:00,175.2813,1992-07-17 16:00:00,24.0000
07184000,37.281111,-95.032500,1992-07-24 01:00:00,1992-07-25 23:00:00,286.0002,1992-07-24 18:00:00,17.0000
07184000,37.281111,-95.032500,1992-07-31 00:00:00,1992-07-31 16:00:00,73.0575,1992-07-31 10:00:00,10.0000
07184000,37.281111,-95.032500,1992-09-10 02:00:00,1992-09-10 09:00:00,68.5268,1992-09-10 04:00:00,2.0000
07184000,37.281111,-95.032500,1992-11-12 11:00:00,1992-11-13 22:00:00,95.1446,1992-11-13 13:00:00,26.0000
07184000,37.281111,-95.032500,1992-11-21 05:00:00,1992-11-21 19:00:00,69.6594,1992-11-21 14:00:00,9.0000
07184000,37.281111,-95.032500,1992-11-23 02:00:00,1992-11-24 09:00:00,81.2693,1992-11-23 21:00:00,19.0000
07184000,37.281111,-95.032500,1992-12-14 01:00:00,1992-12-16 20:00:00,254.5685,1992-12-15 06:00:00,29.0000
07184000,37.281111,-95.032500,1993-01-21 13:00:00,1993-01-21 20:00:00,67.9604,1993-01-21 16:00:00,3.0000
07184000,37.281111,-95.032500,1993-05-09 08:00:00,1993-05-11 13:00:00,218.6061,1993-05-10 10:00:00,26.0000
07184000,37.281111,-95.032500,1993-05-18 08:00:00,1993-05-20 03:00:00,132.5228,1993-05-19 16:00:00,32.0000
07184000,37.281111,-95.032500,1993-06-26 01:00:00,1993-06-26 11:00:00,69.6594,1993-06-26 05:00:00,4.0000
07184000,37.281111,-95.032500,1993-06-29 14:00:00,1993-06-30 06:00:00,78.1545,1993-06-29 18:00:00,4.0000
07184000,37.281111,-95.032500,1993-09-24 18:00:00,1993-09-27 17:00:00,1911.3871,1993-09-25 09:00:00,15.0000
07184000,37.281111,-95.032500,1994-04-10 08:00:00,1994-04-13 16:00:00,1129.8422,1994-04-11 21:00:00,37.0000
07184000,37.281111,-95.032500,1994-04-29 10:30:00,1994-05-02 02:30:00,159.7070,1994-05-01 08:30:00,46.0000
07184000,37.281111,-95.032500,1994-05-08 00:45:00,1994-05-08 12:00:00,69.0931,1994-05-08 05:30:00,4.7500
07184000,37.281111,-95.032500,1994-11-20 10:15:00,1994-11-22 15:45:00,246.6397,1994-11-21 14:30:00,28.2500
07184000,37.281111,-95.032500,1995-05-08 06:15:00,1995-05-10 05:30:00,212.3763,1995-05-09 05:30:00,23.2500
07184000,37.281111,-95.032500,1995-05-18 00:30:00,1995-05-19 23:30:00,198.2179,1995-05-19 00:30:00,24.0000
07184000,37.281111,-95.032500,1995-05-26 20:30:00,1995-05-29 08:30:00,201.3328,1995-05-28 00:15:00,27.7500
07184000,37.281111,-95.032500,1995-06-06 02:30:00,1995-06-06 20:45:00,73.9070,1995-06-06 14:30:00,12.0000
07184000,37.281111,-95.032500,1995-06-10 00:30:00,1995-06-12 13:30:00,911.8025,1995-06-10 18:00:00,17.5000
07184000,37.281111,-95.032500,1995-08-05 10:30:00,1995-08-05 22:30:00,69.6594,1995-08-05 18:30:00,8.0000
07184000,37.281111,-95.032500,1996-08-18 03:30:00,1996-08-18 21:30:00,71.9248,1996-08-18 15:30:00,12.0000
07184000,37.281111,-95.032500,1996-09-26 22:00:00,1996-09-28 07:00:00,98.8258,1996-09-27 20:30:00,22.5000
07184000,37.281111,-95.032500,1996-11-07 13:30:00,1996-11-08 04:30:00,73.3406,1996-11-07 23:00:00,9.5000
07184000,37.281111,-95.032500,1996-11-17 18:30:00,1996-11-18 14:30:00,73.9070,1996-11-18 06:00:00,11.5000
07184000,37.281111,-95.032500,1997-02-21 11:15:00,1997-02-23 04:30:00,223.7031,1997-02-22 07:30:00,20.2500
07184000,37.281111,-95.032500,1997-02-27 08:00:00,1997-02-28 01:45:00,72.4911,1997-02-27 20:30:00,12.5000
07184000,37.281111,-95.032500,1997-07-09 12:30:00,1997-07-10 23:15:00,72.7743,1997-07-10 17:30:00,29.0000
07184000,37.281111,-95.032500,1997-12-24 20:30:00,1997-12-25 21:30:00,83.5347,1997-12-25 12:30:00,16.0000
07184000,37.281111,-95.032500,1998-01-05 06:00:00,1998-01-06 09:30:00,82.6852,1998-01-05 15:30:00,9.5000
07184000,37.281111,-95.032500,1998-03-18 07:30:00,1998-03-18 14:30:00,67.6773,1998-03-18 10:30:00,3.0000
07184000,37.281111,-95.032500,1998-03-20 13:15:00,1998-03-21 04:30:00,70.7921,1998-03-20 20:30:00,7.2500
07184000,37.281111,-95.032500,1998-09-15 01:30:00,1998-09-16 09:30:00,82.6852,1998-09-16 00:30:00,23.0000
07184000,37.281111,-95.032500,1998-10-05 04:15:00,1998-10-07 18:30:00,688.0994,1998-10-05 23:30:00,19.2500
07184000,37.281111,-95.032500,1998-10-18 02:30:00,1998-10-19 21:30:00,112.9842,1998-10-19 10:30:00,32.0000
07184000,37.281111,-95.032500,1998-11-02 15:30:00,1998-11-04 00:30:00,90.6139,1998-11-03 11:30:00,20.0000
07184000,37.281111,-95.032500,1999-03-09 05:30:00,1999-03-10 11:00:00,86.9327,1999-03-10 01:30:00,20.0000
07184000,37.281111,-95.032500,1999-04-14 18:00:00,1999-04-16 19:45:00,124.8773,1999-04-16 01:30:00,31.5000
07184000,37.281111,-95.032500,1999-04-25 20:15:00,1999-04-28 23:00:00,192.5546,1999-04-27 17:45:00,45.5000
07184000,37.281111,-95.032500,1999-05-04 15:30:00,1999-05-06 17:30:00,181.5110,1999-05-05 16:15:00,24.7500
07184000,37.281111,-95.032500,1999-06-24 14:45:00,1999-06-25 06:30:00,101.0911,1999-06-24 18:30:00,3.7500
07184000,37.281111,-95.032500,1999-06-28 20:15:00,1999-06-30 16:30:00,109.5862,1999-06-30 03:30:00,31.2500
07184000,37.281111,-95.032500,1999-07-01 18:00:00,1999-07-02 15:30:00,85.2337,1999-07-01 21:30:00,3.5000
07184000,37.281111,-95.032500,2000-05-09 11:00:00,2000-05-10 20:00:00,88.9149,2000-05-10 08:00:00,21.0000
07184000,37.281111,-95.032500,2000-06-15 01:45:00,2000-06-15 15:30:00,75.8891,2000-06-15 10:00:00,8.2500
07184000,37.281111,-95.032500,2000-06-17 10:30:00,2000-06-18 11:00:00,80.7030,2000-06-17 23:45:00,13.2500
07184000,37.281111,-95.032500,2000-06-21 17:15:00,2000-06-22 04:00:00,71.6416,2000-06-21 23:00:00,5.7500
07184000,37.281111,-95.032500,2000-06-27 01:00:00,2000-06-27 03:00:00,67.6773,2000-06-27 01:45:00,0.7500
07184000,37.281111,-95.032500,2001-01-29 11:00:00,2001-01-31 06:15:00,121.1961,2001-01-30 15:00:00,28.0000
07184000,37.281111,-95.032500,2001-02-09 11:00:00,2001-02-10 23:00:00,96.2773,2001-02-10 12:15:00,25.2500
07184000,37.281111,-95.032500,2001-02-24 16:30:00,2001-02-26 05:00:00,91.1802,2001-02-25 18:00:00,25.5000
07184000,37.281111,-95.032500,2001-06-03 20:45:00,2001-06-05 13:00:00,94.0119,2001-06-05 02:00:00,29.2500
07184000,37.281111,-95.032500,2001-06-21 18:45:00,2001-06-23 01:15:00,94.8614,2001-06-22 17:00:00,22.2500
07184000,37.281111,-95.032500,2001-10-05 08:00:00,2001-10-05 21:00:00,78.4377,2001-10-05 15:00:00,7.0000
07184000,37.281111,-95.032500,2001-11-03 00:00:00,2001-11-03 16:00:00,79.2872,2001-11-03 09:00:00,9.0000
07184000,37.281111,-95.032500,2002-01-31 17:00:00,2002-02-01 08:15:00,74.7565,2002-02-01 01:00:00,8.0000
07184000,37.281111,-95.032500,2002-05-08 09:30:00,2002-05-11 03:15:00,336.9705,2002-05-09 05:00:00,19.5000
07184000,37.281111,-95.032500,2002-05-18 02:00:00,2002-05-18 12:00:00,71.9248,2002-05-18 07:00:00,5.0000
07184000,37.281111,-95.032500,2002-05-24 16:30:00,2002-05-26 13:00:00,163.9545,2002-05-25 19:00:00,26.5000
07184000,37.281111,-95.032500,2002-06-12 20:30:00,2002-06-14 05:30:00,90.3307,2002-06-13 21:00:00,24.5000
07184000,37.281111,-95.032500,2003-09-01 10:00:00,2003-09-02 21:00:00,89.4812,2003-09-02 11:00:00,25.0000
07184000,37.281111,-95.032500,2004-03-04 19:00:00,2004-03-06 23:15:00,588.9904,2004-03-05 16:00:00,21.0000
07184000,37.281111,-95.032500,2004-03-29 05:00:00,2004-03-29 10:15:00,67.9604,2004-03-29 08:00:00,3.0000
07184000,37.281111,-95.032500,2004-04-24 10:15:00,2004-04-26 10:00:00,569.1686,2004-04-25 05:00:00,18.7500
07184000,37.281111,-95.032500,2004-05-14 15:00:00,2004-05-14 23:00:00,69.0931,2004-05-14 19:00:00,4.0000
07184000,37.281111,-95.032500,2005-01-05 05:45:00,2005-01-07 12:00:00,206.1466,2005-01-06 09:00:00,27.2500
07184000,37.281111,-95.032500,2005-01-13 10:15:00,2005-01-14 15:30:00,87.4991,2005-01-14 07:00:00,20.7500
07184000,37.281111,-95.032500,2005-06-13 22:00:00,2005-06-14 14:15:00,74.1901,2005-06-14 07:00:00,9.0000
07184000,37.281111,-95.032500,2007-03-21 12:30:00,2007-03-22 04:00:00,77.0218,2007-03-21 23:00:00,10.5000
07184000,37.281111,-95.032500,2007-03-23 22:30:00,2007-03-25 06:30:00,89.1981,2007-03-24 22:00:00,23.5000
07184000,37.281111,-95.032500,2007-03-31 02:00:00,2007-03-31 07:00:00,67.3941,2007-03-31 03:00:00,1.0000
07184000,37.281111,-95.032500,2007-04-14 23:00:00,2007-04-15 18:30:00,77.8713,2007-04-15 12:00:00,13.0000
07184000,37.281111,-95.032500,2007-05-07 20:30:00,2007-05-09 12:00:00,133.0892,2007-05-08 22:30:00,26.0000
07184000,37.281111,-95.032500,2007-06-02 14:00:00,2007-06-04 09:30:00,176.4140,2007-06-03 17:30:00,27.5000
07184000,37.281111,-95.032500,2007-06-11 11:30:00,2007-06-14 08:30:00,458.7329,2007-06-12 08:30:00,21.0000
07184000,37.281111,-95.032500,2007-06-29 01:00:00,2007-07-03 15:30:00,557.8419,2007-07-02 05:00:00,76.0000
07184000,37.281111,-95.032500,2008-04-24 22:00:00,2008-04-25 20:30:00,84.6674,2008-04-25 11:30:00,13.5000
07184000,37.281111,-95.032500,2008-05-08 00:30:00,2008-05-10 00:30:00,376.6141,2008-05-08 20:00:00,19.5000
07184000,37.281111,-95.032500,2008-05-27 09:00:00,2008-05-29 01:30:00,124.5941,2008-05-28 12:00:00,27.0000
07184000,37.281111,-95.032500,2008-06-06 23:00:00,2008-06-07 16:00:00,79.8535,2008-06-07 09:30:00,10.5000
07184000,37.281111,-95.032500,2008-06-09 14:30:00,2008-06-11 16:30:00,331.3071,2008-06-10 13:00:00,22.5000
07184000,37.281111,-95.032500,2008-06-14 01:00:00,2008-06-15 14:00:00,161.6892,2008-06-15 00:00:00,23.0000
07184000,37.281111,-95.032500,2008-09-14 05:00:00,2008-09-16 07:00:00,170.1842,2008-09-15 14:30:00,33.5000
07184000,37.281111,-95.032500,2009-03-24 16:30:00,2009-03-25 22:30:00,98.2595,2009-03-25 15:00:00,22.5000
07184000,37.281111,-95.032500,2009-03-29 03:30:00,2009-03-30 17:00:00,102.5070,2009-03-29 22:30:00,19.0000
07184000,37.281111,-95.032500,2009-04-28 21:30:00,2009-05-03 07:30:00,153.1941,2009-05-01 10:00:00,60.5000
07184000,37.281111,-95.032500,2009-05-09 05:30:00,2009-05-10 14:00:00,102.7902,2009-05-10 03:00:00,21.5000
07184000,37.281111,-95.032500,2009-05-14 18:30:00,2009-05-15 16:30:00,85.8000,2009-05-15 07:30:00,13.0000
07184000,37.281111,-95.032500,2009-06-10 17:00:00,2009-06-11 12:00:00,85.8000,2009-06-11 03:30:00,10.5000
07184000,37.281111,-95.032500,2009-06-17 16:00:00,2009-06-17 23:00:00,68.8099,2009-06-17 18:30:00,2.5000
07184000,37.281111,-95.032500,2009-07-21 13:30:00,2009-07-23 04:30:00,112.1347,2009-07-22 17:30:00,28.0000
07184000,37.281111,-95.032500,2009-08-20 10:30:00,2009-08-22 07:30:00,154.0436,2009-08-21 19:00:00,32.5000
07184000,37.281111,-95.032500,2009-09-09 15:30:00,2009-09-11 12:30:00,137.6199,2009-09-11 00:00:00,32.5000
07184000,37.281111,-95.032500,2009-09-21 23:00:00,2009-09-24 00:30:00,314.3170,2009-09-23 03:00:00,28.0000
07184000,37.281111,-95.032500,2009-10-09 00:30:00,2009-10-11 11:30:00,705.0895,2009-10-09 22:30:00,22.0000
07184000,37.281111,-95.032500,2009-11-16 09:15:00,2009-11-17 04:30:00,78.7208,2009-11-16 22:00:00,12.7500
07184000,37.281111,-95.032500,2010-03-25 18:45:00,2010-03-26 18:30:00,83.5347,2010-03-26 08:15:00,13.5000
07184000,37.281111,-95.032500,2010-05-13 12:45:00,2010-05-15 08:45:00,101.9406,2010-05-14 20:45:00,32.0000
07184000,37.281111,-95.032500,2010-05-20 06:15:00,2010-05-22 00:30:00,137.0535,2010-05-21 10:30:00,28.2500
07184000,37.281111,-95.032500,2011-03-20 14:15:00,2011-03-21 06:15:00,76.1723,2011-03-21 00:15:00,10.0000
07184000,37.281111,-95.032500,2012-03-20 11:00:00,2012-03-23 00:45:00,183.4932,2012-03-21 13:15:00,26.2500
07184000,37.281111,-95.032500,2012-04-30 07:00:00,2012-05-03 08:15:00,300.1586,2012-05-01 11:00:00,28.0000
07184000,37.281111,-95.032500,2013-04-18 21:45:00,2013-04-19 17:45:00,84.3842,2013-04-19 09:15:00,11.5000
07184000,37.281111,-95.032500,2013-04-27 07:45:00,2013-04-28 09:00:00,89.7644,2013-04-27 20:15:00,12.5000
07184000,37.281111,-95.032500,2013-05-20 13:00:00,2013-05-22 13:00:00,125.1605,2013-05-22 01:00:00,36.0000
07184000,37.281111,-95.032500,2013-05-30 13:45:00,2013-06-03 07:45:00,651.2875,2013-05-31 10:30:00,20.7500
07184000,37.281111,-95.032500,2013-06-06 03:45:00,2013-06-06 21:00:00,79.0040,2013-06-06 14:00:00,10.2500
07184000,37.281111,-95.032500,2013-07-30 10:45:00,2013-08-01 06:30:00,402.0992,2013-07-31 03:30:00,16.7500
07184000,37.281111,-95.032500,2013-08-05 04:30:00,2013-08-07 18:45:00,91.7466,2013-08-06 01:15:00,20.7500
07184000,37.281111,-95.032500,2014-06-06 04:00:00,2014-06-06 22:30:00,86.0832,2014-06-06 15:15:00,11.2500
07184000,37.281111,-95.032500,2015-05-17 16:00:00,2015-05-18 14:00:00,81.5525,2015-05-18 07:00:00,15.0000
07184000,37.281111,-95.032500,2015-05-24 08:45:00,2015-05-26 13:15:00,201.3328,2015-05-25 16:30:00,31.7500
07184000,37.281111,-95.032500,2015-05-30 12:00:00,2015-05-30 23:45:00,71.9248,2015-05-30 17:15:00,5.2500
07184000,37.281111,-95.032500,2015-06-13 11:15:00,2015-06-14 18:00:00,99.6753,2015-06-14 08:45:00,21.5000
07184000,37.281111,-95.032500,2015-07-07 13:15:00,2015-07-10 14:00:00,137.9030,2015-07-10 00:30:00,59.2500
07184000,37.281111,-95.032500,2015-11-27 12:15:00,2015-11-29 08:30:00,150.9288,2015-11-28 17:15:00,29.0000
07184000,37.281111,-95.032500,2015-12-13 21:45:00,2015-12-15 09:45:00,108.7367,2015-12-14 23:15:00,25.5000
07184000,37.281111,-95.032500,2015-12-27 05:30:00,2015-12-30 08:00:00,328.4754,2015-12-28 05:30:00,24.0000
07184000,37.281111,-95.032500,2016-04-30 17:30:00,2016-05-01 01:45:00,71.0753,2016-04-30 21:15:00,3.7500
07184000,37.281111,-95.032500,2016-05-17 10:00:00,2016-05-18 20:45:00,98.5426,2016-05-18 09:30:00,23.5000
07187000,37.023057,-94.516391,1995-06-10 10:30:00,1995-06-12 02:30:00,620.1389,1995-06-11 12:00:00,25.5000
07187000,37.023057,-94.516391,2005-01-06 10:30:00,2005-01-06 22:15:00,325.6437,2005-01-06 15:45:00,5.2500
07187000,37.023057,-94.516391,2008-01-09 14:00:00,2008-01-09 18:00:00,317.1487,2008-01-09 16:00:00,2.0000
07187000,37.023057,-94.516391,2008-03-19 09:00:00,2008-03-20 15:00:00,682.4360,2008-03-19 17:00:00,8.0000
07187000,37.023057,-94.516391,2008-04-10 14:00:00,2008-04-12 01:00:00,546.5151,2008-04-11 15:00:00,25.0000
07187000,37.023057,-94.516391,2009-10-09 11:00:00,2009-10-10 23:00:00,724.9113,2009-10-10 05:00:00,18.0000
07187000,37.023057,-94.516391,2011-04-25 18:00:00,2011-04-27 09:00:00,563.5052,2011-04-26 09:00:00,15.0000
07187000,37.023057,-94.516391,2011-05-24 02:00:00,2011-05-25 13:00:00,512.5349,2011-05-24 09:00:00,7.0000
07187000,37.023057,-94.516391,2015-07-11 05:00:00,2015-07-11 10:00:00,294.4952,2015-07-11 07:00:00,2.0000
07187000,37.023057,-94.516391,2015-12-27 06:00:00,2015-12-29 15:00:00,1588.5751,2015-12-28 01:00:00,19.0000
07228500,35.543611,-98.317500,1991-09-19 03:30:00,1991-09-19 05:00:00,45.8733,1991-09-19 04:30:00,1.0000
07228500,35.543611,-98.317500,1991-12-20 13:00:00,1991-12-21 04:00:00,67.3941,1991-12-20 21:00:00,8.0000
07228500,35.543611,-98.317500,1992-06-01 23:00:00,1992-06-02 02:00:00,62.5802,1992-06-01 23:30:00,0.5000
07228500,35.543611,-98.317500,1992-07-21 09:00:00,1992-07-22 03:30:00,229.0833,1992-07-21 18:00:00,9.0000
07228500,35.543611,-98.317500,1992-08-26 18:00:00,1992-08-27 00:00:00,73.9070,1992-08-26 21:00:00,3.0000
07228500,35.543611,-98.317500,1992-12-14 15:00:00,1992-12-15 05:30:00,84.1010,1992-12-14 19:00:00,4.0000
07228500,35.543611,-98.317500,1993-04-29 14:00:00,1993-04-30 15:30:00,184.6258,1993-04-30 02:30:00,12.5000
07228500,35.543611,-98.317500,1993-05-02 12:00:00,1993-05-04 15:30:00,117.5149,1993-05-02 19:30:00,7.5000
07228500,35.543611,-98.317500,1993-05-08 07:30:00,1993-05-12 04:30:00,1449.8225,1993-05-09 22:30:00,39.0000
07228500,35.543611,-98.317500,1994-04-30 04:00:00,1994-04-30 11:00:00,60.8812,1994-04-30 06:30:00,2.5000
07228500,35.543611,-98.317500,1994-05-26 08:00:00,1994-05-26 09:30:00,51.5367,1994-05-26 09:00:00,1.0000
07228500,35.543611,-98.317500,1994-10-17 18:00:00,1994-10-17 23:00:00,85.2337,1994-10-17 19:00:00,1.0000
07228500,35.543611,-98.317500,1994-11-19 22:30:00,1994-11-22 05:00:00,322.8121,1994-11-20 23:00:00,24.5000
07228500,35.543611,-98.317500,1995-05-27 14:30:00,1995-05-28 04:30:00,101.3743,1995-05-28 04:00:00,13.5000
07228500,35.543611,-98.317500,1995-06-03 13:30:00,1995-06-12 04:30:00,563.5052,1995-06-05 03:30:00,38.0000
07228500,35.543611,-98.317500,1995-08-01 19:30:00,1995-08-05 20:00:00,461.5646,1995-08-04 02:30:00,55.0000
07228500,35.543611,-98.317500,1995-09-21 22:00:00,1995-09-22 11:00:00,82.9684,1995-09-22 03:30:00,5.5000
07228500,35.543611,-98.317500,1996-06-16 00:30:00,1996-06-16 14:00:00,85.2337,1996-06-16 03:30:00,3.0000
07228500,35.543611,-98.317500,1996-07-27 03:00:00,1996-07-27 04:30:00,47.2891,1996-07-27 03:30:00,0.5000
07228500,35.543611,-98.317500,1996-08-03 12:30:00,1996-08-04 08:30:00,86.3664,1996-08-03 19:00:00,6.5000
07228500,35.543611,-98.317500,1996-08-08 09:30:00,1996-08-08 11:00:00,48.4218,1996-08-08 10:00:00,0.5000
07228500,35.543611,-98.317500,1996-08-29 03:30:00,1996-08-29 09:30:00,54.9347,1996-08-29 05:30:00,2.0000
07228500,35.543611,-98.317500,1996-09-15 18:00:00,1996-09-18 04:30:00,266.1784,1996-09-16 16:00:00,22.0000
07228500,35.543611,-98.317500,1996-09-19 05:00:00,1996-09-22 04:30:00,453.0695,1996-09-20 07:30:00,26.5000
07228500,35.543611,-98.317500,1996-11-17 06:00:00,1996-11-18 01:30:00,85.2337,1996-11-17 09:30:00,3.5000
07228500,35.543611,-98.317500,1997-02-20 22:00:00,1997-02-22 04:00:00,93.7288,1997-02-21 06:00:00,8.0000
07228500,35.543611,-98.317500,1997-04-05 01:30:00,1997-04-09 04:30:00,101.9406,1997-04-05 17:00:00,15.5000
07228500,35.543611,-98.317500,1997-04-11 05:30:00,1997-04-13 04:30:00,965.6045,1997-04-12 03:30:00,22.0000
07228500,35.543611,-98.317500,1997-04-26 08:00:00,1997-04-29 04:45:00,82.4020,1997-04-27 16:00:00,32.0000
07228500,35.543611,-98.317500,1997-05-02 09:45:00,1997-05-03 04:00:00,257.4001,1997-05-02 18:15:00,8.5000
07228500,35.543611,-98.317500,1997-05-25 15:00:00,1997-05-26 18:00:00,112.1347,1997-05-26 00:00:00,9.0000
07228500,35.543611,-98.317500,1997-05-30 08:15:00,1997-06-01 04:30:00,211.2437,1997-05-30 23:00:00,14.7500
07228500,35.543611,-98.317500,1997-06-10 05:00:00,1997-06-11 04:00:00,200.7664,1997-06-10 07:00:00,2.0000
07228500,35.543611,-98.317500,1997-06-13 12:45:00,1997-06-14 03:45:00,110.7189,1997-06-13 16:30:00,3.7500
07228500,35.543611,-98.317500,1997-06-17 08:45:00,1997-06-17 22:00:00,77.8713,1997-06-17 10:30:00,1.7500
07228500,35.543611,-98.317500,1997-09-23 18:15:00,1997-09-26 03:15:00,152.3446,1997-09-24 05:45:00,11.5000
07228500,35.543611,-98.317500,1997-12-24 02:00:00,1997-12-27 05:30:00,141.8674,1997-12-24 14:00:00,12.0000
07228500,35.543611,-98.317500,1998-03-16 08:00:00,1998-03-22 05:45:00,467.2280,1998-03-17 10:00:00,26.0000
07228500,35.543611,-98.317500,1998-11-01 03:00:00,1998-11-03 05:00:00,351.1289,1998-11-01 13:45:00,10.7500
07228500,35.543611,-98.317500,1999-03-13 00:00:00,1999-03-14 15:00:00,79.0040,1999-03-13 05:00:00,5.0000
07228500,35.543611,-98.317500,1999-04-04 00:00:00,1999-04-05 05:00:00,58.6159,1999-04-04 09:00:00,8.0000
07228500,35.543611,-98.317500,1999-04-15 05:00:00,1999-04-16 11:00:00,59.7485,1999-04-15 12:00:00,7.0000
07228500,35.543611,-98.317500,1999-04-25 04:45:00,1999-04-29 09:00:00,339.8022,1999-04-26 01:45:00,21.0000
07228500,35.543611,-98.317500,1999-12-10 00:00:00,1999-12-10 02:15:00,46.7228,1999-12-10 01:15:00,1.2500
07228500,35.543611,-98.317500,2000-03-23 12:00:00,2000-03-26 17:45:00,948.6144,2000-03-24 09:30:00,21.5000
07228500,35.543611,-98.317500,2000-04-02 01:30:00,2000-04-02 05:45:00,49.8377,2000-04-02 03:30:00,1.0000
07228500,35.543611,-98.317500,2000-05-27 03:45:00,2000-05-28 04:45:00,148.6634,2000-05-27 09:30:00,5.7500
07228500,35.543611,-98.317500,2000-06-25 21:45:00,2000-06-26 00:15:00,52.3862,2000-06-25 22:45:00,1.0000
07228500,35.543611,-98.317500,2000-06-28 15:30:00,2000-06-29 03:30:00,80.9862,2000-06-28 18:00:00,2.5000
07228500,35.543611,-98.317500,2000-10-23 14:00:00,2000-10-23 20:15:00,71.0753,2000-10-23 16:15:00,2.2500
07228500,35.543611,-98.317500,2000-10-25 20:00:00,2000-10-26 06:45:00,97.9763,2000-10-25 23:45:00,3.7500
07228500,35.543611,-98.317500,2001-02-24 09:00:00,2001-02-25 19:30:00,149.5130,2001-02-24 20:15:00,11.2500
07228500,35.543611,-98.317500,2001-05-05 18:00:00,2001-05-07 03:00:00,56.6337,2001-05-06 15:00:00,21.0000
07228500,35.543611,-98.317500,2001-05-30 02:15:00,2001-06-01 11:30:00,891.9807,2001-05-30 18:30:00,16.2500
07228500,35.543611,-98.317500,2001-06-07 09:00:00,2001-06-08 10:30:00,51.5367,2001-06-07 20:45:00,11.7500
07228500,35.543611,-98.317500,2002-06-14 01:15:00,2002-06-14 09:45:00,63.9961,2002-06-14 03:15:00,2.0000
07228500,35.543611,-98.317500,2004-03-04 21:30:00,2004-03-06 22:00:00,608.8122,2004-03-05 08:00:00,10.5000
07228500,35.543611,-98.317500,2004-07-01 22:00:00,2004-07-02 05:00:00,55.2179,2004-07-02 00:00:00,2.0000
07228500,35.543611,-98.317500,2005-06-13 04:00:00,2005-06-19 07:00:00,228.5170,2005-06-13 14:30:00,10.5000
07228500,35.543611,-98.317500,2005-08-22 17:00:00,2005-08-23 00:00:00,69.9426,2005-08-22 20:00:00,3.0000
07228500,35.543611,-98.317500,2005-09-15 06:00:00,2005-09-15 17:00:00,85.2337,2005-09-15 08:30:00,2.5000
07228500,35.543611,-98.317500,2005-10-01 08:00:00,2005-10-01 22:00:00,75.8891,2005-10-01 13:30:00,5.5000
07228500,35.543611,-98.317500,2005-10-06 03:00:00,2005-10-06 17:00:00,141.8674,2005-10-06 08:30:00,5.5000
07228500,35.543611,-98.317500,2007-03-23 23:30:00,2007-03-24 03:30:00,47.8555,2007-03-24 01:00:00,1.5000
07228500,35.543611,-98.317500,2007-03-29 21:00:00,2007-04-01 15:30:00,103.9228,2007-03-31 09:00:00,36.0000
07228500,35.543611,-98.317500,2007-04-14 12:00:00,2007-04-14 21:00:00,46.7228,2007-04-14 19:00:00,7.0000
07228500,35.543611,-98.317500,2007-05-07 12:00:00,2007-05-12 11:30:00,671.1093,2007-05-08 10:00:00,22.0000
07228500,35.543611,-98.317500,2007-06-14 09:00:00,2007-06-15 04:30:00,603.1488,2007-06-15 00:00:00,15.0000
07228500,35.543611,-98.317500,2007-06-24 08:30:00,2007-06-24 14:00:00,62.2971,2007-06-24 11:00:00,2.5000
07228500,35.543611,-98.317500,2007-06-28 07:00:00,2007-06-30 22:00:00,141.8674,2007-06-29 21:30:00,38.5000
07228500,35.543611,-98.317500,2007-07-13 19:30:00,2007-07-14 06:30:00,52.3862,2007-07-14 02:00:00,6.5000
07228500,35.543611,-98.317500,2007-08-19 07:30:00,2007-08-21 04:30:00,1577.2484,2007-08-19 20:30:00,13.0000
07228500,35.543611,-98.317500,2007-09-09 01:30:00,2007-09-10 05:00:00,189.7229,2007-09-09 06:00:00,4.5000
07228500,35.543611,-98.317500,2007-10-17 18:30:00,2007-10-18 09:00:00,277.7883,2007-10-17 23:00:00,4.5000
07228500,35.543611,-98.317500,2008-02-17 04:30:00,2008-02-18 05:30:00,71.6416,2008-02-17 08:00:00,3.5000
07228500,35.543611,-98.317500,2008-03-18 07:00:00,2008-03-19 08:30:00,152.6278,2008-03-18 16:30:00,9.5000
07228500,35.543611,-98.317500,2008-03-31 11:30:00,2008-03-31 16:30:00,75.3228,2008-03-31 13:30:00,2.0000
07228500,35.543611,-98.317500,2008-04-10 02:00:00,2008-04-11 13:00:00,211.8100,2008-04-10 18:00:00,16.0000
07228500,35.543611,-98.317500,2008-05-08 00:00:00,2008-05-09 18:00:00,368.1190,2008-05-08 04:00:00,4.0000
07228500,35.543611,-98.317500,2008-05-23 14:00:00,2008-05-24 11:00:00,100.8080,2008-05-23 16:00:00,2.0000
07228500,35.543611,-98.317500,2008-05-27 11:30:00,2008-05-27 17:30:00,92.0298,2008-05-27 13:30:00,2.0000
07228500,35.543611,-98.317500,2008-06-06 11:30:00,2008-06-06 20:00:00,53.5188,2008-06-06 17:30:00,6.0000
07228500,35.543611,-98.317500,2008-06-09 12:00:00,2008-06-12 19:30:00,549.3468,2008-06-10 04:00:00,16.0000
07228500,35.543611,-98.317500,2008-06-18 06:30:00,2008-06-18 12:00:00,46.1565,2008-06-18 08:00:00,1.5000
07228500,35.543611,-98.317500,2008-07-13 08:00:00,2008-07-13 09:00:00,48.4218,2008-07-13 08:30:00,0.5000
07228500,35.543611,-98.317500,2008-09-12 20:30:00,2008-09-15 00:30:00,161.1229,2008-09-13 23:30:00,27.0000
07228500,35.543611,-98.317500,2008-10-14 22:00:00,2008-10-15 10:30:00,56.6337,2008-10-15 01:00:00,3.0000
07228500,35.543611,-98.317500,2009-04-27 03:30:00,2009-04-27 17:30:00,79.5703,2009-04-27 11:00:00,7.5000
07228500,35.543611,-98.317500,2009-05-02 20:30:00,2009-05-02 22:00:00,47.2891,2009-05-02 21:30:00,1.0000
07228500,35.543611,-98.317500,2009-08-18 15:00:00,2009-08-20 11:30:00,336.9705,2009-08-18 19:00:00,4.0000
07228500,35.543611,-98.317500,2009-10-09 07:30:00,2009-10-09 17:00:00,69.0931,2009-10-09 10:30:00,3.0000
07228500,35.543611,-98.317500,2009-10-29 14:00:00,2009-10-30 17:30:00,151.2120,2009-10-29 19:30:00,5.5000
07228500,35.543611,-98.317500,2010-02-21 20:30:00,2010-02-22 01:30:00,54.0852,2010-02-21 22:00:00,1.5000
07228500,35.543611,-98.317500,2010-04-18 14:30:00,2010-04-18 15:30:00,47.8555,2010-04-18 15:00:00,0.5000
07228500,35.543611,-98.317500,2010-04-23 19:30:00,2010-04-24 22:30:00,102.2238,2010-04-23 23:30:00,4.0000
07228500,35.543611,-98.317500,2010-07-05 20:30:00,2010-07-06 02:00:00,82.4020,2010-07-05 22:00:00,1.5000
07228500,35.543611,-98.317500,2011-11-08 04:30:00,2011-11-08 18:30:00,107.8872,2011-11-08 12:00:00,7.5000
07228500,35.543611,-98.317500,2012-02-04 12:30:00,2012-02-04 17:30:00,60.3149,2012-02-04 14:30:00,2.0000
07228500,35.543611,-98.317500,2013-07-26 16:00:00,2013-07-27 20:00:00,193.9704,2013-07-27 00:30:00,8.5000
07228500,35.543611,-98.317500,2013-08-13 18:00:00,2013-08-13 20:00:00,46.4396,2013-08-13 19:00:00,1.0000
07228500,35.543611,-98.317500,2014-06-20 07:00:00,2014-06-20 22:00:00,79.0040,2014-06-20 12:00:00,5.0000
07228500,35.543611,-98.317500,2015-04-28 14:00:00,2015-05-01 21:00:00,61.7307,2015-05-01 06:00:00,64.0000
07228500,35.543611,-98.317500,2015-05-19 03:30:00,2015-05-22 15:00:00,55.7842,2015-05-20 00:30:00,21.0000
07228500,35.543611,-98.317500,2015-05-23 17:30:00,2015-05-26 04:30:00,818.3569,2015-05-25 03:00:00,33.5000
07228500,35.543611,-98.317500,2015-06-13 09:30:00,2015-06-17 01:00:00,154.8932,2015-06-14 05:00:00,19.5000
07228500,35.543611,-98.317500,2015-07-07 12:00:00,2015-07-09 03:30:00,141.5842,2015-07-08 00:00:00,12.0000
07228500,35.543611,-98.317500,2016-04-18 02:30:00,2016-04-18 22:00:00,49.8377,2016-04-18 19:30:00,17.0000
07305000,34.638056,-99.103333,1991-05-24 06:30:00,1991-05-25 23:00:00,291.6635,1991-05-25 07:30:00,25.0000
07305000,34.638056,-99.103333,1991-06-02 06:30:00,1991-06-04 22:00:00,308.6536,1991-06-02 23:30:00,17.0000
07305000,34.638056,-99.103333,1991-06-07 22:30:00,1991-06-09 06:00:00,182.0773,1991-06-08 18:00:00,19.5000
07305000,34.638056,-99.103333,1991-06-13 14:00:00,1991-06-14 01:00:00,140.1684,1991-06-13 18:00:00,4.0000
07305000,34.638056,-99.103333,1991-12-20 18:00:00,1991-12-22 02:00:00,151.4951,1991-12-21 06:00:00,12.0000
07305000,34.638056,-99.103333,1992-06-06 16:00:00,1992-06-06 21:00:00,106.7545,1992-06-06 21:00:00,5.0000
07305000,34.638056,-99.103333,1992-09-07 02:00:00,1992-09-07 12:00:00,123.7446,1992-09-07 07:00:00,5.0000
07305000,34.638056,-99.103333,1992-11-22 05:30:00,1992-11-23 05:00:00,170.4674,1992-11-22 15:00:00,9.5000
07305000,34.638056,-99.103333,1992-11-25 06:00:00,1992-11-26 07:30:00,177.5466,1992-11-25 14:00:00,8.0000
07305000,34.638056,-99.103333,1992-12-14 14:30:00,1992-12-15 14:00:00,135.0714,1992-12-15 04:00:00,13.5000
07305000,34.638056,-99.103333,1993-04-15 17:00:00,1993-04-16 04:00:00,109.8694,1993-04-15 22:00:00,5.0000
07305000,34.638056,-99.103333,1993-04-29 18:00:00,1993-05-01 08:00:00,229.0833,1993-04-30 12:00:00,18.0000
07305000,34.638056,-99.103333,1993-05-02 17:00:00,1993-05-04 17:00:00,178.9625,1993-05-03 09:00:00,16.0000
07305000,34.638056,-99.103333,1993-05-08 22:30:00,1993-05-15 04:00:00,1588.5751,1993-05-10 16:00:00,41.5000
07305000,34.638056,-99.103333,1993-05-24 10:30:00,1993-05-25 10:30:00,139.0357,1993-05-24 19:00:00,8.5000
07305000,34.638056,-99.103333,1993-07-15 17:00:00,1993-07-15 23:30:00,99.6753,1993-07-15 19:30:00,2.5000
07305000,34.638056,-99.103333,1995-05-28 02:00:00,1995-05-28 18:00:00,113.2674,1995-05-28 11:00:00,9.0000
07305000,34.638056,-99.103333,1995-06-04 10:00:00,1995-06-05 04:00:00,336.9705,1995-06-05 04:00:00,18.0000
07305000,34.638056,-99.103333,1995-06-10 14:00:00,1995-06-13 04:00:00,342.6338,1995-06-11 18:00:00,28.0000
07305000,34.638056,-99.103333,1995-08-03 05:00:00,1995-08-08 09:00:00,804.1984,1995-08-05 16:00:00,59.0000
07305000,34.638056,-99.103333,1995-09-19 15:00:00,1995-09-21 12:00:00,291.6635,1995-09-20 18:00:00,27.0000
07305000,34.638056,-99.103333,1996-08-29 00:00:00,1996-08-30 04:00:00,348.2972,1996-08-30 01:00:00,25.0000
07305000,34.638056,-99.103333,1996-09-05 05:00:00,1996-09-06 03:00:00,150.6456,1996-09-05 13:00:00,8.0000
07305000,34.638056,-99.103333,1996-09-16 20:00:00,1996-09-18 09:00:00,214.3585,1996-09-17 13:00:00,17.0000
07305000,34.638056,-99.103333,1997-02-21 08:00:00,1997-02-24 02:00:00,261.6477,1997-02-22 17:00:00,33.0000
07305000,34.638056,-99.103333,1997-04-05 09:00:00,1997-04-17 04:00:00,317.1487,1997-04-06 15:00:00,29.0000
07305000,34.638056,-99.103333,1997-04-25 22:00:00,1997-05-04 04:00:00,719.2479,1997-04-28 03:00:00,53.0000
07305000,34.638056,-99.103333,1997-08-11 20:00:00,1997-08-13 02:00:00,319.9804,1997-08-12 13:00:00,17.0000
07305000,34.638056,-99.103333,1997-09-23 07:00:00,1997-09-25 08:00:00,139.6021,1997-09-24 00:00:00,17.0000
07305000,34.638056,-99.103333,1997-12-24 19:00:00,1997-12-25 21:00:00,135.9209,1997-12-25 04:00:00,9.0000
07305000,34.638056,-99.103333,1998-02-01 16:00:00,1998-02-02 18:00:00,148.3803,1998-02-02 03:00:00,11.0000
07305000,34.638056,-99.103333,1998-03-16 06:00:00,1998-03-24 05:00:00,322.8121,1998-03-17 18:00:00,36.0000
07305000,34.638056,-99.103333,1999-05-28 06:00:00,1999-05-30 06:00:00,291.6635,1999-05-29 03:00:00,21.0000
07305000,34.638056,-99.103333,1999-06-01 20:00:00,1999-06-02 20:00:00,181.2278,1999-06-02 05:00:00,9.0000
07305000,34.638056,-99.103333,1999-06-23 16:00:00,1999-06-24 05:30:00,150.6456,1999-06-23 23:00:00,7.0000
07305000,34.638056,-99.103333,1999-06-26 13:00:00,1999-06-27 06:00:00,125.7268,1999-06-27 00:00:00,11.0000
07305000,34.638056,-99.103333,2000-03-23 21:00:00,2000-03-25 19:30:00,294.4952,2000-03-24 15:00:00,18.0000
07305000,34.638056,-99.103333,2000-05-01 02:30:00,2000-05-01 20:00:00,191.7051,2000-05-01 09:00:00,6.5000
07305000,34.638056,-99.103333,2001-02-25 11:00:00,2001-02-25 16:30:00,103.9228,2001-02-25 13:00:00,2.0000
07305000,34.638056,-99.103333,2001-05-05 17:00:00,2001-05-07 14:30:00,204.7308,2001-05-06 08:30:00,15.5000
07305000,34.638056,-99.103333,2001-05-20 03:30:00,2001-05-26 07:30:00,379.4457,2001-05-21 05:00:00,25.5000
07305000,34.638056,-99.103333,2001-05-30 17:00:00,2001-05-31 20:00:00,260.7982,2001-05-31 02:30:00,9.5000
07305000,34.638056,-99.103333,2003-06-12 21:00:00,2003-06-14 13:30:00,129.1248,2003-06-14 07:00:00,34.0000
07305000,34.638056,-99.103333,2003-09-13 10:30:00,2003-09-13 22:30:00,119.7803,2003-09-13 17:30:00,7.0000
07305000,34.638056,-99.103333,2004-03-05 08:30:00,2004-03-07 04:30:00,302.9903,2004-03-06 02:30:00,18.0000
07305000,34.638056,-99.103333,2004-07-02 12:30:00,2004-07-02 23:00:00,124.0278,2004-07-02 17:00:00,4.5000
07305000,34.638056,-99.103333,2004-10-08 04:30:00,2004-10-09 07:00:00,275.8061,2004-10-08 18:00:00,13.5000
07305000,34.638056,-99.103333,2004-11-16 13:30:00,2004-11-17 10:30:00,147.8139,2004-11-17 00:30:00,11.0000
07305000,34.638056,-99.103333,2004-11-22 01:00:00,2004-11-22 15:30:00,130.2575,2004-11-22 05:30:00,4.5000
07305000,34.638056,-99.103333,2005-08-22 20:00:00,2005-08-24 02:00:00,233.3308,2005-08-23 12:30:00,16.5000
07305000,34.638056,-99.103333,2005-09-15 23:00:00,2005-09-16 13:00:00,128.2753,2005-09-16 06:00:00,7.0000
07305000,34.638056,-99.103333,2007-03-24 05:30:00,2007-03-24 21:30:00,139.8852,2007-03-24 13:00:00,7.5000
07305000,34.638056,-99.103333,2007-03-31 21:00:00,2007-04-01 09:00:00,115.2496,2007-04-01 02:00:00,5.0000
07305000,34.638056,-99.103333,2007-04-14 23:00:00,2007-04-15 10:30:00,108.4535,2007-04-15 04:00:00,5.0000
07305000,34.638056,-99.103333,2007-05-08 22:00:00,2007-05-11 10:30:00,261.3645,2007-05-09 21:00:00,23.0000
07305000,34.638056,-99.103333,2007-06-14 19:00:00,2007-06-16 18:30:00,385.1091,2007-06-15 22:30:00,27.5000
07305000,34.638056,-99.103333,2007-06-21 01:30:00,2007-06-22 09:30:00,173.8654,2007-06-21 13:30:00,12.0000
07305000,34.638056,-99.103333,2007-06-28 16:30:00,2007-06-30 18:00:00,123.4615,2007-06-30 03:30:00,35.0000
07305000,34.638056,-99.103333,2007-08-19 23:30:00,2007-08-20 13:30:00,137.6199,2007-08-20 07:00:00,7.5000
07305000,34.638056,-99.103333,2008-03-19 03:30:00,2008-03-19 14:30:00,101.9406,2008-03-19 08:00:00,4.5000
07305000,34.638056,-99.103333,2008-04-11 08:30:00,2008-04-11 14:30:00,98.2595,2008-04-11 12:00:00,3.5000
07305000,34.638056,-99.103333,2008-09-14 12:30:00,2008-09-14 22:00:00,103.3565,2008-09-14 17:30:00,5.0000
07305000,34.638056,-99.103333,2010-07-05 21:30:00,2010-07-07 07:00:00,379.4457,2010-07-06 20:00:00,22.5000
07305000,34.638056,-99.103333,2010-07-08 19:00:00,2010-07-10 14:30:00,109.5862,2010-07-08 21:00:00,2.0000
07305000,34.638056,-99.103333,2010-07-13 00:00:00,2010-07-13 01:30:00,95.9941,2010-07-13 00:30:00,0.5000
07305000,34.638056,-99.103333,2011-11-08 22:30:00,2011-11-09 12:30:00,137.6199,2011-11-09 06:00:00,7.5000
07305000,34.638056,-99.103333,2011-11-22 19:00:00,2011-11-23 05:00:00,122.0456,2011-11-22 23:00:00,4.0000
07305000,34.638056,-99.103333,2015-05-08 13:00:00,2015-05-11 07:30:00,311.4853,2015-05-10 08:00:00,43.0000
07305000,34.638056,-99.103333,2015-05-20 07:30:00,2015-05-30 12:00:00,659.7825,2015-05-26 17:30:00,154.0000
07305000,34.638056,-99.103333,2015-06-14 17:30:00,2015-06-18 15:30:00,495.5448,2015-06-16 18:00:00,48.5000
07305000,34.638056,-99.103333,2016-04-17 07:30:00,2016-04-18 14:30:00,171.8833,2016-04-17 10:30:00,3.0000
07311900,33.700278,-99.388333,1997-02-20 17:00:00,1997-02-21 17:00:00,123.4615,1997-02-20 22:00:00,5.0000
07311900,33.700278,-99.388333,1997-04-25 21:30:00,1997-04-28 18:30:00,179.5288,1997-04-28 05:00:00,55.5000
07311900,33.700278,-99.388333,1997-05-09 03:30:00,1997-05-11 19:00:00,265.8952,1997-05-09 17:00:00,13.5000
07311900,33.700278,-99.388333,1997-08-18 04:00:00,1997-08-18 17:30:00,206.4298,1997-08-18 10:30:00,6.5000
07311900,33.700278,-99.388333,1997-09-25 06:30:00,1997-09-25 10:00:00,63.1466,1997-09-25 09:30:00,3.0000
07311900,33.700278,-99.388333,1998-03-16 08:30:00,1998-03-18 07:30:00,117.5149,1998-03-16 16:30:00,8.0000
07311900,33.700278,-99.388333,1999-01-29 23:30:00,1999-01-30 15:00:00,123.4615,1999-01-30 07:00:00,7.5000
07311900,33.700278,-99.388333,1999-05-16 01:30:00,1999-05-16 07:30:00,97.9763,1999-05-16 03:00:00,1.5000
07311900,33.700278,-99.388333,1999-05-26 15:30:00,1999-05-30 13:30:00,159.9902,1999-05-28 23:00:00,55.5000
07311900,33.700278,-99.388333,1999-06-26 12:30:00,1999-06-26 19:30:00,67.3941,1999-06-26 15:00:00,2.5000
07311900,33.700278,-99.388333,2000-03-23 06:30:00,2000-03-26 06:00:00,162.8219,2000-03-24 00:00:00,17.5000
07311900,33.700278,-99.388333,2000-11-04 05:00:00,2000-11-05 03:30:00,79.5703,2000-11-04 11:00:00,6.0000
07311900,33.700278,-99.388333,2000-11-24 11:00:00,2000-11-25 00:30:00,90.8971,2000-11-24 15:00:00,4.0000
07311900,33.700278,-99.388333,2001-03-08 22:00:00,2001-03-09 17:00:00,124.3110,2001-03-09 05:00:00,7.0000
07311900,33.700278,-99.388333,2001-11-15 17:30:00,2001-11-16 08:00:00,76.4555,2001-11-16 02:00:00,8.5000
07311900,33.700278,-99.388333,2001-11-17 13:00:00,2001-11-17 16:00:00,63.7129,2001-11-17 15:00:00,2.0000
07311900,33.700278,-99.388333,2002-03-31 09:00:00,2002-03-31 13:30:00,64.2792,2002-03-31 10:00:00,1.0000
07311900,33.700278,-99.388333,2002-04-08 01:00:00,2002-04-08 08:30:00,72.7743,2002-04-08 03:00:00,2.0000
07311900,33.700278,-99.388333,2002-04-26 10:30:00,2002-04-26 19:00:00,78.4377,2002-04-26 15:30:00,5.0000
07311900,33.700278,-99.388333,2002-07-04 00:00:00,2002-07-05 14:00:00,147.8139,2002-07-04 20:00:00,20.0000
07311900,33.700278,-99.388333,2002-07-07 17:30:00,2002-07-08 13:30:00,188.3070,2002-07-08 04:00:00,10.5000
07311900,33.700278,-99.388333,2002-07-29 17:30:00,2002-07-31 16:30:00,194.8199,2002-07-30 05:30:00,12.0000
07311900,33.700278,-99.388333,2002-10-29 05:30:00,2002-10-30 08:00:00,95.7109,2002-10-29 12:00:00,6.5000
07311900,33.700278,-99.388333,2003-06-26 01:30:00,2003-06-26 03:00:00,70.2258,2003-06-26 02:00:00,0.5000
07311900,33.700278,-99.388333,2003-09-11 19:30:00,2003-09-12 00:00:00,69.6594,2003-09-11 21:30:00,2.0000
07311900,33.700278,-99.388333,2004-03-04 23:00:00,2004-03-05 09:30:00,82.9684,2004-03-05 05:00:00,6.0000
07311900,33.700278,-99.388333,2004-07-28 14:30:00,2004-07-30 21:15:00,222.8536,2004-07-29 07:15:00,16.7500
07311900,33.700278,-99.388333,2004-08-08 19:30:00,2004-08-09 07:00:00,138.4694,2004-08-09 01:15:00,5.7500
07311900,33.700278,-99.388333,2004-11-15 22:00:00,2004-11-19 05:30:00,142.4337,2004-11-16 13:30:00,15.5000
07311900,33.700278,-99.388333,2005-08-14 16:45:00,2005-08-15 11:00:00,199.0674,2005-08-15 02:00:00,9.2500
07311900,33.700278,-99.388333,2005-08-16 11:30:00,2005-08-17 13:00:00,220.3051,2005-08-16 23:30:00,12.0000
07311900,33.700278,-99.388333,2005-09-15 03:00:00,2005-09-17 11:15:00,223.9863,2005-09-15 21:45:00,18.7500
07311900,33.700278,-99.388333,2006-10-15 14:15:00,2006-10-19 04:30:00,192.8377,2006-10-16 21:00:00,30.7500
07311900,33.700278,-99.388333,2007-06-02 13:15:00,2007-06-04 18:15:00,72.4911,2007-06-02 17:30:00,4.2500
07311900,33.700278,-99.388333,2007-06-26 13:30:00,2007-06-27 05:30:00,86.3664,2007-06-26 22:00:00,8.5000
07311900,33.700278,-99.388333,2007-06-28 11:45:00,2007-06-29 09:30:00,135.3545,2007-06-28 19:15:00,7.5000
07311900,33.700278,-99.388333,2007-07-13 15:45:00,2007-07-14 04:45:00,94.8614,2007-07-13 23:00:00,7.2500
07311900,33.700278,-99.388333,2007-08-18 20:00:00,2007-08-19 09:45:00,72.2080,2007-08-19 05:15:00,9.2500
07311900,33.700278,-99.388333,2008-04-10 07:15:00,2008-04-11 09:30:00,191.4219,2008-04-10 22:30:00,15.2500
07311900,33.700278,-99.388333,2008-10-14 17:15:00,2008-10-14 22:45:00,73.9070,2008-10-14 19:45:00,2.5000
07311900,33.700278,-99.388333,2009-04-30 09:30:00,2009-05-02 10:00:00,143.0001,2009-05-02 02:30:00,41.0000
07311900,33.700278,-99.388333,2009-06-14 07:30:00,2009-06-14 20:45:00,115.5327,2009-06-14 12:00:00,4.5000
07311900,33.700278,-99.388333,2009-10-09 12:15:00,2009-10-09 17:15:00,66.8278,2009-10-09 13:00:00,0.7500
07311900,33.700278,-99.388333,2010-01-29 00:30:00,2010-01-29 15:00:00,113.2674,2010-01-29 06:30:00,6.0000
07311900,33.700278,-99.388333,2010-04-17 09:30:00,2010-04-21 00:15:00,215.2080,2010-04-18 06:00:00,20.5000
07311900,33.700278,-99.388333,2010-05-15 11:15:00,2010-05-15 14:30:00,64.2792,2010-05-15 13:00:00,1.7500
07311900,33.700278,-99.388333,2010-05-27 01:45:00,2010-05-27 19:45:00,139.0357,2010-05-27 08:00:00,6.2500
07311900,33.700278,-99.388333,2010-07-09 06:15:00,2010-07-12 13:15:00,166.2199,2010-07-11 10:30:00,52.2500
07311900,33.700278,-99.388333,2010-09-03 04:15:00,2010-09-03 20:45:00,111.8515,2010-09-03 13:45:00,9.5000
07311900,33.700278,-99.388333,2010-09-17 18:15:00,2010-09-17 21:00:00,66.5446,2010-09-17 20:15:00,2.0000
07311900,33.700278,-99.388333,2015-04-27 21:15:00,2015-04-28 02:00:00,66.5446,2015-04-27 23:00:00,1.7500
07311900,33.700278,-99.388333,2015-05-07 12:15:00,2015-05-08 15:00:00,92.8793,2015-05-08 07:30:00,19.2500
07311900,33.700278,-99.388333,2015-12-27 11:30:00,2015-12-28 07:45:00,122.3288,2015-12-27 22:15:00,10.7500
07311900,33.700278,-99.388333,2016-04-20 02:15:00,2016-04-20 18:45:00,118.9308,2016-04-20 04:45:00,2.5000
07311900,33.700278,-99.388333,2016-05-30 07:15:00,2016-05-30 23:30:00,136.7704,2016-05-30 14:45:00,7.5000
07316500,35.626389,-99.668056,1995-06-05 16:00:00,1995-06-06 01:00:00,16.5654,1995-06-05 23:00:00,7.0000
07316500,35.626389,-99.668056,1996-06-15 07:45:00,1996-06-15 21:45:00,40.4931,1996-06-15 14:15:00,6.5000
07316500,35.626389,-99.668056,1997-09-23 00:30:00,1997-09-23 10:00:00,35.1129,1997-09-23 04:15:00,3.7500
07316500,35.626389,-99.668056,2002-10-19 20:00:00,2002-10-20 08:30:00,37.3782,2002-10-19 22:30:00,2.5000
07316500,35.626389,-99.668056,2003-06-14 22:30:00,2003-06-15 06:30:00,19.0289,2003-06-15 01:30:00,3.0000
07316500,35.626389,-99.668056,2003-08-30 07:00:00,2003-08-30 23:00:00,45.0238,2003-08-30 14:30:00,7.5000
07316500,35.626389,-99.668056,2005-06-13 02:00:00,2005-06-13 03:00:00,15.8858,2005-06-13 02:30:00,0.5000
07316500,35.626389,-99.668056,2007-05-06 18:30:00,2007-05-07 16:30:00,36.5287,2007-05-07 07:30:00,13.0000
07316500,35.626389,-99.668056,2007-09-08 12:30:00,2007-09-10 10:30:00,40.2099,2007-09-09 00:00:00,11.5000
07316500,35.626389,-99.668056,2008-06-09 08:30:00,2008-06-10 23:30:00,36.8119,2008-06-09 19:30:00,11.0000
07316500,35.626389,-99.668056,2008-06-12 21:00:00,2008-06-16 08:30:00,21.3509,2008-06-13 11:30:00,14.5000
07316500,35.626389,-99.668056,2010-05-25 09:30:00,2010-05-25 17:00:00,23.3897,2010-05-25 13:30:00,4.0000
07316500,35.626389,-99.668056,2015-04-17 05:00:00,2015-04-18 15:30:00,57.7664,2015-04-17 14:30:00,9.5000
07316500,35.626389,-99.668056,2015-04-27 19:00:00,2015-04-28 03:30:00,17.5564,2015-04-28 00:30:00,5.5000
07316500,35.626389,-99.668056,2015-05-23 17:00:00,2015-05-25 21:00:00,28.6000,2015-05-23 20:30:00,3.5000
07316500,35.626389,-99.668056,2015-07-07 06:00:00,2015-07-07 11:00:00,17.9246,2015-07-07 08:00:00,2.0000
07346050,32.672500,-94.750833,1992-12-16 21:30:00,1992-12-18 21:30:00,216.0575,1992-12-17 09:30:00,12.0000
07346050,32.672500,-94.750833,1994-12-17 07:00:00,1994-12-19 12:30:00,184.6258,1994-12-18 06:30:00,23.5000
07346050,32.672500,-94.750833,1997-02-22 21:30:00,1997-02-24 07:30:00,161.4060,1997-02-23 07:30:00,10.0000
07346050,32.672500,-94.750833,1997-04-28 13:00:00,1997-05-01 10:15:00,249.7546,1997-04-29 07:30:00,18.5000
07346050,32.672500,-94.750833,1998-01-09 00:00:00,1998-01-09 18:45:00,135.9209,1998-01-09 07:30:00,7.5000
07346050,32.672500,-94.750833,2009-05-05 05:00:00,2009-05-07 09:15:00,348.2972,2009-05-05 10:45:00,5.7500
07346050,32.672500,-94.750833,2009-07-30 00:15:00,2009-07-31 18:15:00,186.3249,2009-07-30 17:30:00,17.2500
07346050,32.672500,-94.750833,2009-09-16 05:00:00,2009-09-18 15:00:00,302.9903,2009-09-16 13:00:00,8.0000
07346050,32.672500,-94.750833,2009-10-14 03:45:00,2009-10-17 07:15:00,317.1487,2009-10-15 09:45:00,30.0000
07346050,32.672500,-94.750833,2015-12-14 19:00:00,2015-12-17 09:45:00,368.1190,2015-12-15 10:30:00,15.5000
07346050,32.672500,-94.750833,2015-12-29 05:30:00,2015-12-31 18:00:00,373.7824,2015-12-29 23:15:00,17.7500
07346050,32.672500,-94.750833,2016-04-30 15:00:00,2016-05-03 13:15:00,336.9705,2016-05-01 22:30:00,31.5000
07052500,36.805279,-93.461391,1995-05-02 06:10:00,1995-05-02 20:10:00,501.2082,1995-05-02 12:10:00,6.0000
07052500,36.805279,-93.461391,1995-06-10 18:10:00,1995-06-11 20:10:00,824.0202,1995-06-10 23:10:00,5.0000
07052500,36.805279,-93.461391,1996-11-08 06:00:00,1996-11-08 21:10:00,588.9904,1996-11-08 15:10:00,9.1667
07052500,36.805279,-93.461391,1998-03-20 13:00:00,1998-03-21 09:00:00,583.3270,1998-03-21 01:00:00,12.0000
07052500,36.805279,-93.461391,1999-05-05 03:00:00,1999-05-06 06:00:00,518.1983,1999-05-05 08:00:00,5.0000
07052500,36.805279,-93.461391,2000-07-13 04:00:00,2000-07-13 07:00:00,453.0695,2000-07-13 05:00:00,1.0000
07052500,36.805279,-93.461391,2001-02-25 02:00:00,2001-02-26 06:00:00,679.6043,2001-02-25 15:00:00,13.0000
07052500,36.805279,-93.461391,2002-05-08 18:30:00,2002-05-10 10:00:00,1056.2184,2002-05-09 11:15:00,16.7500
07052500,36.805279,-93.461391,2002-05-18 04:45:00,2002-05-19 00:45:00,549.3468,2002-05-18 16:30:00,11.7500
07052500,36.805279,-93.461391,2004-03-05 17:15:00,2004-03-05 19:15:00,433.2478,2004-03-05 17:30:00,0.2500
07052500,36.805279,-93.461391,2004-04-25 08:30:00,2004-04-26 01:00:00,563.5052,2004-04-25 18:00:00,9.5000
07052500,36.805279,-93.461391,2004-05-02 10:45:00,2004-05-02 17:15:00,470.0597,2004-05-02 14:00:00,3.2500
07052500,36.805279,-93.461391,2005-01-05 16:00:00,2005-01-07 06:15:00,795.7034,2005-01-06 14:45:00,22.7500
07052500,36.805279,-93.461391,2005-01-13 16:15:00,2005-01-14 15:45:00,552.1785,2005-01-14 08:30:00,16.2500
07052500,36.805279,-93.461391,2007-06-13 08:45:00,2007-06-14 02:30:00,753.2281,2007-06-13 16:15:00,7.5000
07052500,36.805279,-93.461391,2008-01-08 17:15:00,2008-01-09 22:45:00,637.1290,2008-01-09 14:30:00,21.2500
07052500,36.805279,-93.461391,2008-02-17 15:00:00,2008-02-18 22:15:00,773.0499,2008-02-18 11:30:00,20.5000
07052500,36.805279,-93.461391,2008-03-18 15:00:00,2008-03-21 05:00:00,2409.7636,2008-03-19 15:15:00,24.2500
07052500,36.805279,-93.461391,2008-09-14 16:00:00,2008-09-16 02:45:00,889.1490,2008-09-15 16:15:00,24.2500
07052500,36.805279,-93.461391,2009-10-09 07:45:00,2009-10-11 03:00:00,1078.8719,2009-10-10 10:00:00,26.2500
07052500,36.805279,-93.461391,2009-10-30 23:00:00,2009-10-31 15:30:00,622.9706,2009-10-31 07:15:00,8.2500
07052500,36.805279,-93.461391,2010-09-02 11:00:00,2010-09-03 20:30:00,688.0994,2010-09-03 14:45:00,27.7500
07052500,36.805279,-93.461391,2011-04-25 03:45:00,2011-04-25 04:45:00,475.7230,2011-04-25 04:45:00,1.0000
07052500,36.805279,-93.461391,2012-03-22 06:00:00,2012-03-22 18:00:00,509.7032,2012-03-22 12:00:00,6.0000
07052500,36.805279,-93.461391,2013-06-02 02:45:00,2013-06-02 23:45:00,775.8816,2013-06-02 12:45:00,10.0000
07052500,36.805279,-93.461391,2015-05-30 23:15:00,2015-05-31 16:45:00,605.9805,2015-05-31 09:15:00,10.0000
07052500,36.805279,-93.461391,2015-06-19 13:30:00,2015-06-21 04:30:00,1432.8324,2015-06-20 14:15:00,24.7500
07052500,36.805279,-93.461391,2015-07-03 01:00:00,2015-07-03 23:00:00,883.4856,2015-07-03 13:15:00,12.2500
07052500,36.805279,-93.461391,2015-07-10 02:30:00,2015-07-12 02:30:00,1220.4561,2015-07-11 09:45:00,31.2500
07052500,36.805279,-93.461391,2015-12-27 09:15:00,2015-12-30 20:45:00,2211.5457,2015-12-28 11:15:00,26.0000
07069500,36.205278,-91.171944,1992-12-15 20:00:00,1992-12-17 11:00:00,436.0794,1992-12-16 10:00:00,14.0000
07069500,36.205278,-91.171944,1993-01-04 18:00:00,1993-01-06 17:00:00,826.8519,1993-01-05 09:00:00,15.0000
07069500,36.205278,-91.171944,1993-09-25 15:00:00,1993-09-27 02:00:00,654.1192,1993-09-26 06:00:00,15.0000
07069500,36.205278,-91.171944,1993-11-15 03:00:00,1993-11-18 08:00:00,402.0992,1993-11-15 19:00:00,16.0000
07069500,36.205278,-91.171944,1994-01-27 06:00:00,1994-01-29 02:00:00,345.4655,1994-01-28 07:00:00,25.0000
07069500,36.205278,-91.171944,1994-02-22 22:00:00,1994-02-24 08:00:00,334.1388,1994-02-23 13:00:00,15.0000
07069500,36.205278,-91.171944,1994-03-13 06:00:00,1994-03-14 07:00:00,241.5427,1994-03-13 14:00:00,8.0000
07069500,36.205278,-91.171944,1994-04-30 16:00:00,1994-05-01 20:00:00,370.9507,1994-05-01 00:00:00,8.0000
07069500,36.205278,-91.171944,1994-11-05 13:00:00,1994-11-07 09:00:00,730.5746,1994-11-06 07:00:00,18.0000
07069500,36.205278,-91.171944,1994-12-09 19:00:00,1994-12-10 07:00:00,240.1269,1994-12-10 01:00:00,6.0000
07069500,36.205278,-91.171944,1995-03-08 04:00:00,1995-03-08 22:00:00,258.2496,1995-03-08 15:00:00,11.0000
07069500,36.205278,-91.171944,1995-05-01 15:00:00,1995-05-02 23:00:00,373.7824,1995-05-02 01:00:00,10.0000
07069500,36.205278,-91.171944,2001-12-16 16:00:00,2001-12-18 17:00:00,705.0895,2001-12-17 14:00:00,22.0000
07069500,36.205278,-91.171944,2002-01-24 10:00:00,2002-01-25 03:00:00,410.5943,2002-01-24 17:00:00,7.0000
07069500,36.205278,-91.171944,2002-02-01 03:00:00,2002-02-02 12:00:00,464.3963,2002-02-01 17:00:00,14.0000
07069500,36.205278,-91.171944,2002-03-10 02:00:00,2002-03-10 21:00:00,286.0002,2002-03-10 14:00:00,12.0000
07069500,36.205278,-91.171944,2002-03-20 00:00:00,2002-03-22 04:00:00,654.1192,2002-03-21 00:00:00,24.0000
07069500,36.205278,-91.171944,2002-03-26 01:00:00,2002-03-27 17:00:00,826.8519,2002-03-26 11:00:00,10.0000
07069500,36.205278,-91.171944,2002-04-09 01:00:00,2002-04-09 18:00:00,308.6536,2002-04-09 12:00:00,11.0000
07069500,36.205278,-91.171944,2002-04-14 11:00:00,2002-04-15 14:00:00,348.2972,2002-04-15 03:00:00,16.0000
07069500,36.205278,-91.171944,2002-05-09 12:00:00,2002-05-09 18:00:00,236.1625,2002-05-09 15:00:00,3.0000
07069500,36.205278,-91.171944,2002-05-14 03:00:00,2002-05-14 13:00:00,245.5071,2002-05-14 08:00:00,5.0000
07069500,36.205278,-91.171944,2002-05-17 15:00:00,2002-05-19 03:00:00,308.6536,2002-05-18 20:00:00,29.0000
07069500,36.205278,-91.171944,2002-07-20 11:00:00,2002-07-21 00:00:00,430.4161,2002-07-20 15:00:00,4.0000
07069500,36.205278,-91.171944,2002-12-31 12:45:00,2003-01-01 10:00:00,402.0992,2002-12-31 19:45:00,7.0000
07069500,36.205278,-91.171944,2003-09-02 18:15:00,2003-09-03 07:45:00,504.0399,2003-09-03 00:30:00,6.2500
07069500,36.205278,-91.171944,2003-11-18 16:00:00,2003-11-20 06:15:00,1211.9610,2003-11-19 03:15:00,11.2500
07069500,36.205278,-91.171944,2003-12-10 14:45:00,2003-12-11 00:00:00,250.3209,2003-12-10 19:15:00,4.5000
07069500,36.205278,-91.171944,2003-12-29 16:30:00,2003-12-30 00:30:00,238.4278,2003-12-29 19:30:00,3.0000
07069500,36.205278,-91.171944,2004-04-23 13:15:00,2004-04-26 14:45:00,605.9805,2004-04-25 09:30:00,44.2500
07069500,36.205278,-91.171944,2004-05-14 04:15:00,2004-05-15 01:30:00,583.3270,2004-05-14 13:30:00,9.2500
07069500,36.205278,-91.171944,2005-01-04 01:15:00,2005-01-07 02:15:00,325.6437,2005-01-05 02:15:00,25.0000
07069500,36.205278,-91.171944,2005-01-13 23:00:00,2005-01-15 03:15:00,421.9210,2005-01-14 13:30:00,14.5000
07069500,36.205278,-91.171944,2005-03-27 20:00:00,2005-03-28 16:45:00,286.0002,2005-03-28 03:00:00,7.0000
07069500,36.205278,-91.171944,2006-03-09 18:00:00,2006-03-11 00:30:00,526.6933,2006-03-10 02:15:00,8.2500
07069500,36.205278,-91.171944,2006-04-30 14:45:00,2006-04-30 21:30:00,233.6140,2006-04-30 18:00:00,3.2500
07069500,36.205278,-91.171944,2006-09-23 09:30:00,2006-09-24 19:45:00,1724.4960,2006-09-23 19:30:00,10.0000
07069500,36.205278,-91.171944,2006-10-17 05:45:00,2006-10-17 11:15:00,227.3843,2006-10-17 08:00:00,2.2500
07069500,36.205278,-91.171944,2006-10-27 22:30:00,2006-10-28 13:30:00,351.1289,2006-10-28 02:45:00,4.2500
07069500,36.205278,-91.171944,2006-11-16 01:45:00,2006-11-17 17:45:00,453.0695,2006-11-16 19:30:00,17.7500
07069500,36.205278,-91.171944,2006-12-01 08:15:00,2006-12-03 01:30:00,526.6933,2006-12-02 09:00:00,24.7500
07069500,36.205278,-91.171944,2006-12-31 10:30:00,2007-01-01 06:00:00,279.4873,2006-12-31 20:00:00,9.5000
07069500,36.205278,-91.171944,2007-01-14 02:45:00,2007-01-17 08:15:00,787.2083,2007-01-15 17:15:00,38.5000
07069500,36.205278,-91.171944,2007-02-13 08:00:00,2007-02-15 05:45:00,645.6241,2007-02-13 23:30:00,15.5000
07069500,36.205278,-91.171944,2007-05-04 16:45:00,2007-05-04 23:45:00,249.7546,2007-05-04 19:30:00,2.7500
07069500,36.205278,-91.171944,2007-07-01 21:00:00,2007-07-01 23:00:00,223.1368,2007-07-01 22:00:00,1.0000
07069500,36.205278,-91.171944,2007-12-15 20:00:00,2007-12-16 07:45:00,331.3071,2007-12-16 01:00:00,5.0000
07069500,36.205278,-91.171944,2008-02-12 15:45:00,2008-02-13 03:15:00,379.4457,2008-02-12 20:15:00,4.5000
07069500,36.205278,-91.171944,2008-03-04 05:00:00,2008-03-04 10:45:00,242.3922,2008-03-04 07:15:00,2.2500
07069500,36.205278,-91.171944,2008-03-18 21:00:00,2008-03-22 15:45:00,2755.2292,2008-03-19 10:30:00,13.5000
07069500,36.205278,-91.171944,2008-03-30 18:00:00,2008-04-06 23:15:00,1260.0997,2008-04-01 13:45:00,43.7500
07069500,36.205278,-91.171944,2008-04-10 12:45:00,2008-04-13 17:00:00,2140.7536,2008-04-11 09:15:00,20.5000
07069500,36.205278,-91.171944,2008-05-03 01:00:00,2008-05-03 05:45:00,246.3566,2008-05-03 03:00:00,2.0000
07069500,36.205278,-91.171944,2009-02-11 13:00:00,2009-02-12 20:15:00,804.1984,2009-02-11 22:45:00,9.7500
07069500,36.205278,-91.171944,2009-05-09 10:00:00,2009-05-10 22:15:00,693.7627,2009-05-09 23:00:00,13.0000
07069500,36.205278,-91.171944,2009-09-24 15:15:00,2009-09-24 22:15:00,267.8774,2009-09-24 18:00:00,2.7500
07069500,36.205278,-91.171944,2009-10-09 15:45:00,2009-10-11 05:30:00,620.1389,2009-10-10 06:15:00,14.5000
07069500,36.205278,-91.171944,2009-10-23 07:30:00,2009-10-25 02:30:00,645.6241,2009-10-24 00:15:00,16.7500
07069500,36.205278,-91.171944,2009-10-30 03:30:00,2009-11-01 20:00:00,2333.3082,2009-10-30 21:45:00,18.2500
07069500,36.205278,-91.171944,2009-12-24 13:15:00,2009-12-26 15:00:00,957.1094,2009-12-25 05:45:00,16.5000
07069500,36.205278,-91.171944,2010-03-11 12:15:00,2010-03-11 17:00:00,244.0912,2010-03-11 14:00:00,1.7500
07069500,36.205278,-91.171944,2010-04-24 17:30:00,2010-04-25 18:15:00,288.8318,2010-04-24 22:30:00,5.0000
07069500,36.205278,-91.171944,2010-05-20 18:15:00,2010-05-21 16:30:00,314.3170,2010-05-21 01:15:00,7.0000
07069500,36.205278,-91.171944,2011-02-25 03:15:00,2011-02-25 08:15:00,242.1090,2011-02-25 05:30:00,2.2500
07069500,36.205278,-91.171944,2011-04-24 10:45:00,2011-04-30 01:15:00,3454.6553,2011-04-26 11:15:00,48.5000
07069500,36.205278,-91.171944,2011-05-01 05:30:00,2011-05-05 09:45:00,1778.2980,2011-05-02 18:15:00,36.7500
07069500,36.205278,-91.171944,2011-05-23 12:45:00,2011-05-25 17:45:00,351.1289,2011-05-24 19:15:00,30.5000
07069500,36.205278,-91.171944,2011-11-22 12:30:00,2011-11-23 12:30:00,382.2774,2011-11-22 20:45:00,8.2500
07069500,36.205278,-91.171944,2011-12-05 07:45:00,2011-12-06 16:45:00,393.6042,2011-12-05 21:30:00,13.7500
07069500,36.205278,-91.171944,2012-03-23 05:00:00,2012-03-23 09:30:00,234.1803,2012-03-23 05:15:00,0.2500
07069500,36.205278,-91.171944,2013-12-21 16:00:00,2013-12-23 10:15:00,818.3569,2013-12-22 06:30:00,14.5000
07069500,36.205278,-91.171944,2014-03-17 06:15:00,2014-03-18 03:30:00,235.8793,2014-03-17 15:30:00,9.2500
07069500,36.205278,-91.171944,2014-04-28 04:00:00,2014-04-29 15:00:00,1911.3871,2014-04-28 17:30:00,13.5000
07069500,36.205278,-91.171944,2015-01-03 13:45:00,2015-01-05 03:00:00,472.8913,2015-01-04 00:00:00,10.2500
07069500,36.205278,-91.171944,2015-03-13 14:45:00,2015-03-16 06:15:00,991.0896,2015-03-14 07:45:00,17.0000
07069500,36.205278,-91.171944,2015-03-26 14:45:00,2015-03-27 23:45:00,339.8022,2015-03-27 03:00:00,12.2500
07069500,36.205278,-91.171944,2015-04-03 22:30:00,2015-04-04 08:00:00,246.6397,2015-04-04 01:45:00,3.2500
07069500,36.205278,-91.171944,2015-05-11 11:45:00,2015-05-12 19:45:00,396.4359,2015-05-12 05:45:00,18.0000
07069500,36.205278,-91.171944,2015-05-17 05:45:00,2015-05-17 09:00:00,223.9863,2015-05-17 07:30:00,1.7500
07069500,36.205278,-91.171944,2015-05-31 03:15:00,2015-05-31 23:30:00,322.8121,2015-05-31 13:00:00,9.7500
07069500,36.205278,-91.171944,2015-11-18 01:45:00,2015-11-19 17:30:00,991.0896,2015-11-18 16:15:00,14.5000
07069500,36.205278,-91.171944,2015-12-26 21:30:00,2015-12-30 21:00:00,1577.2484,2015-12-28 23:00:00,49.5000
07069500,36.205278,-91.171944,2016-03-31 04:15:00,2016-04-01 03:30:00,348.2972,2016-03-31 11:30:00,7.2500
07069500,36.205278,-91.171944,2016-05-01 08:00:00,2016-05-01 18:30:00,288.8318,2016-05-01 12:30:00,4.5000
07069500,36.205278,-91.171944,2016-05-10 11:45:00,2016-05-11 05:15:00,396.4359,2016-05-10 18:30:00,6.7500
07069500,36.205278,-91.171944,2016-05-25 02:30:00,2016-05-25 13:30:00,294.4952,2016-05-25 07:15:00,4.7500
07069500,36.205278,-91.171944,2016-05-27 13:45:00,2016-05-29 01:30:00,622.9706,2016-05-28 05:15:00,15.5000
07174400,36.755556,-95.971944,1993-05-09 07:00:00,1993-05-10 06:00:00,427.5844,1993-05-09 21:00:00,14.0000
07174400,36.755556,-95.971944,2000-05-09 12:00:00,2000-05-10 08:30:00,444.5745,2000-05-09 19:30:00,7.5000
07174400,36.755556,-95.971944,2004-03-05 00:00:00,2004-03-05 21:00:00,453.0695,2004-03-05 08:00:00,8.0000
07174400,36.755556,-95.971944,2007-05-07 16:30:00,2007-05-08 03:00:00,376.6141,2007-05-07 19:30:00,3.0000
07174400,36.755556,-95.971944,2007-06-30 10:00:00,2007-07-06 22:00:00,1115.6838,2007-07-02 14:00:00,52.0000
07174400,36.755556,-95.971944,2010-07-07 03:00:00,2010-07-07 06:30:00,365.2873,2010-07-07 04:30:00,1.5000
07183000,37.922222,-95.427500,1992-07-05 08:00:00,1992-07-07 00:00:00,761.7232,1992-07-05 20:00:00,12.0000
07183000,37.922222,-95.427500,1992-07-23 16:00:00,1992-07-25 13:00:00,849.5054,1992-07-24 09:00:00,17.0000
07183000,37.922222,-95.427500,1992-11-20 00:00:00,1992-11-21 07:00:00,628.6340,1992-11-20 17:00:00,17.0000
07183000,37.922222,-95.427500,1992-12-14 00:00:00,1992-12-16 00:00:00,733.4063,1992-12-15 02:00:00,26.0000
07183000,37.922222,-95.427500,1993-05-09 05:00:00,1993-05-11 02:00:00,770.2182,1993-05-10 03:00:00,22.0000
07183000,37.922222,-95.427500,1993-05-18 07:00:00,1993-05-19 16:00:00,504.0399,1993-05-18 19:00:00,12.0000
07183000,37.922222,-95.427500,1993-05-30 13:00:00,1993-05-30 22:00:00,509.7032,1993-05-30 15:00:00,2.0000
07183000,37.922222,-95.427500,1993-07-23 07:00:00,1993-07-23 12:00:00,501.2082,1993-07-23 09:00:00,2.0000
07183000,37.922222,-95.427500,1993-09-24 19:00:00,1993-09-26 16:00:00,764.5549,1993-09-25 17:00:00,22.0000
07183000,37.922222,-95.427500,1994-04-11 12:00:00,1994-04-12 19:45:00,688.0994,1994-04-11 22:30:00,10.5000
07183000,37.922222,-95.427500,1994-04-28 08:30:00,1994-05-01 09:00:00,1050.5550,1994-04-29 00:00:00,15.5000
07183000,37.922222,-95.427500,1994-11-20 23:00:00,1994-11-21 03:15:00,506.8716,1994-11-21 00:00:00,1.0000
07183000,37.922222,-95.427500,1995-05-08 07:15:00,1995-05-09 02:00:00,634.2974,1995-05-08 13:15:00,6.0000
07183000,37.922222,-95.427500,1995-05-17 19:00:00,1995-05-19 05:30:00,634.2974,1995-05-18 03:00:00,8.0000
07183000,37.922222,-95.427500,1995-06-01 02:00:00,1995-06-02 09:45:00,523.8617,1995-06-01 08:00:00,6.0000
07183000,37.922222,-95.427500,1995-06-08 16:15:00,1995-06-11 20:00:00,940.1193,1995-06-10 17:00:00,48.7500
07183000,37.922222,-95.427500,1997-02-21 12:15:00,1997-02-22 15:15:00,651.2875,1997-02-21 20:15:00,8.0000
07183000,37.922222,-95.427500,1997-04-11 18:45:00,1997-04-12 12:15:00,566.3369,1997-04-12 04:15:00,9.5000
07183000,37.922222,-95.427500,1998-06-30 15:45:00,1998-07-01 19:30:00,682.4360,1998-07-01 07:15:00,15.5000
07183000,37.922222,-95.427500,1998-09-30 23:30:00,1998-10-01 12:15:00,515.3666,1998-10-01 04:15:00,4.7500
07183000,37.922222,-95.427500,1998-10-02 18:30:00,1998-10-03 18:15:00,574.8320,1998-10-03 06:15:00,11.7500
07183000,37.922222,-95.427500,1998-10-05 04:00:00,1998-10-07 00:15:00,730.5746,1998-10-06 08:45:00,28.7500
07183000,37.922222,-95.427500,1998-10-18 09:15:00,1998-10-18 20:30:00,518.1983,1998-10-18 16:15:00,7.0000
07183000,37.922222,-95.427500,1998-11-01 17:15:00,1998-11-11 22:15:00,1090.1986,1998-11-03 08:15:00,39.0000
07183000,37.922222,-95.427500,1998-12-01 10:15:00,1998-12-02 14:15:00,529.5250,1998-12-01 23:15:00,13.0000
07183000,37.922222,-95.427500,1998-12-07 12:15:00,1998-12-08 00:15:00,504.0399,1998-12-07 16:15:00,4.0000
07183000,37.922222,-95.427500,1999-04-15 08:15:00,1999-04-16 02:15:00,557.8419,1999-04-15 13:45:00,5.5000
07183000,37.922222,-95.427500,1999-05-04 19:45:00,1999-05-05 23:15:00,690.9311,1999-05-05 04:45:00,9.0000
07183000,37.922222,-95.427500,2004-03-04 23:00:00,2004-03-07 00:00:00,807.0301,2004-03-05 21:00:00,22.0000
07183000,37.922222,-95.427500,2005-05-19 09:00:00,2005-05-20 21:00:00,665.4459,2005-05-20 04:00:00,19.0000
07183000,37.922222,-95.427500,2005-06-04 17:00:00,2005-06-06 06:00:00,753.2281,2005-06-05 13:00:00,20.0000
07183000,37.922222,-95.427500,2005-06-11 20:00:00,2005-06-15 15:00:00,974.0995,2005-06-14 00:00:00,52.0000
07183000,37.922222,-95.427500,2005-07-05 01:00:00,2005-07-05 08:00:00,509.7032,2005-07-05 05:00:00,4.0000
07183000,37.922222,-95.427500,2005-08-26 00:00:00,2005-08-27 06:00:00,727.7430,2005-08-26 14:00:00,14.0000
07183000,37.922222,-95.427500,2007-05-07 16:00:00,2007-05-08 18:00:00,841.0103,2007-05-08 04:00:00,12.0000
07183000,37.922222,-95.427500,2007-06-01 21:00:00,2007-06-02 01:00:00,501.2082,2007-06-01 23:00:00,2.0000
07183000,37.922222,-95.427500,2007-06-29 06:00:00,2007-07-03 15:00:00,1557.4266,2007-07-01 05:00:00,47.0000
07183000,37.922222,-95.427500,2008-06-28 12:00:00,2008-06-29 07:00:00,611.6439,2008-06-28 23:00:00,11.0000
07183000,37.922222,-95.427500,2008-09-12 19:00:00,2008-09-13 20:00:00,724.9113,2008-09-13 09:00:00,14.0000
07183000,37.922222,-95.427500,2009-04-19 23:00:00,2009-04-20 08:00:00,549.3468,2009-04-20 04:00:00,5.0000
07183000,37.922222,-95.427500,2009-04-27 14:00:00,2009-04-30 22:00:00,954.2777,2009-04-28 07:00:00,17.0000
07183000,37.922222,-95.427500,2009-05-08 18:00:00,2009-05-10 04:00:00,858.0005,2009-05-09 11:00:00,17.0000
07183000,37.922222,-95.427500,2009-06-16 13:00:00,2009-06-17 18:00:00,832.5153,2009-06-17 03:00:00,14.0000
07183000,37.922222,-95.427500,2009-09-09 09:00:00,2009-09-11 13:00:00,1005.2481,2009-09-10 08:00:00,23.0000
07183000,37.922222,-95.427500,2009-10-09 12:00:00,2009-10-09 20:00:00,538.0201,2009-10-09 16:00:00,4.0000
07183000,37.922222,-95.427500,2009-10-30 14:00:00,2009-10-30 19:00:00,515.3666,2009-10-30 17:00:00,3.0000
07183000,37.922222,-95.427500,2010-05-13 20:00:00,2010-05-14 12:00:00,645.6241,2010-05-14 05:00:00,9.0000
07183000,37.922222,-95.427500,2010-07-06 20:00:00,2010-07-07 12:00:00,656.9508,2010-07-07 03:00:00,7.0000
07183000,37.922222,-95.427500,2010-09-16 15:00:00,2010-09-16 19:00:00,498.3765,2010-09-16 17:00:00,2.0000
07183000,37.922222,-95.427500,2013-08-09 17:00:00,2013-08-10 12:00:00,611.6439,2013-08-09 21:00:00,4.0000
07183000,37.922222,-95.427500,2014-04-03 12:00:00,2014-04-04 04:00:00,710.7528,2014-04-03 21:00:00,9.0000
07183000,37.922222,-95.427500,2015-05-17 17:00:00,2015-05-18 09:00:00,631.4657,2015-05-18 00:00:00,7.0000
07183000,37.922222,-95.427500,2015-05-24 12:00:00,2015-05-26 02:00:00,648.4558,2015-05-25 02:00:00,14.0000
07183000,37.922222,-95.427500,2015-05-30 00:00:00,2015-05-31 11:00:00,685.2677,2015-05-30 11:00:00,11.0000
07183000,37.922222,-95.427500,2016-04-27 12:00:00,2016-04-28 16:00:00,716.4162,2016-04-28 01:00:00,13.0000
07189000,36.631389,-94.586667,1990-05-03 19:00:00,1990-05-05 04:00:00,1042.0600,1990-05-04 03:00:00,8.0000
07189000,36.631389,-94.586667,1991-04-14 13:00:00,1991-04-15 01:00:00,450.2379,1991-04-14 19:00:00,6.0000
07189000,36.631389,-94.586667,1992-06-10 17:00:00,1992-06-11 13:00:00,897.6440,1992-06-10 23:30:00,6.5000
07189000,36.631389,-94.586667,1992-11-22 19:00:00,1992-11-23 14:00:00,489.8814,1992-11-23 06:00:00,11.0000
07189000,36.631389,-94.586667,1992-12-14 15:00:00,1992-12-17 06:00:00,792.8717,1992-12-16 09:00:00,42.0000
07189000,36.631389,-94.586667,1993-07-06 19:30:00,1993-07-07 17:00:00,1033.5649,1993-07-07 04:30:00,9.0000
07189000,36.631389,-94.586667,1993-09-14 21:00:00,1993-09-15 13:00:00,504.0399,1993-09-15 05:00:00,8.0000
07189000,36.631389,-94.586667,1993-09-25 23:00:00,1993-09-26 14:00:00,512.5349,1993-09-26 06:00:00,7.0000
07189000,36.631389,-94.586667,1993-11-14 21:30:00,1993-11-15 13:00:00,504.0399,1993-11-15 05:00:00,7.5000
07189000,36.631389,-94.586667,1994-04-11 17:00:00,1994-04-13 10:00:00,733.4063,1994-04-12 19:00:00,26.0000
07189000,36.631389,-94.586667,1995-04-21 02:00:00,1995-04-21 09:00:00,376.6141,1995-04-21 06:00:00,4.0000
07189000,36.631389,-94.586667,1995-05-08 20:00:00,1995-05-09 21:00:00,594.6538,1995-05-09 08:00:00,12.0000
07189000,36.631389,-94.586667,1995-06-10 13:00:00,1995-06-12 08:00:00,1979.3476,1995-06-11 08:00:00,19.0000
07189000,36.631389,-94.586667,1996-11-08 01:00:00,1996-11-08 11:00:00,413.4260,1996-11-08 06:00:00,5.0000
07189000,36.631389,-94.586667,1997-02-21 11:00:00,1997-02-22 10:00:00,642.7924,1997-02-21 23:00:00,12.0000
07189000,36.631389,-94.586667,1998-01-05 14:00:00,1998-01-05 19:00:00,345.4655,1998-01-05 16:00:00,2.0000
07189000,36.631389,-94.586667,1998-03-20 14:00:00,1998-03-20 17:00:00,342.6338,1998-03-20 16:00:00,2.0000
07189000,36.631389,-94.586667,1999-05-05 13:00:00,1999-05-06 03:00:00,506.8716,1999-05-05 20:15:00,7.2500
07189000,36.631389,-94.586667,1999-07-02 07:45:00,1999-07-02 20:30:00,402.0992,1999-07-02 14:30:00,6.7500
07189000,36.631389,-94.586667,2000-06-18 03:15:00,2000-06-18 21:15:00,758.8915,2000-06-18 10:30:00,7.2500
07189000,36.631389,-94.586667,2000-06-21 22:30:00,2000-06-22 16:30:00,583.3270,2000-06-22 05:45:00,7.2500
07189000,36.631389,-94.586667,2001-02-24 17:15:00,2001-02-26 02:15:00,897.6440,2001-02-25 06:45:00,13.5000
07189000,36.631389,-94.586667,2002-05-08 23:45:00,2002-05-09 07:45:00,430.4161,2002-05-09 03:30:00,3.7500
07189000,36.631389,-94.586667,2002-05-17 21:15:00,2002-05-18 23:15:00,937.2876,2002-05-18 09:00:00,11.7500
07189000,36.631389,-94.586667,2004-03-05 04:15:00,2004-03-05 08:30:00,336.9705,2004-03-05 06:15:00,2.0000
07189000,36.631389,-94.586667,2004-04-24 09:00:00,2004-04-25 19:45:00,676.7726,2004-04-24 20:30:00,11.5000
07189000,36.631389,-94.586667,2005-01-05 02:30:00,2005-01-07 02:15:00,914.6341,2005-01-05 15:45:00,13.2500
07189000,36.631389,-94.586667,2005-01-13 14:15:00,2005-01-14 09:30:00,569.1686,2005-01-14 00:15:00,10.0000
07189000,36.631389,-94.586667,2008-01-08 10:00:00,2008-01-09 16:15:00,988.2579,2008-01-09 03:15:00,17.2500
07189000,36.631389,-94.586667,2008-02-17 20:30:00,2008-02-18 11:30:00,461.5646,2008-02-18 03:00:00,6.5000
07189000,36.631389,-94.586667,2008-03-18 15:15:00,2008-03-20 18:00:00,1800.9514,2008-03-19 11:45:00,20.5000
07189000,36.631389,-94.586667,2008-04-10 13:00:00,2008-04-11 23:15:00,1339.3868,2008-04-11 05:15:00,16.2500
07189000,36.631389,-94.586667,2008-09-15 03:30:00,2008-09-15 14:15:00,509.7032,2008-09-15 08:30:00,5.0000
07189000,36.631389,-94.586667,2009-10-09 13:45:00,2009-10-10 18:30:00,1112.8521,2009-10-10 01:00:00,11.2500
07189000,36.631389,-94.586667,2010-03-26 05:15:00,2010-03-26 18:45:00,379.4457,2010-03-26 12:15:00,7.0000
07189000,36.631389,-94.586667,2010-05-21 01:15:00,2010-05-21 09:15:00,368.1190,2010-05-21 04:30:00,3.2500
07189000,36.631389,-94.586667,2011-04-24 11:00:00,2011-04-27 15:00:00,2389.9419,2011-04-26 02:30:00,39.5000
07189000,36.631389,-94.586667,2011-05-23 03:45:00,2011-05-26 04:15:00,1973.6842,2011-05-24 13:00:00,33.2500
07189000,36.631389,-94.586667,2013-04-19 00:15:00,2013-04-19 15:00:00,577.6637,2013-04-19 08:00:00,7.7500
07189000,36.631389,-94.586667,2013-05-10 15:15:00,2013-05-11 10:00:00,574.8320,2013-05-11 00:45:00,9.5000
07189000,36.631389,-94.586667,2013-08-04 07:30:00,2013-08-04 14:00:00,407.7626,2013-08-04 10:30:00,3.0000
07189000,36.631389,-94.586667,2013-08-08 11:45:00,2013-08-09 19:00:00,1602.7335,2013-08-09 05:00:00,17.2500
07189000,36.631389,-94.586667,2015-03-26 21:00:00,2015-03-27 03:30:00,365.2873,2015-03-27 00:15:00,3.2500
07189000,36.631389,-94.586667,2015-05-25 03:30:00,2015-05-25 13:45:00,387.9408,2015-05-25 06:45:00,3.2500
07189000,36.631389,-94.586667,2015-05-30 16:15:00,2015-05-31 01:30:00,376.6141,2015-05-30 20:30:00,4.2500
07189000,36.631389,-94.586667,2015-06-19 23:00:00,2015-06-20 08:30:00,453.0695,2015-06-20 03:45:00,4.7500
07189000,36.631389,-94.586667,2015-07-10 00:15:00,2015-07-11 05:30:00,770.2182,2015-07-10 15:00:00,14.7500
07189000,36.631389,-94.586667,2015-12-27 04:30:00,2015-12-29 22:15:00,3029.9026,2015-12-27 20:15:00,15.7500
07195500,36.130000,-94.571944,1991-04-14 13:30:00,1991-04-14 18:45:00,302.9903,1991-04-14 15:30:00,2.0000
07195500,36.130000,-94.571944,1992-06-07 06:00:00,1992-06-07 15:00:00,379.4457,1992-06-07 10:00:00,4.0000
07195500,36.130000,-94.571944,1992-11-22 21:00:00,1992-11-23 09:00:00,379.4457,1992-11-23 03:00:00,6.0000
07195500,36.130000,-94.571944,1992-12-14 12:00:00,1992-12-16 21:00:00,662.6142,1992-12-16 05:00:00,41.0000
07195500,36.130000,-94.571944,1993-04-15 09:00:00,1993-04-15 18:00:00,382.2774,1993-04-15 13:00:00,4.0000
07195500,36.130000,-94.571944,1993-05-09 23:00:00,1993-05-11 07:00:00,441.7428,1993-05-10 22:00:00,23.0000
07195500,36.130000,-94.571944,1993-09-14 20:00:00,1993-09-15 11:00:00,311.4853,1993-09-15 08:00:00,12.0000
07195500,36.130000,-94.571944,1993-11-14 18:00:00,1993-11-15 10:00:00,387.9408,1993-11-15 02:00:00,8.0000
07195500,36.130000,-94.571944,1995-01-14 09:00:00,1995-01-15 00:00:00,345.4655,1995-01-14 17:00:00,8.0000
07195500,36.130000,-94.571944,1995-04-20 21:00:00,1995-04-21 05:00:00,402.0992,1995-04-21 00:00:00,3.0000
07195500,36.130000,-94.571944,1995-05-08 14:00:00,1995-05-09 15:00:00,535.1884,1995-05-09 05:00:00,15.0000
07195500,36.130000,-94.571944,1995-06-11 05:00:00,1995-06-11 19:15:00,410.5943,1995-06-11 10:00:00,5.0000
07195500,36.130000,-94.571944,1996-09-26 20:00:00,1996-09-27 20:00:00,591.8221,1996-09-27 12:00:00,16.0000
07195500,36.130000,-94.571944,1996-11-07 20:00:00,1996-11-08 11:00:00,523.8617,1996-11-08 03:00:00,7.0000
07195500,36.130000,-94.571944,1996-11-25 00:00:00,1996-11-25 21:00:00,447.4062,1996-11-25 11:00:00,11.0000
07195500,36.130000,-94.571944,1997-02-21 06:00:00,1997-02-22 05:00:00,538.0201,1997-02-21 21:00:00,15.0000
07195500,36.130000,-94.571944,1998-01-05 06:00:00,1998-01-06 05:00:00,727.7430,1998-01-05 11:00:00,5.0000
07195500,36.130000,-94.571944,1998-03-20 07:00:00,1998-03-20 13:00:00,314.3170,1998-03-20 10:00:00,3.0000
07195500,36.130000,-94.571944,1999-05-05 14:00:00,1999-05-05 21:00:00,342.6338,1999-05-05 17:00:00,3.0000
07195500,36.130000,-94.571944,1999-07-01 01:00:00,1999-07-01 16:00:00,625.8023,1999-07-01 06:00:00,5.0000
07195500,36.130000,-94.571944,2000-06-18 05:00:00,2000-06-18 15:30:00,455.9012,2000-06-18 09:30:00,4.5000
07195500,36.130000,-94.571944,2000-06-21 11:30:00,2000-06-22 21:30:00,869.3272,2000-06-22 06:30:00,19.0000
07195500,36.130000,-94.571944,2000-06-28 20:00:00,2000-06-29 22:30:00,784.3767,2000-06-29 10:30:00,14.5000
07195500,36.130000,-94.571944,2001-02-24 12:30:00,2001-02-25 19:30:00,586.1587,2001-02-25 02:00:00,13.5000
07195500,36.130000,-94.571944,2001-12-17 02:00:00,2001-12-18 04:30:00,506.8716,2001-12-17 18:30:00,16.5000
07195500,36.130000,-94.571944,2002-04-08 11:30:00,2002-04-09 06:00:00,574.8320,2002-04-08 21:30:00,10.0000
07195500,36.130000,-94.571944,2004-04-23 13:30:00,2004-04-25 14:00:00,982.5946,2004-04-25 01:30:00,36.0000
07195500,36.130000,-94.571944,2004-07-03 20:00:00,2004-07-04 08:30:00,549.3468,2004-07-04 01:30:00,5.5000
07195500,36.130000,-94.571944,2005-01-05 04:30:00,2005-01-06 16:30:00,421.9210,2005-01-06 06:30:00,26.0000
07195500,36.130000,-94.571944,2005-01-13 17:30:00,2005-01-14 03:00:00,382.2774,2005-01-13 22:30:00,5.0000
07195500,36.130000,-94.571944,2006-12-01 00:00:00,2006-12-01 15:00:00,472.8913,2006-12-01 06:00:00,6.0000
07195500,36.130000,-94.571944,2007-01-14 14:00:00,2007-01-14 22:00:00,348.2972,2007-01-14 19:00:00,5.0000
07195500,36.130000,-94.571944,2008-02-17 20:00:00,2008-02-18 05:00:00,370.9507,2008-02-18 00:00:00,4.0000
07195500,36.130000,-94.571944,2008-03-18 21:00:00,2008-03-20 10:00:00,1500.7929,2008-03-19 10:00:00,13.0000
07195500,36.130000,-94.571944,2008-04-01 05:00:00,2008-04-01 21:00:00,535.1884,2008-04-01 14:00:00,9.0000
07195500,36.130000,-94.571944,2008-04-10 13:00:00,2008-04-11 15:00:00,1050.5550,2008-04-11 02:00:00,13.0000
07195500,36.130000,-94.571944,2008-04-24 19:00:00,2008-04-25 00:00:00,328.4754,2008-04-24 21:00:00,2.0000
07195500,36.130000,-94.571944,2009-05-04 07:00:00,2009-05-04 11:00:00,286.0002,2009-05-04 08:00:00,1.0000
07195500,36.130000,-94.571944,2009-10-09 12:00:00,2009-10-10 16:00:00,914.6341,2009-10-10 01:00:00,13.0000
07195500,36.130000,-94.571944,2009-10-30 19:00:00,2009-10-31 01:00:00,331.3071,2009-10-30 22:00:00,3.0000
07195500,36.130000,-94.571944,2010-07-14 00:00:00,2010-07-14 07:00:00,387.9408,2010-07-14 03:00:00,3.0000
07195500,36.130000,-94.571944,2010-07-16 23:00:00,2010-07-17 01:00:00,286.0002,2010-07-17 00:00:00,1.0000
07195500,36.130000,-94.571944,2011-04-24 07:00:00,2011-04-27 08:00:00,2758.0609,2011-04-26 08:00:00,49.0000
07195500,36.130000,-94.571944,2011-05-24 02:00:00,2011-05-26 03:00:00,1605.5652,2011-05-24 12:00:00,10.0000
07195500,36.130000,-94.571944,2011-11-09 10:00:00,2011-11-09 15:00:00,314.3170,2011-11-09 13:00:00,3.0000
07195500,36.130000,-94.571944,2013-04-19 03:00:00,2013-04-19 11:00:00,455.9012,2013-04-19 06:00:00,3.0000
07195500,36.130000,-94.571944,2013-05-10 14:00:00,2013-05-11 08:00:00,591.8221,2013-05-11 00:00:00,10.0000
07195500,36.130000,-94.571944,2013-08-09 05:00:00,2013-08-09 09:00:00,300.1586,2013-08-09 07:00:00,2.0000
07195500,36.130000,-94.571944,2015-05-24 16:00:00,2015-05-25 23:00:00,410.5943,2015-05-24 20:00:00,4.0000
07195500,36.130000,-94.571944,2015-06-19 12:00:00,2015-06-20 09:00:00,668.2776,2015-06-19 23:00:00,11.0000
07195500,36.130000,-94.571944,2015-07-08 14:00:00,2015-07-08 18:00:00,302.9903,2015-07-08 17:00:00,3.0000
07195500,36.130000,-94.571944,2015-07-10 06:00:00,2015-07-10 23:00:00,325.6437,2015-07-10 20:00:00,14.0000
07195500,36.130000,-94.571944,2015-11-28 10:00:00,2015-11-28 17:00:00,322.8121,2015-11-28 14:00:00,4.0000
07195500,36.130000,-94.571944,2015-12-14 09:00:00,2015-12-14 19:00:00,334.1388,2015-12-14 14:00:00,5.0000
07195500,36.130000,-94.571944,2015-12-27 06:00:00,2015-12-29 19:00:00,3114.8531,2015-12-28 08:00:00,26.0000
07231500,34.977778,-96.243333,1992-12-14 16:00:00,1992-12-14 19:00:00,1948.1990,1992-12-14 19:00:00,3.0000
07231500,34.977778,-96.243333,1993-05-09 21:00:00,1993-05-10 21:00:00,2644.7935,1993-05-10 15:00:00,18.0000
07231500,34.977778,-96.243333,1995-05-08 08:00:00,1995-05-08 17:00:00,2607.9816,1995-05-08 09:00:00,1.0000
07231500,34.977778,-96.243333,1995-06-05 09:00:00,1995-06-06 08:15:00,2426.7538,1995-06-05 23:00:00,14.0000
07231500,34.977778,-96.243333,1998-03-17 04:00:00,1998-03-17 15:00:00,2695.7638,1998-03-17 08:00:00,4.0000
07231500,34.977778,-96.243333,1998-04-27 11:00:00,1998-04-27 15:00:00,2435.2488,1998-04-27 13:00:00,2.0000
07231500,34.977778,-96.243333,1999-04-26 18:15:00,1999-04-27 06:00:00,2741.0708,1999-04-26 22:00:00,3.7500
07231500,34.977778,-96.243333,2015-05-10 01:30:00,2015-05-11 18:30:00,3143.1700,2015-05-10 13:30:00,12.0000
07231500,34.977778,-96.243333,2015-05-25 15:00:00,2015-05-26 17:30:00,3482.9721,2015-05-26 03:00:00,12.0000
07231500,34.977778,-96.243333,2015-06-18 13:00:00,2015-06-19 20:00:00,3482.9721,2015-06-19 03:00:00,14.0000
07231500,34.977778,-96.243333,2015-07-08 14:00:00,2015-07-09 04:30:00,3058.2194,2015-07-08 18:30:00,4.5000
07239300,35.811944,-98.420556,1993-04-29 06:30:00,1993-04-29 08:30:00,52.9525,1993-04-29 07:00:00,0.5000
07239300,35.811944,-98.420556,1993-05-02 11:00:00,1993-05-02 13:00:00,45.0238,1993-05-02 12:00:00,1.0000
07239300,35.811944,-98.420556,1993-05-08 19:30:00,1993-05-10 12:30:00,105.3387,1993-05-09 14:30:00,19.0000
07239300,35.811944,-98.420556,1995-06-04 08:00:00,1995-06-04 11:00:00,48.7050,1995-06-04 09:00:00,1.0000
07239300,35.811944,-98.420556,1995-06-05 16:00:00,1995-06-06 16:00:00,74.1901,1995-06-06 00:00:00,8.0000
07239300,35.811944,-98.420556,1995-06-09 12:00:00,1995-06-11 07:00:00,61.1644,1995-06-09 13:00:00,1.0000
07239300,35.811944,-98.420556,1995-08-02 22:00:00,1995-08-05 00:00:00,146.1149,1995-08-03 17:00:00,19.0000
07239300,35.811944,-98.420556,1996-08-03 09:00:00,1996-08-03 09:45:00,44.1743,1996-08-03 09:30:00,0.5000
07239300,35.811944,-98.420556,1996-09-19 11:30:00,1996-09-19 16:30:00,77.3050,1996-09-19 13:30:00,2.0000
07239300,35.811944,-98.420556,1997-04-11 05:00:00,1997-04-12 06:45:00,90.3307,1997-04-11 13:45:00,8.7500
07239300,35.811944,-98.420556,1997-05-02 08:00:00,1997-05-03 02:00:00,54.3683,1997-05-02 16:30:00,8.5000
07239300,35.811944,-98.420556,1997-05-07 09:00:00,1997-05-07 12:00:00,51.2535,1997-05-07 10:00:00,1.0000
07239300,35.811944,-98.420556,1997-06-11 21:45:00,1997-06-11 22:45:00,42.4753,1997-06-11 22:00:00,0.2500
07239300,35.811944,-98.420556,1997-08-11 02:00:00,1997-08-11 05:00:00,65.9783,1997-08-11 03:00:00,1.0000
07239300,35.811944,-98.420556,1997-08-19 05:45:00,1997-08-20 01:00:00,65.6951,1997-08-19 15:00:00,9.2500
07239300,35.811944,-98.420556,1997-08-22 12:30:00,1997-08-22 14:30:00,47.0060,1997-08-22 13:45:00,1.2500
07239300,35.811944,-98.420556,1998-03-16 07:00:00,1998-03-17 13:00:00,67.1109,1998-03-17 05:00:00,22.0000
07239300,35.811944,-98.420556,1999-04-24 23:15:00,1999-04-26 06:00:00,86.9327,1999-04-25 01:15:00,2.0000
07239300,35.811944,-98.420556,1999-12-09 19:30:00,1999-12-09 22:30:00,44.7406,1999-12-09 21:00:00,1.5000
07239300,35.811944,-98.420556,2000-03-23 11:30:00,2000-03-24 16:00:00,82.6852,2000-03-23 20:30:00,9.0000
07239300,35.811944,-98.420556,2001-05-30 06:30:00,2001-05-30 10:30:00,56.0674,2001-05-30 08:00:00,1.5000
07239300,35.811944,-98.420556,2004-03-04 20:00:00,2004-03-05 03:00:00,84.6674,2004-03-04 23:00:00,3.0000
07239300,35.811944,-98.420556,2007-03-29 22:30:00,2007-03-30 00:30:00,49.8377,2007-03-29 23:30:00,1.0000
07239300,35.811944,-98.420556,2007-08-19 08:30:00,2007-08-19 19:30:00,204.4476,2007-08-19 10:30:00,2.0000
07239300,35.811944,-98.420556,2015-05-23 23:30:00,2015-05-25 08:00:00,80.4198,2015-05-24 01:00:00,1.5000
07239300,35.811944,-98.420556,2015-06-13 04:00:00,2015-06-13 19:00:00,48.4218,2015-06-13 05:00:00,1.0000
07239500,35.563056,-97.957222,1993-05-09 00:00:00,1993-05-13 00:00:00,413.4260,1993-05-10 17:30:00,41.5000
07239500,35.563056,-97.957222,1995-06-04 14:00:00,1995-06-04 19:00:00,127.7090,1995-06-04 17:00:00,3.0000
07239500,35.563056,-97.957222,1995-06-09 16:00:00,1995-06-12 18:00:00,231.3486,1995-06-10 05:00:00,13.0000
07239500,35.563056,-97.957222,2004-03-06 19:30:00,2004-03-07 01:30:00,125.7268,2004-03-06 20:30:00,1.0000
07239500,35.563056,-97.957222,2007-05-08 20:30:00,2007-05-10 03:30:00,190.2892,2007-05-09 16:30:00,20.0000
07239500,35.563056,-97.957222,2007-06-29 18:30:00,2007-07-01 00:00:00,192.2714,2007-06-30 06:00:00,11.5000
07239500,35.563056,-97.957222,2007-08-19 11:00:00,2007-08-22 18:30:00,673.9409,2007-08-20 18:00:00,31.0000
07239500,35.563056,-97.957222,2008-04-10 13:00:00,2008-04-10 20:30:00,135.9209,2008-04-10 16:30:00,3.5000
07239500,35.563056,-97.957222,2011-11-08 11:00:00,2011-11-08 12:30:00,124.3110,2011-11-08 12:00:00,1.0000
07239500,35.563056,-97.957222,2015-05-24 06:00:00,2015-05-24 19:00:00,150.0793,2015-05-24 11:00:00,5.0000
07299670,34.354444,-99.740000,1995-07-19 03:18:06,1995-07-19 14:17:33,51.8198,1995-07-19 10:17:00,6.9817
07299670,34.354444,-99.740000,1995-08-02 09:01:21,1995-08-04 22:00:36,300.1586,1995-08-03 09:00:12,23.9808
07299670,34.354444,-99.740000,1996-07-10 00:00:00,1996-07-12 01:30:00,143.5664,1996-07-11 05:00:00,29.0000
07299670,34.354444,-99.740000,1996-09-15 22:30:00,1996-09-17 00:30:00,90.0476,1996-09-16 04:30:00,6.0000
07299670,34.354444,-99.740000,1997-04-12 08:00:00,1997-04-12 13:00:00,29.7327,1997-04-12 10:00:00,2.0000
07299670,34.354444,-99.740000,1997-04-25 19:30:00,1997-04-27 11:00:00,107.8872,1997-04-26 07:00:00,11.5000
07299670,34.354444,-99.740000,1998-03-16 06:30:00,1998-03-16 13:00:00,37.3782,1998-03-16 09:00:00,2.5000
07299670,34.354444,-99.740000,1999-05-28 06:00:00,1999-05-29 04:30:00,84.1010,1999-05-28 20:00:00,14.0000
07299670,34.354444,-99.740000,2000-03-23 18:30:00,2000-03-24 02:30:00,37.3782,2000-03-23 22:30:00,4.0000
07299670,34.354444,-99.740000,2000-06-03 12:30:00,2000-06-03 21:00:00,60.3149,2000-06-03 16:00:00,3.5000
07299670,34.354444,-99.740000,2003-08-31 09:30:00,2003-08-31 21:30:00,51.8198,2003-08-31 15:00:00,5.5000
07299670,34.354444,-99.740000,2004-03-04 21:00:00,2004-03-05 16:30:00,79.2872,2004-03-05 05:30:00,8.5000
07299670,34.354444,-99.740000,2006-08-21 16:45:00,2006-08-23 06:00:00,73.9070,2006-08-22 19:30:00,26.7500
07299670,34.354444,-99.740000,2006-10-16 01:30:00,2006-10-16 04:45:00,62.2971,2006-10-16 04:45:00,3.2500
07299670,34.354444,-99.740000,2007-08-03 05:15:00,2007-08-04 10:45:00,69.9426,2007-08-03 21:00:00,15.7500
07299670,34.354444,-99.740000,2008-08-19 19:30:00,2008-08-20 09:30:00,67.6773,2008-08-20 01:30:00,6.0000
07299670,34.354444,-99.740000,2009-04-29 09:30:00,2009-05-01 05:45:00,266.1784,2009-04-29 18:30:00,9.0000
07299670,34.354444,-99.740000,2010-04-17 04:15:00,2010-04-17 08:00:00,34.5466,2010-04-17 05:45:00,1.5000
07299670,34.354444,-99.740000,2010-04-23 20:45:00,2010-04-24 16:30:00,73.6238,2010-04-24 07:30:00,10.7500
07299670,34.354444,-99.740000,2012-06-13 11:15:00,2012-06-14 09:45:00,97.6931,2012-06-13 20:00:00,8.7500
07299670,34.354444,-99.740000,2012-08-26 15:00:00,2012-08-27 06:30:00,100.2416,2012-08-26 22:15:00,7.2500
07299670,34.354444,-99.740000,2014-04-21 09:45:00,2014-04-21 16:30:00,41.9089,2014-04-21 13:45:00,4.0000
07299670,34.354444,-99.740000,2014-05-23 20:30:00,2014-05-24 09:00:00,72.7743,2014-05-24 02:00:00,5.5000
07299670,34.354444,-99.740000,2014-06-08 09:15:00,2014-06-09 21:30:00,114.4001,2014-06-08 15:30:00,6.2500
07299670,34.354444,-99.740000,2015-05-07 23:30:00,2015-05-09 16:45:00,142.4337,2015-05-08 06:30:00,7.0000
07299670,34.354444,-99.740000,2015-05-15 10:15:00,2015-05-16 02:00:00,82.6852,2015-05-15 18:00:00,7.7500
07299670,34.354444,-99.740000,2015-06-15 19:30:00,2015-06-16 15:00:00,49.2713,2015-06-16 01:30:00,6.0000
07301110,34.478889,-99.381944,1991-05-12 15:00:00,1991-05-12 20:45:00,131.3902,1991-05-12 17:15:00,2.2500
07301110,34.478889,-99.381944,1991-05-24 02:00:00,1991-05-26 11:30:00,229.3665,1991-05-24 18:15:00,16.2500
07301110,34.478889,-99.381944,1991-06-02 06:15:00,1991-06-03 04:45:00,659.7825,1991-06-03 00:15:00,18.0000
07301110,34.478889,-99.381944,1991-06-07 08:30:00,1991-06-08 04:45:00,334.1388,1991-06-08 03:30:00,19.0000
07301110,34.478889,-99.381944,1991-12-20 16:00:00,1991-12-21 22:30:00,143.0001,1991-12-21 11:45:00,19.7500
07301110,34.478889,-99.381944,1992-06-06 09:15:00,1992-06-07 18:30:00,156.5922,1992-06-07 08:15:00,23.0000
07301110,34.478889,-99.381944,1992-06-29 23:15:00,1992-06-30 01:15:00,119.2139,1992-06-30 00:15:00,1.0000
07301110,34.478889,-99.381944,1993-04-29 21:00:00,1993-04-29 23:45:00,119.2139,1993-04-29 21:15:00,0.2500
07301110,34.478889,-99.381944,1993-05-09 01:15:00,1993-05-11 12:45:00,472.8913,1993-05-10 15:30:00,38.2500
07301110,34.478889,-99.381944,1993-07-08 19:00:00,1993-07-09 07:00:00,135.9209,1993-07-09 03:15:00,8.2500
07301110,34.478889,-99.381944,1995-06-04 06:30:00,1995-06-07 03:30:00,852.3371,1995-06-05 10:30:00,28.0000
07301110,34.478889,-99.381944,1995-06-10 11:15:00,1995-06-12 04:45:00,529.5250,1995-06-11 01:00:00,13.7500
07301110,34.478889,-99.381944,1995-08-02 12:30:00,1995-08-04 04:00:00,1042.0600,1995-08-03 15:30:00,27.0000
07301110,34.478889,-99.381944,1996-07-10 18:45:00,1996-07-11 00:45:00,136.4872,1996-07-10 21:30:00,2.7500
07301110,34.478889,-99.381944,1996-08-29 07:15:00,1996-08-30 22:45:00,227.3843,1996-08-29 20:45:00,13.5000
07301110,34.478889,-99.381944,1996-09-04 16:30:00,1996-09-06 06:00:00,356.7923,1996-09-05 10:00:00,17.5000
07301110,34.478889,-99.381944,1997-02-21 06:15:00,1997-02-22 15:00:00,288.8318,1997-02-21 20:00:00,13.7500
07301110,34.478889,-99.381944,1997-04-05 02:30:00,1997-04-06 02:15:00,472.8913,1997-04-05 11:45:00,9.2500
07301110,34.478889,-99.381944,1997-04-25 17:45:00,1997-04-26 04:45:00,240.9764,1997-04-26 03:45:00,10.0000
07301110,34.478889,-99.381944,1997-05-09 09:15:00,1997-05-10 01:30:00,143.0001,1997-05-09 12:30:00,3.2500
07301110,34.478889,-99.381944,1997-06-13 06:15:00,1997-06-13 14:45:00,128.2753,1997-06-13 10:15:00,4.0000
07301110,34.478889,-99.381944,1997-07-12 11:15:00,1997-07-13 08:15:00,135.9209,1997-07-13 02:45:00,15.5000
07301110,34.478889,-99.381944,1997-08-11 19:45:00,1997-08-12 21:15:00,153.7605,1997-08-12 04:30:00,8.7500
07301110,34.478889,-99.381944,1997-08-15 09:15:00,1997-08-16 01:00:00,121.1961,1997-08-15 18:30:00,9.2500
07301110,34.478889,-99.381944,1999-06-25 22:00:00,1999-06-26 04:00:00,133.6555,1999-06-26 02:00:00,4.0000
07301110,34.478889,-99.381944,2000-03-24 07:00:00,2000-03-25 03:00:00,142.4337,2000-03-24 22:00:00,15.0000
07301110,34.478889,-99.381944,2004-03-05 17:15:00,2004-03-06 08:30:00,144.9823,2004-03-06 00:45:00,7.5000
07301110,34.478889,-99.381944,2005-09-16 18:15:00,2005-09-17 09:45:00,150.3625,2005-09-17 02:15:00,8.0000
07301110,34.478889,-99.381944,2010-07-06 11:15:00,2010-07-07 04:15:00,171.0338,2010-07-06 18:30:00,7.2500
07301110,34.478889,-99.381944,2010-07-09 12:00:00,2010-07-10 14:00:00,184.3427,2010-07-10 03:30:00,15.5000
07301110,34.478889,-99.381944,2015-05-08 17:30:00,2015-05-11 08:00:00,239.8437,2015-05-10 11:45:00,42.2500
07301110,34.478889,-99.381944,2015-05-24 14:30:00,2015-05-26 23:00:00,161.6892,2015-05-26 07:15:00,40.7500
07301110,34.478889,-99.381944,2015-06-15 02:45:00,2015-06-17 12:00:00,509.7032,2015-06-16 13:15:00,34.5000
07303400,35.011667,-99.903333,1995-06-03 17:00:00,1995-06-04 07:00:00,1764.1395,1995-06-03 21:10:00,4.1667
07303400,35.011667,-99.903333,2003-09-11 05:30:00,2003-09-11 12:30:00,741.9014,2003-09-11 06:00:00,0.5000
07303400,35.011667,-99.903333,2015-05-23 21:30:00,2015-05-24 05:00:00,441.7428,2015-05-24 00:00:00,2.5000
07307028,34.506944,-99.207778,1991-05-24 11:30:00,1991-05-26 08:30:00,402.0992,1991-05-25 16:30:00,29.0000
07307028,34.506944,-99.207778,1991-06-02 06:30:00,1991-06-09 12:30:00,716.4162,1991-06-02 22:00:00,15.5000
07307028,34.506944,-99.207778,1991-12-20 11:30:00,1991-12-22 22:30:00,229.9328,1991-12-21 12:00:00,24.5000
07307028,34.506944,-99.207778,1992-06-06 17:30:00,1992-06-07 06:00:00,164.5209,1992-06-06 22:30:00,5.0000
07307028,34.506944,-99.207778,1994-11-20 13:00:00,1994-11-22 03:30:00,216.3407,1994-11-20 17:00:00,4.0000
07307028,34.506944,-99.207778,1995-05-28 07:30:00,1995-05-29 06:00:00,201.6159,1995-05-28 20:00:00,12.5000
07307028,34.506944,-99.207778,1995-06-04 08:00:00,1995-06-09 01:00:00,1152.4957,1995-06-06 15:30:00,55.5000
07307028,34.506944,-99.207778,1995-06-10 09:30:00,1995-06-13 14:30:00,472.8913,1995-06-11 02:30:00,17.0000
07307028,34.506944,-99.207778,1995-07-24 10:30:00,1995-07-24 17:00:00,204.1645,1995-07-24 13:30:00,3.0000
07307028,34.506944,-99.207778,1995-08-02 12:00:00,1995-08-08 14:30:00,761.7232,1995-08-06 03:30:00,87.5000
07307028,34.506944,-99.207778,1995-09-19 20:00:00,1995-09-21 18:00:00,351.1289,1995-09-20 23:30:00,27.5000
07307028,34.506944,-99.207778,1996-08-29 05:00:00,1996-08-31 14:30:00,390.7725,1996-08-30 09:30:00,28.5000
07307028,34.506944,-99.207778,1996-09-05 12:30:00,1996-09-06 08:00:00,186.8912,1996-09-05 21:30:00,9.0000
07307028,34.506944,-99.207778,1996-09-17 10:00:00,1996-09-18 08:00:00,211.5268,1996-09-17 21:00:00,11.0000
07307028,34.506944,-99.207778,1997-02-21 12:00:00,1997-02-23 14:00:00,271.8417,1997-02-22 15:30:00,27.5000
07307028,34.506944,-99.207778,1997-04-05 23:30:00,1997-04-07 11:00:00,262.7803,1997-04-07 00:00:00,23.5000
07307028,34.506944,-99.207778,1997-04-12 03:00:00,1997-04-14 08:00:00,259.6655,1997-04-13 16:00:00,37.0000
07307028,34.506944,-99.207778,1997-04-26 01:00:00,1997-05-02 21:30:00,555.0102,1997-04-28 13:30:00,60.5000
07307028,34.506944,-99.207778,1997-08-12 07:00:00,1997-08-13 01:30:00,247.7724,1997-08-12 19:00:00,12.0000
07307028,34.506944,-99.207778,1997-09-23 06:00:00,1997-09-25 15:00:00,336.9705,1997-09-23 10:00:00,4.0000
07307028,34.506944,-99.207778,1999-05-28 11:00:00,1999-05-30 02:00:00,216.6239,1999-05-29 08:00:00,21.0000
07307028,34.506944,-99.207778,1999-06-02 09:00:00,1999-06-02 21:00:00,167.3526,1999-06-02 14:15:00,5.2500
07307028,34.506944,-99.207778,2000-03-23 22:00:00,2000-03-25 16:00:00,226.5348,2000-03-24 23:00:00,25.0000
07307028,34.506944,-99.207778,2000-05-01 05:30:00,2000-05-01 19:15:00,188.8734,2000-05-01 09:45:00,4.2500
07307028,34.506944,-99.207778,2000-10-26 18:15:00,2000-10-27 07:00:00,220.3051,2000-10-27 00:00:00,5.7500
07307028,34.506944,-99.207778,2001-05-06 07:00:00,2001-05-07 13:00:00,186.6080,2001-05-06 17:30:00,10.5000
07307028,34.506944,-99.207778,2001-05-20 07:30:00,2001-05-22 21:00:00,348.2972,2001-05-20 19:30:00,12.0000
07307028,34.506944,-99.207778,2001-05-31 05:45:00,2001-05-31 19:15:00,185.1922,2001-05-31 13:45:00,8.0000
07307028,34.506944,-99.207778,2004-03-05 16:30:00,2004-03-07 02:00:00,317.1487,2004-03-06 12:30:00,20.0000
07307028,34.506944,-99.207778,2004-10-08 17:30:00,2004-10-09 11:00:00,288.8318,2004-10-09 04:00:00,10.5000
07307028,34.506944,-99.207778,2004-11-17 02:00:00,2004-11-17 18:00:00,205.8635,2004-11-17 12:00:00,10.0000
07307028,34.506944,-99.207778,2005-08-23 15:15:00,2005-08-24 05:00:00,187.1744,2005-08-23 23:00:00,7.7500
07307028,34.506944,-99.207778,2007-06-15 10:00:00,2007-06-16 20:00:00,286.0002,2007-06-16 09:00:00,23.0000
07307028,34.506944,-99.207778,2007-06-21 17:00:00,2007-06-22 22:30:00,193.1209,2007-06-22 02:30:00,9.5000
07307028,34.506944,-99.207778,2007-06-29 11:00:00,2007-07-01 21:30:00,261.9308,2007-06-30 22:30:00,35.5000
07307028,34.506944,-99.207778,2007-08-20 15:30:00,2007-08-20 20:30:00,158.2912,2007-08-20 17:30:00,2.0000
07307028,34.506944,-99.207778,2009-04-29 16:00:00,2009-04-30 04:00:00,208.1288,2009-04-29 22:00:00,6.0000
07307028,34.506944,-99.207778,2015-05-09 19:30:00,2015-05-11 11:30:00,288.8318,2015-05-10 12:30:00,17.0000
07307028,34.506944,-99.207778,2015-05-17 03:30:00,2015-05-17 16:30:00,178.1130,2015-05-17 11:30:00,8.0000
07307028,34.506944,-99.207778,2015-05-20 12:30:00,2015-05-28 11:00:00,656.9508,2015-05-26 05:30:00,137.0000
07307028,34.506944,-99.207778,2015-06-15 19:30:00,2015-06-18 09:30:00,348.2972,2015-06-17 13:00:00,41.5000
07307028,34.506944,-99.207778,2016-04-17 08:00:00,2016-04-19 06:30:00,217.4734,2016-04-17 20:00:00,12.0000
07311000,34.362222,-98.282222,1988-03-02 18:19:03,1988-03-06 19:19:51,116.0991,1988-03-05 08:49:36,62.5092
07311000,34.362222,-98.282222,1988-03-29 05:39:12,1988-03-29 20:39:21,58.0495,1988-03-29 09:39:15,4.0008
07311000,34.362222,-98.282222,1988-04-01 12:09:51,1988-04-04 15:25:27,98.8258,1988-04-03 06:40:12,41.5058
07311000,34.362222,-98.282222,1988-04-18 04:43:06,1988-04-18 15:13:12,37.3782,1988-04-18 07:43:06,3.0000
07311000,34.362222,-98.282222,1988-09-19 04:00:00,1988-09-20 11:30:00,83.5347,1988-09-19 16:45:00,12.7500
07311000,34.362222,-98.282222,1989-06-04 07:19:00,1989-06-11 02:35:30,193.6872,1989-06-08 23:05:00,111.7667
07311000,34.362222,-98.282222,1989-06-12 14:20:48,1989-06-17 20:36:57,186.3249,1989-06-15 15:36:30,73.2617
07311000,34.362222,-98.282222,1989-09-13 08:17:48,1989-09-15 16:34:18,86.9327,1989-09-14 14:18:36,30.0133
07311000,34.362222,-98.282222,1990-02-28 23:45:00,1990-03-03 01:30:00,83.2515,1990-03-01 22:45:00,23.0000
07311000,34.362222,-98.282222,1990-03-11 12:19:39,1990-03-18 02:25:54,119.4971,1990-03-15 18:38:42,102.3175
07311000,34.362222,-98.282222,1990-03-21 03:58:51,1990-03-27 20:35:15,46.7228,1990-03-25 02:17:36,94.3125
07311000,34.362222,-98.282222,1990-04-19 02:26:30,1990-04-23 15:45:48,217.7566,1990-04-21 07:28:36,53.0350
07311000,34.362222,-98.282222,1990-04-25 06:02:21,1990-04-30 09:37:15,64.8456,1990-04-28 21:35:48,87.5575
07311000,34.362222,-98.282222,1990-05-01 20:23:39,1990-05-06 11:28:03,278.0714,1990-05-03 22:40:39,50.2833
07311000,34.362222,-98.282222,1990-05-08 16:00:00,1990-05-13 01:45:00,38.2277,1990-05-12 17:45:00,97.7500
07311000,34.362222,-98.282222,1990-07-26 15:45:00,1990-07-27 18:15:00,81.5525,1990-07-27 06:30:00,14.7500
07311000,34.362222,-98.282222,1991-05-24 09:15:00,1991-05-26 20:00:00,79.0040,1991-05-25 11:45:00,26.5000
07311000,34.362222,-98.282222,1991-06-03 17:30:00,1991-06-05 13:45:00,79.0040,1991-06-04 18:45:00,25.2500
07311000,34.362222,-98.282222,1991-06-14 15:15:00,1991-06-15 03:15:00,39.6436,1991-06-14 20:00:00,4.7500
07311000,34.362222,-98.282222,1991-09-05 07:30:00,1991-09-06 05:45:00,55.5010,1991-09-05 18:45:00,11.2500
07311000,34.362222,-98.282222,1991-09-14 04:00:00,1991-09-21 19:00:00,109.5862,1991-09-20 07:00:00,147.0000
07311000,34.362222,-98.282222,1991-10-29 01:45:00,1991-10-30 13:45:00,102.2238,1991-10-29 21:00:00,19.2500
07311000,34.362222,-98.282222,1991-12-13 10:00:00,1991-12-14 13:00:00,52.3862,1991-12-14 02:00:00,16.0000
07311000,34.362222,-98.282222,1991-12-19 20:00:00,1991-12-26 16:00:00,402.0992,1991-12-21 05:00:00,33.0000
07311000,34.362222,-98.282222,1992-01-14 17:00:00,1992-01-15 14:15:00,48.7050,1992-01-15 01:30:00,8.5000
07311000,34.362222,-98.282222,1992-03-04 23:00:00,1992-03-06 16:00:00,73.3406,1992-03-05 15:00:00,16.0000
07311000,34.362222,-98.282222,1992-03-09 07:00:00,1992-03-10 08:00:00,81.2693,1992-03-09 18:00:00,11.0000
07311000,34.362222,-98.282222,1992-04-17 18:00:00,1992-04-20 04:45:00,270.4259,1992-04-18 22:15:00,28.2500
07311000,34.362222,-98.282222,1992-05-22 05:00:00,1992-05-23 23:00:00,50.6872,1992-05-22 14:00:00,9.0000
07311000,34.362222,-98.282222,1992-05-27 02:00:00,1992-05-27 06:00:00,35.3961,1992-05-27 03:00:00,1.0000
07311000,34.362222,-98.282222,1992-05-28 23:00:00,1992-05-31 09:00:00,201.6159,1992-05-30 09:00:00,34.0000
07311000,34.362222,-98.282222,1992-06-03 01:00:00,1992-06-04 12:00:00,94.0119,1992-06-03 15:00:00,14.0000
07311000,34.362222,-98.282222,1992-06-06 08:00:00,1992-06-12 15:00:00,294.4952,1992-06-09 20:00:00,84.0000
07311000,34.362222,-98.282222,1992-06-29 14:00:00,1992-07-01 03:00:00,61.4476,1992-06-30 04:00:00,14.0000
07311000,34.362222,-98.282222,1992-07-15 21:30:00,1992-07-16 11:30:00,45.8733,1992-07-16 03:15:00,5.7500
07311000,34.362222,-98.282222,1992-07-28 18:45:00,1992-07-29 15:15:00,51.5367,1992-07-29 04:00:00,9.2500
07311000,34.362222,-98.282222,1994-03-09 08:00:00,1994-03-10 13:00:00,70.5089,1994-03-09 23:00:00,15.0000
07311000,34.362222,-98.282222,1994-05-01 05:00:00,1994-05-02 04:00:00,53.2357,1994-05-01 18:00:00,13.0000
07311000,34.362222,-98.282222,1994-05-03 19:00:00,1994-05-05 02:00:00,63.4297,1994-05-04 11:00:00,16.0000
07311000,34.362222,-98.282222,1994-05-26 06:00:00,1994-05-28 08:00:00,97.1268,1994-05-26 13:00:00,7.0000
07311000,34.362222,-98.282222,1994-07-10 10:15:00,1994-07-10 16:45:00,37.6614,1994-07-10 12:15:00,2.0000
07311000,34.362222,-98.282222,1995-04-18 03:00:00,1995-04-20 10:00:00,92.5961,1995-04-19 12:00:00,33.0000
07311000,34.362222,-98.282222,1995-04-23 12:00:00,1995-04-24 19:00:00,76.4555,1995-04-24 04:00:00,16.0000
07311000,34.362222,-98.282222,1995-05-06 19:00:00,1995-05-10 16:00:00,269.5764,1995-05-09 05:00:00,58.0000
07311000,34.362222,-98.282222,1995-05-25 09:00:00,1995-05-25 23:00:00,45.3070,1995-05-25 16:00:00,7.0000
07311000,34.362222,-98.282222,1995-05-27 18:00:00,1995-05-29 09:00:00,82.4020,1995-05-28 17:00:00,23.0000
07311000,34.362222,-98.282222,1995-06-05 04:00:00,1995-06-09 07:00:00,424.7527,1995-06-06 02:00:00,22.0000
07311000,34.362222,-98.282222,1995-06-10 10:00:00,1995-06-13 03:00:00,334.1388,1995-06-10 22:00:00,12.0000
07311000,34.362222,-98.282222,1995-08-03 17:00:00,1995-08-03 23:00:00,37.0951,1995-08-03 20:00:00,3.0000
07311000,34.362222,-98.282222,1995-09-20 03:00:00,1995-09-21 02:00:00,60.8812,1995-09-20 12:00:00,9.0000
07311000,34.362222,-98.282222,1995-10-03 20:00:00,1995-10-04 21:00:00,65.4119,1995-10-04 08:00:00,12.0000
07311000,34.362222,-98.282222,1996-04-22 03:00:00,1996-04-22 07:00:00,46.1565,1996-04-22 05:00:00,2.0000
07311000,34.362222,-98.282222,1996-08-29 14:00:00,1996-09-01 21:00:00,102.7902,1996-08-30 09:00:00,19.0000
07311000,34.362222,-98.282222,1996-09-03 18:00:00,1996-09-06 00:00:00,342.6338,1996-09-04 19:00:00,25.0000
07311000,34.362222,-98.282222,1996-09-08 21:00:00,1996-09-09 11:00:00,48.7050,1996-09-09 03:00:00,6.0000
07311000,34.362222,-98.282222,1996-09-15 16:00:00,1996-09-16 05:00:00,61.7307,1996-09-15 20:00:00,4.0000
07311000,34.362222,-98.282222,1996-09-19 00:00:00,1996-09-20 23:00:00,80.9862,1996-09-19 15:00:00,15.0000
07311000,34.362222,-98.282222,1996-09-27 21:00:00,1996-09-29 05:00:00,45.5901,1996-09-28 20:00:00,23.0000
07311000,34.362222,-98.282222,1997-02-21 00:00:00,1997-02-23 04:00:00,120.0634,1997-02-22 09:00:00,33.0000
07311000,34.362222,-98.282222,1997-04-11 18:00:00,1997-04-14 06:00:00,161.1229,1997-04-13 04:00:00,34.0000
07311000,34.362222,-98.282222,1997-04-26 09:00:00,1997-04-29 20:00:00,220.0219,1997-04-28 08:00:00,47.0000
07311000,34.362222,-98.282222,1997-05-09 06:00:00,1997-05-11 09:00:00,83.8179,1997-05-10 15:00:00,33.0000
07311000,34.362222,-98.282222,1997-05-20 17:00:00,1997-05-21 20:00:00,64.2792,1997-05-21 05:00:00,12.0000
07311000,34.362222,-98.282222,1997-05-31 00:00:00,1997-06-01 04:00:00,59.4654,1997-05-31 16:00:00,16.0000
07311000,34.362222,-98.282222,1997-06-17 10:00:00,1997-06-17 13:00:00,37.6614,1997-06-17 11:00:00,1.0000
07311000,34.362222,-98.282222,1997-07-12 01:00:00,1997-07-12 22:00:00,60.0317,1997-07-12 12:00:00,11.0000
07311000,34.362222,-98.282222,1997-10-13 16:00:00,1997-10-14 20:00:00,70.7921,1997-10-14 09:00:00,17.0000
07311000,34.362222,-98.282222,1997-12-22 11:00:00,1997-12-23 02:00:00,45.5901,1997-12-22 18:00:00,7.0000
07311000,34.362222,-98.282222,1997-12-24 16:00:00,1997-12-26 16:00:00,68.5268,1997-12-25 09:00:00,17.0000
07311000,34.362222,-98.282222,1998-01-05 04:00:00,1998-01-09 21:00:00,237.8615,1998-01-06 13:00:00,33.0000
07311000,34.362222,-98.282222,1998-02-01 13:00:00,1998-02-04 02:00:00,240.6932,1998-02-02 23:00:00,34.0000
07311000,34.362222,-98.282222,1998-02-20 00:00:00,1998-02-20 22:00:00,44.7406,1998-02-20 11:00:00,11.0000
07311000,34.362222,-98.282222,1998-03-08 10:00:00,1998-03-10 01:00:00,68.2436,1998-03-09 03:00:00,17.0000
07311000,34.362222,-98.282222,1998-03-15 22:00:00,1998-03-22 13:00:00,356.7923,1998-03-17 03:00:00,29.0000
07311000,34.362222,-98.282222,1998-04-27 18:00:00,1998-04-28 06:00:00,38.2277,1998-04-27 23:00:00,5.0000
07311000,34.362222,-98.282222,1999-01-31 02:00:00,1999-01-31 10:00:00,37.6614,1999-01-31 05:00:00,3.0000
07311000,34.362222,-98.282222,1999-02-07 17:00:00,1999-02-08 04:00:00,47.0060,1999-02-07 22:00:00,5.0000
07311000,34.362222,-98.282222,1999-03-19 18:00:00,1999-03-20 20:00:00,65.4119,1999-03-20 07:00:00,13.0000
07311000,34.362222,-98.282222,1999-04-15 04:00:00,1999-04-15 07:00:00,35.3961,1999-04-15 05:00:00,1.0000
07311000,34.362222,-98.282222,1999-04-26 08:00:00,1999-04-27 20:00:00,86.6496,1999-04-27 07:00:00,23.0000
07311000,34.362222,-98.282222,1999-06-01 22:00:00,1999-06-02 21:00:00,67.1109,1999-06-02 09:00:00,11.0000
07311000,34.362222,-98.282222,1999-06-21 18:00:00,1999-06-26 23:00:00,88.3486,1999-06-24 02:00:00,56.0000
07311000,34.362222,-98.282222,1999-07-01 23:00:00,1999-07-02 18:00:00,57.4832,1999-07-02 09:00:00,10.0000
07311000,34.362222,-98.282222,1999-07-11 12:00:00,1999-07-12 15:00:00,68.2436,1999-07-12 02:00:00,14.0000
07311000,34.362222,-98.282222,2000-05-02 09:00:00,2000-05-03 04:00:00,52.3862,2000-05-02 19:00:00,10.0000
07311000,34.362222,-98.282222,2000-10-23 10:00:00,2000-10-31 16:00:00,325.6437,2000-10-27 00:00:00,86.0000
07311000,34.362222,-98.282222,2000-11-03 13:00:00,2000-11-06 04:00:00,224.8358,2000-11-04 18:00:00,29.0000
07311000,34.362222,-98.282222,2000-11-08 21:00:00,2000-11-11 16:00:00,82.4020,2000-11-09 18:00:00,21.0000
07311000,34.362222,-98.282222,2000-11-24 13:00:00,2000-11-26 05:00:00,79.0040,2000-11-25 11:00:00,22.0000
07311000,34.362222,-98.282222,2001-01-28 17:00:00,2001-01-31 16:00:00,106.4713,2001-01-30 10:00:00,41.0000
07311000,34.362222,-98.282222,2001-02-10 09:00:00,2001-02-11 00:00:00,50.6872,2001-02-10 16:00:00,7.0000
07311000,34.362222,-98.282222,2001-02-15 06:00:00,2001-02-17 00:00:00,60.8812,2001-02-15 13:00:00,7.0000
07311000,34.362222,-98.282222,2001-02-24 05:00:00,2001-02-26 21:00:00,106.1882,2001-02-25 14:00:00,33.0000
07311000,34.362222,-98.282222,2001-05-05 01:00:00,2001-05-06 08:00:00,71.3585,2001-05-05 15:00:00,14.0000
07311000,34.362222,-98.282222,2001-05-20 13:00:00,2001-05-23 00:00:00,201.6159,2001-05-21 17:00:00,28.0000
07311000,34.362222,-98.282222,2001-05-30 14:00:00,2001-06-01 20:00:00,99.6753,2001-06-01 01:00:00,35.0000
07311000,34.362222,-98.282222,2002-04-08 09:00:00,2002-04-09 00:00:00,50.9703,2002-04-08 16:00:00,7.0000
07311000,34.362222,-98.282222,2002-04-13 19:00:00,2002-04-15 04:00:00,62.0139,2002-04-14 16:00:00,21.0000
07311000,34.362222,-98.282222,2002-06-05 13:00:00,2002-06-06 20:00:00,82.1189,2002-06-06 05:00:00,16.0000
07311000,34.362222,-98.282222,2002-10-30 01:00:00,2002-10-30 12:00:00,40.4931,2002-10-30 06:00:00,5.0000
07311000,34.362222,-98.282222,2002-12-24 11:00:00,2002-12-25 08:00:00,60.0317,2002-12-24 21:00:00,10.0000
07311000,34.362222,-98.282222,2003-02-24 18:00:00,2003-02-25 19:00:00,137.0535,2003-02-25 18:00:00,24.0000
07311000,34.362222,-98.282222,2003-05-25 20:00:00,2003-05-26 12:00:00,68.2436,2003-05-26 02:00:00,6.0000
07311000,34.362222,-98.282222,2003-06-26 16:00:00,2003-06-28 01:00:00,75.0396,2003-06-27 06:00:00,14.0000
07311000,34.362222,-98.282222,2004-03-05 05:00:00,2004-03-06 03:00:00,47.5723,2004-03-05 13:00:00,8.0000
07311000,34.362222,-98.282222,2004-07-02 07:00:00,2004-07-02 21:00:00,46.7228,2004-07-02 13:00:00,6.0000
07311000,34.362222,-98.282222,2004-07-04 05:00:00,2004-07-04 13:00:00,38.5109,2004-07-04 09:00:00,4.0000
07311000,34.362222,-98.282222,2004-11-03 09:00:00,2004-11-04 17:00:00,57.2000,2004-11-04 05:00:00,20.0000
07311000,34.362222,-98.282222,2004-11-16 08:00:00,2004-11-19 20:00:00,116.6654,2004-11-18 22:00:00,62.0000
07311000,34.362222,-98.282222,2004-11-22 04:00:00,2004-11-25 07:00:00,56.0674,2004-11-22 13:00:00,9.0000
07311000,34.362222,-98.282222,2005-02-07 08:00:00,2005-02-07 20:00:00,39.9268,2005-02-07 14:00:00,6.0000
07311000,34.362222,-98.282222,2006-09-18 11:00:00,2006-09-19 09:30:00,69.6594,2006-09-18 22:30:00,11.5000
07311000,34.362222,-98.282222,2006-10-15 22:30:00,2006-10-17 12:00:00,86.6496,2006-10-16 13:00:00,14.5000
07311000,34.362222,-98.282222,2007-01-21 09:30:00,2007-01-22 10:00:00,58.8990,2007-01-21 20:00:00,10.5000
07311000,34.362222,-98.282222,2007-03-30 05:00:00,2007-04-02 02:00:00,218.6061,2007-03-31 06:30:00,25.5000
07311000,34.362222,-98.282222,2007-05-08 09:00:00,2007-05-15 02:30:00,291.6635,2007-05-11 04:30:00,67.5000
07311000,34.362222,-98.282222,2007-05-28 01:30:00,2007-05-28 22:30:00,55.7842,2007-05-28 10:00:00,8.5000
07311000,34.362222,-98.282222,2007-05-30 16:30:00,2007-06-01 14:30:00,84.1010,2007-05-31 14:30:00,22.0000
07311000,34.362222,-98.282222,2007-07-14 05:00:00,2007-07-18 03:00:00,95.9941,2007-07-15 03:00:00,22.0000
07311000,34.362222,-98.282222,2007-08-19 09:30:00,2007-08-25 11:30:00,345.4655,2007-08-20 11:00:00,25.5000
07311000,34.362222,-98.282222,2008-02-17 17:30:00,2008-02-18 12:00:00,50.1208,2008-02-18 01:00:00,7.5000
07311000,34.362222,-98.282222,2008-04-10 15:00:00,2008-04-15 15:00:00,317.1487,2008-04-11 21:30:00,30.5000
07311000,34.362222,-98.282222,2008-05-07 23:30:00,2008-05-09 07:00:00,69.6594,2008-05-08 13:00:00,13.5000
07311000,34.362222,-98.282222,2008-08-19 11:00:00,2008-08-20 17:30:00,60.5981,2008-08-20 01:00:00,14.0000
07311000,34.362222,-98.282222,2009-04-29 18:00:00,2009-05-02 05:00:00,278.3546,2009-05-01 09:30:00,39.5000
07311000,34.362222,-98.282222,2009-05-11 15:00:00,2009-05-12 21:30:00,54.6515,2009-05-11 18:30:00,3.5000
07311000,34.362222,-98.282222,2009-05-15 13:30:00,2009-05-18 20:30:00,84.6674,2009-05-17 13:30:00,48.0000
07311000,34.362222,-98.282222,2009-05-24 08:30:00,2009-05-25 08:00:00,56.3505,2009-05-24 18:30:00,10.0000
07311000,34.362222,-98.282222,2009-06-03 19:00:00,2009-06-04 00:00:00,37.0951,2009-06-03 20:30:00,1.5000
07311000,34.362222,-98.282222,2010-01-29 06:00:00,2010-01-30 16:30:00,103.0733,2010-01-30 03:00:00,21.0000
07311000,34.362222,-98.282222,2010-06-15 19:30:00,2010-06-16 10:30:00,49.2713,2010-06-16 03:00:00,7.5000
07311000,34.362222,-98.282222,2010-07-06 11:30:00,2010-07-06 17:30:00,35.6792,2010-07-06 14:00:00,2.5000
07311000,34.362222,-98.282222,2010-07-09 05:30:00,2010-07-12 14:30:00,59.4654,2010-07-10 02:00:00,20.5000
07311000,34.362222,-98.282222,2010-07-13 17:00:00,2010-07-14 19:30:00,44.1743,2010-07-14 05:00:00,12.0000
07311000,34.362222,-98.282222,2011-05-20 23:00:00,2011-05-21 18:00:00,64.5624,2011-05-21 08:00:00,9.0000
07311000,34.362222,-98.282222,2013-04-19 01:00:00,2013-04-19 18:30:00,61.4476,2013-04-19 09:00:00,8.0000
07311000,34.362222,-98.282222,2013-07-26 13:00:00,2013-07-28 12:00:00,234.1803,2013-07-27 02:00:00,13.0000
07311000,34.362222,-98.282222,2015-05-06 21:30:00,2015-05-12 17:30:00,184.6258,2015-05-10 09:30:00,84.0000
07311000,34.362222,-98.282222,2015-06-16 22:00:00,2015-06-17 05:00:00,36.8119,2015-06-17 00:30:00,2.5000
07311000,34.362222,-98.282222,2015-06-18 07:30:00,2015-06-18 18:00:00,38.5109,2015-06-18 11:00:00,3.5000
07311000,34.362222,-98.282222,2015-07-08 14:30:00,2015-07-09 23:00:00,76.1723,2015-07-09 01:30:00,11.0000
07311000,34.362222,-98.282222,2016-01-06 20:30:00,2016-01-07 13:00:00,35.1129,2016-01-07 01:00:00,4.5000
07311000,34.362222,-98.282222,2016-04-17 20:30:00,2016-04-23 23:00:00,263.6298,2016-04-20 01:00:00,52.5000
07311000,34.362222,-98.282222,2016-04-27 08:00:00,2016-05-02 05:30:00,88.9149,2016-04-29 02:00:00,42.0000
07311000,34.362222,-98.282222,2016-05-09 18:30:00,2016-05-10 08:30:00,48.4218,2016-05-10 00:30:00,6.0000
07311000,34.362222,-98.282222,2016-05-27 21:00:00,2016-05-28 22:00:00,73.6238,2016-05-28 09:00:00,12.0000
07311600,33.950556,-100.064444,1995-06-04 22:00:00,1995-06-05 19:00:00,512.5349,1995-06-05 08:00:00,10.0000
07311600,33.950556,-100.064444,1997-04-26 02:30:00,1997-04-26 11:00:00,206.4298,1997-04-26 06:00:00,3.5000
07311600,33.950556,-100.064444,1999-05-27 18:30:00,1999-05-27 22:00:00,194.2536,1999-05-27 20:00:00,1.5000
07311700,33.820556,-99.786111,1991-06-02 17:00:00,1991-06-05 01:56:00,322.8121,1991-06-03 14:00:00,21.0000
07311700,33.820556,-99.786111,1991-09-18 19:00:00,1991-09-19 03:37:00,65.1287,1991-09-19 03:37:00,8.6167
07311700,33.820556,-99.786111,1992-04-18 05:00:00,1992-04-18 15:52:00,75.0396,1992-04-18 06:00:00,1.0000
07311700,33.820556,-99.786111,1992-06-08 05:00:00,1992-06-09 04:42:00,176.6971,1992-06-08 12:00:00,7.0000
07311700,33.820556,-99.786111,1993-05-09 11:00:00,1993-05-10 23:00:00,79.8535,1993-05-10 16:00:00,29.0000
07311700,33.820556,-99.786111,1993-08-25 04:00:00,1993-08-25 11:00:00,46.7228,1993-08-25 08:00:00,4.0000
07311700,33.820556,-99.786111,1995-05-27 05:00:00,1995-05-27 22:30:00,75.0396,1995-05-27 11:30:00,6.5000
07311700,33.820556,-99.786111,1997-04-25 18:00:00,1997-04-27 18:30:00,144.9823,1997-04-26 22:30:00,28.5000
07311700,33.820556,-99.786111,1997-05-09 16:30:00,1997-05-10 20:00:00,54.3683,1997-05-10 14:30:00,22.0000
07311700,33.820556,-99.786111,1997-08-11 07:00:00,1997-08-11 23:30:00,56.6337,1997-08-11 17:00:00,10.0000
07311700,33.820556,-99.786111,1997-09-23 15:30:00,1997-09-24 18:30:00,79.8535,1997-09-24 12:00:00,20.5000
07311700,33.820556,-99.786111,1998-03-16 09:30:00,1998-03-17 08:30:00,47.2891,1998-03-17 05:30:00,20.0000
07311700,33.820556,-99.786111,1999-05-27 08:00:00,1999-05-29 03:30:00,143.8496,1999-05-27 14:30:00,6.5000
07311700,33.820556,-99.786111,1999-06-21 09:00:00,1999-06-21 23:00:00,47.5723,1999-06-21 14:30:00,5.5000
07311700,33.820556,-99.786111,1999-06-25 11:00:00,1999-06-25 19:30:00,44.1743,1999-06-25 15:30:00,4.5000
07311700,33.820556,-99.786111,2000-03-23 13:00:00,2000-03-24 18:30:00,113.5506,2000-03-24 01:00:00,12.0000
07311700,33.820556,-99.786111,2000-06-17 21:00:00,2000-06-18 04:30:00,47.5723,2000-06-18 01:30:00,4.5000
07311700,33.820556,-99.786111,2000-11-03 18:30:00,2000-11-04 10:30:00,55.7842,2000-11-04 01:30:00,7.0000
07311700,33.820556,-99.786111,2001-11-17 22:00:00,2001-11-18 15:00:00,46.7228,2001-11-18 12:00:00,14.0000
07311700,33.820556,-99.786111,2002-07-29 17:00:00,2002-07-29 18:30:00,42.1921,2002-07-29 18:00:00,1.0000
07311700,33.820556,-99.786111,2002-10-29 06:00:00,2002-10-29 14:00:00,44.1743,2002-10-29 10:00:00,4.0000
07311700,33.820556,-99.786111,2004-06-06 19:15:00,2004-06-07 08:00:00,50.4040,2004-06-07 02:15:00,7.0000
07311700,33.820556,-99.786111,2005-09-15 05:00:00,2005-09-16 04:45:00,131.6733,2005-09-15 15:00:00,10.0000
07311700,33.820556,-99.786111,2006-10-16 06:00:00,2006-10-18 04:45:00,164.5209,2006-10-16 22:45:00,16.7500
07311700,33.820556,-99.786111,2007-05-10 16:30:00,2007-05-10 18:00:00,41.6258,2007-05-10 17:00:00,0.5000
07311700,33.820556,-99.786111,2007-06-02 08:30:00,2007-06-02 17:00:00,50.9703,2007-06-02 12:00:00,3.5000
07311700,33.820556,-99.786111,2009-04-29 14:45:00,2009-05-01 14:15:00,127.4258,2009-04-30 17:30:00,26.7500
07311700,33.820556,-99.786111,2009-06-02 17:30:00,2009-06-03 12:15:00,68.2436,2009-06-03 03:45:00,10.2500
07311700,33.820556,-99.786111,2010-04-17 16:15:00,2010-04-19 13:45:00,118.9308,2010-04-18 11:00:00,18.7500
07311700,33.820556,-99.786111,2010-07-08 17:45:00,2010-07-10 20:45:00,90.3307,2010-07-10 06:30:00,36.7500
07311700,33.820556,-99.786111,2013-06-20 05:30:00,2013-06-20 09:30:00,42.1921,2013-06-20 06:45:00,1.2500
07311700,33.820556,-99.786111,2015-05-14 11:45:00,2015-05-16 17:45:00,51.8198,2015-05-16 03:30:00,39.7500
07311700,33.820556,-99.786111,2015-05-29 05:30:00,2015-05-30 03:00:00,68.2436,2015-05-29 19:45:00,14.2500
07326000,35.143611,-98.442500,1993-05-21 20:15:00,1993-05-27 04:45:00,25.2586,1993-05-23 18:15:00,46.0000
07326000,35.143611,-98.442500,1995-06-15 18:00:00,1995-07-02 18:45:00,31.9980,1995-06-16 01:30:00,7.5000
07326000,35.143611,-98.442500,1997-04-20 02:45:00,1997-04-21 18:15:00,26.1931,1997-04-20 09:45:00,7.0000
07326000,35.143611,-98.442500,2007-08-27 22:30:00,2007-09-06 17:00:00,29.7327,2007-08-29 02:00:00,27.5000
07326000,35.143611,-98.442500,2015-05-24 00:30:00,2015-05-24 05:45:00,40.2099,2015-05-24 02:30:00,2.0000
07058000,36.627222,-92.305836,1999-02-07 13:00:00,1999-02-08 04:00:00,546.5151,1999-02-07 19:00:00,6.0000
07058000,36.627222,-92.305836,2002-05-08 16:00:00,2002-05-09 08:00:00,1316.7334,2002-05-09 00:00:00,8.0000
07058000,36.627222,-92.305836,2004-04-24 11:45:00,2004-04-25 15:30:00,767.3865,2004-04-25 04:45:00,17.0000
07058000,36.627222,-92.305836,2008-03-04 06:00:00,2008-03-04 16:45:00,441.7428,2008-03-04 11:30:00,5.5000
07058000,36.627222,-92.305836,2008-03-19 02:45:00,2008-03-20 11:30:00,1211.9610,2008-03-19 20:15:00,17.5000
07058000,36.627222,-92.305836,2008-04-01 14:00:00,2008-04-01 17:15:00,356.7923,2008-04-01 17:00:00,3.0000
07058000,36.627222,-92.305836,2008-04-10 15:30:00,2008-04-11 04:45:00,807.0301,2008-04-11 04:15:00,12.7500
07058000,36.627222,-92.305836,2009-10-30 15:15:00,2009-10-31 07:30:00,753.2281,2009-10-30 23:45:00,8.5000
07058000,36.627222,-92.305836,2011-04-24 02:30:00,2011-04-27 06:15:00,1347.8819,2011-04-26 08:00:00,53.5000
07058000,36.627222,-92.305836,2012-03-21 13:15:00,2012-03-22 13:15:00,821.1886,2012-03-22 03:15:00,14.0000
07058000,36.627222,-92.305836,2013-04-19 07:00:00,2013-04-19 11:30:00,407.7626,2013-04-19 08:45:00,1.7500
07058000,36.627222,-92.305836,2015-07-11 02:45:00,2015-07-11 10:30:00,526.6933,2015-07-11 06:30:00,3.7500
07058000,36.627222,-92.305836,2015-12-28 02:00:00,2015-12-29 14:45:00,1492.2978,2015-12-28 21:30:00,19.5000
07061000,35.760278,-91.641111,1991-10-30 20:00:00,1991-10-31 04:00:00,1529.1097,1991-10-31 00:00:00,4.0000
07061000,35.760278,-91.641111,1991-11-20 03:00:00,1991-11-20 13:00:00,1761.3079,1991-11-20 08:00:00,5.0000
07061000,35.760278,-91.641111,1992-12-16 20:00:00,1992-12-17 14:00:00,1531.9414,1992-12-17 02:00:00,6.0000
07061000,35.760278,-91.641111,1993-01-04 20:00:00,1993-01-06 21:00:00,2265.3477,1993-01-05 02:00:00,6.0000
07061000,35.760278,-91.641111,1994-02-23 14:00:00,1994-02-24 08:00:00,1633.8820,1994-02-23 22:00:00,8.0000
07061000,35.760278,-91.641111,1994-04-12 16:00:00,1994-04-13 03:00:00,1659.3672,1994-04-12 19:00:00,3.0000
07061000,35.760278,-91.641111,2001-02-16 19:00:00,2001-02-18 11:00:00,1735.8227,2001-02-17 03:00:00,8.0000
07061000,35.760278,-91.641111,2001-12-17 09:00:00,2001-12-19 08:00:00,1999.1694,2001-12-17 15:00:00,6.0000
07061000,35.760278,-91.641111,2002-02-02 06:00:00,2002-02-02 08:00:00,1458.3176,2002-02-02 07:00:00,1.0000
07061000,35.760278,-91.641111,2002-03-20 03:00:00,2002-03-22 13:00:00,3029.9026,2002-03-21 09:00:00,30.0000
07061000,35.760278,-91.641111,2002-03-26 10:00:00,2002-03-27 20:00:00,1866.0802,2002-03-26 14:00:00,4.0000
07061000,35.760278,-91.641111,2002-04-09 00:00:00,2002-04-10 11:00:00,1789.6247,2002-04-10 00:00:00,24.0000
07061000,35.760278,-91.641111,2004-04-23 21:00:00,2004-04-27 08:00:00,4417.4281,2004-04-26 08:00:00,59.0000
07061000,35.760278,-91.641111,2005-01-06 02:00:00,2005-01-06 14:00:00,1574.4167,2005-01-06 07:00:00,5.0000
07061000,35.760278,-91.641111,2006-12-02 06:00:00,2006-12-03 03:00:00,2389.9419,2006-12-02 09:00:00,3.0000
07061000,35.760278,-91.641111,2007-01-15 02:00:00,2007-01-16 22:00:00,2271.0111,2007-01-15 18:00:00,16.0000
07061000,35.760278,-91.641111,2008-03-05 08:00:00,2008-03-05 20:00:00,1523.4463,2008-03-05 14:00:00,6.0000
07061000,35.760278,-91.641111,2008-03-18 23:00:00,2008-03-22 02:00:00,5889.9041,2008-03-20 11:00:00,36.0000
07061000,35.760278,-91.641111,2008-04-04 08:00:00,2008-04-04 22:00:00,1806.6148,2008-04-04 14:00:00,6.0000
07061000,35.760278,-91.641111,2008-04-10 17:00:00,2008-04-15 00:00:00,5635.0525,2008-04-12 03:00:00,34.0000
07061000,35.760278,-91.641111,2008-09-04 11:00:00,2008-09-06 04:00:00,1877.4069,2008-09-05 16:00:00,29.0000
07061000,35.760278,-91.641111,2009-10-30 08:00:00,2009-11-01 08:15:00,2375.7834,2009-10-30 18:30:00,10.5000
07061000,35.760278,-91.641111,2009-12-24 12:15:00,2009-12-25 15:00:00,2438.0805,2009-12-25 01:15:00,13.0000
07061000,35.760278,-91.641111,2011-04-25 16:00:00,2011-04-29 06:45:00,4559.0123,2011-04-27 12:00:00,44.0000
07061000,35.760278,-91.641111,2011-05-02 07:00:00,2011-05-05 10:15:00,3341.3879,2011-05-03 19:45:00,36.7500
07061000,35.760278,-91.641111,2011-05-24 15:00:00,2011-06-01 20:15:00,2044.4763,2011-05-26 03:00:00,36.0000
07061000,35.760278,-91.641111,2012-03-21 18:45:00,2012-03-22 04:45:00,2288.0012,2012-03-22 04:45:00,10.0000
07061000,35.760278,-91.641111,2013-01-13 08:00:00,2013-01-13 17:15:00,1815.1099,2013-01-13 12:30:00,4.5000
07061000,35.760278,-91.641111,2014-04-28 06:45:00,2014-04-28 21:30:00,2154.9120,2014-04-28 13:00:00,6.2500
07061000,35.760278,-91.641111,2015-05-11 15:15:00,2015-05-13 15:30:00,2180.3972,2015-05-12 21:30:00,30.2500
07061000,35.760278,-91.641111,2015-12-27 19:30:00,2015-12-31 01:30:00,4757.2302,2015-12-29 18:15:00,46.7500
07151000,36.671944,-97.309167,1986-09-30 04:00:00,1986-09-30 04:30:00,252.3031,1986-09-30 04:30:00,0.5000
07151000,36.671944,-97.309167,1986-11-05 13:30:00,1986-11-07 08:30:00,336.9705,1986-11-06 11:30:00,22.0000
07151000,36.671944,-97.309167,1987-02-15 23:30:00,1987-02-17 05:30:00,331.3071,1987-02-16 19:00:00,19.5000
07151000,36.671944,-97.309167,1987-02-28 07:30:00,1987-03-03 14:00:00,458.7329,1987-03-01 19:00:00,35.5000
07151000,36.671944,-97.309167,1987-03-17 17:30:00,1987-03-19 10:00:00,362.4556,1987-03-18 07:00:00,13.5000
07151000,36.671944,-97.309167,1987-03-23 23:00:00,1987-03-27 01:00:00,447.4062,1987-03-25 03:00:00,28.0000
07151000,36.671944,-97.309167,1987-05-07 15:00:00,1987-05-08 15:30:00,291.6635,1987-05-08 03:00:00,12.0000
07151000,36.671944,-97.309167,1987-05-27 10:00:00,1987-06-01 22:00:00,1330.8918,1987-05-29 04:30:00,42.5000
07151000,36.671944,-97.309167,1987-07-05 00:42:48,1987-07-07 03:14:21,416.2576,1987-07-05 19:13:21,18.5092
07151000,36.671944,-97.309167,1987-09-28 20:52:12,1987-10-01 18:47:51,688.0994,1987-09-29 18:50:51,21.9775
07151000,36.671944,-97.309167,1988-03-03 16:00:00,1988-03-07 07:00:00,470.0597,1988-03-04 12:00:00,20.0000
07151000,36.671944,-97.309167,1988-04-02 02:00:00,1988-04-05 04:00:00,464.3963,1988-04-02 23:00:00,21.0000
07151000,36.671944,-97.309167,1989-06-12 00:00:00,1989-06-14 16:00:00,356.7923,1989-06-12 23:00:00,23.0000
07151000,36.671944,-97.309167,1989-08-15 06:47:00,1989-08-16 16:18:00,281.4695,1989-08-15 23:00:00,16.2167
07151000,36.671944,-97.309167,1989-09-14 08:00:00,1989-09-14 20:00:00,236.4457,1989-09-14 14:00:00,6.0000
07151000,36.671944,-97.309167,1992-08-05 10:30:00,1992-08-08 02:30:00,535.1884,1992-08-06 05:30:00,19.0000
07151000,36.671944,-97.309167,1992-08-09 09:00:00,1992-08-09 16:00:00,240.1269,1992-08-09 09:28:00,0.4667
07151000,36.671944,-97.309167,1992-08-12 06:00:00,1992-08-14 18:00:00,385.1091,1992-08-13 00:00:00,18.0000
07151000,36.671944,-97.309167,1994-04-30 07:00:00,1994-05-01 18:00:00,311.4853,1994-05-01 01:00:00,18.0000
07151000,36.671944,-97.309167,1994-11-20 23:30:00,1994-11-23 07:30:00,433.2478,1994-11-21 18:00:00,18.5000
07151000,36.671944,-97.309167,1995-05-31 14:00:00,1995-06-01 05:00:00,243.2417,1995-05-31 22:00:00,8.0000
07151000,36.671944,-97.309167,1995-06-04 03:00:00,1995-06-15 02:00:00,741.9014,1995-06-11 22:00:00,187.0000
07151000,36.671944,-97.309167,1995-06-30 12:00:00,1995-07-01 02:00:00,250.3209,1995-06-30 18:00:00,6.0000
07151000,36.671944,-97.309167,1995-08-01 21:30:00,1995-08-04 04:00:00,679.6043,1995-08-04 03:00:00,53.5000
07151000,36.671944,-97.309167,1996-09-26 13:00:00,1996-09-28 17:00:00,501.2082,1996-09-27 07:55:00,18.9167
07151000,36.671944,-97.309167,1997-02-21 16:00:00,1997-02-23 06:14:00,407.7626,1997-02-22 07:00:00,15.0000
07151000,36.671944,-97.309167,1997-04-11 14:00:00,1997-04-12 04:34:00,427.5844,1997-04-12 04:34:00,14.5667
07151000,36.671944,-97.309167,1997-05-08 10:45:00,1997-05-11 01:30:00,455.9012,1997-05-09 08:30:00,21.7500
07151000,36.671944,-97.309167,1997-06-30 09:00:00,1997-07-02 20:00:00,348.2972,1997-07-01 20:00:00,35.0000
07151000,36.671944,-97.309167,1997-07-19 10:30:00,1997-07-22 02:00:00,421.9210,1997-07-21 11:15:00,48.7500
07151000,36.671944,-97.309167,1997-08-20 03:00:00,1997-08-24 19:30:00,278.0714,1997-08-23 07:15:00,76.2500
07151000,36.671944,-97.309167,1997-09-23 18:00:00,1997-09-25 04:30:00,591.8221,1997-09-24 16:00:00,22.0000
07151000,36.671944,-97.309167,1997-12-24 20:00:00,1997-12-26 13:00:00,305.8219,1997-12-25 06:00:00,10.0000
07151000,36.671944,-97.309167,1998-03-16 21:30:00,1998-03-24 04:00:00,699.4261,1998-03-19 00:00:00,50.5000
07151000,36.671944,-97.309167,1998-05-25 17:00:00,1998-05-28 01:15:00,359.6240,1998-05-27 04:45:00,35.7500
07151000,36.671944,-97.309167,1998-10-02 11:30:00,1998-10-04 00:30:00,526.6933,1998-10-03 00:15:00,12.7500
07151000,36.671944,-97.309167,1998-10-05 12:45:00,1998-10-07 04:00:00,529.5250,1998-10-06 04:00:00,15.2500
07151000,36.671944,-97.309167,1998-10-31 21:00:00,1998-11-12 16:30:00,1438.4958,1998-11-02 17:30:00,44.5000
07151000,36.671944,-97.309167,1998-12-07 02:00:00,1998-12-07 11:00:00,240.1269,1998-12-07 04:45:00,2.7500
07151000,36.671944,-97.309167,1999-01-31 01:45:00,1999-02-01 22:45:00,512.5349,1999-01-31 19:30:00,17.7500
07151000,36.671944,-97.309167,1999-03-13 23:00:00,1999-03-14 06:00:00,229.0833,1999-03-14 02:00:00,3.0000
07151000,36.671944,-97.309167,1999-03-16 08:30:00,1999-03-18 16:00:00,351.1289,1999-03-17 18:00:00,33.5000
07151000,36.671944,-97.309167,1999-04-14 17:00:00,1999-04-18 20:00:00,532.3567,1999-04-17 00:00:00,55.0000
07151000,36.671944,-97.309167,1999-04-23 00:00:00,1999-04-23 16:00:00,255.4180,1999-04-23 09:00:00,9.0000
07151000,36.671944,-97.309167,1999-04-25 10:30:00,1999-04-29 07:00:00,631.4657,1999-04-27 08:00:00,45.5000
07151000,36.671944,-97.309167,1999-05-17 21:00:00,1999-05-19 18:30:00,413.4260,1999-05-19 03:00:00,30.0000
07151000,36.671944,-97.309167,1999-06-11 00:30:00,1999-06-12 05:30:00,305.8219,1999-06-11 16:00:00,15.5000
07151000,36.671944,-97.309167,1999-06-13 08:30:00,1999-06-15 17:30:00,331.3071,1999-06-14 22:30:00,38.0000
07151000,36.671944,-97.309167,1999-06-16 19:30:00,1999-06-17 04:00:00,234.1803,1999-06-16 22:30:00,3.0000
07151000,36.671944,-97.309167,1999-06-19 14:00:00,1999-06-21 03:30:00,512.5349,1999-06-20 06:00:00,16.0000
07151000,36.671944,-97.309167,1999-06-23 20:30:00,1999-06-28 15:30:00,747.5648,1999-06-25 17:30:00,45.0000
07151000,36.671944,-97.309167,1999-06-30 12:30:00,1999-07-05 03:00:00,436.0794,1999-07-02 18:00:00,53.5000
07151000,36.671944,-97.309167,1999-07-10 16:30:00,1999-07-12 20:00:00,427.5844,1999-07-11 21:00:00,28.5000
07151000,36.671944,-97.309167,2000-03-17 02:30:00,2000-03-20 07:00:00,475.7230,2000-03-18 16:00:00,37.5000
07151000,36.671944,-97.309167,2000-03-24 00:00:00,2000-04-02 17:30:00,611.6439,2000-03-25 23:30:00,47.5000
07151000,36.671944,-97.309167,2001-02-24 22:30:00,2001-02-26 12:30:00,305.8219,2001-02-25 11:00:00,12.5000
07151000,36.671944,-97.309167,2002-09-19 10:30:00,2002-09-20 07:30:00,376.6141,2002-09-19 19:30:00,9.0000
07151000,36.671944,-97.309167,2002-10-04 13:00:00,2002-10-08 01:00:00,444.5745,2002-10-06 03:00:00,38.0000
07151000,36.671944,-97.309167,2003-03-20 02:30:00,2003-03-22 00:30:00,331.3071,2003-03-20 19:00:00,16.5000
07151000,36.671944,-97.309167,2003-06-06 23:00:00,2003-06-07 11:30:00,291.6635,2003-06-07 05:00:00,6.0000
07151000,36.671944,-97.309167,2004-03-05 00:00:00,2004-03-07 14:00:00,512.5349,2004-03-05 21:30:00,21.5000
07151000,36.671944,-97.309167,2004-04-24 18:30:00,2004-04-27 14:30:00,427.5844,2004-04-26 00:30:00,30.0000
07151000,36.671944,-97.309167,2005-08-25 02:30:00,2005-08-25 08:30:00,237.0120,2005-08-25 05:00:00,2.5000
07151000,36.671944,-97.309167,2007-03-31 09:30:00,2007-04-01 19:30:00,351.1289,2007-03-31 23:00:00,13.5000
07151000,36.671944,-97.309167,2007-04-14 14:00:00,2007-04-15 11:30:00,288.8318,2007-04-15 00:30:00,10.5000
07151000,36.671944,-97.309167,2007-06-14 19:00:00,2007-06-15 18:30:00,291.6635,2007-06-15 05:00:00,10.0000
07151000,36.671944,-97.309167,2007-06-28 03:00:00,2007-07-04 18:30:00,843.8420,2007-06-30 22:00:00,67.0000
07151000,36.671944,-97.309167,2007-10-18 08:30:00,2007-10-18 23:00:00,336.9705,2007-10-18 15:00:00,6.5000
07151000,36.671944,-97.309167,2008-04-10 20:00:00,2008-04-11 10:30:00,261.3645,2008-04-11 03:00:00,7.0000
07151000,36.671944,-97.309167,2008-05-27 13:30:00,2008-05-28 14:30:00,356.7923,2008-05-28 02:30:00,13.0000
07151000,36.671944,-97.309167,2008-06-06 12:30:00,2008-06-11 23:00:00,620.1389,2008-06-07 10:30:00,22.0000
07151000,36.671944,-97.309167,2008-06-18 22:30:00,2008-06-19 11:00:00,250.3209,2008-06-19 04:30:00,6.0000
07151000,36.671944,-97.309167,2008-09-08 09:30:00,2008-09-08 21:00:00,251.4536,2008-09-08 15:00:00,5.5000
07151000,36.671944,-97.309167,2008-09-13 03:30:00,2008-09-20 05:30:00,1339.3868,2008-09-15 05:00:00,49.5000
07151000,36.671944,-97.309167,2008-10-14 20:00:00,2008-10-17 03:00:00,348.2972,2008-10-15 07:00:00,11.0000
07151000,36.671944,-97.309167,2009-04-26 13:30:00,2009-04-30 00:30:00,993.9213,2009-04-27 23:30:00,34.0000
07151000,36.671944,-97.309167,2009-05-01 17:30:00,2009-05-05 11:30:00,498.3765,2009-05-03 04:30:00,35.0000
07151000,36.671944,-97.309167,2009-08-18 14:30:00,2009-08-20 15:30:00,379.4457,2009-08-19 01:00:00,10.5000
07151000,36.671944,-97.309167,2010-05-19 18:00:00,2010-05-21 21:00:00,512.5349,2010-05-20 14:30:00,20.5000
07151000,36.671944,-97.309167,2010-05-26 13:00:00,2010-05-29 04:00:00,393.6042,2010-05-27 14:00:00,25.0000
07151000,36.671944,-97.309167,2010-06-14 15:30:00,2010-06-17 01:00:00,549.3468,2010-06-15 14:00:00,22.5000
07151000,36.671944,-97.309167,2011-12-20 16:00:00,2011-12-21 10:00:00,294.4952,2011-12-21 01:00:00,9.0000
07151000,36.671944,-97.309167,2015-05-23 23:30:00,2015-05-29 10:30:00,532.3567,2015-05-25 06:00:00,30.5000
07151000,36.671944,-97.309167,2015-07-07 20:00:00,2015-07-08 05:00:00,253.4358,2015-07-08 00:00:00,4.0000
07185000,36.928611,-94.957222,1992-04-21 07:00:00,1992-04-22 14:00:00,611.6439,1992-04-21 23:00:00,16.0000
07185000,36.928611,-94.957222,1992-07-07 01:00:00,1992-07-09 09:00:00,659.7825,1992-07-09 00:00:00,47.0000
07185000,36.928611,-94.957222,1992-07-11 14:00:00,1992-07-15 09:00:00,1121.3471,1992-07-14 07:00:00,65.0000
07185000,36.928611,-94.957222,1992-07-17 04:00:00,1992-07-19 20:00:00,858.0005,1992-07-18 22:00:00,42.0000
07185000,36.928611,-94.957222,1992-07-24 14:00:00,1992-08-02 21:00:00,968.4362,1992-07-28 23:00:00,105.0000
07185000,36.928611,-94.957222,1992-11-13 06:00:00,1992-11-14 20:00:00,605.9805,1992-11-14 02:00:00,20.0000
07185000,36.928611,-94.957222,1992-11-20 04:00:00,1992-11-28 05:00:00,982.5946,1992-11-24 12:00:00,104.0000
07185000,36.928611,-94.957222,1992-12-10 03:00:00,1992-12-12 20:00:00,744.7331,1992-12-11 08:00:00,29.0000
07185000,36.928611,-94.957222,1992-12-14 02:00:00,1992-12-20 02:00:00,1291.2482,1992-12-17 00:00:00,70.0000
07185000,36.928611,-94.957222,1993-04-15 03:00:00,1993-04-15 17:00:00,586.1587,1993-04-15 08:00:00,5.0000
07185000,36.928611,-94.957222,1993-05-09 06:00:00,1993-05-16 20:00:00,1115.6838,1993-05-11 23:00:00,65.0000
07185000,36.928611,-94.957222,1993-05-18 06:00:00,1993-05-19 04:00:00,991.0896,1993-05-19 04:00:00,22.0000
07185000,36.928611,-94.957222,1993-05-31 01:00:00,1993-06-02 22:00:00,710.7528,1993-06-02 04:00:00,51.0000
07185000,36.928611,-94.957222,1993-06-30 05:00:00,1993-07-01 07:00:00,648.4558,1993-06-30 16:00:00,11.0000
07185000,36.928611,-94.957222,1993-07-08 04:00:00,1993-07-09 22:00:00,651.2875,1993-07-09 03:00:00,23.0000
07185000,36.928611,-94.957222,1993-07-21 18:00:00,1993-07-22 14:00:00,560.6736,1993-07-22 01:00:00,7.0000
07185000,36.928611,-94.957222,1993-09-25 00:00:00,1993-10-01 13:00:00,2140.7536,1993-09-27 21:00:00,69.0000
07185000,36.928611,-94.957222,1994-04-11 01:00:00,1994-04-17 02:00:00,3001.5857,1994-04-13 07:00:00,54.0000
07185000,36.928611,-94.957222,1994-04-29 12:00:00,1994-05-06 07:00:00,1240.2779,1994-05-02 12:00:00,72.0000
07185000,36.928611,-94.957222,1994-05-07 16:00:00,1994-05-09 12:00:00,727.7430,1994-05-08 13:00:00,21.0000
07185000,36.928611,-94.957222,1994-11-06 05:00:00,1994-11-06 13:00:00,563.5052,1994-11-06 08:00:00,3.0000
07185000,36.928611,-94.957222,1994-11-20 16:00:00,1994-11-24 18:00:00,971.2678,1994-11-23 00:00:00,56.0000
07185000,36.928611,-94.957222,1995-05-08 04:00:00,1995-05-12 08:00:00,1016.5748,1995-05-10 08:00:00,52.0000
07185000,36.928611,-94.957222,1995-05-18 10:00:00,1995-05-24 09:00:00,954.2777,1995-05-21 03:00:00,65.0000
07185000,36.928611,-94.957222,1995-05-25 10:00:00,1995-05-31 09:00:00,948.6144,1995-05-29 08:00:00,94.0000
07185000,36.928611,-94.957222,1995-06-26 09:00:00,1995-06-28 19:00:00,611.6439,1995-06-27 06:00:00,21.0000
07185000,36.928611,-94.957222,1995-06-30 16:00:00,1995-07-02 00:00:00,628.6340,1995-07-01 08:00:00,16.0000
07185000,36.928611,-94.957222,1996-11-07 04:00:00,1996-11-08 01:00:00,665.4459,1996-11-07 11:00:00,7.0000
07185000,36.928611,-94.957222,1996-11-17 17:00:00,1996-11-19 22:00:00,744.7331,1996-11-18 18:00:00,25.0000
07185000,36.928611,-94.957222,1997-02-22 06:00:00,1997-02-22 16:00:00,716.4162,1997-02-22 15:00:00,9.0000
07185000,36.928611,-94.957222,1997-02-24 06:00:00,1997-02-25 22:00:00,869.3272,1997-02-24 20:00:00,14.0000
07185000,36.928611,-94.957222,1997-02-27 12:00:00,1997-02-28 11:00:00,586.1587,1997-02-27 17:00:00,5.0000
07185000,36.928611,-94.957222,1997-04-12 18:00:00,1997-04-14 23:00:00,682.4360,1997-04-14 11:00:00,41.0000
07185000,36.928611,-94.957222,1997-07-09 21:00:00,1997-07-11 17:00:00,804.1984,1997-07-11 00:00:00,27.0000
07185000,36.928611,-94.957222,1997-12-24 20:00:00,1997-12-27 07:00:00,710.7528,1997-12-25 22:00:00,26.0000
07185000,36.928611,-94.957222,1998-01-05 06:00:00,1998-01-09 22:00:00,809.8618,1998-01-07 00:00:00,42.0000
07185000,36.928611,-94.957222,1998-03-17 13:00:00,1998-03-23 03:00:00,798.5351,1998-03-20 17:00:00,76.0000
07185000,36.928611,-94.957222,1998-04-28 05:00:00,1998-04-30 16:00:00,659.7825,1998-04-29 00:00:00,19.0000
07185000,36.928611,-94.957222,1998-07-03 01:00:00,1998-07-03 15:00:00,569.1686,1998-07-03 08:00:00,7.0000
07185000,36.928611,-94.957222,1998-09-14 21:00:00,1998-09-17 10:00:00,824.0202,1998-09-16 16:00:00,43.0000
07185000,36.928611,-94.957222,1998-10-02 22:00:00,1998-10-10 13:00:00,1520.6147,1998-10-07 16:00:00,114.0000
07185000,36.928611,-94.957222,1998-10-18 11:00:00,1998-10-21 07:00:00,722.0796,1998-10-19 11:00:00,24.0000
07185000,36.928611,-94.957222,1998-11-02 19:00:00,1998-11-16 13:00:00,1019.4065,1998-11-09 21:00:00,170.0000
07185000,36.928611,-94.957222,1998-12-08 08:00:00,1998-12-10 02:00:00,594.6538,1998-12-09 11:00:00,27.0000
07185000,36.928611,-94.957222,1999-03-09 21:00:00,1999-03-10 14:00:00,586.1587,1999-03-10 05:00:00,8.0000
07185000,36.928611,-94.957222,1999-04-15 04:00:00,1999-04-19 00:30:00,886.3173,1999-04-17 00:30:00,44.5000
07185000,36.928611,-94.957222,1999-04-25 16:30:00,1999-04-30 22:00:00,1107.1887,1999-04-28 02:00:00,57.5000
07185000,36.928611,-94.957222,1999-05-04 11:00:00,1999-05-09 09:30:00,1115.6838,1999-05-05 03:00:00,16.0000
07185000,36.928611,-94.957222,1999-05-18 18:00:00,1999-05-20 11:30:00,594.6538,1999-05-19 17:00:00,23.0000
07185000,36.928611,-94.957222,1999-06-02 00:00:00,1999-06-04 13:00:00,648.4558,1999-06-02 15:30:00,15.5000
07185000,36.928611,-94.957222,1999-06-21 02:30:00,1999-06-22 07:00:00,702.2578,1999-06-21 16:30:00,14.0000
07185000,36.928611,-94.957222,1999-06-25 02:00:00,1999-06-26 23:00:00,815.5252,1999-06-26 03:00:00,25.0000
07185000,36.928611,-94.957222,1999-06-29 13:30:00,1999-07-03 15:30:00,722.0796,1999-07-03 00:00:00,82.5000
07185000,36.928611,-94.957222,2000-05-09 13:30:00,2000-05-11 10:30:00,832.5153,2000-05-10 03:00:00,13.5000
07185000,36.928611,-94.957222,2000-06-21 11:00:00,2000-06-23 02:00:00,727.7430,2000-06-21 21:00:00,10.0000
07185000,36.928611,-94.957222,2000-06-26 21:00:00,2000-06-28 22:00:00,770.2182,2000-06-28 05:00:00,32.0000
07185000,36.928611,-94.957222,2001-01-29 19:30:00,2001-01-31 01:30:00,656.9508,2001-01-30 09:30:00,14.0000
07185000,36.928611,-94.957222,2001-02-24 14:00:00,2001-02-28 05:30:00,858.0005,2001-02-26 14:30:00,48.5000
07185000,36.928611,-94.957222,2001-03-17 02:00:00,2001-03-18 18:00:00,665.4459,2001-03-18 00:00:00,22.0000
07185000,36.928611,-94.957222,2001-06-04 14:00:00,2001-06-06 11:00:00,750.3964,2001-06-05 17:00:00,27.0000
07185000,36.928611,-94.957222,2001-06-21 14:30:00,2001-06-24 07:00:00,804.1984,2001-06-22 19:30:00,29.0000
07185000,36.928611,-94.957222,2002-05-08 14:00:00,2002-05-12 15:30:00,1203.4660,2002-05-11 01:00:00,59.0000
07185000,36.928611,-94.957222,2002-05-17 23:00:00,2002-05-19 05:00:00,637.1290,2002-05-18 08:30:00,9.5000
07185000,36.928611,-94.957222,2002-05-25 00:00:00,2002-05-29 11:30:00,889.1490,2002-05-27 01:00:00,49.0000
07185000,36.928611,-94.957222,2002-06-13 16:00:00,2002-06-16 04:30:00,761.7232,2002-06-15 05:30:00,37.5000
07185000,36.928611,-94.957222,2003-05-18 01:30:00,2003-05-18 23:00:00,617.3073,2003-05-18 15:00:00,13.5000
07185000,36.928611,-94.957222,2003-09-02 13:30:00,2003-09-03 15:00:00,580.4954,2003-09-03 08:00:00,18.5000
07185000,36.928611,-94.957222,2004-03-05 02:00:00,2004-03-10 14:00:00,1093.0303,2004-03-07 09:00:00,55.0000
07185000,36.928611,-94.957222,2004-03-29 06:30:00,2004-03-30 13:30:00,631.4657,2004-03-29 19:30:00,13.0000
07185000,36.928611,-94.957222,2004-04-24 14:30:00,2004-04-27 19:30:00,1008.0797,2004-04-26 19:00:00,52.5000
07185000,36.928611,-94.957222,2004-05-14 17:30:00,2004-05-15 13:30:00,631.4657,2004-05-15 02:30:00,9.0000
07185000,36.928611,-94.957222,2004-06-13 23:00:00,2004-06-15 14:30:00,702.2578,2004-06-14 20:00:00,21.0000
07185000,36.928611,-94.957222,2004-07-04 03:00:00,2004-07-05 11:30:00,676.7726,2004-07-04 23:00:00,20.0000
07185000,36.928611,-94.957222,2004-07-06 22:30:00,2004-07-07 18:30:00,574.8320,2004-07-07 05:00:00,6.5000
07185000,36.928611,-94.957222,2004-11-12 19:30:00,2004-11-13 04:00:00,569.1686,2004-11-12 23:30:00,4.0000
07185000,36.928611,-94.957222,2004-11-25 18:30:00,2004-11-26 17:30:00,591.8221,2004-11-26 06:00:00,11.5000
07185000,36.928611,-94.957222,2005-01-05 12:30:00,2005-01-09 10:00:00,1036.3966,2005-01-07 19:30:00,55.0000
07185000,36.928611,-94.957222,2005-01-13 13:00:00,2005-01-15 02:00:00,673.9409,2005-01-14 04:00:00,15.0000
07185000,36.928611,-94.957222,2005-05-21 21:00:00,2005-05-22 19:00:00,577.6637,2005-05-22 08:00:00,11.0000
07185000,36.928611,-94.957222,2005-05-25 12:00:00,2005-05-25 22:00:00,563.5052,2005-05-25 15:00:00,3.0000
07185000,36.928611,-94.957222,2005-06-06 21:00:00,2005-06-08 10:00:00,645.6241,2005-06-08 00:00:00,27.0000
07185000,36.928611,-94.957222,2005-06-12 06:00:00,2005-06-19 23:00:00,1010.9114,2005-06-15 04:00:00,70.0000
07185000,36.928611,-94.957222,2005-07-02 10:00:00,2005-07-04 04:00:00,628.6340,2005-07-03 06:00:00,20.0000
07185000,36.928611,-94.957222,2005-08-27 06:00:00,2005-08-30 16:00:00,778.7133,2005-08-30 03:00:00,69.0000
07185000,36.928611,-94.957222,2006-05-09 17:00:00,2006-05-11 19:00:00,673.9409,2006-05-10 13:00:00,20.0000
07185000,36.928611,-94.957222,2007-03-24 09:00:00,2007-03-25 02:00:00,637.1290,2007-03-24 18:00:00,9.0000
07185000,36.928611,-94.957222,2007-03-31 14:00:00,2007-03-31 17:00:00,555.0102,2007-03-31 16:00:00,2.0000
07185000,36.928611,-94.957222,2007-04-14 23:00:00,2007-04-17 04:00:00,733.4063,2007-04-16 03:00:00,28.0000
07185000,36.928611,-94.957222,2007-05-04 09:00:00,2007-05-05 11:00:00,608.8122,2007-05-04 22:00:00,13.0000
07185000,36.928611,-94.957222,2007-05-07 22:00:00,2007-05-13 01:00:00,1047.7233,2007-05-10 16:00:00,66.0000
07185000,36.928611,-94.957222,2007-06-02 14:00:00,2007-06-05 00:00:00,869.3272,2007-06-03 17:00:00,27.0000
07185000,36.928611,-94.957222,2007-06-11 14:00:00,2007-06-16 00:00:00,1183.6442,2007-06-14 01:00:00,59.0000
07185000,36.928611,-94.957222,2007-06-29 08:00:00,2007-07-09 05:00:00,3992.6754,2007-07-03 11:00:00,99.0000
07185000,36.928611,-94.957222,2008-03-19 07:00:00,2008-03-20 22:00:00,702.2578,2008-03-20 02:00:00,19.0000
07185000,36.928611,-94.957222,2008-04-01 12:00:00,2008-04-02 23:00:00,705.0895,2008-04-02 07:00:00,19.0000
07185000,36.928611,-94.957222,2008-04-10 09:00:00,2008-04-13 17:00:00,959.9411,2008-04-12 08:00:00,47.0000
07185000,36.928611,-94.957222,2008-04-24 16:00:00,2008-04-26 08:00:00,707.9212,2008-04-25 10:00:00,18.0000
07185000,36.928611,-94.957222,2008-05-08 04:00:00,2008-05-12 10:00:00,1110.0204,2008-05-10 08:00:00,52.0000
07185000,36.928611,-94.957222,2008-05-27 03:00:00,2008-05-31 01:00:00,1039.2283,2008-05-29 17:00:00,62.0000
07185000,36.928611,-94.957222,2008-06-02 07:00:00,2008-06-03 19:00:00,756.0598,2008-06-03 03:00:00,20.0000
07185000,36.928611,-94.957222,2008-06-07 08:00:00,2008-06-08 01:00:00,611.6439,2008-06-07 15:00:00,7.0000
07185000,36.928611,-94.957222,2008-06-09 18:00:00,2008-06-17 15:00:00,1101.5253,2008-06-12 16:00:00,70.0000
07185000,36.928611,-94.957222,2008-09-14 04:00:00,2008-09-18 07:00:00,982.5946,2008-09-16 20:00:00,64.0000
07185000,36.928611,-94.957222,2009-03-29 21:00:00,2009-04-01 10:00:00,781.5450,2009-03-31 09:00:00,36.0000
07185000,36.928611,-94.957222,2009-04-20 17:00:00,2009-04-22 22:00:00,693.7627,2009-04-22 02:00:00,33.0000
07185000,36.928611,-94.957222,2009-04-28 15:00:00,2009-05-05 22:00:00,1817.9416,2009-05-02 18:00:00,99.0000
07185000,36.928611,-94.957222,2009-05-09 08:00:00,2009-05-13 21:00:00,948.6144,2009-05-12 19:00:00,83.0000
07185000,36.928611,-94.957222,2009-06-11 01:00:00,2009-06-12 20:00:00,719.2479,2009-06-12 00:00:00,23.0000
07185000,36.928611,-94.957222,2009-06-17 12:00:00,2009-06-20 14:00:00,843.8420,2009-06-19 22:00:00,58.0000
07185000,36.928611,-94.957222,2009-07-22 08:00:00,2009-07-22 22:00:00,605.9805,2009-07-22 14:00:00,6.0000
07185000,36.928611,-94.957222,2009-08-20 23:00:00,2009-08-22 17:00:00,841.0103,2009-08-22 00:00:00,25.0000
07185000,36.928611,-94.957222,2009-09-09 18:00:00,2009-09-15 21:00:00,1262.9314,2009-09-12 11:00:00,65.0000
07185000,36.928611,-94.957222,2009-09-22 06:00:00,2009-09-24 12:00:00,877.8222,2009-09-23 10:00:00,28.0000
07185000,36.928611,-94.957222,2009-10-09 03:00:00,2009-10-13 15:00:00,1305.4066,2009-10-11 17:00:00,62.0000
07185000,36.928611,-94.957222,2009-10-31 16:00:00,2009-11-01 20:00:00,586.1587,2009-11-01 05:00:00,14.0000
07185000,36.928611,-94.957222,2010-03-25 22:00:00,2010-03-27 04:00:00,688.0994,2010-03-26 13:00:00,15.0000
07185000,36.928611,-94.957222,2010-05-14 02:00:00,2010-05-16 21:00:00,883.4856,2010-05-15 12:00:00,34.0000
07185000,36.928611,-94.957222,2010-05-20 14:00:00,2010-05-22 06:00:00,716.4162,2010-05-21 09:00:00,19.0000
07185000,36.928611,-94.957222,2010-06-10 02:00:00,2010-06-12 18:00:00,758.8915,2010-06-11 04:00:00,26.0000
07185000,36.928611,-94.957222,2010-07-07 07:00:00,2010-07-11 17:00:00,951.4460,2010-07-10 17:00:00,82.0000
07185000,36.928611,-94.957222,2010-09-18 03:00:00,2010-09-18 11:00:00,560.6736,2010-09-18 08:00:00,5.0000
07185000,36.928611,-94.957222,2011-04-25 20:00:00,2011-04-27 10:00:00,818.3569,2011-04-26 14:00:00,18.0000
07185000,36.928611,-94.957222,2011-05-23 20:00:00,2011-05-25 15:00:00,982.5946,2011-05-24 11:00:00,15.0000
07185000,36.928611,-94.957222,2012-03-20 15:00:00,2012-03-25 09:00:00,1152.4957,2012-03-23 15:00:00,72.0000
07185000,36.928611,-94.957222,2012-04-30 17:00:00,2012-05-04 16:00:00,1710.3375,2012-05-02 11:00:00,42.0000
07185000,36.928611,-94.957222,2013-05-21 10:00:00,2013-05-23 02:00:00,690.9311,2013-05-22 08:00:00,22.0000
07185000,36.928611,-94.957222,2013-05-30 20:00:00,2013-06-04 11:00:00,1699.0108,2013-06-02 14:00:00,66.0000
07185000,36.928611,-94.957222,2013-06-06 20:00:00,2013-06-07 06:00:00,574.8320,2013-06-07 01:00:00,5.0000
07185000,36.928611,-94.957222,2013-07-31 09:00:00,2013-08-01 20:00:00,730.5746,2013-08-01 07:00:00,22.0000
07185000,36.928611,-94.957222,2013-08-05 00:00:00,2013-08-12 07:00:00,982.5946,2013-08-07 08:00:00,56.0000
07185000,36.928611,-94.957222,2013-11-02 04:00:00,2013-11-03 01:00:00,588.9904,2013-11-02 15:00:00,11.0000
07185000,36.928611,-94.957222,2014-06-07 03:00:00,2014-06-07 20:00:00,597.4855,2014-06-07 11:00:00,8.0000
07185000,36.928611,-94.957222,2014-10-10 16:00:00,2014-10-12 03:00:00,730.5746,2014-10-11 03:00:00,11.0000
07185000,36.928611,-94.957222,2015-05-11 07:30:00,2015-05-11 16:30:00,580.4954,2015-05-11 11:30:00,4.0000
07185000,36.928611,-94.957222,2015-05-17 19:00:00,2015-05-20 15:00:00,869.3272,2015-05-19 03:00:00,32.0000
07185000,36.928611,-94.957222,2015-05-24 11:00:00,2015-06-03 13:30:00,1240.2779,2015-05-26 20:30:00,57.5000
07185000,36.928611,-94.957222,2015-06-13 10:30:00,2015-06-15 10:30:00,798.5351,2015-06-14 10:30:00,24.0000
07185000,36.928611,-94.957222,2015-06-18 16:30:00,2015-06-20 06:00:00,778.7133,2015-06-19 12:30:00,20.0000
07185000,36.928611,-94.957222,2015-07-08 23:00:00,2015-07-11 01:30:00,764.5549,2015-07-10 04:30:00,29.5000
07185000,36.928611,-94.957222,2015-11-27 19:00:00,2015-11-30 03:30:00,1110.0204,2015-11-29 04:30:00,33.5000
07185000,36.928611,-94.957222,2015-12-14 01:30:00,2015-12-16 17:00:00,937.2876,2015-12-15 08:30:00,31.0000
07185000,36.928611,-94.957222,2015-12-27 07:30:00,2015-12-28 17:30:00,1248.7729,2015-12-28 17:30:00,34.0000
07185000,36.928611,-94.957222,2016-04-28 17:00:00,2016-05-01 15:15:00,886.3173,2016-04-30 19:00:00,50.0000
07185000,36.928611,-94.957222,2016-05-17 15:00:00,2016-05-19 06:45:00,753.2281,2016-05-18 04:00:00,13.0000
07185000,36.928611,-94.957222,2016-06-01 06:15:00,2016-06-01 10:45:00,580.4954,2016-06-01 08:15:00,2.0000
07141175,38.162500,-99.642500,1996-05-26 23:15:00,1996-05-27 17:30:00,23.9844,1996-05-27 11:30:00,12.2500
07141175,38.162500,-99.642500,1996-06-16 00:00:00,1996-06-16 15:00:00,33.1307,1996-06-16 09:00:00,9.0000
07141175,38.162500,-99.642500,1996-07-27 06:45:00,1996-07-28 11:00:00,38.5109,1996-07-27 23:30:00,16.7500
07141175,38.162500,-99.642500,1996-07-31 16:00:00,1996-08-03 17:00:00,60.0317,1996-08-02 10:00:00,42.0000
07141175,38.162500,-99.642500,1996-08-05 00:00:00,1996-08-06 16:00:00,44.1743,1996-08-06 02:00:00,26.0000
07141175,38.162500,-99.642500,1996-08-22 03:30:00,1996-08-22 13:00:00,22.1438,1996-08-22 09:30:00,6.0000
07141175,38.162500,-99.642500,1996-09-04 04:00:00,1996-09-05 11:00:00,40.2099,1996-09-04 21:30:00,17.5000
07141175,38.162500,-99.642500,1996-09-08 09:00:00,1996-09-09 11:00:00,28.0337,1996-09-09 01:00:00,16.0000
07141175,38.162500,-99.642500,1996-09-19 22:30:00,1996-09-22 20:15:00,64.8456,1996-09-20 23:30:00,25.0000
07141175,38.162500,-99.642500,1996-11-16 17:45:00,1996-11-19 08:00:00,66.8278,1996-11-17 18:00:00,24.2500
07141175,38.162500,-99.642500,1997-08-08 00:00:00,1997-08-09 04:00:00,27.4390,1997-08-08 15:15:00,15.2500
07141175,38.162500,-99.642500,1997-10-27 03:00:00,1997-10-28 14:00:00,36.5287,1997-10-28 00:00:00,21.0000
07141175,38.162500,-99.642500,1998-08-29 11:30:00,1998-08-30 01:00:00,21.8889,1998-08-29 19:00:00,7.5000
07141175,38.162500,-99.642500,2001-06-01 02:00:00,2001-06-01 13:00:00,22.1438,2001-06-01 10:00:00,8.0000
07141175,38.162500,-99.642500,2006-08-21 16:00:00,2006-08-23 00:00:00,30.8654,2006-08-22 10:00:00,18.0000
07141175,38.162500,-99.642500,2007-07-12 19:15:00,2007-07-14 22:30:00,124.5941,2007-07-13 06:45:00,11.5000
07141175,38.162500,-99.642500,2010-07-07 03:45:00,2010-07-08 11:15:00,36.5287,2010-07-07 18:15:00,14.5000
07145500,37.456944,-97.423611,1993-05-09 03:00:00,1993-05-09 04:00:00,407.7626,1993-05-09 04:00:00,1.0000
07145500,37.456944,-97.423611,1993-05-10 05:00:00,1993-05-11 03:00:00,611.6439,1993-05-10 12:00:00,7.0000
07145500,37.456944,-97.423611,1995-05-28 00:00:00,1995-05-28 22:15:00,560.6736,1995-05-28 13:00:00,13.0000
07145500,37.456944,-97.423611,1995-06-09 17:00:00,1995-06-10 23:00:00,484.2181,1995-06-10 12:00:00,19.0000
07145500,37.456944,-97.423611,1996-11-17 15:15:00,1996-11-17 19:00:00,351.1289,1996-11-17 17:00:00,1.7500
07145500,37.456944,-97.423611,1998-11-01 07:30:00,1998-11-02 22:15:00,1008.0797,1998-11-02 03:00:00,19.5000
07145500,37.456944,-97.423611,1999-09-27 14:45:00,1999-09-28 05:00:00,444.5745,1999-09-27 23:00:00,8.2500
07145500,37.456944,-97.423611,2000-03-24 15:00:00,2000-03-25 05:30:00,620.1389,2000-03-24 17:15:00,2.2500
07145500,37.456944,-97.423611,2003-03-20 00:00:00,2003-03-20 17:00:00,458.7329,2003-03-20 08:00:00,8.0000
07145500,37.456944,-97.423611,2004-03-05 09:00:00,2004-03-05 23:00:00,455.9012,2004-03-05 15:00:00,6.0000
07145500,37.456944,-97.423611,2004-05-13 23:00:00,2004-05-14 06:00:00,365.2873,2004-05-14 02:00:00,3.0000
07145500,37.456944,-97.423611,2005-07-04 18:00:00,2005-07-05 12:00:00,421.9210,2005-07-05 07:00:00,13.0000
07145500,37.456944,-97.423611,2007-05-07 10:00:00,2007-05-08 08:00:00,512.5349,2007-05-07 20:00:00,10.0000
07145500,37.456944,-97.423611,2008-09-12 20:00:00,2008-09-14 06:00:00,671.1093,2008-09-13 15:00:00,19.0000
07145500,37.456944,-97.423611,2009-04-27 08:00:00,2009-04-28 13:00:00,773.0499,2009-04-27 16:00:00,8.0000
07146500,37.056389,-97.057778,1992-06-16 05:00:00,1992-06-17 06:15:00,506.8716,1992-06-16 16:00:00,11.0000
07146500,37.056389,-97.057778,1992-11-20 06:00:00,1992-11-21 18:00:00,453.0695,1992-11-21 02:00:00,20.0000
07146500,37.056389,-97.057778,1993-02-05 22:00:00,1993-02-07 16:00:00,438.9111,1993-02-06 18:00:00,20.0000
07146500,37.056389,-97.057778,1993-03-04 05:00:00,1993-03-04 23:00:00,382.2774,1993-03-04 11:00:00,6.0000
07146500,37.056389,-97.057778,1993-05-03 01:00:00,1993-05-05 23:00:00,764.5549,1993-05-04 15:00:00,38.0000
07146500,37.056389,-97.057778,1993-05-08 21:00:00,1993-05-18 22:00:00,2225.7041,1993-05-11 10:00:00,61.0000
07146500,37.056389,-97.057778,1993-06-24 06:00:00,1993-06-26 06:00:00,461.5646,1993-06-24 14:00:00,8.0000
07146500,37.056389,-97.057778,1993-07-12 05:00:00,1993-07-13 19:00:00,464.3963,1993-07-12 21:00:00,16.0000
07146500,37.056389,-97.057778,1993-07-14 22:00:00,1993-07-29 18:00:00,1396.0205,1993-07-17 05:00:00,55.0000
07146500,37.056389,-97.057778,1994-11-21 09:30:00,1994-11-21 17:30:00,351.1289,1994-11-21 13:15:00,3.7500
07146500,37.056389,-97.057778,1995-05-09 15:00:00,1995-05-10 23:15:00,574.8320,1995-05-10 03:00:00,12.0000
07146500,37.056389,-97.057778,1995-05-24 11:45:00,1995-06-06 21:00:00,1104.3570,1995-05-30 03:15:00,135.5000
07146500,37.056389,-97.057778,1995-06-08 23:00:00,1995-06-15 13:00:00,1415.8423,1995-06-11 11:45:00,60.7500
07146500,37.056389,-97.057778,1995-06-25 22:00:00,1995-06-26 06:45:00,365.2873,1995-06-26 01:45:00,3.7500
07146500,37.056389,-97.057778,1995-08-16 11:00:00,1995-08-17 20:45:00,642.7924,1995-08-16 15:00:00,4.0000
07146500,37.056389,-97.057778,1996-11-17 11:30:00,1996-11-20 04:30:00,795.7034,1996-11-18 20:15:00,32.7500
07146500,37.056389,-97.057778,1997-04-11 22:00:00,1997-04-13 20:00:00,498.3765,1997-04-13 01:00:00,27.0000
07146500,37.056389,-97.057778,1997-06-13 23:45:00,1997-06-14 07:45:00,402.0992,1997-06-14 02:00:00,2.2500
07146500,37.056389,-97.057778,1997-07-17 22:00:00,1997-07-18 11:15:00,339.8022,1997-07-17 22:30:00,0.5000
07146500,37.056389,-97.057778,1997-07-21 05:00:00,1997-07-22 15:45:00,549.3468,1997-07-21 12:15:00,7.2500
07146500,37.056389,-97.057778,1997-12-25 06:00:00,1997-12-27 02:15:00,410.5943,1997-12-26 01:00:00,19.0000
07146500,37.056389,-97.057778,1998-03-17 17:45:00,1998-03-20 07:15:00,498.3765,1998-03-19 02:00:00,32.2500
07146500,37.056389,-97.057778,1998-03-21 14:00:00,1998-03-24 08:30:00,402.0992,1998-03-23 16:00:00,50.0000
07146500,37.056389,-97.057778,1998-11-01 04:45:00,1998-11-07 06:15:00,2758.0609,1998-11-03 10:00:00,53.2500
07146500,37.056389,-97.057778,1999-04-07 04:00:00,1999-04-07 18:00:00,416.2576,1999-04-07 11:00:00,7.0000
07146500,37.056389,-97.057778,1999-04-15 12:00:00,1999-04-17 19:00:00,447.4062,1999-04-16 22:00:00,34.0000
07146500,37.056389,-97.057778,1999-05-18 15:00:00,1999-05-19 09:00:00,416.2576,1999-05-19 02:00:00,11.0000
07146500,37.056389,-97.057778,1999-06-17 02:00:00,1999-06-17 22:00:00,385.1091,1999-06-17 08:00:00,6.0000
07146500,37.056389,-97.057778,1999-06-19 19:00:00,1999-06-21 23:00:00,586.1587,1999-06-21 05:30:00,34.5000
07146500,37.056389,-97.057778,1999-06-24 20:00:00,1999-06-27 09:00:00,535.1884,1999-06-25 03:00:00,7.0000
07146500,37.056389,-97.057778,1999-07-01 16:00:00,1999-07-03 08:00:00,512.5349,1999-07-01 21:00:00,5.0000
07146500,37.056389,-97.057778,1999-07-10 20:00:00,1999-07-11 12:00:00,419.0893,1999-07-11 01:00:00,5.0000
07146500,37.056389,-97.057778,1999-09-28 00:30:00,1999-09-29 04:00:00,719.2479,1999-09-28 22:00:00,21.5000
07146500,37.056389,-97.057778,1999-12-10 05:00:00,1999-12-11 08:00:00,433.2478,1999-12-10 19:00:00,14.0000
07146500,37.056389,-97.057778,2000-03-04 15:00:00,2000-03-05 12:00:00,387.9408,2000-03-05 00:00:00,9.0000
07146500,37.056389,-97.057778,2000-03-24 07:00:00,2000-03-30 06:00:00,1262.9314,2000-03-26 05:00:00,46.0000
07146500,37.056389,-97.057778,2000-06-14 20:00:00,2000-06-15 19:00:00,523.8617,2000-06-15 03:00:00,7.0000
07146500,37.056389,-97.057778,2000-10-27 09:00:00,2000-10-28 05:00:00,478.5547,2000-10-27 19:00:00,10.0000
07146500,37.056389,-97.057778,2001-02-25 01:00:00,2001-02-27 19:00:00,767.3865,2001-02-26 05:00:00,28.0000
07146500,37.056389,-97.057778,2001-03-16 19:00:00,2001-03-18 12:00:00,572.0003,2001-03-17 14:00:00,19.0000
07146500,37.056389,-97.057778,2001-06-07 21:00:00,2001-06-08 07:00:00,362.4556,2001-06-08 00:00:00,3.0000
07146500,37.056389,-97.057778,2001-06-09 22:00:00,2001-06-11 22:00:00,591.8221,2001-06-10 13:00:00,15.0000
07146500,37.056389,-97.057778,2002-06-13 21:00:00,2002-06-15 11:00:00,523.8617,2002-06-14 12:00:00,15.0000
07146500,37.056389,-97.057778,2002-06-16 18:00:00,2002-06-18 14:00:00,552.1785,2002-06-18 00:00:00,30.0000
07146500,37.056389,-97.057778,2002-10-04 09:00:00,2002-10-07 19:00:00,634.2974,2002-10-05 16:00:00,31.0000
07146500,37.056389,-97.057778,2003-03-19 19:00:00,2003-03-24 22:00:00,931.6243,2003-03-21 15:00:00,44.0000
07146500,37.056389,-97.057778,2003-04-25 01:00:00,2003-04-26 11:00:00,472.8913,2003-04-25 19:00:00,18.0000
07146500,37.056389,-97.057778,2003-10-09 22:00:00,2003-10-12 20:00:00,928.7926,2003-10-11 03:00:00,29.0000
07146500,37.056389,-97.057778,2004-03-05 11:00:00,2004-03-09 07:00:00,1217.6244,2004-03-06 21:00:00,34.0000
07146500,37.056389,-97.057778,2004-05-14 02:00:00,2004-05-15 19:00:00,620.1389,2004-05-15 01:00:00,23.0000
07146500,37.056389,-97.057778,2004-06-15 07:00:00,2004-06-15 16:00:00,353.9606,2004-06-15 11:00:00,4.0000
07146500,37.056389,-97.057778,2004-06-20 01:00:00,2004-06-20 18:00:00,407.7626,2004-06-20 10:00:00,9.0000
07146500,37.056389,-97.057778,2004-07-06 05:00:00,2004-07-07 00:00:00,359.6240,2004-07-06 15:00:00,10.0000
07146500,37.056389,-97.057778,2004-07-25 00:00:00,2004-07-27 12:00:00,438.9111,2004-07-26 03:00:00,27.0000
07146500,37.056389,-97.057778,2005-06-10 11:00:00,2005-06-17 08:00:00,852.3371,2005-06-14 17:30:00,102.5000
07146500,37.056389,-97.057778,2005-06-19 06:00:00,2005-06-19 14:00:00,348.2972,2005-06-19 08:00:00,2.0000
07146500,37.056389,-97.057778,2005-07-04 19:00:00,2005-07-07 03:00:00,631.4657,2005-07-06 11:00:00,40.0000
07146500,37.056389,-97.057778,2005-08-25 05:00:00,2005-08-27 17:00:00,540.8518,2005-08-26 06:30:00,25.5000
07146500,37.056389,-97.057778,2007-03-31 14:00:00,2007-04-02 14:00:00,467.2280,2007-04-01 03:00:00,13.0000
07146500,37.056389,-97.057778,2007-04-14 20:00:00,2007-04-17 07:00:00,455.9012,2007-04-15 15:00:00,19.0000
07146500,37.056389,-97.057778,2007-05-08 01:00:00,2007-05-14 07:00:00,900.4757,2007-05-09 10:00:00,33.0000
07146500,37.056389,-97.057778,2007-05-25 22:00:00,2007-06-06 09:00:00,872.1589,2007-06-03 01:45:00,195.7500
07146500,37.056389,-97.057778,2007-06-28 18:00:00,2007-07-03 14:00:00,1268.5947,2007-07-01 03:15:00,57.2500
07146500,37.056389,-97.057778,2007-07-06 03:00:00,2007-07-07 05:00:00,376.6141,2007-07-06 22:00:00,19.0000
07146500,37.056389,-97.057778,2007-07-10 16:00:00,2007-07-12 00:00:00,385.1091,2007-07-10 20:00:00,4.0000
07146500,37.056389,-97.057778,2008-05-10 20:00:00,2008-05-11 10:00:00,396.4359,2008-05-11 02:00:00,6.0000
07146500,37.056389,-97.057778,2008-05-27 03:00:00,2008-05-30 12:00:00,1030.7332,2008-05-28 05:00:00,26.0000
07146500,37.056389,-97.057778,2008-06-01 05:00:00,2008-06-02 08:00:00,620.1389,2008-06-01 18:15:00,13.2500
07146500,37.056389,-97.057778,2008-06-06 10:00:00,2008-06-06 13:00:00,345.4655,2008-06-06 11:00:00,1.0000
07146500,37.056389,-97.057778,2008-06-13 23:00:00,2008-06-15 04:00:00,509.7032,2008-06-14 07:00:00,8.0000
07146500,37.056389,-97.057778,2008-06-17 21:00:00,2008-06-20 19:00:00,605.9805,2008-06-19 08:45:00,35.7500
07146500,37.056389,-97.057778,2008-06-29 18:00:00,2008-06-30 16:00:00,402.0992,2008-06-30 06:00:00,12.0000
07146500,37.056389,-97.057778,2008-09-12 19:00:00,2008-09-17 03:00:00,2239.8626,2008-09-14 21:45:00,50.7500
07146500,37.056389,-97.057778,2008-10-16 12:00:00,2008-10-18 02:00:00,402.0992,2008-10-17 13:00:00,25.0000
07146500,37.056389,-97.057778,2009-04-20 01:00:00,2009-04-20 21:00:00,385.1091,2009-04-20 08:00:00,7.0000
07146500,37.056389,-97.057778,2009-04-27 17:00:00,2009-05-05 10:00:00,1800.9514,2009-04-29 06:00:00,37.0000
07146500,37.056389,-97.057778,2009-05-09 07:00:00,2009-05-14 07:00:00,668.2776,2009-05-10 08:00:00,25.0000
07146500,37.056389,-97.057778,2009-06-21 12:00:00,2009-06-21 16:00:00,342.6338,2009-06-21 13:00:00,1.0000
07146500,37.056389,-97.057778,2009-09-09 07:00:00,2009-09-11 14:00:00,668.2776,2009-09-10 12:00:00,29.0000
07146500,37.056389,-97.057778,2009-09-12 17:00:00,2009-09-13 05:00:00,362.4556,2009-09-12 21:00:00,4.0000
07146500,37.056389,-97.057778,2010-06-11 02:00:00,2010-06-11 08:00:00,345.4655,2010-06-11 04:00:00,2.0000
07146500,37.056389,-97.057778,2010-06-14 11:00:00,2010-06-19 07:00:00,1093.0303,2010-06-15 21:00:00,34.0000
07146500,37.056389,-97.057778,2010-07-06 04:00:00,2010-07-10 02:00:00,999.5847,2010-07-07 04:00:00,24.0000
07146500,37.056389,-97.057778,2012-02-05 00:00:00,2012-02-05 20:00:00,450.2379,2012-02-05 09:00:00,9.0000
07146500,37.056389,-97.057778,2013-07-31 20:30:00,2013-08-02 06:00:00,461.5646,2013-08-01 12:45:00,16.2500
07146500,37.056389,-97.057778,2013-08-05 01:00:00,2013-08-19 03:30:00,1129.8422,2013-08-10 13:30:00,132.5000
07146500,37.056389,-97.057778,2015-05-18 04:15:00,2015-05-18 04:45:00,342.6338,2015-05-18 04:45:00,0.5000
07146500,37.056389,-97.057778,2015-05-24 02:00:00,2015-05-24 04:45:00,419.0893,2015-05-24 04:45:00,2.7500
07146500,37.056389,-97.057778,2016-05-25 18:00:00,2016-05-31 05:30:00,662.6142,2016-05-29 10:00:00,88.0000
07159100,35.951667,-97.914167,1990-03-11 16:41:09,1990-03-12 05:41:00,170.7506,1990-03-12 01:11:03,8.4983
07159100,35.951667,-97.914167,1990-03-15 04:40:03,1990-03-15 16:09:54,209.8278,1990-03-15 09:10:00,4.4992
07159100,35.951667,-97.914167,1990-04-17 17:30:00,1990-04-18 19:00:00,322.8121,1990-04-18 04:00:00,10.5000
07159100,35.951667,-97.914167,1990-04-24 15:00:00,1990-04-26 00:00:00,600.3171,1990-04-25 05:00:00,14.0000
07159100,35.951667,-97.914167,1990-05-03 08:30:00,1990-05-04 06:30:00,232.4813,1990-05-03 18:30:00,10.0000
07159100,35.951667,-97.914167,1991-09-02 12:00:00,1991-09-03 08:30:00,220.5882,1991-09-02 20:00:00,8.0000
07159100,35.951667,-97.914167,1991-11-18 04:00:00,1991-11-19 01:00:00,223.4199,1991-11-18 13:00:00,9.0000
07159100,35.951667,-97.914167,1991-12-20 18:00:00,1991-12-22 01:00:00,368.1190,1991-12-21 06:30:00,12.5000
07159100,35.951667,-97.914167,1992-06-08 09:00:00,1992-06-09 09:00:00,216.6239,1992-06-09 02:00:00,17.0000
07159100,35.951667,-97.914167,1992-06-11 00:30:00,1992-06-11 20:00:00,311.4853,1992-06-11 08:00:00,7.5000
07159100,35.951667,-97.914167,1992-06-29 07:00:00,1992-06-30 10:30:00,274.1071,1992-06-29 17:00:00,10.0000
07159100,35.951667,-97.914167,1992-08-31 19:00:00,1992-09-01 08:00:00,266.1784,1992-09-01 00:00:00,5.0000
07159100,35.951667,-97.914167,1992-11-25 11:00:00,1992-11-27 23:00:00,540.8518,1992-11-26 01:00:00,14.0000
07159100,35.951667,-97.914167,1992-12-14 17:00:00,1992-12-16 02:00:00,421.9210,1992-12-15 10:00:00,17.0000
07159100,35.951667,-97.914167,1993-02-21 14:00:00,1993-02-22 07:00:00,217.4734,1993-02-21 20:00:00,6.0000
07159100,35.951667,-97.914167,1993-04-30 03:00:00,1993-04-30 06:00:00,171.6001,1993-04-30 04:00:00,1.0000
07159100,35.951667,-97.914167,1993-05-02 11:00:00,1993-05-06 19:00:00,1330.8918,1993-05-03 12:52:00,25.8667
07159100,35.951667,-97.914167,1993-05-08 09:00:00,1993-05-15 22:00:00,1798.1198,1993-05-10 12:00:00,51.0000
07159100,35.951667,-97.914167,1993-05-18 10:00:00,1993-05-21 16:00:00,648.4558,1993-05-20 08:00:00,46.0000
07159100,35.951667,-97.914167,1993-07-08 14:00:00,1993-07-09 04:00:00,207.8457,1993-07-08 19:00:00,5.0000
07159100,35.951667,-97.914167,1993-07-14 13:00:00,1993-07-16 01:00:00,246.9229,1993-07-15 13:00:00,24.0000
07159100,35.951667,-97.914167,1994-04-28 21:00:00,1994-04-29 01:00:00,174.9981,1994-04-29 00:00:00,3.0000
07159100,35.951667,-97.914167,1994-04-30 08:00:00,1994-05-01 10:00:00,263.0635,1994-04-30 19:00:00,11.0000
07159100,35.951667,-97.914167,1994-05-29 18:00:00,1994-05-30 22:00:00,413.4260,1994-05-30 03:00:00,9.0000
07159100,35.951667,-97.914167,1994-11-20 18:00:00,1994-11-22 17:00:00,577.6637,1994-11-21 08:00:00,14.0000
07159100,35.951667,-97.914167,1995-03-15 04:00:00,1995-03-15 16:00:00,192.8377,1995-03-15 08:00:00,4.0000
07159100,35.951667,-97.914167,1995-05-28 04:00:00,1995-05-28 08:00:00,173.2991,1995-05-28 05:00:00,1.0000
07159100,35.951667,-97.914167,1995-06-04 04:00:00,1995-06-08 06:00:00,671.1093,1995-06-06 21:00:00,65.0000
07159100,35.951667,-97.914167,1995-06-09 10:00:00,1995-06-13 14:00:00,1710.3375,1995-06-10 18:00:00,32.0000
07159100,35.951667,-97.914167,1995-08-03 04:00:00,1995-08-06 20:00:00,1132.6739,1995-08-04 01:00:00,21.0000
07159100,35.951667,-97.914167,1996-08-03 13:00:00,1996-08-05 07:00:00,302.9903,1996-08-04 01:27:00,12.4500
07159100,35.951667,-97.914167,1996-09-20 13:00:00,1996-09-20 20:00:00,173.8654,1996-09-20 15:00:00,2.0000
07159100,35.951667,-97.914167,1996-09-22 16:00:00,1996-09-23 00:00:00,184.6258,1996-09-22 19:00:00,3.0000
07159100,35.951667,-97.914167,1996-09-27 16:00:00,1996-09-29 02:00:00,362.4556,1996-09-28 12:30:00,20.5000
07159100,35.951667,-97.914167,1996-11-18 02:45:00,1996-11-19 13:00:00,506.8716,1996-11-18 13:45:00,11.0000
07159100,35.951667,-97.914167,1997-02-21 10:00:00,1997-02-23 12:00:00,436.0794,1997-02-22 04:00:00,18.0000
07159100,35.951667,-97.914167,1997-04-05 20:00:00,1997-04-07 01:00:00,269.8595,1997-04-06 06:00:00,9.0000
07159100,35.951667,-97.914167,1997-04-11 11:00:00,1997-04-14 21:00:00,968.4362,1997-04-12 06:00:00,19.0000
07159100,35.951667,-97.914167,1997-05-02 16:00:00,1997-05-04 06:00:00,345.4655,1997-05-03 06:00:00,14.0000
07159100,35.951667,-97.914167,1997-07-20 10:00:00,1997-07-21 12:00:00,250.3209,1997-07-20 20:00:00,10.0000
07159100,35.951667,-97.914167,1997-09-24 05:00:00,1997-09-26 08:00:00,481.3864,1997-09-25 04:00:00,23.0000
07159100,35.951667,-97.914167,1997-12-24 12:00:00,1997-12-27 07:00:00,399.2675,1997-12-25 00:00:00,12.0000
07159100,35.951667,-97.914167,1998-01-05 12:00:00,1998-01-05 15:00:00,169.9011,1998-01-05 13:00:00,1.0000
07159100,35.951667,-97.914167,1998-03-16 16:00:00,1998-03-23 15:00:00,1064.7134,1998-03-17 17:45:00,25.7500
07159100,35.951667,-97.914167,1998-05-11 08:45:00,1998-05-12 05:00:00,218.8892,1998-05-11 19:00:00,10.2500
07159100,35.951667,-97.914167,1998-10-03 18:00:00,1998-10-04 07:45:00,184.3427,1998-10-03 23:00:00,5.0000
07159100,35.951667,-97.914167,1998-11-01 05:00:00,1998-11-05 06:00:00,1990.6743,1998-11-02 13:30:00,32.5000
07159100,35.951667,-97.914167,1999-03-13 08:00:00,1999-03-14 17:00:00,245.5071,1999-03-13 15:00:00,7.0000
07159100,35.951667,-97.914167,1999-04-04 19:00:00,1999-04-05 11:00:00,197.3684,1999-04-05 04:00:00,9.0000
07159100,35.951667,-97.914167,1999-04-15 02:45:00,1999-04-18 02:00:00,773.0499,1999-04-15 16:00:00,13.2500
07159100,35.951667,-97.914167,1999-04-22 14:00:00,1999-04-23 14:00:00,421.9210,1999-04-22 22:00:00,8.0000
07159100,35.951667,-97.914167,1999-04-25 06:00:00,1999-04-29 15:00:00,1056.2184,1999-04-26 01:00:00,19.0000
07159100,35.951667,-97.914167,1999-06-10 09:00:00,1999-06-15 02:00:00,931.6243,1999-06-11 02:30:00,17.5000
07159100,35.951667,-97.914167,1999-06-23 16:00:00,1999-06-27 15:00:00,385.1091,1999-06-24 06:30:00,14.5000
07159100,35.951667,-97.914167,1999-07-02 07:00:00,1999-07-03 15:30:00,264.1962,1999-07-02 22:30:00,15.5000
07159100,35.951667,-97.914167,1999-07-10 16:00:00,1999-07-12 05:30:00,286.0002,1999-07-11 06:00:00,14.0000
07159100,35.951667,-97.914167,1999-12-10 05:00:00,1999-12-11 02:30:00,225.9684,1999-12-10 15:00:00,10.0000
07159100,35.951667,-97.914167,2000-03-23 19:30:00,2000-03-27 11:00:00,925.9609,2000-03-24 12:00:00,16.5000
07159100,35.951667,-97.914167,2000-05-27 12:00:00,2000-05-29 15:00:00,461.5646,2000-05-28 07:30:00,19.5000
07159100,35.951667,-97.914167,2000-06-28 04:30:00,2000-06-28 20:00:00,205.0140,2000-06-28 12:30:00,8.0000
07159100,35.951667,-97.914167,2000-10-26 12:30:00,2000-10-27 15:30:00,302.9903,2000-10-27 00:00:00,11.5000
07159100,35.951667,-97.914167,2000-11-02 06:30:00,2000-11-02 20:30:00,237.5783,2000-11-02 10:30:00,4.0000
07159100,35.951667,-97.914167,2001-02-24 10:30:00,2001-02-26 21:30:00,308.6536,2001-02-25 00:30:00,14.0000
07159100,35.951667,-97.914167,2001-03-17 09:00:00,2001-03-18 02:00:00,221.7209,2001-03-17 18:00:00,9.0000
07159100,35.951667,-97.914167,2001-05-06 15:00:00,2001-05-06 21:30:00,179.8120,2001-05-06 18:30:00,3.5000
07159100,35.951667,-97.914167,2001-05-18 15:00:00,2001-05-19 02:30:00,208.9783,2001-05-18 19:30:00,4.5000
07159100,35.951667,-97.914167,2002-06-14 15:00:00,2002-06-16 00:00:00,199.0674,2002-06-14 21:30:00,6.5000
07159100,35.951667,-97.914167,2002-08-14 23:30:00,2002-08-15 18:30:00,228.2338,2002-08-15 11:00:00,11.5000
07159100,35.951667,-97.914167,2002-10-04 13:30:00,2002-10-06 13:30:00,441.7428,2002-10-05 13:30:00,24.0000
07159100,35.951667,-97.914167,2002-10-24 13:30:00,2002-10-26 05:30:00,248.9051,2002-10-25 14:00:00,24.5000
07159100,35.951667,-97.914167,2002-10-28 19:30:00,2002-10-30 06:30:00,265.8952,2002-10-29 17:30:00,22.0000
07159100,35.951667,-97.914167,2003-05-17 06:00:00,2003-05-18 07:30:00,238.4278,2003-05-17 15:00:00,9.0000
07159100,35.951667,-97.914167,2003-10-09 22:30:00,2003-10-10 04:00:00,174.9981,2003-10-10 00:30:00,2.0000
07159100,35.951667,-97.914167,2004-03-04 20:00:00,2004-03-07 14:30:00,733.4063,2004-03-05 15:00:00,19.0000
07159100,35.951667,-97.914167,2004-03-28 19:30:00,2004-03-29 07:30:00,237.5783,2004-03-29 00:30:00,5.0000
07159100,35.951667,-97.914167,2004-06-22 01:30:00,2004-06-23 15:00:00,356.7923,2004-06-22 13:30:00,12.0000
07159100,35.951667,-97.914167,2004-11-18 22:00:00,2004-11-19 09:30:00,175.5644,2004-11-19 03:30:00,5.5000
07159100,35.951667,-97.914167,2005-01-06 18:30:00,2005-01-06 20:30:00,170.1842,2005-01-06 19:30:00,1.0000
07159100,35.951667,-97.914167,2005-06-14 04:30:00,2005-06-15 20:00:00,291.6635,2005-06-14 16:30:00,12.0000
07159100,35.951667,-97.914167,2005-06-17 21:30:00,2005-06-20 03:00:00,334.1388,2005-06-19 10:30:00,37.0000
07159100,35.951667,-97.914167,2005-08-23 10:30:00,2005-08-23 15:30:00,178.3961,2005-08-23 13:00:00,2.5000
07159100,35.951667,-97.914167,2005-10-02 01:30:00,2005-10-02 08:30:00,194.2536,2005-10-02 05:30:00,4.0000
07159100,35.951667,-97.914167,2007-03-30 11:30:00,2007-04-02 06:00:00,322.8121,2007-03-30 21:30:00,10.0000
07159100,35.951667,-97.914167,2007-04-14 15:00:00,2007-04-16 07:00:00,239.2774,2007-04-15 08:00:00,17.0000
07159100,35.951667,-97.914167,2007-05-08 01:30:00,2007-05-11 17:30:00,487.0498,2007-05-09 00:30:00,23.0000
07159100,35.951667,-97.914167,2007-06-14 17:00:00,2007-06-18 07:30:00,665.4459,2007-06-15 05:30:00,12.5000
07159100,35.951667,-97.914167,2007-06-20 10:00:00,2007-06-22 14:30:00,461.5646,2007-06-20 21:30:00,11.5000
07159100,35.951667,-97.914167,2007-06-28 06:00:00,2007-07-02 16:30:00,934.4559,2007-06-30 16:30:00,58.5000
07159100,35.951667,-97.914167,2007-07-13 14:00:00,2007-07-16 04:30:00,945.7827,2007-07-14 17:30:00,27.5000
07159100,35.951667,-97.914167,2007-09-09 01:30:00,2007-09-09 18:30:00,387.9408,2007-09-09 09:30:00,8.0000
07159100,35.951667,-97.914167,2007-10-18 11:00:00,2007-10-18 13:30:00,172.7328,2007-10-18 12:00:00,1.0000
07159100,35.951667,-97.914167,2008-04-10 16:30:00,2008-04-11 16:30:00,258.5328,2008-04-11 02:00:00,9.5000
07159100,35.951667,-97.914167,2008-06-06 19:30:00,2008-06-07 14:30:00,314.3170,2008-06-07 02:30:00,7.0000
07159100,35.951667,-97.914167,2008-06-09 11:00:00,2008-06-12 08:00:00,1294.0799,2008-06-10 10:00:00,23.0000
07159100,35.951667,-97.914167,2008-06-18 00:30:00,2008-06-18 20:00:00,242.1090,2008-06-18 10:30:00,10.0000
07159100,35.951667,-97.914167,2008-09-13 03:30:00,2008-09-15 19:00:00,1087.3669,2008-09-14 14:30:00,35.0000
07159100,35.951667,-97.914167,2009-04-27 00:30:00,2009-04-29 21:00:00,707.9212,2009-04-27 14:00:00,13.5000
07159100,35.951667,-97.914167,2009-10-09 09:00:00,2009-10-09 23:30:00,250.3209,2009-10-09 15:00:00,6.0000
07159100,35.951667,-97.914167,2010-05-20 01:30:00,2010-05-22 04:30:00,526.6933,2010-05-20 17:00:00,15.5000
07159100,35.951667,-97.914167,2010-05-26 21:30:00,2010-05-27 18:00:00,229.6496,2010-05-27 07:30:00,10.0000
07159100,35.951667,-97.914167,2010-06-15 21:00:00,2010-06-16 20:30:00,242.1090,2010-06-16 12:00:00,15.0000
07159100,35.951667,-97.914167,2010-07-06 11:00:00,2010-07-08 12:30:00,294.4952,2010-07-06 18:30:00,7.5000
07159100,35.951667,-97.914167,2013-07-26 19:30:00,2013-07-27 19:30:00,311.4853,2013-07-27 07:30:00,12.0000
07159100,35.951667,-97.914167,2013-07-30 22:30:00,2013-08-01 09:00:00,221.1546,2013-08-01 00:00:00,25.5000
07159100,35.951667,-97.914167,2013-08-10 04:30:00,2013-08-11 10:00:00,267.3110,2013-08-10 21:30:00,17.0000
07159100,35.951667,-97.914167,2015-05-19 03:00:00,2015-05-19 08:00:00,170.1842,2015-05-19 03:30:00,0.5000
07159100,35.951667,-97.914167,2015-05-24 04:30:00,2015-05-25 04:30:00,1090.1986,2015-05-25 04:30:00,24.0000
07159100,35.951667,-97.914167,2015-07-10 05:30:00,2015-07-10 19:30:00,201.3328,2015-07-10 13:30:00,8.0000
07164500,36.140556,-96.006111,1993-05-09 20:00:00,1993-05-18 21:00:00,4219.2101,1993-05-14 14:00:00,114.0000
07164500,36.140556,-96.006111,1995-06-09 17:30:00,1995-06-15 17:00:00,3596.2395,1995-06-12 15:30:00,70.0000
07164500,36.140556,-96.006111,1998-11-04 09:00:00,1998-11-04 19:00:00,3001.5857,1998-11-04 17:00:00,8.0000
07166500,37.529722,-95.674444,1992-07-11 16:00:00,1992-07-12 22:00:00,339.8022,1992-07-11 23:00:00,7.0000
07166500,37.529722,-95.674444,1992-07-16 17:00:00,1992-07-17 09:00:00,247.7724,1992-07-16 21:00:00,4.0000
07166500,37.529722,-95.674444,1992-07-24 00:00:00,1992-07-25 18:00:00,300.1586,1992-07-25 06:00:00,30.0000
07166500,37.529722,-95.674444,1992-07-30 18:00:00,1992-07-31 13:00:00,236.1625,1992-07-30 20:00:00,2.0000
07166500,37.529722,-95.674444,1992-11-20 11:00:00,1992-11-21 08:00:00,243.2417,1992-11-20 22:00:00,11.0000
07166500,37.529722,-95.674444,1992-11-26 04:00:00,1992-11-26 08:00:00,228.5170,1992-11-26 05:00:00,1.0000
07166500,37.529722,-95.674444,1992-12-14 02:00:00,1992-12-16 08:00:00,438.9111,1992-12-15 01:00:00,23.0000
07166500,37.529722,-95.674444,1993-05-09 05:00:00,1993-05-11 07:00:00,413.4260,1993-05-10 00:00:00,19.0000
07166500,37.529722,-95.674444,1994-04-10 23:00:00,1994-04-13 10:00:00,487.0498,1994-04-11 14:00:00,15.0000
07166500,37.529722,-95.674444,1994-04-28 08:00:00,1994-05-01 22:00:00,877.8222,1994-04-29 05:00:00,21.0000
07166500,37.529722,-95.674444,1994-11-20 20:30:00,1994-11-21 21:15:00,246.0734,1994-11-21 08:00:00,11.5000
07166500,37.529722,-95.674444,1995-05-08 08:15:00,1995-05-09 15:15:00,319.9804,1995-05-08 14:15:00,6.0000
07166500,37.529722,-95.674444,1995-05-18 20:15:00,1995-05-19 08:15:00,231.9150,1995-05-19 01:45:00,5.5000
07166500,37.529722,-95.674444,1995-06-09 08:30:00,1995-06-12 04:30:00,645.6241,1995-06-10 10:00:00,25.5000
07166500,37.529722,-95.674444,1997-02-21 08:00:00,1997-02-23 04:15:00,348.2972,1997-02-21 17:15:00,9.2500
07166500,37.529722,-95.674444,1997-04-12 01:45:00,1997-04-12 19:15:00,242.3922,1997-04-12 12:45:00,11.0000
07166500,37.529722,-95.674444,1998-10-05 09:15:00,1998-10-06 00:15:00,248.6219,1998-10-05 14:45:00,5.5000
07166500,37.529722,-95.674444,1998-11-02 04:15:00,1998-11-02 05:15:00,238.9942,1998-11-02 05:15:00,1.0000
07166500,37.529722,-95.674444,1998-11-04 06:00:00,1998-11-12 04:15:00,733.4063,1998-11-04 10:15:00,4.2500
07166500,37.529722,-95.674444,1999-04-15 05:15:00,1999-04-16 02:15:00,246.6397,1999-04-15 13:15:00,8.0000
07166500,37.529722,-95.674444,1999-05-05 03:15:00,1999-05-06 06:15:00,250.3209,1999-05-05 23:15:00,20.0000
07166500,37.529722,-95.674444,2001-02-24 21:00:00,2001-02-25 20:00:00,259.6655,2001-02-25 04:00:00,7.0000
07166500,37.529722,-95.674444,2003-03-20 12:00:00,2003-03-20 23:00:00,233.0476,2003-03-20 19:00:00,7.0000
07166500,37.529722,-95.674444,2004-03-05 02:00:00,2004-03-07 01:00:00,424.7527,2004-03-06 08:00:00,30.0000
07166500,37.529722,-95.674444,2004-04-24 17:00:00,2004-04-25 04:00:00,234.7467,2004-04-24 19:00:00,2.0000
07166500,37.529722,-95.674444,2004-05-14 02:00:00,2004-05-14 17:00:00,239.8437,2004-05-14 08:00:00,6.0000
07166500,37.529722,-95.674444,2004-06-13 16:00:00,2004-06-13 19:00:00,232.1981,2004-06-13 17:00:00,1.0000
07166500,37.529722,-95.674444,2005-01-05 11:00:00,2005-01-06 16:00:00,311.4853,2005-01-05 20:00:00,9.0000
07166500,37.529722,-95.674444,2005-06-12 05:00:00,2005-06-12 13:00:00,230.2160,2005-06-12 09:00:00,4.0000
07166500,37.529722,-95.674444,2005-06-13 15:00:00,2005-06-15 05:00:00,261.3645,2005-06-14 09:00:00,18.0000
07166500,37.529722,-95.674444,2007-05-07 16:30:00,2007-05-08 16:45:00,263.6298,2007-05-08 05:15:00,12.7500
07166500,37.529722,-95.674444,2007-06-29 02:45:00,2007-07-05 11:30:00,1800.9514,2007-07-01 00:45:00,46.0000
07166500,37.529722,-95.674444,2008-05-08 08:30:00,2008-05-08 16:30:00,235.0298,2008-05-08 12:45:00,4.2500
07166500,37.529722,-95.674444,2008-05-27 04:30:00,2008-05-29 04:15:00,390.7725,2008-05-28 07:00:00,26.5000
07166500,37.529722,-95.674444,2008-06-01 08:15:00,2008-06-01 18:15:00,264.4793,2008-06-01 11:00:00,2.7500
07166500,37.529722,-95.674444,2008-06-09 15:00:00,2008-06-11 05:00:00,302.9903,2008-06-10 13:15:00,22.2500
07166500,37.529722,-95.674444,2008-06-13 09:30:00,2008-06-15 08:45:00,362.4556,2008-06-14 12:00:00,26.5000
07166500,37.529722,-95.674444,2008-06-28 05:30:00,2008-06-29 03:45:00,251.7368,2008-06-28 17:15:00,11.7500
07166500,37.529722,-95.674444,2009-04-19 18:45:00,2009-04-21 03:30:00,297.3269,2009-04-20 15:30:00,20.7500
07166500,37.529722,-95.674444,2009-04-27 10:15:00,2009-05-01 04:15:00,331.3071,2009-04-28 13:30:00,27.2500
07166500,37.529722,-95.674444,2009-05-08 13:45:00,2009-05-11 01:15:00,362.4556,2009-05-09 16:45:00,27.0000
07166500,37.529722,-95.674444,2009-08-20 14:45:00,2009-08-20 16:45:00,230.7823,2009-08-20 15:30:00,0.7500
07166500,37.529722,-95.674444,2009-09-09 13:00:00,2009-09-12 07:15:00,399.2675,2009-09-11 02:30:00,37.5000
07166500,37.529722,-95.674444,2010-06-09 16:15:00,2010-06-11 13:45:00,376.6141,2010-06-10 16:15:00,24.0000
07166500,37.529722,-95.674444,2010-07-06 19:45:00,2010-07-08 01:30:00,276.3724,2010-07-07 15:15:00,19.5000
07166500,37.529722,-95.674444,2013-07-30 13:45:00,2013-07-31 10:30:00,253.1526,2013-07-31 01:30:00,11.7500
07166500,37.529722,-95.674444,2013-08-05 09:45:00,2013-08-07 11:30:00,351.1289,2013-08-06 12:00:00,26.2500
07166500,37.529722,-95.674444,2015-05-24 07:00:00,2015-05-26 08:45:00,348.2972,2015-05-25 11:45:00,28.7500
07166500,37.529722,-95.674444,2015-05-29 13:45:00,2015-06-02 16:15:00,286.0002,2015-06-01 10:15:00,68.5000
07169500,37.508333,-95.833333,1992-07-11 10:00:00,1992-07-12 09:00:00,365.2873,1992-07-11 18:00:00,8.0000
07169500,37.508333,-95.833333,1992-08-03 22:00:00,1992-08-04 13:00:00,282.0358,1992-08-04 04:00:00,6.0000
07169500,37.508333,-95.833333,1992-12-13 21:00:00,1992-12-15 09:00:00,302.9903,1992-12-15 00:00:00,27.0000
07169500,37.508333,-95.833333,1993-05-09 02:00:00,1993-05-10 10:00:00,336.9705,1993-05-09 21:00:00,19.0000
07169500,37.508333,-95.833333,1994-04-10 12:00:00,1994-04-12 12:00:00,359.6240,1994-04-11 21:00:00,33.0000
07169500,37.508333,-95.833333,1994-04-28 08:00:00,1994-04-30 23:00:00,877.8222,1994-04-28 22:00:00,14.0000
07169500,37.508333,-95.833333,1995-05-08 10:00:00,1995-05-08 15:00:00,233.0476,1995-05-08 12:00:00,2.0000
07169500,37.508333,-95.833333,1995-06-09 07:00:00,1995-06-11 01:00:00,487.0498,1995-06-10 08:00:00,25.0000
07169500,37.508333,-95.833333,1997-02-21 07:00:00,1997-02-22 08:00:00,345.4655,1997-02-21 16:00:00,9.0000
07169500,37.508333,-95.833333,1997-04-11 16:00:00,1997-04-12 04:00:00,235.8793,1997-04-11 22:00:00,6.0000
07169500,37.508333,-95.833333,1998-11-01 22:00:00,1998-11-03 02:00:00,396.4359,1998-11-02 09:00:00,11.0000
07169500,37.508333,-95.833333,1999-05-04 20:00:00,1999-05-05 09:00:00,291.6635,1999-05-05 01:00:00,5.0000
07169500,37.508333,-95.833333,1999-06-19 19:00:00,1999-06-20 09:00:00,252.0199,1999-06-20 00:00:00,5.0000
07169500,37.508333,-95.833333,2000-06-26 11:00:00,2000-06-27 12:30:00,348.2972,2000-06-26 17:00:00,6.0000
07169500,37.508333,-95.833333,2001-02-24 18:00:00,2001-02-25 07:00:00,280.9031,2001-02-25 00:00:00,6.0000
07169500,37.508333,-95.833333,2002-05-08 09:00:00,2002-05-08 18:00:00,252.0199,2002-05-08 12:00:00,3.0000
07169500,37.508333,-95.833333,2002-05-24 11:00:00,2002-05-25 16:00:00,356.7923,2002-05-25 06:00:00,19.0000
07169500,37.508333,-95.833333,2004-03-05 00:00:00,2004-03-06 01:00:00,382.2774,2004-03-05 09:00:00,9.0000
07169500,37.508333,-95.833333,2004-04-24 08:00:00,2004-04-24 21:00:00,275.8061,2004-04-24 14:00:00,6.0000
07169500,37.508333,-95.833333,2004-05-14 07:00:00,2004-05-14 10:00:00,221.4377,2004-05-14 08:00:00,1.0000
07169500,37.508333,-95.833333,2005-01-05 09:00:00,2005-01-05 20:00:00,242.9585,2005-01-05 17:00:00,8.0000
07169500,37.508333,-95.833333,2005-06-13 14:00:00,2005-06-13 19:00:00,229.6496,2005-06-13 17:00:00,3.0000
07169500,37.508333,-95.833333,2005-08-25 19:00:00,2005-08-26 20:00:00,334.1388,2005-08-26 10:00:00,15.0000
07169500,37.508333,-95.833333,2006-05-04 17:00:00,2006-05-05 01:00:00,263.0635,2006-05-04 20:00:00,3.0000
07169500,37.508333,-95.833333,2007-05-07 14:00:00,2007-05-08 04:00:00,342.6338,2007-05-07 19:00:00,5.0000
07169500,37.508333,-95.833333,2007-06-02 01:00:00,2007-06-02 14:00:00,291.6635,2007-06-02 08:00:00,7.0000
07169500,37.508333,-95.833333,2007-06-28 21:00:00,2007-07-02 10:00:00,2203.0507,2007-06-30 16:00:00,43.0000
07169500,37.508333,-95.833333,2008-05-02 12:00:00,2008-05-02 19:00:00,226.8179,2008-05-02 16:00:00,4.0000
07169500,37.508333,-95.833333,2008-05-08 00:00:00,2008-05-08 10:00:00,243.8080,2008-05-08 04:00:00,4.0000
07169500,37.508333,-95.833333,2008-05-26 20:00:00,2008-05-28 10:00:00,484.2181,2008-05-27 16:00:00,20.0000
07169500,37.508333,-95.833333,2008-06-09 13:00:00,2008-06-10 12:00:00,351.1289,2008-06-09 22:00:00,9.0000
07169500,37.508333,-95.833333,2008-06-13 10:00:00,2008-06-14 22:00:00,702.2578,2008-06-14 00:00:00,14.0000
07169500,37.508333,-95.833333,2008-08-10 07:00:00,2008-08-11 06:00:00,356.7923,2008-08-10 14:00:00,7.0000
07169500,37.508333,-95.833333,2008-09-12 11:00:00,2008-09-12 14:00:00,220.0219,2008-09-12 13:00:00,2.0000
07169500,37.508333,-95.833333,2009-04-19 15:00:00,2009-04-20 08:00:00,308.6536,2009-04-19 23:00:00,8.0000
07169500,37.508333,-95.833333,2009-04-26 17:00:00,2009-04-27 14:00:00,228.2338,2009-04-27 12:00:00,19.0000
07169500,37.508333,-95.833333,2009-04-29 20:00:00,2009-04-30 11:00:00,339.8022,2009-04-30 01:00:00,5.0000
07169500,37.508333,-95.833333,2009-05-08 14:00:00,2009-05-09 07:00:00,291.6635,2009-05-08 20:00:00,6.0000
07169500,37.508333,-95.833333,2009-09-09 11:30:00,2009-09-10 20:30:00,546.5151,2009-09-09 23:00:00,11.5000
07169500,37.508333,-95.833333,2009-10-09 06:15:00,2009-10-09 07:00:00,214.3585,2009-10-09 06:45:00,0.5000
07169500,37.508333,-95.833333,2010-07-05 15:15:00,2010-07-07 05:45:00,373.7824,2010-07-06 22:00:00,30.7500
07169500,37.508333,-95.833333,2013-08-05 09:45:00,2013-08-05 23:45:00,390.7725,2013-08-05 15:15:00,5.5000
07169500,37.508333,-95.833333,2013-08-08 15:45:00,2013-08-09 03:15:00,271.8417,2013-08-08 20:15:00,4.5000
07169500,37.508333,-95.833333,2015-05-17 11:15:00,2015-05-17 20:00:00,231.9150,2015-05-17 13:45:00,2.5000
07169500,37.508333,-95.833333,2015-05-24 05:15:00,2015-05-25 09:00:00,402.0992,2015-05-24 16:15:00,11.0000
07169500,37.508333,-95.833333,2015-05-29 13:00:00,2015-05-29 17:15:00,227.3843,2015-05-29 14:15:00,1.2500
07186000,37.245556,-94.566389,1994-11-06 06:00:00,1994-11-07 05:00:00,529.5250,1994-11-06 11:00:00,5.0000
07186000,37.245556,-94.566389,1994-11-20 09:00:00,1994-11-22 05:00:00,605.9805,1994-11-21 11:00:00,26.0000
07186000,37.245556,-94.566389,1995-05-02 00:00:00,1995-05-02 04:00:00,345.4655,1995-05-02 01:00:00,1.0000
07186000,37.245556,-94.566389,1995-05-08 05:00:00,1995-05-09 04:00:00,603.1488,1995-05-09 01:00:00,20.0000
07186000,37.245556,-94.566389,1995-05-18 04:00:00,1995-05-19 07:00:00,489.8814,1995-05-18 14:00:00,10.0000
07186000,37.245556,-94.566389,1995-05-26 21:00:00,1995-05-29 14:00:00,504.0399,1995-05-27 21:00:00,24.0000
07186000,37.245556,-94.566389,1995-06-10 05:00:00,1995-06-13 15:00:00,900.4757,1995-06-10 22:00:00,17.0000
07186000,37.245556,-94.566389,1996-04-29 08:00:00,1996-04-30 00:00:00,373.7824,1996-04-29 18:00:00,10.0000
07186000,37.245556,-94.566389,1996-11-07 07:00:00,1996-11-08 21:00:00,478.5547,1996-11-08 01:00:00,18.0000
07186000,37.245556,-94.566389,1996-11-17 18:00:00,1996-11-18 06:00:00,376.6141,1996-11-18 00:00:00,6.0000
07186000,37.245556,-94.566389,1997-02-21 15:00:00,1997-02-23 04:00:00,512.5349,1997-02-22 10:00:00,19.0000
07186000,37.245556,-94.566389,1997-07-09 08:00:00,1997-07-10 06:00:00,526.6933,1997-07-09 15:00:00,7.0000
07186000,37.245556,-94.566389,1998-03-20 09:00:00,1998-03-21 20:00:00,419.0893,1998-03-21 03:00:00,18.0000
07186000,37.245556,-94.566389,1998-10-05 10:00:00,1998-10-09 03:00:00,1036.3966,1998-10-07 00:00:00,38.0000
07186000,37.245556,-94.566389,1999-04-15 06:00:00,1999-04-15 22:00:00,382.2774,1999-04-15 12:00:00,6.0000
07186000,37.245556,-94.566389,1999-04-25 19:00:00,1999-04-29 10:00:00,736.2380,1999-04-27 14:00:00,43.0000
07186000,37.245556,-94.566389,1999-05-04 19:00:00,1999-05-07 16:00:00,807.0301,1999-05-05 19:00:00,24.0000
07186000,37.245556,-94.566389,1999-07-02 02:00:00,1999-07-03 01:00:00,399.2675,1999-07-02 11:00:00,9.0000
07186000,37.245556,-94.566389,2000-07-23 02:00:00,2000-07-23 16:30:00,387.9408,2000-07-23 06:30:00,4.5000
07186000,37.245556,-94.566389,2001-01-29 19:00:00,2001-01-30 08:30:00,370.9507,2001-01-29 23:30:00,4.5000
07186000,37.245556,-94.566389,2001-02-24 13:30:00,2001-02-27 02:00:00,546.5151,2001-02-25 16:30:00,27.0000
07186000,37.245556,-94.566389,2002-05-08 09:30:00,2002-05-12 01:00:00,1016.5748,2002-05-09 14:00:00,28.5000
07186000,37.245556,-94.566389,2002-05-13 12:30:00,2002-05-14 17:00:00,441.7428,2002-05-14 05:00:00,16.5000
07186000,37.245556,-94.566389,2002-05-17 19:30:00,2002-05-18 13:00:00,410.5943,2002-05-18 03:00:00,7.5000
07186000,37.245556,-94.566389,2002-05-24 20:30:00,2002-05-25 18:00:00,413.4260,2002-05-25 08:00:00,11.5000
07186000,37.245556,-94.566389,2004-03-04 21:30:00,2004-03-07 02:30:00,515.3666,2004-03-05 16:30:00,19.0000
07186000,37.245556,-94.566389,2004-04-24 13:00:00,2004-04-26 09:00:00,444.5745,2004-04-25 04:00:00,15.0000
07186000,37.245556,-94.566389,2005-01-05 08:45:00,2005-01-08 11:45:00,744.7331,2005-01-07 00:15:00,39.5000
07186000,37.245556,-94.566389,2007-06-02 12:15:00,2007-06-04 15:45:00,478.5547,2007-06-03 02:00:00,13.7500
07186000,37.245556,-94.566389,2007-06-11 09:45:00,2007-06-15 16:30:00,2007.6644,2007-06-12 14:00:00,28.2500
07186000,37.245556,-94.566389,2007-07-01 10:45:00,2007-07-04 04:45:00,569.1686,2007-07-03 03:45:00,41.0000
07186000,37.245556,-94.566389,2007-09-08 16:15:00,2007-09-11 01:00:00,1180.8125,2007-09-09 15:30:00,23.2500
07186000,37.245556,-94.566389,2008-02-18 00:30:00,2008-02-18 19:00:00,370.9507,2008-02-18 07:15:00,6.7500
07186000,37.245556,-94.566389,2008-03-04 04:30:00,2008-03-04 14:00:00,351.1289,2008-03-04 08:15:00,3.7500
07186000,37.245556,-94.566389,2008-03-18 18:30:00,2008-03-22 11:30:00,1356.3770,2008-03-20 03:45:00,33.2500
07186000,37.245556,-94.566389,2008-04-01 09:30:00,2008-04-02 07:30:00,402.0992,2008-04-01 20:15:00,10.7500
07186000,37.245556,-94.566389,2008-04-10 08:00:00,2008-04-13 20:30:00,1262.9314,2008-04-11 12:30:00,28.5000
07186000,37.245556,-94.566389,2008-04-24 15:45:00,2008-04-26 04:30:00,436.0794,2008-04-25 07:45:00,16.0000
07186000,37.245556,-94.566389,2008-05-08 05:30:00,2008-05-10 15:00:00,597.4855,2008-05-09 13:15:00,31.7500
07186000,37.245556,-94.566389,2008-06-02 11:45:00,2008-06-03 04:00:00,353.9606,2008-06-02 22:30:00,10.7500
07186000,37.245556,-94.566389,2008-06-09 19:00:00,2008-06-11 14:45:00,495.5448,2008-06-10 16:30:00,21.5000
07186000,37.245556,-94.566389,2008-06-13 22:30:00,2008-06-16 16:45:00,538.0201,2008-06-15 20:00:00,45.5000
07186000,37.245556,-94.566389,2008-09-14 17:00:00,2008-09-15 21:45:00,427.5844,2008-09-15 10:00:00,17.0000
07186000,37.245556,-94.566389,2009-10-09 03:45:00,2009-10-11 04:45:00,1141.1689,2009-10-10 19:00:00,39.2500
07186000,37.245556,-94.566389,2010-03-25 15:15:00,2010-03-27 14:00:00,495.5448,2010-03-26 08:30:00,17.2500
07186000,37.245556,-94.566389,2010-05-15 03:30:00,2010-05-15 04:45:00,345.4655,2010-05-15 04:30:00,1.0000
07186000,37.245556,-94.566389,2010-05-20 12:45:00,2010-05-22 11:00:00,472.8913,2010-05-21 05:15:00,16.5000
07186000,37.245556,-94.566389,2011-04-25 23:15:00,2011-04-28 09:00:00,693.7627,2011-04-27 03:30:00,28.2500
07186000,37.245556,-94.566389,2012-03-20 21:00:00,2012-03-23 11:00:00,390.7725,2012-03-22 16:15:00,43.2500
07186000,37.245556,-94.566389,2012-04-30 21:15:00,2012-05-03 04:30:00,523.8617,2012-05-01 21:00:00,23.7500
07186000,37.245556,-94.566389,2013-04-18 18:30:00,2013-04-19 21:30:00,407.7626,2013-04-19 04:45:00,10.2500
07186000,37.245556,-94.566389,2013-04-27 11:45:00,2013-04-28 19:45:00,450.2379,2013-04-28 05:45:00,18.0000
07186000,37.245556,-94.566389,2013-05-31 07:45:00,2013-06-03 00:00:00,538.0201,2013-06-02 03:00:00,43.2500
07186000,37.245556,-94.566389,2013-06-16 05:15:00,2013-06-17 10:30:00,498.3765,2013-06-16 16:45:00,11.5000
07186000,37.245556,-94.566389,2013-07-30 12:45:00,2013-08-01 02:45:00,631.4657,2013-07-31 14:15:00,25.5000
07186000,37.245556,-94.566389,2014-06-05 20:30:00,2014-06-07 14:00:00,538.0201,2014-06-06 21:00:00,24.5000
07186000,37.245556,-94.566389,2015-05-24 21:30:00,2015-05-26 09:45:00,461.5646,2015-05-25 13:15:00,15.7500
07186000,37.245556,-94.566389,2015-05-30 12:00:00,2015-05-30 21:30:00,359.6240,2015-05-30 16:45:00,4.7500
07186000,37.245556,-94.566389,2015-06-19 01:00:00,2015-06-19 21:30:00,399.2675,2015-06-19 08:30:00,7.5000
07186000,37.245556,-94.566389,2015-07-08 17:45:00,2015-07-11 04:45:00,495.5448,2015-07-09 08:15:00,14.5000
07186000,37.245556,-94.566389,2015-11-27 21:15:00,2015-11-29 09:30:00,436.0794,2015-11-28 12:15:00,15.0000
07186000,37.245556,-94.566389,2015-12-13 20:15:00,2015-12-15 10:15:00,455.9012,2015-12-14 09:15:00,13.0000
07186000,37.245556,-94.566389,2015-12-27 06:15:00,2015-12-31 15:00:00,2296.4963,2015-12-28 19:00:00,36.7500
07186000,37.245556,-94.566389,2016-05-17 17:45:00,2016-05-18 02:45:00,359.6240,2016-05-17 21:45:00,4.0000
07186000,37.245556,-94.566389,2016-05-25 08:30:00,2016-05-25 14:45:00,351.1289,2016-05-25 10:30:00,2.0000
07311000,34.362222,-98.282222,1988-03-02 20:34:06,1988-03-06 16:34:51,116.0991,1988-03-05 08:49:36,60.2583
07311000,34.362222,-98.282222,1988-03-29 06:54:12,1988-03-29 14:24:18,58.0495,1988-03-29 09:39:15,2.7508
07311000,34.362222,-98.282222,1988-04-01 21:09:54,1988-04-04 12:25:27,98.8258,1988-04-03 06:40:12,32.5050
07311000,34.362222,-98.282222,1988-09-19 04:45:00,1988-09-20 10:00:00,83.5347,1988-09-19 16:45:00,12.0000
07311000,34.362222,-98.282222,1989-06-04 07:49:00,1989-06-06 19:34:33,168.2021,1989-06-04 19:04:06,11.2517
07311000,34.362222,-98.282222,1989-06-07 19:34:45,1989-06-10 23:05:27,193.6872,1989-06-08 23:05:00,27.5042
07311000,34.362222,-98.282222,1989-06-12 18:50:51,1989-06-17 16:36:54,186.3249,1989-06-15 15:36:30,68.7608
07311000,34.362222,-98.282222,1989-09-13 09:32:51,1989-09-15 13:49:12,86.9327,1989-09-14 14:18:36,28.7625
07311000,34.362222,-98.282222,1990-03-01 02:30:00,1990-03-02 22:15:00,83.2515,1990-03-01 22:45:00,20.2500
07311000,34.362222,-98.282222,1990-03-11 16:19:48,1990-03-17 17:25:33,119.4971,1990-03-15 18:38:42,98.3150
07311000,34.362222,-98.282222,1990-03-24 20:32:21,1990-03-25 08:02:48,46.7228,1990-03-25 02:17:36,5.7542
07311000,34.362222,-98.282222,1990-04-19 04:11:33,1990-04-23 10:45:36,217.7566,1990-04-21 07:28:36,51.2842
07311000,34.362222,-98.282222,1990-04-26 19:03:48,1990-04-29 15:51:33,64.8456,1990-04-28 21:35:48,50.5333
07311000,34.362222,-98.282222,1990-05-02 04:53:57,1990-05-06 06:57:51,278.0714,1990-05-03 22:40:39,41.7783
07311000,34.362222,-98.282222,1990-07-26 17:30:00,1990-07-27 16:30:00,81.5525,1990-07-27 06:30:00,13.0000
07311000,34.362222,-98.282222,1991-05-24 12:15:00,1991-05-26 15:30:00,79.0040,1991-05-25 11:45:00,23.5000
07311000,34.362222,-98.282222,1991-06-03 21:15:00,1991-06-05 10:45:00,79.0040,1991-06-04 18:45:00,21.5000
07311000,34.362222,-98.282222,1991-09-05 11:45:00,1991-09-06 02:00:00,55.5010,1991-09-05 18:45:00,7.0000
07311000,34.362222,-98.282222,1991-09-14 06:00:00,1991-09-16 04:00:00,86.3664,1991-09-15 15:00:00,33.0000
07311000,34.362222,-98.282222,1991-09-17 19:00:00,1991-09-21 17:00:00,109.5862,1991-09-20 07:00:00,60.0000
07311000,34.362222,-98.282222,1991-10-29 03:30:00,1991-10-30 11:30:00,102.2238,1991-10-29 21:00:00,17.5000
07311000,34.362222,-98.282222,1991-12-13 20:00:00,1991-12-14 08:00:00,52.3862,1991-12-14 02:00:00,6.0000
07311000,34.362222,-98.282222,1991-12-20 01:00:00,1991-12-25 10:00:00,402.0992,1991-12-21 05:00:00,28.0000
07311000,34.362222,-98.282222,1992-01-14 21:15:00,1992-01-15 06:30:00,48.7050,1992-01-15 01:30:00,4.2500
07311000,34.362222,-98.282222,1992-03-05 02:00:00,1992-03-06 07:00:00,73.3406,1992-03-05 15:00:00,13.0000
07311000,34.362222,-98.282222,1992-03-09 08:00:00,1992-03-10 06:00:00,81.2693,1992-03-09 18:00:00,10.0000
07311000,34.362222,-98.282222,1992-04-17 19:00:00,1992-04-20 02:45:00,270.4259,1992-04-18 22:15:00,27.2500
07311000,34.362222,-98.282222,1992-05-22 09:00:00,1992-05-23 09:00:00,50.6872,1992-05-22 14:00:00,5.0000
07311000,34.362222,-98.282222,1992-05-29 01:00:00,1992-05-31 07:00:00,201.6159,1992-05-30 09:00:00,32.0000
07311000,34.362222,-98.282222,1992-06-03 01:00:00,1992-06-04 07:00:00,94.0119,1992-06-03 15:00:00,14.0000
07311000,34.362222,-98.282222,1992-06-06 09:00:00,1992-06-12 08:00:00,294.4952,1992-06-09 20:00:00,83.0000
07311000,34.362222,-98.282222,1992-06-29 17:00:00,1992-06-30 21:00:00,61.4476,1992-06-30 04:00:00,11.0000
07311000,34.362222,-98.282222,1992-07-16 02:00:00,1992-07-16 06:00:00,45.8733,1992-07-16 03:15:00,1.2500
07311000,34.362222,-98.282222,1992-07-28 22:30:00,1992-07-29 10:45:00,51.5367,1992-07-29 04:00:00,5.5000
07311000,34.362222,-98.282222,1994-03-09 10:00:00,1994-03-10 10:00:00,70.5089,1994-03-09 23:00:00,13.0000
07311000,34.362222,-98.282222,1994-05-01 09:00:00,1994-05-02 00:00:00,53.2357,1994-05-01 18:00:00,9.0000
07311000,34.362222,-98.282222,1994-05-03 22:00:00,1994-05-04 22:00:00,63.4297,1994-05-04 11:00:00,13.0000
07311000,34.362222,-98.282222,1994-05-26 07:00:00,1994-05-28 04:00:00,97.1268,1994-05-26 13:00:00,6.0000
07311000,34.362222,-98.282222,1995-04-18 04:00:00,1995-04-20 03:00:00,92.5961,1995-04-19 12:00:00,32.0000
07311000,34.362222,-98.282222,1995-04-23 14:00:00,1995-04-24 16:00:00,76.4555,1995-04-24 04:00:00,14.0000
07311000,34.362222,-98.282222,1995-05-06 21:00:00,1995-05-10 15:00:00,269.5764,1995-05-09 05:00:00,56.0000
07311000,34.362222,-98.282222,1995-05-25 15:00:00,1995-05-25 16:00:00,45.3070,1995-05-25 16:00:00,1.0000
07311000,34.362222,-98.282222,1995-05-27 20:00:00,1995-05-29 06:00:00,82.4020,1995-05-28 17:00:00,21.0000
07311000,34.362222,-98.282222,1995-06-05 05:00:00,1995-06-09 01:00:00,424.7527,1995-06-06 02:00:00,21.0000
07311000,34.362222,-98.282222,1995-06-10 10:00:00,1995-06-12 22:00:00,334.1388,1995-06-10 22:00:00,12.0000
07311000,34.362222,-98.282222,1995-09-20 06:00:00,1995-09-20 22:00:00,60.8812,1995-09-20 12:00:00,6.0000
07311000,34.362222,-98.282222,1995-10-03 22:00:00,1995-10-04 18:00:00,65.4119,1995-10-04 08:00:00,10.0000
07311000,34.362222,-98.282222,1996-08-29 15:00:00,1996-08-31 05:00:00,102.7902,1996-08-30 09:00:00,18.0000
07311000,34.362222,-98.282222,1996-09-03 19:00:00,1996-09-05 22:00:00,342.6338,1996-09-04 19:00:00,24.0000
07311000,34.362222,-98.282222,1996-09-09 00:00:00,1996-09-09 07:00:00,48.7050,1996-09-09 03:00:00,3.0000
07311000,34.362222,-98.282222,1996-09-15 17:00:00,1996-09-16 02:00:00,61.7307,1996-09-15 20:00:00,3.0000
07311000,34.362222,-98.282222,1996-09-19 02:00:00,1996-09-20 19:00:00,80.9862,1996-09-19 15:00:00,13.0000
07311000,34.362222,-98.282222,1996-09-28 18:00:00,1996-09-28 21:00:00,45.5901,1996-09-28 20:00:00,2.0000
07311000,34.362222,-98.282222,1997-02-21 04:00:00,1997-02-23 02:00:00,120.0634,1997-02-22 09:00:00,29.0000
07311000,34.362222,-98.282222,1997-04-11 21:00:00,1997-04-14 04:00:00,161.1229,1997-04-13 04:00:00,31.0000
07311000,34.362222,-98.282222,1997-04-26 12:00:00,1997-04-29 17:00:00,220.0219,1997-04-28 08:00:00,44.0000
07311000,34.362222,-98.282222,1997-05-09 12:00:00,1997-05-11 06:00:00,83.8179,1997-05-10 15:00:00,27.0000
07311000,34.362222,-98.282222,1997-05-20 20:00:00,1997-05-21 16:00:00,64.2792,1997-05-21 05:00:00,9.0000
07311000,34.362222,-98.282222,1997-05-31 03:00:00,1997-06-01 01:00:00,59.4654,1997-05-31 16:00:00,13.0000
07311000,34.362222,-98.282222,1997-07-12 04:00:00,1997-07-12 19:00:00,60.0317,1997-07-12 12:00:00,8.0000
07311000,34.362222,-98.282222,1997-10-13 18:00:00,1997-10-14 17:00:00,70.7921,1997-10-14 09:00:00,15.0000
07311000,34.362222,-98.282222,1997-12-22 17:00:00,1997-12-22 19:00:00,45.5901,1997-12-22 18:00:00,1.0000
07311000,34.362222,-98.282222,1997-12-24 19:00:00,1997-12-26 11:00:00,68.5268,1997-12-25 09:00:00,14.0000
07311000,34.362222,-98.282222,1998-01-05 05:00:00,1998-01-09 12:00:00,237.8615,1998-01-06 13:00:00,32.0000
07311000,34.362222,-98.282222,1998-02-01 15:00:00,1998-02-04 00:00:00,240.6932,1998-02-02 23:00:00,32.0000
07311000,34.362222,-98.282222,1998-03-08 12:00:00,1998-03-09 20:00:00,68.2436,1998-03-09 03:00:00,15.0000
07311000,34.362222,-98.282222,1998-03-16 00:00:00,1998-03-22 06:00:00,356.7923,1998-03-17 03:00:00,27.0000
07311000,34.362222,-98.282222,1999-02-07 21:00:00,1999-02-08 00:00:00,47.0060,1999-02-07 22:00:00,1.0000
07311000,34.362222,-98.282222,1999-03-19 21:00:00,1999-03-20 17:00:00,65.4119,1999-03-20 07:00:00,10.0000
07311000,34.362222,-98.282222,1999-04-26 10:00:00,1999-04-27 17:00:00,86.6496,1999-04-27 07:00:00,21.0000
07311000,34.362222,-98.282222,1999-06-02 00:00:00,1999-06-02 19:00:00,67.1109,1999-06-02 09:00:00,9.0000
07311000,34.362222,-98.282222,1999-06-22 01:00:00,1999-06-24 17:00:00,88.3486,1999-06-24 02:00:00,49.0000
07311000,34.362222,-98.282222,1999-06-25 20:00:00,1999-06-26 21:00:00,80.1367,1999-06-26 11:00:00,15.0000
07311000,34.362222,-98.282222,1999-07-02 02:00:00,1999-07-02 15:00:00,57.4832,1999-07-02 09:00:00,7.0000
07311000,34.362222,-98.282222,1999-07-11 14:00:00,1999-07-12 12:00:00,68.2436,1999-07-12 02:00:00,12.0000
07311000,34.362222,-98.282222,2000-05-02 13:00:00,2000-05-03 00:00:00,52.3862,2000-05-02 19:00:00,6.0000
07311000,34.362222,-98.282222,2000-10-23 13:00:00,2000-10-31 10:00:00,325.6437,2000-10-27 00:00:00,83.0000
07311000,34.362222,-98.282222,2000-11-03 13:00:00,2000-11-05 23:00:00,224.8358,2000-11-04 18:00:00,29.0000
07311000,34.362222,-98.282222,2000-11-09 00:00:00,2000-11-10 10:00:00,82.4020,2000-11-09 18:00:00,18.0000
07311000,34.362222,-98.282222,2000-11-24 15:00:00,2000-11-26 01:00:00,79.0040,2000-11-25 11:00:00,20.0000
07311000,34.362222,-98.282222,2001-01-28 21:00:00,2001-01-31 12:00:00,106.4713,2001-01-30 10:00:00,37.0000
07311000,34.362222,-98.282222,2001-02-10 12:00:00,2001-02-10 20:00:00,50.6872,2001-02-10 16:00:00,4.0000
07311000,34.362222,-98.282222,2001-02-15 09:00:00,2001-02-16 16:00:00,60.8812,2001-02-15 13:00:00,4.0000
07311000,34.362222,-98.282222,2001-02-24 09:00:00,2001-02-26 19:00:00,106.1882,2001-02-25 14:00:00,29.0000
07311000,34.362222,-98.282222,2001-05-05 05:00:00,2001-05-06 04:00:00,71.3585,2001-05-05 15:00:00,10.0000
07311000,34.362222,-98.282222,2001-05-20 13:00:00,2001-05-22 20:00:00,201.6159,2001-05-21 17:00:00,28.0000
07311000,34.362222,-98.282222,2001-05-30 17:00:00,2001-06-01 18:00:00,99.6753,2001-06-01 01:00:00,32.0000
07311000,34.362222,-98.282222,2002-04-08 13:00:00,2002-04-08 20:00:00,50.9703,2002-04-08 16:00:00,3.0000
07311000,34.362222,-98.282222,2002-04-14 05:00:00,2002-04-15 00:00:00,62.0139,2002-04-14 16:00:00,11.0000
07311000,34.362222,-98.282222,2002-06-05 16:00:00,2002-06-06 19:00:00,82.1189,2002-06-06 05:00:00,13.0000
07311000,34.362222,-98.282222,2002-12-24 14:00:00,2002-12-25 05:00:00,60.0317,2002-12-24 21:00:00,7.0000
07311000,34.362222,-98.282222,2003-02-24 19:00:00,2003-02-25 19:00:00,137.0535,2003-02-25 18:00:00,23.0000
07311000,34.362222,-98.282222,2003-05-25 22:00:00,2003-05-26 09:00:00,68.2436,2003-05-26 02:00:00,4.0000
07311000,34.362222,-98.282222,2003-06-26 18:00:00,2003-06-27 21:00:00,75.0396,2003-06-27 06:00:00,12.0000
07311000,34.362222,-98.282222,2004-03-05 10:00:00,2004-03-05 20:00:00,47.5723,2004-03-05 13:00:00,3.0000
07311000,34.362222,-98.282222,2004-07-02 11:00:00,2004-07-02 16:00:00,46.7228,2004-07-02 13:00:00,2.0000
07311000,34.362222,-98.282222,2004-11-03 18:00:00,2004-11-04 13:00:00,57.2000,2004-11-04 05:00:00,11.0000
07311000,34.362222,-98.282222,2004-11-16 10:00:00,2004-11-19 16:00:00,116.6654,2004-11-18 22:00:00,60.0000
07311000,34.362222,-98.282222,2004-11-22 06:00:00,2004-11-22 22:00:00,56.0674,2004-11-22 13:00:00,7.0000
07311000,34.362222,-98.282222,2004-11-24 09:00:00,2004-11-25 02:00:00,55.7842,2004-11-24 18:00:00,9.0000
07311000,34.362222,-98.282222,2006-09-18 13:00:00,2006-09-19 07:30:00,69.6594,2006-09-18 22:30:00,9.5000
07311000,34.362222,-98.282222,2006-10-16 01:30:00,2006-10-17 09:00:00,86.6496,2006-10-16 13:00:00,11.5000
07311000,34.362222,-98.282222,2007-01-21 13:00:00,2007-01-22 06:30:00,58.8990,2007-01-21 20:00:00,7.0000
07311000,34.362222,-98.282222,2007-03-30 05:30:00,2007-04-02 00:30:00,218.6061,2007-03-31 06:30:00,25.0000
07311000,34.362222,-98.282222,2007-05-08 11:30:00,2007-05-14 08:30:00,291.6635,2007-05-11 04:30:00,65.0000
07311000,34.362222,-98.282222,2007-05-28 04:30:00,2007-05-28 19:00:00,55.7842,2007-05-28 10:00:00,5.5000
07311000,34.362222,-98.282222,2007-05-30 17:30:00,2007-06-01 06:30:00,84.1010,2007-05-31 14:30:00,21.0000
07311000,34.362222,-98.282222,2007-07-14 07:30:00,2007-07-17 00:30:00,95.9941,2007-07-15 03:00:00,19.5000
07311000,34.362222,-98.282222,2007-08-19 10:00:00,2007-08-24 07:30:00,345.4655,2007-08-20 11:00:00,25.0000
07311000,34.362222,-98.282222,2008-02-17 21:00:00,2008-02-18 06:30:00,50.1208,2008-02-18 01:00:00,4.0000
07311000,34.362222,-98.282222,2008-04-10 16:30:00,2008-04-15 04:00:00,317.1487,2008-04-11 21:30:00,29.0000
07311000,34.362222,-98.282222,2008-05-08 02:30:00,2008-05-09 02:30:00,69.6594,2008-05-08 13:00:00,10.5000
07311000,34.362222,-98.282222,2008-08-19 14:00:00,2008-08-20 14:00:00,60.5981,2008-08-20 01:00:00,11.0000
07311000,34.362222,-98.282222,2009-04-30 04:30:00,2009-05-02 03:30:00,278.3546,2009-05-01 09:30:00,29.0000
07311000,34.362222,-98.282222,2009-05-11 16:00:00,2009-05-12 00:00:00,54.6515,2009-05-11 18:30:00,2.5000
07311000,34.362222,-98.282222,2009-05-16 13:30:00,2009-05-18 12:00:00,84.6674,2009-05-17 13:30:00,24.0000
07311000,34.362222,-98.282222,2009-05-24 10:30:00,2009-05-25 04:00:00,56.3505,2009-05-24 18:30:00,8.0000
07311000,34.362222,-98.282222,2010-01-29 08:00:00,2010-01-30 15:00:00,103.0733,2010-01-30 03:00:00,19.0000
07311000,34.362222,-98.282222,2010-06-15 23:00:00,2010-06-16 06:30:00,49.2713,2010-06-16 03:00:00,4.0000
07311000,34.362222,-98.282222,2010-07-09 13:00:00,2010-07-11 11:00:00,59.4654,2010-07-10 02:00:00,13.0000
07311000,34.362222,-98.282222,2011-05-21 00:30:00,2011-05-21 15:30:00,64.5624,2011-05-21 08:00:00,7.5000
07311000,34.362222,-98.282222,2013-04-19 02:30:00,2013-04-19 16:30:00,61.4476,2013-04-19 09:00:00,6.5000
07311000,34.362222,-98.282222,2013-07-26 13:30:00,2013-07-28 10:30:00,234.1803,2013-07-27 02:00:00,12.5000
07311000,34.362222,-98.282222,2015-05-06 23:00:00,2015-05-12 10:00:00,184.6258,2015-05-10 09:30:00,82.5000
07311000,34.362222,-98.282222,2015-07-08 16:00:00,2015-07-09 19:30:00,76.1723,2015-07-09 01:30:00,9.5000
07311000,34.362222,-98.282222,2016-04-17 23:00:00,2016-04-23 17:30:00,263.6298,2016-04-20 01:00:00,50.0000
07311000,34.362222,-98.282222,2016-04-28 00:00:00,2016-05-01 21:00:00,88.9149,2016-04-29 02:00:00,26.0000
07311000,34.362222,-98.282222,2016-05-09 21:30:00,2016-05-10 04:00:00,48.4218,2016-05-10 00:30:00,3.0000
07311000,34.362222,-98.282222,2016-05-27 22:30:00,2016-05-28 19:00:00,73.6238,2016-05-28 09:00:00,10.5000
07327550,34.963333,-97.899167,1992-04-17 07:00:00,1992-04-17 09:15:00,77.3050,1992-04-17 07:45:00,0.7500
07327550,34.963333,-97.899167,1993-06-20 15:00:00,1993-06-20 16:30:00,67.3941,1993-06-20 16:30:00,1.5000
07327550,34.963333,-97.899167,1994-07-09 14:45:00,1994-07-09 16:00:00,127.9921,1994-07-09 16:00:00,1.2500
07327550,34.963333,-97.899167,1995-05-08 02:15:00,1995-05-08 10:30:00,124.0278,1995-05-08 05:45:00,3.5000
07327550,34.963333,-97.899167,1995-06-04 11:00:00,1995-06-05 15:45:00,167.9189,1995-06-04 13:15:00,2.2500
07327550,34.963333,-97.899167,1997-05-30 09:00:00,1997-05-30 23:15:00,249.4714,1997-05-30 11:30:00,2.5000
07327550,34.963333,-97.899167,1998-01-04 11:15:00,1998-01-04 23:15:00,129.9743,1998-01-04 15:30:00,4.2500
07327550,34.963333,-97.899167,1998-03-16 08:30:00,1998-03-16 21:15:00,69.9426,1998-03-16 16:45:00,8.2500
07327550,34.963333,-97.899167,1998-04-27 02:00:00,1998-04-27 07:15:00,120.0634,1998-04-27 04:00:00,2.0000
07327550,34.963333,-97.899167,1999-04-25 18:30:00,1999-04-25 23:00:00,79.0040,1999-04-25 21:45:00,3.2500
07327550,34.963333,-97.899167,2000-10-23 08:30:00,2000-10-23 21:15:00,99.9585,2000-10-23 18:15:00,9.7500
07327550,34.963333,-97.899167,2007-03-31 00:30:00,2007-03-31 07:30:00,133.3723,2007-03-31 04:00:00,3.5000
07327550,34.963333,-97.899167,2007-05-07 13:45:00,2007-05-07 18:45:00,101.0911,2007-05-07 15:30:00,1.7500
07327550,34.963333,-97.899167,2007-06-02 02:30:00,2007-06-02 04:30:00,71.3585,2007-06-02 03:15:00,0.7500
07327550,34.963333,-97.899167,2007-06-26 17:00:00,2007-06-26 22:15:00,71.3585,2007-06-26 20:00:00,3.0000
07327550,34.963333,-97.899167,2007-06-28 22:45:00,2007-06-29 20:30:00,109.0199,2007-06-29 07:45:00,9.0000
07327550,34.963333,-97.899167,2007-07-02 16:15:00,2007-07-02 20:15:00,84.3842,2007-07-02 18:15:00,2.0000
07327550,34.963333,-97.899167,2007-08-19 10:30:00,2007-08-20 03:30:00,137.6199,2007-08-19 17:15:00,6.7500
07327550,34.963333,-97.899167,2008-04-10 08:30:00,2008-04-10 23:00:00,126.2931,2008-04-10 12:45:00,4.2500
07327550,34.963333,-97.899167,2015-05-24 03:15:00,2015-05-24 04:45:00,135.9209,2015-05-24 04:45:00,1.5000
07335790,34.574722,-95.340556,1991-10-29 13:00:00,1991-10-31 02:00:00,529.5250,1991-10-30 14:00:00,25.0000
07335790,34.574722,-95.340556,1993-05-09 22:00:00,1993-05-12 00:00:00,546.5151,1993-05-09 23:00:00,1.0000
07335790,34.574722,-95.340556,1996-05-22 13:00:00,1996-05-23 04:00:00,569.1686,1996-05-22 14:00:00,1.0000
07335790,34.574722,-95.340556,1998-01-05 04:30:00,1998-01-07 10:30:00,569.1686,1998-01-06 22:00:00,41.5000
07335790,34.574722,-95.340556,2001-02-16 12:00:00,2001-02-17 05:30:00,509.7032,2001-02-16 21:00:00,9.0000
07335790,34.574722,-95.340556,2001-12-18 09:30:00,2001-12-18 18:00:00,453.0695,2001-12-18 13:00:00,3.5000
07335790,34.574722,-95.340556,2006-11-30 11:00:00,2006-12-01 23:00:00,498.3765,2006-11-30 20:00:00,9.0000
07335790,34.574722,-95.340556,2007-01-15 01:00:00,2007-01-15 14:00:00,461.5646,2007-01-15 08:00:00,7.0000
07335790,34.574722,-95.340556,2008-03-03 16:00:00,2008-03-04 05:00:00,455.9012,2008-03-03 23:00:00,7.0000
07335790,34.574722,-95.340556,2008-03-19 03:00:00,2008-03-21 10:00:00,877.8222,2008-03-20 14:00:00,35.0000
07335790,34.574722,-95.340556,2008-04-10 12:00:00,2008-04-11 01:00:00,521.0300,2008-04-10 13:00:00,1.0000
07335790,34.574722,-95.340556,2011-11-22 03:00:00,2011-11-24 07:00:00,761.7232,2011-11-23 17:00:00,38.0000
07335790,34.574722,-95.340556,2012-03-20 14:00:00,2012-03-21 23:00:00,526.6933,2012-03-20 21:00:00,7.0000
07335790,34.574722,-95.340556,2013-06-01 15:00:00,2013-06-01 21:00:00,552.1785,2013-06-01 16:00:00,1.0000
07335790,34.574722,-95.340556,2015-05-11 07:00:00,2015-05-12 23:00:00,504.0399,2015-05-11 20:00:00,13.0000
07335790,34.574722,-95.340556,2015-05-20 09:00:00,2015-05-22 17:00:00,841.0103,2015-05-21 23:00:00,38.0000
07335790,34.574722,-95.340556,2015-05-24 02:00:00,2015-05-27 15:00:00,824.0202,2015-05-26 15:00:00,61.0000
07335790,34.574722,-95.340556,2015-11-29 16:00:00,2015-11-30 04:00:00,461.5646,2015-11-30 00:00:00,8.0000
07335790,34.574722,-95.340556,2015-12-27 17:00:00,2015-12-30 12:00:00,1376.1987,2015-12-29 05:00:00,36.0000
07337900,34.097500,-94.901944,1991-04-13 22:00:00,1991-04-14 09:00:00,1381.8621,1991-04-14 02:00:00,4.0000
07337900,34.097500,-94.901944,1991-10-29 13:00:00,1991-10-29 18:00:00,829.6836,1991-10-29 16:00:00,3.0000
07337900,34.097500,-94.901944,1992-12-15 15:00:00,1992-12-15 18:00:00,656.9508,1992-12-15 17:00:00,2.0000
07337900,34.097500,-94.901944,1993-05-10 03:00:00,1993-05-10 11:00:00,1101.5253,1993-05-10 08:00:00,5.0000
07337900,34.097500,-94.901944,1993-10-20 04:00:00,1993-10-20 15:00:00,1050.5550,1993-10-20 10:00:00,6.0000
07337900,34.097500,-94.901944,1993-12-03 22:00:00,1993-12-04 03:00:00,696.5944,1993-12-04 00:00:00,2.0000
07337900,34.097500,-94.901944,1995-05-08 19:00:00,1995-05-08 20:00:00,685.2677,1995-05-08 20:00:00,1.0000
07337900,34.097500,-94.901944,1996-11-07 15:00:00,1996-11-07 21:00:00,996.7530,1996-11-07 18:00:00,3.0000
07337900,34.097500,-94.901944,1996-11-24 20:00:00,1996-11-25 05:00:00,951.4460,1996-11-25 01:00:00,5.0000
07337900,34.097500,-94.901944,1997-02-21 03:00:00,1997-02-21 14:00:00,1393.1889,1997-02-21 11:00:00,8.0000
07337900,34.097500,-94.901944,1998-01-05 13:30:00,1998-01-05 19:30:00,906.1391,1998-01-05 16:30:00,3.0000
07337900,34.097500,-94.901944,1998-10-06 05:30:00,1998-10-06 18:00:00,1192.1392,1998-10-06 11:30:00,6.0000
07337900,34.097500,-94.901944,1999-05-12 14:30:00,1999-05-12 18:00:00,758.8915,1999-05-12 16:30:00,2.0000
07337900,34.097500,-94.901944,2001-02-16 12:30:00,2001-02-17 00:30:00,993.9213,2001-02-16 19:30:00,7.0000
07337900,34.097500,-94.901944,2001-12-16 18:00:00,2001-12-17 12:30:00,1444.1592,2001-12-17 04:30:00,10.5000
07337900,34.097500,-94.901944,2002-01-31 20:30:00,2002-02-01 05:30:00,1231.7828,2002-02-01 01:30:00,5.0000
07337900,34.097500,-94.901944,2002-03-19 14:30:00,2002-03-19 22:30:00,891.9807,2002-03-19 17:00:00,2.5000
07337900,34.097500,-94.901944,2002-04-08 07:00:00,2002-04-08 16:30:00,1260.0997,2002-04-08 12:30:00,5.5000
07337900,34.097500,-94.901944,2005-01-04 01:30:00,2005-01-04 06:00:00,821.1886,2005-01-04 03:30:00,2.0000
07337900,34.097500,-94.901944,2008-03-18 23:00:00,2008-03-19 17:00:00,1951.0307,2008-03-19 06:00:00,7.0000
07337900,34.097500,-94.901944,2009-05-03 05:00:00,2009-05-03 09:00:00,815.5252,2009-05-03 07:00:00,2.0000
07337900,34.097500,-94.901944,2011-04-15 14:00:00,2011-04-15 17:00:00,815.5252,2011-04-15 15:30:00,1.5000
07337900,34.097500,-94.901944,2011-05-02 10:30:00,2011-05-02 14:30:00,812.6935,2011-05-02 13:00:00,2.5000
07337900,34.097500,-94.901944,2011-11-22 11:30:00,2011-11-22 16:00:00,824.0202,2011-11-22 14:00:00,2.5000
07337900,34.097500,-94.901944,2012-01-25 21:00:00,2012-01-26 06:00:00,908.9708,2012-01-26 02:00:00,5.0000
07337900,34.097500,-94.901944,2013-06-01 22:30:00,2013-06-02 06:00:00,1231.7828,2013-06-02 02:30:00,4.0000
07337900,34.097500,-94.901944,2015-05-09 22:30:00,2015-05-10 07:00:00,843.8420,2015-05-10 04:30:00,6.0000
07337900,34.097500,-94.901944,2015-05-20 19:30:00,2015-05-20 23:30:00,931.6243,2015-05-20 21:30:00,2.0000
07337900,34.097500,-94.901944,2015-05-24 21:30:00,2015-05-25 08:30:00,1656.5355,2015-05-25 04:00:00,6.5000
07337900,34.097500,-94.901944,2015-11-27 20:00:00,2015-11-28 14:30:00,1129.8422,2015-11-28 09:00:00,13.0000
07337900,34.097500,-94.901944,2015-12-13 17:30:00,2015-12-14 05:00:00,945.7827,2015-12-14 01:30:00,8.0000
07337900,34.097500,-94.901944,2015-12-27 17:30:00,2015-12-28 19:30:00,2027.4862,2015-12-28 02:30:00,9.0000
07337900,34.097500,-94.901944,2016-04-18 14:00:00,2016-04-18 17:00:00,665.4459,2016-04-18 15:30:00,1.5000
07060500,36.116667,-92.143056,1987-12-26 11:00:00,1987-12-27 11:00:00,1639.5454,1987-12-27 02:00:00,15.0000
07060500,36.116667,-92.143056,1990-05-03 15:00:00,1990-05-05 11:30:00,2944.9520,1990-05-04 14:30:00,23.5000
07060500,36.116667,-92.143056,1991-10-30 13:00:00,1991-10-30 15:00:00,1424.3374,1991-10-30 13:45:00,0.7500
07060500,36.116667,-92.143056,1993-01-05 09:00:00,1993-01-06 07:00:00,1752.8128,1993-01-05 18:00:00,9.0000
07060500,36.116667,-92.143056,1996-09-27 21:00:00,1996-09-28 13:00:00,1670.6939,1996-09-28 04:00:00,7.0000
07060500,36.116667,-92.143056,1996-11-08 06:00:00,1996-11-09 06:00:00,2055.8031,1996-11-08 16:00:00,10.0000
07060500,36.116667,-92.143056,1996-11-26 04:00:00,1996-11-26 16:00:00,1463.9810,1996-11-26 08:00:00,4.0000
07060500,36.116667,-92.143056,2001-12-18 01:00:00,2001-12-18 16:00:00,1628.2187,2001-12-18 06:00:00,5.0000
07060500,36.116667,-92.143056,2002-03-20 01:00:00,2002-03-21 22:00:00,2338.9715,2002-03-21 00:00:00,23.0000
07060500,36.116667,-92.143056,2002-04-09 01:00:00,2002-04-09 22:00:00,1653.7038,2002-04-09 07:00:00,6.0000
07060500,36.116667,-92.143056,2004-04-24 06:00:00,2004-04-26 14:00:00,3907.7248,2004-04-25 16:00:00,34.0000
07060500,36.116667,-92.143056,2006-12-01 05:30:00,2006-12-02 12:15:00,2307.8230,2006-12-01 18:00:00,12.5000
07060500,36.116667,-92.143056,2008-03-18 19:45:00,2008-03-21 05:45:00,5578.4188,2008-03-20 02:00:00,30.2500
07060500,36.116667,-92.143056,2008-04-10 14:00:00,2008-04-13 19:15:00,5720.0030,2008-04-11 11:00:00,21.0000
07060500,36.116667,-92.143056,2008-09-04 21:15:00,2008-09-05 13:30:00,1670.6939,2008-09-05 05:45:00,8.5000
07060500,36.116667,-92.143056,2009-10-31 07:45:00,2009-10-31 15:30:00,1486.6344,2009-10-31 12:00:00,4.2500
07060500,36.116667,-92.143056,2011-04-25 12:30:00,2011-04-28 10:00:00,3681.1901,2011-04-26 16:00:00,27.5000
07060500,36.116667,-92.143056,2011-05-02 08:15:00,2011-05-04 19:00:00,2888.3184,2011-05-03 08:45:00,24.5000
07060500,36.116667,-92.143056,2011-05-24 09:30:00,2011-06-01 08:00:00,2095.4466,2011-05-25 14:30:00,29.0000
07060500,36.116667,-92.143056,2012-03-21 12:00:00,2012-03-22 16:45:00,1772.6346,2012-03-21 23:15:00,11.2500
07060500,36.116667,-92.143056,2015-05-11 19:30:00,2015-05-13 01:15:00,2035.9813,2015-05-12 11:30:00,16.0000
07060500,36.116667,-92.143056,2015-12-28 07:45:00,2015-12-30 06:45:00,4672.2797,2015-12-29 06:45:00,23.0000
07069000,36.254167,-90.970000,2001-12-17 13:00:00,2001-12-29 04:00:00,727.7430,2001-12-23 02:00:00,133.0000
07069000,36.254167,-90.970000,2002-02-02 01:00:00,2002-02-08 08:00:00,450.2379,2002-02-04 01:00:00,48.0000
07069000,36.254167,-90.970000,2002-03-20 19:00:00,2002-04-07 10:00:00,886.3173,2002-03-27 20:00:00,169.0000
07069000,36.254167,-90.970000,2002-04-11 03:00:00,2002-04-13 07:00:00,399.2675,2002-04-12 02:00:00,23.0000
07069000,36.254167,-90.970000,2002-04-15 00:00:00,2002-04-22 08:00:00,441.7428,2002-04-17 10:00:00,58.0000
07069000,36.254167,-90.970000,2003-01-01 20:00:00,2003-01-07 23:00:00,421.9210,2003-01-03 08:00:00,36.0000
07069000,36.254167,-90.970000,2003-11-22 14:00:00,2003-11-25 02:00:00,407.7626,2003-11-23 16:00:00,26.0000
07069000,36.254167,-90.970000,2004-04-26 03:00:00,2004-05-09 20:00:00,529.5250,2004-04-30 00:00:00,93.0000
07069000,36.254167,-90.970000,2004-05-15 02:00:00,2004-05-18 00:00:00,416.2576,2004-05-16 04:00:00,26.0000
07069000,36.254167,-90.970000,2006-03-14 08:00:00,2006-03-23 05:00:00,481.3864,2006-03-17 22:00:00,86.0000
07069000,36.254167,-90.970000,2006-09-24 05:00:00,2006-10-02 15:00:00,506.8716,2006-09-25 04:00:00,23.0000
07069000,36.254167,-90.970000,2006-12-03 22:00:00,2006-12-08 02:00:00,433.2478,2006-12-05 23:00:00,49.0000
07069000,36.254167,-90.970000,2007-01-15 05:00:00,2007-01-29 22:00:00,792.8717,2007-01-20 17:00:00,132.0000
07069000,36.254167,-90.970000,2007-02-14 20:00:00,2007-02-16 05:00:00,410.5943,2007-02-15 13:00:00,17.0000
07069000,36.254167,-90.970000,2007-05-05 21:00:00,2007-05-16 10:00:00,498.3765,2007-05-11 23:00:00,146.0000
07069000,36.254167,-90.970000,2008-02-21 02:00:00,2008-02-24 10:00:00,419.0893,2008-02-22 16:00:00,38.0000
07069000,36.254167,-90.970000,2008-03-05 18:00:00,2008-03-13 10:00:00,475.7230,2008-03-09 01:00:00,79.0000
07069000,36.254167,-90.970000,2008-03-19 07:00:00,2008-04-29 20:00:00,2044.4763,2008-03-23 12:00:00,101.0000
07069000,36.254167,-90.970000,2009-02-13 22:00:00,2009-02-16 16:00:00,402.0992,2009-02-15 04:00:00,30.0000
07069000,36.254167,-90.970000,2009-05-04 02:30:00,2009-05-21 06:00:00,733.4063,2009-05-11 15:15:00,180.7500
07069000,36.254167,-90.970000,2009-10-25 06:45:00,2009-10-27 11:15:00,399.2675,2009-10-25 20:00:00,13.2500
07069000,36.254167,-90.970000,2009-10-30 07:00:00,2009-11-15 09:00:00,1146.8323,2009-11-03 20:30:00,110.5000
07069000,36.254167,-90.970000,2009-12-25 05:45:00,2010-01-07 15:00:00,699.4261,2009-12-31 19:30:00,157.7500
07069000,36.254167,-90.970000,2011-04-25 05:00:00,2011-04-28 04:45:00,2256.8527,2011-04-28 04:45:00,71.7500
07069000,36.254167,-90.970000,2011-04-29 05:00:00,2011-06-02 17:30:00,2409.7636,2011-04-29 05:15:00,0.2500
07069000,36.254167,-90.970000,2011-12-06 05:00:00,2011-12-12 10:45:00,453.0695,2011-12-08 01:15:00,44.2500
07069000,36.254167,-90.970000,2013-06-04 02:45:00,2013-06-12 18:45:00,518.1983,2013-06-07 22:45:00,92.0000
07069000,36.254167,-90.970000,2013-08-11 05:45:00,2013-08-16 19:15:00,458.7329,2013-08-14 08:00:00,74.2500
07069000,36.254167,-90.970000,2013-12-22 13:00:00,2014-01-04 05:15:00,713.5845,2013-12-28 01:15:00,132.2500
07069000,36.254167,-90.970000,2014-04-28 18:15:00,2014-05-11 19:00:00,710.7528,2014-05-04 06:15:00,132.0000
07069000,36.254167,-90.970000,2015-01-05 03:00:00,2015-01-07 07:00:00,402.0992,2015-01-06 00:30:00,21.5000
07069000,36.254167,-90.970000,2015-03-11 09:00:00,2015-04-13 02:00:00,903.3074,2015-03-19 00:30:00,183.5000
07069000,36.254167,-90.970000,2015-04-14 14:30:00,2015-04-15 13:00:00,390.7725,2015-04-14 18:30:00,4.0000
07069000,36.254167,-90.970000,2015-05-12 19:45:00,2015-05-14 12:00:00,399.2675,2015-05-13 07:45:00,12.0000
07069000,36.254167,-90.970000,2015-05-20 23:30:00,2015-05-22 07:15:00,393.6042,2015-05-21 05:15:00,5.7500
07069000,36.254167,-90.970000,2015-12-27 13:00:00,2016-01-15 02:15:00,1755.6445,2016-01-01 09:45:00,116.7500
07069000,36.254167,-90.970000,2016-05-13 16:45:00,2016-05-23 20:30:00,438.9111,2016-05-16 09:15:00,64.5000
07069000,36.254167,-90.970000,2016-05-25 01:30:00,2016-06-02 04:45:00,775.8816,2016-06-01 00:30:00,167.0000
07142575,38.093611,-98.545833,1993-05-10 15:30:00,1993-05-14 03:30:00,24.1826,1993-05-11 23:30:00,32.0000
07142575,38.093611,-98.545833,1993-06-19 14:30:00,1993-06-23 22:30:00,353.9606,1993-06-21 03:30:00,37.0000
07142575,38.093611,-98.545833,1993-07-15 13:30:00,1993-07-22 14:30:00,829.6836,1993-07-19 01:30:00,84.0000
07142575,38.093611,-98.545833,1995-05-23 09:30:00,1995-05-27 04:30:00,61.1644,1995-05-25 02:30:00,41.0000
07142575,38.093611,-98.545833,1999-07-01 21:00:00,1999-07-03 15:00:00,24.8905,1999-07-02 16:00:00,19.0000
07142575,38.093611,-98.545833,2000-03-24 08:30:00,2000-03-26 12:30:00,20.5297,2000-03-25 16:00:00,31.5000
07142575,38.093611,-98.545833,2001-06-09 00:00:00,2001-06-09 15:00:00,17.1883,2001-06-09 08:00:00,8.0000
07142575,38.093611,-98.545833,2007-05-07 02:00:00,2007-05-07 04:45:00,18.2077,2007-05-07 04:30:00,2.5000
07142575,38.093611,-98.545833,2007-05-09 05:00:00,2007-05-13 21:30:00,38.7941,2007-05-09 05:15:00,0.2500
07142575,38.093611,-98.545833,2007-05-24 14:15:00,2007-05-27 05:00:00,18.8873,2007-05-24 23:00:00,8.7500
07142575,38.093611,-98.545833,2007-07-11 11:30:00,2007-07-12 21:15:00,21.4642,2007-07-11 23:15:00,11.7500
07142575,38.093611,-98.545833,2007-07-15 13:15:00,2007-07-18 00:00:00,24.6923,2007-07-16 10:30:00,21.2500
07142575,38.093611,-98.545833,2009-04-27 02:45:00,2009-04-28 13:30:00,20.6713,2009-04-27 18:15:00,15.5000
07142575,38.093611,-98.545833,2009-05-09 04:30:00,2009-05-10 10:30:00,20.6713,2009-05-09 18:00:00,13.5000
07142575,38.093611,-98.545833,2009-06-18 20:00:00,2009-06-20 05:00:00,18.6608,2009-06-19 12:30:00,16.5000
07143300,38.308333,-98.191667,1992-06-12 02:30:00,1992-06-13 17:30:00,39.6436,1992-06-12 23:30:00,21.0000
07143300,38.308333,-98.191667,1993-02-04 19:30:00,1993-02-09 14:30:00,44.7406,1993-02-06 07:30:00,36.0000
07143300,38.308333,-98.191667,1993-03-02 21:30:00,1993-03-07 23:30:00,54.0852,1993-03-04 17:30:00,44.0000
07143300,38.308333,-98.191667,1993-03-31 02:30:00,1993-04-02 19:30:00,62.2971,1993-04-01 03:30:00,25.0000
07143300,38.308333,-98.191667,1993-04-05 05:00:00,1993-04-06 07:30:00,40.4931,1993-04-05 20:30:00,15.5000
07143300,38.308333,-98.191667,1993-05-10 07:00:00,1993-05-15 03:00:00,79.5703,1993-05-13 22:00:00,87.0000
07143300,38.308333,-98.191667,1993-05-17 11:00:00,1993-05-19 06:00:00,50.1208,1993-05-18 16:00:00,29.0000
07143300,38.308333,-98.191667,1993-05-30 19:00:00,1993-06-01 19:00:00,50.1208,1993-06-01 06:00:00,35.0000
07143300,38.308333,-98.191667,1993-06-19 10:00:00,1993-06-21 11:00:00,116.6654,1993-06-20 00:00:00,14.0000
07143300,38.308333,-98.191667,1993-07-02 23:00:00,1993-07-04 01:00:00,53.5188,1993-07-03 07:00:00,8.0000
07143300,38.308333,-98.191667,1993-07-06 20:00:00,1993-07-10 12:00:00,73.0575,1993-07-08 00:00:00,28.0000
07143300,38.308333,-98.191667,1995-05-09 01:00:00,1995-05-10 19:00:00,41.3426,1995-05-10 04:00:00,27.0000
07143300,38.308333,-98.191667,1995-05-18 05:00:00,1995-05-21 13:00:00,47.8555,1995-05-20 14:00:00,57.0000
07143300,38.308333,-98.191667,1995-05-23 10:00:00,1995-05-31 05:00:00,97.1268,1995-05-29 21:00:00,155.0000
07143300,38.308333,-98.191667,1995-08-17 02:00:00,1995-08-17 13:00:00,37.0951,1995-08-17 08:00:00,6.0000
07143300,38.308333,-98.191667,1996-05-26 23:00:00,1996-05-30 07:00:00,114.4001,1996-05-27 20:00:00,21.0000
07143300,38.308333,-98.191667,1996-06-01 21:00:00,1996-06-04 18:00:00,146.6813,1996-06-02 13:00:00,16.0000
07143300,38.308333,-98.191667,1997-08-18 15:00:00,1997-08-21 10:00:00,103.9228,1997-08-19 23:00:00,32.0000
07143300,38.308333,-98.191667,1997-08-22 13:00:00,1997-08-25 16:00:00,106.4713,1997-08-23 07:00:00,18.0000
07143300,38.308333,-98.191667,1997-10-28 01:00:00,1997-10-28 06:00:00,36.2456,1997-10-28 02:00:00,1.0000
07143300,38.308333,-98.191667,1998-03-31 14:00:00,1998-04-02 03:00:00,47.5723,1998-04-01 04:00:00,14.0000
07143300,38.308333,-98.191667,1999-07-17 23:00:00,1999-07-20 11:00:00,42.1921,1999-07-18 19:00:00,20.0000
07143300,38.308333,-98.191667,2000-03-24 05:00:00,2000-03-27 01:00:00,146.6813,2000-03-25 16:00:00,35.0000
07143300,38.308333,-98.191667,2001-02-24 14:30:00,2001-02-27 18:00:00,76.7387,2001-02-25 10:00:00,19.5000
07143300,38.308333,-98.191667,2001-06-08 23:00:00,2001-06-12 04:00:00,48.1386,2001-06-11 09:00:00,58.0000
07143300,38.308333,-98.191667,2001-06-20 23:00:00,2001-06-22 11:00:00,62.8634,2001-06-21 15:00:00,16.0000
07143300,38.308333,-98.191667,2001-09-18 11:00:00,2001-09-21 07:00:00,93.1624,2001-09-18 20:00:00,9.0000
07143300,38.308333,-98.191667,2002-08-13 10:00:00,2002-08-16 08:00:00,99.6753,2002-08-14 00:00:00,14.0000
07143300,38.308333,-98.191667,2002-10-04 22:00:00,2002-10-06 22:00:00,43.8911,2002-10-06 09:00:00,35.0000
07143300,38.308333,-98.191667,2005-06-16 17:00:00,2005-06-17 04:00:00,37.3782,2005-06-16 20:00:00,3.0000
07143300,38.308333,-98.191667,2007-05-07 02:00:00,2007-05-10 16:00:00,673.9409,2007-05-07 09:00:00,7.0000
07143300,38.308333,-98.191667,2007-05-24 18:00:00,2007-05-27 22:00:00,240.1269,2007-05-25 12:00:00,18.0000
07143300,38.308333,-98.191667,2007-07-31 08:00:00,2007-08-01 20:00:00,45.0238,2007-07-31 23:00:00,15.0000
07143300,38.308333,-98.191667,2007-08-04 17:00:00,2007-08-05 18:00:00,43.8911,2007-08-05 05:00:00,12.0000
07143300,38.308333,-98.191667,2008-10-15 17:00:00,2008-10-18 20:00:00,62.5802,2008-10-17 16:00:00,47.0000
07143300,38.308333,-98.191667,2009-04-27 08:00:00,2009-04-28 09:00:00,46.1565,2009-04-27 14:00:00,6.0000
07143300,38.308333,-98.191667,2009-05-08 16:00:00,2009-05-09 11:00:00,49.2713,2009-05-09 00:00:00,8.0000
07143300,38.308333,-98.191667,2009-06-16 15:00:00,2009-06-17 10:00:00,49.2713,2009-06-16 22:00:00,7.0000
07143300,38.308333,-98.191667,2010-06-14 06:00:00,2010-06-17 10:00:00,50.6872,2010-06-16 06:00:00,48.0000
07143300,38.308333,-98.191667,2013-07-29 23:30:00,2013-08-01 22:00:00,101.0911,2013-07-30 21:30:00,22.0000
07143300,38.308333,-98.191667,2013-08-04 20:00:00,2013-08-08 08:30:00,286.0002,2013-08-06 06:45:00,34.7500
07143300,38.308333,-98.191667,2014-06-10 09:15:00,2014-06-13 23:00:00,84.9505,2014-06-11 15:45:00,30.5000
07143300,38.308333,-98.191667,2014-06-30 07:30:00,2014-07-01 11:00:00,42.1921,2014-06-30 19:00:00,11.5000
07143300,38.308333,-98.191667,2014-09-01 14:45:00,2014-09-04 09:15:00,89.1981,2014-09-02 06:30:00,15.7500
07143300,38.308333,-98.191667,2016-05-27 16:00:00,2016-05-30 16:30:00,56.6337,2016-05-28 17:00:00,25.0000
07147800,37.223889,-96.995833,1992-11-20 23:00:00,1992-11-22 07:00:00,467.2280,1992-11-21 14:00:00,15.0000
07147800,37.223889,-96.995833,1993-05-02 23:00:00,1993-05-05 16:00:00,546.5151,1993-05-04 14:00:00,39.0000
07147800,37.223889,-96.995833,1993-05-08 23:00:00,1993-05-13 21:00:00,1260.0997,1993-05-11 11:00:00,60.0000
07147800,37.223889,-96.995833,1994-04-29 01:00:00,1994-04-30 14:00:00,441.7428,1994-04-29 11:00:00,10.0000
07147800,37.223889,-96.995833,1995-03-14 17:00:00,1995-03-16 21:00:00,540.8518,1995-03-15 21:00:00,28.0000
07147800,37.223889,-96.995833,1995-06-09 00:00:00,1995-06-13 17:30:00,2429.5854,1995-06-10 13:00:00,37.0000
07147800,37.223889,-96.995833,1995-08-16 19:30:00,1995-08-19 00:15:00,563.5052,1995-08-18 02:00:00,30.5000
07147800,37.223889,-96.995833,1997-04-12 15:00:00,1997-04-13 16:15:00,453.0695,1997-04-13 02:00:00,11.0000
07147800,37.223889,-96.995833,1999-04-15 16:00:00,1999-04-17 11:45:00,518.1983,1999-04-16 17:00:00,25.0000
07147800,37.223889,-96.995833,1999-06-02 07:00:00,1999-06-02 22:00:00,453.0695,1999-06-02 16:00:00,9.0000
07147800,37.223889,-96.995833,1999-06-21 00:00:00,1999-06-22 18:00:00,521.0300,1999-06-22 03:00:00,27.0000
07147800,37.223889,-96.995833,2000-06-27 11:00:00,2000-06-28 14:00:00,512.5349,2000-06-28 05:00:00,18.0000
07147800,37.223889,-96.995833,2001-02-25 08:00:00,2001-02-27 04:00:00,512.5349,2001-02-26 06:00:00,22.0000
07147800,37.223889,-96.995833,2002-05-24 19:00:00,2002-05-27 06:45:00,504.0399,2002-05-26 15:15:00,44.2500
07147800,37.223889,-96.995833,2003-03-20 04:00:00,2003-03-22 04:15:00,569.1686,2003-03-21 08:00:00,28.0000
07147800,37.223889,-96.995833,2003-04-25 06:00:00,2003-04-26 04:15:00,455.9012,2003-04-25 17:00:00,11.0000
07147800,37.223889,-96.995833,2003-10-10 01:00:00,2003-10-12 22:00:00,724.9113,2003-10-11 17:15:00,40.2500
07147800,37.223889,-96.995833,2004-03-05 03:00:00,2004-03-08 05:00:00,713.5845,2004-03-06 18:00:00,39.0000
07147800,37.223889,-96.995833,2004-04-24 02:45:00,2004-04-24 11:00:00,458.7329,2004-04-24 05:00:00,2.2500
07147800,37.223889,-96.995833,2004-05-13 21:00:00,2004-05-16 06:15:00,753.2281,2004-05-15 09:30:00,36.5000
07147800,37.223889,-96.995833,2004-07-24 07:20:00,2004-07-27 15:20:00,515.3666,2004-07-26 09:20:00,50.0000
07147800,37.223889,-96.995833,2005-03-23 14:20:00,2005-03-24 10:20:00,447.4062,2005-03-23 23:20:00,9.0000
07147800,37.223889,-96.995833,2005-06-05 03:00:00,2005-06-07 06:00:00,631.4657,2005-06-06 12:45:00,33.7500
07147800,37.223889,-96.995833,2005-06-10 00:00:00,2005-06-10 05:00:00,419.0893,2005-06-10 04:00:00,4.0000
07147800,37.223889,-96.995833,2005-06-11 10:00:00,2005-06-17 00:00:00,965.6045,2005-06-14 18:30:00,80.5000
07147800,37.223889,-96.995833,2005-08-26 10:00:00,2005-08-30 04:00:00,860.8321,2005-08-28 18:30:00,56.5000
07147800,37.223889,-96.995833,2007-03-31 08:00:00,2007-04-01 10:00:00,438.9111,2007-04-01 03:00:00,19.0000
07147800,37.223889,-96.995833,2007-05-07 21:00:00,2007-05-10 07:00:00,572.0003,2007-05-09 03:00:00,30.0000
07147800,37.223889,-96.995833,2007-06-01 15:00:00,2007-06-03 10:00:00,787.2083,2007-06-02 10:15:00,19.2500
07147800,37.223889,-96.995833,2007-06-28 14:00:00,2007-07-03 23:00:00,1585.7434,2007-07-01 10:45:00,68.7500
07147800,37.223889,-96.995833,2008-05-27 01:00:00,2008-05-29 21:00:00,693.7627,2008-05-28 23:00:00,46.0000
07147800,37.223889,-96.995833,2008-05-31 20:00:00,2008-06-01 15:00:00,484.2181,2008-06-01 00:00:00,4.0000
07147800,37.223889,-96.995833,2008-06-13 17:00:00,2008-06-15 19:00:00,829.6836,2008-06-15 03:00:00,34.0000
07147800,37.223889,-96.995833,2008-06-17 10:00:00,2008-06-20 22:00:00,688.0994,2008-06-18 18:00:00,32.0000
07147800,37.223889,-96.995833,2008-06-29 03:00:00,2008-06-29 18:00:00,447.4062,2008-06-29 10:00:00,7.0000
07147800,37.223889,-96.995833,2008-09-12 16:00:00,2008-09-17 07:00:00,1127.0105,2008-09-14 15:15:00,47.2500
07147800,37.223889,-96.995833,2009-04-28 04:00:00,2009-04-30 21:00:00,1124.1788,2009-04-29 06:00:00,26.0000
07147800,37.223889,-96.995833,2009-05-09 11:00:00,2009-05-11 08:00:00,518.1983,2009-05-10 04:00:00,17.0000
07147800,37.223889,-96.995833,2009-09-09 21:00:00,2009-09-11 01:00:00,492.7131,2009-09-10 14:00:00,17.0000
07147800,37.223889,-96.995833,2010-06-10 03:00:00,2010-06-12 12:00:00,546.5151,2010-06-11 08:00:00,29.0000
07147800,37.223889,-96.995833,2013-08-08 12:30:00,2013-08-11 08:15:00,521.0300,2013-08-10 03:00:00,38.5000
07147800,37.223889,-96.995833,2016-05-25 11:30:00,2016-05-30 12:30:00,767.3865,2016-05-26 19:30:00,32.0000
07152500,36.504167,-96.728056,1995-06-06 20:00:00,1995-06-07 02:00:00,2347.4666,1995-06-07 00:00:00,4.0000
07152500,36.504167,-96.728056,1995-08-06 14:00:00,1995-08-06 20:00:00,2290.8329,1995-08-06 17:00:00,3.0000
07152500,36.504167,-96.728056,1997-07-18 11:30:00,1997-07-18 18:00:00,2486.2191,1997-07-18 14:30:00,3.0000
07152500,36.504167,-96.728056,1998-11-02 19:00:00,1998-11-05 04:30:00,3199.8037,1998-11-03 16:00:00,21.0000
07152500,36.504167,-96.728056,2007-06-29 06:00:00,2007-07-04 09:00:00,2973.2689,2007-07-03 14:00:00,104.0000
07152500,36.504167,-96.728056,2008-09-16 02:00:00,2008-09-16 13:00:00,2381.4468,2008-09-16 08:00:00,6.0000
07161450,35.985833,-96.911944,1989-03-29 11:00:00,1989-03-30 09:00:00,594.6538,1989-03-29 21:00:00,10.0000
07161450,35.985833,-96.911944,1989-06-15 05:00:00,1989-06-16 04:43:00,651.2875,1989-06-15 13:00:00,8.0000
07161450,35.985833,-96.911944,1989-06-25 05:00:00,1989-06-26 02:00:00,651.2875,1989-06-25 07:00:00,2.0000
07161450,35.985833,-96.911944,1989-08-15 10:44:00,1989-08-17 03:00:00,903.3074,1989-08-15 21:59:00,11.2500
07161450,35.985833,-96.911944,1990-03-11 09:00:00,1990-03-12 05:00:00,1529.1097,1990-03-11 20:00:00,11.0000
07161450,35.985833,-96.911944,1990-03-13 06:00:00,1990-03-16 19:00:00,739.0697,1990-03-15 23:00:00,65.0000
07161450,35.985833,-96.911944,1990-04-17 10:00:00,1990-04-19 11:00:00,824.0202,1990-04-18 12:00:00,26.0000
07161450,35.985833,-96.911944,1990-04-25 20:00:00,1990-04-26 21:00:00,790.0400,1990-04-26 11:00:00,15.0000
07161450,35.985833,-96.911944,1990-05-03 04:00:00,1990-05-05 08:00:00,758.8915,1990-05-04 03:00:00,23.0000
07161450,35.985833,-96.911944,1991-12-20 21:00:00,1991-12-22 22:00:00,937.2876,1991-12-21 21:00:00,24.0000
07161450,35.985833,-96.911944,1992-11-26 13:00:00,1992-11-27 13:00:00,608.8122,1992-11-27 00:00:00,11.0000
07161450,35.985833,-96.911944,1992-12-15 13:00:00,1992-12-16 18:00:00,580.4954,1992-12-16 02:00:00,13.0000
07161450,35.985833,-96.911944,1993-04-16 13:00:00,1993-04-16 19:00:00,481.3864,1993-04-16 16:00:00,3.0000
07161450,35.985833,-96.911944,1993-04-29 06:00:00,1993-05-06 10:00:00,1860.4168,1993-05-04 14:00:00,128.0000
07161450,35.985833,-96.911944,1993-05-08 21:00:00,1993-05-15 12:00:00,3992.6754,1993-05-10 11:00:00,38.0000
07161450,35.985833,-96.911944,1993-05-18 11:00:00,1993-05-22 03:00:00,775.8816,1993-05-21 11:00:00,72.0000
07161450,35.985833,-96.911944,1993-06-27 04:00:00,1993-06-28 11:00:00,555.0102,1993-06-27 07:00:00,3.0000
07161450,35.985833,-96.911944,1994-04-11 16:00:00,1994-04-12 04:00:00,1251.6046,1994-04-12 01:00:00,9.0000
07161450,35.985833,-96.911944,1994-04-30 12:00:00,1994-05-02 08:00:00,874.9906,1994-05-01 11:00:00,23.0000
07161450,35.985833,-96.911944,1994-05-31 02:00:00,1994-05-31 15:00:00,523.8617,1994-05-31 08:00:00,6.0000
07161450,35.985833,-96.911944,1994-11-21 09:00:00,1994-11-22 21:00:00,1138.3372,1994-11-22 02:00:00,17.0000
07161450,35.985833,-96.911944,1995-05-08 05:00:00,1995-05-08 11:00:00,523.8617,1995-05-08 08:00:00,3.0000
07161450,35.985833,-96.911944,1995-06-04 12:00:00,1995-06-14 02:00:00,2678.7737,1995-06-10 16:00:00,148.0000
07161450,35.985833,-96.911944,1995-08-04 00:00:00,1995-08-06 18:00:00,1330.8918,1995-08-05 02:00:00,26.0000
07161450,35.985833,-96.911944,1996-08-04 17:00:00,1996-08-05 08:00:00,566.3369,1996-08-05 00:45:00,7.7500
07161450,35.985833,-96.911944,1997-02-21 20:00:00,1997-02-23 09:45:00,889.1490,1997-02-22 16:00:00,20.0000
07161450,35.985833,-96.911944,1997-04-11 19:00:00,1997-04-13 20:30:00,1313.9017,1997-04-12 21:00:00,26.0000
07161450,35.985833,-96.911944,1997-05-03 21:30:00,1997-05-04 08:00:00,498.3765,1997-05-04 03:00:00,5.5000
07161450,35.985833,-96.911944,1997-12-25 11:30:00,1997-12-26 06:00:00,572.0003,1997-12-25 18:30:00,7.0000
07161450,35.985833,-96.911944,1998-03-17 02:00:00,1998-03-22 00:30:00,1684.8524,1998-03-18 11:00:00,33.0000
07161450,35.985833,-96.911944,1998-10-05 11:00:00,1998-10-06 19:30:00,911.8025,1998-10-05 16:30:00,5.5000
07161450,35.985833,-96.911944,1998-11-01 16:00:00,1998-11-05 18:30:00,2489.0508,1998-11-02 23:00:00,31.0000
07161450,35.985833,-96.911944,1998-12-08 09:00:00,1998-12-08 22:30:00,523.8617,1998-12-08 14:30:00,5.5000
07161450,35.985833,-96.911944,1999-02-01 00:00:00,1999-02-01 13:00:00,1781.1297,1999-02-01 13:00:00,13.0000
07161450,35.985833,-96.911944,1999-03-13 23:00:00,1999-03-16 12:00:00,747.5648,1999-03-14 10:00:00,11.0000
07161450,35.985833,-96.911944,1999-04-16 05:30:00,1999-04-17 20:30:00,733.4063,1999-04-16 13:30:00,8.0000
07161450,35.985833,-96.911944,1999-04-23 19:30:00,1999-04-24 11:00:00,552.1785,1999-04-24 01:30:00,6.0000
07161450,35.985833,-96.911944,1999-04-25 12:00:00,1999-04-29 19:00:00,1982.1793,1999-04-26 22:30:00,34.5000
07161450,35.985833,-96.911944,1999-05-04 19:30:00,1999-05-05 01:30:00,569.1686,1999-05-04 21:00:00,1.5000
07161450,35.985833,-96.911944,1999-06-11 07:00:00,1999-06-14 21:30:00,1257.2680,1999-06-11 23:00:00,16.0000
07161450,35.985833,-96.911944,1999-06-24 16:00:00,1999-06-26 13:00:00,1243.1096,1999-06-24 23:30:00,7.5000
07161450,35.985833,-96.911944,1999-06-30 21:30:00,1999-07-01 14:00:00,685.2677,1999-07-01 03:00:00,5.5000
07161450,35.985833,-96.911944,1999-07-11 20:00:00,1999-07-12 14:00:00,588.9904,1999-07-12 02:30:00,6.5000
07161450,35.985833,-96.911944,1999-12-10 23:30:00,1999-12-11 14:30:00,518.1983,1999-12-11 05:00:00,5.5000
07161450,35.985833,-96.911944,2000-03-24 12:30:00,2000-03-26 18:30:00,1277.0898,2000-03-25 06:30:00,18.0000
07161450,35.985833,-96.911944,2000-05-29 01:30:00,2000-05-29 22:30:00,543.6835,2000-05-29 09:00:00,7.5000
07161450,35.985833,-96.911944,2001-02-25 05:00:00,2001-02-26 10:00:00,795.7034,2001-02-25 18:00:00,13.0000
07161450,35.985833,-96.911944,2001-05-29 20:00:00,2001-06-01 04:00:00,880.6539,2001-05-30 12:00:00,16.0000
07161450,35.985833,-96.911944,2002-09-20 19:00:00,2002-09-21 13:00:00,572.0003,2002-09-21 03:30:00,8.5000
07161450,35.985833,-96.911944,2002-10-06 09:30:00,2002-10-07 09:30:00,611.6439,2002-10-06 20:00:00,10.5000
07161450,35.985833,-96.911944,2002-10-26 10:30:00,2002-10-27 04:00:00,501.2082,2002-10-26 17:30:00,7.0000
07161450,35.985833,-96.911944,2003-10-10 17:00:00,2003-10-11 13:00:00,665.4459,2003-10-11 03:00:00,10.0000
07161450,35.985833,-96.911944,2004-03-05 04:00:00,2004-03-08 03:30:00,2361.6250,2004-03-06 08:30:00,28.5000
07161450,35.985833,-96.911944,2004-03-30 04:00:00,2004-03-30 09:00:00,487.0498,2004-03-30 05:30:00,1.5000
07161450,35.985833,-96.911944,2004-06-23 03:00:00,2004-06-24 19:00:00,815.5252,2004-06-23 20:00:00,17.0000
07161450,35.985833,-96.911944,2005-03-28 13:00:00,2005-03-28 17:00:00,535.1884,2005-03-28 17:00:00,4.0000
07161450,35.985833,-96.911944,2005-06-17 12:00:00,2005-06-17 23:00:00,566.3369,2005-06-17 14:00:00,2.0000
07161450,35.985833,-96.911944,2005-08-23 05:00:00,2005-08-25 01:00:00,710.7528,2005-08-23 19:00:00,14.0000
07161450,35.985833,-96.911944,2005-10-03 09:00:00,2005-10-03 12:00:00,472.8913,2005-10-03 10:00:00,1.0000
07161450,35.985833,-96.911944,2007-03-31 09:00:00,2007-04-02 03:00:00,903.3074,2007-04-01 08:00:00,23.0000
07161450,35.985833,-96.911944,2007-05-08 05:00:00,2007-05-11 09:00:00,1158.1590,2007-05-10 02:00:00,45.0000
07161450,35.985833,-96.911944,2007-06-15 16:00:00,2007-06-18 21:00:00,1211.9610,2007-06-16 06:00:00,14.0000
07161450,35.985833,-96.911944,2007-06-20 12:00:00,2007-06-22 22:00:00,991.0896,2007-06-21 16:00:00,28.0000
07161450,35.985833,-96.911944,2007-06-26 23:00:00,2007-07-04 07:00:00,2313.4864,2007-06-30 18:00:00,91.0000
07161450,35.985833,-96.911944,2007-07-10 15:00:00,2007-07-10 16:00:00,495.5448,2007-07-10 16:00:00,1.0000
07161450,35.985833,-96.911944,2007-07-11 17:00:00,2007-07-12 09:00:00,580.4954,2007-07-12 00:00:00,7.0000
07161450,35.985833,-96.911944,2007-07-13 10:00:00,2007-07-16 22:00:00,1336.5552,2007-07-15 02:00:00,40.0000
07161450,35.985833,-96.911944,2007-08-20 10:00:00,2007-08-21 19:00:00,1268.5947,2007-08-20 23:00:00,13.0000
07161450,35.985833,-96.911944,2007-09-10 06:00:00,2007-09-10 18:00:00,563.5052,2007-09-10 13:00:00,7.0000
07161450,35.985833,-96.911944,2007-10-19 13:00:00,2007-10-19 19:00:00,481.3864,2007-10-19 16:00:00,3.0000
07161450,35.985833,-96.911944,2008-03-19 23:00:00,2008-03-20 09:00:00,501.2082,2008-03-20 02:00:00,3.0000
07161450,35.985833,-96.911944,2008-04-10 05:00:00,2008-04-12 15:00:00,1192.1392,2008-04-11 11:00:00,30.0000
07161450,35.985833,-96.911944,2008-05-08 12:00:00,2008-05-10 01:00:00,801.3668,2008-05-09 06:00:00,18.0000
07161450,35.985833,-96.911944,2008-06-10 05:00:00,2008-06-12 04:00:00,1509.2879,2008-06-11 07:00:00,26.0000
07161450,35.985833,-96.911944,2008-06-18 09:00:00,2008-06-20 00:00:00,679.6043,2008-06-19 13:00:00,28.0000
07161450,35.985833,-96.911944,2008-09-14 21:00:00,2008-09-16 00:00:00,736.2380,2008-09-15 12:00:00,15.0000
07161450,35.985833,-96.911944,2009-04-28 15:00:00,2009-04-30 05:00:00,504.0399,2009-04-28 18:00:00,3.0000
07161450,35.985833,-96.911944,2009-10-10 15:00:00,2009-10-10 23:00:00,501.2082,2009-10-10 19:00:00,4.0000
07161450,35.985833,-96.911944,2010-05-20 04:00:00,2010-05-22 06:00:00,920.2975,2010-05-21 09:00:00,29.0000
07161450,35.985833,-96.911944,2010-06-15 00:00:00,2010-06-17 04:00:00,690.9311,2010-06-16 05:00:00,29.0000
07161450,35.985833,-96.911944,2013-05-31 06:00:00,2013-05-31 10:00:00,475.7230,2013-05-31 07:00:00,1.0000
07161450,35.985833,-96.911944,2013-06-02 11:00:00,2013-06-03 15:00:00,962.7728,2013-06-03 00:00:00,13.0000
07161450,35.985833,-96.911944,2013-07-28 07:00:00,2013-07-28 22:00:00,560.6736,2013-07-28 16:00:00,9.0000
07161450,35.985833,-96.911944,2013-07-31 23:00:00,2013-08-01 15:00:00,591.8221,2013-08-01 08:00:00,9.0000
07161450,35.985833,-96.911944,2015-05-24 12:00:00,2015-05-30 02:00:00,2239.8626,2015-05-26 08:00:00,44.0000
07241520,35.565556,-97.366944,1993-05-09 00:00:00,1993-05-12 04:30:00,1078.8719,1993-05-09 07:30:00,7.5000
07241520,35.565556,-97.366944,1994-11-20 13:30:00,1994-11-20 16:00:00,206.4298,1994-11-20 15:00:00,1.5000
07241520,35.565556,-97.366944,1995-05-26 17:00:00,1995-05-27 06:00:00,399.2675,1995-05-26 22:00:00,5.0000
07241520,35.565556,-97.366944,1995-06-04 13:00:00,1995-06-07 09:00:00,311.4853,1995-06-06 09:00:00,44.0000
07241520,35.565556,-97.366944,1995-06-09 13:00:00,1995-06-13 20:00:00,620.1389,1995-06-10 01:00:00,12.0000
07241520,35.565556,-97.366944,1996-07-11 12:00:00,1996-07-12 01:00:00,481.3864,1996-07-11 19:00:00,7.0000
07241520,35.565556,-97.366944,1996-07-14 15:00:00,1996-07-14 17:00:00,223.4199,1996-07-14 16:00:00,1.0000
07241520,35.565556,-97.366944,1996-08-03 11:30:00,1996-08-03 18:30:00,317.1487,1996-08-03 12:30:00,1.0000
07241520,35.565556,-97.366944,1998-03-16 10:00:00,1998-03-19 21:00:00,253.1526,1998-03-17 09:00:00,23.0000
07241520,35.565556,-97.366944,1998-11-01 15:00:00,1998-11-01 20:00:00,240.1269,1998-11-01 18:00:00,3.0000
07241520,35.565556,-97.366944,1999-04-25 14:00:00,1999-04-27 02:00:00,433.2478,1999-04-25 19:00:00,5.0000
07241520,35.565556,-97.366944,2000-05-01 03:00:00,2000-05-01 13:30:00,430.4161,2000-05-01 06:00:00,3.0000
07241520,35.565556,-97.366944,2004-08-11 15:00:00,2004-08-11 19:00:00,342.6338,2004-08-11 15:30:00,0.5000
07241520,35.565556,-97.366944,2007-05-08 15:00:00,2007-05-11 15:00:00,404.9309,2007-05-09 00:00:00,9.0000
07241520,35.565556,-97.366944,2007-06-29 03:00:00,2007-07-03 06:00:00,382.2774,2007-06-30 05:00:00,26.0000
07241520,35.565556,-97.366944,2007-07-10 11:30:00,2007-07-11 00:30:00,265.0457,2007-07-10 20:00:00,8.5000
07241520,35.565556,-97.366944,2007-07-13 14:00:00,2007-07-14 06:30:00,286.0002,2007-07-13 19:30:00,5.5000
07241520,35.565556,-97.366944,2007-08-19 12:00:00,2007-08-24 05:00:00,484.2181,2007-08-22 11:30:00,71.5000
07241520,35.565556,-97.366944,2007-09-10 14:30:00,2007-09-10 18:00:00,235.5962,2007-09-10 16:30:00,2.0000
07241520,35.565556,-97.366944,2008-08-19 12:00:00,2008-08-21 03:30:00,286.0002,2008-08-19 16:00:00,4.0000
07241520,35.565556,-97.366944,2009-04-29 18:30:00,2009-04-29 19:00:00,200.7664,2009-04-29 19:00:00,0.5000
07241520,35.565556,-97.366944,2010-06-14 14:00:00,2010-06-15 19:00:00,648.4558,2010-06-14 21:30:00,7.5000
07241520,35.565556,-97.366944,2010-07-07 01:30:00,2010-07-07 09:00:00,276.3724,2010-07-07 04:00:00,2.5000
07241520,35.565556,-97.366944,2010-07-09 02:00:00,2010-07-09 07:30:00,302.9903,2010-07-09 04:00:00,2.0000
07241520,35.565556,-97.366944,2011-05-20 06:30:00,2011-05-20 19:00:00,262.2140,2011-05-20 07:30:00,1.0000
07241520,35.565556,-97.366944,2013-04-18 05:30:00,2013-04-18 08:30:00,216.9070,2013-04-18 06:00:00,0.5000
07241520,35.565556,-97.366944,2013-05-21 00:00:00,2013-05-21 01:30:00,222.0041,2013-05-21 01:00:00,1.0000
07241520,35.565556,-97.366944,2013-05-23 18:00:00,2013-05-23 23:30:00,282.3190,2013-05-23 20:00:00,2.0000
07241520,35.565556,-97.366944,2013-06-01 03:30:00,2013-06-03 13:00:00,923.1292,2013-06-01 13:30:00,10.0000
07241520,35.565556,-97.366944,2013-06-05 15:00:00,2013-06-06 03:30:00,249.1883,2013-06-05 21:00:00,6.0000
07241520,35.565556,-97.366944,2013-07-26 14:30:00,2013-07-26 22:00:00,228.2338,2013-07-26 18:00:00,3.5000
07241520,35.565556,-97.366944,2015-05-07 03:30:00,2015-05-07 22:00:00,713.5845,2015-05-07 12:00:00,8.5000
07241520,35.565556,-97.366944,2015-05-09 03:00:00,2015-05-10 10:00:00,272.9744,2015-05-09 09:00:00,6.0000
07241520,35.565556,-97.366944,2015-05-24 03:00:00,2015-05-25 16:00:00,359.6240,2015-05-24 10:00:00,7.0000
07314900,33.826667,-98.239722,1995-05-26 00:00:00,1995-05-28 05:00:00,50.9703,1995-05-26 14:00:00,14.0000
07314900,33.826667,-98.239722,1995-06-15 11:30:00,1995-06-17 12:00:00,27.9770,1995-06-16 12:00:00,24.5000
07314900,33.826667,-98.239722,1995-08-02 12:30:00,1995-08-03 01:00:00,27.5240,1995-08-02 17:30:00,5.0000
07314900,33.826667,-98.239722,1997-05-09 15:00:00,1997-05-11 22:30:00,54.6515,1997-05-10 20:30:00,29.5000
07314900,33.826667,-98.239722,2000-11-25 17:30:00,2000-11-25 22:30:00,22.8800,2000-11-25 20:00:00,2.5000
07314900,33.826667,-98.239722,2001-02-15 08:30:00,2001-02-18 23:30:00,70.5089,2001-02-16 20:30:00,36.0000
07314900,33.826667,-98.239722,2001-02-28 05:00:00,2001-03-02 16:00:00,39.0772,2001-03-01 09:30:00,28.5000
07314900,33.826667,-98.239722,2002-04-28 01:00:00,2002-04-28 16:30:00,23.5313,2002-04-28 08:30:00,7.5000
07314900,33.826667,-98.239722,2004-07-29 00:30:00,2004-07-30 01:30:00,30.0159,2004-07-29 08:00:00,7.5000
07314900,33.826667,-98.239722,2004-11-17 19:00:00,2004-11-19 19:30:00,28.1186,2004-11-18 15:00:00,20.0000
07314900,33.826667,-98.239722,2005-08-16 16:30:00,2005-08-20 10:30:00,80.9862,2005-08-18 02:00:00,33.5000
07314900,33.826667,-98.239722,2005-10-08 18:00:00,2005-10-09 18:00:00,42.4753,2005-10-08 20:30:00,2.5000
07314900,33.826667,-98.239722,2007-03-31 00:30:00,2007-03-31 21:30:00,30.5822,2007-03-31 06:30:00,6.0000
07314900,33.826667,-98.239722,2007-06-26 19:00:00,2007-07-02 09:30:00,62.2971,2007-06-27 10:00:00,15.0000
07314900,33.826667,-98.239722,2007-07-04 17:30:00,2007-07-05 04:00:00,22.0305,2007-07-04 21:00:00,3.5000
07314900,33.826667,-98.239722,2009-04-30 07:45:00,2009-05-01 08:00:00,31.4317,2009-04-30 18:00:00,10.2500
07314900,33.826667,-98.239722,2010-04-18 10:15:00,2010-04-21 07:15:00,59.1822,2010-04-19 03:00:00,16.7500
07314900,33.826667,-98.239722,2010-05-15 10:00:00,2010-05-18 10:00:00,67.1109,2010-05-17 00:15:00,38.2500
07314900,33.826667,-98.239722,2014-07-17 14:00:00,2014-07-18 05:15:00,29.7327,2014-07-17 17:45:00,3.7500
07314900,33.826667,-98.239722,2015-05-08 09:15:00,2015-05-12 13:30:00,40.7763,2015-05-10 21:15:00,60.0000
07314900,33.826667,-98.239722,2015-05-20 08:30:00,2015-05-25 09:15:00,65.9783,2015-05-22 19:00:00,58.5000
07314900,33.826667,-98.239722,2015-05-28 19:15:00,2015-06-10 09:00:00,94.0119,2015-06-03 14:00:00,138.7500
07314900,33.826667,-98.239722,2015-06-15 06:45:00,2015-06-26 13:45:00,173.8654,2015-06-19 07:30:00,96.7500
07314900,33.826667,-98.239722,2015-11-28 02:15:00,2015-12-01 19:30:00,39.6436,2015-11-28 16:45:00,14.5000
07314900,33.826667,-98.239722,2015-12-30 01:00:00,2016-01-07 10:45:00,40.4931,2016-01-03 09:45:00,104.7500
07314900,33.826667,-98.239722,2016-04-18 01:30:00,2016-04-29 20:30:00,79.8535,2016-04-22 17:45:00,112.2500
07314900,33.826667,-98.239722,2016-05-23 12:15:00,2016-05-27 18:00:00,63.4297,2016-05-24 23:30:00,35.2500
07314900,33.826667,-98.239722,2016-06-01 16:00:00,2016-06-02 04:45:00,30.2990,2016-06-02 04:45:00,12.7500
07325000,35.530833,-98.966667,1993-05-09 01:00:00,1993-05-11 04:00:00,78.4377,1993-05-09 15:00:00,14.0000
07325000,35.530833,-98.966667,1995-05-27 16:00:00,1995-05-27 20:00:00,50.4040,1995-05-27 18:00:00,2.0000
07325000,35.530833,-98.966667,1995-06-03 17:00:00,1995-06-07 19:00:00,100.5248,1995-06-05 07:00:00,38.0000
07325000,35.530833,-98.966667,1995-08-03 01:00:00,1995-08-06 12:00:00,257.6833,1995-08-04 00:00:00,23.0000
07325000,35.530833,-98.966667,1996-08-28 16:30:00,1996-08-29 14:00:00,52.1030,1996-08-29 07:00:00,14.5000
07325000,35.530833,-98.966667,1996-09-15 09:00:00,1996-09-22 12:00:00,305.8219,1996-09-16 02:00:00,17.0000
07325000,35.530833,-98.966667,1996-10-27 15:00:00,1996-10-28 06:00:00,68.5268,1996-10-27 20:45:00,5.7500
07325000,35.530833,-98.966667,1997-02-21 17:45:00,1997-02-21 23:00:00,48.7050,1997-02-21 19:45:00,2.0000
07325000,35.530833,-98.966667,1997-04-04 17:00:00,1997-04-05 21:30:00,63.9961,1997-04-05 00:00:00,7.0000
07325000,35.530833,-98.966667,1997-04-11 06:45:00,1997-04-13 11:00:00,96.2773,1997-04-12 00:00:00,17.2500
07325000,35.530833,-98.966667,1997-04-26 00:00:00,1997-04-28 02:00:00,64.5624,1997-04-26 10:00:00,10.0000
07325000,35.530833,-98.966667,1997-05-02 09:00:00,1997-05-04 00:00:00,77.0218,1997-05-03 03:00:00,18.0000
07325000,35.530833,-98.966667,1997-05-08 10:00:00,1997-05-09 01:00:00,56.3505,1997-05-08 17:15:00,7.2500
07325000,35.530833,-98.966667,1997-05-30 14:00:00,1997-05-31 04:15:00,55.7842,1997-05-30 21:00:00,7.0000
07325000,35.530833,-98.966667,1997-06-13 12:30:00,1997-06-14 12:15:00,62.5802,1997-06-14 00:45:00,12.2500
07325000,35.530833,-98.966667,1997-08-11 11:00:00,1997-08-11 20:00:00,54.3683,1997-08-11 16:30:00,5.5000
07325000,35.530833,-98.966667,1997-09-23 18:00:00,1997-09-24 11:15:00,76.4555,1997-09-24 04:15:00,10.2500
07325000,35.530833,-98.966667,1998-03-16 13:45:00,1998-03-17 22:00:00,65.4119,1998-03-17 02:30:00,12.7500
07325000,35.530833,-98.966667,1999-04-25 01:30:00,1999-04-25 08:00:00,55.7842,1999-04-25 04:30:00,3.0000
07325000,35.530833,-98.966667,2000-03-23 15:30:00,2000-03-24 17:30:00,80.1367,2000-03-24 09:30:00,18.0000
07325000,35.530833,-98.966667,2001-05-30 02:30:00,2001-05-31 15:00:00,92.3129,2001-05-30 22:00:00,19.5000
07325000,35.530833,-98.966667,2004-07-01 13:30:00,2004-07-02 04:00:00,82.4020,2004-07-01 21:00:00,7.5000
07325000,35.530833,-98.966667,2007-05-07 10:30:00,2007-05-08 17:30:00,78.7208,2007-05-07 20:30:00,10.0000
07325000,35.530833,-98.966667,2007-08-19 06:00:00,2007-08-19 18:30:00,90.3307,2007-08-19 11:30:00,5.5000
07325000,35.530833,-98.966667,2007-09-08 19:00:00,2007-09-09 07:00:00,64.8456,2007-09-09 01:30:00,6.5000
07325000,35.530833,-98.966667,2008-06-09 16:30:00,2008-06-10 08:00:00,67.3941,2008-06-09 22:30:00,6.0000
07325000,35.530833,-98.966667,2015-05-23 21:30:00,2015-05-27 16:30:00,244.6576,2015-05-24 21:00:00,23.5000
07325000,35.530833,-98.966667,2015-07-07 12:00:00,2015-07-08 01:30:00,57.7664,2015-07-07 16:00:00,4.0000
07341200,33.962222,-94.061667,1990-03-08 13:00:00,1990-03-09 04:00:00,1039.2283,1990-03-08 18:30:00,5.5000
07341200,33.962222,-94.061667,1993-12-04 00:00:00,1993-12-04 14:00:00,792.8717,1993-12-04 06:00:00,6.0000
07341200,33.962222,-94.061667,2015-11-29 01:15:00,2015-11-29 10:30:00,404.9309,2015-11-29 05:15:00,4.0000
07341200,33.962222,-94.061667,2015-12-28 06:15:00,2015-12-29 03:15:00,792.8717,2015-12-28 15:00:00,8.7500
07341200,33.962222,-94.061667,2016-04-30 17:15:00,2016-04-30 22:15:00,379.4457,2016-04-30 18:45:00,1.5000
07153000,36.343611,-96.799167,1992-08-06 11:00:00,1992-08-07 02:14:00,305.8219,1992-08-06 17:21:00,6.3500
07153000,36.343611,-96.799167,1998-10-05 11:00:00,1998-10-05 19:00:00,300.1586,1998-10-05 14:00:00,3.0000
07153000,36.343611,-96.799167,1999-04-25 14:30:00,1999-04-27 21:00:00,322.8121,1999-04-25 19:00:00,4.5000
07153000,36.343611,-96.799167,2007-06-29 03:30:00,2007-07-01 09:30:00,356.7923,2007-06-29 08:00:00,4.5000
07153000,36.343611,-96.799167,2008-03-31 12:00:00,2008-04-01 10:00:00,362.4556,2008-03-31 15:30:00,3.5000
07153000,36.343611,-96.799167,2008-04-10 06:30:00,2008-04-11 18:30:00,339.8022,2008-04-10 13:00:00,6.5000
07176500,36.485000,-96.060000,1991-06-05 22:00:00,1991-06-06 13:00:00,577.6637,1991-06-06 08:00:00,10.0000
07176500,36.485000,-96.060000,1993-05-09 01:00:00,1993-05-10 08:00:00,778.7133,1993-05-09 18:00:00,17.0000
07176500,36.485000,-96.060000,1994-04-11 09:00:00,1994-04-11 23:00:00,727.7430,1994-04-11 21:00:00,12.0000
07176500,36.485000,-96.060000,1995-05-08 09:00:00,1995-05-08 16:00:00,484.2181,1995-05-08 12:00:00,3.0000
07176500,36.485000,-96.060000,1995-06-06 14:00:00,1995-06-07 04:00:00,566.3369,1995-06-06 23:00:00,9.0000
07176500,36.485000,-96.060000,1995-06-09 18:00:00,1995-06-10 20:00:00,549.3468,1995-06-10 13:00:00,19.0000
07176500,36.485000,-96.060000,1995-07-03 12:00:00,1995-07-04 05:00:00,775.8816,1995-07-03 19:00:00,7.0000
07176500,36.485000,-96.060000,1996-11-17 04:00:00,1996-11-17 16:00:00,512.5349,1996-11-17 08:00:00,4.0000
07176500,36.485000,-96.060000,1998-04-27 15:00:00,1998-04-28 02:00:00,560.6736,1998-04-27 19:00:00,4.0000
07176500,36.485000,-96.060000,1999-04-25 15:00:00,1999-04-26 06:00:00,730.5746,1999-04-25 20:30:00,5.5000
07176500,36.485000,-96.060000,2000-05-06 15:00:00,2000-05-07 03:00:00,620.1389,2000-05-06 21:00:00,6.0000
07176500,36.485000,-96.060000,2000-05-09 13:00:00,2000-05-10 02:00:00,566.3369,2000-05-09 18:30:00,5.5000
07176500,36.485000,-96.060000,2004-03-04 17:30:00,2004-03-05 18:30:00,662.6142,2004-03-05 05:15:00,11.7500
07176500,36.485000,-96.060000,2007-05-07 14:30:00,2007-05-08 03:00:00,580.4954,2007-05-07 21:30:00,7.0000
07176500,36.485000,-96.060000,2007-06-20 18:00:00,2007-06-21 03:00:00,555.0102,2007-06-20 23:30:00,5.5000
07176500,36.485000,-96.060000,2007-06-29 13:00:00,2007-06-30 23:00:00,611.6439,2007-06-30 17:30:00,28.5000
07176500,36.485000,-96.060000,2008-04-10 07:00:00,2008-04-10 22:00:00,668.2776,2008-04-10 13:30:00,6.5000
07176500,36.485000,-96.060000,2008-06-09 12:30:00,2008-06-10 11:00:00,778.7133,2008-06-09 23:30:00,11.0000
07176500,36.485000,-96.060000,2010-06-14 20:00:00,2010-06-14 22:00:00,458.7329,2010-06-14 20:30:00,0.5000
07176500,36.485000,-96.060000,2013-05-30 23:30:00,2013-05-31 07:00:00,495.5448,2013-05-31 03:30:00,4.0000
07178000,36.248611,-95.866944,1990-03-11 23:00:00,1990-03-16 16:00:00,504.0399,1990-03-13 12:00:00,37.0000
07178000,36.248611,-95.866944,1992-12-14 21:00:00,1992-12-15 12:00:00,399.2675,1992-12-14 22:00:00,1.0000
07178000,36.248611,-95.866944,1993-05-11 05:00:00,1993-05-13 01:00:00,826.8519,1993-05-11 09:00:00,4.0000
07178000,36.248611,-95.866944,1994-04-11 20:00:00,1994-04-14 07:30:00,603.1488,1994-04-13 14:30:00,42.5000
07178000,36.248611,-95.866944,1995-05-08 02:00:00,1995-05-10 10:15:00,560.6736,1995-05-08 12:45:00,10.7500
07178000,36.248611,-95.866944,1995-06-09 20:45:00,1995-06-12 14:45:00,492.7131,1995-06-11 17:00:00,44.2500
07178000,36.248611,-95.866944,1998-03-17 17:00:00,1998-03-19 00:00:00,399.2675,1998-03-18 11:00:00,18.0000
07178000,36.248611,-95.866944,1998-04-27 16:30:00,1998-04-29 19:45:00,489.8814,1998-04-29 02:30:00,34.0000
07178000,36.248611,-95.866944,1998-10-05 14:00:00,1998-10-06 15:00:00,523.8617,1998-10-05 17:00:00,3.0000
07178000,36.248611,-95.866944,1999-04-26 05:00:00,1999-04-28 16:00:00,710.7528,1999-04-27 17:00:00,36.0000
07178000,36.248611,-95.866944,1999-05-04 20:00:00,1999-05-06 11:00:00,470.0597,1999-05-05 18:00:00,22.0000
07178000,36.248611,-95.866944,2000-05-06 15:30:00,2000-05-08 09:00:00,461.5646,2000-05-06 18:30:00,3.0000
07178000,36.248611,-95.866944,2004-03-05 10:00:00,2004-03-07 05:30:00,509.7032,2004-03-06 19:30:00,33.5000
07178000,36.248611,-95.866944,2007-05-07 15:30:00,2007-05-09 10:00:00,470.0597,2007-05-07 20:00:00,4.5000
07178000,36.248611,-95.866944,2008-04-08 17:30:00,2008-04-08 21:00:00,404.9309,2008-04-08 19:00:00,1.5000
07178000,36.248611,-95.866944,2008-04-10 10:30:00,2008-04-11 04:30:00,543.6835,2008-04-10 16:00:00,5.5000
07178000,36.248611,-95.866944,2008-05-08 10:30:00,2008-05-09 16:00:00,436.0794,2008-05-08 23:00:00,12.5000
07178000,36.248611,-95.866944,2008-06-09 16:00:00,2008-06-12 06:00:00,549.3468,2008-06-11 13:00:00,45.0000
07178000,36.248611,-95.866944,2009-05-01 17:00:00,2009-05-02 13:00:00,523.8617,2009-05-01 22:30:00,5.5000
07178000,36.248611,-95.866944,2010-06-14 23:30:00,2010-06-16 07:00:00,470.0597,2010-06-15 19:00:00,19.5000
07178000,36.248611,-95.866944,2012-03-20 12:30:00,2012-03-21 10:00:00,475.7230,2012-03-20 19:30:00,7.0000
07178000,36.248611,-95.866944,2013-05-31 02:30:00,2013-06-01 09:30:00,447.4062,2013-05-31 11:30:00,9.0000
07178000,36.248611,-95.866944,2015-05-24 07:30:00,2015-05-25 13:30:00,512.5349,2015-05-24 11:30:00,4.0000
07178000,36.248611,-95.866944,2015-06-18 23:00:00,2015-06-19 12:00:00,433.2478,2015-06-19 03:30:00,4.5000
07178000,36.248611,-95.866944,2015-12-27 08:30:00,2015-12-29 17:00:00,665.4459,2015-12-28 19:30:00,35.0000
07311500,34.220833,-98.452778,1991-05-25 12:45:00,1991-05-28 14:15:00,210.3942,1991-05-26 20:45:00,32.0000
07311500,34.220833,-98.452778,1991-06-04 09:30:00,1991-06-07 05:00:00,225.6853,1991-06-05 05:30:00,20.0000
07311500,34.220833,-98.452778,1991-06-09 02:30:00,1991-06-12 01:45:00,171.8833,1991-06-10 07:00:00,28.5000
07311500,34.220833,-98.452778,1991-06-13 19:15:00,1991-06-15 00:30:00,105.3387,1991-06-14 09:00:00,13.7500
07311500,34.220833,-98.452778,1991-07-28 03:15:00,1991-07-30 17:30:00,597.4855,1991-07-28 16:00:00,12.7500
07311500,34.220833,-98.452778,1991-09-05 17:30:00,1991-09-06 17:15:00,71.3585,1991-09-06 02:45:00,9.2500
07311500,34.220833,-98.452778,1991-09-15 06:00:00,1991-09-15 22:15:00,78.4377,1991-09-15 14:45:00,8.7500
07311500,34.220833,-98.452778,1991-09-19 03:30:00,1991-09-22 00:00:00,273.2576,1991-09-19 22:00:00,18.5000
07311500,34.220833,-98.452778,1991-10-29 01:45:00,1991-10-30 02:45:00,109.5862,1991-10-29 13:45:00,12.0000
07311500,34.220833,-98.452778,1991-12-20 05:30:00,1991-12-24 22:45:00,608.8122,1991-12-20 23:15:00,17.7500
07311500,34.220833,-98.452778,1992-03-05 04:45:00,1992-03-06 04:15:00,84.1010,1992-03-05 14:30:00,9.7500
07311500,34.220833,-98.452778,1992-03-09 13:15:00,1992-03-11 02:15:00,158.0080,1992-03-10 01:30:00,12.2500
07311500,34.220833,-98.452778,1992-04-18 08:00:00,1992-04-20 00:45:00,91.4634,1992-04-19 14:45:00,30.7500
07311500,34.220833,-98.452778,1992-05-29 12:00:00,1992-06-01 00:30:00,128.5585,1992-05-31 07:45:00,43.7500
07311500,34.220833,-98.452778,1992-06-03 01:30:00,1992-06-04 13:00:00,105.3387,1992-06-03 23:30:00,22.0000
07311500,34.220833,-98.452778,1992-06-06 18:30:00,1992-06-12 05:00:00,365.2873,1992-06-09 22:00:00,75.5000
07311500,34.220833,-98.452778,1994-03-11 16:30:00,1994-03-11 21:15:00,62.0139,1994-03-11 18:30:00,2.0000
07311500,34.220833,-98.452778,1994-05-26 19:30:00,1994-05-28 23:45:00,157.1585,1994-05-28 00:30:00,29.0000
07311500,34.220833,-98.452778,1995-04-19 01:00:00,1995-04-20 17:15:00,98.5426,1995-04-20 02:15:00,25.2500
07311500,34.220833,-98.452778,1995-05-07 11:30:00,1995-05-10 16:15:00,231.6318,1995-05-08 17:15:00,29.7500
07311500,34.220833,-98.452778,1995-06-05 13:00:00,1995-06-09 02:15:00,1112.8521,1995-06-05 18:45:00,5.7500
07311500,34.220833,-98.452778,1995-06-10 08:30:00,1995-06-14 12:15:00,1183.6442,1995-06-10 23:45:00,15.2500
07311500,34.220833,-98.452778,1995-08-02 22:15:00,1995-08-07 00:15:00,396.4359,1995-08-04 13:00:00,38.7500
07311500,34.220833,-98.452778,1995-09-20 11:45:00,1995-09-21 11:15:00,80.7030,1995-09-20 23:30:00,11.7500
07311500,34.220833,-98.452778,1996-08-30 02:00:00,1996-09-01 00:00:00,85.8000,1996-08-30 18:15:00,16.2500
07311500,34.220833,-98.452778,1996-09-04 20:45:00,1996-09-06 04:45:00,144.6991,1996-09-05 09:45:00,13.0000
07311500,34.220833,-98.452778,1997-02-21 13:00:00,1997-02-23 11:15:00,82.4020,1997-02-21 23:00:00,10.0000
07311500,34.220833,-98.452778,1997-04-12 03:00:00,1997-04-13 18:00:00,79.0040,1997-04-12 13:30:00,10.5000
07311500,34.220833,-98.452778,1997-04-27 04:00:00,1997-04-29 08:00:00,96.2773,1997-04-28 06:15:00,26.2500
07311500,34.220833,-98.452778,1997-05-20 13:45:00,1997-05-21 11:45:00,74.7565,1997-05-21 01:15:00,11.5000
07311500,34.220833,-98.452778,1997-05-31 23:15:00,1997-06-02 04:45:00,190.8555,1997-06-01 20:30:00,21.2500
07311500,34.220833,-98.452778,1998-01-05 20:15:00,1998-01-07 16:15:00,283.1685,1998-01-06 11:30:00,15.2500
07311500,34.220833,-98.452778,1998-02-20 08:30:00,1998-02-21 21:30:00,78.4377,1998-02-21 08:00:00,23.5000
07311500,34.220833,-98.452778,1998-03-16 08:30:00,1998-03-20 16:45:00,659.7825,1998-03-17 11:15:00,26.7500
07311500,34.220833,-98.452778,1999-03-20 02:30:00,1999-03-20 23:15:00,78.1545,1999-03-20 12:00:00,9.5000
07311500,34.220833,-98.452778,1999-05-29 11:00:00,1999-05-31 04:00:00,144.9823,1999-05-30 15:00:00,28.0000
07311500,34.220833,-98.452778,2000-10-23 20:00:00,2000-10-30 06:30:00,331.3071,2000-10-27 07:30:00,83.5000
07311500,34.220833,-98.452778,2000-11-03 17:15:00,2000-11-05 22:30:00,272.6912,2000-11-03 21:00:00,3.7500
07311500,34.220833,-98.452778,2000-11-09 06:15:00,2000-11-10 17:15:00,87.4991,2000-11-09 20:00:00,13.7500
07311500,34.220833,-98.452778,2000-11-24 19:45:00,2000-11-26 09:00:00,103.6397,2000-11-25 08:00:00,12.2500
07311500,34.220833,-98.452778,2001-01-29 19:15:00,2001-01-31 09:00:00,88.9149,2001-01-30 09:15:00,14.0000
07311500,34.220833,-98.452778,2001-02-16 01:45:00,2001-02-16 15:45:00,63.1466,2001-02-16 06:15:00,4.5000
07311500,34.220833,-98.452778,2001-02-26 08:30:00,2001-02-26 12:00:00,61.7307,2001-02-26 09:00:00,0.5000
07311500,34.220833,-98.452778,2002-04-08 15:15:00,2002-04-09 06:15:00,75.0396,2002-04-08 23:00:00,7.7500
07311500,34.220833,-98.452778,2002-04-13 22:15:00,2002-04-15 20:15:00,136.4872,2002-04-14 10:00:00,11.7500
07311500,34.220833,-98.452778,2002-06-06 00:00:00,2002-06-06 14:00:00,76.1723,2002-06-06 06:00:00,6.0000
07311500,34.220833,-98.452778,2002-10-30 06:15:00,2002-10-31 07:00:00,83.2515,2002-10-30 21:45:00,15.5000
07311500,34.220833,-98.452778,2002-12-24 20:00:00,2002-12-25 19:30:00,78.1545,2002-12-24 23:15:00,3.2500
07311500,34.220833,-98.452778,2004-03-05 10:15:00,2004-03-06 10:30:00,73.9070,2004-03-05 21:00:00,10.7500
07311500,34.220833,-98.452778,2004-11-16 11:15:00,2004-11-19 16:15:00,123.1783,2004-11-18 12:45:00,49.5000
07311500,34.220833,-98.452778,2004-11-24 10:45:00,2004-11-25 07:00:00,68.8099,2004-11-24 19:45:00,9.0000
07311500,34.220833,-98.452778,2005-06-08 14:15:00,2005-06-08 17:15:00,62.0139,2005-06-08 16:30:00,2.2500
07311500,34.220833,-98.452778,2006-10-15 23:00:00,2006-10-18 15:00:00,206.7130,2006-10-17 05:30:00,30.5000
07311500,34.220833,-98.452778,2007-01-21 10:30:00,2007-01-22 21:15:00,95.7109,2007-01-21 23:45:00,13.2500
07311500,34.220833,-98.452778,2007-03-30 09:45:00,2007-04-02 00:15:00,260.2318,2007-03-31 13:00:00,27.2500
07311500,34.220833,-98.452778,2007-05-09 14:00:00,2007-05-12 11:30:00,196.8021,2007-05-11 10:30:00,44.5000
07311500,34.220833,-98.452778,2007-06-26 13:00:00,2007-07-04 12:15:00,750.3964,2007-06-27 04:00:00,15.0000
07311500,34.220833,-98.452778,2007-08-20 07:30:00,2007-08-21 14:15:00,95.7109,2007-08-20 23:30:00,16.0000
07311500,34.220833,-98.452778,2008-04-11 03:15:00,2008-04-13 18:30:00,213.7922,2008-04-12 16:15:00,37.0000
07311500,34.220833,-98.452778,2008-08-19 05:15:00,2008-08-21 06:30:00,294.4952,2008-08-19 21:45:00,16.5000
07311500,34.220833,-98.452778,2009-04-29 21:45:00,2009-05-01 04:45:00,283.1685,2009-05-01 04:45:00,31.0000
07311500,34.220833,-98.452778,2009-05-17 06:15:00,2009-05-17 22:45:00,64.8456,2009-05-17 12:30:00,6.2500
07311500,34.220833,-98.452778,2010-07-07 06:45:00,2010-07-08 04:45:00,85.5169,2010-07-07 22:00:00,15.2500
07311500,34.220833,-98.452778,2010-07-09 21:15:00,2010-07-11 21:30:00,133.9387,2010-07-10 22:00:00,24.7500
07311500,34.220833,-98.452778,2011-05-21 09:30:00,2011-05-22 21:00:00,127.1426,2011-05-22 10:45:00,25.2500
07311500,34.220833,-98.452778,2014-07-17 14:30:00,2014-07-18 21:30:00,438.9111,2014-07-17 18:15:00,3.7500
07311500,34.220833,-98.452778,2015-05-07 04:45:00,2015-05-12 14:00:00,241.5427,2015-05-08 08:45:00,28.0000
07311500,34.220833,-98.452778,2015-07-08 11:00:00,2015-07-09 21:00:00,227.9506,2015-07-08 23:30:00,12.5000
07311500,34.220833,-98.452778,2015-11-28 23:30:00,2015-11-30 18:30:00,93.1624,2015-11-30 00:30:00,25.0000
07311500,34.220833,-98.452778,2015-12-28 02:15:00,2015-12-30 20:45:00,183.2100,2015-12-29 10:30:00,32.2500
07311500,34.220833,-98.452778,2016-04-18 00:45:00,2016-04-23 13:30:00,671.1093,2016-04-18 17:45:00,17.0000
07311500,34.220833,-98.452778,2016-05-23 18:00:00,2016-05-29 13:15:00,399.2675,2016-05-25 03:30:00,33.5000
07324400,35.538889,-99.169444,1996-09-15 10:00:00,1996-09-15 18:15:00,84.6674,1996-09-15 14:15:00,4.2500
07324400,35.538889,-99.169444,1996-09-19 12:15:00,1996-09-19 17:00:00,55.7842,1996-09-19 15:00:00,2.7500
07324400,35.538889,-99.169444,2004-06-22 07:45:00,2004-06-22 08:15:00,43.3248,2004-06-22 08:00:00,0.2500
07324400,35.538889,-99.169444,2007-05-07 05:45:00,2007-05-07 14:00:00,64.5624,2007-05-07 08:00:00,2.2500
07324400,35.538889,-99.169444,2015-05-23 20:00:00,2015-05-24 17:00:00,156.8753,2015-05-23 22:30:00,2.5000
07326500,35.084167,-98.243056,1993-04-30 10:00:00,1993-05-02 16:00:00,185.7585,1993-05-02 09:00:00,47.0000
07326500,35.084167,-98.243056,1993-05-09 05:00:00,1993-05-17 00:00:00,801.3668,1993-05-11 13:00:00,56.0000
07326500,35.084167,-98.243056,1995-06-04 19:00:00,1995-06-13 10:00:00,1495.1295,1995-06-06 11:00:00,40.0000
07326500,35.084167,-98.243056,1997-04-28 07:00:00,1997-04-30 22:00:00,208.6952,1997-04-30 00:00:00,41.0000
07326500,35.084167,-98.243056,1998-03-17 11:00:00,1998-03-22 08:00:00,376.6141,1998-03-20 01:00:00,62.0000
07326500,35.084167,-98.243056,2000-03-25 15:30:00,2000-03-27 11:00:00,200.2001,2000-03-26 22:00:00,30.5000
07326500,35.084167,-98.243056,2000-05-01 13:00:00,2000-05-03 08:00:00,215.2080,2000-05-01 18:30:00,5.5000
07326500,35.084167,-98.243056,2004-03-06 16:00:00,2004-03-07 15:00:00,188.3070,2004-03-07 07:30:00,15.5000
07326500,35.084167,-98.243056,2007-05-09 22:00:00,2007-05-12 22:00:00,280.0536,2007-05-11 12:30:00,38.5000
07326500,35.084167,-98.243056,2007-06-16 02:00:00,2007-06-18 19:00:00,261.3645,2007-06-18 00:00:00,46.0000
07326500,35.084167,-98.243056,2007-06-22 12:00:00,2007-06-26 04:30:00,197.0853,2007-06-25 19:00:00,79.0000
07326500,35.084167,-98.243056,2007-06-30 05:00:00,2007-07-02 04:30:00,501.2082,2007-06-30 08:00:00,3.0000
07326500,35.084167,-98.243056,2007-08-19 11:00:00,2007-08-23 15:30:00,767.3865,2007-08-20 13:30:00,26.5000
07326500,35.084167,-98.243056,2008-03-20 01:00:00,2008-03-21 10:00:00,223.1368,2008-03-21 00:30:00,23.5000
07326500,35.084167,-98.243056,2008-04-11 05:30:00,2008-04-13 02:00:00,215.7744,2008-04-12 14:00:00,32.5000
07326500,35.084167,-98.243056,2015-05-09 19:30:00,2015-05-12 05:00:00,246.9229,2015-05-10 12:30:00,17.0000
07326500,35.084167,-98.243056,2015-05-20 19:00:00,2015-05-21 04:30:00,202.7486,2015-05-21 04:30:00,9.5000
07326500,35.084167,-98.243056,2015-05-23 05:00:00,2015-05-31 23:00:00,399.2675,2015-05-26 20:30:00,87.5000
07326500,35.084167,-98.243056,2015-06-17 11:30:00,2015-06-19 00:30:00,228.8001,2015-06-18 10:00:00,22.5000
07057500,36.622780,-92.248056,2002-05-08 17:45:00,2002-05-09 01:15:00,1577.2484,2002-05-08 21:00:00,3.2500
07057500,36.622780,-92.248056,2008-03-19 07:00:00,2008-03-19 22:15:00,1716.0009,2008-03-19 14:15:00,7.2500
07057500,36.622780,-92.248056,2011-04-24 09:00:00,2011-04-24 11:45:00,937.2876,2011-04-24 10:00:00,1.0000
07057500,36.622780,-92.248056,2011-04-25 23:00:00,2011-04-26 17:30:00,2293.6646,2011-04-26 10:00:00,11.0000
07057500,36.622780,-92.248056,2013-08-09 02:45:00,2013-08-09 05:00:00,863.6638,2013-08-09 03:30:00,0.7500
07057500,36.622780,-92.248056,2015-12-28 15:15:00,2015-12-29 05:15:00,2296.4963,2015-12-28 23:30:00,8.2500
07165570,35.822778,-95.637778,1993-05-12 20:00:00,1993-05-18 07:00:00,4247.5270,1993-05-14 23:00:00,51.0000
07165570,35.822778,-95.637778,1995-06-11 10:00:00,1995-06-13 06:00:00,4020.9922,1995-06-11 15:00:00,5.0000
07197000,35.921111,-94.838333,1996-09-26 22:00:00,1996-09-27 06:00:00,874.9906,1996-09-27 00:00:00,2.0000
07197000,35.921111,-94.838333,1997-02-21 11:00:00,1997-02-21 16:00:00,894.8124,1997-02-21 12:00:00,1.0000
07197000,35.921111,-94.838333,1998-01-05 02:00:00,1998-01-05 07:00:00,894.8124,1998-01-05 04:00:00,2.0000
07197000,35.921111,-94.838333,2000-06-21 16:30:00,2000-06-22 04:00:00,1548.9315,2000-06-21 20:00:00,3.5000
07197000,35.921111,-94.838333,2004-04-23 17:00:00,2004-04-24 22:00:00,1254.4363,2004-04-24 17:00:00,24.0000
07197000,35.921111,-94.838333,2008-03-19 01:30:00,2008-03-19 14:00:00,971.2678,2008-03-19 08:00:00,6.5000
07197000,35.921111,-94.838333,2008-04-10 17:00:00,2008-04-10 23:00:00,1121.3471,2008-04-10 19:00:00,2.0000
07197000,35.921111,-94.838333,2009-10-09 13:00:00,2009-10-09 23:00:00,911.8025,2009-10-09 15:00:00,2.0000
07197000,35.921111,-94.838333,2011-04-25 03:00:00,2011-04-26 10:30:00,1795.2881,2011-04-26 03:30:00,24.5000
07197000,35.921111,-94.838333,2011-05-24 08:00:00,2011-05-24 14:30:00,730.5746,2011-05-24 12:00:00,4.0000
07197000,35.921111,-94.838333,2015-07-08 04:30:00,2015-07-08 06:00:00,639.9607,2015-07-08 05:00:00,0.5000
07197000,35.921111,-94.838333,2015-12-27 12:30:00,2015-12-28 15:30:00,1367.7037,2015-12-28 03:30:00,15.0000
07243500,35.673889,-96.068333,1991-12-23 20:00:00,1991-12-28 16:00:00,353.9606,1991-12-25 21:00:00,49.0000
07243500,35.673889,-96.068333,1992-06-08 00:00:00,1992-06-09 17:00:00,240.9764,1992-06-08 17:00:00,17.0000
07243500,35.673889,-96.068333,1992-06-22 09:00:00,1992-06-27 17:00:00,267.0279,1992-06-25 06:00:00,69.0000
07243500,35.673889,-96.068333,1992-08-06 00:00:00,1992-08-09 11:00:00,319.9804,1992-08-07 08:00:00,32.0000
07243500,35.673889,-96.068333,1992-11-26 06:00:00,1992-11-29 03:00:00,239.8437,1992-11-27 18:00:00,36.0000
07243500,35.673889,-96.068333,1992-12-14 13:00:00,1992-12-21 18:00:00,450.2379,1992-12-15 21:00:00,32.0000
07243500,35.673889,-96.068333,1993-04-06 06:00:00,1993-04-06 23:00:00,220.0219,1993-04-06 16:00:00,10.0000
07243500,35.673889,-96.068333,1993-04-30 21:00:00,1993-05-07 09:00:00,291.6635,1993-05-04 16:00:00,91.0000
07243500,35.673889,-96.068333,1993-05-09 15:00:00,1993-05-19 19:00:00,869.3272,1993-05-14 17:00:00,122.0000
07243500,35.673889,-96.068333,1994-03-14 00:00:00,1994-03-15 03:00:00,219.7387,1994-03-14 12:00:00,12.0000
07243500,35.673889,-96.068333,1995-03-18 17:00:00,1995-03-19 18:00:00,223.7031,1995-03-18 23:00:00,6.0000
07243500,35.673889,-96.068333,1995-05-08 15:00:00,1995-05-16 21:00:00,617.3073,1995-05-12 15:00:00,96.0000
07243500,35.673889,-96.068333,1995-05-28 07:00:00,1995-06-04 00:00:00,444.5745,1995-05-31 06:00:00,71.0000
07243500,35.673889,-96.068333,1995-06-06 19:00:00,1995-06-18 18:00:00,487.0498,1995-06-15 01:00:00,198.0000
07243500,35.673889,-96.068333,1998-01-09 05:00:00,1998-01-13 05:00:00,294.4952,1998-01-10 09:00:00,28.0000
07243500,35.673889,-96.068333,1998-03-18 06:00:00,1998-03-25 20:00:00,535.1884,1998-03-21 08:00:00,74.0000
07243500,35.673889,-96.068333,1998-04-29 10:00:00,1998-05-04 08:00:00,308.6536,1998-05-01 18:00:00,56.0000
07243500,35.673889,-96.068333,1998-10-06 09:00:00,1998-10-12 00:00:00,277.2219,1998-10-10 05:00:00,92.0000
07243500,35.673889,-96.068333,1999-04-26 21:30:00,1999-05-04 02:00:00,555.0102,1999-04-30 00:00:00,74.5000
07243500,35.673889,-96.068333,1999-05-06 05:30:00,1999-05-06 22:30:00,222.0041,1999-05-06 12:30:00,7.0000
07243500,35.673889,-96.068333,1999-07-01 21:00:00,1999-07-02 15:00:00,218.8892,1999-07-02 03:30:00,6.5000
07243500,35.673889,-96.068333,2001-02-26 09:30:00,2001-03-02 04:00:00,239.2774,2001-03-01 01:00:00,63.5000
07243500,35.673889,-96.068333,2001-05-31 06:00:00,2001-06-06 06:30:00,288.8318,2001-06-03 23:00:00,89.0000
07243500,35.673889,-96.068333,2004-03-05 20:00:00,2004-03-07 00:00:00,224.5526,2004-03-06 07:30:00,11.5000
07243500,35.673889,-96.068333,2004-03-09 11:00:00,2004-03-10 17:00:00,229.0833,2004-03-10 01:30:00,14.5000
07243500,35.673889,-96.068333,2007-05-09 16:00:00,2007-05-16 07:30:00,356.7923,2007-05-12 20:30:00,76.5000
07243500,35.673889,-96.068333,2007-07-12 06:30:00,2007-07-20 19:00:00,424.7527,2007-07-15 03:00:00,68.5000
07243500,35.673889,-96.068333,2008-04-12 05:00:00,2008-04-18 15:30:00,478.5547,2008-04-15 00:30:00,67.5000
07243500,35.673889,-96.068333,2010-06-18 23:30:00,2010-06-24 00:00:00,441.7428,2010-06-20 18:30:00,43.0000
07243500,35.673889,-96.068333,2011-04-25 07:15:00,2011-04-29 21:30:00,339.8022,2011-04-26 16:15:00,33.0000
07243500,35.673889,-96.068333,2013-06-06 15:45:00,2013-06-11 01:45:00,294.4952,2013-06-07 18:00:00,26.2500
07243500,35.673889,-96.068333,2015-05-10 04:15:00,2015-05-16 16:00:00,353.9606,2015-05-11 22:15:00,42.0000
07243500,35.673889,-96.068333,2015-05-24 05:30:00,2015-06-02 17:00:00,588.9904,2015-05-26 00:00:00,42.5000
07243500,35.673889,-96.068333,2015-06-18 05:45:00,2015-06-26 07:30:00,651.2875,2015-06-20 06:00:00,48.2500
07243500,35.673889,-96.068333,2015-07-22 10:45:00,2015-07-23 23:15:00,238.7110,2015-07-22 20:00:00,9.2500
07243500,35.673889,-96.068333,2015-12-27 12:45:00,2016-01-04 14:30:00,617.3073,2015-12-29 10:00:00,45.2500
07243500,35.673889,-96.068333,2016-04-22 06:45:00,2016-04-25 23:30:00,275.5229,2016-04-24 05:15:00,46.5000
07243500,35.673889,-96.068333,2016-05-25 13:30:00,2016-05-27 04:15:00,317.1487,2016-05-27 04:15:00,38.7500
07243500,35.673889,-96.068333,2016-05-28 05:00:00,2016-05-31 16:45:00,334.1388,2016-05-29 00:00:00,19.0000
07315700,34.004167,-97.566667,1991-01-11 05:00:00,1991-01-12 19:00:00,40.2099,1991-01-11 17:00:00,12.0000
07315700,34.004167,-97.566667,1991-03-22 13:00:00,1991-03-24 00:00:00,95.1446,1991-03-23 01:00:00,12.0000
07315700,34.004167,-97.566667,1991-04-03 17:00:00,1991-04-05 06:00:00,56.6337,1991-04-04 06:00:00,13.0000
07315700,34.004167,-97.566667,1991-04-18 07:00:00,1991-04-18 11:00:00,32.8475,1991-04-18 08:00:00,1.0000
07315700,34.004167,-97.566667,1991-05-05 03:00:00,1991-05-06 23:00:00,51.8198,1991-05-06 09:00:00,30.0000
07315700,34.004167,-97.566667,1991-06-09 02:00:00,1991-06-11 17:00:00,57.7664,1991-06-09 21:00:00,19.0000
07315700,34.004167,-97.566667,1991-07-28 19:00:00,1991-07-31 20:00:00,118.0813,1991-07-30 06:00:00,35.0000
07315700,34.004167,-97.566667,1991-09-17 19:00:00,1991-09-18 08:00:00,36.2456,1991-09-18 02:00:00,7.0000
07315700,34.004167,-97.566667,1991-09-21 10:00:00,1991-09-22 14:00:00,41.0594,1991-09-22 05:00:00,19.0000
07315700,34.004167,-97.566667,1991-11-16 21:00:00,1991-11-20 09:00:00,71.6416,1991-11-18 06:00:00,33.0000
07315700,34.004167,-97.566667,1991-12-13 00:00:00,1991-12-16 13:00:00,75.8891,1991-12-15 19:00:00,67.0000
07315700,34.004167,-97.566667,1991-12-20 02:00:00,1991-12-26 13:00:00,628.6340,1991-12-21 17:00:00,39.0000
07315700,34.004167,-97.566667,1992-01-14 12:00:00,1992-01-16 10:00:00,54.9347,1992-01-15 05:00:00,17.0000
07315700,34.004167,-97.566667,1992-01-22 14:00:00,1992-01-24 17:00:00,57.4832,1992-01-23 11:00:00,21.0000
07315700,34.004167,-97.566667,1992-01-28 17:00:00,1992-01-30 16:00:00,43.6079,1992-01-30 01:00:00,32.0000
07315700,34.004167,-97.566667,1992-02-26 06:00:00,1992-02-26 21:00:00,36.2456,1992-02-26 13:00:00,7.0000
07315700,34.004167,-97.566667,1992-03-05 04:00:00,1992-03-05 15:00:00,37.6614,1992-03-05 09:00:00,5.0000
07315700,34.004167,-97.566667,1992-03-09 20:00:00,1992-03-12 19:00:00,53.5188,1992-03-12 09:00:00,61.0000
07315700,34.004167,-97.566667,1992-03-18 12:00:00,1992-03-20 09:00:00,99.1090,1992-03-19 05:00:00,17.0000
07315700,34.004167,-97.566667,1992-04-13 04:00:00,1992-04-15 21:00:00,83.5347,1992-04-13 21:00:00,17.0000
07315700,34.004167,-97.566667,1992-06-29 18:00:00,1992-07-02 07:00:00,90.6139,1992-06-30 21:00:00,27.0000
07315700,34.004167,-97.566667,1992-12-14 10:00:00,1992-12-18 11:00:00,118.6476,1992-12-15 13:00:00,27.0000
07315700,34.004167,-97.566667,1993-02-15 17:00:00,1993-02-19 22:00:00,186.0417,1993-02-17 15:00:00,46.0000
07315700,34.004167,-97.566667,1993-02-26 04:00:00,1993-02-28 19:00:00,51.5367,1993-02-28 06:00:00,50.0000
07315700,34.004167,-97.566667,1993-03-01 21:00:00,1993-03-05 20:00:00,139.3189,1993-03-02 21:00:00,24.0000
07315700,34.004167,-97.566667,1993-03-31 14:00:00,1993-04-03 16:00:00,438.9111,1993-04-01 00:00:00,10.0000
07315700,34.004167,-97.566667,1993-04-04 23:00:00,1993-04-08 07:00:00,55.2179,1993-04-07 16:00:00,65.0000
07315700,34.004167,-97.566667,1993-05-03 11:00:00,1993-05-06 07:00:00,59.7485,1993-05-05 17:00:00,54.0000
07315700,34.004167,-97.566667,1993-05-07 16:00:00,1993-05-14 15:00:00,1350.7136,1993-05-10 00:00:00,56.0000
07315700,34.004167,-97.566667,1993-05-24 14:00:00,1993-05-27 08:00:00,69.6594,1993-05-26 16:00:00,50.0000
07315700,34.004167,-97.566667,1993-09-15 00:00:00,1993-09-16 21:00:00,59.1822,1993-09-15 21:00:00,21.0000
07315700,34.004167,-97.566667,1993-09-21 04:00:00,1993-09-21 23:00:00,43.8911,1993-09-21 13:00:00,9.0000
07315700,34.004167,-97.566667,1993-12-04 06:00:00,1993-12-06 22:00:00,93.7288,1993-12-05 02:00:00,20.0000
07315700,34.004167,-97.566667,1994-05-03 20:00:00,1994-05-06 16:00:00,44.4574,1994-05-06 06:00:00,58.0000
07315700,34.004167,-97.566667,1994-05-29 04:00:00,1994-06-01 08:00:00,46.4396,1994-05-31 21:00:00,65.0000
07315700,34.004167,-97.566667,1994-11-06 23:00:00,1994-11-09 07:00:00,92.5961,1994-11-08 07:00:00,32.0000
07315700,34.004167,-97.566667,1994-11-14 20:00:00,1994-11-15 19:00:00,50.6872,1994-11-15 10:00:00,14.0000
07315700,34.004167,-97.566667,1994-11-20 21:00:00,1994-11-23 07:00:00,94.8614,1994-11-21 23:00:00,26.0000
07315700,34.004167,-97.566667,1994-12-09 17:00:00,1994-12-11 00:00:00,60.3149,1994-12-10 10:00:00,17.0000
07315700,34.004167,-97.566667,1995-01-27 13:00:00,1995-01-28 23:00:00,39.9268,1995-01-27 21:00:00,8.0000
07315700,34.004167,-97.566667,1995-03-14 13:00:00,1995-03-18 04:00:00,99.6753,1995-03-16 21:00:00,56.0000
07315700,34.004167,-97.566667,1995-04-18 14:00:00,1995-04-22 10:00:00,73.3406,1995-04-21 10:00:00,68.0000
07315700,34.004167,-97.566667,1995-05-07 03:00:00,1995-05-12 17:00:00,311.4853,1995-05-09 00:00:00,45.0000
07315700,34.004167,-97.566667,1995-05-28 00:00:00,1995-05-31 09:00:00,59.7485,1995-05-30 16:00:00,64.0000
07315700,34.004167,-97.566667,1995-06-11 04:00:00,1995-06-14 04:00:00,450.2379,1995-06-12 15:00:00,35.0000
07315700,34.004167,-97.566667,1996-11-25 12:00:00,1996-11-28 21:00:00,88.6317,1996-11-28 00:00:00,60.0000
07315700,34.004167,-97.566667,1996-11-30 10:00:00,1996-12-03 12:00:00,51.2535,1996-12-02 22:00:00,60.0000
07315700,34.004167,-97.566667,1997-02-20 19:00:00,1997-02-25 06:00:00,382.2774,1997-02-22 08:00:00,37.0000
07315700,34.004167,-97.566667,1997-02-27 09:00:00,1997-03-01 01:00:00,41.3426,1997-02-27 21:00:00,12.0000
07315700,34.004167,-97.566667,1997-04-12 01:00:00,1997-04-15 03:00:00,83.5347,1997-04-12 22:00:00,21.0000
07315700,34.004167,-97.566667,1997-04-26 15:00:00,1997-04-30 04:00:00,51.5367,1997-04-28 23:00:00,56.0000
07315700,34.004167,-97.566667,1997-05-31 04:00:00,1997-06-04 00:00:00,133.3723,1997-06-02 10:00:00,54.0000
07315700,34.004167,-97.566667,1997-06-10 06:00:00,1997-06-13 05:00:00,122.0456,1997-06-11 07:00:00,25.0000
07315700,34.004167,-97.566667,1997-06-20 02:00:00,1997-06-21 13:00:00,47.8555,1997-06-21 02:00:00,24.0000
07315700,34.004167,-97.566667,1997-12-24 10:00:00,1997-12-27 08:45:00,48.9881,1997-12-25 10:15:00,24.2500
07315700,34.004167,-97.566667,1998-01-06 05:15:00,1998-01-11 23:15:00,113.5506,1998-01-09 12:15:00,79.0000
07315700,34.004167,-97.566667,1998-03-16 08:30:00,1998-03-21 12:30:00,713.5845,1998-03-17 14:45:00,30.2500
07315700,34.004167,-97.566667,1998-04-27 23:30:00,1998-05-01 06:00:00,134.5050,1998-04-29 09:30:00,34.0000
07315700,34.004167,-97.566667,1998-06-19 21:45:00,1998-06-22 08:15:00,47.0060,1998-06-20 13:15:00,15.5000
07315700,34.004167,-97.566667,1999-03-13 10:00:00,1999-03-15 02:15:00,63.4297,1999-03-14 03:00:00,17.0000
07315700,34.004167,-97.566667,1999-04-27 08:00:00,1999-04-28 20:00:00,61.7307,1999-04-28 04:30:00,20.5000
07315700,34.004167,-97.566667,1999-06-28 04:30:00,1999-06-28 13:15:00,32.5644,1999-06-28 09:00:00,4.5000
07315700,34.004167,-97.566667,2000-10-27 07:45:00,2000-10-31 21:45:00,353.9606,2000-10-28 06:00:00,22.2500
07315700,34.004167,-97.566667,2000-11-06 06:15:00,2000-11-11 14:00:00,48.4218,2000-11-07 00:15:00,18.0000
07315700,34.004167,-97.566667,2000-11-24 20:45:00,2000-11-28 07:00:00,147.5308,2000-11-26 10:45:00,38.0000
07315700,34.004167,-97.566667,2000-12-27 01:00:00,2000-12-29 09:15:00,86.9327,2000-12-27 22:30:00,21.5000
07315700,34.004167,-97.566667,2001-01-29 11:15:00,2001-02-01 21:30:00,105.3387,2001-01-30 08:45:00,21.5000
07315700,34.004167,-97.566667,2001-02-16 05:45:00,2001-02-20 07:30:00,311.4853,2001-02-17 06:00:00,24.2500
07315700,34.004167,-97.566667,2001-02-25 08:00:00,2001-02-26 19:00:00,37.0951,2001-02-25 19:30:00,11.5000
07315700,34.004167,-97.566667,2001-03-01 12:15:00,2001-03-02 18:00:00,36.8119,2001-03-01 20:45:00,8.5000
07315700,34.004167,-97.566667,2002-04-08 03:30:00,2002-04-11 14:45:00,131.3902,2002-04-09 02:45:00,23.2500
07315700,34.004167,-97.566667,2002-04-13 11:45:00,2002-04-17 13:45:00,131.6733,2002-04-14 04:00:00,16.2500
07315700,34.004167,-97.566667,2003-05-25 13:45:00,2003-05-28 14:00:00,73.0575,2003-05-27 14:30:00,48.7500
07315700,34.004167,-97.566667,2004-05-01 09:00:00,2004-05-01 20:00:00,42.7584,2004-05-01 14:00:00,5.0000
07315700,34.004167,-97.566667,2004-06-09 23:00:00,2004-06-13 15:00:00,52.6693,2004-06-10 22:00:00,23.0000
07315700,34.004167,-97.566667,2004-07-02 10:00:00,2004-07-05 11:00:00,65.1287,2004-07-04 13:00:00,51.0000
07315700,34.004167,-97.566667,2004-07-30 09:00:00,2004-07-30 13:00:00,32.5644,2004-07-30 10:00:00,1.0000
07315700,34.004167,-97.566667,2004-11-01 06:00:00,2004-11-03 05:00:00,64.8456,2004-11-02 12:00:00,30.0000
07315700,34.004167,-97.566667,2004-11-04 06:00:00,2004-11-07 02:00:00,84.3842,2004-11-04 14:00:00,8.0000
07315700,34.004167,-97.566667,2004-11-17 05:00:00,2004-11-21 23:00:00,132.8060,2004-11-19 02:00:00,45.0000
07315700,34.004167,-97.566667,2004-11-25 03:00:00,2004-11-27 17:00:00,64.5624,2004-11-27 03:00:00,48.0000
07315700,34.004167,-97.566667,2005-01-03 16:00:00,2005-01-09 09:00:00,184.6258,2005-01-05 15:00:00,47.0000
07315700,34.004167,-97.566667,2005-02-07 11:00:00,2005-02-09 08:00:00,40.4931,2005-02-08 15:00:00,28.0000
07315700,34.004167,-97.566667,2005-08-15 08:00:00,2005-08-20 09:00:00,274.1071,2005-08-17 18:00:00,58.0000
07315700,34.004167,-97.566667,2006-03-20 07:00:00,2006-03-22 03:00:00,47.0060,2006-03-21 03:00:00,20.0000
07315700,34.004167,-97.566667,2007-01-21 14:00:00,2007-01-23 20:00:00,50.1208,2007-01-22 03:00:00,13.0000
07315700,34.004167,-97.566667,2007-03-30 13:00:00,2007-04-03 23:00:00,225.6853,2007-03-31 16:00:00,27.0000
07315700,34.004167,-97.566667,2007-05-27 19:00:00,2007-06-03 17:00:00,979.7629,2007-05-28 20:00:00,25.0000
07315700,34.004167,-97.566667,2007-06-20 21:00:00,2007-07-02 23:00:00,311.4853,2007-06-28 11:00:00,182.0000
07315700,34.004167,-97.566667,2008-03-19 03:00:00,2008-03-20 17:00:00,54.0852,2008-03-19 19:00:00,16.0000
07315700,34.004167,-97.566667,2008-04-11 18:00:00,2008-04-13 22:00:00,43.8911,2008-04-13 14:00:00,44.0000
07315700,34.004167,-97.566667,2008-05-28 10:00:00,2008-05-29 05:00:00,45.8733,2008-05-28 20:00:00,10.0000
07315700,34.004167,-97.566667,2008-08-20 10:00:00,2008-08-23 01:00:00,113.5506,2008-08-22 01:00:00,39.0000
07315700,34.004167,-97.566667,2009-04-29 20:00:00,2009-05-04 02:00:00,334.1388,2009-05-01 14:00:00,42.0000
07315700,34.004167,-97.566667,2009-05-07 05:00:00,2009-05-09 05:00:00,45.5901,2009-05-07 15:00:00,10.0000
07315700,34.004167,-97.566667,2009-05-12 04:00:00,2009-05-19 10:00:00,138.4694,2009-05-14 00:00:00,44.0000
07315700,34.004167,-97.566667,2009-10-30 07:00:00,2009-10-30 16:00:00,37.0951,2009-10-30 12:00:00,5.0000
07315700,34.004167,-97.566667,2010-01-29 16:00:00,2010-02-01 09:00:00,49.8377,2010-01-31 19:00:00,51.0000
07315700,34.004167,-97.566667,2010-04-19 02:00:00,2010-04-22 04:00:00,86.9327,2010-04-21 08:00:00,54.0000
07315700,34.004167,-97.566667,2010-05-14 23:00:00,2010-05-17 19:00:00,77.5882,2010-05-16 04:00:00,29.0000
07315700,34.004167,-97.566667,2011-11-07 13:00:00,2011-11-09 18:00:00,413.4260,2011-11-07 20:00:00,7.0000
07315700,34.004167,-97.566667,2012-01-26 03:00:00,2012-01-27 07:00:00,38.5109,2012-01-26 08:00:00,5.0000
07315700,34.004167,-97.566667,2012-03-11 20:00:00,2012-03-14 02:00:00,62.5802,2012-03-13 17:00:00,45.0000
07315700,34.004167,-97.566667,2012-03-20 14:00:00,2012-03-22 20:00:00,84.3842,2012-03-21 14:00:00,24.0000
07315700,34.004167,-97.566667,2012-04-04 03:00:00,2012-04-06 22:00:00,82.1189,2012-04-04 23:00:00,20.0000
07315700,34.004167,-97.566667,2014-11-23 06:30:00,2014-11-25 00:00:00,54.6515,2014-11-23 20:30:00,14.0000
07315700,34.004167,-97.566667,2015-06-15 18:30:00,2015-06-23 02:30:00,1820.7732,2015-06-18 15:00:00,68.5000
07315700,34.004167,-97.566667,2015-07-08 15:30:00,2015-07-12 04:00:00,83.2515,2015-07-09 22:00:00,30.5000
07315700,34.004167,-97.566667,2015-10-31 11:00:00,2015-11-01 01:00:00,40.7763,2015-10-31 17:00:00,6.0000
07315700,34.004167,-97.566667,2015-11-28 06:00:00,2015-11-29 05:30:00,167.6357,2015-11-28 20:30:00,14.5000
07315700,34.004167,-97.566667,2016-04-12 03:30:00,2016-04-15 11:30:00,59.4654,2016-04-12 17:00:00,13.5000
07315700,34.004167,-97.566667,2016-04-17 21:30:00,2016-04-24 13:30:00,427.5844,2016-04-18 16:00:00,18.5000
07315700,34.004167,-97.566667,2016-05-24 01:30:00,2016-05-26 20:30:00,52.9525,2016-05-25 09:30:00,32.0000
07315700,34.004167,-97.566667,2016-05-31 03:00:00,2016-05-31 11:00:00,3058.2194,2016-05-31 04:30:00,1.5000
07183500,37.340000,-95.109722,1992-04-21 05:00:00,1992-04-21 19:00:00,495.5448,1992-04-21 11:00:00,6.0000
07183500,37.340000,-95.109722,1992-07-06 04:00:00,1992-07-08 17:00:00,676.7726,1992-07-08 02:00:00,46.0000
07183500,37.340000,-95.109722,1992-07-11 12:00:00,1992-07-13 19:00:00,764.5549,1992-07-12 23:00:00,35.0000
07183500,37.340000,-95.109722,1992-07-16 17:00:00,1992-07-18 13:00:00,668.2776,1992-07-17 15:00:00,22.0000
07183500,37.340000,-95.109722,1992-07-23 22:00:00,1992-07-28 18:45:00,1050.5550,1992-07-26 00:00:00,50.0000
07183500,37.340000,-95.109722,1992-07-30 18:00:00,1992-08-02 00:00:00,608.8122,1992-07-31 13:00:00,19.0000
07183500,37.340000,-95.109722,1992-11-20 11:00:00,1992-11-25 01:00:00,761.7232,1992-11-22 18:00:00,55.0000
07183500,37.340000,-95.109722,1992-11-26 15:00:00,1992-11-26 23:00:00,478.5547,1992-11-26 16:00:00,1.0000
07183500,37.340000,-95.109722,1992-12-10 03:00:00,1992-12-11 22:00:00,580.4954,1992-12-10 19:00:00,16.0000
07183500,37.340000,-95.109722,1992-12-14 00:00:00,1992-12-18 13:00:00,1008.0797,1992-12-16 07:00:00,55.0000
07183500,37.340000,-95.109722,1993-04-14 05:00:00,1993-04-14 10:00:00,481.3864,1993-04-14 08:00:00,3.0000
07183500,37.340000,-95.109722,1993-05-09 08:00:00,1993-05-14 13:00:00,954.2777,1993-05-11 10:00:00,50.0000
07183500,37.340000,-95.109722,1993-05-18 06:00:00,1993-05-24 12:00:00,656.9508,1993-05-19 03:00:00,21.0000
07183500,37.340000,-95.109722,1993-05-30 21:00:00,1993-06-02 00:00:00,705.0895,1993-06-01 07:00:00,34.0000
07183500,37.340000,-95.109722,1993-06-29 14:00:00,1993-06-30 08:00:00,535.1884,1993-06-29 19:00:00,5.0000
07183500,37.340000,-95.109722,1993-07-07 11:00:00,1993-07-09 05:00:00,597.4855,1993-07-08 11:00:00,24.0000
07183500,37.340000,-95.109722,1993-07-20 20:00:00,1993-07-22 04:00:00,529.5250,1993-07-21 15:00:00,19.0000
07183500,37.340000,-95.109722,1993-09-24 17:00:00,1993-09-29 19:00:00,1648.0405,1993-09-26 08:00:00,39.0000
07183500,37.340000,-95.109722,1994-04-10 16:00:00,1994-04-15 07:30:00,1580.0800,1994-04-11 15:00:00,23.0000
07183500,37.340000,-95.109722,1994-04-28 16:00:00,1994-05-04 14:00:00,1319.5651,1994-05-01 14:00:00,70.0000
07183500,37.340000,-95.109722,1994-05-07 10:30:00,1994-05-08 13:15:00,600.3171,1994-05-08 03:15:00,16.7500
07183500,37.340000,-95.109722,1994-11-20 20:00:00,1994-11-23 11:30:00,778.7133,1994-11-22 09:00:00,37.0000
07183500,37.340000,-95.109722,1995-05-08 14:00:00,1995-05-11 03:00:00,784.3767,1995-05-10 03:00:00,37.0000
07183500,37.340000,-95.109722,1995-05-18 04:45:00,1995-05-21 14:00:00,835.3470,1995-05-19 20:30:00,39.7500
07183500,37.340000,-95.109722,1995-05-27 06:00:00,1995-05-29 20:00:00,702.2578,1995-05-28 16:00:00,34.0000
07183500,37.340000,-95.109722,1995-06-25 17:15:00,1995-06-28 01:00:00,523.8617,1995-06-26 20:00:00,26.7500
07183500,37.340000,-95.109722,1995-06-29 17:15:00,1995-07-01 00:00:00,557.8419,1995-06-30 11:00:00,17.7500
07183500,37.340000,-95.109722,1996-11-17 22:00:00,1996-11-18 19:00:00,535.1884,1996-11-18 07:00:00,9.0000
07183500,37.340000,-95.109722,1997-02-21 14:45:00,1997-02-24 17:15:00,826.8519,1997-02-23 09:00:00,42.2500
07183500,37.340000,-95.109722,1997-04-12 05:00:00,1997-04-14 03:15:00,622.9706,1997-04-13 05:00:00,24.0000
07183500,37.340000,-95.109722,1997-07-10 00:00:00,1997-07-10 06:00:00,487.0498,1997-07-10 04:00:00,4.0000
07183500,37.340000,-95.109722,1998-01-05 14:00:00,1998-01-06 07:00:00,504.0399,1998-01-05 20:30:00,6.5000
07183500,37.340000,-95.109722,1998-03-18 07:00:00,1998-03-21 17:00:00,572.0003,1998-03-18 22:15:00,15.2500
07183500,37.340000,-95.109722,1998-07-01 21:00:00,1998-07-03 02:00:00,563.5052,1998-07-02 18:00:00,21.0000
07183500,37.340000,-95.109722,1998-09-14 11:00:00,1998-09-16 10:00:00,832.5153,1998-09-15 15:15:00,28.2500
07183500,37.340000,-95.109722,1998-09-26 01:00:00,1998-09-26 07:00:00,478.5547,1998-09-26 02:15:00,1.2500
07183500,37.340000,-95.109722,1998-10-01 20:00:00,1998-10-08 23:00:00,971.2678,1998-10-06 01:00:00,101.0000
07183500,37.340000,-95.109722,1998-10-18 23:30:00,1998-10-20 07:00:00,506.8716,1998-10-19 18:00:00,18.5000
07183500,37.340000,-95.109722,1998-11-02 10:00:00,1998-11-15 02:00:00,1030.7332,1998-11-06 21:00:00,107.0000
07183500,37.340000,-95.109722,1998-12-02 16:00:00,1998-12-04 00:00:00,506.8716,1998-12-03 04:15:00,12.2500
07183500,37.340000,-95.109722,1998-12-07 17:00:00,1998-12-09 10:00:00,526.6933,1998-12-08 17:00:00,24.0000
07183500,37.340000,-95.109722,1999-04-15 03:00:00,1999-04-17 22:00:00,750.3964,1999-04-16 10:45:00,31.7500
07183500,37.340000,-95.109722,1999-04-25 20:00:00,1999-04-29 12:30:00,634.2974,1999-04-28 02:00:00,54.0000
07183500,37.340000,-95.109722,1999-05-04 18:45:00,1999-05-08 00:00:00,736.2380,1999-05-06 11:30:00,40.7500
07183500,37.340000,-95.109722,1999-05-18 19:00:00,1999-05-19 18:00:00,515.3666,1999-05-19 09:30:00,14.5000
07183500,37.340000,-95.109722,1999-06-02 07:30:00,1999-06-02 17:00:00,489.8814,1999-06-02 11:45:00,4.2500
07183500,37.340000,-95.109722,1999-06-29 12:00:00,1999-06-30 03:45:00,546.5151,1999-06-29 19:00:00,7.0000
07183500,37.340000,-95.109722,2000-06-27 07:15:00,2000-06-27 18:15:00,492.7131,2000-06-27 12:15:00,5.0000
07183500,37.340000,-95.109722,2001-02-25 03:00:00,2001-02-27 04:00:00,719.2479,2001-02-26 05:00:00,26.0000
07183500,37.340000,-95.109722,2001-03-16 14:00:00,2001-03-17 22:00:00,580.4954,2001-03-17 00:45:00,10.7500
07183500,37.340000,-95.109722,2001-06-04 09:00:00,2001-06-05 10:00:00,668.2776,2001-06-04 19:00:00,10.0000
07183500,37.340000,-95.109722,2001-06-22 01:30:00,2001-06-23 07:00:00,563.5052,2001-06-22 14:00:00,12.5000
07183500,37.340000,-95.109722,2002-05-08 10:00:00,2002-05-10 16:15:00,894.8124,2002-05-09 11:00:00,25.0000
07183500,37.340000,-95.109722,2002-05-24 16:00:00,2002-05-28 03:00:00,654.1192,2002-05-26 05:45:00,37.7500
07183500,37.340000,-95.109722,2002-06-13 10:30:00,2002-06-15 03:00:00,651.2875,2002-06-14 10:45:00,24.2500
07183500,37.340000,-95.109722,2003-06-07 03:00:00,2003-06-07 12:00:00,498.3765,2003-06-07 06:45:00,3.7500
07183500,37.340000,-95.109722,2004-03-05 03:00:00,2004-03-09 05:15:00,866.4955,2004-03-08 08:00:00,77.0000
07183500,37.340000,-95.109722,2004-04-24 10:00:00,2004-04-26 05:45:00,659.7825,2004-04-25 08:15:00,22.2500
07183500,37.340000,-95.109722,2004-06-13 14:15:00,2004-06-14 15:15:00,535.1884,2004-06-14 00:00:00,9.7500
07183500,37.340000,-95.109722,2004-07-03 10:45:00,2004-07-04 06:15:00,538.0201,2004-07-03 21:00:00,10.2500
07183500,37.340000,-95.109722,2004-07-06 06:30:00,2004-07-06 18:00:00,492.7131,2004-07-06 12:00:00,5.5000
07183500,37.340000,-95.109722,2005-01-05 11:00:00,2005-01-07 23:30:00,855.1688,2005-01-07 00:45:00,37.7500
07183500,37.340000,-95.109722,2005-05-20 20:00:00,2005-05-22 04:00:00,523.8617,2005-05-21 15:00:00,19.0000
07183500,37.340000,-95.109722,2005-06-05 23:00:00,2005-06-07 16:00:00,588.9904,2005-06-07 01:00:00,26.0000
07183500,37.340000,-95.109722,2005-06-11 18:00:00,2005-06-18 10:00:00,841.0103,2005-06-14 14:00:00,68.0000
07183500,37.340000,-95.109722,2005-07-01 17:00:00,2005-07-03 06:00:00,526.6933,2005-07-02 08:00:00,15.0000
07183500,37.340000,-95.109722,2005-08-26 07:00:00,2005-08-29 16:00:00,784.3767,2005-08-28 20:00:00,61.0000
07183500,37.340000,-95.109722,2007-04-14 21:00:00,2007-04-16 03:00:00,543.6835,2007-04-15 07:00:00,10.0000
07183500,37.340000,-95.109722,2007-05-07 18:00:00,2007-05-11 08:00:00,835.3470,2007-05-10 01:00:00,55.0000
07183500,37.340000,-95.109722,2007-06-02 12:00:00,2007-06-03 15:00:00,617.3073,2007-06-03 02:00:00,14.0000
07183500,37.340000,-95.109722,2007-06-11 10:00:00,2007-06-14 08:00:00,710.7528,2007-06-12 02:00:00,16.0000
07183500,37.340000,-95.109722,2007-06-29 03:00:00,2007-07-07 10:00:00,4700.5965,2007-07-02 11:00:00,80.0000
07183500,37.340000,-95.109722,2008-04-01 01:00:00,2008-04-01 16:00:00,523.8617,2008-04-01 08:00:00,7.0000
07183500,37.340000,-95.109722,2008-04-10 12:00:00,2008-04-12 01:00:00,639.9607,2008-04-11 08:00:00,20.0000
07183500,37.340000,-95.109722,2008-05-07 20:00:00,2008-05-10 04:00:00,739.0697,2008-05-08 21:00:00,25.0000
07183500,37.340000,-95.109722,2008-05-27 15:00:00,2008-05-29 13:00:00,699.4261,2008-05-28 17:00:00,26.0000
07183500,37.340000,-95.109722,2008-06-01 18:00:00,2008-06-02 13:00:00,583.3270,2008-06-02 03:00:00,9.0000
07183500,37.340000,-95.109722,2008-06-09 18:00:00,2008-06-12 11:00:00,784.3767,2008-06-11 07:00:00,37.0000
07183500,37.340000,-95.109722,2008-06-13 17:00:00,2008-06-15 23:00:00,775.8816,2008-06-15 00:00:00,31.0000
07183500,37.340000,-95.109722,2008-06-30 05:00:00,2008-06-30 15:00:00,540.8518,2008-06-30 06:00:00,1.0000
07183500,37.340000,-95.109722,2008-09-13 16:00:00,2008-09-16 17:00:00,790.0400,2008-09-15 14:00:00,46.0000
07183500,37.340000,-95.109722,2009-03-29 16:00:00,2009-03-30 23:00:00,577.6637,2009-03-30 06:00:00,14.0000
07183500,37.340000,-95.109722,2009-04-20 03:00:00,2009-04-22 01:00:00,651.2875,2009-04-21 02:00:00,23.0000
07183500,37.340000,-95.109722,2009-04-27 23:00:00,2009-05-03 18:00:00,1013.7431,2009-05-01 06:00:00,79.0000
07183500,37.340000,-95.109722,2009-05-08 21:00:00,2009-05-12 08:00:00,872.1589,2009-05-10 05:00:00,32.0000
07183500,37.340000,-95.109722,2009-06-10 09:00:00,2009-06-11 20:00:00,625.8023,2009-06-10 21:00:00,12.0000
07183500,37.340000,-95.109722,2009-06-16 22:00:00,2009-06-19 14:00:00,744.7331,2009-06-18 11:00:00,37.0000
07183500,37.340000,-95.109722,2009-08-20 15:00:00,2009-08-21 09:00:00,603.1488,2009-08-21 00:00:00,9.0000
07183500,37.340000,-95.109722,2009-09-09 17:00:00,2009-09-14 09:00:00,897.6440,2009-09-13 06:00:00,85.0000
07183500,37.340000,-95.109722,2009-10-09 00:00:00,2009-10-11 20:00:00,872.1589,2009-10-10 10:00:00,34.0000
07183500,37.340000,-95.109722,2009-10-31 01:00:00,2009-11-01 02:00:00,509.7032,2009-10-31 13:00:00,12.0000
07183500,37.340000,-95.109722,2010-02-22 12:00:00,2010-02-23 08:00:00,518.1983,2010-02-22 21:00:00,9.0000
07183500,37.340000,-95.109722,2010-05-14 13:00:00,2010-05-15 20:00:00,540.8518,2010-05-15 10:00:00,21.0000
07183500,37.340000,-95.109722,2010-06-10 01:00:00,2010-06-11 23:00:00,543.6835,2010-06-10 10:00:00,9.0000
07183500,37.340000,-95.109722,2010-07-06 09:00:00,2010-07-10 12:00:00,852.3371,2010-07-09 06:00:00,69.0000
07183500,37.340000,-95.109722,2010-09-16 22:00:00,2010-09-18 01:00:00,532.3567,2010-09-17 09:00:00,11.0000
07183500,37.340000,-95.109722,2012-03-20 15:00:00,2012-03-23 12:00:00,818.3569,2012-03-22 00:00:00,33.0000
07183500,37.340000,-95.109722,2012-04-30 17:00:00,2012-05-02 15:00:00,665.4459,2012-05-01 13:00:00,20.0000
07183500,37.340000,-95.109722,2013-05-31 00:00:00,2013-06-02 10:00:00,673.9409,2013-06-01 17:00:00,41.0000
07183500,37.340000,-95.109722,2013-07-30 15:00:00,2013-07-31 18:00:00,699.4261,2013-07-31 05:00:00,14.0000
07183500,37.340000,-95.109722,2013-08-04 11:00:00,2013-08-06 23:00:00,688.0994,2013-08-05 16:00:00,29.0000
07183500,37.340000,-95.109722,2013-08-10 21:00:00,2013-08-11 19:00:00,523.8617,2013-08-11 08:00:00,11.0000
07183500,37.340000,-95.109722,2013-11-01 07:00:00,2013-11-02 12:00:00,588.9904,2013-11-01 22:00:00,15.0000
07183500,37.340000,-95.109722,2014-04-04 20:00:00,2014-04-05 07:00:00,506.8716,2014-04-05 01:00:00,5.0000
07183500,37.340000,-95.109722,2014-06-06 07:00:00,2014-06-07 05:00:00,580.4954,2014-06-06 16:00:00,9.0000
07183500,37.340000,-95.109722,2015-05-17 21:00:00,2015-05-19 19:00:00,656.9508,2015-05-18 15:00:00,18.0000
07183500,37.340000,-95.109722,2015-05-24 14:00:00,2015-05-28 17:00:00,818.3569,2015-05-26 20:00:00,54.0000
07183500,37.340000,-95.109722,2015-05-29 23:00:00,2015-06-02 06:00:00,784.3767,2015-05-31 10:00:00,35.0000
07183500,37.340000,-95.109722,2015-11-28 02:00:00,2015-11-28 16:00:00,532.3567,2015-11-28 09:00:00,7.0000
07183500,37.340000,-95.109722,2015-12-14 09:00:00,2015-12-15 17:00:00,614.4756,2015-12-14 22:00:00,13.0000
07183500,37.340000,-95.109722,2016-04-28 03:00:00,2016-04-30 09:00:00,707.9212,2016-04-29 17:00:00,38.0000
07198000,35.573056,-95.068611,2015-12-29 04:00:00,2015-12-30 21:00:00,1025.0698,2015-12-30 07:30:00,27.5000
07242380,35.680833,-97.008056,1997-10-09 06:00:00,1997-10-09 14:00:00,407.7626,1997-10-09 08:00:00,2.0000
07242380,35.680833,-97.008056,1998-03-16 11:00:00,1998-03-17 12:00:00,356.7923,1998-03-17 09:00:00,22.0000
07242380,35.680833,-97.008056,1998-11-01 17:00:00,1998-11-01 19:00:00,277.5051,1998-11-01 18:00:00,1.0000
07242380,35.680833,-97.008056,1999-04-25 15:00:00,1999-04-26 03:00:00,410.5943,1999-04-25 21:00:00,6.0000
07242380,35.680833,-97.008056,1999-06-24 20:30:00,1999-06-25 02:30:00,390.7725,1999-06-24 22:30:00,2.0000
07242380,35.680833,-97.008056,2000-05-01 03:30:00,2000-05-01 05:30:00,282.3190,2000-05-01 04:30:00,1.0000
07242380,35.680833,-97.008056,2000-10-23 08:30:00,2000-10-23 12:30:00,322.8121,2000-10-23 10:00:00,1.5000
07242380,35.680833,-97.008056,2003-10-09 14:30:00,2003-10-09 17:00:00,286.0002,2003-10-09 15:30:00,1.0000
07242380,35.680833,-97.008056,2004-03-04 15:00:00,2004-03-04 19:00:00,339.8022,2004-03-04 16:30:00,1.5000
07242380,35.680833,-97.008056,2007-06-20 11:30:00,2007-06-20 19:00:00,334.1388,2007-06-20 13:30:00,2.0000
07242380,35.680833,-97.008056,2007-06-24 02:00:00,2007-06-24 04:30:00,279.2041,2007-06-24 03:00:00,1.0000
07242380,35.680833,-97.008056,2007-06-26 17:30:00,2007-06-27 09:30:00,421.9210,2007-06-27 02:30:00,9.0000
07242380,35.680833,-97.008056,2007-06-29 02:00:00,2007-06-29 04:30:00,325.6437,2007-06-29 04:30:00,2.5000
07242380,35.680833,-97.008056,2007-07-13 13:00:00,2007-07-13 20:30:00,351.1289,2007-07-13 15:00:00,2.0000
07242380,35.680833,-97.008056,2007-08-19 16:00:00,2007-08-19 20:30:00,331.3071,2007-08-19 17:30:00,1.5000
07242380,35.680833,-97.008056,2008-04-10 03:30:00,2008-04-10 17:30:00,348.2972,2008-04-10 13:30:00,10.0000
07242380,35.680833,-97.008056,2008-06-17 17:30:00,2008-06-17 22:00:00,308.6536,2008-06-17 19:00:00,1.5000
07242380,35.680833,-97.008056,2011-11-08 10:30:00,2011-11-08 13:00:00,286.0002,2011-11-08 11:30:00,1.0000
07242380,35.680833,-97.008056,2013-06-01 10:00:00,2013-06-01 23:00:00,402.0992,2013-06-01 15:00:00,5.0000
07242380,35.680833,-97.008056,2015-05-24 04:30:00,2015-05-24 13:30:00,370.9507,2015-05-24 08:30:00,4.0000
07311000,34.362222,-98.282222,1988-03-03 00:19:06,1988-03-06 13:19:48,116.0991,1988-03-05 08:49:36,56.5083
07311000,34.362222,-98.282222,1988-04-02 08:55:00,1988-04-04 06:40:24,98.8258,1988-04-03 06:40:12,20.7533
07311000,34.362222,-98.282222,1988-09-19 07:30:00,1988-09-20 01:30:00,83.5347,1988-09-19 16:45:00,9.2500
07311000,34.362222,-98.282222,1989-06-04 09:34:03,1989-06-06 15:04:30,168.2021,1989-06-04 19:04:06,9.5008
07311000,34.362222,-98.282222,1989-06-07 23:04:48,1989-06-10 16:20:24,193.6872,1989-06-08 23:05:00,24.0033
07311000,34.362222,-98.282222,1989-06-12 23:50:54,1989-06-17 12:06:54,186.3249,1989-06-15 15:36:30,63.7600
07311000,34.362222,-98.282222,1989-09-14 01:03:15,1989-09-15 07:49:03,86.9327,1989-09-14 14:18:36,13.2558
07311000,34.362222,-98.282222,1990-03-01 11:15:00,1990-03-02 15:45:00,83.2515,1990-03-01 22:45:00,11.5000
07311000,34.362222,-98.282222,1990-03-11 22:05:03,1990-03-17 09:55:15,119.4971,1990-03-15 18:38:42,92.5608
07311000,34.362222,-98.282222,1990-04-19 09:11:45,1990-04-23 04:30:21,217.7566,1990-04-21 07:28:36,46.2808
07311000,34.362222,-98.282222,1990-05-02 16:54:27,1990-05-05 23:57:36,278.0714,1990-05-03 22:40:39,29.7700
07311000,34.362222,-98.282222,1990-07-27 00:15:00,1990-07-27 12:15:00,81.5525,1990-07-27 06:30:00,6.2500
07311000,34.362222,-98.282222,1991-05-25 00:15:00,1991-05-26 02:00:00,79.0040,1991-05-25 11:45:00,11.5000
07311000,34.362222,-98.282222,1991-06-04 07:00:00,1991-06-05 04:15:00,79.0040,1991-06-04 18:45:00,11.7500
07311000,34.362222,-98.282222,1991-09-14 09:00:00,1991-09-16 00:00:00,86.3664,1991-09-15 15:00:00,30.0000
07311000,34.362222,-98.282222,1991-09-19 02:00:00,1991-09-21 12:00:00,109.5862,1991-09-20 07:00:00,29.0000
07311000,34.362222,-98.282222,1991-10-29 08:00:00,1991-10-30 07:15:00,102.2238,1991-10-29 21:00:00,13.0000
07311000,34.362222,-98.282222,1991-12-20 05:00:00,1991-12-25 02:00:00,402.0992,1991-12-21 05:00:00,24.0000
07311000,34.362222,-98.282222,1992-03-05 10:00:00,1992-03-05 19:00:00,73.3406,1992-03-05 15:00:00,5.0000
07311000,34.362222,-98.282222,1992-03-09 11:00:00,1992-03-10 00:00:00,81.2693,1992-03-09 18:00:00,7.0000
07311000,34.362222,-98.282222,1992-04-17 23:15:00,1992-04-19 23:30:00,270.4259,1992-04-18 22:15:00,23.0000
07311000,34.362222,-98.282222,1992-05-29 07:00:00,1992-05-31 03:00:00,201.6159,1992-05-30 09:00:00,26.0000
07311000,34.362222,-98.282222,1992-06-03 01:00:00,1992-06-04 01:00:00,94.0119,1992-06-03 15:00:00,14.0000
07311000,34.362222,-98.282222,1992-06-06 14:00:00,1992-06-12 01:00:00,294.4952,1992-06-09 20:00:00,78.0000
07311000,34.362222,-98.282222,1994-03-09 19:00:00,1994-03-10 03:00:00,70.5089,1994-03-09 23:00:00,4.0000
07311000,34.362222,-98.282222,1994-05-26 09:00:00,1994-05-26 23:00:00,97.1268,1994-05-26 13:00:00,4.0000
07311000,34.362222,-98.282222,1995-04-18 07:00:00,1995-04-19 22:00:00,92.5961,1995-04-19 12:00:00,29.0000
07311000,34.362222,-98.282222,1995-04-23 21:00:00,1995-04-24 10:00:00,76.4555,1995-04-24 04:00:00,7.0000
07311000,34.362222,-98.282222,1995-05-07 11:00:00,1995-05-10 12:00:00,269.5764,1995-05-09 05:00:00,42.0000
07311000,34.362222,-98.282222,1995-05-28 03:00:00,1995-05-29 01:00:00,82.4020,1995-05-28 17:00:00,14.0000
07311000,34.362222,-98.282222,1995-06-05 06:00:00,1995-06-08 17:00:00,424.7527,1995-06-06 02:00:00,20.0000
07311000,34.362222,-98.282222,1995-06-10 11:00:00,1995-06-12 16:00:00,334.1388,1995-06-10 22:00:00,11.0000
07311000,34.362222,-98.282222,1996-08-29 19:00:00,1996-08-30 21:00:00,102.7902,1996-08-30 09:00:00,14.0000
07311000,34.362222,-98.282222,1996-09-04 05:00:00,1996-09-05 19:00:00,342.6338,1996-09-04 19:00:00,14.0000
07311000,34.362222,-98.282222,1996-09-19 07:00:00,1996-09-19 21:00:00,80.9862,1996-09-19 15:00:00,8.0000
07311000,34.362222,-98.282222,1997-02-21 09:00:00,1997-02-22 22:00:00,120.0634,1997-02-22 09:00:00,24.0000
07311000,34.362222,-98.282222,1997-04-12 02:00:00,1997-04-14 01:00:00,161.1229,1997-04-13 04:00:00,26.0000
07311000,34.362222,-98.282222,1997-04-26 18:00:00,1997-04-29 13:00:00,220.0219,1997-04-28 08:00:00,38.0000
07311000,34.362222,-98.282222,1997-05-10 01:00:00,1997-05-11 01:00:00,83.8179,1997-05-10 15:00:00,14.0000
07311000,34.362222,-98.282222,1997-10-14 05:00:00,1997-10-14 11:00:00,70.7921,1997-10-14 09:00:00,4.0000
07311000,34.362222,-98.282222,1997-12-25 08:00:00,1997-12-25 09:00:00,68.5268,1997-12-25 09:00:00,1.0000
07311000,34.362222,-98.282222,1998-01-05 10:00:00,1998-01-07 22:00:00,237.8615,1998-01-06 13:00:00,27.0000
07311000,34.362222,-98.282222,1998-02-01 20:00:00,1998-02-03 19:00:00,240.6932,1998-02-02 23:00:00,27.0000
07311000,34.362222,-98.282222,1998-03-16 03:00:00,1998-03-21 19:00:00,356.7923,1998-03-17 03:00:00,24.0000
07311000,34.362222,-98.282222,1999-04-26 17:00:00,1999-04-27 12:00:00,86.6496,1999-04-27 07:00:00,14.0000
07311000,34.362222,-98.282222,1999-06-23 14:00:00,1999-06-24 12:00:00,88.3486,1999-06-24 02:00:00,12.0000
07311000,34.362222,-98.282222,1999-06-26 03:00:00,1999-06-26 17:00:00,80.1367,1999-06-26 11:00:00,8.0000
07311000,34.362222,-98.282222,2000-10-24 02:00:00,2000-10-31 00:00:00,325.6437,2000-10-27 00:00:00,70.0000
07311000,34.362222,-98.282222,2000-11-03 13:00:00,2000-11-05 18:00:00,224.8358,2000-11-04 18:00:00,29.0000
07311000,34.362222,-98.282222,2000-11-09 09:00:00,2000-11-10 04:00:00,82.4020,2000-11-09 18:00:00,9.0000
07311000,34.362222,-98.282222,2000-11-25 01:00:00,2000-11-25 19:00:00,79.0040,2000-11-25 11:00:00,10.0000
07311000,34.362222,-98.282222,2001-01-29 05:00:00,2001-01-31 07:00:00,106.4713,2001-01-30 10:00:00,29.0000
07311000,34.362222,-98.282222,2001-02-24 15:00:00,2001-02-26 13:00:00,106.1882,2001-02-25 14:00:00,23.0000
07311000,34.362222,-98.282222,2001-05-05 13:00:00,2001-05-05 18:00:00,71.3585,2001-05-05 15:00:00,2.0000
07311000,34.362222,-98.282222,2001-05-20 17:00:00,2001-05-22 18:00:00,201.6159,2001-05-21 17:00:00,24.0000
07311000,34.362222,-98.282222,2001-05-31 01:00:00,2001-06-01 13:00:00,99.6753,2001-06-01 01:00:00,24.0000
07311000,34.362222,-98.282222,2002-06-05 21:00:00,2002-06-06 12:00:00,82.1189,2002-06-06 05:00:00,8.0000
07311000,34.362222,-98.282222,2003-02-25 17:00:00,2003-02-25 19:00:00,137.0535,2003-02-25 18:00:00,1.0000
07311000,34.362222,-98.282222,2003-06-27 01:00:00,2003-06-27 13:00:00,75.0396,2003-06-27 06:00:00,5.0000
07311000,34.362222,-98.282222,2004-11-16 17:00:00,2004-11-19 12:00:00,116.6654,2004-11-18 22:00:00,53.0000
07311000,34.362222,-98.282222,2006-09-18 21:30:00,2006-09-19 01:30:00,69.6594,2006-09-18 22:30:00,1.0000
07311000,34.362222,-98.282222,2006-10-16 06:00:00,2006-10-17 01:30:00,86.6496,2006-10-16 13:00:00,7.0000
07311000,34.362222,-98.282222,2007-03-30 08:00:00,2007-04-01 21:30:00,218.6061,2007-03-31 06:30:00,22.5000
07311000,34.362222,-98.282222,2007-05-09 11:30:00,2007-05-13 18:30:00,291.6635,2007-05-11 04:30:00,41.0000
07311000,34.362222,-98.282222,2007-05-31 04:30:00,2007-06-01 00:00:00,84.1010,2007-05-31 14:30:00,10.0000
07311000,34.362222,-98.282222,2007-06-16 04:00:00,2007-06-18 21:00:00,127.9921,2007-06-17 01:00:00,21.0000
07311000,34.362222,-98.282222,2007-07-14 14:30:00,2007-07-16 04:30:00,95.9941,2007-07-15 03:00:00,12.5000
07311000,34.362222,-98.282222,2007-08-19 11:00:00,2007-08-23 14:00:00,345.4655,2007-08-20 11:00:00,24.0000
07311000,34.362222,-98.282222,2008-04-10 20:00:00,2008-04-14 06:00:00,317.1487,2008-04-11 21:30:00,25.5000
07311000,34.362222,-98.282222,2008-05-08 11:00:00,2008-05-08 15:30:00,69.6594,2008-05-08 13:00:00,2.0000
07311000,34.362222,-98.282222,2009-04-30 07:00:00,2009-05-02 01:00:00,278.3546,2009-05-01 09:30:00,26.5000
07311000,34.362222,-98.282222,2009-05-17 01:30:00,2009-05-18 01:00:00,84.6674,2009-05-17 13:30:00,12.0000
07311000,34.362222,-98.282222,2010-01-29 12:30:00,2010-01-30 11:30:00,103.0733,2010-01-30 03:00:00,14.5000
07311000,34.362222,-98.282222,2013-07-26 14:30:00,2013-07-28 08:00:00,234.1803,2013-07-27 02:00:00,11.5000
07311000,34.362222,-98.282222,2015-05-07 08:00:00,2015-05-12 02:00:00,184.6258,2015-05-10 09:30:00,73.5000
07311000,34.362222,-98.282222,2015-05-14 13:00:00,2015-05-18 23:30:00,118.3644,2015-05-15 12:00:00,23.0000
07311000,34.362222,-98.282222,2015-05-20 01:00:00,2015-05-31 07:30:00,914.6341,2015-05-25 11:30:00,130.5000
07311000,34.362222,-98.282222,2015-07-08 21:00:00,2015-07-09 11:00:00,76.1723,2015-07-09 01:30:00,4.5000
07311000,34.362222,-98.282222,2016-04-18 03:30:00,2016-04-22 18:30:00,263.6298,2016-04-20 01:00:00,45.5000
07311000,34.362222,-98.282222,2016-04-28 06:30:00,2016-04-30 04:30:00,88.9149,2016-04-29 02:00:00,19.5000
07311000,34.362222,-98.282222,2016-05-28 04:30:00,2016-05-28 12:30:00,73.6238,2016-05-28 09:00:00,4.5000
07329852,34.495278,-96.988333,1990-04-26 05:58:45,1990-04-26 07:43:48,294.4952,1990-04-26 06:28:45,0.5000
07329852,34.495278,-96.988333,2015-06-18 02:45:00,2015-06-18 05:00:00,328.4754,2015-06-18 03:45:00,1.0000
07340000,33.919444,-94.386667,1987-03-01 13:30:00,1987-03-02 04:45:00,424.7527,1987-03-01 17:15:00,3.7500
07340000,33.919444,-94.386667,1987-03-18 00:00:00,1987-03-20 17:15:00,702.2578,1987-03-18 19:15:00,19.2500
07340000,33.919444,-94.386667,1987-12-26 00:00:00,1987-12-30 17:00:00,824.0202,1987-12-27 18:00:00,42.0000
07340000,33.919444,-94.386667,1988-01-14 03:00:00,1988-01-16 16:00:00,441.7428,1988-01-15 21:00:00,42.0000
07340000,33.919444,-94.386667,1990-01-20 08:00:00,1990-01-21 22:00:00,498.3765,1990-01-21 00:00:00,16.0000
07340000,33.919444,-94.386667,1990-02-02 08:00:00,1990-02-05 01:00:00,489.8814,1990-02-03 04:30:00,20.5000
07340000,33.919444,-94.386667,1990-03-08 08:00:00,1990-03-11 16:00:00,914.6341,1990-03-08 23:00:00,15.0000
07340000,33.919444,-94.386667,1990-03-15 15:00:00,1990-03-16 11:00:00,444.5745,1990-03-16 00:00:00,9.0000
07340000,33.919444,-94.386667,1990-03-21 11:00:00,1990-03-24 16:00:00,438.9111,1990-03-22 23:00:00,36.0000
07340000,33.919444,-94.386667,1990-03-29 05:00:00,1990-03-31 19:00:00,526.6933,1990-03-30 07:00:00,26.0000
07340000,33.919444,-94.386667,1990-04-06 07:30:00,1990-04-07 23:00:00,515.3666,1990-04-07 02:00:00,18.5000
07340000,33.919444,-94.386667,1990-05-02 16:00:00,1990-05-09 02:00:00,925.9609,1990-05-06 06:15:00,86.2500
07340000,33.919444,-94.386667,1990-05-13 03:00:00,1990-05-16 16:00:00,464.3963,1990-05-15 17:00:00,62.0000
07340000,33.919444,-94.386667,1990-05-19 12:00:00,1990-05-22 13:00:00,572.0003,1990-05-20 07:00:00,19.0000
07340000,33.919444,-94.386667,1990-05-27 17:00:00,1990-06-06 20:00:00,767.3865,1990-06-04 09:30:00,184.5000
07340000,33.919444,-94.386667,1990-06-10 20:00:00,1990-06-23 04:15:00,475.7230,1990-06-18 18:00:00,190.0000
07340000,33.919444,-94.386667,1991-01-09 05:30:00,1991-01-13 19:00:00,521.0300,1991-01-11 13:00:00,55.5000
07340000,33.919444,-94.386667,1991-01-15 19:00:00,1991-01-18 15:00:00,489.8814,1991-01-16 14:00:00,19.0000
07340000,33.919444,-94.386667,1991-04-13 05:00:00,1991-04-21 13:00:00,713.5845,1991-04-14 23:00:00,42.0000
07340000,33.919444,-94.386667,1991-04-22 23:00:00,1991-05-01 12:00:00,688.0994,1991-04-28 11:00:00,132.0000
07340000,33.919444,-94.386667,1991-05-03 18:00:00,1991-05-07 21:00:00,543.6835,1991-05-05 00:00:00,30.0000
07340000,33.919444,-94.386667,1991-10-29 15:15:00,1991-11-02 07:00:00,555.0102,1991-10-30 10:00:00,18.7500
07340000,33.919444,-94.386667,1991-11-08 12:00:00,1991-11-13 02:00:00,441.7428,1991-11-09 10:00:00,22.0000
07340000,33.919444,-94.386667,1991-11-20 03:00:00,1991-11-22 12:00:00,608.8122,1991-11-21 01:00:00,22.0000
07340000,33.919444,-94.386667,1991-12-01 18:00:00,1991-12-04 09:00:00,532.3567,1991-12-02 11:00:00,17.0000
07340000,33.919444,-94.386667,1991-12-08 17:00:00,1991-12-14 01:00:00,707.9212,1991-12-10 10:00:00,41.0000
07340000,33.919444,-94.386667,1991-12-16 11:00:00,1991-12-22 19:00:00,467.2280,1991-12-22 03:30:00,136.5000
07340000,33.919444,-94.386667,1991-12-24 10:00:00,1991-12-25 09:00:00,438.9111,1991-12-24 23:00:00,13.0000
07340000,33.919444,-94.386667,1991-12-29 16:00:00,1992-01-02 02:00:00,438.9111,1991-12-30 18:00:00,26.0000
07340000,33.919444,-94.386667,1992-02-13 08:00:00,1992-02-13 20:00:00,427.5844,1992-02-13 12:00:00,4.0000
07340000,33.919444,-94.386667,1992-03-10 08:00:00,1992-03-11 08:00:00,481.3864,1992-03-10 17:00:00,9.0000
07340000,33.919444,-94.386667,1992-03-19 01:00:00,1992-03-20 03:00:00,470.0597,1992-03-19 10:00:00,9.0000
07340000,33.919444,-94.386667,1992-09-22 21:00:00,1992-09-23 12:00:00,436.0794,1992-09-23 04:00:00,7.0000
07340000,33.919444,-94.386667,1993-10-20 04:00:00,1993-10-24 14:00:00,784.3767,1993-10-21 10:00:00,30.0000
07340000,33.919444,-94.386667,1993-11-18 01:00:00,1993-11-18 20:00:00,427.5844,1993-11-18 07:00:00,6.0000
07340000,33.919444,-94.386667,1993-12-03 17:00:00,1993-12-18 11:00:00,1305.4066,1993-12-04 16:00:00,23.0000
07340000,33.919444,-94.386667,1994-01-27 06:00:00,1994-01-29 10:00:00,662.6142,1994-01-27 19:00:00,13.0000
07340000,33.919444,-94.386667,1994-05-03 19:00:00,1994-05-05 05:00:00,504.0399,1994-05-04 09:00:00,14.0000
07340000,33.919444,-94.386667,1994-07-16 05:00:00,1994-07-16 22:00:00,444.5745,1994-07-16 11:00:00,6.0000
07340000,33.919444,-94.386667,1995-01-14 07:00:00,1995-01-16 07:00:00,532.3567,1995-01-15 00:00:00,17.0000
07340000,33.919444,-94.386667,1995-04-11 21:00:00,1995-04-12 14:00:00,467.2280,1995-04-12 05:00:00,8.0000
07340000,33.919444,-94.386667,1995-05-08 17:00:00,1995-05-11 18:00:00,639.9607,1995-05-09 17:00:00,24.0000
07340000,33.919444,-94.386667,1996-07-15 00:00:00,1996-07-16 11:00:00,569.1686,1996-07-15 16:00:00,16.0000
07340000,33.919444,-94.386667,1996-11-08 01:00:00,1996-11-10 05:00:00,506.8716,1996-11-08 17:00:00,16.0000
07340000,33.919444,-94.386667,1996-11-13 15:00:00,1996-11-18 10:00:00,430.4161,1996-11-17 12:00:00,93.0000
07340000,33.919444,-94.386667,1996-11-20 09:00:00,1996-11-23 14:00:00,478.5547,1996-11-21 05:00:00,20.0000
07340000,33.919444,-94.386667,1996-11-24 19:00:00,1996-12-02 18:00:00,843.8420,1996-11-25 20:00:00,25.0000
07340000,33.919444,-94.386667,1996-12-05 06:00:00,1996-12-18 22:00:00,518.1983,1996-12-06 21:00:00,39.0000
07340000,33.919444,-94.386667,1996-12-20 07:00:00,1996-12-22 10:00:00,444.5745,1996-12-21 05:00:00,22.0000
07340000,33.919444,-94.386667,1997-02-14 10:00:00,1997-02-14 16:00:00,419.0893,1997-02-14 11:00:00,1.0000
07340000,33.919444,-94.386667,1997-02-20 20:00:00,1997-03-07 15:00:00,775.8816,1997-02-22 05:00:00,33.0000
07340000,33.919444,-94.386667,1997-03-12 08:00:00,1997-03-16 14:00:00,651.2875,1997-03-14 12:00:00,52.0000
07340000,33.919444,-94.386667,1997-03-20 21:00:00,1997-03-28 17:00:00,447.4062,1997-03-23 16:00:00,67.0000
07340000,33.919444,-94.386667,1997-04-05 10:00:00,1997-04-07 12:00:00,588.9904,1997-04-06 04:00:00,17.0000
07340000,33.919444,-94.386667,1997-12-24 21:00:00,1997-12-26 04:00:00,458.7329,1997-12-25 07:00:00,10.0000
07340000,33.919444,-94.386667,1998-01-01 08:00:00,1998-01-10 16:00:00,583.3270,1998-01-08 21:00:00,181.0000
07340000,33.919444,-94.386667,1998-01-12 05:00:00,1998-01-14 00:00:00,580.4954,1998-01-13 00:00:00,19.0000
07340000,33.919444,-94.386667,1998-01-15 15:00:00,1998-01-31 13:00:00,475.7230,1998-01-18 01:00:00,58.0000
07340000,33.919444,-94.386667,1998-02-11 16:00:00,1998-02-13 04:00:00,518.1983,1998-02-12 06:00:00,14.0000
07340000,33.919444,-94.386667,1998-10-07 16:00:00,1998-10-08 04:00:00,421.9210,1998-10-07 20:00:00,4.0000
07340000,33.919444,-94.386667,1998-10-09 07:00:00,1998-10-15 02:00:00,458.7329,1998-10-11 19:00:00,60.0000
07340000,33.919444,-94.386667,1999-03-14 13:00:00,1999-03-14 21:00:00,421.9210,1999-03-14 17:00:00,4.0000
07340000,33.919444,-94.386667,1999-05-14 07:00:00,1999-05-15 13:00:00,436.0794,1999-05-14 12:00:00,5.0000
07340000,33.919444,-94.386667,2000-06-19 03:00:00,2000-06-19 19:00:00,441.7428,2000-06-19 12:00:00,9.0000
07340000,33.919444,-94.386667,2000-06-22 06:00:00,2000-06-24 15:00:00,563.5052,2000-06-23 03:00:00,21.0000
07340000,33.919444,-94.386667,2000-11-07 03:00:00,2000-11-09 19:00:00,461.5646,2000-11-07 12:00:00,9.0000
07340000,33.919444,-94.386667,2000-11-24 13:00:00,2000-11-28 03:00:00,724.9113,2000-11-25 16:00:00,27.0000
07340000,33.919444,-94.386667,2000-12-27 04:00:00,2000-12-31 19:00:00,795.7034,2000-12-28 18:00:00,38.0000
07340000,33.919444,-94.386667,2001-02-14 11:00:00,2001-02-21 16:00:00,917.4658,2001-02-17 18:00:00,79.0000
07340000,33.919444,-94.386667,2001-02-28 08:00:00,2001-03-06 02:00:00,538.0201,2001-03-05 01:00:00,113.0000
07340000,33.919444,-94.386667,2001-03-08 18:00:00,2001-03-28 11:00:00,538.0201,2001-03-12 21:00:00,99.0000
07340000,33.919444,-94.386667,2001-12-16 22:00:00,2001-12-22 18:00:00,874.9906,2001-12-18 04:00:00,30.0000
07340000,33.919444,-94.386667,2001-12-26 04:00:00,2001-12-28 07:00:00,430.4161,2001-12-27 00:00:00,20.0000
07340000,33.919444,-94.386667,2002-02-01 10:00:00,2002-02-10 01:00:00,509.7032,2002-02-02 06:00:00,20.0000
07340000,33.919444,-94.386667,2002-04-04 17:00:00,2002-04-06 18:00:00,450.2379,2002-04-06 03:00:00,34.0000
07340000,33.919444,-94.386667,2002-04-08 23:00:00,2002-04-23 09:00:00,506.8716,2002-04-13 01:00:00,98.0000
07340000,33.919444,-94.386667,2002-05-30 14:00:00,2002-06-01 13:00:00,453.0695,2002-05-31 09:00:00,19.0000
07340000,33.919444,-94.386667,2004-06-24 08:45:00,2004-06-27 01:00:00,458.7329,2004-06-26 11:45:00,51.0000
07340000,33.919444,-94.386667,2004-12-02 00:00:00,2004-12-07 09:45:00,495.5448,2004-12-03 16:30:00,40.5000
07340000,33.919444,-94.386667,2005-01-07 06:00:00,2005-01-09 06:30:00,600.3171,2005-01-08 08:30:00,26.5000
07340000,33.919444,-94.386667,2005-01-13 07:45:00,2005-01-21 21:00:00,509.7032,2005-01-14 10:45:00,27.0000
07340000,33.919444,-94.386667,2006-03-20 15:00:00,2006-03-23 06:00:00,620.1389,2006-03-21 15:00:00,24.0000
07340000,33.919444,-94.386667,2007-01-05 11:30:00,2007-01-06 17:15:00,427.5844,2007-01-05 17:45:00,6.2500
07340000,33.919444,-94.386667,2007-01-15 05:15:00,2007-01-18 08:30:00,702.2578,2007-01-16 10:45:00,29.5000
07340000,33.919444,-94.386667,2007-01-24 09:15:00,2007-01-27 22:30:00,464.3963,2007-01-26 14:45:00,53.5000
07340000,33.919444,-94.386667,2007-06-27 12:15:00,2007-06-29 15:45:00,552.1785,2007-06-28 16:00:00,27.7500
07340000,33.919444,-94.386667,2007-07-04 05:30:00,2007-07-06 23:15:00,591.8221,2007-07-05 17:45:00,36.2500
07340000,33.919444,-94.386667,2007-07-10 08:45:00,2007-07-15 14:45:00,767.3865,2007-07-12 00:15:00,39.5000
07340000,33.919444,-94.386667,2008-02-18 07:30:00,2008-02-18 16:30:00,419.0893,2008-02-18 08:45:00,1.2500
07340000,33.919444,-94.386667,2008-03-04 14:00:00,2008-03-09 06:45:00,535.1884,2008-03-08 07:15:00,89.2500
07340000,33.919444,-94.386667,2008-03-19 09:45:00,2008-03-24 23:00:00,832.5153,2008-03-22 07:45:00,70.0000
07340000,33.919444,-94.386667,2008-04-16 02:30:00,2008-05-03 14:15:00,489.8814,2008-04-19 15:15:00,84.7500
07340000,33.919444,-94.386667,2009-05-03 13:45:00,2009-05-09 05:15:00,699.4261,2009-05-07 18:15:00,100.5000
07340000,33.919444,-94.386667,2009-05-10 13:15:00,2009-05-29 04:45:00,1144.0006,2009-05-12 03:00:00,37.7500
07340000,33.919444,-94.386667,2009-06-04 05:00:00,2009-06-06 18:00:00,421.9210,2009-06-04 14:15:00,9.2500
07340000,33.919444,-94.386667,2009-09-17 21:00:00,2009-09-19 10:15:00,506.8716,2009-09-18 13:00:00,16.0000
07340000,33.919444,-94.386667,2009-09-22 17:30:00,2009-09-25 00:30:00,543.6835,2009-09-23 13:00:00,19.5000
07340000,33.919444,-94.386667,2009-10-08 16:15:00,2009-11-10 11:45:00,767.3865,2009-10-14 17:15:00,145.0000
07340000,33.919444,-94.386667,2009-12-24 17:30:00,2009-12-27 04:15:00,617.3073,2009-12-25 12:45:00,19.2500
07340000,33.919444,-94.386667,2010-01-30 11:30:00,2010-01-31 07:30:00,458.7329,2010-01-30 20:00:00,8.5000
07340000,33.919444,-94.386667,2010-02-05 03:45:00,2010-02-07 15:15:00,637.1290,2010-02-06 05:15:00,25.5000
07340000,33.919444,-94.386667,2010-02-08 23:45:00,2010-02-12 10:30:00,702.2578,2010-02-09 22:45:00,23.0000
07340000,33.919444,-94.386667,2010-02-14 21:00:00,2010-02-20 15:45:00,441.7428,2010-02-18 22:00:00,97.0000
07340000,33.919444,-94.386667,2010-03-26 12:30:00,2010-03-28 10:00:00,444.5745,2010-03-27 04:15:00,15.7500
07340000,33.919444,-94.386667,2011-04-26 00:15:00,2011-04-30 23:30:00,889.1490,2011-04-27 01:15:00,25.0000
07340000,33.919444,-94.386667,2011-05-02 00:00:00,2011-05-12 16:00:00,756.0598,2011-05-03 17:45:00,41.7500
07340000,33.919444,-94.386667,2011-05-14 11:00:00,2011-05-15 05:45:00,421.9210,2011-05-14 17:30:00,6.5000
07340000,33.919444,-94.386667,2011-12-06 06:00:00,2011-12-07 11:45:00,464.3963,2011-12-06 16:45:00,10.7500
07340000,33.919444,-94.386667,2011-12-10 10:45:00,2011-12-14 03:00:00,455.9012,2011-12-11 16:15:00,29.5000
07340000,33.919444,-94.386667,2012-01-26 07:15:00,2012-01-29 10:00:00,552.1785,2012-01-27 02:00:00,18.7500
07340000,33.919444,-94.386667,2012-01-31 13:15:00,2012-02-03 19:30:00,464.3963,2012-02-01 11:45:00,22.5000
07340000,33.919444,-94.386667,2012-02-09 09:45:00,2012-02-10 06:15:00,419.0893,2012-02-09 15:00:00,5.2500
07340000,33.919444,-94.386667,2012-03-12 13:45:00,2012-03-15 01:00:00,475.7230,2012-03-13 01:15:00,11.5000
07340000,33.919444,-94.386667,2012-03-20 23:00:00,2012-03-21 04:45:00,518.1983,2012-03-21 04:45:00,5.7500
07340000,33.919444,-94.386667,2013-06-04 05:00:00,2013-06-05 22:30:00,455.9012,2013-06-04 19:45:00,14.7500
07340000,33.919444,-94.386667,2014-05-11 05:45:00,2014-05-12 15:30:00,441.7428,2014-05-11 21:00:00,15.2500
07340000,33.919444,-94.386667,2014-05-14 06:00:00,2014-05-17 02:00:00,455.9012,2014-05-14 15:30:00,9.5000
07340000,33.919444,-94.386667,2015-01-03 18:00:00,2015-01-05 08:45:00,557.8419,2015-01-04 10:15:00,16.2500
07340000,33.919444,-94.386667,2015-03-06 09:15:00,2015-03-07 06:00:00,441.7428,2015-03-06 21:00:00,11.7500
07340000,33.919444,-94.386667,2015-03-10 13:45:00,2015-03-12 10:00:00,518.1983,2015-03-11 08:00:00,18.2500
07340000,33.919444,-94.386667,2015-03-14 10:45:00,2015-03-15 18:45:00,467.2280,2015-03-14 21:00:00,10.2500
07340000,33.919444,-94.386667,2015-05-09 22:15:00,2015-05-15 16:00:00,1025.0698,2015-05-12 04:15:00,54.0000
07340000,33.919444,-94.386667,2015-05-17 12:45:00,2015-05-20 10:15:00,676.7726,2015-05-18 16:00:00,27.2500
07340000,33.919444,-94.386667,2015-05-21 20:15:00,2015-06-05 23:15:00,1226.1195,2015-05-27 22:30:00,146.2500
07340000,33.919444,-94.386667,2015-11-28 12:00:00,2015-12-05 03:15:00,883.4856,2015-11-29 20:00:00,32.0000
07340000,33.919444,-94.386667,2015-12-13 10:15:00,2015-12-20 11:00:00,1081.7035,2015-12-14 16:15:00,30.0000
07340000,33.919444,-94.386667,2015-12-27 23:00:00,2016-01-03 10:30:00,1942.5357,2015-12-30 11:30:00,60.5000
07340000,33.919444,-94.386667,2016-01-07 11:30:00,2016-01-11 16:00:00,467.2280,2016-01-10 15:30:00,76.0000
07340000,33.919444,-94.386667,2016-01-12 18:15:00,2016-01-16 17:15:00,424.7527,2016-01-13 19:15:00,25.0000
07340000,33.919444,-94.386667,2016-03-10 05:30:00,2016-03-13 06:30:00,543.6835,2016-03-11 12:00:00,30.5000
07340000,33.919444,-94.386667,2016-03-19 13:30:00,2016-03-20 08:45:00,427.5844,2016-03-19 20:15:00,6.7500
07340000,33.919444,-94.386667,2016-04-18 22:00:00,2016-04-23 09:30:00,594.6538,2016-04-21 16:15:00,66.2500
07340000,33.919444,-94.386667,2016-04-29 22:00:00,2016-05-04 01:30:00,1243.1096,2016-05-01 02:30:00,28.5000
07337000,33.551944,-94.041111,1990-05-04 16:00:00,1990-05-06 02:00:00,3907.7248,1990-05-06 01:45:00,33.7500
07337000,33.551944,-94.041111,1996-11-27 15:00:00,1996-11-27 21:00:00,2647.6252,1996-11-27 20:00:00,5.0000
07337000,33.551944,-94.041111,2001-02-18 12:00:00,2001-02-20 00:00:00,2888.3184,2001-02-19 09:00:00,21.0000
07337000,33.551944,-94.041111,2002-03-23 00:00:00,2002-03-23 17:00:00,2741.0708,2002-03-23 10:00:00,10.0000
07337000,33.551944,-94.041111,2007-07-14 21:00:00,2007-07-18 05:00:00,2888.3184,2007-07-16 17:00:00,44.0000
07337000,33.551944,-94.041111,2008-03-22 10:00:00,2008-03-23 07:00:00,2743.9024,2008-03-22 22:00:00,12.0000
07337000,33.551944,-94.041111,2015-05-26 14:15:00,2015-06-02 04:45:00,6796.0432,2015-06-02 04:30:00,158.2500
07337000,33.551944,-94.041111,2015-11-30 19:00:00,2015-12-03 09:00:00,3284.7542,2015-12-02 01:45:00,30.7500
07337000,33.551944,-94.041111,2015-12-29 22:00:00,2016-01-02 12:45:00,3624.5564,2015-12-31 18:30:00,44.5000
07056000,35.983056,-92.747222,1991-10-29 14:00:00,1991-10-30 04:30:00,1220.4561,1991-10-29 19:15:00,5.2500
07056000,35.983056,-92.747222,1992-12-16 00:30:00,1992-12-16 15:15:00,940.1193,1992-12-16 08:15:00,7.7500
07056000,35.983056,-92.747222,1993-01-04 18:00:00,1993-01-05 15:15:00,1577.2484,1993-01-05 03:30:00,9.5000
07056000,35.983056,-92.747222,1994-11-05 08:15:00,1994-11-06 10:00:00,1959.5258,1994-11-05 22:00:00,13.7500
07056000,35.983056,-92.747222,1995-01-13 20:15:00,1995-01-14 18:15:00,1381.8621,1995-01-14 04:00:00,7.7500
07056000,35.983056,-92.747222,1995-05-09 01:15:00,1995-05-09 06:30:00,739.0697,1995-05-09 03:30:00,2.2500
07056000,35.983056,-92.747222,1996-04-23 15:00:00,1996-04-23 16:15:00,713.5845,1996-04-23 15:15:00,0.2500
07056000,35.983056,-92.747222,1996-09-27 00:15:00,1996-09-27 21:30:00,1693.3474,1996-09-27 10:00:00,9.7500
07056000,35.983056,-92.747222,1996-11-07 13:45:00,1996-11-08 13:00:00,1919.8822,1996-11-08 00:15:00,10.5000
07056000,35.983056,-92.747222,1996-11-25 12:30:00,1996-11-25 21:45:00,761.7232,1996-11-25 18:00:00,5.5000
07056000,35.983056,-92.747222,1997-02-21 17:15:00,1997-02-21 23:00:00,741.9014,1997-02-21 20:45:00,3.5000
07056000,35.983056,-92.747222,2000-05-28 02:45:00,2000-05-28 12:00:00,812.6935,2000-05-28 07:00:00,4.2500
07056000,35.983056,-92.747222,2000-06-17 23:15:00,2000-06-18 16:45:00,1407.3473,2000-06-18 07:30:00,8.2500
07056000,35.983056,-92.747222,2001-02-16 17:45:00,2001-02-17 05:45:00,824.0202,2001-02-17 00:30:00,6.7500
07056000,35.983056,-92.747222,2001-12-17 08:00:00,2001-12-18 03:15:00,1197.8026,2001-12-17 15:45:00,7.7500
07056000,35.983056,-92.747222,2002-02-01 02:15:00,2002-02-01 12:30:00,923.1292,2002-02-01 05:45:00,3.5000
07056000,35.983056,-92.747222,2002-03-19 16:45:00,2002-03-21 05:45:00,1534.7731,2002-03-20 17:15:00,24.5000
07056000,35.983056,-92.747222,2002-03-26 07:00:00,2002-03-26 14:30:00,812.6935,2002-03-26 10:00:00,3.0000
07056000,35.983056,-92.747222,2002-04-08 13:45:00,2002-04-09 06:45:00,1282.7532,2002-04-08 21:45:00,8.0000
07056000,35.983056,-92.747222,2004-04-23 15:30:00,2004-04-25 18:00:00,3369.7047,2004-04-25 01:45:00,34.2500
07056000,35.983056,-92.747222,2006-11-30 22:15:00,2006-12-01 20:15:00,1461.1493,2006-12-01 08:45:00,10.5000
07056000,35.983056,-92.747222,2008-03-04 03:00:00,2008-03-04 16:30:00,1050.5550,2008-03-04 09:00:00,6.0000
07056000,35.983056,-92.747222,2008-03-18 17:00:00,2008-03-20 10:30:00,3794.4574,2008-03-19 09:00:00,16.0000
07056000,35.983056,-92.747222,2008-04-10 11:00:00,2008-04-11 13:30:00,2171.9021,2008-04-10 22:15:00,11.2500
07056000,35.983056,-92.747222,2008-09-04 06:30:00,2008-09-04 23:45:00,1183.6442,2008-09-04 15:00:00,8.5000
07056000,35.983056,-92.747222,2009-10-30 12:15:00,2009-10-31 03:45:00,1359.2086,2009-10-30 18:45:00,6.5000
07056000,35.983056,-92.747222,2011-04-25 08:00:00,2011-04-27 03:45:00,2027.4862,2011-04-26 14:00:00,30.0000
07056000,35.983056,-92.747222,2011-05-02 11:15:00,2011-05-03 02:00:00,1076.0402,2011-05-02 17:00:00,5.7500
07056000,35.983056,-92.747222,2012-03-21 23:30:00,2012-03-22 13:00:00,767.3865,2012-03-22 07:00:00,7.5000
07056000,35.983056,-92.747222,2014-03-16 23:30:00,2014-03-17 11:30:00,951.4460,2014-03-17 04:00:00,4.5000
07056000,35.983056,-92.747222,2015-05-11 10:30:00,2015-05-12 09:00:00,1551.7632,2015-05-11 21:15:00,10.7500
07056000,35.983056,-92.747222,2015-12-27 22:00:00,2015-12-29 11:30:00,3086.5363,2015-12-28 16:45:00,18.7500
07143665,38.112222,-97.591667,1993-02-05 06:45:00,1993-02-07 22:45:00,133.9387,1993-02-06 23:45:00,41.0000
07143665,38.112222,-97.591667,1993-03-03 21:45:00,1993-03-05 01:45:00,114.6832,1993-03-04 07:45:00,10.0000
07143665,38.112222,-97.591667,1993-05-08 16:45:00,1993-05-15 06:45:00,288.8318,1993-05-12 13:45:00,93.0000
07143665,38.112222,-97.591667,1993-06-20 22:45:00,1993-06-23 14:45:00,173.5823,1993-06-22 11:45:00,37.0000
07143665,38.112222,-97.591667,1993-06-24 20:45:00,1993-06-27 05:45:00,200.4833,1993-06-25 12:45:00,16.0000
07143665,38.112222,-97.591667,1993-07-07 23:45:00,1993-07-10 09:45:00,152.9110,1993-07-08 17:45:00,18.0000
07143665,38.112222,-97.591667,1993-07-14 09:45:00,1993-07-25 00:45:00,594.6538,1993-07-15 01:45:00,16.0000
07143665,38.112222,-97.591667,1995-05-24 05:00:00,1995-06-01 08:00:00,286.0002,1995-05-29 02:45:00,117.7500
07143665,38.112222,-97.591667,1995-06-09 09:00:00,1995-06-13 18:00:00,286.0002,1995-06-11 04:00:00,43.0000
07143665,38.112222,-97.591667,1998-04-01 01:00:00,1998-04-02 06:30:00,126.2931,1998-04-01 18:00:00,17.0000
07143665,38.112222,-97.591667,1998-11-01 11:30:00,1998-11-05 05:45:00,489.8814,1998-11-02 19:00:00,31.5000
07143665,38.112222,-97.591667,1999-01-31 21:45:00,1999-02-02 05:00:00,137.3367,1999-02-01 13:00:00,15.2500
07143665,38.112222,-97.591667,1999-04-15 14:00:00,1999-04-17 13:30:00,137.3367,1999-04-16 14:30:00,24.5000
07143665,38.112222,-97.591667,1999-06-25 00:00:00,1999-06-25 07:30:00,114.4001,1999-06-25 03:30:00,3.5000
07143665,38.112222,-97.591667,1999-07-19 05:00:00,1999-07-21 00:00:00,126.8595,1999-07-19 21:00:00,16.0000
07143665,38.112222,-97.591667,1999-08-03 00:00:00,1999-08-05 14:15:00,127.7090,1999-08-04 10:15:00,34.2500
07143665,38.112222,-97.591667,2000-03-05 03:30:00,2000-03-06 03:15:00,114.4001,2000-03-05 12:15:00,8.7500
07143665,38.112222,-97.591667,2000-03-24 01:00:00,2000-03-27 23:00:00,314.3170,2000-03-25 08:00:00,31.0000
07143665,38.112222,-97.591667,2001-02-25 09:00:00,2001-02-27 11:00:00,141.5842,2001-02-26 06:00:00,21.0000
07143665,38.112222,-97.591667,2001-03-17 00:00:00,2001-03-18 09:00:00,126.0100,2001-03-17 17:00:00,17.0000
07143665,38.112222,-97.591667,2001-06-22 09:00:00,2001-06-23 18:00:00,127.9921,2001-06-23 00:00:00,15.0000
07143665,38.112222,-97.591667,2002-10-04 10:00:00,2002-10-06 09:00:00,132.2397,2002-10-05 12:00:00,26.0000
07143665,38.112222,-97.591667,2003-03-20 17:00:00,2003-03-23 01:00:00,133.9387,2003-03-22 00:00:00,31.0000
07143665,38.112222,-97.591667,2003-04-26 07:00:00,2003-04-27 00:00:00,122.8951,2003-04-26 15:00:00,8.0000
07143665,38.112222,-97.591667,2003-10-09 06:00:00,2003-10-12 04:00:00,230.4991,2003-10-09 23:00:00,17.0000
07143665,38.112222,-97.591667,2004-03-05 06:00:00,2004-03-08 04:00:00,276.9388,2004-03-06 09:00:00,27.0000
07143665,38.112222,-97.591667,2004-07-25 06:00:00,2004-07-27 17:00:00,197.6516,2004-07-26 11:00:00,29.0000
07143665,38.112222,-97.591667,2005-05-14 04:15:00,2005-05-16 01:30:00,144.4159,2005-05-15 08:15:00,28.0000
07143665,38.112222,-97.591667,2005-06-13 20:00:00,2005-06-14 23:15:00,117.5149,2005-06-14 09:15:00,13.2500
07143665,38.112222,-97.591667,2007-05-08 12:00:00,2007-05-10 04:30:00,126.0100,2007-05-09 03:15:00,15.2500
07143665,38.112222,-97.591667,2007-05-24 05:00:00,2007-05-28 10:30:00,268.1605,2007-05-25 03:45:00,22.7500
07143665,38.112222,-97.591667,2009-04-29 06:00:00,2009-04-30 15:00:00,112.4179,2009-04-29 13:00:00,7.0000
07143665,38.112222,-97.591667,2009-05-09 15:00:00,2009-05-11 22:00:00,143.2832,2009-05-11 07:00:00,40.0000
07143665,38.112222,-97.591667,2009-06-18 02:00:00,2009-06-18 07:00:00,110.7189,2009-06-18 04:00:00,2.0000
07143665,38.112222,-97.591667,2009-06-23 09:00:00,2009-06-23 19:00:00,111.8515,2009-06-23 13:00:00,4.0000
07143665,38.112222,-97.591667,2010-07-05 17:30:00,2010-07-08 05:00:00,151.7783,2010-07-06 22:00:00,28.5000
07143665,38.112222,-97.591667,2013-07-30 02:30:00,2013-08-02 06:00:00,139.8852,2013-07-30 13:45:00,11.2500
07143665,38.112222,-97.591667,2013-08-04 10:00:00,2013-08-12 00:00:00,195.6694,2013-08-07 15:00:00,77.0000
07143665,38.112222,-97.591667,2013-08-13 22:30:00,2013-08-15 19:00:00,150.0793,2013-08-14 17:30:00,19.0000
07143665,38.112222,-97.591667,2016-05-27 22:15:00,2016-05-30 22:15:00,161.1229,2016-05-29 09:00:00,34.7500
07144100,37.883056,-97.424167,1995-05-08 18:00:00,1995-05-09 10:15:00,319.9804,1995-05-08 23:45:00,5.7500
07144100,37.883056,-97.424167,1995-05-23 12:45:00,1995-05-25 18:00:00,472.8913,1995-05-24 02:00:00,13.2500
07144100,37.883056,-97.424167,1995-05-27 11:45:00,1995-05-29 06:45:00,489.8814,1995-05-28 03:45:00,16.0000
07144100,37.883056,-97.424167,1995-06-09 12:45:00,1995-06-11 16:00:00,478.5547,1995-06-10 09:45:00,21.0000
07144100,37.883056,-97.424167,1995-06-13 00:45:00,1995-06-13 05:00:00,281.1863,1995-06-13 02:30:00,1.7500
07144100,37.883056,-97.424167,1999-06-19 22:00:00,1999-06-20 15:00:00,376.6141,1999-06-20 06:00:00,8.0000
07144100,37.883056,-97.424167,2000-03-24 11:00:00,2000-03-25 07:00:00,322.8121,2000-03-24 17:00:00,6.0000
07144100,37.883056,-97.424167,2001-06-09 06:00:00,2001-06-09 16:00:00,308.6536,2001-06-09 10:00:00,4.0000
07144100,37.883056,-97.424167,2002-06-13 00:00:00,2002-06-13 04:00:00,288.8318,2002-06-13 02:00:00,2.0000
07144100,37.883056,-97.424167,2003-10-10 05:00:00,2003-10-11 03:00:00,421.9210,2003-10-10 08:00:00,3.0000
07144100,37.883056,-97.424167,2004-03-05 07:00:00,2004-03-06 22:00:00,438.9111,2004-03-05 22:00:00,15.0000
07144100,37.883056,-97.424167,2005-06-09 12:00:00,2005-06-10 05:00:00,342.6338,2005-06-09 17:00:00,5.0000
07144100,37.883056,-97.424167,2007-05-07 19:00:00,2007-05-08 13:30:00,322.8121,2007-05-08 02:00:00,7.0000
07144100,37.883056,-97.424167,2007-05-25 04:00:00,2007-05-28 06:00:00,322.8121,2007-05-25 12:00:00,8.0000
07144100,37.883056,-97.424167,2008-09-13 11:00:00,2008-09-14 08:00:00,325.6437,2008-09-13 20:00:00,9.0000
07144100,37.883056,-97.424167,2009-04-27 18:30:00,2009-04-28 13:00:00,356.7923,2009-04-28 03:00:00,8.5000
07144100,37.883056,-97.424167,2010-06-13 23:00:00,2010-06-15 02:00:00,430.4161,2010-06-14 14:00:00,15.0000
07144100,37.883056,-97.424167,2010-07-05 20:00:00,2010-07-07 21:00:00,396.4359,2010-07-06 23:00:00,27.0000
07144100,37.883056,-97.424167,2013-07-30 15:00:00,2013-08-01 05:00:00,472.8913,2013-07-31 10:00:00,19.0000
07144100,37.883056,-97.424167,2013-08-04 22:00:00,2013-08-11 11:00:00,438.9111,2013-08-07 04:00:00,54.0000
07144100,37.883056,-97.424167,2015-06-15 19:45:00,2015-06-16 14:30:00,351.1289,2015-06-16 05:30:00,9.7500
07144100,37.883056,-97.424167,2015-12-15 06:00:00,2015-12-15 13:15:00,342.6338,2015-12-15 06:15:00,0.2500
07144100,37.883056,-97.424167,2016-05-28 02:45:00,2016-05-29 00:30:00,314.3170,2016-05-28 14:15:00,11.5000
07147070,37.796111,-97.014167,1992-11-19 22:00:00,1992-11-21 01:00:00,253.4358,1992-11-20 12:00:00,14.0000
07147070,37.796111,-97.014167,1993-05-03 22:00:00,1993-05-04 03:00:00,207.2793,1993-05-04 03:00:00,5.0000
07147070,37.796111,-97.014167,1993-05-09 00:00:00,1993-05-11 12:00:00,475.7230,1993-05-09 18:00:00,18.0000
07147070,37.796111,-97.014167,1993-07-15 12:00:00,1993-07-16 05:00:00,253.4358,1993-07-15 23:00:00,11.0000
07147070,37.796111,-97.014167,1993-07-19 02:00:00,1993-07-19 21:00:00,274.6734,1993-07-19 13:00:00,11.0000
07147070,37.796111,-97.014167,1995-03-14 12:00:00,1995-03-15 09:00:00,241.2595,1995-03-14 23:00:00,11.0000
07147070,37.796111,-97.014167,1995-05-23 23:15:00,1995-05-25 12:00:00,359.6240,1995-05-24 09:15:00,10.0000
07147070,37.796111,-97.014167,1995-05-27 12:45:00,1995-05-29 06:30:00,600.3171,1995-05-28 01:00:00,12.2500
07147070,37.796111,-97.014167,1995-06-08 18:30:00,1995-06-11 10:00:00,1016.5748,1995-06-09 06:30:00,12.0000
07147070,37.796111,-97.014167,1995-08-15 10:45:00,1995-08-17 05:00:00,382.2774,1995-08-16 01:30:00,14.7500
07147070,37.796111,-97.014167,1997-04-11 23:00:00,1997-04-12 19:00:00,246.3566,1997-04-12 10:00:00,11.0000
07147070,37.796111,-97.014167,1997-06-14 06:00:00,1997-06-14 16:00:00,215.7744,1997-06-14 13:00:00,7.0000
07147070,37.796111,-97.014167,1999-04-15 19:00:00,1999-04-16 00:00:00,210.9605,1999-04-15 21:00:00,2.0000
07147070,37.796111,-97.014167,1999-05-04 18:45:00,1999-05-05 04:30:00,223.4199,1999-05-04 23:00:00,4.2500
07147070,37.796111,-97.014167,1999-06-19 18:30:00,1999-06-21 02:15:00,470.0597,1999-06-20 02:45:00,8.2500
07147070,37.796111,-97.014167,2003-09-12 13:00:00,2003-09-13 02:00:00,229.0833,2003-09-12 22:00:00,9.0000
07147070,37.796111,-97.014167,2003-10-09 10:00:00,2003-10-11 01:00:00,419.0893,2003-10-10 02:00:00,16.0000
07147070,37.796111,-97.014167,2004-03-05 11:00:00,2004-03-06 13:00:00,297.3269,2004-03-05 22:00:00,11.0000
07147070,37.796111,-97.014167,2004-07-24 07:00:00,2004-07-26 08:00:00,402.0992,2004-07-25 07:00:00,24.0000
07147070,37.796111,-97.014167,2005-06-10 05:00:00,2005-06-14 22:00:00,345.4655,2005-06-10 14:00:00,9.0000
07147070,37.796111,-97.014167,2005-08-25 12:00:00,2005-08-27 17:00:00,453.0695,2005-08-26 15:00:00,27.0000
07147070,37.796111,-97.014167,2007-06-30 14:00:00,2007-07-01 15:00:00,266.7447,2007-07-01 05:00:00,15.0000
07147070,37.796111,-97.014167,2008-09-13 03:00:00,2008-09-15 08:00:00,467.2280,2008-09-14 07:00:00,28.0000
07147070,37.796111,-97.014167,2009-04-27 06:00:00,2009-04-29 02:00:00,974.0995,2009-04-27 15:00:00,9.0000
07147070,37.796111,-97.014167,2009-05-08 23:00:00,2009-05-10 03:00:00,339.8022,2009-05-09 10:00:00,11.0000
07147070,37.796111,-97.014167,2009-09-09 18:00:00,2009-09-09 21:00:00,208.4120,2009-09-09 20:00:00,2.0000
07147070,37.796111,-97.014167,2010-06-09 13:00:00,2010-06-11 04:00:00,478.5547,2010-06-10 03:00:00,14.0000
07147070,37.796111,-97.014167,2010-06-14 09:00:00,2010-06-15 19:00:00,322.8121,2010-06-15 04:00:00,19.0000
07147070,37.796111,-97.014167,2010-07-05 23:00:00,2010-07-06 11:00:00,231.6318,2010-07-06 06:00:00,7.0000
07147070,37.796111,-97.014167,2013-07-31 06:00:00,2013-07-31 21:15:00,215.4912,2013-07-31 16:00:00,10.0000
07147070,37.796111,-97.014167,2013-08-05 06:00:00,2013-08-09 22:15:00,267.0279,2013-08-07 13:30:00,55.5000
07147070,37.796111,-97.014167,2013-11-01 07:30:00,2013-11-01 19:00:00,223.1368,2013-11-01 14:00:00,6.5000
07147070,37.796111,-97.014167,2015-05-17 23:00:00,2015-05-18 15:15:00,231.3486,2015-05-18 09:45:00,10.7500
07147070,37.796111,-97.014167,2015-05-24 09:30:00,2015-05-25 12:45:00,262.7803,2015-05-25 03:15:00,17.7500
07159750,35.813611,-97.477778,1990-03-15 07:00:00,1990-03-15 11:00:00,175.8476,1990-03-15 08:00:00,1.0000
07159750,35.813611,-97.477778,1990-04-17 16:00:00,1990-04-18 09:00:00,365.2873,1990-04-17 21:00:00,5.0000
07159750,35.813611,-97.477778,1990-05-03 11:00:00,1990-05-04 06:00:00,322.8121,1990-05-03 20:00:00,9.0000
07159750,35.813611,-97.477778,1991-12-20 23:00:00,1991-12-21 13:00:00,322.8121,1991-12-21 05:00:00,6.0000
07159750,35.813611,-97.477778,1993-05-03 05:00:00,1993-05-03 06:00:00,158.8575,1993-05-03 06:00:00,1.0000
07159750,35.813611,-97.477778,1993-05-08 23:00:00,1993-05-10 17:00:00,1305.4066,1993-05-09 06:00:00,7.0000
07159750,35.813611,-97.477778,1995-06-04 15:00:00,1995-06-06 10:00:00,614.4756,1995-06-04 22:00:00,7.0000
07159750,35.813611,-97.477778,1995-06-09 10:00:00,1995-06-11 09:00:00,1271.4264,1995-06-09 21:00:00,11.0000
07159750,35.813611,-97.477778,1997-04-12 00:00:00,1997-04-12 15:00:00,300.1586,1997-04-12 07:00:00,7.0000
07159750,35.813611,-97.477778,1998-03-17 04:00:00,1998-03-18 06:00:00,325.6437,1998-03-17 17:00:00,13.0000
07159750,35.813611,-97.477778,1998-11-01 21:00:00,1998-11-02 17:00:00,501.2082,1998-11-02 01:00:00,4.0000
07159750,35.813611,-97.477778,1999-04-26 05:00:00,1999-04-26 16:00:00,219.7387,1999-04-26 10:00:00,5.0000
07159750,35.813611,-97.477778,2001-09-19 05:00:00,2001-09-19 16:30:00,236.1625,2001-09-19 07:00:00,2.0000
07167500,37.708056,-96.223333,1995-06-10 04:00:00,1995-06-10 09:15:00,470.0597,1995-06-10 06:45:00,2.7500
07167500,37.708056,-96.223333,1998-11-01 09:45:00,1998-11-02 03:00:00,1299.7433,1998-11-01 16:00:00,6.2500
07167500,37.708056,-96.223333,1999-06-19 16:15:00,1999-06-19 20:15:00,356.7923,1999-06-19 18:00:00,1.7500
07167500,37.708056,-96.223333,1999-06-24 17:45:00,1999-06-24 23:00:00,393.6042,1999-06-24 21:00:00,3.2500
07167500,37.708056,-96.223333,2000-06-21 07:00:00,2000-06-21 10:00:00,368.1190,2000-06-21 09:00:00,2.0000
07167500,37.708056,-96.223333,2000-06-26 09:30:00,2000-06-26 17:00:00,1129.8422,2000-06-26 12:00:00,2.5000
07167500,37.708056,-96.223333,2001-06-21 14:00:00,2001-06-21 19:00:00,416.2576,2001-06-21 16:15:00,2.2500
07167500,37.708056,-96.223333,2001-09-18 07:45:00,2001-09-18 15:30:00,461.5646,2001-09-18 11:00:00,3.2500
07167500,37.708056,-96.223333,2004-03-04 19:45:00,2004-03-05 04:30:00,676.7726,2004-03-05 00:00:00,4.2500
07167500,37.708056,-96.223333,2004-05-13 20:00:00,2004-05-13 21:15:00,322.8121,2004-05-13 21:00:00,1.0000
07167500,37.708056,-96.223333,2005-06-04 09:00:00,2005-06-05 12:45:00,1107.1887,2005-06-04 16:00:00,7.0000
07167500,37.708056,-96.223333,2005-06-11 16:00:00,2005-06-11 21:00:00,416.2576,2005-06-11 18:00:00,2.0000
07167500,37.708056,-96.223333,2005-08-25 09:30:00,2005-08-25 22:30:00,1237.4462,2005-08-25 13:45:00,4.2500
07167500,37.708056,-96.223333,2007-06-29 14:00:00,2007-07-01 02:00:00,1243.1096,2007-06-30 07:00:00,17.0000
07167500,37.708056,-96.223333,2008-06-13 08:00:00,2008-06-13 17:00:00,676.7726,2008-06-13 12:00:00,4.0000
07167500,37.708056,-96.223333,2008-08-10 07:00:00,2008-08-10 11:00:00,370.9507,2008-08-10 09:00:00,2.0000
07167500,37.708056,-96.223333,2009-09-09 02:00:00,2009-09-09 05:00:00,325.6437,2009-09-09 04:00:00,2.0000
07172000,37.003889,-96.316389,1994-04-28 12:00:00,1994-04-28 16:15:00,931.6243,1994-04-28 14:15:00,2.2500
07172000,37.003889,-96.316389,1995-07-03 12:15:00,1995-07-03 19:30:00,1223.2878,1995-07-03 15:00:00,2.7500
07172000,37.003889,-96.316389,2003-06-06 08:00:00,2003-06-06 12:00:00,866.4955,2003-06-06 09:30:00,1.5000
07172000,37.003889,-96.316389,2007-06-11 12:00:00,2007-06-11 22:00:00,1438.4958,2007-06-11 17:00:00,5.0000
07172000,37.003889,-96.316389,2007-06-29 02:00:00,2007-07-01 11:00:00,1563.0899,2007-06-30 20:00:00,42.0000
07188000,36.934444,-94.746944,1990-03-15 04:23:21,1990-03-17 15:24:57,1393.1889,1990-03-16 19:24:24,39.0175
07188000,36.934444,-94.746944,1990-05-18 19:00:00,1990-05-22 05:00:00,1104.3570,1990-05-19 08:00:00,13.0000
07188000,36.934444,-94.746944,1990-05-27 19:00:00,1990-05-29 21:00:00,1268.5947,1990-05-28 23:00:00,28.0000
07188000,36.934444,-94.746944,1992-07-11 17:00:00,1992-07-12 09:00:00,1044.8916,1992-07-12 01:00:00,8.0000
07188000,36.934444,-94.746944,1992-11-22 18:00:00,1992-11-25 06:00:00,1339.3868,1992-11-24 04:00:00,34.0000
07188000,36.934444,-94.746944,1992-12-14 12:00:00,1992-12-18 06:00:00,1565.9216,1992-12-16 07:00:00,43.0000
07188000,36.934444,-94.746944,1993-05-18 17:00:00,1993-05-19 21:00:00,1044.8916,1993-05-19 00:00:00,7.0000
07188000,36.934444,-94.746944,1993-09-25 00:00:00,1993-09-28 15:00:00,6512.8747,1993-09-26 15:00:00,39.0000
07188000,36.934444,-94.746944,1994-04-11 08:00:00,1994-04-15 02:00:00,3029.9026,1994-04-13 01:00:00,41.0000
07188000,36.934444,-94.746944,1994-11-20 16:00:00,1994-11-22 13:00:00,1104.3570,1994-11-21 06:00:00,14.0000
07188000,36.934444,-94.746944,1995-05-08 09:00:00,1995-05-10 13:00:00,1271.4264,1995-05-08 22:00:00,13.0000
07188000,36.934444,-94.746944,1995-06-10 09:00:00,1995-06-13 16:00:00,2205.8824,1995-06-12 00:00:00,39.0000
07188000,36.934444,-94.746944,1998-10-05 12:00:00,1998-10-08 16:00:00,1523.4463,1998-10-07 15:00:00,51.0000
07188000,36.934444,-94.746944,1999-04-25 22:00:00,1999-04-29 06:00:00,1483.8028,1999-04-27 10:30:00,36.5000
07188000,36.934444,-94.746944,1999-05-05 05:00:00,1999-05-07 07:30:00,1619.7236,1999-05-05 06:00:00,1.0000
07188000,36.934444,-94.746944,2001-02-25 02:00:00,2001-02-26 13:00:00,1008.0797,2001-02-26 05:30:00,27.5000
07188000,36.934444,-94.746944,2002-05-08 16:30:00,2002-05-11 16:30:00,1529.1097,2002-05-10 09:00:00,40.5000
07188000,36.934444,-94.746944,2004-03-05 05:30:00,2004-03-06 16:30:00,1087.3669,2004-03-05 13:00:00,7.5000
07188000,36.934444,-94.746944,2004-04-25 12:30:00,2004-04-25 22:00:00,942.9510,2004-04-25 16:30:00,4.0000
07188000,36.934444,-94.746944,2005-01-05 18:30:00,2005-01-08 07:00:00,1401.6839,2005-01-07 08:30:00,38.0000
07188000,36.934444,-94.746944,2007-06-11 16:30:00,2007-06-15 09:30:00,2973.2689,2007-06-13 10:00:00,41.5000
07188000,36.934444,-94.746944,2007-07-02 22:30:00,2007-07-03 03:00:00,942.9510,2007-07-03 03:00:00,4.5000
07188000,36.934444,-94.746944,2007-09-10 06:30:00,2007-09-11 00:00:00,1019.4065,2007-09-10 14:30:00,8.0000
07188000,36.934444,-94.746944,2008-03-19 03:00:00,2008-03-21 22:30:00,1934.0406,2008-03-20 19:00:00,40.0000
07188000,36.934444,-94.746944,2008-04-10 10:30:00,2008-04-13 10:00:00,1985.0109,2008-04-12 07:30:00,45.0000
07188000,36.934444,-94.746944,2008-05-08 08:30:00,2008-05-10 00:00:00,1186.4759,2008-05-08 17:00:00,8.5000
07188000,36.934444,-94.746944,2008-06-14 04:30:00,2008-06-15 17:00:00,948.6144,2008-06-14 12:00:00,7.5000
07188000,36.934444,-94.746944,2009-10-09 02:30:00,2009-10-12 13:30:00,1874.5752,2009-10-10 23:30:00,45.0000
07188000,36.934444,-94.746944,2010-03-25 22:30:00,2010-03-27 03:00:00,1010.9114,2010-03-26 05:00:00,6.5000
07188000,36.934444,-94.746944,2011-04-25 18:00:00,2011-04-28 07:30:00,1489.4661,2011-04-27 00:30:00,30.5000
07188000,36.934444,-94.746944,2011-05-24 00:30:00,2011-05-25 15:30:00,1362.0403,2011-05-24 06:30:00,6.0000
07188000,36.934444,-94.746944,2012-05-01 20:30:00,2012-05-02 11:30:00,957.1094,2012-05-02 03:30:00,7.0000
07188000,36.934444,-94.746944,2013-06-01 07:30:00,2013-06-03 02:30:00,1231.7828,2013-06-01 21:00:00,13.5000
07188000,36.934444,-94.746944,2015-05-25 04:00:00,2015-05-26 01:30:00,1039.2283,2015-05-25 10:30:00,6.5000
07188000,36.934444,-94.746944,2015-06-19 09:00:00,2015-06-19 14:00:00,923.1292,2015-06-19 11:00:00,2.0000
07188000,36.934444,-94.746944,2015-07-10 05:00:00,2015-07-10 14:00:00,942.9510,2015-07-10 08:00:00,3.0000
07188000,36.934444,-94.746944,2015-12-27 08:00:00,2015-12-31 17:30:00,4275.8438,2015-12-29 08:00:00,48.0000
07261500,34.872500,-93.657222,1987-03-18 01:00:00,1987-03-18 13:00:00,889.1490,1987-03-18 08:00:00,7.0000
07261500,34.872500,-93.657222,1987-12-26 07:00:00,1987-12-27 10:00:00,911.8025,1987-12-26 16:00:00,9.0000
07261500,34.872500,-93.657222,1990-04-21 21:00:00,1990-04-22 05:30:00,747.5648,1990-04-22 03:00:00,6.0000
07261500,34.872500,-93.657222,1990-05-02 18:00:00,1990-05-04 11:15:00,1656.5355,1990-05-04 00:00:00,30.0000
07261500,34.872500,-93.657222,1990-05-19 21:00:00,1990-05-20 14:00:00,1311.0700,1990-05-20 05:00:00,8.0000
07261500,34.872500,-93.657222,1991-03-23 06:00:00,1991-03-23 08:15:00,631.4657,1991-03-23 08:00:00,2.0000
07261500,34.872500,-93.657222,1991-04-13 23:00:00,1991-04-14 20:00:00,1347.8819,1991-04-14 13:00:00,14.0000
07261500,34.872500,-93.657222,1992-12-15 17:00:00,1992-12-16 10:15:00,1061.8817,1992-12-16 03:00:00,10.0000
07261500,34.872500,-93.657222,1993-01-04 21:00:00,1993-01-05 10:00:00,954.2777,1993-01-05 06:00:00,9.0000
07261500,34.872500,-93.657222,1993-12-03 21:00:00,1993-12-04 14:00:00,1044.8916,1993-12-04 07:00:00,10.0000
07261500,34.872500,-93.657222,1995-05-08 23:00:00,1995-05-09 05:00:00,665.4459,1995-05-09 03:00:00,4.0000
07261500,34.872500,-93.657222,1999-12-12 22:00:00,1999-12-13 04:00:00,648.4558,1999-12-13 01:00:00,3.0000
07261500,34.872500,-93.657222,2000-06-22 04:00:00,2000-06-22 14:00:00,872.1589,2000-06-22 11:00:00,7.0000
07261500,34.872500,-93.657222,2001-02-16 16:00:00,2001-02-17 13:00:00,1200.6343,2001-02-17 04:00:00,12.0000
07261500,34.872500,-93.657222,2001-12-16 22:00:00,2001-12-18 03:00:00,1526.2780,2001-12-17 17:00:00,19.0000
07261500,34.872500,-93.657222,2002-02-01 03:00:00,2002-02-01 15:00:00,903.3074,2002-02-01 12:00:00,9.0000
07261500,34.872500,-93.657222,2002-03-19 18:00:00,2002-03-21 00:00:00,1155.3273,2002-03-20 04:00:00,10.0000
07261500,34.872500,-93.657222,2002-04-08 14:00:00,2002-04-09 02:00:00,914.6341,2002-04-08 23:00:00,9.0000
07261500,34.872500,-93.657222,2004-04-24 17:30:00,2004-04-25 07:45:00,843.8420,2004-04-25 01:00:00,7.5000
07261500,34.872500,-93.657222,2007-01-15 10:00:00,2007-01-15 21:00:00,716.4162,2007-01-15 16:00:00,6.0000
07261500,34.872500,-93.657222,2008-03-19 02:30:00,2008-03-20 07:30:00,2307.8230,2008-03-19 12:30:00,10.0000
07261500,34.872500,-93.657222,2008-04-04 08:15:00,2008-04-04 20:00:00,733.4063,2008-04-04 14:45:00,6.5000
07261500,34.872500,-93.657222,2008-09-03 10:15:00,2008-09-04 11:45:00,1248.7729,2008-09-03 20:45:00,10.5000
07261500,34.872500,-93.657222,2009-09-16 18:45:00,2009-09-17 14:45:00,838.1787,2009-09-17 04:45:00,10.0000
07261500,34.872500,-93.657222,2009-10-30 13:45:00,2009-10-30 20:30:00,679.6043,2009-10-30 18:00:00,4.2500
07261500,34.872500,-93.657222,2010-05-20 15:15:00,2010-05-21 10:30:00,1047.7233,2010-05-21 05:15:00,14.0000
07261500,34.872500,-93.657222,2011-04-26 07:45:00,2011-04-26 16:45:00,662.6142,2011-04-26 12:30:00,4.7500
07261500,34.872500,-93.657222,2011-05-02 16:15:00,2011-05-02 21:30:00,631.4657,2011-05-02 19:15:00,3.0000
07261500,34.872500,-93.657222,2011-11-22 03:00:00,2011-11-23 06:00:00,1727.3276,2011-11-22 20:15:00,17.2500
07261500,34.872500,-93.657222,2013-05-31 11:00:00,2013-06-02 11:45:00,5521.7851,2013-05-31 18:45:00,7.7500
07261500,34.872500,-93.657222,2015-05-11 05:30:00,2015-05-12 07:15:00,2820.3579,2015-05-11 21:45:00,16.2500
07261500,34.872500,-93.657222,2015-05-20 19:15:00,2015-05-21 08:45:00,982.5946,2015-05-21 04:30:00,9.2500
07261500,34.872500,-93.657222,2015-11-28 10:30:00,2015-11-29 09:00:00,1234.6145,2015-11-28 21:30:00,11.0000
07261500,34.872500,-93.657222,2015-12-27 21:30:00,2015-12-29 05:45:00,4813.8639,2015-12-28 10:15:00,12.7500
07261500,34.872500,-93.657222,2016-04-30 10:30:00,2016-05-01 02:45:00,883.4856,2016-04-30 22:00:00,11.5000
07329700,34.541389,-97.246944,1990-05-02 06:15:00,1990-05-04 03:15:00,1149.6640,1990-05-03 05:15:00,23.0000
07329700,34.541389,-97.246944,1991-12-20 18:30:00,1991-12-20 23:15:00,379.4457,1991-12-20 20:45:00,2.2500
07169800,37.375556,-96.185278,2007-06-30 00:00:00,2007-07-01 06:00:00,1806.6148,2007-06-30 14:00:00,14.0000
07177500,36.278333,-95.953889,1993-05-09 08:00:00,1993-05-11 17:00:00,866.4955,1993-05-10 11:00:00,27.0000
07177500,36.278333,-95.953889,1994-04-11 21:00:00,1994-04-13 15:00:00,614.4756,1994-04-12 19:00:00,22.0000
07177500,36.278333,-95.953889,1995-05-08 08:00:00,1995-05-09 22:30:00,458.7329,1995-05-09 07:00:00,23.0000
07177500,36.278333,-95.953889,1995-06-07 16:00:00,1995-06-08 07:00:00,373.7824,1995-06-07 23:00:00,7.0000
07177500,36.278333,-95.953889,1995-06-09 20:30:00,1995-06-12 03:30:00,492.7131,1995-06-11 02:30:00,30.0000
07177500,36.278333,-95.953889,1995-07-04 13:30:00,1995-07-05 14:00:00,506.8716,1995-07-04 23:00:00,9.5000
07177500,36.278333,-95.953889,1998-03-17 11:00:00,1998-03-18 18:30:00,393.6042,1998-03-18 05:00:00,18.0000
07177500,36.278333,-95.953889,1998-04-27 17:30:00,1998-04-29 09:00:00,521.0300,1998-04-28 13:00:00,19.5000
07177500,36.278333,-95.953889,1998-10-05 18:00:00,1998-10-06 07:00:00,353.9606,1998-10-05 23:00:00,5.0000
07177500,36.278333,-95.953889,1999-04-25 21:30:00,1999-04-27 23:30:00,608.8122,1999-04-26 23:00:00,25.5000
07177500,36.278333,-95.953889,1999-05-04 20:30:00,1999-05-06 00:00:00,436.0794,1999-05-05 08:00:00,11.5000
07177500,36.278333,-95.953889,2000-05-06 21:00:00,2000-05-08 00:30:00,396.4359,2000-05-07 02:00:00,5.0000
07177500,36.278333,-95.953889,2004-03-05 05:30:00,2004-03-06 22:30:00,538.0201,2004-03-06 07:30:00,26.0000
07177500,36.278333,-95.953889,2005-01-06 01:00:00,2005-01-06 13:30:00,342.6338,2005-01-06 06:00:00,5.0000
07177500,36.278333,-95.953889,2007-03-30 12:30:00,2007-03-31 02:00:00,362.4556,2007-03-30 18:00:00,5.5000
07177500,36.278333,-95.953889,2007-05-07 20:00:00,2007-05-09 05:00:00,410.5943,2007-05-08 18:30:00,22.5000
07177500,36.278333,-95.953889,2007-06-21 10:00:00,2007-06-21 17:00:00,339.8022,2007-06-21 14:00:00,4.0000
07177500,36.278333,-95.953889,2007-06-29 23:30:00,2007-07-02 02:30:00,472.8913,2007-07-01 13:00:00,37.5000
07177500,36.278333,-95.953889,2008-04-10 10:30:00,2008-04-12 05:00:00,656.9508,2008-04-11 09:00:00,22.5000
07177500,36.278333,-95.953889,2008-05-08 09:00:00,2008-05-09 12:30:00,427.5844,2008-05-08 18:30:00,9.5000
07177500,36.278333,-95.953889,2008-06-09 17:00:00,2008-06-11 20:30:00,707.9212,2008-06-10 22:00:00,29.0000
07177500,36.278333,-95.953889,2008-06-17 03:00:00,2008-06-17 10:00:00,336.9705,2008-06-17 05:00:00,2.0000
07177500,36.278333,-95.953889,2010-06-14 23:00:00,2010-06-16 02:30:00,436.0794,2010-06-15 14:00:00,15.0000
07177500,36.278333,-95.953889,2012-03-20 14:30:00,2012-03-21 03:00:00,365.2873,2012-03-20 21:00:00,6.5000
07177500,36.278333,-95.953889,2013-05-30 18:30:00,2013-06-01 05:30:00,427.5844,2013-05-31 11:00:00,16.5000
07177500,36.278333,-95.953889,2015-05-24 11:00:00,2015-05-25 07:00:00,413.4260,2015-05-24 19:00:00,8.0000
07177500,36.278333,-95.953889,2015-06-19 00:30:00,2015-06-19 06:30:00,336.9705,2015-06-19 03:00:00,2.5000
07177500,36.278333,-95.953889,2015-12-27 09:30:00,2015-12-29 04:30:00,555.0102,2015-12-28 04:00:00,18.5000
07179730,38.466944,-96.250278,1992-11-20 06:00:00,1992-11-20 21:00:00,197.0853,1992-11-20 14:00:00,8.0000
07179730,38.466944,-96.250278,1993-05-08 21:00:00,1993-05-12 11:00:00,387.9408,1993-05-09 13:00:00,16.0000
07179730,38.466944,-96.250278,1993-07-19 20:00:00,1993-07-24 01:00:00,492.7131,1993-07-23 01:00:00,77.0000
07179730,38.466944,-96.250278,1993-07-29 19:00:00,1993-07-31 03:00:00,421.9210,1993-07-30 11:00:00,16.0000
07179730,38.466944,-96.250278,1995-03-14 12:00:00,1995-03-15 11:00:00,252.0199,1995-03-15 02:00:00,14.0000
07179730,38.466944,-96.250278,1995-05-17 17:00:00,1995-05-19 03:30:00,368.1190,1995-05-18 03:00:00,10.0000
07179730,38.466944,-96.250278,1995-05-24 02:00:00,1995-05-25 20:15:00,356.7923,1995-05-25 02:00:00,24.0000
07179730,38.466944,-96.250278,1995-05-27 13:45:00,1995-05-28 22:15:00,353.9606,1995-05-28 06:00:00,16.2500
07179730,38.466944,-96.250278,1995-06-09 03:00:00,1995-06-09 17:00:00,222.5704,1995-06-09 10:00:00,7.0000
07179730,38.466944,-96.250278,1995-06-10 20:45:00,1995-06-11 01:00:00,171.0338,1995-06-10 23:00:00,2.2500
07179730,38.466944,-96.250278,1995-08-16 23:45:00,1995-08-17 07:45:00,172.7328,1995-08-17 04:15:00,4.5000
07179730,38.466944,-96.250278,1996-06-01 17:00:00,1996-06-02 22:00:00,438.9111,1996-06-02 00:45:00,7.7500
07179730,38.466944,-96.250278,1996-08-24 00:45:00,1996-08-25 01:45:00,245.7902,1996-08-24 17:00:00,16.2500
07179730,38.466944,-96.250278,1996-11-17 18:00:00,1996-11-18 08:00:00,213.2259,1996-11-18 02:00:00,8.0000
07179730,38.466944,-96.250278,1997-04-11 15:00:00,1997-04-12 18:15:00,328.4754,1997-04-12 03:00:00,12.0000
07179730,38.466944,-96.250278,1998-10-05 08:30:00,1998-10-06 09:00:00,256.5506,1998-10-06 00:00:00,15.5000
07179730,38.466944,-96.250278,1998-11-01 16:30:00,1998-11-03 18:15:00,436.0794,1998-11-02 12:45:00,20.2500
07179730,38.466944,-96.250278,1999-04-15 13:00:00,1999-04-16 13:15:00,268.7269,1999-04-16 02:30:00,13.5000
07179730,38.466944,-96.250278,1999-04-27 15:00:00,1999-04-28 18:15:00,291.6635,1999-04-28 04:45:00,13.7500
07179730,38.466944,-96.250278,1999-05-21 22:15:00,1999-05-22 10:00:00,198.5011,1999-05-22 04:00:00,5.7500
07179730,38.466944,-96.250278,1999-05-23 19:30:00,1999-05-24 17:45:00,319.9804,1999-05-24 03:00:00,7.5000
07179730,38.466944,-96.250278,1999-06-29 08:30:00,1999-06-29 18:30:00,194.5367,1999-06-29 14:00:00,5.5000
07179730,38.466944,-96.250278,2004-03-05 06:00:00,2004-03-06 10:00:00,334.1388,2004-03-05 21:15:00,15.2500
07179730,38.466944,-96.250278,2004-06-16 00:00:00,2004-06-17 02:00:00,413.4260,2004-06-16 12:00:00,12.0000
07179730,38.466944,-96.250278,2004-06-18 20:00:00,2004-06-20 02:00:00,441.7428,2004-06-19 10:00:00,14.0000
07179730,38.466944,-96.250278,2004-07-25 05:00:00,2004-07-26 04:00:00,302.9903,2004-07-25 18:00:00,13.0000
07179730,38.466944,-96.250278,2005-05-13 14:00:00,2005-05-15 00:00:00,370.9507,2005-05-14 01:00:00,11.0000
07179730,38.466944,-96.250278,2005-06-04 11:00:00,2005-06-05 11:00:00,196.8021,2005-06-04 18:00:00,7.0000
07179730,38.466944,-96.250278,2005-06-09 14:00:00,2005-06-09 19:00:00,172.7328,2005-06-09 16:00:00,2.0000
07179730,38.466944,-96.250278,2005-06-11 12:00:00,2005-06-14 03:00:00,311.4853,2005-06-13 11:00:00,47.0000
07179730,38.466944,-96.250278,2005-08-26 04:00:00,2005-08-27 20:00:00,379.4457,2005-08-26 19:00:00,15.0000
07179730,38.466944,-96.250278,2007-05-07 16:00:00,2007-05-08 17:45:00,365.2873,2007-05-08 04:00:00,12.0000
07179730,38.466944,-96.250278,2010-06-14 07:30:00,2010-06-15 15:45:00,317.1487,2010-06-15 04:15:00,20.7500
07179730,38.466944,-96.250278,2010-07-21 17:45:00,2010-07-22 13:30:00,206.1466,2010-07-22 06:00:00,12.2500
07179730,38.466944,-96.250278,2015-05-17 17:30:00,2015-05-18 11:30:00,199.0674,2015-05-18 05:15:00,11.7500
07179730,38.466944,-96.250278,2015-05-24 09:00:00,2015-05-25 13:45:00,322.8121,2015-05-25 03:00:00,18.0000
07179730,38.466944,-96.250278,2016-04-27 14:15:00,2016-04-28 12:15:00,203.5981,2016-04-28 05:30:00,15.2500
07179730,38.466944,-96.250278,2016-05-27 10:15:00,2016-05-29 02:45:00,373.7824,2016-05-28 04:30:00,18.2500
07221500,35.655278,-104.378611,1999-05-02 01:00:00,1999-05-02 02:30:00,1008.0797,1999-05-02 01:15:00,0.2500
07324200,35.656389,-99.305833,1997-09-23 03:30:00,1997-09-24 15:45:00,141.0179,1997-09-23 10:15:00,6.7500
07324200,35.656389,-99.305833,1998-11-01 02:30:00,1998-11-01 10:30:00,76.1723,1998-11-01 05:45:00,3.2500
07324200,35.656389,-99.305833,2001-05-04 23:00:00,2001-05-05 04:30:00,88.3486,2001-05-05 03:15:00,4.2500
07324200,35.656389,-99.305833,2015-05-24 11:45:00,2015-05-24 17:00:00,70.5089,2015-05-24 14:00:00,2.2500
07074500,35.605000,-91.288611,1987-12-26 17:00:00,1988-01-04 20:00:00,2381.4468,1987-12-29 04:00:00,59.0000
07074500,35.605000,-91.288611,1988-01-08 18:00:00,1988-01-12 11:15:00,1458.3176,1988-01-09 18:00:00,24.0000
07074500,35.605000,-91.288611,1988-01-17 18:30:00,1988-01-29 12:00:00,1687.6841,1988-01-19 23:00:00,52.5000
07074500,35.605000,-91.288611,1988-04-04 01:00:00,1988-04-15 21:00:00,1557.4266,1988-04-04 21:00:00,20.0000
07074500,35.605000,-91.288611,1988-04-18 11:45:00,1988-04-20 15:15:00,1585.7434,1988-04-19 19:45:00,32.0000
07074500,35.605000,-91.288611,1988-04-28 00:00:00,1988-04-29 23:00:00,1446.9909,1988-04-28 20:00:00,20.0000
07074500,35.605000,-91.288611,1990-03-09 12:00:00,1990-03-10 12:00:00,1455.4859,1990-03-09 20:00:00,8.0000
07074500,35.605000,-91.288611,1990-03-30 20:00:00,1990-04-03 02:00:00,1659.3672,1990-04-01 02:00:00,30.0000
07074500,35.605000,-91.288611,1990-04-07 20:00:00,1990-04-11 21:00:00,1469.6443,1990-04-10 14:00:00,66.0000
07074500,35.605000,-91.288611,1990-04-17 20:00:00,1990-04-25 23:00:00,1730.1593,1990-04-18 23:00:00,27.0000
07074500,35.605000,-91.288611,1990-05-03 21:00:00,1990-05-11 10:00:00,2944.9520,1990-05-06 11:00:00,62.0000
07074500,35.605000,-91.288611,1991-01-01 06:00:00,1991-01-05 10:00:00,1704.6742,1991-01-01 09:00:00,3.0000
07074500,35.605000,-91.288611,1991-01-06 15:30:00,1991-01-19 23:00:00,1854.7535,1991-01-12 19:45:00,148.2500
07074500,35.605000,-91.288611,1991-04-14 13:00:00,1991-05-07 19:00:00,2293.6646,1991-04-19 05:30:00,112.5000
07074500,35.605000,-91.288611,1991-12-07 12:00:00,1991-12-11 19:00:00,1571.5850,1991-12-10 20:30:00,80.5000
07074500,35.605000,-91.288611,1994-01-29 04:00:00,1994-01-31 02:00:00,1497.9612,1994-01-29 21:00:00,17.0000
07074500,35.605000,-91.288611,1994-02-24 06:00:00,1994-02-27 21:00:00,1608.3969,1994-02-25 04:00:00,22.0000
07074500,35.605000,-91.288611,1994-03-12 10:00:00,1994-03-21 14:00:00,1710.3375,1994-03-15 17:00:00,79.0000
07074500,35.605000,-91.288611,1994-03-23 13:00:00,1994-03-26 04:00:00,1455.4859,1994-03-24 22:00:00,33.0000
07074500,35.605000,-91.288611,1994-04-12 20:00:00,1994-04-15 02:00:00,1588.5751,1994-04-13 22:00:00,26.0000
07074500,35.605000,-91.288611,1994-11-07 07:00:00,1994-11-08 21:00:00,1642.3771,1994-11-08 00:00:00,17.0000
07074500,35.605000,-91.288611,1994-12-11 11:00:00,1994-12-14 18:00:00,1582.9117,1994-12-12 14:00:00,27.0000
07074500,35.605000,-91.288611,1995-05-03 11:00:00,1995-05-04 17:00:00,1478.1394,1995-05-03 21:00:00,10.0000
07074500,35.605000,-91.288611,1995-05-10 10:00:00,1995-05-12 11:00:00,1560.2582,1995-05-11 05:00:00,19.0000
07074500,35.605000,-91.288611,1996-11-09 08:00:00,1996-11-11 11:00:00,1693.3474,1996-11-10 05:00:00,21.0000
07074500,35.605000,-91.288611,1996-11-26 08:00:00,1996-12-18 05:00:00,1902.8921,1996-11-27 22:00:00,38.0000
07074500,35.605000,-91.288611,1997-03-02 13:00:00,1997-04-02 08:00:00,1917.0505,1997-03-05 07:00:00,66.0000
07074500,35.605000,-91.288611,1997-04-05 19:00:00,1997-04-15 12:00:00,2103.9417,1997-04-09 03:00:00,79.0000
07074500,35.605000,-91.288611,1998-03-09 03:00:00,1998-03-12 16:00:00,1670.6939,1998-03-10 17:00:00,38.0000
07074500,35.605000,-91.288611,1998-03-20 10:00:00,1998-03-24 22:00:00,1721.6643,1998-03-22 03:00:00,41.0000
07074500,35.605000,-91.288611,1998-04-01 04:00:00,1998-04-08 06:00:00,1656.5355,1998-04-02 23:00:00,43.0000
07074500,35.605000,-91.288611,2001-02-17 15:00:00,2001-02-21 18:00:00,1778.2980,2001-02-19 00:00:00,33.0000
07074500,35.605000,-91.288611,2001-12-18 00:00:00,2001-12-24 19:00:00,2109.6051,2001-12-20 05:00:00,53.0000
07074500,35.605000,-91.288611,2002-02-03 09:00:00,2002-02-03 17:00:00,1435.6641,2002-02-03 11:00:00,2.0000
07074500,35.605000,-91.288611,2002-02-08 07:00:00,2002-02-10 22:00:00,1466.8127,2002-02-09 07:00:00,24.0000
07074500,35.605000,-91.288611,2002-03-20 14:00:00,2002-04-13 22:00:00,2486.2191,2002-03-28 18:00:00,196.0000
07074500,35.605000,-91.288611,2002-05-20 07:00:00,2002-05-28 09:00:00,1616.8919,2002-05-22 07:00:00,48.0000
07074500,35.605000,-91.288611,2003-05-19 01:00:00,2003-05-20 11:00:00,1478.1394,2003-05-19 13:00:00,12.0000
07074500,35.605000,-91.288611,2004-04-24 17:00:00,2004-05-03 04:00:00,3709.5069,2004-04-27 10:00:00,65.0000
07074500,35.605000,-91.288611,2005-01-06 12:00:00,2005-01-11 09:00:00,1752.8128,2005-01-08 14:00:00,50.0000
07074500,35.605000,-91.288611,2005-01-14 20:00:00,2005-02-01 23:00:00,1650.8722,2005-01-22 20:00:00,192.0000
07074500,35.605000,-91.288611,2006-12-02 17:00:00,2006-12-05 06:00:00,1735.8227,2006-12-03 15:00:00,22.0000
07074500,35.605000,-91.288611,2007-01-15 11:00:00,2007-02-05 11:00:00,2460.7340,2007-01-18 01:00:00,62.0000
07074500,35.605000,-91.288611,2008-09-05 23:00:00,2008-09-07 09:00:00,1599.9018,2008-09-06 17:00:00,18.0000
07074500,35.605000,-91.288611,2009-05-07 03:00:00,2009-05-12 16:00:00,1571.5850,2009-05-10 16:00:00,85.0000
07074500,35.605000,-91.288611,2009-10-14 22:15:00,2009-10-17 10:15:00,1512.1196,2009-10-16 01:00:00,26.7500
07074500,35.605000,-91.288611,2009-10-30 10:30:00,2009-11-13 08:30:00,3228.1205,2009-11-03 00:15:00,86.7500
07074500,35.605000,-91.288611,2009-12-24 16:00:00,2010-01-14 15:00:00,2302.1596,2009-12-26 06:00:00,38.0000
07074500,35.605000,-91.288611,2010-01-31 16:45:00,2010-02-02 12:00:00,1432.8324,2010-02-01 00:45:00,8.0000
07074500,35.605000,-91.288611,2010-02-07 09:45:00,2010-02-10 20:30:00,1452.6542,2010-02-08 02:30:00,16.7500
07074500,35.605000,-91.288611,2011-04-26 12:00:00,2011-06-10 07:00:00,8268.5192,2011-05-04 12:00:00,192.0000
07074500,35.605000,-91.288611,2012-03-22 16:15:00,2012-03-28 03:45:00,1928.3773,2012-03-24 06:15:00,38.0000
07074500,35.605000,-91.288611,2012-03-30 04:00:00,2012-04-02 19:00:00,1446.9909,2012-03-30 21:00:00,17.0000
07074500,35.605000,-91.288611,2013-12-23 14:30:00,2013-12-24 23:30:00,1492.2978,2013-12-24 02:45:00,12.2500
07074500,35.605000,-91.288611,2014-04-29 01:30:00,2014-05-04 13:30:00,1616.8919,2014-04-29 14:45:00,13.2500
07074500,35.605000,-91.288611,2015-03-14 10:30:00,2015-03-24 21:15:00,2231.3675,2015-03-17 19:45:00,81.2500
07074500,35.605000,-91.288611,2015-03-28 11:30:00,2015-03-29 23:30:00,1478.1394,2015-03-29 01:15:00,13.7500
07074500,35.605000,-91.288611,2015-04-10 11:45:00,2015-04-12 07:45:00,1486.6344,2015-04-11 06:30:00,18.7500
07074500,35.605000,-91.288611,2015-04-14 15:30:00,2015-04-16 07:45:00,1472.4760,2015-04-15 01:15:00,9.7500
07074500,35.605000,-91.288611,2015-05-12 11:45:00,2015-05-22 14:00:00,1817.9416,2015-05-13 23:00:00,35.2500
07074500,35.605000,-91.288611,2015-12-17 03:15:00,2015-12-17 08:45:00,1430.0008,2015-12-17 08:00:00,4.7500
07074500,35.605000,-91.288611,2015-12-28 01:45:00,2016-02-01 05:30:00,6342.9736,2015-12-30 22:00:00,68.2500
07141900,38.461667,-99.014444,1993-07-24 00:00:00,1993-07-29 04:00:00,84.9505,1993-07-26 02:00:00,50.0000
07141900,38.461667,-99.014444,2001-06-10 02:00:00,2001-06-13 02:00:00,74.1901,2001-06-12 03:15:00,49.2500
07182510,38.194444,-95.735000,1993-05-16 01:30:00,1993-05-21 19:45:00,470.0597,1993-05-17 05:00:00,27.5000
07182510,38.194444,-95.735000,1995-05-31 21:45:00,1995-06-02 00:00:00,436.0794,1995-06-01 02:15:00,4.5000
07182510,38.194444,-95.735000,1995-06-15 20:15:00,1995-06-16 18:45:00,433.2478,1995-06-16 01:45:00,5.5000
07182510,38.194444,-95.735000,1998-11-03 22:30:00,1998-11-09 19:00:00,662.6142,1998-11-06 18:00:00,67.5000
07182510,38.194444,-95.735000,1998-11-10 22:00:00,1998-11-21 11:00:00,444.5745,1998-11-14 04:00:00,78.0000
07316000,33.727778,-97.159722,1991-05-28 00:00:00,1991-05-28 10:00:00,937.2876,1991-05-28 08:00:00,8.0000
07316000,33.727778,-97.159722,1991-06-05 02:00:00,1991-06-07 16:00:00,1826.4366,1991-06-07 00:00:00,46.0000
07316000,33.727778,-97.159722,1991-06-09 08:00:00,1991-06-11 05:00:00,1328.0601,1991-06-10 04:00:00,20.0000
07316000,33.727778,-97.159722,1991-09-21 02:00:00,1991-09-21 22:00:00,999.5847,1991-09-21 10:00:00,8.0000
07316000,33.727778,-97.159722,1991-12-21 02:00:00,1991-12-25 11:00:00,2673.1103,1991-12-23 13:00:00,59.0000
07316000,33.727778,-97.159722,1992-06-08 11:00:00,1992-06-12 20:00:00,1863.2485,1992-06-10 23:00:00,60.0000
07316000,33.727778,-97.159722,1995-05-08 20:00:00,1995-05-11 04:00:00,1489.4661,1995-05-09 22:00:00,26.0000
07316000,33.727778,-97.159722,1995-06-06 13:00:00,1995-06-17 10:00:00,4785.5471,1995-06-13 20:00:00,175.0000
07316000,33.727778,-97.159722,1995-08-04 07:00:00,1995-08-10 11:30:00,2826.0213,1995-08-06 16:30:00,57.5000
07316000,33.727778,-97.159722,1995-09-22 03:30:00,1995-09-23 02:00:00,979.7629,1995-09-22 15:00:00,11.5000
07316000,33.727778,-97.159722,1996-08-31 18:00:00,1996-09-02 03:00:00,1078.8719,1996-09-01 07:30:00,13.5000
07316000,33.727778,-97.159722,1996-09-07 00:00:00,1996-09-07 22:30:00,1095.8620,1996-09-07 12:00:00,12.0000
07316000,33.727778,-97.159722,1997-04-27 23:00:00,1997-05-01 08:30:00,1701.8425,1997-04-29 18:00:00,43.0000
07316000,33.727778,-97.159722,1998-03-17 06:00:00,1998-03-21 18:00:00,2888.3184,1998-03-19 08:30:00,50.5000
07316000,33.727778,-97.159722,2000-10-27 15:00:00,2000-10-30 06:00:00,1594.2385,2000-10-29 05:00:00,39.0000
07316000,33.727778,-97.159722,2001-02-16 22:00:00,2001-02-18 05:00:00,1367.7037,2001-02-17 17:00:00,19.0000
07316000,33.727778,-97.159722,2004-11-18 16:00:00,2004-11-20 23:00:00,1220.4561,2004-11-20 00:00:00,32.0000
07316000,33.727778,-97.159722,2004-11-25 04:00:00,2004-11-26 07:00:00,1008.0797,2004-11-25 06:00:00,2.0000
07316000,33.727778,-97.159722,2005-08-17 18:00:00,2005-08-20 04:00:00,1197.8026,2005-08-18 08:00:00,14.0000
07316000,33.727778,-97.159722,2006-10-18 18:00:00,2006-10-20 18:00:00,1177.9808,2006-10-20 07:00:00,37.0000
07316000,33.727778,-97.159722,2007-03-31 18:00:00,2007-04-03 11:00:00,1458.3176,2007-04-02 15:00:00,45.0000
07316000,33.727778,-97.159722,2007-05-11 22:00:00,2007-05-14 03:00:00,1138.3372,2007-05-12 16:00:00,18.0000
07316000,33.727778,-97.159722,2007-05-29 20:00:00,2007-05-30 20:00:00,942.9510,2007-05-30 17:00:00,21.0000
07316000,33.727778,-97.159722,2007-06-23 05:00:00,2007-06-25 09:00:00,1036.3966,2007-06-24 20:00:00,39.0000
07316000,33.727778,-97.159722,2007-06-27 02:00:00,2007-07-03 04:00:00,2656.1202,2007-07-03 04:00:00,146.0000
07316000,33.727778,-97.159722,2008-08-20 20:00:00,2008-08-21 15:00:00,1008.0797,2008-08-21 03:00:00,7.0000
07316000,33.727778,-97.159722,2009-04-30 03:00:00,2009-05-04 06:00:00,1849.0901,2009-05-02 14:00:00,59.0000
07316000,33.727778,-97.159722,2015-05-09 05:00:00,2015-05-13 03:00:00,1749.9811,2015-05-10 13:30:00,32.5000
07316000,33.727778,-97.159722,2015-05-17 18:30:00,2015-05-18 04:00:00,959.9411,2015-05-18 03:30:00,9.0000
07316000,33.727778,-97.159722,2015-05-19 05:00:00,2015-05-22 04:30:00,2112.4368,2015-05-22 04:30:00,71.5000
07316000,33.727778,-97.159722,2015-05-23 05:00:00,2015-05-29 04:30:00,2537.1895,2015-05-29 04:30:00,143.5000
07316000,33.727778,-97.159722,2015-06-17 17:30:00,2015-06-19 04:30:00,4898.8145,2015-06-19 04:30:00,35.0000
07316000,33.727778,-97.159722,2016-04-19 05:30:00,2016-04-23 17:00:00,1565.9216,2016-04-21 19:30:00,62.0000
07316000,33.727778,-97.159722,2016-05-25 21:30:00,2016-05-27 16:30:00,1070.3768,2016-05-26 19:00:00,21.5000
07332500,33.996944,-96.240833,1991-06-08 18:00:00,1991-06-11 04:00:00,668.2776,1991-06-09 14:00:00,20.0000
07332500,33.996944,-96.240833,1991-10-30 06:00:00,1991-10-30 14:00:00,178.3961,1991-10-30 11:00:00,5.0000
07332500,33.996944,-96.240833,1991-12-23 06:00:00,1991-12-23 07:00:00,255.1348,1991-12-23 07:00:00,1.0000
07332500,33.996944,-96.240833,1992-06-29 16:00:00,1992-06-29 16:30:00,182.3605,1992-06-29 16:30:00,0.5000
07332500,33.996944,-96.240833,1992-12-15 02:00:00,1992-12-17 07:00:00,317.1487,1992-12-16 06:00:00,28.0000
07332500,33.996944,-96.240833,1993-02-16 02:00:00,1993-02-16 20:00:00,185.4753,1993-02-16 10:00:00,8.0000
07332500,33.996944,-96.240833,1993-05-07 17:00:00,1993-05-08 06:00:00,188.3070,1993-05-08 01:00:00,8.0000
07332500,33.996944,-96.240833,1993-05-09 17:00:00,1993-05-12 03:00:00,965.6045,1993-05-10 04:00:00,11.0000
07332500,33.996944,-96.240833,1993-12-04 00:30:00,1993-12-05 10:00:00,208.6952,1993-12-04 10:00:00,9.5000
07332500,33.996944,-96.240833,1994-05-03 05:00:00,1994-05-04 12:00:00,224.2694,1994-05-03 18:00:00,13.0000
07332500,33.996944,-96.240833,1994-11-15 02:00:00,1994-11-16 11:00:00,215.2080,1994-11-15 19:00:00,17.0000
07332500,33.996944,-96.240833,1995-05-08 07:00:00,1995-05-10 17:00:00,288.8318,1995-05-09 00:00:00,17.0000
07332500,33.996944,-96.240833,1996-10-21 14:00:00,1996-10-23 00:00:00,253.4358,1996-10-22 02:00:00,12.0000
07332500,33.996944,-96.240833,1996-11-24 21:00:00,1996-11-26 09:00:00,230.2160,1996-11-25 15:00:00,18.0000
07332500,33.996944,-96.240833,1997-02-21 03:00:00,1997-02-21 18:00:00,194.5367,1997-02-21 11:00:00,8.0000
07332500,33.996944,-96.240833,1998-01-05 07:00:00,1998-01-05 13:00:00,175.8476,1998-01-05 09:00:00,2.0000
07332500,33.996944,-96.240833,1998-03-16 19:00:00,1998-03-18 18:00:00,203.8813,1998-03-18 05:00:00,34.0000
07332500,33.996944,-96.240833,1999-04-04 05:00:00,1999-04-04 07:00:00,171.6001,1999-04-04 06:00:00,1.0000
07332500,33.996944,-96.240833,2000-12-26 16:30:00,2000-12-28 06:30:00,275.8061,2000-12-27 06:00:00,13.5000
07332500,33.996944,-96.240833,2001-02-16 07:00:00,2001-02-18 13:30:00,317.1487,2001-02-17 01:00:00,18.0000
07332500,33.996944,-96.240833,2001-02-24 14:00:00,2001-02-26 07:00:00,218.8892,2001-02-25 19:30:00,29.5000
07332500,33.996944,-96.240833,2001-12-17 04:30:00,2001-12-18 20:00:00,230.2160,2001-12-18 09:00:00,28.5000
07332500,33.996944,-96.240833,2002-03-19 09:00:00,2002-03-21 21:30:00,402.0992,2002-03-20 15:00:00,30.0000
07332500,33.996944,-96.240833,2002-04-07 17:30:00,2002-04-10 06:30:00,676.7726,2002-04-08 14:30:00,21.0000
07332500,33.996944,-96.240833,2002-08-15 11:00:00,2002-08-16 05:30:00,216.9070,2002-08-15 21:00:00,10.0000
07332500,33.996944,-96.240833,2003-06-26 15:00:00,2003-06-27 06:00:00,218.3229,2003-06-26 22:00:00,7.0000
07332500,33.996944,-96.240833,2004-11-24 19:00:00,2004-11-24 23:00:00,176.9803,2004-11-24 21:00:00,2.0000
07332500,33.996944,-96.240833,2004-11-30 04:00:00,2004-11-30 09:00:00,177.8298,2004-11-30 06:00:00,2.0000
07332500,33.996944,-96.240833,2006-04-30 04:30:00,2006-04-30 12:30:00,176.1308,2006-04-30 08:30:00,4.0000
07332500,33.996944,-96.240833,2006-11-30 14:00:00,2006-12-01 04:00:00,234.4635,2006-11-30 20:00:00,6.0000
07332500,33.996944,-96.240833,2007-05-08 02:00:00,2007-05-08 13:00:00,219.7387,2007-05-08 07:00:00,5.0000
07332500,33.996944,-96.240833,2007-05-27 23:00:00,2007-06-01 00:00:00,447.4062,2007-05-28 15:00:00,16.0000
07332500,33.996944,-96.240833,2007-06-18 21:00:00,2007-06-19 04:00:00,294.4952,2007-06-19 04:00:00,7.0000
07332500,33.996944,-96.240833,2007-07-10 16:00:00,2007-07-12 04:00:00,450.2379,2007-07-12 01:00:00,33.0000
07332500,33.996944,-96.240833,2008-03-18 22:00:00,2008-03-20 21:00:00,348.2972,2008-03-19 12:00:00,14.0000
07332500,33.996944,-96.240833,2008-04-10 17:00:00,2008-04-12 06:00:00,273.2576,2008-04-11 19:00:00,26.0000
07332500,33.996944,-96.240833,2009-04-30 16:00:00,2009-04-30 23:00:00,194.2536,2009-04-30 19:00:00,3.0000
07332500,33.996944,-96.240833,2009-05-06 18:00:00,2009-05-07 20:00:00,216.6239,2009-05-07 02:00:00,8.0000
07332500,33.996944,-96.240833,2009-05-11 16:00:00,2009-05-13 14:00:00,359.6240,2009-05-12 13:00:00,21.0000
07332500,33.996944,-96.240833,2009-10-09 15:00:00,2009-10-10 17:00:00,273.5407,2009-10-09 23:00:00,8.0000
07332500,33.996944,-96.240833,2009-10-22 14:00:00,2009-10-24 12:00:00,291.6635,2009-10-23 21:00:00,31.0000
07332500,33.996944,-96.240833,2012-01-25 12:00:00,2012-01-27 00:00:00,470.0597,2012-01-26 02:00:00,14.0000
07332500,33.996944,-96.240833,2012-03-20 15:00:00,2012-03-22 07:00:00,247.7724,2012-03-21 04:00:00,13.0000
07332500,33.996944,-96.240833,2015-05-10 05:00:00,2015-05-13 09:30:00,682.4360,2015-05-11 22:30:00,41.5000
07332500,33.996944,-96.240833,2015-05-20 14:30:00,2015-05-27 23:30:00,693.7627,2015-05-25 01:30:00,107.0000
07332500,33.996944,-96.240833,2015-05-29 14:30:00,2015-05-31 21:30:00,195.3862,2015-05-30 22:00:00,31.5000
07332500,33.996944,-96.240833,2015-06-18 09:00:00,2015-06-21 05:00:00,362.4556,2015-06-19 11:30:00,26.5000
07332500,33.996944,-96.240833,2015-07-10 09:30:00,2015-07-11 10:00:00,236.4457,2015-07-10 19:30:00,10.0000
07332500,33.996944,-96.240833,2015-11-27 22:00:00,2015-11-30 16:30:00,233.8972,2015-11-29 00:00:00,26.0000
07332500,33.996944,-96.240833,2015-12-27 16:30:00,2015-12-30 21:00:00,685.2677,2015-12-28 10:00:00,17.5000
07061000,35.760278,-91.641111,2004-04-26 05:00:00,2004-04-26 13:00:00,4417.4281,2004-04-26 08:00:00,3.0000
07061000,35.760278,-91.641111,2008-03-19 11:00:00,2008-03-21 10:00:00,5889.9041,2008-03-20 11:00:00,24.0000
07061000,35.760278,-91.641111,2008-04-11 11:00:00,2008-04-12 19:00:00,5635.0525,2008-04-12 03:00:00,16.0000
07061000,35.760278,-91.641111,2011-04-26 18:15:00,2011-04-27 21:45:00,4559.0123,2011-04-27 12:00:00,17.7500
07061000,35.760278,-91.641111,2015-12-29 05:15:00,2015-12-30 07:00:00,4757.2302,2015-12-29 18:15:00,13.0000
07159750,35.813611,-97.477778,1990-04-17 17:00:00,1990-04-18 05:00:00,365.2873,1990-04-17 21:00:00,4.0000
07159750,35.813611,-97.477778,1990-05-03 14:00:00,1990-05-04 02:00:00,322.8121,1990-05-03 20:00:00,6.0000
07159750,35.813611,-97.477778,1991-12-21 02:00:00,1991-12-21 10:00:00,322.8121,1991-12-21 05:00:00,3.0000
07159750,35.813611,-97.477778,1993-05-09 00:00:00,1993-05-10 13:00:00,1305.4066,1993-05-09 06:00:00,6.0000
07159750,35.813611,-97.477778,1995-06-04 16:00:00,1995-06-05 22:00:00,614.4756,1995-06-04 22:00:00,6.0000
07159750,35.813611,-97.477778,1995-06-09 12:00:00,1995-06-11 04:00:00,1271.4264,1995-06-09 21:00:00,9.0000
07159750,35.813611,-97.477778,1997-04-12 03:00:00,1997-04-12 11:00:00,300.1586,1997-04-12 07:00:00,4.0000
07159750,35.813611,-97.477778,1998-03-17 12:00:00,1998-03-18 02:00:00,325.6437,1998-03-17 17:00:00,5.0000
07159750,35.813611,-97.477778,1998-11-01 22:00:00,1998-11-02 14:00:00,501.2082,1998-11-02 01:00:00,3.0000
07241000,35.478611,-97.663056,1993-05-09 16:30:00,1993-05-11 04:30:00,393.6042,1993-05-10 17:30:00,25.0000
07241000,35.478611,-97.663056,1995-06-05 18:30:00,1995-06-06 06:00:00,379.4457,1995-06-05 23:30:00,5.0000
07241000,35.478611,-97.663056,1995-06-10 16:00:00,1995-06-11 14:30:00,552.1785,1995-06-11 07:00:00,15.0000
07241000,35.478611,-97.663056,2007-08-20 15:30:00,2007-08-22 21:00:00,563.5052,2007-08-21 20:30:00,29.0000
07325500,35.117222,-98.563611,1993-05-09 10:00:00,1993-05-13 14:00:00,784.3767,1993-05-10 07:00:00,21.0000
07325500,35.117222,-98.563611,1995-06-04 09:00:00,1995-06-10 11:00:00,1138.3372,1995-06-05 08:00:00,23.0000
07351750,31.894444,-93.341667,1997-02-14 22:00:00,1997-02-17 07:30:00,239.8437,1997-02-16 01:30:00,27.5000
07351750,31.894444,-93.341667,1998-01-08 03:30:00,1998-01-13 03:00:00,267.3110,1998-01-09 21:30:00,42.0000
07351750,31.894444,-93.341667,1999-01-03 14:00:00,1999-01-06 10:30:00,244.6576,1999-01-05 01:30:00,35.5000
07351750,31.894444,-93.341667,1999-01-30 00:30:00,1999-02-10 17:00:00,387.9408,1999-02-02 03:00:00,74.5000
07351750,31.894444,-93.341667,2001-03-02 03:30:00,2001-03-02 05:30:00,233.6140,2001-03-02 05:30:00,2.0000
07351750,31.894444,-93.341667,2001-03-04 06:00:00,2001-03-11 04:30:00,302.9903,2001-03-04 13:00:00,7.0000
07351750,31.894444,-93.341667,2001-03-12 21:00:00,2001-03-13 03:00:00,223.7031,2001-03-12 22:30:00,1.5000
07351750,31.894444,-93.341667,2002-12-26 20:30:00,2002-12-28 03:30:00,230.2160,2002-12-27 09:00:00,12.5000
07351750,31.894444,-93.341667,2003-01-02 19:00:00,2003-01-03 17:00:00,225.9684,2003-01-03 04:00:00,9.0000
07351750,31.894444,-93.341667,2003-02-22 10:00:00,2003-03-02 15:00:00,302.9903,2003-02-25 16:00:00,78.0000
07351750,31.894444,-93.341667,2004-02-12 22:30:00,2004-02-17 19:00:00,267.0279,2004-02-15 13:00:00,62.5000
07351750,31.894444,-93.341667,2004-06-26 05:00:00,2004-06-27 02:00:00,231.3486,2004-06-26 06:30:00,1.5000
07351750,31.894444,-93.341667,2005-02-10 03:00:00,2005-02-11 10:00:00,227.6674,2005-02-10 20:00:00,17.0000
07351750,31.894444,-93.341667,2007-01-15 23:30:00,2007-01-21 13:30:00,265.3289,2007-01-17 19:00:00,43.5000
07351750,31.894444,-93.341667,2012-03-22 22:30:00,2012-03-25 11:30:00,234.4635,2012-03-23 16:30:00,18.0000
07351750,31.894444,-93.341667,2016-03-09 20:30:00,2016-03-29 15:00:00,376.6141,2016-03-12 19:30:00,71.0000
07336820,33.683889,-94.694167,2004-11-25 15:00:00,2004-11-27 10:00:00,1775.4663,2004-11-26 12:00:00,21.0000
07336820,33.683889,-94.694167,2004-12-01 12:00:00,2004-12-03 23:00:00,1951.0307,2004-12-02 16:00:00,28.0000
07336820,33.683889,-94.694167,2005-01-04 14:00:00,2005-01-08 01:00:00,2944.9520,2005-01-06 00:00:00,34.0000
07336820,33.683889,-94.694167,2005-01-09 03:00:00,2005-01-16 08:00:00,1789.6247,2005-01-10 15:00:00,36.0000
07336820,33.683889,-94.694167,2007-01-15 19:00:00,2007-01-17 22:00:00,1900.0604,2007-01-16 17:00:00,22.0000
07336820,33.683889,-94.694167,2007-06-21 14:00:00,2007-06-22 19:00:00,1690.5157,2007-06-22 03:00:00,13.0000
07336820,33.683889,-94.694167,2007-08-02 05:00:00,2007-08-04 11:00:00,1902.8921,2007-08-03 06:00:00,25.0000
07336820,33.683889,-94.694167,2008-03-20 02:00:00,2008-03-23 07:00:00,2860.0015,2008-03-21 14:00:00,36.0000
07336820,33.683889,-94.694167,2009-05-10 17:00:00,2009-05-15 16:00:00,2664.6153,2009-05-12 16:00:00,47.0000
07336820,33.683889,-94.694167,2012-03-22 09:00:00,2012-03-24 00:00:00,1806.6148,2012-03-23 07:00:00,22.0000
07336820,33.683889,-94.694167,2015-05-10 12:00:00,2015-05-12 04:00:00,2095.4466,2015-05-12 04:00:00,40.0000
07336820,33.683889,-94.694167,2015-05-23 04:00:00,2015-05-27 04:00:00,4105.9428,2015-05-27 04:00:00,96.0000
07336820,33.683889,-94.694167,2015-06-19 12:00:00,2015-06-21 04:00:00,2166.2388,2015-06-21 04:00:00,40.0000
07336820,33.683889,-94.694167,2015-11-28 21:00:00,2015-12-03 06:00:00,2769.3876,2015-11-30 15:00:00,42.0000
07336820,33.683889,-94.694167,2015-12-13 18:00:00,2015-12-16 23:00:00,2002.0011,2015-12-15 15:00:00,45.0000
07336820,33.683889,-94.694167,2015-12-28 13:00:00,2016-01-03 05:00:00,2738.2391,2015-12-30 15:00:00,50.0000
07336820,33.683889,-94.694167,2016-04-30 11:00:00,2016-05-03 09:00:00,1987.8426,2016-05-02 06:00:00,43.0000
07143672,38.028611,-97.540278,1995-05-27 10:30:00,1995-06-01 07:15:00,262.4972,1995-05-30 16:15:00,77.7500
07143672,38.028611,-97.540278,1995-06-10 00:00:00,1995-06-13 20:15:00,275.2397,1995-06-12 02:00:00,50.0000
07143672,38.028611,-97.540278,1998-11-01 20:00:00,1998-11-06 00:00:00,291.6635,1998-11-03 01:00:00,29.0000
07143672,38.028611,-97.540278,2000-03-25 06:00:00,2000-03-27 17:00:00,235.8793,2000-03-26 11:00:00,29.0000
07143672,38.028611,-97.540278,2003-10-09 18:00:00,2003-10-12 01:00:00,195.1031,2003-10-10 11:00:00,17.0000
07143672,38.028611,-97.540278,2004-03-05 15:00:00,2004-03-08 00:00:00,200.2001,2004-03-06 21:00:00,30.0000
07143672,38.028611,-97.540278,2004-07-26 06:00:00,2004-07-27 11:00:00,181.5110,2004-07-26 23:00:00,17.0000
07143672,38.028611,-97.540278,2007-05-09 03:00:00,2007-05-10 02:00:00,180.3783,2007-05-09 15:00:00,12.0000
07143672,38.028611,-97.540278,2007-05-24 12:00:00,2007-05-28 20:00:00,311.4853,2007-05-25 17:00:00,29.0000
07143672,38.028611,-97.540278,2009-05-10 13:00:00,2009-05-11 23:00:00,185.1922,2009-05-11 14:00:00,25.0000
07143672,38.028611,-97.540278,2010-07-05 17:00:00,2010-07-08 12:00:00,222.0041,2010-07-06 21:00:00,28.0000
07143672,38.028611,-97.540278,2013-07-30 16:00:00,2013-07-31 11:00:00,177.8298,2013-07-30 22:00:00,6.0000
07143672,38.028611,-97.540278,2013-08-04 20:00:00,2013-08-05 04:00:00,189.1565,2013-08-05 04:00:00,8.0000
07143672,38.028611,-97.540278,2013-08-08 05:00:00,2013-08-11 23:00:00,218.6061,2013-08-08 11:00:00,6.0000
07143672,38.028611,-97.540278,2013-08-14 09:00:00,2013-08-15 20:00:00,191.1387,2013-08-15 01:00:00,16.0000
07143672,38.028611,-97.540278,2015-12-15 13:00:00,2015-12-16 01:00:00,171.6001,2015-12-15 19:00:00,6.0000
07231000,34.965278,-96.512222,2015-05-10 02:00:00,2015-05-10 04:00:00,535.1884,2015-05-10 04:00:00,2.0000
07231000,34.965278,-96.512222,2015-06-18 14:00:00,2015-06-21 14:00:00,620.1389,2015-06-19 22:30:00,32.5000
07231000,34.965278,-96.512222,2015-07-08 10:15:00,2015-07-08 20:30:00,506.8716,2015-07-08 12:15:00,2.0000
07328100,34.925833,-97.773611,2015-05-24 18:30:00,2015-05-25 11:30:00,951.4460,2015-05-25 02:30:00,8.0000
07331000,34.233333,-96.975556,1991-12-20 16:00:00,1991-12-23 13:00:00,1356.3770,1991-12-21 11:00:00,19.0000
07331000,34.233333,-96.975556,1992-12-15 01:00:00,1992-12-15 08:00:00,835.3470,1992-12-15 04:00:00,3.0000
07331000,34.233333,-96.975556,1993-02-15 22:00:00,1993-02-16 23:00:00,866.4955,1993-02-16 21:00:00,23.0000
07331000,34.233333,-96.975556,1993-05-09 16:00:00,1993-05-11 04:00:00,1599.9018,1993-05-10 21:00:00,29.0000
07331000,34.233333,-96.975556,1993-05-12 05:00:00,1993-05-16 05:00:00,1163.8224,1993-05-12 07:00:00,2.0000
07331000,34.233333,-96.975556,1995-05-07 06:00:00,1995-05-10 08:00:00,1475.3077,1995-05-08 22:00:00,40.0000
07331000,34.233333,-96.975556,1995-06-05 15:00:00,1995-06-07 05:00:00,1025.0698,1995-06-06 00:00:00,9.0000
07331000,34.233333,-96.975556,1995-06-09 22:00:00,1995-06-13 03:00:00,1446.9909,1995-06-11 19:00:00,45.0000
07331000,34.233333,-96.975556,1997-02-21 02:00:00,1997-02-21 17:30:00,849.5054,1997-02-21 10:00:00,8.0000
07331000,34.233333,-96.975556,1998-03-16 21:30:00,1998-03-19 02:00:00,1076.0402,1998-03-17 18:00:00,20.5000
07331000,34.233333,-96.975556,1998-04-27 16:00:00,1998-04-28 10:30:00,1030.7332,1998-04-28 00:00:00,8.0000
07331000,34.233333,-96.975556,1999-04-27 07:30:00,1999-04-27 13:00:00,790.0400,1999-04-27 10:00:00,2.5000
07331000,34.233333,-96.975556,2001-02-16 13:00:00,2001-02-17 07:00:00,869.3272,2001-02-16 21:30:00,8.5000
07331000,34.233333,-96.975556,2002-04-08 06:00:00,2002-04-08 23:30:00,883.4856,2002-04-08 06:30:00,0.5000
07331000,34.233333,-96.975556,2007-03-31 10:00:00,2007-04-02 18:00:00,1262.9314,2007-04-01 01:00:00,15.0000
07331000,34.233333,-96.975556,2007-05-10 23:00:00,2007-05-11 16:00:00,866.4955,2007-05-11 07:00:00,8.0000
07331000,34.233333,-96.975556,2007-05-27 20:00:00,2007-05-29 18:00:00,1384.6938,2007-05-28 18:00:00,22.0000
07331000,34.233333,-96.975556,2007-05-31 01:00:00,2007-05-31 16:00:00,923.1292,2007-05-31 08:00:00,7.0000
07331000,34.233333,-96.975556,2007-06-22 05:00:00,2007-06-23 23:00:00,920.2975,2007-06-23 00:00:00,19.0000
07331000,34.233333,-96.975556,2007-07-10 18:00:00,2007-07-12 07:00:00,1180.8125,2007-07-11 09:00:00,15.0000
07331000,34.233333,-96.975556,2007-08-20 11:00:00,2007-08-22 04:00:00,993.9213,2007-08-22 00:00:00,37.0000
07331000,34.233333,-96.975556,2007-08-24 05:00:00,2007-08-26 08:00:00,1078.8719,2007-08-25 10:00:00,29.0000
07331000,34.233333,-96.975556,2008-04-10 23:00:00,2008-04-13 00:00:00,957.1094,2008-04-11 07:00:00,8.0000
07331000,34.233333,-96.975556,2009-04-30 17:00:00,2009-05-01 11:00:00,1013.7431,2009-05-01 00:00:00,7.0000
07331000,34.233333,-96.975556,2009-05-06 16:00:00,2009-05-07 17:00:00,1095.8620,2009-05-07 05:00:00,13.0000
07331000,34.233333,-96.975556,2009-05-12 04:00:00,2009-05-12 18:00:00,849.5054,2009-05-12 08:00:00,4.0000
07331000,34.233333,-96.975556,2015-05-09 04:00:00,2015-05-10 12:00:00,1257.2680,2015-05-10 02:00:00,22.0000
07331000,34.233333,-96.975556,2015-05-29 05:00:00,2015-05-31 00:00:00,982.5946,2015-05-29 21:00:00,16.0000
07331000,34.233333,-96.975556,2015-06-18 10:00:00,2015-06-20 19:00:00,3567.9227,2015-06-19 09:00:00,23.0000
07336200,34.248611,-95.605000,1991-04-13 18:00:00,1991-04-14 17:00:00,784.3767,1991-04-14 04:00:00,10.0000
07336200,34.248611,-95.605000,1991-10-29 18:00:00,1991-10-30 05:00:00,682.4360,1991-10-29 22:00:00,4.0000
07336200,34.248611,-95.605000,1992-12-15 05:00:00,1992-12-16 22:00:00,778.7133,1992-12-16 02:00:00,21.0000
07336200,34.248611,-95.605000,1993-05-09 21:00:00,1993-05-12 00:00:00,1228.9511,1993-05-10 16:00:00,19.0000
07336200,34.248611,-95.605000,1993-12-03 22:00:00,1993-12-05 05:00:00,812.6935,1993-12-04 11:00:00,13.0000
07336200,34.248611,-95.605000,1994-11-15 08:00:00,1994-11-16 07:00:00,716.4162,1994-11-15 18:00:00,10.0000
07336200,34.248611,-95.605000,1995-05-08 18:00:00,1995-05-09 19:00:00,773.0499,1995-05-09 04:00:00,10.0000
07336200,34.248611,-95.605000,1996-11-07 12:30:00,1996-11-08 21:00:00,903.3074,1996-11-08 01:00:00,12.5000
07336200,34.248611,-95.605000,1996-11-25 05:30:00,1996-11-26 15:00:00,826.8519,1996-11-25 17:30:00,12.0000
07336200,34.248611,-95.605000,1997-02-21 13:30:00,1997-02-22 04:00:00,673.9409,1997-02-21 19:00:00,5.5000
07336200,34.248611,-95.605000,1998-01-05 09:00:00,1998-01-08 08:30:00,931.6243,1998-01-06 03:00:00,18.0000
07336200,34.248611,-95.605000,2001-02-16 12:00:00,2001-02-18 06:00:00,908.9708,2001-02-17 03:00:00,15.0000
07336200,34.248611,-95.605000,2001-12-16 23:30:00,2001-12-18 16:30:00,917.4658,2001-12-17 14:30:00,15.0000
07336200,34.248611,-95.605000,2002-03-19 12:00:00,2002-03-22 20:30:00,1175.1491,2002-03-20 17:00:00,29.0000
07336200,34.248611,-95.605000,2002-04-08 01:00:00,2002-04-10 23:30:00,1370.5354,2002-04-08 20:30:00,19.5000
07336200,34.248611,-95.605000,2006-12-01 01:00:00,2006-12-02 02:00:00,722.0796,2006-12-01 10:00:00,9.0000
07336200,34.248611,-95.605000,2006-12-30 13:00:00,2006-12-31 19:00:00,880.6539,2006-12-31 01:00:00,12.0000
07336200,34.248611,-95.605000,2007-01-13 23:00:00,2007-01-15 21:00:00,744.7331,2007-01-14 10:00:00,11.0000
07336200,34.248611,-95.605000,2008-03-03 20:00:00,2008-03-05 03:00:00,801.3668,2008-03-04 07:00:00,11.0000
07336200,34.248611,-95.605000,2008-03-19 05:00:00,2008-03-22 07:00:00,954.2777,2008-03-19 21:00:00,16.0000
07336200,34.248611,-95.605000,2008-04-10 19:00:00,2008-04-12 03:00:00,852.3371,2008-04-11 07:00:00,12.0000
07336200,34.248611,-95.605000,2011-05-03 03:30:00,2011-05-03 18:00:00,668.2776,2011-05-03 09:00:00,5.5000
07336200,34.248611,-95.605000,2011-11-22 07:00:00,2011-11-23 21:30:00,838.1787,2011-11-22 21:30:00,14.5000
07336200,34.248611,-95.605000,2012-01-25 20:00:00,2012-01-27 02:00:00,809.8618,2012-01-26 07:00:00,11.0000
07336200,34.248611,-95.605000,2012-03-20 15:00:00,2012-03-22 12:00:00,974.0995,2012-03-21 06:30:00,15.5000
07336200,34.248611,-95.605000,2013-05-21 23:30:00,2013-05-23 10:00:00,945.7827,2013-05-22 15:00:00,15.5000
07336200,34.248611,-95.605000,2013-06-01 22:30:00,2013-06-02 23:30:00,815.5252,2013-06-02 09:00:00,10.5000
07336200,34.248611,-95.605000,2015-05-10 04:00:00,2015-05-13 01:00:00,843.8420,2015-05-11 23:30:00,43.5000
07336200,34.248611,-95.605000,2015-11-27 21:30:00,2015-11-30 04:30:00,900.4757,2015-11-28 18:00:00,20.5000
07336200,34.248611,-95.605000,2015-12-13 23:30:00,2015-12-14 22:00:00,713.5845,2015-12-14 07:00:00,7.5000
07336200,34.248611,-95.605000,2015-12-27 20:00:00,2015-12-31 15:00:00,1622.5553,2015-12-29 00:00:00,28.0000
07336200,34.248611,-95.605000,2016-04-30 19:00:00,2016-05-01 05:00:00,648.4558,2016-04-30 22:30:00,3.5000
07336200,34.248611,-95.605000,2016-05-25 14:00:00,2016-05-26 16:00:00,1016.5748,2016-05-26 02:30:00,12.5000
07335500,33.875000,-95.501667,1993-05-10 07:00:00,1993-05-11 13:00:00,2712.7539,1993-05-10 23:00:00,16.0000
07335500,33.875000,-95.501667,1995-05-09 02:00:00,1995-05-09 21:00:00,2109.6051,1995-05-09 09:00:00,7.0000
07335500,33.875000,-95.501667,1995-05-25 20:00:00,1995-05-26 20:00:00,2126.5952,1995-05-26 04:00:00,8.0000
07335500,33.875000,-95.501667,2002-03-21 10:30:00,2002-03-21 13:30:00,2004.8327,2002-03-21 13:30:00,3.0000
07335500,33.875000,-95.501667,2007-07-11 18:00:00,2007-07-14 18:00:00,2313.4864,2007-07-12 23:00:00,29.0000
07335500,33.875000,-95.501667,2007-08-01 05:00:00,2007-08-02 03:00:00,2174.7338,2007-08-01 18:00:00,13.0000
07335500,33.875000,-95.501667,2008-03-20 01:00:00,2008-03-20 18:00:00,2143.5853,2008-03-20 08:00:00,7.0000
07335500,33.875000,-95.501667,2015-05-09 23:30:00,2015-05-10 13:00:00,2327.6448,2015-05-10 10:00:00,10.5000
07335500,33.875000,-95.501667,2015-05-22 07:30:00,2015-05-23 03:30:00,2409.7636,2015-05-23 03:30:00,20.0000
07335500,33.875000,-95.501667,2015-05-24 05:00:00,2015-05-27 04:30:00,5210.2998,2015-05-27 04:30:00,71.5000
07335500,33.875000,-95.501667,2015-06-19 07:30:00,2015-06-23 04:00:00,4643.9628,2015-06-23 04:00:00,92.5000
07335500,33.875000,-95.501667,2015-11-28 10:00:00,2015-11-30 11:00:00,2715.5856,2015-11-29 11:30:00,25.5000
07335500,33.875000,-95.501667,2015-12-28 12:30:00,2015-12-30 16:30:00,2571.1697,2015-12-29 10:30:00,22.0000
07141780,38.477222,-99.437778,1993-07-21 05:00:00,1993-07-24 18:30:00,163.9545,1993-07-21 16:30:00,11.5000
07141780,38.477222,-99.437778,2001-06-08 17:30:00,2001-06-09 19:15:00,78.1545,2001-06-09 09:30:00,16.0000
07152000,36.811389,-97.276944,1994-11-21 05:00:00,1994-11-21 23:00:00,577.6637,1994-11-21 15:00:00,10.0000
07152000,36.811389,-97.276944,1995-04-29 18:00:00,1995-05-01 17:00:00,812.6935,1995-04-30 16:00:00,22.0000
07152000,36.811389,-97.276944,1995-05-28 17:00:00,1995-05-29 19:00:00,557.8419,1995-05-29 14:00:00,21.0000
07152000,36.811389,-97.276944,1995-06-09 09:00:00,1995-06-11 13:00:00,991.0896,1995-06-10 09:00:00,24.0000
07152000,36.811389,-97.276944,1995-08-04 02:00:00,1995-08-05 13:00:00,764.5549,1995-08-05 00:00:00,22.0000
07152000,36.811389,-97.276944,1996-09-26 11:00:00,1996-09-27 20:00:00,804.1984,1996-09-26 21:00:00,10.0000
07152000,36.811389,-97.276944,1996-11-17 11:00:00,1996-11-19 01:00:00,968.4362,1996-11-18 06:00:00,19.0000
07152000,36.811389,-97.276944,1997-04-11 23:00:00,1997-04-13 02:00:00,733.4063,1997-04-12 13:00:00,14.0000
07152000,36.811389,-97.276944,1997-07-01 00:00:00,1997-07-01 22:00:00,659.7825,1997-07-01 14:00:00,14.0000
07152000,36.811389,-97.276944,1997-07-17 21:00:00,1997-07-18 11:00:00,492.7131,1997-07-18 02:00:00,5.0000
07152000,36.811389,-97.276944,1997-07-22 11:00:00,1997-07-22 16:00:00,458.7329,1997-07-22 14:00:00,3.0000
07152000,36.811389,-97.276944,1997-09-24 05:00:00,1997-09-24 18:30:00,569.1686,1997-09-24 09:30:00,4.5000
07152000,36.811389,-97.276944,1998-03-17 10:30:00,1998-03-18 19:00:00,693.7627,1998-03-18 04:30:00,18.0000
07152000,36.811389,-97.276944,1998-10-31 22:30:00,1998-11-03 22:00:00,1718.8326,1998-11-01 22:30:00,24.0000
07152000,36.811389,-97.276944,1999-01-31 10:30:00,1999-02-01 05:00:00,546.5151,1999-01-31 21:30:00,11.0000
07152000,36.811389,-97.276944,1999-04-14 17:30:00,1999-04-16 10:00:00,634.2974,1999-04-15 04:30:00,11.0000
07152000,36.811389,-97.276944,1999-06-19 19:00:00,1999-06-20 18:30:00,588.9904,1999-06-20 01:00:00,6.0000
07152000,36.811389,-97.276944,1999-06-25 02:30:00,1999-06-26 07:00:00,710.7528,1999-06-25 20:00:00,17.5000
07152000,36.811389,-97.276944,1999-07-02 00:30:00,1999-07-03 19:30:00,982.5946,1999-07-02 22:30:00,22.0000
07152000,36.811389,-97.276944,2000-03-16 18:30:00,2000-03-18 01:00:00,719.2479,2000-03-17 10:00:00,15.5000
07152000,36.811389,-97.276944,2000-03-24 05:30:00,2000-03-26 02:30:00,1084.5352,2000-03-25 11:30:00,30.0000
07152000,36.811389,-97.276944,2001-02-24 23:30:00,2001-02-26 05:00:00,770.2182,2001-02-25 16:30:00,17.0000
07152000,36.811389,-97.276944,2002-10-04 01:00:00,2002-10-05 23:00:00,988.2579,2002-10-04 23:00:00,22.0000
07152000,36.811389,-97.276944,2003-03-19 23:00:00,2003-03-21 10:30:00,886.3173,2003-03-20 17:00:00,18.0000
07152000,36.811389,-97.276944,2003-06-07 04:30:00,2003-06-07 12:30:00,467.2280,2003-06-07 08:00:00,3.5000
07152000,36.811389,-97.276944,2003-10-09 22:30:00,2003-10-10 17:30:00,625.8023,2003-10-10 09:30:00,11.0000
07152000,36.811389,-97.276944,2004-03-05 05:30:00,2004-03-06 22:00:00,937.2876,2004-03-06 03:00:00,21.5000
07152000,36.811389,-97.276944,2004-04-24 12:30:00,2004-04-25 17:30:00,877.8222,2004-04-25 04:00:00,15.5000
07152000,36.811389,-97.276944,2004-07-02 20:00:00,2004-07-03 14:30:00,605.9805,2004-07-03 04:30:00,8.5000
07152000,36.811389,-97.276944,2005-01-05 15:30:00,2005-01-06 02:30:00,552.1785,2005-01-05 23:30:00,8.0000
07152000,36.811389,-97.276944,2005-07-05 05:30:00,2005-07-06 04:00:00,654.1192,2005-07-05 18:30:00,13.0000
07152000,36.811389,-97.276944,2007-03-31 08:00:00,2007-04-01 18:30:00,699.4261,2007-04-01 02:30:00,18.5000
07152000,36.811389,-97.276944,2007-04-14 14:30:00,2007-04-15 17:30:00,637.1290,2007-04-15 05:00:00,14.5000
07152000,36.811389,-97.276944,2007-05-08 03:30:00,2007-05-09 04:00:00,631.4657,2007-05-08 16:30:00,13.0000
07152000,36.811389,-97.276944,2007-06-02 04:00:00,2007-06-03 12:00:00,781.5450,2007-06-02 22:00:00,18.0000
07152000,36.811389,-97.276944,2007-06-11 23:30:00,2007-06-12 12:30:00,478.5547,2007-06-12 08:00:00,8.5000
07152000,36.811389,-97.276944,2007-06-21 11:30:00,2007-06-21 15:30:00,450.2379,2007-06-21 13:30:00,2.0000
07152000,36.811389,-97.276944,2007-06-29 15:00:00,2007-07-02 08:30:00,1183.6442,2007-07-01 01:30:00,34.5000
07152000,36.811389,-97.276944,2008-05-27 05:30:00,2008-05-28 16:30:00,1294.0799,2008-05-27 15:30:00,10.0000
07152000,36.811389,-97.276944,2008-06-02 13:30:00,2008-06-02 19:30:00,453.0695,2008-06-02 16:30:00,3.0000
07152000,36.811389,-97.276944,2008-06-06 12:00:00,2008-06-06 23:00:00,487.0498,2008-06-06 15:30:00,3.5000
07152000,36.811389,-97.276944,2008-09-13 00:30:00,2008-09-15 11:30:00,1883.0703,2008-09-14 10:30:00,34.0000
07152000,36.811389,-97.276944,2009-04-28 00:00:00,2009-04-29 10:00:00,1155.3273,2009-04-28 20:00:00,20.0000
07152000,36.811389,-97.276944,2010-05-26 05:30:00,2010-05-27 05:30:00,659.7825,2010-05-26 20:30:00,15.0000
07152000,36.811389,-97.276944,2010-06-14 16:00:00,2010-06-16 05:00:00,1228.9511,2010-06-15 12:30:00,20.5000
07152000,36.811389,-97.276944,2011-12-20 13:00:00,2011-12-21 08:00:00,637.1290,2011-12-20 23:00:00,10.0000
07152000,36.811389,-97.276944,2013-08-09 21:00:00,2013-08-10 20:00:00,569.1686,2013-08-10 09:30:00,12.5000
07152000,36.811389,-97.276944,2015-05-18 01:00:00,2015-05-18 17:00:00,540.8518,2015-05-18 08:00:00,7.0000
07152000,36.811389,-97.276944,2015-05-24 06:30:00,2015-05-26 02:00:00,1124.1788,2015-05-25 02:30:00,20.0000
07175500,36.508889,-95.841667,1990-03-12 19:00:00,1990-03-14 01:00:00,540.8518,1990-03-13 08:00:00,13.0000
07175500,36.508889,-95.841667,1990-03-15 17:00:00,1990-03-16 08:00:00,461.5646,1990-03-16 00:00:00,7.0000
07175500,36.508889,-95.841667,1993-05-09 14:00:00,1993-05-12 13:00:00,999.5847,1993-05-10 17:00:00,27.0000
07175500,36.508889,-95.841667,1994-04-12 02:00:00,1994-04-14 02:00:00,804.1984,1994-04-12 23:00:00,21.0000
07175500,36.508889,-95.841667,1995-05-08 13:00:00,1995-05-10 02:00:00,730.5746,1995-05-09 03:00:00,14.0000
07175500,36.508889,-95.841667,1995-06-09 20:00:00,1995-06-12 21:00:00,1013.7431,1995-06-11 22:00:00,50.0000
07175500,36.508889,-95.841667,1995-07-04 22:00:00,1995-07-06 11:00:00,679.6043,1995-07-05 17:00:00,19.0000
07175500,36.508889,-95.841667,1999-04-26 14:00:00,1999-04-28 05:00:00,778.7133,1999-04-26 20:00:00,6.0000
07175500,36.508889,-95.841667,2000-05-11 05:00:00,2000-05-11 12:30:00,464.3963,2000-05-11 08:00:00,3.0000
07175500,36.508889,-95.841667,2004-03-05 09:30:00,2004-03-07 12:30:00,637.1290,2004-03-06 12:30:00,27.0000
07175500,36.508889,-95.841667,2007-05-08 06:00:00,2007-05-09 15:00:00,475.7230,2007-05-08 23:00:00,17.0000
07175500,36.508889,-95.841667,2007-06-30 21:00:00,2007-07-08 18:00:00,925.9609,2007-07-06 01:00:00,124.0000
07175500,36.508889,-95.841667,2008-04-10 14:00:00,2008-04-12 09:00:00,580.4954,2008-04-11 16:00:00,26.0000
07175500,36.508889,-95.841667,2008-05-08 13:00:00,2008-05-10 03:00:00,580.4954,2008-05-09 12:00:00,23.0000
07175500,36.508889,-95.841667,2008-06-09 19:00:00,2008-06-12 15:00:00,713.5845,2008-06-11 05:00:00,34.0000
07175500,36.508889,-95.841667,2013-05-31 04:30:00,2013-06-02 14:30:00,489.8814,2013-06-02 01:00:00,44.5000
07175500,36.508889,-95.841667,2015-05-24 23:00:00,2015-05-25 13:00:00,438.9111,2015-05-25 05:00:00,6.0000
07175500,36.508889,-95.841667,2015-12-27 14:30:00,2015-12-29 10:00:00,532.3567,2015-12-28 17:30:00,27.0000
07178200,36.223056,-95.819167,1993-05-09 21:00:00,1993-05-12 15:00:00,775.8816,1993-05-11 15:00:00,42.0000
07178200,36.223056,-95.819167,1995-05-08 08:00:00,1995-05-08 18:00:00,552.1785,1995-05-08 12:00:00,4.0000
07178200,36.223056,-95.819167,1998-10-05 16:00:00,1998-10-05 23:00:00,569.1686,1998-10-05 19:00:00,3.0000
07178200,36.223056,-95.819167,1999-04-26 18:00:00,1999-04-28 14:00:00,671.1093,1999-04-27 19:00:00,25.0000
07178200,36.223056,-95.819167,2007-05-07 19:30:00,2007-05-07 22:00:00,535.1884,2007-05-07 21:00:00,1.5000
07178200,36.223056,-95.819167,2008-04-10 13:30:00,2008-04-12 06:30:00,572.0003,2008-04-10 16:30:00,3.0000
07178200,36.223056,-95.819167,2008-06-09 20:00:00,2008-06-12 01:00:00,560.6736,2008-06-11 15:30:00,43.5000
07178200,36.223056,-95.819167,2009-05-01 20:00:00,2009-05-02 03:00:00,572.0003,2009-05-01 23:00:00,3.0000
07178200,36.223056,-95.819167,2015-05-24 10:00:00,2015-05-24 16:30:00,549.3468,2015-05-24 12:30:00,2.5000
07178200,36.223056,-95.819167,2015-12-27 11:00:00,2015-12-29 14:00:00,639.9607,2015-12-28 21:30:00,34.5000
07328500,34.754722,-97.251111,1993-05-10 10:00:00,1993-05-11 06:00:00,883.4856,1993-05-10 22:00:00,12.0000
07328500,34.754722,-97.251111,1993-05-14 15:00:00,1993-05-14 17:00:00,852.3371,1993-05-14 17:00:00,2.0000
07170500,37.223611,-95.677500,1992-12-14 13:00:00,1992-12-16 22:00:00,696.5944,1992-12-15 03:00:00,14.0000
07170500,37.223611,-95.677500,1993-05-09 08:00:00,1993-05-12 01:00:00,690.9311,1993-05-11 02:00:00,42.0000
07170500,37.223611,-95.677500,1993-09-25 10:00:00,1993-09-27 06:00:00,656.9508,1993-09-25 20:00:00,10.0000
07170500,37.223611,-95.677500,1994-04-11 05:00:00,1994-04-14 03:00:00,869.3272,1994-04-12 14:00:00,33.0000
07170500,37.223611,-95.677500,1994-04-28 17:00:00,1994-05-02 15:00:00,1364.8720,1994-04-30 08:00:00,39.0000
07170500,37.223611,-95.677500,1995-05-08 15:00:00,1995-05-09 12:00:00,560.6736,1995-05-08 16:00:00,1.0000
07170500,37.223611,-95.677500,1995-06-09 10:00:00,1995-06-13 01:00:00,1073.2085,1995-06-11 05:00:00,43.0000
07170500,37.223611,-95.677500,1997-02-21 14:00:00,1997-02-23 17:00:00,654.1192,1997-02-23 03:00:00,37.0000
07170500,37.223611,-95.677500,1998-10-02 17:30:00,1998-10-03 02:00:00,594.6538,1998-10-02 20:00:00,2.5000
07170500,37.223611,-95.677500,1998-10-05 06:00:00,1998-10-06 09:30:00,699.4261,1998-10-05 13:30:00,7.5000
07170500,37.223611,-95.677500,1998-11-03 10:30:00,1998-11-06 15:30:00,591.8221,1998-11-04 00:00:00,13.5000
07170500,37.223611,-95.677500,1998-11-10 20:00:00,1998-11-12 04:30:00,569.1686,1998-11-11 10:00:00,14.0000
07170500,37.223611,-95.677500,2002-05-08 12:30:00,2002-05-10 10:30:00,710.7528,2002-05-09 14:00:00,25.5000
07170500,37.223611,-95.677500,2002-05-24 18:00:00,2002-05-26 19:00:00,651.2875,2002-05-26 01:00:00,31.0000
07170500,37.223611,-95.677500,2004-03-05 10:00:00,2004-03-07 10:00:00,608.8122,2004-03-06 22:00:00,36.0000
07170500,37.223611,-95.677500,2004-04-24 09:00:00,2004-04-25 19:00:00,665.4459,2004-04-24 17:00:00,8.0000
07170500,37.223611,-95.677500,2005-01-05 18:00:00,2005-01-06 22:00:00,603.1488,2005-01-06 00:00:00,6.0000
07170500,37.223611,-95.677500,2005-08-27 23:00:00,2005-08-29 06:00:00,580.4954,2005-08-28 12:00:00,13.0000
07170500,37.223611,-95.677500,2007-05-07 14:00:00,2007-05-09 11:00:00,747.5648,2007-05-08 00:00:00,10.0000
07170500,37.223611,-95.677500,2007-06-29 07:00:00,2007-07-08 06:00:00,4332.4775,2007-07-01 11:00:00,52.0000
07170500,37.223611,-95.677500,2008-05-26 23:00:00,2008-05-30 03:00:00,787.2083,2008-05-29 03:00:00,52.0000
07170500,37.223611,-95.677500,2008-06-06 12:00:00,2008-06-06 23:00:00,597.4855,2008-06-06 17:00:00,5.0000
07170500,37.223611,-95.677500,2008-06-09 18:00:00,2008-06-11 21:00:00,665.4459,2008-06-10 02:00:00,8.0000
07170500,37.223611,-95.677500,2008-06-13 22:00:00,2008-06-16 16:00:00,863.6638,2008-06-15 17:00:00,43.0000
07170500,37.223611,-95.677500,2009-04-27 22:00:00,2009-05-02 02:00:00,756.0598,2009-04-28 11:00:00,13.0000
07170500,37.223611,-95.677500,2009-09-09 16:00:00,2009-09-12 19:00:00,778.7133,2009-09-10 02:00:00,10.0000
07170500,37.223611,-95.677500,2009-10-09 03:00:00,2009-10-09 18:00:00,600.3171,2009-10-09 08:00:00,5.0000
07170500,37.223611,-95.677500,2010-07-06 18:00:00,2010-07-08 21:00:00,795.7034,2010-07-07 06:00:00,12.0000
07170500,37.223611,-95.677500,2012-05-01 11:00:00,2012-05-01 18:00:00,586.1587,2012-05-01 14:00:00,3.0000
07170500,37.223611,-95.677500,2013-08-05 08:00:00,2013-08-08 18:00:00,801.3668,2013-08-06 18:00:00,34.0000
07170500,37.223611,-95.677500,2015-05-24 16:00:00,2015-05-26 19:00:00,625.8023,2015-05-26 03:00:00,35.0000
07141200,38.207500,-99.405833,1993-07-21 04:15:00,1993-07-24 09:15:00,175.8476,1993-07-22 20:15:00,40.0000
07141770,38.464722,-99.622222,1996-06-01 07:15:00,1996-06-01 10:15:00,86.9327,1996-06-01 08:45:00,1.5000
07160500,36.060000,-97.584722,1992-08-05 18:30:00,1992-08-06 01:30:00,233.3308,1992-08-05 22:30:00,4.0000
07160500,36.060000,-97.584722,1992-08-12 09:30:00,1992-08-13 00:00:00,319.9804,1992-08-12 14:30:00,5.0000
07160500,36.060000,-97.584722,1993-05-03 08:30:00,1993-05-04 05:00:00,365.2873,1993-05-03 17:00:00,8.5000
07160500,36.060000,-97.584722,1993-05-08 22:00:00,1993-05-11 09:30:00,858.0005,1993-05-09 15:00:00,17.0000
07160500,36.060000,-97.584722,2004-03-04 22:00:00,2004-03-06 11:00:00,942.9510,2004-03-05 10:30:00,12.5000
07160500,36.060000,-97.584722,2005-08-22 16:30:00,2005-08-22 21:00:00,223.9863,2005-08-22 18:30:00,2.0000
07160500,36.060000,-97.584722,2007-03-31 08:30:00,2007-04-01 05:00:00,220.3051,2007-03-31 15:00:00,6.5000
07160500,36.060000,-97.584722,2007-05-09 08:30:00,2007-05-09 21:30:00,267.0279,2007-05-09 12:30:00,4.0000
07160500,36.060000,-97.584722,2007-06-20 21:30:00,2007-06-21 08:30:00,223.7031,2007-06-21 04:00:00,6.5000
07160500,36.060000,-97.584722,2007-06-29 02:00:00,2007-07-01 13:00:00,379.4457,2007-06-30 02:00:00,24.0000
07160500,36.060000,-97.584722,2007-09-09 09:00:00,2007-09-09 19:30:00,226.5348,2007-09-09 15:30:00,6.5000
07160500,36.060000,-97.584722,2008-06-09 16:30:00,2008-06-11 08:30:00,569.1686,2008-06-10 17:00:00,24.5000
07160500,36.060000,-97.584722,2008-06-18 14:30:00,2008-06-19 05:00:00,245.2239,2008-06-18 22:30:00,8.0000
07160500,36.060000,-97.584722,2010-05-20 05:00:00,2010-05-21 03:00:00,257.6833,2010-05-20 13:30:00,8.5000
07160500,36.060000,-97.584722,2015-05-24 06:00:00,2015-05-28 00:00:00,370.9507,2015-05-25 05:00:00,23.0000
07249413,35.165556,-94.652778,1992-06-03 17:00:00,1992-06-04 16:00:00,336.9705,1992-06-04 00:00:00,7.0000
07249413,35.165556,-94.652778,1992-11-22 22:00:00,1992-11-23 21:00:00,342.6338,1992-11-23 11:00:00,13.0000
07249413,35.165556,-94.652778,1992-12-14 23:00:00,1992-12-18 16:00:00,665.4459,1992-12-16 16:00:00,41.0000
07249413,35.165556,-94.652778,1993-01-04 22:00:00,1993-01-06 11:00:00,370.9507,1993-01-05 14:00:00,16.0000
07249413,35.165556,-94.652778,1993-01-20 18:00:00,1993-01-22 00:00:00,368.1190,1993-01-21 09:00:00,15.0000
07249413,35.165556,-94.652778,1993-02-16 06:00:00,1993-02-17 10:00:00,365.2873,1993-02-16 21:00:00,15.0000
07249413,35.165556,-94.652778,1993-04-15 06:00:00,1993-04-17 00:00:00,390.7725,1993-04-16 01:00:00,19.0000
07249413,35.165556,-94.652778,1993-04-29 22:00:00,1993-05-01 14:00:00,396.4359,1993-04-30 14:00:00,16.0000
07249413,35.165556,-94.652778,1993-05-10 08:00:00,1993-05-13 00:00:00,484.2181,1993-05-11 08:00:00,24.0000
07249413,35.165556,-94.652778,1993-12-04 05:00:00,1993-12-05 17:00:00,359.6240,1993-12-04 23:00:00,18.0000
07249413,35.165556,-94.652778,1994-02-23 07:00:00,1994-02-24 01:00:00,314.3170,1994-02-23 14:00:00,7.0000
07249413,35.165556,-94.652778,1994-03-02 01:00:00,1994-03-03 12:00:00,336.9705,1994-03-02 20:00:00,19.0000
07249413,35.165556,-94.652778,1994-03-09 02:00:00,1994-03-11 10:00:00,407.7626,1994-03-10 00:00:00,22.0000
07249413,35.165556,-94.652778,1994-04-30 14:00:00,1994-05-02 00:00:00,376.6141,1994-05-01 07:00:00,17.0000
07249413,35.165556,-94.652778,1994-05-03 11:00:00,1994-05-05 07:00:00,404.9309,1994-05-04 08:00:00,21.0000
07249413,35.165556,-94.652778,1994-05-08 05:00:00,1994-05-09 16:00:00,342.6338,1994-05-08 22:00:00,17.0000
07249413,35.165556,-94.652778,1994-05-13 16:00:00,1994-05-14 22:00:00,305.8219,1994-05-14 01:00:00,9.0000
07249413,35.165556,-94.652778,1994-11-05 14:00:00,1994-11-07 12:00:00,455.9012,1994-11-06 14:00:00,24.0000
07249413,35.165556,-94.652778,1994-11-09 23:00:00,1994-11-11 16:00:00,396.4359,1994-11-10 18:00:00,19.0000
07249413,35.165556,-94.652778,1994-11-14 21:00:00,1994-11-17 18:00:00,563.5052,1994-11-15 22:00:00,25.0000
07249413,35.165556,-94.652778,1994-12-09 14:00:00,1994-12-11 14:00:00,436.0794,1994-12-10 13:00:00,23.0000
07249413,35.165556,-94.652778,1995-01-14 00:00:00,1995-01-17 07:00:00,764.5549,1995-01-15 07:00:00,31.0000
07249413,35.165556,-94.652778,1995-01-19 23:00:00,1995-01-20 10:00:00,308.6536,1995-01-20 03:00:00,4.0000
07249413,35.165556,-94.652778,1995-05-08 17:00:00,1995-05-11 06:00:00,560.6736,1995-05-09 19:00:00,26.0000
07249413,35.165556,-94.652778,1996-04-22 19:00:00,1996-04-25 23:00:00,790.0400,1996-04-23 23:00:00,28.0000
07249413,35.165556,-94.652778,1996-09-27 11:00:00,1996-09-28 02:30:00,317.1487,1996-09-27 17:30:00,6.5000
07249413,35.165556,-94.652778,1996-11-07 10:00:00,1996-11-10 16:00:00,690.9311,1996-11-08 14:30:00,28.5000
07249413,35.165556,-94.652778,1996-11-24 16:30:00,1996-12-01 15:30:00,838.1787,1996-11-26 04:30:00,36.0000
07249413,35.165556,-94.652778,1997-02-21 00:00:00,1997-02-24 06:00:00,685.2677,1997-02-22 03:30:00,27.5000
07249413,35.165556,-94.652778,1997-02-27 11:00:00,1997-02-28 11:30:00,317.1487,1997-02-27 20:00:00,9.0000
07249413,35.165556,-94.652778,1997-03-02 05:30:00,1997-03-04 19:30:00,385.1091,1997-03-03 03:00:00,21.5000
07249413,35.165556,-94.652778,1997-03-13 18:30:00,1997-03-16 21:30:00,390.7725,1997-03-14 16:30:00,22.0000
07249413,35.165556,-94.652778,1997-06-17 21:30:00,1997-06-18 07:00:00,308.6536,1997-06-18 02:00:00,4.5000
07249413,35.165556,-94.652778,1997-12-24 11:00:00,1997-12-26 09:00:00,427.5844,1997-12-25 11:00:00,24.0000
07249413,35.165556,-94.652778,1998-01-05 00:30:00,1998-01-10 22:00:00,1053.3867,1998-01-06 14:00:00,37.5000
07249413,35.165556,-94.652778,1998-01-27 08:30:00,1998-01-28 08:30:00,314.3170,1998-01-27 18:30:00,10.0000
07249413,35.165556,-94.652778,1998-03-17 00:00:00,1998-03-19 00:00:00,376.6141,1998-03-17 22:30:00,22.5000
07249413,35.165556,-94.652778,1998-03-20 01:30:00,1998-03-21 04:00:00,339.8022,1998-03-20 13:00:00,11.5000
07249413,35.165556,-94.652778,1998-10-06 17:00:00,1998-10-08 02:30:00,390.7725,1998-10-07 11:00:00,18.0000
07249413,35.165556,-94.652778,1999-03-13 13:30:00,1999-03-15 11:00:00,385.1091,1999-03-14 10:30:00,21.0000
07249413,35.165556,-94.652778,1999-03-29 16:30:00,1999-03-30 01:30:00,302.9903,1999-03-29 18:00:00,1.5000
07249413,35.165556,-94.652778,1999-05-18 04:00:00,1999-05-20 00:30:00,436.0794,1999-05-18 23:30:00,19.5000
07249413,35.165556,-94.652778,1999-06-30 16:30:00,1999-07-03 07:00:00,574.8320,1999-07-01 18:00:00,25.5000
07249413,35.165556,-94.652778,2000-06-22 04:30:00,2000-06-23 09:00:00,351.1289,2000-06-22 17:30:00,13.0000
07249413,35.165556,-94.652778,2001-02-15 19:30:00,2001-02-19 18:30:00,750.3964,2001-02-17 16:30:00,45.0000
07249413,35.165556,-94.652778,2001-02-25 06:00:00,2001-02-26 13:30:00,345.4655,2001-02-25 21:00:00,15.0000
07249413,35.165556,-94.652778,2001-02-28 22:30:00,2001-03-01 22:00:00,302.9903,2001-03-01 03:00:00,4.5000
07249413,35.165556,-94.652778,2001-05-21 16:30:00,2001-05-23 03:00:00,376.6141,2001-05-22 07:00:00,14.5000
07249413,35.165556,-94.652778,2001-05-31 08:30:00,2001-06-01 07:30:00,325.6437,2001-05-31 21:30:00,13.0000
07249413,35.165556,-94.652778,2001-12-17 04:00:00,2001-12-20 04:30:00,637.1290,2001-12-18 09:30:00,29.5000
07249413,35.165556,-94.652778,2002-01-31 22:00:00,2002-02-03 10:00:00,529.5250,2002-02-02 00:00:00,26.0000
07249413,35.165556,-94.652778,2002-03-19 12:00:00,2002-03-23 18:30:00,1076.0402,2002-03-20 22:00:00,34.0000
07249413,35.165556,-94.652778,2002-04-08 03:00:00,2002-04-12 02:00:00,863.6638,2002-04-09 09:30:00,30.5000
07249413,35.165556,-94.652778,2002-05-29 18:30:00,2002-05-30 22:00:00,331.3071,2002-05-30 04:30:00,10.0000
07249413,35.165556,-94.652778,2002-06-06 05:00:00,2002-06-07 06:00:00,325.6437,2002-06-06 14:00:00,9.0000
07249413,35.165556,-94.652778,2004-04-24 14:30:00,2004-04-26 17:00:00,441.7428,2004-04-25 15:00:00,24.5000
07249413,35.165556,-94.652778,2004-07-03 00:30:00,2004-07-05 19:30:00,512.5349,2004-07-04 08:30:00,32.0000
07249413,35.165556,-94.652778,2004-07-08 00:00:00,2004-07-09 11:00:00,385.1091,2004-07-08 16:00:00,16.0000
07249413,35.165556,-94.652778,2004-11-25 03:00:00,2004-11-25 18:00:00,314.3170,2004-11-25 09:00:00,6.0000
07249413,35.165556,-94.652778,2004-11-30 04:00:00,2004-12-02 05:00:00,399.2675,2004-12-01 03:00:00,23.0000
07249413,35.165556,-94.652778,2004-12-08 00:00:00,2004-12-08 08:00:00,300.1586,2004-12-08 02:00:00,2.0000
07249413,35.165556,-94.652778,2005-01-04 04:00:00,2005-01-07 12:00:00,387.9408,2005-01-05 02:00:00,22.0000
07249413,35.165556,-94.652778,2005-01-13 22:00:00,2005-01-14 20:00:00,319.9804,2005-01-14 05:00:00,7.0000
07249413,35.165556,-94.652778,2006-11-30 16:00:00,2006-12-03 18:00:00,826.8519,2006-12-01 19:00:00,27.0000
07249413,35.165556,-94.652778,2006-12-30 22:00:00,2007-01-01 05:00:00,376.6141,2006-12-31 14:00:00,16.0000
07249413,35.165556,-94.652778,2007-01-13 20:00:00,2007-01-17 06:00:00,546.5151,2007-01-15 06:00:00,34.0000
07249413,35.165556,-94.652778,2008-02-17 10:00:00,2008-02-19 04:00:00,427.5844,2008-02-18 07:00:00,21.0000
07249413,35.165556,-94.652778,2008-03-03 14:00:00,2008-03-06 17:00:00,671.1093,2008-03-04 18:00:00,28.0000
07249413,35.165556,-94.652778,2008-03-18 23:00:00,2008-03-25 03:00:00,1243.1096,2008-03-20 07:00:00,32.0000
07249413,35.165556,-94.652778,2008-03-31 04:00:00,2008-04-07 11:00:00,410.5943,2008-04-02 03:00:00,47.0000
07249413,35.165556,-94.652778,2008-04-10 10:00:00,2008-04-16 14:00:00,911.8025,2008-04-11 21:00:00,35.0000
07249413,35.165556,-94.652778,2008-09-03 23:00:00,2008-09-06 06:00:00,501.2082,2008-09-04 22:00:00,23.0000
07249413,35.165556,-94.652778,2008-09-14 15:00:00,2008-09-16 05:00:00,396.4359,2008-09-15 10:00:00,19.0000
07249413,35.165556,-94.652778,2009-04-13 12:00:00,2009-04-13 23:00:00,305.8219,2009-04-13 15:00:00,3.0000
07249413,35.165556,-94.652778,2009-05-03 00:00:00,2009-05-03 04:00:00,336.9705,2009-05-03 04:00:00,4.0000
07249413,35.165556,-94.652778,2009-10-09 16:30:00,2009-10-12 00:00:00,526.6933,2009-10-10 14:00:00,21.5000
07249413,35.165556,-94.652778,2009-10-27 12:45:00,2009-10-28 18:30:00,328.4754,2009-10-28 04:15:00,15.5000
07249413,35.165556,-94.652778,2009-12-25 07:00:00,2009-12-26 09:30:00,353.9606,2009-12-25 20:00:00,13.0000
07249413,35.165556,-94.652778,2011-05-24 21:00:00,2011-05-26 08:30:00,336.9705,2011-05-25 20:15:00,23.2500
07249413,35.165556,-94.652778,2012-01-25 21:45:00,2012-01-28 03:30:00,504.0399,2012-01-26 23:30:00,25.7500
07249413,35.165556,-94.652778,2013-04-03 14:45:00,2013-04-04 12:30:00,334.1388,2013-04-04 03:15:00,12.5000
07249413,35.165556,-94.652778,2013-06-01 19:15:00,2013-06-04 00:30:00,489.8814,2013-06-02 22:15:00,27.0000
07249413,35.165556,-94.652778,2014-03-16 17:30:00,2014-03-18 13:00:00,433.2478,2014-03-17 15:00:00,21.5000
07249413,35.165556,-94.652778,2014-10-13 22:30:00,2014-10-15 08:30:00,387.9408,2014-10-14 15:30:00,17.0000
07249413,35.165556,-94.652778,2015-03-14 03:45:00,2015-03-16 07:45:00,447.4062,2015-03-15 02:30:00,22.7500
07249413,35.165556,-94.652778,2015-04-14 05:45:00,2015-04-16 07:00:00,453.0695,2015-04-15 06:15:00,24.5000
07249413,35.165556,-94.652778,2015-04-19 01:30:00,2015-04-19 10:45:00,305.8219,2015-04-19 03:45:00,2.2500
07249413,35.165556,-94.652778,2015-05-10 06:30:00,2015-05-11 04:45:00,741.9014,2015-05-11 04:45:00,22.2500
07249413,35.165556,-94.652778,2015-11-28 14:15:00,2015-12-01 04:30:00,427.5844,2015-11-29 16:00:00,25.7500
07249413,35.165556,-94.652778,2015-12-13 18:15:00,2015-12-16 09:15:00,552.1785,2015-12-14 22:15:00,28.0000
07249413,35.165556,-94.652778,2015-12-27 18:30:00,2015-12-28 15:00:00,1565.9216,2015-12-28 15:00:00,20.5000
07249413,35.165556,-94.652778,2016-03-09 19:15:00,2016-03-11 02:45:00,334.1388,2016-03-10 05:45:00,10.5000
07249413,35.165556,-94.652778,2016-04-30 14:15:00,2016-05-02 02:45:00,416.2576,2016-05-01 08:30:00,18.2500
07249413,35.165556,-94.652778,2016-05-13 01:00:00,2016-05-13 13:30:00,305.8219,2016-05-13 04:45:00,3.7500
07338500,33.941111,-94.758333,1992-12-16 18:00:00,1992-12-17 20:00:00,461.5646,1992-12-17 08:00:00,14.0000
07338500,33.941111,-94.758333,1993-10-21 20:00:00,1993-10-22 08:00:00,421.9210,1993-10-21 23:00:00,3.0000
07338500,33.941111,-94.758333,1993-12-04 13:00:00,1993-12-06 06:00:00,506.8716,1993-12-05 06:00:00,17.0000
07338500,33.941111,-94.758333,1995-01-14 20:00:00,1995-01-16 05:00:00,481.3864,1995-01-15 08:00:00,12.0000
07338500,33.941111,-94.758333,1997-02-21 12:00:00,1997-02-24 05:00:00,696.5944,1997-02-22 21:00:00,33.0000
07338500,33.941111,-94.758333,1998-10-08 04:00:00,1998-10-08 14:00:00,413.4260,1998-10-08 06:00:00,2.0000
07338500,33.941111,-94.758333,2000-12-27 12:30:00,2000-12-29 09:00:00,475.7230,2000-12-28 06:00:00,17.5000
07338500,33.941111,-94.758333,2001-02-16 22:30:00,2001-02-19 15:00:00,588.9904,2001-02-18 04:30:00,30.0000
07338500,33.941111,-94.758333,2001-12-17 08:00:00,2001-12-20 11:00:00,900.4757,2001-12-18 09:00:00,25.0000
07338500,33.941111,-94.758333,2002-03-20 16:30:00,2002-03-23 16:30:00,869.3272,2002-03-21 20:30:00,28.0000
07338500,33.941111,-94.758333,2002-04-09 11:00:00,2002-04-11 02:30:00,489.8814,2002-04-10 02:00:00,15.0000
07338500,33.941111,-94.758333,2005-01-04 12:00:00,2005-01-06 22:00:00,518.1983,2005-01-05 19:00:00,31.0000
07338500,33.941111,-94.758333,2007-07-11 04:00:00,2007-07-13 06:00:00,475.7230,2007-07-12 08:00:00,28.0000
07338500,33.941111,-94.758333,2008-03-19 18:00:00,2008-03-22 16:00:00,1076.0402,2008-03-20 13:00:00,19.0000
07338500,33.941111,-94.758333,2008-04-05 04:00:00,2008-04-06 09:00:00,427.5844,2008-04-05 15:00:00,11.0000
07338500,33.941111,-94.758333,2009-05-11 02:00:00,2009-05-15 07:00:00,521.0300,2009-05-12 10:00:00,32.0000
07338500,33.941111,-94.758333,2011-05-04 01:00:00,2011-05-04 18:00:00,416.2576,2011-05-04 07:00:00,6.0000
07338500,33.941111,-94.758333,2015-05-10 06:00:00,2015-05-13 05:30:00,710.7528,2015-05-11 18:00:00,36.0000
07338500,33.941111,-94.758333,2015-05-26 04:00:00,2015-05-28 19:30:00,858.0005,2015-05-27 03:30:00,23.5000
07338500,33.941111,-94.758333,2015-11-28 19:30:00,2015-12-01 19:00:00,1110.0204,2015-11-29 22:30:00,27.0000
07338500,33.941111,-94.758333,2015-12-14 03:00:00,2015-12-16 11:30:00,620.1389,2015-12-15 08:30:00,29.5000
07338500,33.941111,-94.758333,2015-12-28 07:30:00,2015-12-31 10:30:00,2681.6054,2015-12-29 05:00:00,21.5000
07050500,36.427222,-93.620833,2008-04-11 03:45:00,2008-04-11 04:30:00,1160.9907,2008-04-11 04:00:00,0.2500
07050500,36.427222,-93.620833,2011-04-26 05:00:00,2011-04-26 18:15:00,1486.6344,2011-04-26 12:45:00,7.7500
07050500,36.427222,-93.620833,2015-12-28 04:00:00,2015-12-28 18:30:00,1347.8819,2015-12-28 13:00:00,9.0000
07171000,36.851111,-95.585833,1990-03-12 15:00:00,1990-03-13 01:00:00,1005.2481,1990-03-12 20:00:00,5.0000
07171000,36.851111,-95.585833,1992-12-14 19:00:00,1992-12-16 12:00:00,1073.2085,1992-12-15 05:00:00,10.0000
07171000,36.851111,-95.585833,1993-05-09 14:00:00,1993-05-11 17:00:00,1118.5154,1993-05-10 13:00:00,23.0000
07171000,36.851111,-95.585833,1993-05-19 03:00:00,1993-05-19 19:00:00,1036.3966,1993-05-19 12:00:00,9.0000
07171000,36.851111,-95.585833,1994-04-11 13:00:00,1994-04-14 21:00:00,1489.4661,1994-04-12 07:00:00,18.0000
07171000,36.851111,-95.585833,1994-05-01 11:00:00,1994-05-03 09:00:00,1146.8323,1994-05-02 06:00:00,19.0000
07171000,36.851111,-95.585833,1995-06-10 02:00:00,1995-06-14 02:00:00,1319.5651,1995-06-11 13:00:00,35.0000
07171000,36.851111,-95.585833,1998-10-06 06:00:00,1998-10-07 10:00:00,1121.3471,1998-10-06 20:00:00,14.0000
07171000,36.851111,-95.585833,2004-03-05 09:00:00,2004-03-06 12:00:00,1047.7233,2004-03-06 01:00:00,16.0000
07171000,36.851111,-95.585833,2007-05-08 08:00:00,2007-05-09 23:00:00,1076.0402,2007-05-08 22:00:00,14.0000
07171000,36.851111,-95.585833,2007-06-11 17:00:00,2007-06-13 02:00:00,1104.3570,2007-06-12 06:00:00,13.0000
07171000,36.851111,-95.585833,2007-06-30 07:00:00,2007-07-03 04:00:00,5436.8345,2007-07-02 12:00:00,53.0000
07171000,36.851111,-95.585833,2008-05-27 11:00:00,2008-05-29 17:00:00,1160.9907,2008-05-28 12:00:00,25.0000
07171000,36.851111,-95.585833,2008-06-09 23:00:00,2008-06-10 04:00:00,1036.3966,2008-06-10 04:00:00,5.0000
07171000,36.851111,-95.585833,2009-04-30 11:00:00,2009-05-03 01:00:00,1141.1689,2009-05-02 03:00:00,40.0000
07171000,36.851111,-95.585833,2009-10-09 19:00:00,2009-10-10 06:00:00,1010.9114,2009-10-09 23:15:00,4.2500
07171000,36.851111,-95.585833,2012-04-30 22:15:00,2012-05-03 05:45:00,1418.6740,2012-05-01 22:15:00,24.0000
07171000,36.851111,-95.585833,2013-06-01 10:00:00,2013-06-02 00:30:00,1053.3867,2013-06-01 15:45:00,5.7500
07171000,36.851111,-95.585833,2013-08-08 09:45:00,2013-08-09 15:15:00,1056.2184,2013-08-08 12:30:00,2.7500
07171000,36.851111,-95.585833,2014-10-10 14:00:00,2014-10-11 21:30:00,1203.4660,2014-10-11 09:30:00,19.5000
07182250,38.397500,-96.355833,1992-07-24 11:45:00,1992-07-25 06:00:00,382.2774,1992-07-24 17:00:00,5.2500
07182250,38.397500,-96.355833,1992-11-20 00:00:00,1992-11-22 04:00:00,560.6736,1992-11-20 07:00:00,7.0000
07182250,38.397500,-96.355833,1993-05-08 17:45:00,1993-05-14 09:45:00,1328.0601,1993-05-10 06:00:00,36.2500
07182250,38.397500,-96.355833,1993-07-06 21:15:00,1993-07-07 19:00:00,529.5250,1993-07-07 04:45:00,7.5000
07182250,38.397500,-96.355833,1993-07-19 17:45:00,1993-07-25 06:45:00,702.2578,1993-07-22 12:45:00,67.0000
07182250,38.397500,-96.355833,1995-05-24 08:15:00,1995-05-30 20:15:00,637.1290,1995-05-27 23:00:00,86.7500
07182250,38.397500,-96.355833,1995-06-10 09:00:00,1995-06-11 17:00:00,458.7329,1995-06-10 18:00:00,9.0000
07182250,38.397500,-96.355833,1997-04-11 13:00:00,1997-04-14 04:30:00,566.3369,1997-04-11 23:15:00,10.2500
07182250,38.397500,-96.355833,1998-10-05 02:45:00,1998-10-07 14:00:00,699.4261,1998-10-05 17:30:00,14.7500
07182250,38.397500,-96.355833,1998-11-01 10:15:00,1998-11-06 05:15:00,2630.6350,1998-11-02 06:30:00,20.2500
07182250,38.397500,-96.355833,1999-04-15 05:45:00,1999-04-17 12:00:00,569.1686,1999-04-15 18:00:00,12.2500
07182250,38.397500,-96.355833,1999-04-27 03:00:00,1999-04-29 06:30:00,555.0102,1999-04-27 19:00:00,16.0000
07182250,38.397500,-96.355833,2001-02-25 05:00:00,2001-02-26 21:00:00,373.7824,2001-02-25 15:00:00,10.0000
07182250,38.397500,-96.355833,2003-04-25 00:15:00,2003-04-25 21:00:00,387.9408,2003-04-25 05:00:00,4.7500
07182250,38.397500,-96.355833,2004-03-05 01:00:00,2004-03-08 08:00:00,557.8419,2004-03-05 14:00:00,13.0000
07182250,38.397500,-96.355833,2004-06-15 18:00:00,2004-06-16 04:00:00,385.1091,2004-06-15 21:00:00,3.0000
07182250,38.397500,-96.355833,2004-06-19 00:00:00,2004-06-19 23:00:00,368.1190,2004-06-19 12:00:00,12.0000
07182250,38.397500,-96.355833,2004-07-09 23:00:00,2004-07-11 14:00:00,535.1884,2004-07-10 11:00:00,12.0000
07182250,38.397500,-96.355833,2004-07-27 17:00:00,2004-07-28 01:00:00,351.1289,2004-07-27 19:00:00,2.0000
07182250,38.397500,-96.355833,2005-05-13 15:00:00,2005-05-15 02:00:00,470.0597,2005-05-13 21:00:00,6.0000
07182250,38.397500,-96.355833,2005-06-04 21:00:00,2005-06-07 10:00:00,393.6042,2005-06-05 11:00:00,14.0000
07182250,38.397500,-96.355833,2005-06-11 14:00:00,2005-06-16 06:00:00,775.8816,2005-06-14 02:00:00,60.0000
07182250,38.397500,-96.355833,2005-08-25 22:00:00,2005-08-28 22:00:00,521.0300,2005-08-27 17:00:00,43.0000
07182250,38.397500,-96.355833,2008-04-24 05:30:00,2008-04-25 03:15:00,402.0992,2008-04-24 11:15:00,5.7500
07182250,38.397500,-96.355833,2008-09-13 02:30:00,2008-09-16 16:00:00,637.1290,2008-09-15 13:30:00,59.0000
07182250,38.397500,-96.355833,2009-04-27 11:30:00,2009-04-30 09:15:00,597.4855,2009-04-28 04:00:00,16.5000
07182250,38.397500,-96.355833,2009-05-08 15:15:00,2009-05-11 16:45:00,736.2380,2009-05-09 05:45:00,14.5000
07182250,38.397500,-96.355833,2009-06-16 12:30:00,2009-06-17 08:45:00,416.2576,2009-06-16 18:00:00,5.5000
07182250,38.397500,-96.355833,2010-06-09 18:30:00,2010-06-10 17:30:00,404.9309,2010-06-10 02:00:00,7.5000
07182250,38.397500,-96.355833,2010-06-14 08:30:00,2010-06-17 09:15:00,617.3073,2010-06-15 18:30:00,34.0000
07182250,38.397500,-96.355833,2013-07-30 08:45:00,2013-08-06 22:00:00,549.3468,2013-08-03 11:00:00,98.2500
07182250,38.397500,-96.355833,2015-05-17 13:00:00,2015-05-18 23:15:00,376.6141,2015-05-17 18:45:00,5.7500
07182250,38.397500,-96.355833,2015-05-24 07:00:00,2015-05-26 22:00:00,444.5745,2015-05-24 18:30:00,11.5000
07182250,38.397500,-96.355833,2016-04-27 10:30:00,2016-04-27 17:30:00,365.2873,2016-04-27 12:45:00,2.2500
07182250,38.397500,-96.355833,2016-05-27 07:30:00,2016-05-30 17:15:00,608.8122,2016-05-27 13:30:00,6.0000
07349860,32.447222,-93.594444,1996-07-13 19:00:00,1996-07-14 01:00:00,82.1189,1996-07-13 21:00:00,2.0000
07349860,32.447222,-93.594444,1998-01-08 00:00:00,1998-01-09 01:00:00,80.9862,1998-01-08 08:00:00,8.0000
07349860,32.447222,-93.594444,1999-01-03 08:00:00,1999-01-05 10:00:00,85.8000,1999-01-04 00:00:00,16.0000
07349860,32.447222,-93.594444,1999-01-29 04:00:00,1999-02-27 06:00:00,157.1585,1999-01-30 15:00:00,35.0000
07349860,32.447222,-93.594444,1999-04-05 02:00:00,1999-04-21 06:00:00,158.5743,1999-04-06 05:00:00,27.0000
07349860,32.447222,-93.594444,2000-12-27 10:00:00,2001-01-11 05:00:00,110.7189,2000-12-29 09:00:00,47.0000
07349860,32.447222,-93.594444,2001-12-21 13:00:00,2001-12-28 16:00:00,79.0040,2001-12-23 20:00:00,55.0000
07349860,32.447222,-93.594444,2003-02-23 01:00:00,2003-02-25 19:00:00,86.9327,2003-02-23 16:00:00,15.0000
07349860,32.447222,-93.594444,2003-02-26 23:00:00,2003-03-09 01:00:00,80.4198,2003-03-01 10:00:00,59.0000
07349860,32.447222,-93.594444,2004-06-28 22:00:00,2004-07-03 09:00:00,83.8179,2004-06-29 12:00:00,14.0000
07349860,32.447222,-93.594444,2007-01-16 05:00:00,2007-01-17 19:00:00,83.8179,2007-01-16 19:00:00,14.0000
07349860,32.447222,-93.594444,2007-07-07 10:00:00,2007-07-10 14:00:00,98.5426,2007-07-08 02:00:00,16.0000
07349860,32.447222,-93.594444,2009-12-02 07:00:00,2009-12-04 16:00:00,77.3050,2009-12-02 18:00:00,11.0000
07349860,32.447222,-93.594444,2009-12-24 11:00:00,2010-01-05 16:00:00,97.1268,2009-12-26 02:00:00,39.0000
07349860,32.447222,-93.594444,2010-01-29 15:00:00,2010-02-02 22:00:00,80.4198,2010-01-30 18:00:00,27.0000
07349860,32.447222,-93.594444,2010-02-09 06:00:00,2010-02-16 09:00:00,78.7208,2010-02-11 00:00:00,42.0000
07349860,32.447222,-93.594444,2012-03-21 22:45:00,2012-03-23 22:00:00,92.0298,2012-03-22 13:45:00,15.0000
07349860,32.447222,-93.594444,2015-03-12 12:30:00,2015-04-20 14:30:00,105.3387,2015-03-14 23:30:00,59.0000
07349860,32.447222,-93.594444,2015-05-17 18:00:00,2015-06-11 15:30:00,108.1704,2015-05-20 06:30:00,60.5000
07349860,32.447222,-93.594444,2015-06-18 16:00:00,2015-06-23 23:30:00,84.9505,2015-06-19 21:00:00,29.0000
07349860,32.447222,-93.594444,2016-01-09 07:00:00,2016-01-14 07:30:00,81.8357,2016-01-10 00:00:00,17.0000
07349860,32.447222,-93.594444,2016-03-09 01:30:00,2016-04-05 09:00:00,204.4476,2016-03-10 13:00:00,35.5000
07176000,36.307500,-95.699722,2007-07-05 03:30:00,2007-07-09 00:00:00,1670.6939,2007-07-06 12:00:00,32.5000
07335300,34.026667,-95.750000,1990-03-14 21:18:57,1990-03-21 12:32:54,965.6045,1990-03-17 07:24:03,58.0850
07335300,34.026667,-95.750000,1990-04-21 15:00:00,1990-04-22 23:00:00,736.2380,1990-04-22 23:00:00,32.0000
07335300,34.026667,-95.750000,1990-04-27 05:00:00,1990-04-30 04:00:00,1093.0303,1990-04-29 23:00:00,66.0000
07335300,34.026667,-95.750000,1990-05-04 05:00:00,1990-05-08 22:00:00,2171.9021,1990-05-06 16:00:00,59.0000
07335300,34.026667,-95.750000,1991-06-11 17:00:00,1991-06-15 16:00:00,600.3171,1991-06-13 00:00:00,31.0000
07335300,34.026667,-95.750000,1991-10-31 22:00:00,1991-11-04 22:00:00,569.1686,1991-11-02 18:00:00,44.0000
07335300,34.026667,-95.750000,1991-12-22 22:00:00,1991-12-28 15:00:00,883.4856,1991-12-25 17:00:00,67.0000
07335300,34.026667,-95.750000,1992-12-17 00:00:00,1992-12-22 13:00:00,790.0400,1992-12-20 01:00:00,73.0000
07335300,34.026667,-95.750000,1993-02-19 23:00:00,1993-02-21 08:00:00,475.7230,1993-02-20 18:00:00,19.0000
07335300,34.026667,-95.750000,1993-05-10 16:00:00,1993-05-17 17:00:00,1047.7233,1993-05-12 19:00:00,51.0000
07335300,34.026667,-95.750000,1994-05-03 22:00:00,1994-05-09 01:00:00,682.4360,1994-05-05 17:00:00,43.0000
07335300,34.026667,-95.750000,1995-03-17 16:00:00,1995-03-18 05:00:00,608.8122,1995-03-17 23:00:00,7.0000
07335300,34.026667,-95.750000,1995-05-09 16:00:00,1995-05-15 16:00:00,798.5351,1995-05-11 20:00:00,52.0000
07335300,34.026667,-95.750000,1996-04-27 16:00:00,1996-04-28 06:00:00,458.7329,1996-04-27 19:00:00,3.0000
07335300,34.026667,-95.750000,1996-11-09 02:00:00,1996-11-11 17:00:00,552.1785,1996-11-10 03:00:00,25.0000
07335300,34.026667,-95.750000,1996-11-27 02:00:00,1996-11-28 05:00:00,543.6835,1996-11-28 02:00:00,24.0000
07335300,34.026667,-95.750000,1996-11-29 06:00:00,1996-12-04 00:00:00,586.1587,1996-11-29 18:00:00,12.0000
07335300,34.026667,-95.750000,1998-03-20 20:00:00,1998-03-21 05:00:00,492.7131,1998-03-21 00:00:00,4.0000
07335300,34.026667,-95.750000,1998-03-22 06:00:00,1998-03-23 17:00:00,532.3567,1998-03-22 22:00:00,16.0000
07335300,34.026667,-95.750000,2001-02-18 13:00:00,2001-02-21 23:30:00,580.4954,2001-02-20 04:30:00,39.5000
07335300,34.026667,-95.750000,2001-03-01 06:00:00,2001-03-02 22:00:00,501.2082,2001-03-01 07:30:00,1.5000
07335300,34.026667,-95.750000,2002-03-21 00:30:00,2002-03-25 22:30:00,778.7133,2002-03-22 23:00:00,46.5000
07335300,34.026667,-95.750000,2002-04-09 01:30:00,2002-04-15 09:30:00,1047.7233,2002-04-11 13:00:00,59.5000
07335300,34.026667,-95.750000,2004-11-06 06:29:00,2004-11-07 22:29:00,484.2181,2004-11-07 03:00:00,20.5167
07335300,34.026667,-95.750000,2005-01-07 06:00:00,2005-01-11 16:30:00,637.1290,2005-01-09 09:30:00,51.5000
07335300,34.026667,-95.750000,2007-01-02 04:00:00,2007-01-03 04:00:00,461.5646,2007-01-02 13:00:00,9.0000
07335300,34.026667,-95.750000,2007-01-16 15:00:00,2007-01-17 18:00:00,467.2280,2007-01-17 00:00:00,9.0000
07335300,34.026667,-95.750000,2007-05-09 20:00:00,2007-05-13 07:00:00,659.7825,2007-05-11 05:00:00,33.0000
07335300,34.026667,-95.750000,2008-03-20 14:00:00,2008-03-25 19:00:00,722.0796,2008-03-23 06:00:00,64.0000
07335300,34.026667,-95.750000,2008-04-12 22:00:00,2008-04-16 07:00:00,622.9706,2008-04-14 12:00:00,38.0000
07335300,34.026667,-95.750000,2009-05-14 09:00:00,2009-05-16 22:00:00,489.8814,2009-05-15 10:00:00,25.0000
07335300,34.026667,-95.750000,2009-10-12 00:00:00,2009-10-16 16:00:00,625.8023,2009-10-14 12:00:00,60.0000
07335300,34.026667,-95.750000,2009-10-26 09:00:00,2009-10-29 04:00:00,617.3073,2009-10-29 00:00:00,63.0000
07335300,34.026667,-95.750000,2012-01-27 22:00:00,2012-01-28 05:00:00,478.5547,2012-01-28 05:00:00,7.0000
07335300,34.026667,-95.750000,2012-03-22 14:00:00,2012-03-23 04:00:00,487.0498,2012-03-23 03:00:00,13.0000
07335300,34.026667,-95.750000,2013-05-24 13:00:00,2013-05-27 22:00:00,532.3567,2013-05-26 13:00:00,48.0000
07335300,34.026667,-95.750000,2015-06-20 11:00:00,2015-06-25 19:00:00,572.0003,2015-06-23 07:00:00,68.0000
07335300,34.026667,-95.750000,2015-11-29 17:00:00,2015-12-05 15:00:00,605.9805,2015-12-02 23:00:00,78.0000
07335300,34.026667,-95.750000,2015-12-28 18:00:00,2016-01-06 00:00:00,1415.8423,2015-12-31 19:00:00,73.0000
07334000,34.271389,-95.911944,1990-04-29 03:00:00,1990-04-30 00:00:00,512.5349,1990-04-29 20:00:00,17.0000
07334000,34.271389,-95.911944,1990-05-02 21:00:00,1990-05-03 04:00:00,696.5944,1990-05-03 03:00:00,6.0000
07334000,34.271389,-95.911944,1990-05-04 05:00:00,1990-05-05 04:00:00,1245.9413,1990-05-05 04:00:00,23.0000
07334000,34.271389,-95.911944,1993-05-09 21:00:00,1993-05-10 18:00:00,586.1587,1993-05-10 01:00:00,4.0000
07334000,34.271389,-95.911944,1995-05-08 19:00:00,1995-05-10 03:00:00,538.0201,1995-05-09 07:00:00,12.0000
07334000,34.271389,-95.911944,2002-04-08 04:00:00,2002-04-10 21:30:00,634.2974,2002-04-08 20:30:00,16.5000
07334000,34.271389,-95.911944,2007-05-07 23:00:00,2007-05-09 06:00:00,625.8023,2007-05-08 13:00:00,14.0000
07334000,34.271389,-95.911944,2007-07-02 16:00:00,2007-07-03 05:00:00,521.0300,2007-07-03 00:00:00,8.0000
07334000,34.271389,-95.911944,2007-07-10 22:00:00,2007-07-12 12:00:00,690.9311,2007-07-11 09:00:00,11.0000
07334000,34.271389,-95.911944,2008-04-11 04:00:00,2008-04-11 22:00:00,518.1983,2008-04-11 12:00:00,8.0000
07334000,34.271389,-95.911944,2015-05-11 00:00:00,2015-05-12 04:30:00,699.4261,2015-05-11 10:30:00,10.5000
07334000,34.271389,-95.911944,2015-05-13 05:00:00,2015-05-15 07:00:00,668.2776,2015-05-13 10:30:00,5.5000
07334000,34.271389,-95.911944,2015-05-20 10:30:00,2015-05-31 02:00:00,1308.2383,2015-05-26 13:00:00,146.5000
07334000,34.271389,-95.911944,2015-12-27 21:30:00,2016-01-01 14:30:00,1002.4164,2015-12-30 05:30:00,56.0000
07229050,35.194444,-97.484722,1996-08-03 16:00:00,1996-08-03 21:15:00,441.7428,1996-08-03 18:45:00,2.7500
07229050,35.194444,-97.484722,1997-04-11 18:15:00,1997-04-13 14:00:00,512.5349,1997-04-11 23:00:00,4.7500
07229050,35.194444,-97.484722,1998-03-16 13:45:00,1998-03-18 12:45:00,617.3073,1998-03-17 12:00:00,22.2500
07229050,35.194444,-97.484722,2007-06-30 00:00:00,2007-07-01 00:00:00,413.4260,2007-06-30 07:30:00,7.5000
07229050,35.194444,-97.484722,2007-08-19 19:30:00,2007-08-22 03:00:00,1407.3473,2007-08-21 18:00:00,46.5000
07229050,35.194444,-97.484722,2013-06-01 12:00:00,2013-06-01 23:00:00,393.6042,2013-06-01 16:30:00,4.5000
07229050,35.194444,-97.484722,2015-05-07 04:00:00,2015-05-08 06:00:00,611.6439,2015-05-07 20:30:00,16.5000
