GaugeID, Lat, Lon, Start Time (UTC), End Time (UTC), Peak Q (cms), Peak Time (UTC), Delta Time (h)
08181400,29.578333,-98.691389,1991-12-21 14:15:00,1991-12-21 20:15:00,54.0852,1991-12-21 17:45:00,3.5000
08181400,29.578333,-98.691389,1992-05-21 22:15:00,1992-05-21 23:30:00,80.4198,1992-05-21 22:45:00,0.5000
08181400,29.578333,-98.691389,1997-06-22 09:45:00,1997-06-22 17:45:00,129.1248,1997-06-22 10:30:00,0.7500
08181400,29.578333,-98.691389,1998-10-17 17:30:00,1998-10-18 11:15:00,356.7923,1998-10-18 06:15:00,12.7500
08181400,29.578333,-98.691389,2000-10-23 13:00:00,2000-10-23 14:30:00,56.0674,2000-10-23 13:45:00,0.7500
08181400,29.578333,-98.691389,2002-07-02 00:45:00,2002-07-02 15:45:00,308.6536,2002-07-02 14:15:00,13.5000
08181400,29.578333,-98.691389,2007-06-28 15:30:00,2007-06-28 18:45:00,137.9030,2007-06-28 16:00:00,0.5000
08181400,29.578333,-98.691389,2007-08-16 21:30:00,2007-08-17 03:00:00,262.7803,2007-08-16 22:45:00,1.2500
08181400,29.578333,-98.691389,2007-09-05 07:15:00,2007-09-05 10:30:00,227.9506,2007-09-05 08:00:00,0.7500
08181400,29.578333,-98.691389,2010-05-14 17:45:00,2010-05-15 10:45:00,44.7406,2010-05-14 18:15:00,0.5000
08181400,29.578333,-98.691389,2015-05-30 22:30:00,2015-05-30 23:45:00,113.5506,2015-05-30 22:45:00,0.2500
08181400,29.578333,-98.691389,2015-10-30 12:00:00,2015-10-30 15:15:00,177.2635,2015-10-30 13:00:00,1.0000
08211900,27.772222,-98.033333,1999-08-25 03:00:00,1999-08-25 10:15:00,7.7305,1999-08-25 06:15:00,3.2500
08211900,27.772222,-98.033333,2001-08-31 11:00:00,2001-09-05 05:00:00,334.1388,2001-08-31 19:00:00,8.0000
08211900,27.772222,-98.033333,2001-11-14 23:30:00,2001-11-29 12:15:00,128.5585,2001-11-17 07:00:00,55.5000
08211900,27.772222,-98.033333,2001-12-02 18:45:00,2001-12-03 22:15:00,26.5329,2001-12-02 22:15:00,3.5000
08211900,27.772222,-98.033333,2002-07-02 08:00:00,2002-07-03 00:00:00,9.4295,2002-07-02 10:00:00,2.0000
08211900,27.772222,-98.033333,2002-07-05 09:30:00,2002-07-11 21:15:00,232.1981,2002-07-05 23:15:00,13.7500
08211900,27.772222,-98.033333,2002-07-16 11:30:00,2002-07-25 15:00:00,45.0238,2002-07-17 14:30:00,27.0000
08211900,27.772222,-98.033333,2002-09-09 05:45:00,2002-09-10 02:00:00,33.4139,2002-09-09 10:45:00,5.0000
08211900,27.772222,-98.033333,2002-09-16 00:45:00,2002-09-18 09:00:00,32.5644,2002-09-17 05:00:00,28.2500
08211900,27.772222,-98.033333,2003-09-15 15:30:00,2003-09-16 09:45:00,13.2240,2003-09-15 23:30:00,8.0000
08211900,27.772222,-98.033333,2003-09-18 01:30:00,2003-09-20 23:45:00,99.3921,2003-09-19 07:30:00,30.0000
08211900,27.772222,-98.033333,2003-10-12 19:00:00,2003-10-14 17:15:00,18.6608,2003-10-13 07:15:00,12.2500
08211900,27.772222,-98.033333,2004-03-15 15:15:00,2004-03-15 22:00:00,8.8065,2004-03-15 16:45:00,1.5000
08211900,27.772222,-98.033333,2004-04-25 20:00:00,2004-04-27 15:00:00,34.5466,2004-04-26 09:00:00,13.0000
08211900,27.772222,-98.033333,2004-05-02 05:00:00,2004-05-03 02:45:00,12.8275,2004-05-02 12:15:00,7.2500
08211900,27.772222,-98.033333,2004-05-14 07:45:00,2004-05-16 08:30:00,88.0654,2004-05-14 21:00:00,13.2500
08211900,27.772222,-98.033333,2004-09-14 12:45:00,2004-09-15 13:15:00,37.9446,2004-09-14 17:30:00,4.7500
08211900,27.772222,-98.033333,2005-03-20 02:00:00,2005-03-20 05:45:00,11.1568,2005-03-20 03:15:00,1.2500
08211900,27.772222,-98.033333,2006-06-03 14:00:00,2006-06-03 16:00:00,12.1196,2006-06-03 15:45:00,1.7500
08211900,27.772222,-98.033333,2006-06-22 07:30:00,2006-06-22 12:15:00,9.4295,2006-06-22 09:00:00,1.5000
08211900,27.772222,-98.033333,2006-09-14 09:15:00,2006-09-14 19:30:00,9.9675,2006-09-14 13:30:00,4.2500
08211900,27.772222,-98.033333,2006-09-18 11:00:00,2006-09-20 03:15:00,52.6693,2006-09-19 01:15:00,14.2500
08211900,27.772222,-98.033333,2007-05-25 17:30:00,2007-05-27 00:30:00,147.2476,2007-05-26 03:30:00,10.0000
08211900,27.772222,-98.033333,2007-07-04 11:30:00,2007-07-05 15:00:00,17.7263,2007-07-04 15:45:00,4.2500
08211900,27.772222,-98.033333,2007-07-26 17:45:00,2007-07-28 05:45:00,31.4317,2007-07-27 10:00:00,16.2500
08211900,27.772222,-98.033333,2007-09-02 06:15:00,2007-09-04 18:45:00,57.4832,2007-09-02 18:00:00,11.7500
08211900,27.772222,-98.033333,2010-02-04 11:15:00,2010-02-04 16:15:00,7.5323,2010-02-04 12:45:00,1.5000
08211900,27.772222,-98.033333,2010-04-15 11:00:00,2010-04-19 06:30:00,68.8099,2010-04-17 12:30:00,49.5000
08211900,27.772222,-98.033333,2010-05-26 04:15:00,2010-05-26 21:45:00,25.9099,2010-05-26 08:45:00,4.5000
08211900,27.772222,-98.033333,2010-07-01 18:30:00,2010-07-04 12:15:00,356.7923,2010-07-02 17:15:00,22.7500
08211900,27.772222,-98.033333,2010-07-05 18:45:00,2010-07-05 19:45:00,8.0420,2010-07-05 19:00:00,0.2500
08211900,27.772222,-98.033333,2010-09-18 12:15:00,2010-09-21 17:15:00,64.5624,2010-09-20 07:15:00,43.0000
08211900,27.772222,-98.033333,2015-03-19 05:15:00,2015-03-19 19:45:00,11.5533,2015-03-19 10:45:00,5.5000
08211900,27.772222,-98.033333,2015-03-22 06:45:00,2015-03-22 15:15:00,8.2402,2015-03-22 10:15:00,3.5000
08211900,27.772222,-98.033333,2015-04-18 19:00:00,2015-04-19 08:30:00,13.6204,2015-04-18 22:30:00,3.5000
08211900,27.772222,-98.033333,2015-05-13 14:45:00,2015-05-13 23:30:00,11.1002,2015-05-13 18:00:00,3.2500
08211900,27.772222,-98.033333,2015-06-18 01:15:00,2015-06-19 08:30:00,26.6178,2015-06-18 06:30:00,5.2500
08189200,28.303333,-97.112222,1996-06-27 10:00:00,1996-07-01 14:00:00,4.5024,1996-06-28 18:00:00,32.0000
08189200,28.303333,-97.112222,1996-09-09 12:00:00,1996-09-14 17:00:00,3.8794,1996-09-11 18:00:00,54.0000
08189200,28.303333,-97.112222,1997-01-01 12:00:00,1997-01-02 00:00:00,2.3786,1997-01-01 15:00:00,3.0000
08189200,28.303333,-97.112222,1997-01-21 06:00:00,1997-01-22 05:00:00,11.2984,1997-01-22 03:00:00,21.0000
08189200,28.303333,-97.112222,1997-03-12 06:00:00,1997-04-15 06:00:00,65.6951,1997-03-19 22:00:00,184.0000
08189200,28.303333,-97.112222,1997-05-12 02:00:00,1997-05-13 08:00:00,1.4725,1997-05-13 03:00:00,25.0000
08189200,28.303333,-97.112222,1997-05-22 03:00:00,1997-05-27 04:00:00,14.9513,1997-05-24 00:00:00,45.0000
08189200,28.303333,-97.112222,1997-05-30 13:00:00,1997-05-31 04:00:00,1.4158,1997-05-30 20:00:00,7.0000
08189200,28.303333,-97.112222,1997-06-08 01:00:00,1997-06-08 16:00:00,1.2176,1997-06-08 06:00:00,5.0000
08189200,28.303333,-97.112222,1997-09-24 04:00:00,1997-09-29 05:00:00,6.7111,1997-09-25 00:00:00,20.0000
08189200,28.303333,-97.112222,1997-10-09 19:00:00,1997-10-28 01:00:00,46.1565,1997-10-16 02:00:00,151.0000
08189200,28.303333,-97.112222,1997-11-12 12:30:00,1997-11-18 13:15:00,4.2475,1997-11-13 16:30:00,28.0000
08189200,28.303333,-97.112222,1998-02-19 05:00:00,1998-02-28 22:00:00,5.9749,1998-02-23 19:45:00,110.7500
08189200,28.303333,-97.112222,1998-03-16 14:15:00,1998-03-22 16:45:00,2.4069,1998-03-19 22:45:00,80.5000
08189200,28.303333,-97.112222,1998-08-22 20:45:00,1998-08-28 22:30:00,7.4190,1998-08-24 06:45:00,34.0000
08189200,28.303333,-97.112222,1998-09-16 02:45:00,1998-10-01 03:30:00,26.1364,1998-09-16 20:45:00,18.0000
08189200,28.303333,-97.112222,1998-10-06 13:00:00,1998-10-16 14:30:00,13.6770,1998-10-07 12:30:00,23.5000
08189200,28.303333,-97.112222,1998-10-18 14:15:00,1998-11-03 10:45:00,55.5010,1998-10-22 02:00:00,83.7500
08189200,28.303333,-97.112222,1998-11-09 09:00:00,1998-11-09 15:15:00,1.1610,1998-11-09 10:15:00,1.2500
08189200,28.303333,-97.112222,1998-11-13 06:00:00,1998-11-28 13:15:00,26.3347,1998-11-15 14:15:00,56.2500
08189200,28.303333,-97.112222,1998-12-06 19:15:00,1998-12-08 14:45:00,1.3026,1998-12-07 18:45:00,23.5000
08189200,28.303333,-97.112222,1998-12-12 08:45:00,1998-12-14 06:15:00,1.6424,1998-12-12 21:30:00,12.7500
08189200,28.303333,-97.112222,1999-01-01 12:15:00,1999-01-03 16:00:00,1.5008,1999-01-02 23:00:00,34.7500
08189200,28.303333,-97.112222,1999-02-17 06:15:00,1999-02-24 11:15:00,4.7855,1999-02-18 07:30:00,25.2500
08189200,28.303333,-97.112222,1999-06-19 22:00:00,1999-06-22 15:30:00,2.3503,1999-06-20 11:30:00,13.5000
08189200,28.303333,-97.112222,2000-03-14 18:15:00,2000-03-17 09:45:00,10.6471,2000-03-15 04:30:00,10.2500
08189200,28.303333,-97.112222,2000-11-19 04:00:00,2000-11-20 21:45:00,2.8204,2000-11-19 17:45:00,13.7500
08189200,28.303333,-97.112222,2001-01-10 20:00:00,2001-01-17 09:00:00,18.6042,2001-01-11 19:00:00,23.0000
08189200,28.303333,-97.112222,2001-01-19 17:45:00,2001-01-22 05:30:00,1.6141,2001-01-21 07:15:00,37.5000
08189200,28.303333,-97.112222,2001-05-09 21:15:00,2001-05-16 19:15:00,11.8931,2001-05-11 10:30:00,37.2500
08189200,28.303333,-97.112222,2001-08-31 07:30:00,2001-09-14 22:45:00,28.0054,2001-09-04 23:15:00,111.7500
08189200,28.303333,-97.112222,2001-10-12 23:00:00,2001-10-18 18:15:00,6.6828,2001-10-14 11:00:00,36.0000
08189200,28.303333,-97.112222,2001-11-12 21:45:00,2001-11-12 22:45:00,1.2176,2001-11-12 22:15:00,0.5000
08189200,28.303333,-97.112222,2001-11-16 08:00:00,2001-11-28 06:45:00,31.7149,2001-11-18 07:15:00,47.2500
08189200,28.303333,-97.112222,2001-12-03 08:15:00,2001-12-17 17:00:00,13.3089,2001-12-04 09:00:00,24.7500
08189200,28.303333,-97.112222,2002-07-16 12:15:00,2002-07-26 17:30:00,22.7384,2002-07-18 09:45:00,45.5000
08189200,28.303333,-97.112222,2002-09-10 14:45:00,2002-09-11 14:30:00,1.7556,2002-09-10 22:30:00,7.7500
08189200,28.303333,-97.112222,2002-09-15 17:45:00,2002-09-26 06:15:00,5.8333,2002-09-18 00:15:00,54.5000
08189200,28.303333,-97.112222,2002-12-13 05:30:00,2002-12-20 18:15:00,4.1626,2002-12-15 13:00:00,55.5000
08189200,28.303333,-97.112222,2003-01-17 05:45:00,2003-01-18 09:15:00,1.1610,2003-01-17 12:45:00,7.0000
08189200,28.303333,-97.112222,2003-02-15 14:00:00,2003-02-20 12:00:00,8.3818,2003-02-16 10:00:00,20.0000
08189200,28.303333,-97.112222,2003-03-26 09:45:00,2003-03-26 19:30:00,1.6141,2003-03-26 14:30:00,4.7500
08189200,28.303333,-97.112222,2003-06-17 00:00:00,2003-06-17 04:45:00,2.0954,2003-06-17 01:45:00,1.7500
08189200,28.303333,-97.112222,2003-07-15 19:00:00,2003-07-20 01:15:00,11.4117,2003-07-16 02:00:00,7.0000
08189200,28.303333,-97.112222,2003-09-19 01:15:00,2003-09-30 12:00:00,14.8380,2003-09-22 10:15:00,81.0000
08189200,28.303333,-97.112222,2003-10-07 09:30:00,2003-10-13 10:30:00,8.1836,2003-10-08 08:30:00,23.0000
08189200,28.303333,-97.112222,2003-11-20 17:30:00,2003-11-27 00:45:00,3.4547,2003-11-23 15:30:00,70.0000
08189200,28.303333,-97.112222,2004-02-25 10:59:00,2004-02-25 19:59:00,1.2743,2004-02-25 14:59:00,4.0000
08189200,28.303333,-97.112222,2004-03-15 08:29:00,2004-03-22 18:45:00,7.7022,2004-03-16 04:44:00,20.2500
08189200,28.303333,-97.112222,2004-06-23 22:00:00,2004-06-26 20:30:00,10.6755,2004-06-24 21:00:00,23.0000
08189200,28.303333,-97.112222,2004-06-28 11:45:00,2004-07-07 01:00:00,20.7846,2004-07-01 03:30:00,63.7500
08189200,28.303333,-97.112222,2004-11-17 21:00:00,2004-11-19 16:15:00,4.3891,2004-11-18 02:15:00,5.2500
08189200,28.303333,-97.112222,2005-02-27 18:00:00,2005-03-21 09:15:00,63.4297,2005-03-08 01:15:00,199.2500
08189200,28.303333,-97.112222,2005-03-22 21:15:00,2005-03-25 22:15:00,1.4158,2005-03-24 08:30:00,35.2500
08189200,28.303333,-97.112222,2005-11-26 13:00:00,2005-11-27 02:45:00,2.6335,2005-11-26 16:00:00,3.0000
08189200,28.303333,-97.112222,2006-06-01 12:30:00,2006-06-10 22:15:00,20.4164,2006-06-04 03:15:00,62.7500
08189200,28.303333,-97.112222,2006-06-20 12:00:00,2006-06-28 16:30:00,8.6083,2006-06-22 06:00:00,42.0000
08189200,28.303333,-97.112222,2006-07-03 20:30:00,2006-07-12 02:30:00,15.7725,2006-07-06 12:30:00,64.0000
08189200,28.303333,-97.112222,2006-10-11 20:30:00,2006-10-12 04:45:00,1.2743,2006-10-11 23:30:00,3.0000
08189200,28.303333,-97.112222,2006-10-13 08:30:00,2006-10-16 04:45:00,10.1657,2006-10-16 04:15:00,67.7500
08189200,28.303333,-97.112222,2007-01-04 08:59:00,2007-01-09 00:59:00,6.7394,2007-01-05 10:44:00,25.7500
08189200,28.303333,-97.112222,2007-01-24 10:59:00,2007-02-08 06:14:00,22.0871,2007-01-28 22:59:00,108.0000
08189200,28.303333,-97.112222,2007-03-14 08:00:00,2007-03-21 10:00:00,5.9465,2007-03-15 08:00:00,24.0000
08189200,28.303333,-97.112222,2007-04-01 04:00:00,2007-04-07 03:30:00,4.1343,2007-04-01 19:15:00,15.2500
08189200,28.303333,-97.112222,2007-04-08 05:00:00,2007-04-15 09:30:00,5.8616,2007-04-09 08:15:00,27.2500
08189200,28.303333,-97.112222,2007-05-28 01:00:00,2007-06-04 01:45:00,1.9539,2007-05-29 09:30:00,32.5000
08189200,28.303333,-97.112222,2007-06-17 19:30:00,2007-06-18 08:45:00,1.3875,2007-06-18 00:45:00,5.2500
08189200,28.303333,-97.112222,2007-06-24 21:15:00,2007-06-28 15:45:00,7.1642,2007-06-25 14:45:00,17.5000
08189200,28.303333,-97.112222,2007-07-02 14:00:00,2007-08-09 01:30:00,94.0119,2007-07-08 03:30:00,133.5000
08189200,28.303333,-97.112222,2007-08-30 23:15:00,2007-09-14 15:30:00,13.4505,2007-09-04 23:15:00,120.0000
08189200,28.303333,-97.112222,2007-09-19 18:45:00,2007-09-21 00:15:00,1.3875,2007-09-20 04:00:00,9.2500
08189200,28.303333,-97.112222,2007-09-27 12:30:00,2007-09-30 01:30:00,1.8123,2007-09-29 19:15:00,54.7500
08189200,28.303333,-97.112222,2008-08-19 09:15:00,2008-08-19 14:00:00,1.4725,2008-08-19 11:00:00,1.7500
08189200,28.303333,-97.112222,2008-08-21 02:15:00,2008-08-21 11:45:00,2.5202,2008-08-21 05:30:00,3.2500
08189200,28.303333,-97.112222,2009-04-28 18:15:00,2009-04-29 09:30:00,2.3220,2009-04-29 00:45:00,6.5000
08189200,28.303333,-97.112222,2009-09-11 22:45:00,2009-09-12 03:30:00,2.8317,2009-09-11 23:45:00,1.0000
08189200,28.303333,-97.112222,2009-10-04 05:15:00,2009-10-11 18:15:00,21.6058,2009-10-05 11:15:00,30.0000
08189200,28.303333,-97.112222,2009-10-14 08:15:00,2009-10-16 16:00:00,2.1521,2009-10-14 23:30:00,15.2500
08189200,28.303333,-97.112222,2009-10-27 00:15:00,2009-11-01 22:00:00,12.8842,2009-10-28 06:30:00,30.2500
08189200,28.303333,-97.112222,2009-11-20 10:30:00,2009-12-14 17:30:00,48.4218,2009-11-23 14:15:00,75.7500
08189200,28.303333,-97.112222,2009-12-17 05:15:00,2009-12-21 16:15:00,5.4085,2009-12-18 10:30:00,29.2500
08189200,28.303333,-97.112222,2010-01-15 08:00:00,2010-01-29 21:15:00,36.2456,2010-01-16 00:45:00,16.7500
08189200,28.303333,-97.112222,2010-02-03 21:00:00,2010-02-16 05:45:00,18.6891,2010-02-06 03:45:00,54.7500
08189200,28.303333,-97.112222,2010-05-15 16:00:00,2010-05-18 01:00:00,4.3325,2010-05-16 12:30:00,20.5000
08189200,28.303333,-97.112222,2010-07-01 03:45:00,2010-07-06 19:15:00,17.3865,2010-07-03 05:45:00,50.0000
08189200,28.303333,-97.112222,2010-07-08 13:15:00,2010-07-17 15:15:00,27.6656,2010-07-10 06:00:00,40.7500
08189200,28.303333,-97.112222,2010-09-08 11:00:00,2010-09-11 12:00:00,4.3891,2010-09-09 20:00:00,33.0000
08189200,28.303333,-97.112222,2010-09-15 19:30:00,2010-09-16 01:00:00,1.8689,2010-09-15 21:00:00,1.5000
08189200,28.303333,-97.112222,2010-09-18 11:30:00,2010-10-01 20:00:00,46.4396,2010-09-21 18:45:00,79.2500
08189200,28.303333,-97.112222,2011-01-16 20:15:00,2011-01-17 09:45:00,1.3026,2011-01-17 00:30:00,4.2500
08189200,28.303333,-97.112222,2012-04-16 07:00:00,2012-04-19 09:00:00,9.2313,2012-04-17 13:00:00,30.0000
08189200,28.303333,-97.112222,2012-09-29 17:45:00,2012-10-06 01:30:00,5.8050,2012-09-30 23:30:00,29.7500
08189200,28.303333,-97.112222,2013-04-30 17:00:00,2013-05-02 10:30:00,3.1432,2013-05-01 10:30:00,17.5000
08189200,28.303333,-97.112222,2014-06-26 01:00:00,2014-06-30 22:45:00,19.7085,2014-06-27 20:45:00,43.7500
08189200,28.303333,-97.112222,2015-01-22 22:00:00,2015-01-24 09:30:00,1.6141,2015-01-23 00:30:00,2.5000
08189200,28.303333,-97.112222,2015-04-17 03:45:00,2015-05-03 22:30:00,28.6000,2015-04-19 10:30:00,54.7500
08189200,28.303333,-97.112222,2015-05-12 15:15:00,2015-06-06 10:30:00,18.2644,2015-05-16 17:30:00,98.2500
08189200,28.303333,-97.112222,2015-06-17 18:30:00,2015-07-06 16:15:00,38.7941,2015-06-22 09:45:00,111.2500
08189200,28.303333,-97.112222,2015-09-11 20:45:00,2015-09-13 18:15:00,4.3325,2015-09-12 14:30:00,17.7500
08189200,28.303333,-97.112222,2015-10-25 00:00:00,2015-10-28 17:00:00,5.6067,2015-10-26 03:15:00,27.2500
08189200,28.303333,-97.112222,2016-01-04 06:45:00,2016-01-05 15:45:00,1.5008,2016-01-04 18:45:00,12.0000
08189200,28.303333,-97.112222,2016-03-10 04:30:00,2016-03-21 06:30:00,14.4699,2016-03-11 07:45:00,27.2500
08189200,28.303333,-97.112222,2016-05-16 08:15:00,2016-06-02 04:45:00,33.4139,2016-05-18 09:45:00,49.5000
08201500,29.573056,-99.402778,1992-05-27 07:30:00,1992-05-27 08:15:00,111.2852,1992-05-27 07:45:00,0.2500
08201500,29.573056,-99.402778,1993-05-05 21:00:00,1993-05-05 22:30:00,724.9113,1993-05-05 21:15:00,0.2500
08201500,29.573056,-99.402778,1998-08-23 10:45:00,1998-08-23 13:30:00,368.1190,1998-08-23 11:45:00,1.0000
08201500,29.573056,-99.402778,2002-07-02 08:00:00,2002-07-04 13:00:00,373.7824,2002-07-02 14:45:00,6.7500
08201500,29.573056,-99.402778,2002-07-05 14:15:00,2002-07-05 19:45:00,1033.5649,2002-07-05 16:30:00,2.2500
08201500,29.573056,-99.402778,2004-06-09 12:00:00,2004-06-09 13:45:00,250.8873,2004-06-09 12:30:00,0.5000
08201500,29.573056,-99.402778,2004-06-30 07:00:00,2004-06-30 10:15:00,538.0201,2004-06-30 08:30:00,1.5000
08201500,29.573056,-99.402778,2010-04-15 23:30:00,2010-04-16 02:30:00,201.6159,2010-04-16 01:15:00,1.7500
08201500,29.573056,-99.402778,2015-05-24 00:30:00,2015-05-24 09:15:00,365.2873,2015-05-24 01:00:00,0.5000
08201500,29.573056,-99.402778,2016-05-29 06:45:00,2016-05-29 07:45:00,334.1388,2016-05-29 07:00:00,0.2500
08212400,27.264167,-98.135556,1999-08-23 11:15:00,1999-08-26 13:00:00,22.2854,1999-08-24 20:15:00,33.0000
08212400,27.264167,-98.135556,2000-05-04 11:45:00,2000-05-06 10:30:00,14.9230,2000-05-05 00:00:00,12.2500
08212400,27.264167,-98.135556,2001-09-02 09:00:00,2001-09-04 18:15:00,25.0887,2001-09-03 13:30:00,28.5000
08212400,27.264167,-98.135556,2003-10-13 01:30:00,2003-10-14 01:00:00,7.6739,2003-10-13 10:15:00,8.7500
08212400,27.264167,-98.135556,2004-04-05 03:15:00,2004-04-06 09:30:00,23.3614,2004-04-05 11:45:00,8.5000
08212400,27.264167,-98.135556,2006-09-20 12:45:00,2006-09-21 04:45:00,7.6739,2006-09-21 03:45:00,15.0000
08212400,27.264167,-98.135556,2006-10-23 05:00:00,2006-10-24 18:30:00,12.6859,2006-10-23 12:00:00,7.0000
08212400,27.264167,-98.135556,2008-07-24 15:15:00,2008-07-25 06:00:00,5.4652,2008-07-25 00:15:00,9.0000
08212400,27.264167,-98.135556,2010-04-17 05:30:00,2010-04-21 07:30:00,26.4196,2010-04-19 14:45:00,57.2500
08212400,27.264167,-98.135556,2010-07-02 15:00:00,2010-07-03 11:30:00,8.0986,2010-07-03 00:00:00,9.0000
08212400,27.264167,-98.135556,2013-05-25 06:15:00,2013-05-27 02:45:00,9.2030,2013-05-26 10:00:00,27.7500
08212400,27.264167,-98.135556,2015-05-14 05:15:00,2015-05-16 08:30:00,14.9513,2015-05-14 18:00:00,12.7500
08158700,30.082778,-98.007500,1991-01-09 18:30:00,1991-01-10 00:00:00,23.3897,1991-01-09 19:45:00,1.2500
08158700,30.082778,-98.007500,1991-04-14 13:15:00,1991-04-14 21:45:00,44.7406,1991-04-14 16:30:00,3.2500
08158700,30.082778,-98.007500,1991-09-02 22:30:00,1991-09-02 23:15:00,32.2812,1991-09-02 22:45:00,0.2500
08158700,30.082778,-98.007500,1991-09-19 09:45:00,1991-09-19 11:45:00,20.6713,1991-09-19 10:15:00,0.5000
08158700,30.082778,-98.007500,1991-12-20 13:15:00,1991-12-26 05:45:00,244.9407,1991-12-21 02:45:00,13.5000
08158700,30.082778,-98.007500,1992-01-26 23:30:00,1992-01-28 16:15:00,70.5089,1992-01-27 04:15:00,4.7500
08158700,30.082778,-98.007500,1992-02-03 12:00:00,1992-02-09 10:15:00,75.8891,1992-02-04 14:00:00,26.0000
08158700,30.082778,-98.007500,1992-02-24 21:15:00,1992-02-25 08:45:00,28.1186,1992-02-25 00:45:00,3.5000
08158700,30.082778,-98.007500,1992-03-04 08:00:00,1992-03-07 02:45:00,225.9684,1992-03-04 16:30:00,8.5000
08158700,30.082778,-98.007500,1992-05-15 02:45:00,1992-05-15 05:30:00,42.1921,1992-05-15 03:15:00,0.5000
08158700,30.082778,-98.007500,1992-05-21 20:30:00,1992-05-22 17:45:00,163.1050,1992-05-22 00:45:00,4.2500
08158700,30.082778,-98.007500,1992-05-28 03:15:00,1992-05-28 08:15:00,23.0216,1992-05-28 06:00:00,2.7500
08158700,30.082778,-98.007500,1992-06-02 07:00:00,1992-06-03 06:00:00,110.1525,1992-06-02 10:45:00,3.7500
08158700,30.082778,-98.007500,1997-04-04 12:45:00,1997-04-06 00:15:00,54.6515,1997-04-04 14:30:00,1.7500
08158700,30.082778,-98.007500,1997-04-26 15:30:00,1997-04-27 02:30:00,46.7228,1997-04-26 20:00:00,4.5000
08158700,30.082778,-98.007500,1997-05-28 02:00:00,1997-05-28 13:15:00,120.6298,1997-05-28 06:15:00,4.2500
08158700,30.082778,-98.007500,1997-06-07 00:15:00,1997-06-07 15:15:00,59.1822,1997-06-07 02:00:00,1.7500
08158700,30.082778,-98.007500,1997-06-09 06:00:00,1997-06-13 16:30:00,311.4853,1997-06-09 10:45:00,4.7500
08158700,30.082778,-98.007500,1997-06-22 00:15:00,1997-06-28 14:45:00,187.7407,1997-06-22 23:00:00,22.7500
08158700,30.082778,-98.007500,1998-01-06 19:15:00,1998-01-07 06:15:00,62.0139,1998-01-07 01:15:00,6.0000
08158700,30.082778,-98.007500,1998-02-22 02:15:00,1998-02-22 07:00:00,44.1743,1998-02-22 04:15:00,2.0000
08158700,30.082778,-98.007500,1998-02-26 06:45:00,1998-02-26 10:45:00,32.2812,1998-02-26 08:15:00,1.5000
08158700,30.082778,-98.007500,1998-03-16 11:15:00,1998-03-16 22:15:00,86.3664,1998-03-16 15:30:00,4.2500
08158700,30.082778,-98.007500,1998-07-04 13:30:00,1998-07-04 16:15:00,65.6951,1998-07-04 14:15:00,0.7500
08158700,30.082778,-98.007500,1998-10-17 15:00:00,1998-10-20 23:00:00,447.4062,1998-10-17 19:00:00,4.0000
08158700,30.082778,-98.007500,1998-11-01 14:30:00,1998-11-02 00:30:00,78.7208,1998-11-01 17:30:00,3.0000
08158700,30.082778,-98.007500,2000-11-03 01:40:00,2000-11-03 19:25:00,118.3644,2000-11-03 02:25:00,0.7500
08158700,30.082778,-98.007500,2000-11-06 07:40:00,2000-11-06 11:25:00,21.1244,2000-11-06 09:15:00,1.5833
08158700,30.082778,-98.007500,2001-05-07 06:40:00,2001-05-07 13:20:00,135.9209,2001-05-07 09:20:00,2.6667
08158700,30.082778,-98.007500,2001-11-15 20:55:00,2001-11-16 14:05:00,393.6042,2001-11-16 02:50:00,5.9167
08158700,30.082778,-98.007500,2001-12-08 10:40:00,2001-12-08 13:55:00,38.2277,2001-12-08 11:40:00,1.0000
08158700,30.082778,-98.007500,2001-12-15 21:30:00,2001-12-15 22:50:00,18.5475,2001-12-15 22:00:00,0.5000
08158700,30.082778,-98.007500,2002-06-30 13:00:00,2002-07-07 15:10:00,385.1091,2002-07-02 19:00:00,54.0000
08158700,30.082778,-98.007500,2002-10-24 21:15:00,2002-10-25 01:00:00,20.3598,2002-10-24 22:30:00,1.2500
08158700,30.082778,-98.007500,2003-02-20 17:55:00,2003-02-21 02:45:00,57.4832,2003-02-20 20:10:00,2.2500
08158700,30.082778,-98.007500,2004-06-09 22:50:00,2004-06-10 06:50:00,64.5624,2004-06-10 00:35:00,1.7500
08158700,30.082778,-98.007500,2004-06-26 00:00:00,2004-06-28 00:55:00,54.3683,2004-06-27 03:20:00,27.3333
08158700,30.082778,-98.007500,2004-06-30 10:10:00,2004-07-01 07:50:00,123.1783,2004-06-30 13:35:00,3.4167
08158700,30.082778,-98.007500,2004-07-26 07:25:00,2004-07-26 09:10:00,37.9446,2004-07-26 07:50:00,0.4167
08158700,30.082778,-98.007500,2004-10-23 12:00:00,2004-10-23 20:45:00,99.6753,2004-10-23 15:55:00,3.9167
08158700,30.082778,-98.007500,2004-11-14 23:30:00,2004-11-15 01:30:00,19.0572,2004-11-15 00:05:00,0.5833
08158700,30.082778,-98.007500,2004-11-17 06:00:00,2004-11-19 03:10:00,385.1091,2004-11-17 17:00:00,11.0000
08158700,30.082778,-98.007500,2004-11-20 20:05:00,2004-11-21 02:35:00,32.5644,2004-11-20 22:25:00,2.3333
08158700,30.082778,-98.007500,2004-11-22 08:15:00,2004-11-24 19:40:00,114.4001,2004-11-22 10:55:00,2.6667
08158700,30.082778,-98.007500,2007-03-12 06:20:00,2007-03-12 16:45:00,103.3565,2007-03-12 11:30:00,5.1667
08158700,30.082778,-98.007500,2007-03-27 02:30:00,2007-03-27 09:40:00,61.1644,2007-03-27 04:20:00,1.8333
08158700,30.082778,-98.007500,2007-03-30 19:45:00,2007-03-31 06:05:00,132.8060,2007-03-30 22:20:00,2.5833
08158700,30.082778,-98.007500,2007-05-03 09:20:00,2007-05-03 17:30:00,78.1545,2007-05-03 13:05:00,3.7500
08158700,30.082778,-98.007500,2007-05-16 08:30:00,2007-05-16 13:55:00,36.2456,2007-05-16 12:00:00,3.5000
08158700,30.082778,-98.007500,2007-05-28 13:30:00,2007-05-28 16:35:00,40.7763,2007-05-28 14:40:00,1.1667
08158700,30.082778,-98.007500,2007-05-31 16:10:00,2007-05-31 22:45:00,83.8179,2007-05-31 17:35:00,1.4167
08158700,30.082778,-98.007500,2007-07-03 04:00:00,2007-07-03 09:30:00,74.7565,2007-07-03 05:10:00,1.1667
08158700,30.082778,-98.007500,2007-07-20 23:55:00,2007-07-22 02:05:00,108.4535,2007-07-21 14:00:00,14.0833
08158700,30.082778,-98.007500,2007-07-24 01:40:00,2007-07-24 05:50:00,59.7485,2007-07-24 02:40:00,1.0000
08158700,30.082778,-98.007500,2007-07-29 04:25:00,2007-07-29 07:05:00,20.5580,2007-07-29 04:40:00,0.2500
08158700,30.082778,-98.007500,2010-01-16 08:05:00,2010-01-16 09:10:00,16.5654,2010-01-16 08:10:00,0.0833
08158700,30.082778,-98.007500,2010-01-29 12:35:00,2010-01-29 18:40:00,33.9802,2010-01-29 14:10:00,1.5833
08158700,30.082778,-98.007500,2010-05-18 07:10:00,2010-05-18 08:10:00,20.1616,2010-05-18 07:25:00,0.2500
08158700,30.082778,-98.007500,2010-09-08 05:00:00,2010-09-09 15:40:00,169.3347,2010-09-08 12:10:00,7.1667
08158700,30.082778,-98.007500,2012-02-04 12:35:00,2012-02-04 14:05:00,58.3327,2012-02-04 13:00:00,0.4167
08158700,30.082778,-98.007500,2012-03-20 09:50:00,2012-03-20 18:20:00,36.5287,2012-03-20 11:15:00,1.4167
08158700,30.082778,-98.007500,2012-05-11 04:35:00,2012-05-11 12:30:00,104.4892,2012-05-11 06:55:00,2.3333
08158700,30.082778,-98.007500,2012-05-15 19:55:00,2012-05-16 02:50:00,61.4476,2012-05-15 22:20:00,2.4167
08158700,30.082778,-98.007500,2013-10-13 13:20:00,2013-10-13 20:05:00,127.7090,2013-10-13 15:45:00,2.4167
08158700,30.082778,-98.007500,2013-10-31 04:55:00,2013-10-31 21:40:00,365.2873,2013-10-31 09:00:00,4.0833
08158700,30.082778,-98.007500,2014-05-27 12:20:00,2014-05-27 13:30:00,19.1422,2014-05-27 12:30:00,0.1667
08158700,30.082778,-98.007500,2014-11-23 04:55:00,2014-11-23 07:40:00,60.0317,2014-11-23 05:30:00,0.5833
08158700,30.082778,-98.007500,2015-05-17 15:05:00,2015-05-18 04:25:00,64.8456,2015-05-17 18:35:00,3.5000
08158700,30.082778,-98.007500,2015-05-24 00:30:00,2015-05-31 16:45:00,376.6141,2015-05-24 08:00:00,7.5000
08158700,30.082778,-98.007500,2015-06-14 14:45:00,2015-06-14 15:55:00,17.7263,2015-06-14 14:50:00,0.0833
08158700,30.082778,-98.007500,2015-06-22 07:15:00,2015-06-22 08:30:00,17.0467,2015-06-22 07:35:00,0.3333
08158700,30.082778,-98.007500,2015-06-29 01:45:00,2015-06-29 03:40:00,32.8475,2015-06-29 02:30:00,0.7500
08158700,30.082778,-98.007500,2015-10-30 13:55:00,2015-10-31 22:35:00,470.0597,2015-10-30 16:50:00,2.9167
08158700,30.082778,-98.007500,2016-05-19 14:20:00,2016-05-20 13:15:00,142.4337,2016-05-19 19:05:00,4.7500
08158700,30.082778,-98.007500,2016-05-27 09:50:00,2016-05-27 15:10:00,52.1030,2016-05-27 11:10:00,1.3333
08158700,30.082778,-98.007500,2016-05-31 22:45:00,2016-06-01 10:40:00,56.0674,2016-06-01 02:35:00,3.8333
08127000,31.749167,-99.947500,1996-09-15 04:30:00,1996-09-16 13:30:00,444.5745,1996-09-16 02:45:00,22.2500
08127000,31.749167,-99.947500,1997-06-23 10:00:00,1997-06-24 12:45:00,472.8913,1997-06-23 19:00:00,9.0000
08127000,31.749167,-99.947500,2000-06-03 15:00:00,2000-06-04 01:00:00,208.1288,2000-06-03 19:15:00,4.2500
08127000,31.749167,-99.947500,2002-07-03 11:00:00,2002-07-04 16:45:00,162.2555,2002-07-03 12:15:00,1.2500
08127000,31.749167,-99.947500,2002-10-18 20:30:00,2002-10-19 01:45:00,242.9585,2002-10-18 22:30:00,2.0000
08127000,31.749167,-99.947500,2007-06-25 15:00:00,2007-06-26 13:00:00,334.1388,2007-06-25 22:15:00,7.2500
08127000,31.749167,-99.947500,2007-06-27 20:15:00,2007-06-28 16:15:00,96.8436,2007-06-28 13:45:00,17.5000
08127000,31.749167,-99.947500,2012-09-29 15:15:00,2012-09-30 11:00:00,188.5902,2012-09-29 20:30:00,5.2500
08127000,31.749167,-99.947500,2014-05-27 04:45:00,2014-05-27 08:00:00,116.3822,2014-05-27 06:30:00,1.7500
08127000,31.749167,-99.947500,1996-09-15 04:30:00,1996-09-16 13:30:00,444.5745,1996-09-16 02:45:00,22.2500
08127000,31.749167,-99.947500,1997-06-23 10:00:00,1997-06-24 12:45:00,472.8913,1997-06-23 19:00:00,9.0000
08127000,31.749167,-99.947500,2000-06-03 15:00:00,2000-06-04 01:00:00,208.1288,2000-06-03 19:15:00,4.2500
08127000,31.749167,-99.947500,2002-07-03 11:00:00,2002-07-04 16:45:00,162.2555,2002-07-03 12:15:00,1.2500
08127000,31.749167,-99.947500,2002-10-18 20:30:00,2002-10-19 01:45:00,242.9585,2002-10-18 22:30:00,2.0000
08127000,31.749167,-99.947500,2007-06-25 15:00:00,2007-06-26 13:00:00,334.1388,2007-06-25 22:15:00,7.2500
08127000,31.749167,-99.947500,2007-06-27 20:15:00,2007-06-28 16:15:00,96.8436,2007-06-28 13:45:00,17.5000
08127000,31.749167,-99.947500,2012-09-29 15:15:00,2012-09-30 11:00:00,188.5902,2012-09-29 20:30:00,5.2500
08127000,31.749167,-99.947500,2014-05-27 04:45:00,2014-05-27 08:00:00,116.3822,2014-05-27 06:30:00,1.7500
08150700,30.660556,-99.108889,1998-08-24 05:30:24,1998-08-25 01:02:48,1396.0205,1998-08-24 08:30:39,3.0042
08150700,30.660556,-99.108889,1998-08-26 05:00:00,1998-08-27 05:04:18,180.6615,1998-08-26 21:05:39,16.0942
08150700,30.660556,-99.108889,2000-10-24 02:15:00,2000-10-26 00:45:00,2075.6249,2000-10-24 13:00:00,10.7500
08150700,30.660556,-99.108889,2000-11-03 17:15:00,2000-11-07 19:45:00,4813.8639,2000-11-04 09:00:00,15.7500
08150700,30.660556,-99.108889,2001-11-15 17:45:00,2001-11-17 11:30:00,1701.8425,2001-11-16 05:15:00,11.5000
08150700,30.660556,-99.108889,2002-07-05 18:15:00,2002-07-06 16:15:00,413.4260,2002-07-05 19:45:00,1.5000
08150700,30.660556,-99.108889,2003-10-12 20:45:00,2003-10-13 03:15:00,198.2179,2003-10-12 21:45:00,1.0000
08150700,30.660556,-99.108889,2004-06-09 15:00:00,2004-06-10 01:00:00,308.6536,2004-06-09 16:45:00,1.7500
08150700,30.660556,-99.108889,2004-06-22 15:15:00,2004-06-22 16:45:00,128.5585,2004-06-22 15:30:00,0.2500
08150700,30.660556,-99.108889,2004-11-16 07:00:00,2004-11-19 01:45:00,2508.8726,2004-11-17 14:15:00,31.2500
08150700,30.660556,-99.108889,2007-03-27 12:45:00,2007-03-28 12:45:00,495.5448,2007-03-27 14:45:00,2.0000
08150700,30.660556,-99.108889,2007-05-02 02:00:00,2007-05-02 12:30:00,158.0080,2007-05-02 02:45:00,0.7500
08150700,30.660556,-99.108889,2007-05-08 19:15:00,2007-05-09 00:45:00,144.1327,2007-05-08 19:45:00,0.5000
08150700,30.660556,-99.108889,2007-05-11 11:45:00,2007-05-11 20:15:00,132.2397,2007-05-11 14:00:00,2.2500
08150700,30.660556,-99.108889,2007-05-25 13:30:00,2007-05-27 17:15:00,515.3666,2007-05-26 11:00:00,21.5000
08150700,30.660556,-99.108889,2007-06-04 03:30:00,2007-06-04 04:45:00,131.3902,2007-06-04 03:45:00,0.2500
08150700,30.660556,-99.108889,2007-06-27 13:15:00,2007-06-28 01:15:00,181.5110,2007-06-27 20:45:00,7.5000
08150700,30.660556,-99.108889,2007-06-30 07:15:00,2007-07-01 23:30:00,387.9408,2007-06-30 10:30:00,3.2500
08150700,30.660556,-99.108889,2007-07-03 01:00:00,2007-07-03 05:30:00,129.6912,2007-07-03 02:30:00,1.5000
08150700,30.660556,-99.108889,2007-07-05 03:45:00,2007-07-05 13:30:00,146.6813,2007-07-05 06:00:00,2.2500
08150700,30.660556,-99.108889,2007-07-27 03:15:00,2007-07-27 04:30:00,120.3466,2007-07-27 03:45:00,0.5000
08150700,30.660556,-99.108889,2007-08-17 09:00:00,2007-08-18 21:15:00,733.4063,2007-08-17 11:30:00,2.5000
08150700,30.660556,-99.108889,2009-04-28 02:55:00,2009-04-29 01:20:00,146.6813,2009-04-28 20:05:00,17.1667
08150700,30.660556,-99.108889,2010-04-16 07:25:00,2010-04-18 04:25:00,212.0932,2010-04-16 13:10:00,5.7500
08150700,30.660556,-99.108889,2010-05-25 05:50:00,2010-05-25 09:50:00,212.6595,2010-05-25 07:00:00,1.1667
08150700,30.660556,-99.108889,2010-05-26 11:20:00,2010-05-27 04:00:00,390.7725,2010-05-26 13:30:00,2.1667
08150700,30.660556,-99.108889,2010-07-03 02:40:00,2010-07-03 05:20:00,109.5862,2010-07-03 04:05:00,1.4167
08150700,30.660556,-99.108889,2012-05-11 06:50:00,2012-05-11 10:30:00,185.4753,2012-05-11 08:05:00,1.2500
08150700,30.660556,-99.108889,2013-09-21 00:45:00,2013-09-22 08:10:00,216.0575,2013-09-22 00:55:00,24.1667
08150700,30.660556,-99.108889,2015-05-21 22:20:00,2015-05-22 13:55:00,549.3468,2015-05-21 23:15:00,0.9167
08150700,30.660556,-99.108889,2015-05-24 13:40:00,2015-05-25 22:15:00,219.7387,2015-05-25 10:00:00,20.3333
08150700,30.660556,-99.108889,2015-05-29 12:55:00,2015-05-29 22:15:00,181.7942,2015-05-29 15:40:00,2.7500
08150700,30.660556,-99.108889,2016-05-29 10:55:00,2016-05-29 17:10:00,241.5427,2016-05-29 11:35:00,0.6667
08168500,29.714722,-98.109722,1987-08-10 06:00:00,1987-08-12 04:00:00,153.7605,1987-08-10 07:00:00,1.0000
08168500,29.714722,-98.109722,1997-06-28 00:00:00,1997-07-11 18:00:00,165.9367,1997-06-28 04:00:00,4.0000
08168500,29.714722,-98.109722,1998-10-17 16:45:00,1998-10-18 19:30:00,2548.5162,1998-10-17 22:45:00,6.0000
08168500,29.714722,-98.109722,2001-11-16 04:45:00,2001-11-16 05:30:00,158.2912,2001-11-16 05:00:00,0.2500
08168500,29.714722,-98.109722,2002-06-30 15:30:00,2002-06-30 17:30:00,221.4377,2002-06-30 16:15:00,0.7500
08168500,29.714722,-98.109722,2002-07-02 05:45:00,2002-07-02 21:45:00,225.1189,2002-07-02 20:15:00,14.5000
08168500,29.714722,-98.109722,2002-07-05 04:30:00,2002-07-12 03:15:00,2072.7932,2002-07-06 18:00:00,37.5000
08168500,29.714722,-98.109722,2002-07-15 22:30:00,2002-07-19 03:30:00,202.4655,2002-07-16 02:30:00,4.0000
08168500,29.714722,-98.109722,2002-08-16 05:15:00,2002-08-25 17:30:00,165.0872,2002-08-17 09:15:00,28.0000
08168500,29.714722,-98.109722,2004-06-09 23:30:00,2004-06-10 05:00:00,336.9705,2004-06-10 02:00:00,2.5000
08168500,29.714722,-98.109722,2004-06-17 01:00:00,2004-06-21 17:45:00,156.3090,2004-06-18 00:15:00,23.2500
08168500,29.714722,-98.109722,2004-06-29 21:00:00,2004-06-30 00:45:00,155.7427,2004-06-29 23:00:00,2.0000
08168500,29.714722,-98.109722,2004-07-07 08:30:00,2004-07-12 23:00:00,154.8932,2004-07-10 20:00:00,83.5000
08168500,29.714722,-98.109722,2004-10-02 14:15:00,2004-10-02 16:45:00,239.2774,2004-10-02 15:30:00,1.2500
08168500,29.714722,-98.109722,2004-11-17 13:45:00,2004-11-17 14:15:00,156.8753,2004-11-17 14:00:00,0.2500
08168500,29.714722,-98.109722,2004-11-22 16:00:00,2004-11-23 01:45:00,481.3864,2004-11-22 19:30:00,3.5000
08168500,29.714722,-98.109722,2004-12-01 01:00:00,2004-12-11 19:30:00,154.8932,2004-12-01 05:45:00,4.7500
08168500,29.714722,-98.109722,2007-05-28 00:45:00,2007-05-28 02:30:00,190.5724,2007-05-28 01:30:00,0.7500
08168500,29.714722,-98.109722,2007-06-26 00:30:00,2007-06-26 01:00:00,155.7427,2007-06-26 00:45:00,0.2500
08168500,29.714722,-98.109722,2007-07-07 03:30:00,2007-07-07 05:15:00,177.5466,2007-07-07 04:15:00,0.7500
08168500,29.714722,-98.109722,2007-07-31 22:15:00,2007-08-04 06:00:00,153.4773,2007-08-01 04:15:00,6.0000
08168500,29.714722,-98.109722,2007-08-18 22:00:00,2007-08-20 19:30:00,152.9110,2007-08-19 03:45:00,5.7500
08168500,29.714722,-98.109722,2015-05-31 00:45:00,2015-05-31 01:45:00,160.5565,2015-05-31 01:00:00,0.2500
08168500,29.714722,-98.109722,2015-06-19 00:45:00,2015-06-26 21:45:00,156.5922,2015-06-21 00:15:00,47.5000
08168500,29.714722,-98.109722,2015-10-30 13:45:00,2015-10-30 21:15:00,1104.3570,2015-10-30 17:15:00,3.5000
08168500,29.714722,-98.109722,2015-11-04 00:00:00,2015-11-06 01:15:00,154.8932,2015-11-05 18:30:00,42.5000
08168500,29.714722,-98.109722,2016-05-21 21:00:00,2016-05-26 07:30:00,154.3268,2016-05-22 10:00:00,13.0000
08168500,29.714722,-98.109722,2016-05-31 20:30:00,2016-06-01 06:30:00,356.7923,2016-05-31 23:45:00,3.2500
08183500,28.951389,-98.063889,1991-01-20 05:00:00,1991-01-20 17:00:00,110.4357,1991-01-20 11:00:00,6.0000
08183500,28.951389,-98.063889,1991-02-05 23:00:00,1991-02-06 12:00:00,107.0377,1991-02-06 06:00:00,7.0000
08183500,28.951389,-98.063889,1991-04-07 06:00:00,1991-04-09 02:00:00,147.5308,1991-04-08 01:00:00,19.0000
08183500,28.951389,-98.063889,1991-12-20 22:00:00,1991-12-26 19:00:00,572.0003,1991-12-24 01:00:00,75.0000
08183500,28.951389,-98.063889,1992-01-27 06:00:00,1992-01-30 14:00:00,255.1348,1992-01-29 05:00:00,47.0000
08183500,28.951389,-98.063889,1992-02-02 23:00:00,1992-02-13 09:00:00,433.2478,1992-02-06 12:00:00,85.0000
08183500,28.951389,-98.063889,1992-02-22 16:00:00,1992-02-28 03:00:00,200.4833,1992-02-25 00:00:00,56.0000
08183500,28.951389,-98.063889,1992-03-05 10:00:00,1992-03-12 23:00:00,314.3170,1992-03-07 13:00:00,51.0000
08183500,28.951389,-98.063889,1992-03-31 20:00:00,1992-04-01 07:00:00,104.2060,1992-04-01 01:00:00,5.0000
08183500,28.951389,-98.063889,1992-04-18 00:00:00,1992-04-21 05:00:00,200.7664,1992-04-20 01:00:00,49.0000
08183500,28.951389,-98.063889,1992-04-25 18:00:00,1992-04-25 23:00:00,130.5407,1992-04-25 20:00:00,2.0000
08183500,28.951389,-98.063889,1992-05-17 08:00:00,1992-05-19 03:00:00,216.0575,1992-05-18 03:00:00,19.0000
08183500,28.951389,-98.063889,1992-11-19 21:00:00,1992-11-20 18:00:00,217.7566,1992-11-20 04:00:00,7.0000
08183500,28.951389,-98.063889,1993-05-06 23:00:00,1993-05-09 19:00:00,302.9903,1993-05-08 06:00:00,31.0000
08183500,28.951389,-98.063889,1993-05-23 20:00:00,1993-05-26 11:00:00,336.9705,1993-05-24 10:00:00,14.0000
08183500,28.951389,-98.063889,1993-06-26 19:00:00,1993-06-29 10:00:00,250.3209,1993-06-27 12:00:00,17.0000
08183500,28.951389,-98.063889,1994-05-15 10:00:00,1994-05-17 03:00:00,204.7308,1994-05-15 14:00:00,4.0000
08183500,28.951389,-98.063889,1994-10-10 02:00:00,1994-10-10 22:00:00,119.2139,1994-10-10 13:00:00,11.0000
08183500,28.951389,-98.063889,1995-07-01 02:00:00,1995-07-01 23:00:00,123.4615,1995-07-01 14:00:00,12.0000
08183500,28.951389,-98.063889,1997-06-23 19:15:00,1997-06-30 06:45:00,325.6437,1997-06-26 12:15:00,65.0000
08183500,28.951389,-98.063889,1998-08-24 05:15:00,1998-08-25 12:45:00,155.4595,1998-08-24 12:15:00,7.0000
08183500,28.951389,-98.063889,1998-10-18 20:45:00,1998-10-19 04:45:00,182.9268,1998-10-19 04:45:00,8.0000
08183500,28.951389,-98.063889,2000-06-12 17:45:00,2000-06-13 11:15:00,109.5862,2000-06-13 03:00:00,9.2500
08183500,28.951389,-98.063889,2000-10-26 12:00:00,2000-10-26 21:45:00,106.7545,2000-10-26 13:30:00,1.5000
08183500,28.951389,-98.063889,2000-11-04 14:00:00,2000-11-07 00:30:00,220.5882,2000-11-05 22:45:00,32.7500
08183500,28.951389,-98.063889,2000-11-08 01:15:00,2000-11-08 10:15:00,104.2060,2000-11-08 06:00:00,4.7500
08183500,28.951389,-98.063889,2001-09-01 09:45:00,2001-09-03 19:15:00,137.3367,2001-09-02 18:00:00,32.2500
08183500,28.951389,-98.063889,2001-09-07 22:45:00,2001-09-08 20:00:00,115.5327,2001-09-08 09:30:00,10.7500
08183500,28.951389,-98.063889,2001-11-17 19:45:00,2001-11-19 04:45:00,147.2476,2001-11-18 14:45:00,19.0000
08183500,28.951389,-98.063889,2002-07-02 20:15:00,2002-07-05 04:45:00,739.0697,2002-07-05 04:45:00,56.5000
08183500,28.951389,-98.063889,2002-07-07 05:00:00,2002-07-15 04:45:00,1529.1097,2002-07-07 08:15:00,3.2500
08183500,28.951389,-98.063889,2002-07-18 05:00:00,2002-07-23 07:45:00,175.8476,2002-07-18 14:45:00,9.7500
08183500,28.951389,-98.063889,2002-09-09 11:45:00,2002-09-14 01:45:00,308.6536,2002-09-11 08:15:00,44.5000
08183500,28.951389,-98.063889,2002-10-10 12:45:00,2002-10-12 22:00:00,334.1388,2002-10-11 16:00:00,27.2500
08183500,28.951389,-98.063889,2002-10-24 12:15:00,2002-10-28 15:45:00,489.8814,2002-10-26 17:30:00,53.2500
08183500,28.951389,-98.063889,2002-11-05 00:00:00,2002-11-07 18:15:00,199.0674,2002-11-05 18:45:00,18.7500
08183500,28.951389,-98.063889,2003-09-18 22:00:00,2003-09-19 16:15:00,197.3684,2003-09-19 03:00:00,5.0000
08183500,28.951389,-98.063889,2004-04-06 17:30:00,2004-04-07 15:30:00,115.2496,2004-04-07 07:30:00,14.0000
08183500,28.951389,-98.063889,2004-05-13 23:30:00,2004-05-14 16:15:00,198.2179,2004-05-14 02:45:00,3.2500
08183500,28.951389,-98.063889,2004-06-10 21:00:00,2004-06-13 07:00:00,342.6338,2004-06-12 02:30:00,29.5000
08183500,28.951389,-98.063889,2004-07-01 01:15:00,2004-07-05 04:00:00,220.0219,2004-07-02 13:00:00,35.7500
08183500,28.951389,-98.063889,2004-10-26 09:15:00,2004-10-27 13:45:00,144.4159,2004-10-27 02:00:00,16.7500
08183500,28.951389,-98.063889,2004-11-02 21:45:00,2004-11-03 09:45:00,109.0199,2004-11-03 03:45:00,6.0000
08183500,28.951389,-98.063889,2004-11-18 06:45:00,2004-11-27 11:15:00,611.6439,2004-11-24 21:45:00,159.0000
08183500,28.951389,-98.063889,2007-03-13 23:15:00,2007-03-16 10:30:00,311.4853,2007-03-14 04:15:00,5.0000
08183500,28.951389,-98.063889,2007-04-01 14:00:00,2007-04-02 16:45:00,125.7268,2007-04-02 06:45:00,16.7500
08183500,28.951389,-98.063889,2007-06-30 02:15:00,2007-07-02 06:00:00,183.7763,2007-07-01 12:00:00,33.7500
08183500,28.951389,-98.063889,2007-07-08 14:45:00,2007-07-10 03:30:00,135.9209,2007-07-09 12:15:00,21.5000
08183500,28.951389,-98.063889,2007-07-21 05:45:00,2007-07-21 14:00:00,112.4179,2007-07-21 08:30:00,2.7500
08183500,28.951389,-98.063889,2007-07-22 17:30:00,2007-07-31 06:30:00,387.9408,2007-07-27 21:15:00,123.7500
08183500,28.951389,-98.063889,2007-08-17 07:00:00,2007-08-25 08:45:00,747.5648,2007-08-19 18:45:00,59.7500
08183500,28.951389,-98.063889,2009-10-06 01:00:00,2009-10-07 05:45:00,140.1684,2009-10-06 17:00:00,16.0000
08183500,28.951389,-98.063889,2009-10-28 01:00:00,2009-10-28 15:15:00,114.6832,2009-10-28 07:30:00,6.5000
08183500,28.951389,-98.063889,2010-01-16 06:30:00,2010-01-18 03:45:00,176.1308,2010-01-17 10:15:00,27.7500
08183500,28.951389,-98.063889,2010-02-04 20:00:00,2010-02-06 08:00:00,169.6179,2010-02-05 14:30:00,18.5000
08183500,28.951389,-98.063889,2010-04-19 03:15:00,2010-04-20 17:15:00,186.3249,2010-04-20 00:45:00,21.5000
08183500,28.951389,-98.063889,2010-05-16 06:45:00,2010-05-18 13:45:00,181.2278,2010-05-17 22:00:00,39.2500
08183500,28.951389,-98.063889,2010-06-10 02:30:00,2010-06-10 21:15:00,125.7268,2010-06-10 12:00:00,9.5000
08183500,28.951389,-98.063889,2010-09-09 05:15:00,2010-09-11 22:00:00,236.1625,2010-09-10 18:30:00,37.2500
08183500,28.951389,-98.063889,2012-01-26 21:45:00,2012-01-27 19:30:00,126.2931,2012-01-27 08:00:00,10.2500
08183500,28.951389,-98.063889,2012-08-21 02:00:00,2012-08-21 23:30:00,121.4793,2012-08-21 10:45:00,8.7500
08183500,28.951389,-98.063889,2013-01-11 00:45:00,2013-01-11 11:00:00,106.4713,2013-01-11 06:15:00,5.5000
08183500,28.951389,-98.063889,2013-05-26 18:45:00,2013-05-29 13:45:00,436.0794,2013-05-28 02:30:00,31.7500
08183500,28.951389,-98.063889,2014-05-15 07:45:00,2014-05-15 09:30:00,102.2238,2014-05-15 09:00:00,1.2500
08183500,28.951389,-98.063889,2015-03-21 14:15:00,2015-03-21 18:00:00,116.6654,2015-03-21 15:30:00,1.2500
08183500,28.951389,-98.063889,2015-04-23 02:15:00,2015-04-23 04:00:00,109.3030,2015-04-23 03:00:00,0.7500
08183500,28.951389,-98.063889,2015-04-26 13:30:00,2015-04-28 15:30:00,144.4159,2015-04-27 20:15:00,30.7500
08183500,28.951389,-98.063889,2015-05-15 01:30:00,2015-05-16 10:30:00,291.6635,2015-05-15 21:30:00,20.0000
08183500,28.951389,-98.063889,2015-05-25 13:00:00,2015-05-27 22:30:00,248.3387,2015-05-26 18:30:00,29.5000
08183500,28.951389,-98.063889,2015-10-26 19:15:00,2015-10-27 03:15:00,103.3565,2015-10-26 22:45:00,3.5000
08183500,28.951389,-98.063889,2015-11-01 17:00:00,2015-11-03 05:45:00,137.3367,2015-11-02 13:15:00,20.2500
08183500,28.951389,-98.063889,2016-05-20 03:45:00,2016-05-23 11:15:00,169.0516,2016-05-22 08:45:00,53.0000
08183500,28.951389,-98.063889,2016-06-01 09:45:00,2016-06-02 04:45:00,106.7545,2016-06-01 17:00:00,7.2500
08183500,28.951389,-98.063889,1991-01-20 05:00:00,1991-01-20 17:00:00,110.4357,1991-01-20 11:00:00,6.0000
08183500,28.951389,-98.063889,1991-02-05 23:00:00,1991-02-06 12:00:00,107.0377,1991-02-06 06:00:00,7.0000
08183500,28.951389,-98.063889,1991-04-07 06:00:00,1991-04-09 02:00:00,147.5308,1991-04-08 01:00:00,19.0000
08183500,28.951389,-98.063889,1991-12-20 22:00:00,1991-12-26 19:00:00,572.0003,1991-12-24 01:00:00,75.0000
08183500,28.951389,-98.063889,1992-01-27 06:00:00,1992-01-30 14:00:00,255.1348,1992-01-29 05:00:00,47.0000
08183500,28.951389,-98.063889,1992-02-02 23:00:00,1992-02-13 09:00:00,433.2478,1992-02-06 12:00:00,85.0000
08183500,28.951389,-98.063889,1992-02-22 16:00:00,1992-02-28 03:00:00,200.4833,1992-02-25 00:00:00,56.0000
08183500,28.951389,-98.063889,1992-03-05 10:00:00,1992-03-12 23:00:00,314.3170,1992-03-07 13:00:00,51.0000
08183500,28.951389,-98.063889,1992-03-31 20:00:00,1992-04-01 07:00:00,104.2060,1992-04-01 01:00:00,5.0000
08183500,28.951389,-98.063889,1992-04-18 00:00:00,1992-04-21 05:00:00,200.7664,1992-04-20 01:00:00,49.0000
08183500,28.951389,-98.063889,1992-04-25 18:00:00,1992-04-25 23:00:00,130.5407,1992-04-25 20:00:00,2.0000
08183500,28.951389,-98.063889,1992-05-17 08:00:00,1992-05-19 03:00:00,216.0575,1992-05-18 03:00:00,19.0000
08183500,28.951389,-98.063889,1992-11-19 21:00:00,1992-11-20 18:00:00,217.7566,1992-11-20 04:00:00,7.0000
08183500,28.951389,-98.063889,1993-05-06 23:00:00,1993-05-09 19:00:00,302.9903,1993-05-08 06:00:00,31.0000
08183500,28.951389,-98.063889,1993-05-23 20:00:00,1993-05-26 11:00:00,336.9705,1993-05-24 10:00:00,14.0000
08183500,28.951389,-98.063889,1993-06-26 19:00:00,1993-06-29 10:00:00,250.3209,1993-06-27 12:00:00,17.0000
08183500,28.951389,-98.063889,1994-05-15 10:00:00,1994-05-17 03:00:00,204.7308,1994-05-15 14:00:00,4.0000
08183500,28.951389,-98.063889,1994-10-10 02:00:00,1994-10-10 22:00:00,119.2139,1994-10-10 13:00:00,11.0000
08183500,28.951389,-98.063889,1995-07-01 02:00:00,1995-07-01 23:00:00,123.4615,1995-07-01 14:00:00,12.0000
08183500,28.951389,-98.063889,1997-06-23 19:15:00,1997-06-30 06:45:00,325.6437,1997-06-26 12:15:00,65.0000
08183500,28.951389,-98.063889,1998-08-24 05:15:00,1998-08-25 12:45:00,155.4595,1998-08-24 12:15:00,7.0000
08183500,28.951389,-98.063889,1998-10-18 20:45:00,1998-10-19 04:45:00,182.9268,1998-10-19 04:45:00,8.0000
08183500,28.951389,-98.063889,2000-06-12 17:45:00,2000-06-13 11:15:00,109.5862,2000-06-13 03:00:00,9.2500
08183500,28.951389,-98.063889,2000-10-26 12:00:00,2000-10-26 21:45:00,106.7545,2000-10-26 13:30:00,1.5000
08183500,28.951389,-98.063889,2000-11-04 14:00:00,2000-11-07 00:30:00,220.5882,2000-11-05 22:45:00,32.7500
08183500,28.951389,-98.063889,2000-11-08 01:15:00,2000-11-08 10:15:00,104.2060,2000-11-08 06:00:00,4.7500
08183500,28.951389,-98.063889,2001-09-01 09:45:00,2001-09-03 19:15:00,137.3367,2001-09-02 18:00:00,32.2500
08183500,28.951389,-98.063889,2001-09-07 22:45:00,2001-09-08 20:00:00,115.5327,2001-09-08 09:30:00,10.7500
08183500,28.951389,-98.063889,2001-11-17 19:45:00,2001-11-19 04:45:00,147.2476,2001-11-18 14:45:00,19.0000
08183500,28.951389,-98.063889,2002-07-02 20:15:00,2002-07-05 04:45:00,739.0697,2002-07-05 04:45:00,56.5000
08183500,28.951389,-98.063889,2002-07-07 05:00:00,2002-07-15 04:45:00,1529.1097,2002-07-07 08:15:00,3.2500
08183500,28.951389,-98.063889,2002-07-18 05:00:00,2002-07-23 07:45:00,175.8476,2002-07-18 14:45:00,9.7500
08183500,28.951389,-98.063889,2002-09-09 11:45:00,2002-09-14 01:45:00,308.6536,2002-09-11 08:15:00,44.5000
08183500,28.951389,-98.063889,2002-10-10 12:45:00,2002-10-12 22:00:00,334.1388,2002-10-11 16:00:00,27.2500
08183500,28.951389,-98.063889,2002-10-24 12:15:00,2002-10-28 15:45:00,489.8814,2002-10-26 17:30:00,53.2500
08183500,28.951389,-98.063889,2002-11-05 00:00:00,2002-11-07 18:15:00,199.0674,2002-11-05 18:45:00,18.7500
08183500,28.951389,-98.063889,2003-09-18 22:00:00,2003-09-19 16:15:00,197.3684,2003-09-19 03:00:00,5.0000
08183500,28.951389,-98.063889,2004-04-06 17:30:00,2004-04-07 15:30:00,115.2496,2004-04-07 07:30:00,14.0000
08183500,28.951389,-98.063889,2004-05-13 23:30:00,2004-05-14 16:15:00,198.2179,2004-05-14 02:45:00,3.2500
08183500,28.951389,-98.063889,2004-06-10 21:00:00,2004-06-13 07:00:00,342.6338,2004-06-12 02:30:00,29.5000
08183500,28.951389,-98.063889,2004-07-01 01:15:00,2004-07-05 04:00:00,220.0219,2004-07-02 13:00:00,35.7500
08183500,28.951389,-98.063889,2004-10-26 09:15:00,2004-10-27 13:45:00,144.4159,2004-10-27 02:00:00,16.7500
08183500,28.951389,-98.063889,2004-11-02 21:45:00,2004-11-03 09:45:00,109.0199,2004-11-03 03:45:00,6.0000
08183500,28.951389,-98.063889,2004-11-18 06:45:00,2004-11-27 11:15:00,611.6439,2004-11-24 21:45:00,159.0000
08183500,28.951389,-98.063889,2007-03-13 23:15:00,2007-03-16 10:30:00,311.4853,2007-03-14 04:15:00,5.0000
08183500,28.951389,-98.063889,2007-04-01 14:00:00,2007-04-02 16:45:00,125.7268,2007-04-02 06:45:00,16.7500
08183500,28.951389,-98.063889,2007-06-30 02:15:00,2007-07-02 06:00:00,183.7763,2007-07-01 12:00:00,33.7500
08183500,28.951389,-98.063889,2007-07-08 14:45:00,2007-07-10 03:30:00,135.9209,2007-07-09 12:15:00,21.5000
08183500,28.951389,-98.063889,2007-07-21 05:45:00,2007-07-21 14:00:00,112.4179,2007-07-21 08:30:00,2.7500
08183500,28.951389,-98.063889,2007-07-22 17:30:00,2007-07-31 06:30:00,387.9408,2007-07-27 21:15:00,123.7500
08183500,28.951389,-98.063889,2007-08-17 07:00:00,2007-08-25 08:45:00,747.5648,2007-08-19 18:45:00,59.7500
08183500,28.951389,-98.063889,2009-10-06 01:00:00,2009-10-07 05:45:00,140.1684,2009-10-06 17:00:00,16.0000
08183500,28.951389,-98.063889,2009-10-28 01:00:00,2009-10-28 15:15:00,114.6832,2009-10-28 07:30:00,6.5000
08183500,28.951389,-98.063889,2010-01-16 06:30:00,2010-01-18 03:45:00,176.1308,2010-01-17 10:15:00,27.7500
08183500,28.951389,-98.063889,2010-02-04 20:00:00,2010-02-06 08:00:00,169.6179,2010-02-05 14:30:00,18.5000
08183500,28.951389,-98.063889,2010-04-19 03:15:00,2010-04-20 17:15:00,186.3249,2010-04-20 00:45:00,21.5000
08183500,28.951389,-98.063889,2010-05-16 06:45:00,2010-05-18 13:45:00,181.2278,2010-05-17 22:00:00,39.2500
08183500,28.951389,-98.063889,2010-06-10 02:30:00,2010-06-10 21:15:00,125.7268,2010-06-10 12:00:00,9.5000
08183500,28.951389,-98.063889,2010-09-09 05:15:00,2010-09-11 22:00:00,236.1625,2010-09-10 18:30:00,37.2500
08183500,28.951389,-98.063889,2012-01-26 21:45:00,2012-01-27 19:30:00,126.2931,2012-01-27 08:00:00,10.2500
08183500,28.951389,-98.063889,2012-08-21 02:00:00,2012-08-21 23:30:00,121.4793,2012-08-21 10:45:00,8.7500
08183500,28.951389,-98.063889,2013-01-11 00:45:00,2013-01-11 11:00:00,106.4713,2013-01-11 06:15:00,5.5000
08183500,28.951389,-98.063889,2013-05-26 18:45:00,2013-05-29 13:45:00,436.0794,2013-05-28 02:30:00,31.7500
08183500,28.951389,-98.063889,2014-05-15 07:45:00,2014-05-15 09:30:00,102.2238,2014-05-15 09:00:00,1.2500
08183500,28.951389,-98.063889,2015-03-21 14:15:00,2015-03-21 18:00:00,116.6654,2015-03-21 15:30:00,1.2500
08183500,28.951389,-98.063889,2015-04-23 02:15:00,2015-04-23 04:00:00,109.3030,2015-04-23 03:00:00,0.7500
08183500,28.951389,-98.063889,2015-04-26 13:30:00,2015-04-28 15:30:00,144.4159,2015-04-27 20:15:00,30.7500
08183500,28.951389,-98.063889,2015-05-15 01:30:00,2015-05-16 10:30:00,291.6635,2015-05-15 21:30:00,20.0000
08183500,28.951389,-98.063889,2015-05-25 13:00:00,2015-05-27 22:30:00,248.3387,2015-05-26 18:30:00,29.5000
08183500,28.951389,-98.063889,2015-10-26 19:15:00,2015-10-27 03:15:00,103.3565,2015-10-26 22:45:00,3.5000
08183500,28.951389,-98.063889,2015-11-01 17:00:00,2015-11-03 05:45:00,137.3367,2015-11-02 13:15:00,20.2500
08183500,28.951389,-98.063889,2016-05-20 03:45:00,2016-05-23 11:15:00,169.0516,2016-05-22 08:45:00,53.0000
08183500,28.951389,-98.063889,2016-06-01 09:45:00,2016-06-02 04:45:00,106.7545,2016-06-01 17:00:00,7.2500
08186000,29.013889,-97.930000,1991-12-20 08:00:00,1991-12-22 05:00:00,356.7923,1991-12-22 05:00:00,45.0000
08186000,29.013889,-97.930000,1992-01-27 02:00:00,1992-01-29 16:00:00,236.4457,1992-01-28 10:00:00,32.0000
08186000,29.013889,-97.930000,1992-02-02 20:00:00,1992-02-09 10:00:00,260.7982,1992-02-06 05:00:00,81.0000
08186000,29.013889,-97.930000,1992-02-22 12:00:00,1992-02-26 17:00:00,215.4912,1992-02-25 04:00:00,64.0000
08186000,29.013889,-97.930000,1992-03-05 03:00:00,1992-03-08 14:00:00,246.6397,1992-03-06 10:00:00,31.0000
08186000,29.013889,-97.930000,1992-03-30 22:00:00,1992-03-31 13:00:00,51.5367,1992-03-31 05:00:00,7.0000
08186000,29.013889,-97.930000,1992-04-05 14:00:00,1992-04-07 02:00:00,95.7109,1992-04-05 19:00:00,5.0000
08186000,29.013889,-97.930000,1992-04-17 18:00:00,1992-04-19 23:00:00,200.7664,1992-04-18 08:00:00,14.0000
08186000,29.013889,-97.930000,1992-05-31 22:00:00,1992-06-01 08:00:00,49.5545,1992-06-01 02:00:00,4.0000
08186000,29.013889,-97.930000,1992-06-02 13:00:00,1992-06-04 19:00:00,154.3268,1992-06-03 22:00:00,33.0000
08186000,29.013889,-97.930000,1992-06-07 15:00:00,1992-06-09 09:00:00,109.5862,1992-06-08 01:00:00,10.0000
08186000,29.013889,-97.930000,1993-03-29 06:00:00,1993-03-29 10:00:00,43.0416,1993-03-29 08:00:00,2.0000
08186000,29.013889,-97.930000,1993-05-05 22:00:00,1993-05-08 02:00:00,185.7585,1993-05-06 05:00:00,7.0000
08186000,29.013889,-97.930000,1993-05-23 18:00:00,1993-05-25 10:00:00,379.4457,1993-05-24 07:00:00,13.0000
08186000,29.013889,-97.930000,1993-06-21 18:00:00,1993-06-23 12:00:00,84.1010,1993-06-22 02:00:00,8.0000
08186000,29.013889,-97.930000,1993-06-25 21:00:00,1993-06-26 04:00:00,53.5188,1993-06-26 01:00:00,4.0000
08186000,29.013889,-97.930000,1994-03-16 07:00:00,1994-03-16 13:00:00,47.2891,1994-03-16 09:00:00,2.0000
08186000,29.013889,-97.930000,1994-05-03 01:00:00,1994-05-03 22:00:00,96.5604,1994-05-03 13:30:00,12.5000
08186000,29.013889,-97.930000,1994-05-14 00:00:00,1994-05-17 10:00:00,208.9783,1994-05-16 20:16:00,68.2667
08186000,29.013889,-97.930000,1994-10-09 07:00:00,1994-10-09 23:00:00,62.2971,1994-10-09 15:09:00,8.1500
08186000,29.013889,-97.930000,1994-10-20 04:00:00,1994-10-20 13:00:00,38.5109,1994-10-20 09:00:00,5.0000
08186000,29.013889,-97.930000,1994-10-25 15:00:00,1994-10-25 23:00:00,88.9149,1994-10-25 18:59:00,3.9833
08186000,29.013889,-97.930000,1994-12-29 14:00:00,1994-12-29 21:00:00,38.2277,1994-12-29 17:00:00,3.0000
08186000,29.013889,-97.930000,1995-03-13 14:00:00,1995-03-13 21:00:00,55.7842,1995-03-13 17:00:00,3.0000
08186000,29.013889,-97.930000,1995-06-29 14:00:00,1995-07-01 06:00:00,70.2258,1995-06-29 18:00:00,4.0000
08186000,29.013889,-97.930000,1997-05-20 13:00:00,1997-05-20 18:00:00,44.4574,1997-05-20 16:00:00,3.0000
08186000,29.013889,-97.930000,1997-05-22 02:00:00,1997-05-22 10:00:00,76.4555,1997-05-22 05:00:00,3.0000
08186000,29.013889,-97.930000,1997-06-07 03:00:00,1997-06-07 16:00:00,104.7723,1997-06-07 08:00:00,5.0000
08186000,29.013889,-97.930000,1997-06-10 23:00:00,1997-06-11 16:00:00,76.7387,1997-06-11 10:00:00,11.0000
08186000,29.013889,-97.930000,1997-06-21 19:00:00,1997-06-29 20:00:00,489.8814,1997-06-24 23:00:00,76.0000
08186000,29.013889,-97.930000,1998-02-19 05:15:00,1998-02-19 07:45:00,36.8119,1998-02-19 06:00:00,0.7500
08186000,29.013889,-97.930000,1998-02-22 05:15:00,1998-02-22 09:45:00,39.6436,1998-02-22 06:45:00,1.5000
08186000,29.013889,-97.930000,1998-03-18 02:30:00,1998-03-19 01:00:00,87.2159,1998-03-18 13:30:00,11.0000
08186000,29.013889,-97.930000,1998-10-06 15:45:00,1998-10-07 22:45:00,63.4297,1998-10-06 20:30:00,4.7500
08186000,29.013889,-97.930000,1998-10-18 11:30:00,1998-10-23 15:00:00,1449.8225,1998-10-19 11:45:00,24.2500
08186000,29.013889,-97.930000,1998-11-14 15:30:00,1998-11-16 05:30:00,59.7485,1998-11-14 21:00:00,5.5000
08186000,29.013889,-97.930000,1999-06-26 00:30:00,1999-06-26 17:45:00,276.3724,1999-06-26 04:15:00,3.7500
08186000,29.013889,-97.930000,2000-11-04 06:00:00,2000-11-08 16:30:00,87.2159,2000-11-04 16:15:00,10.2500
08186000,29.013889,-97.930000,2000-11-18 22:45:00,2000-11-20 11:00:00,60.3149,2000-11-20 01:30:00,26.7500
08186000,29.013889,-97.930000,2001-04-24 22:45:00,2001-04-25 06:15:00,41.0594,2001-04-25 02:15:00,3.5000
08186000,29.013889,-97.930000,2001-08-30 16:00:00,2001-09-04 11:15:00,225.4021,2001-08-31 18:15:00,26.2500
08186000,29.013889,-97.930000,2001-09-05 19:45:00,2001-09-08 04:15:00,461.5646,2001-09-06 03:30:00,7.7500
08186000,29.013889,-97.930000,2001-11-16 21:00:00,2001-11-18 17:15:00,209.2615,2001-11-17 23:45:00,26.7500
08186000,29.013889,-97.930000,2001-12-03 18:00:00,2001-12-04 14:30:00,47.5723,2001-12-04 05:00:00,11.0000
08186000,29.013889,-97.930000,2001-12-12 20:45:00,2001-12-13 15:15:00,58.3327,2001-12-13 05:45:00,9.0000
08186000,29.013889,-97.930000,2001-12-17 00:30:00,2001-12-17 10:30:00,40.2099,2001-12-17 05:00:00,4.5000
08186000,29.013889,-97.930000,2002-04-08 18:30:00,2002-04-10 06:45:00,154.8932,2002-04-09 19:45:00,25.2500
08186000,29.013889,-97.930000,2002-07-01 14:00:00,2002-07-13 16:00:00,591.8221,2002-07-04 14:15:00,72.2500
08186000,29.013889,-97.930000,2002-07-16 15:00:00,2002-07-16 23:15:00,38.7941,2002-07-16 20:30:00,5.5000
08186000,29.013889,-97.930000,2002-10-09 22:15:00,2002-10-11 16:00:00,419.0893,2002-10-10 20:15:00,22.0000
08186000,29.013889,-97.930000,2002-10-25 05:00:00,2002-10-27 11:00:00,257.1170,2002-10-26 06:15:00,25.2500
08186000,29.013889,-97.930000,2002-11-04 10:45:00,2002-11-07 07:15:00,314.3170,2002-11-06 08:30:00,45.7500
08186000,29.013889,-97.930000,2002-12-05 12:45:00,2002-12-06 07:30:00,63.7129,2002-12-05 22:15:00,9.5000
08186000,29.013889,-97.930000,2002-12-10 15:00:00,2002-12-11 07:00:00,50.4040,2002-12-10 22:15:00,7.2500
08186000,29.013889,-97.930000,2002-12-12 17:30:00,2002-12-13 04:45:00,65.6951,2002-12-12 22:00:00,4.5000
08186000,29.013889,-97.930000,2003-01-13 23:45:00,2003-01-14 04:00:00,35.1129,2003-01-14 01:00:00,1.2500
08186000,29.013889,-97.930000,2003-02-21 08:00:00,2003-02-22 19:15:00,150.0793,2003-02-22 04:00:00,20.0000
08186000,29.013889,-97.930000,2003-03-04 15:00:00,2003-03-05 07:30:00,55.2179,2003-03-04 22:45:00,7.7500
08186000,29.013889,-97.930000,2003-09-18 19:00:00,2003-09-19 04:45:00,98.8258,2003-09-19 01:15:00,6.2500
08186000,29.013889,-97.930000,2004-04-05 20:00:00,2004-04-06 20:30:00,110.7189,2004-04-06 02:45:00,6.7500
08186000,29.013889,-97.930000,2004-05-14 05:00:00,2004-05-15 21:45:00,302.9903,2004-05-14 06:30:00,1.5000
08186000,29.013889,-97.930000,2004-06-10 16:30:00,2004-06-12 12:45:00,484.2181,2004-06-11 14:45:00,22.2500
08186000,29.013889,-97.930000,2004-06-30 22:45:00,2004-07-02 20:45:00,123.1783,2004-07-02 06:45:00,32.0000
08186000,29.013889,-97.930000,2004-10-25 17:30:00,2004-10-27 03:15:00,155.7427,2004-10-26 16:45:00,23.2500
08186000,29.013889,-97.930000,2004-11-02 08:00:00,2004-11-03 07:15:00,66.2614,2004-11-02 20:15:00,12.2500
08186000,29.013889,-97.930000,2004-11-17 15:30:00,2004-11-28 15:45:00,829.6836,2004-11-24 10:00:00,162.5000
08186000,29.013889,-97.930000,2005-02-24 16:00:00,2005-02-24 23:45:00,50.1208,2005-02-24 19:00:00,3.0000
08186000,29.013889,-97.930000,2005-03-07 09:15:00,2005-03-08 11:00:00,40.4931,2005-03-08 05:15:00,20.0000
08186000,29.013889,-97.930000,2005-03-20 04:45:00,2005-03-20 08:45:00,41.3426,2005-03-20 06:45:00,2.0000
08186000,29.013889,-97.930000,2006-05-30 04:30:00,2006-05-30 09:30:00,42.4753,2006-05-30 07:15:00,2.7500
08186000,29.013889,-97.930000,2007-01-25 01:00:00,2007-01-25 04:45:00,35.3961,2007-01-25 02:30:00,1.5000
08186000,29.013889,-97.930000,2007-03-13 14:30:00,2007-03-15 20:30:00,387.9408,2007-03-14 07:45:00,17.2500
08186000,29.013889,-97.930000,2007-03-31 13:30:00,2007-04-02 03:00:00,158.5743,2007-03-31 23:00:00,9.5000
08186000,29.013889,-97.930000,2007-05-01 01:15:00,2007-05-02 16:00:00,90.6139,2007-05-02 01:30:00,24.2500
08186000,29.013889,-97.930000,2007-05-29 18:00:00,2007-05-30 10:00:00,53.2357,2007-05-30 01:30:00,7.5000
08186000,29.013889,-97.930000,2007-06-30 05:15:00,2007-07-01 05:15:00,75.3228,2007-06-30 18:30:00,13.2500
08186000,29.013889,-97.930000,2007-07-04 20:45:00,2007-07-09 17:00:00,157.1585,2007-07-09 04:00:00,103.2500
08186000,29.013889,-97.930000,2007-07-16 15:15:00,2007-07-17 07:00:00,54.0852,2007-07-16 22:00:00,6.7500
08186000,29.013889,-97.930000,2007-07-20 03:30:00,2007-07-29 01:30:00,396.4359,2007-07-22 07:30:00,52.0000
08186000,29.013889,-97.930000,2007-08-16 18:30:00,2007-08-22 07:15:00,267.3110,2007-08-19 05:45:00,59.2500
08186000,29.013889,-97.930000,2007-10-16 16:15:00,2007-10-17 01:45:00,65.9783,2007-10-16 20:30:00,4.2500
08186000,29.013889,-97.930000,2008-08-20 02:30:00,2008-08-20 16:30:00,41.0594,2008-08-20 12:15:00,9.7500
08186000,29.013889,-97.930000,2009-04-28 04:45:00,2009-04-28 13:15:00,75.0396,2009-04-28 09:00:00,4.2500
08186000,29.013889,-97.930000,2009-05-28 08:30:00,2009-05-28 19:15:00,40.2099,2009-05-28 13:45:00,5.2500
08186000,29.013889,-97.930000,2009-09-12 03:00:00,2009-09-12 09:00:00,46.4396,2009-09-12 04:30:00,1.5000
08186000,29.013889,-97.930000,2009-10-04 07:00:00,2009-10-06 21:00:00,379.4457,2009-10-05 23:45:00,40.7500
08186000,29.013889,-97.930000,2009-10-27 13:30:00,2009-10-28 12:15:00,97.9763,2009-10-28 03:15:00,13.7500
08186000,29.013889,-97.930000,2009-11-20 13:30:00,2009-11-22 14:00:00,222.0041,2009-11-21 06:45:00,17.2500
08186000,29.013889,-97.930000,2010-01-16 06:00:00,2010-01-17 20:45:00,185.7585,2010-01-17 06:00:00,24.0000
08186000,29.013889,-97.930000,2010-02-04 11:45:00,2010-02-06 06:45:00,168.2021,2010-02-05 08:00:00,20.2500
08186000,29.013889,-97.930000,2010-02-12 04:30:00,2010-02-13 17:15:00,144.1327,2010-02-13 06:30:00,26.0000
08186000,29.013889,-97.930000,2010-06-10 09:30:00,2010-06-11 07:45:00,101.3743,2010-06-10 23:00:00,13.5000
08186000,29.013889,-97.930000,2010-09-08 18:30:00,2010-09-11 12:00:00,322.8121,2010-09-09 22:00:00,27.5000
08186000,29.013889,-97.930000,2012-02-05 05:30:00,2012-02-06 02:45:00,64.5624,2012-02-05 18:00:00,12.5000
08186000,29.013889,-97.930000,2012-02-19 09:00:00,2012-02-20 04:45:00,73.0575,2012-02-19 18:30:00,9.5000
08186000,29.013889,-97.930000,2012-03-20 18:00:00,2012-03-22 05:00:00,97.4100,2012-03-21 19:00:00,25.0000
08186000,29.013889,-97.930000,2012-05-10 22:15:00,2012-05-11 16:00:00,153.4773,2012-05-11 08:45:00,10.5000
08186000,29.013889,-97.930000,2012-07-12 00:00:00,2012-07-12 03:00:00,36.8119,2012-07-12 01:15:00,1.2500
08186000,29.013889,-97.930000,2012-09-30 10:30:00,2012-10-01 04:45:00,52.3862,2012-09-30 19:45:00,9.2500
08186000,29.013889,-97.930000,2013-05-27 00:30:00,2013-05-27 15:00:00,80.7030,2013-05-27 08:00:00,7.5000
08186000,29.013889,-97.930000,2013-09-29 17:45:00,2013-09-30 07:45:00,122.8951,2013-09-30 01:15:00,7.5000
08186000,29.013889,-97.930000,2013-11-01 20:15:00,2013-11-02 12:15:00,99.1090,2013-11-02 05:00:00,8.7500
08186000,29.013889,-97.930000,2014-05-26 20:00:00,2014-05-27 12:15:00,124.3110,2014-05-27 02:00:00,6.0000
08186000,29.013889,-97.930000,2015-03-21 10:30:00,2015-03-22 20:15:00,161.4060,2015-03-21 18:30:00,8.0000
08186000,29.013889,-97.930000,2015-04-18 01:15:00,2015-04-18 18:45:00,101.9406,2015-04-18 09:30:00,8.2500
08186000,29.013889,-97.930000,2015-04-22 22:45:00,2015-04-23 05:30:00,73.3406,2015-04-23 01:30:00,2.7500
08186000,29.013889,-97.930000,2015-04-25 15:15:00,2015-04-27 15:15:00,114.4001,2015-04-27 05:00:00,37.7500
08186000,29.013889,-97.930000,2015-05-15 06:30:00,2015-05-16 12:15:00,142.4337,2015-05-16 00:15:00,17.7500
08186000,29.013889,-97.930000,2015-05-17 19:15:00,2015-05-19 01:15:00,120.3466,2015-05-18 05:30:00,10.2500
08186000,29.013889,-97.930000,2015-05-25 02:45:00,2015-06-02 03:45:00,294.4952,2015-05-26 11:15:00,32.5000
08186000,29.013889,-97.930000,2015-06-15 19:45:00,2015-06-16 12:15:00,59.1822,2015-06-16 04:45:00,9.0000
08186000,29.013889,-97.930000,2015-06-18 23:45:00,2015-06-19 23:45:00,108.1704,2015-06-19 14:30:00,14.7500
08186000,29.013889,-97.930000,2015-10-31 19:30:00,2015-11-02 16:45:00,222.8536,2015-11-01 18:15:00,23.7500
08186000,29.013889,-97.930000,2016-05-19 03:45:00,2016-05-23 01:00:00,192.5546,2016-05-21 22:30:00,66.7500
08186000,29.013889,-97.930000,2016-06-01 01:45:00,2016-06-01 20:45:00,116.6654,2016-06-01 10:00:00,8.2500
08205500,28.736389,-99.144444,1991-12-22 15:00:00,1991-12-26 08:00:00,314.3170,1991-12-23 18:00:00,27.0000
08205500,28.736389,-99.144444,1992-02-05 22:00:00,1992-02-07 10:00:00,115.2496,1992-02-06 12:00:00,14.0000
08205500,28.736389,-99.144444,1992-03-06 03:00:00,1992-03-08 01:00:00,172.7328,1992-03-06 13:00:00,10.0000
08205500,28.736389,-99.144444,1992-06-11 11:00:00,1992-06-13 15:00:00,153.4773,1992-06-12 05:00:00,18.0000
08205500,28.736389,-99.144444,1996-10-30 12:00:00,1996-10-31 22:00:00,175.8476,1996-10-31 02:00:00,14.0000
08205500,28.736389,-99.144444,1997-06-24 02:00:00,1997-06-28 14:00:00,1597.0701,1997-06-24 15:00:00,13.0000
08205500,28.736389,-99.144444,1998-03-18 09:00:00,1998-03-19 01:00:00,113.2674,1998-03-18 17:00:00,8.0000
08205500,28.736389,-99.144444,1998-08-24 22:15:00,1998-08-27 22:30:00,413.4260,1998-08-25 19:30:00,21.2500
08205500,28.736389,-99.144444,1998-10-19 13:00:00,1998-10-21 23:30:00,492.7131,1998-10-20 08:15:00,19.2500
08205500,28.736389,-99.144444,2000-10-19 21:45:00,2000-10-20 05:30:00,85.8000,2000-10-20 02:45:00,5.0000
08205500,28.736389,-99.144444,2000-10-25 15:45:00,2000-10-26 16:30:00,127.1426,2000-10-26 03:15:00,11.5000
08205500,28.736389,-99.144444,2000-11-08 02:15:00,2000-11-08 17:00:00,86.6496,2000-11-08 10:30:00,8.2500
08205500,28.736389,-99.144444,2001-11-17 17:00:00,2001-11-19 09:30:00,126.8595,2001-11-18 03:30:00,10.5000
08205500,28.736389,-99.144444,2002-07-01 16:30:00,2002-07-12 02:45:00,1254.4363,2002-07-07 12:00:00,139.5000
08205500,28.736389,-99.144444,2002-07-15 21:00:00,2002-07-17 20:15:00,180.9446,2002-07-16 08:45:00,11.7500
08205500,28.736389,-99.144444,2002-09-09 08:00:00,2002-09-12 13:30:00,362.4556,2002-09-09 23:00:00,15.0000
08205500,28.736389,-99.144444,2002-10-11 05:30:00,2002-10-12 01:45:00,93.7288,2002-10-11 16:30:00,11.0000
08205500,28.736389,-99.144444,2002-10-25 17:30:00,2002-10-28 19:00:00,190.5724,2002-10-26 17:30:00,24.0000
08205500,28.736389,-99.144444,2003-07-07 07:15:00,2003-07-10 05:15:00,385.1091,2003-07-08 08:45:00,25.5000
08205500,28.736389,-99.144444,2004-04-08 05:30:00,2004-04-09 23:15:00,163.1050,2004-04-09 00:00:00,18.5000
08205500,28.736389,-99.144444,2004-04-26 01:44:00,2004-04-27 15:45:00,156.0258,2004-04-26 22:44:00,21.0000
08205500,28.736389,-99.144444,2004-06-30 16:30:00,2004-07-05 11:15:00,540.8518,2004-07-02 16:15:00,47.7500
08205500,28.736389,-99.144444,2004-08-23 18:45:00,2004-08-24 19:45:00,219.1724,2004-08-24 01:45:00,7.0000
08205500,28.736389,-99.144444,2007-05-28 00:00:00,2007-05-29 18:00:00,92.3129,2007-05-28 10:45:00,10.7500
08205500,28.736389,-99.144444,2007-07-22 23:15:00,2007-07-28 12:15:00,1093.0303,2007-07-23 20:30:00,21.2500
08205500,28.736389,-99.144444,2007-07-30 17:45:00,2007-08-02 12:30:00,150.3625,2007-07-31 16:45:00,23.0000
08205500,28.736389,-99.144444,2007-08-18 20:00:00,2007-08-20 12:45:00,159.4238,2007-08-19 15:00:00,19.0000
08205500,28.736389,-99.144444,2010-04-18 09:45:00,2010-04-18 21:45:00,85.5169,2010-04-18 16:45:00,7.0000
08205500,28.736389,-99.144444,2010-05-16 19:30:00,2010-05-18 08:00:00,217.4734,2010-05-17 12:15:00,16.7500
08205500,28.736389,-99.144444,2015-05-25 12:30:00,2015-05-29 11:00:00,464.3963,2015-05-26 14:00:00,25.5000
08205500,28.736389,-99.144444,2016-05-31 16:15:00,2016-06-01 16:45:00,120.9129,2016-06-01 03:45:00,11.5000
08211500,27.882778,-97.625000,1990-04-27 15:00:00,1990-04-28 06:00:00,28.8832,1990-04-27 20:00:00,5.0000
08211500,27.882778,-97.625000,1990-07-22 05:00:00,1990-07-23 04:00:00,49.2713,1990-07-23 04:00:00,23.0000
08211500,27.882778,-97.625000,1990-07-26 05:00:00,1990-08-01 04:00:00,72.2080,1990-08-01 02:00:00,141.0000
08211500,27.882778,-97.625000,1990-09-16 21:00:00,1990-09-17 09:00:00,25.9099,1990-09-16 23:00:00,2.0000
08211500,27.882778,-97.625000,1990-09-18 18:00:00,1990-09-23 04:00:00,26.7877,1990-09-21 10:00:00,64.0000
08211500,27.882778,-97.625000,1991-04-25 07:00:00,1991-04-26 11:00:00,25.9099,1991-04-25 16:00:00,9.0000
08211500,27.882778,-97.625000,1991-05-15 14:00:00,1991-05-15 21:00:00,25.4852,1991-05-15 17:00:00,3.0000
08211500,27.882778,-97.625000,1991-05-18 10:00:00,1991-05-23 13:00:00,28.8832,1991-05-19 22:00:00,36.0000
08211500,27.882778,-97.625000,1993-05-06 02:00:00,1993-05-06 04:00:00,30.0159,1993-05-06 03:00:00,1.0000
08211500,27.882778,-97.625000,1993-06-14 12:00:00,1993-06-16 15:00:00,38.7941,1993-06-15 05:00:00,17.0000
08211500,27.882778,-97.625000,1993-06-22 08:00:00,1993-06-23 08:00:00,29.7327,1993-06-22 18:00:00,10.0000
08211500,27.882778,-97.625000,1993-06-30 21:00:00,1993-07-06 16:00:00,69.3763,1993-07-03 13:00:00,64.0000
08211500,27.882778,-97.625000,1994-05-01 06:00:00,1994-05-02 09:00:00,31.4317,1994-05-01 19:00:00,13.0000
08211500,27.882778,-97.625000,1994-10-08 11:00:00,1994-10-08 15:00:00,39.9268,1994-10-08 12:00:00,1.0000
08211500,27.882778,-97.625000,1997-06-24 01:00:00,1997-07-19 22:00:00,66.5446,1997-06-26 23:00:00,70.0000
08211500,27.882778,-97.625000,1997-10-11 11:00:00,1997-10-17 06:00:00,61.7307,1997-10-15 07:00:00,92.0000
08211500,27.882778,-97.625000,1998-09-06 20:00:00,1998-09-21 14:00:00,62.0139,1998-09-14 12:00:00,184.0000
08211500,27.882778,-97.625000,1998-10-04 11:30:00,1998-10-14 11:15:00,32.5644,1998-10-12 21:45:00,202.2500
08211500,27.882778,-97.625000,1998-10-18 18:15:00,1998-10-19 04:45:00,47.2891,1998-10-19 04:45:00,10.5000
08211500,27.882778,-97.625000,1998-10-29 19:45:00,1998-11-08 08:15:00,42.4753,1998-11-05 18:30:00,166.7500
08211500,27.882778,-97.625000,1998-11-15 03:30:00,1998-11-21 12:30:00,40.2099,1998-11-17 23:00:00,67.5000
08211500,27.882778,-97.625000,1999-04-01 20:15:00,1999-04-07 14:30:00,43.0416,1999-04-02 23:30:00,27.2500
08211500,27.882778,-97.625000,1999-06-30 02:30:00,1999-07-08 14:45:00,38.2277,1999-07-04 21:45:00,115.2500
08211500,27.882778,-97.625000,1999-08-24 10:15:00,1999-08-26 18:00:00,48.4218,1999-08-25 11:30:00,25.2500
08211500,27.882778,-97.625000,1999-09-05 10:45:00,1999-09-08 04:45:00,67.6773,1999-09-08 04:30:00,65.7500
08211500,27.882778,-97.625000,2000-11-04 14:15:00,2000-11-04 16:15:00,28.6000,2000-11-04 15:00:00,0.7500
08211500,27.882778,-97.625000,2001-08-31 11:45:00,2001-09-02 14:00:00,37.3782,2001-08-31 21:15:00,9.5000
08211500,27.882778,-97.625000,2001-11-16 22:15:00,2001-12-11 06:00:00,211.2437,2001-11-21 06:45:00,104.5000
08211500,27.882778,-97.625000,2001-12-14 06:00:00,2001-12-15 21:30:00,37.6614,2001-12-14 15:00:00,9.0000
08211500,27.882778,-97.625000,2001-12-17 15:30:00,2001-12-18 14:15:00,31.4317,2001-12-18 01:30:00,10.0000
08211500,27.882778,-97.625000,2002-09-11 05:00:00,2002-10-01 22:00:00,1353.5453,2002-09-17 02:00:00,141.0000
08211500,27.882778,-97.625000,2002-11-27 17:30:00,2002-11-28 22:00:00,29.7327,2002-11-28 00:45:00,7.2500
08211500,27.882778,-97.625000,2002-12-06 00:45:00,2002-12-06 16:00:00,26.7311,2002-12-06 05:30:00,4.7500
08211500,27.882778,-97.625000,2002-12-10 12:45:00,2002-12-21 18:30:00,101.0911,2002-12-17 12:45:00,168.0000
08211500,27.882778,-97.625000,2002-12-31 20:00:00,2003-01-03 19:30:00,46.4396,2003-01-01 10:45:00,14.7500
08211500,27.882778,-97.625000,2003-02-15 05:30:00,2003-02-19 18:45:00,57.4832,2003-02-17 12:00:00,54.5000
08211500,27.882778,-97.625000,2003-02-21 17:30:00,2003-02-27 09:30:00,53.8020,2003-02-26 03:15:00,105.7500
08211500,27.882778,-97.625000,2003-03-16 22:00:00,2003-03-21 15:15:00,36.5287,2003-03-17 14:15:00,16.2500
08211500,27.882778,-97.625000,2003-07-18 02:30:00,2003-07-27 10:30:00,165.6536,2003-07-23 10:30:00,128.0000
08211500,27.882778,-97.625000,2003-07-29 10:30:00,2003-07-30 14:30:00,40.7763,2003-07-29 23:45:00,13.2500
08211500,27.882778,-97.625000,2004-03-21 09:00:00,2004-03-24 06:00:00,28.8832,2004-03-22 12:45:00,27.7500
08211500,27.882778,-97.625000,2004-06-12 13:15:00,2004-06-17 13:45:00,68.8099,2004-06-15 12:00:00,70.7500
08211500,27.882778,-97.625000,2004-08-28 03:15:00,2004-09-09 21:45:00,94.0119,2004-09-04 17:30:00,182.2500
08211500,27.882778,-97.625000,2004-09-13 11:00:00,2004-09-17 17:45:00,38.2277,2004-09-16 13:45:00,74.7500
08211500,27.882778,-97.625000,2004-11-19 20:45:00,2004-12-13 11:45:00,103.6397,2004-11-25 04:30:00,127.7500
08211500,27.882778,-97.625000,2005-02-01 15:45:00,2005-02-02 02:30:00,25.7400,2005-02-01 20:45:00,5.0000
08211500,27.882778,-97.625000,2005-03-20 18:45:00,2005-03-22 03:15:00,28.2319,2005-03-21 06:30:00,11.7500
08211500,27.882778,-97.625000,2005-03-23 08:30:00,2005-03-24 00:15:00,25.7400,2005-03-23 13:15:00,4.7500
08211500,27.882778,-97.625000,2006-09-18 22:00:00,2006-09-20 01:30:00,36.5287,2006-09-19 07:45:00,9.7500
08211500,27.882778,-97.625000,2007-09-17 05:15:00,2007-09-24 15:30:00,42.7584,2007-09-22 02:00:00,116.7500
08211500,27.882778,-97.625000,2010-01-16 08:00:00,2010-01-17 19:15:00,41.6258,2010-01-16 21:00:00,13.0000
08211500,27.882778,-97.625000,2010-02-04 20:30:00,2010-02-05 11:45:00,28.1469,2010-02-05 00:30:00,4.0000
08211500,27.882778,-97.625000,2010-07-02 02:45:00,2010-07-04 13:15:00,46.4396,2010-07-03 06:00:00,27.2500
08211500,27.882778,-97.625000,2010-07-10 07:15:00,2010-07-11 03:45:00,27.4673,2010-07-10 14:30:00,7.2500
08211500,27.882778,-97.625000,2010-09-19 14:45:00,2010-09-23 21:45:00,88.6317,2010-09-21 16:15:00,49.5000
08211500,27.882778,-97.625000,2013-10-26 20:45:00,2013-10-29 18:30:00,29.1664,2013-10-28 08:30:00,35.7500
08211500,27.882778,-97.625000,2013-11-04 09:45:00,2013-11-04 14:45:00,25.2303,2013-11-04 11:00:00,1.2500
08055500,32.965833,-96.944167,1989-03-28 14:00:00,1989-03-29 02:00:00,161.6892,1989-03-28 16:00:00,2.0000
08055500,32.965833,-96.944167,1989-05-17 03:00:00,1989-05-18 05:00:00,246.9229,1989-05-17 14:00:00,11.0000
08055500,32.965833,-96.944167,1989-06-04 15:00:00,1989-06-05 04:00:00,190.8555,1989-06-04 21:00:00,6.0000
08055500,32.965833,-96.944167,1989-06-07 14:00:00,1989-06-08 14:00:00,239.2774,1989-06-08 02:00:00,12.0000
08055500,32.965833,-96.944167,1989-06-13 17:00:00,1989-06-17 06:00:00,173.5823,1989-06-14 07:00:00,14.0000
08055500,32.965833,-96.944167,1989-06-27 00:00:00,1989-08-08 02:00:00,210.6773,1989-07-03 09:00:00,153.0000
08055500,32.965833,-96.944167,1990-02-01 14:00:00,1990-02-02 00:00:00,170.4674,1990-02-01 16:00:00,2.0000
08055500,32.965833,-96.944167,1990-03-11 17:00:00,1990-03-12 06:00:00,176.6971,1990-03-11 20:00:00,3.0000
08055500,32.965833,-96.944167,1990-03-14 19:00:00,1990-03-15 01:00:00,145.8318,1990-03-14 20:00:00,1.0000
08055500,32.965833,-96.944167,1990-03-20 08:00:00,1990-03-30 00:00:00,161.1229,1990-03-28 11:00:00,195.0000
08055500,32.965833,-96.944167,1990-04-20 23:00:00,1990-04-21 04:00:00,141.5842,1990-04-21 01:00:00,2.0000
08055500,32.965833,-96.944167,1990-04-23 03:00:00,1990-04-27 11:00:00,288.8318,1990-04-26 22:00:00,91.0000
08055500,32.965833,-96.944167,1990-05-02 07:00:00,1990-07-08 13:00:00,781.5450,1990-05-05 13:00:00,78.0000
08055500,32.965833,-96.944167,1992-12-14 12:00:00,1992-12-14 19:00:00,141.0179,1992-12-14 15:00:00,3.0000
08055500,32.965833,-96.944167,1993-02-15 17:00:00,1993-02-16 02:00:00,132.2397,1993-02-15 21:00:00,4.0000
08055500,32.965833,-96.944167,1993-02-25 07:00:00,1993-02-26 03:00:00,211.2437,1993-02-25 16:00:00,9.0000
08055500,32.965833,-96.944167,1993-03-01 16:00:00,1993-03-02 05:00:00,134.7882,1993-03-02 00:00:00,8.0000
08055500,32.965833,-96.944167,1993-03-22 14:00:00,1993-03-23 04:00:00,134.7882,1993-03-22 21:00:00,7.0000
08055500,32.965833,-96.944167,1993-06-12 02:00:00,1993-06-12 11:00:00,129.1248,1993-06-12 07:00:00,5.0000
08055500,32.965833,-96.944167,1993-06-13 13:00:00,1993-06-17 00:00:00,125.4436,1993-06-16 12:00:00,71.0000
08055500,32.965833,-96.944167,1993-10-22 20:00:00,1993-10-25 22:00:00,129.6912,1993-10-25 18:00:00,70.0000
08055500,32.965833,-96.944167,1993-12-13 07:45:00,1993-12-13 17:15:00,124.5941,1993-12-13 11:15:00,3.5000
08055500,32.965833,-96.944167,1994-05-12 08:30:00,1994-05-12 16:15:00,143.2832,1994-05-12 12:00:00,3.5000
08055500,32.965833,-96.944167,1994-07-11 03:15:00,1994-07-12 01:45:00,279.4873,1994-07-11 13:45:00,10.5000
08055500,32.965833,-96.944167,1994-07-13 20:00:00,1994-07-29 12:15:00,164.8040,1994-07-15 13:30:00,41.5000
08055500,32.965833,-96.944167,1994-10-18 16:45:00,1994-10-19 00:45:00,158.0080,1994-10-18 20:15:00,3.5000
08055500,32.965833,-96.944167,1994-10-21 14:15:00,1994-10-22 02:00:00,196.8021,1994-10-21 18:00:00,3.7500
08055500,32.965833,-96.944167,1994-10-25 14:15:00,1994-10-25 22:45:00,141.5842,1994-10-25 16:45:00,2.5000
08055500,32.965833,-96.944167,1994-10-28 06:00:00,1994-11-03 03:30:00,154.3268,1994-10-29 18:45:00,36.7500
08055500,32.965833,-96.944167,1994-11-05 04:45:00,1994-11-05 23:00:00,183.7763,1994-11-05 12:00:00,7.2500
08055500,32.965833,-96.944167,1994-11-08 16:30:00,1994-11-10 05:45:00,161.6892,1994-11-09 19:15:00,26.7500
08055500,32.965833,-96.944167,1994-11-11 17:00:00,1994-11-13 02:00:00,130.2575,1994-11-12 11:45:00,18.7500
08055500,32.965833,-96.944167,1994-11-15 00:45:00,1994-11-15 18:45:00,174.4318,1994-11-15 08:30:00,7.7500
08055500,32.965833,-96.944167,1994-11-18 03:00:00,1994-11-21 05:45:00,183.7763,1994-11-20 18:45:00,63.7500
08055500,32.965833,-96.944167,1995-03-13 09:00:00,1995-03-14 02:45:00,223.1368,1995-03-13 15:30:00,6.5000
08055500,32.965833,-96.944167,1995-03-29 06:30:00,1995-04-06 05:30:00,193.4041,1995-04-04 12:00:00,148.5000
08055500,32.965833,-96.944167,1995-05-06 03:15:00,1995-05-06 18:15:00,189.1565,1995-05-06 08:30:00,5.2500
08055500,32.965833,-96.944167,1995-05-08 08:15:00,1995-05-09 00:00:00,201.6159,1995-05-08 14:00:00,5.7500
08055500,32.965833,-96.944167,1995-05-12 17:30:00,1995-06-10 00:00:00,158.0080,1995-05-13 17:45:00,24.2500
08055500,32.965833,-96.944167,1995-06-11 06:15:00,1995-06-11 18:00:00,142.1506,1995-06-11 09:30:00,3.2500
08055500,32.965833,-96.944167,1996-10-28 04:00:00,1996-10-28 11:45:00,164.2377,1996-10-28 06:00:00,2.0000
08055500,32.965833,-96.944167,1996-11-07 12:15:00,1996-11-07 16:45:00,135.9209,1996-11-07 14:45:00,2.5000
08055500,32.965833,-96.944167,1997-02-12 20:45:00,1997-02-13 13:45:00,179.2456,1997-02-13 05:15:00,8.5000
08055500,32.965833,-96.944167,1997-02-17 23:45:00,1997-02-20 12:45:00,205.0140,1997-02-20 03:45:00,52.0000
08055500,32.965833,-96.944167,1997-02-24 08:15:00,1997-02-26 00:15:00,138.7525,1997-02-25 15:00:00,30.7500
08055500,32.965833,-96.944167,1997-03-27 15:30:00,1997-04-05 11:00:00,202.1823,1997-04-04 21:15:00,197.7500
08055500,32.965833,-96.944167,1997-04-07 09:15:00,1997-04-12 05:15:00,162.8219,1997-04-11 17:00:00,103.7500
08055500,32.965833,-96.944167,1997-04-14 04:30:00,1997-04-23 05:15:00,156.5922,1997-04-22 13:45:00,201.2500
08055500,32.965833,-96.944167,1997-04-24 13:30:00,1997-04-26 04:15:00,162.2555,1997-04-25 23:00:00,33.5000
08055500,32.965833,-96.944167,1997-05-14 00:45:00,1997-05-20 18:15:00,200.4833,1997-05-20 03:15:00,146.5000
08055500,32.965833,-96.944167,1997-12-21 02:45:00,1997-12-21 17:45:00,188.8734,1997-12-21 08:00:00,5.2500
08055500,32.965833,-96.944167,1998-01-05 04:00:00,1998-01-05 17:45:00,244.6576,1998-01-05 07:30:00,3.5000
08055500,32.965833,-96.944167,1998-01-11 22:30:00,1998-01-14 03:00:00,133.3723,1998-01-12 08:45:00,10.2500
08055500,32.965833,-96.944167,1998-02-26 04:00:00,1998-02-27 00:00:00,175.2813,1998-02-26 10:15:00,6.2500
08055500,32.965833,-96.944167,1998-02-28 06:30:00,1998-03-04 12:30:00,148.0971,1998-03-03 09:45:00,75.2500
08055500,32.965833,-96.944167,1998-03-10 06:45:00,1998-03-17 08:00:00,220.8714,1998-03-16 16:30:00,153.7500
08055500,32.965833,-96.944167,2000-12-26 07:45:00,2000-12-26 20:30:00,175.5644,2000-12-26 12:45:00,5.0000
08055500,32.965833,-96.944167,2001-02-16 03:30:00,2001-02-16 22:15:00,188.0239,2001-02-16 14:15:00,10.7500
08055500,32.965833,-96.944167,2001-02-27 10:30:00,2001-02-28 07:30:00,163.6714,2001-02-28 02:45:00,16.2500
08055500,32.965833,-96.944167,2001-03-07 17:00:00,2001-03-12 12:45:00,171.6001,2001-03-12 02:45:00,105.7500
08055500,32.965833,-96.944167,2001-03-16 09:00:00,2001-03-25 04:45:00,202.1823,2001-03-24 20:30:00,203.5000
08055500,32.965833,-96.944167,2001-03-27 22:30:00,2001-03-29 05:00:00,165.9367,2001-03-28 09:00:00,10.5000
08055500,32.965833,-96.944167,2001-04-01 02:00:00,2001-04-01 17:45:00,127.7090,2001-04-01 04:00:00,1.0000
08055500,32.965833,-96.944167,2001-04-11 11:00:00,2001-04-11 23:30:00,137.9030,2001-04-11 17:00:00,6.0000
08055500,32.965833,-96.944167,2001-04-14 06:00:00,2001-04-15 16:45:00,126.5763,2001-04-14 09:30:00,3.5000
08055500,32.965833,-96.944167,2001-04-18 21:15:00,2001-04-25 02:15:00,127.1426,2001-04-20 04:30:00,31.2500
08055500,32.965833,-96.944167,2001-05-06 08:30:00,2001-05-06 20:15:00,180.9446,2001-05-06 13:45:00,5.2500
08055500,32.965833,-96.944167,2001-05-12 06:45:00,2001-05-12 14:30:00,134.2219,2001-05-12 09:15:00,2.5000
08055500,32.965833,-96.944167,2002-01-31 10:15:00,2002-01-31 21:00:00,177.2635,2002-01-31 14:45:00,4.5000
08055500,32.965833,-96.944167,2002-03-19 17:00:00,2002-03-20 12:45:00,282.8853,2002-03-20 01:30:00,8.5000
08055500,32.965833,-96.944167,2002-03-30 05:15:00,2002-03-30 16:45:00,143.0001,2002-03-30 13:00:00,7.7500
08055500,32.965833,-96.944167,2002-04-05 01:00:00,2002-04-08 12:45:00,262.2140,2002-04-07 21:30:00,67.5000
08055500,32.965833,-96.944167,2002-04-11 01:15:00,2002-04-14 04:45:00,146.6813,2002-04-13 21:30:00,68.2500
08055500,32.965833,-96.944167,2002-04-17 00:45:00,2002-04-17 10:00:00,125.4436,2002-04-17 02:15:00,1.5000
08055500,32.965833,-96.944167,2002-04-23 02:00:00,2002-04-30 16:45:00,141.8674,2002-04-26 07:30:00,77.5000
08055500,32.965833,-96.944167,2002-05-03 11:15:00,2002-05-04 11:00:00,133.3723,2002-05-03 16:15:00,5.0000
08055500,32.965833,-96.944167,2002-05-05 11:15:00,2002-05-06 01:00:00,137.3367,2002-05-05 16:00:00,4.7500
08055500,32.965833,-96.944167,2002-10-19 00:30:00,2002-10-19 18:00:00,181.7942,2002-10-19 10:30:00,10.0000
08055500,32.965833,-96.944167,2004-01-17 08:00:00,2004-01-17 11:15:00,127.4258,2004-01-17 08:30:00,0.5000
08055500,32.965833,-96.944167,2004-06-17 05:00:00,2004-06-21 06:30:00,171.6001,2004-06-20 00:15:00,67.2500
08055500,32.965833,-96.944167,2004-06-25 18:30:00,2004-06-26 12:15:00,161.1229,2004-06-25 22:15:00,3.7500
08055500,32.965833,-96.944167,2004-07-07 12:00:00,2004-07-09 22:45:00,126.8595,2004-07-08 04:45:00,16.7500
08055500,32.965833,-96.944167,2004-07-29 02:00:00,2004-07-29 22:00:00,180.6615,2004-07-29 07:15:00,5.2500
08055500,32.965833,-96.944167,2004-10-04 17:15:00,2004-10-04 21:30:00,129.4080,2004-10-04 18:45:00,1.5000
08055500,32.965833,-96.944167,2004-11-22 16:30:00,2004-11-23 01:15:00,144.9823,2004-11-22 21:15:00,4.7500
08055500,32.965833,-96.944167,2005-01-03 18:00:00,2005-01-04 01:15:00,134.7882,2005-01-03 21:45:00,3.7500
08055500,32.965833,-96.944167,2005-01-08 15:00:00,2005-01-14 22:00:00,132.8060,2005-01-13 07:30:00,112.5000
08055500,32.965833,-96.944167,2006-03-20 02:00:00,2006-03-20 09:00:00,136.7704,2006-03-20 04:30:00,2.5000
08055500,32.965833,-96.944167,2007-06-03 03:15:00,2007-06-06 10:45:00,145.5486,2007-06-03 17:00:00,13.7500
08055500,32.965833,-96.944167,2007-06-21 04:30:00,2007-06-28 12:30:00,282.3190,2007-06-27 14:45:00,154.2500
08055500,32.965833,-96.944167,2007-09-10 15:00:00,2007-09-11 03:30:00,172.7328,2007-09-10 21:30:00,6.5000
08055500,32.965833,-96.944167,2007-10-15 14:00:00,2007-10-16 01:30:00,182.6437,2007-10-15 19:00:00,5.0000
08055500,32.965833,-96.944167,2008-03-10 08:00:00,2008-03-11 00:00:00,158.2912,2008-03-10 14:00:00,6.0000
08055500,32.965833,-96.944167,2008-03-18 16:45:00,2008-03-19 16:15:00,188.3070,2008-03-19 00:15:00,7.5000
08055500,32.965833,-96.944167,2008-04-09 06:45:00,2008-04-10 01:00:00,174.4318,2008-04-09 13:30:00,6.7500
08055500,32.965833,-96.944167,2008-04-24 05:30:00,2008-04-24 23:15:00,162.8219,2008-04-24 10:45:00,5.2500
08055500,32.965833,-96.944167,2009-10-22 04:45:00,2009-10-22 20:15:00,153.4773,2009-10-22 13:00:00,8.2500
08055500,32.965833,-96.944167,2009-10-29 07:45:00,2009-11-12 03:00:00,174.4318,2009-11-02 14:45:00,104.0000
08055500,32.965833,-96.944167,2009-11-16 02:45:00,2009-11-16 10:30:00,126.2931,2009-11-16 05:30:00,2.7500
08055500,32.965833,-96.944167,2009-11-20 12:00:00,2009-11-21 03:45:00,135.9209,2009-11-20 17:00:00,5.0000
08055500,32.965833,-96.944167,2010-02-03 10:45:00,2010-02-06 03:00:00,139.8852,2010-02-04 21:15:00,34.5000
08055500,32.965833,-96.944167,2010-02-08 13:45:00,2010-02-09 09:15:00,162.8219,2010-02-08 21:00:00,7.2500
08055500,32.965833,-96.944167,2010-02-11 13:15:00,2010-02-15 06:00:00,156.5922,2010-02-14 04:15:00,63.0000
08055500,32.965833,-96.944167,2010-03-13 01:15:00,2010-03-17 17:45:00,142.4337,2010-03-16 18:30:00,88.2500
08055500,32.965833,-96.944167,2010-03-25 02:15:00,2010-04-01 23:15:00,140.4516,2010-03-25 10:00:00,7.7500
08055500,32.965833,-96.944167,2010-09-08 15:00:00,2010-09-09 10:00:00,319.9804,2010-09-08 23:00:00,8.0000
08055500,32.965833,-96.944167,2012-01-25 11:45:00,2012-01-26 05:30:00,207.8457,2012-01-25 18:30:00,6.7500
08055500,32.965833,-96.944167,2012-03-20 09:45:00,2012-03-21 02:15:00,184.9090,2012-03-20 17:00:00,7.2500
08055500,32.965833,-96.944167,2012-03-27 04:00:00,2012-04-04 11:30:00,144.9823,2012-04-04 00:45:00,188.7500
08055500,32.965833,-96.944167,2013-01-09 10:00:00,2013-01-09 23:45:00,133.9387,2013-01-09 20:00:00,10.0000
08055500,32.965833,-96.944167,2013-03-10 11:15:00,2013-03-10 12:15:00,124.0278,2013-03-10 11:45:00,0.5000
08055500,32.965833,-96.944167,2014-08-17 17:15:00,2014-08-17 22:45:00,143.2832,2014-08-17 19:30:00,2.2500
08055500,32.965833,-96.944167,2015-05-06 07:30:00,2015-05-11 06:15:00,189.7229,2015-05-08 08:00:00,48.5000
08055500,32.965833,-96.944167,2015-05-13 23:30:00,2015-05-18 04:15:00,238.4278,2015-05-17 13:15:00,85.7500
08055500,32.965833,-96.944167,2015-05-20 06:30:00,2015-05-25 15:00:00,399.2675,2015-05-24 18:15:00,107.7500
08055500,32.965833,-96.944167,2015-05-27 07:45:00,2015-07-25 13:30:00,756.0598,2015-05-30 19:00:00,83.2500
08055500,32.965833,-96.944167,2015-07-30 04:30:00,2015-08-29 09:30:00,178.1130,2015-08-03 17:00:00,108.5000
08055500,32.965833,-96.944167,2015-10-23 20:00:00,2015-10-24 17:45:00,150.9288,2015-10-24 05:45:00,9.7500
08055500,32.965833,-96.944167,2015-11-06 10:00:00,2015-11-09 23:00:00,126.8595,2015-11-06 20:15:00,10.2500
08055500,32.965833,-96.944167,2015-11-27 06:30:00,2015-11-29 02:00:00,362.4556,2015-11-27 15:00:00,8.5000
08055500,32.965833,-96.944167,2015-12-09 04:15:00,2015-12-14 14:30:00,200.4833,2015-12-13 19:00:00,110.7500
08055500,32.965833,-96.944167,2016-03-08 21:30:00,2016-03-08 23:15:00,124.8773,2016-03-08 22:00:00,0.5000
08055500,32.965833,-96.944167,2016-03-16 00:30:00,2016-04-06 21:30:00,174.7149,2016-03-24 10:45:00,202.2500
08055500,32.965833,-96.944167,2016-04-17 17:00:00,2016-04-18 00:30:00,144.6991,2016-04-17 20:15:00,3.2500
08055500,32.965833,-96.944167,2016-05-04 00:15:00,2016-05-22 04:15:00,163.1050,2016-05-09 20:30:00,140.2500
08055500,32.965833,-96.944167,2016-05-23 20:15:00,2016-06-02 04:45:00,228.8001,2016-06-01 02:45:00,198.5000
08166200,30.053056,-99.163056,1996-10-28 15:35:45,1996-10-28 23:35:27,1540.4365,1996-10-28 18:35:39,2.9983
08166200,30.053056,-99.163056,1997-02-20 17:48:12,1997-02-20 21:48:09,563.5052,1997-02-20 19:48:09,1.9992
08166200,30.053056,-99.163056,1997-06-22 06:00:00,1997-06-22 22:00:00,957.1094,1997-06-22 08:30:00,2.5000
08166200,30.053056,-99.163056,1998-08-23 18:15:00,1998-08-23 23:15:00,444.5745,1998-08-23 19:45:00,1.5000
08166200,30.053056,-99.163056,2000-10-23 16:30:00,2000-10-24 05:30:00,1577.2484,2000-10-23 20:45:00,4.2500
08166200,30.053056,-99.163056,2000-11-04 02:45:00,2000-11-04 08:45:00,467.2280,2000-11-04 03:30:00,0.7500
08166200,30.053056,-99.163056,2001-11-15 11:00:00,2001-11-16 22:45:00,869.3272,2001-11-15 21:15:00,10.2500
08166200,30.053056,-99.163056,2002-07-04 13:45:00,2002-07-05 23:15:00,1016.5748,2002-07-05 17:00:00,27.2500
08166200,30.053056,-99.163056,2004-04-06 11:00:00,2004-04-06 21:00:00,869.3272,2004-04-06 15:15:00,4.2500
08166200,30.053056,-99.163056,2004-06-09 13:15:00,2004-06-10 01:45:00,2058.6347,2004-06-09 15:15:00,2.0000
08166200,30.053056,-99.163056,2007-05-25 07:45:00,2007-05-25 12:30:00,1115.6838,2007-05-25 09:15:00,1.5000
08166200,30.053056,-99.163056,2007-08-17 05:00:00,2007-08-17 07:00:00,278.0714,2007-08-17 05:30:00,0.5000
08166200,30.053056,-99.163056,2010-04-16 05:00:00,2010-04-16 11:15:00,869.3272,2010-04-16 06:15:00,1.2500
08166200,30.053056,-99.163056,2016-05-29 05:45:00,2016-05-29 07:15:00,314.3170,2016-05-29 06:15:00,0.5000
08189700,28.282222,-97.620556,1996-08-26 08:00:00,1996-08-27 18:00:00,21.2660,1996-08-27 11:00:00,27.0000
08189700,28.282222,-97.620556,1997-03-19 05:00:00,1997-03-19 18:00:00,23.3331,1997-03-19 10:00:00,5.0000
08189700,28.282222,-97.620556,1997-04-04 05:00:00,1997-04-05 19:00:00,137.3367,1997-04-04 23:00:00,18.0000
08189700,28.282222,-97.620556,1997-05-16 15:00:00,1997-05-16 23:00:00,9.6560,1997-05-16 20:00:00,5.0000
08189700,28.282222,-97.620556,1997-10-10 16:00:00,1997-10-15 02:00:00,133.6555,1997-10-11 05:00:00,13.0000
08189700,28.282222,-97.620556,1998-02-17 04:45:00,1998-02-17 08:15:00,8.9481,1998-02-17 06:00:00,1.2500
08189700,28.282222,-97.620556,1998-08-22 13:00:00,1998-08-23 10:00:00,38.7941,1998-08-22 17:15:00,4.2500
08189700,28.282222,-97.620556,1998-09-12 05:45:00,1998-09-12 23:30:00,20.6147,1998-09-12 10:45:00,5.0000
08189700,28.282222,-97.620556,1998-09-17 02:00:00,1998-09-17 09:45:00,10.4489,1998-09-17 05:15:00,3.2500
08189700,28.282222,-97.620556,1998-10-07 05:15:00,1998-10-07 09:00:00,8.6366,1998-10-07 06:45:00,1.5000
08189700,28.282222,-97.620556,1998-10-18 15:00:00,1998-10-21 03:00:00,123.1783,1998-10-19 06:00:00,15.0000
08189700,28.282222,-97.620556,1998-11-14 11:45:00,1998-11-16 02:15:00,99.3921,1998-11-15 00:30:00,12.7500
08189700,28.282222,-97.620556,1999-03-28 18:45:00,1999-03-29 03:00:00,10.7321,1999-03-28 22:00:00,3.2500
08189700,28.282222,-97.620556,1999-04-26 20:15:00,1999-04-28 07:15:00,80.9862,1999-04-27 07:45:00,11.5000
08189700,28.282222,-97.620556,1999-08-24 02:45:00,1999-08-25 19:30:00,44.4574,1999-08-25 02:15:00,23.5000
08189700,28.282222,-97.620556,2000-03-14 21:15:00,2000-03-15 22:15:00,54.9347,2000-03-15 04:15:00,7.0000
08189700,28.282222,-97.620556,2000-03-18 22:15:00,2000-03-19 17:45:00,30.8654,2000-03-19 02:45:00,4.5000
08189700,28.282222,-97.620556,2000-11-06 17:15:00,2000-11-07 04:00:00,13.1957,2000-11-06 21:00:00,3.7500
08189700,28.282222,-97.620556,2000-12-27 01:45:00,2000-12-27 16:15:00,18.8024,2000-12-27 06:00:00,4.2500
08189700,28.282222,-97.620556,2001-03-29 07:45:00,2001-03-29 22:00:00,20.8412,2001-03-29 12:15:00,4.5000
08189700,28.282222,-97.620556,2001-08-30 04:15:00,2001-08-30 04:45:00,15.1212,2001-08-30 04:45:00,0.5000
08189700,28.282222,-97.620556,2001-09-23 16:15:00,2001-09-24 02:30:00,14.6964,2001-09-23 20:00:00,3.7500
08189700,28.282222,-97.620556,2001-11-16 06:30:00,2001-11-18 10:45:00,62.8634,2001-11-16 15:00:00,8.5000
08189700,28.282222,-97.620556,2001-12-03 01:15:00,2001-12-04 01:00:00,15.9990,2001-12-03 09:30:00,8.2500
08189700,28.282222,-97.620556,2002-07-01 23:45:00,2002-07-02 12:15:00,16.4238,2002-07-02 03:45:00,4.0000
08189700,28.282222,-97.620556,2002-07-05 04:00:00,2002-07-07 00:00:00,63.9961,2002-07-06 03:30:00,23.5000
08189700,28.282222,-97.620556,2002-07-09 09:30:00,2002-07-09 20:30:00,11.8081,2002-07-09 13:45:00,4.2500
08189700,28.282222,-97.620556,2002-07-15 18:45:00,2002-07-18 07:30:00,91.1802,2002-07-16 05:30:00,10.7500
08189700,28.282222,-97.620556,2002-09-10 08:00:00,2002-09-10 19:00:00,10.4772,2002-09-10 11:15:00,3.2500
08189700,28.282222,-97.620556,2002-09-15 21:00:00,2002-09-17 11:45:00,94.2951,2002-09-16 08:15:00,11.2500
08189700,28.282222,-97.620556,2002-09-20 15:15:00,2002-09-21 01:30:00,13.8186,2002-09-20 18:30:00,3.2500
08189700,28.282222,-97.620556,2002-10-23 20:15:00,2002-10-26 13:45:00,99.3921,2002-10-25 12:15:00,40.0000
08189700,28.282222,-97.620556,2002-11-04 22:45:00,2002-11-06 08:15:00,20.3315,2002-11-05 11:45:00,13.0000
08189700,28.282222,-97.620556,2002-11-26 23:00:00,2002-11-27 19:30:00,25.0604,2002-11-27 03:45:00,4.7500
08189700,28.282222,-97.620556,2002-12-09 18:45:00,2002-12-10 11:15:00,12.2895,2002-12-10 00:45:00,6.0000
08189700,28.282222,-97.620556,2002-12-12 17:30:00,2002-12-13 16:45:00,16.3955,2002-12-13 00:15:00,6.7500
08189700,28.282222,-97.620556,2003-07-16 06:15:00,2003-07-17 22:15:00,27.4673,2003-07-16 19:30:00,13.2500
08189700,28.282222,-97.620556,2003-09-12 16:30:00,2003-09-13 21:45:00,34.8297,2003-09-13 06:30:00,14.0000
08189700,28.282222,-97.620556,2003-09-18 19:45:00,2003-09-22 11:15:00,51.5367,2003-09-19 09:15:00,13.5000
08189700,28.282222,-97.620556,2004-04-03 02:15:00,2004-04-08 04:30:00,297.3269,2004-04-05 18:30:00,63.2500
08189700,28.282222,-97.620556,2004-04-12 00:00:00,2004-04-12 12:30:00,11.0153,2004-04-12 02:45:00,2.7500
08189700,28.282222,-97.620556,2004-04-24 13:00:00,2004-04-26 22:45:00,53.5188,2004-04-25 13:30:00,24.5000
08189700,28.282222,-97.620556,2004-05-01 20:00:00,2004-05-02 22:30:00,14.8097,2004-05-02 08:45:00,12.7500
08189700,28.282222,-97.620556,2004-05-08 22:00:00,2004-05-10 04:45:00,36.5287,2004-05-09 10:30:00,12.5000
08189700,28.282222,-97.620556,2004-05-11 23:15:00,2004-05-16 06:15:00,1118.5154,2004-05-14 14:30:00,63.2500
08189700,28.282222,-97.620556,2004-06-26 11:45:00,2004-06-27 01:45:00,11.0436,2004-06-26 17:15:00,5.5000
08189700,28.282222,-97.620556,2004-11-17 23:30:00,2004-11-18 09:30:00,9.8543,2004-11-18 03:30:00,4.0000
08189700,28.282222,-97.620556,2005-01-28 16:15:00,2005-01-29 11:45:00,16.2822,2005-01-28 21:30:00,5.2500
08189700,28.282222,-97.620556,2005-02-27 15:00:00,2005-02-27 23:00:00,8.9764,2005-02-27 18:30:00,3.5000
08189700,28.282222,-97.620556,2005-03-03 09:45:00,2005-03-04 05:00:00,21.5774,2005-03-03 15:00:00,5.2500
08189700,28.282222,-97.620556,2005-03-06 15:30:00,2005-03-08 11:45:00,263.9130,2005-03-07 05:15:00,13.7500
08189700,28.282222,-97.620556,2005-07-15 19:15:00,2005-07-17 19:30:00,19.7085,2005-07-17 08:30:00,37.2500
08189700,28.282222,-97.620556,2006-05-29 00:15:00,2006-05-29 12:15:00,23.2481,2006-05-29 04:45:00,4.5000
08189700,28.282222,-97.620556,2006-06-01 22:15:00,2006-06-02 10:45:00,17.1034,2006-06-02 02:45:00,4.5000
08189700,28.282222,-97.620556,2006-09-18 10:30:00,2006-09-19 17:45:00,105.0555,2006-09-18 20:45:00,10.2500
08189700,28.282222,-97.620556,2007-01-05 03:15:00,2007-01-05 05:00:00,8.5234,2007-01-05 04:30:00,1.2500
08189700,28.282222,-97.620556,2007-01-25 02:15:00,2007-01-26 03:15:00,24.5790,2007-01-25 10:45:00,8.5000
08189700,28.282222,-97.620556,2007-01-27 14:00:00,2007-01-28 21:15:00,52.1030,2007-01-28 02:30:00,12.5000
08189700,28.282222,-97.620556,2007-03-12 19:30:00,2007-03-13 07:00:00,17.9529,2007-03-12 22:45:00,3.2500
08189700,28.282222,-97.620556,2007-03-14 07:15:00,2007-03-15 16:30:00,58.0495,2007-03-14 21:30:00,14.2500
08189700,28.282222,-97.620556,2007-03-27 14:45:00,2007-03-28 06:30:00,26.7594,2007-03-27 19:30:00,4.7500
08189700,28.282222,-97.620556,2007-06-29 09:00:00,2007-06-30 04:00:00,12.1762,2007-06-29 12:30:00,3.5000
08189700,28.282222,-97.620556,2007-07-02 03:00:00,2007-07-09 00:00:00,348.2972,2007-07-05 09:15:00,78.2500
08189700,28.282222,-97.620556,2007-07-24 09:00:00,2007-07-27 21:30:00,49.8377,2007-07-24 23:45:00,14.7500
08189700,28.282222,-97.620556,2008-08-19 22:45:00,2008-08-21 01:45:00,40.7763,2008-08-20 10:00:00,11.2500
08189700,28.282222,-97.620556,2008-08-23 10:30:00,2008-08-23 16:00:00,9.9675,2008-08-23 12:30:00,2.0000
08189700,28.282222,-97.620556,2008-09-14 08:15:00,2008-09-15 02:00:00,31.4317,2008-09-14 11:30:00,3.2500
08189700,28.282222,-97.620556,2009-09-12 04:45:00,2009-09-12 16:00:00,15.5176,2009-09-12 07:45:00,3.0000
08189700,28.282222,-97.620556,2009-10-04 13:45:00,2009-10-05 08:00:00,45.3070,2009-10-04 19:15:00,5.5000
08189700,28.282222,-97.620556,2009-10-27 07:15:00,2009-10-27 10:00:00,8.7216,2009-10-27 08:30:00,1.2500
08189700,28.282222,-97.620556,2009-11-20 13:45:00,2009-11-22 08:15:00,33.9802,2009-11-21 11:45:00,22.0000
08189700,28.282222,-97.620556,2009-12-02 09:00:00,2009-12-02 23:15:00,13.2240,2009-12-02 13:15:00,4.2500
08189700,28.282222,-97.620556,2010-01-15 18:00:00,2010-01-17 07:00:00,73.0575,2010-01-16 09:45:00,15.7500
08189700,28.282222,-97.620556,2010-02-04 01:15:00,2010-02-05 14:15:00,114.6832,2010-02-04 13:00:00,11.7500
08189700,28.282222,-97.620556,2010-02-12 09:00:00,2010-02-13 00:15:00,12.9974,2010-02-12 15:45:00,6.7500
08189700,28.282222,-97.620556,2010-04-16 20:45:00,2010-04-18 18:00:00,88.3486,2010-04-17 05:00:00,8.2500
08189700,28.282222,-97.620556,2010-07-02 03:30:00,2010-07-04 11:30:00,69.0931,2010-07-03 12:45:00,33.2500
08189700,28.282222,-97.620556,2010-09-03 23:15:00,2010-09-04 12:15:00,16.2822,2010-09-04 04:00:00,4.7500
08189700,28.282222,-97.620556,2010-09-07 18:45:00,2010-09-09 23:00:00,19.5103,2010-09-08 02:30:00,7.7500
08189700,28.282222,-97.620556,2010-09-19 20:15:00,2010-09-21 19:30:00,131.9565,2010-09-20 11:15:00,15.0000
08189700,28.282222,-97.620556,2010-09-23 04:00:00,2010-09-24 04:30:00,16.2822,2010-09-23 16:00:00,12.0000
08189700,28.282222,-97.620556,2011-01-16 11:45:00,2011-01-17 07:15:00,12.2895,2011-01-16 23:15:00,11.5000
08189700,28.282222,-97.620556,2012-09-30 04:45:00,2012-09-30 19:45:00,14.3000,2012-09-30 09:45:00,5.0000
08189700,28.282222,-97.620556,2013-02-06 18:00:00,2013-02-07 17:45:00,34.8297,2013-02-07 04:15:00,10.2500
08189700,28.282222,-97.620556,2013-04-30 10:00:00,2013-04-30 21:00:00,16.1972,2013-04-30 14:00:00,4.0000
08189700,28.282222,-97.620556,2013-05-26 07:45:00,2013-05-26 14:45:00,9.6844,2013-05-26 11:00:00,3.2500
08189700,28.282222,-97.620556,2013-09-21 08:15:00,2013-09-22 10:00:00,35.9624,2013-09-21 18:15:00,10.0000
08189700,28.282222,-97.620556,2015-03-10 02:45:00,2015-03-10 16:45:00,13.1673,2015-03-10 07:45:00,5.0000
08189700,28.282222,-97.620556,2015-03-18 10:15:00,2015-03-19 21:00:00,51.2535,2015-03-18 23:45:00,13.5000
08189700,28.282222,-97.620556,2015-03-21 18:30:00,2015-03-23 00:45:00,27.0426,2015-03-22 06:00:00,11.5000
08189700,28.282222,-97.620556,2015-04-13 20:45:00,2015-04-15 18:00:00,24.0693,2015-04-15 05:30:00,32.7500
08189700,28.282222,-97.620556,2015-04-18 13:00:00,2015-04-20 08:00:00,44.4574,2015-04-19 08:15:00,19.2500
08189700,28.282222,-97.620556,2015-05-12 11:45:00,2015-05-18 00:30:00,268.1605,2015-05-16 14:15:00,98.5000
08189700,28.282222,-97.620556,2015-05-31 12:45:00,2015-06-01 06:45:00,23.6729,2015-05-31 18:45:00,6.0000
08189700,28.282222,-97.620556,2015-06-17 22:00:00,2015-06-19 03:15:00,34.2634,2015-06-18 02:30:00,4.5000
08189700,28.282222,-97.620556,2015-11-07 23:45:00,2015-11-08 22:15:00,35.9624,2015-11-08 07:15:00,7.5000
08189700,28.282222,-97.620556,2016-05-20 03:00:00,2016-05-20 21:30:00,32.8475,2016-05-20 08:15:00,5.2500
08190000,29.428333,-99.996944,1991-12-20 21:00:00,1991-12-22 04:00:00,319.9804,1991-12-20 23:30:00,2.5000
08190000,29.428333,-99.996944,1992-03-04 10:30:00,1992-03-04 13:30:00,140.7347,1992-03-04 12:00:00,1.5000
08190000,29.428333,-99.996944,1994-05-14 05:30:00,1994-05-14 11:00:00,261.6477,1994-05-14 07:00:00,1.5000
08190000,29.428333,-99.996944,1995-09-22 06:00:00,1995-09-22 07:30:00,143.8496,1995-09-22 06:30:00,0.5000
08190000,29.428333,-99.996944,1996-09-15 17:30:00,1996-09-16 01:30:00,402.0992,1996-09-15 19:30:00,2.0000
08190000,29.428333,-99.996944,1996-10-28 14:30:00,1996-10-29 17:00:00,4020.9922,1996-10-28 20:00:00,5.5000
08190000,29.428333,-99.996944,1997-06-16 23:00:00,1997-06-17 07:00:00,447.4062,1997-06-17 00:00:00,1.0000
08190000,29.428333,-99.996944,1997-06-22 13:30:00,1997-06-23 22:00:00,3936.0417,1997-06-22 18:00:00,4.5000
08190000,29.428333,-99.996944,1998-08-23 09:30:00,1998-08-25 23:00:00,2321.9814,1998-08-23 21:15:00,11.7500
08190000,29.428333,-99.996944,1998-10-18 08:00:00,1998-10-18 11:30:00,501.2082,1998-10-18 09:00:00,1.0000
08190000,29.428333,-99.996944,1999-06-21 16:15:00,1999-06-21 17:00:00,201.8991,1999-06-21 16:30:00,0.2500
08190000,29.428333,-99.996944,2000-10-24 04:45:00,2000-10-24 21:30:00,795.7034,2000-10-24 06:30:00,1.7500
08190000,29.428333,-99.996944,2000-11-04 04:15:00,2000-11-05 00:45:00,668.2776,2000-11-04 06:30:00,2.2500
08190000,29.428333,-99.996944,2001-11-14 19:45:00,2001-11-17 12:00:00,1970.8525,2001-11-15 21:15:00,25.5000
08190000,29.428333,-99.996944,2002-07-02 09:45:00,2002-07-03 00:15:00,373.7824,2002-07-02 17:00:00,7.2500
08190000,29.428333,-99.996944,2003-10-12 06:30:00,2003-10-12 19:15:00,336.9705,2003-10-12 08:15:00,1.7500
08190000,29.428333,-99.996944,2004-04-06 11:45:00,2004-04-07 10:00:00,651.2875,2004-04-06 20:00:00,8.2500
08190000,29.428333,-99.996944,2004-05-11 23:15:00,2004-05-12 01:15:00,156.0258,2004-05-11 23:45:00,0.5000
08190000,29.428333,-99.996944,2004-06-29 14:45:00,2004-06-30 12:30:00,1563.0899,2004-06-29 18:00:00,3.2500
08190000,29.428333,-99.996944,2004-11-17 00:15:00,2004-11-18 02:45:00,1013.7431,2004-11-17 08:00:00,7.7500
08190000,29.428333,-99.996944,2007-03-27 00:30:00,2007-03-27 08:45:00,385.1091,2007-03-27 02:30:00,2.0000
08190000,29.428333,-99.996944,2007-07-21 13:00:00,2007-07-21 19:15:00,750.3964,2007-07-21 13:30:00,0.5000
08190000,29.428333,-99.996944,2007-07-29 05:30:00,2007-07-29 06:30:00,144.6991,2007-07-29 06:00:00,0.5000
08190000,29.428333,-99.996944,2012-05-10 20:45:00,2012-05-10 21:00:00,150.0793,2012-05-10 21:00:00,0.2500
08190000,29.428333,-99.996944,2013-10-13 11:30:00,2013-10-13 12:30:00,169.9011,2013-10-13 11:45:00,0.2500
08190000,29.428333,-99.996944,2015-05-23 18:30:00,2015-05-25 07:15:00,464.3963,2015-05-24 08:30:00,14.0000
08190000,29.428333,-99.996944,2016-05-29 13:30:00,2016-05-29 15:45:00,162.8219,2016-05-29 14:15:00,0.7500
08195000,29.488333,-99.704444,1991-10-30 01:30:00,1991-10-30 06:30:00,444.5745,1991-10-30 02:00:00,0.5000
08195000,29.488333,-99.704444,1991-12-20 17:30:00,1991-12-22 06:00:00,317.1487,1991-12-21 19:00:00,25.5000
08195000,29.488333,-99.704444,1992-03-04 13:00:00,1992-03-04 23:00:00,164.2377,1992-03-04 14:30:00,1.5000
08195000,29.488333,-99.704444,1992-06-09 15:00:00,1992-06-09 22:00:00,305.8219,1992-06-09 16:00:00,1.0000
08195000,29.488333,-99.704444,1994-05-14 03:30:00,1994-05-14 09:30:00,421.9210,1994-05-14 04:30:00,1.0000
08195000,29.488333,-99.704444,1995-09-21 20:00:00,1995-09-22 06:30:00,597.4855,1995-09-21 21:30:00,1.5000
08195000,29.488333,-99.704444,1996-09-15 17:30:00,1996-09-15 19:00:00,131.3902,1996-09-15 18:00:00,0.5000
08195000,29.488333,-99.704444,1996-10-28 15:45:00,1996-10-29 08:30:00,1345.0502,1996-10-28 20:15:00,4.5000
08195000,29.488333,-99.704444,1997-06-16 22:30:00,1997-06-17 01:00:00,136.2040,1997-06-16 23:15:00,0.7500
08195000,29.488333,-99.704444,1997-06-22 10:00:00,1997-06-23 10:45:00,1591.4068,1997-06-22 11:30:00,1.5000
08195000,29.488333,-99.704444,1998-01-31 15:15:00,1998-01-31 17:45:00,192.5546,1998-01-31 16:00:00,0.7500
08195000,29.488333,-99.704444,2000-10-23 22:45:00,2000-10-24 09:15:00,1005.2481,2000-10-24 00:00:00,1.2500
08195000,29.488333,-99.704444,2001-11-15 18:00:00,2001-11-17 03:15:00,1042.0600,2001-11-15 23:15:00,5.2500
08195000,29.488333,-99.704444,2002-07-05 15:30:00,2002-07-06 02:30:00,1192.1392,2002-07-05 17:00:00,1.5000
08195000,29.488333,-99.704444,2004-04-06 15:30:00,2004-04-07 03:15:00,999.5847,2004-04-06 16:30:00,1.0000
08195000,29.488333,-99.704444,2004-06-29 12:00:00,2004-06-30 05:30:00,699.4261,2004-06-29 12:30:00,0.5000
08195000,29.488333,-99.704444,2006-07-02 15:15:00,2006-07-02 17:30:00,207.5625,2006-07-02 16:00:00,0.7500
08195000,29.488333,-99.704444,2007-05-25 19:15:00,2007-05-26 03:45:00,280.3368,2007-05-25 22:30:00,3.2500
08195000,29.488333,-99.704444,2007-06-26 15:30:00,2007-06-26 21:45:00,1030.7332,2007-06-26 16:15:00,0.7500
08195000,29.488333,-99.704444,2007-07-08 21:15:00,2007-07-08 23:15:00,129.4080,2007-07-08 22:00:00,0.7500
08195000,29.488333,-99.704444,2012-05-11 01:00:00,2012-05-11 07:30:00,157.7248,2012-05-11 02:30:00,1.5000
08195000,29.488333,-99.704444,2014-05-26 16:30:00,2014-05-26 20:00:00,228.2338,2014-05-26 18:00:00,1.5000
08195000,29.488333,-99.704444,2015-05-23 23:45:00,2015-05-25 00:00:00,583.3270,2015-05-24 10:15:00,10.5000
08195000,29.488333,-99.704444,2016-05-29 11:30:00,2016-05-29 11:45:00,101.3743,2016-05-29 11:45:00,0.2500
08196000,29.504444,-99.781111,1991-12-20 15:00:00,1991-12-21 16:30:00,93.7288,1991-12-21 15:45:00,24.7500
08196000,29.504444,-99.781111,1992-03-04 11:00:00,1992-03-04 14:30:00,107.0377,1992-03-04 11:30:00,0.5000
08196000,29.504444,-99.781111,1992-06-09 17:00:00,1992-06-09 19:15:00,166.2199,1992-06-09 17:45:00,0.7500
08196000,29.504444,-99.781111,1995-09-21 20:30:00,1995-09-22 05:30:00,512.5349,1995-09-21 21:30:00,1.0000
08196000,29.504444,-99.781111,1997-04-02 22:45:00,1997-04-03 02:45:00,139.6021,1997-04-02 23:15:00,0.5000
08196000,29.504444,-99.781111,1998-01-31 13:30:00,1998-01-31 14:45:00,106.1882,1998-01-31 13:45:00,0.2500
08196000,29.504444,-99.781111,1998-08-23 08:15:00,1998-08-23 16:45:00,722.0796,1998-08-23 12:00:00,3.7500
08196000,29.504444,-99.781111,1998-10-18 07:30:00,1998-10-18 11:30:00,353.9606,1998-10-18 08:45:00,1.2500
08196000,29.504444,-99.781111,1999-06-21 17:30:00,1999-06-21 19:15:00,107.8872,1999-06-21 17:45:00,0.2500
08196000,29.504444,-99.781111,2001-11-15 17:30:00,2001-11-15 23:15:00,236.1625,2001-11-15 18:30:00,1.0000
08196000,29.504444,-99.781111,2004-06-29 09:45:00,2004-06-29 16:45:00,362.4556,2004-06-29 11:00:00,1.2500
08196000,29.504444,-99.781111,2007-07-21 12:30:00,2007-07-21 19:15:00,339.8022,2007-07-21 13:45:00,1.2500
08196000,29.504444,-99.781111,2012-05-10 21:45:00,2012-05-11 01:00:00,149.7961,2012-05-10 23:15:00,1.5000
08196000,29.504444,-99.781111,2014-05-26 18:15:00,2014-05-26 18:30:00,76.7387,2014-05-26 18:30:00,0.2500
08196000,29.504444,-99.781111,2015-05-15 06:45:00,2015-05-15 08:30:00,101.6575,2015-05-15 07:15:00,0.5000
08196000,29.504444,-99.781111,2015-05-23 15:30:00,2015-05-24 14:30:00,300.1586,2015-05-24 08:45:00,17.2500
08196000,29.504444,-99.781111,2016-05-29 12:00:00,2016-05-29 13:45:00,117.2317,2016-05-29 12:15:00,0.2500
08124000,31.885278,-100.480278,2000-10-24 09:00:00,2000-10-24 11:45:00,76.4555,2000-10-24 10:00:00,1.0000
08152000,30.557500,-98.471944,1991-06-12 08:30:00,1991-06-12 17:30:00,182.0773,1991-06-12 09:00:00,0.5000
08152000,30.557500,-98.471944,1991-06-17 06:00:00,1991-06-17 09:00:00,60.0317,1991-06-17 07:00:00,1.0000
08152000,30.557500,-98.471944,1991-10-27 17:00:00,1991-10-28 00:00:00,158.5743,1991-10-27 18:30:00,1.5000
08152000,30.557500,-98.471944,1991-10-30 05:00:00,1991-10-30 07:00:00,57.4832,1991-10-30 05:30:00,0.5000
08152000,30.557500,-98.471944,1991-12-20 08:00:00,1991-12-23 05:30:00,1118.5154,1991-12-20 15:00:00,7.0000
08152000,30.557500,-98.471944,1992-01-27 02:30:00,1992-01-27 14:00:00,63.7129,1992-01-27 06:30:00,4.0000
08152000,30.557500,-98.471944,1992-02-04 01:30:00,1992-02-06 10:30:00,430.4161,1992-02-04 22:30:00,21.0000
08152000,30.557500,-98.471944,1992-02-24 21:30:00,1992-02-25 20:30:00,104.2060,1992-02-25 00:30:00,3.0000
08152000,30.557500,-98.471944,1992-03-04 12:00:00,1992-03-05 04:00:00,112.9842,1992-03-04 18:00:00,6.0000
08152000,30.557500,-98.471944,1992-05-18 10:30:00,1992-05-18 23:30:00,65.6951,1992-05-18 11:30:00,1.0000
08152000,30.557500,-98.471944,1992-05-28 02:00:00,1992-05-28 04:30:00,56.9169,1992-05-28 03:30:00,1.5000
08152000,30.557500,-98.471944,1992-06-12 19:00:00,1992-06-12 21:00:00,49.8377,1992-06-12 20:30:00,1.5000
08152000,30.557500,-98.471944,1992-06-29 03:00:00,1992-06-29 13:00:00,79.0040,1992-06-29 09:00:00,6.0000
08152000,30.557500,-98.471944,1992-11-19 19:30:00,1992-11-19 23:00:00,57.4832,1992-11-19 20:30:00,1.0000
08152000,30.557500,-98.471944,1998-03-16 09:49:30,1998-03-17 04:04:30,269.8595,1998-03-16 16:02:39,6.2192
08152000,30.557500,-98.471944,1998-10-18 07:31:27,1998-10-18 20:02:48,192.8377,1998-10-18 09:03:33,1.5350
08152000,30.557500,-98.471944,1998-11-01 13:03:30,1998-11-01 17:03:27,71.0753,1998-11-01 14:04:03,1.0092
08152000,30.557500,-98.471944,1999-03-18 22:15:00,1999-03-19 13:00:00,317.1487,1999-03-18 23:30:00,1.2500
08152000,30.557500,-98.471944,1999-05-11 00:45:00,1999-05-11 02:45:00,59.7485,1999-05-11 01:15:00,0.5000
08152000,30.557500,-98.471944,1999-05-18 03:45:00,1999-05-18 07:15:00,141.5842,1999-05-18 05:30:00,1.7500
08152000,30.557500,-98.471944,1999-05-28 22:30:00,1999-05-30 02:15:00,144.9823,1999-05-28 23:30:00,1.0000
08152000,30.557500,-98.471944,2000-11-04 07:45:00,2000-11-04 16:30:00,104.4892,2000-11-04 08:45:00,1.0000
08152000,30.557500,-98.471944,2000-11-06 05:15:00,2000-11-06 22:30:00,272.4081,2000-11-06 08:00:00,2.7500
08152000,30.557500,-98.471944,2001-01-29 13:00:00,2001-01-29 21:45:00,53.8020,2001-01-29 19:30:00,6.5000
08152000,30.557500,-98.471944,2001-03-27 19:30:00,2001-03-28 13:15:00,149.5130,2001-03-28 01:30:00,6.0000
08152000,30.557500,-98.471944,2001-11-15 19:00:00,2001-11-16 10:15:00,200.7664,2001-11-16 00:15:00,5.2500
08152000,30.557500,-98.471944,2002-07-03 16:15:00,2002-07-06 13:00:00,781.5450,2002-07-04 15:15:00,23.0000
08152000,30.557500,-98.471944,2002-07-08 01:30:00,2002-07-08 11:15:00,75.6060,2002-07-08 02:00:00,0.5000
08152000,30.557500,-98.471944,2002-09-08 19:30:00,2002-09-08 22:45:00,91.1802,2002-09-08 20:15:00,0.7500
08152000,30.557500,-98.471944,2003-02-21 14:30:00,2003-02-21 19:30:00,95.7109,2003-02-21 16:30:00,2.0000
08152000,30.557500,-98.471944,2003-08-31 03:45:00,2003-08-31 04:30:00,66.2614,2003-08-31 04:00:00,0.2500
08152000,30.557500,-98.471944,2004-04-06 12:00:00,2004-04-07 04:15:00,308.6536,2004-04-06 14:15:00,2.2500
08152000,30.557500,-98.471944,2004-06-09 10:00:00,2004-06-10 02:30:00,444.5745,2004-06-09 11:00:00,1.0000
08152000,30.557500,-98.471944,2004-06-28 06:45:00,2004-06-28 11:15:00,88.3486,2004-06-28 07:45:00,1.0000
08152000,30.557500,-98.471944,2004-11-17 07:00:00,2004-11-18 01:00:00,351.1289,2004-11-17 13:00:00,6.0000
08152000,30.557500,-98.471944,2005-05-10 10:15:00,2005-05-10 12:15:00,52.3862,2005-05-10 11:00:00,0.7500
08152000,30.557500,-98.471944,2006-04-29 08:30:00,2006-04-29 17:30:00,66.2614,2006-04-29 14:00:00,5.5000
08152000,30.557500,-98.471944,2006-05-06 15:15:00,2006-05-07 02:45:00,173.2991,2006-05-06 16:45:00,1.5000
08152000,30.557500,-98.471944,2006-10-10 16:45:00,2006-10-10 21:45:00,175.5644,2006-10-10 18:00:00,1.2500
08152000,30.557500,-98.471944,2007-03-12 05:45:00,2007-03-12 21:00:00,404.9309,2007-03-12 08:00:00,2.2500
08152000,30.557500,-98.471944,2007-03-26 19:30:00,2007-03-27 13:15:00,308.6536,2007-03-26 23:45:00,4.2500
08152000,30.557500,-98.471944,2007-03-30 19:00:00,2007-03-31 15:45:00,447.4062,2007-03-30 20:00:00,1.0000
08152000,30.557500,-98.471944,2007-05-25 05:45:00,2007-05-26 18:00:00,416.2576,2007-05-25 09:30:00,3.7500
08152000,30.557500,-98.471944,2007-05-28 00:45:00,2007-05-28 18:15:00,257.4001,2007-05-28 03:30:00,2.7500
08152000,30.557500,-98.471944,2007-06-04 02:00:00,2007-06-04 20:00:00,308.6536,2007-06-04 03:45:00,1.7500
08152000,30.557500,-98.471944,2007-06-16 12:00:00,2007-06-17 01:00:00,122.3288,2007-06-16 15:45:00,3.7500
08152000,30.557500,-98.471944,2007-06-27 07:15:00,2007-06-29 11:00:00,798.5351,2007-06-27 18:15:00,11.0000
08152000,30.557500,-98.471944,2007-07-03 20:45:00,2007-07-05 09:30:00,279.2041,2007-07-03 22:45:00,2.0000
08152000,30.557500,-98.471944,2007-07-27 03:00:00,2007-07-27 03:30:00,47.0060,2007-07-27 03:30:00,0.5000
08152000,30.557500,-98.471944,2007-08-17 11:15:00,2007-08-18 06:45:00,433.2478,2007-08-17 16:00:00,4.7500
08152000,30.557500,-98.471944,2009-10-22 03:20:00,2009-10-23 07:10:00,993.9213,2009-10-22 07:00:00,3.6667
08152000,30.557500,-98.471944,2009-10-26 15:50:00,2009-10-27 09:50:00,146.9644,2009-10-27 00:50:00,9.0000
08152000,30.557500,-98.471944,2009-11-20 21:15:00,2009-11-21 06:05:00,69.6594,2009-11-20 22:40:00,1.4167
08152000,30.557500,-98.471944,2010-01-29 12:50:00,2010-01-30 05:35:00,131.6733,2010-01-29 16:00:00,3.1667
08152000,30.557500,-98.471944,2010-02-04 00:40:00,2010-02-05 18:55:00,154.0436,2010-02-04 06:25:00,5.7500
08152000,30.557500,-98.471944,2010-09-08 16:00:00,2010-09-08 23:15:00,258.5328,2010-09-08 17:05:00,1.0833
08152000,30.557500,-98.471944,2012-03-20 07:25:00,2012-03-21 01:40:00,345.4655,2012-03-20 12:20:00,4.9167
08152000,30.557500,-98.471944,2012-05-11 01:15:00,2012-05-11 07:40:00,120.3466,2012-05-11 04:05:00,2.8333
08152000,30.557500,-98.471944,2014-11-22 21:50:00,2014-11-23 01:15:00,71.9248,2014-11-22 22:10:00,0.3333
08152000,30.557500,-98.471944,2015-05-21 06:25:00,2015-05-21 19:00:00,162.5387,2015-05-21 08:05:00,1.6667
08152000,30.557500,-98.471944,2015-05-24 04:15:00,2015-05-24 16:25:00,50.6872,2015-05-24 04:25:00,0.1667
08152000,30.557500,-98.471944,2015-05-25 19:40:00,2015-05-26 15:35:00,288.8318,2015-05-25 22:25:00,2.7500
08152000,30.557500,-98.471944,2015-05-29 07:55:00,2015-05-30 04:40:00,251.4536,2015-05-29 12:55:00,5.0000
08152000,30.557500,-98.471944,2015-10-31 14:10:00,2015-10-31 16:05:00,53.8020,2015-10-31 14:45:00,0.5833
08152000,30.557500,-98.471944,2016-03-11 13:00:00,2016-03-12 14:55:00,70.5089,2016-03-12 05:40:00,16.6667
08152000,30.557500,-98.471944,2016-05-31 21:05:00,2016-06-01 15:40:00,464.3963,2016-05-31 22:45:00,1.6667
08167800,29.858889,-98.179722,1991-12-28 16:00:00,1992-01-04 05:00:00,161.6892,1991-12-29 03:00:00,11.0000
08167800,29.858889,-98.179722,1992-01-06 06:00:00,1992-01-13 23:00:00,150.6456,1992-01-06 18:00:00,12.0000
08167800,29.858889,-98.179722,1992-02-15 18:00:00,1992-02-19 05:43:00,155.4595,1992-02-15 19:00:00,1.0000
08167800,29.858889,-98.179722,1992-02-20 06:00:00,1992-02-22 19:16:00,152.6278,1992-02-22 17:00:00,59.0000
08167800,29.858889,-98.179722,1992-03-10 21:00:00,1992-03-14 05:00:00,156.5922,1992-03-11 00:00:00,3.0000
08167800,29.858889,-98.179722,1992-03-15 06:00:00,1992-03-17 05:00:00,154.6100,1992-03-15 19:00:00,13.0000
08167800,29.858889,-98.179722,1992-03-19 06:00:00,1992-03-27 22:00:00,152.6278,1992-03-19 18:00:00,12.0000
08167800,29.858889,-98.179722,1992-03-31 22:00:00,1992-04-05 19:13:00,153.4773,1992-03-31 23:00:00,1.0000
08167800,29.858889,-98.179722,1992-04-10 17:00:00,1992-04-17 04:00:00,154.6100,1992-04-10 19:00:00,2.0000
08167800,29.858889,-98.179722,1997-04-15 14:45:00,1997-04-16 19:30:00,152.6278,1997-04-15 21:45:00,7.0000
08167800,29.858889,-98.179722,1997-06-16 20:45:00,1997-06-16 22:00:00,148.6634,1997-06-16 22:00:00,1.2500
08167800,29.858889,-98.179722,1997-06-27 19:15:00,1997-07-25 14:30:00,160.5565,1997-06-27 20:30:00,1.2500
08167800,29.858889,-98.179722,1997-08-01 20:30:00,1997-08-03 15:15:00,148.6634,1997-08-01 22:30:00,2.0000
08167800,29.858889,-98.179722,1998-10-17 19:30:00,1998-10-17 20:45:00,291.6635,1998-10-17 20:15:00,0.7500
08167800,29.858889,-98.179722,2003-02-14 23:45:00,2003-02-18 15:00:00,151.4951,2003-02-15 01:15:00,1.5000
08167800,29.858889,-98.179722,2003-03-04 00:45:00,2003-03-10 14:30:00,153.4773,2003-03-04 03:45:00,3.0000
08167800,29.858889,-98.179722,2004-04-09 18:45:00,2004-04-16 15:15:00,263.3467,2004-04-11 16:00:00,45.2500
08167800,29.858889,-98.179722,2004-06-16 20:00:00,2004-06-21 15:00:00,156.5922,2004-06-16 20:15:00,0.2500
08167800,29.858889,-98.179722,2004-06-29 16:15:00,2004-06-29 20:54:51,160.5565,2004-06-29 18:45:00,2.5000
08167800,29.858889,-98.179722,2004-07-09 05:00:00,2004-07-10 04:45:00,178.6793,2004-07-09 07:00:00,2.0000
08167800,29.858889,-98.179722,2004-07-14 07:00:00,2004-07-15 04:45:00,175.2813,2004-07-14 09:45:00,2.7500
08167800,29.858889,-98.179722,2004-11-30 21:15:00,2004-12-04 02:45:00,150.3625,2004-12-03 11:45:00,62.5000
08167800,29.858889,-98.179722,2007-04-26 21:00:00,2007-04-27 14:30:00,151.4951,2007-04-27 00:30:00,3.5000
08167800,29.858889,-98.179722,2007-05-30 21:15:00,2007-06-08 12:45:00,158.0080,2007-05-30 21:30:00,0.2500
08167800,29.858889,-98.179722,2007-07-31 17:00:00,2007-08-08 06:30:00,165.6536,2007-07-31 17:30:00,0.5000
08167800,29.858889,-98.179722,2007-08-09 14:00:00,2007-08-16 14:15:00,169.3347,2007-08-10 16:45:00,26.7500
08167800,29.858889,-98.179722,2007-08-19 17:30:00,2007-08-26 20:30:00,170.4674,2007-08-23 07:15:00,85.7500
08167800,29.858889,-98.179722,2007-09-03 03:30:00,2007-09-04 18:30:00,189.7229,2007-09-04 17:30:00,38.0000
08167800,29.858889,-98.179722,2015-06-04 17:15:00,2015-06-14 15:45:00,173.0159,2015-06-04 20:30:00,3.2500
08167800,29.858889,-98.179722,2015-06-18 20:30:00,2015-06-22 14:30:00,152.0615,2015-06-20 16:00:00,43.5000
08167800,29.858889,-98.179722,2015-10-30 14:00:00,2015-10-30 14:30:00,201.0496,2015-10-30 14:15:00,0.2500
08034500,31.976389,-95.160556,2002-04-10 06:30:00,2002-04-11 05:15:00,110.1525,2002-04-10 14:30:00,8.0000
08034500,31.976389,-95.160556,2003-02-21 14:45:00,2003-02-26 02:30:00,224.8358,2003-02-23 10:00:00,43.2500
08034500,31.976389,-95.160556,2003-06-19 05:15:00,2003-06-20 22:00:00,120.9129,2003-06-19 20:30:00,15.2500
08034500,31.976389,-95.160556,2004-05-01 16:00:00,2004-05-04 18:00:00,237.2952,2004-05-02 01:00:00,9.0000
08034500,31.976389,-95.160556,2005-02-09 18:00:00,2005-02-09 23:30:00,97.1268,2005-02-09 20:30:00,2.5000
08034500,31.976389,-95.160556,2007-01-16 14:45:00,2007-01-17 05:45:00,110.1525,2007-01-16 20:45:00,6.0000
08034500,31.976389,-95.160556,2007-07-06 03:15:00,2007-07-11 10:00:00,526.6933,2007-07-07 14:45:00,35.5000
08034500,31.976389,-95.160556,2007-07-14 13:30:00,2007-07-15 10:00:00,167.6357,2007-07-14 20:00:00,6.5000
08034500,31.976389,-95.160556,2013-11-03 02:30:00,2013-11-03 06:45:00,96.5604,2013-11-03 04:00:00,1.5000
08034500,31.976389,-95.160556,2015-03-10 00:30:00,2015-03-13 04:45:00,161.6892,2015-03-11 21:15:00,44.7500
08034500,31.976389,-95.160556,2015-04-13 16:00:00,2015-04-14 02:30:00,109.3030,2015-04-13 20:45:00,4.7500
08034500,31.976389,-95.160556,2015-05-28 09:45:00,2015-05-28 20:00:00,96.8436,2015-05-28 13:00:00,3.2500
08034500,31.976389,-95.160556,2015-12-13 19:30:00,2015-12-17 08:30:00,242.3922,2015-12-15 06:15:00,34.7500
08034500,31.976389,-95.160556,2015-12-28 12:15:00,2015-12-31 08:00:00,169.6179,2015-12-29 22:15:00,34.0000
08034500,31.976389,-95.160556,2016-03-10 10:45:00,2016-03-13 17:45:00,336.9705,2016-03-11 04:15:00,17.5000
08034500,31.976389,-95.160556,2016-04-30 12:15:00,2016-05-03 10:30:00,472.8913,2016-05-01 10:45:00,22.5000
08128000,31.186944,-100.501667,2001-08-28 12:45:00,2001-08-28 15:45:00,294.4952,2001-08-28 15:15:00,2.5000
08128000,31.186944,-100.501667,2007-08-18 08:45:00,2007-08-18 20:30:00,501.2082,2007-08-18 17:30:00,8.7500
08150800,30.643333,-99.095556,1997-02-20 16:48:03,1997-02-20 20:18:06,535.1884,1997-02-20 18:33:06,1.7508
08150800,30.643333,-99.095556,2001-11-15 20:45:00,2001-11-15 21:30:00,475.7230,2001-11-15 21:00:00,0.2500
08150800,30.643333,-99.095556,2003-06-15 11:30:00,2003-06-15 12:00:00,563.5052,2003-06-15 12:00:00,0.5000
08150800,30.643333,-99.095556,2004-06-09 13:45:00,2004-06-09 18:15:00,639.9607,2004-06-09 15:45:00,2.0000
08150800,30.643333,-99.095556,2007-08-17 09:00:00,2007-08-17 10:45:00,362.4556,2007-08-17 09:15:00,0.2500
08169000,29.705833,-98.122222,1986-12-22 21:00:00,1986-12-23 05:00:00,112.7010,1986-12-23 00:30:00,3.5000
08169000,29.705833,-98.122222,1994-05-15 08:30:00,1994-05-15 12:00:00,152.0615,1994-05-15 10:00:00,1.5000
08169000,29.705833,-98.122222,2001-11-16 07:30:00,2001-11-16 10:15:00,104.7723,2001-11-16 09:00:00,1.5000
08169000,29.705833,-98.122222,2004-06-09 23:00:00,2004-06-10 07:15:00,419.0893,2004-06-10 02:00:00,3.0000
08169000,29.705833,-98.122222,2004-10-25 03:30:00,2004-10-25 06:15:00,120.3466,2004-10-25 04:30:00,1.0000
08169000,29.705833,-98.122222,2004-11-17 07:30:00,2004-11-17 15:15:00,131.9565,2004-11-17 10:15:00,2.7500
08169000,29.705833,-98.122222,2007-07-20 20:30:00,2007-07-21 04:30:00,150.6456,2007-07-21 01:00:00,4.5000
08169000,29.705833,-98.122222,2010-09-08 09:45:00,2010-09-08 13:30:00,130.5407,2010-09-08 11:30:00,1.7500
08169000,29.705833,-98.122222,2013-10-31 09:30:00,2013-10-31 11:00:00,110.4357,2013-10-31 10:00:00,0.5000
08169000,29.705833,-98.122222,2015-10-30 14:00:00,2015-10-30 23:15:00,399.2675,2015-10-30 17:00:00,3.0000
08169000,29.705833,-98.122222,2016-05-18 06:15:00,2016-05-18 14:30:00,176.1308,2016-05-18 10:00:00,3.7500
08177700,29.498889,-98.510000,2001-11-16 00:30:00,2001-11-16 01:15:00,226.5348,2001-11-16 01:15:00,0.7500
08177700,29.498889,-98.510000,2004-11-22 17:45:00,2004-11-22 18:45:00,272.1249,2004-11-22 18:15:00,0.5000
08177700,29.498889,-98.510000,2007-08-16 21:00:00,2007-08-17 00:00:00,232.7645,2007-08-16 21:15:00,0.2500
08177700,29.498889,-98.510000,2009-10-04 12:30:00,2009-10-04 13:45:00,208.1288,2009-10-04 12:45:00,0.2500
08177700,29.498889,-98.510000,2010-09-08 09:00:00,2010-09-08 09:30:00,178.3961,2010-09-08 09:15:00,0.2500
08183900,29.773889,-98.697222,1991-12-21 08:00:00,1991-12-21 20:45:00,116.0991,1991-12-21 17:00:00,9.0000
08183900,29.773889,-98.697222,1992-02-04 00:00:00,1992-02-04 07:45:00,113.8337,1992-02-04 00:45:00,0.7500
08183900,29.773889,-98.697222,1992-03-04 10:30:00,1992-03-04 12:45:00,157.4417,1992-03-04 11:30:00,1.0000
08183900,29.773889,-98.697222,1992-05-21 19:30:00,1992-05-21 23:00:00,342.6338,1992-05-21 20:45:00,1.2500
08183900,29.773889,-98.697222,2015-05-17 13:00:00,2015-05-17 17:15:00,223.9863,2015-05-17 14:30:00,1.5000
08183900,29.773889,-98.697222,2015-05-23 22:00:00,2015-05-24 14:15:00,911.8025,2015-05-24 01:00:00,3.0000
08183900,29.773889,-98.697222,2016-05-18 06:15:00,2016-05-18 07:15:00,103.0733,2016-05-18 06:45:00,0.5000
08183900,29.773889,-98.697222,2016-05-19 14:15:00,2016-05-19 20:15:00,308.6536,2016-05-19 16:00:00,1.7500
08183900,29.773889,-98.697222,2016-06-02 01:45:00,2016-06-02 02:15:00,99.9585,2016-06-02 02:00:00,0.2500
08190500,29.480836,-100.239167,1994-07-14 16:30:00,1994-07-14 21:30:00,679.6043,1994-07-14 18:30:00,2.0000
08190500,29.480836,-100.239167,1996-09-15 16:30:00,1996-09-15 21:30:00,336.9705,1996-09-15 17:00:00,0.5000
08190500,29.480836,-100.239167,1997-06-22 16:45:00,1997-06-23 09:30:00,2047.3080,1997-06-22 22:45:00,6.0000
08190500,29.480836,-100.239167,1998-08-23 16:30:00,1998-08-25 10:30:00,1313.9017,1998-08-24 22:30:00,30.0000
08190500,29.480836,-100.239167,2000-10-24 09:30:00,2000-10-24 14:15:00,438.9111,2000-10-24 10:15:00,0.7500
08190500,29.480836,-100.239167,2000-11-04 05:30:00,2000-11-04 11:30:00,407.7626,2000-11-04 06:45:00,1.2500
08190500,29.480836,-100.239167,2001-05-05 10:15:00,2001-05-05 11:45:00,197.3684,2001-05-05 10:30:00,0.2500
08190500,29.480836,-100.239167,2001-11-15 20:15:00,2001-11-16 06:00:00,1234.6145,2001-11-15 23:00:00,2.7500
08190500,29.480836,-100.239167,2003-10-12 06:15:00,2003-10-12 12:30:00,359.6240,2003-10-12 07:30:00,1.2500
08190500,29.480836,-100.239167,2007-06-11 02:30:00,2007-06-11 06:45:00,203.3150,2007-06-11 04:00:00,1.5000
08190500,29.480836,-100.239167,2007-07-29 06:30:00,2007-07-29 09:30:00,239.5605,2007-07-29 07:15:00,0.7500
08194000,28.426111,-99.239722,1987-09-01 17:00:00,1987-09-02 04:00:00,21.0961,1987-09-02 04:00:00,11.0000
08194000,28.426111,-99.239722,1992-04-28 07:00:00,1992-05-08 00:00:00,18.7458,1992-05-03 13:00:00,126.0000
08194000,28.426111,-99.239722,1992-07-25 16:00:00,1992-08-04 08:00:00,84.3842,1992-07-31 22:00:00,150.0000
08194000,28.426111,-99.239722,1993-05-24 01:00:00,1993-05-24 14:00:00,18.2077,1993-05-24 08:00:00,7.0000
08194000,28.426111,-99.239722,1993-06-29 18:00:00,1993-07-03 04:00:00,21.3792,1993-07-01 10:00:00,40.0000
08194000,28.426111,-99.239722,1994-10-25 03:00:00,1994-10-27 08:00:00,25.7966,1994-10-26 09:00:00,30.0000
08194000,28.426111,-99.239722,1995-04-04 19:00:00,1995-04-05 18:00:00,35.9624,1995-04-05 05:00:00,10.0000
08194000,28.426111,-99.239722,1995-06-02 00:00:00,1995-06-04 15:00:00,29.1664,1995-06-03 08:00:00,32.0000
08194000,28.426111,-99.239722,1995-07-10 11:00:00,1995-07-14 10:00:00,35.1129,1995-07-13 01:00:00,62.0000
08194000,28.426111,-99.239722,1996-07-10 17:00:00,1996-07-11 08:00:00,15.9990,1996-07-11 00:00:00,7.0000
08194000,28.426111,-99.239722,1996-08-30 15:00:00,1996-08-31 07:00:00,36.2456,1996-08-30 23:00:00,8.0000
08194000,28.426111,-99.239722,1996-11-02 00:00:00,1996-11-10 20:00:00,261.0813,1996-11-04 07:00:00,55.0000
08194000,28.426111,-99.239722,1997-06-01 06:00:00,1997-06-02 17:00:00,16.4804,1997-06-01 23:00:00,17.0000
08194000,28.426111,-99.239722,1998-08-23 01:45:00,1998-10-03 20:15:00,498.3765,1998-08-31 08:15:00,198.5000
08194000,28.426111,-99.239722,1999-08-24 22:30:00,1999-09-02 07:15:00,342.6338,1999-08-27 12:45:00,62.2500
08194000,28.426111,-99.239722,2000-10-30 03:30:00,2000-10-31 17:15:00,20.7562,2000-10-30 20:15:00,16.7500
08194000,28.426111,-99.239722,2000-11-07 15:00:00,2000-11-19 21:30:00,74.1901,2000-11-10 18:15:00,75.2500
08194000,28.426111,-99.239722,2001-05-11 05:00:00,2001-05-12 03:45:00,14.4982,2001-05-11 15:00:00,10.0000
08194000,28.426111,-99.239722,2001-11-20 05:00:00,2001-12-02 01:00:00,187.4575,2001-11-22 14:30:00,57.5000
08194000,28.426111,-99.239722,2002-05-20 16:00:00,2002-05-24 00:30:00,41.3426,2002-05-22 12:45:00,44.7500
08194000,28.426111,-99.239722,2002-08-05 05:00:00,2002-08-05 23:00:00,13.3656,2002-08-05 13:45:00,8.7500
08194000,28.426111,-99.239722,2002-09-09 19:15:00,2002-09-14 04:15:00,28.2602,2002-09-13 05:00:00,81.7500
08194000,28.426111,-99.239722,2002-10-14 22:15:00,2002-10-18 10:00:00,18.6608,2002-10-16 17:00:00,42.7500
08194000,28.426111,-99.239722,2002-10-24 17:15:00,2002-11-09 14:45:00,190.5724,2002-10-30 01:00:00,128.7500
08194000,28.426111,-99.239722,2003-07-09 17:45:00,2003-07-15 23:30:00,71.0753,2003-07-13 02:00:00,80.2500
08194000,28.426111,-99.239722,2003-07-19 08:45:00,2003-07-23 00:30:00,20.4164,2003-07-20 23:00:00,38.2500
08194000,28.426111,-99.239722,2003-10-12 09:15:00,2003-10-13 20:15:00,44.1743,2003-10-13 00:30:00,15.2500
08194000,28.426111,-99.239722,2003-10-16 01:30:00,2003-10-24 16:45:00,71.9248,2003-10-18 21:15:00,67.7500
08194000,28.426111,-99.239722,2004-03-20 14:00:00,2004-03-24 16:45:00,24.6640,2004-03-22 10:00:00,44.0000
08194000,28.426111,-99.239722,2004-04-02 22:30:00,2004-04-03 10:00:00,14.2151,2004-04-02 23:45:00,1.2500
08194000,28.426111,-99.239722,2004-04-06 17:15:00,2004-05-09 18:30:00,173.0159,2004-04-13 15:30:00,166.2500
08194000,28.426111,-99.239722,2004-05-13 01:00:00,2004-05-22 02:30:00,39.9268,2004-05-18 05:15:00,124.2500
08194000,28.426111,-99.239722,2004-06-13 03:45:00,2004-06-17 02:30:00,25.4002,2004-06-15 11:30:00,55.7500
08194000,28.426111,-99.239722,2004-07-02 15:00:00,2004-07-15 00:30:00,111.2852,2004-07-06 17:30:00,98.5000
08194000,28.426111,-99.239722,2004-08-23 22:45:00,2004-08-25 20:30:00,55.5010,2004-08-24 17:00:00,18.2500
08194000,28.426111,-99.239722,2004-11-20 13:45:00,2004-12-01 05:45:00,183.4932,2004-11-24 13:15:00,95.5000
08194000,28.426111,-99.239722,2007-05-14 06:45:00,2007-05-19 19:30:00,30.2990,2007-05-16 15:45:00,57.0000
08194000,28.426111,-99.239722,2007-05-25 09:45:00,2007-06-09 19:15:00,83.8179,2007-06-02 18:45:00,201.0000
08194000,28.426111,-99.239722,2007-06-16 06:00:00,2007-06-17 17:30:00,14.6964,2007-06-16 18:45:00,12.7500
08194000,28.426111,-99.239722,2007-06-20 18:45:00,2007-07-17 01:45:00,39.6436,2007-06-25 16:45:00,118.0000
08194000,28.426111,-99.239722,2010-04-20 07:30:00,2010-04-24 01:00:00,40.7763,2010-04-21 19:45:00,36.2500
08194000,28.426111,-99.239722,2011-10-15 00:00:00,2011-10-18 21:00:00,50.6872,2011-10-16 23:45:00,47.7500
08194000,28.426111,-99.239722,2012-05-11 20:45:00,2012-05-12 13:15:00,20.3315,2012-05-12 04:15:00,7.5000
08194000,28.426111,-99.239722,2012-05-13 13:30:00,2012-05-20 20:15:00,39.0772,2012-05-16 23:15:00,81.7500
08194000,28.426111,-99.239722,2012-10-05 23:00:00,2012-10-09 00:45:00,31.7149,2012-10-07 00:00:00,25.0000
08194000,28.426111,-99.239722,2013-06-18 08:15:00,2013-06-20 04:45:00,49.2713,2013-06-19 08:00:00,23.7500
08194000,28.426111,-99.239722,2013-06-21 05:00:00,2013-06-27 15:15:00,183.2100,2013-06-23 14:00:00,57.0000
08194000,28.426111,-99.239722,2013-10-14 00:30:00,2013-10-25 02:30:00,487.0498,2013-10-17 13:30:00,85.0000
08194000,28.426111,-99.239722,2015-05-16 01:00:00,2015-06-11 12:15:00,416.2576,2015-05-23 21:00:00,188.0000
08194000,28.426111,-99.239722,2015-06-20 22:30:00,2015-06-22 17:00:00,17.3865,2015-06-22 01:45:00,27.2500
08194000,28.426111,-99.239722,2015-10-14 23:30:00,2015-10-21 21:30:00,101.0911,2015-10-18 11:30:00,84.0000
08194000,28.426111,-99.239722,2016-05-24 16:15:00,2016-05-29 04:15:00,23.6729,2016-05-26 13:00:00,44.7500
08117995,32.628611,-101.285000,1996-08-29 14:30:00,1996-08-29 19:15:00,13.7620,1996-08-29 15:45:00,1.2500
08117995,32.628611,-101.285000,1997-06-08 22:30:00,1997-06-10 09:30:00,27.8071,1997-06-09 19:15:00,20.7500
08117995,32.628611,-101.285000,1999-05-02 06:15:00,1999-05-03 16:45:00,30.0159,1999-05-03 07:00:00,24.7500
08117995,32.628611,-101.285000,1999-06-08 05:30:00,1999-06-09 07:00:00,22.5968,1999-06-08 12:15:00,6.7500
08117995,32.628611,-101.285000,1999-06-13 00:45:00,1999-06-15 02:00:00,34.2634,1999-06-14 10:15:00,33.5000
08117995,32.628611,-101.285000,1999-07-15 16:45:00,1999-07-16 03:45:00,21.8889,1999-07-15 21:45:00,5.0000
08117995,32.628611,-101.285000,2000-03-23 12:00:00,2000-03-24 16:45:00,49.8377,2000-03-24 06:00:00,18.0000
08117995,32.628611,-101.285000,2000-06-02 10:45:00,2000-06-04 18:15:00,35.3961,2000-06-03 14:30:00,27.7500
08117995,32.628611,-101.285000,2000-06-10 22:15:00,2000-06-11 09:30:00,19.4537,2000-06-11 04:00:00,5.7500
08117995,32.628611,-101.285000,2000-06-30 01:45:00,2000-06-30 21:00:00,30.0159,2000-06-30 10:15:00,8.5000
08117995,32.628611,-101.285000,2000-10-26 08:45:00,2000-10-28 05:45:00,35.6792,2000-10-26 20:15:00,11.5000
08117995,32.628611,-101.285000,2001-09-21 07:45:00,2001-09-22 15:30:00,16.6503,2001-09-21 10:15:00,2.5000
08117995,32.628611,-101.285000,2001-11-16 00:30:00,2001-11-16 04:15:00,14.0168,2001-11-16 03:00:00,2.5000
08117995,32.628611,-101.285000,2002-07-06 02:45:00,2002-07-08 11:30:00,42.7584,2002-07-06 12:45:00,10.0000
08117995,32.628611,-101.285000,2002-08-22 20:00:00,2002-08-23 04:45:00,19.7652,2002-08-22 23:45:00,3.7500
08117995,32.628611,-101.285000,2002-10-29 10:45:00,2002-10-30 03:15:00,17.5564,2002-10-29 18:30:00,7.7500
08117995,32.628611,-101.285000,2003-04-30 01:45:00,2003-04-30 06:15:00,15.4327,2003-04-30 04:00:00,2.2500
08117995,32.628611,-101.285000,2003-08-30 19:45:00,2003-08-31 04:00:00,16.1972,2003-08-30 23:00:00,3.2500
08117995,32.628611,-101.285000,2003-09-01 05:15:00,2003-09-01 17:45:00,18.5759,2003-09-01 10:45:00,5.5000
08117995,32.628611,-101.285000,2003-09-10 05:45:00,2003-09-10 09:00:00,13.3089,2003-09-10 07:15:00,1.5000
08117995,32.628611,-101.285000,2004-10-07 06:00:00,2004-10-09 02:30:00,17.0184,2004-10-08 19:15:00,37.2500
08117995,32.628611,-101.285000,2004-11-16 00:45:00,2004-11-19 10:45:00,92.0298,2004-11-17 21:00:00,44.2500
08117995,32.628611,-101.285000,2005-06-06 20:45:00,2005-06-07 15:45:00,22.9083,2005-06-07 07:45:00,11.0000
08117995,32.628611,-101.285000,2005-08-14 14:30:00,2005-08-17 07:00:00,84.6674,2005-08-15 08:30:00,18.0000
08117995,32.628611,-101.285000,2007-05-10 00:30:00,2007-05-11 13:45:00,45.5901,2007-05-10 20:45:00,20.2500
08117995,32.628611,-101.285000,2007-08-18 11:15:00,2007-08-19 20:00:00,24.2392,2007-08-18 14:45:00,3.5000
08117995,32.628611,-101.285000,2008-04-24 13:00:00,2008-04-25 13:00:00,48.7050,2008-04-25 00:45:00,11.7500
08117995,32.628611,-101.285000,2008-09-13 04:30:00,2008-09-14 15:30:00,50.9703,2008-09-13 21:15:00,16.7500
08117995,32.628611,-101.285000,2010-04-16 11:15:00,2010-04-17 20:15:00,47.2891,2010-04-17 04:00:00,16.7500
08117995,32.628611,-101.285000,2012-09-29 15:45:00,2012-09-30 12:00:00,15.1212,2012-09-30 08:00:00,16.2500
08117995,32.628611,-101.285000,2014-05-25 17:00:00,2014-05-26 01:00:00,15.5743,2014-05-25 20:30:00,3.5000
08117995,32.628611,-101.285000,2014-09-18 23:15:00,2014-09-23 05:15:00,625.8023,2014-09-21 00:45:00,49.5000
08117995,32.628611,-101.285000,2015-05-05 17:00:00,2015-05-08 17:00:00,688.0994,2015-05-05 20:15:00,3.2500
08079600,33.038333,-101.197222,1997-04-25 17:45:00,1997-04-25 20:30:00,170.1842,1997-04-25 19:00:00,1.2500
08079600,33.038333,-101.197222,1999-06-12 05:15:00,1999-06-12 19:00:00,954.2777,1999-06-12 10:00:00,4.7500
08079600,33.038333,-101.197222,2000-10-25 15:45:00,2000-10-26 03:45:00,764.5549,2000-10-25 22:00:00,6.2500
08079600,33.038333,-101.197222,2001-05-31 09:00:00,2001-05-31 12:15:00,269.2932,2001-05-31 10:30:00,1.5000
08079600,33.038333,-101.197222,2003-06-04 04:15:00,2003-06-04 05:15:00,165.0872,2003-06-04 04:30:00,0.2500
08079600,33.038333,-101.197222,2004-07-28 16:15:00,2004-07-28 18:45:00,199.6338,2004-07-28 17:45:00,1.5000
08079600,33.038333,-101.197222,2006-10-15 09:30:00,2006-10-16 12:00:00,478.5547,2006-10-15 12:45:00,3.2500
08079600,33.038333,-101.197222,2008-09-12 12:15:00,2008-09-13 02:15:00,824.0202,2008-09-12 18:00:00,5.7500
08079600,33.038333,-101.197222,2010-04-16 09:45:00,2010-04-16 17:00:00,263.0635,2010-04-16 14:15:00,4.5000
08079600,33.038333,-101.197222,2010-06-15 12:15:00,2010-06-15 13:00:00,197.0853,2010-06-15 12:30:00,0.2500
08079600,33.038333,-101.197222,2010-07-04 11:30:00,2010-07-05 08:30:00,1217.6244,2010-07-04 19:30:00,8.0000
08079600,33.038333,-101.197222,2014-09-18 20:45:00,2014-09-19 03:15:00,286.0002,2014-09-18 23:30:00,2.7500
08079600,33.038333,-101.197222,2014-09-20 21:30:00,2014-09-21 00:15:00,195.9526,2014-09-20 23:22:00,1.8667
08079600,33.038333,-101.197222,2015-05-05 07:15:00,2015-05-06 00:45:00,872.1589,2015-05-05 11:45:00,4.5000
08082500,33.580833,-99.267222,1995-08-02 23:00:00,1995-08-03 13:30:00,322.8121,1995-08-03 08:30:00,9.5000
08082500,33.580833,-99.267222,1996-09-18 15:00:00,1996-09-20 04:30:00,433.2478,1996-09-19 13:00:00,22.0000
08082500,33.580833,-99.267222,1999-06-13 09:30:00,1999-06-15 10:30:00,353.9606,1999-06-14 21:30:00,36.0000
08082500,33.580833,-99.267222,2000-03-24 01:00:00,2000-03-25 20:00:00,370.9507,2000-03-24 18:30:00,17.5000
08082500,33.580833,-99.267222,2004-07-28 16:15:00,2004-07-30 16:15:00,617.3073,2004-07-29 03:00:00,10.7500
08082500,33.580833,-99.267222,2005-08-16 06:15:00,2005-08-19 02:15:00,707.9212,2005-08-17 17:00:00,34.7500
08082500,33.580833,-99.267222,2006-10-15 21:00:00,2006-10-16 15:00:00,319.9804,2006-10-16 08:15:00,11.2500
08082500,33.580833,-99.267222,2010-07-08 20:00:00,2010-07-11 04:45:00,342.6338,2010-07-10 15:15:00,43.2500
08083100,32.787500,-100.388333,1999-06-12 22:00:00,1999-06-13 22:45:00,37.0951,1999-06-13 09:30:00,11.5000
08083100,32.787500,-100.388333,2000-03-23 10:30:00,2000-03-24 22:45:00,254.8516,2000-03-23 18:45:00,8.2500
08083100,32.787500,-100.388333,2000-06-30 15:15:00,2000-07-01 00:30:00,14.5832,2000-06-30 19:15:00,4.0000
08083100,32.787500,-100.388333,2003-06-05 09:45:00,2003-06-06 02:30:00,33.9802,2003-06-05 16:00:00,6.2500
08083100,32.787500,-100.388333,2005-08-15 06:45:00,2005-08-17 19:00:00,43.6079,2005-08-15 12:45:00,6.0000
08083100,32.787500,-100.388333,2007-08-18 14:15:00,2007-08-19 04:45:00,13.8469,2007-08-18 18:15:00,4.0000
08083100,32.787500,-100.388333,2008-04-23 23:45:00,2008-04-25 02:45:00,20.1616,2008-04-24 03:45:00,4.0000
08083100,32.787500,-100.388333,2008-05-25 06:45:00,2008-05-25 14:00:00,17.6414,2008-05-25 10:00:00,3.2500
08083100,32.787500,-100.388333,2009-06-30 17:45:00,2009-07-01 03:45:00,21.9739,2009-06-30 21:00:00,3.2500
08083100,32.787500,-100.388333,2010-06-15 07:00:00,2010-06-16 02:30:00,26.5895,2010-06-15 15:15:00,8.2500
08083100,32.787500,-100.388333,2010-07-08 02:45:00,2010-07-08 07:15:00,14.7248,2010-07-08 04:30:00,1.7500
08083100,32.787500,-100.388333,2013-05-24 12:45:00,2013-05-25 03:45:00,53.8020,2013-05-24 18:15:00,5.5000
08083100,32.787500,-100.388333,2015-07-08 01:00:00,2015-07-08 08:30:00,11.5816,2015-07-08 04:45:00,3.7500
08134000,31.592500,-100.636667,1997-02-20 12:00:00,1997-02-20 13:00:00,73.3406,1997-02-20 12:30:00,0.5000
08134000,31.592500,-100.636667,2000-03-24 14:00:00,2000-03-25 05:15:00,302.9903,2000-03-24 20:45:00,6.7500
08134000,31.592500,-100.636667,2000-10-24 09:00:00,2000-10-24 18:15:00,199.0674,2000-10-24 14:45:00,5.7500
08134000,31.592500,-100.636667,2004-11-17 11:30:00,2004-11-17 22:00:00,70.7921,2004-11-17 14:30:00,3.0000
08134000,31.592500,-100.636667,2005-08-15 10:00:00,2005-08-16 10:00:00,181.7942,2005-08-15 23:15:00,13.2500
08134000,31.592500,-100.636667,2013-10-15 03:15:00,2013-10-15 08:15:00,79.0040,2013-10-15 05:15:00,2.0000
08134000,31.592500,-100.636667,2015-05-19 10:00:00,2015-05-20 00:30:00,467.2280,2015-05-19 12:45:00,2.7500
08134000,31.592500,-100.636667,2015-07-09 01:00:00,2015-07-09 01:45:00,68.8099,2015-07-09 01:15:00,0.2500
08134000,31.592500,-100.636667,2015-10-23 10:00:00,2015-10-24 02:30:00,234.4635,2015-10-23 19:30:00,9.5000
08145000,31.138056,-99.334722,2009-04-27 14:00:00,2009-04-27 15:30:00,77.5882,2009-04-27 14:45:00,0.7500
08145000,31.138056,-99.334722,2015-07-08 11:15:00,2015-07-08 15:00:00,206.1466,2015-07-08 12:15:00,1.0000
08151500,30.751111,-98.669444,1996-10-28 17:45:00,1996-10-29 22:45:00,4474.0618,1996-10-28 19:00:00,1.2500
08151500,30.751111,-98.669444,1997-02-20 15:15:00,1997-02-21 05:45:00,4077.6259,1997-02-20 19:15:00,4.0000
08151500,30.751111,-98.669444,1997-03-10 11:00:00,1997-03-10 19:00:00,682.4360,1997-03-10 13:00:00,2.0000
08151500,30.751111,-98.669444,1997-03-12 00:30:00,1997-03-12 14:45:00,846.6737,1997-03-12 07:45:00,7.2500
08151500,30.751111,-98.669444,1997-06-22 16:45:00,1997-06-24 00:15:00,7362.3801,1997-06-23 08:00:00,15.2500
08151500,30.751111,-98.669444,1998-08-24 10:30:00,1998-08-24 17:30:00,982.5946,1998-08-24 12:00:00,1.5000
08151500,30.751111,-98.669444,1999-03-18 19:45:00,1999-03-18 23:45:00,1070.3768,1999-03-18 20:45:00,1.0000
08151500,30.751111,-98.669444,2000-10-24 15:00:00,2000-10-25 08:00:00,1820.7732,2000-10-24 17:00:00,2.0000
08151500,30.751111,-98.669444,2000-11-04 01:30:00,2000-11-06 19:00:00,4275.8438,2000-11-04 10:45:00,9.2500
08151500,30.751111,-98.669444,2001-11-16 00:05:00,2001-11-16 20:15:00,1747.1494,2001-11-16 09:30:00,9.4167
08151500,30.751111,-98.669444,2002-07-05 23:45:00,2002-07-06 03:30:00,620.1389,2002-07-06 01:00:00,1.2500
08151500,30.751111,-98.669444,2004-06-09 18:30:00,2004-06-10 02:45:00,2412.5953,2004-06-09 20:00:00,1.5000
08151500,30.751111,-98.669444,2004-11-17 14:45:00,2004-11-18 11:00:00,2254.0210,2004-11-17 18:00:00,3.2500
08151500,30.751111,-98.669444,2007-05-26 08:30:00,2007-05-26 18:30:00,546.5151,2007-05-26 10:15:00,1.7500
08151500,30.751111,-98.669444,2007-06-27 09:30:00,2007-06-28 00:30:00,2058.6347,2007-06-27 16:45:00,7.2500
08151500,30.751111,-98.669444,2007-08-17 14:45:00,2007-08-17 21:00:00,1013.7431,2007-08-17 16:30:00,1.7500
08151500,30.751111,-98.669444,2015-05-25 21:30:00,2015-05-25 23:35:00,560.6736,2015-05-25 22:00:00,0.5000
08151500,30.751111,-98.669444,2015-05-29 11:30:00,2015-05-29 16:05:00,730.5746,2015-05-29 13:05:00,1.5833
08151500,30.751111,-98.669444,2016-05-31 22:05:00,2016-06-01 05:00:00,826.8519,2016-06-01 01:45:00,3.6667
08159500,30.012500,-97.161667,1998-10-18 08:09:48,1998-10-19 04:30:03,2738.2391,1998-10-19 04:30:03,20.3375
08159500,30.012500,-97.161667,2000-11-04 07:30:00,2000-11-05 10:15:00,594.6538,2000-11-04 23:30:00,16.0000
08159500,30.012500,-97.161667,2001-11-16 17:00:00,2001-11-18 13:00:00,1444.1592,2001-11-17 14:30:00,21.5000
08159500,30.012500,-97.161667,2001-12-16 14:00:00,2001-12-17 20:15:00,688.0994,2001-12-17 06:45:00,16.7500
08159500,30.012500,-97.161667,2002-07-03 21:30:00,2002-07-04 22:30:00,642.7924,2002-07-04 10:00:00,12.5000
08159500,30.012500,-97.161667,2002-07-07 00:30:00,2002-07-20 01:00:00,804.1984,2002-07-12 23:00:00,142.5000
08159500,30.012500,-97.161667,2002-07-21 06:45:00,2002-07-22 01:45:00,396.4359,2002-07-21 18:00:00,11.2500
08159500,30.012500,-97.161667,2002-11-05 04:00:00,2002-11-06 17:45:00,1169.4858,2002-11-05 23:45:00,19.7500
08159500,30.012500,-97.161667,2002-12-10 09:30:00,2002-12-11 02:15:00,540.8518,2002-12-10 17:30:00,8.0000
08159500,30.012500,-97.161667,2003-02-21 00:30:00,2003-02-23 09:45:00,1288.4165,2003-02-21 23:30:00,23.0000
08159500,30.012500,-97.161667,2004-06-10 18:30:00,2004-06-16 00:30:00,923.1292,2004-06-11 12:30:00,18.0000
08159500,30.012500,-97.161667,2004-07-01 22:45:00,2004-07-02 04:00:00,382.2774,2004-07-02 01:15:00,2.5000
08159500,30.012500,-97.161667,2004-11-18 09:15:00,2004-12-04 17:30:00,1732.9910,2004-11-24 00:30:00,135.2500
08159500,30.012500,-97.161667,2005-03-03 16:30:00,2005-03-03 23:30:00,393.6042,2005-03-03 18:30:00,2.0000
08159500,30.012500,-97.161667,2007-01-14 09:45:00,2007-01-15 16:15:00,993.9213,2007-01-15 00:15:00,14.5000
08159500,30.012500,-97.161667,2007-03-12 16:45:00,2007-03-15 11:00:00,724.9113,2007-03-13 03:45:00,11.0000
08159500,30.012500,-97.161667,2007-05-29 11:30:00,2007-05-30 08:45:00,487.0498,2007-05-29 22:15:00,10.7500
08159500,30.012500,-97.161667,2007-06-04 23:15:00,2007-06-05 19:15:00,467.2280,2007-06-05 09:45:00,10.5000
08159500,30.012500,-97.161667,2007-06-21 05:00:00,2007-06-24 15:15:00,682.4360,2007-06-22 01:00:00,20.0000
08159500,30.012500,-97.161667,2007-06-28 20:00:00,2007-07-23 04:15:00,1141.1689,2007-07-06 21:45:00,193.7500
08159500,30.012500,-97.161667,2007-07-27 18:30:00,2007-07-28 03:30:00,393.6042,2007-07-27 22:30:00,4.0000
08159500,30.012500,-97.161667,2010-09-09 08:45:00,2010-09-10 11:15:00,600.3171,2010-09-09 21:00:00,12.2500
08159500,30.012500,-97.161667,2012-01-25 22:15:00,2012-01-27 07:15:00,1177.9808,2012-01-26 14:45:00,16.5000
08159500,30.012500,-97.161667,2012-03-20 22:15:00,2012-03-22 05:30:00,761.7232,2012-03-21 16:15:00,18.0000
08159500,30.012500,-97.161667,2013-10-14 16:26:00,2013-10-15 15:41:00,628.6340,2013-10-15 03:11:00,10.7500
08159500,30.012500,-97.161667,2013-10-31 20:56:00,2013-11-02 21:57:00,1478.1394,2013-11-01 20:26:00,23.5000
08159500,30.012500,-97.161667,2014-11-24 13:20:00,2014-11-24 20:35:00,404.9309,2014-11-24 16:45:00,3.4167
08159500,30.012500,-97.161667,2015-01-23 14:15:00,2015-01-24 08:20:00,489.8814,2015-01-23 23:50:00,9.5833
08159500,30.012500,-97.161667,2015-03-10 13:50:00,2015-03-11 06:50:00,504.0399,2015-03-10 22:00:00,8.1667
08159500,30.012500,-97.161667,2015-05-07 08:00:00,2015-05-07 23:50:00,538.0201,2015-05-07 15:30:00,7.5000
08159500,30.012500,-97.161667,2015-05-18 12:45:00,2015-05-19 09:25:00,549.3468,2015-05-19 00:00:00,11.2500
08159500,30.012500,-97.161667,2015-05-24 22:45:00,2015-05-28 12:45:00,1928.3773,2015-05-27 05:35:00,54.8333
08159500,30.012500,-97.161667,2015-10-25 12:45:00,2015-10-26 19:45:00,693.7627,2015-10-26 05:10:00,16.4167
08159500,30.012500,-97.161667,2015-10-31 04:55:00,2015-11-02 17:00:00,1979.3476,2015-11-01 04:45:00,24.8333
08159500,30.012500,-97.161667,2016-03-10 19:25:00,2016-03-11 08:05:00,404.9309,2016-03-11 00:55:00,5.5000
08159500,30.012500,-97.161667,2016-04-18 11:00:00,2016-04-20 05:00:00,988.2579,2016-04-19 06:30:00,19.5000
08159500,30.012500,-97.161667,2016-05-19 21:50:00,2016-05-22 00:45:00,1081.7035,2016-05-21 02:30:00,28.6667
08159500,30.012500,-97.161667,2016-05-27 07:40:00,2016-05-29 10:45:00,1942.5357,2016-05-28 08:55:00,25.2500
08159500,30.012500,-97.161667,2016-06-01 06:30:00,2016-06-02 04:55:00,651.2875,2016-06-02 04:50:00,22.3333
08159500,30.012500,-97.161667,1998-10-18 08:09:48,1998-10-19 04:30:03,2738.2391,1998-10-19 04:30:03,20.3375
08159500,30.012500,-97.161667,2000-11-04 07:30:00,2000-11-05 10:15:00,594.6538,2000-11-04 23:30:00,16.0000
08159500,30.012500,-97.161667,2001-11-16 17:00:00,2001-11-18 13:00:00,1444.1592,2001-11-17 14:30:00,21.5000
08159500,30.012500,-97.161667,2001-12-16 14:00:00,2001-12-17 20:15:00,688.0994,2001-12-17 06:45:00,16.7500
08159500,30.012500,-97.161667,2002-07-03 21:30:00,2002-07-04 22:30:00,642.7924,2002-07-04 10:00:00,12.5000
08159500,30.012500,-97.161667,2002-07-07 00:30:00,2002-07-20 01:00:00,804.1984,2002-07-12 23:00:00,142.5000
08159500,30.012500,-97.161667,2002-07-21 06:45:00,2002-07-22 01:45:00,396.4359,2002-07-21 18:00:00,11.2500
08159500,30.012500,-97.161667,2002-11-05 04:00:00,2002-11-06 17:45:00,1169.4858,2002-11-05 23:45:00,19.7500
08159500,30.012500,-97.161667,2002-12-10 09:30:00,2002-12-11 02:15:00,540.8518,2002-12-10 17:30:00,8.0000
08159500,30.012500,-97.161667,2003-02-21 00:30:00,2003-02-23 09:45:00,1288.4165,2003-02-21 23:30:00,23.0000
08159500,30.012500,-97.161667,2004-06-10 18:30:00,2004-06-16 00:30:00,923.1292,2004-06-11 12:30:00,18.0000
08159500,30.012500,-97.161667,2004-07-01 22:45:00,2004-07-02 04:00:00,382.2774,2004-07-02 01:15:00,2.5000
08159500,30.012500,-97.161667,2004-11-18 09:15:00,2004-12-04 17:30:00,1732.9910,2004-11-24 00:30:00,135.2500
08159500,30.012500,-97.161667,2005-03-03 16:30:00,2005-03-03 23:30:00,393.6042,2005-03-03 18:30:00,2.0000
08159500,30.012500,-97.161667,2007-01-14 09:45:00,2007-01-15 16:15:00,993.9213,2007-01-15 00:15:00,14.5000
08159500,30.012500,-97.161667,2007-03-12 16:45:00,2007-03-15 11:00:00,724.9113,2007-03-13 03:45:00,11.0000
08159500,30.012500,-97.161667,2007-05-29 11:30:00,2007-05-30 08:45:00,487.0498,2007-05-29 22:15:00,10.7500
08159500,30.012500,-97.161667,2007-06-04 23:15:00,2007-06-05 19:15:00,467.2280,2007-06-05 09:45:00,10.5000
08159500,30.012500,-97.161667,2007-06-21 05:00:00,2007-06-24 15:15:00,682.4360,2007-06-22 01:00:00,20.0000
08159500,30.012500,-97.161667,2007-06-28 20:00:00,2007-07-23 04:15:00,1141.1689,2007-07-06 21:45:00,193.7500
08159500,30.012500,-97.161667,2007-07-27 18:30:00,2007-07-28 03:30:00,393.6042,2007-07-27 22:30:00,4.0000
08159500,30.012500,-97.161667,2010-09-09 08:45:00,2010-09-10 11:15:00,600.3171,2010-09-09 21:00:00,12.2500
08159500,30.012500,-97.161667,2012-01-25 22:15:00,2012-01-27 07:15:00,1177.9808,2012-01-26 14:45:00,16.5000
08159500,30.012500,-97.161667,2012-03-20 22:15:00,2012-03-22 05:30:00,761.7232,2012-03-21 16:15:00,18.0000
08159500,30.012500,-97.161667,2013-10-14 16:26:00,2013-10-15 15:41:00,628.6340,2013-10-15 03:11:00,10.7500
08159500,30.012500,-97.161667,2013-10-31 20:56:00,2013-11-02 21:57:00,1478.1394,2013-11-01 20:26:00,23.5000
08159500,30.012500,-97.161667,2014-11-24 13:20:00,2014-11-24 20:35:00,404.9309,2014-11-24 16:45:00,3.4167
08159500,30.012500,-97.161667,2015-01-23 14:15:00,2015-01-24 08:20:00,489.8814,2015-01-23 23:50:00,9.5833
08159500,30.012500,-97.161667,2015-03-10 13:50:00,2015-03-11 06:50:00,504.0399,2015-03-10 22:00:00,8.1667
08159500,30.012500,-97.161667,2015-05-07 08:00:00,2015-05-07 23:50:00,538.0201,2015-05-07 15:30:00,7.5000
08159500,30.012500,-97.161667,2015-05-18 12:45:00,2015-05-19 09:25:00,549.3468,2015-05-19 00:00:00,11.2500
08159500,30.012500,-97.161667,2015-05-24 22:45:00,2015-05-28 12:45:00,1928.3773,2015-05-27 05:35:00,54.8333
08159500,30.012500,-97.161667,2015-10-25 12:45:00,2015-10-26 19:45:00,693.7627,2015-10-26 05:10:00,16.4167
08159500,30.012500,-97.161667,2015-10-31 04:55:00,2015-11-02 17:00:00,1979.3476,2015-11-01 04:45:00,24.8333
08159500,30.012500,-97.161667,2016-03-10 19:25:00,2016-03-11 08:05:00,404.9309,2016-03-11 00:55:00,5.5000
08159500,30.012500,-97.161667,2016-04-18 11:00:00,2016-04-20 05:00:00,988.2579,2016-04-19 06:30:00,19.5000
08159500,30.012500,-97.161667,2016-05-19 21:50:00,2016-05-22 00:45:00,1081.7035,2016-05-21 02:30:00,28.6667
08159500,30.012500,-97.161667,2016-05-27 07:40:00,2016-05-29 10:45:00,1942.5357,2016-05-28 08:55:00,25.2500
08159500,30.012500,-97.161667,2016-06-01 06:30:00,2016-06-02 04:55:00,651.2875,2016-06-02 04:50:00,22.3333
08164600,28.891111,-96.818889,1992-02-23 02:00:00,1992-02-23 05:00:00,20.5297,1992-02-23 05:00:00,3.0000
08164600,28.891111,-96.818889,1993-02-10 09:00:00,1993-02-11 17:00:00,27.1842,1993-02-10 21:00:00,12.0000
08164600,28.891111,-96.818889,1993-03-16 05:00:00,1993-03-17 19:00:00,83.2515,1993-03-16 20:00:00,15.0000
08164600,28.891111,-96.818889,1993-03-23 21:00:00,1993-03-24 12:00:00,16.8485,1993-03-24 03:00:00,6.0000
08164600,28.891111,-96.818889,1993-05-05 23:00:00,1993-05-08 10:00:00,171.8833,1993-05-06 18:00:00,19.0000
08164600,28.891111,-96.818889,1993-05-24 04:00:00,1993-05-25 17:00:00,36.8119,1993-05-24 21:00:00,17.0000
08164600,28.891111,-96.818889,1993-05-27 23:00:00,1993-05-28 04:00:00,14.6964,1993-05-28 01:00:00,2.0000
08164600,28.891111,-96.818889,1993-06-12 03:00:00,1993-06-15 12:00:00,54.9347,1993-06-14 14:00:00,59.0000
08164600,28.891111,-96.818889,1993-06-19 22:00:00,1993-06-24 19:00:00,131.3902,1993-06-20 22:00:00,24.0000
08164600,28.891111,-96.818889,1993-06-26 20:00:00,1993-06-28 19:00:00,112.7010,1993-06-27 12:00:00,16.0000
08164600,28.891111,-96.818889,1994-03-16 10:00:00,1994-03-17 11:00:00,25.7966,1994-03-16 22:00:00,12.0000
08164600,28.891111,-96.818889,1994-05-13 04:00:00,1994-05-16 19:00:00,59.4654,1994-05-14 23:00:00,43.0000
08164600,28.891111,-96.818889,1994-10-18 10:00:00,1994-10-19 04:00:00,433.2478,1994-10-19 04:00:00,18.0000
08164600,28.891111,-96.818889,1994-12-02 23:00:00,1994-12-03 11:00:00,20.4448,1994-12-03 02:00:00,3.0000
08164600,28.891111,-96.818889,1995-01-13 22:00:00,1995-01-14 23:00:00,30.5822,1995-01-14 12:00:00,14.0000
08164600,28.891111,-96.818889,1995-03-07 23:00:00,1995-03-08 15:00:00,20.0483,1995-03-08 06:00:00,7.0000
08164600,28.891111,-96.818889,1995-03-14 03:00:00,1995-03-14 08:00:00,13.4788,1995-03-14 05:00:00,2.0000
08164600,28.891111,-96.818889,1996-09-08 22:00:00,1996-09-09 17:00:00,22.4553,1996-09-09 07:00:00,9.0000
08164600,28.891111,-96.818889,1996-09-22 00:00:00,1996-09-22 19:00:00,17.9246,1996-09-22 09:00:00,9.0000
08164600,28.891111,-96.818889,1997-01-21 18:00:00,1997-01-23 09:00:00,41.6258,1997-01-22 12:00:00,18.0000
08164600,28.891111,-96.818889,1997-03-12 07:00:00,1997-03-14 07:00:00,126.2931,1997-03-12 23:00:00,16.0000
08164600,28.891111,-96.818889,1997-03-17 09:00:00,1997-03-20 15:00:00,175.8476,1997-03-18 07:00:00,22.0000
08164600,28.891111,-96.818889,1997-03-26 17:00:00,1997-03-27 14:00:00,32.2812,1997-03-27 06:00:00,13.0000
08164600,28.891111,-96.818889,1997-04-02 17:00:00,1997-04-06 16:00:00,283.1685,1997-04-05 02:00:00,57.0000
08164600,28.891111,-96.818889,1997-05-09 21:00:00,1997-05-11 14:00:00,59.4654,1997-05-10 14:00:00,17.0000
08164600,28.891111,-96.818889,1997-05-22 20:45:00,1997-05-26 17:15:00,38.7941,1997-05-23 11:00:00,14.2500
08164600,28.891111,-96.818889,1997-05-29 06:45:00,1997-05-30 07:45:00,54.3683,1997-05-29 16:45:00,10.0000
08164600,28.891111,-96.818889,1997-06-11 08:30:00,1997-06-12 01:15:00,24.8905,1997-06-11 16:45:00,8.2500
08164600,28.891111,-96.818889,1997-06-22 12:30:00,1997-06-23 20:30:00,39.0772,1997-06-23 07:30:00,19.0000
08164600,28.891111,-96.818889,1997-09-24 11:30:00,1997-09-25 08:30:00,40.2099,1997-09-24 23:00:00,11.5000
08164600,28.891111,-96.818889,1997-10-08 20:00:00,1997-10-15 13:00:00,114.6832,1997-10-12 20:15:00,96.2500
08164600,28.891111,-96.818889,1997-11-12 23:15:00,1997-11-13 09:45:00,14.8947,1997-11-13 03:45:00,4.5000
08164600,28.891111,-96.818889,1998-02-23 03:30:00,1998-02-23 10:45:00,13.1390,1998-02-23 06:45:00,3.2500
08164600,28.891111,-96.818889,1998-03-16 22:30:00,1998-03-18 04:45:00,40.2099,1998-03-17 12:45:00,14.2500
08164600,28.891111,-96.818889,1998-08-23 18:30:00,1998-08-25 04:00:00,40.7763,1998-08-24 10:45:00,16.2500
08164600,28.891111,-96.818889,1998-09-11 08:15:00,1998-09-13 17:30:00,212.6595,1998-09-12 07:45:00,23.5000
08164600,28.891111,-96.818889,1998-09-15 23:45:00,1998-09-18 15:45:00,80.9862,1998-09-17 09:00:00,33.2500
08164600,28.891111,-96.818889,1998-10-06 22:45:00,1998-10-08 02:00:00,20.8695,1998-10-07 12:00:00,13.2500
08164600,28.891111,-96.818889,1998-10-18 19:00:00,1998-10-21 15:15:00,138.7525,1998-10-19 12:15:00,17.2500
08164600,28.891111,-96.818889,1998-11-12 23:15:00,1998-11-16 16:00:00,207.2793,1998-11-14 00:15:00,25.0000
08164600,28.891111,-96.818889,2000-04-03 00:30:00,2000-04-04 20:45:00,18.8024,2000-04-04 10:45:00,34.2500
08164600,28.891111,-96.818889,2000-06-09 19:45:00,2000-06-12 22:30:00,28.6000,2000-06-12 00:30:00,52.7500
08164600,28.891111,-96.818889,2000-11-19 12:30:00,2000-11-20 05:00:00,18.3210,2000-11-19 21:00:00,8.5000
08164600,28.891111,-96.818889,2000-12-27 12:30:00,2000-12-28 00:30:00,17.1883,2000-12-27 18:00:00,5.5000
08164600,28.891111,-96.818889,2001-01-11 13:00:00,2001-01-12 09:30:00,24.2675,2001-01-11 22:15:00,9.2500
08164600,28.891111,-96.818889,2001-08-31 14:00:00,2001-09-03 11:15:00,208.6952,2001-09-01 05:30:00,15.5000
08164600,28.891111,-96.818889,2001-09-06 06:30:00,2001-09-06 22:30:00,20.7846,2001-09-06 13:30:00,7.0000
08164600,28.891111,-96.818889,2001-10-13 20:45:00,2001-10-14 12:00:00,15.3760,2001-10-14 06:15:00,9.5000
08164600,28.891111,-96.818889,2001-11-16 17:15:00,2001-11-18 10:30:00,45.5901,2001-11-17 07:30:00,14.2500
08164600,28.891111,-96.818889,2001-12-02 22:30:00,2001-12-04 17:45:00,80.1367,2001-12-03 17:00:00,18.5000
08164600,28.891111,-96.818889,2001-12-12 17:00:00,2001-12-13 19:00:00,29.7327,2001-12-13 05:15:00,12.2500
08164600,28.891111,-96.818889,2002-04-08 14:30:00,2002-04-09 10:45:00,24.0410,2002-04-08 23:15:00,8.7500
08164600,28.891111,-96.818889,2002-07-14 18:30:00,2002-07-18 17:00:00,129.1248,2002-07-17 11:15:00,64.7500
08164600,28.891111,-96.818889,2002-10-25 04:00:00,2002-10-26 14:30:00,45.0238,2002-10-25 20:00:00,16.0000
08164600,28.891111,-96.818889,2002-10-29 01:15:00,2002-10-30 01:30:00,37.6614,2002-10-29 08:30:00,7.2500
08164600,28.891111,-96.818889,2002-11-04 07:00:00,2002-11-07 01:00:00,84.3842,2002-11-05 08:15:00,25.2500
08164600,28.891111,-96.818889,2002-12-10 08:00:00,2002-12-11 06:30:00,18.2077,2002-12-10 18:15:00,10.2500
08164600,28.891111,-96.818889,2003-01-13 07:45:00,2003-01-14 19:45:00,50.9703,2003-01-13 23:45:00,16.0000
08164600,28.891111,-96.818889,2003-09-15 10:15:00,2003-09-16 11:00:00,33.1307,2003-09-15 21:00:00,10.7500
08164600,28.891111,-96.818889,2003-10-10 20:15:00,2003-10-12 08:45:00,61.1644,2003-10-11 15:15:00,19.0000
08164600,28.891111,-96.818889,2003-11-18 13:30:00,2003-11-20 01:30:00,38.2277,2003-11-19 11:15:00,21.7500
08164600,28.891111,-96.818889,2004-03-15 10:45:00,2004-03-16 15:30:00,26.3630,2004-03-16 03:00:00,16.2500
08164600,28.891111,-96.818889,2004-04-03 05:15:00,2004-04-04 12:00:00,39.3604,2004-04-03 20:45:00,15.5000
08164600,28.891111,-96.818889,2004-04-12 01:15:00,2004-04-13 06:15:00,31.1485,2004-04-12 15:45:00,14.5000
08164600,28.891111,-96.818889,2004-05-01 22:15:00,2004-05-02 04:00:00,13.6204,2004-05-02 00:30:00,2.2500
08164600,28.891111,-96.818889,2004-05-10 00:00:00,2004-05-10 03:15:00,12.9974,2004-05-10 01:30:00,1.5000
08164600,28.891111,-96.818889,2004-05-11 19:30:00,2004-05-16 13:45:00,152.3446,2004-05-14 19:45:00,72.2500
08164600,28.891111,-96.818889,2004-06-08 19:45:00,2004-06-12 07:15:00,58.3327,2004-06-09 14:30:00,18.7500
08164600,28.891111,-96.818889,2004-06-24 21:45:00,2004-06-25 03:30:00,12.8558,2004-06-24 23:15:00,1.5000
08164600,28.891111,-96.818889,2004-06-30 20:45:00,2004-07-02 08:15:00,26.3630,2004-07-01 22:00:00,25.2500
08164600,28.891111,-96.818889,2004-11-18 15:15:00,2004-11-19 16:30:00,16.0273,2004-11-19 03:45:00,12.5000
08164600,28.891111,-96.818889,2004-11-21 03:15:00,2004-11-26 02:15:00,203.8813,2004-11-22 03:15:00,24.0000
08164600,28.891111,-96.818889,2005-01-29 00:00:00,2005-01-29 22:30:00,25.4002,2005-01-29 10:30:00,10.5000
08164600,28.891111,-96.818889,2005-02-01 14:00:00,2005-02-03 07:15:00,29.4495,2005-02-02 11:00:00,21.0000
08164600,28.891111,-96.818889,2005-02-24 23:30:00,2005-02-26 04:15:00,33.6970,2005-02-25 12:30:00,13.0000
08164600,28.891111,-96.818889,2005-02-27 07:00:00,2005-02-28 17:30:00,29.7327,2005-02-28 01:30:00,18.5000
08164600,28.891111,-96.818889,2005-03-06 22:15:00,2005-03-08 09:30:00,31.4317,2005-03-07 16:00:00,17.7500
08164600,28.891111,-96.818889,2005-05-30 15:30:00,2005-05-31 22:30:00,27.6089,2005-05-31 04:45:00,13.2500
08164600,28.891111,-96.818889,2005-06-02 05:15:00,2005-06-02 14:15:00,13.9602,2005-06-02 09:15:00,4.0000
08164600,28.891111,-96.818889,2006-06-02 07:45:00,2006-06-02 23:45:00,12.7143,2006-06-02 10:45:00,3.0000
08164600,28.891111,-96.818889,2006-10-16 16:15:00,2006-10-17 07:30:00,18.2927,2006-10-16 21:45:00,5.5000
08164600,28.891111,-96.818889,2007-01-24 14:15:00,2007-01-26 15:45:00,51.5367,2007-01-25 15:15:00,25.0000
08164600,28.891111,-96.818889,2007-01-27 20:45:00,2007-01-28 23:45:00,22.4269,2007-01-28 11:30:00,14.7500
08164600,28.891111,-96.818889,2007-03-14 11:15:00,2007-03-16 09:15:00,79.0040,2007-03-15 09:30:00,22.2500
08164600,28.891111,-96.818889,2007-03-31 14:00:00,2007-04-01 17:45:00,28.3168,2007-04-01 02:00:00,12.0000
08164600,28.891111,-96.818889,2007-05-11 19:00:00,2007-05-12 12:45:00,21.6624,2007-05-12 03:00:00,8.0000
08164600,28.891111,-96.818889,2007-05-26 14:15:00,2007-05-30 01:30:00,48.7050,2007-05-26 23:15:00,9.0000
08164600,28.891111,-96.818889,2007-06-05 17:15:00,2007-06-06 14:30:00,30.2990,2007-06-05 23:30:00,6.2500
08164600,28.891111,-96.818889,2007-06-25 03:15:00,2007-06-26 20:00:00,41.0594,2007-06-25 22:15:00,19.0000
08164600,28.891111,-96.818889,2007-07-02 08:45:00,2007-07-09 14:15:00,311.4853,2007-07-03 07:15:00,22.5000
08164600,28.891111,-96.818889,2007-07-20 19:30:00,2007-07-23 03:00:00,36.8119,2007-07-21 13:30:00,18.0000
08164600,28.891111,-96.818889,2007-07-25 00:00:00,2007-07-29 08:00:00,65.4119,2007-07-27 02:00:00,50.0000
08164600,28.891111,-96.818889,2007-09-04 09:45:00,2007-09-05 21:15:00,19.0856,2007-09-05 12:15:00,26.5000
08164600,28.891111,-96.818889,2008-03-07 05:30:00,2008-03-08 13:00:00,30.2990,2008-03-07 21:00:00,15.5000
08164600,28.891111,-96.818889,2009-11-21 14:30:00,2009-11-22 13:00:00,24.5507,2009-11-22 03:30:00,13.0000
08164600,28.891111,-96.818889,2009-12-02 07:30:00,2009-12-03 11:30:00,22.0305,2009-12-02 22:30:00,15.0000
08164600,28.891111,-96.818889,2009-12-12 19:45:00,2009-12-13 18:45:00,21.3226,2009-12-13 12:45:00,17.0000
08164600,28.891111,-96.818889,2010-01-15 19:30:00,2010-01-17 19:30:00,62.2971,2010-01-16 17:30:00,22.0000
08164600,28.891111,-96.818889,2010-02-12 02:30:00,2010-02-15 03:00:00,42.4753,2010-02-12 17:45:00,15.2500
08164600,28.891111,-96.818889,2010-04-18 15:15:00,2010-04-19 18:45:00,14.5832,2010-04-19 05:45:00,14.5000
08164600,28.891111,-96.818889,2010-05-15 13:30:00,2010-05-17 04:00:00,62.8634,2010-05-16 11:00:00,21.5000
08164600,28.891111,-96.818889,2010-05-18 21:15:00,2010-05-19 11:30:00,14.9230,2010-05-19 10:00:00,12.7500
08164600,28.891111,-96.818889,2010-07-01 19:15:00,2010-07-03 21:45:00,23.3614,2010-07-02 04:00:00,8.7500
08164600,28.891111,-96.818889,2010-07-08 15:00:00,2010-07-14 14:15:00,97.1268,2010-07-09 17:00:00,26.0000
08164600,28.891111,-96.818889,2010-09-07 10:15:00,2010-09-10 20:15:00,78.7208,2010-09-09 10:30:00,48.2500
08164600,28.891111,-96.818889,2012-07-11 20:00:00,2012-07-13 12:15:00,77.0218,2012-07-12 12:00:00,16.0000
08164600,28.891111,-96.818889,2013-05-26 15:45:00,2013-05-27 01:30:00,32.5644,2013-05-26 19:45:00,4.0000
08164600,28.891111,-96.818889,2014-05-27 20:15:00,2014-05-29 01:00:00,19.7652,2014-05-28 23:15:00,27.0000
08164600,28.891111,-96.818889,2015-03-09 23:00:00,2015-03-11 21:00:00,49.5545,2015-03-10 17:45:00,18.7500
08164600,28.891111,-96.818889,2015-03-18 17:45:00,2015-03-20 10:30:00,51.5367,2015-03-19 22:30:00,28.7500
08164600,28.891111,-96.818889,2015-03-21 15:30:00,2015-03-23 16:15:00,79.8535,2015-03-22 09:30:00,18.0000
08164600,28.891111,-96.818889,2015-04-17 17:15:00,2015-04-19 04:00:00,127.9921,2015-04-19 01:30:00,32.2500
08164600,28.891111,-96.818889,2015-05-16 05:15:00,2015-05-17 12:45:00,26.1081,2015-05-16 21:30:00,16.2500
08164600,28.891111,-96.818889,2015-05-24 16:45:00,2015-05-27 08:15:00,58.0495,2015-05-25 06:30:00,13.7500
08164600,28.891111,-96.818889,2015-06-14 20:00:00,2015-06-20 07:00:00,183.7763,2015-06-18 20:00:00,96.0000
08164600,28.891111,-96.818889,2016-03-10 11:15:00,2016-03-12 07:30:00,40.2099,2016-03-11 07:00:00,19.7500
08164600,28.891111,-96.818889,2016-04-25 08:15:00,2016-04-25 16:30:00,13.7903,2016-04-25 12:00:00,3.7500
08164600,28.891111,-96.818889,2016-05-20 10:45:00,2016-05-21 12:30:00,19.9634,2016-05-20 20:45:00,10.0000
08164600,28.891111,-96.818889,2016-05-28 20:45:00,2016-05-29 19:45:00,19.4820,2016-05-29 08:00:00,11.2500
08164600,28.891111,-96.818889,2016-05-31 05:15:00,2016-06-02 04:45:00,18.7741,2016-05-31 13:00:00,7.7500
08165500,30.069722,-99.321389,1991-12-20 16:15:00,1991-12-22 05:30:00,242.1090,1991-12-21 16:45:00,24.5000
08165500,30.069722,-99.321389,1992-02-25 02:45:00,1992-02-25 03:30:00,42.4753,1992-02-25 03:00:00,0.2500
08165500,30.069722,-99.321389,1992-03-04 11:00:00,1992-03-04 23:00:00,79.2872,1992-03-04 12:00:00,1.0000
08165500,30.069722,-99.321389,1992-05-21 17:15:00,1992-05-21 18:15:00,84.6674,1992-05-21 17:30:00,0.2500
08165500,30.069722,-99.321389,1992-11-19 09:45:00,1992-11-19 11:30:00,61.4476,1992-11-19 10:00:00,0.2500
08165500,30.069722,-99.321389,1994-05-13 17:15:00,1994-05-14 07:00:00,560.6736,1994-05-13 21:00:00,3.7500
08165500,30.069722,-99.321389,1996-09-15 15:15:00,1996-09-15 20:15:00,58.6159,1996-09-15 15:45:00,0.5000
08165500,30.069722,-99.321389,1996-10-28 14:30:00,1996-10-29 07:45:00,1016.5748,1996-10-28 16:45:00,2.2500
08165500,30.069722,-99.321389,1997-06-22 00:30:00,1997-06-23 06:30:00,282.0358,1997-06-22 18:30:00,18.0000
08165500,30.069722,-99.321389,1998-08-23 14:00:00,1998-08-24 03:15:00,688.0994,1998-08-23 17:45:00,3.7500
08165500,30.069722,-99.321389,1999-06-20 20:30:00,1999-06-21 02:45:00,84.3842,1999-06-20 23:45:00,3.2500
08165500,30.069722,-99.321389,2000-10-23 14:30:00,2000-10-24 11:00:00,1526.2780,2000-10-23 18:45:00,4.2500
08165500,30.069722,-99.321389,2000-11-04 00:00:00,2000-11-04 15:00:00,549.3468,2000-11-04 01:15:00,1.2500
08165500,30.069722,-99.321389,2000-11-06 03:00:00,2000-11-06 16:15:00,158.5743,2000-11-06 06:45:00,3.7500
08165500,30.069722,-99.321389,2001-09-05 21:30:00,2001-09-05 23:30:00,56.0674,2001-09-05 22:30:00,1.0000
08165500,30.069722,-99.321389,2001-11-15 12:00:00,2001-11-17 03:45:00,713.5845,2001-11-15 20:15:00,8.2500
08165500,30.069722,-99.321389,2002-07-02 11:30:00,2002-07-02 14:30:00,201.6159,2002-07-02 12:00:00,0.5000
08165500,30.069722,-99.321389,2002-07-04 10:45:00,2002-07-06 03:45:00,572.0003,2002-07-05 13:45:00,27.0000
08165500,30.069722,-99.321389,2003-10-12 01:15:00,2003-10-12 07:00:00,229.3665,2003-10-12 02:15:00,1.0000
08165500,30.069722,-99.321389,2004-04-06 09:45:00,2004-04-07 02:45:00,787.2083,2004-04-06 14:00:00,4.2500
08165500,30.069722,-99.321389,2004-06-09 12:15:00,2004-06-09 22:30:00,470.0597,2004-06-09 14:45:00,2.5000
08165500,30.069722,-99.321389,2004-06-22 10:15:00,2004-06-22 16:30:00,187.1744,2004-06-22 11:45:00,1.5000
08165500,30.069722,-99.321389,2007-05-25 07:00:00,2007-05-26 05:15:00,379.4457,2007-05-25 08:00:00,1.0000
08165500,30.069722,-99.321389,2007-07-21 17:30:00,2007-07-21 20:00:00,57.2000,2007-07-21 18:00:00,0.5000
08165500,30.069722,-99.321389,2010-04-16 02:45:00,2010-04-16 16:30:00,821.1886,2010-04-16 04:00:00,1.2500
08165500,30.069722,-99.321389,2012-03-20 04:30:00,2012-03-20 09:15:00,59.1822,2012-03-20 05:30:00,1.0000
08165500,30.069722,-99.321389,2012-05-11 00:15:00,2012-05-11 07:30:00,95.7109,2012-05-11 04:00:00,3.7500
08165500,30.069722,-99.321389,2014-05-26 06:30:00,2014-05-26 09:15:00,83.8179,2014-05-26 07:15:00,0.7500
08165500,30.069722,-99.321389,2015-04-17 23:15:00,2015-04-17 23:45:00,50.4040,2015-04-17 23:30:00,0.2500
08165500,30.069722,-99.321389,2015-05-24 15:15:00,2015-05-24 18:00:00,62.0139,2015-05-24 16:00:00,0.7500
08165500,30.069722,-99.321389,2016-05-29 04:00:00,2016-05-29 04:30:00,50.4040,2016-05-29 04:15:00,0.2500
08166000,30.100000,-99.282778,2000-10-23 20:15:00,2000-10-23 21:30:00,464.3963,2000-10-23 20:45:00,0.5000
08166000,30.100000,-99.282778,2001-11-15 18:45:00,2001-11-15 19:15:00,328.4754,2001-11-15 19:00:00,0.2500
08166000,30.100000,-99.282778,2002-07-05 13:45:00,2002-07-05 16:15:00,787.2083,2002-07-05 14:30:00,0.7500
08166000,30.100000,-99.282778,2004-06-09 12:30:00,2004-06-09 14:15:00,458.7329,2004-06-09 12:45:00,0.2500
08166000,30.100000,-99.282778,2007-05-25 06:15:00,2007-05-25 10:00:00,1059.0501,2007-05-25 07:00:00,0.7500
08167000,29.969444,-98.892500,1991-09-15 12:00:00,1991-09-15 17:00:00,283.1685,1991-09-15 13:00:00,1.0000
08167000,29.969444,-98.892500,1991-12-20 03:00:00,1991-12-22 05:00:00,1548.9315,1991-12-20 12:00:00,9.0000
08167000,29.969444,-98.892500,1992-02-04 01:00:00,1992-02-05 01:32:00,272.4081,1992-02-04 07:00:00,6.0000
08167000,29.969444,-98.892500,1992-03-04 08:00:00,1992-03-05 05:00:00,370.9507,1992-03-04 12:00:00,4.0000
08167000,29.969444,-98.892500,1992-05-21 21:00:00,1992-05-22 00:00:00,115.8159,1992-05-21 22:00:00,1.0000
08167000,29.969444,-98.892500,1994-05-14 02:00:00,1994-05-14 13:00:00,535.1884,1994-05-14 06:00:00,4.0000
08167000,29.969444,-98.892500,1996-10-28 04:00:00,1996-10-29 05:00:00,1384.6938,1996-10-28 23:00:00,19.0000
08167000,29.969444,-98.892500,1997-02-20 20:00:00,1997-02-21 09:00:00,713.5845,1997-02-21 01:00:00,5.0000
08167000,29.969444,-98.892500,1997-04-04 08:00:00,1997-04-04 13:00:00,365.2873,1997-04-04 09:00:00,1.0000
08167000,29.969444,-98.892500,1997-06-22 04:00:00,1997-06-23 04:00:00,2086.9516,1997-06-22 10:00:00,6.0000
08167000,29.969444,-98.892500,1998-03-16 09:00:00,1998-03-16 23:00:00,204.1645,1998-03-16 11:00:00,2.0000
08167000,29.969444,-98.892500,2000-11-03 01:00:00,2000-11-03 05:45:00,164.5209,2000-11-03 05:00:00,4.0000
08167000,29.969444,-98.892500,2000-11-04 07:00:00,2000-11-04 21:15:00,639.9607,2000-11-04 10:30:00,3.5000
08167000,29.969444,-98.892500,2000-11-06 06:15:00,2000-11-06 22:30:00,356.7923,2000-11-06 13:45:00,7.5000
08167000,29.969444,-98.892500,2001-11-15 16:30:00,2001-11-17 10:00:00,1124.1788,2001-11-16 02:15:00,9.7500
08167000,29.969444,-98.892500,2002-06-30 15:45:00,2002-07-07 11:00:00,3624.5564,2002-07-04 15:30:00,95.7500
08167000,29.969444,-98.892500,2002-07-13 21:45:00,2002-07-14 01:45:00,359.6240,2002-07-13 22:30:00,0.7500
08167000,29.969444,-98.892500,2002-07-16 20:15:00,2002-07-16 22:00:00,121.1961,2002-07-16 21:15:00,1.0000
08167000,29.969444,-98.892500,2002-10-08 02:30:00,2002-10-08 02:45:00,111.8515,2002-10-08 02:45:00,0.2500
08167000,29.969444,-98.892500,2003-10-12 10:00:00,2003-10-12 14:30:00,166.7862,2003-10-12 11:45:00,1.7500
08167000,29.969444,-98.892500,2004-04-06 13:45:00,2004-04-07 10:15:00,1214.7927,2004-04-06 18:00:00,4.2500
08167000,29.969444,-98.892500,2004-06-09 18:15:00,2004-06-10 08:45:00,1574.4167,2004-06-09 20:00:00,1.7500
08167000,29.969444,-98.892500,2004-06-22 18:00:00,2004-06-23 00:30:00,264.7625,2004-06-22 20:15:00,2.2500
08167000,29.969444,-98.892500,2004-06-24 11:15:00,2004-06-24 12:00:00,112.7010,2004-06-24 11:30:00,0.2500
08167000,29.969444,-98.892500,2004-10-23 07:30:00,2004-10-23 14:00:00,464.3963,2004-10-23 10:45:00,3.2500
08167000,29.969444,-98.892500,2004-11-17 02:00:00,2004-11-17 09:00:00,213.7922,2004-11-17 03:30:00,1.5000
08167000,29.969444,-98.892500,2007-03-26 19:45:00,2007-03-27 05:30:00,475.7230,2007-03-26 23:15:00,3.5000
08167000,29.969444,-98.892500,2007-03-30 18:45:00,2007-03-31 03:00:00,620.1389,2007-03-30 19:45:00,1.0000
08167000,29.969444,-98.892500,2007-05-25 11:00:00,2007-05-26 14:15:00,1209.1293,2007-05-25 14:15:00,3.2500
08167000,29.969444,-98.892500,2007-05-28 06:15:00,2007-05-28 08:45:00,135.0714,2007-05-28 07:15:00,1.0000
08167000,29.969444,-98.892500,2007-07-21 16:45:00,2007-07-22 02:30:00,319.9804,2007-07-21 20:00:00,3.2500
08167000,29.969444,-98.892500,2007-08-17 00:45:00,2007-08-18 02:45:00,1778.2980,2007-08-17 05:15:00,4.5000
08167000,29.969444,-98.892500,2007-09-05 03:45:00,2007-09-05 09:00:00,365.2873,2007-09-05 05:15:00,1.5000
08167000,29.969444,-98.892500,2010-04-16 10:30:00,2010-04-17 00:00:00,863.6638,2010-04-16 12:15:00,1.7500
08167000,29.969444,-98.892500,2012-03-20 09:30:00,2012-03-20 18:15:00,195.1031,2012-03-20 12:15:00,2.7500
08167000,29.969444,-98.892500,2012-05-11 12:15:00,2012-05-11 15:15:00,127.4258,2012-05-11 13:45:00,1.5000
08167000,29.969444,-98.892500,2015-05-17 15:45:00,2015-05-17 19:30:00,148.9466,2015-05-17 17:15:00,1.5000
08167000,29.969444,-98.892500,2015-05-23 23:15:00,2015-05-25 06:30:00,2055.8031,2015-05-24 02:45:00,3.5000
08167000,29.969444,-98.892500,2016-05-18 07:00:00,2016-05-20 05:30:00,319.9804,2016-05-19 18:00:00,35.0000
08167000,29.969444,-98.892500,2016-05-29 06:30:00,2016-05-31 03:45:00,2372.9517,2016-05-29 08:45:00,2.2500
08167000,29.969444,-98.892500,2016-06-02 04:15:00,2016-06-02 04:45:00,121.7624,2016-06-02 04:45:00,0.5000
08171000,29.994167,-98.088611,1997-04-04 14:30:00,1997-04-04 19:15:00,591.8221,1997-04-04 16:00:00,1.5000
08171000,29.994167,-98.088611,1997-05-28 08:45:00,1997-05-28 12:00:00,291.6635,1997-05-28 10:00:00,1.2500
08171000,29.994167,-98.088611,1997-06-07 05:15:00,1997-06-07 09:30:00,390.7725,1997-06-07 07:00:00,1.7500
08171000,29.994167,-98.088611,1997-06-09 06:30:00,1997-06-09 14:00:00,965.6045,1997-06-09 07:45:00,1.2500
08171000,29.994167,-98.088611,1998-03-16 15:00:00,1998-03-16 21:00:00,659.7825,1998-03-16 17:15:00,2.2500
08171000,29.994167,-98.088611,1998-10-17 15:30:00,1998-10-18 20:45:00,2506.0409,1998-10-17 19:15:00,3.7500
08171000,29.994167,-98.088611,2000-11-03 03:15:00,2000-11-03 19:00:00,382.2774,2000-11-03 03:45:00,0.5000
08171000,29.994167,-98.088611,2001-11-15 20:30:00,2001-11-16 10:30:00,3058.2194,2001-11-16 01:15:00,4.7500
08171000,29.994167,-98.088611,2002-06-30 22:00:00,2002-07-01 06:00:00,637.1290,2002-06-30 23:45:00,1.7500
08171000,29.994167,-98.088611,2002-07-02 15:15:00,2002-07-07 04:30:00,2336.1398,2002-07-05 14:30:00,71.2500
08171000,29.994167,-98.088611,2004-06-09 22:45:00,2004-06-10 05:15:00,242.1090,2004-06-10 03:00:00,4.2500
08171000,29.994167,-98.088611,2004-06-30 11:45:00,2004-06-30 13:45:00,234.7467,2004-06-30 12:30:00,0.7500
08171000,29.994167,-98.088611,2004-10-23 13:45:00,2004-10-23 21:00:00,727.7430,2004-10-23 17:30:00,3.7500
08171000,29.994167,-98.088611,2004-11-15 00:15:00,2004-11-15 03:45:00,336.9705,2004-11-15 02:00:00,1.7500
08171000,29.994167,-98.088611,2004-11-17 09:45:00,2004-11-18 06:15:00,962.7728,2004-11-17 14:30:00,4.7500
08171000,29.994167,-98.088611,2004-11-22 15:00:00,2004-11-23 03:30:00,317.1487,2004-11-22 22:00:00,7.0000
08171000,29.994167,-98.088611,2007-03-12 08:00:00,2007-03-12 13:45:00,1044.8916,2007-03-12 09:15:00,1.2500
08171000,29.994167,-98.088611,2007-03-27 03:30:00,2007-03-27 07:45:00,351.1289,2007-03-27 05:00:00,1.5000
08171000,29.994167,-98.088611,2007-03-30 20:45:00,2007-03-31 01:00:00,410.5943,2007-03-30 22:30:00,1.7500
08171000,29.994167,-98.088611,2007-05-03 12:15:00,2007-05-03 15:45:00,234.7467,2007-05-03 14:15:00,2.0000
08171000,29.994167,-98.088611,2007-07-21 09:00:00,2007-07-22 02:15:00,387.9408,2007-07-21 09:45:00,0.7500
08171000,29.994167,-98.088611,2007-08-17 11:30:00,2007-08-17 12:30:00,195.1031,2007-08-17 12:00:00,0.5000
08171000,29.994167,-98.088611,2010-09-09 01:15:00,2010-09-09 02:30:00,192.8377,2010-09-09 01:30:00,0.2500
08171000,29.994167,-98.088611,2013-10-31 05:45:00,2013-10-31 12:45:00,2146.4170,2013-10-31 09:00:00,3.2500
08171000,29.994167,-98.088611,2015-05-26 05:00:00,2015-05-26 12:15:00,225.6853,2015-05-26 07:30:00,2.5000
08171000,29.994167,-98.088611,2015-10-30 12:45:00,2015-10-30 21:45:00,2010.4961,2015-10-30 15:15:00,2.5000
08178880,29.723611,-99.069722,1987-05-29 11:00:00,1987-05-30 09:00:00,971.2678,1987-05-29 15:00:00,4.0000
08178880,29.723611,-99.069722,1987-06-03 16:00:00,1987-06-06 23:00:00,1580.0800,1987-06-03 19:00:00,3.0000
08178880,29.723611,-99.069722,1991-12-20 03:00:00,1991-12-22 05:00:00,487.0498,1991-12-21 12:00:00,33.0000
08178880,29.723611,-99.069722,1992-02-04 04:00:00,1992-02-04 07:00:00,101.3743,1992-02-04 06:00:00,2.0000
08178880,29.723611,-99.069722,1992-03-04 09:00:00,1992-03-05 00:00:00,128.5585,1992-03-04 21:00:00,12.0000
08178880,29.723611,-99.069722,1992-03-28 03:00:00,1992-03-28 05:00:00,111.2852,1992-03-28 05:00:00,2.0000
08178880,29.723611,-99.069722,1992-05-21 21:00:00,1992-05-22 04:00:00,232.1981,1992-05-22 00:00:00,3.0000
08178880,29.723611,-99.069722,1992-05-27 09:00:00,1992-05-27 12:00:00,119.2139,1992-05-27 10:00:00,1.0000
08178880,29.723611,-99.069722,1992-06-09 16:00:00,1992-06-09 22:00:00,109.8694,1992-06-09 20:00:00,4.0000
08178880,29.723611,-99.069722,1995-09-22 04:00:00,1995-09-22 05:00:00,88.0654,1995-09-22 05:00:00,1.0000
08178880,29.723611,-99.069722,1996-10-29 02:00:00,1996-10-29 04:00:00,118.3644,1996-10-29 03:00:00,1.0000
08178880,29.723611,-99.069722,1997-04-04 08:00:00,1997-04-04 12:45:00,218.0397,1997-04-04 10:30:00,2.5000
08178880,29.723611,-99.069722,1997-06-21 19:45:00,1997-06-23 16:45:00,1472.4760,1997-06-22 10:15:00,14.5000
08178880,29.723611,-99.069722,1998-03-16 07:45:00,1998-03-16 18:15:00,150.3625,1998-03-16 09:00:00,1.2500
08178880,29.723611,-99.069722,1998-08-23 19:15:00,1998-08-24 04:15:00,294.4952,1998-08-24 00:00:00,4.7500
08178880,29.723611,-99.069722,1998-10-02 12:15:00,1998-10-02 18:15:00,314.3170,1998-10-02 14:00:00,1.7500
08178880,29.723611,-99.069722,2000-10-23 15:30:00,2000-10-24 11:15:00,1025.0698,2000-10-24 00:15:00,8.7500
08178880,29.723611,-99.069722,2000-11-03 07:30:00,2000-11-04 16:15:00,308.6536,2000-11-04 10:00:00,26.5000
08178880,29.723611,-99.069722,2000-11-06 10:15:00,2000-11-06 17:15:00,156.0258,2000-11-06 13:15:00,3.0000
08178880,29.723611,-99.069722,2001-09-06 12:00:00,2001-09-06 22:15:00,146.1149,2001-09-06 13:15:00,1.2500
08178880,29.723611,-99.069722,2001-11-15 08:30:00,2001-11-15 11:45:00,135.6377,2001-11-15 09:15:00,0.7500
08178880,29.723611,-99.069722,2002-07-13 23:45:00,2002-07-14 01:30:00,112.9842,2002-07-14 00:30:00,0.7500
08178880,29.723611,-99.069722,2002-07-17 00:15:00,2002-07-17 02:30:00,106.7545,2002-07-17 01:15:00,1.0000
08178880,29.723611,-99.069722,2002-09-08 00:00:00,2002-09-08 03:45:00,92.5961,2002-09-08 02:30:00,2.5000
08178880,29.723611,-99.069722,2004-04-06 17:45:00,2004-04-07 04:00:00,314.3170,2004-04-06 21:30:00,3.7500
08178880,29.723611,-99.069722,2004-04-24 07:45:00,2004-04-24 09:45:00,100.8080,2004-04-24 08:30:00,0.7500
08178880,29.723611,-99.069722,2004-06-09 17:45:00,2004-06-10 06:15:00,699.4261,2004-06-09 19:30:00,1.7500
08178880,29.723611,-99.069722,2004-06-30 09:30:00,2004-06-30 20:45:00,280.6199,2004-06-30 13:30:00,4.0000
08178880,29.723611,-99.069722,2007-03-26 21:00:00,2007-03-27 02:00:00,192.2714,2007-03-26 23:00:00,2.0000
08178880,29.723611,-99.069722,2007-03-30 20:30:00,2007-03-31 01:30:00,251.4536,2007-03-30 22:00:00,1.5000
08178880,29.723611,-99.069722,2007-05-25 17:00:00,2007-05-26 09:45:00,325.6437,2007-05-25 19:45:00,2.7500
08178880,29.723611,-99.069722,2007-05-27 13:00:00,2007-05-27 21:00:00,164.2377,2007-05-27 15:30:00,2.5000
08178880,29.723611,-99.069722,2007-07-21 13:30:00,2007-07-22 08:30:00,396.4359,2007-07-21 17:45:00,4.2500
08178880,29.723611,-99.069722,2007-08-17 00:15:00,2007-08-17 21:45:00,174.1486,2007-08-17 07:45:00,7.5000
08178880,29.723611,-99.069722,2010-04-16 06:45:00,2010-04-16 21:45:00,628.6340,2010-04-16 11:00:00,4.2500
08178880,29.723611,-99.069722,2012-03-20 10:15:00,2012-03-20 15:45:00,279.2041,2012-03-20 12:00:00,1.7500
08178880,29.723611,-99.069722,2014-05-26 15:45:00,2014-05-26 18:00:00,103.0733,2014-05-26 16:45:00,1.0000
08178880,29.723611,-99.069722,2015-05-17 14:45:00,2015-05-17 19:45:00,165.0872,2015-05-17 17:00:00,2.2500
08178880,29.723611,-99.069722,2015-05-23 23:00:00,2015-05-25 13:45:00,1322.3967,2015-05-24 04:45:00,5.7500
08178880,29.723611,-99.069722,2016-05-19 16:00:00,2016-05-19 21:15:00,119.2139,2016-05-19 19:00:00,3.0000
08178880,29.723611,-99.069722,2016-05-29 06:45:00,2016-06-01 08:30:00,764.5549,2016-05-29 10:00:00,3.2500
08192000,29.123611,-99.894444,1996-10-28 22:30:00,1996-10-30 18:00:00,5691.6862,1996-10-29 05:30:00,7.0000
08192000,29.123611,-99.894444,1997-06-17 08:00:00,1997-06-17 11:30:00,236.1625,1997-06-17 09:00:00,1.0000
08192000,29.123611,-99.894444,1997-06-22 21:30:00,1997-06-24 17:30:00,2888.3184,1997-06-23 00:30:00,3.0000
08192000,29.123611,-99.894444,1998-08-18 19:15:00,1998-08-19 02:15:00,399.2675,1998-08-18 20:15:00,1.0000
08192000,29.123611,-99.894444,1998-08-23 15:45:00,1998-08-26 17:45:00,2355.9616,1998-08-24 03:45:00,12.0000
08192000,29.123611,-99.894444,1998-10-18 15:30:00,1998-10-18 20:15:00,288.8318,1998-10-18 18:15:00,2.7500
08192000,29.123611,-99.894444,2000-10-24 13:00:00,2000-10-24 17:30:00,387.9408,2000-10-24 14:30:00,1.5000
08192000,29.123611,-99.894444,2000-11-04 12:15:00,2000-11-04 19:45:00,370.9507,2000-11-04 14:00:00,1.7500
08192000,29.123611,-99.894444,2002-07-02 21:15:00,2002-07-03 05:45:00,614.4756,2002-07-02 23:45:00,2.5000
08192000,29.123611,-99.894444,2004-04-06 21:15:00,2004-04-07 08:45:00,569.1686,2004-04-07 02:30:00,5.2500
08192000,29.123611,-99.894444,2004-06-29 22:30:00,2004-06-30 08:45:00,991.0896,2004-06-30 01:30:00,3.0000
08192000,29.123611,-99.894444,2004-11-17 09:30:00,2004-11-18 14:00:00,1189.3076,2004-11-17 21:45:00,12.2500
08192000,29.123611,-99.894444,2007-07-21 19:15:00,2007-07-22 06:15:00,2268.1794,2007-07-21 23:00:00,3.7500
08192000,29.123611,-99.894444,2015-05-24 14:00:00,2015-05-25 07:00:00,317.1487,2015-05-25 02:30:00,12.5000
08197500,29.245556,-99.674167,1995-09-22 05:00:00,1995-09-22 11:30:00,475.7230,1995-09-22 06:00:00,1.0000
08197500,29.245556,-99.674167,1996-10-28 20:30:00,1996-10-29 10:30:00,1891.5654,1996-10-29 01:30:00,5.0000
08197500,29.245556,-99.674167,1997-06-22 15:30:00,1997-06-23 11:30:00,2217.2091,1997-06-22 17:30:00,2.0000
08197500,29.245556,-99.674167,1998-10-18 13:30:00,1998-10-18 18:00:00,790.0400,1998-10-18 14:45:00,1.2500
08197500,29.245556,-99.674167,2000-10-24 05:15:00,2000-10-24 11:15:00,858.0005,2000-10-24 07:00:00,1.7500
08197500,29.245556,-99.674167,2001-11-16 01:15:00,2001-11-16 09:45:00,1016.5748,2001-11-16 05:15:00,4.0000
08197500,29.245556,-99.674167,2004-04-06 21:15:00,2004-04-07 03:00:00,1005.2481,2004-04-06 22:30:00,1.2500
08197500,29.245556,-99.674167,2004-06-29 17:15:00,2004-06-30 04:15:00,2047.3080,2004-06-29 19:00:00,1.7500
08197500,29.245556,-99.674167,2007-07-21 16:15:00,2007-07-22 01:30:00,2098.2783,2007-07-21 18:45:00,2.5000
08197500,29.245556,-99.674167,2015-05-24 03:45:00,2015-05-25 00:00:00,818.3569,2015-05-24 15:15:00,11.5000
08198500,29.314168,-99.480280,1996-10-29 03:00:00,1996-10-29 06:30:00,167.3526,1996-10-29 03:30:00,0.5000
08198500,29.314168,-99.480280,1997-04-04 08:30:00,1997-04-04 10:30:00,102.7902,1997-04-04 09:00:00,0.5000
08198500,29.314168,-99.480280,1997-06-22 13:30:00,1997-06-23 19:30:00,2095.4466,1997-06-22 16:00:00,2.5000
08198500,29.314168,-99.480280,1998-08-23 12:45:00,1998-08-24 05:15:00,557.8419,1998-08-23 20:30:00,7.7500
08198500,29.314168,-99.480280,1998-10-18 11:30:00,1998-10-18 17:15:00,189.4397,1998-10-18 12:30:00,1.0000
08198500,29.314168,-99.480280,2000-10-24 03:00:00,2000-10-24 09:45:00,185.1922,2000-10-24 04:30:00,1.5000
08198500,29.314168,-99.480280,2000-11-04 08:30:00,2000-11-04 14:45:00,138.7525,2000-11-04 09:45:00,1.2500
08198500,29.314168,-99.480280,2000-11-06 09:15:00,2000-11-06 18:15:00,129.6912,2000-11-06 11:30:00,2.2500
08198500,29.314168,-99.480280,2001-09-07 00:00:00,2001-09-07 00:30:00,54.6515,2001-09-07 00:15:00,0.2500
08198500,29.314168,-99.480280,2002-07-02 18:15:00,2002-07-07 08:45:00,3369.7047,2002-07-02 20:45:00,2.5000
08198500,29.314168,-99.480280,2004-03-15 15:00:00,2004-03-15 16:30:00,65.1287,2004-03-15 15:30:00,0.5000
08198500,29.314168,-99.480280,2004-06-29 18:00:00,2004-06-30 19:15:00,645.6241,2004-06-30 10:30:00,16.5000
08198500,29.314168,-99.480280,2007-05-25 20:30:00,2007-05-26 05:00:00,168.2021,2007-05-26 00:00:00,3.5000
08198500,29.314168,-99.480280,2007-07-21 13:30:00,2007-07-22 04:15:00,1189.3076,2007-07-21 17:00:00,3.5000
08198500,29.314168,-99.480280,2010-04-16 07:15:00,2010-04-16 17:30:00,237.0120,2010-04-16 10:45:00,3.5000
08198500,29.314168,-99.480280,2012-05-11 10:30:00,2012-05-11 11:15:00,67.6773,2012-05-11 10:45:00,0.2500
08198500,29.314168,-99.480280,2014-05-26 20:00:00,2014-05-27 03:15:00,291.6635,2014-05-26 21:00:00,1.0000
08198500,29.314168,-99.480280,2015-05-24 04:30:00,2015-05-25 01:45:00,447.4062,2015-05-24 06:30:00,2.0000
08198500,29.314168,-99.480280,2016-05-29 15:15:00,2016-05-29 19:30:00,95.4278,2016-05-29 16:45:00,1.5000
08200000,29.570003,-99.247502,1991-12-20 13:30:00,1991-12-21 19:00:00,314.3170,1991-12-21 14:45:00,25.2500
08200000,29.570003,-99.247502,1992-03-04 10:15:00,1992-03-04 12:00:00,261.6477,1992-03-04 11:00:00,0.7500
08200000,29.570003,-99.247502,1992-05-27 07:15:00,1992-05-27 09:30:00,464.3963,1992-05-27 08:15:00,1.0000
08200000,29.570003,-99.247502,1992-06-09 14:00:00,1992-06-09 15:45:00,365.2873,1992-06-09 14:45:00,0.7500
08200000,29.570003,-99.247502,1997-04-04 06:30:00,1997-04-04 08:15:00,393.6042,1997-04-04 07:15:00,0.7500
08200000,29.570003,-99.247502,1998-08-23 11:15:00,1998-08-23 14:15:00,464.3963,1998-08-23 12:45:00,1.5000
08200000,29.570003,-99.247502,2000-10-17 15:45:00,2000-10-17 17:45:00,521.0300,2000-10-17 16:30:00,0.7500
08200000,29.570003,-99.247502,2002-07-02 14:30:00,2002-07-02 16:45:00,362.4556,2002-07-02 15:15:00,0.7500
08200000,29.570003,-99.247502,2002-07-04 07:00:00,2002-07-04 14:45:00,679.6043,2002-07-04 08:15:00,1.2500
08200000,29.570003,-99.247502,2004-06-30 08:00:00,2004-06-30 12:00:00,1540.4365,2004-06-30 10:30:00,2.5000
08200000,29.570003,-99.247502,2007-03-30 17:30:00,2007-03-30 18:30:00,393.6042,2007-03-30 17:45:00,0.2500
08200000,29.570003,-99.247502,2007-04-30 15:45:00,2007-04-30 16:15:00,233.3308,2007-04-30 16:00:00,0.2500
08200000,29.570003,-99.247502,2007-05-25 16:15:00,2007-05-25 17:15:00,235.8793,2007-05-25 16:30:00,0.2500
08200000,29.570003,-99.247502,2007-07-21 11:00:00,2007-07-21 17:30:00,1446.9909,2007-07-21 13:00:00,2.0000
08200000,29.570003,-99.247502,2015-05-23 23:30:00,2015-05-24 10:30:00,1189.3076,2015-05-24 02:00:00,2.5000
08200000,29.570003,-99.247502,2016-05-29 07:15:00,2016-05-29 08:30:00,339.8022,2016-05-29 07:30:00,0.2500
08200720,29.376111,-99.116667,2007-07-21 13:45:00,2007-07-21 23:00:00,1710.3375,2007-07-21 16:45:00,3.0000
08200720,29.376111,-99.116667,2007-08-17 04:15:00,2007-08-17 07:15:00,160.2734,2007-08-17 05:30:00,1.2500
08071000,30.232500,-95.168056,1999-05-12 20:15:00,1999-05-13 04:45:00,29.7327,1999-05-13 04:45:00,8.5000
08071000,30.232500,-95.168056,1999-06-16 16:15:00,1999-06-16 21:15:00,20.2465,1999-06-16 18:45:00,2.5000
08071000,30.232500,-95.168056,2000-05-03 07:00:00,2000-05-03 10:00:00,18.3776,2000-05-03 07:30:00,0.5000
08071000,30.232500,-95.168056,2000-11-25 00:00:00,2000-11-25 23:00:00,30.8654,2000-11-25 08:00:00,8.0000
08071000,30.232500,-95.168056,2001-01-19 12:00:00,2001-01-20 08:15:00,24.3242,2001-01-19 18:30:00,6.5000
08071000,30.232500,-95.168056,2001-03-02 22:30:00,2001-03-05 07:15:00,38.5109,2001-03-04 01:15:00,26.7500
08071000,30.232500,-95.168056,2001-03-12 15:15:00,2001-03-14 07:15:00,31.4317,2001-03-12 23:45:00,8.5000
08071000,30.232500,-95.168056,2001-03-15 15:00:00,2001-03-16 19:45:00,30.8654,2001-03-16 01:00:00,10.0000
08071000,30.232500,-95.168056,2001-03-28 16:30:00,2001-03-30 02:30:00,26.0515,2001-03-29 01:15:00,8.7500
08071000,30.232500,-95.168056,2001-06-09 12:45:00,2001-06-12 02:15:00,200.7664,2001-06-10 09:15:00,20.5000
08071000,30.232500,-95.168056,2001-10-13 20:30:00,2001-10-15 09:45:00,36.5287,2001-10-14 13:45:00,17.2500
08071000,30.232500,-95.168056,2001-12-12 11:45:00,2001-12-15 01:15:00,50.1208,2001-12-14 00:15:00,36.5000
08071000,30.232500,-95.168056,2001-12-17 05:00:00,2001-12-18 21:15:00,64.8456,2001-12-17 17:15:00,12.2500
08071000,30.232500,-95.168056,2002-04-08 23:30:00,2002-04-10 06:00:00,33.9802,2002-04-09 12:15:00,12.7500
08071000,30.232500,-95.168056,2002-11-04 04:00:00,2002-11-07 16:30:00,155.4595,2002-11-05 05:45:00,25.7500
08071000,30.232500,-95.168056,2002-12-13 09:00:00,2002-12-14 19:30:00,31.7149,2002-12-13 17:00:00,8.0000
08071000,30.232500,-95.168056,2002-12-25 02:30:00,2002-12-25 12:30:00,20.8978,2002-12-25 06:45:00,4.2500
08071000,30.232500,-95.168056,2003-02-21 22:45:00,2003-02-24 04:45:00,42.4753,2003-02-22 18:30:00,19.7500
08071000,30.232500,-95.168056,2003-11-17 03:30:00,2003-11-20 17:00:00,171.3169,2003-11-18 16:15:00,36.7500
08071000,30.232500,-95.168056,2004-01-17 13:15:00,2004-01-20 00:45:00,47.8555,2004-01-18 10:15:00,21.0000
08071000,30.232500,-95.168056,2004-01-25 18:45:00,2004-01-27 19:30:00,43.3248,2004-01-26 15:00:00,20.2500
08071000,30.232500,-95.168056,2004-02-11 06:00:00,2004-02-15 15:45:00,63.4297,2004-02-12 13:45:00,31.7500
08071000,30.232500,-95.168056,2004-03-02 11:45:00,2004-03-03 01:00:00,19.7652,2004-03-02 18:15:00,6.5000
08071000,30.232500,-95.168056,2004-05-01 19:30:00,2004-05-04 09:00:00,135.6377,2004-05-02 13:45:00,18.2500
08071000,30.232500,-95.168056,2004-05-13 23:45:00,2004-05-16 15:00:00,59.7485,2004-05-14 21:15:00,21.5000
08071000,30.232500,-95.168056,2004-06-09 11:15:00,2004-06-10 01:30:00,21.1810,2004-06-09 16:45:00,5.5000
08071000,30.232500,-95.168056,2004-06-16 15:15:00,2004-06-18 23:00:00,52.6693,2004-06-17 17:15:00,26.0000
08071000,30.232500,-95.168056,2004-06-28 13:15:00,2004-06-29 22:30:00,43.6079,2004-06-29 01:45:00,12.5000
08071000,30.232500,-95.168056,2004-07-02 22:30:00,2004-07-03 14:45:00,25.9665,2004-07-03 04:15:00,5.7500
08071000,30.232500,-95.168056,2004-11-17 23:00:00,2004-11-20 11:30:00,99.6753,2004-11-18 07:45:00,8.7500
08071000,30.232500,-95.168056,2004-11-23 00:30:00,2004-11-26 19:00:00,58.8990,2004-11-24 07:00:00,30.5000
08071000,30.232500,-95.168056,2005-01-14 05:00:00,2005-01-14 16:15:00,21.2660,2005-01-14 10:00:00,5.0000
08071000,30.232500,-95.168056,2005-02-01 13:00:00,2005-02-03 21:45:00,30.5822,2005-02-02 09:45:00,20.7500
08071000,30.232500,-95.168056,2005-02-08 05:00:00,2005-02-11 02:15:00,47.5723,2005-02-09 14:15:00,33.2500
08071000,30.232500,-95.168056,2005-02-14 19:00:00,2005-02-14 23:00:00,18.3210,2005-02-14 19:30:00,0.5000
08071000,30.232500,-95.168056,2005-02-25 02:30:00,2005-02-26 13:30:00,41.6258,2005-02-25 14:30:00,12.0000
08071000,30.232500,-95.168056,2005-03-22 06:30:00,2005-03-22 09:30:00,18.4060,2005-03-22 08:00:00,1.5000
08071000,30.232500,-95.168056,2006-10-16 16:45:00,2006-10-21 13:00:00,147.5308,2006-10-17 22:45:00,30.0000
08071000,30.232500,-95.168056,2006-10-27 02:00:00,2006-10-29 06:30:00,122.6119,2006-10-27 10:15:00,8.2500
08071000,30.232500,-95.168056,2006-11-07 16:45:00,2006-11-09 04:45:00,78.7208,2006-11-08 01:15:00,8.5000
08071000,30.232500,-95.168056,2007-01-16 09:45:00,2007-01-17 07:00:00,22.5685,2007-01-16 20:00:00,10.2500
08071000,30.232500,-95.168056,2007-03-15 16:30:00,2007-03-15 23:30:00,18.7741,2007-03-15 20:00:00,3.5000
08071000,30.232500,-95.168056,2007-05-28 00:15:00,2007-05-28 08:15:00,19.6802,2007-05-28 04:15:00,4.0000
08071000,30.232500,-95.168056,2008-02-16 15:00:00,2008-02-18 22:30:00,39.6436,2008-02-17 09:45:00,18.7500
08071000,30.232500,-95.168056,2008-08-21 21:45:00,2008-08-22 02:15:00,20.1333,2008-08-21 23:45:00,2.0000
08071000,30.232500,-95.168056,2008-09-13 18:00:00,2008-09-17 08:00:00,158.2912,2008-09-14 19:00:00,25.0000
08071000,30.232500,-95.168056,2008-11-12 07:45:00,2008-11-14 03:45:00,54.6515,2008-11-12 19:30:00,11.7500
08071000,30.232500,-95.168056,2009-04-19 02:00:00,2009-04-21 12:15:00,60.5981,2009-04-20 04:30:00,26.5000
08071000,30.232500,-95.168056,2009-04-28 06:15:00,2009-05-01 02:00:00,64.5624,2009-04-29 03:00:00,20.7500
08071000,30.232500,-95.168056,2009-10-30 05:15:00,2009-11-01 20:15:00,69.3763,2009-10-31 06:15:00,25.0000
08071000,30.232500,-95.168056,2010-01-30 00:00:00,2010-01-30 22:45:00,21.6624,2010-01-30 09:45:00,9.7500
08071000,30.232500,-95.168056,2010-02-12 14:45:00,2010-02-14 05:00:00,27.6656,2010-02-13 08:45:00,18.0000
08071000,30.232500,-95.168056,2012-01-10 02:30:00,2012-01-11 13:45:00,37.9446,2012-01-10 12:45:00,10.2500
08071000,30.232500,-95.168056,2012-01-26 13:45:00,2012-01-27 02:30:00,20.9828,2012-01-26 20:00:00,6.2500
08071000,30.232500,-95.168056,2012-02-03 20:00:00,2012-02-06 03:30:00,33.1307,2012-02-04 13:30:00,17.5000
08071000,30.232500,-95.168056,2012-02-18 18:45:00,2012-02-20 18:00:00,42.1921,2012-02-19 13:30:00,18.7500
08071000,30.232500,-95.168056,2012-03-12 05:30:00,2012-03-14 03:00:00,56.0674,2012-03-13 02:00:00,20.5000
08071000,30.232500,-95.168056,2012-03-21 08:45:00,2012-03-22 09:15:00,22.7101,2012-03-21 18:45:00,10.0000
08071000,30.232500,-95.168056,2012-07-13 23:00:00,2012-07-15 07:45:00,25.8533,2012-07-14 22:30:00,23.5000
08071000,30.232500,-95.168056,2015-03-10 02:00:00,2015-03-11 05:30:00,24.0127,2015-03-10 09:15:00,7.2500
08071000,30.232500,-95.168056,2015-05-14 01:15:00,2015-05-15 11:00:00,30.2990,2015-05-14 14:15:00,13.0000
08071000,30.232500,-95.168056,2015-05-18 16:45:00,2015-05-19 12:15:00,22.8517,2015-05-19 02:00:00,9.2500
08071000,30.232500,-95.168056,2015-05-26 07:45:00,2015-05-29 17:45:00,67.1109,2015-05-27 23:30:00,39.7500
08071000,30.232500,-95.168056,2015-05-31 10:30:00,2015-06-01 04:45:00,30.5822,2015-05-31 15:45:00,5.2500
08071000,30.232500,-95.168056,2015-11-01 13:15:00,2015-11-02 12:45:00,26.1081,2015-11-02 01:30:00,12.2500
08071000,30.232500,-95.168056,2015-12-14 18:15:00,2015-12-15 04:30:00,18.8590,2015-12-14 22:00:00,3.7500
08071000,30.232500,-95.168056,2016-01-08 02:45:00,2016-01-09 07:00:00,24.5507,2016-01-08 13:15:00,10.5000
08071000,30.232500,-95.168056,2016-03-10 11:00:00,2016-03-12 19:00:00,74.1901,2016-03-11 10:45:00,23.7500
08071000,30.232500,-95.168056,2016-04-18 10:45:00,2016-04-21 01:45:00,322.8121,2016-04-19 00:15:00,13.5000
08071000,30.232500,-95.168056,2016-04-22 06:30:00,2016-04-23 00:00:00,24.8622,2016-04-22 12:45:00,6.2500
08071000,30.232500,-95.168056,2016-05-01 06:15:00,2016-05-03 00:00:00,94.8614,2016-05-01 15:45:00,9.5000
08071000,30.232500,-95.168056,2016-05-27 04:15:00,2016-05-30 06:45:00,376.6141,2016-05-28 07:00:00,26.7500
08071000,30.232500,-95.168056,1999-05-12 20:15:00,1999-05-13 04:45:00,29.7327,1999-05-13 04:45:00,8.5000
08071000,30.232500,-95.168056,1999-06-16 16:15:00,1999-06-16 21:15:00,20.2465,1999-06-16 18:45:00,2.5000
08071000,30.232500,-95.168056,2000-05-03 07:00:00,2000-05-03 10:00:00,18.3776,2000-05-03 07:30:00,0.5000
08071000,30.232500,-95.168056,2000-11-25 00:00:00,2000-11-25 23:00:00,30.8654,2000-11-25 08:00:00,8.0000
08071000,30.232500,-95.168056,2001-01-19 12:00:00,2001-01-20 08:15:00,24.3242,2001-01-19 18:30:00,6.5000
08071000,30.232500,-95.168056,2001-03-02 22:30:00,2001-03-05 07:15:00,38.5109,2001-03-04 01:15:00,26.7500
08071000,30.232500,-95.168056,2001-03-12 15:15:00,2001-03-14 07:15:00,31.4317,2001-03-12 23:45:00,8.5000
08071000,30.232500,-95.168056,2001-03-15 15:00:00,2001-03-16 19:45:00,30.8654,2001-03-16 01:00:00,10.0000
08071000,30.232500,-95.168056,2001-03-28 16:30:00,2001-03-30 02:30:00,26.0515,2001-03-29 01:15:00,8.7500
08071000,30.232500,-95.168056,2001-06-09 12:45:00,2001-06-12 02:15:00,200.7664,2001-06-10 09:15:00,20.5000
08071000,30.232500,-95.168056,2001-10-13 20:30:00,2001-10-15 09:45:00,36.5287,2001-10-14 13:45:00,17.2500
08071000,30.232500,-95.168056,2001-12-12 11:45:00,2001-12-15 01:15:00,50.1208,2001-12-14 00:15:00,36.5000
08071000,30.232500,-95.168056,2001-12-17 05:00:00,2001-12-18 21:15:00,64.8456,2001-12-17 17:15:00,12.2500
08071000,30.232500,-95.168056,2002-04-08 23:30:00,2002-04-10 06:00:00,33.9802,2002-04-09 12:15:00,12.7500
08071000,30.232500,-95.168056,2002-11-04 04:00:00,2002-11-07 16:30:00,155.4595,2002-11-05 05:45:00,25.7500
08071000,30.232500,-95.168056,2002-12-13 09:00:00,2002-12-14 19:30:00,31.7149,2002-12-13 17:00:00,8.0000
08071000,30.232500,-95.168056,2002-12-25 02:30:00,2002-12-25 12:30:00,20.8978,2002-12-25 06:45:00,4.2500
08071000,30.232500,-95.168056,2003-02-21 22:45:00,2003-02-24 04:45:00,42.4753,2003-02-22 18:30:00,19.7500
08071000,30.232500,-95.168056,2003-11-17 03:30:00,2003-11-20 17:00:00,171.3169,2003-11-18 16:15:00,36.7500
08071000,30.232500,-95.168056,2004-01-17 13:15:00,2004-01-20 00:45:00,47.8555,2004-01-18 10:15:00,21.0000
08071000,30.232500,-95.168056,2004-01-25 18:45:00,2004-01-27 19:30:00,43.3248,2004-01-26 15:00:00,20.2500
08071000,30.232500,-95.168056,2004-02-11 06:00:00,2004-02-15 15:45:00,63.4297,2004-02-12 13:45:00,31.7500
08071000,30.232500,-95.168056,2004-03-02 11:45:00,2004-03-03 01:00:00,19.7652,2004-03-02 18:15:00,6.5000
08071000,30.232500,-95.168056,2004-05-01 19:30:00,2004-05-04 09:00:00,135.6377,2004-05-02 13:45:00,18.2500
08071000,30.232500,-95.168056,2004-05-13 23:45:00,2004-05-16 15:00:00,59.7485,2004-05-14 21:15:00,21.5000
08071000,30.232500,-95.168056,2004-06-09 11:15:00,2004-06-10 01:30:00,21.1810,2004-06-09 16:45:00,5.5000
08071000,30.232500,-95.168056,2004-06-16 15:15:00,2004-06-18 23:00:00,52.6693,2004-06-17 17:15:00,26.0000
08071000,30.232500,-95.168056,2004-06-28 13:15:00,2004-06-29 22:30:00,43.6079,2004-06-29 01:45:00,12.5000
08071000,30.232500,-95.168056,2004-07-02 22:30:00,2004-07-03 14:45:00,25.9665,2004-07-03 04:15:00,5.7500
08071000,30.232500,-95.168056,2004-11-17 23:00:00,2004-11-20 11:30:00,99.6753,2004-11-18 07:45:00,8.7500
08071000,30.232500,-95.168056,2004-11-23 00:30:00,2004-11-26 19:00:00,58.8990,2004-11-24 07:00:00,30.5000
08071000,30.232500,-95.168056,2005-01-14 05:00:00,2005-01-14 16:15:00,21.2660,2005-01-14 10:00:00,5.0000
08071000,30.232500,-95.168056,2005-02-01 13:00:00,2005-02-03 21:45:00,30.5822,2005-02-02 09:45:00,20.7500
08071000,30.232500,-95.168056,2005-02-08 05:00:00,2005-02-11 02:15:00,47.5723,2005-02-09 14:15:00,33.2500
08071000,30.232500,-95.168056,2005-02-14 19:00:00,2005-02-14 23:00:00,18.3210,2005-02-14 19:30:00,0.5000
08071000,30.232500,-95.168056,2005-02-25 02:30:00,2005-02-26 13:30:00,41.6258,2005-02-25 14:30:00,12.0000
08071000,30.232500,-95.168056,2005-03-22 06:30:00,2005-03-22 09:30:00,18.4060,2005-03-22 08:00:00,1.5000
08071000,30.232500,-95.168056,2006-10-16 16:45:00,2006-10-21 13:00:00,147.5308,2006-10-17 22:45:00,30.0000
08071000,30.232500,-95.168056,2006-10-27 02:00:00,2006-10-29 06:30:00,122.6119,2006-10-27 10:15:00,8.2500
08071000,30.232500,-95.168056,2006-11-07 16:45:00,2006-11-09 04:45:00,78.7208,2006-11-08 01:15:00,8.5000
08071000,30.232500,-95.168056,2007-01-16 09:45:00,2007-01-17 07:00:00,22.5685,2007-01-16 20:00:00,10.2500
08071000,30.232500,-95.168056,2007-03-15 16:30:00,2007-03-15 23:30:00,18.7741,2007-03-15 20:00:00,3.5000
08071000,30.232500,-95.168056,2007-05-28 00:15:00,2007-05-28 08:15:00,19.6802,2007-05-28 04:15:00,4.0000
08071000,30.232500,-95.168056,2008-02-16 15:00:00,2008-02-18 22:30:00,39.6436,2008-02-17 09:45:00,18.7500
08071000,30.232500,-95.168056,2008-08-21 21:45:00,2008-08-22 02:15:00,20.1333,2008-08-21 23:45:00,2.0000
08071000,30.232500,-95.168056,2008-09-13 18:00:00,2008-09-17 08:00:00,158.2912,2008-09-14 19:00:00,25.0000
08071000,30.232500,-95.168056,2008-11-12 07:45:00,2008-11-14 03:45:00,54.6515,2008-11-12 19:30:00,11.7500
08071000,30.232500,-95.168056,2009-04-19 02:00:00,2009-04-21 12:15:00,60.5981,2009-04-20 04:30:00,26.5000
08071000,30.232500,-95.168056,2009-04-28 06:15:00,2009-05-01 02:00:00,64.5624,2009-04-29 03:00:00,20.7500
08071000,30.232500,-95.168056,2009-10-30 05:15:00,2009-11-01 20:15:00,69.3763,2009-10-31 06:15:00,25.0000
08071000,30.232500,-95.168056,2010-01-30 00:00:00,2010-01-30 22:45:00,21.6624,2010-01-30 09:45:00,9.7500
08071000,30.232500,-95.168056,2010-02-12 14:45:00,2010-02-14 05:00:00,27.6656,2010-02-13 08:45:00,18.0000
08071000,30.232500,-95.168056,2012-01-10 02:30:00,2012-01-11 13:45:00,37.9446,2012-01-10 12:45:00,10.2500
08071000,30.232500,-95.168056,2012-01-26 13:45:00,2012-01-27 02:30:00,20.9828,2012-01-26 20:00:00,6.2500
08071000,30.232500,-95.168056,2012-02-03 20:00:00,2012-02-06 03:30:00,33.1307,2012-02-04 13:30:00,17.5000
08071000,30.232500,-95.168056,2012-02-18 18:45:00,2012-02-20 18:00:00,42.1921,2012-02-19 13:30:00,18.7500
08071000,30.232500,-95.168056,2012-03-12 05:30:00,2012-03-14 03:00:00,56.0674,2012-03-13 02:00:00,20.5000
08071000,30.232500,-95.168056,2012-03-21 08:45:00,2012-03-22 09:15:00,22.7101,2012-03-21 18:45:00,10.0000
08071000,30.232500,-95.168056,2012-07-13 23:00:00,2012-07-15 07:45:00,25.8533,2012-07-14 22:30:00,23.5000
08071000,30.232500,-95.168056,2015-03-10 02:00:00,2015-03-11 05:30:00,24.0127,2015-03-10 09:15:00,7.2500
08071000,30.232500,-95.168056,2015-05-14 01:15:00,2015-05-15 11:00:00,30.2990,2015-05-14 14:15:00,13.0000
08071000,30.232500,-95.168056,2015-05-18 16:45:00,2015-05-19 12:15:00,22.8517,2015-05-19 02:00:00,9.2500
08071000,30.232500,-95.168056,2015-05-26 07:45:00,2015-05-29 17:45:00,67.1109,2015-05-27 23:30:00,39.7500
08071000,30.232500,-95.168056,2015-05-31 10:30:00,2015-06-01 04:45:00,30.5822,2015-05-31 15:45:00,5.2500
08071000,30.232500,-95.168056,2015-11-01 13:15:00,2015-11-02 12:45:00,26.1081,2015-11-02 01:30:00,12.2500
08071000,30.232500,-95.168056,2015-12-14 18:15:00,2015-12-15 04:30:00,18.8590,2015-12-14 22:00:00,3.7500
08071000,30.232500,-95.168056,2016-01-08 02:45:00,2016-01-09 07:00:00,24.5507,2016-01-08 13:15:00,10.5000
08071000,30.232500,-95.168056,2016-03-10 11:00:00,2016-03-12 19:00:00,74.1901,2016-03-11 10:45:00,23.7500
08071000,30.232500,-95.168056,2016-04-18 10:45:00,2016-04-21 01:45:00,322.8121,2016-04-19 00:15:00,13.5000
08071000,30.232500,-95.168056,2016-04-22 06:30:00,2016-04-23 00:00:00,24.8622,2016-04-22 12:45:00,6.2500
08071000,30.232500,-95.168056,2016-05-01 06:15:00,2016-05-03 00:00:00,94.8614,2016-05-01 15:45:00,9.5000
08071000,30.232500,-95.168056,2016-05-27 04:15:00,2016-05-30 06:45:00,376.6141,2016-05-28 07:00:00,26.7500
08172000,29.666111,-97.650556,1988-05-30 23:00:00,1988-05-31 06:00:00,84.9505,1988-05-31 02:00:00,3.0000
08172000,29.666111,-97.650556,1991-01-10 01:00:00,1991-01-10 21:00:00,92.5961,1991-01-10 11:00:00,10.0000
08172000,29.666111,-97.650556,1991-01-18 14:00:00,1991-01-19 12:00:00,356.7923,1991-01-18 20:00:00,6.0000
08172000,29.666111,-97.650556,1991-02-04 13:00:00,1991-02-05 05:00:00,142.7169,1991-02-04 19:00:00,6.0000
08172000,29.666111,-97.650556,1991-04-14 15:00:00,1991-04-15 09:00:00,125.1605,1991-04-14 21:00:00,6.0000
08172000,29.666111,-97.650556,1991-05-09 05:00:00,1991-05-09 17:00:00,72.4911,1991-05-09 10:00:00,5.0000
08172000,29.666111,-97.650556,1991-12-20 00:00:00,1992-01-01 17:00:00,1118.5154,1991-12-22 17:00:00,65.0000
08172000,29.666111,-97.650556,1992-01-03 12:00:00,1992-01-04 10:00:00,71.0753,1992-01-03 20:00:00,8.0000
08172000,29.666111,-97.650556,1992-01-06 00:00:00,1992-01-06 06:00:00,56.9169,1992-01-06 01:00:00,1.0000
08172000,29.666111,-97.650556,1992-01-18 18:00:00,1992-01-19 15:00:00,77.3050,1992-01-19 02:00:00,8.0000
08172000,29.666111,-97.650556,1992-01-27 02:00:00,1992-01-28 05:00:00,297.3269,1992-01-27 15:00:00,13.0000
08172000,29.666111,-97.650556,1992-02-04 06:00:00,1992-02-14 22:00:00,475.7230,1992-02-05 10:59:00,28.9833
08172000,29.666111,-97.650556,1992-02-22 16:00:00,1992-02-28 22:00:00,276.3724,1992-02-25 07:00:00,63.0000
08172000,29.666111,-97.650556,1992-03-04 08:00:00,1992-03-13 09:00:00,453.0695,1992-03-04 22:00:00,14.0000
08172000,29.666111,-97.650556,1992-03-29 23:00:00,1992-03-30 08:00:00,60.5981,1992-03-30 02:00:00,3.0000
08172000,29.666111,-97.650556,1992-04-18 05:00:00,1992-04-18 23:00:00,136.2040,1992-04-18 07:00:00,2.0000
08172000,29.666111,-97.650556,1992-05-22 10:00:00,1992-05-25 23:00:00,393.6042,1992-05-23 02:00:00,16.0000
08172000,29.666111,-97.650556,1992-05-29 09:00:00,1992-05-29 21:00:00,64.8456,1992-05-29 14:00:00,5.0000
08172000,29.666111,-97.650556,1992-06-03 05:00:00,1992-06-06 01:00:00,204.1645,1992-06-03 16:00:00,11.0000
08172000,29.666111,-97.650556,1992-06-07 14:00:00,1992-06-09 23:00:00,135.0714,1992-06-08 06:00:00,16.0000
08172000,29.666111,-97.650556,1992-06-12 15:00:00,1992-06-13 16:00:00,73.0575,1992-06-13 05:00:00,14.0000
08172000,29.666111,-97.650556,1992-07-20 14:00:00,1992-07-20 23:00:00,74.7565,1992-07-20 17:00:00,3.0000
08172000,29.666111,-97.650556,1993-02-10 21:00:00,1993-02-11 06:00:00,95.9941,1993-02-11 01:00:00,4.0000
08172000,29.666111,-97.650556,1993-05-06 02:00:00,1993-05-07 02:00:00,136.4872,1993-05-06 18:00:00,16.0000
08172000,29.666111,-97.650556,1994-05-14 15:00:00,1994-05-16 07:00:00,89.4812,1994-05-16 00:00:00,33.0000
08172000,29.666111,-97.650556,1994-10-25 23:00:00,1994-10-26 06:00:00,73.0575,1994-10-26 02:00:00,3.0000
08172000,29.666111,-97.650556,1994-12-16 11:00:00,1994-12-17 02:00:00,99.3921,1994-12-16 17:00:00,6.0000
08172000,29.666111,-97.650556,1994-12-28 17:00:00,1994-12-29 17:00:00,152.9110,1994-12-29 04:00:00,11.0000
08172000,29.666111,-97.650556,1995-05-30 15:00:00,1995-06-03 02:00:00,254.0021,1995-05-31 15:00:00,24.0000
08172000,29.666111,-97.650556,1997-04-26 01:00:00,1997-04-26 05:00:00,70.7921,1997-04-26 03:00:00,2.0000
08172000,29.666111,-97.650556,1997-05-29 06:00:00,1997-05-29 18:00:00,97.4100,1997-05-29 11:00:00,5.0000
08172000,29.666111,-97.650556,1997-06-07 07:00:00,1997-06-14 01:00:00,325.6437,1997-06-10 10:00:00,75.0000
08172000,29.666111,-97.650556,1997-06-21 22:00:00,1997-06-30 02:00:00,713.5845,1997-06-23 17:00:00,43.0000
08172000,29.666111,-97.650556,1998-03-16 18:30:00,1998-03-18 12:30:00,209.5447,1998-03-17 19:15:00,24.7500
08172000,29.666111,-97.650556,1998-09-17 03:00:00,1998-09-17 23:30:00,133.6555,1998-09-17 13:30:00,10.5000
08172000,29.666111,-97.650556,1998-10-06 18:15:00,1998-10-07 05:30:00,74.4733,1998-10-06 22:45:00,4.5000
08172000,29.666111,-97.650556,1998-10-17 23:15:00,1998-10-29 11:30:00,5833.2704,1998-10-18 11:15:00,12.0000
08172000,29.666111,-97.650556,1998-11-02 05:00:00,1998-11-03 22:15:00,106.1882,1998-11-02 21:45:00,16.7500
08172000,29.666111,-97.650556,1998-11-13 19:15:00,1998-11-17 20:00:00,112.1347,1998-11-14 20:00:00,24.7500
08172000,29.666111,-97.650556,1999-06-22 05:30:00,1999-06-22 14:15:00,80.7030,1999-06-22 09:30:00,4.0000
08172000,29.666111,-97.650556,1999-06-26 02:30:00,1999-06-26 09:00:00,99.1090,1999-06-26 05:30:00,3.0000
08172000,29.666111,-97.650556,2000-11-04 00:00:00,2000-11-05 07:45:00,241.8259,2000-11-04 10:45:00,10.7500
08172000,29.666111,-97.650556,2000-11-06 12:30:00,2000-11-07 23:00:00,90.0476,2000-11-06 19:30:00,7.0000
08172000,29.666111,-97.650556,2001-01-11 08:45:00,2001-01-11 13:45:00,59.7485,2001-01-11 10:30:00,1.7500
08172000,29.666111,-97.650556,2001-08-31 16:45:00,2001-09-01 02:00:00,109.0199,2001-08-31 21:15:00,4.5000
08172000,29.666111,-97.650556,2001-09-06 03:15:00,2001-09-06 10:00:00,80.9862,2001-09-06 06:15:00,3.0000
08172000,29.666111,-97.650556,2001-09-09 18:00:00,2001-09-10 00:00:00,86.9327,2001-09-09 20:45:00,2.7500
08172000,29.666111,-97.650556,2001-11-16 13:00:00,2001-11-20 11:30:00,1237.4462,2001-11-16 19:30:00,6.5000
08172000,29.666111,-97.650556,2001-12-03 04:45:00,2001-12-03 10:45:00,63.7129,2001-12-03 06:45:00,2.0000
08172000,29.666111,-97.650556,2001-12-12 02:45:00,2001-12-13 02:15:00,109.0199,2001-12-12 08:00:00,5.2500
08172000,29.666111,-97.650556,2001-12-15 22:45:00,2001-12-17 16:30:00,168.2021,2001-12-16 07:15:00,8.5000
08172000,29.666111,-97.650556,2002-04-08 11:15:00,2002-04-09 05:00:00,268.7269,2002-04-08 19:15:00,8.0000
08172000,29.666111,-97.650556,2002-06-30 19:00:00,2002-07-13 15:15:00,934.4559,2002-07-06 10:30:00,135.5000
08172000,29.666111,-97.650556,2002-07-16 20:30:00,2002-07-20 08:45:00,137.0535,2002-07-18 10:30:00,38.0000
08172000,29.666111,-97.650556,2002-10-22 14:45:00,2002-10-28 09:15:00,311.4853,2002-10-25 05:45:00,63.0000
08172000,29.666111,-97.650556,2002-11-04 17:00:00,2002-11-07 05:45:00,464.3963,2002-11-05 10:45:00,17.7500
08172000,29.666111,-97.650556,2002-12-09 23:30:00,2002-12-11 03:30:00,92.3129,2002-12-10 07:00:00,7.5000
08172000,29.666111,-97.650556,2002-12-13 03:15:00,2002-12-13 13:00:00,62.0139,2002-12-13 06:30:00,3.2500
08172000,29.666111,-97.650556,2002-12-31 11:30:00,2002-12-31 18:15:00,62.2971,2002-12-31 14:00:00,2.5000
08172000,29.666111,-97.650556,2003-02-20 19:00:00,2003-02-23 22:45:00,314.3170,2003-02-21 07:00:00,12.0000
08172000,29.666111,-97.650556,2003-03-03 23:00:00,2003-03-04 09:15:00,66.8278,2003-03-04 02:45:00,3.7500
08172000,29.666111,-97.650556,2004-06-28 03:00:00,2004-06-28 05:00:00,57.7664,2004-06-28 03:45:00,0.7500
08172000,29.666111,-97.650556,2004-06-29 17:30:00,2004-07-03 19:45:00,359.6240,2004-07-01 04:30:00,35.0000
08172000,29.666111,-97.650556,2004-10-23 21:15:00,2004-10-26 10:00:00,331.3071,2004-10-24 16:45:00,19.5000
08172000,29.666111,-97.650556,2004-11-01 17:45:00,2004-11-03 00:45:00,75.3228,2004-11-02 01:00:00,7.2500
08172000,29.666111,-97.650556,2004-11-15 20:00:00,2004-11-28 05:45:00,2401.2686,2004-11-23 04:15:00,176.2500
08172000,29.666111,-97.650556,2005-02-08 01:00:00,2005-02-08 15:00:00,93.4456,2005-02-08 06:30:00,5.5000
08172000,29.666111,-97.650556,2005-03-03 02:00:00,2005-03-03 13:30:00,70.5089,2005-03-03 06:45:00,4.7500
08172000,29.666111,-97.650556,2005-03-06 08:30:00,2005-03-08 21:15:00,103.6397,2005-03-06 19:00:00,10.5000
08172000,29.666111,-97.650556,2007-01-14 05:15:00,2007-01-14 19:45:00,104.7723,2007-01-14 12:00:00,6.7500
08172000,29.666111,-97.650556,2007-03-12 07:45:00,2007-03-15 18:15:00,733.4063,2007-03-12 13:30:00,5.7500
08172000,29.666111,-97.650556,2007-03-27 06:00:00,2007-03-29 00:00:00,172.4496,2007-03-28 04:30:00,22.5000
08172000,29.666111,-97.650556,2007-03-31 12:00:00,2007-04-02 05:30:00,328.4754,2007-03-31 23:00:00,11.0000
08172000,29.666111,-97.650556,2007-04-25 21:00:00,2007-04-26 03:30:00,67.3941,2007-04-25 23:30:00,2.5000
08172000,29.666111,-97.650556,2007-05-03 09:15:00,2007-05-04 23:15:00,123.1783,2007-05-04 12:00:00,26.7500
08172000,29.666111,-97.650556,2007-07-06 13:45:00,2007-07-08 15:30:00,81.5525,2007-07-06 18:45:00,5.0000
08172000,29.666111,-97.650556,2007-07-15 12:30:00,2007-07-15 21:45:00,86.6496,2007-07-15 15:30:00,3.0000
08172000,29.666111,-97.650556,2007-07-21 05:00:00,2007-08-01 04:45:00,645.6241,2007-07-21 19:00:00,14.0000
08172000,29.666111,-97.650556,2007-08-03 20:30:00,2007-08-04 14:15:00,70.2258,2007-08-04 01:15:00,4.7500
08172000,29.666111,-97.650556,2007-08-18 07:00:00,2007-08-19 09:30:00,123.4615,2007-08-18 16:15:00,9.2500
08172000,29.666111,-97.650556,2009-04-18 13:15:00,2009-04-18 22:00:00,135.9209,2009-04-18 17:00:00,3.7500
08172000,29.666111,-97.650556,2009-10-26 18:30:00,2009-10-27 04:15:00,86.3664,2009-10-26 21:45:00,3.2500
08172000,29.666111,-97.650556,2009-11-20 23:00:00,2009-11-21 15:45:00,120.6298,2009-11-21 04:00:00,5.0000
08172000,29.666111,-97.650556,2010-01-16 01:00:00,2010-01-17 17:00:00,124.5941,2010-01-16 09:15:00,8.2500
08172000,29.666111,-97.650556,2010-01-30 17:00:00,2010-01-31 00:00:00,61.1644,2010-01-30 19:15:00,2.2500
08172000,29.666111,-97.650556,2010-02-04 07:45:00,2010-02-07 02:15:00,109.3030,2010-02-05 10:45:00,27.0000
08172000,29.666111,-97.650556,2010-02-11 23:15:00,2010-02-13 12:45:00,185.7585,2010-02-12 11:30:00,12.2500
08172000,29.666111,-97.650556,2010-06-09 17:30:00,2010-06-10 22:45:00,387.9408,2010-06-10 06:15:00,12.7500
08172000,29.666111,-97.650556,2010-09-09 04:00:00,2010-09-10 15:15:00,140.1684,2010-09-10 01:45:00,21.7500
08172000,29.666111,-97.650556,2012-01-25 14:45:00,2012-01-27 00:00:00,982.5946,2012-01-25 22:00:00,7.2500
08172000,29.666111,-97.650556,2012-02-18 12:45:00,2012-02-19 05:30:00,94.2951,2012-02-18 17:15:00,4.5000
08172000,29.666111,-97.650556,2012-03-20 13:00:00,2012-03-21 18:30:00,162.8219,2012-03-20 21:00:00,8.0000
08172000,29.666111,-97.650556,2012-05-12 10:15:00,2012-05-12 16:00:00,63.7129,2012-05-12 12:30:00,2.2500
08172000,29.666111,-97.650556,2013-09-29 13:30:00,2013-09-30 03:45:00,214.9249,2013-09-29 20:45:00,7.2500
08172000,29.666111,-97.650556,2013-10-14 21:30:00,2013-10-15 02:30:00,63.7129,2013-10-14 23:15:00,1.7500
08172000,29.666111,-97.650556,2013-10-31 20:30:00,2013-11-02 08:00:00,1364.8720,2013-11-01 03:00:00,6.5000
08172000,29.666111,-97.650556,2014-05-27 17:45:00,2014-05-28 14:45:00,75.0396,2014-05-27 20:00:00,2.2500
08172000,29.666111,-97.650556,2015-04-18 08:30:00,2015-04-18 14:45:00,71.9248,2015-04-18 11:00:00,2.5000
08172000,29.666111,-97.650556,2015-04-24 12:45:00,2015-04-26 04:15:00,270.7091,2015-04-24 22:00:00,9.2500
08172000,29.666111,-97.650556,2015-05-17 19:30:00,2015-05-20 05:30:00,328.4754,2015-05-18 12:00:00,16.5000
08172000,29.666111,-97.650556,2015-05-24 07:00:00,2015-06-04 16:45:00,2118.1001,2015-05-25 00:15:00,17.2500
08172000,29.666111,-97.650556,2015-06-14 20:00:00,2015-06-15 02:15:00,68.5268,2015-06-14 22:30:00,2.5000
08172000,29.666111,-97.650556,2015-06-18 06:45:00,2015-06-19 00:30:00,141.3011,2015-06-18 16:15:00,9.5000
08172000,29.666111,-97.650556,2015-10-31 01:45:00,2015-11-03 09:15:00,2010.4961,2015-10-31 07:45:00,6.0000
08172000,29.666111,-97.650556,2016-04-19 05:00:00,2016-04-19 14:45:00,78.1545,2016-04-19 08:45:00,3.7500
08172000,29.666111,-97.650556,2016-04-22 02:15:00,2016-04-22 13:15:00,70.2258,2016-04-22 06:45:00,4.5000
08172000,29.666111,-97.650556,2016-05-20 04:30:00,2016-05-21 18:30:00,165.6536,2016-05-20 20:30:00,16.0000
08172000,29.666111,-97.650556,2016-06-01 04:45:00,2016-06-02 04:45:00,116.6654,2016-06-01 14:00:00,9.2500
08194500,28.308611,-98.556944,1991-05-19 14:00:00,1991-05-22 12:00:00,30.0159,1991-05-21 22:00:00,56.0000
08194500,28.308611,-98.556944,1991-09-12 20:00:00,1991-09-12 23:00:00,27.0426,1991-09-12 22:00:00,2.0000
08194500,28.308611,-98.556944,1991-09-29 17:00:00,1991-10-03 00:00:00,30.8654,1991-10-01 22:00:00,53.0000
08194500,28.308611,-98.556944,1991-12-22 05:00:00,1991-12-24 15:00:00,63.4297,1991-12-23 02:00:00,21.0000
08194500,28.308611,-98.556944,1992-01-30 06:00:00,1992-01-31 05:00:00,37.9446,1992-01-31 05:00:00,23.0000
08194500,28.308611,-98.556944,1992-02-03 06:00:00,1992-02-06 05:00:00,76.4555,1992-02-06 00:00:00,66.0000
08194500,28.308611,-98.556944,1992-03-06 12:00:00,1992-03-09 08:00:00,27.8355,1992-03-07 22:00:00,34.0000
08194500,28.308611,-98.556944,1992-03-14 06:00:00,1992-03-23 04:00:00,36.2456,1992-03-19 20:00:00,134.0000
08194500,28.308611,-98.556944,1992-03-31 08:00:00,1992-04-03 03:00:00,35.6792,1992-04-02 09:00:00,49.0000
08194500,28.308611,-98.556944,1992-04-05 21:00:00,1992-04-07 06:00:00,32.5644,1992-04-06 07:00:00,10.0000
08194500,28.308611,-98.556944,1992-05-17 15:00:00,1992-05-24 22:00:00,148.6634,1992-05-18 20:00:00,29.0000
08194500,28.308611,-98.556944,1992-05-31 09:00:00,1992-06-05 23:00:00,36.2456,1992-06-04 10:00:00,97.0000
08194500,28.308611,-98.556944,1992-06-11 16:00:00,1992-06-24 22:00:00,34.8297,1992-06-14 23:00:00,79.0000
08194500,28.308611,-98.556944,1992-08-03 08:00:00,1992-08-09 10:00:00,34.8297,1992-08-08 18:00:00,130.0000
08194500,28.308611,-98.556944,1993-05-29 01:00:00,1993-05-30 13:00:00,31.4317,1993-05-30 02:00:00,25.0000
08194500,28.308611,-98.556944,1994-06-15 05:00:00,1994-06-16 01:00:00,36.5287,1994-06-15 15:00:00,10.0000
08194500,28.308611,-98.556944,1995-09-28 17:00:00,1995-09-30 09:00:00,31.1485,1995-09-29 23:00:00,30.0000
08194500,28.308611,-98.556944,1995-11-18 10:00:00,1995-11-21 13:00:00,57.7664,1995-11-19 07:00:00,21.0000
08194500,28.308611,-98.556944,1995-11-22 22:00:00,1995-11-25 13:00:00,32.2812,1995-11-24 23:00:00,49.0000
08194500,28.308611,-98.556944,1996-09-20 16:00:00,1996-09-25 14:00:00,36.8119,1996-09-21 16:00:00,24.0000
08194500,28.308611,-98.556944,1996-10-01 09:00:00,1996-10-02 10:00:00,28.6000,1996-10-02 03:00:00,18.0000
08194500,28.308611,-98.556944,1996-11-09 20:00:00,1996-11-16 14:00:00,78.1545,1996-11-12 17:00:00,69.0000
08194500,28.308611,-98.556944,1997-06-03 13:00:00,1997-06-09 14:00:00,47.0060,1997-06-08 04:00:00,111.0000
08194500,28.308611,-98.556944,1998-08-19 01:00:00,1998-08-24 09:00:00,72.4911,1998-08-22 07:00:00,78.0000
08194500,28.308611,-98.556944,1998-08-30 13:30:00,1998-09-17 19:00:00,379.4457,1998-09-05 16:30:00,147.0000
08194500,28.308611,-98.556944,1998-09-19 11:00:00,1998-09-23 04:15:00,34.8297,1998-09-21 13:30:00,50.5000
08194500,28.308611,-98.556944,1998-09-25 06:15:00,1998-10-02 23:15:00,46.1565,1998-09-30 15:30:00,129.2500
08194500,28.308611,-98.556944,1998-10-10 07:45:00,1998-10-12 02:30:00,29.4495,1998-10-11 05:00:00,21.2500
08194500,28.308611,-98.556944,1998-10-25 16:45:00,1998-11-04 07:45:00,58.3327,1998-11-01 14:45:00,166.0000
08194500,28.308611,-98.556944,1999-03-25 18:00:00,1999-03-26 19:15:00,28.1469,1999-03-26 11:00:00,17.0000
08194500,28.308611,-98.556944,1999-03-30 18:45:00,1999-04-05 10:45:00,39.3604,1999-04-04 13:00:00,113.2500
08194500,28.308611,-98.556944,1999-07-05 08:15:00,1999-07-09 22:45:00,34.2634,1999-07-09 01:15:00,89.0000
08194500,28.308611,-98.556944,1999-08-29 13:00:00,1999-09-09 08:15:00,161.6892,1999-09-03 14:30:00,121.5000
08194500,28.308611,-98.556944,2000-11-17 10:15:00,2000-11-22 19:45:00,37.6614,2000-11-21 00:15:00,86.0000
08194500,28.308611,-98.556944,2001-09-01 00:30:00,2001-09-10 18:15:00,244.0912,2001-09-06 12:45:00,132.2500
08194500,28.308611,-98.556944,2001-11-18 08:00:00,2001-12-06 02:00:00,277.7883,2001-11-21 12:30:00,76.5000
08194500,28.308611,-98.556944,2003-07-19 05:00:00,2003-07-22 03:00:00,31.7149,2003-07-21 10:45:00,53.7500
08194500,28.308611,-98.556944,2003-10-13 22:15:00,2003-10-29 22:00:00,914.6341,2003-10-16 10:30:00,60.2500
08194500,28.308611,-98.556944,2004-05-17 05:00:00,2004-05-26 16:15:00,44.4574,2004-05-23 11:15:00,150.2500
08194500,28.308611,-98.556944,2004-07-01 02:00:00,2004-07-19 14:00:00,219.4556,2004-07-07 02:15:00,144.2500
08194500,28.308611,-98.556944,2004-09-11 20:30:00,2004-09-15 07:45:00,31.9980,2004-09-14 08:45:00,60.2500
08194500,28.308611,-98.556944,2006-09-29 21:15:00,2006-10-02 06:30:00,31.7149,2006-10-01 17:15:00,44.0000
08194500,28.308611,-98.556944,2010-01-19 01:15:00,2010-01-22 05:00:00,40.2099,2010-01-21 13:30:00,60.2500
08194500,28.308611,-98.556944,2010-02-08 03:00:00,2010-02-09 18:30:00,28.3168,2010-02-09 03:00:00,24.0000
08194500,28.308611,-98.556944,2010-04-18 12:30:00,2010-04-20 09:00:00,33.4139,2010-04-19 19:15:00,30.7500
08194500,28.308611,-98.556944,2010-07-07 09:00:00,2010-07-12 21:00:00,67.1109,2010-07-11 13:15:00,100.2500
08194500,28.308611,-98.556944,2012-03-30 15:15:00,2012-03-31 01:45:00,27.2125,2012-03-30 21:00:00,5.7500
08194500,28.308611,-98.556944,2013-06-29 01:30:00,2013-07-05 16:30:00,75.8891,2013-07-03 08:45:00,103.2500
08194500,28.308611,-98.556944,2013-10-15 04:00:00,2013-11-01 17:15:00,818.3569,2013-10-18 02:45:00,70.7500
08194500,28.308611,-98.556944,2015-10-27 00:30:00,2015-10-28 20:15:00,28.8832,2015-10-27 19:45:00,19.2500
08211520,27.711111,-97.501667,1995-10-30 00:00:00,1995-11-01 23:00:00,105.6218,1995-10-30 07:00:00,7.0000
08211520,27.711111,-97.501667,1995-11-17 17:00:00,1995-11-19 06:00:00,9.1180,1995-11-18 03:00:00,10.0000
08211520,27.711111,-97.501667,1996-08-24 20:00:00,1996-08-26 06:00:00,13.3372,1996-08-25 05:00:00,9.0000
08211520,27.711111,-97.501667,1996-09-09 21:00:00,1996-09-10 07:00:00,6.4846,1996-09-10 02:00:00,5.0000
08211520,27.711111,-97.501667,1997-04-03 06:00:00,1997-04-05 22:00:00,133.9387,1997-04-03 13:00:00,7.0000
08211520,27.711111,-97.501667,1997-06-07 21:00:00,1997-06-08 08:00:00,12.7143,1997-06-08 01:00:00,4.0000
08211520,27.711111,-97.501667,1997-10-09 18:00:00,1997-10-16 04:00:00,167.3526,1997-10-13 22:00:00,100.0000
08211520,27.711111,-97.501667,1998-09-16 17:00:00,1998-09-19 03:00:00,9.4295,1998-09-18 04:45:00,35.7500
08211520,27.711111,-97.501667,1998-09-22 22:45:00,1998-09-23 03:30:00,6.1448,1998-09-23 01:15:00,2.5000
08211520,27.711111,-97.501667,1998-10-06 15:45:00,1998-10-08 14:15:00,16.3955,1998-10-07 17:15:00,25.5000
08211520,27.711111,-97.501667,1998-10-18 17:30:00,1998-10-23 00:15:00,119.2139,1998-10-19 20:45:00,27.2500
08211520,27.711111,-97.501667,1998-11-14 13:30:00,1998-11-16 06:00:00,14.3850,1998-11-15 00:00:00,10.5000
08211520,27.711111,-97.501667,1999-08-23 02:45:00,1999-08-27 03:30:00,62.2971,1999-08-24 09:00:00,30.2500
08211520,27.711111,-97.501667,1999-09-29 18:15:00,1999-10-01 17:45:00,27.8071,1999-09-30 12:30:00,18.2500
08211520,27.711111,-97.501667,2000-03-14 20:45:00,2000-03-16 06:15:00,31.1485,2000-03-15 01:00:00,4.2500
08211520,27.711111,-97.501667,2000-11-05 04:30:00,2000-11-08 06:45:00,30.5822,2000-11-05 21:00:00,16.5000
08211520,27.711111,-97.501667,2001-08-30 13:45:00,2001-08-30 17:15:00,5.7766,2001-08-30 14:45:00,1.0000
08211520,27.711111,-97.501667,2001-09-01 00:15:00,2001-09-05 12:15:00,21.2093,2001-09-01 21:45:00,21.5000
08211520,27.711111,-97.501667,2001-09-09 20:30:00,2001-09-11 01:30:00,15.9424,2001-09-10 08:00:00,11.5000
08211520,27.711111,-97.501667,2001-10-12 01:30:00,2001-10-12 17:15:00,10.9869,2001-10-12 05:45:00,4.2500
08211520,27.711111,-97.501667,2001-11-16 14:15:00,2001-11-20 04:45:00,133.6555,2001-11-17 10:30:00,20.2500
08211520,27.711111,-97.501667,2002-09-15 19:45:00,2002-09-21 20:15:00,126.8595,2002-09-17 20:15:00,48.5000
08211520,27.711111,-97.501667,2002-10-20 03:15:00,2002-10-20 20:15:00,22.0871,2002-10-20 07:45:00,4.5000
08211520,27.711111,-97.501667,2002-10-23 06:15:00,2002-10-30 21:00:00,128.2753,2002-10-25 12:15:00,54.0000
08211520,27.711111,-97.501667,2004-04-25 14:45:00,2004-04-25 21:15:00,11.2984,2004-04-25 21:15:00,6.5000
08211520,27.711111,-97.501667,2004-05-01 19:00:00,2004-05-03 16:00:00,16.3955,2004-05-02 08:00:00,13.0000
08211520,27.711111,-97.501667,2004-05-08 19:15:00,2004-05-08 23:00:00,5.8333,2004-05-08 20:30:00,1.2500
08211520,27.711111,-97.501667,2004-05-10 08:45:00,2004-05-10 23:45:00,6.0881,2004-05-10 14:45:00,6.0000
08211520,27.711111,-97.501667,2004-05-14 04:45:00,2004-05-16 10:00:00,89.7644,2004-05-14 18:15:00,13.5000
08211520,27.711111,-97.501667,2004-06-22 20:00:00,2004-06-23 20:15:00,13.6204,2004-06-22 23:00:00,3.0000
08211520,27.711111,-97.501667,2004-06-25 19:45:00,2004-06-27 06:30:00,26.2214,2004-06-26 05:00:00,9.2500
08211520,27.711111,-97.501667,2004-09-04 18:30:00,2004-09-05 16:00:00,28.0903,2004-09-04 22:15:00,3.7500
08211520,27.711111,-97.501667,2005-02-27 00:45:00,2005-02-28 15:15:00,9.7976,2005-02-28 01:45:00,25.0000
08211520,27.711111,-97.501667,2005-03-20 01:45:00,2005-03-21 16:15:00,31.7149,2005-03-20 06:00:00,4.2500
08211520,27.711111,-97.501667,2005-05-09 02:00:00,2005-05-09 04:45:00,6.7960,2005-05-09 03:00:00,1.0000
08211520,27.711111,-97.501667,2005-11-26 11:30:00,2005-11-27 18:30:00,21.5774,2005-11-26 22:30:00,11.0000
08211520,27.711111,-97.501667,2006-06-01 07:30:00,2006-06-03 19:15:00,109.0199,2006-06-01 20:15:00,12.7500
08211520,27.711111,-97.501667,2006-07-06 19:30:00,2006-07-07 08:45:00,7.2208,2006-07-07 03:00:00,7.5000
08211520,27.711111,-97.501667,2006-09-09 21:30:00,2006-09-10 10:45:00,12.2612,2006-09-10 04:15:00,6.7500
08211520,27.711111,-97.501667,2006-09-18 07:45:00,2006-09-20 16:45:00,53.5188,2006-09-18 16:45:00,9.0000
08211520,27.711111,-97.501667,2006-09-24 09:00:00,2006-09-26 17:15:00,43.3248,2006-09-25 01:15:00,16.2500
08211520,27.711111,-97.501667,2007-01-27 14:30:00,2007-01-28 07:30:00,5.9749,2007-01-28 03:15:00,12.7500
08211520,27.711111,-97.501667,2007-03-14 06:45:00,2007-03-15 17:15:00,7.3057,2007-03-14 22:15:00,15.5000
08211520,27.711111,-97.501667,2007-07-02 15:15:00,2007-07-09 11:00:00,129.4080,2007-07-05 06:30:00,63.2500
08211520,27.711111,-97.501667,2007-07-19 20:00:00,2007-07-22 07:30:00,33.4139,2007-07-21 00:00:00,28.0000
08211520,27.711111,-97.501667,2007-07-26 03:30:00,2007-08-01 11:00:00,101.9406,2007-07-27 11:15:00,31.7500
08211520,27.711111,-97.501667,2007-08-28 20:45:00,2007-08-28 23:15:00,6.0881,2007-08-28 21:30:00,0.7500
08211520,27.711111,-97.501667,2007-08-30 21:30:00,2007-08-31 04:00:00,7.7022,2007-08-30 23:45:00,2.2500
08211520,27.711111,-97.501667,2007-09-01 16:00:00,2007-09-02 02:30:00,6.4846,2007-09-01 21:15:00,5.2500
08211520,27.711111,-97.501667,2007-09-03 15:30:00,2007-09-05 00:30:00,12.2046,2007-09-03 19:15:00,3.7500
08211520,27.711111,-97.501667,2007-09-29 21:00:00,2007-10-01 16:45:00,11.5250,2007-09-30 20:00:00,23.0000
08211520,27.711111,-97.501667,2008-03-07 16:15:00,2008-03-08 03:00:00,6.7960,2008-03-07 21:15:00,5.0000
08211520,27.711111,-97.501667,2008-07-24 09:15:00,2008-07-26 07:45:00,51.5367,2008-07-24 17:45:00,8.5000
08211520,27.711111,-97.501667,2008-08-17 16:45:00,2008-08-20 05:15:00,22.2570,2008-08-18 03:30:00,10.7500
08211520,27.711111,-97.501667,2008-08-23 07:30:00,2008-08-26 03:30:00,26.9293,2008-08-24 03:15:00,19.7500
08211520,27.711111,-97.501667,2009-05-27 20:30:00,2009-05-28 03:30:00,8.0420,2009-05-27 22:30:00,2.0000
08211520,27.711111,-97.501667,2009-11-21 03:15:00,2009-11-21 05:45:00,8.8915,2009-11-21 05:30:00,2.2500
08211520,27.711111,-97.501667,2009-12-02 00:00:00,2009-12-03 00:30:00,9.0331,2009-12-02 02:15:00,2.2500
08211520,27.711111,-97.501667,2009-12-16 14:15:00,2009-12-18 08:30:00,9.5994,2009-12-16 19:30:00,5.2500
08211520,27.711111,-97.501667,2010-01-15 09:45:00,2010-01-18 02:15:00,35.6792,2010-01-16 07:15:00,21.5000
08211520,27.711111,-97.501667,2010-02-11 19:45:00,2010-02-13 11:00:00,15.7442,2010-02-12 01:45:00,6.0000
08211520,27.711111,-97.501667,2010-02-19 15:30:00,2010-02-20 22:45:00,6.7677,2010-02-20 13:15:00,21.7500
08211520,27.711111,-97.501667,2010-04-17 01:15:00,2010-04-18 20:45:00,7.4756,2010-04-17 04:45:00,3.5000
08211520,27.711111,-97.501667,2010-07-01 12:45:00,2010-07-05 18:15:00,35.1129,2010-07-03 00:00:00,35.2500
08211520,27.711111,-97.501667,2010-07-08 16:30:00,2010-07-10 19:00:00,8.4101,2010-07-08 22:15:00,5.7500
08211520,27.711111,-97.501667,2010-07-28 16:15:00,2010-07-30 15:15:00,21.7190,2010-07-29 12:45:00,20.5000
08211520,27.711111,-97.501667,2010-09-18 15:30:00,2010-09-19 04:45:00,22.5968,2010-09-19 04:45:00,13.2500
08211520,27.711111,-97.501667,2012-02-06 04:30:00,2012-02-07 03:15:00,10.3923,2012-02-06 14:45:00,10.2500
08211520,27.711111,-97.501667,2012-03-30 22:15:00,2012-03-31 08:30:00,6.1164,2012-03-31 02:15:00,4.0000
08211520,27.711111,-97.501667,2012-04-17 13:00:00,2012-04-18 18:45:00,9.9958,2012-04-18 03:30:00,14.5000
08211520,27.711111,-97.501667,2012-05-11 05:00:00,2012-05-11 16:45:00,10.7321,2012-05-11 07:45:00,2.7500
08211520,27.711111,-97.501667,2013-09-22 05:45:00,2013-09-22 20:00:00,6.5695,2013-09-22 11:45:00,6.0000
08211520,27.711111,-97.501667,2013-10-21 23:30:00,2013-10-22 01:45:00,6.3996,2013-10-22 00:30:00,1.0000
08211520,27.711111,-97.501667,2013-11-06 22:30:00,2013-11-06 23:30:00,5.9182,2013-11-06 22:45:00,0.2500
08211520,27.711111,-97.501667,2013-11-22 18:00:00,2013-11-24 11:45:00,37.6614,2013-11-23 09:00:00,15.0000
08211520,27.711111,-97.501667,2014-05-13 14:15:00,2014-05-14 23:15:00,6.7677,2014-05-14 06:45:00,16.5000
08211520,27.711111,-97.501667,2014-10-11 23:00:00,2014-10-12 04:00:00,9.0897,2014-10-12 00:30:00,1.5000
08211520,27.711111,-97.501667,2014-10-21 15:15:00,2014-10-22 15:45:00,8.8915,2014-10-22 03:30:00,12.2500
08211520,27.711111,-97.501667,2014-10-31 16:00:00,2014-11-01 13:00:00,10.5905,2014-11-01 02:00:00,10.0000
08211520,27.711111,-97.501667,2015-03-09 17:15:00,2015-03-12 06:00:00,39.3604,2015-03-10 11:30:00,18.2500
08211520,27.711111,-97.501667,2015-03-18 10:45:00,2015-03-20 16:45:00,36.8119,2015-03-19 01:15:00,14.5000
08211520,27.711111,-97.501667,2015-03-21 18:30:00,2015-03-24 00:30:00,17.3016,2015-03-23 00:30:00,30.0000
08211520,27.711111,-97.501667,2015-04-14 13:15:00,2015-04-17 03:45:00,21.4359,2015-04-15 21:15:00,32.0000
08211520,27.711111,-97.501667,2015-04-18 20:15:00,2015-04-21 13:45:00,58.0495,2015-04-19 12:00:00,15.7500
08211520,27.711111,-97.501667,2015-04-22 19:00:00,2015-04-25 21:00:00,72.7743,2015-04-23 05:30:00,10.5000
08211520,27.711111,-97.501667,2015-05-12 08:30:00,2015-05-19 01:45:00,131.1070,2015-05-13 00:00:00,15.5000
08211520,27.711111,-97.501667,2015-05-21 22:45:00,2015-05-23 06:45:00,51.2535,2015-05-22 03:45:00,5.0000
08211520,27.711111,-97.501667,2015-05-24 07:15:00,2015-05-25 02:45:00,15.6026,2015-05-24 11:30:00,4.2500
08211520,27.711111,-97.501667,2015-05-29 11:45:00,2015-05-30 20:30:00,18.5192,2015-05-29 16:30:00,4.7500
08211520,27.711111,-97.501667,2015-06-06 18:45:00,2015-06-07 06:45:00,5.7200,2015-06-06 23:45:00,5.0000
08211520,27.711111,-97.501667,2015-10-25 12:45:00,2015-10-27 02:30:00,13.2806,2015-10-26 04:30:00,15.7500
08211520,27.711111,-97.501667,2015-11-07 16:45:00,2015-11-09 09:30:00,8.0137,2015-11-08 12:30:00,19.7500
08211520,27.711111,-97.501667,2016-03-09 15:15:00,2016-03-12 17:00:00,87.4991,2016-03-10 13:15:00,22.0000
08211520,27.711111,-97.501667,2016-03-19 06:15:00,2016-03-21 04:30:00,56.0674,2016-03-19 16:30:00,10.2500
08211520,27.711111,-97.501667,2016-04-19 00:00:00,2016-04-21 04:15:00,30.2990,2016-04-19 20:00:00,20.0000
08211520,27.711111,-97.501667,2016-05-15 22:45:00,2016-05-17 23:45:00,56.6337,2016-05-16 14:30:00,15.7500
08032000,31.892222,-95.430556,1990-10-09 20:00:00,1990-10-12 11:00:00,51.5367,1990-10-10 09:00:00,13.0000
08032000,31.892222,-95.430556,1990-11-09 16:00:00,1990-11-17 13:00:00,89.7644,1990-11-11 00:00:00,32.0000
08032000,31.892222,-95.430556,1991-03-30 03:00:00,1991-04-04 22:00:00,48.7050,1991-03-31 21:00:00,42.0000
08032000,31.892222,-95.430556,1991-08-14 19:01:00,1991-08-17 03:00:00,54.3683,1991-08-15 07:01:00,12.0000
08032000,31.892222,-95.430556,1991-11-20 14:00:00,1991-11-23 16:00:00,51.2535,1991-11-21 20:00:00,30.0000
08032000,31.892222,-95.430556,1991-12-03 13:00:00,1991-12-05 02:00:00,35.1129,1991-12-03 22:00:00,9.0000
08032000,31.892222,-95.430556,1992-12-15 18:00:00,1992-12-19 05:00:00,98.8258,1992-12-17 01:00:00,31.0000
08032000,31.892222,-95.430556,1992-12-21 06:00:00,1993-01-03 05:00:00,80.1367,1992-12-21 23:00:00,17.0000
08032000,31.892222,-95.430556,1993-01-05 01:00:00,1993-01-12 05:00:00,188.3070,1993-01-08 11:00:00,82.0000
08032000,31.892222,-95.430556,1993-02-06 06:00:00,1993-02-09 23:00:00,36.8119,1993-02-07 18:00:00,36.0000
08032000,31.892222,-95.430556,1993-03-10 06:00:00,1993-04-12 02:00:00,88.6317,1993-03-14 02:00:00,92.0000
08032000,31.892222,-95.430556,1993-04-16 02:00:00,1993-04-18 18:00:00,36.2456,1993-04-16 23:00:00,21.0000
08032000,31.892222,-95.430556,1993-04-22 02:00:00,1993-04-24 11:00:00,36.8119,1993-04-22 23:00:00,21.0000
08032000,31.892222,-95.430556,1993-05-01 13:00:00,1993-05-09 02:00:00,45.5901,1993-05-04 00:00:00,59.0000
08032000,31.892222,-95.430556,1993-06-20 16:00:00,1993-06-29 04:00:00,161.1229,1993-06-21 02:00:00,10.0000
08032000,31.892222,-95.430556,1994-02-22 15:00:00,1994-03-19 20:00:00,255.9843,1994-02-25 20:00:00,77.0000
08032000,31.892222,-95.430556,1994-03-31 13:00:00,1994-04-06 11:00:00,41.0594,1994-04-02 23:00:00,58.0000
08032000,31.892222,-95.430556,1994-05-17 15:00:00,1994-05-28 10:00:00,46.1565,1994-05-21 18:50:00,99.8333
08032000,31.892222,-95.430556,1994-10-08 19:00:00,1994-10-11 01:00:00,59.1822,1994-10-09 03:00:00,8.0000
08032000,31.892222,-95.430556,1994-10-23 02:00:00,1994-11-04 05:00:00,56.0674,1994-10-28 22:00:00,140.0000
08032000,31.892222,-95.430556,1994-11-06 05:00:00,1994-11-23 07:00:00,90.0476,1994-11-11 22:00:00,137.0000
08032000,31.892222,-95.430556,1994-12-15 13:00:00,1995-01-11 21:00:00,294.4952,1994-12-19 21:00:00,104.0000
08032000,31.892222,-95.430556,1995-01-13 07:00:00,1995-02-11 01:00:00,99.3921,1995-01-19 19:00:00,156.0000
08032000,31.892222,-95.430556,1995-02-15 20:00:00,1995-02-18 14:00:00,34.8297,1995-02-16 19:00:00,23.0000
08032000,31.892222,-95.430556,1995-02-27 13:00:00,1995-03-08 05:00:00,59.7485,1995-03-01 07:00:00,42.0000
08032000,31.892222,-95.430556,1995-03-16 06:00:00,1995-03-22 05:00:00,65.1287,1995-03-19 20:00:00,86.0000
08032000,31.892222,-95.430556,1995-06-12 12:00:00,1995-06-13 18:00:00,35.3961,1995-06-12 17:00:00,5.0000
08032000,31.892222,-95.430556,1997-02-13 17:30:00,1997-02-16 15:15:00,44.1743,1997-02-14 18:15:00,24.7500
08032000,31.892222,-95.430556,1997-02-20 23:15:00,1997-03-29 21:30:00,174.9981,1997-02-28 11:15:00,180.0000
08032000,31.892222,-95.430556,1997-04-05 17:15:00,1997-04-17 08:00:00,60.8812,1997-04-11 17:30:00,143.2500
08032000,31.892222,-95.430556,1997-04-28 02:15:00,1997-05-13 04:15:00,168.7684,1997-05-02 12:00:00,105.7500
08032000,31.892222,-95.430556,1997-06-10 23:00:00,1997-06-22 03:15:00,59.7485,1997-06-16 19:30:00,140.5000
08032000,31.892222,-95.430556,1997-12-26 18:30:00,1998-01-02 00:45:00,43.3248,1997-12-29 03:00:00,56.5000
08032000,31.892222,-95.430556,1998-01-07 04:15:00,1998-02-03 00:45:00,450.2379,1998-01-09 16:00:00,59.7500
08032000,31.892222,-95.430556,1998-02-11 17:45:00,1998-03-11 22:30:00,65.6951,1998-02-17 06:30:00,132.7500
08032000,31.892222,-95.430556,1998-03-17 14:15:00,1998-03-30 14:45:00,68.8099,1998-03-22 09:30:00,115.2500
08032000,31.892222,-95.430556,1998-04-01 17:15:00,1998-04-04 07:15:00,35.3961,1998-04-03 07:30:00,38.2500
08032000,31.892222,-95.430556,1998-11-14 05:30:00,1998-11-28 13:45:00,76.4555,1998-11-20 10:45:00,149.2500
08032000,31.892222,-95.430556,1998-12-10 23:15:00,1998-12-28 07:00:00,75.3228,1998-12-13 16:15:00,65.0000
08032000,31.892222,-95.430556,1999-01-04 09:45:00,1999-01-08 03:00:00,38.5109,1999-01-05 12:45:00,27.0000
08032000,31.892222,-95.430556,1999-01-10 05:45:00,1999-01-11 10:15:00,34.5466,1999-01-10 13:00:00,7.2500
08032000,31.892222,-95.430556,1999-01-29 07:45:00,1999-02-15 21:30:00,252.5863,1999-01-30 09:30:00,25.7500
08032000,31.892222,-95.430556,1999-04-04 13:15:00,1999-04-12 10:45:00,56.6337,1999-04-06 04:15:00,39.0000
08032000,31.892222,-95.430556,1999-04-15 15:00:00,1999-04-18 06:30:00,39.0772,1999-04-17 03:00:00,36.0000
08032000,31.892222,-95.430556,1999-05-30 05:45:00,1999-06-04 23:00:00,36.5287,1999-05-31 04:30:00,22.7500
08032000,31.892222,-95.430556,1999-06-30 15:45:00,1999-07-03 19:00:00,35.9624,1999-07-02 04:15:00,36.5000
08032000,31.892222,-95.430556,2000-05-08 08:15:00,2000-05-16 19:15:00,50.6872,2000-05-12 03:45:00,91.5000
08032000,31.892222,-95.430556,2000-05-20 19:00:00,2000-06-02 21:45:00,99.9585,2000-05-25 16:45:00,117.7500
08032000,31.892222,-95.430556,2000-06-06 00:00:00,2000-06-08 11:30:00,36.5287,2000-06-06 20:15:00,20.2500
08032000,31.892222,-95.430556,2000-12-27 04:45:00,2001-01-15 20:15:00,190.8555,2000-12-30 23:15:00,90.5000
08032000,31.892222,-95.430556,2001-01-17 19:30:00,2001-02-06 20:00:00,129.1248,2001-01-23 02:30:00,127.0000
08032000,31.892222,-95.430556,2001-06-07 14:45:00,2001-06-15 10:00:00,121.1961,2001-06-09 01:15:00,34.5000
08032000,31.892222,-95.430556,2001-07-03 03:30:00,2001-07-03 22:00:00,34.8297,2001-07-03 12:30:00,9.0000
08032000,31.892222,-95.430556,2001-12-16 12:00:00,2002-01-03 11:30:00,161.1229,2001-12-21 16:45:00,124.7500
08032000,31.892222,-95.430556,2002-02-07 09:30:00,2002-02-13 05:00:00,38.5109,2002-02-08 19:15:00,33.7500
08032000,31.892222,-95.430556,2002-03-20 19:00:00,2002-04-22 04:15:00,94.5783,2002-03-25 03:00:00,104.0000
08032000,31.892222,-95.430556,2002-12-31 17:45:00,2003-01-01 05:45:00,42.1921,2003-01-01 01:30:00,7.7500
08032000,31.892222,-95.430556,2003-01-02 06:00:00,2003-01-03 05:45:00,41.9089,2003-01-02 06:45:00,0.7500
08032000,31.892222,-95.430556,2003-02-17 17:00:00,2003-02-19 03:30:00,35.9624,2003-02-18 12:30:00,19.5000
08032000,31.892222,-95.430556,2003-02-21 04:45:00,2003-03-15 11:00:00,204.7308,2003-02-23 13:15:00,56.5000
08032000,31.892222,-95.430556,2004-03-06 03:30:00,2004-03-09 02:15:00,37.6614,2004-03-06 15:30:00,12.0000
08032000,31.892222,-95.430556,2004-04-25 22:30:00,2004-05-17 12:00:00,117.2317,2004-05-03 21:30:00,191.0000
08032000,31.892222,-95.430556,2004-07-04 13:15:00,2004-07-09 23:45:00,40.4931,2004-07-07 05:45:00,64.5000
08032000,31.892222,-95.430556,2005-02-07 15:00:00,2005-02-15 06:45:00,66.8278,2005-02-09 19:00:00,52.0000
08032000,31.892222,-95.430556,2005-02-25 00:30:00,2005-03-08 22:15:00,44.7406,2005-03-04 10:00:00,177.5000
08032000,31.892222,-95.430556,2007-01-15 06:15:00,2007-02-01 15:00:00,117.2317,2007-01-20 19:15:00,133.0000
08032000,31.892222,-95.430556,2007-03-31 23:00:00,2007-04-03 23:15:00,42.4753,2007-04-01 20:15:00,21.2500
08032000,31.892222,-95.430556,2007-04-05 20:30:00,2007-04-08 18:45:00,35.3961,2007-04-06 17:30:00,21.0000
08032000,31.892222,-95.430556,2007-05-03 13:00:00,2007-05-20 07:45:00,104.2060,2007-05-10 09:30:00,164.5000
08032000,31.892222,-95.430556,2007-05-31 00:30:00,2007-06-11 05:45:00,45.3070,2007-06-06 14:15:00,157.7500
08032000,31.892222,-95.430556,2007-07-08 05:00:00,2007-08-06 22:15:00,543.6835,2007-07-09 02:45:00,21.7500
08032000,31.892222,-95.430556,2008-02-23 06:45:00,2008-02-28 15:15:00,38.5109,2008-02-25 01:15:00,42.5000
08032000,31.892222,-95.430556,2008-03-05 05:00:00,2008-03-13 04:30:00,63.9961,2008-03-13 02:30:00,188.5000
08032000,31.892222,-95.430556,2008-03-20 05:00:00,2008-03-26 04:45:00,65.9783,2008-03-25 12:30:00,127.5000
08032000,31.892222,-95.430556,2008-05-16 19:45:00,2008-05-20 04:45:00,65.1287,2008-05-20 04:15:00,80.5000
08032000,31.892222,-95.430556,2008-05-21 05:00:00,2008-05-28 08:15:00,67.9604,2008-05-21 05:30:00,0.5000
08032000,31.892222,-95.430556,2008-05-29 11:15:00,2008-05-30 13:30:00,34.2634,2008-05-29 20:15:00,9.0000
08032000,31.892222,-95.430556,2008-09-15 16:15:00,2008-09-25 09:15:00,57.4832,2008-09-18 20:30:00,76.2500
08032000,31.892222,-95.430556,2008-11-16 04:30:00,2008-11-19 20:45:00,38.2277,2008-11-17 07:45:00,27.2500
08032000,31.892222,-95.430556,2009-03-13 23:30:00,2009-03-16 04:45:00,62.0139,2009-03-16 04:30:00,53.0000
08032000,31.892222,-95.430556,2009-03-19 05:00:00,2009-04-10 04:30:00,87.7822,2009-03-19 05:15:00,0.2500
08032000,31.892222,-95.430556,2009-04-19 05:00:00,2009-05-03 04:45:00,57.7664,2009-04-24 09:15:00,124.2500
08032000,31.892222,-95.430556,2009-05-05 05:00:00,2009-05-09 00:00:00,37.9446,2009-05-06 11:45:00,30.7500
08032000,31.892222,-95.430556,2009-12-24 10:30:00,2010-01-07 18:30:00,56.0674,2009-12-28 02:15:00,87.7500
08032000,31.892222,-95.430556,2010-01-08 18:45:00,2010-01-09 22:15:00,35.1129,2010-01-09 06:30:00,11.7500
08032000,31.892222,-95.430556,2010-03-09 10:15:00,2010-04-06 21:15:00,59.4654,2010-03-14 08:15:00,117.0000
08032000,31.892222,-95.430556,2010-06-11 14:45:00,2010-06-24 17:00:00,137.6199,2010-06-14 07:00:00,64.2500
08032000,31.892222,-95.430556,2012-03-23 05:00:00,2012-04-07 13:30:00,81.5525,2012-03-27 02:00:00,93.0000
08032000,31.892222,-95.430556,2013-10-31 16:30:00,2013-11-04 17:30:00,83.8179,2013-11-02 02:30:00,34.0000
08032000,31.892222,-95.430556,2013-11-23 13:15:00,2013-12-12 22:45:00,69.0931,2013-11-29 04:30:00,135.2500
08032000,31.892222,-95.430556,2013-12-14 20:15:00,2013-12-18 19:00:00,38.7941,2013-12-16 03:45:00,31.5000
08032000,31.892222,-95.430556,2013-12-22 03:00:00,2014-01-05 11:15:00,72.7743,2013-12-28 12:00:00,153.0000
08032000,31.892222,-95.430556,2014-04-08 21:45:00,2014-04-13 07:15:00,44.7406,2014-04-10 12:15:00,38.5000
08032000,31.892222,-95.430556,2014-05-14 12:00:00,2014-05-16 05:45:00,36.2456,2014-05-15 06:15:00,18.2500
08032000,31.892222,-95.430556,2015-03-05 16:30:00,2015-04-04 02:45:00,192.2714,2015-03-13 13:00:00,187.5000
08032000,31.892222,-95.430556,2015-06-18 21:30:00,2015-06-29 13:00:00,46.1565,2015-06-24 15:15:00,137.7500
08032000,31.892222,-95.430556,2016-03-09 17:15:00,2016-04-01 00:45:00,594.6538,2016-03-12 03:15:00,58.0000
08032000,31.892222,-95.430556,2016-05-28 01:00:00,2016-06-02 04:45:00,48.7050,2016-05-30 08:00:00,55.0000
08041500,30.397778,-94.263333,1991-01-04 15:00:00,1991-01-09 05:00:00,92.8793,1991-01-06 21:00:00,54.0000
08041500,30.397778,-94.263333,1991-02-06 17:00:00,1991-02-11 09:00:00,85.2337,1991-02-09 03:00:00,58.0000
08041500,30.397778,-94.263333,1991-02-22 03:00:00,1991-02-28 05:00:00,281.4695,1991-02-23 23:00:00,44.0000
08041500,30.397778,-94.263333,1991-03-01 06:00:00,1991-03-08 13:00:00,143.0001,1991-03-04 18:00:00,84.0000
08041500,30.397778,-94.263333,1991-04-12 14:00:00,1991-04-24 00:00:00,187.7407,1991-04-18 19:00:00,149.0000
08041500,30.397778,-94.263333,1991-04-30 20:00:00,1991-05-03 23:00:00,85.5169,1991-05-02 02:00:00,30.0000
08041500,30.397778,-94.263333,1991-05-10 17:00:00,1991-05-14 10:00:00,80.4198,1991-05-12 20:00:00,51.0000
08041500,30.397778,-94.263333,1991-05-17 05:00:00,1991-05-23 04:00:00,111.5684,1991-05-19 02:00:00,45.0000
08041500,30.397778,-94.263333,1991-05-31 12:00:00,1991-06-03 02:00:00,69.9426,1991-06-01 04:00:00,16.0000
08041500,30.397778,-94.263333,1991-06-11 15:00:00,1991-06-15 07:00:00,77.5882,1991-06-13 00:00:00,33.0000
08041500,30.397778,-94.263333,1991-07-07 14:00:00,1991-07-11 04:00:00,77.0218,1991-07-08 21:00:00,31.0000
08041500,30.397778,-94.263333,1991-08-14 17:00:00,1991-08-19 09:00:00,146.9644,1991-08-15 22:00:00,29.0000
08041500,30.397778,-94.263333,1991-09-05 10:00:00,1991-09-09 21:00:00,80.7030,1991-09-06 19:00:00,33.0000
08041500,30.397778,-94.263333,1991-11-18 22:00:00,1991-11-24 15:00:00,95.1446,1991-11-21 01:00:00,51.0000
08041500,30.397778,-94.263333,1991-12-13 00:00:00,1991-12-16 05:00:00,90.3307,1991-12-14 13:00:00,37.0000
08041500,30.397778,-94.263333,1991-12-23 02:00:00,1991-12-31 09:00:00,162.8219,1991-12-26 10:00:00,80.0000
08041500,30.397778,-94.263333,1992-03-30 16:00:00,1992-04-03 03:00:00,79.2872,1992-04-01 05:00:00,37.0000
08041500,30.397778,-94.263333,1992-04-08 04:00:00,1992-04-10 10:00:00,65.1287,1992-04-09 07:00:00,27.0000
08041500,30.397778,-94.263333,1992-06-03 14:00:00,1992-06-04 08:00:00,60.3149,1992-06-03 20:00:00,6.0000
08041500,30.397778,-94.263333,1992-12-16 19:00:00,1992-12-23 05:00:00,216.0575,1992-12-19 16:00:00,69.0000
08041500,30.397778,-94.263333,1993-01-09 02:00:00,1993-01-14 19:00:00,75.3228,1993-01-12 13:00:00,83.0000
08041500,30.397778,-94.263333,1993-01-20 12:00:00,1993-01-27 22:00:00,246.9229,1993-01-23 19:00:00,79.0000
08041500,30.397778,-94.263333,1993-03-02 07:00:00,1993-03-08 00:00:00,206.4298,1993-03-03 08:00:00,25.0000
08041500,30.397778,-94.263333,1993-03-23 19:00:00,1993-03-27 12:00:00,72.4911,1993-03-24 17:00:00,22.0000
08041500,30.397778,-94.263333,1993-04-05 19:00:00,1993-04-14 21:00:00,153.1941,1993-04-12 07:00:00,156.0000
08041500,30.397778,-94.263333,1993-06-23 03:00:00,1993-07-01 19:00:00,80.9862,1993-06-24 10:00:00,31.0000
08041500,30.397778,-94.263333,1993-11-18 20:00:00,1993-11-21 15:00:00,82.1189,1993-11-20 05:00:00,33.0000
08041500,30.397778,-94.263333,1994-01-28 20:00:00,1994-02-03 09:00:00,116.0991,1994-02-01 09:00:00,85.0000
08041500,30.397778,-94.263333,1994-02-12 19:00:00,1994-02-17 19:00:00,118.3644,1994-02-15 23:00:00,76.0000
08041500,30.397778,-94.263333,1994-02-23 11:00:00,1994-03-06 22:00:00,161.4060,1994-02-26 07:00:00,68.0000
08041500,30.397778,-94.263333,1994-03-10 15:00:00,1994-03-14 05:00:00,155.1763,1994-03-13 21:00:00,78.0000
08041500,30.397778,-94.263333,1994-05-14 05:00:00,1994-05-18 04:00:00,237.8615,1994-05-18 00:00:00,91.0000
08041500,30.397778,-94.263333,1994-10-17 23:00:00,1994-10-26 08:00:00,1217.6244,1994-10-20 03:00:00,52.0000
08041500,30.397778,-94.263333,1995-01-19 15:00:00,1995-01-26 05:00:00,226.2516,1995-01-22 12:00:00,69.0000
08041500,30.397778,-94.263333,1995-01-28 06:00:00,1995-02-04 06:00:00,396.4359,1995-01-29 04:00:00,22.0000
08041500,30.397778,-94.263333,1995-03-17 06:00:00,1995-03-21 20:00:00,141.0179,1995-03-18 08:00:00,26.0000
08041500,30.397778,-94.263333,1995-04-06 06:00:00,1995-04-10 04:00:00,146.1149,1995-04-07 21:00:00,39.0000
08041500,30.397778,-94.263333,1995-06-05 00:00:00,1995-06-06 17:00:00,66.8278,1995-06-05 23:00:00,23.0000
08041500,30.397778,-94.263333,1995-12-18 21:00:00,1995-12-24 21:00:00,150.9288,1995-12-19 19:00:00,22.0000
08041500,30.397778,-94.263333,1996-09-28 20:00:00,1996-10-04 02:00:00,586.1587,1996-09-30 02:00:00,30.0000
08041500,30.397778,-94.263333,1996-12-18 13:00:00,1996-12-22 10:00:00,82.1189,1996-12-21 04:00:00,63.0000
08041500,30.397778,-94.263333,1997-02-13 16:00:00,1997-02-20 08:00:00,231.9150,1997-02-16 19:00:00,75.0000
08041500,30.397778,-94.263333,1997-02-23 06:00:00,1997-03-07 22:00:00,248.6219,1997-02-28 20:00:00,134.0000
08041500,30.397778,-94.263333,1997-03-14 02:00:00,1997-03-25 14:00:00,191.4219,1997-03-16 18:00:00,64.0000
08041500,30.397778,-94.263333,1997-04-05 17:00:00,1997-04-12 00:00:00,199.6338,1997-04-08 20:00:00,74.0000
08041500,30.397778,-94.263333,1997-04-29 18:00:00,1997-04-30 15:00:00,59.4654,1997-04-30 03:00:00,9.0000
08041500,30.397778,-94.263333,1997-05-25 11:00:00,1997-05-28 21:00:00,110.7189,1997-05-26 13:00:00,26.0000
08041500,30.397778,-94.263333,1997-06-08 04:00:00,1997-06-13 18:00:00,133.3723,1997-06-09 17:00:00,37.0000
08041500,30.397778,-94.263333,1997-12-22 10:00:00,1997-12-31 02:00:00,274.1071,1997-12-24 13:00:00,51.0000
08041500,30.397778,-94.263333,1998-01-06 23:00:00,1998-01-19 21:00:00,487.0498,1998-01-10 01:00:00,74.0000
08041500,30.397778,-94.263333,1998-01-22 15:00:00,1998-01-29 22:00:00,273.5407,1998-01-24 03:00:00,36.0000
08041500,30.397778,-94.263333,1998-02-12 19:00:00,1998-02-15 08:00:00,65.9783,1998-02-14 06:00:00,35.0000
08041500,30.397778,-94.263333,1998-02-18 10:00:00,1998-02-21 22:00:00,72.4911,1998-02-20 11:00:00,49.0000
08041500,30.397778,-94.263333,1998-02-23 12:00:00,1998-03-05 07:00:00,161.4060,1998-03-02 10:00:00,166.0000
08041500,30.397778,-94.263333,1998-03-17 17:00:00,1998-03-22 03:00:00,98.5426,1998-03-19 07:00:00,38.0000
08041500,30.397778,-94.263333,1998-09-16 10:00:00,1998-09-20 09:00:00,64.5624,1998-09-18 17:00:00,55.0000
08041500,30.397778,-94.263333,1998-10-19 07:00:00,1998-10-26 06:00:00,118.3644,1998-10-24 06:00:00,119.0000
08041500,30.397778,-94.263333,1998-11-14 01:00:00,1998-11-15 05:00:00,153.7605,1998-11-15 05:00:00,28.0000
08041500,30.397778,-94.263333,1998-11-16 06:00:00,1998-11-22 20:00:00,506.8716,1998-11-17 02:00:00,20.0000
08041500,30.397778,-94.263333,1998-12-11 22:00:00,1998-12-19 16:00:00,379.4457,1998-12-14 22:00:00,72.0000
08041500,30.397778,-94.263333,1999-01-06 06:00:00,1999-01-13 09:00:00,254.8516,1999-01-06 15:00:00,9.0000
08041500,30.397778,-94.263333,1999-02-01 08:00:00,1999-02-05 07:00:00,115.2496,1999-02-02 23:00:00,39.0000
08041500,30.397778,-94.263333,1999-03-15 14:00:00,1999-03-20 08:00:00,370.9507,1999-03-16 12:00:00,22.0000
08041500,30.397778,-94.263333,1999-04-05 09:00:00,1999-04-11 17:00:00,790.0400,1999-04-06 16:00:00,31.0000
08041500,30.397778,-94.263333,1999-04-16 13:00:00,1999-04-19 08:00:00,89.1981,1999-04-17 21:00:00,32.0000
08041500,30.397778,-94.263333,1999-06-14 09:00:00,1999-06-17 22:00:00,75.3228,1999-06-15 05:00:00,20.0000
08041500,30.397778,-94.263333,1999-06-26 14:00:00,1999-07-01 14:00:00,77.3050,1999-06-27 08:00:00,18.0000
08041500,30.397778,-94.263333,2000-05-06 10:00:00,2000-05-08 14:00:00,63.9961,2000-05-07 10:00:00,24.0000
08041500,30.397778,-94.263333,2000-11-26 10:00:00,2000-11-30 02:00:00,74.1901,2000-11-28 23:00:00,61.0000
08041500,30.397778,-94.263333,2001-01-18 10:00:00,2001-01-24 22:00:00,73.3406,2001-01-21 04:00:00,66.0000
08041500,30.397778,-94.263333,2001-03-04 19:00:00,2001-03-09 07:00:00,93.1624,2001-03-06 17:00:00,46.0000
08041500,30.397778,-94.263333,2001-03-12 08:00:00,2001-03-21 08:00:00,109.0199,2001-03-18 04:00:00,140.0000
08041500,30.397778,-94.263333,2001-03-30 18:00:00,2001-04-01 06:00:00,61.4476,2001-03-31 11:00:00,17.0000
08041500,30.397778,-94.263333,2001-06-09 00:00:00,2001-06-15 14:00:00,339.8022,2001-06-11 10:00:00,58.0000
08041500,30.397778,-94.263333,2001-10-13 19:00:00,2001-10-19 16:00:00,142.1506,2001-10-15 05:00:00,34.0000
08041500,30.397778,-94.263333,2001-11-29 07:00:00,2001-12-05 17:00:00,182.9268,2001-12-01 09:00:00,50.0000
08041500,30.397778,-94.263333,2001-12-13 18:00:00,2001-12-28 08:00:00,586.1587,2001-12-15 13:00:00,43.0000
08041500,30.397778,-94.263333,2002-04-09 16:00:00,2002-04-14 00:00:00,97.9763,2002-04-11 07:00:00,39.0000
08041500,30.397778,-94.263333,2002-12-05 03:00:00,2002-12-10 01:00:00,107.3208,2002-12-07 10:00:00,55.0000
08041500,30.397778,-94.263333,2002-12-13 14:00:00,2002-12-20 12:00:00,156.0258,2002-12-17 10:00:00,92.0000
08041500,30.397778,-94.263333,2002-12-26 06:00:00,2002-12-29 23:00:00,71.3585,2002-12-28 16:00:00,58.0000
08041500,30.397778,-94.263333,2002-12-31 21:00:00,2003-01-07 17:00:00,174.9981,2003-01-03 16:00:00,67.0000
08041500,30.397778,-94.263333,2003-02-21 21:00:00,2003-02-24 05:00:00,112.1347,2003-02-23 22:00:00,49.0000
08041500,30.397778,-94.263333,2003-02-25 06:00:00,2003-03-01 09:00:00,167.3526,2003-02-26 03:00:00,21.0000
08041500,30.397778,-94.263333,2003-03-07 12:00:00,2003-03-09 00:00:00,61.4476,2003-03-08 07:00:00,19.0000
08041500,30.397778,-94.263333,2003-11-20 06:00:00,2003-11-27 12:00:00,263.0635,2003-11-20 19:00:00,13.0000
08041500,30.397778,-94.263333,2004-01-18 21:00:00,2004-01-20 05:00:00,73.3406,2004-01-20 04:00:00,31.0000
08041500,30.397778,-94.263333,2004-01-26 12:00:00,2004-02-03 05:00:00,156.8753,2004-01-29 03:00:00,63.0000
08041500,30.397778,-94.263333,2004-02-25 02:00:00,2004-02-27 05:00:00,87.2159,2004-02-27 05:00:00,51.0000
08041500,30.397778,-94.263333,2004-03-03 17:00:00,2004-03-08 22:00:00,76.4555,2004-03-06 19:00:00,74.0000
08041500,30.397778,-94.263333,2004-04-12 10:00:00,2004-04-17 22:00:00,118.9308,2004-04-14 05:00:00,43.0000
08041500,30.397778,-94.263333,2004-05-03 00:00:00,2004-05-08 06:00:00,196.8021,2004-05-05 11:00:00,59.0000
08041500,30.397778,-94.263333,2004-05-14 01:00:00,2004-05-21 03:00:00,179.5288,2004-05-17 12:00:00,83.0000
08041500,30.397778,-94.263333,2004-06-25 05:00:00,2004-07-07 03:00:00,126.0100,2004-06-27 22:00:00,65.0000
08041500,30.397778,-94.263333,2004-11-21 08:00:00,2004-12-01 05:00:00,242.1090,2004-11-26 17:00:00,129.0000
08041500,30.397778,-94.263333,2004-12-05 11:00:00,2004-12-06 13:00:00,62.2971,2004-12-05 23:00:00,12.0000
08041500,30.397778,-94.263333,2004-12-08 12:00:00,2004-12-12 05:00:00,68.8099,2004-12-10 20:00:00,56.0000
08041500,30.397778,-94.263333,2005-01-16 02:00:00,2005-01-18 02:00:00,65.1287,2005-01-17 02:00:00,24.0000
08041500,30.397778,-94.263333,2005-02-02 17:00:00,2005-02-07 19:00:00,88.3486,2005-02-05 15:00:00,70.0000
08041500,30.397778,-94.263333,2005-02-09 00:00:00,2005-02-19 02:00:00,177.2635,2005-02-11 04:00:00,52.0000
08041500,30.397778,-94.263333,2005-02-25 17:00:00,2005-03-08 05:00:00,105.9050,2005-02-28 15:00:00,70.0000
08041500,30.397778,-94.263333,2005-09-25 08:00:00,2005-10-01 20:00:00,212.6595,2005-09-27 18:00:00,58.0000
08041500,30.397778,-94.263333,2006-05-03 05:00:00,2006-05-04 14:00:00,62.5802,2006-05-03 18:30:00,13.5000
08041500,30.397778,-94.263333,2006-06-20 23:30:00,2006-06-23 08:00:00,65.4119,2006-06-21 18:30:00,19.0000
08041500,30.397778,-94.263333,2006-07-27 22:45:00,2006-08-03 10:45:00,213.2259,2006-07-30 14:15:00,63.5000
08041500,30.397778,-94.263333,2006-10-16 16:45:00,2006-11-04 10:00:00,1563.0899,2006-10-19 16:30:00,71.7500
08041500,30.397778,-94.263333,2006-12-29 09:45:00,2007-01-12 19:45:00,328.4754,2007-01-02 02:30:00,88.7500
08041500,30.397778,-94.263333,2007-01-17 02:30:00,2007-01-31 07:45:00,128.2753,2007-01-20 09:15:00,78.7500
08041500,30.397778,-94.263333,2007-02-01 17:15:00,2007-02-05 23:00:00,75.3228,2007-02-03 21:00:00,51.7500
08041500,30.397778,-94.263333,2007-02-13 16:45:00,2007-02-20 20:00:00,112.4179,2007-02-18 05:30:00,108.7500
08041500,30.397778,-94.263333,2007-03-16 21:15:00,2007-03-19 10:15:00,62.0139,2007-03-18 06:00:00,32.7500
08041500,30.397778,-94.263333,2007-04-27 02:45:00,2007-04-29 16:00:00,72.2080,2007-04-28 01:45:00,23.0000
08041500,30.397778,-94.263333,2007-07-10 13:00:00,2007-07-12 13:15:00,65.9783,2007-07-11 10:45:00,21.7500
08041500,30.397778,-94.263333,2007-07-19 02:30:00,2007-07-21 10:00:00,64.5624,2007-07-20 07:00:00,28.5000
08041500,30.397778,-94.263333,2007-07-30 11:00:00,2007-08-03 13:45:00,130.8238,2007-08-01 00:15:00,37.2500
08041500,30.397778,-94.263333,2008-02-18 11:00:00,2008-02-27 07:00:00,133.9387,2008-02-22 07:00:00,92.0000
08041500,30.397778,-94.263333,2008-11-12 23:30:00,2008-11-14 20:45:00,73.0575,2008-11-13 08:45:00,9.2500
08041500,30.397778,-94.263333,2008-11-16 16:15:00,2008-11-19 20:15:00,74.7565,2008-11-18 15:15:00,47.0000
08041500,30.397778,-94.263333,2009-03-16 10:30:00,2009-03-21 06:45:00,80.4198,2009-03-19 02:30:00,64.0000
08041500,30.397778,-94.263333,2009-03-27 10:45:00,2009-04-02 17:00:00,153.1941,2009-03-29 14:15:00,51.5000
08041500,30.397778,-94.263333,2009-04-19 03:45:00,2009-04-27 00:45:00,177.2635,2009-04-22 07:15:00,75.5000
08041500,30.397778,-94.263333,2009-04-30 03:30:00,2009-05-11 23:00:00,219.4556,2009-05-07 21:30:00,186.0000
08041500,30.397778,-94.263333,2009-10-29 18:00:00,2009-11-06 13:15:00,114.4001,2009-11-04 08:15:00,135.2500
08041500,30.397778,-94.263333,2009-12-29 14:45:00,2009-12-31 13:30:00,66.8278,2009-12-30 14:45:00,24.0000
08041500,30.397778,-94.263333,2010-02-06 05:45:00,2010-02-11 07:00:00,67.1109,2010-02-09 12:00:00,78.2500
08041500,30.397778,-94.263333,2010-02-12 07:45:00,2010-02-19 00:45:00,83.5347,2010-02-16 01:15:00,89.5000
08041500,30.397778,-94.263333,2012-01-15 05:15:00,2012-01-16 17:15:00,69.6594,2012-01-15 23:45:00,18.5000
08041500,30.397778,-94.263333,2012-01-27 23:45:00,2012-01-31 01:15:00,64.8456,2012-01-29 16:00:00,40.2500
08041500,30.397778,-94.263333,2012-02-06 14:15:00,2012-02-11 07:30:00,122.0456,2012-02-08 08:30:00,42.2500
08041500,30.397778,-94.263333,2012-02-18 19:15:00,2012-02-26 01:45:00,177.5466,2012-02-21 01:30:00,54.2500
08041500,30.397778,-94.263333,2012-03-13 01:15:00,2012-03-18 22:45:00,101.3743,2012-03-15 14:15:00,61.0000
08041500,30.397778,-94.263333,2012-03-21 10:30:00,2012-03-27 11:15:00,129.1248,2012-03-24 07:15:00,68.7500
08041500,30.397778,-94.263333,2012-07-13 01:00:00,2012-07-19 15:45:00,109.8694,2012-07-15 04:30:00,51.5000
08041500,30.397778,-94.263333,2013-05-12 21:45:00,2013-05-15 12:15:00,82.4020,2013-05-14 12:00:00,38.2500
08041500,30.397778,-94.263333,2013-11-01 04:00:00,2013-11-08 00:00:00,300.1586,2013-11-03 10:45:00,55.7500
08041500,30.397778,-94.263333,2013-11-29 09:45:00,2013-12-01 21:00:00,69.3763,2013-11-30 20:15:00,34.5000
08041500,30.397778,-94.263333,2014-06-29 13:15:00,2014-07-01 15:30:00,68.2436,2014-06-30 17:15:00,28.0000
08041500,30.397778,-94.263333,2014-07-20 19:00:00,2014-07-21 16:00:00,61.4476,2014-07-21 03:00:00,8.0000
08041500,30.397778,-94.263333,2015-01-05 11:30:00,2015-01-10 21:00:00,169.6179,2015-01-08 06:15:00,66.7500
08041500,30.397778,-94.263333,2015-01-14 10:30:00,2015-01-15 18:45:00,62.2971,2015-01-14 20:45:00,10.2500
08041500,30.397778,-94.263333,2015-03-11 08:30:00,2015-03-19 16:00:00,185.4753,2015-03-15 03:00:00,90.5000
08041500,30.397778,-94.263333,2015-03-22 05:00:00,2015-03-29 04:00:00,225.9684,2015-03-25 14:45:00,81.7500
08041500,30.397778,-94.263333,2015-04-18 23:45:00,2015-04-22 21:45:00,73.9070,2015-04-21 01:00:00,49.2500
08041500,30.397778,-94.263333,2015-04-27 22:00:00,2015-05-02 17:00:00,110.4357,2015-04-29 06:45:00,32.7500
08041500,30.397778,-94.263333,2015-06-18 03:30:00,2015-06-25 02:45:00,305.8219,2015-06-20 01:30:00,46.0000
08041500,30.397778,-94.263333,2015-10-31 17:15:00,2015-11-07 07:00:00,239.8437,2015-11-02 04:00:00,35.7500
08041500,30.397778,-94.263333,2015-11-09 09:30:00,2015-11-12 20:45:00,68.8099,2015-11-11 14:30:00,53.0000
08041500,30.397778,-94.263333,2015-11-19 23:15:00,2015-11-22 18:30:00,65.1287,2015-11-21 15:45:00,40.5000
08041500,30.397778,-94.263333,2015-12-16 04:30:00,2015-12-20 10:00:00,84.9505,2015-12-18 04:45:00,48.2500
08041500,30.397778,-94.263333,2015-12-23 00:45:00,2015-12-25 03:30:00,67.3941,2015-12-23 19:30:00,18.7500
08041500,30.397778,-94.263333,2015-12-30 06:15:00,2016-01-03 15:45:00,73.0575,2016-01-02 02:45:00,68.5000
08041500,30.397778,-94.263333,2016-01-09 11:45:00,2016-01-15 02:45:00,91.1802,2016-01-12 11:45:00,72.0000
08041500,30.397778,-94.263333,2016-01-27 18:15:00,2016-01-28 06:15:00,59.7485,2016-01-27 22:30:00,4.2500
08041500,30.397778,-94.263333,2016-03-10 09:00:00,2016-03-19 00:30:00,685.2677,2016-03-12 19:30:00,58.5000
08041500,30.397778,-94.263333,2016-04-19 19:45:00,2016-04-28 05:00:00,221.4377,2016-04-22 21:45:00,74.0000
08041500,30.397778,-94.263333,2016-04-30 12:00:00,2016-05-01 10:30:00,177.2635,2016-05-01 10:15:00,22.2500
08041500,30.397778,-94.263333,2016-05-02 19:45:00,2016-05-09 14:00:00,250.0378,2016-05-02 20:00:00,0.2500
08041500,30.397778,-94.263333,2016-05-28 06:30:00,2016-06-02 04:45:00,495.5448,2016-05-30 21:30:00,63.0000
08110800,30.973611,-96.241389,1997-04-06 21:30:00,1997-04-07 04:45:00,53.2357,1997-04-07 04:45:00,7.2500
08110800,30.973611,-96.241389,1997-04-28 09:45:00,1997-05-04 08:30:00,359.6240,1997-04-30 14:45:00,53.0000
08110800,30.973611,-96.241389,1997-05-26 03:15:00,1997-05-28 18:00:00,58.6159,1997-05-27 12:15:00,33.0000
08110800,30.973611,-96.241389,1997-06-10 10:30:00,1997-06-20 02:00:00,250.3209,1997-06-14 12:45:00,98.2500
08110800,30.973611,-96.241389,1997-12-25 05:00:00,1997-12-27 21:00:00,52.3862,1997-12-26 16:30:00,35.5000
08110800,30.973611,-96.241389,1998-01-07 16:45:00,1998-01-15 01:15:00,668.2776,1998-01-09 15:15:00,46.5000
08110800,30.973611,-96.241389,1998-01-23 00:30:00,1998-01-24 21:00:00,52.9525,1998-01-23 14:30:00,14.0000
08110800,30.973611,-96.241389,1998-02-11 20:00:00,1998-02-18 12:15:00,162.5387,1998-02-15 08:15:00,84.2500
08110800,30.973611,-96.241389,1998-03-20 00:45:00,1998-03-25 04:30:00,44.1743,1998-03-22 09:45:00,57.0000
08110800,30.973611,-96.241389,1998-10-08 05:00:00,1998-10-10 04:30:00,83.2515,1998-10-09 09:00:00,28.0000
08110800,30.973611,-96.241389,1998-10-18 18:15:00,1998-10-27 05:45:00,566.3369,1998-10-20 11:15:00,41.0000
08110800,30.973611,-96.241389,1998-11-03 17:45:00,1998-11-05 11:45:00,44.1743,1998-11-04 12:15:00,18.5000
08110800,30.973611,-96.241389,1998-11-13 20:00:00,1998-11-21 05:45:00,328.4754,1998-11-16 16:15:00,68.2500
08110800,30.973611,-96.241389,1998-12-22 17:00:00,1998-12-23 05:45:00,42.7584,1998-12-23 05:30:00,12.5000
08110800,30.973611,-96.241389,1999-01-04 08:45:00,1999-01-08 09:45:00,106.7545,1999-01-06 05:30:00,44.7500
08110800,30.973611,-96.241389,1999-01-29 17:30:00,1999-02-06 19:45:00,852.3371,1999-01-31 12:15:00,42.7500
08110800,30.973611,-96.241389,1999-04-08 03:30:00,1999-04-10 23:45:00,53.8020,1999-04-09 12:45:00,33.2500
08110800,30.973611,-96.241389,2000-05-22 09:30:00,2000-05-23 08:30:00,42.7584,2000-05-22 19:45:00,10.2500
08110800,30.973611,-96.241389,2000-06-15 13:00:00,2000-06-16 04:45:00,53.2357,2000-06-16 04:30:00,15.5000
08110800,30.973611,-96.241389,2000-06-18 05:00:00,2000-06-19 03:00:00,82.4020,2000-06-18 05:15:00,0.2500
08110800,30.973611,-96.241389,2000-11-09 22:00:00,2000-11-11 05:45:00,50.4040,2000-11-11 05:30:00,31.5000
08110800,30.973611,-96.241389,2000-11-12 06:00:00,2000-11-12 18:45:00,51.2535,2000-11-12 06:30:00,0.5000
08110800,30.973611,-96.241389,2000-11-26 09:00:00,2000-11-28 05:45:00,78.7208,2000-11-28 05:45:00,44.7500
08110800,30.973611,-96.241389,2000-11-29 06:00:00,2000-12-01 05:45:00,131.6733,2000-11-29 12:30:00,6.5000
08110800,30.973611,-96.241389,2001-02-01 00:45:00,2001-02-05 12:00:00,63.1466,2001-02-03 05:45:00,53.0000
08110800,30.973611,-96.241389,2001-02-18 05:30:00,2001-02-23 09:45:00,229.6496,2001-02-20 20:00:00,62.5000
08110800,30.973611,-96.241389,2001-03-03 15:45:00,2001-03-19 21:15:00,211.8100,2001-03-06 05:00:00,61.2500
08110800,30.973611,-96.241389,2001-05-07 04:30:00,2001-05-07 04:45:00,39.9268,2001-05-07 04:45:00,0.2500
08110800,30.973611,-96.241389,2001-05-09 05:00:00,2001-05-10 04:45:00,160.2734,2001-05-09 23:15:00,18.2500
08110800,30.973611,-96.241389,2001-12-15 11:15:00,2001-12-25 05:30:00,676.7726,2001-12-19 14:00:00,98.7500
08110800,30.973611,-96.241389,2002-02-08 15:00:00,2002-02-12 05:45:00,56.6337,2002-02-11 22:45:00,79.7500
08110800,30.973611,-96.241389,2002-02-13 06:00:00,2002-02-14 09:15:00,63.7129,2002-02-13 16:00:00,10.0000
08110800,30.973611,-96.241389,2002-02-22 10:15:00,2002-02-23 17:00:00,43.8911,2002-02-22 20:00:00,9.7500
08110800,30.973611,-96.241389,2002-03-22 14:30:00,2002-03-24 05:30:00,44.1743,2002-03-23 03:30:00,13.0000
08110800,30.973611,-96.241389,2002-04-01 23:15:00,2002-04-02 05:45:00,43.8911,2002-04-02 05:30:00,6.2500
08110800,30.973611,-96.241389,2002-04-09 21:45:00,2002-04-15 03:00:00,94.0119,2002-04-12 12:30:00,62.7500
08110800,30.973611,-96.241389,2002-12-05 17:45:00,2002-12-19 08:15:00,171.8833,2002-12-08 08:45:00,63.0000
08110800,30.973611,-96.241389,2003-02-19 06:00:00,2003-02-22 05:45:00,94.2951,2003-02-22 05:45:00,71.7500
08110800,30.973611,-96.241389,2003-02-23 06:00:00,2003-03-03 02:30:00,778.7133,2003-02-23 21:30:00,15.5000
08110800,30.973611,-96.241389,2003-03-04 12:30:00,2003-03-07 05:45:00,131.3902,2003-03-06 11:00:00,46.5000
08110800,30.973611,-96.241389,2003-06-18 10:15:00,2003-06-19 01:15:00,40.4931,2003-06-18 14:30:00,4.2500
08110800,30.973611,-96.241389,2003-11-17 00:30:00,2003-11-20 15:00:00,80.4198,2003-11-18 07:00:00,30.5000
08110800,30.973611,-96.241389,2004-02-12 06:00:00,2004-02-18 14:00:00,97.4100,2004-02-15 08:15:00,74.2500
08110800,30.973611,-96.241389,2004-03-06 11:00:00,2004-03-08 12:15:00,45.8733,2004-03-07 14:00:00,27.0000
08110800,30.973611,-96.241389,2004-05-13 22:00:00,2004-05-18 01:00:00,99.9585,2004-05-16 05:00:00,55.0000
08110800,30.973611,-96.241389,2004-06-09 23:00:00,2004-06-19 16:00:00,413.4260,2004-06-12 17:45:00,66.7500
08110800,30.973611,-96.241389,2004-06-29 01:00:00,2004-07-07 00:30:00,322.8121,2004-07-01 13:30:00,60.5000
08110800,30.973611,-96.241389,2004-11-22 17:15:00,2004-12-04 20:00:00,478.5547,2004-11-25 17:45:00,72.5000
08110800,30.973611,-96.241389,2005-01-29 13:30:00,2005-02-11 03:00:00,93.4456,2005-02-05 21:15:00,175.7500
08110800,30.973611,-96.241389,2005-02-25 13:30:00,2005-03-10 09:00:00,148.6634,2005-02-28 00:30:00,59.0000
08110800,30.973611,-96.241389,2006-03-30 08:45:00,2006-04-03 21:00:00,50.1208,2006-03-31 07:45:00,23.0000
08110800,30.973611,-96.241389,2007-01-01 09:00:00,2007-01-02 18:30:00,47.8555,2007-01-01 23:00:00,14.0000
08110800,30.973611,-96.241389,2007-01-05 21:45:00,2007-01-08 08:30:00,54.9347,2007-01-07 06:30:00,32.7500
08110800,30.973611,-96.241389,2007-01-15 19:30:00,2007-01-23 11:00:00,648.4558,2007-01-16 22:45:00,27.2500
08110800,30.973611,-96.241389,2007-03-28 03:15:00,2007-04-07 06:00:00,168.7684,2007-03-31 18:30:00,87.2500
08110800,30.973611,-96.241389,2007-05-02 13:15:00,2007-05-11 15:00:00,874.9906,2007-05-05 12:00:00,70.7500
08110800,30.973611,-96.241389,2007-05-27 08:15:00,2007-06-05 12:30:00,204.7308,2007-05-31 17:30:00,105.2500
08110800,30.973611,-96.241389,2007-06-29 08:30:00,2007-07-08 04:45:00,187.4575,2007-07-02 05:15:00,68.7500
08110800,30.973611,-96.241389,2007-07-09 05:00:00,2007-07-14 07:15:00,214.0754,2007-07-09 19:00:00,14.0000
08110800,30.973611,-96.241389,2007-07-15 22:45:00,2007-07-27 03:00:00,634.2974,2007-07-17 04:00:00,29.2500
08110800,30.973611,-96.241389,2007-07-29 18:30:00,2007-08-01 08:00:00,49.2713,2007-07-30 21:00:00,26.5000
08110800,30.973611,-96.241389,2007-08-05 11:00:00,2007-08-09 09:15:00,54.6515,2007-08-08 04:00:00,65.0000
08110800,30.973611,-96.241389,2008-03-13 02:15:00,2008-03-16 10:00:00,53.5188,2008-03-15 04:30:00,50.2500
08110800,30.973611,-96.241389,2008-03-21 06:00:00,2008-03-24 17:45:00,48.9881,2008-03-22 19:45:00,37.7500
08110800,30.973611,-96.241389,2008-05-17 13:30:00,2008-05-21 02:45:00,64.2792,2008-05-19 21:00:00,55.5000
08110800,30.973611,-96.241389,2008-08-21 22:30:00,2008-08-25 15:15:00,103.0733,2008-08-23 15:45:00,41.2500
08110800,30.973611,-96.241389,2009-04-29 07:30:00,2009-05-07 06:30:00,1537.6048,2009-05-01 00:00:00,40.5000
08110800,30.973611,-96.241389,2009-10-25 10:00:00,2009-11-03 17:15:00,348.2972,2009-10-29 23:00:00,109.0000
08110800,30.973611,-96.241389,2010-01-31 17:30:00,2010-02-19 20:15:00,249.1883,2010-02-02 14:00:00,44.5000
08110800,30.973611,-96.241389,2010-03-05 11:30:00,2010-03-06 00:00:00,39.3604,2010-03-05 14:30:00,3.0000
08110800,30.973611,-96.241389,2010-03-10 06:30:00,2010-03-16 07:30:00,233.3308,2010-03-12 18:30:00,60.0000
08110800,30.973611,-96.241389,2010-03-28 14:45:00,2010-03-30 22:00:00,45.5901,2010-03-30 04:30:00,37.7500
08110800,30.973611,-96.241389,2010-06-13 04:30:00,2010-06-17 21:45:00,117.7981,2010-06-15 15:00:00,58.5000
08110800,30.973611,-96.241389,2012-02-21 02:30:00,2012-02-23 04:45:00,46.1565,2012-02-22 08:00:00,29.5000
08110800,30.973611,-96.241389,2012-03-13 06:30:00,2012-03-17 13:00:00,62.5802,2012-03-15 23:15:00,64.7500
08110800,30.973611,-96.241389,2012-03-21 19:15:00,2012-03-27 22:15:00,832.5153,2012-03-23 06:00:00,34.7500
08110800,30.973611,-96.241389,2013-11-01 21:00:00,2013-11-11 07:30:00,736.2380,2013-11-02 19:45:00,22.7500
08110800,30.973611,-96.241389,2013-11-23 22:30:00,2013-12-03 03:30:00,111.2852,2013-11-28 14:00:00,111.5000
08110800,30.973611,-96.241389,2013-12-24 17:45:00,2013-12-27 08:45:00,47.8555,2013-12-26 03:45:00,34.0000
08110800,30.973611,-96.241389,2014-05-29 18:45:00,2014-05-31 18:30:00,42.7584,2014-05-30 17:45:00,23.0000
08110800,30.973611,-96.241389,2015-01-24 00:45:00,2015-01-28 00:15:00,63.7129,2015-01-26 01:45:00,49.0000
08110800,30.973611,-96.241389,2015-03-09 22:45:00,2015-03-18 17:30:00,424.7527,2015-03-12 18:00:00,67.2500
08110800,30.973611,-96.241389,2015-03-22 03:30:00,2015-03-27 23:45:00,58.8990,2015-03-25 01:15:00,69.7500
08110800,30.973611,-96.241389,2015-06-21 03:00:00,2015-06-24 23:30:00,73.0575,2015-06-22 22:30:00,43.5000
08110800,30.973611,-96.241389,2015-11-02 23:00:00,2015-11-14 03:15:00,257.4001,2015-11-04 05:15:00,30.2500
08110800,30.973611,-96.241389,2015-11-20 22:15:00,2015-11-24 22:15:00,46.4396,2015-11-23 11:15:00,61.0000
08110800,30.973611,-96.241389,2015-12-03 01:15:00,2015-12-06 10:15:00,51.8198,2015-12-04 12:15:00,35.0000
08110800,30.973611,-96.241389,2015-12-13 15:30:00,2015-12-20 23:15:00,231.9150,2015-12-16 18:00:00,74.5000
08110800,30.973611,-96.241389,2015-12-28 09:00:00,2016-01-04 13:45:00,1144.0006,2015-12-30 02:00:00,41.0000
08110800,30.973611,-96.241389,2016-03-10 20:45:00,2016-03-18 16:45:00,1503.6246,2016-03-11 23:45:00,27.0000
08110800,30.973611,-96.241389,2016-04-19 17:15:00,2016-04-28 14:00:00,288.8318,2016-04-21 20:30:00,51.2500
08110800,30.973611,-96.241389,2016-05-02 12:00:00,2016-05-05 16:45:00,54.9347,2016-05-03 20:00:00,32.0000
08110800,30.973611,-96.241389,2016-05-26 22:15:00,2016-06-02 04:45:00,436.0794,2016-05-29 14:00:00,63.7500
08121000,32.392500,-100.878333,1997-06-09 21:15:00,1997-06-12 02:30:00,42.7584,1997-06-11 01:30:00,28.2500
08121000,32.392500,-100.878333,1999-06-13 07:15:00,1999-06-15 11:15:00,180.0951,1999-06-13 22:30:00,15.2500
08121000,32.392500,-100.878333,1999-07-11 23:30:00,1999-07-12 03:15:00,28.1469,1999-07-12 01:00:00,1.5000
08121000,32.392500,-100.878333,2000-03-23 07:15:00,2000-03-25 22:30:00,501.2082,2000-03-24 06:15:00,23.0000
08121000,32.392500,-100.878333,2002-05-07 08:15:00,2002-05-08 01:45:00,31.1485,2002-05-07 14:45:00,6.5000
08121000,32.392500,-100.878333,2004-03-06 00:45:00,2004-03-06 10:30:00,31.1485,2004-03-06 03:45:00,3.0000
08121000,32.392500,-100.878333,2004-11-18 06:00:00,2004-11-20 06:00:00,81.5525,2004-11-18 17:00:00,11.0000
08121000,32.392500,-100.878333,2005-08-15 23:00:00,2005-08-17 12:00:00,54.6515,2005-08-16 13:00:00,14.0000
08121000,32.392500,-100.878333,2014-09-22 01:15:00,2014-09-24 06:45:00,107.3208,2014-09-22 22:00:00,20.7500
08121000,32.392500,-100.878333,2015-04-15 04:00:00,2015-04-16 07:30:00,51.8198,2015-04-15 12:15:00,8.2500
08121000,32.392500,-100.878333,2015-07-08 03:15:00,2015-07-10 15:15:00,85.8000,2015-07-09 01:15:00,22.0000
08121000,32.392500,-100.878333,2016-04-17 23:45:00,2016-04-18 05:15:00,30.0159,2016-04-18 02:15:00,2.5000
08144500,30.918889,-99.785278,2000-11-03 15:45:00,2000-11-04 05:30:00,1330.8918,2000-11-03 20:00:00,4.2500
08144500,30.918889,-99.785278,2004-11-17 06:45:00,2004-11-17 17:30:00,761.7232,2004-11-17 09:45:00,3.0000
08150000,30.504167,-99.734167,1998-08-23 20:01:39,1998-08-24 01:02:03,1503.6246,1998-08-23 21:30:00,1.4725
08150000,30.504167,-99.734167,2000-10-24 01:45:00,2000-10-24 18:00:00,2574.0014,2000-10-24 04:30:00,2.7500
08150000,30.504167,-99.734167,2000-11-03 18:30:00,2000-11-04 18:45:00,4474.0618,2000-11-04 01:15:00,6.7500
08150000,30.504167,-99.734167,2001-11-15 22:15:00,2001-11-16 05:45:00,1407.3473,2001-11-16 01:00:00,2.7500
08150000,30.504167,-99.734167,2004-11-15 17:15:00,2004-11-15 20:00:00,535.1884,2004-11-15 18:15:00,1.0000
08150000,30.504167,-99.734167,2004-11-17 01:00:00,2004-11-17 23:45:00,3398.0216,2004-11-17 05:45:00,4.7500
08150000,30.504167,-99.734167,2007-03-27 00:45:00,2007-03-27 05:15:00,622.9706,2007-03-27 02:00:00,1.2500
08150000,30.504167,-99.734167,2007-05-25 12:30:00,2007-05-26 03:45:00,560.6736,2007-05-25 14:00:00,1.5000
08150000,30.504167,-99.734167,2010-05-25 22:20:00,2010-05-26 01:35:00,509.7032,2010-05-25 23:25:00,1.0833
08150000,30.504167,-99.734167,2015-05-21 09:15:00,2015-05-21 13:20:00,855.1688,2015-05-21 10:40:00,1.4167
08152900,30.220278,-98.869444,1998-03-16 09:30:15,1998-03-16 17:03:21,183.2100,1998-03-16 10:42:27,1.2033
08152900,30.220278,-98.869444,1999-03-18 22:30:00,1999-03-19 01:00:00,179.5288,1999-03-18 23:45:00,1.2500
08152900,30.220278,-98.869444,2000-11-04 02:45:00,2000-11-04 10:00:00,251.4536,2000-11-04 05:45:00,3.0000
08152900,30.220278,-98.869444,2000-11-06 04:15:00,2000-11-06 09:15:00,158.5743,2000-11-06 05:45:00,1.5000
08152900,30.220278,-98.869444,2001-11-15 16:45:00,2001-11-16 03:45:00,1081.7035,2001-11-15 23:45:00,7.0000
08152900,30.220278,-98.869444,2002-07-02 17:00:00,2002-07-02 22:45:00,962.7728,2002-07-02 18:30:00,1.5000
08152900,30.220278,-98.869444,2002-07-04 11:45:00,2002-07-06 02:15:00,1577.2484,2002-07-05 19:15:00,31.5000
08152900,30.220278,-98.869444,2002-10-08 05:15:00,2002-10-08 07:00:00,170.7506,2002-10-08 06:15:00,1.0000
08152900,30.220278,-98.869444,2004-04-06 11:30:00,2004-04-06 20:15:00,937.2876,2004-04-06 14:15:00,2.7500
08152900,30.220278,-98.869444,2004-06-09 17:30:00,2004-06-10 02:30:00,781.5450,2004-06-09 19:15:00,1.7500
08152900,30.220278,-98.869444,2004-06-22 14:30:00,2004-06-22 16:45:00,170.4674,2004-06-22 15:45:00,1.2500
08152900,30.220278,-98.869444,2007-03-26 20:00:00,2007-03-27 02:00:00,761.7232,2007-03-26 21:15:00,1.2500
08152900,30.220278,-98.869444,2007-05-25 03:45:00,2007-05-26 03:45:00,1302.5749,2007-05-25 11:00:00,7.2500
08152900,30.220278,-98.869444,2007-06-16 13:00:00,2007-06-16 15:45:00,198.7843,2007-06-16 14:45:00,1.7500
08152900,30.220278,-98.869444,2007-06-27 16:00:00,2007-06-27 19:30:00,206.1466,2007-06-27 16:45:00,0.7500
08152900,30.220278,-98.869444,2007-07-24 05:30:00,2007-07-24 06:45:00,156.8753,2007-07-24 06:00:00,0.5000
08152900,30.220278,-98.869444,2007-08-17 02:00:00,2007-08-17 15:00:00,1656.5355,2007-08-17 06:00:00,4.0000
08152900,30.220278,-98.869444,2010-04-16 09:55:00,2010-04-16 12:50:00,220.3051,2010-04-16 11:10:00,1.2500
08152900,30.220278,-98.869444,2012-03-20 08:40:00,2012-03-20 11:20:00,163.3882,2012-03-20 09:55:00,1.2500
08152900,30.220278,-98.869444,2013-10-13 16:05:00,2013-10-13 17:00:00,141.3011,2013-10-13 16:35:00,0.5000
08152900,30.220278,-98.869444,2016-05-29 09:50:00,2016-05-29 13:40:00,260.2318,2016-05-29 11:30:00,1.6667
08155200,30.296111,-97.925278,1981-06-11 16:00:00,1981-06-12 20:45:00,229.9328,1981-06-11 19:45:00,3.7500
08155200,30.296111,-97.925278,1981-06-14 13:00:00,1981-06-14 17:30:00,210.9605,1981-06-14 14:30:00,1.5000
08155200,30.296111,-97.925278,1991-12-21 00:45:00,1991-12-22 01:45:00,421.9210,1991-12-21 03:45:00,3.0000
08155200,30.296111,-97.925278,1995-06-01 09:15:00,1995-06-01 11:00:00,150.9288,1995-06-01 10:15:00,1.0000
08155200,30.296111,-97.925278,1997-06-09 10:30:00,1997-06-09 13:00:00,160.5565,1997-06-09 11:45:00,1.2500
08155200,30.296111,-97.925278,1997-06-10 16:15:00,1997-06-11 00:15:00,240.4100,1997-06-10 21:45:00,5.5000
08155200,30.296111,-97.925278,1998-10-17 18:00:00,1998-10-17 21:30:00,253.1526,1998-10-17 19:45:00,1.7500
08155200,30.296111,-97.925278,2001-11-15 23:50:00,2001-11-16 06:25:00,532.3567,2001-11-16 02:55:00,3.0833
08155200,30.296111,-97.925278,2002-07-02 17:10:00,2002-07-03 19:35:00,716.4162,2002-07-02 19:55:00,2.7500
08155200,30.296111,-97.925278,2002-07-05 16:20:00,2002-07-05 18:55:00,181.5110,2002-07-05 17:40:00,1.3333
08155200,30.296111,-97.925278,2004-11-17 08:20:00,2004-11-17 21:30:00,583.3270,2004-11-17 16:55:00,8.5833
08155200,30.296111,-97.925278,2007-07-07 01:40:00,2007-07-07 02:55:00,182.9268,2007-07-07 02:30:00,0.8333
08155200,30.296111,-97.925278,2010-09-08 06:35:00,2010-09-08 14:45:00,214.0754,2010-09-08 07:55:00,1.3333
08155200,30.296111,-97.925278,2013-10-13 15:40:00,2013-10-13 18:20:00,162.5387,2013-10-13 17:25:00,1.7500
08155200,30.296111,-97.925278,2013-10-31 06:45:00,2013-10-31 12:45:00,208.9783,2013-10-31 09:50:00,3.0833
08155200,30.296111,-97.925278,2015-05-24 07:00:00,2015-05-24 11:55:00,291.6635,2015-05-24 09:10:00,2.1667
08155200,30.296111,-97.925278,2015-05-25 22:30:00,2015-05-26 05:35:00,273.5407,2015-05-26 03:15:00,4.7500
08155200,30.296111,-97.925278,2015-10-30 16:20:00,2015-10-30 22:10:00,651.2875,2015-10-30 17:45:00,1.4167
08172400,29.922778,-97.678889,1991-12-21 07:30:00,1991-12-27 22:00:00,291.6635,1991-12-21 13:00:00,5.5000
08172400,29.922778,-97.678889,1992-01-27 00:30:00,1992-01-28 02:30:00,129.6912,1992-01-27 08:30:00,8.0000
08172400,29.922778,-97.678889,1992-02-03 12:00:00,1992-02-06 15:30:00,197.3684,1992-02-04 14:30:00,26.5000
08172400,29.922778,-97.678889,1992-02-22 10:00:00,1992-02-23 14:00:00,221.1546,1992-02-22 15:00:00,5.0000
08172400,29.922778,-97.678889,1992-02-24 18:00:00,1992-02-26 11:30:00,147.5308,1992-02-25 02:30:00,8.5000
08172400,29.922778,-97.678889,1992-03-04 09:00:00,1992-03-06 01:00:00,186.0417,1992-03-04 18:00:00,9.0000
08172400,29.922778,-97.678889,1992-05-17 07:30:00,1992-05-17 20:00:00,90.6139,1992-05-17 13:30:00,6.0000
08172400,29.922778,-97.678889,1992-05-19 02:00:00,1992-05-20 06:30:00,250.3209,1992-05-19 11:30:00,9.5000
08172400,29.922778,-97.678889,1992-05-21 22:00:00,1992-05-23 14:00:00,235.5962,1992-05-22 07:00:00,9.0000
08172400,29.922778,-97.678889,1992-06-02 10:00:00,1992-06-03 02:00:00,82.6852,1992-06-02 16:00:00,6.0000
08172400,29.922778,-97.678889,1992-06-07 13:30:00,1992-06-08 02:30:00,67.1109,1992-06-07 20:30:00,7.0000
08172400,29.922778,-97.678889,1993-05-10 01:30:00,1993-05-10 17:00:00,109.3030,1993-05-10 09:30:00,8.0000
08172400,29.922778,-97.678889,1994-12-16 03:30:00,1994-12-16 19:00:00,99.9585,1994-12-16 08:30:00,5.0000
08172400,29.922778,-97.678889,1994-12-28 15:30:00,1994-12-29 07:00:00,71.9248,1994-12-28 22:30:00,7.0000
08172400,29.922778,-97.678889,1995-03-13 09:00:00,1995-03-14 02:30:00,227.1011,1995-03-13 13:30:00,4.5000
08172400,29.922778,-97.678889,1995-04-05 21:30:00,1995-04-06 08:00:00,75.6060,1995-04-06 02:00:00,4.5000
08172400,29.922778,-97.678889,1995-05-30 11:30:00,1995-05-31 15:30:00,117.7981,1995-05-31 00:30:00,13.0000
08172400,29.922778,-97.678889,1997-04-05 10:00:00,1997-04-05 19:30:00,42.4753,1997-04-05 16:00:00,6.0000
08172400,29.922778,-97.678889,1997-06-07 07:00:00,1997-06-11 20:30:00,155.1763,1997-06-08 03:30:00,20.5000
08172400,29.922778,-97.678889,1997-06-21 23:30:00,1997-06-23 09:00:00,142.4337,1997-06-22 13:30:00,14.0000
08172400,29.922778,-97.678889,1998-02-22 04:00:00,1998-02-22 12:30:00,44.7406,1998-02-22 09:00:00,5.0000
08172400,29.922778,-97.678889,1998-09-17 01:00:00,1998-09-17 07:45:00,41.3426,1998-09-17 04:45:00,3.7500
08172400,29.922778,-97.678889,1998-10-17 19:00:00,1998-10-25 04:45:00,1336.5552,1998-10-18 08:30:00,13.5000
08172400,29.922778,-97.678889,1998-11-01 19:00:00,1998-11-02 08:45:00,59.4654,1998-11-02 00:45:00,5.7500
08172400,29.922778,-97.678889,1998-11-15 04:45:00,1998-11-15 12:30:00,29.1664,1998-11-15 08:15:00,3.5000
08172400,29.922778,-97.678889,2000-11-24 14:00:00,2000-11-24 20:15:00,39.0772,2000-11-24 18:00:00,4.0000
08172400,29.922778,-97.678889,2001-12-15 23:45:00,2001-12-16 16:00:00,53.2357,2001-12-16 09:00:00,9.2500
08172400,29.922778,-97.678889,2002-07-02 19:15:00,2002-07-03 14:45:00,121.4793,2002-07-03 03:30:00,8.2500
08172400,29.922778,-97.678889,2002-10-24 21:15:00,2002-10-25 11:00:00,52.3862,2002-10-25 03:45:00,6.5000
08172400,29.922778,-97.678889,2002-11-04 20:30:00,2002-11-06 07:30:00,200.4833,2002-11-05 05:00:00,8.5000
08172400,29.922778,-97.678889,2002-12-09 18:45:00,2002-12-10 09:00:00,58.6159,2002-12-10 01:15:00,6.5000
08172400,29.922778,-97.678889,2003-02-20 19:30:00,2003-02-21 20:00:00,108.1704,2003-02-21 01:45:00,6.2500
08172400,29.922778,-97.678889,2004-06-09 23:45:00,2004-06-11 02:45:00,149.7961,2004-06-10 06:45:00,7.0000
08172400,29.922778,-97.678889,2004-06-30 14:15:00,2004-07-01 21:15:00,116.3822,2004-06-30 23:30:00,9.2500
08172400,29.922778,-97.678889,2004-10-23 21:00:00,2004-10-25 16:30:00,69.9426,2004-10-24 03:00:00,6.0000
08172400,29.922778,-97.678889,2004-11-17 14:00:00,2004-11-18 11:15:00,126.5763,2004-11-17 19:15:00,5.2500
08172400,29.922778,-97.678889,2004-11-22 13:15:00,2004-11-25 02:15:00,179.5288,2004-11-23 00:30:00,11.2500
08172400,29.922778,-97.678889,2005-02-02 09:45:00,2005-02-02 13:15:00,28.0054,2005-02-02 11:15:00,1.5000
08172400,29.922778,-97.678889,2005-02-07 15:30:00,2005-02-08 07:15:00,82.4020,2005-02-07 22:00:00,6.5000
08172400,29.922778,-97.678889,2007-01-13 18:00:00,2007-01-14 13:45:00,138.7525,2007-01-14 01:45:00,7.7500
08172400,29.922778,-97.678889,2007-01-15 21:30:00,2007-01-16 03:45:00,30.2990,2007-01-16 00:00:00,2.5000
08172400,29.922778,-97.678889,2007-03-12 06:30:00,2007-03-14 20:30:00,140.7347,2007-03-12 16:30:00,10.0000
08172400,29.922778,-97.678889,2007-03-27 05:00:00,2007-03-27 15:00:00,37.9446,2007-03-27 11:15:00,6.2500
08172400,29.922778,-97.678889,2007-07-04 04:15:00,2007-07-04 17:45:00,53.2357,2007-07-04 11:30:00,7.2500
08172400,29.922778,-97.678889,2007-07-21 06:15:00,2007-07-22 00:45:00,52.6693,2007-07-21 15:00:00,8.7500
08172400,29.922778,-97.678889,2007-07-26 04:30:00,2007-07-26 08:30:00,26.3347,2007-07-26 05:45:00,1.2500
08172400,29.922778,-97.678889,2009-10-04 00:00:00,2009-10-04 21:45:00,47.8555,2009-10-04 13:30:00,13.5000
08172400,29.922778,-97.678889,2009-10-09 23:15:00,2009-10-10 05:00:00,27.2974,2009-10-10 02:15:00,3.0000
08172400,29.922778,-97.678889,2009-10-26 23:30:00,2009-10-27 08:00:00,30.0159,2009-10-27 03:00:00,3.5000
08172400,29.922778,-97.678889,2009-11-09 06:45:00,2009-11-09 10:45:00,25.3719,2009-11-09 07:45:00,1.0000
08172400,29.922778,-97.678889,2009-11-21 03:45:00,2009-11-21 07:45:00,26.4763,2009-11-21 05:00:00,1.2500
08172400,29.922778,-97.678889,2010-01-15 17:45:00,2010-01-18 13:00:00,60.3149,2010-01-16 11:15:00,17.5000
08172400,29.922778,-97.678889,2010-02-04 02:00:00,2010-02-06 05:00:00,37.6614,2010-02-04 08:00:00,6.0000
08172400,29.922778,-97.678889,2010-02-08 23:45:00,2010-02-09 13:30:00,44.1743,2010-02-09 03:45:00,4.0000
08172400,29.922778,-97.678889,2010-02-11 22:30:00,2010-02-12 23:00:00,47.2891,2010-02-12 04:30:00,6.0000
08172400,29.922778,-97.678889,2010-09-08 17:15:00,2010-09-08 20:45:00,26.4763,2010-09-08 18:15:00,1.0000
08172400,29.922778,-97.678889,2012-01-25 10:30:00,2012-01-27 22:30:00,574.8320,2012-01-25 14:00:00,3.5000
08172400,29.922778,-97.678889,2012-03-20 12:00:00,2012-03-21 08:45:00,94.0119,2012-03-20 20:45:00,8.7500
08172400,29.922778,-97.678889,2012-03-29 09:30:00,2012-03-30 00:15:00,107.0377,2012-03-29 16:45:00,7.2500
08172400,29.922778,-97.678889,2013-10-13 15:00:00,2013-10-14 14:45:00,177.8298,2013-10-13 23:30:00,8.5000
08172400,29.922778,-97.678889,2013-11-01 05:00:00,2013-11-06 14:15:00,111.2852,2013-11-01 06:00:00,1.0000
08172400,29.922778,-97.678889,2014-05-27 19:45:00,2014-05-28 14:45:00,224.2694,2014-05-27 21:45:00,2.0000
08172400,29.922778,-97.678889,2015-01-22 21:15:00,2015-01-23 12:00:00,50.1208,2015-01-23 04:45:00,7.5000
08172400,29.922778,-97.678889,2015-05-14 03:30:00,2015-05-14 13:15:00,42.1921,2015-05-14 09:00:00,5.5000
08172400,29.922778,-97.678889,2015-05-17 15:00:00,2015-05-19 04:45:00,212.6595,2015-05-18 01:45:00,10.7500
08172400,29.922778,-97.678889,2015-05-24 05:15:00,2015-05-31 13:30:00,648.4558,2015-05-26 03:00:00,45.7500
08172400,29.922778,-97.678889,2016-04-18 15:30:00,2016-04-19 07:15:00,108.7367,2016-04-19 01:00:00,9.5000
08172400,29.922778,-97.678889,2016-05-19 16:45:00,2016-05-20 23:00:00,210.9605,2016-05-20 00:30:00,7.7500
08172400,29.922778,-97.678889,2016-05-27 07:45:00,2016-05-29 04:00:00,178.9625,2016-05-27 13:15:00,5.5000
08175000,29.215000,-97.449167,1991-12-23 02:00:00,1991-12-23 05:00:00,24.6640,1991-12-23 03:00:00,1.0000
08175000,29.215000,-97.449167,1992-01-19 20:00:00,1992-01-21 21:00:00,40.2099,1992-01-20 19:00:00,23.0000
08175000,29.215000,-97.449167,1992-01-28 06:00:00,1992-01-31 07:00:00,189.7229,1992-01-28 23:00:00,17.0000
08175000,29.215000,-97.449167,1992-02-04 05:00:00,1992-02-08 17:00:00,79.2872,1992-02-04 22:00:00,17.0000
08175000,29.215000,-97.449167,1992-02-22 17:00:00,1992-02-29 04:00:00,373.7824,1992-02-26 07:00:00,86.0000
08175000,29.215000,-97.449167,1992-03-05 18:00:00,1992-03-08 02:00:00,62.0139,1992-03-06 22:00:00,28.0000
08175000,29.215000,-97.449167,1992-04-05 03:00:00,1992-04-09 16:00:00,128.5585,1992-04-07 05:00:00,50.0000
08175000,29.215000,-97.449167,1992-04-17 19:00:00,1992-04-22 07:00:00,112.4179,1992-04-19 10:00:00,39.0000
08175000,29.215000,-97.449167,1992-05-17 08:00:00,1992-05-24 07:00:00,1093.0303,1992-05-18 13:00:00,29.0000
08175000,29.215000,-97.449167,1992-05-27 23:00:00,1992-06-07 05:00:00,150.6456,1992-06-04 14:00:00,183.0000
08175000,29.215000,-97.449167,1992-06-09 03:00:00,1992-06-12 00:00:00,91.1802,1992-06-10 03:00:00,24.0000
08175000,29.215000,-97.449167,1992-11-21 03:00:00,1992-11-24 08:00:00,106.7545,1992-11-22 07:00:00,28.0000
08175000,29.215000,-97.449167,1993-02-11 19:00:00,1993-02-13 04:00:00,31.9980,1993-02-12 11:00:00,16.0000
08175000,29.215000,-97.449167,1993-05-06 07:00:00,1993-05-11 02:00:00,114.4001,1993-05-08 12:00:00,53.0000
08175000,29.215000,-97.449167,1993-05-23 19:00:00,1993-05-28 22:00:00,455.9012,1993-05-25 08:00:00,37.0000
08175000,29.215000,-97.449167,1993-06-21 01:00:00,1993-07-01 17:00:00,710.7528,1993-06-28 01:00:00,168.0000
08175000,29.215000,-97.449167,1994-04-30 20:00:00,1994-05-01 14:00:00,29.1664,1994-05-01 05:00:00,9.0000
08175000,29.215000,-97.449167,1995-03-13 18:00:00,1995-03-17 07:00:00,82.1189,1995-03-15 16:00:00,46.0000
08175000,29.215000,-97.449167,1996-09-08 17:00:00,1996-09-12 02:00:00,88.3486,1996-09-10 15:00:00,46.0000
08175000,29.215000,-97.449167,1996-09-20 12:00:00,1996-09-23 16:00:00,84.1010,1996-09-21 21:00:00,33.0000
08175000,29.215000,-97.449167,1997-03-18 19:00:00,1997-03-19 05:00:00,25.7966,1997-03-18 23:00:00,4.0000
08175000,29.215000,-97.449167,1997-04-02 10:00:00,1997-04-08 02:00:00,46.1565,1997-04-05 19:00:00,81.0000
08175000,29.215000,-97.449167,1997-04-11 07:00:00,1997-04-15 02:00:00,182.6437,1997-04-12 11:00:00,28.0000
08175000,29.215000,-97.449167,1997-05-29 04:30:00,1997-06-01 08:45:00,47.5723,1997-05-30 14:45:00,34.2500
08175000,29.215000,-97.449167,1997-06-07 04:45:00,1997-06-10 17:15:00,54.9347,1997-06-09 02:00:00,45.2500
08175000,29.215000,-97.449167,1997-06-21 19:00:00,1997-06-26 03:30:00,122.3288,1997-06-24 00:00:00,53.0000
08175000,29.215000,-97.449167,1998-01-07 21:15:00,1998-01-09 02:00:00,29.4495,1998-01-08 07:45:00,10.5000
08175000,29.215000,-97.449167,1998-02-22 03:15:00,1998-02-25 13:15:00,48.1386,1998-02-23 14:15:00,35.0000
08175000,29.215000,-97.449167,1998-08-23 11:45:00,1998-08-26 15:30:00,70.5089,1998-08-24 18:15:00,30.5000
08175000,29.215000,-97.449167,1998-09-11 11:15:00,1998-09-14 23:00:00,50.1208,1998-09-11 18:00:00,6.7500
08175000,29.215000,-97.449167,1998-10-07 03:00:00,1998-10-09 07:30:00,41.3426,1998-10-08 05:15:00,26.2500
08175000,29.215000,-97.449167,1998-10-18 04:00:00,1998-10-24 05:30:00,1025.0698,1998-10-20 01:00:00,45.0000
08175000,29.215000,-97.449167,1998-11-02 21:30:00,1998-11-03 10:15:00,25.4002,1998-11-03 04:00:00,6.5000
08175000,29.215000,-97.449167,1998-11-13 10:30:00,1998-11-18 13:45:00,148.6634,1998-11-15 19:15:00,56.7500
08175000,29.215000,-97.449167,1999-03-29 09:15:00,1999-03-30 06:00:00,27.1275,1999-03-29 18:15:00,9.0000
08175000,29.215000,-97.449167,1999-06-26 15:00:00,1999-06-29 20:30:00,84.1010,1999-06-27 22:45:00,31.7500
08175000,29.215000,-97.449167,2000-06-13 01:30:00,2000-06-13 11:15:00,24.8622,2000-06-13 06:00:00,4.5000
08175000,29.215000,-97.449167,2000-11-06 02:00:00,2000-11-08 23:45:00,39.9268,2000-11-06 23:30:00,21.5000
08175000,29.215000,-97.449167,2000-11-19 02:30:00,2000-11-22 16:30:00,120.6298,2000-11-20 22:30:00,44.0000
08175000,29.215000,-97.449167,2000-11-25 11:45:00,2000-11-27 14:45:00,41.6258,2000-11-26 13:45:00,26.0000
08175000,29.215000,-97.449167,2001-03-15 10:45:00,2001-03-18 18:00:00,77.5882,2001-03-17 04:15:00,41.5000
08175000,29.215000,-97.449167,2001-08-31 07:00:00,2001-09-10 02:30:00,807.0301,2001-09-01 13:00:00,30.0000
08175000,29.215000,-97.449167,2002-04-09 19:15:00,2002-04-11 10:30:00,38.2277,2002-04-10 14:30:00,19.2500
08175000,29.215000,-97.449167,2002-07-02 18:30:00,2002-07-06 15:45:00,235.5962,2002-07-03 19:00:00,24.5000
08175000,29.215000,-97.449167,2002-07-15 21:00:00,2002-07-17 16:45:00,34.5466,2002-07-16 17:00:00,20.0000
08175000,29.215000,-97.449167,2002-10-25 03:45:00,2002-10-28 15:00:00,50.4040,2002-10-27 05:15:00,50.5000
08175000,29.215000,-97.449167,2002-11-04 15:45:00,2002-11-09 11:15:00,475.7230,2002-11-06 12:30:00,44.7500
08175000,29.215000,-97.449167,2002-12-10 12:45:00,2002-12-14 05:45:00,69.6594,2002-12-12 21:00:00,56.2500
08175000,29.215000,-97.449167,2002-12-26 06:00:00,2002-12-27 22:15:00,68.8099,2002-12-26 09:15:00,3.2500
08175000,29.215000,-97.449167,2003-02-21 13:15:00,2003-02-25 01:00:00,89.7644,2003-02-23 05:15:00,40.0000
08175000,29.215000,-97.449167,2003-09-02 13:45:00,2003-09-02 19:30:00,30.5822,2003-09-02 15:00:00,1.2500
08175000,29.215000,-97.449167,2004-05-15 04:30:00,2004-05-17 03:15:00,31.9980,2004-05-16 07:45:00,27.2500
08175000,29.215000,-97.449167,2004-06-12 01:45:00,2004-06-13 01:15:00,28.2885,2004-06-12 14:15:00,12.5000
08175000,29.215000,-97.449167,2004-06-30 22:15:00,2004-07-01 16:45:00,29.7327,2004-07-01 04:15:00,6.0000
08175000,29.215000,-97.449167,2004-11-21 01:45:00,2004-11-27 06:00:00,131.1070,2004-11-24 06:45:00,77.0000
08175000,29.215000,-97.449167,2005-02-02 17:00:00,2005-02-04 17:45:00,30.2990,2005-02-03 18:15:00,25.2500
08175000,29.215000,-97.449167,2005-03-08 11:45:00,2005-03-10 23:45:00,48.7050,2005-03-09 18:30:00,30.7500
08175000,29.215000,-97.449167,2005-03-20 02:00:00,2005-03-23 16:15:00,54.6515,2005-03-20 09:45:00,7.7500
08175000,29.215000,-97.449167,2005-05-10 07:45:00,2005-05-11 03:30:00,28.0620,2005-05-10 17:45:00,10.0000
08175000,29.215000,-97.449167,2007-01-25 12:45:00,2007-01-27 16:45:00,35.1129,2007-01-26 07:00:00,18.2500
08175000,29.215000,-97.449167,2007-03-13 21:15:00,2007-03-17 20:30:00,206.1466,2007-03-15 15:45:00,42.5000
08175000,29.215000,-97.449167,2007-03-29 00:30:00,2007-03-29 17:15:00,26.0515,2007-03-29 08:45:00,8.2500
08175000,29.215000,-97.449167,2007-03-31 11:45:00,2007-04-04 09:15:00,121.1961,2007-04-02 14:30:00,50.7500
08175000,29.215000,-97.449167,2007-04-30 21:00:00,2007-05-05 10:30:00,193.1209,2007-05-02 18:30:00,45.5000
08175000,29.215000,-97.449167,2007-07-05 14:45:00,2007-07-11 03:30:00,60.8812,2007-07-09 20:30:00,101.7500
08175000,29.215000,-97.449167,2007-07-15 12:00:00,2007-07-18 18:30:00,72.7743,2007-07-17 03:00:00,39.0000
08175000,29.215000,-97.449167,2007-07-21 12:00:00,2007-08-01 03:45:00,170.7506,2007-07-27 23:15:00,155.2500
08175000,29.215000,-97.449167,2009-04-18 18:30:00,2009-04-21 17:30:00,129.1248,2009-04-20 06:45:00,36.2500
08175000,29.215000,-97.449167,2009-04-29 06:45:00,2009-04-30 19:45:00,29.4495,2009-04-29 23:30:00,16.7500
08175000,29.215000,-97.449167,2009-10-04 16:15:00,2009-10-08 09:15:00,396.4359,2009-10-05 09:00:00,16.7500
08175000,29.215000,-97.449167,2009-10-23 15:00:00,2009-10-24 15:00:00,26.8444,2009-10-24 01:30:00,10.5000
08175000,29.215000,-97.449167,2009-10-27 22:15:00,2009-10-29 17:45:00,35.6792,2009-10-28 20:45:00,22.5000
08175000,29.215000,-97.449167,2009-11-20 20:45:00,2009-11-24 23:45:00,373.7824,2009-11-22 03:45:00,31.0000
08175000,29.215000,-97.449167,2009-12-03 22:00:00,2009-12-04 12:45:00,25.5135,2009-12-04 06:00:00,8.0000
08175000,29.215000,-97.449167,2010-01-15 23:15:00,2010-01-19 18:15:00,154.6100,2010-01-17 18:00:00,42.7500
08175000,29.215000,-97.449167,2010-02-05 01:15:00,2010-02-07 17:45:00,51.5367,2010-02-06 09:15:00,32.0000
08175000,29.215000,-97.449167,2010-02-12 04:45:00,2010-02-15 14:15:00,87.4991,2010-02-14 04:30:00,47.7500
08175000,29.215000,-97.449167,2010-05-18 14:30:00,2010-05-21 02:30:00,52.9525,2010-05-19 22:45:00,32.2500
08175000,29.215000,-97.449167,2010-06-04 16:15:00,2010-06-06 02:30:00,33.4139,2010-06-05 10:15:00,18.0000
08175000,29.215000,-97.449167,2012-02-20 00:30:00,2012-02-20 17:30:00,27.0709,2012-02-20 10:00:00,9.5000
08175000,29.215000,-97.449167,2012-03-21 09:15:00,2012-03-23 18:45:00,50.1208,2012-03-22 16:00:00,30.7500
08175000,29.215000,-97.449167,2012-05-11 19:00:00,2012-05-14 20:45:00,67.3941,2012-05-12 23:00:00,28.0000
08175000,29.215000,-97.449167,2012-07-12 12:45:00,2012-07-14 20:45:00,80.4198,2012-07-12 21:45:00,9.0000
08175000,29.215000,-97.449167,2014-05-28 08:15:00,2014-05-29 17:30:00,30.8654,2014-05-29 00:15:00,16.0000
08175000,29.215000,-97.449167,2015-03-21 19:45:00,2015-03-25 14:45:00,152.6278,2015-03-23 10:30:00,38.7500
08175000,29.215000,-97.449167,2015-04-18 00:45:00,2015-04-22 09:45:00,141.0179,2015-04-20 06:45:00,54.0000
08175000,29.215000,-97.449167,2015-05-15 21:00:00,2015-05-22 06:15:00,112.4179,2015-05-20 10:45:00,109.7500
08175000,29.215000,-97.449167,2015-05-26 01:45:00,2015-05-31 17:45:00,196.8021,2015-05-27 15:30:00,37.7500
08175000,29.215000,-97.449167,2015-06-15 12:45:00,2015-06-17 15:30:00,41.6258,2015-06-16 16:15:00,27.5000
08175000,29.215000,-97.449167,2015-10-24 22:15:00,2015-10-27 21:15:00,35.3961,2015-10-26 11:00:00,36.7500
08175000,29.215000,-97.449167,2016-03-11 16:15:00,2016-03-13 00:30:00,27.3258,2016-03-12 09:00:00,16.7500
08175000,29.215000,-97.449167,2016-05-19 17:30:00,2016-05-24 07:15:00,143.0001,2016-05-21 05:00:00,35.5000
08175000,29.215000,-97.449167,2016-06-01 16:30:00,2016-06-02 04:45:00,30.0159,2016-06-02 04:45:00,12.2500
08176500,28.792778,-97.012778,1987-07-08 05:00:00,1987-07-11 04:00:00,212.3763,1987-07-08 15:00:00,10.0000
08176500,28.792778,-97.012778,1987-11-28 16:00:00,1987-11-29 14:00:00,115.5327,1987-11-29 01:00:00,9.0000
08176500,28.792778,-97.012778,1987-12-22 20:00:00,1987-12-23 05:00:00,94.5783,1987-12-22 23:00:00,3.0000
08176500,28.792778,-97.012778,1991-01-12 03:00:00,1991-01-14 20:00:00,223.9863,1991-01-13 13:00:00,34.0000
08176500,28.792778,-97.012778,1991-01-19 18:00:00,1991-01-24 04:00:00,351.1289,1991-01-22 19:00:00,73.0000
08176500,28.792778,-97.012778,1991-02-05 21:00:00,1991-02-10 04:00:00,331.3071,1991-02-08 08:00:00,59.0000
08176500,28.792778,-97.012778,1991-04-05 12:00:00,1991-04-11 15:00:00,481.3864,1991-04-06 01:00:00,13.0000
08176500,28.792778,-97.012778,1991-06-30 02:00:00,1991-06-30 19:00:00,122.3288,1991-06-30 08:00:00,6.0000
08176500,28.792778,-97.012778,1991-07-06 16:00:00,1991-07-09 12:00:00,153.1941,1991-07-08 00:00:00,32.0000
08176500,28.792778,-97.012778,1991-12-21 22:00:00,1992-01-05 05:00:00,1741.4861,1991-12-25 23:00:00,97.0000
08176500,28.792778,-97.012778,1992-01-08 06:00:00,1992-01-09 05:00:00,288.8318,1992-01-08 22:00:00,16.0000
08176500,28.792778,-97.012778,1992-01-14 06:00:00,1992-01-20 05:00:00,253.4358,1992-01-20 05:00:00,143.0000
08176500,28.792778,-97.012778,1992-01-21 06:00:00,1992-01-22 05:00:00,325.6437,1992-01-22 03:00:00,21.0000
08176500,28.792778,-97.012778,1992-01-24 06:00:00,1992-01-28 05:00:00,396.4359,1992-01-28 05:00:00,95.0000
08176500,28.792778,-97.012778,1992-02-26 06:00:00,1992-02-28 05:00:00,962.7728,1992-02-28 01:00:00,43.0000
08176500,28.792778,-97.012778,1992-03-03 06:00:00,1992-03-09 05:00:00,920.2975,1992-03-09 03:00:00,141.0000
08176500,28.792778,-97.012778,1992-03-12 06:00:00,1992-03-18 05:00:00,251.1704,1992-03-15 18:00:00,84.0000
08176500,28.792778,-97.012778,1992-04-18 05:00:00,1992-04-30 04:00:00,665.4459,1992-04-18 12:00:00,7.0000
08176500,28.792778,-97.012778,1992-05-20 05:00:00,1992-06-02 04:12:00,696.5944,1992-05-21 03:00:00,22.0000
08176500,28.792778,-97.012778,1992-06-03 05:00:00,1992-06-04 04:00:00,368.1190,1992-06-04 03:00:00,22.0000
08176500,28.792778,-97.012778,1992-11-22 04:00:00,1992-11-25 12:00:00,155.1763,1992-11-23 20:00:00,40.0000
08176500,28.792778,-97.012778,1993-02-12 06:00:00,1993-02-15 05:00:00,185.1922,1993-02-13 17:00:00,35.0000
08176500,28.792778,-97.012778,1993-02-28 18:00:00,1993-03-01 12:00:00,95.4278,1993-03-01 01:00:00,7.0000
08176500,28.792778,-97.012778,1993-03-14 04:00:00,1993-03-20 10:00:00,190.0060,1993-03-16 12:00:00,56.0000
08176500,28.792778,-97.012778,1993-03-23 18:00:00,1993-03-28 04:51:00,178.3961,1993-03-26 12:00:00,66.0000
08176500,28.792778,-97.012778,1993-05-06 01:00:00,1993-05-15 08:00:00,385.1091,1993-05-10 18:00:00,113.0000
08176500,28.792778,-97.012778,1993-05-24 03:00:00,1993-05-29 04:00:00,424.7527,1993-05-27 14:00:00,83.0000
08176500,28.792778,-97.012778,1994-05-03 18:00:00,1994-05-06 07:00:00,201.3328,1994-05-05 03:00:00,33.0000
08176500,28.792778,-97.012778,1994-05-14 07:00:00,1994-05-22 07:00:00,376.6141,1994-05-19 19:13:00,132.2167
08176500,28.792778,-97.012778,1994-10-11 04:00:00,1994-10-11 18:00:00,98.8258,1994-10-11 09:00:00,5.0000
08176500,28.792778,-97.012778,1994-10-18 11:00:00,1994-10-23 19:00:00,1121.3471,1994-10-19 12:00:00,25.0000
08176500,28.792778,-97.012778,1994-10-28 01:00:00,1994-10-29 13:00:00,133.0892,1994-10-28 13:00:00,12.0000
08176500,28.792778,-97.012778,1994-12-18 13:00:00,1994-12-20 18:00:00,171.8833,1994-12-19 11:00:00,22.0000
08176500,28.792778,-97.012778,1994-12-30 14:00:00,1995-01-03 08:00:00,257.9665,1995-01-01 03:00:00,37.0000
08176500,28.792778,-97.012778,1995-01-13 07:00:00,1995-01-13 23:00:00,130.8238,1995-01-13 12:00:00,5.0000
08176500,28.792778,-97.012778,1995-03-14 14:00:00,1995-03-18 05:00:00,297.3269,1995-03-17 06:00:00,64.0000
08176500,28.792778,-97.012778,1995-04-05 06:00:00,1995-04-10 17:00:00,177.5466,1995-04-09 06:00:00,96.0000
08176500,28.792778,-97.012778,1995-06-01 10:00:00,1995-06-07 17:00:00,322.8121,1995-06-04 16:00:00,78.0000
08176500,28.792778,-97.012778,1996-09-09 18:00:00,1996-09-10 10:00:00,110.4357,1996-09-10 01:00:00,7.0000
08176500,28.792778,-97.012778,1996-09-21 09:00:00,1996-09-24 21:00:00,276.3724,1996-09-22 17:00:00,32.0000
08176500,28.792778,-97.012778,1997-01-22 09:00:00,1997-01-23 12:00:00,107.3208,1997-01-22 21:00:00,12.0000
08176500,28.792778,-97.012778,1997-03-12 07:00:00,1997-03-13 06:00:00,193.9704,1997-03-12 16:00:00,9.0000
08176500,28.792778,-97.012778,1997-03-17 10:00:00,1997-03-21 18:00:00,336.9705,1997-03-18 01:00:00,15.0000
08176500,28.792778,-97.012778,1997-03-26 05:00:00,1997-03-26 16:00:00,147.2476,1997-03-26 08:00:00,3.0000
08176500,28.792778,-97.012778,1997-04-02 20:00:00,1997-04-16 15:00:00,925.9609,1997-04-04 22:00:00,50.0000
08176500,28.792778,-97.012778,1997-04-18 01:00:00,1997-04-21 21:00:00,143.5664,1997-04-19 12:00:00,35.0000
08176500,28.792778,-97.012778,1997-04-26 04:00:00,1997-04-26 22:00:00,95.4278,1997-04-26 10:00:00,6.0000
08176500,28.792778,-97.012778,1997-04-28 03:00:00,1997-05-01 10:00:00,155.7427,1997-04-29 21:00:00,42.0000
08176500,28.792778,-97.012778,1997-05-03 09:00:00,1997-05-05 01:00:00,106.7545,1997-05-04 04:00:00,19.0000
08176500,28.792778,-97.012778,1997-05-10 01:00:00,1997-05-11 02:00:00,142.4337,1997-05-10 07:00:00,6.0000
08176500,28.792778,-97.012778,1997-10-09 15:00:00,1997-10-17 17:00:00,546.5151,1997-10-14 03:00:00,108.0000
08176500,28.792778,-97.012778,1998-02-12 04:15:00,1998-02-14 20:15:00,129.1248,1998-02-12 20:15:00,16.0000
08176500,28.792778,-97.012778,1998-02-16 21:45:00,1998-03-03 01:00:00,233.6140,1998-02-23 23:15:00,169.5000
08176500,28.792778,-97.012778,1998-03-16 19:45:00,1998-04-05 13:00:00,209.5447,1998-03-20 07:15:00,83.5000
08176500,28.792778,-97.012778,1998-08-23 21:00:00,1998-08-26 04:45:00,194.5367,1998-08-24 19:45:00,22.7500
08176500,28.792778,-97.012778,1998-09-11 13:00:00,1998-09-21 06:00:00,526.6933,1998-09-12 08:30:00,19.5000
08176500,28.792778,-97.012778,1998-10-08 05:00:00,1998-10-10 19:30:00,203.3150,1998-10-09 10:15:00,29.2500
08176500,28.792778,-97.012778,1998-10-18 16:00:00,1998-10-20 04:45:00,835.3470,1998-10-20 04:45:00,36.7500
08176500,28.792778,-97.012778,1998-11-12 06:00:00,1998-12-21 05:45:00,727.7430,1998-11-15 03:15:00,69.2500
08176500,28.792778,-97.012778,1999-01-03 15:30:00,1999-01-04 16:15:00,105.3387,1999-01-04 01:30:00,10.0000
08176500,28.792778,-97.012778,1999-05-28 20:30:00,1999-05-29 07:30:00,99.1090,1999-05-29 01:00:00,4.5000
08176500,28.792778,-97.012778,1999-05-31 10:30:00,1999-05-31 15:30:00,92.3129,1999-05-31 12:15:00,1.7500
08176500,28.792778,-97.012778,1999-06-27 03:15:00,1999-06-30 18:30:00,228.8001,1999-06-28 01:30:00,22.2500
08176500,28.792778,-97.012778,2000-06-10 11:15:00,2000-06-15 03:45:00,176.1308,2000-06-13 04:45:00,65.5000
08176500,28.792778,-97.012778,2000-12-29 02:00:00,2000-12-31 08:45:00,126.0100,2000-12-30 01:00:00,23.0000
08176500,28.792778,-97.012778,2001-01-13 03:15:00,2001-01-15 14:30:00,157.7248,2001-01-13 23:15:00,20.0000
08176500,28.792778,-97.012778,2001-01-19 22:00:00,2001-01-24 02:00:00,161.9724,2001-01-22 06:30:00,56.5000
08176500,28.792778,-97.012778,2001-01-31 22:30:00,2001-02-02 09:15:00,109.8694,2001-02-01 12:00:00,13.5000
08176500,28.792778,-97.012778,2001-03-04 17:15:00,2001-03-08 18:15:00,160.2734,2001-03-06 23:45:00,54.5000
08176500,28.792778,-97.012778,2001-03-15 19:15:00,2001-03-20 13:45:00,210.9605,2001-03-18 05:00:00,57.7500
08176500,28.792778,-97.012778,2001-08-31 08:00:00,2001-09-13 21:00:00,1112.8521,2001-09-04 01:15:00,89.2500
08176500,28.792778,-97.012778,2001-09-25 19:00:00,2001-09-26 04:45:00,94.5783,2001-09-26 00:00:00,5.0000
08176500,28.792778,-97.012778,2001-10-16 11:00:00,2001-10-16 18:15:00,93.7288,2001-10-16 14:00:00,3.0000
08176500,28.792778,-97.012778,2001-11-16 13:30:00,2001-11-17 02:30:00,121.4793,2001-11-16 18:00:00,4.5000
08176500,28.792778,-97.012778,2001-11-18 13:00:00,2001-11-29 05:45:00,317.1487,2001-11-20 20:15:00,55.2500
08176500,28.792778,-97.012778,2001-12-01 06:00:00,2001-12-25 18:30:00,275.2397,2001-12-03 10:00:00,52.0000
08176500,28.792778,-97.012778,2002-04-09 17:00:00,2002-04-13 15:00:00,331.3071,2002-04-12 00:45:00,55.7500
08176500,28.792778,-97.012778,2002-07-02 17:15:00,2002-08-08 04:00:00,2030.3179,2002-07-11 01:00:00,199.7500
08176500,28.792778,-97.012778,2002-10-11 04:45:00,2002-10-16 05:30:00,385.1091,2002-10-14 00:00:00,67.2500
08176500,28.792778,-97.012778,2002-12-03 00:15:00,2002-12-05 03:30:00,93.1624,2002-12-04 02:45:00,26.5000
08176500,28.792778,-97.012778,2002-12-06 13:30:00,2002-12-16 05:45:00,410.5943,2002-12-14 14:45:00,193.2500
08176500,28.792778,-97.012778,2002-12-24 15:00:00,2002-12-29 05:45:00,230.4991,2002-12-27 13:45:00,70.7500
08176500,28.792778,-97.012778,2003-01-01 06:00:00,2003-01-03 05:45:00,238.7110,2003-01-03 05:30:00,47.5000
08176500,28.792778,-97.012778,2003-01-13 03:45:00,2003-01-18 18:45:00,213.2259,2003-01-16 04:45:00,73.0000
08176500,28.792778,-97.012778,2003-02-18 05:00:00,2003-03-15 01:00:00,617.3073,2003-02-26 05:00:00,192.0000
08176500,28.792778,-97.012778,2003-09-15 03:15:00,2003-09-15 21:00:00,126.2931,2003-09-15 08:15:00,5.0000
08176500,28.792778,-97.012778,2003-10-10 11:30:00,2003-10-11 02:30:00,177.8298,2003-10-10 16:00:00,4.5000
08176500,28.792778,-97.012778,2003-11-18 03:30:00,2003-11-19 05:00:00,147.5308,2003-11-18 09:30:00,6.0000
08176500,28.792778,-97.012778,2004-01-18 10:00:00,2004-01-18 19:00:00,93.7288,2004-01-18 13:45:00,3.7500
08176500,28.792778,-97.012778,2004-03-15 04:30:00,2004-03-15 21:15:00,113.8337,2004-03-15 08:45:00,4.2500
08176500,28.792778,-97.012778,2004-04-11 21:00:00,2004-04-20 11:00:00,222.0041,2004-04-14 06:30:00,57.5000
08176500,28.792778,-97.012778,2004-04-27 02:00:00,2004-04-27 14:00:00,97.9763,2004-04-27 07:00:00,5.0000
08176500,28.792778,-97.012778,2004-05-01 23:45:00,2004-05-11 00:15:00,152.3446,2004-05-04 23:30:00,71.7500
08176500,28.792778,-97.012778,2004-05-12 05:00:00,2004-05-12 13:30:00,94.2951,2004-05-12 08:30:00,3.5000
08176500,28.792778,-97.012778,2004-05-14 05:00:00,2004-05-19 13:45:00,264.1962,2004-05-14 18:30:00,13.5000
08176500,28.792778,-97.012778,2004-06-06 12:30:00,2004-06-09 04:00:00,113.5506,2004-06-08 19:30:00,55.0000
08176500,28.792778,-97.012778,2004-06-10 21:15:00,2004-07-20 11:15:00,455.9012,2004-06-15 10:00:00,108.7500
08176500,28.792778,-97.012778,2004-07-24 02:15:00,2004-07-24 20:45:00,95.1446,2004-07-24 08:30:00,6.2500
08176500,28.792778,-97.012778,2004-10-05 10:45:00,2004-10-06 02:30:00,102.7902,2004-10-05 17:15:00,6.5000
08176500,28.792778,-97.012778,2004-10-16 05:00:00,2004-10-18 00:45:00,102.7902,2004-10-17 08:00:00,27.0000
08176500,28.792778,-97.012778,2004-10-25 04:15:00,2004-11-09 15:15:00,336.9705,2004-10-28 03:15:00,71.0000
08176500,28.792778,-97.012778,2005-01-16 03:45:00,2005-01-17 08:00:00,105.3387,2005-01-16 19:30:00,15.7500
08176500,28.792778,-97.012778,2005-05-09 05:00:00,2005-05-13 11:00:00,288.8318,2005-05-10 14:00:00,33.0000
08176500,28.792778,-97.012778,2005-05-30 09:15:00,2005-05-30 20:30:00,131.6733,2005-05-30 12:45:00,3.5000
08176500,28.792778,-97.012778,2006-06-01 16:15:00,2006-06-01 22:00:00,99.1090,2006-06-01 18:15:00,2.0000
08176500,28.792778,-97.012778,2006-07-06 15:45:00,2006-07-07 08:00:00,121.4793,2006-07-06 22:15:00,6.5000
08176500,28.792778,-97.012778,2007-01-25 01:45:00,2007-01-28 23:00:00,162.2555,2007-01-28 01:45:00,72.0000
08176500,28.792778,-97.012778,2007-03-14 05:45:00,2007-03-21 12:15:00,846.6737,2007-03-17 21:15:00,87.5000
08176500,28.792778,-97.012778,2007-03-28 21:00:00,2007-04-08 10:45:00,356.7923,2007-04-03 22:15:00,145.2500
08176500,28.792778,-97.012778,2007-04-11 00:15:00,2007-04-12 16:00:00,101.3743,2007-04-11 16:45:00,16.5000
08176500,28.792778,-97.012778,2007-04-26 00:15:00,2007-05-12 17:15:00,767.3865,2007-05-03 00:00:00,167.7500
08176500,28.792778,-97.012778,2007-05-30 16:15:00,2007-06-15 23:15:00,185.1922,2007-06-06 02:00:00,153.7500
08176500,28.792778,-97.012778,2007-06-22 17:30:00,2007-06-25 02:15:00,119.4971,2007-06-23 13:00:00,19.5000
08176500,28.792778,-97.012778,2007-06-26 11:15:00,2007-06-27 07:45:00,109.5862,2007-06-26 19:45:00,8.5000
08176500,28.792778,-97.012778,2007-06-28 16:15:00,2007-06-29 07:15:00,105.9050,2007-06-28 22:30:00,6.2500
08176500,28.792778,-97.012778,2007-07-01 18:15:00,2007-09-21 05:00:00,1093.0303,2007-07-03 06:30:00,36.2500
08176500,28.792778,-97.012778,2007-09-22 20:45:00,2007-09-23 14:30:00,93.7288,2007-09-23 03:30:00,6.7500
08176500,28.792778,-97.012778,2007-11-21 09:30:00,2007-11-22 18:15:00,112.9842,2007-11-22 04:00:00,18.5000
08176500,28.792778,-97.012778,2007-11-26 14:00:00,2007-11-28 09:15:00,105.3387,2007-11-27 15:30:00,25.5000
08176500,28.792778,-97.012778,2009-04-19 04:15:00,2009-04-23 00:15:00,390.7725,2009-04-21 08:00:00,51.7500
08176500,28.792778,-97.012778,2009-04-28 12:30:00,2009-04-28 22:00:00,111.8515,2009-04-28 16:45:00,4.2500
08176500,28.792778,-97.012778,2009-10-05 07:15:00,2009-10-10 00:30:00,484.2181,2009-10-07 19:45:00,60.5000
08176500,28.792778,-97.012778,2009-10-23 23:15:00,2009-10-26 06:00:00,125.7268,2009-10-25 09:45:00,34.5000
08176500,28.792778,-97.012778,2009-10-28 05:30:00,2009-10-31 11:15:00,250.8873,2009-10-30 00:00:00,42.5000
08176500,28.792778,-97.012778,2009-11-21 07:15:00,2009-11-26 15:30:00,860.8321,2009-11-24 12:45:00,77.5000
08176500,28.792778,-97.012778,2009-12-03 22:15:00,2009-12-06 06:00:00,168.4852,2009-12-04 23:00:00,24.7500
08176500,28.792778,-97.012778,2010-01-16 03:45:00,2010-01-21 21:45:00,453.0695,2010-01-19 13:30:00,81.7500
08176500,28.792778,-97.012778,2010-04-19 07:00:00,2010-04-21 17:45:00,163.9545,2010-04-19 23:00:00,16.0000
08176500,28.792778,-97.012778,2010-04-24 21:15:00,2010-04-26 21:45:00,116.0991,2010-04-26 08:45:00,35.5000
08176500,28.792778,-97.012778,2010-05-15 12:30:00,2010-05-23 15:00:00,268.4437,2010-05-19 08:15:00,91.7500
08176500,28.792778,-97.012778,2010-06-11 10:00:00,2010-06-15 14:45:00,376.6141,2010-06-13 08:30:00,46.5000
08176500,28.792778,-97.012778,2010-07-08 23:45:00,2010-07-10 13:45:00,141.8674,2010-07-09 07:15:00,7.5000
08176500,28.792778,-97.012778,2010-09-08 11:15:00,2010-09-13 09:15:00,210.3942,2010-09-11 13:00:00,73.7500
08176500,28.792778,-97.012778,2010-09-18 21:15:00,2010-09-20 07:00:00,137.9030,2010-09-19 08:45:00,11.5000
08176500,28.792778,-97.012778,2012-01-27 15:45:00,2012-01-30 20:30:00,382.2774,2012-01-29 09:00:00,41.2500
08176500,28.792778,-97.012778,2012-02-19 22:30:00,2012-02-22 18:15:00,268.4437,2012-02-21 09:00:00,34.5000
08176500,28.792778,-97.012778,2012-03-21 17:15:00,2012-03-25 21:30:00,376.6141,2012-03-23 22:45:00,53.5000
08176500,28.792778,-97.012778,2012-05-13 19:30:00,2012-05-15 12:45:00,134.7882,2012-05-14 15:00:00,19.5000
08176500,28.792778,-97.012778,2012-05-18 00:00:00,2012-05-20 03:15:00,169.6179,2012-05-19 02:15:00,26.2500
08176500,28.792778,-97.012778,2012-07-13 05:45:00,2012-07-15 01:00:00,274.3902,2012-07-13 19:30:00,13.7500
08176500,28.792778,-97.012778,2013-10-01 18:30:00,2013-10-03 03:30:00,158.8575,2013-10-02 09:30:00,15.0000
08176500,28.792778,-97.012778,2013-10-16 09:00:00,2013-10-17 20:45:00,113.5506,2013-10-17 06:30:00,21.5000
08176500,28.792778,-97.012778,2013-11-02 19:30:00,2013-11-06 18:30:00,387.9408,2013-11-04 15:15:00,44.7500
08176500,28.792778,-97.012778,2014-05-26 21:45:00,2014-05-27 15:00:00,153.4773,2014-05-27 04:30:00,6.7500
08176500,28.792778,-97.012778,2014-05-28 16:15:00,2014-06-01 15:30:00,328.4754,2014-05-30 21:00:00,52.7500
08176500,28.792778,-97.012778,2015-01-25 20:30:00,2015-01-26 13:30:00,102.7902,2015-01-26 04:00:00,7.5000
08176500,28.792778,-97.012778,2015-03-10 01:00:00,2015-03-13 14:30:00,129.6912,2015-03-10 08:30:00,7.5000
08176500,28.792778,-97.012778,2015-03-18 16:45:00,2015-03-19 16:15:00,189.7229,2015-03-19 00:30:00,7.7500
08176500,28.792778,-97.012778,2015-03-21 09:45:00,2015-03-26 19:00:00,305.8219,2015-03-23 11:30:00,49.7500
08176500,28.792778,-97.012778,2015-04-18 05:45:00,2015-04-23 18:15:00,328.4754,2015-04-18 19:15:00,13.5000
08176500,28.792778,-97.012778,2015-04-26 13:15:00,2015-05-01 00:30:00,342.6338,2015-04-28 08:45:00,43.5000
08176500,28.792778,-97.012778,2015-10-25 23:15:00,2015-10-30 03:45:00,232.4813,2015-10-28 07:15:00,56.0000
08176500,28.792778,-97.012778,2015-11-01 20:45:00,2015-11-16 15:30:00,523.8617,2015-11-05 02:00:00,77.2500
08176500,28.792778,-97.012778,2015-11-18 22:15:00,2015-11-22 07:15:00,167.0694,2015-11-19 22:30:00,24.2500
08176500,28.792778,-97.012778,2015-12-15 03:30:00,2015-12-18 00:00:00,117.7981,2015-12-17 00:00:00,44.5000
08176500,28.792778,-97.012778,2016-03-10 08:15:00,2016-03-15 05:30:00,227.3843,2016-03-10 19:15:00,11.0000
08176500,28.792778,-97.012778,2016-04-20 00:30:00,2016-04-27 19:45:00,353.9606,2016-04-22 09:00:00,56.5000
08176500,28.792778,-97.012778,2016-05-19 09:30:00,2016-06-02 04:45:00,506.8716,2016-05-23 09:45:00,96.2500
08178565,29.321944,-98.450000,1990-07-17 11:45:00,1990-07-17 17:15:00,254.8516,1990-07-17 14:45:00,3.0000
08178565,29.321944,-98.450000,1991-01-18 10:15:00,1991-01-18 15:00:00,441.7428,1991-01-18 12:30:00,2.2500
08178565,29.321944,-98.450000,1991-04-05 08:45:00,1991-04-05 10:00:00,158.5743,1991-04-05 09:15:00,0.5000
08178565,29.321944,-98.450000,1991-06-23 04:45:00,1991-06-23 08:30:00,458.7329,1991-06-23 06:00:00,1.2500
08178565,29.321944,-98.450000,1991-12-19 08:00:00,1991-12-19 22:00:00,416.2576,1991-12-19 10:00:00,2.0000
08178565,29.321944,-98.450000,1991-12-21 16:30:00,1991-12-21 22:45:00,325.6437,1991-12-21 20:00:00,3.5000
08178565,29.321944,-98.450000,1992-01-26 21:00:00,1992-01-27 03:00:00,264.1962,1992-01-26 22:00:00,1.0000
08178565,29.321944,-98.450000,1992-02-04 06:00:00,1992-02-04 09:15:00,319.9804,1992-02-04 07:00:00,1.0000
08178565,29.321944,-98.450000,1992-02-22 09:15:00,1992-02-22 11:15:00,199.6338,1992-02-22 10:00:00,0.7500
08178565,29.321944,-98.450000,1992-03-04 05:45:00,1992-03-04 14:45:00,430.4161,1992-03-04 06:45:00,1.0000
08178565,29.321944,-98.450000,1992-05-16 01:00:00,1992-05-16 02:45:00,138.4694,1992-05-16 01:30:00,0.5000
08178565,29.321944,-98.450000,1992-05-21 23:15:00,1992-05-22 03:30:00,824.0202,1992-05-22 00:45:00,1.5000
08178565,29.321944,-98.450000,1992-05-27 08:45:00,1992-05-27 14:45:00,1336.5552,1992-05-27 10:30:00,1.7500
08178565,29.321944,-98.450000,1992-06-02 08:45:00,1992-06-02 13:30:00,455.9012,1992-06-02 10:00:00,1.2500
08178565,29.321944,-98.450000,1992-06-09 16:00:00,1992-06-09 21:00:00,492.7131,1992-06-09 17:30:00,1.5000
08178565,29.321944,-98.450000,1993-05-05 16:45:00,1993-05-06 03:00:00,535.1884,1993-05-06 00:00:00,7.2500
08178565,29.321944,-98.450000,1994-04-16 01:00:00,1994-04-16 01:45:00,154.8932,1994-04-16 01:30:00,0.5000
08178565,29.321944,-98.450000,1994-05-02 01:00:00,1994-05-02 04:00:00,249.4714,1994-05-02 02:00:00,1.0000
08178565,29.321944,-98.450000,1994-05-13 19:45:00,1994-05-13 22:00:00,273.8239,1994-05-13 20:45:00,1.0000
08178565,29.321944,-98.450000,1994-10-08 06:30:00,1994-10-08 11:15:00,407.7626,1994-10-08 07:45:00,1.2500
08178565,29.321944,-98.450000,1994-10-25 11:30:00,1994-10-25 13:15:00,218.8892,1994-10-25 12:15:00,0.7500
08178565,29.321944,-98.450000,1995-05-27 16:15:00,1995-05-27 16:30:00,124.3110,1995-05-27 16:30:00,0.2500
08178565,29.321944,-98.450000,1995-06-29 10:15:00,1995-06-29 14:30:00,515.3666,1995-06-29 11:30:00,1.2500
08178565,29.321944,-98.450000,1995-09-20 12:30:00,1995-09-20 14:30:00,228.5170,1995-09-20 13:00:00,0.5000
08178565,29.321944,-98.450000,1997-05-20 08:15:00,1997-05-20 08:45:00,134.2219,1997-05-20 08:30:00,0.2500
08178565,29.321944,-98.450000,1997-06-21 19:00:00,1997-06-21 20:30:00,165.6536,1997-06-21 19:45:00,0.7500
08178565,29.321944,-98.450000,1998-01-06 22:15:00,1998-01-06 23:00:00,132.2397,1998-01-06 22:30:00,0.2500
08178565,29.321944,-98.450000,1998-03-16 10:30:00,1998-03-16 11:30:00,142.1506,1998-03-16 10:45:00,0.2500
08178565,29.321944,-98.450000,1998-08-22 17:45:00,1998-08-23 03:45:00,201.6159,1998-08-22 18:30:00,0.7500
08178565,29.321944,-98.450000,1999-03-28 04:00:00,1999-03-28 04:45:00,143.2832,1999-03-28 04:15:00,0.2500
08178565,29.321944,-98.450000,1999-07-11 01:15:00,1999-07-11 02:00:00,144.1327,1999-07-11 01:30:00,0.2500
08178565,29.321944,-98.450000,2000-06-10 21:45:00,2000-06-11 01:00:00,147.8139,2000-06-10 22:15:00,0.5000
08178565,29.321944,-98.450000,2000-11-03 03:30:00,2000-11-03 07:30:00,750.3964,2000-11-03 04:30:00,1.0000
08178565,29.321944,-98.450000,2000-11-06 04:15:00,2000-11-06 05:15:00,135.9209,2000-11-06 04:30:00,0.2500
08178565,29.321944,-98.450000,2001-04-23 16:45:00,2001-04-24 00:00:00,214.9249,2001-04-23 22:15:00,5.5000
08178565,29.321944,-98.450000,2001-08-29 22:30:00,2001-08-30 23:30:00,325.6437,2001-08-30 21:45:00,23.2500
08178565,29.321944,-98.450000,2001-09-06 03:15:00,2001-09-06 05:00:00,188.5902,2001-09-06 03:45:00,0.5000
08178565,29.321944,-98.450000,2001-11-16 02:00:00,2001-11-16 04:15:00,278.0714,2001-11-16 02:45:00,0.7500
08178565,29.321944,-98.450000,2002-07-01 11:00:00,2002-07-02 12:00:00,1053.3867,2002-07-02 02:15:00,15.2500
08178565,29.321944,-98.450000,2002-07-04 03:45:00,2002-07-04 05:15:00,151.7783,2002-07-04 04:15:00,0.5000
08178565,29.321944,-98.450000,2002-07-05 10:15:00,2002-07-05 13:00:00,219.7387,2002-07-05 11:30:00,1.2500
08178565,29.321944,-98.450000,2002-09-07 16:45:00,2002-09-08 12:15:00,174.1486,2002-09-07 17:15:00,0.5000
08178565,29.321944,-98.450000,2002-09-09 17:45:00,2002-09-09 19:30:00,126.2931,2002-09-09 19:15:00,1.5000
08178565,29.321944,-98.450000,2002-10-09 08:00:00,2002-10-09 12:00:00,447.4062,2002-10-09 09:15:00,1.2500
08178565,29.321944,-98.450000,2002-10-23 09:00:00,2002-10-23 12:15:00,538.0201,2002-10-23 10:15:00,1.2500
08178565,29.321944,-98.450000,2002-10-24 15:00:00,2002-10-24 21:00:00,262.7803,2002-10-24 16:45:00,1.7500
08178565,29.321944,-98.450000,2003-07-05 13:00:00,2003-07-05 16:30:00,506.8716,2003-07-05 14:00:00,1.0000
08178565,29.321944,-98.450000,2003-09-12 06:15:00,2003-09-12 07:15:00,160.5565,2003-09-12 06:45:00,0.5000
08178565,29.321944,-98.450000,2004-04-24 08:15:00,2004-04-24 09:45:00,167.3526,2004-04-24 09:00:00,0.7500
08178565,29.321944,-98.450000,2004-05-01 14:30:00,2004-05-01 15:00:00,140.7347,2004-05-01 14:45:00,0.2500
08178565,29.321944,-98.450000,2004-06-09 21:45:00,2004-06-10 01:15:00,447.4062,2004-06-09 23:00:00,1.2500
08178565,29.321944,-98.450000,2004-06-25 00:30:00,2004-06-25 01:00:00,129.1248,2004-06-25 00:45:00,0.2500
08178565,29.321944,-98.450000,2004-06-29 20:15:00,2004-06-30 22:30:00,174.7149,2004-06-29 21:15:00,1.0000
08178565,29.321944,-98.450000,2004-10-25 00:30:00,2004-10-25 03:30:00,447.4062,2004-10-25 01:45:00,1.2500
08178565,29.321944,-98.450000,2004-11-01 09:15:00,2004-11-01 10:45:00,143.8496,2004-11-01 09:45:00,0.5000
08178565,29.321944,-98.450000,2004-11-17 03:30:00,2004-11-17 06:15:00,171.3169,2004-11-17 03:45:00,0.2500
08178565,29.321944,-98.450000,2004-11-22 09:00:00,2004-11-22 22:45:00,1175.1491,2004-11-22 19:30:00,10.5000
08178565,29.321944,-98.450000,2006-05-05 07:45:00,2006-05-05 09:15:00,256.2675,2006-05-05 08:30:00,0.7500
08178565,29.321944,-98.450000,2006-05-06 15:30:00,2006-05-06 16:00:00,135.0714,2006-05-06 15:45:00,0.2500
08178565,29.321944,-98.450000,2006-11-06 12:30:00,2006-11-06 13:00:00,142.7169,2006-11-06 13:00:00,0.5000
08178565,29.321944,-98.450000,2007-03-13 07:00:00,2007-03-13 23:00:00,261.6477,2007-03-13 07:45:00,0.7500
08178565,29.321944,-98.450000,2007-03-26 23:15:00,2007-03-27 00:45:00,209.8278,2007-03-27 00:00:00,0.7500
08178565,29.321944,-98.450000,2007-03-30 17:00:00,2007-03-31 09:30:00,180.3783,2007-03-31 08:30:00,15.5000
08178565,29.321944,-98.450000,2007-04-25 07:15:00,2007-04-25 09:45:00,214.0754,2007-04-25 08:15:00,1.0000
08178565,29.321944,-98.450000,2007-04-30 17:15:00,2007-04-30 20:15:00,305.8219,2007-04-30 18:00:00,0.7500
08178565,29.321944,-98.450000,2007-06-20 17:15:00,2007-06-20 20:00:00,239.5605,2007-06-20 18:45:00,1.5000
08178565,29.321944,-98.450000,2007-06-28 18:00:00,2007-06-28 22:30:00,690.9311,2007-06-28 18:45:00,0.7500
08178565,29.321944,-98.450000,2007-07-07 11:30:00,2007-07-07 12:45:00,156.5922,2007-07-07 12:15:00,0.7500
08178565,29.321944,-98.450000,2007-07-15 11:00:00,2007-07-15 13:15:00,160.2734,2007-07-15 12:00:00,1.0000
08178565,29.321944,-98.450000,2007-07-21 14:15:00,2007-07-21 15:45:00,188.3070,2007-07-21 14:30:00,0.2500
08178565,29.321944,-98.450000,2007-07-24 10:15:00,2007-07-24 12:30:00,256.2675,2007-07-24 11:00:00,0.7500
08178565,29.321944,-98.450000,2007-07-25 15:00:00,2007-07-26 00:45:00,256.2675,2007-07-25 16:30:00,1.5000
08178565,29.321944,-98.450000,2007-08-16 18:15:00,2007-08-17 07:45:00,1792.4564,2007-08-16 21:30:00,3.2500
08178565,29.321944,-98.450000,2009-10-04 09:45:00,2009-10-04 12:30:00,379.4457,2009-10-04 10:30:00,0.7500
08178565,29.321944,-98.450000,2009-10-09 14:45:00,2009-10-09 16:30:00,144.4159,2009-10-09 15:30:00,0.7500
08178565,29.321944,-98.450000,2009-10-26 15:15:00,2009-10-26 19:45:00,146.3981,2009-10-26 19:00:00,3.7500
08178565,29.321944,-98.450000,2010-01-15 05:00:00,2010-01-15 11:00:00,165.0872,2010-01-15 07:15:00,2.2500
08178565,29.321944,-98.450000,2010-02-03 15:45:00,2010-02-03 17:30:00,133.3723,2010-02-03 16:30:00,0.7500
08178565,29.321944,-98.450000,2010-05-14 17:45:00,2010-05-15 12:00:00,351.1289,2010-05-14 18:45:00,1.0000
08178565,29.321944,-98.450000,2010-09-03 12:30:00,2010-09-03 13:30:00,144.4159,2010-09-03 13:00:00,0.5000
08178565,29.321944,-98.450000,2010-09-07 18:00:00,2010-09-08 12:30:00,733.4063,2010-09-08 08:30:00,14.5000
08178565,29.321944,-98.450000,2011-01-09 10:30:00,2011-01-09 11:30:00,138.4694,2011-01-09 11:00:00,0.5000
08178565,29.321944,-98.450000,2011-10-09 10:15:00,2011-10-09 13:00:00,328.4754,2011-10-09 10:45:00,0.5000
08178565,29.321944,-98.450000,2012-01-25 08:45:00,2012-01-25 14:30:00,351.1289,2012-01-25 09:30:00,0.7500
08178565,29.321944,-98.450000,2012-02-04 07:15:00,2012-02-04 12:15:00,336.9705,2012-02-04 08:00:00,0.7500
08178565,29.321944,-98.450000,2012-02-18 09:00:00,2012-02-18 10:45:00,186.8912,2012-02-18 09:30:00,0.5000
08178565,29.321944,-98.450000,2012-03-20 08:30:00,2012-03-20 12:00:00,475.7230,2012-03-20 09:30:00,1.0000
08178565,29.321944,-98.450000,2012-05-11 03:15:00,2012-05-11 05:45:00,404.9309,2012-05-11 04:00:00,0.7500
08178565,29.321944,-98.450000,2012-05-15 06:15:00,2012-05-15 08:45:00,291.6635,2012-05-15 06:45:00,0.5000
08178565,29.321944,-98.450000,2012-07-11 15:00:00,2012-07-11 18:30:00,348.2972,2012-07-11 15:30:00,0.5000
08178565,29.321944,-98.450000,2012-08-19 09:00:00,2012-08-19 13:00:00,614.4756,2012-08-19 10:00:00,1.0000
08178565,29.321944,-98.450000,2012-09-14 06:45:00,2012-09-14 09:45:00,268.4437,2012-09-14 08:00:00,1.2500
08178565,29.321944,-98.450000,2012-09-16 18:45:00,2012-09-16 20:45:00,169.3347,2012-09-16 19:30:00,0.7500
08178565,29.321944,-98.450000,2012-09-29 05:00:00,2012-09-29 05:30:00,131.1070,2012-09-29 05:15:00,0.2500
08178565,29.321944,-98.450000,2013-05-25 12:00:00,2013-05-25 19:45:00,2304.9913,2013-05-25 15:00:00,3.0000
08178565,29.321944,-98.450000,2014-05-13 05:15:00,2014-05-13 09:15:00,467.2280,2014-05-13 05:45:00,0.5000
08178565,29.321944,-98.450000,2014-05-26 17:45:00,2014-05-26 20:30:00,241.5427,2014-05-26 18:45:00,1.0000
08178565,29.321944,-98.450000,2014-07-18 08:45:00,2014-07-18 11:15:00,365.2873,2014-07-18 09:15:00,0.5000
08178565,29.321944,-98.450000,2014-11-05 05:00:00,2014-11-05 08:00:00,185.1922,2014-11-05 06:00:00,1.0000
08178565,29.321944,-98.450000,2015-01-22 13:45:00,2015-01-22 14:30:00,129.1248,2015-01-22 14:00:00,0.2500
08178565,29.321944,-98.450000,2015-04-24 11:30:00,2015-04-25 15:00:00,447.4062,2015-04-25 12:15:00,24.7500
08178565,29.321944,-98.450000,2015-05-17 15:15:00,2015-05-17 17:15:00,174.9981,2015-05-17 16:00:00,0.7500
08178565,29.321944,-98.450000,2015-05-24 02:45:00,2015-05-24 08:30:00,1302.5749,2015-05-24 04:00:00,1.2500
08178565,29.321944,-98.450000,2015-06-14 19:15:00,2015-06-14 22:30:00,436.0794,2015-06-14 19:45:00,0.5000
08178565,29.321944,-98.450000,2015-06-18 01:30:00,2015-06-18 03:30:00,331.3071,2015-06-18 02:00:00,0.5000
08178565,29.321944,-98.450000,2015-10-24 10:00:00,2015-10-24 19:30:00,453.0695,2015-10-24 16:30:00,6.5000
08178565,29.321944,-98.450000,2015-10-30 11:45:00,2015-10-31 12:00:00,282.6021,2015-10-30 12:30:00,0.7500
08178565,29.321944,-98.450000,2016-02-23 09:45:00,2016-02-23 10:30:00,129.4080,2016-02-23 10:00:00,0.2500
08178565,29.321944,-98.450000,2016-05-11 11:15:00,2016-05-11 14:15:00,261.3645,2016-05-11 12:45:00,1.5000
08178565,29.321944,-98.450000,2016-05-16 13:00:00,2016-05-16 14:45:00,179.2456,2016-05-16 13:45:00,0.7500
08178565,29.321944,-98.450000,2016-05-18 06:30:00,2016-05-18 08:00:00,230.4991,2016-05-18 06:45:00,0.2500
08178565,29.321944,-98.450000,2016-05-19 14:45:00,2016-05-19 19:15:00,311.4853,2016-05-19 16:00:00,1.2500
08178565,29.321944,-98.450000,2016-05-29 11:15:00,2016-05-29 12:45:00,158.5743,2016-05-29 12:00:00,0.7500
08178565,29.321944,-98.450000,2016-05-31 22:30:00,2016-05-31 23:30:00,143.0001,2016-05-31 23:00:00,0.5000
08206600,28.467222,-98.547222,1991-12-22 06:00:00,1991-12-23 05:00:00,66.2614,1991-12-22 09:00:00,3.0000
08206600,28.467222,-98.547222,1992-02-25 05:00:00,1992-02-26 03:00:00,41.9089,1992-02-25 14:00:00,9.0000
08206600,28.467222,-98.547222,1992-03-01 00:00:00,1992-03-03 14:00:00,34.5466,1992-03-02 04:00:00,28.0000
08206600,28.467222,-98.547222,1992-03-09 03:00:00,1992-03-18 21:00:00,143.2832,1992-03-10 10:00:00,31.0000
08206600,28.467222,-98.547222,1992-04-02 07:00:00,1992-04-07 07:00:00,48.1386,1992-04-03 16:00:00,33.0000
08206600,28.467222,-98.547222,1992-04-18 08:00:00,1992-04-20 20:00:00,36.2456,1992-04-18 18:00:00,10.0000
08206600,28.467222,-98.547222,1992-04-22 12:00:00,1992-04-24 07:00:00,31.1485,1992-04-23 10:00:00,22.0000
08206600,28.467222,-98.547222,1992-05-17 18:00:00,1992-05-22 08:00:00,98.8258,1992-05-18 22:00:00,28.0000
08206600,28.467222,-98.547222,1992-05-27 07:00:00,1992-05-28 13:00:00,31.1485,1992-05-27 20:00:00,13.0000
08206600,28.467222,-98.547222,1992-06-01 15:00:00,1992-06-10 13:00:00,56.9169,1992-06-03 13:00:00,46.0000
08206600,28.467222,-98.547222,1992-06-12 05:00:00,1992-06-23 18:00:00,127.1426,1992-06-16 23:00:00,114.0000
08206600,28.467222,-98.547222,1994-06-15 05:00:00,1994-06-16 20:00:00,58.3327,1994-06-16 00:00:00,19.0000
08206600,28.467222,-98.547222,1995-11-20 06:00:00,1995-11-20 20:00:00,30.5822,1995-11-20 12:00:00,6.0000
08206600,28.467222,-98.547222,1997-05-16 07:00:00,1997-05-17 01:00:00,38.2277,1997-05-16 18:00:00,11.0000
08206600,28.467222,-98.547222,1997-06-22 04:00:00,1997-07-06 11:00:00,588.9904,1997-06-28 18:00:00,158.0000
08206600,28.467222,-98.547222,1998-03-22 18:00:00,1998-03-23 20:00:00,33.1307,1998-03-23 06:00:00,12.0000
08206600,28.467222,-98.547222,1998-08-23 04:45:00,1998-08-24 02:30:00,53.2357,1998-08-23 14:15:00,9.5000
08206600,28.467222,-98.547222,1998-08-28 02:30:00,1998-09-02 20:30:00,241.2595,1998-08-30 01:30:00,47.0000
08206600,28.467222,-98.547222,1998-10-23 04:00:00,1998-10-27 16:45:00,259.3823,1998-10-24 11:00:00,31.0000
08206600,28.467222,-98.547222,2000-10-29 17:00:00,2000-10-31 17:30:00,50.9703,2000-10-30 11:30:00,18.5000
08206600,28.467222,-98.547222,2000-11-10 04:45:00,2000-11-14 12:15:00,56.6337,2000-11-12 09:45:00,53.0000
08206600,28.467222,-98.547222,2001-11-15 18:00:00,2001-11-17 15:15:00,50.6872,2001-11-16 19:00:00,25.0000
08206600,28.467222,-98.547222,2001-11-21 22:30:00,2001-11-24 18:00:00,65.9783,2001-11-22 23:45:00,25.2500
08206600,28.467222,-98.547222,2002-09-09 14:00:00,2002-09-20 03:00:00,872.1589,2002-09-11 01:45:00,35.7500
08206600,28.467222,-98.547222,2002-10-14 22:30:00,2002-10-17 15:15:00,47.5723,2002-10-15 18:45:00,20.2500
08206600,28.467222,-98.547222,2002-10-28 05:15:00,2002-11-03 09:15:00,126.0100,2002-10-30 10:15:00,53.0000
08206600,28.467222,-98.547222,2003-07-11 17:45:00,2003-07-20 07:30:00,206.7130,2003-07-12 23:45:00,30.0000
08206600,28.467222,-98.547222,2003-10-12 05:30:00,2003-10-18 04:30:00,139.3189,2003-10-15 10:00:00,76.5000
08206600,28.467222,-98.547222,2004-04-10 13:00:00,2004-04-16 06:15:00,70.7921,2004-04-13 18:00:00,77.0000
08206600,28.467222,-98.547222,2004-04-30 01:15:00,2004-05-03 17:00:00,67.1109,2004-05-01 14:45:00,37.5000
08206600,28.467222,-98.547222,2004-06-30 21:30:00,2004-07-13 15:00:00,252.5863,2004-07-07 05:45:00,152.2500
08206600,28.467222,-98.547222,2004-08-26 06:45:00,2004-08-31 03:45:00,276.0893,2004-08-27 13:45:00,31.0000
08206600,28.467222,-98.547222,2004-11-18 04:15:00,2004-11-25 05:15:00,66.8278,2004-11-20 04:45:00,48.5000
08206600,28.467222,-98.547222,2007-03-14 17:15:00,2007-03-14 23:30:00,32.2812,2007-03-14 20:30:00,3.2500
08206600,28.467222,-98.547222,2007-05-28 01:45:00,2007-05-28 04:45:00,36.2456,2007-05-28 04:45:00,3.0000
08206600,28.467222,-98.547222,2007-07-25 17:45:00,2007-08-01 04:45:00,430.4161,2007-07-28 13:00:00,67.2500
08206600,28.467222,-98.547222,2007-08-02 05:00:00,2007-08-09 18:30:00,120.6298,2007-08-05 08:00:00,75.0000
08206600,28.467222,-98.547222,2007-08-22 08:15:00,2007-08-26 08:00:00,100.8080,2007-08-24 03:30:00,43.2500
08206600,28.467222,-98.547222,2007-09-11 06:15:00,2007-09-12 07:30:00,30.2990,2007-09-11 17:00:00,10.7500
08206600,28.467222,-98.547222,2010-04-16 07:15:00,2010-04-20 00:45:00,94.0119,2010-04-18 15:00:00,55.7500
08206600,28.467222,-98.547222,2010-04-22 20:30:00,2010-04-24 06:00:00,32.2812,2010-04-23 12:30:00,16.0000
08206600,28.467222,-98.547222,2010-05-21 10:45:00,2010-05-23 22:00:00,56.3505,2010-05-22 20:45:00,34.0000
08206600,28.467222,-98.547222,2012-05-11 06:45:00,2012-05-11 17:30:00,39.3604,2012-05-11 11:15:00,4.5000
08206600,28.467222,-98.547222,2013-10-17 03:00:00,2013-10-18 21:00:00,54.6515,2013-10-17 17:30:00,14.5000
08206600,28.467222,-98.547222,2014-06-02 17:45:00,2014-06-03 11:15:00,31.9980,2014-06-03 02:15:00,8.5000
08206600,28.467222,-98.547222,2015-05-15 07:00:00,2015-05-20 03:30:00,72.2080,2015-05-16 15:15:00,32.2500
08206600,28.467222,-98.547222,2015-05-29 23:00:00,2015-06-06 12:15:00,246.0734,2015-05-31 10:00:00,35.0000
08211200,27.937500,-97.775556,1992-04-01 06:00:00,1992-04-03 05:00:00,66.8278,1992-04-03 05:00:00,47.0000
08211200,27.937500,-97.775556,1992-04-18 07:00:00,1992-04-19 04:00:00,69.9426,1992-04-19 04:00:00,21.0000
08211200,27.937500,-97.775556,1992-04-26 04:00:00,1992-04-27 04:00:00,39.6436,1992-04-27 04:00:00,24.0000
08211200,27.937500,-97.775556,1992-05-28 05:00:00,1992-05-31 04:00:00,77.3050,1992-05-31 04:00:00,71.0000
08211200,27.937500,-97.775556,1992-08-08 11:00:00,1992-08-10 08:00:00,25.4568,1992-08-09 15:00:00,28.0000
08211200,27.937500,-97.775556,1993-05-05 02:00:00,1993-05-14 18:00:00,43.8911,1993-05-10 19:00:00,137.0000
08211200,27.937500,-97.775556,1993-05-24 07:00:00,1993-05-25 08:00:00,30.8654,1993-05-24 15:00:00,8.0000
08211200,27.937500,-97.775556,1993-06-02 10:00:00,1993-06-03 04:00:00,22.8800,1993-06-02 19:00:00,9.0000
08211200,27.937500,-97.775556,1993-06-14 06:00:00,1993-06-16 20:00:00,66.2614,1993-06-14 18:00:00,12.0000
08211200,27.937500,-97.775556,1993-06-22 01:00:00,1993-06-23 14:00:00,38.2277,1993-06-22 14:00:00,13.0000
08211200,27.937500,-97.775556,1994-04-30 22:00:00,1994-05-02 22:00:00,65.1287,1994-05-01 08:00:00,10.0000
08211200,27.937500,-97.775556,1997-06-23 16:00:00,1997-06-24 04:00:00,66.5446,1997-06-24 04:00:00,12.0000
08211200,27.937500,-97.775556,1998-09-04 16:15:00,1998-09-16 04:45:00,78.4377,1998-09-13 02:00:00,201.7500
08211200,27.937500,-97.775556,1998-11-14 20:00:00,1998-11-22 07:30:00,47.8555,1998-11-18 00:00:00,76.0000
08211200,27.937500,-97.775556,1998-11-23 12:00:00,1998-11-23 21:00:00,22.1155,1998-11-23 15:30:00,3.5000
08211200,27.937500,-97.775556,1998-11-25 14:30:00,1998-11-26 22:45:00,22.0022,1998-11-26 00:15:00,9.7500
08211200,27.937500,-97.775556,1999-04-01 11:45:00,1999-04-07 14:15:00,63.1466,1999-04-02 10:45:00,23.0000
08211200,27.937500,-97.775556,1999-06-21 07:00:00,1999-06-21 19:00:00,25.0604,1999-06-21 11:30:00,4.5000
08211200,27.937500,-97.775556,1999-06-29 12:15:00,1999-07-08 13:15:00,44.1743,1999-07-05 09:15:00,141.0000
08211200,27.937500,-97.775556,1999-08-24 04:30:00,1999-08-26 13:45:00,79.0040,1999-08-24 21:45:00,17.2500
08211200,27.937500,-97.775556,1999-09-05 02:30:00,1999-09-05 04:45:00,27.9487,1999-09-05 04:45:00,2.2500
08211200,27.937500,-97.775556,1999-09-30 12:30:00,1999-09-30 15:00:00,22.0022,1999-09-30 13:30:00,1.0000
08211200,27.937500,-97.775556,2001-12-14 06:15:00,2001-12-14 17:00:00,23.3614,2001-12-14 10:15:00,4.0000
08211200,27.937500,-97.775556,2002-10-12 01:30:00,2002-10-19 12:45:00,49.8377,2002-10-17 17:15:00,135.7500
08211200,27.937500,-97.775556,2002-10-23 05:45:00,2002-10-25 04:45:00,71.0753,2002-10-25 04:45:00,47.0000
08211200,27.937500,-97.775556,2002-12-11 02:00:00,2002-12-12 05:45:00,29.1664,2002-12-12 05:45:00,27.7500
08211200,27.937500,-97.775556,2002-12-13 06:00:00,2002-12-20 21:00:00,73.6238,2002-12-13 13:30:00,7.5000
08211200,27.937500,-97.775556,2002-12-31 18:45:00,2003-01-01 22:00:00,30.2990,2003-01-01 03:45:00,9.0000
08211200,27.937500,-97.775556,2003-02-16 03:45:00,2003-02-18 03:30:00,35.3961,2003-02-17 04:00:00,24.2500
08211200,27.937500,-97.775556,2003-02-22 04:30:00,2003-02-23 07:45:00,28.6000,2003-02-22 11:45:00,7.2500
08211200,27.937500,-97.775556,2003-02-25 10:45:00,2003-02-26 16:30:00,35.6792,2003-02-25 21:45:00,11.0000
08211200,27.937500,-97.775556,2003-07-18 03:45:00,2003-07-19 04:45:00,69.3763,2003-07-19 04:45:00,25.0000
08211200,27.937500,-97.775556,2003-07-29 12:15:00,2003-07-30 02:15:00,25.0038,2003-07-29 19:30:00,7.2500
08211200,27.937500,-97.775556,2003-09-12 19:00:00,2003-09-21 04:45:00,60.5981,2003-09-21 04:45:00,201.7500
08211200,27.937500,-97.775556,2003-10-13 02:00:00,2003-10-13 04:45:00,32.5644,2003-10-13 04:45:00,2.7500
08211200,27.937500,-97.775556,2003-11-19 05:45:00,2003-11-19 13:45:00,23.7295,2003-11-19 09:00:00,3.2500
08211200,27.937500,-97.775556,2004-03-19 23:45:00,2004-03-24 08:00:00,28.2885,2004-03-22 10:30:00,58.7500
08211200,27.937500,-97.775556,2004-04-03 12:45:00,2004-04-05 04:45:00,31.7149,2004-04-04 01:30:00,12.7500
08211200,27.937500,-97.775556,2004-05-12 05:00:00,2004-05-14 04:45:00,78.7208,2004-05-14 04:45:00,47.7500
08211200,27.937500,-97.775556,2004-06-12 01:45:00,2004-06-14 04:45:00,69.6594,2004-06-14 04:45:00,51.0000
08211200,27.937500,-97.775556,2004-06-23 19:30:00,2004-06-26 04:45:00,70.7921,2004-06-26 04:45:00,57.2500
08211200,27.937500,-97.775556,2004-08-27 14:15:00,2004-08-28 04:45:00,46.7228,2004-08-28 04:45:00,14.5000
08211200,27.937500,-97.775556,2004-09-12 21:15:00,2004-09-17 17:15:00,37.9446,2004-09-16 03:15:00,78.0000
08211200,27.937500,-97.775556,2004-11-19 09:00:00,2004-11-20 05:45:00,53.5188,2004-11-20 05:45:00,20.7500
08211200,27.937500,-97.775556,2004-11-30 06:00:00,2004-12-08 05:45:00,75.3228,2004-11-30 18:45:00,12.7500
08211200,27.937500,-97.775556,2005-01-31 20:30:00,2005-02-03 07:00:00,27.0143,2005-02-01 16:00:00,19.5000
08211200,27.937500,-97.775556,2005-02-10 14:45:00,2005-02-11 00:45:00,22.0305,2005-02-10 17:30:00,2.7500
08211200,27.937500,-97.775556,2005-03-20 06:15:00,2005-03-25 10:15:00,33.4139,2005-03-20 21:30:00,15.2500
08211200,27.937500,-97.775556,2005-03-27 17:45:00,2005-03-28 15:00:00,28.2602,2005-03-28 03:00:00,9.2500
08211200,27.937500,-97.775556,2005-04-02 02:30:00,2005-04-02 10:15:00,23.2481,2005-04-02 06:00:00,3.5000
08211200,27.937500,-97.775556,2005-07-03 14:30:00,2005-07-05 05:30:00,22.9366,2005-07-04 02:45:00,12.2500
08211200,27.937500,-97.775556,2006-09-18 17:15:00,2006-09-19 22:30:00,35.3961,2006-09-19 03:15:00,10.0000
08211200,27.937500,-97.775556,2007-06-27 01:30:00,2007-06-29 04:45:00,39.6436,2007-06-29 04:30:00,51.0000
08211200,27.937500,-97.775556,2007-08-26 05:00:00,2007-09-24 16:45:00,52.6693,2007-08-28 02:15:00,45.2500
08211200,27.937500,-97.775556,2007-10-23 02:15:00,2007-10-23 17:30:00,27.6656,2007-10-23 07:15:00,5.0000
08211200,27.937500,-97.775556,2009-10-01 07:45:00,2009-10-02 01:15:00,28.6000,2009-10-01 12:45:00,5.0000
08211200,27.937500,-97.775556,2009-11-21 04:30:00,2009-11-22 05:30:00,29.7327,2009-11-21 16:00:00,11.5000
08211200,27.937500,-97.775556,2010-01-16 01:15:00,2010-01-17 17:30:00,58.0495,2010-01-16 13:45:00,12.5000
08211200,27.937500,-97.775556,2010-02-04 10:15:00,2010-02-05 13:00:00,33.6970,2010-02-04 19:30:00,9.2500
08211200,27.937500,-97.775556,2010-04-17 13:30:00,2010-04-17 22:00:00,22.4553,2010-04-17 19:45:00,6.2500
08211200,27.937500,-97.775556,2010-06-02 21:30:00,2010-06-06 16:30:00,27.5523,2010-06-04 05:45:00,32.2500
08211200,27.937500,-97.775556,2010-07-01 21:15:00,2010-07-04 11:15:00,65.9783,2010-07-02 17:15:00,20.0000
08211200,27.937500,-97.775556,2010-07-09 19:45:00,2010-07-11 22:45:00,32.5644,2010-07-10 06:30:00,10.7500
08211200,27.937500,-97.775556,2010-07-13 07:30:00,2010-07-14 03:45:00,23.9561,2010-07-13 21:30:00,14.0000
08211200,27.937500,-97.775556,2010-09-09 08:00:00,2010-09-10 09:30:00,31.9980,2010-09-09 17:00:00,9.0000
08211200,27.937500,-97.775556,2013-10-25 14:15:00,2013-10-30 08:15:00,56.6337,2013-10-28 19:15:00,77.0000
08211200,27.937500,-97.775556,2013-11-02 21:00:00,2013-11-06 11:00:00,43.3248,2013-11-03 22:45:00,26.7500
08211200,27.937500,-97.775556,2014-06-04 17:15:00,2014-06-10 06:30:00,29.7327,2014-06-07 22:00:00,76.7500
08211200,27.937500,-97.775556,2014-06-26 23:45:00,2014-07-10 07:45:00,36.2456,2014-06-29 21:30:00,69.7500
08211200,27.937500,-97.775556,2015-03-22 10:45:00,2015-03-22 17:15:00,22.5968,2015-03-22 13:30:00,2.7500
08211200,27.937500,-97.775556,2015-04-19 19:15:00,2015-04-19 21:45:00,21.9739,2015-04-19 20:15:00,1.0000
08211200,27.937500,-97.775556,2015-11-08 05:15:00,2015-11-08 18:15:00,23.5313,2015-11-08 11:00:00,5.7500
08017200,33.132778,-96.076667,1991-10-28 19:00:00,1991-11-01 20:30:00,144.9823,1991-10-29 11:30:00,16.5000
08017200,33.132778,-96.076667,1991-11-17 07:00:00,1991-11-18 05:30:00,58.6159,1991-11-17 17:15:00,10.2500
08017200,33.132778,-96.076667,1991-12-01 07:30:00,1991-12-03 13:00:00,56.3505,1991-12-03 01:45:00,42.2500
08017200,33.132778,-96.076667,1991-12-09 10:00:00,1991-12-10 16:30:00,154.0436,1991-12-09 23:15:00,13.2500
08017200,33.132778,-96.076667,1991-12-12 03:15:00,1991-12-13 01:45:00,59.7485,1991-12-12 13:00:00,9.7500
08017200,33.132778,-96.076667,1991-12-20 07:15:00,1991-12-23 23:15:00,127.9921,1991-12-21 15:30:00,32.2500
08017200,33.132778,-96.076667,1992-01-18 21:15:00,1992-01-19 16:00:00,28.0620,1992-01-19 05:00:00,7.7500
08017200,33.132778,-96.076667,1992-01-22 16:45:00,1992-01-22 22:15:00,18.0378,1992-01-22 18:15:00,1.5000
08017200,33.132778,-96.076667,1992-01-27 11:00:00,1992-01-28 17:30:00,45.5901,1992-01-27 23:45:00,12.7500
08017200,33.132778,-96.076667,1992-02-23 08:45:00,1992-02-23 19:15:00,27.7505,1992-02-23 13:45:00,5.0000
08017200,33.132778,-96.076667,1992-02-25 14:15:00,1992-02-26 15:00:00,61.4476,1992-02-26 01:30:00,11.2500
08017200,33.132778,-96.076667,1992-03-04 15:45:00,1992-03-05 21:15:00,33.9802,1992-03-04 21:00:00,5.2500
08017200,33.132778,-96.076667,1992-03-09 14:00:00,1992-03-10 14:15:00,92.5961,1992-03-10 02:45:00,12.7500
08017200,33.132778,-96.076667,1992-03-18 07:45:00,1992-03-18 19:45:00,26.8161,1992-03-18 15:00:00,7.2500
08017200,33.132778,-96.076667,1992-04-12 22:15:00,1992-04-13 01:00:00,15.5459,1992-04-12 23:15:00,1.0000
08017200,33.132778,-96.076667,1992-05-12 06:30:00,1992-05-13 11:15:00,82.9684,1992-05-12 18:15:00,11.7500
08017200,33.132778,-96.076667,1992-05-17 16:45:00,1992-05-20 15:00:00,96.8436,1992-05-18 19:30:00,26.7500
08017200,33.132778,-96.076667,1992-05-24 07:45:00,1992-05-24 15:45:00,21.3226,1992-05-24 11:45:00,4.0000
08017200,33.132778,-96.076667,1992-06-08 11:45:00,1992-06-08 23:30:00,24.9188,1992-06-08 15:15:00,3.5000
08017200,33.132778,-96.076667,1992-06-11 12:00:00,1992-06-11 21:30:00,30.5822,1992-06-11 16:30:00,4.5000
08017200,33.132778,-96.076667,1992-06-29 03:15:00,1992-06-30 11:30:00,132.5228,1992-06-29 13:45:00,10.5000
08017200,33.132778,-96.076667,1992-07-31 11:00:00,1992-08-01 03:30:00,34.8297,1992-07-31 22:00:00,11.0000
08017200,33.132778,-96.076667,1992-12-15 04:15:00,1992-12-16 15:30:00,60.3149,1992-12-16 04:45:00,24.5000
08017200,33.132778,-96.076667,1993-02-04 07:15:00,1993-02-05 05:45:00,33.1307,1993-02-04 15:45:00,8.5000
08017200,33.132778,-96.076667,1993-02-15 18:15:00,1993-02-16 20:00:00,86.9327,1993-02-16 06:15:00,12.0000
08017200,33.132778,-96.076667,1993-02-25 11:00:00,1993-02-26 17:30:00,111.0020,1993-02-26 01:00:00,14.0000
08017200,33.132778,-96.076667,1993-03-01 21:30:00,1993-03-02 18:00:00,49.5545,1993-03-02 06:15:00,8.7500
08017200,33.132778,-96.076667,1993-03-16 21:00:00,1993-03-17 06:00:00,23.4180,1993-03-17 01:00:00,4.0000
08017200,33.132778,-96.076667,1993-03-20 07:15:00,1993-03-20 19:15:00,29.7327,1993-03-20 12:30:00,5.2500
08017200,33.132778,-96.076667,1993-04-14 14:15:00,1993-04-15 20:45:00,153.1941,1993-04-15 02:00:00,11.7500
08017200,33.132778,-96.076667,1993-04-20 07:15:00,1993-04-20 15:45:00,27.4390,1993-04-20 11:00:00,3.7500
08017200,33.132778,-96.076667,1993-04-29 08:30:00,1993-04-30 15:30:00,161.6892,1993-04-29 18:00:00,9.5000
08017200,33.132778,-96.076667,1993-10-19 08:30:00,1993-10-21 09:00:00,169.3347,1993-10-20 03:30:00,19.0000
08017200,33.132778,-96.076667,1993-11-16 19:15:00,1993-11-17 04:30:00,22.8800,1993-11-17 01:00:00,5.7500
08017200,33.132778,-96.076667,1993-12-03 05:00:00,1993-12-04 21:45:00,106.1882,1993-12-03 20:30:00,15.5000
08017200,33.132778,-96.076667,1993-12-13 15:30:00,1993-12-14 03:45:00,30.2990,1993-12-13 21:15:00,5.7500
08017200,33.132778,-96.076667,1994-02-22 10:45:00,1994-02-23 19:15:00,101.3743,1994-02-23 00:00:00,13.2500
08017200,33.132778,-96.076667,1994-03-01 14:15:00,1994-03-02 13:15:00,39.0772,1994-03-02 03:30:00,13.2500
08017200,33.132778,-96.076667,1994-03-09 03:15:00,1994-03-10 04:15:00,78.4377,1994-03-09 16:15:00,13.0000
08017200,33.132778,-96.076667,1994-04-30 10:45:00,1994-05-01 12:30:00,59.7485,1994-05-01 02:45:00,16.0000
08017200,33.132778,-96.076667,1994-05-03 03:15:00,1994-05-04 05:15:00,61.4476,1994-05-03 17:00:00,13.7500
08017200,33.132778,-96.076667,1994-05-12 07:45:00,1994-05-15 20:30:00,143.8496,1994-05-12 21:45:00,14.0000
08017200,33.132778,-96.076667,1994-05-30 00:15:00,1994-05-30 16:30:00,35.1129,1994-05-30 05:00:00,4.7500
08017200,33.132778,-96.076667,1994-07-15 06:15:00,1994-07-16 18:00:00,144.9823,1994-07-15 18:45:00,12.5000
08017200,33.132778,-96.076667,1994-10-20 22:15:00,1994-10-22 15:45:00,73.3406,1994-10-22 03:00:00,28.7500
08017200,33.132778,-96.076667,1994-10-25 18:00:00,1994-10-26 14:45:00,55.7842,1994-10-26 01:15:00,7.2500
08017200,33.132778,-96.076667,1994-11-04 04:30:00,1994-11-06 15:15:00,109.8694,1994-11-05 21:15:00,40.7500
08017200,33.132778,-96.076667,1994-11-09 21:30:00,1994-11-10 18:15:00,62.0139,1994-11-10 08:30:00,11.0000
08017200,33.132778,-96.076667,1994-11-15 01:45:00,1994-11-16 12:15:00,98.8258,1994-11-15 17:15:00,15.5000
08017200,33.132778,-96.076667,1994-12-08 20:45:00,1994-12-11 02:30:00,54.6515,1994-12-10 14:30:00,41.7500
08017200,33.132778,-96.076667,1994-12-16 12:15:00,1994-12-17 00:45:00,27.7505,1994-12-16 16:45:00,4.5000
08017200,33.132778,-96.076667,1995-01-13 08:00:00,1995-01-14 04:00:00,56.9169,1995-01-13 17:30:00,9.5000
08017200,33.132778,-96.076667,1995-01-19 00:00:00,1995-01-19 19:00:00,36.2456,1995-01-19 07:45:00,7.7500
08017200,33.132778,-96.076667,1995-01-27 03:00:00,1995-01-27 20:45:00,67.1109,1995-01-27 07:30:00,4.5000
08017200,33.132778,-96.076667,1995-03-07 15:30:00,1995-03-08 04:00:00,27.2691,1995-03-07 20:45:00,5.2500
08017200,33.132778,-96.076667,1995-03-13 18:45:00,1995-03-15 05:45:00,74.7565,1995-03-14 07:45:00,13.0000
08017200,33.132778,-96.076667,1995-03-26 11:00:00,1995-03-26 23:00:00,32.5644,1995-03-26 18:00:00,7.0000
08017200,33.132778,-96.076667,1995-04-04 13:00:00,1995-04-06 21:00:00,82.9684,1995-04-06 08:45:00,43.7500
08017200,33.132778,-96.076667,1995-04-20 00:45:00,1995-04-21 06:45:00,85.2337,1995-04-20 18:45:00,18.0000
08017200,33.132778,-96.076667,1995-05-25 19:45:00,1995-05-26 18:30:00,63.9961,1995-05-26 12:15:00,16.5000
08017200,33.132778,-96.076667,1995-05-31 08:45:00,1995-06-01 10:45:00,88.6317,1995-05-31 17:30:00,8.7500
08017200,33.132778,-96.076667,1995-06-11 11:00:00,1995-06-12 08:00:00,92.5961,1995-06-11 20:15:00,9.2500
08017200,33.132778,-96.076667,1996-05-11 09:45:00,1996-05-11 13:00:00,16.5937,1996-05-11 11:15:00,1.5000
08017200,33.132778,-96.076667,1996-09-20 03:00:00,1996-09-20 09:15:00,19.2271,1996-09-20 05:00:00,2.0000
08017200,33.132778,-96.076667,1996-10-28 08:45:00,1996-10-29 15:15:00,74.7565,1996-10-29 02:45:00,18.0000
08017200,33.132778,-96.076667,1996-11-01 21:15:00,1996-11-02 13:45:00,51.5367,1996-11-02 05:15:00,8.0000
08017200,33.132778,-96.076667,1996-11-07 10:30:00,1996-11-08 16:00:00,104.2060,1996-11-07 23:15:00,12.7500
08017200,33.132778,-96.076667,1996-11-17 12:00:00,1996-11-18 03:45:00,36.2456,1996-11-17 20:00:00,8.0000
08017200,33.132778,-96.076667,1996-11-24 14:15:00,1996-11-26 07:45:00,107.0377,1996-11-25 03:45:00,13.5000
08017200,33.132778,-96.076667,1996-11-29 17:30:00,1996-12-01 15:30:00,85.2337,1996-11-30 05:45:00,12.2500
08017200,33.132778,-96.076667,1996-12-15 20:30:00,1996-12-16 04:30:00,21.7473,1996-12-16 00:00:00,3.5000
08017200,33.132778,-96.076667,1997-02-07 20:15:00,1997-02-08 06:45:00,22.9933,1997-02-08 01:15:00,5.0000
08017200,33.132778,-96.076667,1997-02-12 19:15:00,1997-02-14 12:00:00,150.9288,1997-02-13 16:30:00,21.2500
08017200,33.132778,-96.076667,1997-02-20 00:00:00,1997-02-22 03:00:00,130.8238,1997-02-20 15:30:00,15.5000
08017200,33.132778,-96.076667,1997-03-02 00:15:00,1997-03-03 19:45:00,35.6792,1997-03-03 10:15:00,34.0000
08017200,33.132778,-96.076667,1997-03-12 22:45:00,1997-03-14 01:00:00,52.9525,1997-03-13 10:15:00,11.5000
08017200,33.132778,-96.076667,1997-04-04 15:45:00,1997-04-06 08:45:00,126.2931,1997-04-05 13:30:00,21.7500
08017200,33.132778,-96.076667,1997-04-26 01:30:00,1997-04-27 18:15:00,68.5268,1997-04-26 14:15:00,12.7500
08017200,33.132778,-96.076667,1997-06-10 07:45:00,1997-06-11 00:30:00,62.0139,1997-06-10 17:30:00,9.7500
08017200,33.132778,-96.076667,1997-06-14 04:45:00,1997-06-15 04:45:00,161.6892,1997-06-14 16:00:00,11.2500
08017200,33.132778,-96.076667,1997-06-29 12:15:00,1997-06-30 03:00:00,32.8475,1997-06-29 21:15:00,9.0000
08017200,33.132778,-96.076667,1997-12-08 08:30:00,1997-12-08 20:30:00,32.5644,1997-12-08 14:00:00,5.5000
08017200,33.132778,-96.076667,1997-12-20 19:30:00,1997-12-22 16:30:00,220.8714,1997-12-21 17:15:00,21.7500
08017200,33.132778,-96.076667,1997-12-24 01:15:00,1997-12-25 03:45:00,95.1446,1997-12-24 15:15:00,14.0000
08017200,33.132778,-96.076667,1998-01-06 13:00:00,1998-01-09 09:45:00,136.2040,1998-01-08 00:45:00,35.7500
08017200,33.132778,-96.076667,1998-01-11 23:45:00,1998-01-13 01:45:00,202.7486,1998-01-12 12:45:00,13.0000
08017200,33.132778,-96.076667,1998-01-26 12:30:00,1998-01-27 08:15:00,55.2179,1998-01-26 21:45:00,9.2500
08017200,33.132778,-96.076667,1998-02-10 21:30:00,1998-02-11 07:30:00,17.7830,1998-02-11 01:00:00,3.5000
08017200,33.132778,-96.076667,1998-02-26 08:15:00,1998-02-27 10:45:00,63.9961,1998-02-26 21:00:00,12.7500
08017200,33.132778,-96.076667,1998-03-15 15:45:00,1998-03-17 18:45:00,37.0951,1998-03-17 03:30:00,35.7500
08017200,33.132778,-96.076667,1998-10-03 06:30:00,1998-10-04 13:45:00,109.8694,1998-10-03 21:45:00,15.2500
08017200,33.132778,-96.076667,1998-10-06 13:30:00,1998-10-07 03:45:00,26.9860,1998-10-06 21:00:00,7.5000
08017200,33.132778,-96.076667,1998-11-02 00:00:00,1998-11-02 09:45:00,19.8501,1998-11-02 05:15:00,5.2500
08017200,33.132778,-96.076667,1998-11-13 10:30:00,1998-11-14 13:15:00,59.1822,1998-11-13 22:30:00,12.0000
08017200,33.132778,-96.076667,1998-12-04 08:30:00,1998-12-05 16:15:00,334.1388,1998-12-04 16:00:00,7.5000
08017200,33.132778,-96.076667,1998-12-08 10:45:00,1998-12-08 14:30:00,15.7442,1998-12-08 12:30:00,1.7500
08017200,33.132778,-96.076667,1998-12-10 22:30:00,1998-12-13 10:15:00,43.0416,1998-12-12 23:30:00,49.0000
08017200,33.132778,-96.076667,1998-12-19 03:45:00,1998-12-20 01:15:00,39.3604,1998-12-19 14:15:00,10.5000
08017200,33.132778,-96.076667,1999-01-28 20:30:00,1999-01-30 19:45:00,43.3248,1999-01-30 00:45:00,28.2500
08017200,33.132778,-96.076667,1999-05-18 00:15:00,1999-05-18 14:30:00,21.6907,1999-05-18 02:30:00,2.2500
08017200,33.132778,-96.076667,1999-05-30 17:15:00,1999-06-01 07:30:00,77.8713,1999-05-31 06:45:00,13.5000
08017200,33.132778,-96.076667,1999-12-12 17:30:00,1999-12-13 04:00:00,22.3420,1999-12-12 23:15:00,5.7500
08017200,33.132778,-96.076667,2000-03-03 07:15:00,2000-03-04 03:00:00,84.6674,2000-03-03 17:00:00,9.7500
08017200,33.132778,-96.076667,2000-03-11 03:00:00,2000-03-11 14:15:00,32.8475,2000-03-11 07:30:00,4.5000
08017200,33.132778,-96.076667,2000-06-04 12:30:00,2000-06-05 17:45:00,187.1744,2000-06-04 23:30:00,11.0000
08017200,33.132778,-96.076667,2000-06-17 09:30:00,2000-06-18 18:15:00,76.4555,2000-06-18 05:15:00,19.7500
08017200,33.132778,-96.076667,2000-06-22 02:30:00,2000-06-23 02:00:00,91.7466,2000-06-22 16:00:00,13.5000
08017200,33.132778,-96.076667,2000-11-06 05:30:00,2000-11-07 10:30:00,116.9486,2000-11-06 20:30:00,15.0000
08017200,33.132778,-96.076667,2000-11-13 03:00:00,2000-11-13 15:45:00,33.4139,2000-11-13 09:00:00,6.0000
08017200,33.132778,-96.076667,2000-11-23 22:45:00,2000-11-25 14:15:00,118.0813,2000-11-24 13:45:00,15.0000
08017200,33.132778,-96.076667,2000-12-26 07:15:00,2000-12-28 20:45:00,176.4140,2000-12-27 01:30:00,18.2500
08017200,33.132778,-96.076667,2001-01-17 13:30:00,2001-01-19 08:45:00,40.4931,2001-01-18 02:15:00,12.7500
08017200,33.132778,-96.076667,2001-01-29 13:30:00,2001-01-30 12:30:00,80.1367,2001-01-30 00:15:00,10.7500
08017200,33.132778,-96.076667,2001-02-15 22:30:00,2001-02-17 21:00:00,250.3209,2001-02-16 18:15:00,19.7500
08017200,33.132778,-96.076667,2001-02-25 03:00:00,2001-02-25 07:15:00,17.2733,2001-02-25 04:45:00,1.7500
08017200,33.132778,-96.076667,2001-02-27 20:00:00,2001-03-02 13:15:00,107.8872,2001-02-28 10:30:00,14.5000
08017200,33.132778,-96.076667,2001-03-04 03:30:00,2001-03-04 19:30:00,37.3782,2001-03-04 09:45:00,6.2500
08017200,33.132778,-96.076667,2001-03-09 08:30:00,2001-03-10 01:00:00,34.8297,2001-03-09 15:00:00,6.5000
08017200,33.132778,-96.076667,2001-03-12 01:45:00,2001-03-13 08:15:00,99.6753,2001-03-12 18:30:00,16.7500
08017200,33.132778,-96.076667,2001-03-24 17:30:00,2001-03-25 22:00:00,120.3466,2001-03-25 06:15:00,12.7500
08017200,33.132778,-96.076667,2001-04-14 10:30:00,2001-04-15 19:00:00,215.2080,2001-04-14 21:30:00,11.0000
08017200,33.132778,-96.076667,2001-05-06 16:45:00,2001-05-07 05:15:00,28.2036,2001-05-06 22:45:00,6.0000
08017200,33.132778,-96.076667,2001-09-21 02:45:00,2001-09-21 08:30:00,18.5759,2001-09-21 05:45:00,3.0000
08017200,33.132778,-96.076667,2001-10-13 13:00:00,2001-10-13 23:15:00,23.8145,2001-10-13 18:15:00,5.2500
08017200,33.132778,-96.076667,2001-12-16 07:15:00,2001-12-18 05:30:00,248.6219,2001-12-16 21:00:00,13.7500
08017200,33.132778,-96.076667,2002-01-31 15:45:00,2002-02-01 20:30:00,96.8436,2002-02-01 02:45:00,11.0000
08017200,33.132778,-96.076667,2002-02-07 03:45:00,2002-02-07 13:00:00,16.3955,2002-02-07 07:15:00,3.5000
08017200,33.132778,-96.076667,2002-03-19 23:15:00,2002-03-21 11:45:00,153.1941,2002-03-20 18:00:00,18.7500
08017200,33.132778,-96.076667,2002-03-30 23:30:00,2002-04-01 05:45:00,75.6060,2002-03-31 18:45:00,19.2500
08017200,33.132778,-96.076667,2002-04-08 05:15:00,2002-04-09 09:15:00,106.1882,2002-04-08 17:30:00,12.2500
08017200,33.132778,-96.076667,2002-04-17 03:00:00,2002-04-18 16:30:00,200.2001,2002-04-17 20:15:00,17.2500
08017200,33.132778,-96.076667,2002-05-17 15:15:00,2002-05-18 10:00:00,64.5624,2002-05-18 01:45:00,10.5000
08017200,33.132778,-96.076667,2002-10-19 04:00:00,2002-10-20 17:00:00,302.9903,2002-10-19 17:00:00,13.0000
08017200,33.132778,-96.076667,2002-12-10 08:15:00,2002-12-10 20:15:00,22.1438,2002-12-10 15:45:00,7.5000
08017200,33.132778,-96.076667,2002-12-31 04:15:00,2003-01-01 02:00:00,139.0357,2002-12-31 15:00:00,10.7500
08017200,33.132778,-96.076667,2003-02-21 22:45:00,2003-02-23 00:30:00,123.4615,2003-02-22 08:15:00,9.5000
08017200,33.132778,-96.076667,2003-02-28 03:15:00,2003-02-28 13:30:00,18.6325,2003-02-28 08:00:00,4.7500
08017200,33.132778,-96.076667,2003-03-13 17:30:00,2003-03-14 04:45:00,33.4139,2003-03-13 22:45:00,5.2500
08017200,33.132778,-96.076667,2003-06-15 07:15:00,2003-06-15 20:00:00,39.6436,2003-06-15 13:00:00,5.7500
08017200,33.132778,-96.076667,2004-02-05 19:45:00,2004-02-05 22:30:00,15.3477,2004-02-05 21:00:00,1.2500
08017200,33.132778,-96.076667,2004-03-05 09:15:00,2004-03-05 18:00:00,22.9366,2004-03-05 13:00:00,3.7500
08017200,33.132778,-96.076667,2004-06-28 19:30:00,2004-06-30 16:15:00,57.4832,2004-06-30 09:00:00,37.5000
08017200,33.132778,-96.076667,2004-11-23 03:45:00,2004-11-25 04:45:00,60.8812,2004-11-24 20:15:00,40.5000
08017200,33.132778,-96.076667,2004-12-07 10:15:00,2004-12-07 19:30:00,22.3986,2004-12-07 14:15:00,4.0000
08017200,33.132778,-96.076667,2005-01-03 02:45:00,2005-01-04 20:45:00,62.8634,2005-01-03 16:30:00,13.7500
08017200,33.132778,-96.076667,2005-01-13 04:30:00,2005-01-13 15:30:00,17.7830,2005-01-13 12:45:00,8.2500
08017200,33.132778,-96.076667,2005-01-31 10:00:00,2005-02-01 01:45:00,28.6000,2005-01-31 16:30:00,6.5000
08017200,33.132778,-96.076667,2006-03-19 22:15:00,2006-03-21 06:00:00,143.8496,2006-03-20 12:30:00,14.2500
08017200,33.132778,-96.076667,2006-11-06 13:30:00,2006-11-06 20:15:00,20.8412,2006-11-06 16:45:00,3.2500
08017200,33.132778,-96.076667,2006-12-30 04:15:00,2006-12-31 07:30:00,114.9664,2006-12-30 19:15:00,15.0000
08017200,33.132778,-96.076667,2007-01-13 22:45:00,2007-01-15 19:30:00,88.6317,2007-01-14 08:15:00,9.5000
08017200,33.132778,-96.076667,2007-03-31 10:30:00,2007-04-01 04:30:00,78.4377,2007-03-31 17:45:00,7.2500
08017200,33.132778,-96.076667,2007-05-27 16:45:00,2007-05-29 12:15:00,158.2912,2007-05-28 11:45:00,19.0000
08017200,33.132778,-96.076667,2007-05-30 16:15:00,2007-06-01 06:30:00,159.4238,2007-05-31 10:30:00,18.2500
08017200,33.132778,-96.076667,2007-06-02 23:30:00,2007-06-03 01:30:00,15.2345,2007-06-03 00:15:00,0.7500
08017200,33.132778,-96.076667,2007-06-10 01:45:00,2007-06-10 04:45:00,16.3671,2007-06-10 03:15:00,1.5000
08017200,33.132778,-96.076667,2007-06-18 20:00:00,2007-06-19 20:30:00,97.6931,2007-06-19 07:00:00,11.0000
08017200,33.132778,-96.076667,2007-06-21 02:15:00,2007-06-21 23:00:00,101.3743,2007-06-21 11:15:00,9.0000
08017200,33.132778,-96.076667,2007-06-28 05:00:00,2007-07-01 00:45:00,136.2040,2007-06-28 08:15:00,3.2500
08017200,33.132778,-96.076667,2007-07-04 05:00:00,2007-07-05 04:45:00,167.0694,2007-07-04 11:00:00,6.0000
08017200,33.132778,-96.076667,2007-10-15 22:00:00,2007-10-16 07:30:00,21.0677,2007-10-16 03:45:00,5.7500
08017200,33.132778,-96.076667,2007-12-15 16:15:00,2007-12-16 02:30:00,20.9828,2007-12-15 21:30:00,5.2500
08017200,33.132778,-96.076667,2008-02-17 03:00:00,2008-02-17 23:15:00,25.8250,2008-02-17 13:15:00,10.2500
08017200,33.132778,-96.076667,2008-03-03 18:45:00,2008-03-04 15:00:00,27.1842,2008-03-04 05:00:00,10.2500
08017200,33.132778,-96.076667,2008-03-06 23:15:00,2008-03-08 02:45:00,34.8297,2008-03-07 12:30:00,13.2500
08017200,33.132778,-96.076667,2008-03-10 13:45:00,2008-03-11 07:45:00,25.0887,2008-03-10 21:15:00,7.5000
08017200,33.132778,-96.076667,2008-03-18 20:15:00,2008-03-20 13:15:00,529.5250,2008-03-19 09:30:00,13.2500
08017200,33.132778,-96.076667,2008-04-04 17:45:00,2008-04-05 03:00:00,21.2943,2008-04-04 22:15:00,4.5000
08017200,33.132778,-96.076667,2008-04-09 09:45:00,2008-04-11 12:15:00,25.3436,2008-04-09 14:15:00,4.5000
08017200,33.132778,-96.076667,2009-03-12 10:45:00,2009-03-13 01:30:00,26.0798,2009-03-12 18:00:00,7.2500
08017200,33.132778,-96.076667,2009-04-30 01:45:00,2009-05-01 18:15:00,152.3446,2009-04-30 20:00:00,18.2500
08017200,33.132778,-96.076667,2009-05-03 02:15:00,2009-05-04 12:45:00,155.4595,2009-05-03 17:30:00,15.2500
08017200,33.132778,-96.076667,2009-05-06 15:15:00,2009-05-07 22:30:00,107.6040,2009-05-07 03:45:00,12.5000
08017200,33.132778,-96.076667,2009-05-12 06:45:00,2009-05-12 09:00:00,15.2911,2009-05-12 08:00:00,1.2500
08017200,33.132778,-96.076667,2009-05-14 14:00:00,2009-05-15 13:15:00,62.2971,2009-05-14 23:45:00,9.7500
08017200,33.132778,-96.076667,2009-05-16 23:15:00,2009-05-17 03:00:00,15.8858,2009-05-17 01:15:00,2.0000
08017200,33.132778,-96.076667,2009-10-04 17:45:00,2009-10-05 09:15:00,23.8145,2009-10-05 01:30:00,7.7500
08017200,33.132778,-96.076667,2009-10-07 08:30:00,2009-10-08 06:15:00,27.3258,2009-10-07 20:00:00,11.5000
08017200,33.132778,-96.076667,2009-10-09 12:00:00,2009-10-10 19:00:00,39.9268,2009-10-10 03:15:00,15.2500
08017200,33.132778,-96.076667,2009-10-13 16:15:00,2009-10-14 16:00:00,25.9099,2009-10-14 02:30:00,10.2500
08017200,33.132778,-96.076667,2009-10-22 11:45:00,2009-10-23 10:30:00,25.0038,2009-10-22 23:15:00,11.5000
08017200,33.132778,-96.076667,2009-10-26 07:45:00,2009-10-28 06:45:00,49.8377,2009-10-27 00:45:00,17.0000
08017200,33.132778,-96.076667,2009-10-30 02:45:00,2009-10-30 15:15:00,22.3703,2009-10-30 07:00:00,4.2500
08017200,33.132778,-96.076667,2009-11-20 13:45:00,2009-11-21 18:45:00,35.6792,2009-11-20 23:00:00,9.2500
08017200,33.132778,-96.076667,2009-12-02 17:15:00,2009-12-03 12:00:00,23.0499,2009-12-02 23:45:00,6.5000
08017200,33.132778,-96.076667,2010-01-29 06:15:00,2010-01-30 19:15:00,52.1030,2010-01-29 19:15:00,13.0000
08017200,33.132778,-96.076667,2010-02-04 22:45:00,2010-02-05 18:30:00,23.9561,2010-02-05 07:00:00,8.2500
08017200,33.132778,-96.076667,2010-02-08 17:00:00,2010-02-09 23:00:00,43.6079,2010-02-09 05:30:00,12.5000
08017200,33.132778,-96.076667,2010-02-14 05:15:00,2010-02-14 15:30:00,17.9529,2010-02-14 09:15:00,4.0000
08017200,33.132778,-96.076667,2010-03-09 09:00:00,2010-03-09 17:30:00,18.4626,2010-03-09 11:45:00,2.7500
08017200,33.132778,-96.076667,2010-03-25 08:45:00,2010-03-26 02:15:00,23.9561,2010-03-25 17:45:00,9.0000
08017200,33.132778,-96.076667,2010-11-03 14:30:00,2010-11-03 18:00:00,15.4327,2010-11-03 16:00:00,1.5000
08017200,33.132778,-96.076667,2011-05-03 00:00:00,2011-05-03 16:30:00,26.0798,2011-05-03 07:30:00,7.5000
08017200,33.132778,-96.076667,2011-05-12 03:30:00,2011-05-12 23:30:00,24.9471,2011-05-12 13:15:00,9.7500
08017200,33.132778,-96.076667,2012-01-10 21:45:00,2012-01-11 03:45:00,16.9618,2012-01-11 01:00:00,3.2500
08017200,33.132778,-96.076667,2012-01-25 15:30:00,2012-01-27 01:00:00,28.8832,2012-01-26 05:30:00,14.0000
08017200,33.132778,-96.076667,2012-04-04 03:45:00,2012-04-04 15:15:00,22.1438,2012-04-04 07:45:00,4.0000
08017200,33.132778,-96.076667,2013-12-22 02:30:00,2013-12-22 15:00:00,22.8800,2013-12-22 10:00:00,7.5000
08017200,33.132778,-96.076667,2014-04-04 12:15:00,2014-04-04 21:15:00,24.1543,2014-04-04 15:30:00,3.2500
08017200,33.132778,-96.076667,2014-05-08 19:45:00,2014-05-10 09:45:00,225.1189,2014-05-09 14:00:00,18.2500
08017200,33.132778,-96.076667,2014-05-13 06:45:00,2014-05-13 18:00:00,23.7012,2014-05-13 11:45:00,5.0000
08017200,33.132778,-96.076667,2014-06-09 21:00:00,2014-06-10 01:00:00,16.5370,2014-06-09 22:45:00,1.7500
08017200,33.132778,-96.076667,2015-02-23 07:30:00,2015-02-23 23:00:00,56.9169,2015-02-23 13:45:00,6.2500
08017200,33.132778,-96.076667,2015-02-25 20:00:00,2015-02-26 14:45:00,31.4317,2015-02-26 04:45:00,8.7500
08017200,33.132778,-96.076667,2015-03-04 22:30:00,2015-03-06 17:30:00,80.1367,2015-03-05 10:15:00,11.7500
08017200,33.132778,-96.076667,2015-03-10 01:00:00,2015-03-11 02:15:00,85.8000,2015-03-10 12:30:00,11.5000
08017200,33.132778,-96.076667,2015-03-13 22:45:00,2015-03-14 23:45:00,94.8614,2015-03-14 09:00:00,10.2500
08017200,33.132778,-96.076667,2015-03-20 17:45:00,2015-03-21 18:15:00,78.7208,2015-03-21 01:15:00,7.5000
08017200,33.132778,-96.076667,2015-04-23 12:00:00,2015-04-26 03:30:00,72.2080,2015-04-24 02:30:00,14.5000
08017200,33.132778,-96.076667,2015-05-08 17:15:00,2015-05-09 00:00:00,17.5281,2015-05-08 20:15:00,3.0000
08017200,33.132778,-96.076667,2015-05-10 22:00:00,2015-05-11 19:15:00,34.5466,2015-05-11 06:00:00,8.0000
08017200,33.132778,-96.076667,2015-05-17 12:00:00,2015-05-18 22:00:00,74.1901,2015-05-18 02:15:00,14.2500
08017200,33.132778,-96.076667,2015-05-20 22:15:00,2015-05-21 09:30:00,20.6147,2015-05-21 02:30:00,4.2500
08017200,33.132778,-96.076667,2015-05-24 17:30:00,2015-05-27 04:45:00,41.9089,2015-05-26 14:30:00,45.0000
08017200,33.132778,-96.076667,2015-05-30 20:15:00,2015-05-31 14:30:00,22.8800,2015-05-31 02:30:00,6.2500
08017200,33.132778,-96.076667,2015-06-17 22:45:00,2015-06-18 22:00:00,29.7327,2015-06-18 08:30:00,9.7500
08017200,33.132778,-96.076667,2015-06-21 18:30:00,2015-06-23 03:45:00,135.9209,2015-06-22 09:00:00,14.5000
08017200,33.132778,-96.076667,2015-10-23 18:45:00,2015-10-25 10:30:00,88.0654,2015-10-24 04:00:00,9.2500
08017200,33.132778,-96.076667,2015-10-31 10:00:00,2015-11-01 06:15:00,45.0238,2015-10-31 20:30:00,10.5000
08017200,33.132778,-96.076667,2015-11-06 10:00:00,2015-11-06 19:00:00,18.8307,2015-11-06 15:45:00,5.7500
08017200,33.132778,-96.076667,2015-11-17 14:45:00,2015-11-18 19:15:00,104.7723,2015-11-18 03:45:00,13.0000
08017200,33.132778,-96.076667,2015-11-27 07:45:00,2015-12-01 00:45:00,300.1586,2015-11-28 03:15:00,19.5000
08017200,33.132778,-96.076667,2015-12-13 10:30:00,2015-12-14 18:15:00,81.2693,2015-12-14 02:45:00,16.2500
08017200,33.132778,-96.076667,2015-12-27 14:30:00,2015-12-29 15:30:00,162.2555,2015-12-28 10:45:00,20.2500
08017200,33.132778,-96.076667,2016-02-24 00:45:00,2016-02-24 10:00:00,18.1794,2016-02-24 05:45:00,5.0000
08017200,33.132778,-96.076667,2016-03-08 23:00:00,2016-03-11 04:15:00,53.8020,2016-03-10 01:30:00,26.5000
08017200,33.132778,-96.076667,2016-04-18 03:15:00,2016-04-21 13:45:00,74.7565,2016-04-20 23:00:00,67.7500
08017200,33.132778,-96.076667,2016-04-27 09:45:00,2016-04-28 08:00:00,48.9881,2016-04-27 20:45:00,11.0000
08017200,33.132778,-96.076667,2016-04-30 06:15:00,2016-04-30 19:15:00,19.7652,2016-04-30 12:45:00,6.5000
08017200,33.132778,-96.076667,2016-05-30 22:00:00,2016-06-02 04:45:00,38.5109,2016-06-01 16:30:00,42.5000
08045850,32.740278,-97.651667,1990-04-26 12:45:00,1990-04-29 12:00:00,107.8872,1990-04-27 08:15:00,19.5000
08045850,32.740278,-97.651667,1990-05-02 08:15:00,1990-05-03 04:45:00,60.8812,1990-05-03 04:45:00,20.5000
08045850,32.740278,-97.651667,1991-10-27 01:00:00,1991-10-29 07:45:00,65.6951,1991-10-27 08:30:00,8.5000
08045850,32.740278,-97.651667,1991-11-01 00:30:00,1991-11-01 05:45:00,30.0159,1991-11-01 02:00:00,1.5000
08045850,32.740278,-97.651667,1991-12-20 11:45:00,1991-12-23 19:45:00,96.5604,1991-12-21 10:30:00,22.7500
08045850,32.740278,-97.651667,1997-02-20 15:30:00,1997-02-22 01:00:00,52.1030,1997-02-21 03:30:00,12.0000
08045850,32.740278,-97.651667,2004-06-07 04:45:00,2004-06-11 10:00:00,112.7010,2004-06-10 10:15:00,77.5000
08045850,32.740278,-97.651667,2012-01-25 06:00:00,2012-01-25 11:15:00,30.0159,2012-01-25 06:15:00,0.2500
08045850,32.740278,-97.651667,2015-05-30 11:15:00,2015-05-30 13:30:00,35.3961,2015-05-30 12:15:00,1.0000
08045850,32.740278,-97.651667,2015-06-18 03:15:00,2015-06-19 01:15:00,64.5624,2015-06-18 14:15:00,11.0000
08045850,32.740278,-97.651667,2015-06-21 22:45:00,2015-06-21 23:15:00,31.1485,2015-06-21 23:00:00,0.2500
08045850,32.740278,-97.651667,2015-11-27 06:30:00,2015-11-27 07:45:00,44.7406,2015-11-27 07:00:00,0.5000
08045850,32.740278,-97.651667,2015-11-28 20:00:00,2015-11-30 09:15:00,37.3782,2015-11-29 00:45:00,4.7500
08045850,32.740278,-97.651667,2016-03-08 15:45:00,2016-03-09 11:45:00,45.3070,2016-03-08 22:30:00,6.7500
08045850,32.740278,-97.651667,2016-04-20 15:30:00,2016-04-21 02:00:00,35.3961,2016-04-20 21:15:00,5.7500
08047050,32.695000,-97.446944,1999-05-30 10:00:00,1999-05-30 11:15:00,297.3269,1999-05-30 10:45:00,0.7500
08047050,32.695000,-97.446944,2000-06-04 05:15:00,2000-06-04 08:15:00,574.8320,2000-06-04 06:00:00,0.7500
08047050,32.695000,-97.446944,2001-02-16 10:00:00,2001-02-16 11:45:00,336.9705,2001-02-16 10:30:00,0.5000
08047050,32.695000,-97.446944,2004-06-07 05:45:00,2004-06-07 08:15:00,676.7726,2004-06-07 06:45:00,1.0000
08047050,32.695000,-97.446944,2004-06-09 08:45:00,2004-06-09 12:00:00,484.2181,2004-06-09 10:00:00,1.2500
08047050,32.695000,-97.446944,2007-03-31 02:15:00,2007-03-31 04:30:00,600.3171,2007-03-31 03:30:00,1.2500
08070000,30.336389,-95.103889,1991-01-16 08:00:00,1991-01-22 23:00:00,93.4456,1991-01-21 13:00:00,125.0000
08070000,30.336389,-95.103889,1991-02-05 16:00:00,1991-02-08 06:00:00,54.9347,1991-02-07 08:00:00,40.0000
08070000,30.336389,-95.103889,1991-02-22 16:00:00,1991-02-24 02:00:00,53.8020,1991-02-23 05:00:00,13.0000
08070000,30.336389,-95.103889,1991-03-03 00:00:00,1991-03-04 00:17:00,53.5188,1991-03-03 09:00:00,9.0000
08070000,30.336389,-95.103889,1991-04-05 11:00:00,1991-04-06 10:00:00,59.7485,1991-04-05 17:00:00,6.0000
08070000,30.336389,-95.103889,1991-04-15 06:00:00,1991-04-19 00:29:00,90.0476,1991-04-17 06:00:00,48.0000
08070000,30.336389,-95.103889,1991-12-23 04:00:00,1991-12-26 10:00:00,112.4179,1991-12-24 19:00:00,39.0000
08070000,30.336389,-95.103889,1992-01-14 22:00:00,1992-01-15 23:00:00,53.5188,1992-01-15 10:00:00,12.0000
08070000,30.336389,-95.103889,1992-01-19 10:00:00,1992-01-22 22:00:00,93.1624,1992-01-21 06:00:00,44.0000
08070000,30.336389,-95.103889,1992-02-05 06:59:00,1992-02-09 11:36:00,187.7407,1992-02-07 03:00:00,44.0167
08070000,30.336389,-95.103889,1992-02-25 07:00:00,1992-02-29 08:00:00,109.3030,1992-02-27 16:00:00,57.0000
08070000,30.336389,-95.103889,1992-03-05 02:00:00,1992-03-08 23:26:00,172.7328,1992-03-06 22:00:00,44.0000
08070000,30.336389,-95.103889,1992-04-21 02:00:00,1992-04-24 05:00:00,87.2159,1992-04-22 21:00:00,43.0000
08070000,30.336389,-95.103889,1992-12-18 19:00:00,1992-12-19 12:00:00,55.5010,1992-12-19 05:00:00,10.0000
08070000,30.336389,-95.103889,1993-01-20 20:00:00,1993-01-24 15:00:00,145.8318,1993-01-22 21:00:00,49.0000
08070000,30.336389,-95.103889,1993-03-26 07:00:00,1993-03-26 17:55:00,52.9525,1993-03-26 11:00:00,4.0000
08070000,30.336389,-95.103889,1993-04-09 16:00:00,1993-04-11 21:30:00,82.4020,1993-04-10 23:00:00,31.0000
08070000,30.336389,-95.103889,1993-05-06 02:00:00,1993-05-08 06:00:00,72.2080,1993-05-06 11:00:00,9.0000
08070000,30.336389,-95.103889,1993-06-22 01:00:00,1993-06-25 20:00:00,114.9664,1993-06-24 05:00:00,52.0000
08070000,30.336389,-95.103889,1993-06-28 03:00:00,1993-06-30 07:24:00,79.0040,1993-06-29 02:00:00,23.0000
08070000,30.336389,-95.103889,1994-02-23 12:00:00,1994-02-26 14:51:00,76.7387,1994-02-25 08:00:00,44.0000
08070000,30.336389,-95.103889,1994-10-17 08:00:00,1994-10-23 04:00:00,1783.9613,1994-10-18 08:00:00,24.0000
08070000,30.336389,-95.103889,1994-12-18 12:00:00,1994-12-20 21:00:00,153.1941,1994-12-19 04:00:00,16.0000
08070000,30.336389,-95.103889,1995-01-19 07:00:00,1995-01-22 19:00:00,259.3823,1995-01-20 06:00:00,23.0000
08070000,30.336389,-95.103889,1995-01-27 06:00:00,1995-01-31 07:00:00,351.1289,1995-01-28 09:00:00,27.0000
08070000,30.336389,-95.103889,1995-03-15 03:00:00,1995-03-17 21:00:00,118.0813,1995-03-16 06:00:00,27.0000
08070000,30.336389,-95.103889,1995-04-06 10:00:00,1995-04-09 15:00:00,60.3149,1995-04-08 18:00:00,56.0000
08070000,30.336389,-95.103889,1995-04-12 09:00:00,1995-04-13 20:00:00,85.5169,1995-04-13 03:00:00,18.0000
08070000,30.336389,-95.103889,1995-06-01 14:00:00,1995-06-02 11:00:00,60.5981,1995-06-01 21:00:00,7.0000
08070000,30.336389,-95.103889,1995-12-19 00:00:00,1995-12-21 05:00:00,123.4615,1995-12-20 03:00:00,27.0000
08070000,30.336389,-95.103889,1997-02-13 12:15:00,1997-02-17 04:00:00,92.3129,1997-02-16 07:15:00,67.0000
08070000,30.336389,-95.103889,1997-02-22 22:15:00,1997-02-24 18:45:00,60.8812,1997-02-24 03:30:00,29.2500
08070000,30.336389,-95.103889,1997-03-13 06:30:00,1997-03-16 19:15:00,80.7030,1997-03-15 02:30:00,44.0000
08070000,30.336389,-95.103889,1997-11-30 19:45:00,1997-12-01 17:00:00,54.6515,1997-12-01 07:00:00,11.2500
08070000,30.336389,-95.103889,1997-12-21 09:45:00,1997-12-22 11:15:00,65.9783,1997-12-21 17:15:00,7.5000
08070000,30.336389,-95.103889,1997-12-24 07:30:00,1997-12-25 01:00:00,52.9525,1997-12-24 14:30:00,7.0000
08070000,30.336389,-95.103889,1998-01-07 04:45:00,1998-01-07 05:45:00,54.9347,1998-01-07 05:45:00,1.0000
08070000,30.336389,-95.103889,1998-01-24 03:15:00,1998-01-26 02:45:00,77.3050,1998-01-25 06:15:00,27.0000
08070000,30.336389,-95.103889,1998-02-23 22:30:00,1998-03-02 11:30:00,146.6813,1998-02-28 13:00:00,110.5000
08070000,30.336389,-95.103889,1998-03-18 02:15:00,1998-03-20 02:15:00,69.9426,1998-03-18 20:00:00,17.7500
08070000,30.336389,-95.103889,1998-10-18 13:45:00,1998-10-24 01:30:00,288.8318,1998-10-20 13:30:00,47.7500
08070000,30.336389,-95.103889,1998-11-13 00:45:00,1998-11-19 06:15:00,841.0103,1998-11-14 07:15:00,30.5000
08070000,30.336389,-95.103889,1998-12-12 04:00:00,1998-12-15 23:45:00,114.4001,1998-12-13 22:45:00,42.7500
08070000,30.336389,-95.103889,1999-04-04 16:00:00,1999-04-08 01:45:00,150.6456,1999-04-05 23:45:00,31.7500
08070000,30.336389,-95.103889,1999-06-27 03:00:00,1999-06-30 03:00:00,356.7923,1999-06-27 12:45:00,9.7500
08070000,30.336389,-95.103889,2001-01-20 19:15:00,2001-01-23 02:30:00,70.5089,2001-01-22 07:00:00,35.7500
08070000,30.336389,-95.103889,2001-01-31 23:45:00,2001-02-01 07:00:00,51.2535,2001-02-01 02:15:00,2.5000
08070000,30.336389,-95.103889,2001-03-04 14:00:00,2001-03-06 17:15:00,59.4654,2001-03-05 19:00:00,29.0000
08070000,30.336389,-95.103889,2001-03-14 14:00:00,2001-03-15 10:45:00,53.5188,2001-03-15 01:15:00,11.2500
08070000,30.336389,-95.103889,2001-06-09 04:30:00,2001-06-13 15:30:00,563.5052,2001-06-10 07:30:00,27.0000
08070000,30.336389,-95.103889,2001-11-29 03:15:00,2001-11-30 13:45:00,81.2693,2001-11-30 00:45:00,21.5000
08070000,30.336389,-95.103889,2001-12-12 21:30:00,2001-12-18 10:15:00,308.6536,2001-12-14 04:30:00,31.0000
08070000,30.336389,-95.103889,2002-10-24 23:00:00,2002-11-01 11:45:00,92.0298,2002-10-29 06:45:00,104.7500
08070000,30.336389,-95.103889,2002-11-04 04:45:00,2002-11-09 16:15:00,470.0597,2002-11-06 12:45:00,56.0000
08070000,30.336389,-95.103889,2002-12-13 20:30:00,2002-12-17 01:45:00,100.5248,2002-12-15 15:00:00,42.5000
08070000,30.336389,-95.103889,2003-02-22 05:15:00,2003-02-26 06:15:00,178.1130,2003-02-23 15:15:00,34.0000
08070000,30.336389,-95.103889,2003-11-18 03:30:00,2003-11-20 08:15:00,102.2238,2003-11-18 22:15:00,18.7500
08070000,30.336389,-95.103889,2004-01-19 00:15:00,2004-01-21 13:00:00,103.0733,2004-01-19 19:45:00,19.5000
08070000,30.336389,-95.103889,2004-01-26 12:45:00,2004-01-29 01:30:00,103.6397,2004-01-27 11:15:00,22.5000
08070000,30.336389,-95.103889,2004-02-11 13:45:00,2004-02-16 16:30:00,288.8318,2004-02-13 07:15:00,41.5000
08070000,30.336389,-95.103889,2004-05-01 23:45:00,2004-05-04 20:30:00,181.2278,2004-05-03 02:45:00,27.0000
08070000,30.336389,-95.103889,2004-05-14 20:15:00,2004-05-18 00:15:00,77.5882,2004-05-16 13:00:00,40.7500
08070000,30.336389,-95.103889,2004-06-17 02:30:00,2004-06-19 16:45:00,73.9070,2004-06-17 23:45:00,21.2500
08070000,30.336389,-95.103889,2004-06-27 08:30:00,2004-07-03 11:30:00,214.3585,2004-06-29 13:15:00,52.7500
08070000,30.336389,-95.103889,2004-11-18 05:00:00,2004-11-19 03:15:00,66.2614,2004-11-18 14:30:00,9.5000
08070000,30.336389,-95.103889,2004-11-23 17:30:00,2004-11-28 11:45:00,186.0417,2004-11-25 11:45:00,42.2500
08070000,30.336389,-95.103889,2004-12-02 06:00:00,2004-12-03 13:30:00,67.9604,2004-12-02 23:00:00,17.0000
08070000,30.336389,-95.103889,2005-02-08 19:30:00,2005-02-12 22:00:00,164.2377,2005-02-09 22:30:00,27.0000
08070000,30.336389,-95.103889,2005-03-22 08:45:00,2005-03-22 23:15:00,54.3683,2005-03-22 17:00:00,8.2500
08070000,30.336389,-95.103889,2005-04-15 01:15:00,2005-04-15 05:30:00,51.5367,2005-04-15 03:15:00,2.0000
08070000,30.336389,-95.103889,2006-10-17 02:00:00,2006-10-23 13:45:00,342.6338,2006-10-18 01:30:00,23.5000
08070000,30.336389,-95.103889,2006-10-26 19:00:00,2006-10-28 04:30:00,78.7208,2006-10-27 04:30:00,9.5000
08070000,30.336389,-95.103889,2006-11-07 12:15:00,2006-11-10 12:30:00,166.7862,2006-11-08 16:15:00,28.0000
08070000,30.336389,-95.103889,2007-01-16 02:45:00,2007-01-19 22:15:00,212.0932,2007-01-17 00:15:00,21.5000
08070000,30.336389,-95.103889,2008-02-19 08:15:00,2008-02-21 02:00:00,75.0396,2008-02-20 08:00:00,23.7500
08070000,30.336389,-95.103889,2008-09-15 13:15:00,2008-09-17 08:45:00,65.6951,2008-09-16 12:15:00,23.0000
08070000,30.336389,-95.103889,2009-04-19 19:45:00,2009-04-22 23:15:00,111.8515,2009-04-21 08:00:00,36.2500
08070000,30.336389,-95.103889,2009-10-31 01:30:00,2009-11-03 00:30:00,94.5783,2009-11-01 11:00:00,34.5000
08070000,30.336389,-95.103889,2012-02-18 23:45:00,2012-02-22 06:45:00,76.1723,2012-02-20 09:15:00,33.5000
08070000,30.336389,-95.103889,2012-03-13 00:30:00,2012-03-15 21:45:00,123.4615,2012-03-13 18:15:00,17.7500
08070000,30.336389,-95.103889,2013-11-02 08:15:00,2013-11-04 21:45:00,113.5506,2013-11-03 13:45:00,30.5000
08070000,30.336389,-95.103889,2014-05-15 14:00:00,2014-05-16 23:15:00,67.3941,2014-05-16 11:15:00,21.2500
08070000,30.336389,-95.103889,2015-03-11 11:00:00,2015-03-14 05:30:00,79.0040,2015-03-13 02:45:00,39.7500
08070000,30.336389,-95.103889,2015-03-24 02:15:00,2015-03-25 19:00:00,75.3228,2015-03-25 01:30:00,23.2500
08070000,30.336389,-95.103889,2015-05-13 18:00:00,2015-05-22 07:45:00,191.4219,2015-05-15 01:30:00,31.5000
08070000,30.336389,-95.103889,2015-05-27 02:00:00,2015-05-31 03:15:00,138.7525,2015-05-29 00:00:00,46.0000
08070000,30.336389,-95.103889,2016-03-10 20:45:00,2016-03-14 18:15:00,402.0992,2016-03-11 20:15:00,23.5000
08070000,30.336389,-95.103889,2016-04-18 11:30:00,2016-04-23 07:45:00,229.6496,2016-04-19 15:45:00,28.2500
08070000,30.336389,-95.103889,2016-05-01 03:30:00,2016-05-05 22:45:00,331.3071,2016-05-01 18:30:00,15.0000
08070000,30.336389,-95.103889,2016-05-27 11:45:00,2016-06-01 06:00:00,620.1389,2016-05-28 21:00:00,33.2500
08070000,30.336389,-95.103889,1991-01-16 08:00:00,1991-01-22 23:00:00,93.4456,1991-01-21 13:00:00,125.0000
08070000,30.336389,-95.103889,1991-02-05 16:00:00,1991-02-08 06:00:00,54.9347,1991-02-07 08:00:00,40.0000
08070000,30.336389,-95.103889,1991-02-22 16:00:00,1991-02-24 02:00:00,53.8020,1991-02-23 05:00:00,13.0000
08070000,30.336389,-95.103889,1991-03-03 00:00:00,1991-03-04 00:17:00,53.5188,1991-03-03 09:00:00,9.0000
08070000,30.336389,-95.103889,1991-04-05 11:00:00,1991-04-06 10:00:00,59.7485,1991-04-05 17:00:00,6.0000
08070000,30.336389,-95.103889,1991-04-15 06:00:00,1991-04-19 00:29:00,90.0476,1991-04-17 06:00:00,48.0000
08070000,30.336389,-95.103889,1991-12-23 04:00:00,1991-12-26 10:00:00,112.4179,1991-12-24 19:00:00,39.0000
08070000,30.336389,-95.103889,1992-01-14 22:00:00,1992-01-15 23:00:00,53.5188,1992-01-15 10:00:00,12.0000
08070000,30.336389,-95.103889,1992-01-19 10:00:00,1992-01-22 22:00:00,93.1624,1992-01-21 06:00:00,44.0000
08070000,30.336389,-95.103889,1992-02-05 06:59:00,1992-02-09 11:36:00,187.7407,1992-02-07 03:00:00,44.0167
08070000,30.336389,-95.103889,1992-02-25 07:00:00,1992-02-29 08:00:00,109.3030,1992-02-27 16:00:00,57.0000
08070000,30.336389,-95.103889,1992-03-05 02:00:00,1992-03-08 23:26:00,172.7328,1992-03-06 22:00:00,44.0000
08070000,30.336389,-95.103889,1992-04-21 02:00:00,1992-04-24 05:00:00,87.2159,1992-04-22 21:00:00,43.0000
08070000,30.336389,-95.103889,1992-12-18 19:00:00,1992-12-19 12:00:00,55.5010,1992-12-19 05:00:00,10.0000
08070000,30.336389,-95.103889,1993-01-20 20:00:00,1993-01-24 15:00:00,145.8318,1993-01-22 21:00:00,49.0000
08070000,30.336389,-95.103889,1993-03-26 07:00:00,1993-03-26 17:55:00,52.9525,1993-03-26 11:00:00,4.0000
08070000,30.336389,-95.103889,1993-04-09 16:00:00,1993-04-11 21:30:00,82.4020,1993-04-10 23:00:00,31.0000
08070000,30.336389,-95.103889,1993-05-06 02:00:00,1993-05-08 06:00:00,72.2080,1993-05-06 11:00:00,9.0000
08070000,30.336389,-95.103889,1993-06-22 01:00:00,1993-06-25 20:00:00,114.9664,1993-06-24 05:00:00,52.0000
08070000,30.336389,-95.103889,1993-06-28 03:00:00,1993-06-30 07:24:00,79.0040,1993-06-29 02:00:00,23.0000
08070000,30.336389,-95.103889,1994-02-23 12:00:00,1994-02-26 14:51:00,76.7387,1994-02-25 08:00:00,44.0000
08070000,30.336389,-95.103889,1994-10-17 08:00:00,1994-10-23 04:00:00,1783.9613,1994-10-18 08:00:00,24.0000
08070000,30.336389,-95.103889,1994-12-18 12:00:00,1994-12-20 21:00:00,153.1941,1994-12-19 04:00:00,16.0000
08070000,30.336389,-95.103889,1995-01-19 07:00:00,1995-01-22 19:00:00,259.3823,1995-01-20 06:00:00,23.0000
08070000,30.336389,-95.103889,1995-01-27 06:00:00,1995-01-31 07:00:00,351.1289,1995-01-28 09:00:00,27.0000
08070000,30.336389,-95.103889,1995-03-15 03:00:00,1995-03-17 21:00:00,118.0813,1995-03-16 06:00:00,27.0000
08070000,30.336389,-95.103889,1995-04-06 10:00:00,1995-04-09 15:00:00,60.3149,1995-04-08 18:00:00,56.0000
08070000,30.336389,-95.103889,1995-04-12 09:00:00,1995-04-13 20:00:00,85.5169,1995-04-13 03:00:00,18.0000
08070000,30.336389,-95.103889,1995-06-01 14:00:00,1995-06-02 11:00:00,60.5981,1995-06-01 21:00:00,7.0000
08070000,30.336389,-95.103889,1995-12-19 00:00:00,1995-12-21 05:00:00,123.4615,1995-12-20 03:00:00,27.0000
08070000,30.336389,-95.103889,1997-02-13 12:15:00,1997-02-17 04:00:00,92.3129,1997-02-16 07:15:00,67.0000
08070000,30.336389,-95.103889,1997-02-22 22:15:00,1997-02-24 18:45:00,60.8812,1997-02-24 03:30:00,29.2500
08070000,30.336389,-95.103889,1997-03-13 06:30:00,1997-03-16 19:15:00,80.7030,1997-03-15 02:30:00,44.0000
08070000,30.336389,-95.103889,1997-11-30 19:45:00,1997-12-01 17:00:00,54.6515,1997-12-01 07:00:00,11.2500
08070000,30.336389,-95.103889,1997-12-21 09:45:00,1997-12-22 11:15:00,65.9783,1997-12-21 17:15:00,7.5000
08070000,30.336389,-95.103889,1997-12-24 07:30:00,1997-12-25 01:00:00,52.9525,1997-12-24 14:30:00,7.0000
08070000,30.336389,-95.103889,1998-01-07 04:45:00,1998-01-07 05:45:00,54.9347,1998-01-07 05:45:00,1.0000
08070000,30.336389,-95.103889,1998-01-24 03:15:00,1998-01-26 02:45:00,77.3050,1998-01-25 06:15:00,27.0000
08070000,30.336389,-95.103889,1998-02-23 22:30:00,1998-03-02 11:30:00,146.6813,1998-02-28 13:00:00,110.5000
08070000,30.336389,-95.103889,1998-03-18 02:15:00,1998-03-20 02:15:00,69.9426,1998-03-18 20:00:00,17.7500
08070000,30.336389,-95.103889,1998-10-18 13:45:00,1998-10-24 01:30:00,288.8318,1998-10-20 13:30:00,47.7500
08070000,30.336389,-95.103889,1998-11-13 00:45:00,1998-11-19 06:15:00,841.0103,1998-11-14 07:15:00,30.5000
08070000,30.336389,-95.103889,1998-12-12 04:00:00,1998-12-15 23:45:00,114.4001,1998-12-13 22:45:00,42.7500
08070000,30.336389,-95.103889,1999-04-04 16:00:00,1999-04-08 01:45:00,150.6456,1999-04-05 23:45:00,31.7500
08070000,30.336389,-95.103889,1999-06-27 03:00:00,1999-06-30 03:00:00,356.7923,1999-06-27 12:45:00,9.7500
08070000,30.336389,-95.103889,2001-01-20 19:15:00,2001-01-23 02:30:00,70.5089,2001-01-22 07:00:00,35.7500
08070000,30.336389,-95.103889,2001-01-31 23:45:00,2001-02-01 07:00:00,51.2535,2001-02-01 02:15:00,2.5000
08070000,30.336389,-95.103889,2001-03-04 14:00:00,2001-03-06 17:15:00,59.4654,2001-03-05 19:00:00,29.0000
08070000,30.336389,-95.103889,2001-03-14 14:00:00,2001-03-15 10:45:00,53.5188,2001-03-15 01:15:00,11.2500
08070000,30.336389,-95.103889,2001-06-09 04:30:00,2001-06-13 15:30:00,563.5052,2001-06-10 07:30:00,27.0000
08070000,30.336389,-95.103889,2001-11-29 03:15:00,2001-11-30 13:45:00,81.2693,2001-11-30 00:45:00,21.5000
08070000,30.336389,-95.103889,2001-12-12 21:30:00,2001-12-18 10:15:00,308.6536,2001-12-14 04:30:00,31.0000
08070000,30.336389,-95.103889,2002-10-24 23:00:00,2002-11-01 11:45:00,92.0298,2002-10-29 06:45:00,104.7500
08070000,30.336389,-95.103889,2002-11-04 04:45:00,2002-11-09 16:15:00,470.0597,2002-11-06 12:45:00,56.0000
08070000,30.336389,-95.103889,2002-12-13 20:30:00,2002-12-17 01:45:00,100.5248,2002-12-15 15:00:00,42.5000
08070000,30.336389,-95.103889,2003-02-22 05:15:00,2003-02-26 06:15:00,178.1130,2003-02-23 15:15:00,34.0000
08070000,30.336389,-95.103889,2003-11-18 03:30:00,2003-11-20 08:15:00,102.2238,2003-11-18 22:15:00,18.7500
08070000,30.336389,-95.103889,2004-01-19 00:15:00,2004-01-21 13:00:00,103.0733,2004-01-19 19:45:00,19.5000
08070000,30.336389,-95.103889,2004-01-26 12:45:00,2004-01-29 01:30:00,103.6397,2004-01-27 11:15:00,22.5000
08070000,30.336389,-95.103889,2004-02-11 13:45:00,2004-02-16 16:30:00,288.8318,2004-02-13 07:15:00,41.5000
08070000,30.336389,-95.103889,2004-05-01 23:45:00,2004-05-04 20:30:00,181.2278,2004-05-03 02:45:00,27.0000
08070000,30.336389,-95.103889,2004-05-14 20:15:00,2004-05-18 00:15:00,77.5882,2004-05-16 13:00:00,40.7500
08070000,30.336389,-95.103889,2004-06-17 02:30:00,2004-06-19 16:45:00,73.9070,2004-06-17 23:45:00,21.2500
08070000,30.336389,-95.103889,2004-06-27 08:30:00,2004-07-03 11:30:00,214.3585,2004-06-29 13:15:00,52.7500
08070000,30.336389,-95.103889,2004-11-18 05:00:00,2004-11-19 03:15:00,66.2614,2004-11-18 14:30:00,9.5000
08070000,30.336389,-95.103889,2004-11-23 17:30:00,2004-11-28 11:45:00,186.0417,2004-11-25 11:45:00,42.2500
08070000,30.336389,-95.103889,2004-12-02 06:00:00,2004-12-03 13:30:00,67.9604,2004-12-02 23:00:00,17.0000
08070000,30.336389,-95.103889,2005-02-08 19:30:00,2005-02-12 22:00:00,164.2377,2005-02-09 22:30:00,27.0000
08070000,30.336389,-95.103889,2005-03-22 08:45:00,2005-03-22 23:15:00,54.3683,2005-03-22 17:00:00,8.2500
08070000,30.336389,-95.103889,2005-04-15 01:15:00,2005-04-15 05:30:00,51.5367,2005-04-15 03:15:00,2.0000
08070000,30.336389,-95.103889,2006-10-17 02:00:00,2006-10-23 13:45:00,342.6338,2006-10-18 01:30:00,23.5000
08070000,30.336389,-95.103889,2006-10-26 19:00:00,2006-10-28 04:30:00,78.7208,2006-10-27 04:30:00,9.5000
08070000,30.336389,-95.103889,2006-11-07 12:15:00,2006-11-10 12:30:00,166.7862,2006-11-08 16:15:00,28.0000
08070000,30.336389,-95.103889,2007-01-16 02:45:00,2007-01-19 22:15:00,212.0932,2007-01-17 00:15:00,21.5000
08070000,30.336389,-95.103889,2008-02-19 08:15:00,2008-02-21 02:00:00,75.0396,2008-02-20 08:00:00,23.7500
08070000,30.336389,-95.103889,2008-09-15 13:15:00,2008-09-17 08:45:00,65.6951,2008-09-16 12:15:00,23.0000
08070000,30.336389,-95.103889,2009-04-19 19:45:00,2009-04-22 23:15:00,111.8515,2009-04-21 08:00:00,36.2500
08070000,30.336389,-95.103889,2009-10-31 01:30:00,2009-11-03 00:30:00,94.5783,2009-11-01 11:00:00,34.5000
08070000,30.336389,-95.103889,2012-02-18 23:45:00,2012-02-22 06:45:00,76.1723,2012-02-20 09:15:00,33.5000
08070000,30.336389,-95.103889,2012-03-13 00:30:00,2012-03-15 21:45:00,123.4615,2012-03-13 18:15:00,17.7500
08070000,30.336389,-95.103889,2013-11-02 08:15:00,2013-11-04 21:45:00,113.5506,2013-11-03 13:45:00,30.5000
08070000,30.336389,-95.103889,2014-05-15 14:00:00,2014-05-16 23:15:00,67.3941,2014-05-16 11:15:00,21.2500
08070000,30.336389,-95.103889,2015-03-11 11:00:00,2015-03-14 05:30:00,79.0040,2015-03-13 02:45:00,39.7500
08070000,30.336389,-95.103889,2015-03-24 02:15:00,2015-03-25 19:00:00,75.3228,2015-03-25 01:30:00,23.2500
08070000,30.336389,-95.103889,2015-05-13 18:00:00,2015-05-22 07:45:00,191.4219,2015-05-15 01:30:00,31.5000
08070000,30.336389,-95.103889,2015-05-27 02:00:00,2015-05-31 03:15:00,138.7525,2015-05-29 00:00:00,46.0000
08070000,30.336389,-95.103889,2016-03-10 20:45:00,2016-03-14 18:15:00,402.0992,2016-03-11 20:15:00,23.5000
08070000,30.336389,-95.103889,2016-04-18 11:30:00,2016-04-23 07:45:00,229.6496,2016-04-19 15:45:00,28.2500
08070000,30.336389,-95.103889,2016-05-01 03:30:00,2016-05-05 22:45:00,331.3071,2016-05-01 18:30:00,15.0000
08070000,30.336389,-95.103889,2016-05-27 11:45:00,2016-06-01 06:00:00,620.1389,2016-05-28 21:00:00,33.2500
08070500,30.259444,-95.302222,1991-01-16 09:00:00,1991-01-16 23:00:00,63.1466,1991-01-16 18:00:00,9.0000
08070500,30.259444,-95.302222,1991-01-19 21:00:00,1991-01-20 04:00:00,60.5981,1991-01-20 02:00:00,5.0000
08070500,30.259444,-95.302222,1991-04-15 19:00:00,1991-04-16 11:00:00,62.2971,1991-04-16 01:00:00,6.0000
08070500,30.259444,-95.302222,1991-12-23 06:00:00,1991-12-23 19:00:00,60.0317,1991-12-23 13:00:00,7.0000
08070500,30.259444,-95.302222,1992-02-05 13:00:00,1992-02-06 04:00:00,58.6159,1992-02-06 02:00:00,13.0000
08070500,30.259444,-95.302222,1992-03-05 15:00:00,1992-03-06 05:00:00,105.9050,1992-03-06 03:00:00,12.0000
08070500,30.259444,-95.302222,1992-04-19 09:00:00,1992-04-19 20:00:00,58.0495,1992-04-19 15:00:00,6.0000
08070500,30.259444,-95.302222,1992-12-16 23:00:00,1992-12-17 02:00:00,48.7050,1992-12-17 01:00:00,2.0000
08070500,30.259444,-95.302222,1993-01-21 11:00:00,1993-01-21 20:00:00,53.8020,1993-01-21 17:00:00,6.0000
08070500,30.259444,-95.302222,1993-06-21 15:00:00,1993-06-23 14:00:00,129.9743,1993-06-22 01:00:00,10.0000
08070500,30.259444,-95.302222,1994-02-24 01:00:00,1994-02-24 05:00:00,55.7842,1994-02-24 04:00:00,3.0000
08070500,30.259444,-95.302222,1995-01-19 08:00:00,1995-01-20 06:00:00,134.5050,1995-01-19 19:00:00,11.0000
08070500,30.259444,-95.302222,1995-01-27 06:00:00,1995-01-29 01:00:00,219.4556,1995-01-27 22:00:00,16.0000
08070500,30.259444,-95.302222,1995-03-14 17:00:00,1995-03-15 10:00:00,70.7921,1995-03-15 02:00:00,9.0000
08070500,30.259444,-95.302222,1995-12-18 16:00:00,1995-12-20 00:00:00,93.7288,1995-12-19 00:00:00,8.0000
08070500,30.259444,-95.302222,1997-02-22 09:00:00,1997-02-22 13:30:00,50.9703,1997-02-22 12:00:00,3.0000
08070500,30.259444,-95.302222,1997-03-14 05:00:00,1997-03-14 10:00:00,49.5545,1997-03-14 06:00:00,1.0000
08070500,30.259444,-95.302222,1998-01-07 00:00:00,1998-01-07 04:00:00,88.0654,1998-01-07 04:00:00,4.0000
08070500,30.259444,-95.302222,1998-10-19 05:00:00,1998-10-21 15:00:00,194.5367,1998-10-19 05:30:00,0.5000
08070500,30.259444,-95.302222,1998-12-13 00:00:00,1998-12-13 04:00:00,49.8377,1998-12-13 01:00:00,1.0000
08070500,30.259444,-95.302222,1999-04-05 08:30:00,1999-04-05 20:00:00,63.7129,1999-04-05 13:30:00,5.0000
08070500,30.259444,-95.302222,1999-06-27 03:30:00,1999-06-27 21:30:00,83.8179,1999-06-27 11:45:00,8.2500
08070500,30.259444,-95.302222,2001-06-09 03:30:00,2001-06-11 13:45:00,1033.5649,2001-06-09 13:00:00,9.5000
08070500,30.259444,-95.302222,2001-11-28 11:00:00,2001-11-28 20:30:00,60.3149,2001-11-28 14:15:00,3.2500
08070500,30.259444,-95.302222,2001-12-13 01:30:00,2001-12-14 01:15:00,142.1506,2001-12-13 09:45:00,8.2500
08070500,30.259444,-95.302222,2002-10-30 08:30:00,2002-10-30 17:45:00,51.8198,2002-10-30 12:45:00,4.2500
08070500,30.259444,-95.302222,2002-11-04 10:30:00,2002-11-05 05:45:00,105.0555,2002-11-05 05:45:00,19.2500
08070500,30.259444,-95.302222,2002-12-13 23:45:00,2002-12-14 18:00:00,61.4476,2002-12-14 03:15:00,3.5000
08070500,30.259444,-95.302222,2003-02-22 09:15:00,2003-02-23 17:45:00,120.0634,2003-02-22 21:30:00,12.2500
08070500,30.259444,-95.302222,2003-11-18 01:46:00,2003-11-18 16:31:00,59.1822,2003-11-18 08:01:00,6.2500
08070500,30.259444,-95.302222,2004-05-01 19:15:00,2004-05-03 05:15:00,70.7921,2004-05-02 02:45:00,7.5000
08070500,30.259444,-95.302222,2004-05-14 18:45:00,2004-05-15 16:45:00,61.1644,2004-05-15 07:15:00,12.5000
08070500,30.259444,-95.302222,2004-06-26 05:00:00,2004-06-27 01:00:00,86.0832,2004-06-26 15:15:00,10.2500
08070500,30.259444,-95.302222,2004-06-28 16:45:00,2004-06-29 17:45:00,102.2238,2004-06-29 01:15:00,8.5000
08070500,30.259444,-95.302222,2004-11-24 11:00:00,2004-11-24 19:45:00,51.5367,2004-11-24 15:45:00,4.7500
08070500,30.259444,-95.302222,2005-02-08 13:15:00,2005-02-09 14:45:00,99.3921,2005-02-09 02:00:00,12.7500
08070500,30.259444,-95.302222,2005-03-21 00:45:00,2005-03-21 18:15:00,63.9961,2005-03-21 10:00:00,9.2500
08070500,30.259444,-95.302222,2006-10-17 04:45:00,2006-10-18 17:45:00,159.4238,2006-10-17 18:15:00,13.5000
08070500,30.259444,-95.302222,2006-11-07 11:45:00,2006-11-08 16:00:00,129.1248,2006-11-07 22:15:00,10.5000
08070500,30.259444,-95.302222,2007-01-15 15:30:00,2007-01-16 05:15:00,63.7129,2007-01-15 22:30:00,7.0000
08070500,30.259444,-95.302222,2008-09-13 20:45:00,2008-09-16 02:15:00,80.1367,2008-09-15 13:45:00,41.0000
08070500,30.259444,-95.302222,2008-11-13 13:30:00,2008-11-14 00:30:00,52.9525,2008-11-13 18:45:00,5.2500
08070500,30.259444,-95.302222,2009-04-19 07:15:00,2009-04-20 20:00:00,82.1189,2009-04-20 08:30:00,25.2500
08070500,30.259444,-95.302222,2009-10-31 04:30:00,2009-11-01 03:30:00,80.9862,2009-10-31 17:15:00,12.7500
08070500,30.259444,-95.302222,2013-11-01 16:00:00,2013-11-02 12:00:00,63.1466,2013-11-02 03:30:00,11.5000
08070500,30.259444,-95.302222,2014-05-14 23:45:00,2014-05-15 06:00:00,49.8377,2014-05-15 03:15:00,3.5000
08070500,30.259444,-95.302222,2015-03-11 08:45:00,2015-03-11 19:45:00,52.9525,2015-03-11 15:15:00,6.5000
08070500,30.259444,-95.302222,2015-05-27 03:45:00,2015-05-29 03:45:00,79.8535,2015-05-27 17:45:00,14.0000
08070500,30.259444,-95.302222,2016-03-10 18:15:00,2016-03-12 12:00:00,160.8397,2016-03-11 12:45:00,18.5000
08070500,30.259444,-95.302222,2016-04-18 10:45:00,2016-04-20 14:15:00,153.1941,2016-04-19 14:45:00,28.0000
08070500,30.259444,-95.302222,2016-05-01 08:30:00,2016-05-02 11:45:00,107.3208,2016-05-01 18:00:00,9.5000
08070500,30.259444,-95.302222,2016-05-27 05:15:00,2016-05-29 21:00:00,302.9903,2016-05-28 11:00:00,29.7500
08070500,30.259444,-95.302222,1991-01-16 09:00:00,1991-01-16 23:00:00,63.1466,1991-01-16 18:00:00,9.0000
08070500,30.259444,-95.302222,1991-01-19 21:00:00,1991-01-20 04:00:00,60.5981,1991-01-20 02:00:00,5.0000
08070500,30.259444,-95.302222,1991-04-15 19:00:00,1991-04-16 11:00:00,62.2971,1991-04-16 01:00:00,6.0000
08070500,30.259444,-95.302222,1991-12-23 06:00:00,1991-12-23 19:00:00,60.0317,1991-12-23 13:00:00,7.0000
08070500,30.259444,-95.302222,1992-02-05 13:00:00,1992-02-06 04:00:00,58.6159,1992-02-06 02:00:00,13.0000
08070500,30.259444,-95.302222,1992-03-05 15:00:00,1992-03-06 05:00:00,105.9050,1992-03-06 03:00:00,12.0000
08070500,30.259444,-95.302222,1992-04-19 09:00:00,1992-04-19 20:00:00,58.0495,1992-04-19 15:00:00,6.0000
08070500,30.259444,-95.302222,1992-12-16 23:00:00,1992-12-17 02:00:00,48.7050,1992-12-17 01:00:00,2.0000
08070500,30.259444,-95.302222,1993-01-21 11:00:00,1993-01-21 20:00:00,53.8020,1993-01-21 17:00:00,6.0000
08070500,30.259444,-95.302222,1993-06-21 15:00:00,1993-06-23 14:00:00,129.9743,1993-06-22 01:00:00,10.0000
08070500,30.259444,-95.302222,1994-02-24 01:00:00,1994-02-24 05:00:00,55.7842,1994-02-24 04:00:00,3.0000
08070500,30.259444,-95.302222,1995-01-19 08:00:00,1995-01-20 06:00:00,134.5050,1995-01-19 19:00:00,11.0000
08070500,30.259444,-95.302222,1995-01-27 06:00:00,1995-01-29 01:00:00,219.4556,1995-01-27 22:00:00,16.0000
08070500,30.259444,-95.302222,1995-03-14 17:00:00,1995-03-15 10:00:00,70.7921,1995-03-15 02:00:00,9.0000
08070500,30.259444,-95.302222,1995-12-18 16:00:00,1995-12-20 00:00:00,93.7288,1995-12-19 00:00:00,8.0000
08070500,30.259444,-95.302222,1997-02-22 09:00:00,1997-02-22 13:30:00,50.9703,1997-02-22 12:00:00,3.0000
08070500,30.259444,-95.302222,1997-03-14 05:00:00,1997-03-14 10:00:00,49.5545,1997-03-14 06:00:00,1.0000
08070500,30.259444,-95.302222,1998-01-07 00:00:00,1998-01-07 04:00:00,88.0654,1998-01-07 04:00:00,4.0000
08070500,30.259444,-95.302222,1998-10-19 05:00:00,1998-10-21 15:00:00,194.5367,1998-10-19 05:30:00,0.5000
08070500,30.259444,-95.302222,1998-12-13 00:00:00,1998-12-13 04:00:00,49.8377,1998-12-13 01:00:00,1.0000
08070500,30.259444,-95.302222,1999-04-05 08:30:00,1999-04-05 20:00:00,63.7129,1999-04-05 13:30:00,5.0000
08070500,30.259444,-95.302222,1999-06-27 03:30:00,1999-06-27 21:30:00,83.8179,1999-06-27 11:45:00,8.2500
08070500,30.259444,-95.302222,2001-06-09 03:30:00,2001-06-11 13:45:00,1033.5649,2001-06-09 13:00:00,9.5000
08070500,30.259444,-95.302222,2001-11-28 11:00:00,2001-11-28 20:30:00,60.3149,2001-11-28 14:15:00,3.2500
08070500,30.259444,-95.302222,2001-12-13 01:30:00,2001-12-14 01:15:00,142.1506,2001-12-13 09:45:00,8.2500
08070500,30.259444,-95.302222,2002-10-30 08:30:00,2002-10-30 17:45:00,51.8198,2002-10-30 12:45:00,4.2500
08070500,30.259444,-95.302222,2002-11-04 10:30:00,2002-11-05 05:45:00,105.0555,2002-11-05 05:45:00,19.2500
08070500,30.259444,-95.302222,2002-12-13 23:45:00,2002-12-14 18:00:00,61.4476,2002-12-14 03:15:00,3.5000
08070500,30.259444,-95.302222,2003-02-22 09:15:00,2003-02-23 17:45:00,120.0634,2003-02-22 21:30:00,12.2500
08070500,30.259444,-95.302222,2003-11-18 01:46:00,2003-11-18 16:31:00,59.1822,2003-11-18 08:01:00,6.2500
08070500,30.259444,-95.302222,2004-05-01 19:15:00,2004-05-03 05:15:00,70.7921,2004-05-02 02:45:00,7.5000
08070500,30.259444,-95.302222,2004-05-14 18:45:00,2004-05-15 16:45:00,61.1644,2004-05-15 07:15:00,12.5000
08070500,30.259444,-95.302222,2004-06-26 05:00:00,2004-06-27 01:00:00,86.0832,2004-06-26 15:15:00,10.2500
08070500,30.259444,-95.302222,2004-06-28 16:45:00,2004-06-29 17:45:00,102.2238,2004-06-29 01:15:00,8.5000
08070500,30.259444,-95.302222,2004-11-24 11:00:00,2004-11-24 19:45:00,51.5367,2004-11-24 15:45:00,4.7500
08070500,30.259444,-95.302222,2005-02-08 13:15:00,2005-02-09 14:45:00,99.3921,2005-02-09 02:00:00,12.7500
08070500,30.259444,-95.302222,2005-03-21 00:45:00,2005-03-21 18:15:00,63.9961,2005-03-21 10:00:00,9.2500
08070500,30.259444,-95.302222,2006-10-17 04:45:00,2006-10-18 17:45:00,159.4238,2006-10-17 18:15:00,13.5000
08070500,30.259444,-95.302222,2006-11-07 11:45:00,2006-11-08 16:00:00,129.1248,2006-11-07 22:15:00,10.5000
08070500,30.259444,-95.302222,2007-01-15 15:30:00,2007-01-16 05:15:00,63.7129,2007-01-15 22:30:00,7.0000
08070500,30.259444,-95.302222,2008-09-13 20:45:00,2008-09-16 02:15:00,80.1367,2008-09-15 13:45:00,41.0000
08070500,30.259444,-95.302222,2008-11-13 13:30:00,2008-11-14 00:30:00,52.9525,2008-11-13 18:45:00,5.2500
08070500,30.259444,-95.302222,2009-04-19 07:15:00,2009-04-20 20:00:00,82.1189,2009-04-20 08:30:00,25.2500
08070500,30.259444,-95.302222,2009-10-31 04:30:00,2009-11-01 03:30:00,80.9862,2009-10-31 17:15:00,12.7500
08070500,30.259444,-95.302222,2013-11-01 16:00:00,2013-11-02 12:00:00,63.1466,2013-11-02 03:30:00,11.5000
08070500,30.259444,-95.302222,2014-05-14 23:45:00,2014-05-15 06:00:00,49.8377,2014-05-15 03:15:00,3.5000
08070500,30.259444,-95.302222,2015-03-11 08:45:00,2015-03-11 19:45:00,52.9525,2015-03-11 15:15:00,6.5000
08070500,30.259444,-95.302222,2015-05-27 03:45:00,2015-05-29 03:45:00,79.8535,2015-05-27 17:45:00,14.0000
08070500,30.259444,-95.302222,2016-03-10 18:15:00,2016-03-12 12:00:00,160.8397,2016-03-11 12:45:00,18.5000
08070500,30.259444,-95.302222,2016-04-18 10:45:00,2016-04-20 14:15:00,153.1941,2016-04-19 14:45:00,28.0000
08070500,30.259444,-95.302222,2016-05-01 08:30:00,2016-05-02 11:45:00,107.3208,2016-05-01 18:00:00,9.5000
08070500,30.259444,-95.302222,2016-05-27 05:15:00,2016-05-29 21:00:00,302.9903,2016-05-28 11:00:00,29.7500
08105095,30.703056,-97.666111,2004-01-17 08:30:00,2004-01-17 17:00:00,55.7842,2004-01-17 09:15:00,0.7500
08105095,30.703056,-97.666111,2004-04-06 23:45:00,2004-04-07 02:30:00,8.9481,2004-04-07 00:15:00,0.5000
08105095,30.703056,-97.666111,2004-04-10 23:45:00,2004-04-11 07:15:00,8.8349,2004-04-11 06:00:00,6.2500
08105095,30.703056,-97.666111,2004-04-24 21:30:00,2004-04-25 05:45:00,17.5281,2004-04-25 01:00:00,3.5000
08105095,30.703056,-97.666111,2004-06-10 01:30:00,2004-06-10 16:00:00,46.4396,2004-06-10 07:15:00,5.7500
08105095,30.703056,-97.666111,2004-06-26 07:15:00,2004-06-26 13:45:00,40.4931,2004-06-26 07:45:00,0.5000
08105095,30.703056,-97.666111,2004-08-20 06:30:00,2004-08-20 07:30:00,11.1002,2004-08-20 06:45:00,0.2500
08105095,30.703056,-97.666111,2004-10-04 06:45:00,2004-10-04 08:30:00,9.7693,2004-10-04 07:15:00,0.5000
08105095,30.703056,-97.666111,2004-11-01 15:30:00,2004-11-01 22:30:00,22.4836,2004-11-01 16:30:00,1.0000
08105095,30.703056,-97.666111,2004-11-15 02:30:00,2004-11-15 09:15:00,31.4317,2004-11-15 03:00:00,0.5000
08105095,30.703056,-97.666111,2004-11-17 06:00:00,2004-11-18 18:30:00,311.4853,2004-11-17 10:45:00,4.7500
08105095,30.703056,-97.666111,2004-11-22 08:15:00,2004-11-24 20:15:00,58.6159,2004-11-24 08:00:00,47.7500
08105095,30.703056,-97.666111,2005-01-28 05:15:00,2005-01-28 09:00:00,10.0808,2005-01-28 06:00:00,0.7500
08105095,30.703056,-97.666111,2005-03-02 14:45:00,2005-03-03 04:00:00,24.2109,2005-03-02 19:00:00,4.2500
08105095,30.703056,-97.666111,2005-08-10 16:00:00,2005-08-11 07:45:00,125.1605,2005-08-10 17:30:00,1.5000
08105095,30.703056,-97.666111,2006-04-21 03:30:00,2006-04-21 07:00:00,31.1485,2006-04-21 04:00:00,0.5000
08105095,30.703056,-97.666111,2006-04-29 08:30:00,2006-04-29 21:45:00,92.0298,2006-04-29 13:00:00,4.5000
08105095,30.703056,-97.666111,2006-05-06 12:30:00,2006-05-07 01:30:00,78.1545,2006-05-06 13:45:00,1.2500
08105095,30.703056,-97.666111,2006-05-08 12:15:00,2006-05-09 00:45:00,55.5010,2006-05-08 13:15:00,1.0000
08105095,30.703056,-97.666111,2006-09-11 23:15:00,2006-09-12 01:00:00,16.4804,2006-09-11 23:30:00,0.2500
08105095,30.703056,-97.666111,2006-10-10 16:15:00,2006-10-10 17:45:00,11.6665,2006-10-10 16:45:00,0.5000
08105095,30.703056,-97.666111,2007-01-13 19:15:00,2007-01-13 23:15:00,37.0951,2007-01-13 20:00:00,0.7500
08105095,30.703056,-97.666111,2007-01-15 13:15:00,2007-01-15 23:00:00,23.1065,2007-01-15 16:45:00,3.5000
08105095,30.703056,-97.666111,2007-03-12 06:30:00,2007-03-13 00:00:00,168.2021,2007-03-12 08:15:00,1.7500
08105095,30.703056,-97.666111,2007-03-14 01:00:00,2007-03-14 16:45:00,105.9050,2007-03-14 04:15:00,3.2500
08105095,30.703056,-97.666111,2007-03-26 21:15:00,2007-03-27 22:30:00,98.8258,2007-03-27 04:00:00,6.7500
08105095,30.703056,-97.666111,2007-03-30 10:00:00,2007-03-31 14:30:00,17.0184,2007-03-31 02:45:00,16.7500
08105095,30.703056,-97.666111,2007-05-03 03:00:00,2007-05-03 20:15:00,35.1129,2007-05-03 07:30:00,4.5000
08105095,30.703056,-97.666111,2007-05-16 08:05:00,2007-05-16 16:05:00,9.0048,2007-05-16 08:20:00,0.2500
08105095,30.703056,-97.666111,2007-05-25 04:00:00,2007-05-26 17:40:00,71.6416,2007-05-25 07:35:00,3.5833
08105095,30.703056,-97.666111,2007-05-27 18:25:00,2007-05-29 09:40:00,33.9802,2007-05-27 19:15:00,0.8333
08105095,30.703056,-97.666111,2007-05-31 14:25:00,2007-06-01 02:35:00,18.9723,2007-05-31 18:10:00,3.7500
08105095,30.703056,-97.666111,2007-06-04 09:00:00,2007-06-05 16:30:00,59.7485,2007-06-05 02:45:00,17.7500
08105095,30.703056,-97.666111,2007-06-15 11:15:00,2007-06-17 07:15:00,21.3792,2007-06-16 18:30:00,31.2500
08105095,30.703056,-97.666111,2007-06-27 09:15:00,2007-06-29 14:55:00,351.1289,2007-06-27 15:35:00,6.3333
08105095,30.703056,-97.666111,2007-07-01 05:35:00,2007-07-08 18:05:00,89.1981,2007-07-03 06:05:00,48.5000
08105095,30.703056,-97.666111,2007-07-21 20:25:00,2007-07-22 03:55:00,13.3656,2007-07-21 21:10:00,0.7500
08105095,30.703056,-97.666111,2007-07-25 08:20:00,2007-07-25 15:35:00,15.6875,2007-07-25 09:00:00,0.6667
08105095,30.703056,-97.666111,2007-07-30 09:00:00,2007-07-30 20:30:00,18.6891,2007-07-30 09:40:00,0.6667
08105095,30.703056,-97.666111,2007-08-03 04:10:00,2007-08-03 13:00:00,36.8119,2007-08-03 04:40:00,0.5000
08105095,30.703056,-97.666111,2007-09-05 08:20:00,2007-09-05 21:40:00,96.5604,2007-09-05 09:55:00,1.5833
08105095,30.703056,-97.666111,2008-03-19 01:45:00,2008-03-19 06:55:00,14.6115,2008-03-19 03:20:00,1.5833
08105095,30.703056,-97.666111,2008-05-15 05:10:00,2008-05-15 20:50:00,34.5466,2008-05-15 06:30:00,1.3333
08105095,30.703056,-97.666111,2009-04-27 13:05:00,2009-04-27 13:45:00,8.4951,2009-04-27 13:20:00,0.2500
08105095,30.703056,-97.666111,2009-09-11 19:15:00,2009-09-13 11:55:00,112.9842,2009-09-13 03:20:00,32.0833
08105095,30.703056,-97.666111,2009-10-09 17:15:00,2009-10-10 06:20:00,37.0951,2009-10-09 21:05:00,3.8333
08105095,30.703056,-97.666111,2009-10-13 17:05:00,2009-10-14 06:05:00,42.1921,2009-10-13 21:30:00,4.4167
08105095,30.703056,-97.666111,2009-10-22 08:40:00,2009-10-23 08:25:00,165.9367,2009-10-22 16:00:00,7.3333
08105095,30.703056,-97.666111,2009-10-26 13:10:00,2009-10-27 18:15:00,151.2120,2009-10-26 23:40:00,10.5000
08105095,30.703056,-97.666111,2009-11-20 23:55:00,2009-11-21 10:20:00,15.3760,2009-11-21 01:05:00,1.1667
08105095,30.703056,-97.666111,2009-12-02 05:30:00,2009-12-02 15:25:00,17.4715,2009-12-02 07:10:00,1.6667
08105095,30.703056,-97.666111,2010-01-29 07:45:00,2010-01-30 10:00:00,121.7624,2010-01-29 13:15:00,5.5000
08105095,30.703056,-97.666111,2010-02-04 05:05:00,2010-02-05 23:05:00,49.5545,2010-02-05 04:35:00,23.5000
08105095,30.703056,-97.666111,2010-02-09 02:15:00,2010-02-09 09:35:00,9.9958,2010-02-09 03:50:00,1.5833
08105095,30.703056,-97.666111,2010-02-12 07:40:00,2010-02-12 16:25:00,9.9958,2010-02-12 10:45:00,3.0833
08105095,30.703056,-97.666111,2010-03-16 22:55:00,2010-03-17 09:30:00,17.3299,2010-03-17 00:30:00,1.5833
08105095,30.703056,-97.666111,2010-03-20 18:40:00,2010-03-21 07:00:00,22.2570,2010-03-20 20:40:00,2.0000
08105095,30.703056,-97.666111,2010-09-08 01:20:00,2010-09-09 12:20:00,699.4261,2010-09-08 08:00:00,6.6667
08105095,30.703056,-97.666111,2012-02-18 12:10:00,2012-02-19 08:00:00,33.4139,2012-02-18 15:50:00,3.6667
08105095,30.703056,-97.666111,2012-03-20 09:10:00,2012-03-21 07:00:00,191.7051,2012-03-20 17:00:00,7.8333
08105095,30.703056,-97.666111,2012-08-19 03:40:00,2012-08-19 09:30:00,37.0951,2012-08-19 04:10:00,0.5000
08105095,30.703056,-97.666111,2013-01-09 11:00:00,2013-01-09 23:50:00,23.5596,2013-01-09 12:00:00,1.0000
08105095,30.703056,-97.666111,2013-09-20 21:55:00,2013-09-21 05:40:00,28.0054,2013-09-20 23:25:00,1.5000
08105095,30.703056,-97.666111,2013-10-31 07:10:00,2013-10-31 11:40:00,33.1307,2013-10-31 07:45:00,0.5833
08105095,30.703056,-97.666111,2014-05-13 09:05:00,2014-05-13 14:15:00,11.2135,2014-05-13 10:25:00,1.3333
08105095,30.703056,-97.666111,2014-07-18 10:05:00,2014-07-18 12:05:00,18.6608,2014-07-18 10:25:00,0.3333
08105095,30.703056,-97.666111,2015-03-09 19:30:00,2015-03-09 22:20:00,10.2224,2015-03-09 20:20:00,0.8333
08105095,30.703056,-97.666111,2015-05-21 07:50:00,2015-05-21 21:20:00,124.3110,2015-05-21 11:45:00,3.9167
08105095,30.703056,-97.666111,2015-05-24 06:10:00,2015-05-26 21:00:00,164.8040,2015-05-26 01:05:00,42.9167
08105095,30.703056,-97.666111,2015-05-29 06:55:00,2015-05-30 02:30:00,18.8024,2015-05-29 15:35:00,8.6667
08105095,30.703056,-97.666111,2015-06-17 14:45:00,2015-06-18 03:55:00,23.0782,2015-06-17 15:30:00,0.7500
08105095,30.703056,-97.666111,2015-06-19 09:05:00,2015-06-19 13:50:00,14.3283,2015-06-19 09:40:00,0.5833
08105095,30.703056,-97.666111,2015-06-21 18:05:00,2015-06-21 18:50:00,7.9287,2015-06-21 18:25:00,0.3333
08105095,30.703056,-97.666111,2015-06-27 21:30:00,2015-06-28 01:10:00,17.0467,2015-06-27 22:00:00,0.5000
08105095,30.703056,-97.666111,2015-10-24 13:30:00,2015-10-24 15:40:00,12.3745,2015-10-24 13:55:00,0.4167
08105095,30.703056,-97.666111,2015-10-30 17:55:00,2015-11-01 00:30:00,108.1704,2015-10-31 01:25:00,7.5000
08105095,30.703056,-97.666111,2015-11-28 15:55:00,2015-11-29 08:15:00,17.9246,2015-11-28 19:50:00,3.9167
08105095,30.703056,-97.666111,2015-12-13 17:25:00,2015-12-14 03:50:00,18.8024,2015-12-13 18:35:00,1.1667
08105095,30.703056,-97.666111,2016-03-08 23:35:00,2016-03-09 05:50:00,18.6608,2016-03-09 00:10:00,0.5833
08105095,30.703056,-97.666111,2016-03-10 17:20:00,2016-03-12 19:05:00,41.3426,2016-03-11 23:50:00,30.5000
08105095,30.703056,-97.666111,2016-04-13 07:30:00,2016-04-13 08:15:00,8.0420,2016-04-13 07:45:00,0.2500
08105095,30.703056,-97.666111,2016-04-17 22:30:00,2016-04-19 11:00:00,45.3070,2016-04-17 23:45:00,1.2500
08105095,30.703056,-97.666111,2016-04-27 10:25:00,2016-04-28 04:10:00,79.8535,2016-04-27 16:20:00,5.9167
08105095,30.703056,-97.666111,2016-05-14 22:30:00,2016-05-15 08:25:00,22.0871,2016-05-15 01:00:00,2.5000
08105095,30.703056,-97.666111,2016-05-19 14:15:00,2016-05-20 16:00:00,104.4892,2016-05-19 19:15:00,5.0000
08120500,32.573611,-100.907500,2004-03-05 01:15:00,2004-03-05 09:15:00,63.1466,2004-03-05 07:00:00,5.7500
08120500,32.573611,-100.907500,2005-08-14 22:00:00,2005-08-15 16:30:00,90.3307,2005-08-15 10:30:00,12.5000
08120500,32.573611,-100.907500,2008-06-18 10:30:00,2008-06-18 15:15:00,50.4040,2008-06-18 12:45:00,2.2500
08120500,32.573611,-100.907500,2014-09-21 09:00:00,2014-09-21 17:00:00,62.2971,2014-09-21 13:45:00,4.7500
08120500,32.573611,-100.907500,2015-06-17 08:15:00,2015-06-17 10:45:00,42.4753,2015-06-17 09:15:00,1.0000
08120500,32.573611,-100.907500,2015-07-07 16:00:00,2015-07-08 07:15:00,82.4020,2015-07-08 03:30:00,11.5000
08123850,32.053611,-100.761667,1999-06-15 08:30:00,1999-06-15 21:00:00,108.4535,1999-06-15 14:15:00,5.7500
08123850,32.053611,-100.761667,2000-03-24 05:45:00,2000-03-26 18:30:00,362.4556,2000-03-25 00:00:00,18.2500
08123850,32.053611,-100.761667,2004-11-18 03:45:00,2004-11-21 01:30:00,143.2832,2004-11-18 17:00:00,13.2500
08123850,32.053611,-100.761667,2005-08-15 02:15:00,2005-08-15 08:45:00,162.8219,2005-08-15 04:45:00,2.5000
08123850,32.053611,-100.761667,2012-09-29 08:15:00,2012-10-01 11:30:00,256.5506,2012-09-29 17:45:00,9.5000
08123850,32.053611,-100.761667,2015-10-23 09:45:00,2015-10-24 00:15:00,139.0357,2015-10-23 14:30:00,4.7500
08160800,29.798889,-96.531944,1996-09-01 05:00:00,1996-09-01 06:15:00,16.1406,1996-09-01 05:30:00,0.5000
08160800,29.798889,-96.531944,1996-09-19 05:15:00,1996-09-19 08:00:00,28.3168,1996-09-19 05:45:00,0.5000
08160800,29.798889,-96.531944,1996-09-20 11:45:00,1996-09-20 14:15:00,28.8832,1996-09-20 12:45:00,1.0000
08160800,29.798889,-96.531944,1996-10-25 21:15:00,1996-10-25 23:15:00,32.8475,1996-10-25 21:30:00,0.2500
08160800,29.798889,-96.531944,1997-01-21 10:15:00,1997-01-22 00:45:00,34.2634,1997-01-21 20:15:00,10.0000
08160800,29.798889,-96.531944,1997-02-20 17:00:00,1997-02-21 01:45:00,47.2891,1997-02-20 21:15:00,4.2500
08160800,29.798889,-96.531944,1997-03-12 07:15:00,1997-03-12 12:30:00,14.2434,1997-03-12 09:15:00,2.0000
08160800,29.798889,-96.531944,1997-03-16 20:15:00,1997-03-17 10:45:00,13.7337,1997-03-16 21:30:00,1.2500
08160800,29.798889,-96.531944,1997-04-04 10:30:00,1997-04-04 13:30:00,12.3461,1997-04-04 11:15:00,0.7500
08160800,29.798889,-96.531944,1997-04-25 21:15:00,1997-04-26 03:00:00,32.5644,1997-04-25 23:45:00,2.5000
08160800,29.798889,-96.531944,1997-04-27 05:15:00,1997-04-27 06:15:00,8.0986,1997-04-27 05:30:00,0.2500
08160800,29.798889,-96.531944,1997-05-24 21:15:00,1997-05-25 01:00:00,24.7772,1997-05-24 22:15:00,1.0000
08160800,29.798889,-96.531944,1997-05-31 07:00:00,1997-05-31 10:30:00,30.0159,1997-05-31 08:00:00,1.0000
08160800,29.798889,-96.531944,1997-06-07 05:00:00,1997-06-07 08:15:00,10.5622,1997-06-07 06:00:00,1.0000
08160800,29.798889,-96.531944,1997-10-13 09:15:00,1997-10-13 14:15:00,58.8990,1997-10-13 10:15:00,1.0000
08160800,29.798889,-96.531944,1997-11-28 17:15:00,1997-11-28 21:15:00,24.9755,1997-11-28 18:30:00,1.2500
08160800,29.798889,-96.531944,1997-12-03 08:30:00,1997-12-03 11:00:00,13.6204,1997-12-03 09:00:00,0.5000
08160800,29.798889,-96.531944,1997-12-08 01:30:00,1997-12-08 02:30:00,7.1075,1997-12-08 01:45:00,0.2500
08160800,29.798889,-96.531944,1998-02-22 02:45:00,1998-02-22 09:15:00,23.9277,1998-02-22 04:30:00,1.7500
08160800,29.798889,-96.531944,1998-02-26 08:30:00,1998-02-26 15:45:00,57.4832,1998-02-26 10:00:00,1.5000
08160800,29.798889,-96.531944,1998-10-18 01:45:00,1998-10-20 03:00:00,98.8258,1998-10-18 11:00:00,9.2500
08160800,29.798889,-96.531944,1998-11-12 17:15:00,1998-11-15 19:45:00,68.5268,1998-11-13 05:30:00,12.2500
08160800,29.798889,-96.531944,1999-06-25 20:00:00,1999-06-26 00:15:00,22.9933,1999-06-25 20:45:00,0.7500
08160800,29.798889,-96.531944,1999-07-13 20:30:00,1999-07-13 21:15:00,11.4683,1999-07-13 20:45:00,0.2500
08160800,29.798889,-96.531944,2000-06-11 03:30:00,2000-06-11 07:00:00,22.9083,2000-06-11 04:30:00,1.0000
08160800,29.798889,-96.531944,2000-11-18 17:00:00,2000-11-18 21:00:00,13.1390,2000-11-18 18:15:00,1.2500
08160800,29.798889,-96.531944,2000-11-24 08:00:00,2000-11-24 09:30:00,10.1374,2000-11-24 08:30:00,0.5000
08160800,29.798889,-96.531944,2001-03-14 20:45:00,2001-03-15 02:00:00,36.5287,2001-03-14 22:00:00,1.2500
08160800,29.798889,-96.531944,2001-03-28 01:15:00,2001-03-28 06:15:00,15.4327,2001-03-28 02:30:00,1.2500
08160800,29.798889,-96.531944,2001-10-06 01:15:00,2001-10-06 03:15:00,13.3372,2001-10-06 02:00:00,0.7500
08160800,29.798889,-96.531944,2001-10-13 07:45:00,2001-10-13 14:45:00,46.4396,2001-10-13 09:15:00,1.5000
08160800,29.798889,-96.531944,2001-12-12 03:15:00,2001-12-12 06:30:00,23.3331,2001-12-12 04:15:00,1.0000
08160800,29.798889,-96.531944,2002-04-08 11:00:00,2002-04-08 14:15:00,16.9901,2002-04-08 12:15:00,1.2500
08160800,29.798889,-96.531944,2002-10-24 21:45:00,2002-10-25 00:00:00,10.5905,2002-10-24 22:45:00,1.0000
08160800,29.798889,-96.531944,2002-11-04 07:00:00,2002-11-05 12:00:00,34.5466,2002-11-05 04:30:00,21.5000
08160800,29.798889,-96.531944,2002-12-09 19:00:00,2002-12-09 21:45:00,7.9570,2002-12-09 20:30:00,1.5000
08160800,29.798889,-96.531944,2002-12-12 17:00:00,2002-12-12 22:15:00,41.0594,2002-12-12 18:15:00,1.2500
08160800,29.798889,-96.531944,2002-12-23 14:45:00,2002-12-24 08:00:00,19.1139,2002-12-24 04:45:00,14.0000
08160800,29.798889,-96.531944,2002-12-31 02:30:00,2002-12-31 14:00:00,19.1705,2002-12-31 03:15:00,0.7500
08160800,29.798889,-96.531944,2003-01-12 20:45:00,2003-01-12 22:45:00,9.0614,2003-01-12 21:30:00,0.7500
08160800,29.798889,-96.531944,2003-02-21 14:45:00,2003-02-21 17:00:00,9.3729,2003-02-21 15:30:00,0.7500
08160800,29.798889,-96.531944,2003-02-25 11:30:00,2003-02-25 15:15:00,25.5701,2003-02-25 12:15:00,0.7500
08160800,29.798889,-96.531944,2003-03-03 18:30:00,2003-03-03 23:15:00,14.6115,2003-03-03 19:45:00,1.2500
08160800,29.798889,-96.531944,2003-10-06 05:45:00,2003-10-06 07:45:00,13.6770,2003-10-06 06:45:00,1.0000
08160800,29.798889,-96.531944,2004-01-17 04:00:00,2004-01-17 06:30:00,10.5905,2004-01-17 04:45:00,0.7500
08160800,29.798889,-96.531944,2004-01-25 03:45:00,2004-01-25 07:00:00,16.5937,2004-01-25 05:15:00,1.5000
08160800,29.798889,-96.531944,2004-02-05 13:30:00,2004-02-05 15:00:00,7.8154,2004-02-05 14:00:00,0.5000
08160800,29.798889,-96.531944,2004-04-11 00:30:00,2004-04-11 02:30:00,15.2911,2004-04-11 01:00:00,0.5000
08160800,29.798889,-96.531944,2004-04-25 16:45:00,2004-04-25 19:00:00,8.3535,2004-04-25 17:30:00,0.7500
08160800,29.798889,-96.531944,2004-05-01 13:30:00,2004-05-01 20:30:00,21.4925,2004-05-01 14:15:00,0.7500
08160800,29.798889,-96.531944,2004-05-13 22:00:00,2004-05-14 10:45:00,22.8234,2004-05-13 23:30:00,1.5000
08160800,29.798889,-96.531944,2004-06-05 05:00:00,2004-06-05 09:00:00,30.8654,2004-06-05 05:45:00,0.7500
08160800,29.798889,-96.531944,2004-06-08 01:45:00,2004-06-09 03:15:00,47.0060,2004-06-08 17:30:00,15.7500
08160800,29.798889,-96.531944,2004-06-11 10:30:00,2004-06-11 16:30:00,31.4317,2004-06-11 12:30:00,2.0000
08160800,29.798889,-96.531944,2004-06-15 20:00:00,2004-06-16 04:00:00,79.5703,2004-06-15 21:00:00,1.0000
08160800,29.798889,-96.531944,2004-06-23 12:00:00,2004-06-24 12:00:00,15.7442,2004-06-24 07:00:00,19.0000
08160800,29.798889,-96.531944,2004-06-28 19:30:00,2004-06-30 20:45:00,56.6337,2004-06-28 20:15:00,0.7500
08160800,29.798889,-96.531944,2004-11-17 23:00:00,2004-11-17 23:30:00,6.8810,2004-11-17 23:15:00,0.2500
08160800,29.798889,-96.531944,2004-11-22 13:45:00,2004-11-23 07:30:00,84.6674,2004-11-22 22:15:00,8.5000
08160800,29.798889,-96.531944,2005-01-28 11:45:00,2005-01-28 13:30:00,9.1180,2005-01-28 12:15:00,0.5000
08160800,29.798889,-96.531944,2005-03-02 17:45:00,2005-03-02 21:30:00,11.5816,2005-03-02 19:00:00,1.2500
08160800,29.798889,-96.531944,2005-07-15 00:30:00,2005-07-15 01:15:00,11.1852,2005-07-15 00:45:00,0.2500
08160800,29.798889,-96.531944,2007-01-14 01:15:00,2007-01-14 09:15:00,47.8555,2007-01-14 04:15:00,3.0000
08160800,29.798889,-96.531944,2007-03-14 03:45:00,2007-03-15 00:45:00,11.1285,2007-03-14 23:00:00,19.2500
08160800,29.798889,-96.531944,2007-03-31 10:30:00,2007-03-31 15:45:00,60.3149,2007-03-31 11:30:00,1.0000
08160800,29.798889,-96.531944,2007-05-27 17:30:00,2007-05-27 21:30:00,12.7426,2007-05-27 18:30:00,1.0000
08160800,29.798889,-96.531944,2007-11-18 05:00:00,2007-11-18 17:30:00,82.1189,2007-11-18 07:00:00,2.0000
08160800,29.798889,-96.531944,2007-11-24 15:45:00,2007-11-24 18:30:00,11.1852,2007-11-24 16:30:00,0.7500
08160800,29.798889,-96.531944,2008-04-27 16:15:00,2008-04-27 19:00:00,25.5135,2008-04-27 16:45:00,0.5000
08160800,29.798889,-96.531944,2009-04-17 17:15:00,2009-04-18 22:45:00,102.7902,2009-04-17 21:30:00,4.2500
08160800,29.798889,-96.531944,2009-09-13 09:15:00,2009-09-13 10:00:00,8.6933,2009-09-13 09:30:00,0.2500
08160800,29.798889,-96.531944,2009-10-04 03:00:00,2009-10-04 05:30:00,15.0362,2009-10-04 03:45:00,0.7500
08160800,29.798889,-96.531944,2009-10-09 17:00:00,2009-10-09 20:30:00,10.9303,2009-10-09 18:00:00,1.0000
08160800,29.798889,-96.531944,2009-12-23 22:00:00,2009-12-23 23:45:00,11.0719,2009-12-23 22:30:00,0.5000
08160800,29.798889,-96.531944,2010-01-16 00:30:00,2010-01-16 02:30:00,7.9004,2010-01-16 01:00:00,0.5000
08160800,29.798889,-96.531944,2010-02-12 01:45:00,2010-02-12 05:15:00,9.5145,2010-02-12 03:00:00,1.2500
08160800,29.798889,-96.531944,2010-05-15 13:45:00,2010-05-15 16:30:00,10.2790,2010-05-15 14:45:00,1.0000
08160800,29.798889,-96.531944,2012-01-25 14:30:00,2012-01-25 20:00:00,76.7387,2012-01-25 16:00:00,1.5000
08160800,29.798889,-96.531944,2012-02-18 10:00:00,2012-02-18 15:00:00,54.6515,2012-02-18 11:00:00,1.0000
08160800,29.798889,-96.531944,2012-03-09 21:45:00,2012-03-11 22:30:00,29.7327,2012-03-11 17:15:00,42.5000
08160800,29.798889,-96.531944,2012-03-20 12:30:00,2012-03-20 18:00:00,15.8858,2012-03-20 14:30:00,2.0000
08160800,29.798889,-96.531944,2012-07-12 11:00:00,2012-07-12 22:00:00,100.2416,2012-07-12 16:30:00,5.5000
08160800,29.798889,-96.531944,2013-10-13 13:45:00,2013-10-13 17:15:00,11.6949,2013-10-13 15:00:00,1.2500
08160800,29.798889,-96.531944,2013-10-19 04:45:00,2013-10-19 09:15:00,23.9561,2013-10-19 06:30:00,1.7500
08160800,29.798889,-96.531944,2013-10-30 12:15:00,2013-10-31 19:30:00,50.4040,2013-10-31 15:15:00,27.0000
08160800,29.798889,-96.531944,2014-01-09 21:30:00,2014-01-09 23:00:00,7.7022,2014-01-09 22:00:00,0.5000
08160800,29.798889,-96.531944,2014-03-09 07:00:00,2014-03-09 11:00:00,10.1941,2014-03-09 08:15:00,1.2500
08160800,29.798889,-96.531944,2014-05-13 06:00:00,2014-05-13 18:00:00,103.9228,2014-05-13 08:00:00,2.0000
08160800,29.798889,-96.531944,2014-05-27 11:30:00,2014-05-28 03:30:00,43.8911,2014-05-27 13:00:00,1.5000
08160800,29.798889,-96.531944,2014-12-19 07:15:00,2014-12-19 18:30:00,12.7426,2014-12-19 08:45:00,1.5000
08160800,29.798889,-96.531944,2015-01-22 19:30:00,2015-01-22 22:30:00,9.7693,2015-01-22 20:45:00,1.2500
08160800,29.798889,-96.531944,2015-03-09 12:30:00,2015-03-10 05:15:00,79.5703,2015-03-09 20:00:00,7.5000
08160800,29.798889,-96.531944,2015-03-21 10:30:00,2015-03-22 00:45:00,23.2764,2015-03-21 12:30:00,2.0000
08160800,29.798889,-96.531944,2015-04-17 01:45:00,2015-04-18 04:30:00,20.6430,2015-04-17 03:00:00,1.2500
08160800,29.798889,-96.531944,2015-04-25 14:45:00,2015-04-25 15:30:00,6.9659,2015-04-25 15:00:00,0.2500
08160800,29.798889,-96.531944,2015-05-17 18:15:00,2015-05-18 23:15:00,105.6218,2015-05-18 14:15:00,20.0000
08160800,29.798889,-96.531944,2015-05-26 02:15:00,2015-05-29 00:15:00,99.9585,2015-05-26 03:30:00,1.2500
08160800,29.798889,-96.531944,2015-05-31 03:00:00,2015-05-31 07:00:00,17.3582,2015-05-31 04:15:00,1.2500
08160800,29.798889,-96.531944,2015-06-17 01:30:00,2015-06-20 02:00:00,88.3486,2015-06-17 03:30:00,2.0000
08160800,29.798889,-96.531944,2015-10-24 22:45:00,2015-10-25 19:15:00,33.4139,2015-10-25 02:30:00,3.7500
08160800,29.798889,-96.531944,2015-10-31 12:30:00,2015-10-31 16:00:00,13.8186,2015-10-31 13:00:00,0.5000
08160800,29.798889,-96.531944,2015-11-17 15:00:00,2015-11-17 23:00:00,33.1307,2015-11-17 18:30:00,3.5000
08160800,29.798889,-96.531944,2015-12-13 12:15:00,2015-12-13 22:00:00,47.8555,2015-12-13 14:15:00,2.0000
08160800,29.798889,-96.531944,2015-12-27 21:00:00,2015-12-28 02:00:00,16.2822,2015-12-27 22:15:00,1.2500
08160800,29.798889,-96.531944,2016-02-23 12:30:00,2016-02-23 15:30:00,17.5564,2016-02-23 13:30:00,1.0000
08160800,29.798889,-96.531944,2016-03-09 17:00:00,2016-03-10 15:30:00,43.6079,2016-03-09 18:45:00,1.7500
08160800,29.798889,-96.531944,2016-03-12 11:30:00,2016-03-12 15:00:00,10.3923,2016-03-12 12:45:00,1.2500
08160800,29.798889,-96.531944,2016-04-18 03:45:00,2016-04-19 09:30:00,334.1388,2016-04-18 11:00:00,7.2500
08160800,29.798889,-96.531944,2016-04-20 15:45:00,2016-04-21 23:15:00,33.9802,2016-04-21 16:30:00,24.7500
08160800,29.798889,-96.531944,2016-05-19 18:45:00,2016-05-20 01:00:00,42.4753,2016-05-19 20:15:00,1.5000
08160800,29.798889,-96.531944,2016-05-27 09:45:00,2016-05-28 09:30:00,96.8436,2016-05-27 21:45:00,12.0000
08181480,29.329722,-98.583889,1990-07-16 03:45:00,1990-07-16 15:45:00,148.3803,1990-07-16 06:45:00,3.0000
08181480,29.329722,-98.583889,1991-04-05 17:30:00,1991-04-06 00:30:00,102.5070,1991-04-05 19:45:00,2.2500
08181480,29.329722,-98.583889,1991-12-20 04:00:00,1991-12-22 22:15:00,444.5745,1991-12-22 02:30:00,46.5000
08181480,29.329722,-98.583889,1992-02-04 07:15:00,1992-02-05 06:00:00,319.9804,1992-02-04 17:30:00,10.2500
08181480,29.329722,-98.583889,1992-03-04 20:00:00,1992-03-05 08:45:00,150.6456,1992-03-05 02:00:00,6.0000
08181480,29.329722,-98.583889,1992-05-22 09:45:00,1992-05-22 22:30:00,224.5526,1992-05-22 13:15:00,3.5000
08181480,29.329722,-98.583889,1992-05-27 10:45:00,1992-05-28 03:45:00,139.0357,1992-05-27 18:30:00,7.7500
08181480,29.329722,-98.583889,1992-06-10 05:30:00,1992-06-10 10:45:00,78.1545,1992-06-10 07:30:00,2.0000
08181480,29.329722,-98.583889,1993-05-06 04:45:00,1993-05-06 18:15:00,356.7923,1993-05-06 08:30:00,3.7500
08181480,29.329722,-98.583889,1994-10-08 16:15:00,1994-10-09 00:00:00,131.1070,1994-10-08 19:00:00,2.7500
08181480,29.329722,-98.583889,1995-06-29 13:15:00,1995-06-29 15:00:00,75.6060,1995-06-29 14:00:00,0.7500
08181480,29.329722,-98.583889,1997-06-22 16:15:00,1997-06-23 04:45:00,790.0400,1997-06-23 01:30:00,9.2500
08181480,29.329722,-98.583889,1998-08-23 13:30:00,1998-08-23 17:00:00,71.0753,1998-08-23 15:00:00,1.5000
08181480,29.329722,-98.583889,1998-10-17 17:15:00,1998-10-18 04:45:00,894.8124,1998-10-17 21:30:00,4.2500
08181480,29.329722,-98.583889,2000-10-24 00:15:00,2000-10-24 13:45:00,203.5981,2000-10-24 03:15:00,3.0000
08181480,29.329722,-98.583889,2000-11-03 05:00:00,2000-11-03 20:15:00,210.9605,2000-11-03 14:15:00,9.2500
08181480,29.329722,-98.583889,2001-04-23 23:30:00,2001-04-24 01:45:00,69.9426,2001-04-24 00:30:00,1.0000
08181480,29.329722,-98.583889,2001-08-31 19:30:00,2001-09-01 06:00:00,164.5209,2001-08-31 22:45:00,3.2500
08181480,29.329722,-98.583889,2001-11-16 04:00:00,2001-11-16 16:45:00,430.4161,2001-11-16 08:00:00,4.0000
08181480,29.329722,-98.583889,2002-07-01 20:00:00,2002-07-05 04:45:00,1291.2482,2002-07-03 00:30:00,28.5000
08181480,29.329722,-98.583889,2002-07-16 03:30:00,2002-07-16 05:45:00,69.3763,2002-07-16 04:30:00,1.0000
08181480,29.329722,-98.583889,2002-09-08 11:30:00,2002-09-10 00:00:00,112.7010,2002-09-09 19:00:00,31.5000
08181480,29.329722,-98.583889,2002-10-09 11:00:00,2002-10-09 12:30:00,65.9783,2002-10-09 11:30:00,0.5000
08181480,29.329722,-98.583889,2002-10-23 10:45:00,2002-10-25 08:45:00,105.9050,2002-10-25 02:15:00,39.5000
08181480,29.329722,-98.583889,2004-06-29 22:45:00,2004-06-30 11:00:00,73.6238,2004-06-29 23:45:00,1.0000
08181480,29.329722,-98.583889,2004-11-17 12:45:00,2004-11-18 07:30:00,102.2238,2004-11-17 20:15:00,7.5000
08181480,29.329722,-98.583889,2004-11-22 20:15:00,2004-11-23 11:15:00,526.6933,2004-11-23 01:45:00,5.5000
08181480,29.329722,-98.583889,2006-05-05 16:15:00,2006-05-05 20:15:00,103.3565,2006-05-05 17:30:00,1.2500
08181480,29.329722,-98.583889,2007-06-28 21:00:00,2007-06-29 12:45:00,402.0992,2007-06-29 04:00:00,7.0000
08181480,29.329722,-98.583889,2007-07-21 16:30:00,2007-07-22 08:15:00,211.8100,2007-07-22 01:15:00,8.7500
08181480,29.329722,-98.583889,2007-07-24 14:30:00,2007-07-25 14:45:00,83.2515,2007-07-25 10:15:00,19.7500
08181480,29.329722,-98.583889,2007-08-16 20:15:00,2007-08-17 19:45:00,1095.8620,2007-08-17 06:45:00,10.5000
08181480,29.329722,-98.583889,2007-09-05 19:45:00,2007-09-06 01:00:00,97.1268,2007-09-05 21:45:00,2.0000
08181480,29.329722,-98.583889,2009-10-04 22:45:00,2009-10-05 05:15:00,108.4535,2009-10-05 00:45:00,2.0000
08181480,29.329722,-98.583889,2009-10-22 18:30:00,2009-10-22 19:45:00,64.2792,2009-10-22 19:00:00,0.5000
08181480,29.329722,-98.583889,2010-04-17 22:00:00,2010-04-18 09:15:00,461.5646,2010-04-18 00:15:00,2.2500
08181480,29.329722,-98.583889,2010-05-15 01:30:00,2010-05-16 03:15:00,150.3625,2010-05-15 04:00:00,2.5000
08181480,29.329722,-98.583889,2010-09-08 09:15:00,2010-09-08 23:00:00,230.7823,2010-09-08 16:15:00,7.0000
08181480,29.329722,-98.583889,2011-10-09 17:30:00,2011-10-09 23:30:00,115.2496,2011-10-09 19:30:00,2.0000
08181480,29.329722,-98.583889,2012-08-19 11:15:00,2012-08-19 13:15:00,73.6238,2012-08-19 12:00:00,0.7500
08181480,29.329722,-98.583889,2013-05-25 14:30:00,2013-05-26 04:30:00,1415.8423,2013-05-25 18:30:00,4.0000
08181480,29.329722,-98.583889,2015-05-24 10:15:00,2015-05-24 15:30:00,72.4911,2015-05-24 12:30:00,2.2500
08181480,29.329722,-98.583889,2015-10-30 21:00:00,2015-10-31 06:30:00,308.6536,2015-10-31 01:00:00,4.0000
08181480,29.329722,-98.583889,2016-05-20 01:00:00,2016-05-20 10:45:00,80.9862,2016-05-20 04:00:00,3.0000
08202700,29.370556,-99.287500,1991-12-21 12:30:00,1991-12-21 21:30:00,238.7110,1991-12-21 18:00:00,5.5000
08202700,29.370556,-99.287500,1992-02-04 06:15:00,1992-02-04 08:30:00,166.2199,1992-02-04 06:30:00,0.2500
08202700,29.370556,-99.287500,1992-03-04 15:30:00,1992-03-04 16:30:00,109.5862,1992-03-04 16:00:00,0.5000
08202700,29.370556,-99.287500,1992-06-09 19:30:00,1992-06-09 21:00:00,144.6991,1992-06-09 19:45:00,0.2500
08202700,29.370556,-99.287500,1997-06-22 11:45:00,1997-06-23 03:30:00,1455.4859,1997-06-22 16:15:00,4.5000
08202700,29.370556,-99.287500,1998-08-23 10:45:00,1998-08-23 18:45:00,543.6835,1998-08-23 15:15:00,4.5000
08202700,29.370556,-99.287500,1998-10-18 10:00:00,1998-10-18 15:30:00,758.8915,1998-10-18 11:45:00,1.7500
08202700,29.370556,-99.287500,2000-10-17 21:30:00,2000-10-17 22:15:00,99.3921,2000-10-17 22:15:00,0.7500
08202700,29.370556,-99.287500,2002-07-02 12:15:00,2002-07-06 02:00:00,433.2478,2002-07-05 20:30:00,80.2500
08202700,29.370556,-99.287500,2004-06-30 10:15:00,2004-06-30 18:15:00,1243.1096,2004-06-30 12:00:00,1.7500
08202700,29.370556,-99.287500,2007-03-31 07:15:00,2007-03-31 09:45:00,133.6555,2007-03-31 08:15:00,1.0000
08202700,29.370556,-99.287500,2007-07-21 10:30:00,2007-07-22 02:15:00,1478.1394,2007-07-21 13:15:00,2.7500
08202700,29.370556,-99.287500,2010-04-16 04:30:00,2010-04-16 06:45:00,218.3229,2010-04-16 05:15:00,0.7500
08202700,29.370556,-99.287500,2010-05-14 21:15:00,2010-05-14 22:30:00,142.7169,2010-05-14 21:30:00,0.2500
08202700,29.370556,-99.287500,2014-05-26 09:15:00,2014-05-26 22:45:00,382.2774,2014-05-26 19:45:00,10.5000
08202700,29.370556,-99.287500,2015-05-24 05:00:00,2015-05-24 15:00:00,552.1785,2015-05-24 05:30:00,0.5000
08202700,29.370556,-99.287500,2016-05-29 12:00:00,2016-05-29 14:45:00,257.4001,2016-05-29 12:15:00,0.2500
08018500,32.613611,-95.485556,1991-10-31 08:00:00,1991-11-16 01:00:00,148.0971,1991-11-05 20:00:00,132.0000
08018500,32.613611,-95.485556,1992-02-13 09:00:00,1992-02-18 20:30:00,67.6773,1992-02-16 19:00:00,82.0000
08018500,32.613611,-95.485556,1992-05-25 13:30:00,1992-06-02 13:30:00,61.7307,1992-05-28 16:30:00,75.0000
08018500,32.613611,-95.485556,1992-07-01 16:30:00,1992-07-14 16:00:00,130.2575,1992-07-06 20:30:00,124.0000
08018500,32.613611,-95.485556,1992-11-23 02:30:00,1992-11-26 10:30:00,59.1822,1992-11-24 22:30:00,44.0000
08018500,32.613611,-95.485556,1992-12-15 17:30:00,1992-12-25 12:30:00,257.6833,1992-12-18 19:00:00,73.5000
08018500,32.613611,-95.485556,1993-01-04 18:00:00,1993-01-09 00:30:00,86.3664,1993-01-05 22:30:00,28.5000
08018500,32.613611,-95.485556,1993-01-10 06:30:00,1993-01-15 09:30:00,70.5089,1993-01-13 00:00:00,65.5000
08018500,32.613611,-95.485556,1993-01-21 17:00:00,1993-01-25 03:30:00,62.0139,1993-01-23 15:00:00,46.0000
08018500,32.613611,-95.485556,1993-02-07 08:30:00,1993-02-10 09:00:00,55.2179,1993-02-08 19:30:00,35.0000
08018500,32.613611,-95.485556,1993-02-16 07:30:00,1993-02-23 18:30:00,94.0119,1993-02-19 05:00:00,69.5000
08018500,32.613611,-95.485556,1993-02-26 06:00:00,1993-03-17 18:30:00,191.1387,1993-03-01 17:30:00,83.5000
08018500,32.613611,-95.485556,1993-03-22 19:00:00,1993-03-25 11:00:00,51.8198,1993-03-23 22:00:00,27.0000
08018500,32.613611,-95.485556,1993-04-16 19:30:00,1993-04-27 01:30:00,65.4119,1993-04-22 19:30:00,144.0000
08018500,32.613611,-95.485556,1993-10-20 12:30:00,1993-10-28 01:00:00,302.9903,1993-10-23 10:30:00,70.0000
08018500,32.613611,-95.485556,1993-12-08 20:30:00,1993-12-21 22:00:00,66.2614,1993-12-12 22:30:00,98.0000
08018500,32.613611,-95.485556,1994-02-21 16:00:00,1994-03-20 23:30:00,259.9487,1994-02-25 17:30:00,97.5000
08018500,32.613611,-95.485556,1994-04-13 15:30:00,1994-04-15 22:00:00,54.0852,1994-04-14 22:30:00,31.0000
08018500,32.613611,-95.485556,1994-05-05 07:00:00,1994-05-08 21:30:00,55.5010,1994-05-07 00:30:00,41.5000
08018500,32.613611,-95.485556,1994-05-14 09:00:00,1994-05-27 00:00:00,201.0496,1994-05-16 12:30:00,51.5000
08018500,32.613611,-95.485556,1994-06-01 09:30:00,1994-06-03 08:30:00,50.4040,1994-06-02 08:00:00,22.5000
08018500,32.613611,-95.485556,1994-07-14 15:00:00,1994-07-28 20:30:00,150.6456,1994-07-19 17:00:00,122.0000
08018500,32.613611,-95.485556,1994-11-05 10:00:00,1994-11-30 21:00:00,159.9902,1994-11-07 05:00:00,43.0000
08018500,32.613611,-95.485556,1994-12-11 00:00:00,1995-01-02 13:00:00,441.7428,1994-12-18 00:00:00,168.0000
08018500,32.613611,-95.485556,1995-01-14 11:00:00,1995-02-08 13:00:00,171.3169,1995-01-17 07:30:00,68.5000
08018500,32.613611,-95.485556,1995-03-14 13:00:00,1995-03-26 19:00:00,259.9487,1995-03-16 21:30:00,56.5000
08018500,32.613611,-95.485556,1995-04-06 16:30:00,1995-04-19 13:30:00,74.1901,1995-04-14 17:30:00,193.0000
08018500,32.613611,-95.485556,1995-04-20 16:30:00,1995-05-03 00:30:00,132.5228,1995-04-26 18:30:00,146.0000
08018500,32.613611,-95.485556,1995-05-06 19:30:00,1995-05-26 20:30:00,421.9210,1995-05-10 23:00:00,99.5000
08018500,32.613611,-95.485556,1995-05-31 21:00:00,1995-06-03 21:00:00,99.9585,1995-06-01 21:00:00,24.0000
08018500,32.613611,-95.485556,1997-02-13 07:45:00,1997-02-19 16:45:00,192.5546,1997-02-16 15:45:00,80.0000
08018500,32.613611,-95.485556,1997-02-21 04:00:00,1997-03-30 04:30:00,268.7269,1997-02-23 18:15:00,62.2500
08018500,32.613611,-95.485556,1997-04-05 00:15:00,1997-04-21 12:15:00,201.0496,1997-04-08 20:30:00,91.2500
08018500,32.613611,-95.485556,1997-04-26 14:30:00,1997-05-08 23:15:00,300.1586,1997-04-29 13:45:00,71.2500
08018500,32.613611,-95.485556,1997-06-19 23:45:00,1997-06-22 09:00:00,54.0852,1997-06-21 05:15:00,29.5000
08018500,32.613611,-95.485556,1997-12-23 20:00:00,1998-01-04 15:45:00,85.5169,1997-12-26 22:30:00,74.5000
08018500,32.613611,-95.485556,1998-01-06 09:15:00,1998-01-30 16:15:00,272.9744,1998-01-10 14:45:00,101.5000
08018500,32.613611,-95.485556,1998-02-11 09:15:00,1998-02-17 05:45:00,134.7882,1998-02-14 18:30:00,81.2500
08018500,32.613611,-95.485556,1998-03-01 06:00:00,1998-03-03 05:45:00,59.7485,1998-03-02 04:30:00,22.5000
08018500,32.613611,-95.485556,1998-03-04 06:00:00,1998-03-07 09:45:00,56.9169,1998-03-04 08:00:00,2.0000
08018500,32.613611,-95.485556,1998-03-17 02:15:00,1998-03-27 18:00:00,135.9209,1998-03-20 18:15:00,88.0000
08018500,32.613611,-95.485556,1998-10-07 03:30:00,1998-10-12 04:15:00,85.2337,1998-10-10 15:30:00,84.0000
08018500,32.613611,-95.485556,1998-11-13 21:15:00,1998-11-20 17:00:00,121.4793,1998-11-17 11:30:00,86.2500
08018500,32.613611,-95.485556,1998-12-06 09:45:00,1999-01-07 04:30:00,264.1962,1998-12-13 20:15:00,178.5000
08018500,32.613611,-95.485556,1999-01-30 07:00:00,1999-02-13 15:30:00,192.5546,1999-02-02 02:00:00,67.0000
08018500,32.613611,-95.485556,1999-03-13 21:00:00,1999-03-21 05:15:00,115.2496,1999-03-17 15:15:00,90.2500
08018500,32.613611,-95.485556,1999-04-05 00:45:00,1999-04-10 06:00:00,68.2436,1999-04-07 12:30:00,59.7500
08018500,32.613611,-95.485556,2000-06-15 23:30:00,2000-06-24 12:30:00,523.8617,2000-06-17 18:45:00,43.2500
08018500,32.613611,-95.485556,2000-11-09 11:30:00,2000-11-11 05:45:00,52.1030,2000-11-10 03:45:00,16.2500
08018500,32.613611,-95.485556,2000-11-26 03:45:00,2000-11-29 14:45:00,56.3505,2000-11-27 18:15:00,38.5000
08018500,32.613611,-95.485556,2000-12-26 17:00:00,2001-01-15 15:00:00,274.6734,2000-12-30 02:00:00,81.0000
08018500,32.613611,-95.485556,2001-01-17 19:15:00,2001-02-07 23:30:00,145.8318,2001-01-22 03:30:00,104.2500
08018500,32.613611,-95.485556,2001-02-15 17:15:00,2001-04-10 03:30:00,546.5151,2001-02-18 17:45:00,72.5000
08018500,32.613611,-95.485556,2001-10-15 01:15:00,2001-10-19 12:45:00,86.0832,2001-10-17 18:30:00,65.2500
08018500,32.613611,-95.485556,2001-12-01 02:00:00,2001-12-02 01:45:00,47.5723,2001-12-01 13:15:00,11.2500
08018500,32.613611,-95.485556,2001-12-16 16:45:00,2002-01-02 05:15:00,222.8536,2001-12-19 07:00:00,62.2500
08018500,32.613611,-95.485556,2002-02-05 20:30:00,2002-02-17 13:45:00,83.5347,2002-02-10 20:30:00,120.0000
08018500,32.613611,-95.485556,2002-02-22 04:00:00,2002-02-22 18:45:00,46.7228,2002-02-22 11:15:00,7.2500
08018500,32.613611,-95.485556,2002-03-19 08:45:00,2002-04-21 05:00:00,137.3367,2002-03-23 05:45:00,93.0000
08018500,32.613611,-95.485556,2002-04-22 09:30:00,2002-04-27 13:45:00,52.9525,2002-04-24 21:15:00,59.7500
08018500,32.613611,-95.485556,2002-05-10 11:45:00,2002-05-24 00:00:00,80.4198,2002-05-15 06:30:00,114.7500
08018500,32.613611,-95.485556,2002-10-24 02:45:00,2002-11-02 09:30:00,63.7129,2002-10-29 02:45:00,121.0000
08018500,32.613611,-95.485556,2002-12-26 15:00:00,2002-12-28 16:15:00,51.5367,2002-12-27 19:15:00,28.2500
08018500,32.613611,-95.485556,2003-01-01 09:45:00,2003-01-08 12:30:00,108.1704,2003-01-05 00:45:00,87.0000
08018500,32.613611,-95.485556,2003-02-22 12:15:00,2003-03-10 03:30:00,132.2397,2003-02-26 16:15:00,100.0000
08018500,32.613611,-95.485556,2003-05-28 07:00:00,2003-05-29 20:00:00,49.5545,2003-05-29 00:00:00,17.0000
08018500,32.613611,-95.485556,2004-05-02 10:15:00,2004-05-07 00:00:00,76.4555,2004-05-05 04:15:00,66.0000
08018500,32.613611,-95.485556,2004-11-25 02:45:00,2004-11-29 07:00:00,64.2792,2004-11-27 07:00:00,52.2500
08018500,32.613611,-95.485556,2005-01-08 09:15:00,2005-01-13 08:00:00,55.5010,2005-01-11 02:00:00,64.7500
08018500,32.613611,-95.485556,2006-03-21 04:00:00,2006-03-26 16:45:00,120.3466,2006-03-24 13:30:00,81.5000
08018500,32.613611,-95.485556,2007-01-14 10:30:00,2007-01-22 01:30:00,137.9030,2007-01-16 19:00:00,56.5000
08018500,32.613611,-95.485556,2007-04-01 10:45:00,2007-04-07 04:15:00,143.8496,2007-04-04 04:30:00,65.7500
08018500,32.613611,-95.485556,2007-05-31 20:00:00,2007-06-06 23:00:00,64.8456,2007-06-03 00:45:00,52.7500
08018500,32.613611,-95.485556,2007-07-01 12:15:00,2007-07-30 02:30:00,489.8814,2007-07-08 15:45:00,171.5000
08018500,32.613611,-95.485556,2008-02-18 04:45:00,2008-02-22 19:00:00,62.5802,2008-02-21 03:45:00,71.0000
08018500,32.613611,-95.485556,2008-03-07 04:15:00,2008-03-18 04:45:00,112.4179,2008-03-12 08:45:00,123.5000
08018500,32.613611,-95.485556,2008-03-19 05:00:00,2008-03-26 04:45:00,286.0002,2008-03-23 16:00:00,107.0000
08018500,32.613611,-95.485556,2008-03-27 05:00:00,2008-04-23 15:00:00,199.6338,2008-03-27 05:30:00,0.5000
08018500,32.613611,-95.485556,2008-05-17 20:45:00,2008-05-20 21:30:00,50.1208,2008-05-19 11:45:00,39.0000
08018500,32.613611,-95.485556,2008-06-13 11:30:00,2008-06-15 18:45:00,52.3862,2008-06-14 20:00:00,32.5000
08018500,32.613611,-95.485556,2009-03-13 12:30:00,2009-03-19 02:30:00,71.3585,2009-03-16 08:00:00,67.5000
08018500,32.613611,-95.485556,2009-04-19 07:30:00,2009-04-23 06:00:00,80.1367,2009-04-20 23:45:00,40.2500
08018500,32.613611,-95.485556,2009-05-03 20:15:00,2009-05-11 18:00:00,264.7625,2009-05-06 09:00:00,60.7500
08018500,32.613611,-95.485556,2009-09-15 10:45:00,2009-09-20 23:45:00,84.1010,2009-09-17 22:30:00,59.7500
08018500,32.613611,-95.485556,2009-12-26 21:30:00,2009-12-29 19:15:00,53.5188,2009-12-28 04:30:00,31.0000
08018500,32.613611,-95.485556,2010-01-30 07:15:00,2010-02-11 05:45:00,252.5863,2010-02-07 12:15:00,197.0000
08018500,32.613611,-95.485556,2010-02-13 06:00:00,2010-03-08 10:00:00,204.4476,2010-02-13 06:15:00,0.2500
08018500,32.613611,-95.485556,2010-03-09 18:30:00,2010-03-19 18:45:00,118.9308,2010-03-13 12:30:00,90.0000
08018500,32.613611,-95.485556,2010-03-22 03:15:00,2010-04-04 12:00:00,116.9486,2010-03-29 08:30:00,173.2500
08018500,32.613611,-95.485556,2012-01-27 16:00:00,2012-01-31 00:15:00,59.1822,2012-01-29 21:30:00,53.5000
08018500,32.613611,-95.485556,2012-02-19 20:45:00,2012-02-23 12:15:00,58.0495,2012-02-21 22:00:00,49.2500
08018500,32.613611,-95.485556,2012-03-11 17:00:00,2012-03-17 14:00:00,162.2555,2012-03-14 17:00:00,72.0000
08018500,32.613611,-95.485556,2012-03-20 15:45:00,2012-03-27 14:00:00,264.7625,2012-03-22 04:15:00,36.5000
08018500,32.613611,-95.485556,2013-12-22 07:45:00,2013-12-27 07:15:00,99.3921,2013-12-24 05:15:00,45.5000
08018500,32.613611,-95.485556,2015-02-27 02:30:00,2015-03-02 06:45:00,52.6693,2015-02-28 13:00:00,34.5000
08018500,32.613611,-95.485556,2015-03-06 02:00:00,2015-03-18 08:15:00,195.3862,2015-03-11 15:45:00,132.7500
08018500,32.613611,-95.485556,2015-03-21 13:00:00,2015-03-26 17:45:00,82.6852,2015-03-24 08:45:00,67.7500
08018500,32.613611,-95.485556,2015-04-18 10:00:00,2015-04-18 18:00:00,47.0060,2015-04-18 11:30:00,1.5000
08018500,32.613611,-95.485556,2015-04-20 14:00:00,2015-04-23 13:45:00,51.8198,2015-04-22 08:00:00,42.0000
08018500,32.613611,-95.485556,2015-04-26 12:45:00,2015-05-02 09:45:00,91.1802,2015-04-30 01:30:00,84.7500
08018500,32.613611,-95.485556,2015-05-11 18:00:00,2015-05-18 00:45:00,86.9327,2015-05-13 01:30:00,31.5000
08018500,32.613611,-95.485556,2015-05-24 21:45:00,2015-06-13 22:15:00,200.7664,2015-05-29 02:45:00,101.0000
08018500,32.613611,-95.485556,2016-02-24 10:30:00,2016-02-29 15:15:00,66.5446,2016-02-27 19:00:00,80.5000
08018500,32.613611,-95.485556,2016-03-09 09:45:00,2016-03-27 14:00:00,365.2873,2016-03-11 22:00:00,60.2500
08018500,32.613611,-95.485556,2016-03-31 10:15:00,2016-04-03 16:30:00,76.1723,2016-04-01 12:00:00,25.7500
08017300,32.897778,-96.253056,2000-05-04 17:45:00,2000-05-05 19:00:00,41.3426,2000-05-05 06:45:00,13.0000
08017300,32.897778,-96.253056,2000-06-15 03:00:00,2000-06-19 05:45:00,302.9903,2000-06-15 20:45:00,17.7500
08017300,32.897778,-96.253056,2000-06-22 04:45:00,2000-06-23 08:45:00,119.2139,2000-06-22 10:00:00,5.2500
08017300,32.897778,-96.253056,2000-11-06 09:15:00,2000-11-07 12:00:00,213.2259,2000-11-06 15:00:00,5.7500
08017300,32.897778,-96.253056,2000-11-13 02:15:00,2000-11-13 19:15:00,24.3808,2000-11-13 08:00:00,5.7500
08017300,32.897778,-96.253056,2000-11-24 02:30:00,2000-11-25 22:30:00,97.1268,2000-11-24 13:00:00,10.5000
08017300,32.897778,-96.253056,2000-12-26 07:00:00,2000-12-29 06:15:00,161.1229,2000-12-26 20:45:00,13.7500
08017300,32.897778,-96.253056,2001-01-17 18:00:00,2001-01-19 07:00:00,33.6970,2001-01-18 04:15:00,10.2500
08017300,32.897778,-96.253056,2001-01-29 14:45:00,2001-01-30 10:15:00,30.2990,2001-01-29 21:00:00,6.2500
08017300,32.897778,-96.253056,2001-02-15 23:45:00,2001-02-17 18:00:00,407.7626,2001-02-16 14:45:00,15.0000
08017300,32.897778,-96.253056,2001-02-27 14:45:00,2001-03-02 15:00:00,76.4555,2001-02-28 10:15:00,19.5000
08017300,32.897778,-96.253056,2001-03-04 04:45:00,2001-03-04 16:30:00,24.6923,2001-03-04 08:45:00,4.0000
08017300,32.897778,-96.253056,2001-03-09 13:30:00,2001-03-10 00:00:00,22.6252,2001-03-09 16:45:00,3.2500
08017300,32.897778,-96.253056,2001-03-12 02:00:00,2001-03-13 07:15:00,119.2139,2001-03-12 07:30:00,5.5000
08017300,32.897778,-96.253056,2001-03-25 01:30:00,2001-03-25 21:15:00,30.5822,2001-03-25 12:15:00,10.7500
08017300,32.897778,-96.253056,2001-03-28 13:15:00,2001-03-29 02:15:00,22.6252,2001-03-28 19:00:00,5.7500
08017300,32.897778,-96.253056,2001-10-11 17:00:00,2001-10-14 10:45:00,47.0060,2001-10-13 18:00:00,49.0000
08017300,32.897778,-96.253056,2001-12-16 07:00:00,2001-12-18 06:15:00,557.8419,2001-12-16 14:45:00,7.7500
08017300,32.897778,-96.253056,2002-01-31 16:30:00,2002-02-01 20:30:00,94.0119,2002-02-01 02:00:00,9.5000
08017300,32.897778,-96.253056,2002-02-06 04:45:00,2002-02-07 14:15:00,22.7667,2002-02-07 08:00:00,27.2500
08017300,32.897778,-96.253056,2002-03-20 04:45:00,2002-03-21 10:30:00,161.1229,2002-03-20 12:30:00,7.7500
08017300,32.897778,-96.253056,2002-03-30 14:00:00,2002-04-01 08:30:00,135.0714,2002-03-31 04:30:00,14.5000
08017300,32.897778,-96.253056,2002-04-08 09:30:00,2002-04-09 07:00:00,29.4495,2002-04-08 23:30:00,14.0000
08017300,32.897778,-96.253056,2002-05-05 16:00:00,2002-05-06 05:15:00,37.9446,2002-05-05 20:30:00,4.5000
08017300,32.897778,-96.253056,2002-05-17 18:30:00,2002-05-18 15:00:00,40.4931,2002-05-18 01:30:00,7.0000
08017300,32.897778,-96.253056,2002-10-19 04:00:00,2002-10-20 22:00:00,549.3468,2002-10-19 14:30:00,10.5000
08017300,32.897778,-96.253056,2002-12-09 19:45:00,2002-12-10 19:15:00,25.0038,2002-12-10 08:00:00,12.2500
08017300,32.897778,-96.253056,2002-12-31 05:00:00,2003-01-01 03:45:00,34.8297,2002-12-31 15:15:00,10.2500
08017300,32.897778,-96.253056,2003-02-21 23:30:00,2003-02-23 09:30:00,66.2614,2003-02-22 15:45:00,16.2500
08017300,32.897778,-96.253056,2003-02-28 01:30:00,2003-02-28 19:45:00,28.8832,2003-02-28 07:00:00,5.5000
08017300,32.897778,-96.253056,2003-04-06 19:15:00,2003-04-07 14:15:00,75.3228,2003-04-07 02:00:00,6.7500
08017300,32.897778,-96.253056,2003-05-25 14:30:00,2003-05-26 19:45:00,54.3683,2003-05-26 07:45:00,17.2500
08017300,32.897778,-96.253056,2004-02-05 19:45:00,2004-02-06 07:15:00,22.9083,2004-02-06 01:45:00,6.0000
08017300,32.897778,-96.253056,2004-02-25 12:45:00,2004-02-26 13:15:00,63.1466,2004-02-25 23:00:00,10.2500
08017300,32.897778,-96.253056,2004-03-05 06:45:00,2004-03-05 18:45:00,24.6923,2004-03-05 11:00:00,4.2500
08017300,32.897778,-96.253056,2004-11-22 19:45:00,2004-11-25 12:00:00,108.4535,2004-11-24 16:15:00,44.5000
08017300,32.897778,-96.253056,2005-01-03 05:45:00,2005-01-04 12:15:00,81.5525,2005-01-03 16:45:00,11.0000
08017300,32.897778,-96.253056,2005-01-13 06:00:00,2005-01-14 05:30:00,111.8515,2005-01-13 12:45:00,6.7500
08017300,32.897778,-96.253056,2006-03-19 18:45:00,2006-03-21 09:30:00,410.5943,2006-03-20 08:15:00,13.5000
08017300,32.897778,-96.253056,2007-01-14 06:45:00,2007-01-15 20:00:00,23.7862,2007-01-15 10:30:00,27.7500
08017300,32.897778,-96.253056,2007-01-21 05:30:00,2007-01-22 00:15:00,26.7594,2007-01-21 12:30:00,7.0000
08017300,32.897778,-96.253056,2007-03-31 08:00:00,2007-04-01 09:15:00,65.1287,2007-03-31 16:15:00,8.2500
08017300,32.897778,-96.253056,2007-05-28 03:15:00,2007-05-29 09:30:00,50.1208,2007-05-28 15:30:00,12.2500
08017300,32.897778,-96.253056,2007-05-30 21:15:00,2007-06-01 02:00:00,73.9070,2007-05-31 06:00:00,8.7500
08017300,32.897778,-96.253056,2007-06-02 18:15:00,2007-06-03 04:45:00,25.0038,2007-06-02 22:00:00,3.7500
08017300,32.897778,-96.253056,2007-06-27 07:00:00,2007-06-30 03:00:00,161.1229,2007-06-27 22:15:00,15.2500
08017300,32.897778,-96.253056,2007-07-03 23:30:00,2007-07-04 15:15:00,29.4495,2007-07-04 05:15:00,5.7500
08017300,32.897778,-96.253056,2007-07-05 21:45:00,2007-07-07 05:00:00,73.9070,2007-07-06 08:45:00,11.0000
08017300,32.897778,-96.253056,2007-12-15 19:15:00,2007-12-16 04:00:00,23.6446,2007-12-15 23:15:00,4.0000
08017300,32.897778,-96.253056,2008-02-17 05:30:00,2008-02-17 19:30:00,30.5822,2008-02-17 11:00:00,5.5000
08017300,32.897778,-96.253056,2008-03-03 23:00:00,2008-03-04 04:00:00,21.6624,2008-03-04 01:30:00,2.5000
08017300,32.897778,-96.253056,2008-03-07 01:45:00,2008-03-08 06:00:00,162.8219,2008-03-07 09:45:00,8.0000
08017300,32.897778,-96.253056,2008-03-10 15:45:00,2008-03-11 06:30:00,29.4495,2008-03-10 20:45:00,5.0000
08017300,32.897778,-96.253056,2008-03-18 22:30:00,2008-03-20 13:00:00,501.2082,2008-03-19 05:30:00,7.0000
08017300,32.897778,-96.253056,2008-04-09 15:45:00,2008-04-11 11:00:00,45.5901,2008-04-10 20:15:00,28.5000
08017300,32.897778,-96.253056,2008-05-15 06:45:00,2008-05-16 03:30:00,94.0119,2008-05-15 15:15:00,8.5000
08017300,32.897778,-96.253056,2008-06-10 19:30:00,2008-06-11 04:15:00,27.4107,2008-06-11 00:15:00,4.7500
08017300,32.897778,-96.253056,2009-03-12 10:45:00,2009-03-14 19:00:00,34.2634,2009-03-12 17:00:00,6.2500
08017300,32.897778,-96.253056,2009-04-27 22:00:00,2009-04-28 09:45:00,35.3961,2009-04-28 04:30:00,6.5000
08017300,32.897778,-96.253056,2009-05-03 02:30:00,2009-05-04 16:30:00,487.0498,2009-05-03 13:00:00,10.5000
08017300,32.897778,-96.253056,2009-09-18 07:30:00,2009-09-19 04:45:00,39.3604,2009-09-18 19:30:00,12.0000
08017300,32.897778,-96.253056,2009-10-09 15:30:00,2009-10-10 23:00:00,79.0040,2009-10-10 05:15:00,13.7500
08017300,32.897778,-96.253056,2009-10-12 12:00:00,2009-10-15 01:30:00,97.1268,2009-10-14 06:00:00,42.0000
08017300,32.897778,-96.253056,2009-10-22 19:00:00,2009-10-23 09:45:00,27.5806,2009-10-22 23:30:00,4.5000
08017300,32.897778,-96.253056,2009-10-26 15:15:00,2009-10-28 09:15:00,135.0714,2009-10-27 03:15:00,12.0000
08017300,32.897778,-96.253056,2009-10-30 06:45:00,2009-10-30 22:15:00,24.5507,2009-10-30 17:00:00,10.2500
08017300,32.897778,-96.253056,2009-11-20 23:15:00,2009-11-22 00:00:00,88.3486,2009-11-21 10:45:00,11.5000
08017300,32.897778,-96.253056,2009-12-02 12:00:00,2009-12-03 15:45:00,62.0139,2009-12-02 23:15:00,11.2500
08017300,32.897778,-96.253056,2010-01-29 06:30:00,2010-01-30 20:45:00,319.9804,2010-01-29 19:00:00,12.5000
08017300,32.897778,-96.253056,2010-02-04 22:00:00,2010-02-05 21:30:00,71.6416,2010-02-05 04:15:00,6.2500
08017300,32.897778,-96.253056,2010-02-08 20:45:00,2010-02-09 23:15:00,182.6437,2010-02-09 08:00:00,11.2500
08017300,32.897778,-96.253056,2010-02-14 02:45:00,2010-02-14 20:15:00,36.2456,2010-02-14 09:15:00,6.5000
08017300,32.897778,-96.253056,2010-03-09 09:30:00,2010-03-10 00:30:00,37.3782,2010-03-09 17:00:00,7.5000
08017300,32.897778,-96.253056,2010-03-25 08:45:00,2010-03-26 04:45:00,67.1109,2010-03-25 15:00:00,6.2500
08017300,32.897778,-96.253056,2010-11-03 18:30:00,2010-11-04 00:30:00,21.1244,2010-11-03 21:00:00,2.5000
08017300,32.897778,-96.253056,2011-05-12 10:30:00,2011-05-13 04:00:00,27.7505,2011-05-12 20:30:00,10.0000
08017300,32.897778,-96.253056,2011-05-25 12:30:00,2011-05-26 01:45:00,27.2408,2011-05-25 19:00:00,6.5000
08017300,32.897778,-96.253056,2012-01-10 02:00:00,2012-01-11 00:45:00,36.2456,2012-01-10 07:30:00,5.5000
08017300,32.897778,-96.253056,2012-01-25 15:00:00,2012-01-27 04:45:00,359.6240,2012-01-25 23:15:00,8.2500
08017300,32.897778,-96.253056,2012-02-19 05:30:00,2012-02-20 00:30:00,49.2713,2012-02-19 13:15:00,7.7500
08017300,32.897778,-96.253056,2012-03-20 09:15:00,2012-03-22 00:30:00,419.0893,2012-03-20 20:30:00,11.2500
08017300,32.897778,-96.253056,2013-01-10 00:45:00,2013-01-10 16:30:00,27.8921,2013-01-10 08:30:00,7.7500
08017300,32.897778,-96.253056,2013-04-18 19:45:00,2013-04-19 03:00:00,24.7772,2013-04-18 22:30:00,2.7500
08017300,32.897778,-96.253056,2013-05-22 02:45:00,2013-05-23 06:45:00,44.4574,2013-05-22 19:15:00,16.5000
08017300,32.897778,-96.253056,2013-05-25 09:30:00,2013-05-26 00:00:00,39.0772,2013-05-25 17:15:00,7.7500
08017300,32.897778,-96.253056,2013-12-21 22:15:00,2013-12-22 19:30:00,37.6614,2013-12-22 08:30:00,10.2500
08017300,32.897778,-96.253056,2014-05-08 23:30:00,2014-05-10 09:30:00,271.5586,2014-05-09 09:00:00,9.5000
08017300,32.897778,-96.253056,2014-05-13 07:30:00,2014-05-13 20:30:00,31.9980,2014-05-13 13:45:00,6.2500
08017300,32.897778,-96.253056,2015-01-03 17:30:00,2015-01-03 23:45:00,21.9739,2015-01-03 20:00:00,2.5000
08017300,32.897778,-96.253056,2015-01-22 21:30:00,2015-01-23 13:45:00,29.7327,2015-01-23 05:15:00,7.7500
08017300,32.897778,-96.253056,2015-02-25 18:15:00,2015-02-26 17:00:00,37.0951,2015-02-26 05:15:00,11.0000
08017300,32.897778,-96.253056,2015-03-05 00:15:00,2015-03-06 16:00:00,42.4753,2015-03-05 11:30:00,11.2500
08017300,32.897778,-96.253056,2015-03-10 00:15:00,2015-03-11 03:30:00,75.0396,2015-03-10 10:15:00,10.0000
08017300,32.897778,-96.253056,2015-04-25 03:45:00,2015-04-26 11:15:00,105.3387,2015-04-25 10:45:00,7.0000
08017300,32.897778,-96.253056,2015-05-10 21:15:00,2015-05-12 04:00:00,113.5506,2015-05-11 07:45:00,10.5000
08017300,32.897778,-96.253056,2015-05-17 14:15:00,2015-05-18 23:00:00,177.2635,2015-05-18 04:45:00,14.5000
08017300,32.897778,-96.253056,2015-05-21 17:45:00,2015-05-22 13:15:00,65.1287,2015-05-22 01:45:00,8.0000
08017300,32.897778,-96.253056,2015-05-24 18:00:00,2015-05-27 08:00:00,132.2397,2015-05-26 07:45:00,37.7500
08017300,32.897778,-96.253056,2015-05-30 15:45:00,2015-06-01 00:00:00,278.6378,2015-05-31 03:15:00,11.5000
08017300,32.897778,-96.253056,2015-06-17 18:45:00,2015-06-19 02:45:00,66.8278,2015-06-18 12:45:00,18.0000
08017300,32.897778,-96.253056,2015-06-21 19:30:00,2015-06-23 06:15:00,637.1290,2015-06-22 00:45:00,5.2500
08017300,32.897778,-96.253056,2015-06-27 10:00:00,2015-06-28 14:45:00,79.5703,2015-06-27 23:30:00,13.5000
08017300,32.897778,-96.253056,2015-10-23 20:00:00,2015-10-26 04:00:00,213.5090,2015-10-24 13:15:00,17.2500
08017300,32.897778,-96.253056,2015-10-31 08:45:00,2015-11-01 16:45:00,234.7467,2015-10-31 19:30:00,10.7500
08017300,32.897778,-96.253056,2015-11-17 16:15:00,2015-11-18 22:30:00,181.5110,2015-11-18 02:45:00,10.5000
08017300,32.897778,-96.253056,2015-11-27 08:45:00,2015-12-01 03:45:00,404.9309,2015-11-27 17:30:00,8.7500
08017300,32.897778,-96.253056,2015-12-13 12:15:00,2015-12-14 19:15:00,118.0813,2015-12-13 21:30:00,9.2500
08017300,32.897778,-96.253056,2015-12-27 17:15:00,2015-12-29 14:45:00,407.7626,2015-12-28 05:30:00,12.2500
08017300,32.897778,-96.253056,2016-02-23 19:15:00,2016-02-24 16:30:00,33.9802,2016-02-24 05:00:00,9.7500
08017300,32.897778,-96.253056,2016-03-08 21:30:00,2016-03-11 12:00:00,144.1327,2016-03-09 22:15:00,24.7500
08017300,32.897778,-96.253056,2016-04-18 02:15:00,2016-04-21 20:30:00,139.0357,2016-04-18 20:15:00,18.0000
08017300,32.897778,-96.253056,2016-04-27 10:45:00,2016-04-28 08:15:00,28.2319,2016-04-27 16:30:00,5.7500
08017300,32.897778,-96.253056,2016-06-01 05:30:00,2016-06-02 04:45:00,243.5249,2016-06-01 14:15:00,8.7500
08066200,30.716111,-94.958611,1991-04-14 18:00:00,1991-04-15 11:00:00,212.0932,1991-04-14 22:30:00,4.5000
08066200,30.716111,-94.958611,1991-12-22 00:00:00,1991-12-22 16:00:00,170.7506,1991-12-22 06:30:00,6.5000
08066200,30.716111,-94.958611,1992-02-05 09:30:00,1992-02-05 15:30:00,123.4615,1992-02-05 12:30:00,3.0000
08066200,30.716111,-94.958611,1992-02-25 08:00:00,1992-02-26 03:30:00,183.2100,1992-02-25 20:30:00,12.5000
08066200,30.716111,-94.958611,1992-03-04 20:30:00,1992-03-05 16:30:00,260.5150,1992-03-05 08:30:00,12.0000
08066200,30.716111,-94.958611,1993-01-19 17:00:00,1993-01-20 20:00:00,190.5724,1993-01-20 08:00:00,15.0000
08066200,30.716111,-94.958611,1993-04-08 00:00:00,1993-04-08 04:00:00,139.0357,1993-04-08 01:30:00,1.5000
08066200,30.716111,-94.958611,1993-06-27 02:00:00,1993-06-27 05:00:00,129.4080,1993-06-27 03:00:00,1.0000
08066200,30.716111,-94.958611,1994-01-27 22:30:00,1994-01-28 01:00:00,125.1605,1994-01-27 23:30:00,1.0000
08066200,30.716111,-94.958611,1994-05-14 05:00:00,1994-05-14 20:00:00,212.6595,1994-05-14 14:30:00,9.5000
08066200,30.716111,-94.958611,1994-10-17 03:30:00,1994-10-19 05:00:00,1441.3275,1994-10-17 15:00:00,11.5000
08066200,30.716111,-94.958611,1994-12-16 13:30:00,1994-12-17 10:30:00,438.9111,1994-12-17 00:30:00,11.0000
08066200,30.716111,-94.958611,1995-01-18 16:30:00,1995-01-19 11:30:00,279.4873,1995-01-18 22:00:00,5.5000
08066200,30.716111,-94.958611,1995-01-27 05:00:00,1995-01-28 01:00:00,239.2774,1995-01-27 11:00:00,6.0000
08066200,30.716111,-94.958611,1995-03-13 18:30:00,1995-03-14 13:00:00,233.8972,1995-03-14 04:30:00,10.0000
08066200,30.716111,-94.958611,1995-12-18 13:00:00,1995-12-19 07:00:00,243.8080,1995-12-18 20:00:00,7.0000
08066200,30.716111,-94.958611,1996-09-27 08:30:00,1996-09-28 00:30:00,402.0992,1996-09-27 15:15:00,6.7500
08066200,30.716111,-94.958611,1997-02-12 22:15:00,1997-02-13 19:15:00,220.3051,1997-02-13 10:15:00,12.0000
08066200,30.716111,-94.958611,1997-02-21 04:30:00,1997-02-21 16:45:00,144.1327,1997-02-21 06:45:00,2.2500
08066200,30.716111,-94.958611,1997-03-13 03:00:00,1997-03-13 18:15:00,165.6536,1997-03-13 13:00:00,10.0000
08066200,30.716111,-94.958611,1997-12-21 08:00:00,1997-12-21 19:15:00,195.1031,1997-12-21 13:00:00,5.0000
08066200,30.716111,-94.958611,1997-12-24 05:00:00,1997-12-24 07:00:00,122.8951,1997-12-24 05:45:00,0.7500
08066200,30.716111,-94.958611,1998-01-06 02:30:00,1998-01-08 01:30:00,617.3073,1998-01-07 11:30:00,33.0000
08066200,30.716111,-94.958611,1998-02-26 14:15:00,1998-02-27 05:45:00,173.5823,1998-02-27 00:30:00,10.2500
08066200,30.716111,-94.958611,1998-11-12 23:30:00,1998-11-13 05:45:00,163.1050,1998-11-13 05:45:00,6.2500
08066200,30.716111,-94.958611,1998-12-11 19:30:00,1998-12-12 13:30:00,180.3783,1998-12-12 06:15:00,10.7500
08066200,30.716111,-94.958611,1999-01-02 08:30:00,1999-01-02 13:30:00,140.1684,1999-01-02 11:15:00,2.7500
08066200,30.716111,-94.958611,1999-03-13 10:15:00,1999-03-14 03:00:00,260.2318,1999-03-13 15:45:00,5.5000
08066200,30.716111,-94.958611,1999-04-04 01:15:00,1999-04-04 18:30:00,498.3765,1999-04-04 06:30:00,4.2500
08066200,30.716111,-94.958611,1999-06-13 21:00:00,1999-06-14 00:15:00,174.4318,1999-06-14 00:00:00,3.0000
08066200,30.716111,-94.958611,1999-06-25 20:00:00,1999-06-26 15:15:00,302.9903,1999-06-26 05:30:00,9.5000
08066200,30.716111,-94.958611,2001-01-18 22:15:00,2001-01-19 10:00:00,131.3902,2001-01-18 23:45:00,1.5000
08066200,30.716111,-94.958611,2001-06-08 01:45:00,2001-06-08 20:15:00,153.7605,2001-06-08 03:45:00,2.0000
08066200,30.716111,-94.958611,2002-11-04 10:30:00,2002-11-06 00:00:00,249.7546,2002-11-05 11:45:00,25.2500
08066200,30.716111,-94.958611,2002-12-13 00:00:00,2002-12-13 14:30:00,150.3625,2002-12-13 02:45:00,2.7500
08066200,30.716111,-94.958611,2003-02-21 15:00:00,2003-02-22 10:30:00,216.9070,2003-02-21 18:30:00,3.5000
08066200,30.716111,-94.958611,2004-01-25 07:00:00,2004-01-25 13:45:00,171.6001,2004-01-25 09:45:00,2.7500
08066200,30.716111,-94.958611,2004-02-11 21:00:00,2004-02-12 13:30:00,180.9446,2004-02-12 00:15:00,3.2500
08066200,30.716111,-94.958611,2004-05-01 15:30:00,2004-05-02 01:30:00,201.6159,2004-05-01 20:00:00,4.5000
08066200,30.716111,-94.958611,2004-05-13 20:45:00,2004-05-14 14:00:00,190.5724,2004-05-14 07:45:00,11.0000
08066200,30.716111,-94.958611,2004-06-27 17:15:00,2004-06-28 08:30:00,186.3249,2004-06-27 20:45:00,3.5000
08066200,30.716111,-94.958611,2004-11-18 00:00:00,2004-11-19 01:30:00,450.2379,2004-11-18 11:00:00,11.0000
08066200,30.716111,-94.958611,2004-11-22 23:15:00,2004-11-24 10:30:00,181.7942,2004-11-23 02:30:00,3.2500
08066200,30.716111,-94.958611,2004-11-30 05:45:00,2004-12-01 00:00:00,146.9644,2004-11-30 16:45:00,11.0000
08066200,30.716111,-94.958611,2005-02-07 16:00:00,2005-02-08 12:30:00,262.2140,2005-02-08 04:30:00,12.5000
08066200,30.716111,-94.958611,2006-10-16 14:45:00,2006-10-17 20:15:00,436.0794,2006-10-17 04:45:00,14.0000
08066200,30.716111,-94.958611,2006-10-19 10:45:00,2006-10-19 22:15:00,206.9961,2006-10-19 14:30:00,3.7500
08066200,30.716111,-94.958611,2006-10-27 18:30:00,2006-10-27 21:30:00,122.6119,2006-10-27 19:45:00,1.2500
08066200,30.716111,-94.958611,2007-01-14 12:45:00,2007-01-16 03:15:00,157.1585,2007-01-14 21:15:00,8.5000
08066200,30.716111,-94.958611,2008-02-17 07:15:00,2008-02-17 10:30:00,138.7525,2008-02-17 08:00:00,0.7500
08066200,30.716111,-94.958611,2009-04-18 20:30:00,2009-04-19 05:00:00,148.9466,2009-04-19 00:30:00,4.0000
08066200,30.716111,-94.958611,2009-05-03 17:15:00,2009-05-04 15:30:00,265.3289,2009-05-04 03:45:00,10.5000
08066200,30.716111,-94.958611,2009-07-31 17:30:00,2009-08-01 06:00:00,225.1189,2009-07-31 23:15:00,5.7500
08066200,30.716111,-94.958611,2009-10-30 03:15:00,2009-10-31 04:45:00,291.6635,2009-10-30 12:00:00,8.7500
08066200,30.716111,-94.958611,2012-01-09 18:15:00,2012-01-10 12:00:00,201.0496,2012-01-09 22:15:00,4.0000
08066200,30.716111,-94.958611,2012-03-11 22:30:00,2012-03-12 18:15:00,269.8595,2012-03-12 09:45:00,11.2500
08066200,30.716111,-94.958611,2013-10-31 09:45:00,2013-10-31 16:15:00,131.1070,2013-10-31 13:15:00,3.5000
08066200,30.716111,-94.958611,2015-03-21 07:30:00,2015-03-22 10:00:00,212.3763,2015-03-21 20:45:00,13.2500
08066200,30.716111,-94.958611,2015-05-26 05:30:00,2015-05-26 13:15:00,158.5743,2015-05-26 08:45:00,3.2500
08066200,30.716111,-94.958611,2016-01-09 16:30:00,2016-01-09 21:15:00,136.4872,2016-01-09 17:30:00,1.0000
08066200,30.716111,-94.958611,2016-03-10 09:45:00,2016-03-11 13:15:00,294.4952,2016-03-10 23:15:00,13.5000
08066200,30.716111,-94.958611,2016-04-18 12:45:00,2016-04-19 13:30:00,257.4001,2016-04-19 04:30:00,15.7500
08066200,30.716111,-94.958611,2016-04-30 12:15:00,2016-05-02 21:30:00,258.8160,2016-04-30 17:45:00,5.5000
08066200,30.716111,-94.958611,2016-05-27 18:45:00,2016-05-28 23:00:00,404.9309,2016-05-28 09:45:00,15.0000
08084000,32.690000,-99.669167,2007-08-19 23:15:00,2007-08-22 19:45:00,258.2496,2007-08-20 23:00:00,23.7500
08084000,32.690000,-99.669167,2016-05-13 02:30:00,2016-05-14 11:15:00,216.3407,2016-05-14 00:30:00,22.0000
08117500,29.313333,-95.893611,1991-01-11 06:00:00,1991-01-13 22:00:00,84.3842,1991-01-11 11:00:00,5.0000
08117500,29.313333,-95.893611,1991-01-15 13:00:00,1991-01-16 14:00:00,73.0575,1991-01-15 22:00:00,9.0000
08117500,29.313333,-95.893611,1991-01-23 06:00:00,1991-01-24 15:00:00,84.3842,1991-01-23 19:00:00,13.0000
08117500,29.313333,-95.893611,1991-02-05 01:00:00,1991-02-05 22:00:00,73.0575,1991-02-05 10:00:00,9.0000
08117500,29.313333,-95.893611,1991-04-05 02:00:00,1991-04-11 07:00:00,243.2417,1991-04-06 11:00:00,33.0000
08117500,29.313333,-95.893611,1991-04-12 17:00:00,1991-04-14 07:00:00,60.3149,1991-04-13 09:00:00,16.0000
08117500,29.313333,-95.893611,1991-04-15 10:00:00,1991-04-23 10:00:00,151.2120,1991-04-18 13:00:00,75.0000
08117500,29.313333,-95.893611,1991-06-20 10:00:00,1991-06-20 18:00:00,54.9347,1991-06-20 13:00:00,3.0000
08117500,29.313333,-95.893611,1991-12-21 19:00:00,1992-01-02 16:00:00,251.7368,1991-12-23 06:00:00,35.0000
08117500,29.313333,-95.893611,1992-01-09 04:00:00,1992-01-10 05:00:00,69.0931,1992-01-09 12:00:00,8.0000
08117500,29.313333,-95.893611,1992-01-12 23:00:00,1992-01-14 16:00:00,67.6773,1992-01-13 14:00:00,15.0000
08117500,29.313333,-95.893611,1992-01-18 15:00:00,1992-01-25 05:00:00,105.0555,1992-01-19 07:00:00,16.0000
08117500,29.313333,-95.893611,1992-01-27 12:00:00,1992-01-29 05:00:00,81.2693,1992-01-28 03:00:00,15.0000
08117500,29.313333,-95.893611,1992-01-30 06:00:00,1992-02-02 03:00:00,77.0218,1992-01-31 02:00:00,20.0000
08117500,29.313333,-95.893611,1992-02-03 21:00:00,1992-02-20 03:00:00,238.1447,1992-02-08 00:00:00,99.0000
08117500,29.313333,-95.893611,1992-02-22 23:00:00,1992-03-02 07:00:00,150.3625,1992-02-26 01:00:00,74.0000
08117500,29.313333,-95.893611,1992-04-05 23:00:00,1992-04-06 04:00:00,57.2000,1992-04-06 00:00:00,1.0000
08117500,29.313333,-95.893611,1992-04-18 12:00:00,1992-04-25 22:00:00,201.8991,1992-04-18 23:00:00,11.0000
08117500,29.313333,-95.893611,1992-05-17 01:00:00,1992-05-24 01:00:00,99.9585,1992-05-18 23:00:00,46.0000
08117500,29.313333,-95.893611,1992-05-25 09:00:00,1992-05-25 19:00:00,54.6515,1992-05-25 11:00:00,2.0000
08117500,29.313333,-95.893611,1992-06-02 13:00:00,1992-06-16 04:00:00,159.1407,1992-06-03 09:00:00,20.0000
08117500,29.313333,-95.893611,1992-11-20 13:00:00,1992-11-25 00:00:00,128.8417,1992-11-21 09:00:00,20.0000
08117500,29.313333,-95.893611,1992-12-16 00:00:00,1992-12-20 03:00:00,76.1723,1992-12-16 19:00:00,19.0000
08117500,29.313333,-95.893611,1993-01-10 01:00:00,1993-01-15 13:00:00,90.3307,1993-01-13 20:00:00,91.0000
08117500,29.313333,-95.893611,1993-01-24 07:00:00,1993-01-25 01:00:00,57.4832,1993-01-24 14:00:00,7.0000
08117500,29.313333,-95.893611,1993-02-10 15:00:00,1993-02-15 16:00:00,133.0892,1993-02-11 09:00:00,18.0000
08117500,29.313333,-95.893611,1993-05-06 07:00:00,1993-05-14 17:00:00,230.4991,1993-05-09 19:00:00,84.0000
08117500,29.313333,-95.893611,1993-05-24 13:00:00,1993-06-01 11:00:00,86.3664,1993-05-25 02:00:00,13.0000
08117500,29.313333,-95.893611,1993-10-22 10:00:00,1993-10-25 14:00:00,58.8990,1993-10-23 03:00:00,17.0000
08117500,29.313333,-95.893611,1993-11-16 23:00:00,1993-11-20 04:00:00,108.7367,1993-11-17 16:00:00,17.0000
08117500,29.313333,-95.893611,1994-02-11 08:00:00,1994-02-11 17:00:00,58.0495,1994-02-11 11:00:00,3.0000
08117500,29.313333,-95.893611,1994-05-01 11:00:00,1994-05-05 09:00:00,84.6674,1994-05-03 01:00:00,38.0000
08117500,29.313333,-95.893611,1994-05-16 03:00:00,1994-05-23 18:00:00,180.0951,1994-05-19 13:00:00,82.0000
08117500,29.313333,-95.893611,1994-10-18 13:00:00,1994-10-28 18:00:00,557.8419,1994-10-21 04:00:00,63.0000
08117500,29.313333,-95.893611,1994-12-03 10:00:00,1994-12-05 20:00:00,126.5763,1994-12-04 02:00:00,16.0000
08117500,29.313333,-95.893611,1995-01-13 11:00:00,1995-01-19 15:00:00,132.8060,1995-01-14 06:00:00,19.0000
08117500,29.313333,-95.893611,1995-03-29 23:00:00,1995-03-31 08:00:00,97.6931,1995-03-30 10:00:00,11.0000
08117500,29.313333,-95.893611,1995-06-01 22:00:00,1995-06-02 21:00:00,57.4832,1995-06-02 06:00:00,8.0000
08117500,29.313333,-95.893611,1995-12-17 19:00:00,1995-12-21 12:00:00,161.9724,1995-12-19 03:00:00,32.0000
08117500,29.313333,-95.893611,1996-06-25 14:00:00,1996-06-29 05:00:00,90.3307,1996-06-26 22:00:00,32.0000
08117500,29.313333,-95.893611,1996-08-31 16:00:00,1996-09-01 16:00:00,57.7664,1996-09-01 00:00:00,8.0000
08117500,29.313333,-95.893611,1996-09-21 15:00:00,1996-09-29 09:00:00,124.8773,1996-09-25 03:00:00,84.0000
08117500,29.313333,-95.893611,1997-01-02 05:00:00,1997-01-02 19:00:00,59.7485,1997-01-02 09:00:00,4.0000
08117500,29.313333,-95.893611,1997-01-22 16:00:00,1997-01-28 21:00:00,124.5941,1997-01-25 14:00:00,70.0000
08117500,29.313333,-95.893611,1997-02-13 05:00:00,1997-02-17 20:00:00,77.3050,1997-02-13 17:00:00,12.0000
08117500,29.313333,-95.893611,1997-02-22 13:00:00,1997-02-26 09:00:00,92.0298,1997-02-24 19:00:00,54.0000
08117500,29.313333,-95.893611,1997-03-12 15:00:00,1997-03-27 14:00:00,224.2694,1997-03-20 02:00:00,179.0000
08117500,29.313333,-95.893611,1997-04-20 02:00:00,1997-04-21 08:00:00,84.6674,1997-04-20 11:00:00,9.0000
08117500,29.313333,-95.893611,1997-04-28 05:00:00,1997-05-02 15:00:00,102.5070,1997-04-29 17:00:00,36.0000
08117500,29.313333,-95.893611,1997-05-25 10:00:00,1997-05-30 07:00:00,95.9941,1997-05-26 05:00:00,19.0000
08117500,29.313333,-95.893611,1997-06-23 05:00:00,1997-06-29 01:00:00,109.3030,1997-06-26 04:51:00,71.8500
08117500,29.313333,-95.893611,1997-09-23 06:00:00,1997-09-27 20:00:00,176.6971,1997-09-25 00:00:00,42.0000
08117500,29.313333,-95.893611,1997-10-09 23:00:00,1997-10-19 23:00:00,283.1685,1997-10-14 16:00:00,113.0000
08117500,29.313333,-95.893611,1997-12-03 23:00:00,1997-12-08 13:00:00,87.7822,1997-12-04 18:00:00,19.0000
08117500,29.313333,-95.893611,1998-01-07 15:00:00,1998-01-11 12:00:00,69.6594,1998-01-08 05:00:00,14.0000
08117500,29.313333,-95.893611,1998-02-22 10:00:00,1998-02-23 08:00:00,67.9604,1998-02-22 20:00:00,10.0000
08117500,29.313333,-95.893611,1998-02-25 09:00:00,1998-03-03 16:00:00,84.9505,1998-03-02 04:00:00,115.0000
08117500,29.313333,-95.893611,1998-09-11 07:00:00,1998-09-23 06:00:00,254.0021,1998-09-17 07:00:00,144.0000
08117500,29.313333,-95.893611,1998-10-19 07:00:00,1998-10-26 05:00:00,903.3074,1998-10-21 10:00:00,51.0000
08117500,29.313333,-95.893611,1998-11-13 03:00:00,1998-11-23 12:00:00,591.8221,1998-11-17 12:00:00,105.0000
08117500,29.313333,-95.893611,1998-12-12 04:00:00,1998-12-14 10:00:00,69.6594,1998-12-12 15:00:00,11.0000
08117500,29.313333,-95.893611,1999-01-02 16:00:00,1999-01-05 12:00:00,121.1961,1999-01-03 09:00:00,17.0000
08117500,29.313333,-95.893611,1999-03-19 18:00:00,1999-03-23 17:00:00,151.2120,1999-03-20 12:00:00,18.0000
08117500,29.313333,-95.893611,1999-03-30 10:00:00,1999-03-31 03:00:00,55.7842,1999-03-30 15:00:00,5.0000
08117500,29.313333,-95.893611,2000-05-20 08:00:00,2000-05-23 12:00:00,143.2832,2000-05-21 03:00:00,19.0000
08117500,29.313333,-95.893611,2000-11-16 20:45:00,2000-11-29 01:30:00,163.1050,2000-11-19 18:45:00,70.0000
08117500,29.313333,-95.893611,2001-01-19 09:00:00,2001-01-24 08:00:00,77.3050,2001-01-22 18:15:00,81.2500
08117500,29.313333,-95.893611,2001-03-07 10:30:00,2001-03-08 00:45:00,55.5010,2001-03-07 14:45:00,4.2500
08117500,29.313333,-95.893611,2001-03-18 06:15:00,2001-03-20 11:00:00,76.4555,2001-03-19 04:15:00,22.0000
08117500,29.313333,-95.893611,2001-03-29 07:45:00,2001-04-03 23:45:00,115.5327,2001-04-01 05:45:00,69.0000
08117500,29.313333,-95.893611,2001-05-09 08:00:00,2001-05-10 15:45:00,57.4832,2001-05-09 23:15:00,15.2500
08117500,29.313333,-95.893611,2001-08-31 06:45:00,2001-09-01 04:45:00,297.3269,2001-09-01 04:45:00,22.0000
08117500,29.313333,-95.893611,2001-09-05 05:00:00,2001-09-11 08:45:00,177.5466,2001-09-05 08:45:00,3.7500
08117500,29.313333,-95.893611,2001-09-12 20:00:00,2001-09-15 11:45:00,80.9862,2001-09-13 20:15:00,24.2500
08117500,29.313333,-95.893611,2001-10-13 14:15:00,2001-10-19 06:00:00,112.9842,2001-10-14 09:00:00,18.7500
08117500,29.313333,-95.893611,2001-12-03 05:45:00,2001-12-08 06:45:00,79.5703,2001-12-03 23:45:00,18.0000
08117500,29.313333,-95.893611,2001-12-12 11:30:00,2001-12-18 03:00:00,78.4377,2001-12-14 08:45:00,45.2500
08117500,29.313333,-95.893611,2002-04-08 17:30:00,2002-04-14 21:45:00,147.2476,2002-04-09 12:15:00,18.7500
08117500,29.313333,-95.893611,2002-07-14 15:00:00,2002-07-20 22:45:00,259.6655,2002-07-16 08:45:00,41.7500
08117500,29.313333,-95.893611,2002-08-16 00:15:00,2002-08-23 03:15:00,158.0080,2002-08-17 02:45:00,26.5000
08117500,29.313333,-95.893611,2002-09-08 05:00:00,2002-09-12 18:00:00,212.9427,2002-09-08 14:00:00,9.0000
08117500,29.313333,-95.893611,2002-10-10 01:00:00,2002-10-14 00:15:00,115.5327,2002-10-11 02:45:00,25.7500
08117500,29.313333,-95.893611,2002-12-12 21:00:00,2002-12-18 17:15:00,127.1426,2002-12-13 14:30:00,17.5000
08117500,29.313333,-95.893611,2003-09-22 04:15:00,2003-09-22 21:45:00,60.0317,2003-09-22 10:15:00,6.0000
08117500,29.313333,-95.893611,2003-10-10 04:15:00,2003-10-10 22:15:00,67.9604,2003-10-10 10:45:00,6.5000
08117500,29.313333,-95.893611,2003-11-18 00:15:00,2003-11-22 05:45:00,260.7982,2003-11-18 21:30:00,21.2500
08117500,29.313333,-95.893611,2004-01-17 11:30:00,2004-01-18 17:15:00,85.2337,2004-01-17 20:45:00,9.2500
08117500,29.313333,-95.893611,2004-01-25 13:30:00,2004-01-26 06:45:00,64.8456,2004-01-25 19:00:00,5.5000
08117500,29.313333,-95.893611,2004-01-30 19:45:00,2004-01-31 05:15:00,55.2179,2004-01-30 22:15:00,2.5000
08117500,29.313333,-95.893611,2004-02-11 06:30:00,2004-02-16 23:30:00,147.5308,2004-02-12 05:45:00,23.2500
08117500,29.313333,-95.893611,2004-05-01 22:15:00,2004-05-07 16:30:00,92.3129,2004-05-02 11:30:00,13.2500
08117500,29.313333,-95.893611,2004-05-12 07:00:00,2004-05-21 15:15:00,216.3407,2004-05-15 04:15:00,69.2500
08117500,29.313333,-95.893611,2004-06-24 06:15:00,2004-07-06 04:30:00,228.2338,2004-06-29 10:30:00,124.2500
08117500,29.313333,-95.893611,2004-11-18 07:30:00,2004-11-19 10:00:00,64.2792,2004-11-18 14:30:00,7.0000
08117500,29.313333,-95.893611,2004-11-20 12:00:00,2004-12-02 10:30:00,455.9012,2004-11-26 08:45:00,140.7500
08117500,29.313333,-95.893611,2005-02-03 01:15:00,2005-02-07 10:45:00,96.5604,2005-02-05 08:45:00,55.5000
08117500,29.313333,-95.893611,2005-02-08 22:45:00,2005-02-13 15:30:00,124.8773,2005-02-09 19:00:00,20.2500
08117500,29.313333,-95.893611,2005-03-03 01:15:00,2005-03-12 10:30:00,88.3486,2005-03-03 16:00:00,14.7500
08117500,29.313333,-95.893611,2005-03-20 12:45:00,2005-03-21 09:45:00,69.9426,2005-03-20 19:00:00,6.2500
08117500,29.313333,-95.893611,2006-03-30 15:45:00,2006-03-31 10:30:00,66.5446,2006-03-30 23:00:00,7.2500
08117500,29.313333,-95.893611,2006-07-06 06:45:00,2006-07-11 01:45:00,95.4278,2006-07-07 16:00:00,33.2500
08117500,29.313333,-95.893611,2006-07-26 22:15:00,2006-07-28 13:30:00,94.8614,2006-07-27 11:15:00,13.0000
08117500,29.313333,-95.893611,2006-10-13 10:45:00,2006-10-13 22:30:00,58.3327,2006-10-13 14:45:00,4.0000
08117500,29.313333,-95.893611,2006-10-16 07:45:00,2006-10-24 10:15:00,229.0833,2006-10-17 13:30:00,29.7500
08117500,29.313333,-95.893611,2006-10-27 14:15:00,2006-10-31 13:15:00,79.8535,2006-10-28 05:30:00,15.2500
08117500,29.313333,-95.893611,2007-01-04 16:45:00,2007-01-09 23:15:00,93.7288,2007-01-05 08:00:00,15.2500
08117500,29.313333,-95.893611,2007-01-16 06:45:00,2007-01-21 00:30:00,91.1802,2007-01-18 17:30:00,58.7500
08117500,29.313333,-95.893611,2007-01-24 09:30:00,2007-01-31 02:45:00,167.3526,2007-01-25 09:30:00,24.0000
08117500,29.313333,-95.893611,2007-03-14 22:30:00,2007-03-21 13:30:00,159.7070,2007-03-18 07:00:00,80.5000
08117500,29.313333,-95.893611,2007-03-31 16:45:00,2007-04-02 09:30:00,112.7010,2007-04-01 05:30:00,12.7500
08117500,29.313333,-95.893611,2007-04-26 00:30:00,2007-04-27 21:45:00,84.3842,2007-04-26 10:45:00,10.2500
08117500,29.313333,-95.893611,2007-05-05 21:30:00,2007-05-08 20:00:00,77.3050,2007-05-07 07:15:00,33.7500
08117500,29.313333,-95.893611,2007-05-27 18:15:00,2007-06-03 21:00:00,113.5506,2007-05-31 03:15:00,81.0000
08117500,29.313333,-95.893611,2007-07-02 22:15:00,2007-07-14 11:30:00,245.2239,2007-07-09 08:15:00,154.0000
08117500,29.313333,-95.893611,2007-07-15 18:00:00,2007-07-16 09:15:00,73.3406,2007-07-15 23:30:00,5.5000
08117500,29.313333,-95.893611,2007-07-28 00:45:00,2007-07-29 11:00:00,69.9426,2007-07-28 12:00:00,11.2500
08117500,29.313333,-95.893611,2007-08-17 03:00:00,2007-08-21 00:15:00,85.8000,2007-08-17 14:30:00,11.5000
08117500,29.313333,-95.893611,2007-08-30 03:30:00,2007-09-02 15:30:00,70.5089,2007-08-31 09:45:00,30.2500
08117500,29.313333,-95.893611,2007-10-16 08:45:00,2007-10-17 09:30:00,75.8891,2007-10-16 20:15:00,11.5000
08117500,29.313333,-95.893611,2007-10-19 07:00:00,2007-10-21 11:30:00,65.4119,2007-10-20 09:45:00,26.7500
08117500,29.313333,-95.893611,2007-11-18 12:45:00,2007-11-20 07:30:00,96.2773,2007-11-18 19:30:00,6.7500
08117500,29.313333,-95.893611,2008-01-19 12:30:00,2008-01-26 18:15:00,117.2317,2008-01-20 03:30:00,15.0000
08117500,29.313333,-95.893611,2008-02-21 12:45:00,2008-02-22 14:30:00,61.7307,2008-02-22 00:45:00,12.0000
08117500,29.313333,-95.893611,2008-08-21 19:30:00,2008-08-22 05:15:00,59.1822,2008-08-21 23:00:00,3.5000
08117500,29.313333,-95.893611,2009-04-18 22:30:00,2009-04-25 04:30:00,319.9804,2009-04-19 21:00:00,22.5000
08117500,29.313333,-95.893611,2009-10-30 11:00:00,2009-11-01 22:45:00,101.9406,2009-10-31 06:15:00,19.2500
08117500,29.313333,-95.893611,2009-12-02 10:00:00,2009-12-04 03:15:00,85.5169,2009-12-02 19:45:00,9.7500
08117500,29.313333,-95.893611,2009-12-12 22:45:00,2009-12-13 23:30:00,71.3585,2009-12-13 08:30:00,9.7500
08117500,29.313333,-95.893611,2010-01-16 07:00:00,2010-01-18 20:15:00,87.2159,2010-01-16 20:00:00,13.0000
08117500,29.313333,-95.893611,2010-02-12 06:15:00,2010-02-16 19:15:00,76.1723,2010-02-12 18:15:00,12.0000
08117500,29.313333,-95.893611,2010-05-15 22:45:00,2010-05-16 18:45:00,64.8456,2010-05-16 06:45:00,8.0000
08117500,29.313333,-95.893611,2010-07-02 18:15:00,2010-07-05 23:30:00,114.6832,2010-07-03 13:15:00,19.0000
08117500,29.313333,-95.893611,2010-07-08 17:45:00,2010-07-12 03:45:00,100.8080,2010-07-09 11:45:00,18.0000
08117500,29.313333,-95.893611,2012-01-10 08:15:00,2012-01-14 04:45:00,65.6951,2012-01-11 22:15:00,38.0000
08117500,29.313333,-95.893611,2012-02-18 17:15:00,2012-02-24 01:00:00,120.3466,2012-02-19 08:30:00,15.2500
08117500,29.313333,-95.893611,2012-03-11 20:00:00,2012-03-17 02:45:00,101.0911,2012-03-15 09:45:00,85.7500
08117500,29.313333,-95.893611,2012-07-13 07:30:00,2012-07-14 20:30:00,62.2971,2012-07-13 15:45:00,8.2500
08117500,29.313333,-95.893611,2012-07-17 18:45:00,2012-07-19 12:45:00,73.6238,2012-07-18 13:30:00,18.7500
08117500,29.313333,-95.893611,2013-01-10 06:00:00,2013-01-12 22:00:00,92.5961,2013-01-10 20:30:00,14.5000
08117500,29.313333,-95.893611,2013-11-01 05:30:00,2013-11-01 11:30:00,57.2000,2013-11-01 08:00:00,2.5000
08117500,29.313333,-95.893611,2013-11-03 06:00:00,2013-11-08 23:45:00,127.7090,2013-11-05 01:45:00,43.7500
08117500,29.313333,-95.893611,2014-03-13 04:30:00,2014-03-15 02:00:00,70.5089,2014-03-14 00:00:00,19.5000
08117500,29.313333,-95.893611,2014-05-27 14:30:00,2014-06-06 09:00:00,244.0912,2014-05-31 04:00:00,85.5000
08117500,29.313333,-95.893611,2015-03-09 23:45:00,2015-03-17 02:45:00,121.4793,2015-03-14 01:45:00,98.0000
08117500,29.313333,-95.893611,2015-03-22 06:30:00,2015-03-23 00:45:00,57.2000,2015-03-22 11:15:00,4.7500
08117500,29.313333,-95.893611,2015-03-24 05:30:00,2015-03-27 20:45:00,101.0911,2015-03-25 16:15:00,34.7500
08117500,29.313333,-95.893611,2015-04-18 00:45:00,2015-04-29 04:15:00,242.6754,2015-04-19 06:00:00,29.2500
08117500,29.313333,-95.893611,2015-05-26 08:00:00,2015-06-06 20:00:00,228.5170,2015-05-27 07:45:00,23.7500
08117500,29.313333,-95.893611,2015-06-17 19:45:00,2015-06-27 17:15:00,245.5071,2015-06-21 20:30:00,96.7500
08117500,29.313333,-95.893611,2015-10-25 10:45:00,2015-11-03 00:30:00,185.7585,2015-10-26 06:30:00,19.7500
08117500,29.313333,-95.893611,2016-03-10 21:45:00,2016-03-17 00:15:00,134.7882,2016-03-14 04:30:00,77.7500
08117500,29.313333,-95.893611,2016-04-18 20:30:00,2016-04-28 21:15:00,368.1190,2016-04-22 18:15:00,93.7500
08117500,29.313333,-95.893611,2016-05-16 16:30:00,2016-05-18 06:45:00,72.4911,2016-05-17 07:15:00,14.7500
08117500,29.313333,-95.893611,2016-05-20 04:30:00,2016-05-21 19:00:00,67.1109,2016-05-20 13:15:00,8.7500
08117500,29.313333,-95.893611,2016-05-31 04:00:00,2016-06-02 04:45:00,94.5783,2016-06-01 03:15:00,23.2500
08159200,30.104444,-97.319167,1994-10-09 04:00:00,1994-10-09 11:00:00,504.0399,1994-10-09 07:00:00,3.0000
08159200,30.104444,-97.319167,1994-12-16 12:00:00,1994-12-17 03:00:00,696.5944,1994-12-16 20:00:00,8.0000
08159200,30.104444,-97.319167,1995-03-13 21:00:00,1995-03-14 11:00:00,682.4360,1995-03-14 03:00:00,6.0000
08159200,30.104444,-97.319167,1995-05-30 02:00:00,1995-06-07 03:00:00,951.4460,1995-06-02 03:00:00,73.0000
08159200,30.104444,-97.319167,1997-02-27 02:00:00,1997-03-01 12:00:00,512.5349,1997-02-27 23:00:00,21.0000
08159200,30.104444,-97.319167,1997-03-13 21:00:00,1997-03-19 06:00:00,506.8716,1997-03-17 03:00:00,78.0000
08159200,30.104444,-97.319167,1997-06-09 22:00:00,1997-06-12 22:00:00,883.4856,1997-06-10 11:00:00,13.0000
08159200,30.104444,-97.319167,1997-06-23 02:00:00,1997-07-12 10:00:00,877.8222,1997-06-25 03:00:00,49.0000
08159200,30.104444,-97.319167,1998-10-18 06:30:00,1998-10-20 10:30:00,1599.9018,1998-10-19 02:45:00,20.2500
08159200,30.104444,-97.319167,2000-11-04 07:30:00,2000-11-04 17:45:00,475.7230,2000-11-04 12:30:00,5.0000
08159200,30.104444,-97.319167,2001-11-16 12:45:00,2001-11-18 00:30:00,1192.1392,2001-11-17 04:45:00,16.0000
08159200,30.104444,-97.319167,2001-12-16 16:45:00,2001-12-17 05:30:00,515.3666,2001-12-16 22:30:00,5.7500
08159200,30.104444,-97.319167,2002-07-03 16:30:00,2002-07-04 09:45:00,605.9805,2002-07-03 23:52:00,7.3667
08159200,30.104444,-97.319167,2002-07-06 22:15:00,2002-07-18 15:30:00,685.2677,2002-07-10 09:30:00,83.2500
08159200,30.104444,-97.319167,2002-11-05 05:45:00,2002-11-06 03:30:00,676.7726,2002-11-05 17:30:00,11.7500
08159200,30.104444,-97.319167,2002-12-10 05:30:00,2002-12-10 14:15:00,512.5349,2002-12-10 09:45:00,4.2500
08159200,30.104444,-97.319167,2003-02-21 00:45:00,2003-02-22 10:45:00,1008.0797,2003-02-21 16:45:00,16.0000
08159200,30.104444,-97.319167,2004-06-10 16:15:00,2004-06-14 22:15:00,821.1886,2004-06-11 03:30:00,11.2500
08159200,30.104444,-97.319167,2004-11-18 03:15:00,2004-11-25 00:45:00,1483.8028,2004-11-23 12:45:00,129.5000
08159200,30.104444,-97.319167,2004-11-26 06:15:00,2004-12-03 20:45:00,722.0796,2004-11-28 07:00:00,48.7500
08159200,30.104444,-97.319167,2007-01-14 04:00:00,2007-01-15 05:15:00,1030.7332,2007-01-14 15:15:00,11.2500
08159200,30.104444,-97.319167,2007-05-29 10:15:00,2007-05-29 20:15:00,498.3765,2007-05-29 14:45:00,4.5000
08159200,30.104444,-97.319167,2007-06-04 22:00:00,2007-06-05 06:15:00,492.7131,2007-06-05 01:30:00,3.5000
08159200,30.104444,-97.319167,2007-06-20 23:00:00,2007-06-22 08:00:00,744.7331,2007-06-21 14:15:01,15.2503
08159200,30.104444,-97.319167,2007-06-29 05:00:00,2007-07-19 20:15:00,982.5946,2007-07-06 15:00:00,178.0000
08159200,30.104444,-97.319167,2010-09-09 02:15:00,2010-09-10 01:00:00,673.9409,2010-09-09 12:00:00,9.7500
08159200,30.104444,-97.319167,2012-01-25 18:45:00,2012-01-26 18:45:00,812.6935,2012-01-26 08:30:00,13.7500
08159200,30.104444,-97.319167,2012-03-21 03:15:00,2012-03-21 16:45:00,577.6637,2012-03-21 09:15:00,6.0000
08159200,30.104444,-97.319167,2013-10-14 08:30:00,2013-10-15 04:30:00,707.9212,2013-10-14 17:00:00,8.5000
08159200,30.104444,-97.319167,2013-11-01 00:30:00,2013-11-02 10:15:00,1186.4759,2013-11-01 14:15:00,13.7500
08159200,30.104444,-97.319167,2015-05-07 01:40:00,2015-05-07 12:10:00,566.3369,2015-05-07 06:15:00,4.5833
08159200,30.104444,-97.319167,2015-05-25 06:55:00,2015-05-27 22:20:00,1373.3671,2015-05-26 23:50:00,40.9167
08159200,30.104444,-97.319167,2015-10-25 13:15:00,2015-10-26 03:20:00,535.1884,2015-10-25 19:40:00,6.4167
08159200,30.104444,-97.319167,2015-10-30 23:05:00,2015-11-02 03:05:00,1744.3178,2015-10-31 21:10:00,22.0833
08159200,30.104444,-97.319167,2016-04-18 18:45:00,2016-04-19 12:40:00,588.9904,2016-04-19 03:00:00,8.2500
08159200,30.104444,-97.319167,2016-05-20 02:10:00,2016-05-21 12:00:00,874.9906,2016-05-20 18:20:00,16.1667
08159200,30.104444,-97.319167,2016-05-27 07:10:00,2016-05-28 19:25:00,1047.7233,2016-05-28 01:25:00,18.2500
08159200,30.104444,-97.319167,2016-06-01 06:20:00,2016-06-02 04:55:00,662.6142,2016-06-02 04:30:00,22.1667
08176900,28.861389,-97.226111,1991-12-22 05:00:00,1991-12-23 01:00:00,243.8080,1991-12-22 12:00:00,7.0000
08176900,28.861389,-97.226111,1992-01-27 14:00:00,1992-01-27 19:00:00,106.4713,1992-01-27 16:00:00,2.0000
08176900,28.861389,-97.226111,1992-02-25 03:00:00,1992-02-25 20:00:00,227.3843,1992-02-25 07:00:00,4.0000
08176900,28.861389,-97.226111,1992-04-17 21:00:00,1992-04-18 23:00:00,639.9607,1992-04-18 03:00:00,6.0000
08176900,28.861389,-97.226111,1992-04-26 06:00:00,1992-04-26 13:00:00,118.3644,1992-04-26 09:00:00,3.0000
08176900,28.861389,-97.226111,1993-05-06 00:00:00,1993-05-07 00:00:00,342.6338,1993-05-06 08:00:00,8.0000
08176900,28.861389,-97.226111,1993-06-20 17:00:00,1993-06-21 07:00:00,115.8159,1993-06-21 03:00:00,10.0000
08176900,28.861389,-97.226111,1993-06-26 20:00:00,1993-06-27 05:00:00,103.3565,1993-06-27 03:00:00,7.0000
08176900,28.861389,-97.226111,1994-05-14 15:00:00,1994-05-15 00:00:00,134.2219,1994-05-14 20:00:00,5.0000
08176900,28.861389,-97.226111,1994-10-18 10:00:00,1994-10-19 17:00:00,744.7331,1994-10-19 03:00:00,17.0000
08176900,28.861389,-97.226111,1997-03-17 18:00:00,1997-03-17 21:00:00,104.2060,1997-03-17 19:00:00,1.0000
08176900,28.861389,-97.226111,1997-03-26 06:00:00,1997-03-26 10:00:00,120.6298,1997-03-26 08:00:00,2.0000
08176900,28.861389,-97.226111,1997-04-03 00:00:00,1997-04-05 07:00:00,809.8618,1997-04-04 16:00:00,40.0000
08176900,28.861389,-97.226111,1997-06-22 01:00:00,1997-06-23 08:00:00,1260.0997,1997-06-22 08:00:00,7.0000
08176900,28.861389,-97.226111,1997-10-12 07:00:00,1997-10-13 23:00:00,421.9210,1997-10-13 13:00:00,30.0000
08176900,28.861389,-97.226111,1998-09-11 11:30:00,1998-09-12 23:30:00,642.7924,1998-09-11 21:30:00,10.0000
08176900,28.861389,-97.226111,1998-09-16 19:15:00,1998-09-17 09:45:00,147.8139,1998-09-17 01:30:00,6.2500
08176900,28.861389,-97.226111,1998-10-07 00:00:00,1998-10-07 04:30:00,101.6575,1998-10-07 02:00:00,2.0000
08176900,28.861389,-97.226111,1998-10-18 14:45:00,1998-10-20 20:00:00,407.7626,1998-10-19 01:15:00,10.5000
08176900,28.861389,-97.226111,1998-11-14 04:00:00,1998-11-15 15:30:00,421.9210,1998-11-14 19:15:00,15.2500
08176900,28.861389,-97.226111,2001-08-31 03:45:00,2001-09-02 07:30:00,886.3173,2001-09-01 01:45:00,22.0000
08176900,28.861389,-97.226111,2002-07-16 18:30:00,2002-07-17 13:45:00,167.3526,2002-07-17 01:15:00,6.7500
08176900,28.861389,-97.226111,2002-10-24 21:45:00,2002-10-25 19:00:00,220.3051,2002-10-25 05:00:00,7.2500
08176900,28.861389,-97.226111,2002-11-04 23:45:00,2002-11-06 03:15:00,228.2338,2002-11-05 10:45:00,11.0000
08176900,28.861389,-97.226111,2003-11-18 04:45:00,2003-11-18 16:30:00,107.8872,2003-11-18 11:45:00,7.0000
08176900,28.861389,-97.226111,2004-05-02 03:30:00,2004-05-02 05:45:00,99.1090,2004-05-02 04:30:00,1.0000
08176900,28.861389,-97.226111,2004-05-14 08:45:00,2004-05-15 06:30:00,162.8219,2004-05-14 18:45:00,10.0000
08176900,28.861389,-97.226111,2004-11-21 16:15:00,2004-11-22 14:45:00,588.9904,2004-11-21 22:15:00,6.0000
08176900,28.861389,-97.226111,2005-03-21 06:45:00,2005-03-21 15:15:00,113.2674,2005-03-21 11:15:00,4.5000
08176900,28.861389,-97.226111,2005-05-09 19:15:00,2005-05-10 10:30:00,156.0258,2005-05-10 02:45:00,7.5000
08176900,28.861389,-97.226111,2007-03-14 07:15:00,2007-03-15 13:45:00,300.1586,2007-03-14 16:15:00,9.0000
08176900,28.861389,-97.226111,2007-07-02 11:45:00,2007-07-03 16:00:00,481.3864,2007-07-03 00:00:00,12.2500
08176900,28.861389,-97.226111,2007-07-05 17:00:00,2007-07-06 16:30:00,294.4952,2007-07-06 01:45:00,8.7500
08176900,28.861389,-97.226111,2009-11-21 07:00:00,2009-11-22 01:45:00,128.8417,2009-11-21 17:30:00,10.5000
08176900,28.861389,-97.226111,2015-03-21 18:45:00,2015-03-22 10:15:00,154.3268,2015-03-22 03:15:00,8.5000
08176900,28.861389,-97.226111,2015-04-18 07:15:00,2015-04-19 04:00:00,200.4833,2015-04-18 15:30:00,8.2500
08176900,28.861389,-97.226111,2015-05-16 02:00:00,2015-05-17 07:30:00,201.8991,2015-05-16 12:30:00,10.5000
08176900,28.861389,-97.226111,2015-06-17 19:30:00,2015-06-18 17:30:00,419.0893,2015-06-18 04:45:00,9.2500
08185000,29.593889,-98.310833,1991-12-21 20:00:00,1991-12-22 09:00:00,968.4362,1991-12-21 23:00:00,3.0000
08185000,29.593889,-98.310833,1992-02-04 14:00:00,1992-02-04 19:00:00,583.3270,1992-02-04 16:00:00,2.0000
08185000,29.593889,-98.310833,1992-03-04 21:00:00,1992-03-05 01:00:00,523.8617,1992-03-04 23:00:00,2.0000
08185000,29.593889,-98.310833,1992-05-22 07:00:00,1992-05-22 12:00:00,1098.6936,1992-05-22 09:00:00,2.0000
08185000,29.593889,-98.310833,2001-11-16 07:15:00,2001-11-16 10:45:00,512.5349,2001-11-16 08:45:00,1.5000
08185000,29.593889,-98.310833,2002-07-04 15:45:00,2002-07-06 02:45:00,739.0697,2002-07-04 18:00:00,2.2500
08185000,29.593889,-98.310833,2004-11-17 15:30:00,2004-11-17 23:30:00,455.9012,2004-11-17 16:15:00,0.7500
08185000,29.593889,-98.310833,2004-11-22 16:30:00,2004-11-22 21:00:00,656.9508,2004-11-22 17:00:00,0.5000
08185000,29.593889,-98.310833,2007-07-21 22:45:00,2007-07-22 03:15:00,719.2479,2007-07-22 00:15:00,1.5000
08185000,29.593889,-98.310833,2007-08-17 10:15:00,2007-08-17 17:30:00,1084.5352,2007-08-17 12:15:00,2.0000
08185000,29.593889,-98.310833,2009-10-04 13:30:00,2009-10-04 14:15:00,489.8814,2009-10-04 13:45:00,0.2500
08185000,29.593889,-98.310833,2013-10-31 13:30:00,2013-10-31 15:45:00,495.5448,2013-10-31 14:30:00,1.0000
08185000,29.593889,-98.310833,2015-05-24 11:30:00,2015-05-24 17:15:00,792.8717,2015-05-24 13:45:00,2.2500
08070200,30.145278,-95.124167,1991-12-25 13:00:00,1991-12-26 20:00:00,101.3743,1991-12-26 02:00:00,13.0000
08070200,30.145278,-95.124167,1992-01-22 06:00:00,1992-01-23 03:00:00,89.4812,1992-01-22 12:00:00,6.0000
08070200,30.145278,-95.124167,1992-02-28 02:00:00,1992-02-29 09:00:00,98.8258,1992-02-28 17:00:00,15.0000
08070200,30.145278,-95.124167,1992-03-04 23:00:00,1992-03-09 07:00:00,155.1763,1992-03-07 20:00:00,69.0000
08070200,30.145278,-95.124167,1993-01-23 11:00:00,1993-01-25 00:00:00,125.4436,1993-01-24 00:00:00,13.0000
08070200,30.145278,-95.124167,1993-06-21 19:00:00,1993-06-23 04:00:00,159.4238,1993-06-22 04:00:00,9.0000
08070200,30.145278,-95.124167,1993-06-24 17:00:00,1993-06-26 02:00:00,111.0020,1993-06-25 10:00:00,17.0000
08070200,30.145278,-95.124167,1994-12-19 22:00:00,1994-12-21 08:00:00,128.5585,1994-12-20 09:00:00,11.0000
08070200,30.145278,-95.124167,1995-01-20 17:00:00,1995-01-23 07:00:00,187.1744,1995-01-21 11:00:00,18.0000
08070200,30.145278,-95.124167,1995-01-27 14:00:00,1995-01-31 17:00:00,265.3289,1995-01-29 10:00:00,44.0000
08070200,30.145278,-95.124167,1995-03-16 17:00:00,1995-03-18 04:00:00,114.4001,1995-03-17 05:00:00,12.0000
08070200,30.145278,-95.124167,1995-12-21 01:00:00,1995-12-22 06:00:00,96.2773,1995-12-21 11:00:00,10.0000
08070200,30.145278,-95.124167,1997-12-21 08:00:00,1997-12-23 05:15:00,143.5664,1997-12-22 01:00:00,17.0000
08070200,30.145278,-95.124167,1998-01-07 23:30:00,1998-01-12 00:45:00,583.3270,1998-01-09 03:00:00,27.5000
08070200,30.145278,-95.124167,1998-02-26 12:15:00,1998-02-27 16:15:00,115.8159,1998-02-26 23:45:00,11.5000
08070200,30.145278,-95.124167,1998-10-18 14:15:00,1998-10-24 14:45:00,288.8318,1998-10-21 05:30:00,63.2500
08070200,30.145278,-95.124167,1998-11-13 06:30:00,1998-11-19 10:45:00,937.2876,1998-11-15 05:30:00,47.0000
08070200,30.145278,-95.124167,1999-04-06 14:15:00,1999-04-08 11:30:00,136.2040,1999-04-07 06:00:00,15.7500
08070200,30.145278,-95.124167,1999-06-28 06:45:00,1999-06-30 13:15:00,203.5981,1999-06-28 19:30:00,12.7500
08070200,30.145278,-95.124167,2001-06-10 15:00:00,2001-06-14 04:00:00,365.2873,2001-06-11 08:45:00,17.7500
08070200,30.145278,-95.124167,2001-12-14 11:30:00,2001-12-18 19:45:00,218.6061,2001-12-15 06:45:00,19.2500
08070200,30.145278,-95.124167,2002-10-29 04:00:00,2002-10-31 06:00:00,169.3347,2002-10-29 12:15:00,8.2500
08070200,30.145278,-95.124167,2002-11-04 18:30:00,2002-11-10 06:00:00,376.6141,2002-11-07 09:15:00,62.7500
08070200,30.145278,-95.124167,2002-12-16 18:00:00,2002-12-16 21:00:00,84.6674,2002-12-16 20:15:00,2.2500
08070200,30.145278,-95.124167,2003-02-24 06:15:00,2003-02-26 09:00:00,133.9387,2003-02-24 23:00:00,16.7500
08070200,30.145278,-95.124167,2003-11-18 05:30:00,2003-11-20 15:45:00,128.5585,2003-11-18 22:45:00,17.2500
08070200,30.145278,-95.124167,2004-01-20 23:30:00,2004-01-21 11:45:00,87.4991,2004-01-21 05:45:00,6.2500
08070200,30.145278,-95.124167,2004-01-28 09:00:00,2004-01-29 10:00:00,94.5783,2004-01-28 19:15:00,10.2500
08070200,30.145278,-95.124167,2004-02-12 23:00:00,2004-02-16 19:30:00,259.3823,2004-02-14 10:30:00,35.5000
08070200,30.145278,-95.124167,2004-05-03 09:30:00,2004-05-05 11:15:00,157.1585,2004-05-04 06:30:00,21.0000
08070200,30.145278,-95.124167,2004-06-29 14:15:00,2004-07-03 14:30:00,195.9526,2004-06-30 16:15:00,26.0000
08070200,30.145278,-95.124167,2004-11-18 22:45:00,2004-11-19 10:00:00,86.3664,2004-11-19 03:45:00,5.0000
08070200,30.145278,-95.124167,2004-11-25 19:45:00,2004-11-28 16:30:00,147.2476,2004-11-26 16:30:00,20.7500
08070200,30.145278,-95.124167,2005-02-10 06:15:00,2005-02-12 21:45:00,137.9030,2005-02-11 02:00:00,19.7500
08070200,30.145278,-95.124167,2006-10-18 16:30:00,2006-10-23 18:45:00,267.5942,2006-10-19 09:15:00,16.7500
08070200,30.145278,-95.124167,2006-10-27 11:00:00,2006-10-28 15:45:00,96.8436,2006-10-28 03:30:00,16.5000
08070200,30.145278,-95.124167,2006-11-09 05:00:00,2006-11-10 23:00:00,136.2040,2006-11-09 19:15:00,14.2500
08070200,30.145278,-95.124167,2007-01-17 15:15:00,2007-01-20 04:15:00,156.0258,2007-01-18 09:30:00,18.2500
08070200,30.145278,-95.124167,2008-09-14 08:00:00,2008-09-15 23:15:00,136.7704,2008-09-14 21:45:00,13.7500
08070200,30.145278,-95.124167,2009-04-22 04:00:00,2009-04-23 11:00:00,98.2595,2009-04-23 01:15:00,21.2500
08070200,30.145278,-95.124167,2009-11-02 15:30:00,2009-11-03 00:15:00,86.3664,2009-11-02 18:00:00,2.5000
08070200,30.145278,-95.124167,2012-03-14 14:30:00,2012-03-15 19:45:00,94.5783,2012-03-15 03:00:00,12.5000
08070200,30.145278,-95.124167,2015-05-14 22:45:00,2015-05-23 00:30:00,203.8813,2015-05-16 04:45:00,30.0000
08070200,30.145278,-95.124167,2015-05-28 02:45:00,2015-06-01 00:45:00,153.7605,2015-05-30 02:15:00,47.5000
08070200,30.145278,-95.124167,2016-03-12 05:45:00,2016-03-15 06:45:00,376.6141,2016-03-12 23:15:00,17.5000
08070200,30.145278,-95.124167,2016-04-18 14:15:00,2016-04-23 10:45:00,201.3328,2016-04-20 21:45:00,55.5000
08070200,30.145278,-95.124167,2016-05-02 06:30:00,2016-05-06 05:30:00,249.1883,2016-05-02 23:45:00,17.2500
08070200,30.145278,-95.124167,2016-05-27 13:30:00,2016-06-01 13:00:00,538.0201,2016-05-29 17:15:00,51.7500
08070200,30.145278,-95.124167,1991-12-25 13:00:00,1991-12-26 20:00:00,101.3743,1991-12-26 02:00:00,13.0000
08070200,30.145278,-95.124167,1992-01-22 06:00:00,1992-01-23 03:00:00,89.4812,1992-01-22 12:00:00,6.0000
08070200,30.145278,-95.124167,1992-02-28 02:00:00,1992-02-29 09:00:00,98.8258,1992-02-28 17:00:00,15.0000
08070200,30.145278,-95.124167,1992-03-04 23:00:00,1992-03-09 07:00:00,155.1763,1992-03-07 20:00:00,69.0000
08070200,30.145278,-95.124167,1993-01-23 11:00:00,1993-01-25 00:00:00,125.4436,1993-01-24 00:00:00,13.0000
08070200,30.145278,-95.124167,1993-06-21 19:00:00,1993-06-23 04:00:00,159.4238,1993-06-22 04:00:00,9.0000
08070200,30.145278,-95.124167,1993-06-24 17:00:00,1993-06-26 02:00:00,111.0020,1993-06-25 10:00:00,17.0000
08070200,30.145278,-95.124167,1994-12-19 22:00:00,1994-12-21 08:00:00,128.5585,1994-12-20 09:00:00,11.0000
08070200,30.145278,-95.124167,1995-01-20 17:00:00,1995-01-23 07:00:00,187.1744,1995-01-21 11:00:00,18.0000
08070200,30.145278,-95.124167,1995-01-27 14:00:00,1995-01-31 17:00:00,265.3289,1995-01-29 10:00:00,44.0000
08070200,30.145278,-95.124167,1995-03-16 17:00:00,1995-03-18 04:00:00,114.4001,1995-03-17 05:00:00,12.0000
08070200,30.145278,-95.124167,1995-12-21 01:00:00,1995-12-22 06:00:00,96.2773,1995-12-21 11:00:00,10.0000
08070200,30.145278,-95.124167,1997-12-21 08:00:00,1997-12-23 05:15:00,143.5664,1997-12-22 01:00:00,17.0000
08070200,30.145278,-95.124167,1998-01-07 23:30:00,1998-01-12 00:45:00,583.3270,1998-01-09 03:00:00,27.5000
08070200,30.145278,-95.124167,1998-02-26 12:15:00,1998-02-27 16:15:00,115.8159,1998-02-26 23:45:00,11.5000
08070200,30.145278,-95.124167,1998-10-18 14:15:00,1998-10-24 14:45:00,288.8318,1998-10-21 05:30:00,63.2500
08070200,30.145278,-95.124167,1998-11-13 06:30:00,1998-11-19 10:45:00,937.2876,1998-11-15 05:30:00,47.0000
08070200,30.145278,-95.124167,1999-04-06 14:15:00,1999-04-08 11:30:00,136.2040,1999-04-07 06:00:00,15.7500
08070200,30.145278,-95.124167,1999-06-28 06:45:00,1999-06-30 13:15:00,203.5981,1999-06-28 19:30:00,12.7500
08070200,30.145278,-95.124167,2001-06-10 15:00:00,2001-06-14 04:00:00,365.2873,2001-06-11 08:45:00,17.7500
08070200,30.145278,-95.124167,2001-12-14 11:30:00,2001-12-18 19:45:00,218.6061,2001-12-15 06:45:00,19.2500
08070200,30.145278,-95.124167,2002-10-29 04:00:00,2002-10-31 06:00:00,169.3347,2002-10-29 12:15:00,8.2500
08070200,30.145278,-95.124167,2002-11-04 18:30:00,2002-11-10 06:00:00,376.6141,2002-11-07 09:15:00,62.7500
08070200,30.145278,-95.124167,2002-12-16 18:00:00,2002-12-16 21:00:00,84.6674,2002-12-16 20:15:00,2.2500
08070200,30.145278,-95.124167,2003-02-24 06:15:00,2003-02-26 09:00:00,133.9387,2003-02-24 23:00:00,16.7500
08070200,30.145278,-95.124167,2003-11-18 05:30:00,2003-11-20 15:45:00,128.5585,2003-11-18 22:45:00,17.2500
08070200,30.145278,-95.124167,2004-01-20 23:30:00,2004-01-21 11:45:00,87.4991,2004-01-21 05:45:00,6.2500
08070200,30.145278,-95.124167,2004-01-28 09:00:00,2004-01-29 10:00:00,94.5783,2004-01-28 19:15:00,10.2500
08070200,30.145278,-95.124167,2004-02-12 23:00:00,2004-02-16 19:30:00,259.3823,2004-02-14 10:30:00,35.5000
08070200,30.145278,-95.124167,2004-05-03 09:30:00,2004-05-05 11:15:00,157.1585,2004-05-04 06:30:00,21.0000
08070200,30.145278,-95.124167,2004-06-29 14:15:00,2004-07-03 14:30:00,195.9526,2004-06-30 16:15:00,26.0000
08070200,30.145278,-95.124167,2004-11-18 22:45:00,2004-11-19 10:00:00,86.3664,2004-11-19 03:45:00,5.0000
08070200,30.145278,-95.124167,2004-11-25 19:45:00,2004-11-28 16:30:00,147.2476,2004-11-26 16:30:00,20.7500
08070200,30.145278,-95.124167,2005-02-10 06:15:00,2005-02-12 21:45:00,137.9030,2005-02-11 02:00:00,19.7500
08070200,30.145278,-95.124167,2006-10-18 16:30:00,2006-10-23 18:45:00,267.5942,2006-10-19 09:15:00,16.7500
08070200,30.145278,-95.124167,2006-10-27 11:00:00,2006-10-28 15:45:00,96.8436,2006-10-28 03:30:00,16.5000
08070200,30.145278,-95.124167,2006-11-09 05:00:00,2006-11-10 23:00:00,136.2040,2006-11-09 19:15:00,14.2500
08070200,30.145278,-95.124167,2007-01-17 15:15:00,2007-01-20 04:15:00,156.0258,2007-01-18 09:30:00,18.2500
08070200,30.145278,-95.124167,2008-09-14 08:00:00,2008-09-15 23:15:00,136.7704,2008-09-14 21:45:00,13.7500
08070200,30.145278,-95.124167,2009-04-22 04:00:00,2009-04-23 11:00:00,98.2595,2009-04-23 01:15:00,21.2500
08070200,30.145278,-95.124167,2009-11-02 15:30:00,2009-11-03 00:15:00,86.3664,2009-11-02 18:00:00,2.5000
08070200,30.145278,-95.124167,2012-03-14 14:30:00,2012-03-15 19:45:00,94.5783,2012-03-15 03:00:00,12.5000
08070200,30.145278,-95.124167,2015-05-14 22:45:00,2015-05-23 00:30:00,203.8813,2015-05-16 04:45:00,30.0000
08070200,30.145278,-95.124167,2015-05-28 02:45:00,2015-06-01 00:45:00,153.7605,2015-05-30 02:15:00,47.5000
08070200,30.145278,-95.124167,2016-03-12 05:45:00,2016-03-15 06:45:00,376.6141,2016-03-12 23:15:00,17.5000
08070200,30.145278,-95.124167,2016-04-18 14:15:00,2016-04-23 10:45:00,201.3328,2016-04-20 21:45:00,55.5000
08070200,30.145278,-95.124167,2016-05-02 06:30:00,2016-05-06 05:30:00,249.1883,2016-05-02 23:45:00,17.2500
08070200,30.145278,-95.124167,2016-05-27 13:30:00,2016-06-01 13:00:00,538.0201,2016-05-29 17:15:00,51.7500
08126380,31.715278,-100.026111,1997-06-23 10:15:00,1997-06-24 03:00:00,281.4695,1997-06-23 17:45:00,7.5000
08126380,31.715278,-100.026111,2000-06-03 18:45:00,2000-06-05 06:15:00,270.1427,2000-06-04 21:45:00,27.0000
08126380,31.715278,-100.026111,2007-08-18 16:45:00,2007-08-20 02:00:00,178.6793,2007-08-19 00:30:00,7.7500
08126380,31.715278,-100.026111,2012-09-29 16:45:00,2012-09-30 12:30:00,286.0002,2012-09-30 01:15:00,8.5000
08126380,31.715278,-100.026111,1997-06-23 10:15:00,1997-06-24 03:00:00,281.4695,1997-06-23 17:45:00,7.5000
08126380,31.715278,-100.026111,2000-06-03 18:45:00,2000-06-05 06:15:00,270.1427,2000-06-04 21:45:00,27.0000
08126380,31.715278,-100.026111,2007-08-18 16:45:00,2007-08-20 02:00:00,178.6793,2007-08-19 00:30:00,7.7500
08126380,31.715278,-100.026111,2012-09-29 16:45:00,2012-09-30 12:30:00,286.0002,2012-09-30 01:15:00,8.5000
08159000,30.177778,-97.688333,1991-12-21 02:00:00,1991-12-23 07:00:00,1251.6046,1991-12-21 08:00:00,6.0000
08159000,30.177778,-97.688333,1992-02-04 17:30:00,1992-02-05 05:00:00,178.3961,1992-02-05 01:00:00,7.5000
08159000,30.177778,-97.688333,1992-03-04 15:00:00,1992-03-05 04:30:00,239.5605,1992-03-05 02:30:00,11.5000
08159000,30.177778,-97.688333,1992-05-19 07:00:00,1992-05-19 08:00:00,167.9189,1992-05-19 07:30:00,0.5000
08159000,30.177778,-97.688333,1992-05-22 00:30:00,1992-05-22 12:00:00,221.7209,1992-05-22 01:30:00,1.0000
08159000,30.177778,-97.688333,1992-06-02 08:00:00,1992-06-02 11:00:00,220.0219,1992-06-02 08:30:00,0.5000
08159000,30.177778,-97.688333,1994-10-08 08:30:00,1994-10-08 11:00:00,189.7229,1994-10-08 10:00:00,1.5000
08159000,30.177778,-97.688333,1995-03-13 11:30:00,1995-03-13 13:00:00,174.9981,1995-03-13 12:00:00,0.5000
08159000,30.177778,-97.688333,1995-05-30 15:00:00,1995-05-31 01:30:00,281.4695,1995-05-30 19:00:00,4.0000
08159000,30.177778,-97.688333,1997-06-08 00:15:00,1997-06-08 03:45:00,176.4140,1997-06-08 01:45:00,1.5000
08159000,30.177778,-97.688333,1997-06-09 09:00:00,1997-06-11 10:45:00,399.2675,1997-06-09 21:00:00,12.0000
08159000,30.177778,-97.688333,1997-06-22 08:00:00,1997-06-23 04:00:00,171.8833,1997-06-22 10:00:00,2.0000
08159000,30.177778,-97.688333,1998-10-17 18:30:00,1998-10-19 00:45:00,1526.2780,1998-10-17 23:30:00,5.0000
08159000,30.177778,-97.688333,2000-11-03 09:45:00,2000-11-03 21:30:00,270.4259,2000-11-03 18:00:00,8.2500
08159000,30.177778,-97.688333,2002-07-02 19:30:00,2002-07-04 05:15:00,458.7329,2002-07-03 03:15:00,7.7500
08159000,30.177778,-97.688333,2002-07-05 23:30:00,2002-07-06 06:30:00,319.9804,2002-07-06 02:45:00,3.2500
08159000,30.177778,-97.688333,2003-02-20 19:45:00,2003-02-21 06:30:00,206.1466,2003-02-21 03:15:00,7.5000
08159000,30.177778,-97.688333,2004-06-10 01:00:00,2004-06-10 12:45:00,345.4655,2004-06-10 03:00:00,2.0000
08159000,30.177778,-97.688333,2004-11-17 08:30:00,2004-11-18 09:45:00,535.1884,2004-11-18 02:15:00,17.7500
08159000,30.177778,-97.688333,2004-11-22 10:30:00,2004-11-24 01:30:00,506.8716,2004-11-22 17:15:00,6.7500
08159000,30.177778,-97.688333,2007-01-13 15:30:00,2007-01-14 03:00:00,404.9309,2007-01-13 18:30:00,3.0000
08159000,30.177778,-97.688333,2007-05-28 14:30:00,2007-05-28 16:30:00,181.7942,2007-05-28 15:30:00,1.0000
08159000,30.177778,-97.688333,2010-09-08 06:30:00,2010-09-09 00:15:00,270.1427,2010-09-08 11:00:00,4.5000
08159000,30.177778,-97.688333,2012-01-25 12:00:00,2012-01-25 20:45:00,263.9130,2012-01-25 15:15:00,3.2500
08159000,30.177778,-97.688333,2013-10-13 10:30:00,2013-10-14 01:45:00,959.9411,2013-10-13 17:30:00,7.0000
08159000,30.177778,-97.688333,2013-10-31 11:13:00,2013-11-01 01:30:00,3822.7743,2013-10-31 14:30:00,3.2833
08159000,30.177778,-97.688333,2014-09-18 11:35:00,2014-09-18 16:20:00,353.9606,2014-09-18 13:40:00,2.0833
08159000,30.177778,-97.688333,2014-11-23 04:45:00,2014-11-23 13:05:00,205.5803,2014-11-23 11:35:00,6.8333
08159000,30.177778,-97.688333,2015-05-24 15:05:00,2015-05-26 15:15:00,427.5844,2015-05-24 18:30:00,3.4167
08159000,30.177778,-97.688333,2015-10-30 14:49:00,2015-10-31 15:45:00,3454.6553,2015-10-30 19:49:00,5.0000
08159000,30.177778,-97.688333,2016-05-19 17:25:00,2016-05-20 09:00:00,334.1388,2016-05-20 01:10:00,7.7500
08159000,30.177778,-97.688333,2016-05-27 04:29:00,2016-05-27 14:35:00,577.6637,2016-05-27 06:14:00,1.7500
08162600,28.927778,-96.170833,1991-12-09 23:00:00,1991-12-10 05:00:00,25.2020,1991-12-10 02:00:00,3.0000
08162600,28.927778,-96.170833,1991-12-22 04:00:00,1991-12-24 19:00:00,174.7149,1991-12-22 23:00:00,19.0000
08162600,28.927778,-96.170833,1991-12-26 22:00:00,1991-12-28 14:00:00,63.7129,1991-12-27 13:00:00,15.0000
08162600,28.927778,-96.170833,1992-01-08 18:00:00,1992-01-10 05:00:00,56.3505,1992-01-09 06:00:00,12.0000
08162600,28.927778,-96.170833,1992-01-18 15:00:00,1992-01-20 05:00:00,78.1545,1992-01-19 03:00:00,12.0000
08162600,28.927778,-96.170833,1992-01-27 09:00:00,1992-01-29 05:00:00,107.3208,1992-01-27 22:00:00,13.0000
08162600,28.927778,-96.170833,1992-02-03 17:00:00,1992-02-06 20:00:00,188.0239,1992-02-04 14:00:00,21.0000
08162600,28.927778,-96.170833,1992-02-12 08:00:00,1992-02-14 17:00:00,100.5248,1992-02-12 18:00:00,10.0000
08162600,28.927778,-96.170833,1992-02-25 00:00:00,1992-02-26 19:00:00,120.3466,1992-02-25 14:00:00,14.0000
08162600,28.927778,-96.170833,1992-04-05 19:00:00,1992-04-07 19:00:00,155.4595,1992-04-06 08:00:00,13.0000
08162600,28.927778,-96.170833,1992-04-18 03:00:00,1992-04-21 00:00:00,138.7525,1992-04-18 22:00:00,19.0000
08162600,28.927778,-96.170833,1992-05-15 15:00:00,1992-05-20 19:00:00,259.9487,1992-05-16 20:00:00,29.0000
08162600,28.927778,-96.170833,1992-06-02 15:00:00,1992-06-03 19:00:00,58.0495,1992-06-03 00:00:00,9.0000
08162600,28.927778,-96.170833,1992-06-07 05:00:00,1992-06-07 17:00:00,29.4495,1992-06-07 09:00:00,4.0000
08162600,28.927778,-96.170833,1992-10-17 01:00:00,1992-10-18 04:00:00,64.8456,1992-10-17 09:00:00,8.0000
08162600,28.927778,-96.170833,1992-11-11 02:00:00,1992-11-13 17:00:00,111.0020,1992-11-11 14:00:00,12.0000
08162600,28.927778,-96.170833,1992-11-20 04:00:00,1992-11-23 03:00:00,155.4595,1992-11-20 20:00:00,16.0000
08162600,28.927778,-96.170833,1992-12-15 14:00:00,1992-12-16 21:00:00,45.8733,1992-12-16 01:00:00,11.0000
08162600,28.927778,-96.170833,1993-01-07 21:00:00,1993-01-11 06:00:00,51.8198,1993-01-08 08:00:00,11.0000
08162600,28.927778,-96.170833,1993-01-29 18:00:00,1993-01-30 15:00:00,35.3961,1993-01-30 02:00:00,8.0000
08162600,28.927778,-96.170833,1993-02-10 09:00:00,1993-02-12 15:00:00,173.8654,1993-02-11 00:00:00,15.0000
08162600,28.927778,-96.170833,1993-03-02 15:00:00,1993-03-03 02:00:00,26.0798,1993-03-02 20:00:00,5.0000
08162600,28.927778,-96.170833,1993-03-20 16:00:00,1993-03-20 23:00:00,25.5418,1993-03-20 18:00:00,2.0000
08162600,28.927778,-96.170833,1993-03-23 17:00:00,1993-03-24 07:00:00,28.8832,1993-03-23 23:00:00,6.0000
08162600,28.927778,-96.170833,1993-05-01 10:00:00,1993-05-03 19:00:00,48.1386,1993-05-02 22:00:00,36.0000
08162600,28.927778,-96.170833,1993-05-06 15:00:00,1993-05-07 18:00:00,50.6872,1993-05-07 00:00:00,9.0000
08162600,28.927778,-96.170833,1993-05-10 09:00:00,1993-05-11 13:00:00,54.3683,1993-05-10 17:00:00,8.0000
08162600,28.927778,-96.170833,1993-05-24 04:00:00,1993-05-25 08:00:00,44.7406,1993-05-24 15:00:00,11.0000
08162600,28.927778,-96.170833,1993-06-20 12:00:00,1993-06-24 21:00:00,124.8773,1993-06-23 00:00:00,60.0000
08162600,28.927778,-96.170833,1993-11-16 23:00:00,1993-11-18 05:00:00,57.7664,1993-11-17 08:00:00,9.0000
08162600,28.927778,-96.170833,1994-06-03 17:00:00,1994-06-05 14:00:00,69.6594,1994-06-04 08:00:00,15.0000
08162600,28.927778,-96.170833,1994-06-24 00:00:00,1994-06-24 20:00:00,39.9268,1994-06-24 07:00:00,7.0000
08162600,28.927778,-96.170833,1994-08-17 16:00:00,1994-08-18 06:00:00,26.9576,1994-08-17 22:00:00,6.0000
08162600,28.927778,-96.170833,1994-10-18 11:00:00,1994-10-24 07:00:00,368.1190,1994-10-19 18:00:00,31.0000
08162600,28.927778,-96.170833,1994-12-03 11:00:00,1994-12-05 14:00:00,129.9743,1994-12-04 03:00:00,16.0000
08162600,28.927778,-96.170833,1994-12-31 21:00:00,1995-01-02 00:00:00,52.9525,1995-01-01 06:00:00,9.0000
08162600,28.927778,-96.170833,1995-01-13 15:00:00,1995-01-14 07:00:00,35.3961,1995-01-13 21:00:00,6.0000
08162600,28.927778,-96.170833,1995-01-27 05:00:00,1995-01-28 04:00:00,39.0772,1995-01-27 12:00:00,7.0000
08162600,28.927778,-96.170833,1995-03-07 16:00:00,1995-03-09 01:00:00,82.6852,1995-03-08 02:00:00,10.0000
08162600,28.927778,-96.170833,1995-03-13 17:00:00,1995-03-15 02:00:00,58.8990,1995-03-14 04:00:00,11.0000
08162600,28.927778,-96.170833,1995-04-04 17:00:00,1995-04-07 05:00:00,195.6694,1995-04-05 07:00:00,14.0000
08162600,28.927778,-96.170833,1995-05-29 23:00:00,1995-06-02 08:00:00,179.5288,1995-05-31 07:00:00,32.0000
08162600,28.927778,-96.170833,1995-06-11 17:00:00,1995-06-12 08:00:00,32.8475,1995-06-11 22:00:00,5.0000
08162600,28.927778,-96.170833,1995-06-30 13:00:00,1995-07-02 05:00:00,49.2713,1995-07-01 02:00:00,13.0000
08162600,28.927778,-96.170833,1995-12-17 16:00:00,1995-12-20 11:00:00,172.7328,1995-12-18 08:00:00,16.0000
08162600,28.927778,-96.170833,1995-12-22 13:00:00,1995-12-23 12:00:00,39.6436,1995-12-22 21:00:00,8.0000
08162600,28.927778,-96.170833,1996-06-24 15:00:00,1996-06-29 23:00:00,207.2793,1996-06-26 04:00:00,37.0000
08162600,28.927778,-96.170833,1996-08-22 23:00:00,1996-08-25 02:00:00,42.4753,1996-08-23 07:00:00,8.0000
08162600,28.927778,-96.170833,1996-09-08 15:00:00,1996-09-09 16:00:00,49.5545,1996-09-08 23:00:00,8.0000
08162600,28.927778,-96.170833,1996-09-20 22:00:00,1996-09-23 00:00:00,74.1901,1996-09-21 20:00:00,22.0000
08162600,28.927778,-96.170833,1996-11-25 02:00:00,1996-11-26 10:00:00,47.0060,1996-11-25 15:00:00,13.0000
08162600,28.927778,-96.170833,1996-12-31 16:00:00,1997-01-03 04:00:00,79.8535,1997-01-01 05:00:00,13.0000
08162600,28.927778,-96.170833,1997-01-21 20:00:00,1997-01-23 13:00:00,80.4198,1997-01-22 12:00:00,16.0000
08162600,28.927778,-96.170833,1997-02-13 14:00:00,1997-02-13 17:00:00,23.7862,1997-02-13 15:00:00,1.0000
08162600,28.927778,-96.170833,1997-02-21 07:00:00,1997-02-22 09:00:00,47.0060,1997-02-21 18:00:00,11.0000
08162600,28.927778,-96.170833,1997-03-12 12:00:00,1997-03-14 09:00:00,135.9209,1997-03-13 01:00:00,13.0000
08162600,28.927778,-96.170833,1997-03-17 06:00:00,1997-03-21 04:00:00,215.4912,1997-03-18 02:00:00,20.0000
08162600,28.927778,-96.170833,1997-03-26 06:00:00,1997-03-27 20:00:00,95.7109,1997-03-26 18:00:00,12.0000
08162600,28.927778,-96.170833,1997-04-03 05:00:00,1997-04-06 21:00:00,121.4793,1997-04-04 04:00:00,23.0000
08162600,28.927778,-96.170833,1997-04-11 13:00:00,1997-04-13 21:00:00,163.1050,1997-04-12 04:00:00,15.0000
08162600,28.927778,-96.170833,1997-05-09 23:00:00,1997-05-12 01:00:00,199.0674,1997-05-10 13:00:00,14.0000
08162600,28.927778,-96.170833,1997-05-22 23:30:00,1997-05-26 06:15:00,62.0139,1997-05-23 09:00:00,9.5000
08162600,28.927778,-96.170833,1997-09-22 11:45:00,1997-09-27 09:45:00,195.9526,1997-09-23 11:30:00,23.7500
08162600,28.927778,-96.170833,1997-10-08 13:00:00,1997-10-16 08:15:00,141.8674,1997-10-14 00:00:00,131.0000
08162600,28.927778,-96.170833,1997-11-12 16:45:00,1997-11-13 20:15:00,31.4317,1997-11-12 23:00:00,6.2500
08162600,28.927778,-96.170833,1998-01-22 09:00:00,1998-01-23 02:30:00,45.0238,1998-01-22 16:15:00,7.2500
08162600,28.927778,-96.170833,1998-02-02 20:45:00,1998-02-03 16:15:00,36.8119,1998-02-03 03:00:00,6.2500
08162600,28.927778,-96.170833,1998-02-19 20:00:00,1998-02-20 10:15:00,27.7788,1998-02-20 02:45:00,6.7500
08162600,28.927778,-96.170833,1998-02-22 07:15:00,1998-02-23 09:45:00,56.9169,1998-02-22 17:00:00,9.7500
08162600,28.927778,-96.170833,1998-02-26 17:00:00,1998-02-27 05:30:00,49.2713,1998-02-27 00:45:00,7.7500
08162600,28.927778,-96.170833,1998-08-22 12:15:00,1998-08-24 01:00:00,63.4297,1998-08-23 02:00:00,13.7500
08162600,28.927778,-96.170833,1998-09-10 21:15:00,1998-09-18 15:15:00,234.1803,1998-09-11 17:00:00,19.7500
08162600,28.927778,-96.170833,1998-10-18 22:45:00,1998-10-21 02:00:00,94.8614,1998-10-19 12:45:00,14.0000
08162600,28.927778,-96.170833,1998-11-13 07:00:00,1998-11-17 01:00:00,138.4694,1998-11-14 21:00:00,38.0000
08162600,28.927778,-96.170833,1999-01-14 10:45:00,1999-01-14 23:00:00,30.0159,1999-01-14 15:00:00,4.2500
08162600,28.927778,-96.170833,1999-03-19 23:15:00,1999-03-21 02:15:00,52.1030,1999-03-20 07:00:00,7.7500
08162600,28.927778,-96.170833,1999-03-28 16:30:00,1999-03-29 18:15:00,46.1565,1999-03-29 00:15:00,7.7500
08162600,28.927778,-96.170833,2000-03-15 08:15:00,2000-03-16 11:00:00,33.6970,2000-03-15 18:30:00,10.2500
08162600,28.927778,-96.170833,2000-04-03 03:00:00,2000-04-04 04:45:00,47.0060,2000-04-03 12:00:00,9.0000
08162600,28.927778,-96.170833,2000-04-13 04:45:00,2000-04-13 15:30:00,26.7877,2000-04-13 09:30:00,4.7500
08162600,28.927778,-96.170833,2000-05-02 14:15:00,2000-05-04 09:15:00,94.8614,2000-05-03 06:30:00,16.2500
08162600,28.927778,-96.170833,2000-05-20 10:00:00,2000-05-22 09:30:00,107.6040,2000-05-21 01:15:00,15.2500
08162600,28.927778,-96.170833,2000-11-06 18:15:00,2000-11-07 05:45:00,41.6258,2000-11-07 02:15:00,8.0000
08162600,28.927778,-96.170833,2000-11-17 00:45:00,2000-11-17 05:45:00,36.8119,2000-11-17 05:45:00,5.0000
08162600,28.927778,-96.170833,2000-11-24 13:15:00,2000-11-26 05:30:00,69.9426,2000-11-25 02:30:00,13.2500
08162600,28.927778,-96.170833,2000-12-27 06:00:00,2000-12-28 09:00:00,38.5109,2000-12-27 16:15:00,10.2500
08162600,28.927778,-96.170833,2001-01-11 02:15:00,2001-01-12 21:15:00,93.4456,2001-01-11 17:45:00,15.5000
08162600,28.927778,-96.170833,2001-01-19 10:45:00,2001-01-20 04:30:00,27.9204,2001-01-19 19:15:00,8.5000
08162600,28.927778,-96.170833,2001-05-06 11:45:00,2001-05-08 21:30:00,54.9347,2001-05-08 00:30:00,36.7500
08162600,28.927778,-96.170833,2001-08-31 12:15:00,2001-09-07 12:30:00,196.2357,2001-09-02 16:15:00,52.0000
08162600,28.927778,-96.170833,2001-10-13 14:30:00,2001-10-15 06:15:00,73.9070,2001-10-14 04:15:00,13.7500
08162600,28.927778,-96.170833,2001-11-16 11:15:00,2001-11-17 11:30:00,43.3248,2001-11-16 20:15:00,9.0000
08162600,28.927778,-96.170833,2001-11-28 01:45:00,2001-11-29 07:15:00,47.2891,2001-11-28 11:45:00,10.0000
08162600,28.927778,-96.170833,2001-12-02 19:15:00,2001-12-04 22:15:00,126.8595,2001-12-03 13:15:00,18.0000
08162600,28.927778,-96.170833,2001-12-12 09:45:00,2001-12-13 09:45:00,39.0772,2001-12-12 18:45:00,9.0000
08162600,28.927778,-96.170833,2002-04-08 19:00:00,2002-04-09 14:45:00,36.8119,2002-04-09 00:45:00,5.7500
08162600,28.927778,-96.170833,2002-06-29 21:30:00,2002-06-30 15:15:00,29.1664,2002-06-30 03:15:00,5.7500
08162600,28.927778,-96.170833,2002-07-16 13:30:00,2002-07-18 08:45:00,40.4931,2002-07-17 04:00:00,14.5000
08162600,28.927778,-96.170833,2002-09-07 10:30:00,2002-09-10 02:30:00,77.3050,2002-09-08 04:00:00,17.5000
08162600,28.927778,-96.170833,2002-09-16 02:45:00,2002-09-19 06:30:00,52.9525,2002-09-17 23:15:00,44.5000
08162600,28.927778,-96.170833,2002-10-09 21:30:00,2002-10-10 23:30:00,37.0951,2002-10-10 08:30:00,11.0000
08162600,28.927778,-96.170833,2002-10-24 03:15:00,2002-10-31 07:00:00,125.1605,2002-10-25 15:30:00,36.2500
08162600,28.927778,-96.170833,2002-11-04 01:45:00,2002-11-07 19:00:00,191.4219,2002-11-05 09:30:00,31.7500
08162600,28.927778,-96.170833,2002-12-10 00:30:00,2002-12-11 09:30:00,55.7842,2002-12-10 12:30:00,12.0000
08162600,28.927778,-96.170833,2002-12-13 10:15:00,2002-12-13 20:00:00,25.2869,2002-12-13 15:15:00,5.0000
08162600,28.927778,-96.170833,2003-01-13 03:00:00,2003-01-14 12:45:00,62.2971,2003-01-13 14:00:00,11.0000
08162600,28.927778,-96.170833,2003-03-16 06:00:00,2003-03-16 21:00:00,30.0159,2003-03-16 11:45:00,5.7500
08162600,28.927778,-96.170833,2003-07-05 19:45:00,2003-07-06 17:30:00,36.8119,2003-07-06 03:15:00,7.5000
08162600,28.927778,-96.170833,2003-07-15 23:45:00,2003-07-19 05:00:00,131.9565,2003-07-17 04:15:00,28.5000
08162600,28.927778,-96.170833,2003-09-21 14:30:00,2003-09-23 13:15:00,102.2238,2003-09-22 05:30:00,15.0000
08162600,28.927778,-96.170833,2003-11-18 02:30:00,2003-11-20 04:30:00,83.8179,2003-11-18 20:30:00,18.0000
08162600,28.927778,-96.170833,2003-12-13 11:30:00,2003-12-14 13:30:00,50.6872,2003-12-13 19:30:00,8.0000
08162600,28.927778,-96.170833,2004-01-25 17:00:00,2004-01-26 15:00:00,39.0772,2004-01-26 00:30:00,7.5000
08162600,28.927778,-96.170833,2004-02-11 09:15:00,2004-02-12 20:00:00,54.6515,2004-02-11 21:00:00,11.7500
08162600,28.927778,-96.170833,2004-04-06 20:15:00,2004-04-08 01:30:00,49.8377,2004-04-07 05:30:00,9.2500
08162600,28.927778,-96.170833,2004-05-02 01:30:00,2004-05-03 10:00:00,47.2891,2004-05-02 12:00:00,10.5000
08162600,28.927778,-96.170833,2004-05-11 20:00:00,2004-05-18 00:15:00,205.0140,2004-05-14 17:00:00,69.0000
08162600,28.927778,-96.170833,2004-06-09 05:30:00,2004-06-09 22:30:00,30.5822,2004-06-09 12:45:00,7.2500
08162600,28.927778,-96.170833,2004-06-16 18:00:00,2004-06-18 15:15:00,101.6575,2004-06-17 07:00:00,13.0000
08162600,28.927778,-96.170833,2004-06-23 05:00:00,2004-06-27 22:15:00,168.7684,2004-06-24 20:30:00,39.5000
08162600,28.927778,-96.170833,2004-06-30 18:45:00,2004-07-02 05:30:00,46.4396,2004-07-01 06:45:00,12.0000
08162600,28.927778,-96.170833,2004-10-14 02:30:00,2004-10-17 02:15:00,137.9030,2004-10-14 22:45:00,20.2500
08162600,28.927778,-96.170833,2004-11-02 03:30:00,2004-11-04 14:00:00,126.2931,2004-11-02 21:00:00,17.5000
08162600,28.927778,-96.170833,2004-11-17 18:00:00,2004-11-27 00:45:00,118.3644,2004-11-22 17:15:00,119.2500
08162600,28.927778,-96.170833,2005-02-08 04:45:00,2005-02-10 19:30:00,118.3644,2005-02-09 13:00:00,32.2500
08162600,28.927778,-96.170833,2005-02-25 02:45:00,2005-02-25 12:15:00,26.3064,2005-02-25 06:30:00,3.7500
08162600,28.927778,-96.170833,2005-02-27 21:15:00,2005-02-28 08:00:00,25.5984,2005-02-28 02:45:00,5.5000
08162600,28.927778,-96.170833,2005-03-03 03:00:00,2005-03-04 07:00:00,44.7406,2005-03-03 11:45:00,8.7500
08162600,28.927778,-96.170833,2005-03-07 01:45:00,2005-03-08 19:30:00,50.1208,2005-03-07 18:45:00,17.0000
08162600,28.927778,-96.170833,2005-05-30 08:45:00,2005-05-31 12:30:00,37.6614,2005-05-30 17:15:00,8.5000
08162600,28.927778,-96.170833,2005-06-01 22:00:00,2005-06-02 22:30:00,36.5287,2005-06-02 04:45:00,6.7500
08162600,28.927778,-96.170833,2006-07-05 23:15:00,2006-07-08 02:45:00,52.6693,2006-07-06 12:45:00,13.5000
08162600,28.927778,-96.170833,2006-07-26 16:30:00,2006-07-30 03:15:00,201.3328,2006-07-27 11:30:00,19.0000
08162600,28.927778,-96.170833,2006-09-24 15:45:00,2006-09-25 14:45:00,35.9624,2006-09-24 23:15:00,7.5000
08162600,28.927778,-96.170833,2006-10-16 11:45:00,2006-10-19 03:15:00,113.8337,2006-10-17 10:00:00,22.2500
08162600,28.927778,-96.170833,2007-01-04 16:45:00,2007-01-06 04:45:00,45.0238,2007-01-05 07:30:00,14.7500
08162600,28.927778,-96.170833,2007-01-24 08:30:00,2007-01-28 23:15:00,158.0080,2007-01-25 02:45:00,18.2500
08162600,28.927778,-96.170833,2007-03-14 13:00:00,2007-03-16 16:00:00,64.5624,2007-03-15 07:00:00,18.0000
08162600,28.927778,-96.170833,2007-03-31 17:00:00,2007-04-02 15:00:00,88.9149,2007-04-01 06:15:00,13.2500
08162600,28.927778,-96.170833,2007-05-26 20:00:00,2007-05-30 23:15:00,102.2238,2007-05-28 09:45:00,37.7500
08162600,28.927778,-96.170833,2007-06-26 02:30:00,2007-06-27 05:15:00,37.6614,2007-06-26 12:45:00,10.2500
08162600,28.927778,-96.170833,2007-07-01 21:30:00,2007-07-10 01:45:00,248.9051,2007-07-05 17:00:00,91.5000
08162600,28.927778,-96.170833,2007-07-15 14:15:00,2007-07-17 10:45:00,61.7307,2007-07-16 06:15:00,16.0000
08162600,28.927778,-96.170833,2007-07-19 20:00:00,2007-07-22 17:45:00,68.5268,2007-07-21 06:00:00,34.0000
08162600,28.927778,-96.170833,2007-07-26 18:30:00,2007-07-30 20:00:00,76.4555,2007-07-27 20:45:00,26.2500
08162600,28.927778,-96.170833,2007-08-16 22:30:00,2007-08-18 14:30:00,44.7406,2007-08-17 12:15:00,13.7500
08162600,28.927778,-96.170833,2008-01-19 13:15:00,2008-01-20 23:30:00,61.1644,2008-01-20 01:30:00,12.2500
08162600,28.927778,-96.170833,2008-02-12 09:45:00,2008-02-13 18:45:00,64.8456,2008-02-12 19:30:00,9.7500
08162600,28.927778,-96.170833,2008-03-10 22:45:00,2008-03-12 08:00:00,53.8020,2008-03-11 09:45:00,11.0000
08162600,28.927778,-96.170833,2008-09-14 22:00:00,2008-09-16 23:45:00,67.3941,2008-09-15 12:45:00,14.7500
08162600,28.927778,-96.170833,2008-11-12 16:30:00,2008-11-13 19:15:00,43.0416,2008-11-13 02:00:00,9.5000
08162600,28.927778,-96.170833,2009-04-19 17:45:00,2009-04-20 16:00:00,30.8654,2009-04-20 03:00:00,9.2500
08162600,28.927778,-96.170833,2009-10-26 21:15:00,2009-10-28 19:00:00,67.3941,2009-10-27 10:00:00,12.7500
08162600,28.927778,-96.170833,2009-11-21 16:45:00,2009-11-22 13:15:00,27.8638,2009-11-22 03:30:00,10.7500
08162600,28.927778,-96.170833,2009-12-02 12:15:00,2009-12-03 21:30:00,36.5287,2009-12-03 01:45:00,13.5000
08162600,28.927778,-96.170833,2010-01-15 15:45:00,2010-01-18 05:45:00,108.7367,2010-01-16 10:15:00,18.5000
08162600,28.927778,-96.170833,2010-02-11 23:30:00,2010-02-13 20:15:00,78.1545,2010-02-12 13:30:00,14.0000
08162600,28.927778,-96.170833,2010-05-15 10:30:00,2010-05-18 21:00:00,137.3367,2010-05-16 12:15:00,25.7500
08162600,28.927778,-96.170833,2010-07-01 17:30:00,2010-07-05 09:15:00,115.2496,2010-07-03 11:00:00,41.5000
08162600,28.927778,-96.170833,2010-07-09 05:15:00,2010-07-11 15:15:00,45.5901,2010-07-10 02:45:00,21.5000
08162600,28.927778,-96.170833,2010-09-21 15:00:00,2010-09-22 14:30:00,31.7149,2010-09-21 21:45:00,6.7500
08162600,28.927778,-96.170833,2010-12-30 02:00:00,2010-12-31 02:00:00,37.0951,2010-12-30 10:00:00,8.0000
08162600,28.927778,-96.170833,2012-02-18 21:30:00,2012-02-20 06:30:00,44.4574,2012-02-19 06:45:00,9.2500
08162600,28.927778,-96.170833,2012-03-29 22:30:00,2012-03-30 17:00:00,35.1129,2012-03-30 04:15:00,5.7500
08162600,28.927778,-96.170833,2012-07-11 09:45:00,2012-07-14 22:45:00,174.4318,2012-07-11 19:45:00,10.0000
08162600,28.927778,-96.170833,2012-09-29 13:15:00,2012-10-02 01:45:00,67.6773,2012-09-30 08:30:00,19.2500
08162600,28.927778,-96.170833,2013-01-09 23:15:00,2013-01-11 22:00:00,60.5981,2013-01-10 12:00:00,12.7500
08162600,28.927778,-96.170833,2013-10-31 23:00:00,2013-11-02 09:00:00,37.9446,2013-11-01 10:30:00,11.5000
08162600,28.927778,-96.170833,2013-11-05 11:00:00,2013-11-06 22:45:00,40.2099,2013-11-06 00:00:00,13.0000
08162600,28.927778,-96.170833,2014-05-28 14:00:00,2014-05-29 18:15:00,25.7683,2014-05-28 21:15:00,7.2500
08162600,28.927778,-96.170833,2014-12-20 03:00:00,2014-12-20 16:15:00,27.2691,2014-12-20 09:30:00,6.5000
08162600,28.927778,-96.170833,2015-01-23 00:45:00,2015-01-23 20:45:00,31.7149,2015-01-23 08:00:00,7.2500
08162600,28.927778,-96.170833,2015-03-10 01:00:00,2015-03-11 21:45:00,62.0139,2015-03-10 14:45:00,13.7500
08162600,28.927778,-96.170833,2015-03-22 01:15:00,2015-03-23 15:00:00,61.1644,2015-03-22 13:45:00,12.5000
08162600,28.927778,-96.170833,2015-04-18 03:00:00,2015-04-20 14:45:00,92.8793,2015-04-19 06:30:00,27.5000
08162600,28.927778,-96.170833,2015-05-12 23:45:00,2015-05-14 11:00:00,60.8812,2015-05-13 10:30:00,10.7500
08162600,28.927778,-96.170833,2015-05-26 10:45:00,2015-05-27 22:00:00,54.6515,2015-05-26 23:30:00,12.7500
08162600,28.927778,-96.170833,2015-05-31 10:45:00,2015-06-01 13:30:00,42.1921,2015-05-31 18:45:00,8.0000
08162600,28.927778,-96.170833,2015-06-17 00:00:00,2015-06-22 03:00:00,179.2456,2015-06-18 01:00:00,25.0000
08162600,28.927778,-96.170833,2015-10-24 23:45:00,2015-10-28 16:00:00,207.2793,2015-10-25 15:15:00,15.5000
08162600,28.927778,-96.170833,2015-10-31 06:45:00,2015-11-02 15:45:00,95.9941,2015-11-01 03:00:00,21.2500
08162600,28.927778,-96.170833,2016-04-18 20:30:00,2016-04-19 23:15:00,43.6079,2016-04-19 05:15:00,8.7500
08162600,28.927778,-96.170833,2016-05-16 11:15:00,2016-05-18 03:45:00,63.1466,2016-05-17 03:30:00,16.2500
08162600,28.927778,-96.170833,2016-05-19 20:45:00,2016-05-23 14:00:00,72.4911,2016-05-20 11:15:00,14.5000
08177500,28.730833,-97.138333,1991-12-22 07:00:00,1991-12-22 23:00:00,413.4260,1991-12-22 11:00:00,4.0000
08177500,28.730833,-97.138333,1992-01-27 08:00:00,1992-01-27 18:00:00,305.8219,1992-01-27 11:00:00,3.0000
08177500,28.730833,-97.138333,1992-02-04 12:00:00,1992-02-04 16:00:00,283.1685,1992-02-04 14:00:00,2.0000
08177500,28.730833,-97.138333,1992-02-11 15:00:00,1992-02-11 19:00:00,279.2041,1992-02-11 17:00:00,2.0000
08177500,28.730833,-97.138333,1992-02-25 01:00:00,1992-02-25 16:00:00,291.6635,1992-02-25 05:00:00,4.0000
08177500,28.730833,-97.138333,1992-04-17 20:00:00,1992-04-18 20:00:00,1180.8125,1992-04-17 22:00:00,2.0000
08177500,28.730833,-97.138333,1993-05-06 02:00:00,1993-05-07 01:00:00,733.4063,1993-05-06 05:00:00,3.0000
08177500,28.730833,-97.138333,1993-05-23 23:00:00,1993-05-24 03:00:00,410.5943,1993-05-24 01:00:00,2.0000
08177500,28.730833,-97.138333,1993-06-20 04:00:00,1993-06-22 04:00:00,560.6736,1993-06-20 13:00:00,9.0000
08177500,28.730833,-97.138333,1994-10-18 15:00:00,1994-10-19 21:00:00,1265.7630,1994-10-19 05:00:00,14.0000
08177500,28.730833,-97.138333,1997-03-17 14:00:00,1997-03-17 21:00:00,331.3071,1997-03-17 18:00:00,4.0000
08177500,28.730833,-97.138333,1997-03-19 00:00:00,1997-03-19 01:00:00,225.1189,1997-03-19 01:00:00,1.0000
08177500,28.730833,-97.138333,1997-04-02 23:00:00,1997-04-05 07:00:00,1418.6740,1997-04-04 14:00:00,39.0000
08177500,28.730833,-97.138333,1997-06-22 03:30:00,1997-06-23 06:00:00,959.9411,1997-06-22 15:15:00,11.7500
08177500,28.730833,-97.138333,1997-10-13 09:45:00,1997-10-14 00:15:00,784.3767,1997-10-13 16:00:00,6.2500
08177500,28.730833,-97.138333,1998-09-11 16:15:00,1998-09-12 14:00:00,563.5052,1998-09-12 03:45:00,11.5000
08177500,28.730833,-97.138333,1998-09-16 21:15:00,1998-09-17 07:00:00,255.7011,1998-09-17 01:00:00,3.7500
08177500,28.730833,-97.138333,1998-10-18 15:15:00,1998-10-20 15:45:00,634.2974,1998-10-19 04:45:00,13.5000
08177500,28.730833,-97.138333,1998-11-13 09:15:00,1998-11-15 08:00:00,572.0003,1998-11-14 19:45:00,34.5000
08177500,28.730833,-97.138333,2001-05-06 06:00:00,2001-05-06 10:30:00,283.1685,2001-05-06 08:00:00,2.0000
08177500,28.730833,-97.138333,2001-08-31 14:15:00,2001-09-02 06:00:00,572.0003,2001-09-01 10:45:00,20.5000
08177500,28.730833,-97.138333,2001-11-16 06:15:00,2001-11-16 12:45:00,254.8516,2001-11-16 09:45:00,3.5000
08177500,28.730833,-97.138333,2002-07-16 13:00:00,2002-07-17 00:45:00,281.7526,2002-07-16 15:30:00,2.5000
08177500,28.730833,-97.138333,2002-10-24 22:29:00,2002-10-25 13:24:00,447.4062,2002-10-25 06:14:00,7.7500
08177500,28.730833,-97.138333,2002-11-05 05:14:00,2002-11-05 21:09:00,286.0002,2002-11-05 10:44:00,5.5000
08177500,28.730833,-97.138333,2004-05-14 09:30:00,2004-05-14 22:15:00,373.7824,2004-05-14 16:45:00,7.2500
08177500,28.730833,-97.138333,2004-11-21 12:45:00,2004-11-22 14:00:00,1180.8125,2004-11-22 01:00:00,12.2500
08177500,28.730833,-97.138333,2007-03-14 15:00:00,2007-03-15 04:00:00,282.0358,2007-03-15 00:00:00,9.0000
08177500,28.730833,-97.138333,2007-03-31 13:15:00,2007-03-31 21:30:00,379.4457,2007-03-31 17:15:00,4.0000
08177500,28.730833,-97.138333,2007-07-02 12:45:00,2007-07-03 13:15:00,546.5151,2007-07-02 17:15:00,4.5000
08177500,28.730833,-97.138333,2007-07-05 19:30:00,2007-07-06 11:00:00,379.4457,2007-07-06 02:15:00,6.7500
08177500,28.730833,-97.138333,2010-05-15 14:00:00,2010-05-15 17:30:00,472.8913,2010-05-15 15:30:00,1.5000
08177500,28.730833,-97.138333,2015-03-21 20:15:00,2015-03-21 22:15:00,258.5328,2015-03-21 21:00:00,0.7500
08177500,28.730833,-97.138333,2015-05-16 00:00:00,2015-05-16 05:00:00,311.4853,2015-05-16 00:45:00,0.7500
08177500,28.730833,-97.138333,2015-06-17 23:15:00,2015-06-18 18:45:00,436.0794,2015-06-18 10:15:00,11.0000
08177500,28.730833,-97.138333,2016-03-10 09:45:00,2016-03-10 12:45:00,260.7982,2016-03-10 12:00:00,2.2500
08178800,29.356944,-98.412500,1990-04-26 23:00:00,1990-04-27 04:00:00,82.1189,1990-04-27 01:00:00,2.0000
08178800,29.356944,-98.412500,1990-07-16 08:00:00,1990-07-16 17:00:00,92.8793,1990-07-16 10:00:00,2.0000
08178800,29.356944,-98.412500,1991-01-18 17:00:00,1991-01-19 00:00:00,91.7466,1991-01-18 21:00:00,4.0000
08178800,29.356944,-98.412500,1991-12-19 14:00:00,1991-12-20 10:00:00,131.6733,1991-12-20 00:00:00,10.0000
08178800,29.356944,-98.412500,1991-12-21 20:00:00,1991-12-22 13:00:00,104.7723,1991-12-22 06:00:00,10.0000
08178800,29.356944,-98.412500,1992-01-27 06:00:00,1992-01-27 14:00:00,78.4377,1992-01-27 11:00:00,5.0000
08178800,29.356944,-98.412500,1992-03-04 14:00:00,1992-03-05 03:00:00,115.2496,1992-03-04 17:00:00,3.0000
08178800,29.356944,-98.412500,1992-05-22 00:00:00,1992-05-22 14:00:00,131.3902,1992-05-22 06:00:00,6.0000
08178800,29.356944,-98.412500,1992-05-27 12:00:00,1992-05-27 21:00:00,105.3387,1992-05-27 16:00:00,4.0000
08178800,29.356944,-98.412500,1992-06-10 00:00:00,1992-06-10 03:00:00,69.0931,1992-06-10 01:00:00,1.0000
08178800,29.356944,-98.412500,1993-05-05 22:00:00,1993-05-06 18:00:00,288.8318,1993-05-06 09:00:00,11.0000
08178800,29.356944,-98.412500,1994-10-08 12:00:00,1994-10-08 22:00:00,122.8951,1994-10-08 16:00:00,4.0000
08178800,29.356944,-98.412500,1997-06-23 02:30:00,1997-06-23 12:30:00,77.3050,1997-06-23 04:45:00,2.2500
08178800,29.356944,-98.412500,1998-10-20 05:00:00,1998-10-20 12:15:00,91.4634,1998-10-20 06:00:00,1.0000
08178800,29.356944,-98.412500,2001-08-31 02:15:00,2001-08-31 11:15:00,140.4516,2001-08-31 06:00:00,3.7500
08178800,29.356944,-98.412500,2001-11-16 07:30:00,2001-11-16 18:30:00,116.6654,2001-11-16 11:15:00,3.7500
08178800,29.356944,-98.412500,2002-07-03 05:00:00,2002-07-04 07:15:00,81.5525,2002-07-03 23:00:00,18.0000
08178800,29.356944,-98.412500,2002-09-20 07:00:00,2002-09-20 08:30:00,69.6594,2002-09-20 07:45:00,0.7500
08178800,29.356944,-98.412500,2002-10-09 15:30:00,2002-10-09 21:00:00,73.6238,2002-10-09 20:00:00,4.5000
08178800,29.356944,-98.412500,2002-10-23 14:45:00,2002-10-23 18:00:00,71.0753,2002-10-23 16:00:00,1.2500
08178800,29.356944,-98.412500,2002-10-24 20:30:00,2002-10-25 08:45:00,87.4991,2002-10-25 00:00:00,3.5000
08178800,29.356944,-98.412500,2004-11-17 17:15:00,2004-11-17 20:30:00,70.7921,2004-11-17 18:30:00,1.2500
08178800,29.356944,-98.412500,2004-11-22 12:00:00,2004-11-23 14:45:00,404.9309,2004-11-23 02:30:00,14.5000
08178800,29.356944,-98.412500,2007-05-01 02:00:00,2007-05-01 05:00:00,72.7743,2007-05-01 03:30:00,1.5000
08178800,29.356944,-98.412500,2007-06-29 01:00:00,2007-06-29 12:00:00,103.9228,2007-06-29 06:00:00,5.0000
08178800,29.356944,-98.412500,2007-07-15 18:45:00,2007-07-15 23:00:00,82.6852,2007-07-15 20:30:00,1.7500
08178800,29.356944,-98.412500,2007-07-25 23:00:00,2007-07-26 12:15:00,99.9585,2007-07-26 04:15:00,5.2500
08178800,29.356944,-98.412500,2007-08-16 23:45:00,2007-08-17 21:30:00,125.1605,2007-08-17 13:30:00,13.7500
08178800,29.356944,-98.412500,2009-10-04 16:00:00,2009-10-05 08:00:00,237.8615,2009-10-04 22:00:00,6.0000
08178800,29.356944,-98.412500,2010-05-15 05:15:00,2010-05-15 22:45:00,69.6594,2010-05-15 22:00:00,16.7500
08178800,29.356944,-98.412500,2010-09-08 02:00:00,2010-09-09 04:00:00,132.5228,2010-09-08 19:00:00,17.0000
08178800,29.356944,-98.412500,2012-01-25 13:00:00,2012-01-26 02:15:00,156.5922,2012-01-25 19:15:00,6.2500
08178800,29.356944,-98.412500,2012-02-18 19:30:00,2012-02-19 00:00:00,75.0396,2012-02-18 20:15:00,0.7500
08178800,29.356944,-98.412500,2012-05-16 03:30:00,2012-05-16 09:00:00,82.9684,2012-05-16 06:30:00,3.0000
08178800,29.356944,-98.412500,2012-08-19 11:30:00,2012-08-19 17:30:00,91.7466,2012-08-19 14:45:00,3.2500
08178800,29.356944,-98.412500,2013-05-25 19:15:00,2013-05-26 11:15:00,305.8219,2013-05-26 01:00:00,5.7500
08178800,29.356944,-98.412500,2014-05-13 17:00:00,2014-05-13 17:45:00,68.5268,2014-05-13 17:15:00,0.2500
08178800,29.356944,-98.412500,2014-06-26 00:15:00,2014-06-26 07:30:00,102.7902,2014-06-26 03:15:00,3.0000
08178800,29.356944,-98.412500,2015-04-25 19:00:00,2015-04-26 02:45:00,107.0377,2015-04-25 22:15:00,3.2500
08178800,29.356944,-98.412500,2015-05-24 03:45:00,2015-05-24 20:00:00,140.7347,2015-05-24 13:45:00,10.0000
08178800,29.356944,-98.412500,2015-06-18 09:15:00,2015-06-18 16:45:00,107.3208,2015-06-18 12:15:00,3.0000
08178800,29.356944,-98.412500,2015-06-19 18:30:00,2015-06-19 23:45:00,87.2159,2015-06-19 21:00:00,2.5000
08178800,29.356944,-98.412500,2016-04-19 03:30:00,2016-04-19 05:45:00,70.2258,2016-04-19 04:15:00,0.7500
08178800,29.356944,-98.412500,2016-05-20 00:00:00,2016-05-20 08:00:00,80.7030,2016-05-20 04:15:00,4.2500
08188500,28.649179,-97.384723,1991-12-21 21:00:00,1991-12-30 11:00:00,778.7133,1991-12-26 05:00:00,104.0000
08188500,28.649179,-97.384723,1992-01-28 04:00:00,1992-01-30 05:00:00,314.3170,1992-01-30 05:00:00,49.0000
08188500,28.649179,-97.384723,1992-02-03 18:00:00,1992-02-16 11:00:00,489.8814,1992-02-08 22:00:00,124.0000
08188500,28.649179,-97.384723,1992-02-23 13:00:00,1992-03-01 19:00:00,402.0992,1992-02-27 20:00:00,103.0000
08188500,28.649179,-97.384723,1992-03-06 11:00:00,1992-03-15 06:00:00,365.2873,1992-03-09 14:00:00,75.0000
08188500,28.649179,-97.384723,1992-04-01 09:00:00,1992-04-03 05:00:00,129.9743,1992-04-02 03:00:00,18.0000
08188500,28.649179,-97.384723,1992-04-06 13:00:00,1992-04-09 13:00:00,210.6773,1992-04-07 18:00:00,29.0000
08188500,28.649179,-97.384723,1992-04-17 21:00:00,1992-04-23 09:00:00,342.6338,1992-04-21 10:00:00,85.0000
08188500,28.649179,-97.384723,1992-04-26 08:00:00,1992-04-28 00:00:00,169.3347,1992-04-27 03:00:00,19.0000
08188500,28.649179,-97.384723,1992-05-20 05:00:00,1992-06-02 04:00:00,608.8122,1992-05-20 12:00:00,7.0000
08188500,28.649179,-97.384723,1992-06-08 05:00:00,1992-06-10 04:00:00,223.9863,1992-06-10 04:00:00,47.0000
08188500,28.649179,-97.384723,1992-06-11 05:00:00,1992-06-13 04:00:00,218.6061,1992-06-13 04:00:00,47.0000
08188500,28.649179,-97.384723,1992-06-14 05:00:00,1992-06-17 04:00:00,244.3744,1992-06-14 12:00:00,7.0000
08188500,28.649179,-97.384723,1992-11-21 06:00:00,1992-11-23 12:00:00,242.6754,1992-11-22 10:00:00,28.0000
08188500,28.649179,-97.384723,1993-05-07 00:00:00,1993-05-11 13:00:00,277.5051,1993-05-10 03:00:00,75.0000
08188500,28.649179,-97.384723,1993-05-25 00:00:00,1993-05-28 15:00:00,376.6141,1993-05-27 12:00:00,60.0000
08188500,28.649179,-97.384723,1993-06-23 03:00:00,1993-06-25 05:00:00,160.5565,1993-06-23 23:00:00,20.0000
08188500,28.649179,-97.384723,1993-06-27 16:00:00,1993-07-02 00:00:00,458.7329,1993-06-30 14:00:00,70.0000
08188500,28.649179,-97.384723,1994-05-04 17:00:00,1994-05-05 17:00:00,132.5228,1994-05-05 03:00:00,10.0000
08188500,28.649179,-97.384723,1994-05-15 21:00:00,1994-05-19 16:00:00,288.8318,1994-05-18 06:00:00,57.0000
08188500,28.649179,-97.384723,1994-10-11 18:00:00,1994-10-12 02:00:00,112.4179,1994-10-11 21:00:00,3.0000
08188500,28.649179,-97.384723,1995-07-02 05:00:00,1995-07-03 09:00:00,127.4258,1995-07-02 19:00:00,14.0000
08188500,28.649179,-97.384723,1997-04-03 20:00:00,1997-04-06 00:00:00,265.3289,1997-04-04 22:00:00,26.0000
08188500,28.649179,-97.384723,1997-06-08 16:00:00,1997-06-09 02:00:00,117.2317,1997-06-08 20:00:00,4.0000
08188500,28.649179,-97.384723,1997-06-22 10:00:00,1997-07-02 19:00:00,356.7923,1997-06-28 10:00:00,144.0000
08188500,28.649179,-97.384723,1998-03-19 13:15:00,1998-03-20 12:00:00,130.5407,1998-03-19 22:45:00,9.5000
08188500,28.649179,-97.384723,1998-08-25 22:00:00,1998-08-26 22:15:00,123.7446,1998-08-26 10:30:00,12.5000
08188500,28.649179,-97.384723,1998-09-12 19:30:00,1998-09-13 08:45:00,121.4793,1998-09-13 01:30:00,6.0000
08188500,28.649179,-97.384723,1998-10-18 16:30:00,1998-10-26 23:30:00,1676.3573,1998-10-22 17:30:00,97.0000
08188500,28.649179,-97.384723,1998-11-14 14:30:00,1998-11-17 15:00:00,191.7051,1998-11-15 08:00:00,17.5000
08188500,28.649179,-97.384723,1999-06-27 10:00:00,1999-06-28 20:45:00,185.7585,1999-06-28 05:15:00,19.2500
08188500,28.649179,-97.384723,2001-04-27 03:15:00,2001-04-28 17:00:00,134.2219,2001-04-28 05:30:00,26.2500
08188500,28.649179,-97.384723,2001-05-06 02:00:00,2001-05-06 12:45:00,180.3783,2001-05-06 05:15:00,3.2500
08188500,28.649179,-97.384723,2001-08-30 22:15:00,2001-09-01 04:45:00,495.5448,2001-09-01 04:45:00,30.5000
08188500,28.649179,-97.384723,2001-09-07 05:00:00,2001-09-08 04:45:00,356.7923,2001-09-08 04:45:00,23.7500
08188500,28.649179,-97.384723,2001-09-09 05:00:00,2001-09-11 04:45:00,410.5943,2001-09-09 05:15:00,0.2500
08188500,28.649179,-97.384723,2001-11-16 04:15:00,2001-11-17 04:15:00,139.6021,2001-11-16 20:00:00,15.7500
08188500,28.649179,-97.384723,2001-11-18 16:30:00,2001-11-21 04:45:00,233.8972,2001-11-20 03:15:00,34.7500
08188500,28.649179,-97.384723,2001-12-03 13:30:00,2001-12-04 03:00:00,119.4971,2001-12-03 18:00:00,4.5000
08188500,28.649179,-97.384723,2002-04-10 18:00:00,2002-04-12 05:00:00,165.3704,2002-04-11 11:00:00,17.0000
08188500,28.649179,-97.384723,2002-07-03 07:00:00,2002-07-18 04:45:00,1999.1694,2002-07-10 03:30:00,164.5000
08188500,28.649179,-97.384723,2002-09-09 00:45:00,2002-09-09 08:30:00,120.3466,2002-09-09 04:15:00,3.5000
08188500,28.649179,-97.384723,2002-09-10 17:30:00,2002-09-17 08:30:00,302.9903,2002-09-14 13:00:00,91.5000
08188500,28.649179,-97.384723,2002-10-11 10:30:00,2002-10-15 03:15:00,342.6338,2002-10-13 16:00:00,53.5000
08188500,28.649179,-97.384723,2002-10-24 22:30:00,2002-10-31 18:00:00,509.7032,2002-10-29 04:00:00,102.5000
08188500,28.649179,-97.384723,2002-11-04 22:00:00,2002-11-10 13:15:00,484.2181,2002-11-08 14:30:00,88.5000
08188500,28.649179,-97.384723,2002-12-13 17:00:00,2002-12-15 15:30:00,176.1308,2002-12-14 10:45:00,17.7500
08188500,28.649179,-97.384723,2003-02-22 21:15:00,2003-02-24 19:30:00,181.5110,2003-02-23 19:00:00,21.7500
08188500,28.649179,-97.384723,2003-09-20 03:30:00,2003-09-22 02:59:00,233.0476,2003-09-21 04:14:00,24.7333
08188500,28.649179,-97.384723,2004-04-06 15:45:00,2004-04-09 11:00:00,194.8199,2004-04-08 03:30:00,35.7500
08188500,28.649179,-97.384723,2004-04-12 17:15:00,2004-04-13 15:15:00,132.8060,2004-04-13 02:45:00,9.5000
08188500,28.649179,-97.384723,2004-04-25 17:30:00,2004-04-28 09:45:00,141.8674,2004-04-26 00:00:00,6.5000
08188500,28.649179,-97.384723,2004-05-14 20:45:00,2004-05-17 18:30:00,331.3071,2004-05-16 14:30:00,41.7500
08188500,28.649179,-97.384723,2004-06-11 23:00:00,2004-06-16 00:00:00,368.1190,2004-06-14 11:45:00,60.7500
08188500,28.649179,-97.384723,2004-06-26 20:00:00,2004-06-28 15:30:00,196.8021,2004-06-27 13:45:00,17.7500
08188500,28.649179,-97.384723,2004-07-01 22:30:00,2004-07-07 04:15:00,275.2397,2004-07-04 10:30:00,60.0000
08188500,28.649179,-97.384723,2004-10-27 10:00:00,2004-10-29 03:15:00,186.0417,2004-10-28 07:30:00,21.5000
08188500,28.649179,-97.384723,2004-11-03 22:00:00,2004-11-04 23:30:00,135.3545,2004-11-04 09:30:00,11.5000
08188500,28.649179,-97.384723,2004-11-18 23:45:00,2004-11-30 21:00:00,662.6142,2004-11-27 11:30:00,203.7500
08188500,28.649179,-97.384723,2005-02-26 03:45:00,2005-02-26 17:30:00,122.0456,2005-02-26 09:15:00,5.5000
08188500,28.649179,-97.384723,2005-03-21 03:15:00,2005-03-22 06:45:00,173.5823,2005-03-21 15:30:00,12.2500
08188500,28.649179,-97.384723,2007-03-14 12:30:00,2007-03-18 15:15:00,504.0399,2007-03-17 00:00:00,59.5000
08188500,28.649179,-97.384723,2007-03-31 12:00:00,2007-04-04 13:30:00,233.0476,2007-03-31 16:00:00,4.0000
08188500,28.649179,-97.384723,2007-05-02 03:30:00,2007-05-04 17:30:00,226.5348,2007-05-03 11:15:00,31.7500
08188500,28.649179,-97.384723,2007-05-28 14:45:00,2007-05-29 06:45:00,123.4615,2007-05-28 20:45:00,6.0000
08188500,28.649179,-97.384723,2007-07-18 08:15:00,2007-07-18 20:45:00,115.2496,2007-07-18 13:30:00,5.2500
08188500,28.649179,-97.384723,2007-08-17 16:45:00,2007-08-27 11:30:00,588.9904,2007-08-23 08:30:00,135.7500
08188500,28.649179,-97.384723,2009-10-05 19:45:00,2009-10-09 05:15:00,311.4853,2009-10-08 02:15:00,54.5000
08188500,28.649179,-97.384723,2009-10-29 00:30:00,2009-10-30 06:45:00,163.6714,2009-10-29 13:45:00,13.2500
08188500,28.649179,-97.384723,2009-11-21 18:00:00,2009-11-24 10:45:00,278.0714,2009-11-23 05:45:00,35.7500
08188500,28.649179,-97.384723,2010-01-16 21:30:00,2010-01-19 21:45:00,286.0002,2010-01-18 17:15:00,43.7500
08188500,28.649179,-97.384723,2010-02-05 14:15:00,2010-02-08 04:15:00,245.2239,2010-02-06 22:30:00,32.2500
08188500,28.649179,-97.384723,2010-02-13 06:45:00,2010-02-15 07:15:00,194.5367,2010-02-14 10:45:00,28.0000
08188500,28.649179,-97.384723,2010-04-20 09:45:00,2010-04-22 05:45:00,168.7684,2010-04-21 10:00:00,24.2500
08188500,28.649179,-97.384723,2010-05-17 14:00:00,2010-05-20 03:45:00,185.1922,2010-05-19 04:15:00,38.2500
08188500,28.649179,-97.384723,2010-06-11 11:30:00,2010-06-12 18:45:00,173.2991,2010-06-12 03:00:00,15.5000
08188500,28.649179,-97.384723,2010-09-10 05:45:00,2010-09-13 23:00:00,317.1487,2010-09-12 17:30:00,59.7500
08188500,28.649179,-97.384723,2012-01-28 09:15:00,2012-01-29 06:45:00,133.3723,2012-01-28 20:15:00,11.0000
08188500,28.649179,-97.384723,2012-02-07 01:30:00,2012-02-07 23:15:00,129.6912,2012-02-07 13:00:00,11.5000
08188500,28.649179,-97.384723,2012-02-21 02:15:00,2012-02-21 19:30:00,123.1783,2012-02-21 10:15:00,8.0000
08188500,28.649179,-97.384723,2012-03-22 21:30:00,2012-03-23 23:45:00,135.9209,2012-03-23 08:15:00,10.7500
08188500,28.649179,-97.384723,2012-03-29 19:45:00,2012-03-31 02:00:00,224.2694,2012-03-30 09:45:00,14.0000
08188500,28.649179,-97.384723,2012-05-11 23:30:00,2012-05-14 14:15:00,201.6159,2012-05-12 20:45:00,21.2500
08188500,28.649179,-97.384723,2012-05-18 19:15:00,2012-05-19 04:30:00,113.5506,2012-05-18 23:15:00,4.0000
08188500,28.649179,-97.384723,2012-08-22 23:15:00,2012-08-23 10:30:00,116.3822,2012-08-23 04:00:00,4.7500
08188500,28.649179,-97.384723,2012-10-02 11:00:00,2012-10-02 22:15:00,114.6832,2012-10-02 16:15:00,5.2500
08188500,28.649179,-97.384723,2013-05-28 06:00:00,2013-05-31 22:45:00,308.6536,2013-05-30 18:45:00,60.7500
08188500,28.649179,-97.384723,2014-05-16 18:15:00,2014-05-17 07:30:00,119.4971,2014-05-17 01:00:00,6.7500
08188500,28.649179,-97.384723,2014-05-27 22:15:00,2014-05-30 23:45:00,216.9070,2014-05-28 16:30:00,18.2500
08188500,28.649179,-97.384723,2014-11-09 17:00:00,2014-11-09 22:45:00,112.1347,2014-11-09 18:00:00,1.0000
08188500,28.649179,-97.384723,2015-03-22 18:00:00,2015-03-25 01:15:00,203.3150,2015-03-23 19:45:00,25.7500
08188500,28.649179,-97.384723,2015-04-19 00:00:00,2015-04-21 00:00:00,184.9090,2015-04-20 03:00:00,27.0000
08188500,28.649179,-97.384723,2015-04-23 22:00:00,2015-04-25 09:45:00,174.1486,2015-04-24 16:30:00,18.5000
08188500,28.649179,-97.384723,2015-04-27 06:30:00,2015-04-30 14:15:00,193.6872,2015-04-29 00:45:00,42.2500
08188500,28.649179,-97.384723,2015-05-15 14:45:00,2015-05-22 03:15:00,294.4952,2015-05-18 19:15:00,76.5000
08188500,28.649179,-97.384723,2015-05-26 16:00:00,2015-06-02 00:30:00,277.7883,2015-05-29 20:30:00,76.5000
08188500,28.649179,-97.384723,2015-06-17 18:30:00,2015-06-19 01:15:00,141.5842,2015-06-17 23:30:00,5.0000
08188500,28.649179,-97.384723,2015-06-20 15:45:00,2015-06-23 07:45:00,156.5922,2015-06-21 11:30:00,19.7500
08188500,28.649179,-97.384723,2015-10-28 00:00:00,2015-10-29 05:30:00,134.7882,2015-10-28 16:45:00,16.7500
08188500,28.649179,-97.384723,2015-11-02 11:30:00,2015-11-05 10:30:00,233.8972,2015-11-04 02:30:00,39.0000
08188500,28.649179,-97.384723,2016-05-19 21:30:00,2016-05-26 03:30:00,328.4754,2016-05-24 10:45:00,109.2500
08019000,32.763056,-95.462778,1994-11-05 18:00:00,1994-11-06 05:00:00,124.3110,1994-11-05 21:30:00,3.5000
08019000,32.763056,-95.462778,1994-12-15 17:30:00,1994-12-21 14:30:00,279.2041,1994-12-17 06:30:00,37.0000
08019000,32.763056,-95.462778,1995-01-14 22:30:00,1995-01-15 20:30:00,99.6753,1995-01-15 02:30:00,4.0000
08019000,32.763056,-95.462778,1995-01-19 15:30:00,1995-01-21 02:30:00,104.7723,1995-01-20 00:00:00,8.5000
08019000,32.763056,-95.462778,1995-03-15 02:30:00,1995-03-18 03:30:00,101.6575,1995-03-15 14:00:00,11.5000
08019000,32.763056,-95.462778,1995-04-24 13:30:00,1995-04-26 22:30:00,108.7367,1995-04-24 23:00:00,9.5000
08019000,32.763056,-95.462778,1995-05-08 08:00:00,1995-05-13 09:30:00,351.1289,1995-05-09 14:30:00,30.5000
08019000,32.763056,-95.462778,1997-02-14 08:15:00,1997-02-17 19:30:00,308.6536,1997-02-15 06:45:00,22.5000
08019000,32.763056,-95.462778,1997-02-21 07:15:00,1997-02-27 10:15:00,393.6042,1997-02-22 13:30:00,30.2500
08019000,32.763056,-95.462778,1997-03-14 07:15:00,1997-03-16 04:45:00,121.1961,1997-03-15 04:30:00,21.2500
08019000,32.763056,-95.462778,1997-04-05 11:30:00,1997-04-08 10:30:00,151.4951,1997-04-06 12:30:00,24.0000
08019000,32.763056,-95.462778,1997-04-27 10:00:00,1997-05-02 00:45:00,218.8892,1997-04-29 01:30:00,39.5000
08019000,32.763056,-95.462778,1998-01-08 01:45:00,1998-01-12 11:45:00,173.2991,1998-01-08 19:15:00,17.5000
08019000,32.763056,-95.462778,1998-02-12 21:30:00,1998-02-13 12:30:00,98.2595,1998-02-13 00:15:00,2.7500
08019000,32.763056,-95.462778,1998-03-18 07:45:00,1998-03-20 10:15:00,117.7981,1998-03-18 21:30:00,13.7500
08019000,32.763056,-95.462778,1998-10-07 17:15:00,1998-10-10 13:30:00,127.1426,1998-10-08 11:30:00,18.2500
08019000,32.763056,-95.462778,1998-11-15 03:45:00,1998-11-17 18:45:00,101.0911,1998-11-15 12:30:00,8.7500
08019000,32.763056,-95.462778,1998-12-05 21:30:00,1998-12-10 01:45:00,119.4971,1998-12-06 09:30:00,12.0000
08019000,32.763056,-95.462778,1998-12-11 05:15:00,1998-12-15 02:45:00,127.1426,1998-12-11 18:45:00,13.5000
08019000,32.763056,-95.462778,1999-01-30 21:00:00,1999-02-02 23:15:00,110.4357,1999-01-31 12:15:00,15.2500
08019000,32.763056,-95.462778,1999-03-14 02:30:00,1999-03-17 22:30:00,164.5209,1999-03-14 18:30:00,16.0000
08019000,32.763056,-95.462778,1999-04-06 03:30:00,1999-04-07 03:15:00,106.4713,1999-04-06 15:30:00,12.0000
08019000,32.763056,-95.462778,1999-05-19 08:30:00,1999-05-24 07:45:00,252.8694,1999-05-19 23:30:00,15.0000
08019000,32.763056,-95.462778,1999-06-02 11:00:00,1999-06-04 04:30:00,109.3030,1999-06-03 05:45:00,18.7500
08019000,32.763056,-95.462778,2000-06-16 01:15:00,2000-06-25 04:45:00,506.8716,2000-06-16 17:15:00,16.0000
08019000,32.763056,-95.462778,2000-06-30 20:00:00,2000-07-02 18:30:00,243.8080,2000-07-01 14:45:00,18.7500
08019000,32.763056,-95.462778,2000-11-27 03:15:00,2000-11-28 04:00:00,104.4892,2000-11-27 13:45:00,10.5000
08019000,32.763056,-95.462778,2000-12-27 08:00:00,2001-01-02 06:30:00,275.5229,2000-12-28 18:00:00,34.0000
08019000,32.763056,-95.462778,2001-01-18 10:15:00,2001-01-21 10:30:00,157.1585,2001-01-19 06:45:00,20.5000
08019000,32.763056,-95.462778,2001-02-16 13:15:00,2001-02-25 10:15:00,487.0498,2001-02-17 11:00:00,21.7500
08019000,32.763056,-95.462778,2001-02-28 10:30:00,2001-03-06 13:30:00,351.1289,2001-03-02 10:30:00,48.0000
08019000,32.763056,-95.462778,2001-03-10 05:30:00,2001-03-11 05:45:00,116.0991,2001-03-10 18:15:00,12.7500
08019000,32.763056,-95.462778,2001-03-12 10:45:00,2001-03-17 14:00:00,345.4655,2001-03-13 15:30:00,28.7500
08019000,32.763056,-95.462778,2001-03-25 13:00:00,2001-03-28 03:30:00,128.2753,2001-03-25 22:00:00,9.0000
08019000,32.763056,-95.462778,2001-12-16 22:45:00,2001-12-25 05:45:00,773.0499,2001-12-17 15:00:00,16.2500
08019000,32.763056,-95.462778,2002-03-20 16:45:00,2002-03-25 03:45:00,300.1586,2002-03-21 17:45:00,25.0000
08019000,32.763056,-95.462778,2002-03-31 16:45:00,2002-04-04 05:00:00,134.5050,2002-04-01 04:15:00,11.5000
08019000,32.763056,-95.462778,2003-01-01 20:00:00,2003-01-04 22:30:00,107.8872,2003-01-02 14:30:00,18.5000
08019000,32.763056,-95.462778,2003-02-23 10:15:00,2003-02-26 16:45:00,133.3723,2003-02-26 00:30:00,62.2500
08019000,32.763056,-95.462778,2004-05-03 16:00:00,2004-05-04 20:30:00,122.3288,2004-05-04 03:30:00,11.5000
08019000,32.763056,-95.462778,2004-06-09 07:00:00,2004-06-10 08:30:00,102.7902,2004-06-09 14:45:00,7.7500
08019000,32.763056,-95.462778,2007-07-10 05:00:00,2007-07-10 10:45:00,114.1169,2007-07-10 05:30:00,0.5000
08019000,32.763056,-95.462778,2008-02-18 15:00:00,2008-02-21 04:15:00,119.2139,2008-02-19 06:15:00,15.2500
08019000,32.763056,-95.462778,2008-03-08 12:00:00,2008-03-13 01:00:00,111.0020,2008-03-11 06:45:00,65.7500
08019000,32.763056,-95.462778,2008-03-19 18:45:00,2008-03-23 00:15:00,206.7130,2008-03-20 22:45:00,28.0000
08019000,32.763056,-95.462778,2008-04-12 00:30:00,2008-04-14 20:45:00,101.0911,2008-04-12 15:45:00,15.2500
08019000,32.763056,-95.462778,2008-06-19 02:00:00,2008-06-19 19:30:00,112.4179,2008-06-19 08:15:00,6.2500
08019000,32.763056,-95.462778,2009-05-03 13:45:00,2009-05-09 09:00:00,818.3569,2009-05-04 13:15:00,23.5000
08019000,32.763056,-95.462778,2009-08-08 02:00:00,2009-08-09 05:30:00,122.3288,2009-08-08 18:15:00,16.2500
08019000,32.763056,-95.462778,2009-10-05 20:15:00,2009-10-06 12:45:00,110.4357,2009-10-06 03:30:00,7.2500
08019000,32.763056,-95.462778,2009-10-13 06:30:00,2009-10-18 03:00:00,572.0003,2009-10-14 10:00:00,27.5000
08019000,32.763056,-95.462778,2009-10-22 13:30:00,2009-10-31 13:15:00,228.2338,2009-10-23 05:15:00,15.7500
08019000,32.763056,-95.462778,2009-12-03 21:15:00,2009-12-04 17:00:00,112.1347,2009-12-04 05:00:00,7.7500
08019000,32.763056,-95.462778,2009-12-25 19:15:00,2009-12-29 06:15:00,128.8417,2009-12-26 17:15:00,22.0000
08019000,32.763056,-95.462778,2010-01-30 11:30:00,2010-02-02 07:15:00,137.6199,2010-01-31 06:30:00,19.0000
08019000,32.763056,-95.462778,2010-02-05 06:15:00,2010-02-12 15:00:00,171.0338,2010-02-05 18:00:00,11.7500
08019000,32.763056,-95.462778,2010-02-15 12:00:00,2010-02-17 05:15:00,130.8238,2010-02-16 08:00:00,20.0000
08019000,32.763056,-95.462778,2010-03-10 03:15:00,2010-03-13 04:45:00,148.3803,2010-03-10 10:15:00,7.0000
08019000,32.763056,-95.462778,2010-03-26 11:30:00,2010-03-29 04:30:00,124.0278,2010-03-27 08:15:00,20.7500
08019000,32.763056,-95.462778,2012-03-20 21:45:00,2012-03-21 22:30:00,152.3446,2012-03-21 05:00:00,7.2500
08019000,32.763056,-95.462778,2015-05-12 19:30:00,2015-05-13 11:15:00,117.5149,2015-05-13 01:00:00,5.5000
08019000,32.763056,-95.462778,2015-05-18 17:45:00,2015-05-19 09:00:00,115.5327,2015-05-19 00:00:00,6.2500
08019000,32.763056,-95.462778,2015-05-25 18:30:00,2015-06-02 12:00:00,159.9902,2015-05-27 17:00:00,46.5000
08019000,32.763056,-95.462778,2015-06-19 15:30:00,2015-06-20 04:30:00,114.1169,2015-06-19 20:45:00,5.2500
08019000,32.763056,-95.462778,2015-11-28 19:45:00,2015-12-04 14:00:00,294.4952,2015-11-30 12:15:00,40.5000
08019000,32.763056,-95.462778,2015-12-13 12:15:00,2015-12-19 06:30:00,382.2774,2015-12-14 19:15:00,31.0000
08019000,32.763056,-95.462778,2015-12-28 00:30:00,2016-01-04 23:15:00,866.4955,2015-12-28 19:15:00,18.7500
08019000,32.763056,-95.462778,2016-03-09 14:15:00,2016-03-15 07:15:00,376.6141,2016-03-10 18:00:00,27.7500
08019000,32.763056,-95.462778,2016-04-19 15:15:00,2016-04-24 00:15:00,120.6298,2016-04-21 17:15:00,50.0000
08019000,32.763056,-95.462778,2016-04-30 04:15:00,2016-05-05 06:00:00,373.7824,2016-04-30 18:30:00,14.2500
08115000,29.476389,-95.812500,1991-01-10 16:00:00,1991-01-10 21:00:00,38.2277,1991-01-10 18:00:00,2.0000
08115000,29.476389,-95.812500,1991-02-04 18:30:00,1991-02-05 00:00:00,39.9268,1991-02-04 20:30:00,2.0000
08115000,29.476389,-95.812500,1991-04-05 18:30:00,1991-04-06 06:00:00,47.8555,1991-04-05 23:30:00,5.0000
08115000,29.476389,-95.812500,1991-06-17 05:00:00,1991-06-17 11:00:00,40.7763,1991-06-17 07:00:00,2.0000
08115000,29.476389,-95.812500,1991-12-21 21:30:00,1991-12-22 23:30:00,63.1466,1991-12-22 13:30:00,16.0000
08115000,29.476389,-95.812500,1992-01-18 14:00:00,1992-01-18 22:00:00,41.3426,1992-01-18 18:00:00,4.0000
08115000,29.476389,-95.812500,1992-02-04 00:00:00,1992-02-04 16:00:00,49.5545,1992-02-04 08:00:00,8.0000
08115000,29.476389,-95.812500,1992-02-22 13:30:00,1992-02-23 02:30:00,49.5545,1992-02-22 20:00:00,6.5000
08115000,29.476389,-95.812500,1992-03-04 21:30:00,1992-03-05 15:00:00,50.4040,1992-03-05 04:30:00,7.0000
08115000,29.476389,-95.812500,1992-04-05 22:00:00,1992-04-06 01:00:00,35.3961,1992-04-05 23:00:00,1.0000
08115000,29.476389,-95.812500,1992-04-17 23:00:00,1992-04-18 17:30:00,65.9783,1992-04-18 07:00:00,8.0000
08115000,29.476389,-95.812500,1992-11-20 09:30:00,1992-11-20 16:30:00,36.8119,1992-11-20 14:00:00,4.5000
08115000,29.476389,-95.812500,1993-03-02 01:00:00,1993-03-02 14:30:00,47.5723,1993-03-02 06:00:00,5.0000
08115000,29.476389,-95.812500,1993-04-04 10:30:00,1993-04-04 15:30:00,37.9446,1993-04-04 12:30:00,2.0000
08115000,29.476389,-95.812500,1993-06-19 23:30:00,1993-06-21 05:00:00,48.4218,1993-06-20 08:00:00,8.5000
08115000,29.476389,-95.812500,1993-06-22 14:00:00,1993-06-22 22:00:00,43.6079,1993-06-22 17:30:00,3.5000
08115000,29.476389,-95.812500,1993-11-16 18:00:00,1993-11-17 03:00:00,44.1743,1993-11-16 22:00:00,4.0000
08115000,29.476389,-95.812500,1994-05-16 04:00:00,1994-05-16 19:00:00,55.5010,1994-05-16 11:00:00,7.0000
08115000,29.476389,-95.812500,1994-09-10 21:00:00,1994-09-11 00:00:00,37.0951,1994-09-10 23:00:00,2.0000
08115000,29.476389,-95.812500,1994-10-18 09:00:00,1994-10-20 05:00:00,169.9011,1994-10-18 23:00:00,14.0000
08115000,29.476389,-95.812500,1995-01-13 05:00:00,1995-01-13 20:00:00,63.9961,1995-01-13 12:00:00,7.0000
08115000,29.476389,-95.812500,1995-04-04 19:00:00,1995-04-05 08:00:00,52.1030,1995-04-05 00:00:00,5.0000
08115000,29.476389,-95.812500,1995-05-30 14:00:00,1995-05-30 17:00:00,37.6614,1995-05-30 16:00:00,2.0000
08115000,29.476389,-95.812500,1995-12-17 16:00:00,1995-12-18 21:00:00,64.2792,1995-12-18 00:00:00,8.0000
08115000,29.476389,-95.812500,1997-02-12 21:00:00,1997-02-13 04:00:00,45.3070,1997-02-13 00:00:00,3.0000
08115000,29.476389,-95.812500,1997-03-12 13:00:00,1997-03-12 15:00:00,35.1129,1997-03-12 14:00:00,1.0000
08115000,29.476389,-95.812500,1997-04-04 13:00:00,1997-04-05 08:00:00,73.9070,1997-04-04 20:00:00,7.0000
08115000,29.476389,-95.812500,1997-04-11 10:00:00,1997-04-11 16:00:00,44.1743,1997-04-11 13:00:00,3.0000
08115000,29.476389,-95.812500,1997-09-23 02:00:00,1997-09-24 17:00:00,56.9169,1997-09-24 08:00:00,30.0000
08115000,29.476389,-95.812500,1997-10-13 15:00:00,1997-10-14 06:00:00,52.1030,1997-10-13 21:00:00,6.0000
08115000,29.476389,-95.812500,1998-02-22 08:00:00,1998-02-22 11:00:00,35.3961,1998-02-22 09:00:00,1.0000
08115000,29.476389,-95.812500,1998-09-11 08:00:00,1998-09-12 05:00:00,56.3505,1998-09-11 19:00:00,11.0000
08115000,29.476389,-95.812500,1998-09-16 13:00:00,1998-09-16 21:00:00,38.2277,1998-09-16 17:00:00,4.0000
08115000,29.476389,-95.812500,1998-11-13 03:00:00,1998-11-15 01:00:00,63.4297,1998-11-13 16:00:00,13.0000
08115000,29.476389,-95.812500,1999-01-02 08:45:00,1999-01-02 16:30:00,46.4396,1999-01-02 12:00:00,3.2500
08115000,29.476389,-95.812500,1999-03-19 16:15:00,1999-03-19 20:15:00,36.8119,1999-03-19 17:30:00,1.2500
08115000,29.476389,-95.812500,2000-11-18 13:00:00,2000-11-19 09:00:00,54.9347,2000-11-18 21:30:00,8.5000
08115000,29.476389,-95.812500,2001-03-28 11:15:00,2001-03-28 20:00:00,39.6436,2001-03-28 15:00:00,3.7500
08115000,29.476389,-95.812500,2001-06-09 19:15:00,2001-06-09 22:00:00,35.9624,2001-06-09 20:15:00,1.0000
08115000,29.476389,-95.812500,2001-08-31 05:15:00,2001-09-03 00:45:00,90.8971,2001-08-31 21:15:00,16.0000
08115000,29.476389,-95.812500,2001-10-13 11:15:00,2001-10-13 23:45:00,57.2000,2001-10-13 16:45:00,5.5000
08115000,29.476389,-95.812500,2001-12-12 06:45:00,2001-12-12 11:00:00,40.7763,2001-12-12 08:00:00,1.2500
08115000,29.476389,-95.812500,2002-04-08 10:30:00,2002-04-08 23:30:00,59.1822,2002-04-08 16:45:00,6.2500
08115000,29.476389,-95.812500,2002-08-15 23:15:00,2002-08-16 14:30:00,63.7129,2002-08-16 04:30:00,5.2500
08115000,29.476389,-95.812500,2002-10-25 00:15:00,2002-10-25 05:00:00,38.2277,2002-10-25 01:45:00,1.5000
08115000,29.476389,-95.812500,2002-10-29 01:30:00,2002-10-29 23:00:00,83.8179,2002-10-29 09:30:00,8.0000
08115000,29.476389,-95.812500,2002-11-03 18:45:00,2002-11-05 17:30:00,71.6416,2002-11-04 14:30:00,19.7500
08115000,29.476389,-95.812500,2002-12-12 20:45:00,2002-12-13 04:15:00,45.8733,2002-12-12 22:45:00,2.0000
08115000,29.476389,-95.812500,2003-11-17 21:00:00,2003-11-19 00:15:00,114.6832,2003-11-18 07:30:00,10.5000
08115000,29.476389,-95.812500,2004-02-11 07:30:00,2004-02-11 22:00:00,71.9248,2004-02-11 14:00:00,6.5000
08115000,29.476389,-95.812500,2004-05-01 18:30:00,2004-05-02 04:30:00,56.3505,2004-05-01 21:45:00,3.2500
08115000,29.476389,-95.812500,2004-05-14 01:00:00,2004-05-15 00:30:00,82.6852,2004-05-14 11:45:00,10.7500
08115000,29.476389,-95.812500,2004-06-24 00:45:00,2004-06-26 01:15:00,78.7208,2004-06-24 18:15:00,17.5000
08115000,29.476389,-95.812500,2004-11-20 13:15:00,2004-11-21 05:45:00,82.6852,2004-11-20 19:00:00,5.7500
08115000,29.476389,-95.812500,2004-11-23 03:15:00,2004-11-24 10:15:00,111.5684,2004-11-23 12:00:00,8.7500
08115000,29.476389,-95.812500,2005-02-09 01:15:00,2005-02-09 09:30:00,44.7406,2005-02-09 03:45:00,2.5000
08115000,29.476389,-95.812500,2006-07-26 17:30:00,2006-07-27 02:15:00,48.4218,2006-07-26 20:15:00,2.7500
08115000,29.476389,-95.812500,2006-10-12 19:00:00,2006-10-13 07:30:00,55.7842,2006-10-12 21:30:00,2.5000
08115000,29.476389,-95.812500,2006-10-16 07:30:00,2006-10-17 22:00:00,130.2575,2006-10-16 19:45:00,12.2500
08115000,29.476389,-95.812500,2006-10-27 06:00:00,2006-10-28 02:15:00,94.2951,2006-10-27 15:15:00,9.2500
08115000,29.476389,-95.812500,2007-01-04 12:45:00,2007-01-04 20:30:00,46.4396,2007-01-04 15:00:00,2.2500
08115000,29.476389,-95.812500,2007-01-24 11:45:00,2007-01-25 01:30:00,39.6436,2007-01-24 22:00:00,10.2500
08115000,29.476389,-95.812500,2007-03-15 01:30:00,2007-03-15 05:15:00,35.1129,2007-03-15 02:15:00,0.7500
08115000,29.476389,-95.812500,2007-04-25 16:45:00,2007-04-26 00:15:00,50.9703,2007-04-25 19:00:00,2.2500
08115000,29.476389,-95.812500,2007-10-16 04:15:00,2007-10-16 13:30:00,66.2614,2007-10-16 07:00:00,2.7500
08115000,29.476389,-95.812500,2008-01-19 10:15:00,2008-01-19 20:15:00,55.2179,2008-01-19 13:00:00,2.7500
08115000,29.476389,-95.812500,2009-03-26 23:45:00,2009-03-27 00:30:00,33.4139,2009-03-27 00:00:00,0.2500
08115000,29.476389,-95.812500,2009-04-18 20:00:00,2009-04-19 17:00:00,122.6119,2009-04-19 04:00:00,8.0000
08115000,29.476389,-95.812500,2009-10-30 05:15:00,2009-10-30 09:15:00,37.9446,2009-10-30 06:30:00,1.2500
08115000,29.476389,-95.812500,2009-12-02 03:00:00,2009-12-02 11:15:00,56.3505,2009-12-02 05:30:00,2.5000
08115000,29.476389,-95.812500,2010-05-15 00:45:00,2010-05-16 07:00:00,80.4198,2010-05-15 05:15:00,4.5000
08115000,29.476389,-95.812500,2010-07-02 18:45:00,2010-07-03 15:00:00,94.2951,2010-07-03 02:00:00,7.2500
08115000,29.476389,-95.812500,2012-01-09 19:15:00,2012-01-10 08:00:00,58.6159,2012-01-09 23:45:00,4.5000
08115000,29.476389,-95.812500,2012-02-18 12:45:00,2012-02-19 02:15:00,81.5525,2012-02-18 18:30:00,5.7500
08115000,29.476389,-95.812500,2012-03-11 20:00:00,2012-03-11 23:45:00,35.9624,2012-03-11 22:00:00,2.0000
08115000,29.476389,-95.812500,2012-05-12 13:30:00,2012-05-12 16:00:00,34.8297,2012-05-12 14:15:00,0.7500
08115000,29.476389,-95.812500,2012-07-12 18:15:00,2012-07-12 23:30:00,39.3604,2012-07-12 20:15:00,2.0000
08115000,29.476389,-95.812500,2013-01-09 22:45:00,2013-01-10 08:00:00,49.2713,2013-01-10 01:45:00,3.0000
08115000,29.476389,-95.812500,2013-10-31 17:30:00,2013-11-01 07:00:00,75.8891,2013-10-31 23:45:00,6.2500
08115000,29.476389,-95.812500,2014-05-28 11:45:00,2014-05-28 21:15:00,49.5545,2014-05-28 14:15:00,2.5000
08115000,29.476389,-95.812500,2015-03-10 00:00:00,2015-03-10 08:45:00,43.8911,2015-03-10 02:45:00,2.7500
08115000,29.476389,-95.812500,2015-04-17 06:45:00,2015-04-19 05:15:00,104.4892,2015-04-18 12:15:00,29.5000
08115000,29.476389,-95.812500,2015-05-26 05:30:00,2015-05-27 16:15:00,205.2971,2015-05-26 16:30:00,11.0000
08115000,29.476389,-95.812500,2015-05-31 01:45:00,2015-05-31 18:15:00,79.0040,2015-05-31 07:30:00,5.7500
08115000,29.476389,-95.812500,2015-09-11 20:45:00,2015-09-11 22:45:00,33.1307,2015-09-11 21:15:00,0.5000
08115000,29.476389,-95.812500,2015-10-25 04:45:00,2015-10-26 08:30:00,90.0476,2015-10-25 15:15:00,10.5000
08115000,29.476389,-95.812500,2015-10-31 10:30:00,2015-11-01 06:45:00,74.4733,2015-10-31 20:00:00,9.5000
08115000,29.476389,-95.812500,2016-03-10 08:15:00,2016-03-10 21:30:00,66.5446,2016-03-10 11:45:00,3.5000
08115000,29.476389,-95.812500,2016-04-18 13:30:00,2016-04-19 15:45:00,107.6040,2016-04-18 22:15:00,8.7500
08031000,30.186111,-93.908333,2002-10-22 22:00:00,2002-11-11 07:30:00,94.2951,2002-10-30 11:00:00,182.0000
08031000,30.186111,-93.908333,2002-12-03 22:45:00,2002-12-11 03:15:00,47.0060,2002-12-05 02:45:00,28.0000
08031000,30.186111,-93.908333,2002-12-13 04:15:00,2002-12-13 16:00:00,28.8832,2002-12-13 07:30:00,3.2500
08031000,30.186111,-93.908333,2003-02-21 07:00:00,2003-02-28 02:00:00,52.9525,2003-02-24 08:00:00,73.0000
08031000,30.186111,-93.908333,2003-03-14 03:45:00,2003-03-14 07:00:00,27.8638,2003-03-14 04:30:00,0.7500
08031000,30.186111,-93.908333,2003-09-12 18:15:00,2003-09-13 00:15:00,28.1469,2003-09-12 20:30:00,2.2500
08031000,30.186111,-93.908333,2003-10-10 02:45:00,2003-10-11 04:45:00,31.1485,2003-10-10 12:45:00,10.0000
08031000,30.186111,-93.908333,2004-01-17 19:00:00,2004-01-18 07:45:00,28.8832,2004-01-17 23:45:00,4.7500
08031000,30.186111,-93.908333,2004-02-12 00:15:00,2004-02-12 14:15:00,28.6000,2004-02-12 03:00:00,2.7500
08031000,30.186111,-93.908333,2004-05-14 00:45:00,2004-05-18 00:15:00,34.8297,2004-05-14 11:45:00,11.0000
08031000,30.186111,-93.908333,2004-06-24 17:00:00,2004-06-25 21:45:00,32.8475,2004-06-24 23:45:00,6.7500
08031000,30.186111,-93.908333,2004-11-02 14:15:00,2004-11-03 08:15:00,32.8475,2004-11-02 21:00:00,6.7500
08031000,30.186111,-93.908333,2005-02-14 01:15:00,2005-02-14 18:00:00,29.7327,2005-02-14 04:45:00,3.5000
08031000,30.186111,-93.908333,2005-09-24 09:45:00,2005-09-26 10:30:00,36.2456,2005-09-24 18:30:00,8.7500
08031000,30.186111,-93.908333,2006-06-19 10:45:00,2006-06-20 10:45:00,36.8119,2006-06-19 18:15:00,7.5000
08031000,30.186111,-93.908333,2006-07-26 18:45:00,2006-07-28 00:15:00,33.9802,2006-07-27 03:45:00,9.0000
08031000,30.186111,-93.908333,2006-10-16 23:30:00,2006-10-18 04:45:00,42.7584,2006-10-17 10:30:00,11.0000
08031000,30.186111,-93.908333,2006-10-21 05:00:00,2006-11-04 20:30:00,120.0634,2006-10-29 08:00:00,196.0000
08031000,30.186111,-93.908333,2007-01-04 17:00:00,2007-01-06 07:45:00,35.1129,2007-01-05 04:00:00,11.0000
08031000,30.186111,-93.908333,2007-02-13 05:00:00,2007-02-13 21:15:00,31.9980,2007-02-13 10:00:00,5.0000
08031000,30.186111,-93.908333,2007-09-13 12:00:00,2007-09-15 05:00:00,39.9268,2007-09-13 22:00:00,10.0000
08031000,30.186111,-93.908333,2008-09-13 20:45:00,2008-09-19 18:00:00,33.1307,2008-09-17 02:15:00,77.5000
08031000,30.186111,-93.908333,2009-04-19 00:15:00,2009-04-20 06:30:00,37.9446,2009-04-19 08:30:00,8.2500
08031000,30.186111,-93.908333,2009-04-28 05:45:00,2009-04-28 20:15:00,30.8654,2009-04-28 10:15:00,4.5000
08031000,30.186111,-93.908333,2009-10-30 13:30:00,2009-10-31 20:00:00,34.8297,2009-10-30 21:15:00,7.7500
08031000,30.186111,-93.908333,2010-01-29 19:00:00,2010-01-30 04:30:00,30.5822,2010-01-29 22:45:00,3.7500
08031000,30.186111,-93.908333,2010-02-04 14:00:00,2010-02-09 23:15:00,33.6970,2010-02-04 22:30:00,8.5000
08031000,30.186111,-93.908333,2010-02-12 12:30:00,2010-02-12 16:45:00,27.9487,2010-02-12 14:30:00,2.0000
08031000,30.186111,-93.908333,2012-01-26 02:15:00,2012-01-26 10:45:00,28.8832,2012-01-26 05:00:00,2.7500
08031000,30.186111,-93.908333,2012-02-04 23:00:00,2012-02-07 09:00:00,29.7327,2012-02-05 06:45:00,7.7500
08031000,30.186111,-93.908333,2012-03-20 22:15:00,2012-03-26 12:30:00,40.4931,2012-03-21 12:00:00,13.7500
08031000,30.186111,-93.908333,2012-07-13 19:00:00,2012-07-14 03:15:00,28.8832,2012-07-13 21:30:00,2.5000
08031000,30.186111,-93.908333,2013-01-10 01:15:00,2013-01-11 14:15:00,34.2634,2013-01-10 11:45:00,10.5000
08031000,30.186111,-93.908333,2013-05-10 12:15:00,2013-05-15 16:45:00,36.2456,2013-05-13 02:00:00,61.7500
08031000,30.186111,-93.908333,2013-10-31 20:30:00,2013-11-02 00:00:00,30.5822,2013-11-01 01:15:00,4.7500
08031000,30.186111,-93.908333,2014-07-18 13:45:00,2014-07-19 16:30:00,36.8119,2014-07-18 21:00:00,7.2500
08031000,30.186111,-93.908333,2015-01-12 02:30:00,2015-01-12 10:30:00,28.6000,2015-01-12 05:30:00,3.0000
08031000,30.186111,-93.908333,2015-03-21 23:30:00,2015-03-22 13:45:00,30.0159,2015-03-22 03:30:00,4.0000
08031000,30.186111,-93.908333,2015-04-17 09:45:00,2015-04-20 11:45:00,29.4495,2015-04-17 14:15:00,4.5000
08031000,30.186111,-93.908333,2015-06-19 05:15:00,2015-06-24 19:30:00,53.8020,2015-06-21 04:00:00,46.7500
08031000,30.186111,-93.908333,2015-10-26 03:15:00,2015-10-26 23:15:00,30.2990,2015-10-26 11:00:00,7.7500
08031000,30.186111,-93.908333,2015-10-31 18:00:00,2015-11-09 05:45:00,53.5188,2015-11-04 04:45:00,83.7500
08031000,30.186111,-93.908333,2015-12-14 02:45:00,2015-12-14 08:45:00,28.2602,2015-12-14 05:15:00,2.5000
08031000,30.186111,-93.908333,2016-03-10 04:45:00,2016-03-17 03:30:00,62.8634,2016-03-13 17:45:00,84.0000
08031000,30.186111,-93.908333,2016-04-18 18:15:00,2016-04-26 07:45:00,55.7842,2016-04-22 10:30:00,88.2500
08031000,30.186111,-93.908333,2016-04-30 14:30:00,2016-05-06 01:30:00,43.6079,2016-05-03 15:30:00,73.0000
08031000,30.186111,-93.908333,2016-05-27 23:15:00,2016-05-30 12:30:00,39.9268,2016-05-28 08:30:00,9.2500
08065800,30.884722,-95.777778,1991-01-04 13:00:00,1991-01-05 01:00:00,68.5268,1991-01-04 17:00:00,4.0000
08065800,30.884722,-95.777778,1991-01-10 01:00:00,1991-01-13 01:00:00,906.1391,1991-01-10 20:00:00,19.0000
08065800,30.884722,-95.777778,1991-01-16 00:00:00,1991-01-17 20:00:00,207.8457,1991-01-16 09:00:00,9.0000
08065800,30.884722,-95.777778,1991-01-19 21:00:00,1991-01-21 03:00:00,107.8872,1991-01-20 06:00:00,9.0000
08065800,30.884722,-95.777778,1991-02-06 09:00:00,1991-02-07 11:00:00,121.4793,1991-02-06 16:00:00,7.0000
08065800,30.884722,-95.777778,1991-04-15 18:00:00,1991-04-17 03:00:00,142.1506,1991-04-15 23:00:00,5.0000
08065800,30.884722,-95.777778,1991-04-20 03:00:00,1991-04-20 18:00:00,73.0575,1991-04-20 08:00:00,5.0000
08065800,30.884722,-95.777778,1991-12-22 00:00:00,1991-12-25 11:00:00,279.2041,1991-12-22 15:00:00,15.0000
08065800,30.884722,-95.777778,1991-12-28 09:00:00,1991-12-29 08:00:00,79.0040,1991-12-28 16:00:00,7.0000
08065800,30.884722,-95.777778,1992-01-19 19:00:00,1992-01-21 03:00:00,113.8337,1992-01-20 01:00:00,6.0000
08065800,30.884722,-95.777778,1992-02-05 10:00:00,1992-02-07 20:00:00,185.1922,1992-02-06 04:00:00,18.0000
08065800,30.884722,-95.777778,1992-02-22 21:00:00,1992-02-28 00:00:00,427.5844,1992-02-26 00:00:00,75.0000
08065800,30.884722,-95.777778,1992-03-05 05:00:00,1992-03-07 09:00:00,262.2140,1992-03-05 18:00:00,13.0000
08065800,30.884722,-95.777778,1992-06-03 08:00:00,1992-06-05 07:00:00,102.7902,1992-06-04 06:00:00,22.0000
08065800,30.884722,-95.777778,1992-12-15 11:00:00,1992-12-17 20:00:00,182.9268,1992-12-16 07:00:00,20.0000
08065800,30.884722,-95.777778,1993-01-05 14:00:00,1993-01-06 06:00:00,75.0396,1993-01-05 21:00:00,7.0000
08065800,30.884722,-95.777778,1993-01-21 00:00:00,1993-01-22 05:00:00,98.8258,1993-01-21 07:00:00,7.0000
08065800,30.884722,-95.777778,1993-03-21 09:00:00,1993-03-25 15:00:00,158.5743,1993-03-24 07:00:00,70.0000
08065800,30.884722,-95.777778,1993-05-07 18:00:00,1993-05-09 03:00:00,113.5506,1993-05-08 04:00:00,10.0000
08065800,30.884722,-95.777778,1993-06-20 16:00:00,1993-06-25 00:00:00,467.2280,1993-06-22 10:00:00,42.0000
08065800,30.884722,-95.777778,1994-01-28 03:00:00,1994-01-28 05:00:00,88.3486,1994-01-28 05:00:00,2.0000
08065800,30.884722,-95.777778,1994-02-22 07:00:00,1994-02-25 07:00:00,188.0239,1994-02-23 22:00:00,39.0000
08065800,30.884722,-95.777778,1994-05-12 05:00:00,1994-05-13 07:00:00,133.6555,1994-05-12 08:00:00,3.0000
08065800,30.884722,-95.777778,1994-05-15 02:00:00,1994-05-16 04:00:00,139.3189,1994-05-15 17:00:00,15.0000
08065800,30.884722,-95.777778,1994-10-17 12:00:00,1994-10-21 04:00:00,404.9309,1994-10-18 06:00:00,18.0000
08065800,30.884722,-95.777778,1994-12-16 08:00:00,1994-12-19 05:00:00,682.4360,1994-12-17 01:00:00,17.0000
08065800,30.884722,-95.777778,1995-01-14 18:00:00,1995-01-15 19:00:00,98.5426,1995-01-14 23:00:00,5.0000
08065800,30.884722,-95.777778,1995-01-28 12:00:00,1995-01-29 10:00:00,90.6139,1995-01-28 19:00:00,7.0000
08065800,30.884722,-95.777778,1995-03-14 11:00:00,1995-03-16 08:00:00,206.9961,1995-03-14 18:00:00,7.0000
08065800,30.884722,-95.777778,1995-04-07 13:00:00,1995-04-08 15:00:00,103.3565,1995-04-07 19:00:00,6.0000
08065800,30.884722,-95.777778,1995-08-02 05:00:00,1995-08-03 16:00:00,95.9941,1995-08-02 12:00:00,7.0000
08065800,30.884722,-95.777778,1995-12-19 21:00:00,1995-12-21 03:00:00,94.5783,1995-12-20 06:00:00,9.0000
08065800,30.884722,-95.777778,1997-02-13 22:00:00,1997-02-15 09:00:00,131.9565,1997-02-14 07:00:00,9.0000
08065800,30.884722,-95.777778,1997-02-21 17:00:00,1997-02-23 05:00:00,158.5743,1997-02-22 04:00:00,11.0000
08065800,30.884722,-95.777778,1997-03-03 21:00:00,1997-03-04 14:00:00,87.4991,1997-03-04 04:00:00,7.0000
08065800,30.884722,-95.777778,1998-01-07 13:00:00,1998-01-09 13:00:00,220.0219,1998-01-08 00:00:00,11.0000
08065800,30.884722,-95.777778,1998-02-12 12:00:00,1998-02-13 03:00:00,71.6416,1998-02-12 19:00:00,7.0000
08065800,30.884722,-95.777778,1998-02-27 14:00:00,1998-02-28 13:00:00,91.7466,1998-02-27 19:00:00,5.0000
08065800,30.884722,-95.777778,1998-10-18 21:00:00,1998-10-21 15:00:00,194.8199,1998-10-19 12:00:00,15.0000
08065800,30.884722,-95.777778,1998-11-13 14:00:00,1998-11-17 00:00:00,552.1785,1998-11-14 04:00:00,14.0000
08065800,30.884722,-95.777778,1998-12-12 06:00:00,1998-12-14 13:00:00,222.5704,1998-12-12 19:00:00,13.0000
08065800,30.884722,-95.777778,1999-01-29 20:00:00,1999-02-01 09:00:00,193.9704,1999-01-30 15:00:00,19.0000
08065800,30.884722,-95.777778,2000-11-04 02:00:00,2000-11-08 22:00:00,416.2576,2000-11-04 13:00:00,11.0000
08065800,30.884722,-95.777778,2000-11-20 20:00:00,2000-11-21 08:00:00,73.6238,2000-11-20 23:00:00,3.0000
08065800,30.884722,-95.777778,2000-12-15 07:00:00,2000-12-16 06:00:00,93.4456,2000-12-15 15:00:00,8.0000
08065800,30.884722,-95.777778,2001-01-19 10:00:00,2001-01-20 05:00:00,163.9545,2001-01-20 05:00:00,19.0000
08065800,30.884722,-95.777778,2001-03-03 13:00:00,2001-03-06 14:00:00,197.6516,2001-03-04 03:00:00,14.0000
08065800,30.884722,-95.777778,2001-03-10 12:00:00,2001-03-11 18:00:00,127.7090,2001-03-10 18:00:00,6.0000
08065800,30.884722,-95.777778,2001-03-16 20:00:00,2001-03-17 10:00:00,73.3406,2001-03-17 01:00:00,5.0000
08065800,30.884722,-95.777778,2001-03-29 18:00:00,2001-03-31 05:00:00,135.3545,2001-03-30 03:00:00,9.0000
08065800,30.884722,-95.777778,2001-06-08 05:00:00,2001-06-11 20:00:00,572.0003,2001-06-09 03:00:00,22.0000
08065800,30.884722,-95.777778,2001-09-11 12:00:00,2001-09-12 09:00:00,87.4991,2001-09-11 18:00:00,6.0000
08065800,30.884722,-95.777778,2001-12-14 16:00:00,2001-12-15 06:00:00,80.1367,2001-12-14 22:00:00,6.0000
08065800,30.884722,-95.777778,2001-12-17 08:00:00,2001-12-20 02:00:00,155.1763,2001-12-18 15:00:00,31.0000
08065800,30.884722,-95.777778,2002-02-08 02:00:00,2002-02-09 00:00:00,90.0476,2002-02-08 13:00:00,11.0000
08065800,30.884722,-95.777778,2002-10-31 08:00:00,2002-10-31 14:00:00,63.1466,2002-10-31 10:00:00,2.0000
08065800,30.884722,-95.777778,2002-11-04 21:00:00,2002-11-05 05:00:00,305.8219,2002-11-05 05:00:00,8.0000
08065800,30.884722,-95.777778,2002-12-04 22:00:00,2002-12-06 05:00:00,251.1704,2002-12-05 15:00:00,17.0000
08065800,30.884722,-95.777778,2002-12-11 21:00:00,2002-12-12 15:00:00,72.2080,2002-12-12 03:00:00,6.0000
08065800,30.884722,-95.777778,2002-12-14 16:00:00,2002-12-15 19:00:00,91.1802,2002-12-15 01:00:00,9.0000
08065800,30.884722,-95.777778,2002-12-25 04:00:00,2002-12-25 05:00:00,62.8634,2002-12-25 05:00:00,1.0000
08065800,30.884722,-95.777778,2003-01-01 20:00:00,2003-01-03 04:00:00,101.3743,2003-01-02 05:00:00,9.0000
08065800,30.884722,-95.777778,2003-02-21 00:00:00,2003-02-25 04:00:00,656.9508,2003-02-21 20:00:00,20.0000
08065800,30.884722,-95.777778,2003-03-05 12:00:00,2003-03-06 17:00:00,99.1090,2003-03-05 20:00:00,8.0000
08065800,30.884722,-95.777778,2003-11-18 00:00:00,2003-11-19 23:00:00,120.3466,2003-11-18 04:00:00,4.0000
08065800,30.884722,-95.777778,2004-01-25 13:00:00,2004-01-27 05:00:00,140.4516,2004-01-26 14:00:00,25.0000
08065800,30.884722,-95.777778,2004-02-11 13:00:00,2004-02-15 04:00:00,145.8318,2004-02-13 06:00:00,41.0000
08065800,30.884722,-95.777778,2004-03-07 06:00:00,2004-03-07 17:00:00,64.5624,2004-03-07 09:00:00,3.0000
08065800,30.884722,-95.777778,2004-03-31 03:00:00,2004-03-31 21:00:00,71.0753,2004-03-31 09:00:00,6.0000
08065800,30.884722,-95.777778,2004-04-27 22:00:00,2004-04-29 02:00:00,87.4991,2004-04-28 09:00:00,11.0000
08065800,30.884722,-95.777778,2004-05-03 16:00:00,2004-05-04 22:00:00,101.0911,2004-05-04 01:00:00,9.0000
08065800,30.884722,-95.777778,2004-05-14 05:00:00,2004-05-17 11:00:00,274.9566,2004-05-15 03:00:00,22.0000
08065800,30.884722,-95.777778,2004-06-18 08:00:00,2004-06-18 21:00:00,66.8278,2004-06-18 12:00:00,4.0000
08065800,30.884722,-95.777778,2004-06-27 12:00:00,2004-07-04 13:00:00,297.3269,2004-06-28 21:00:00,33.0000
08065800,30.884722,-95.777778,2004-11-23 10:00:00,2004-11-27 05:00:00,147.5308,2004-11-24 05:00:00,19.0000
08065800,30.884722,-95.777778,2005-02-08 00:00:00,2005-02-10 16:00:00,257.6833,2005-02-08 12:00:00,12.0000
08065800,30.884722,-95.777778,2005-02-25 22:00:00,2005-02-27 05:00:00,77.0218,2005-02-26 09:00:00,11.0000
08065800,30.884722,-95.777778,2005-03-04 01:00:00,2005-03-05 16:00:00,121.7624,2005-03-04 11:00:00,10.0000
08065800,30.884722,-95.777778,2006-10-26 16:15:00,2006-10-29 14:00:00,178.3961,2006-10-27 16:30:00,24.2500
08065800,30.884722,-95.777778,2006-12-30 12:15:00,2007-01-01 05:45:00,234.1803,2006-12-31 07:45:00,19.5000
08065800,30.884722,-95.777778,2007-01-04 23:00:00,2007-01-07 14:30:00,177.8298,2007-01-05 21:00:00,22.0000
08065800,30.884722,-95.777778,2007-03-14 20:00:00,2007-03-17 03:00:00,115.5327,2007-03-15 20:15:00,24.2500
08065800,30.884722,-95.777778,2007-03-28 04:45:00,2007-03-30 05:45:00,138.7525,2007-03-28 19:30:00,14.7500
08065800,30.884722,-95.777778,2007-05-02 07:45:00,2007-05-06 15:45:00,231.0655,2007-05-03 11:45:00,28.0000
08065800,30.884722,-95.777778,2007-06-22 05:00:00,2007-06-24 16:30:00,110.7189,2007-06-22 05:45:00,0.7500
08065800,30.884722,-95.777778,2007-07-07 19:30:00,2007-07-09 20:30:00,141.3011,2007-07-08 02:00:00,6.5000
08065800,30.884722,-95.777778,2007-07-16 15:00:00,2007-07-17 11:15:00,80.7030,2007-07-16 22:00:00,7.0000
08065800,30.884722,-95.777778,2007-12-17 02:45:00,2007-12-18 04:30:00,86.9327,2007-12-17 13:45:00,11.0000
08065800,30.884722,-95.777778,2008-02-16 14:15:00,2008-02-19 22:30:00,237.8615,2008-02-17 16:00:00,25.7500
08065800,30.884722,-95.777778,2008-03-12 02:30:00,2008-03-13 21:15:00,125.4436,2008-03-12 19:30:00,17.0000
08065800,30.884722,-95.777778,2008-04-06 10:00:00,2008-04-07 14:30:00,82.4020,2008-04-07 03:00:00,17.0000
08065800,30.884722,-95.777778,2009-05-01 06:00:00,2009-05-01 17:15:00,68.2436,2009-05-01 11:15:00,5.2500
08065800,30.884722,-95.777778,2009-10-27 23:30:00,2009-10-29 08:45:00,105.6218,2009-10-28 07:30:00,8.0000
08065800,30.884722,-95.777778,2009-12-24 14:15:00,2009-12-27 01:00:00,110.4357,2009-12-25 06:45:00,16.5000
08065800,30.884722,-95.777778,2010-01-30 01:00:00,2010-02-01 10:15:00,195.1031,2010-01-30 17:45:00,16.7500
08065800,30.884722,-95.777778,2010-02-13 02:30:00,2010-02-15 06:45:00,121.4793,2010-02-13 22:30:00,20.0000
08065800,30.884722,-95.777778,2012-02-04 13:45:00,2012-02-06 17:15:00,267.3110,2012-02-05 10:30:00,20.7500
08065800,30.884722,-95.777778,2012-02-20 08:00:00,2012-02-20 20:15:00,65.6951,2012-02-20 12:15:00,4.2500
08065800,30.884722,-95.777778,2012-03-11 19:45:00,2012-03-14 10:15:00,240.4100,2012-03-12 09:15:00,13.5000
08065800,30.884722,-95.777778,2012-03-21 16:30:00,2012-03-23 14:00:00,139.8852,2012-03-22 06:15:00,13.7500
08065800,30.884722,-95.777778,2013-10-28 20:00:00,2013-10-30 16:00:00,141.8674,2013-10-29 03:30:00,7.5000
08065800,30.884722,-95.777778,2013-11-02 12:45:00,2013-11-03 15:45:00,79.5703,2013-11-03 00:30:00,11.7500
08065800,30.884722,-95.777778,2013-11-25 11:45:00,2013-11-29 13:15:00,128.5585,2013-11-28 03:45:00,64.0000
08065800,30.884722,-95.777778,2014-05-13 21:15:00,2014-05-16 23:15:00,168.4852,2014-05-15 08:30:00,35.2500
08065800,30.884722,-95.777778,2015-01-04 08:00:00,2015-01-06 16:00:00,86.6496,2015-01-05 16:30:00,32.5000
08065800,30.884722,-95.777778,2015-01-12 17:45:00,2015-01-14 19:45:00,120.6298,2015-01-13 08:45:00,15.0000
08065800,30.884722,-95.777778,2015-01-23 18:00:00,2015-01-26 04:45:00,197.9348,2015-01-24 05:30:00,11.5000
08065800,30.884722,-95.777778,2015-03-10 02:45:00,2015-03-13 03:00:00,387.9408,2015-03-10 22:30:00,19.7500
08065800,30.884722,-95.777778,2015-03-23 05:00:00,2015-03-24 16:15:00,74.1901,2015-03-23 18:15:00,13.2500
08065800,30.884722,-95.777778,2015-04-29 00:45:00,2015-05-01 01:15:00,103.3565,2015-04-29 08:00:00,7.2500
08065800,30.884722,-95.777778,2015-05-12 23:30:00,2015-05-22 04:30:00,165.9367,2015-05-16 09:15:00,81.7500
08065800,30.884722,-95.777778,2015-05-26 02:30:00,2015-06-01 09:30:00,322.8121,2015-05-27 07:30:00,29.0000
08065800,30.884722,-95.777778,2015-06-18 13:00:00,2015-06-21 17:15:00,254.5685,2015-06-19 04:30:00,15.5000
08065800,30.884722,-95.777778,2015-11-10 03:00:00,2015-11-10 17:00:00,71.9248,2015-11-10 10:00:00,7.0000
08065800,30.884722,-95.777778,2015-12-13 17:45:00,2015-12-17 04:30:00,261.0813,2015-12-14 21:15:00,27.5000
08065800,30.884722,-95.777778,2015-12-28 11:15:00,2015-12-31 13:00:00,206.9961,2015-12-29 14:45:00,27.5000
08065800,30.884722,-95.777778,2016-03-10 15:15:00,2016-03-13 23:00:00,201.0496,2016-03-11 21:00:00,29.7500
08065800,30.884722,-95.777778,2016-04-30 23:45:00,2016-05-04 12:15:00,205.0140,2016-05-02 04:15:00,28.5000
08065800,30.884722,-95.777778,2016-05-26 22:45:00,2016-05-31 13:15:00,1129.8422,2016-05-27 17:30:00,18.7500
08108700,30.626667,-96.543889,1994-02-23 11:00:00,1994-02-27 04:00:00,538.0201,1994-02-24 02:00:00,15.0000
08108700,30.626667,-96.543889,1994-05-12 08:00:00,1994-06-05 02:00:00,591.8221,1994-05-15 10:00:00,74.0000
08108700,30.626667,-96.543889,1994-10-09 17:00:00,1994-10-09 23:00:00,232.7645,1994-10-09 18:00:00,1.0000
08108700,30.626667,-96.543889,1994-11-26 09:00:00,1994-11-27 13:00:00,259.9487,1994-11-26 23:00:00,14.0000
08108700,30.626667,-96.543889,1994-12-16 10:00:00,1994-12-25 00:00:00,852.3371,1994-12-17 15:00:00,29.0000
08108700,30.626667,-96.543889,1995-01-13 17:00:00,1995-01-16 14:00:00,370.9507,1995-01-15 06:00:00,37.0000
08108700,30.626667,-96.543889,1995-03-14 02:00:00,1995-03-26 05:00:00,1090.1986,1995-03-15 06:00:00,28.0000
08108700,30.626667,-96.543889,1995-04-06 06:00:00,1995-04-30 13:00:00,586.1587,1995-04-13 03:00:00,165.0000
08108700,30.626667,-96.543889,1995-05-07 21:00:00,1995-05-22 08:00:00,934.4559,1995-05-14 03:00:00,150.0000
08108700,30.626667,-96.543889,1995-05-31 01:00:00,1995-06-06 10:00:00,523.8617,1995-06-03 05:00:00,76.0000
08108700,30.626667,-96.543889,1995-06-07 16:00:00,1995-06-10 15:00:00,274.1071,1995-06-08 05:00:00,13.0000
08108700,30.626667,-96.543889,1995-06-12 18:00:00,1995-06-21 06:00:00,608.8122,1995-06-15 22:00:00,76.0000
08108700,30.626667,-96.543889,1995-08-01 13:00:00,1995-08-14 05:00:00,889.1490,1995-08-06 17:00:00,124.0000
08108700,30.626667,-96.543889,1996-09-20 02:30:00,1996-09-24 13:15:00,461.5646,1996-09-20 14:30:00,12.0000
08108700,30.626667,-96.543889,1996-09-27 14:45:00,1996-09-28 08:30:00,242.6754,1996-09-28 00:15:00,9.5000
08108700,30.626667,-96.543889,1996-12-01 17:30:00,1996-12-08 04:00:00,351.1289,1996-12-04 19:00:00,73.5000
08108700,30.626667,-96.543889,1996-12-16 13:30:00,1996-12-22 05:30:00,472.8913,1996-12-18 09:45:00,44.2500
08108700,30.626667,-96.543889,1997-01-10 14:45:00,1997-01-11 08:15:00,243.5249,1997-01-10 21:30:00,6.7500
08108700,30.626667,-96.543889,1997-02-13 01:45:00,1997-04-02 05:45:00,1506.4562,1997-02-14 22:15:00,44.5000
08108700,30.626667,-96.543889,1997-04-03 06:00:00,1997-04-04 05:45:00,464.3963,1997-04-03 06:15:00,0.2500
08108700,30.626667,-96.543889,1997-04-06 06:00:00,1997-04-07 04:45:00,1939.7040,1997-04-07 00:00:00,18.0000
08108700,30.626667,-96.543889,1997-04-08 05:00:00,1997-06-09 04:45:00,1602.7335,1997-04-08 05:15:00,0.2500
08108700,30.626667,-96.543889,1997-06-10 05:00:00,1997-07-23 02:45:00,931.6243,1997-06-11 23:15:00,42.2500
08108700,30.626667,-96.543889,1998-01-22 03:30:00,1998-01-25 04:15:00,404.9309,1998-01-22 19:15:00,15.7500
08108700,30.626667,-96.543889,1998-02-11 04:15:00,1998-02-14 15:00:00,257.9665,1998-02-13 01:45:00,45.5000
08108700,30.626667,-96.543889,1998-02-20 06:45:00,1998-03-13 06:15:00,608.8122,1998-02-24 00:15:00,89.5000
08108700,30.626667,-96.543889,1998-03-17 20:30:00,1998-04-19 01:00:00,1141.1689,1998-03-22 09:15:00,108.7500
08108700,30.626667,-96.543889,1998-09-16 15:15:00,1998-09-18 19:00:00,311.4853,1998-09-16 23:30:00,8.2500
08108700,30.626667,-96.543889,1998-10-07 20:15:00,1998-10-08 17:15:00,250.0378,1998-10-08 06:30:00,10.2500
08108700,30.626667,-96.543889,1998-10-18 10:30:00,1998-10-25 05:00:00,2225.7041,1998-10-20 10:30:00,48.0000
08108700,30.626667,-96.543889,1998-11-02 01:15:00,1998-11-04 17:45:00,322.8121,1998-11-03 06:00:00,28.7500
08108700,30.626667,-96.543889,1998-11-13 08:00:00,1998-11-18 22:00:00,1073.2085,1998-11-16 08:15:00,72.2500
08108700,30.626667,-96.543889,1998-11-19 23:00:00,1998-11-22 20:45:00,258.8160,1998-11-20 17:15:00,18.2500
08108700,30.626667,-96.543889,1998-12-11 09:30:00,1998-12-22 11:30:00,1059.0501,1998-12-12 19:15:00,33.7500
08108700,30.626667,-96.543889,1999-01-03 01:45:00,1999-01-03 15:30:00,260.7982,1999-01-03 08:00:00,6.2500
08108700,30.626667,-96.543889,1999-01-30 18:45:00,1999-02-03 02:45:00,563.5052,1999-01-31 18:30:00,23.7500
08108700,30.626667,-96.543889,1999-03-20 12:00:00,1999-03-21 11:15:00,281.1863,1999-03-20 21:45:00,9.7500
08108700,30.626667,-96.543889,2000-04-14 07:15:00,2000-04-14 15:45:00,236.1625,2000-04-14 10:15:00,3.0000
08108700,30.626667,-96.543889,2000-06-06 08:00:00,2000-06-08 00:30:00,472.8913,2000-06-06 20:45:00,12.7500
08108700,30.626667,-96.543889,2000-11-04 05:45:00,2000-11-11 08:00:00,739.0697,2000-11-05 09:15:00,27.5000
08108700,30.626667,-96.543889,2000-11-19 21:15:00,2000-11-21 12:45:00,370.9507,2000-11-20 13:00:00,15.7500
08108700,30.626667,-96.543889,2000-11-25 06:45:00,2000-11-27 19:30:00,430.4161,2000-11-25 20:00:00,13.2500
08108700,30.626667,-96.543889,2000-12-27 00:15:00,2001-01-01 02:30:00,1076.0402,2000-12-28 09:15:00,33.0000
08108700,30.626667,-96.543889,2001-01-11 19:15:00,2001-01-14 13:15:00,478.5547,2001-01-12 15:00:00,19.7500
08108700,30.626667,-96.543889,2001-01-18 15:30:00,2001-01-22 21:30:00,722.0796,2001-01-20 01:00:00,33.5000
08108700,30.626667,-96.543889,2001-01-30 00:30:00,2001-02-02 13:30:00,472.8913,2001-01-30 20:45:00,20.2500
08108700,30.626667,-96.543889,2001-05-07 01:00:00,2001-05-13 01:00:00,682.4360,2001-05-08 18:30:00,41.5000
08108700,30.626667,-96.543889,2001-05-14 06:30:00,2001-05-15 13:45:00,275.5229,2001-05-14 17:30:00,11.0000
08108700,30.626667,-96.543889,2001-07-02 09:30:00,2001-07-03 20:45:00,376.6141,2001-07-03 02:45:00,17.2500
08108700,30.626667,-96.543889,2001-08-31 13:15:00,2001-09-03 04:45:00,985.4263,2001-09-01 07:15:00,18.0000
08108700,30.626667,-96.543889,2001-09-06 05:15:00,2001-09-08 03:45:00,622.9706,2001-09-06 22:15:00,17.0000
08108700,30.626667,-96.543889,2001-10-15 00:00:00,2001-10-16 05:00:00,317.1487,2001-10-15 11:00:00,11.0000
08108700,30.626667,-96.543889,2001-11-14 19:00:00,2001-11-15 09:00:00,248.3387,2001-11-15 01:00:00,6.0000
08108700,30.626667,-96.543889,2001-11-16 22:15:00,2001-11-20 06:15:00,917.4658,2001-11-18 03:45:00,29.5000
08108700,30.626667,-96.543889,2001-11-22 09:30:00,2001-11-23 08:15:00,229.3665,2001-11-22 21:45:00,12.2500
08108700,30.626667,-96.543889,2001-11-30 05:45:00,2001-12-01 17:00:00,279.2041,2001-11-30 19:15:00,13.5000
08108700,30.626667,-96.543889,2001-12-09 00:15:00,2001-12-11 03:30:00,393.6042,2001-12-09 17:00:00,16.7500
08108700,30.626667,-96.543889,2001-12-13 00:15:00,2002-01-01 05:45:00,1936.8723,2001-12-18 17:15:00,137.0000
08108700,30.626667,-96.543889,2002-02-07 02:30:00,2002-02-11 04:45:00,436.0794,2002-02-07 22:45:00,20.2500
08108700,30.626667,-96.543889,2002-02-12 23:00:00,2002-02-14 10:00:00,277.2219,2002-02-13 14:00:00,15.0000
08108700,30.626667,-96.543889,2002-04-09 04:15:00,2002-04-12 21:15:00,345.4655,2002-04-09 17:30:00,13.2500
08108700,30.626667,-96.543889,2002-07-16 19:00:00,2002-07-18 01:45:00,269.8595,2002-07-17 12:45:00,17.7500
08108700,30.626667,-96.543889,2002-07-20 10:30:00,2002-07-21 13:15:00,236.1625,2002-07-20 18:00:00,7.5000
08108700,30.626667,-96.543889,2002-10-23 18:15:00,2002-10-25 00:15:00,288.8318,2002-10-24 07:45:00,13.5000
08108700,30.626667,-96.543889,2002-11-04 19:00:00,2002-11-08 05:15:00,722.0796,2002-11-06 01:30:00,30.5000
08108700,30.626667,-96.543889,2002-12-05 11:45:00,2002-12-06 14:15:00,249.7546,2002-12-05 19:30:00,7.7500
08108700,30.626667,-96.543889,2002-12-10 05:15:00,2002-12-12 05:45:00,702.2578,2002-12-11 08:15:00,27.0000
08108700,30.626667,-96.543889,2002-12-14 06:00:00,2002-12-15 12:45:00,351.1289,2002-12-14 06:30:00,0.5000
08108700,30.626667,-96.543889,2002-12-24 08:30:00,2002-12-28 12:30:00,421.9210,2002-12-25 11:00:00,26.5000
08108700,30.626667,-96.543889,2003-01-01 07:30:00,2003-01-04 03:45:00,447.4062,2003-01-02 00:15:00,16.7500
08108700,30.626667,-96.543889,2003-02-20 18:45:00,2003-03-10 14:15:00,1376.1987,2003-02-23 11:45:00,65.0000
08108700,30.626667,-96.543889,2003-10-10 05:15:00,2003-10-13 21:30:00,993.9213,2003-10-11 03:45:00,22.5000
08108700,30.626667,-96.543889,2004-02-12 00:00:00,2004-02-14 11:45:00,356.7923,2004-02-12 23:45:00,23.7500
08108700,30.626667,-96.543889,2004-02-27 08:15:00,2004-02-28 05:00:00,254.2853,2004-02-27 16:15:00,8.0000
08108700,30.626667,-96.543889,2004-03-05 11:30:00,2004-03-10 12:15:00,351.1289,2004-03-07 02:45:00,39.2500
08108700,30.626667,-96.543889,2004-04-08 06:00:00,2004-04-09 06:45:00,263.6298,2004-04-08 16:00:00,10.0000
08108700,30.626667,-96.543889,2004-04-12 04:45:00,2004-04-13 14:45:00,294.4952,2004-04-12 18:15:00,13.5000
08108700,30.626667,-96.543889,2004-04-25 18:00:00,2004-05-10 09:30:00,696.5944,2004-05-03 12:15:00,186.2500
08108700,30.626667,-96.543889,2004-08-22 18:15:00,2004-08-24 06:30:00,393.6042,2004-08-23 06:45:00,12.5000
08108700,30.626667,-96.543889,2004-08-26 11:30:00,2004-08-29 04:15:00,253.7189,2004-08-27 09:00:00,21.5000
08108700,30.626667,-96.543889,2004-10-24 17:45:00,2004-10-25 18:00:00,311.4853,2004-10-25 03:30:00,9.7500
08108700,30.626667,-96.543889,2004-10-27 15:45:00,2004-10-29 15:00:00,319.9804,2004-10-28 03:30:00,11.7500
08108700,30.626667,-96.543889,2004-11-02 13:00:00,2004-11-04 06:30:00,317.1487,2004-11-03 12:00:00,23.0000
08108700,30.626667,-96.543889,2004-11-18 09:00:00,2004-11-24 05:45:00,1789.6247,2004-11-24 05:45:00,140.7500
08108700,30.626667,-96.543889,2004-12-05 06:00:00,2004-12-06 05:45:00,988.2579,2004-12-05 06:15:00,0.2500
08108700,30.626667,-96.543889,2004-12-08 06:00:00,2004-12-15 05:45:00,705.0895,2004-12-09 02:30:00,20.5000
08108700,30.626667,-96.543889,2005-01-28 16:30:00,2005-02-20 13:15:00,504.0399,2005-02-03 10:30:00,138.0000
08108700,30.626667,-96.543889,2005-02-24 01:00:00,2005-03-17 05:30:00,1084.5352,2005-03-04 09:15:00,200.2500
08108700,30.626667,-96.543889,2005-03-26 01:30:00,2005-04-01 18:00:00,254.2853,2005-03-29 18:15:00,88.7500
08108700,30.626667,-96.543889,2005-08-11 05:00:00,2005-08-15 18:45:00,1234.6145,2005-08-12 08:15:00,27.2500
08108700,30.626667,-96.543889,2005-08-20 14:30:00,2005-08-28 11:45:00,252.0199,2005-08-21 04:15:00,13.7500
08108700,30.626667,-96.543889,2006-05-07 09:45:00,2006-05-10 06:45:00,495.5448,2006-05-08 01:30:00,15.7500
08108700,30.626667,-96.543889,2007-01-14 12:45:00,2007-01-19 17:15:00,1277.0898,2007-01-16 11:15:00,46.5000
08108700,30.626667,-96.543889,2007-03-12 23:45:00,2007-03-17 21:30:00,1064.7134,2007-03-14 06:30:00,30.7500
08108700,30.626667,-96.543889,2007-03-27 06:15:00,2007-04-17 17:15:00,965.6045,2007-04-02 05:00:00,142.7500
08108700,30.626667,-96.543889,2007-04-19 22:45:00,2007-04-26 17:30:00,276.0893,2007-04-21 08:15:00,33.5000
08108700,30.626667,-96.543889,2007-05-02 00:30:00,2007-05-22 14:30:00,1594.2385,2007-05-04 22:45:00,70.2500
08108700,30.626667,-96.543889,2008-03-21 01:15:00,2008-03-21 19:30:00,246.9229,2008-03-21 08:30:00,7.2500
08108700,30.626667,-96.543889,2008-04-28 12:30:00,2008-05-01 22:15:00,282.3190,2008-04-29 15:30:00,27.0000
08108700,30.626667,-96.543889,2008-05-06 20:30:00,2008-05-08 09:45:00,322.8121,2008-05-07 07:30:00,11.0000
08108700,30.626667,-96.543889,2008-05-15 14:15:00,2008-05-19 15:30:00,815.5252,2008-05-16 20:45:00,30.5000
08108700,30.626667,-96.543889,2008-05-21 07:15:00,2008-05-23 19:15:00,244.9407,2008-05-22 09:15:00,26.0000
08108700,30.626667,-96.543889,2008-08-20 05:30:00,2008-08-21 17:15:00,478.5547,2008-08-20 13:00:00,7.5000
08108700,30.626667,-96.543889,2009-04-30 15:00:00,2009-05-02 08:00:00,368.1190,2009-05-01 05:30:00,14.5000
08108700,30.626667,-96.543889,2009-09-13 20:30:00,2009-09-16 13:00:00,716.4162,2009-09-14 22:00:00,25.5000
08108700,30.626667,-96.543889,2009-10-05 19:30:00,2009-10-07 08:15:00,342.6338,2009-10-06 05:00:00,9.5000
08108700,30.626667,-96.543889,2009-10-10 19:00:00,2009-10-19 04:00:00,651.2875,2009-10-15 19:30:00,120.5000
08108700,30.626667,-96.543889,2009-10-23 00:15:00,2009-11-14 21:00:00,1619.7236,2009-10-29 02:00:00,145.7500
08108700,30.626667,-96.543889,2009-11-22 12:45:00,2009-11-25 01:00:00,322.8121,2009-11-23 07:00:00,18.2500
08108700,30.626667,-96.543889,2009-12-02 12:30:00,2009-12-06 09:45:00,359.6240,2009-12-04 02:15:00,37.7500
08108700,30.626667,-96.543889,2010-01-30 03:45:00,2010-04-02 02:45:00,1262.9314,2010-02-07 01:45:00,190.0000
08108700,30.626667,-96.543889,2010-04-19 21:00:00,2010-05-01 14:45:00,642.7924,2010-04-26 10:45:00,157.7500
08108700,30.626667,-96.543889,2010-05-06 11:00:00,2010-05-06 17:15:00,227.1011,2010-05-06 14:00:00,3.0000
08108700,30.626667,-96.543889,2010-05-17 01:00:00,2010-05-21 09:15:00,396.4359,2010-05-20 05:00:00,76.0000
08108700,30.626667,-96.543889,2010-06-09 20:00:00,2010-06-13 14:45:00,464.3963,2010-06-11 00:30:00,28.5000
08108700,30.626667,-96.543889,2010-09-09 20:45:00,2010-09-24 10:15:00,999.5847,2010-09-11 12:30:00,39.7500
08108700,30.626667,-96.543889,2012-01-26 07:00:00,2012-01-28 20:45:00,637.1290,2012-01-27 08:15:00,25.2500
08108700,30.626667,-96.543889,2012-02-04 08:45:00,2012-02-06 23:15:00,594.6538,2012-02-05 21:45:00,37.0000
08108700,30.626667,-96.543889,2012-02-19 03:30:00,2012-02-22 10:00:00,809.8618,2012-02-20 07:00:00,27.5000
08108700,30.626667,-96.543889,2012-03-11 19:00:00,2012-03-14 05:30:00,475.7230,2012-03-12 11:30:00,16.5000
08108700,30.626667,-96.543889,2012-03-20 15:00:00,2012-03-21 04:45:00,795.7034,2012-03-21 04:45:00,13.7500
08108700,30.626667,-96.543889,2013-01-10 16:45:00,2013-01-13 01:45:00,498.3765,2013-01-11 15:30:00,22.7500
08108700,30.626667,-96.543889,2013-10-18 11:15:00,2013-10-19 02:30:00,241.8259,2013-10-18 16:15:00,5.0000
08108700,30.626667,-96.543889,2013-10-28 04:15:00,2013-10-30 07:30:00,430.4161,2013-10-28 14:30:00,10.2500
08108700,30.626667,-96.543889,2013-10-31 18:15:00,2013-11-04 21:45:00,1565.9216,2013-11-02 03:15:00,33.0000
08108700,30.626667,-96.543889,2013-11-24 01:15:00,2013-11-28 19:15:00,433.2478,2013-11-27 01:00:00,71.7500
08108700,30.626667,-96.543889,2014-05-15 04:45:00,2014-05-15 22:15:00,261.3645,2014-05-15 12:15:00,7.5000
08108700,30.626667,-96.543889,2014-05-29 00:45:00,2014-05-30 09:45:00,288.8318,2014-05-29 16:15:00,15.5000
08108700,30.626667,-96.543889,2014-11-25 06:15:00,2014-11-25 19:00:00,239.2774,2014-11-25 13:15:00,7.0000
08108700,30.626667,-96.543889,2015-01-23 07:45:00,2015-01-26 13:30:00,620.1389,2015-01-24 09:45:00,26.0000
08108700,30.626667,-96.543889,2015-03-10 02:30:00,2015-03-13 23:00:00,1025.0698,2015-03-11 19:00:00,40.5000
08108700,30.626667,-96.543889,2015-03-22 10:00:00,2015-03-24 01:00:00,300.1586,2015-03-23 04:30:00,18.5000
08108700,30.626667,-96.543889,2015-04-29 19:15:00,2015-05-01 09:15:00,294.4952,2015-04-30 09:00:00,13.7500
08108700,30.626667,-96.543889,2015-05-07 08:30:00,2015-05-09 04:00:00,464.3963,2015-05-07 23:30:00,15.0000
08108700,30.626667,-96.543889,2015-10-25 11:00:00,2015-11-25 12:00:00,2101.1100,2015-11-02 19:30:00,201.5000
08108700,30.626667,-96.543889,2016-02-25 06:15:00,2016-02-25 22:45:00,256.8338,2016-02-25 13:15:00,7.0000
08108700,30.626667,-96.543889,2016-02-27 13:15:00,2016-02-28 08:45:00,245.7902,2016-02-27 22:45:00,9.5000
08108700,30.626667,-96.543889,2016-03-09 19:45:00,2016-03-31 13:15:00,1766.9712,2016-03-12 06:00:00,58.2500
08108700,30.626667,-96.543889,2016-04-18 14:15:00,2016-06-02 04:45:00,1993.5060,2016-04-20 17:45:00,51.5000
08128400,31.427222,-100.710833,2001-08-28 23:15:00,2001-08-29 01:00:00,152.9110,2001-08-29 00:15:00,1.0000
08128400,31.427222,-100.710833,2004-11-16 22:15:00,2004-11-17 03:45:00,182.6437,2004-11-17 00:15:00,2.0000
08128400,31.427222,-100.710833,2015-05-19 13:30:00,2015-05-19 17:30:00,308.6536,2015-05-19 15:00:00,1.5000
08144600,31.003889,-99.268611,2000-11-03 17:15:00,2000-11-04 09:30:00,1240.2779,2000-11-04 05:00:00,11.7500
08144600,31.003889,-99.268611,2004-11-17 20:15:00,2004-11-17 22:00:00,818.3569,2004-11-17 20:45:00,0.5000
08158000,30.244444,-97.694167,1992-01-02 06:00:00,1992-01-11 12:30:00,869.3272,1992-01-06 23:00:00,113.0000
08158000,30.244444,-97.694167,1992-01-30 06:00:00,1992-02-19 05:30:00,863.6638,1992-02-07 05:00:00,191.0000
08158000,30.244444,-97.694167,1992-02-21 06:00:00,1992-02-23 17:00:00,849.5054,1992-02-22 13:00:00,31.0000
08158000,30.244444,-97.694167,1992-02-25 17:30:00,1992-03-06 05:30:00,942.9510,1992-03-04 14:30:00,189.0000
08158000,30.244444,-97.694167,1992-06-09 17:30:00,1992-06-17 00:00:00,532.3567,1992-06-11 05:00:00,35.5000
08158000,30.244444,-97.694167,1994-10-08 19:00:00,1994-10-08 21:30:00,495.5448,1994-10-08 20:30:00,1.5000
08158000,30.244444,-97.694167,1995-06-01 05:00:00,1995-06-06 03:30:00,679.6043,1995-06-01 07:00:00,2.0000
08158000,30.244444,-97.694167,1997-02-25 18:30:00,1997-02-28 10:00:00,504.0399,1997-02-26 00:30:00,6.0000
08158000,30.244444,-97.694167,1997-03-12 19:00:00,1997-03-18 15:30:00,526.6933,1997-03-12 20:00:00,1.0000
08158000,30.244444,-97.694167,1997-06-09 07:30:00,1997-06-09 11:30:00,495.5448,1997-06-09 10:00:00,2.5000
08158000,30.244444,-97.694167,1997-06-22 19:00:00,1997-07-11 05:30:00,877.8222,1997-06-24 03:00:00,32.0000
08158000,30.244444,-97.694167,1998-10-17 17:00:00,1998-10-18 00:30:00,1115.6838,1998-10-17 19:45:00,2.7500
08158000,30.244444,-97.694167,2001-11-15 23:30:00,2001-11-16 12:30:00,988.2579,2001-11-16 01:45:00,2.2500
08158000,30.244444,-97.694167,2002-07-02 19:30:00,2002-07-03 05:45:00,668.2776,2002-07-03 02:45:00,7.2500
08158000,30.244444,-97.694167,2002-07-05 23:15:00,2002-07-17 15:00:00,770.2182,2002-07-09 08:15:00,81.0000
08158000,30.244444,-97.694167,2004-06-10 00:30:00,2004-06-13 21:15:00,753.2281,2004-06-10 03:30:00,3.0000
08158000,30.244444,-97.694167,2004-11-17 07:45:00,2004-11-22 23:45:00,1076.0402,2004-11-22 11:00:00,123.2500
08158000,30.244444,-97.694167,2004-11-25 15:15:00,2004-12-02 19:15:00,679.6043,2004-11-30 16:00:00,120.7500
08158000,30.244444,-97.694167,2007-01-13 15:45:00,2007-01-13 18:30:00,506.8716,2007-01-13 16:30:00,0.7500
08158000,30.244444,-97.694167,2007-06-27 16:30:00,2007-07-18 17:30:00,812.6935,2007-06-28 07:45:00,15.2500
08158000,30.244444,-97.694167,2010-09-08 05:30:00,2010-09-08 18:15:00,1067.5451,2010-09-08 08:30:00,3.0000
08158000,30.244444,-97.694167,2013-10-31 07:12:00,2013-10-31 15:58:00,974.0995,2013-10-31 08:58:00,1.7667
08158000,30.244444,-97.694167,2015-05-25 22:25:00,2015-05-26 05:35:00,982.5946,2015-05-26 00:40:00,2.2500
08158000,30.244444,-97.694167,2015-10-30 15:40:00,2015-10-31 03:45:00,940.1193,2015-10-30 18:10:00,2.5000
08158000,30.244444,-97.694167,2016-05-19 16:30:00,2016-05-19 20:55:00,512.5349,2016-05-19 17:55:00,1.4167
08158000,30.244444,-97.694167,2016-05-31 02:45:00,2016-06-02 04:55:00,716.4162,2016-06-01 00:55:00,22.1667
08181500,29.263889,-98.490556,1991-12-20 19:00:00,1991-12-21 05:00:00,144.9823,1991-12-20 22:00:00,3.0000
08181500,29.263889,-98.490556,1992-01-27 07:00:00,1992-01-28 02:00:00,184.0595,1992-01-27 18:00:00,11.0000
08181500,29.263889,-98.490556,1992-02-04 09:00:00,1992-02-06 05:00:00,419.0893,1992-02-04 23:00:00,14.0000
08181500,29.263889,-98.490556,1992-03-04 16:00:00,1992-03-09 23:00:00,270.4259,1992-03-06 02:00:00,34.0000
08181500,29.263889,-98.490556,1992-05-22 05:00:00,1992-05-25 09:00:00,236.4457,1992-05-23 17:00:00,36.0000
08181500,29.263889,-98.490556,1992-05-27 11:00:00,1992-05-29 17:00:00,265.8952,1992-05-28 03:00:00,16.0000
08181500,29.263889,-98.490556,1992-06-10 08:00:00,1992-06-13 17:00:00,212.6595,1992-06-11 12:00:00,28.0000
08181500,29.263889,-98.490556,1993-05-06 14:00:00,1993-05-08 23:00:00,223.4199,1993-05-06 18:00:00,4.0000
08181500,29.263889,-98.490556,1997-06-23 02:45:00,1997-06-28 04:15:00,368.1190,1997-06-23 09:15:00,6.5000
08181500,29.263889,-98.490556,1998-10-17 18:00:00,1998-10-20 20:30:00,1203.4660,1998-10-18 21:30:00,27.5000
08181500,29.263889,-98.490556,2000-10-24 08:45:00,2000-10-25 08:00:00,195.1031,2000-10-24 13:30:00,4.7500
08181500,29.263889,-98.490556,2000-11-03 11:15:00,2000-11-04 05:45:00,238.1447,2000-11-03 22:15:00,11.0000
08181500,29.263889,-98.490556,2001-11-16 12:15:00,2001-11-17 00:15:00,240.4100,2001-11-16 15:45:00,3.5000
08181500,29.263889,-98.490556,2002-07-02 04:30:00,2002-07-05 04:45:00,1897.2287,2002-07-04 21:15:00,64.7500
08181500,29.263889,-98.490556,2002-07-16 07:00:00,2002-07-19 21:00:00,161.1229,2002-07-16 12:00:00,5.0000
08181500,29.263889,-98.490556,2002-09-08 19:00:00,2002-09-11 12:15:00,356.7923,2002-09-10 06:45:00,35.7500
08181500,29.263889,-98.490556,2002-10-09 11:30:00,2002-10-10 16:30:00,302.9903,2002-10-10 01:45:00,14.2500
08181500,29.263889,-98.490556,2002-10-23 13:45:00,2002-10-26 05:45:00,370.9507,2002-10-25 10:15:00,44.5000
08181500,29.263889,-98.490556,2004-06-30 04:00:00,2004-07-01 11:00:00,241.8259,2004-06-30 16:30:00,12.5000
08181500,29.263889,-98.490556,2004-07-02 15:45:00,2004-07-03 09:30:00,123.1783,2004-07-02 22:45:00,7.0000
08181500,29.263889,-98.490556,2004-11-17 15:45:00,2004-11-20 05:30:00,311.4853,2004-11-18 01:00:00,9.2500
08181500,29.263889,-98.490556,2007-03-14 11:15:00,2007-03-14 21:45:00,130.2575,2007-03-14 17:30:00,6.2500
08181500,29.263889,-98.490556,2007-03-31 16:00:00,2007-04-01 03:15:00,121.7624,2007-03-31 20:45:00,4.7500
08181500,29.263889,-98.490556,2007-06-18 00:30:00,2007-06-18 07:15:00,122.8951,2007-06-18 03:45:00,3.2500
08181500,29.263889,-98.490556,2007-06-29 00:45:00,2007-06-29 22:45:00,305.8219,2007-06-29 10:15:00,9.5000
08181500,29.263889,-98.490556,2007-07-21 21:00:00,2007-07-22 23:30:00,282.6021,2007-07-22 06:15:00,9.2500
08181500,29.263889,-98.490556,2007-07-24 08:00:00,2007-07-28 11:00:00,215.4912,2007-07-25 17:00:00,33.0000
08181500,29.263889,-98.490556,2007-08-16 21:00:00,2007-08-21 12:15:00,1302.5749,2007-08-17 13:00:00,16.0000
08181500,29.263889,-98.490556,2007-09-06 00:30:00,2007-09-06 07:15:00,144.4159,2007-09-06 03:00:00,2.5000
08181500,29.263889,-98.490556,2010-04-18 02:45:00,2010-04-18 20:00:00,281.4695,2010-04-18 06:30:00,3.7500
08181500,29.263889,-98.490556,2010-05-15 08:00:00,2010-05-16 16:30:00,207.5625,2010-05-16 05:45:00,21.7500
08181500,29.263889,-98.490556,2010-09-08 14:45:00,2010-09-09 14:15:00,223.9863,2010-09-08 22:30:00,7.7500
08181500,29.263889,-98.490556,2011-10-09 23:45:00,2011-10-10 06:15:00,142.7169,2011-10-10 02:15:00,2.5000
08181500,29.263889,-98.490556,2012-08-19 12:45:00,2012-08-19 22:45:00,149.7961,2012-08-19 17:15:00,4.5000
08181500,29.263889,-98.490556,2013-05-25 18:00:00,2013-05-26 19:30:00,699.4261,2013-05-26 01:00:00,7.0000
08181500,29.263889,-98.490556,2014-05-13 07:45:00,2014-05-13 13:30:00,139.8852,2014-05-13 09:30:00,1.7500
08181500,29.263889,-98.490556,2015-04-26 00:30:00,2015-04-26 07:00:00,131.9565,2015-04-26 02:45:00,2.2500
08181500,29.263889,-98.490556,2015-05-24 14:15:00,2015-05-25 03:45:00,123.1783,2015-05-24 20:15:00,6.0000
08181500,29.263889,-98.490556,2015-10-31 03:45:00,2015-10-31 13:30:00,190.5724,2015-10-31 07:15:00,3.5000
08181500,29.263889,-98.490556,2016-05-18 10:45:00,2016-05-18 14:00:00,122.8951,2016-05-18 12:15:00,1.5000
08181500,29.263889,-98.490556,2016-05-20 09:30:00,2016-05-20 19:00:00,121.4793,2016-05-20 14:30:00,5.0000
08211000,28.038056,-97.860000,1992-01-28 21:00:00,1992-02-01 02:00:00,151.7783,1992-01-30 23:00:00,50.0000
08211000,28.038056,-97.860000,1992-02-03 05:00:00,1992-02-10 13:00:00,230.2160,1992-02-07 22:00:00,113.0000
08211000,28.038056,-97.860000,1992-02-24 22:00:00,1992-02-29 23:00:00,206.4298,1992-02-28 11:00:00,85.0000
08211000,28.038056,-97.860000,1992-03-28 19:00:00,1992-03-30 19:00:00,192.2714,1992-03-29 04:00:00,9.0000
08211000,28.038056,-97.860000,1992-04-07 22:00:00,1992-04-08 10:00:00,88.6317,1992-04-08 03:00:00,5.0000
08211000,28.038056,-97.860000,1992-04-19 21:00:00,1992-04-20 12:00:00,109.8694,1992-04-20 05:00:00,8.0000
08211000,28.038056,-97.860000,1992-04-27 14:00:00,1992-05-01 01:00:00,173.0159,1992-04-30 01:00:00,59.0000
08211000,28.038056,-97.860000,1992-05-15 13:00:00,1992-05-15 17:00:00,90.0476,1992-05-15 15:00:00,2.0000
08211000,28.038056,-97.860000,1992-05-17 11:00:00,1992-05-26 19:00:00,225.1189,1992-05-23 08:00:00,141.0000
08211000,28.038056,-97.860000,1993-06-30 11:00:00,1993-07-02 23:00:00,204.7308,1993-07-02 03:00:00,40.0000
08211000,28.038056,-97.860000,1997-06-23 17:00:00,1997-06-26 19:00:00,209.5447,1997-06-24 16:00:00,23.0000
08211000,28.038056,-97.860000,1997-07-11 13:00:00,1997-07-16 03:00:00,113.8337,1997-07-12 17:00:00,28.0000
08211000,28.038056,-97.860000,1997-10-13 21:00:00,1997-10-14 04:00:00,91.4634,1997-10-14 04:00:00,7.0000
08211000,28.038056,-97.860000,1998-09-10 11:00:00,1998-09-13 20:15:00,130.2575,1998-09-12 18:00:00,55.0000
08211000,28.038056,-97.860000,1998-09-16 02:30:00,1998-09-16 15:45:00,96.8436,1998-09-16 10:00:00,7.5000
08211000,28.038056,-97.860000,1998-10-19 03:45:00,1998-10-22 00:15:00,180.6615,1998-10-19 22:15:00,18.5000
08211000,28.038056,-97.860000,1999-09-05 07:45:00,1999-09-10 07:00:00,143.2832,1999-09-07 17:45:00,58.0000
08211000,28.038056,-97.860000,2001-11-17 12:15:00,2001-11-20 16:30:00,351.1289,2001-11-18 19:00:00,30.7500
08211000,28.038056,-97.860000,2001-11-23 05:00:00,2001-11-28 18:15:00,182.0773,2001-11-25 17:30:00,60.5000
08211000,28.038056,-97.860000,2001-12-02 22:30:00,2001-12-07 05:30:00,148.6634,2001-12-03 11:45:00,13.2500
08211000,28.038056,-97.860000,2002-09-10 14:45:00,2002-09-27 15:15:00,1526.2780,2002-09-16 01:30:00,130.7500
08211000,28.038056,-97.860000,2002-10-25 02:15:00,2002-11-15 21:00:00,328.4754,2002-10-29 08:45:00,103.5000
08211000,28.038056,-97.860000,2003-07-18 23:00:00,2003-07-24 01:30:00,146.6813,2003-07-21 18:45:00,67.7500
08211000,28.038056,-97.860000,2003-09-21 08:45:00,2003-09-24 10:15:00,143.2832,2003-09-23 11:00:00,50.2500
08211000,28.038056,-97.860000,2004-04-05 16:15:00,2004-04-18 21:00:00,140.4516,2004-04-08 18:00:00,73.7500
08211000,28.038056,-97.860000,2004-04-24 19:00:00,2004-05-06 17:45:00,214.0754,2004-05-01 22:45:00,171.7500
08211000,28.038056,-97.860000,2004-05-08 23:45:00,2004-05-10 18:00:00,130.2575,2004-05-09 09:45:00,10.0000
08211000,28.038056,-97.860000,2004-05-14 02:00:00,2004-05-16 12:45:00,294.4952,2004-05-14 17:00:00,15.0000
08211000,28.038056,-97.860000,2004-06-26 23:15:00,2004-06-29 03:15:00,101.6575,2004-06-27 15:15:00,16.0000
08211000,28.038056,-97.860000,2004-09-02 06:15:00,2004-09-03 22:45:00,103.6397,2004-09-03 00:45:00,18.5000
08211000,28.038056,-97.860000,2004-09-05 05:45:00,2004-09-06 15:00:00,86.6496,2004-09-06 10:30:00,28.7500
08211000,28.038056,-97.860000,2004-11-20 23:15:00,2004-11-25 12:00:00,121.1961,2004-11-24 16:45:00,89.5000
08211000,28.038056,-97.860000,2004-11-26 14:30:00,2004-11-28 14:45:00,104.2060,2004-11-27 19:30:00,29.0000
08211000,28.038056,-97.860000,2007-08-07 15:30:00,2007-08-24 16:45:00,149.2298,2007-08-11 20:30:00,101.0000
08211000,28.038056,-97.860000,2015-05-17 20:15:00,2015-06-13 11:45:00,319.9804,2015-05-22 02:45:00,102.5000
08211000,28.038056,-97.860000,2015-06-16 15:00:00,2015-06-16 16:30:00,86.9327,2015-06-16 15:45:00,0.7500
08211000,28.038056,-97.860000,2015-06-18 02:00:00,2015-06-19 05:00:00,195.9526,2015-06-18 12:15:00,10.2500
08019500,32.603889,-95.091389,1992-12-17 14:00:00,1992-12-18 21:30:00,112.7010,1992-12-18 01:00:00,11.0000
08019500,32.603889,-95.091389,1993-01-07 00:00:00,1993-01-07 14:00:00,93.1624,1993-01-07 12:00:00,12.0000
08019500,32.603889,-95.091389,1993-10-22 09:00:00,1993-10-23 11:30:00,120.0634,1993-10-22 18:30:00,9.5000
08019500,32.603889,-95.091389,1994-07-17 10:00:00,1994-07-18 18:00:00,138.4694,1994-07-17 21:00:00,11.0000
08019500,32.603889,-95.091389,1994-11-07 06:00:00,1994-11-08 18:00:00,171.0338,1994-11-07 18:00:00,12.0000
08019500,32.603889,-95.091389,1994-12-17 20:30:00,1994-12-19 04:00:00,106.4713,1994-12-18 08:30:00,12.0000
08019500,32.603889,-95.091389,1997-04-29 13:45:00,1997-05-01 07:45:00,108.1704,1997-04-30 13:00:00,23.2500
08019500,32.603889,-95.091389,2001-02-18 03:00:00,2001-02-19 23:30:00,166.7862,2001-02-18 20:30:00,17.5000
08019500,32.603889,-95.091389,2001-03-02 08:45:00,2001-03-03 14:45:00,103.0733,2001-03-02 18:45:00,10.0000
08019500,32.603889,-95.091389,2001-12-18 16:30:00,2001-12-20 11:45:00,162.2555,2001-12-19 09:30:00,17.0000
08019500,32.603889,-95.091389,2002-03-22 02:30:00,2002-03-23 06:00:00,96.5604,2002-03-22 20:30:00,18.0000
08019500,32.603889,-95.091389,2009-05-04 11:15:00,2009-05-06 23:15:00,314.3170,2009-05-05 01:30:00,14.2500
08019500,32.603889,-95.091389,2009-10-15 18:15:00,2009-10-16 19:45:00,105.9050,2009-10-16 03:45:00,9.5000
08019500,32.603889,-95.091389,2015-12-14 23:00:00,2015-12-17 02:15:00,200.4833,2015-12-15 12:30:00,13.5000
08019500,32.603889,-95.091389,2015-12-28 21:15:00,2015-12-31 14:30:00,305.8219,2015-12-29 13:15:00,16.0000
08019500,32.603889,-95.091389,2016-03-09 18:45:00,2016-03-13 01:00:00,207.8457,2016-03-11 06:30:00,35.7500
08019500,32.603889,-95.091389,2016-05-01 16:00:00,2016-05-03 03:45:00,120.9129,2016-05-02 06:30:00,14.5000
08028000,30.952778,-93.352778,1997-02-13 09:00:00,1997-02-16 12:30:00,179.2456,1997-02-15 08:00:00,47.0000
08028000,30.952778,-93.352778,1997-02-25 19:30:00,1997-03-02 08:00:00,227.6674,1997-02-27 21:00:00,49.5000
08028000,30.952778,-93.352778,1997-12-24 08:30:00,1997-12-27 19:30:00,114.4001,1997-12-26 05:00:00,44.5000
08028000,30.952778,-93.352778,1998-01-07 06:00:00,1998-01-11 19:00:00,438.9111,1998-01-08 22:00:00,40.0000
08028000,30.952778,-93.352778,1998-09-14 04:00:00,1998-09-17 05:00:00,145.2654,1998-09-15 14:30:00,34.5000
08028000,30.952778,-93.352778,1998-11-14 13:30:00,1998-11-19 17:00:00,317.1487,1998-11-16 17:00:00,51.5000
08028000,30.952778,-93.352778,1998-12-12 06:00:00,1998-12-16 11:30:00,317.1487,1998-12-13 21:00:00,39.0000
08028000,30.952778,-93.352778,1999-01-03 10:30:00,1999-01-05 15:00:00,96.5604,1999-01-04 23:30:00,37.0000
08028000,30.952778,-93.352778,1999-01-30 18:30:00,1999-02-03 14:00:00,345.4655,1999-02-01 01:00:00,30.5000
08028000,30.952778,-93.352778,1999-04-04 10:00:00,1999-04-09 01:30:00,365.2873,1999-04-06 14:00:00,52.0000
08028000,30.952778,-93.352778,2000-11-25 10:00:00,2000-11-28 19:30:00,112.4179,2000-11-27 16:30:00,54.5000
08028000,30.952778,-93.352778,2001-01-20 03:00:00,2001-01-21 06:00:00,88.9149,2001-01-20 14:00:00,11.0000
08028000,30.952778,-93.352778,2001-03-03 01:30:00,2001-03-07 02:30:00,136.7704,2001-03-05 06:30:00,53.0000
08028000,30.952778,-93.352778,2001-06-08 11:00:00,2001-06-11 20:00:00,222.2872,2001-06-09 19:00:00,32.0000
08028000,30.952778,-93.352778,2001-10-13 16:00:00,2001-10-17 08:00:00,220.8714,2001-10-15 09:00:00,41.0000
08028000,30.952778,-93.352778,2001-11-27 16:00:00,2001-12-04 03:30:00,305.8219,2001-12-01 00:00:00,80.0000
08028000,30.952778,-93.352778,2001-12-13 22:30:00,2001-12-20 05:00:00,577.6637,2001-12-15 05:30:00,31.0000
08028000,30.952778,-93.352778,2001-12-24 01:00:00,2001-12-24 22:00:00,87.4991,2001-12-24 10:00:00,9.0000
08028000,30.952778,-93.352778,2002-04-09 06:00:00,2002-04-12 06:30:00,108.4535,2002-04-11 06:30:00,48.5000
08028000,30.952778,-93.352778,2002-10-26 01:30:00,2002-11-01 14:00:00,234.7467,2002-10-27 23:00:00,46.5000
08028000,30.952778,-93.352778,2002-11-03 22:30:00,2002-11-10 06:30:00,540.8518,2002-11-06 00:00:00,49.5000
08028000,30.952778,-93.352778,2002-12-04 16:30:00,2002-12-08 10:30:00,209.5447,2002-12-05 19:00:00,26.5000
08028000,30.952778,-93.352778,2002-12-13 13:30:00,2002-12-16 01:00:00,99.9585,2002-12-14 10:00:00,20.5000
08028000,30.952778,-93.352778,2002-12-31 19:00:00,2003-01-03 23:00:00,108.1704,2003-01-03 00:00:00,53.0000
08028000,30.952778,-93.352778,2003-02-22 00:00:00,2003-02-26 12:00:00,240.4100,2003-02-24 04:00:00,52.0000
08028000,30.952778,-93.352778,2004-01-25 17:00:00,2004-01-27 21:30:00,97.1268,2004-01-26 20:30:00,27.5000
08028000,30.952778,-93.352778,2004-01-31 10:30:00,2004-01-31 20:00:00,84.3842,2004-01-31 13:30:00,3.0000
08028000,30.952778,-93.352778,2004-02-06 05:00:00,2004-02-08 13:00:00,95.4278,2004-02-08 00:30:00,43.5000
08028000,30.952778,-93.352778,2004-02-11 14:30:00,2004-02-17 01:00:00,173.8654,2004-02-13 10:30:00,44.0000
08028000,30.952778,-93.352778,2004-05-02 03:00:00,2004-05-05 18:30:00,143.0001,2004-05-04 03:30:00,48.5000
08028000,30.952778,-93.352778,2004-05-12 16:00:00,2004-05-18 06:30:00,297.3269,2004-05-14 02:00:00,34.0000
08028000,30.952778,-93.352778,2004-07-01 09:30:00,2004-07-03 13:00:00,95.1446,2004-07-02 00:00:00,14.5000
08028000,30.952778,-93.352778,2006-04-30 10:00:00,2006-05-01 15:00:00,90.0476,2006-05-01 00:00:00,14.0000
08028000,30.952778,-93.352778,2009-03-15 10:00:00,2009-03-17 15:30:00,99.3921,2009-03-16 23:00:00,37.0000
08028000,30.952778,-93.352778,2009-03-28 04:30:00,2009-03-30 04:00:00,101.6575,2009-03-29 06:00:00,25.5000
08028000,30.952778,-93.352778,2009-04-19 05:30:00,2009-04-22 15:00:00,117.7981,2009-04-20 19:00:00,37.5000
08028000,30.952778,-93.352778,2009-10-30 15:30:00,2009-11-03 04:00:00,245.5071,2009-11-01 04:30:00,38.0000
08028000,30.952778,-93.352778,2009-12-16 00:30:00,2009-12-18 04:30:00,99.1090,2009-12-16 14:00:00,13.5000
08028000,30.952778,-93.352778,2010-02-05 09:30:00,2010-02-07 04:00:00,96.2773,2010-02-05 21:00:00,11.5000
08028000,30.952778,-93.352778,2012-02-07 00:00:00,2012-02-07 13:00:00,85.2337,2012-02-07 07:00:00,7.0000
08028000,30.952778,-93.352778,2012-02-19 02:30:00,2012-02-21 19:30:00,106.7545,2012-02-20 11:30:00,33.0000
08028000,30.952778,-93.352778,2012-03-21 02:30:00,2012-03-26 04:00:00,920.2975,2012-03-22 04:30:00,26.0000
08028000,30.952778,-93.352778,2013-01-10 14:00:00,2013-01-11 14:00:00,90.0476,2013-01-11 00:00:00,10.0000
08028000,30.952778,-93.352778,2013-04-12 12:30:00,2013-04-14 20:00:00,99.1090,2013-04-14 03:30:00,39.0000
08028000,30.952778,-93.352778,2014-05-14 04:30:00,2014-05-17 22:30:00,248.9051,2014-05-15 06:00:00,25.5000
08028000,30.952778,-93.352778,2014-07-19 20:30:00,2014-07-20 22:30:00,85.8000,2014-07-20 02:30:00,6.0000
08028000,30.952778,-93.352778,2015-03-23 13:45:00,2015-03-25 03:15:00,90.3307,2015-03-24 09:15:00,19.5000
08028000,30.952778,-93.352778,2015-04-06 06:45:00,2015-04-08 08:00:00,103.9228,2015-04-07 08:15:00,25.5000
08028000,30.952778,-93.352778,2015-05-27 17:15:00,2015-05-30 07:00:00,102.2238,2015-05-29 00:00:00,30.7500
08028000,30.952778,-93.352778,2015-10-31 17:45:00,2015-11-06 05:00:00,402.0992,2015-11-02 09:15:00,40.5000
08028000,30.952778,-93.352778,2015-11-09 14:00:00,2015-11-10 19:45:00,91.4634,2015-11-10 07:15:00,17.2500
08028000,30.952778,-93.352778,2016-03-10 04:15:00,2016-03-16 10:15:00,1834.9317,2016-03-11 08:30:00,28.2500
08028000,30.952778,-93.352778,2016-04-22 13:30:00,2016-04-23 03:00:00,85.8000,2016-04-22 17:30:00,4.0000
08028000,30.952778,-93.352778,2016-05-03 18:30:00,2016-05-04 13:15:00,88.0654,2016-05-04 03:45:00,9.2500
08066170,30.906944,-95.088333,1994-10-17 01:00:00,1994-10-17 04:00:00,1135.5055,1994-10-17 04:00:00,3.0000
08066170,30.906944,-95.088333,1995-03-13 16:00:00,1995-03-13 22:00:00,245.5071,1995-03-13 17:00:00,1.0000
08066170,30.906944,-95.088333,1998-01-06 23:45:00,1998-01-07 10:00:00,300.1586,1998-01-07 05:00:00,5.2500
08066170,30.906944,-95.088333,1998-10-19 16:45:00,1998-10-19 19:45:00,242.1090,1998-10-19 19:00:00,2.2500
08066170,30.906944,-95.088333,1998-11-13 07:30:00,1998-11-13 21:00:00,620.1389,1998-11-13 13:15:00,5.7500
08066170,30.906944,-95.088333,2002-11-05 04:15:00,2002-11-05 13:30:00,276.0893,2002-11-05 08:00:00,3.7500
08066170,30.906944,-95.088333,2004-05-13 17:30:00,2004-05-14 02:15:00,373.7824,2004-05-13 19:30:00,2.0000
08066170,30.906944,-95.088333,2004-11-21 13:30:00,2004-11-21 14:30:00,161.9724,2004-11-21 14:00:00,0.5000
08066170,30.906944,-95.088333,2004-11-23 23:45:00,2004-11-24 07:15:00,206.4298,2004-11-24 03:00:00,3.2500
08066170,30.906944,-95.088333,2006-10-16 16:15:00,2006-10-16 21:30:00,243.2417,2006-10-16 17:15:00,1.0000
08066170,30.906944,-95.088333,2007-01-14 06:30:00,2007-01-14 13:15:00,215.2080,2007-01-14 09:45:00,3.2500
08066170,30.906944,-95.088333,2007-07-07 00:30:00,2007-07-07 04:00:00,248.3387,2007-07-07 02:00:00,1.5000
08066170,30.906944,-95.088333,2008-02-17 04:00:00,2008-02-17 09:00:00,190.0060,2008-02-17 06:00:00,2.0000
08066170,30.906944,-95.088333,2009-05-03 16:00:00,2009-05-03 18:15:00,214.0754,2009-05-03 17:00:00,1.0000
08066170,30.906944,-95.088333,2009-10-29 23:00:00,2009-10-30 06:15:00,288.8318,2009-10-30 02:30:00,3.5000
08066300,30.481389,-94.779722,1997-02-14 23:45:00,1997-02-16 20:45:00,44.7406,1997-02-15 11:00:00,11.2500
08066300,30.481389,-94.779722,1997-02-21 13:15:00,1997-02-21 22:45:00,24.0976,1997-02-21 17:45:00,4.5000
08066300,30.481389,-94.779722,1997-02-23 06:45:00,1997-03-01 23:00:00,52.3862,1997-02-27 13:30:00,102.7500
08066300,30.481389,-94.779722,1997-03-13 00:30:00,1997-03-17 03:00:00,74.7565,1997-03-13 10:30:00,10.0000
08066300,30.481389,-94.779722,1997-03-20 22:00:00,1997-03-22 12:15:00,39.6436,1997-03-21 06:45:00,8.7500
08066300,30.481389,-94.779722,1997-04-05 15:30:00,1997-04-09 03:45:00,95.9941,1997-04-06 23:45:00,31.2500
08066300,30.481389,-94.779722,1997-12-21 12:45:00,1997-12-27 14:45:00,55.2179,1997-12-23 13:15:00,48.5000
08066300,30.481389,-94.779722,1998-01-07 06:00:00,1998-01-11 06:45:00,146.1149,1998-01-08 16:45:00,34.7500
08066300,30.481389,-94.779722,1998-01-22 11:00:00,1998-01-26 01:45:00,63.9961,1998-01-23 22:45:00,35.7500
08066300,30.481389,-94.779722,1998-02-26 19:15:00,1998-03-02 08:00:00,67.1109,1998-02-28 10:30:00,39.2500
08066300,30.481389,-94.779722,1998-09-12 01:15:00,1998-09-12 13:15:00,26.3630,1998-09-12 07:00:00,5.7500
08066300,30.481389,-94.779722,1998-09-15 23:45:00,1998-09-16 14:00:00,26.8444,1998-09-16 07:15:00,7.5000
08066300,30.481389,-94.779722,1998-10-18 20:15:00,1998-10-23 12:15:00,35.9624,1998-10-21 15:45:00,67.5000
08066300,30.481389,-94.779722,1998-11-13 09:45:00,1998-11-19 12:30:00,133.9387,1998-11-15 02:45:00,41.0000
08066300,30.481389,-94.779722,1998-12-11 01:30:00,1998-12-16 03:30:00,64.2792,1998-12-13 17:45:00,64.2500
08066300,30.481389,-94.779722,1999-01-02 19:45:00,1999-01-03 00:30:00,21.4075,1999-01-02 21:00:00,1.2500
08066300,30.481389,-94.779722,1999-01-04 01:30:00,1999-01-06 03:30:00,47.0060,1999-01-04 11:30:00,10.0000
08066300,30.481389,-94.779722,1999-03-13 17:15:00,1999-03-17 09:00:00,130.2575,1999-03-14 23:45:00,30.5000
08066300,30.481389,-94.779722,1999-04-04 05:30:00,1999-04-08 08:45:00,373.7824,1999-04-05 08:15:00,26.7500
08066300,30.481389,-94.779722,1999-06-27 06:00:00,1999-06-29 12:30:00,61.4476,1999-06-27 13:00:00,7.0000
08066300,30.481389,-94.779722,2001-01-21 17:15:00,2001-01-22 09:15:00,22.9083,2001-01-22 00:30:00,7.2500
08066300,30.481389,-94.779722,2001-03-15 09:45:00,2001-03-16 01:45:00,23.1632,2001-03-15 16:15:00,6.5000
08066300,30.481389,-94.779722,2001-06-08 17:45:00,2001-06-11 14:30:00,53.5188,2001-06-09 21:15:00,27.5000
08066300,30.481389,-94.779722,2001-12-12 14:45:00,2001-12-16 05:45:00,116.6654,2001-12-14 02:45:00,36.0000
08066300,30.481389,-94.779722,2001-12-17 10:15:00,2001-12-20 19:30:00,28.8832,2001-12-19 23:15:00,61.0000
08066300,30.481389,-94.779722,2002-10-29 12:30:00,2002-10-29 19:00:00,21.9739,2002-10-29 15:00:00,2.5000
08066300,30.481389,-94.779722,2002-11-03 23:30:00,2002-11-09 06:30:00,111.2852,2002-11-05 22:45:00,47.2500
08066300,30.481389,-94.779722,2002-12-13 04:30:00,2002-12-16 17:45:00,33.4139,2002-12-15 17:00:00,60.5000
08066300,30.481389,-94.779722,2002-12-31 15:15:00,2003-01-04 03:00:00,41.3426,2003-01-02 18:15:00,51.0000
08066300,30.481389,-94.779722,2003-02-23 12:45:00,2003-02-25 18:45:00,51.2535,2003-02-23 23:15:00,10.5000
08066300,30.481389,-94.779722,2003-06-14 10:00:00,2003-06-14 21:00:00,25.4002,2003-06-14 14:45:00,4.7500
08066300,30.481389,-94.779722,2003-06-15 23:00:00,2003-06-15 23:45:00,21.1527,2003-06-15 23:45:00,0.7500
08066300,30.481389,-94.779722,2003-11-18 06:00:00,2003-11-21 17:00:00,38.5109,2003-11-18 17:15:00,11.2500
08066300,30.481389,-94.779722,2004-01-17 13:45:00,2004-01-18 06:00:00,27.5523,2004-01-17 21:15:00,7.5000
08066300,30.481389,-94.779722,2004-01-25 08:15:00,2004-01-27 04:00:00,39.3604,2004-01-25 20:00:00,11.7500
08066300,30.481389,-94.779722,2004-01-28 10:15:00,2004-01-28 17:15:00,21.4642,2004-01-28 14:15:00,4.0000
08066300,30.481389,-94.779722,2004-02-05 22:00:00,2004-02-06 10:00:00,23.1065,2004-02-06 03:15:00,5.2500
08066300,30.481389,-94.779722,2004-02-10 21:30:00,2004-02-16 18:00:00,50.9703,2004-02-13 21:15:00,71.7500
08066300,30.481389,-94.779722,2004-05-01 22:45:00,2004-05-05 17:00:00,121.4793,2004-05-03 09:00:00,34.2500
08066300,30.481389,-94.779722,2004-05-14 04:00:00,2004-05-17 22:00:00,46.4396,2004-05-15 22:00:00,42.0000
08066300,30.481389,-94.779722,2004-06-24 19:00:00,2004-06-26 02:00:00,30.5822,2004-06-25 05:00:00,10.0000
08066300,30.481389,-94.779722,2004-06-30 08:30:00,2004-07-01 05:30:00,24.0693,2004-06-30 18:15:00,9.7500
08066300,30.481389,-94.779722,2004-11-18 09:00:00,2004-11-18 23:15:00,28.8832,2004-11-18 15:00:00,6.0000
08066300,30.481389,-94.779722,2004-11-20 04:15:00,2004-11-27 18:45:00,53.5188,2004-11-25 01:30:00,117.2500
08066300,30.481389,-94.779722,2005-02-09 23:15:00,2005-02-12 07:30:00,30.5822,2005-02-10 21:30:00,22.2500
08066300,30.481389,-94.779722,2006-07-27 01:30:00,2006-07-28 21:00:00,41.9089,2006-07-27 14:45:00,13.2500
08066300,30.481389,-94.779722,2006-10-16 16:30:00,2006-10-23 18:00:00,291.6635,2006-10-18 05:45:00,37.2500
08066300,30.481389,-94.779722,2006-10-26 15:00:00,2006-10-31 00:00:00,103.9228,2006-10-27 03:00:00,12.0000
08066300,30.481389,-94.779722,2006-12-30 10:30:00,2007-01-03 14:15:00,44.7406,2007-01-01 21:30:00,59.0000
08066300,30.481389,-94.779722,2007-01-17 19:45:00,2007-01-19 22:15:00,35.6792,2007-01-18 11:30:00,15.7500
08066300,30.481389,-94.779722,2007-02-13 09:15:00,2007-02-13 23:30:00,24.7206,2007-02-13 13:45:00,4.5000
08066300,30.481389,-94.779722,2007-02-15 13:15:00,2007-02-16 22:00:00,29.1664,2007-02-16 00:45:00,11.5000
08066300,30.481389,-94.779722,2007-07-08 23:00:00,2007-07-09 02:45:00,21.2376,2007-07-09 01:30:00,2.5000
08066300,30.481389,-94.779722,2008-02-16 18:00:00,2008-02-21 05:45:00,33.6970,2008-02-17 18:45:00,24.7500
08066300,30.481389,-94.779722,2008-09-14 01:45:00,2008-09-14 22:15:00,25.7683,2008-09-14 12:15:00,10.5000
08066300,30.481389,-94.779722,2008-09-18 00:15:00,2008-09-19 08:45:00,26.1364,2008-09-18 14:00:00,13.7500
08066300,30.481389,-94.779722,2008-11-12 09:30:00,2008-11-13 08:45:00,37.9446,2008-11-12 22:30:00,13.0000
08066300,30.481389,-94.779722,2009-04-19 06:30:00,2009-04-23 07:15:00,65.6951,2009-04-21 07:30:00,49.0000
08066300,30.481389,-94.779722,2009-04-28 14:15:00,2009-05-02 15:30:00,60.3149,2009-04-30 16:45:00,50.5000
08066300,30.481389,-94.779722,2009-05-06 04:15:00,2009-05-08 02:00:00,48.4218,2009-05-06 15:15:00,11.0000
08066300,30.481389,-94.779722,2009-11-01 06:00:00,2009-11-03 13:45:00,70.2258,2009-11-01 17:00:00,11.0000
08066300,30.481389,-94.779722,2012-01-10 06:45:00,2012-01-10 18:30:00,26.4763,2012-01-10 12:00:00,5.2500
08066300,30.481389,-94.779722,2012-01-11 23:00:00,2012-01-13 18:45:00,63.9961,2012-01-12 07:30:00,8.5000
08066300,30.481389,-94.779722,2012-02-03 14:45:00,2012-02-08 03:15:00,211.8100,2012-02-03 21:00:00,6.2500
08066300,30.481389,-94.779722,2012-02-18 20:45:00,2012-02-22 05:30:00,40.4931,2012-02-19 09:45:00,13.0000
08066300,30.481389,-94.779722,2012-03-14 19:45:00,2012-03-15 10:00:00,23.6163,2012-03-15 00:30:00,4.7500
08066300,30.481389,-94.779722,2015-01-04 02:00:00,2015-01-04 06:00:00,21.3226,2015-01-04 03:00:00,1.0000
08066300,30.481389,-94.779722,2015-03-12 19:45:00,2015-03-14 03:45:00,30.0159,2015-03-13 08:00:00,12.2500
08066300,30.481389,-94.779722,2015-03-23 08:00:00,2015-03-25 13:00:00,60.0317,2015-03-23 22:30:00,14.5000
08066300,30.481389,-94.779722,2015-05-13 11:30:00,2015-05-17 15:00:00,68.8099,2015-05-15 13:45:00,50.2500
08066300,30.481389,-94.779722,2015-05-19 10:45:00,2015-05-21 06:45:00,23.4180,2015-05-19 16:45:00,6.0000
08066300,30.481389,-94.779722,2015-05-26 13:45:00,2015-05-28 04:45:00,48.9881,2015-05-28 04:30:00,38.7500
08066300,30.481389,-94.779722,2015-06-18 00:00:00,2015-06-21 06:45:00,66.2614,2015-06-18 13:15:00,13.2500
08066300,30.481389,-94.779722,2016-01-09 22:45:00,2016-01-10 21:00:00,27.3258,2016-01-10 06:15:00,7.5000
08066300,30.481389,-94.779722,2016-03-10 10:00:00,2016-03-14 12:45:00,129.9743,2016-03-12 08:45:00,46.7500
08066300,30.481389,-94.779722,2016-04-18 17:15:00,2016-04-23 00:15:00,69.0931,2016-04-20 14:45:00,45.5000
08066300,30.481389,-94.779722,2016-04-30 16:30:00,2016-05-05 16:45:00,81.5525,2016-05-02 11:45:00,43.2500
08066300,30.481389,-94.779722,2016-05-28 04:00:00,2016-05-31 14:30:00,190.2892,2016-05-29 13:30:00,33.5000
08074000,29.760000,-95.408333,1992-03-04 23:40:00,1992-03-06 01:00:00,353.9606,1992-03-05 02:40:00,3.0000
08074000,29.760000,-95.408333,1992-04-18 04:00:00,1992-04-18 08:00:00,173.2991,1992-04-18 06:00:00,2.0000
08074000,29.760000,-95.408333,1993-03-02 01:00:00,1993-03-02 10:45:00,190.0060,1993-03-02 05:00:00,4.0000
08074000,29.760000,-95.408333,1993-03-23 04:15:00,1993-03-23 05:45:00,186.0417,1993-03-23 05:15:00,1.0000
08074000,29.760000,-95.408333,1993-06-20 12:45:00,1993-06-21 04:45:00,187.1744,1993-06-20 22:45:00,10.0000
08074000,29.760000,-95.408333,1993-11-16 19:30:00,1993-11-16 21:15:00,166.7862,1993-11-16 20:00:00,0.5000
08074000,29.760000,-95.408333,1994-10-18 04:45:00,1994-10-19 17:15:00,239.2774,1994-10-18 16:15:00,11.5000
08074000,29.760000,-95.408333,1997-05-22 07:45:00,1997-05-22 20:15:00,177.2635,1997-05-22 10:30:00,2.7500
08074000,29.760000,-95.408333,1997-05-25 01:30:00,1997-05-25 10:45:00,211.8100,1997-05-25 05:00:00,3.5000
08074000,29.760000,-95.408333,1998-09-11 13:00:00,1998-09-12 19:00:00,379.4457,1998-09-11 18:15:00,5.2500
08074000,29.760000,-95.408333,1998-11-13 07:30:00,1998-11-14 20:45:00,213.7922,1998-11-13 13:45:00,6.2500
08074000,29.760000,-95.408333,1999-03-19 18:15:00,1999-03-20 05:15:00,189.1565,1999-03-19 21:15:00,3.0000
08074000,29.760000,-95.408333,2001-03-28 06:30:00,2001-03-29 03:15:00,258.8160,2001-03-28 11:30:00,5.0000
08074000,29.760000,-95.408333,2001-06-06 05:45:00,2001-06-06 10:45:00,200.2001,2001-06-06 07:30:00,1.7500
08074000,29.760000,-95.408333,2001-06-09 07:45:00,2001-06-10 10:30:00,396.4359,2001-06-09 19:30:00,11.7500
08074000,29.760000,-95.408333,2001-12-12 10:45:00,2001-12-12 18:45:00,197.0853,2001-12-12 12:15:00,1.5000
08074000,29.760000,-95.408333,2002-04-08 15:45:00,2002-04-09 00:00:00,197.3684,2002-04-08 17:30:00,1.7500
08074000,29.760000,-95.408333,2002-08-15 21:00:00,2002-08-16 09:45:00,202.7486,2002-08-16 01:45:00,4.7500
08074000,29.760000,-95.408333,2002-10-29 08:15:00,2002-10-30 03:30:00,245.7902,2002-10-29 13:45:00,5.5000
08074000,29.760000,-95.408333,2003-10-10 01:15:00,2003-10-10 03:15:00,187.7407,2003-10-10 01:45:00,0.5000
08074000,29.760000,-95.408333,2003-11-18 03:00:00,2003-11-19 03:15:00,286.0002,2003-11-18 04:15:00,1.2500
08074000,29.760000,-95.408333,2004-11-23 10:15:00,2004-11-23 15:15:00,171.6001,2004-11-23 11:00:00,0.7500
08074000,29.760000,-95.408333,2005-12-15 00:15:00,2005-12-15 08:00:00,192.5546,2005-12-15 02:15:00,2.0000
08074000,29.760000,-95.408333,2006-10-16 14:15:00,2006-10-17 16:45:00,264.7625,2006-10-17 01:30:00,11.2500
08074000,29.760000,-95.408333,2007-03-15 02:00:00,2007-03-15 06:30:00,176.4140,2007-03-15 03:15:00,1.2500
08074000,29.760000,-95.408333,2007-05-11 08:30:00,2007-05-11 14:30:00,195.3862,2007-05-11 10:15:00,1.7500
08074000,29.760000,-95.408333,2007-07-07 00:00:00,2007-07-07 06:45:00,205.2971,2007-07-07 01:15:00,1.2500
08074000,29.760000,-95.408333,2007-08-16 19:00:00,2007-08-17 02:45:00,193.4041,2007-08-16 22:00:00,3.0000
08074000,29.760000,-95.408333,2008-09-13 15:30:00,2008-09-15 09:45:00,286.0002,2008-09-13 19:15:00,3.7500
08074000,29.760000,-95.408333,2009-04-19 00:30:00,2009-04-19 08:00:00,198.5011,2009-04-19 02:15:00,1.7500
08074000,29.760000,-95.408333,2009-04-28 04:15:00,2009-04-29 17:00:00,308.6536,2009-04-28 17:30:00,13.2500
08074000,29.760000,-95.408333,2010-07-02 23:45:00,2010-07-03 12:30:00,224.8358,2010-07-03 03:00:00,3.2500
08074000,29.760000,-95.408333,2013-09-21 07:30:00,2013-09-21 13:45:00,196.5189,2013-09-21 09:00:00,1.5000
08074000,29.760000,-95.408333,2013-10-31 20:30:00,2013-10-31 21:30:00,167.6357,2013-10-31 20:45:00,0.2500
08074000,29.760000,-95.408333,2015-05-13 12:30:00,2015-05-13 14:00:00,168.4852,2015-05-13 12:45:00,0.2500
08074000,29.760000,-95.408333,2015-05-26 08:15:00,2015-05-27 11:00:00,492.7131,2015-05-26 11:30:00,3.2500
08074000,29.760000,-95.408333,2015-10-25 07:00:00,2015-10-26 05:15:00,319.9804,2015-10-25 11:45:00,4.7500
08074000,29.760000,-95.408333,2015-10-31 11:45:00,2015-11-01 05:00:00,275.2397,2015-10-31 21:15:00,9.5000
08074000,29.760000,-95.408333,2016-04-18 14:00:00,2016-04-19 20:15:00,444.5745,2016-04-18 20:15:00,6.2500
08099300,32.113889,-98.605278,1995-08-01 08:00:00,1995-08-02 06:30:00,253.7189,1995-08-01 18:30:00,10.5000
08099300,32.113889,-98.605278,2002-07-07 14:15:00,2002-07-08 06:00:00,308.6536,2002-07-07 19:45:00,5.5000
08099300,32.113889,-98.605278,2002-10-19 08:15:00,2002-10-19 17:00:00,105.6218,2002-10-19 11:30:00,3.2500
08099300,32.113889,-98.605278,2006-05-06 12:00:00,2006-05-06 17:15:00,111.5684,2006-05-06 15:15:00,3.2500
08099300,32.113889,-98.605278,2007-03-31 06:15:00,2007-03-31 20:15:00,129.6912,2007-03-31 17:15:00,11.0000
08099300,32.113889,-98.605278,2007-06-02 19:00:00,2007-06-02 23:30:00,111.2852,2007-06-02 21:15:00,2.2500
08099300,32.113889,-98.605278,2007-06-26 13:30:00,2007-06-30 13:00:00,267.5942,2007-06-27 20:15:00,30.7500
08099300,32.113889,-98.605278,2007-07-03 18:15:00,2007-07-04 01:00:00,126.0100,2007-07-03 20:45:00,2.5000
08099300,32.113889,-98.605278,2008-03-19 01:15:00,2008-03-19 04:00:00,93.4456,2008-03-19 02:30:00,1.2500
08099300,32.113889,-98.605278,2012-01-25 15:45:00,2012-01-26 02:45:00,116.0991,2012-01-26 00:00:00,8.2500
08099300,32.113889,-98.605278,2015-05-27 08:15:00,2015-05-27 20:15:00,124.3110,2015-05-27 15:00:00,6.7500
08099300,32.113889,-98.605278,2015-05-29 11:45:00,2015-05-29 22:45:00,117.2317,2015-05-29 18:00:00,6.2500
08099300,32.113889,-98.605278,2015-07-08 18:30:00,2015-07-09 14:15:00,122.0456,2015-07-09 05:00:00,10.5000
08099300,32.113889,-98.605278,2015-11-28 08:15:00,2015-11-29 02:30:00,135.6377,2015-11-28 21:30:00,13.2500
08099300,32.113889,-98.605278,2016-04-20 18:00:00,2016-04-22 08:15:00,150.0793,2016-04-22 00:30:00,30.5000
08099300,32.113889,-98.605278,2016-05-27 12:00:00,2016-05-28 21:45:00,413.4260,2016-05-27 16:15:00,4.2500
08099300,32.113889,-98.605278,2016-05-30 10:00:00,2016-06-02 03:00:00,208.6952,2016-05-30 20:30:00,10.5000
08110500,31.170000,-96.297500,1989-05-15 17:00:00,1989-05-17 03:00:00,65.9783,1989-05-16 08:00:00,15.0000
08110500,31.170000,-96.297500,1989-05-18 07:00:00,1989-05-22 14:48:00,1279.9215,1989-05-19 01:00:00,18.0000
08110500,31.170000,-96.297500,1989-06-11 09:00:00,1989-06-19 09:00:00,238.1447,1989-06-16 09:00:00,120.0000
08110500,31.170000,-96.297500,1990-03-10 02:00:00,1990-03-12 13:00:00,174.4318,1990-03-11 02:00:00,24.0000
08110500,31.170000,-96.297500,1990-03-15 16:00:00,1990-03-17 05:00:00,676.7726,1990-03-16 17:00:00,25.0000
08110500,31.170000,-96.297500,1990-05-05 05:00:00,1990-05-07 04:00:00,376.6141,1990-05-05 14:00:00,9.0000
08110500,31.170000,-96.297500,1991-12-21 06:00:00,1991-12-30 11:00:00,1749.9811,1991-12-22 14:00:00,32.0000
08110500,31.170000,-96.297500,1992-01-19 14:00:00,1992-01-20 05:00:00,87.7822,1992-01-20 05:00:00,15.0000
08110500,31.170000,-96.297500,1992-01-25 06:00:00,1992-02-01 05:00:00,184.6258,1992-01-29 22:00:00,112.0000
08110500,31.170000,-96.297500,1992-02-05 07:59:00,1992-02-06 05:59:00,94.5783,1992-02-06 05:59:00,22.0000
08110500,31.170000,-96.297500,1992-02-23 10:00:00,1992-02-25 05:00:00,140.1684,1992-02-25 05:00:00,43.0000
08110500,31.170000,-96.297500,1992-03-04 19:00:00,1992-03-06 05:00:00,143.8496,1992-03-06 05:00:00,34.0000
08110500,31.170000,-96.297500,1992-06-03 07:00:00,1992-06-04 04:00:00,82.6852,1992-06-04 04:00:00,21.0000
08110500,31.170000,-96.297500,1992-06-05 05:00:00,1992-06-06 04:00:00,104.7723,1992-06-05 16:00:00,11.0000
08110500,31.170000,-96.297500,1993-03-13 02:00:00,1993-03-16 19:00:00,257.6833,1993-03-14 01:00:00,23.0000
08110500,31.170000,-96.297500,1993-03-21 05:00:00,1993-03-27 11:00:00,300.1586,1993-03-23 23:00:00,66.0000
08110500,31.170000,-96.297500,1993-04-09 13:00:00,1993-04-11 07:00:00,69.6594,1993-04-10 19:00:00,30.0000
08110500,31.170000,-96.297500,1993-05-03 17:00:00,1993-05-05 01:00:00,81.2693,1993-05-04 14:00:00,21.0000
08110500,31.170000,-96.297500,1993-05-08 06:00:00,1993-05-09 12:00:00,67.1109,1993-05-08 23:00:00,17.0000
08110500,31.170000,-96.297500,1993-06-22 09:00:00,1993-06-25 15:00:00,229.0833,1993-06-23 12:00:00,27.0000
08110500,31.170000,-96.297500,1994-12-30 11:00:00,1995-01-02 23:00:00,150.6456,1994-12-31 21:00:00,34.0000
08110500,31.170000,-96.297500,1995-01-13 12:00:00,1995-01-17 09:00:00,464.3963,1995-01-14 16:00:00,28.0000
08110500,31.170000,-96.297500,1995-03-14 14:00:00,1995-03-18 14:00:00,331.3071,1995-03-15 17:00:00,27.0000
08110500,31.170000,-96.297500,1995-05-09 13:00:00,1995-05-14 01:00:00,263.9130,1995-05-11 19:00:00,54.0000
08110500,31.170000,-96.297500,1995-08-03 04:00:00,1995-08-06 18:00:00,376.6141,1995-08-04 09:00:00,29.0000
08110500,31.170000,-96.297500,1997-02-21 02:15:00,1997-02-21 05:45:00,73.9070,1997-02-21 05:45:00,3.5000
08110500,31.170000,-96.297500,1997-04-08 05:00:00,1997-04-10 02:15:00,114.6832,1997-04-09 04:00:00,23.0000
08110500,31.170000,-96.297500,1997-04-27 17:45:00,1997-05-01 11:00:00,345.4655,1997-04-29 04:30:00,34.7500
08110500,31.170000,-96.297500,1997-06-10 17:30:00,1997-06-14 18:45:00,158.2912,1997-06-12 18:00:00,48.5000
08110500,31.170000,-96.297500,1998-01-06 18:00:00,1998-01-12 10:00:00,807.0301,1998-01-08 20:00:00,50.0000
08110500,31.170000,-96.297500,1998-02-12 01:30:00,1998-02-15 03:00:00,123.7446,1998-02-13 11:15:00,33.7500
08110500,31.170000,-96.297500,1998-02-28 13:30:00,1998-03-03 07:45:00,86.6496,1998-03-01 16:30:00,27.0000
08110500,31.170000,-96.297500,1998-10-06 19:30:00,1998-10-07 18:30:00,74.7565,1998-10-07 05:45:00,10.2500
08110500,31.170000,-96.297500,1998-10-18 11:00:00,1998-10-25 13:45:00,852.3371,1998-10-19 10:00:00,23.0000
08110500,31.170000,-96.297500,1998-11-13 20:45:00,1998-11-18 09:30:00,334.1388,1998-11-15 06:00:00,33.2500
08110500,31.170000,-96.297500,1998-12-11 10:15:00,1998-12-16 01:00:00,549.3468,1998-12-12 13:45:00,27.5000
08110500,31.170000,-96.297500,1999-01-03 07:45:00,1999-01-05 15:15:00,100.5248,1999-01-04 01:30:00,17.7500
08110500,31.170000,-96.297500,2000-06-14 05:15:00,2000-06-16 16:15:00,113.8337,2000-06-15 16:00:00,34.7500
08110500,31.170000,-96.297500,2000-11-25 17:45:00,2000-11-28 10:15:00,122.0456,2000-11-27 06:15:00,36.5000
08110500,31.170000,-96.297500,2000-12-27 08:30:00,2000-12-31 18:00:00,645.6241,2000-12-28 12:45:00,28.2500
08110500,31.170000,-96.297500,2001-01-19 01:30:00,2001-01-23 04:30:00,319.9804,2001-01-20 00:45:00,23.2500
08110500,31.170000,-96.297500,2001-01-31 18:30:00,2001-02-01 21:15:00,68.2436,2001-02-01 09:00:00,14.5000
08110500,31.170000,-96.297500,2001-02-17 13:30:00,2001-02-21 00:00:00,224.5526,2001-02-18 21:45:00,32.2500
08110500,31.170000,-96.297500,2001-03-02 23:30:00,2001-03-08 05:15:00,274.3902,2001-03-04 13:15:00,37.7500
08110500,31.170000,-96.297500,2001-03-09 15:45:00,2001-03-16 22:45:00,224.5526,2001-03-11 10:30:00,42.7500
08110500,31.170000,-96.297500,2001-05-07 05:15:00,2001-05-08 13:30:00,91.7466,2001-05-07 19:00:00,13.7500
08110500,31.170000,-96.297500,2001-12-14 23:30:00,2001-12-22 01:00:00,795.7034,2001-12-18 11:45:00,84.2500
08110500,31.170000,-96.297500,2002-04-01 11:45:00,2002-04-03 21:00:00,122.3288,2002-04-02 18:00:00,30.2500
08110500,31.170000,-96.297500,2002-04-09 13:00:00,2002-04-11 17:15:00,73.3406,2002-04-10 13:15:00,24.2500
08110500,31.170000,-96.297500,2002-11-05 08:15:00,2002-11-06 22:45:00,80.7030,2002-11-05 22:45:00,14.5000
08110500,31.170000,-96.297500,2002-12-05 05:30:00,2002-12-08 07:30:00,224.8358,2002-12-06 07:15:00,25.7500
08110500,31.170000,-96.297500,2002-12-11 00:30:00,2002-12-16 00:30:00,135.0714,2002-12-14 02:45:00,74.2500
08110500,31.170000,-96.297500,2002-12-25 01:15:00,2002-12-27 22:15:00,121.4793,2002-12-26 12:00:00,34.7500
08110500,31.170000,-96.297500,2003-01-01 05:00:00,2003-01-05 05:00:00,177.2635,2003-01-03 11:30:00,54.5000
08110500,31.170000,-96.297500,2003-02-17 01:00:00,2003-02-18 22:29:00,112.4179,2003-02-18 07:00:00,30.0000
08110500,31.170000,-96.297500,2003-02-21 05:00:00,2003-02-27 17:00:00,671.1093,2003-02-22 23:15:00,42.2500
08110500,31.170000,-96.297500,2003-03-04 07:45:00,2003-03-07 10:30:00,83.5347,2003-03-05 09:30:00,25.7500
08110500,31.170000,-96.297500,2004-02-12 18:30:00,2004-02-15 17:45:00,80.4198,2004-02-14 09:00:00,38.5000
08110500,31.170000,-96.297500,2004-04-27 05:00:00,2004-04-30 01:30:00,84.9505,2004-04-28 02:15:00,21.2500
08110500,31.170000,-96.297500,2004-05-02 13:00:00,2004-05-06 10:15:00,119.2139,2004-05-05 11:30:00,70.5000
08110500,31.170000,-96.297500,2004-06-09 01:00:00,2004-06-14 22:45:00,331.3071,2004-06-11 15:30:00,62.5000
08110500,31.170000,-96.297500,2004-06-29 00:45:00,2004-07-03 04:45:00,359.6240,2004-06-30 21:15:00,44.5000
08110500,31.170000,-96.297500,2004-11-22 06:00:00,2004-11-29 08:15:00,441.7428,2004-11-24 21:30:00,63.5000
08110500,31.170000,-96.297500,2005-02-02 18:15:00,2005-02-06 01:45:00,97.6931,2005-02-04 12:30:00,42.2500
08110500,31.170000,-96.297500,2005-02-07 19:00:00,2005-02-08 10:00:00,62.2971,2005-02-08 01:45:00,6.7500
08110500,31.170000,-96.297500,2005-02-24 15:30:00,2005-03-01 14:45:00,215.2080,2005-02-26 08:45:00,41.2500
08110500,31.170000,-96.297500,2005-03-04 11:45:00,2005-03-07 16:00:00,68.8099,2005-03-06 19:00:00,55.2500
08110500,31.170000,-96.297500,2006-04-01 10:30:00,2006-04-01 21:30:00,60.5981,2006-04-01 17:30:00,7.0000
08110500,31.170000,-96.297500,2007-01-14 21:30:00,2007-01-17 05:45:00,744.7331,2007-01-15 13:45:00,16.2500
08110500,31.170000,-96.297500,2007-03-12 16:00:00,2007-03-18 03:00:00,625.8023,2007-03-13 19:45:00,27.7500
08110500,31.170000,-96.297500,2007-03-27 23:00:00,2007-04-04 19:45:00,242.6754,2007-03-29 16:30:00,41.5000
08110500,31.170000,-96.297500,2007-05-02 17:00:00,2007-05-08 05:00:00,724.9113,2007-05-04 11:00:00,42.0000
08110500,31.170000,-96.297500,2007-05-26 06:30:00,2007-06-02 18:00:00,280.6199,2007-05-29 14:45:00,80.2500
08110500,31.170000,-96.297500,2007-06-28 07:45:00,2007-07-03 14:45:00,261.6477,2007-06-30 05:45:00,46.0000
08110500,31.170000,-96.297500,2007-07-05 09:30:00,2007-07-11 00:45:00,257.1170,2007-07-08 07:15:00,69.7500
08110500,31.170000,-96.297500,2007-07-14 22:30:00,2007-07-19 15:15:00,804.1984,2007-07-15 19:45:00,21.2500
08110500,31.170000,-96.297500,2007-07-23 06:00:00,2007-07-24 16:45:00,69.3763,2007-07-23 23:15:00,17.2500
08110500,31.170000,-96.297500,2007-08-05 12:00:00,2007-08-07 00:30:00,60.0317,2007-08-06 04:15:00,16.2500
08110500,31.170000,-96.297500,2008-03-13 04:30:00,2008-03-13 19:00:00,60.5981,2008-03-13 09:45:00,5.2500
08110500,31.170000,-96.297500,2008-05-16 04:15:00,2008-05-18 20:15:00,86.9327,2008-05-17 15:00:00,34.7500
08110500,31.170000,-96.297500,2008-08-20 01:00:00,2008-08-22 23:30:00,249.1883,2008-08-21 02:15:00,25.2500
08110500,31.170000,-96.297500,2009-04-29 00:45:00,2009-05-04 12:30:00,1710.3375,2009-04-29 22:45:00,22.0000
08110500,31.170000,-96.297500,2009-10-27 00:15:00,2009-11-01 03:45:00,362.4556,2009-10-28 09:15:00,33.0000
08110500,31.170000,-96.297500,2010-01-30 13:00:00,2010-02-03 06:15:00,300.1586,2010-01-31 21:00:00,32.0000
08110500,31.170000,-96.297500,2010-02-05 23:45:00,2010-02-11 05:45:00,237.0120,2010-02-07 12:45:00,37.0000
08110500,31.170000,-96.297500,2010-02-12 06:00:00,2010-02-17 17:00:00,116.6654,2010-02-15 13:45:00,79.7500
08110500,31.170000,-96.297500,2010-03-03 19:30:00,2010-03-04 07:00:00,61.4476,2010-03-03 23:00:00,3.5000
08110500,31.170000,-96.297500,2010-03-09 05:15:00,2010-03-14 01:45:00,280.9031,2010-03-11 11:15:00,54.0000
08110500,31.170000,-96.297500,2010-03-27 10:45:00,2010-03-28 14:00:00,63.7129,2010-03-27 20:45:00,10.0000
08110500,31.170000,-96.297500,2010-06-11 17:15:00,2010-06-15 08:30:00,196.8021,2010-06-13 00:15:00,31.0000
08110500,31.170000,-96.297500,2012-02-20 05:45:00,2012-02-21 04:45:00,70.5089,2012-02-20 15:30:00,9.7500
08110500,31.170000,-96.297500,2012-03-13 09:15:00,2012-03-15 05:00:00,88.6317,2012-03-14 12:45:00,27.5000
08110500,31.170000,-96.297500,2012-03-20 21:45:00,2012-03-25 10:15:00,849.5054,2012-03-22 02:30:00,28.7500
08110500,31.170000,-96.297500,2013-10-31 16:15:00,2013-11-05 00:45:00,982.5946,2013-11-01 13:15:00,21.0000
08110500,31.170000,-96.297500,2013-11-07 20:30:00,2013-11-08 23:15:00,69.3763,2013-11-08 09:30:00,13.0000
08110500,31.170000,-96.297500,2013-11-24 06:15:00,2013-11-30 03:30:00,146.1149,2013-11-26 16:15:00,58.0000
08110500,31.170000,-96.297500,2013-12-23 10:00:00,2013-12-24 19:00:00,72.7743,2013-12-24 02:45:00,16.7500
08110500,31.170000,-96.297500,2015-03-10 00:15:00,2015-03-14 17:45:00,430.4161,2015-03-11 10:15:00,34.0000
08110500,31.170000,-96.297500,2015-04-17 09:30:00,2015-04-18 02:45:00,62.8634,2015-04-17 16:00:00,6.5000
08110500,31.170000,-96.297500,2015-04-24 18:00:00,2015-05-03 13:30:00,228.8001,2015-04-29 21:15:00,123.2500
08110500,31.170000,-96.297500,2015-05-12 08:45:00,2015-05-24 02:00:00,348.2972,2015-05-13 13:00:00,28.2500
08110500,31.170000,-96.297500,2015-05-25 12:45:00,2015-06-03 18:30:00,634.2974,2015-05-27 10:30:00,45.7500
08110500,31.170000,-96.297500,2015-06-19 21:30:00,2015-06-22 12:00:00,147.5308,2015-06-20 19:45:00,22.2500
08110500,31.170000,-96.297500,2015-11-01 14:00:00,2015-11-06 00:30:00,458.7329,2015-11-02 06:45:00,16.7500
08110500,31.170000,-96.297500,2015-11-08 09:15:00,2015-11-11 18:45:00,138.1862,2015-11-09 17:30:00,32.2500
08110500,31.170000,-96.297500,2015-11-19 13:30:00,2015-11-23 02:15:00,94.8614,2015-11-21 02:15:00,36.7500
08110500,31.170000,-96.297500,2015-11-30 22:30:00,2015-12-04 09:00:00,139.0357,2015-12-02 12:15:00,37.7500
08110500,31.170000,-96.297500,2015-12-13 17:15:00,2015-12-18 19:30:00,370.9507,2015-12-15 06:15:00,37.0000
08110500,31.170000,-96.297500,2015-12-27 23:15:00,2016-01-02 11:45:00,1112.8521,2015-12-29 01:45:00,26.5000
08110500,31.170000,-96.297500,2016-03-09 22:00:00,2016-03-16 12:30:00,1390.3572,2016-03-11 02:30:00,28.5000
08110500,31.170000,-96.297500,2016-04-18 17:30:00,2016-04-26 06:45:00,464.3963,2016-04-20 11:45:00,42.2500
08110500,31.170000,-96.297500,2016-05-01 03:45:00,2016-05-03 15:00:00,83.8179,2016-05-02 03:00:00,23.2500
08110500,31.170000,-96.297500,2016-05-27 14:00:00,2016-06-02 01:00:00,322.8121,2016-05-28 09:15:00,19.2500
08173900,29.484167,-97.450000,1997-04-04 18:45:00,1997-04-07 22:45:00,144.6991,1997-04-06 07:45:00,36.0000
08173900,29.484167,-97.450000,1997-04-10 05:45:00,1997-04-13 07:00:00,139.8852,1997-04-11 12:45:00,31.0000
08173900,29.484167,-97.450000,1997-04-16 14:30:00,1997-04-19 04:45:00,144.9823,1997-04-17 22:15:00,31.7500
08173900,29.484167,-97.450000,1997-04-26 16:30:00,1997-04-28 19:30:00,136.7704,1997-04-27 01:30:00,9.0000
08173900,29.484167,-97.450000,1997-05-28 06:15:00,1997-05-28 10:30:00,132.5228,1997-05-28 07:45:00,1.5000
08173900,29.484167,-97.450000,1997-05-29 20:45:00,1997-06-02 04:45:00,144.9823,1997-05-30 03:15:00,6.5000
08173900,29.484167,-97.450000,1997-06-03 05:00:00,1997-06-04 02:45:00,136.4872,1997-06-03 05:30:00,0.5000
08173900,29.484167,-97.450000,1997-06-07 10:00:00,1997-06-15 14:45:00,150.3625,1997-06-11 20:30:00,106.5000
08173900,29.484167,-97.450000,1997-06-16 16:30:00,1997-06-23 04:45:00,148.6634,1997-06-18 01:45:00,33.2500
08173900,29.484167,-97.450000,1997-07-15 05:00:00,1997-08-06 05:15:00,173.2991,1997-07-15 05:15:00,0.2500
08173900,29.484167,-97.450000,1998-02-23 06:45:00,1998-02-23 23:45:00,126.8595,1998-02-23 13:45:00,7.0000
08173900,29.484167,-97.450000,1998-03-17 08:15:00,1998-03-24 06:15:00,202.4655,1998-03-18 13:30:00,29.2500
08173900,29.484167,-97.450000,1998-09-17 18:00:00,1998-09-18 22:00:00,174.7149,1998-09-18 07:15:00,13.2500
08173900,29.484167,-97.450000,1998-10-07 05:45:00,1998-10-08 06:00:00,184.0595,1998-10-07 16:15:00,10.5000
08173900,29.484167,-97.450000,1998-10-18 00:00:00,1998-10-18 04:45:00,407.7626,1998-10-18 04:45:00,4.7500
08173900,29.484167,-97.450000,1999-06-23 02:15:00,1999-06-23 09:45:00,126.8595,1999-06-23 05:15:00,3.0000
08173900,29.484167,-97.450000,1999-06-26 04:45:00,1999-06-26 10:30:00,131.1070,1999-06-26 07:00:00,2.2500
08173900,29.484167,-97.450000,2000-06-11 06:30:00,2000-06-12 19:30:00,140.1684,2000-06-12 10:30:00,28.0000
08173900,29.484167,-97.450000,2000-11-04 10:45:00,2000-11-08 15:00:00,270.7091,2000-11-05 07:30:00,20.7500
08173900,29.484167,-97.450000,2000-11-29 18:15:00,2000-11-30 05:15:00,120.3466,2000-11-29 20:30:00,2.2500
08173900,29.484167,-97.450000,2001-01-11 18:00:00,2001-01-12 22:00:00,161.6892,2001-01-12 04:00:00,10.0000
08173900,29.484167,-97.450000,2001-01-20 03:15:00,2001-01-21 01:45:00,149.5130,2001-01-20 15:00:00,11.7500
08173900,29.484167,-97.450000,2001-01-30 17:15:00,2001-01-30 23:00:00,119.4971,2001-01-30 20:30:00,3.2500
08173900,29.484167,-97.450000,2001-03-05 00:00:00,2001-03-05 16:00:00,125.4436,2001-03-05 06:45:00,6.7500
08173900,29.484167,-97.450000,2001-03-15 01:45:00,2001-03-16 13:30:00,137.0535,2001-03-15 05:45:00,4.0000
08173900,29.484167,-97.450000,2001-08-31 12:45:00,2001-09-02 09:00:00,365.2873,2001-09-01 13:30:00,24.7500
08173900,29.484167,-97.450000,2001-09-06 18:45:00,2001-09-07 19:00:00,179.2456,2001-09-07 03:45:00,9.0000
08173900,29.484167,-97.450000,2001-09-10 00:30:00,2001-09-10 22:00:00,178.3961,2001-09-10 09:15:00,8.7500
08173900,29.484167,-97.450000,2001-11-17 00:45:00,2001-12-11 03:30:00,781.5450,2001-11-17 21:15:00,20.5000
08173900,29.484167,-97.450000,2001-12-12 10:15:00,2001-12-14 20:15:00,220.5882,2001-12-13 07:15:00,21.0000
08173900,29.484167,-97.450000,2001-12-15 23:30:00,2001-12-23 13:45:00,283.1685,2001-12-17 07:00:00,31.5000
08173900,29.484167,-97.450000,2002-04-08 14:45:00,2002-04-10 12:30:00,351.1289,2002-04-09 19:00:00,28.2500
08173900,29.484167,-97.450000,2002-07-01 08:30:00,2002-07-28 17:45:00,1557.4266,2002-07-07 06:15:00,141.7500
08173900,29.484167,-97.450000,2002-08-01 14:15:00,2002-08-05 11:30:00,153.1941,2002-08-02 09:30:00,19.2500
08173900,29.484167,-97.450000,2002-10-09 18:00:00,2002-10-12 07:00:00,1053.3867,2002-10-10 18:15:00,24.2500
08173900,29.484167,-97.450000,2002-10-20 18:30:00,2002-10-21 06:30:00,129.4080,2002-10-21 00:45:00,6.2500
08173900,29.484167,-97.450000,2002-10-23 04:00:00,2002-10-30 18:45:00,923.1292,2002-10-26 10:30:00,78.5000
08173900,29.484167,-97.450000,2002-10-31 21:15:00,2002-11-20 06:30:00,1342.2185,2002-11-06 06:30:00,129.2500
08173900,29.484167,-97.450000,2002-12-05 05:45:00,2002-12-07 09:00:00,317.1487,2002-12-06 02:00:00,20.2500
08173900,29.484167,-97.450000,2002-12-10 11:30:00,2002-12-15 15:30:00,205.2971,2002-12-11 02:30:00,15.0000
08173900,29.484167,-97.450000,2002-12-28 05:15:00,2003-01-03 12:45:00,211.5268,2003-01-01 13:15:00,104.0000
08173900,29.484167,-97.450000,2003-01-13 19:00:00,2003-01-15 05:30:00,152.0615,2003-01-14 05:00:00,10.0000
08173900,29.484167,-97.450000,2003-02-16 12:15:00,2003-02-26 01:30:00,790.0400,2003-02-22 09:30:00,141.2500
08173900,29.484167,-97.450000,2003-03-04 07:00:00,2003-03-12 08:30:00,186.8912,2003-03-05 15:15:00,32.2500
08173900,29.484167,-97.450000,2004-04-06 05:30:00,2004-04-06 11:15:00,122.3288,2004-04-06 08:15:00,2.7500
08173900,29.484167,-97.450000,2004-04-11 05:45:00,2004-04-18 06:00:00,199.9169,2004-04-12 02:45:00,21.0000
08173900,29.484167,-97.450000,2004-05-02 22:00:00,2004-05-08 05:15:00,133.6555,2004-05-06 02:15:00,76.2500
08173900,29.484167,-97.450000,2004-06-09 13:00:00,2004-07-05 15:45:00,1551.7632,2004-06-11 20:30:00,55.5000
08173900,29.484167,-97.450000,2004-07-08 08:15:00,2004-07-14 22:30:00,181.2278,2004-07-10 13:15:00,53.0000
08173900,29.484167,-97.450000,2004-07-16 05:00:00,2004-07-18 07:00:00,169.0516,2004-07-16 19:30:00,14.5000
08173900,29.484167,-97.450000,2004-10-03 19:15:00,2004-10-04 03:15:00,132.5228,2004-10-03 22:45:00,3.5000
08173900,29.484167,-97.450000,2004-10-23 21:00:00,2004-10-31 01:00:00,311.4853,2004-10-26 07:45:00,58.7500
08173900,29.484167,-97.450000,2004-11-01 21:45:00,2004-11-07 11:00:00,245.7902,2004-11-02 20:45:00,23.0000
08173900,29.484167,-97.450000,2004-11-16 10:45:00,2004-12-24 16:00:00,2860.0015,2004-11-23 17:00:00,174.2500
08173900,29.484167,-97.450000,2004-12-25 16:15:00,2004-12-25 20:00:00,121.7624,2004-12-25 18:15:00,2.0000
08173900,29.484167,-97.450000,2004-12-28 00:30:00,2004-12-28 03:00:00,119.2139,2004-12-28 01:30:00,1.0000
08173900,29.484167,-97.450000,2005-01-29 17:00:00,2005-01-30 02:45:00,129.1248,2005-01-29 21:45:00,4.7500
08173900,29.484167,-97.450000,2005-02-08 00:00:00,2005-02-10 20:15:00,177.8298,2005-02-09 06:15:00,30.2500
08173900,29.484167,-97.450000,2005-02-28 06:45:00,2005-03-01 02:00:00,135.0714,2005-02-28 09:30:00,2.7500
08173900,29.484167,-97.450000,2005-03-03 15:30:00,2005-03-13 04:30:00,249.7546,2005-03-07 13:15:00,93.7500
08173900,29.484167,-97.450000,2005-03-16 23:00:00,2005-03-18 08:15:00,118.0813,2005-03-17 01:45:00,2.7500
08173900,29.484167,-97.450000,2005-03-20 01:15:00,2005-03-21 12:30:00,137.6199,2005-03-20 06:15:00,5.0000
08173900,29.484167,-97.450000,2005-03-23 09:15:00,2005-03-25 07:30:00,138.7525,2005-03-23 22:30:00,13.2500
08173900,29.484167,-97.450000,2007-01-14 23:45:00,2007-01-16 02:30:00,154.3268,2007-01-15 08:00:00,8.2500
08173900,29.484167,-97.450000,2007-03-12 21:15:00,2007-03-17 02:45:00,1016.5748,2007-03-13 16:15:00,19.0000
08173900,29.484167,-97.450000,2007-03-27 08:45:00,2007-03-29 19:30:00,225.6853,2007-03-28 21:45:00,37.0000
08173900,29.484167,-97.450000,2007-03-31 19:30:00,2007-04-03 10:15:00,281.4695,2007-04-02 01:15:00,29.7500
08173900,29.484167,-97.450000,2007-04-26 08:00:00,2007-05-02 08:45:00,180.3783,2007-04-30 21:45:00,109.7500
08173900,29.484167,-97.450000,2007-05-03 19:30:00,2007-05-05 16:15:00,174.9981,2007-05-04 04:30:00,9.0000
08173900,29.484167,-97.450000,2007-05-29 05:00:00,2007-05-29 13:15:00,126.2931,2007-05-29 09:30:00,4.5000
08173900,29.484167,-97.450000,2007-05-31 22:00:00,2007-06-10 08:15:00,187.4575,2007-06-03 09:30:00,59.5000
08173900,29.484167,-97.450000,2007-06-13 06:00:00,2007-06-13 17:45:00,120.6298,2007-06-13 14:45:00,8.7500
08173900,29.484167,-97.450000,2007-06-21 10:15:00,2007-06-22 06:30:00,144.9823,2007-06-21 19:15:00,9.0000
08173900,29.484167,-97.450000,2007-06-27 05:30:00,2007-06-27 07:30:00,118.0813,2007-06-27 06:15:00,0.7500
08173900,29.484167,-97.450000,2007-07-04 19:00:00,2007-07-11 07:00:00,311.4853,2007-07-08 18:45:00,95.7500
08173900,29.484167,-97.450000,2007-07-12 07:15:00,2007-07-17 06:45:00,220.0219,2007-07-16 15:15:00,104.0000
08173900,29.484167,-97.450000,2007-07-18 07:00:00,2007-09-19 02:30:00,1008.0797,2007-07-22 19:30:00,108.5000
08173900,29.484167,-97.450000,2009-04-18 18:15:00,2009-04-19 19:30:00,277.2219,2009-04-19 03:45:00,9.5000
08173900,29.484167,-97.450000,2009-10-04 23:00:00,2009-10-06 13:00:00,245.2239,2009-10-06 00:30:00,25.5000
08173900,29.484167,-97.450000,2009-10-27 08:00:00,2009-10-28 18:00:00,183.7763,2009-10-27 21:45:00,13.7500
08173900,29.484167,-97.450000,2009-11-20 14:15:00,2009-11-23 02:00:00,252.3031,2009-11-21 23:15:00,33.0000
08173900,29.484167,-97.450000,2010-01-16 02:30:00,2010-01-18 18:45:00,342.6338,2010-01-17 02:00:00,23.5000
08173900,29.484167,-97.450000,2010-02-04 18:15:00,2010-02-07 14:00:00,240.1269,2010-02-05 21:15:00,27.0000
08173900,29.484167,-97.450000,2010-02-10 04:15:00,2010-02-10 16:15:00,128.5585,2010-02-10 10:00:00,5.7500
08173900,29.484167,-97.450000,2010-02-12 04:00:00,2010-02-14 17:45:00,359.6240,2010-02-13 05:00:00,25.0000
08173900,29.484167,-97.450000,2010-04-17 19:15:00,2010-04-19 15:30:00,201.3328,2010-04-18 07:15:00,12.0000
08173900,29.484167,-97.450000,2010-04-23 08:00:00,2010-04-25 01:15:00,130.5407,2010-04-24 17:30:00,33.5000
08173900,29.484167,-97.450000,2010-05-16 07:30:00,2010-05-17 07:45:00,183.7763,2010-05-16 21:45:00,14.2500
08173900,29.484167,-97.450000,2010-05-19 05:45:00,2010-05-21 07:30:00,136.7704,2010-05-19 13:00:00,7.2500
08173900,29.484167,-97.450000,2010-06-09 23:00:00,2010-06-12 10:45:00,673.9409,2010-06-11 07:30:00,32.5000
08173900,29.484167,-97.450000,2010-09-09 07:00:00,2010-09-11 07:45:00,233.8972,2010-09-09 21:30:00,14.5000
08173900,29.484167,-97.450000,2012-01-26 04:30:00,2012-01-28 13:00:00,826.8519,2012-01-27 00:45:00,20.2500
08173900,29.484167,-97.450000,2012-02-18 20:00:00,2012-02-20 09:45:00,233.8972,2012-02-19 13:00:00,17.0000
08173900,29.484167,-97.450000,2012-03-20 17:00:00,2012-03-23 11:45:00,353.9606,2012-03-21 19:00:00,26.0000
08173900,29.484167,-97.450000,2013-09-30 00:30:00,2013-10-01 04:15:00,219.4556,2013-09-30 15:00:00,14.5000
08173900,29.484167,-97.450000,2013-10-15 12:15:00,2013-10-15 21:45:00,127.9921,2013-10-15 17:45:00,5.5000
08173900,29.484167,-97.450000,2013-11-01 07:15:00,2013-11-04 01:45:00,739.0697,2013-11-02 03:45:00,20.5000
08173900,29.484167,-97.450000,2014-05-27 02:00:00,2014-05-29 20:00:00,196.8021,2014-05-28 07:15:00,29.2500
08173900,29.484167,-97.450000,2015-01-24 04:00:00,2015-01-24 15:00:00,122.8951,2015-01-24 08:00:00,4.0000
08173900,29.484167,-97.450000,2015-03-21 16:45:00,2015-03-21 23:45:00,134.7882,2015-03-21 19:30:00,2.7500
08173900,29.484167,-97.450000,2015-04-19 03:00:00,2015-04-19 10:30:00,124.0278,2015-04-19 06:45:00,3.7500
08173900,29.484167,-97.450000,2015-04-25 01:15:00,2015-04-27 13:45:00,328.4754,2015-04-26 17:45:00,40.5000
08173900,29.484167,-97.450000,2015-05-17 21:00:00,2015-05-21 11:00:00,455.9012,2015-05-19 06:15:00,33.2500
08173900,29.484167,-97.450000,2015-05-24 13:00:00,2015-07-03 02:30:00,1248.7729,2015-05-25 21:30:00,32.5000
08173900,29.484167,-97.450000,2015-10-31 12:15:00,2015-11-08 18:30:00,1206.2977,2015-11-01 09:00:00,21.7500
08173900,29.484167,-97.450000,2016-03-10 14:45:00,2016-03-11 18:45:00,173.5823,2016-03-10 18:00:00,3.2500
08173900,29.484167,-97.450000,2016-04-19 20:00:00,2016-04-23 15:00:00,155.7427,2016-04-20 06:00:00,10.0000
08173900,29.484167,-97.450000,2016-05-19 02:30:00,2016-06-02 04:45:00,342.6338,2016-05-21 05:00:00,50.5000
08173900,29.484167,-97.450000,1997-04-04 18:45:00,1997-04-07 22:45:00,144.6991,1997-04-06 07:45:00,36.0000
08173900,29.484167,-97.450000,1997-04-10 05:45:00,1997-04-13 07:00:00,139.8852,1997-04-11 12:45:00,31.0000
08173900,29.484167,-97.450000,1997-04-16 14:30:00,1997-04-19 04:45:00,144.9823,1997-04-17 22:15:00,31.7500
08173900,29.484167,-97.450000,1997-04-26 16:30:00,1997-04-28 19:30:00,136.7704,1997-04-27 01:30:00,9.0000
08173900,29.484167,-97.450000,1997-05-28 06:15:00,1997-05-28 10:30:00,132.5228,1997-05-28 07:45:00,1.5000
08173900,29.484167,-97.450000,1997-05-29 20:45:00,1997-06-02 04:45:00,144.9823,1997-05-30 03:15:00,6.5000
08173900,29.484167,-97.450000,1997-06-03 05:00:00,1997-06-04 02:45:00,136.4872,1997-06-03 05:30:00,0.5000
08173900,29.484167,-97.450000,1997-06-07 10:00:00,1997-06-15 14:45:00,150.3625,1997-06-11 20:30:00,106.5000
08173900,29.484167,-97.450000,1997-06-16 16:30:00,1997-06-23 04:45:00,148.6634,1997-06-18 01:45:00,33.2500
08173900,29.484167,-97.450000,1997-07-15 05:00:00,1997-08-06 05:15:00,173.2991,1997-07-15 05:15:00,0.2500
08173900,29.484167,-97.450000,1998-02-23 06:45:00,1998-02-23 23:45:00,126.8595,1998-02-23 13:45:00,7.0000
08173900,29.484167,-97.450000,1998-03-17 08:15:00,1998-03-24 06:15:00,202.4655,1998-03-18 13:30:00,29.2500
08173900,29.484167,-97.450000,1998-09-17 18:00:00,1998-09-18 22:00:00,174.7149,1998-09-18 07:15:00,13.2500
08173900,29.484167,-97.450000,1998-10-07 05:45:00,1998-10-08 06:00:00,184.0595,1998-10-07 16:15:00,10.5000
08173900,29.484167,-97.450000,1998-10-18 00:00:00,1998-10-18 04:45:00,407.7626,1998-10-18 04:45:00,4.7500
08173900,29.484167,-97.450000,1999-06-23 02:15:00,1999-06-23 09:45:00,126.8595,1999-06-23 05:15:00,3.0000
08173900,29.484167,-97.450000,1999-06-26 04:45:00,1999-06-26 10:30:00,131.1070,1999-06-26 07:00:00,2.2500
08173900,29.484167,-97.450000,2000-06-11 06:30:00,2000-06-12 19:30:00,140.1684,2000-06-12 10:30:00,28.0000
08173900,29.484167,-97.450000,2000-11-04 10:45:00,2000-11-08 15:00:00,270.7091,2000-11-05 07:30:00,20.7500
08173900,29.484167,-97.450000,2000-11-29 18:15:00,2000-11-30 05:15:00,120.3466,2000-11-29 20:30:00,2.2500
08173900,29.484167,-97.450000,2001-01-11 18:00:00,2001-01-12 22:00:00,161.6892,2001-01-12 04:00:00,10.0000
08173900,29.484167,-97.450000,2001-01-20 03:15:00,2001-01-21 01:45:00,149.5130,2001-01-20 15:00:00,11.7500
08173900,29.484167,-97.450000,2001-01-30 17:15:00,2001-01-30 23:00:00,119.4971,2001-01-30 20:30:00,3.2500
08173900,29.484167,-97.450000,2001-03-05 00:00:00,2001-03-05 16:00:00,125.4436,2001-03-05 06:45:00,6.7500
08173900,29.484167,-97.450000,2001-03-15 01:45:00,2001-03-16 13:30:00,137.0535,2001-03-15 05:45:00,4.0000
08173900,29.484167,-97.450000,2001-08-31 12:45:00,2001-09-02 09:00:00,365.2873,2001-09-01 13:30:00,24.7500
08173900,29.484167,-97.450000,2001-09-06 18:45:00,2001-09-07 19:00:00,179.2456,2001-09-07 03:45:00,9.0000
08173900,29.484167,-97.450000,2001-09-10 00:30:00,2001-09-10 22:00:00,178.3961,2001-09-10 09:15:00,8.7500
08173900,29.484167,-97.450000,2001-11-17 00:45:00,2001-12-11 03:30:00,781.5450,2001-11-17 21:15:00,20.5000
08173900,29.484167,-97.450000,2001-12-12 10:15:00,2001-12-14 20:15:00,220.5882,2001-12-13 07:15:00,21.0000
08173900,29.484167,-97.450000,2001-12-15 23:30:00,2001-12-23 13:45:00,283.1685,2001-12-17 07:00:00,31.5000
08173900,29.484167,-97.450000,2002-04-08 14:45:00,2002-04-10 12:30:00,351.1289,2002-04-09 19:00:00,28.2500
08173900,29.484167,-97.450000,2002-07-01 08:30:00,2002-07-28 17:45:00,1557.4266,2002-07-07 06:15:00,141.7500
08173900,29.484167,-97.450000,2002-08-01 14:15:00,2002-08-05 11:30:00,153.1941,2002-08-02 09:30:00,19.2500
08173900,29.484167,-97.450000,2002-10-09 18:00:00,2002-10-12 07:00:00,1053.3867,2002-10-10 18:15:00,24.2500
08173900,29.484167,-97.450000,2002-10-20 18:30:00,2002-10-21 06:30:00,129.4080,2002-10-21 00:45:00,6.2500
08173900,29.484167,-97.450000,2002-10-23 04:00:00,2002-10-30 18:45:00,923.1292,2002-10-26 10:30:00,78.5000
08173900,29.484167,-97.450000,2002-10-31 21:15:00,2002-11-20 06:30:00,1342.2185,2002-11-06 06:30:00,129.2500
08173900,29.484167,-97.450000,2002-12-05 05:45:00,2002-12-07 09:00:00,317.1487,2002-12-06 02:00:00,20.2500
08173900,29.484167,-97.450000,2002-12-10 11:30:00,2002-12-15 15:30:00,205.2971,2002-12-11 02:30:00,15.0000
08173900,29.484167,-97.450000,2002-12-28 05:15:00,2003-01-03 12:45:00,211.5268,2003-01-01 13:15:00,104.0000
08173900,29.484167,-97.450000,2003-01-13 19:00:00,2003-01-15 05:30:00,152.0615,2003-01-14 05:00:00,10.0000
08173900,29.484167,-97.450000,2003-02-16 12:15:00,2003-02-26 01:30:00,790.0400,2003-02-22 09:30:00,141.2500
08173900,29.484167,-97.450000,2003-03-04 07:00:00,2003-03-12 08:30:00,186.8912,2003-03-05 15:15:00,32.2500
08173900,29.484167,-97.450000,2004-04-06 05:30:00,2004-04-06 11:15:00,122.3288,2004-04-06 08:15:00,2.7500
08173900,29.484167,-97.450000,2004-04-11 05:45:00,2004-04-18 06:00:00,199.9169,2004-04-12 02:45:00,21.0000
08173900,29.484167,-97.450000,2004-05-02 22:00:00,2004-05-08 05:15:00,133.6555,2004-05-06 02:15:00,76.2500
08173900,29.484167,-97.450000,2004-06-09 13:00:00,2004-07-05 15:45:00,1551.7632,2004-06-11 20:30:00,55.5000
08173900,29.484167,-97.450000,2004-07-08 08:15:00,2004-07-14 22:30:00,181.2278,2004-07-10 13:15:00,53.0000
08173900,29.484167,-97.450000,2004-07-16 05:00:00,2004-07-18 07:00:00,169.0516,2004-07-16 19:30:00,14.5000
08173900,29.484167,-97.450000,2004-10-03 19:15:00,2004-10-04 03:15:00,132.5228,2004-10-03 22:45:00,3.5000
08173900,29.484167,-97.450000,2004-10-23 21:00:00,2004-10-31 01:00:00,311.4853,2004-10-26 07:45:00,58.7500
08173900,29.484167,-97.450000,2004-11-01 21:45:00,2004-11-07 11:00:00,245.7902,2004-11-02 20:45:00,23.0000
08173900,29.484167,-97.450000,2004-11-16 10:45:00,2004-12-24 16:00:00,2860.0015,2004-11-23 17:00:00,174.2500
08173900,29.484167,-97.450000,2004-12-25 16:15:00,2004-12-25 20:00:00,121.7624,2004-12-25 18:15:00,2.0000
08173900,29.484167,-97.450000,2004-12-28 00:30:00,2004-12-28 03:00:00,119.2139,2004-12-28 01:30:00,1.0000
08173900,29.484167,-97.450000,2005-01-29 17:00:00,2005-01-30 02:45:00,129.1248,2005-01-29 21:45:00,4.7500
08173900,29.484167,-97.450000,2005-02-08 00:00:00,2005-02-10 20:15:00,177.8298,2005-02-09 06:15:00,30.2500
08173900,29.484167,-97.450000,2005-02-28 06:45:00,2005-03-01 02:00:00,135.0714,2005-02-28 09:30:00,2.7500
08173900,29.484167,-97.450000,2005-03-03 15:30:00,2005-03-13 04:30:00,249.7546,2005-03-07 13:15:00,93.7500
08173900,29.484167,-97.450000,2005-03-16 23:00:00,2005-03-18 08:15:00,118.0813,2005-03-17 01:45:00,2.7500
08173900,29.484167,-97.450000,2005-03-20 01:15:00,2005-03-21 12:30:00,137.6199,2005-03-20 06:15:00,5.0000
08173900,29.484167,-97.450000,2005-03-23 09:15:00,2005-03-25 07:30:00,138.7525,2005-03-23 22:30:00,13.2500
08173900,29.484167,-97.450000,2007-01-14 23:45:00,2007-01-16 02:30:00,154.3268,2007-01-15 08:00:00,8.2500
08173900,29.484167,-97.450000,2007-03-12 21:15:00,2007-03-17 02:45:00,1016.5748,2007-03-13 16:15:00,19.0000
08173900,29.484167,-97.450000,2007-03-27 08:45:00,2007-03-29 19:30:00,225.6853,2007-03-28 21:45:00,37.0000
08173900,29.484167,-97.450000,2007-03-31 19:30:00,2007-04-03 10:15:00,281.4695,2007-04-02 01:15:00,29.7500
08173900,29.484167,-97.450000,2007-04-26 08:00:00,2007-05-02 08:45:00,180.3783,2007-04-30 21:45:00,109.7500
08173900,29.484167,-97.450000,2007-05-03 19:30:00,2007-05-05 16:15:00,174.9981,2007-05-04 04:30:00,9.0000
08173900,29.484167,-97.450000,2007-05-29 05:00:00,2007-05-29 13:15:00,126.2931,2007-05-29 09:30:00,4.5000
08173900,29.484167,-97.450000,2007-05-31 22:00:00,2007-06-10 08:15:00,187.4575,2007-06-03 09:30:00,59.5000
08173900,29.484167,-97.450000,2007-06-13 06:00:00,2007-06-13 17:45:00,120.6298,2007-06-13 14:45:00,8.7500
08173900,29.484167,-97.450000,2007-06-21 10:15:00,2007-06-22 06:30:00,144.9823,2007-06-21 19:15:00,9.0000
08173900,29.484167,-97.450000,2007-06-27 05:30:00,2007-06-27 07:30:00,118.0813,2007-06-27 06:15:00,0.7500
08173900,29.484167,-97.450000,2007-07-04 19:00:00,2007-07-11 07:00:00,311.4853,2007-07-08 18:45:00,95.7500
08173900,29.484167,-97.450000,2007-07-12 07:15:00,2007-07-17 06:45:00,220.0219,2007-07-16 15:15:00,104.0000
08173900,29.484167,-97.450000,2007-07-18 07:00:00,2007-09-19 02:30:00,1008.0797,2007-07-22 19:30:00,108.5000
08173900,29.484167,-97.450000,2009-04-18 18:15:00,2009-04-19 19:30:00,277.2219,2009-04-19 03:45:00,9.5000
08173900,29.484167,-97.450000,2009-10-04 23:00:00,2009-10-06 13:00:00,245.2239,2009-10-06 00:30:00,25.5000
08173900,29.484167,-97.450000,2009-10-27 08:00:00,2009-10-28 18:00:00,183.7763,2009-10-27 21:45:00,13.7500
08173900,29.484167,-97.450000,2009-11-20 14:15:00,2009-11-23 02:00:00,252.3031,2009-11-21 23:15:00,33.0000
08173900,29.484167,-97.450000,2010-01-16 02:30:00,2010-01-18 18:45:00,342.6338,2010-01-17 02:00:00,23.5000
08173900,29.484167,-97.450000,2010-02-04 18:15:00,2010-02-07 14:00:00,240.1269,2010-02-05 21:15:00,27.0000
08173900,29.484167,-97.450000,2010-02-10 04:15:00,2010-02-10 16:15:00,128.5585,2010-02-10 10:00:00,5.7500
08173900,29.484167,-97.450000,2010-02-12 04:00:00,2010-02-14 17:45:00,359.6240,2010-02-13 05:00:00,25.0000
08173900,29.484167,-97.450000,2010-04-17 19:15:00,2010-04-19 15:30:00,201.3328,2010-04-18 07:15:00,12.0000
08173900,29.484167,-97.450000,2010-04-23 08:00:00,2010-04-25 01:15:00,130.5407,2010-04-24 17:30:00,33.5000
08173900,29.484167,-97.450000,2010-05-16 07:30:00,2010-05-17 07:45:00,183.7763,2010-05-16 21:45:00,14.2500
08173900,29.484167,-97.450000,2010-05-19 05:45:00,2010-05-21 07:30:00,136.7704,2010-05-19 13:00:00,7.2500
08173900,29.484167,-97.450000,2010-06-09 23:00:00,2010-06-12 10:45:00,673.9409,2010-06-11 07:30:00,32.5000
08173900,29.484167,-97.450000,2010-09-09 07:00:00,2010-09-11 07:45:00,233.8972,2010-09-09 21:30:00,14.5000
08173900,29.484167,-97.450000,2012-01-26 04:30:00,2012-01-28 13:00:00,826.8519,2012-01-27 00:45:00,20.2500
08173900,29.484167,-97.450000,2012-02-18 20:00:00,2012-02-20 09:45:00,233.8972,2012-02-19 13:00:00,17.0000
08173900,29.484167,-97.450000,2012-03-20 17:00:00,2012-03-23 11:45:00,353.9606,2012-03-21 19:00:00,26.0000
08173900,29.484167,-97.450000,2013-09-30 00:30:00,2013-10-01 04:15:00,219.4556,2013-09-30 15:00:00,14.5000
08173900,29.484167,-97.450000,2013-10-15 12:15:00,2013-10-15 21:45:00,127.9921,2013-10-15 17:45:00,5.5000
08173900,29.484167,-97.450000,2013-11-01 07:15:00,2013-11-04 01:45:00,739.0697,2013-11-02 03:45:00,20.5000
08173900,29.484167,-97.450000,2014-05-27 02:00:00,2014-05-29 20:00:00,196.8021,2014-05-28 07:15:00,29.2500
08173900,29.484167,-97.450000,2015-01-24 04:00:00,2015-01-24 15:00:00,122.8951,2015-01-24 08:00:00,4.0000
08173900,29.484167,-97.450000,2015-03-21 16:45:00,2015-03-21 23:45:00,134.7882,2015-03-21 19:30:00,2.7500
08173900,29.484167,-97.450000,2015-04-19 03:00:00,2015-04-19 10:30:00,124.0278,2015-04-19 06:45:00,3.7500
08173900,29.484167,-97.450000,2015-04-25 01:15:00,2015-04-27 13:45:00,328.4754,2015-04-26 17:45:00,40.5000
08173900,29.484167,-97.450000,2015-05-17 21:00:00,2015-05-21 11:00:00,455.9012,2015-05-19 06:15:00,33.2500
08173900,29.484167,-97.450000,2015-05-24 13:00:00,2015-07-03 02:30:00,1248.7729,2015-05-25 21:30:00,32.5000
08173900,29.484167,-97.450000,2015-10-31 12:15:00,2015-11-08 18:30:00,1206.2977,2015-11-01 09:00:00,21.7500
08173900,29.484167,-97.450000,2016-03-10 14:45:00,2016-03-11 18:45:00,173.5823,2016-03-10 18:00:00,3.2500
08173900,29.484167,-97.450000,2016-04-19 20:00:00,2016-04-23 15:00:00,155.7427,2016-04-20 06:00:00,10.0000
08173900,29.484167,-97.450000,2016-05-19 02:30:00,2016-06-02 04:45:00,342.6338,2016-05-21 05:00:00,50.5000
08048970,32.603333,-97.264722,1990-04-26 15:00:00,1990-04-27 00:00:00,280.6199,1990-04-26 20:00:00,5.0000
08048970,32.603333,-97.264722,1990-05-02 08:00:00,1990-05-03 16:00:00,297.3269,1990-05-03 11:00:00,27.0000
08048970,32.603333,-97.264722,1991-10-27 11:15:00,1991-10-27 16:00:00,267.8774,1991-10-27 13:45:00,2.5000
08048970,32.603333,-97.264722,1991-12-20 17:45:00,1991-12-21 08:00:00,322.8121,1991-12-20 23:00:00,5.2500
08048970,32.603333,-97.264722,1993-06-26 04:30:00,1993-06-26 11:00:00,265.6120,1993-06-26 08:00:00,3.5000
08048970,32.603333,-97.264722,1998-03-16 12:00:00,1998-03-16 18:15:00,273.8239,1998-03-16 14:00:00,2.0000
08048970,32.603333,-97.264722,2000-06-04 08:30:00,2000-06-04 19:30:00,453.0695,2000-06-04 14:30:00,6.0000
08048970,32.603333,-97.264722,2002-03-20 04:00:00,2002-03-20 07:45:00,250.0378,2002-03-20 05:45:00,1.7500
08048970,32.603333,-97.264722,2004-06-10 00:00:00,2004-06-10 03:15:00,230.7823,2004-06-10 00:48:05,0.8014
08048970,32.603333,-97.264722,2004-07-29 10:15:00,2004-07-29 17:45:00,370.9507,2004-07-29 12:30:00,2.2500
08048970,32.603333,-97.264722,2006-03-19 21:15:00,2006-03-20 05:30:00,283.1685,2006-03-20 00:00:00,2.7500
08048970,32.603333,-97.264722,2007-03-31 04:15:00,2007-03-31 09:15:00,250.8873,2007-03-31 06:15:00,2.0000
08048970,32.603333,-97.264722,2008-04-24 05:45:00,2008-04-24 07:30:00,243.2417,2008-04-24 06:45:00,1.0000
08048970,32.603333,-97.264722,2009-09-13 12:15:00,2009-09-13 19:45:00,288.8318,2009-09-13 14:15:00,2.0000
08048970,32.603333,-97.264722,2010-09-08 13:15:00,2010-09-08 22:45:00,339.8022,2010-09-08 16:15:00,3.0000
08048970,32.603333,-97.264722,2012-01-25 15:30:00,2012-01-25 18:45:00,237.0120,2012-01-25 16:15:00,0.7500
08048970,32.603333,-97.264722,2012-03-20 13:45:00,2012-03-20 16:15:00,223.9863,2012-03-20 15:00:00,1.2500
08048970,32.603333,-97.264722,2015-05-29 07:00:00,2015-05-29 18:00:00,396.4359,2015-05-29 13:30:00,6.5000
08048970,32.603333,-97.264722,2015-10-31 07:00:00,2015-10-31 10:45:00,219.7387,2015-10-31 08:30:00,1.5000
08048970,32.603333,-97.264722,2015-11-27 07:15:00,2015-11-27 17:15:00,334.1388,2015-11-27 10:15:00,3.0000
08048970,32.603333,-97.264722,2016-06-01 02:00:00,2016-06-01 05:00:00,233.0476,2016-06-01 03:15:00,1.2500
08123800,32.199167,-101.013611,2000-03-23 10:30:00,2000-03-24 20:00:00,368.1190,2000-03-23 19:00:00,8.5000
08123800,32.199167,-101.013611,2003-06-04 10:15:00,2003-06-06 09:00:00,116.6654,2003-06-05 16:30:00,30.2500
08123800,32.199167,-101.013611,2004-11-17 05:00:00,2004-11-18 02:45:00,141.5842,2004-11-17 14:45:00,9.7500
08123800,32.199167,-101.013611,2012-09-28 15:00:00,2012-09-30 15:30:00,264.4793,2012-09-28 18:45:00,3.7500
08193000,28.500000,-99.681667,1991-12-23 05:00:00,1991-12-24 16:00:00,104.4892,1991-12-23 19:00:00,14.0000
08193000,28.500000,-99.681667,1992-07-25 15:00:00,1992-07-28 22:00:00,130.8238,1992-07-27 14:00:00,47.0000
08193000,28.500000,-99.681667,1996-10-31 06:00:00,1996-11-03 08:00:00,365.2873,1996-11-01 04:00:00,22.0000
08193000,28.500000,-99.681667,1997-06-26 05:00:00,1997-06-29 16:00:00,370.9507,1997-06-26 13:00:00,8.0000
08193000,28.500000,-99.681667,1998-08-25 05:00:00,1998-09-01 14:00:00,540.8518,1998-08-28 04:00:00,71.0000
08193000,28.500000,-99.681667,1999-06-23 06:00:00,1999-06-26 21:00:00,99.6753,1999-06-25 12:30:00,54.5000
08193000,28.500000,-99.681667,2001-11-17 14:45:00,2001-11-21 01:45:00,241.5427,2001-11-18 21:15:00,30.5000
08193000,28.500000,-99.681667,2002-07-03 08:15:00,2002-07-09 14:30:00,356.7923,2002-07-05 23:00:00,62.7500
08193000,28.500000,-99.681667,2002-07-16 20:15:00,2002-07-19 23:30:00,107.6040,2002-07-17 15:00:00,18.7500
08193000,28.500000,-99.681667,2002-10-28 06:00:00,2002-10-31 05:00:00,161.6892,2002-10-29 04:45:00,22.7500
08193000,28.500000,-99.681667,2004-04-07 14:00:00,2004-04-12 11:15:00,180.3783,2004-04-09 20:00:00,54.0000
08193000,28.500000,-99.681667,2004-07-01 07:45:00,2004-07-04 00:15:00,140.1684,2004-07-01 23:45:00,16.0000
08193000,28.500000,-99.681667,2004-11-20 06:00:00,2004-11-23 09:15:00,258.2496,2004-11-20 17:00:00,11.0000
08193000,28.500000,-99.681667,2013-06-17 19:00:00,2013-06-22 08:00:00,237.2952,2013-06-20 01:00:00,54.0000
08193000,28.500000,-99.681667,2013-10-14 01:00:00,2013-10-18 08:00:00,441.7428,2013-10-14 23:30:00,22.5000
08193000,28.500000,-99.681667,2015-05-17 18:30:00,2015-05-29 13:15:00,271.8417,2015-05-20 07:00:00,60.5000
08193000,28.500000,-99.681667,2015-10-12 07:15:00,2015-10-16 12:15:00,156.8753,2015-10-14 19:15:00,60.0000
08036500,31.669444,-94.956667,1991-01-13 03:00:00,1991-01-16 03:00:00,283.1685,1991-01-13 17:00:00,14.0000
08036500,31.669444,-94.956667,1991-04-16 20:00:00,1991-04-20 22:00:00,334.1388,1991-04-17 09:00:00,13.0000
08036500,31.669444,-94.956667,1991-12-24 20:00:00,1991-12-27 23:00:00,336.9705,1991-12-25 21:00:00,25.0000
08036500,31.669444,-94.956667,1993-06-22 08:00:00,1993-06-27 00:00:00,784.3767,1993-06-23 09:00:00,25.0000
08036500,31.669444,-94.956667,1994-12-18 07:00:00,1994-12-21 10:00:00,348.2972,1994-12-19 18:00:00,35.0000
08036500,31.669444,-94.956667,1999-01-30 14:00:00,1999-02-05 15:00:00,710.7528,1999-02-01 07:00:00,41.0000
08036500,31.669444,-94.956667,2001-01-21 15:00:00,2001-01-24 15:00:00,308.6536,2001-01-22 20:00:00,29.0000
08036500,31.669444,-94.956667,2001-03-03 15:00:00,2001-03-10 12:00:00,461.5646,2001-03-05 12:00:00,45.0000
08036500,31.669444,-94.956667,2001-03-11 22:00:00,2001-03-13 14:00:00,277.7883,2001-03-12 21:00:00,23.0000
08036500,31.669444,-94.956667,2001-06-09 07:00:00,2001-06-11 04:00:00,390.7725,2001-06-10 17:00:00,34.0000
08036500,31.669444,-94.956667,2001-12-18 16:00:00,2001-12-20 05:00:00,305.8219,2001-12-19 22:00:00,30.0000
08036500,31.669444,-94.956667,2003-02-24 02:00:00,2003-02-28 12:00:00,438.9111,2003-02-25 13:00:00,35.0000
08036500,31.669444,-94.956667,2004-05-02 07:00:00,2004-05-07 10:00:00,410.5943,2004-05-04 15:00:00,56.0000
08036500,31.669444,-94.956667,2007-07-07 20:15:00,2007-07-13 18:00:00,849.5054,2007-07-09 13:15:00,41.0000
08036500,31.669444,-94.956667,2015-03-12 06:45:00,2015-03-16 15:30:00,433.2478,2015-03-13 20:45:00,38.0000
08036500,31.669444,-94.956667,2016-01-01 06:00:00,2016-01-02 23:45:00,288.8318,2016-01-01 21:15:00,15.2500
08036500,31.669444,-94.956667,2016-03-12 02:15:00,2016-03-16 20:30:00,736.2380,2016-03-13 06:45:00,27.5000
08036500,31.669444,-94.956667,2016-05-02 06:45:00,2016-05-06 19:45:00,682.4360,2016-05-03 12:15:00,29.5000
08068000,30.244444,-95.456944,1994-10-17 12:00:00,1994-10-21 20:00:00,3256.4374,1994-10-18 13:00:00,25.0000
08068000,30.244444,-95.456944,1998-01-08 06:30:00,1998-01-09 06:30:00,481.3864,1998-01-08 15:00:00,8.5000
08068000,30.244444,-95.456944,1998-11-13 09:45:00,1998-11-17 11:45:00,1563.0899,1998-11-14 18:15:00,32.5000
08068000,30.244444,-95.456944,2001-06-09 04:30:00,2001-06-12 09:15:00,682.4360,2001-06-09 11:15:00,6.7500
08068000,30.244444,-95.456944,2002-11-05 23:30:00,2002-11-08 20:15:00,1093.0303,2002-11-06 13:45:00,14.2500
08068000,30.244444,-95.456944,2004-02-13 14:30:00,2004-02-14 02:00:00,515.3666,2004-02-13 20:15:00,5.7500
08068000,30.244444,-95.456944,2007-01-16 10:00:00,2007-01-17 04:15:00,574.8320,2007-01-16 16:45:00,6.7500
08068000,30.244444,-95.456944,2015-05-13 12:15:00,2015-05-14 09:45:00,611.6439,2015-05-13 19:00:00,6.7500
08068000,30.244444,-95.456944,2015-05-28 00:45:00,2015-05-29 07:15:00,654.1192,2015-05-28 07:30:00,6.7500
08068000,30.244444,-95.456944,2016-04-19 20:45:00,2016-04-20 19:00:00,546.5151,2016-04-20 06:00:00,9.2500
08068000,30.244444,-95.456944,2016-05-27 12:30:00,2016-05-31 08:15:00,1687.6841,2016-05-28 19:00:00,30.5000
08071280,30.109444,-95.059722,1996-09-27 18:15:00,1996-10-01 20:30:00,126.5763,1996-09-29 15:45:00,45.5000
08071280,30.109444,-95.059722,2001-10-12 23:00:00,2001-10-17 18:15:00,79.2872,2001-10-14 01:00:00,26.0000
08071280,30.109444,-95.059722,2001-12-12 10:00:00,2001-12-21 13:30:00,144.6991,2001-12-14 14:00:00,52.0000
08071280,30.109444,-95.059722,2002-04-08 16:00:00,2002-04-12 19:00:00,48.1386,2002-04-10 15:30:00,47.5000
08071280,30.109444,-95.059722,2002-09-19 23:00:00,2002-09-23 16:30:00,85.2337,2002-09-20 22:15:00,23.2500
08071280,30.109444,-95.059722,2002-10-23 00:45:00,2002-11-11 06:45:00,273.2576,2002-10-29 16:45:00,161.0000
08071280,30.109444,-95.059722,2002-12-13 21:30:00,2002-12-17 22:30:00,48.1386,2002-12-15 21:00:00,47.5000
08071280,30.109444,-95.059722,2003-02-22 19:45:00,2003-02-27 11:30:00,52.6693,2003-02-25 14:45:00,67.0000
08071280,30.109444,-95.059722,2003-10-09 23:30:00,2003-10-13 03:45:00,36.2456,2003-10-10 05:30:00,6.0000
08071280,30.109444,-95.059722,2003-11-18 02:00:00,2003-11-24 04:00:00,133.3723,2003-11-20 03:30:00,49.5000
08071280,30.109444,-95.059722,2004-01-26 03:15:00,2004-01-29 10:15:00,44.1743,2004-01-27 21:15:00,42.0000
08071280,30.109444,-95.059722,2004-02-05 21:45:00,2004-02-08 11:30:00,31.9980,2004-02-06 23:30:00,25.7500
08071280,30.109444,-95.059722,2004-02-11 13:00:00,2004-02-18 09:15:00,66.8278,2004-02-13 23:00:00,58.0000
08071280,30.109444,-95.059722,2004-04-27 01:45:00,2004-04-28 10:30:00,32.2812,2004-04-27 14:30:00,12.7500
08071280,30.109444,-95.059722,2004-05-01 20:00:00,2004-05-07 06:45:00,76.7387,2004-05-04 17:00:00,69.0000
08071280,30.109444,-95.059722,2004-05-13 23:15:00,2004-05-19 16:00:00,89.1981,2004-05-15 15:30:00,40.2500
08071280,30.109444,-95.059722,2004-06-24 20:30:00,2004-07-06 03:00:00,67.3941,2004-06-27 09:45:00,61.2500
08071280,30.109444,-95.059722,2004-11-18 04:30:00,2004-11-28 13:15:00,87.4991,2004-11-20 22:30:00,66.0000
08071280,30.109444,-95.059722,2005-02-02 00:45:00,2005-02-06 00:45:00,37.9446,2005-02-03 18:30:00,41.7500
08071280,30.109444,-95.059722,2005-02-08 19:15:00,2005-02-16 09:45:00,56.6337,2005-02-10 08:15:00,37.0000
08071280,30.109444,-95.059722,2005-02-27 15:00:00,2005-02-28 18:45:00,28.8832,2005-02-28 00:45:00,9.7500
08071280,30.109444,-95.059722,2006-10-16 23:00:00,2006-10-24 02:45:00,146.1149,2006-10-20 11:15:00,84.2500
08071280,30.109444,-95.059722,2006-10-27 04:30:00,2006-11-01 18:15:00,115.2496,2006-10-29 06:00:00,50.5000
08071280,30.109444,-95.059722,2007-03-15 13:15:00,2007-03-18 02:00:00,28.3168,2007-03-16 16:00:00,26.7500
08071280,30.109444,-95.059722,2007-04-01 17:45:00,2007-04-03 15:00:00,28.1753,2007-04-02 12:45:00,19.0000
08071280,30.109444,-95.059722,2007-05-04 04:45:00,2007-05-07 10:45:00,44.1743,2007-05-05 15:00:00,34.2500
08071280,30.109444,-95.059722,2008-02-17 08:45:00,2008-02-23 13:15:00,85.2337,2008-02-18 21:00:00,36.2500
08071280,30.109444,-95.059722,2008-09-13 22:00:00,2008-09-20 06:15:00,245.5071,2008-09-15 02:45:00,28.7500
08071280,30.109444,-95.059722,2008-11-12 11:15:00,2008-11-17 17:00:00,79.0040,2008-11-14 19:30:00,56.2500
08071280,30.109444,-95.059722,2009-04-19 00:15:00,2009-04-24 12:45:00,50.9703,2009-04-21 19:00:00,66.7500
08071280,30.109444,-95.059722,2009-04-29 01:00:00,2009-05-03 14:45:00,51.5367,2009-05-01 02:45:00,49.7500
08071280,30.109444,-95.059722,2012-02-05 07:15:00,2012-02-09 07:45:00,79.5703,2012-02-06 02:45:00,19.5000
08071280,30.109444,-95.059722,2012-02-18 20:30:00,2012-02-23 14:00:00,45.5901,2012-02-21 06:00:00,57.5000
08071280,30.109444,-95.059722,2012-03-13 19:15:00,2012-03-15 13:15:00,26.3630,2012-03-14 22:30:00,27.2500
08071280,30.109444,-95.059722,2012-07-14 06:00:00,2012-07-17 04:30:00,58.0495,2012-07-15 01:30:00,19.5000
08071280,30.109444,-95.059722,2013-10-31 17:00:00,2013-11-03 11:15:00,30.2990,2013-11-01 14:00:00,21.0000
08071280,30.109444,-95.059722,2014-08-03 21:30:00,2014-08-05 02:30:00,31.9980,2014-08-04 07:30:00,10.0000
08071280,30.109444,-95.059722,2014-09-21 03:30:00,2014-09-23 11:15:00,30.8654,2014-09-22 10:45:00,31.2500
08071280,30.109444,-95.059722,2014-12-20 01:00:00,2014-12-20 22:30:00,27.6656,2014-12-20 08:30:00,7.5000
08071280,30.109444,-95.059722,2015-01-04 05:00:00,2015-01-08 04:30:00,33.1307,2015-01-06 21:15:00,64.2500
08071280,30.109444,-95.059722,2015-03-10 03:30:00,2015-03-16 22:30:00,67.6773,2015-03-13 00:30:00,69.0000
08071280,30.109444,-95.059722,2015-03-23 16:30:00,2015-03-26 06:30:00,28.8832,2015-03-25 00:00:00,31.5000
08071280,30.109444,-95.059722,2015-04-18 03:00:00,2015-04-20 19:15:00,32.2812,2015-04-18 19:15:00,16.2500
08071280,30.109444,-95.059722,2015-05-13 17:30:00,2015-05-20 15:15:00,76.1723,2015-05-15 20:45:00,51.2500
08071280,30.109444,-95.059722,2015-05-22 05:00:00,2015-05-23 20:15:00,28.3168,2015-05-22 17:45:00,12.7500
08071280,30.109444,-95.059722,2015-05-26 05:00:00,2015-06-04 02:15:00,91.7466,2015-05-31 16:45:00,131.7500
08071280,30.109444,-95.059722,2015-06-17 14:45:00,2015-06-21 00:15:00,43.8911,2015-06-18 10:45:00,20.0000
08071280,30.109444,-95.059722,2015-07-01 10:30:00,2015-07-03 07:00:00,35.3961,2015-07-02 01:45:00,15.2500
08071280,30.109444,-95.059722,2015-10-31 18:00:00,2015-11-04 15:00:00,49.8377,2015-11-02 02:00:00,33.0000
08071280,30.109444,-95.059722,2015-12-16 18:00:00,2015-12-19 04:00:00,29.7327,2015-12-18 05:15:00,35.2500
08071280,30.109444,-95.059722,2016-01-08 22:45:00,2016-01-11 22:00:00,33.1307,2016-01-10 12:45:00,38.0000
08071280,30.109444,-95.059722,2016-03-10 11:15:00,2016-03-16 13:00:00,137.3367,2016-03-12 17:15:00,54.0000
08071280,30.109444,-95.059722,2016-04-19 02:30:00,2016-04-26 04:00:00,218.6061,2016-04-20 18:30:00,40.0000
08071280,30.109444,-95.059722,2016-05-04 20:45:00,2016-05-05 09:45:00,26.5612,2016-05-05 01:45:00,5.0000
08071280,30.109444,-95.059722,2016-05-27 03:30:00,2016-06-02 04:45:00,267.0279,2016-05-29 18:15:00,62.7500
08088000,33.024167,-98.643611,1996-09-15 09:30:00,1996-09-16 04:30:00,478.5547,1996-09-15 16:30:00,7.0000
08088000,33.024167,-98.643611,1997-06-25 05:00:00,1997-06-27 06:30:00,481.3864,1997-06-26 15:15:00,34.2500
08088000,33.024167,-98.643611,1998-03-17 03:15:00,1998-03-18 12:30:00,427.5844,1998-03-17 18:30:00,15.2500
08088000,33.024167,-98.643611,2004-07-29 10:45:00,2004-08-02 08:00:00,557.8419,2004-08-01 05:15:00,66.5000
08088000,33.024167,-98.643611,2004-11-17 22:15:00,2004-11-20 14:30:00,515.3666,2004-11-19 08:45:00,34.5000
08088000,33.024167,-98.643611,2005-08-16 21:15:00,2005-08-24 01:15:00,968.4362,2005-08-21 07:30:00,106.2500
08088000,33.024167,-98.643611,2007-05-11 16:30:00,2007-05-12 03:30:00,351.1289,2007-05-11 22:45:00,6.2500
08088000,33.024167,-98.643611,2007-06-03 21:30:00,2007-06-04 22:30:00,407.7626,2007-06-04 11:30:00,14.0000
08088000,33.024167,-98.643611,2007-08-21 08:15:00,2007-08-21 21:45:00,362.4556,2007-08-21 15:45:00,7.5000
08088000,33.024167,-98.643611,2007-08-24 19:00:00,2007-08-26 09:30:00,368.1190,2007-08-25 16:00:00,21.0000
08088000,33.024167,-98.643611,2010-04-18 05:00:00,2010-04-21 09:45:00,572.0003,2010-04-20 11:00:00,54.0000
08088000,33.024167,-98.643611,2015-05-09 08:15:00,2015-05-11 13:45:00,436.0794,2015-05-09 20:30:00,12.2500
08088000,33.024167,-98.643611,2015-05-30 12:45:00,2015-06-03 04:45:00,489.8814,2015-05-31 06:15:00,17.5000
08088000,33.024167,-98.643611,2016-05-31 15:30:00,2016-06-02 04:45:00,461.5646,2016-06-02 04:45:00,37.2500
08160400,29.912222,-96.903611,1994-10-17 15:00:00,1994-10-19 18:00:00,1047.7233,1994-10-18 12:00:00,21.0000
08160400,29.912222,-96.903611,1994-12-17 05:00:00,1994-12-18 07:00:00,651.2875,1994-12-17 19:00:00,14.0000
08160400,29.912222,-96.903611,1995-03-14 13:00:00,1995-03-15 13:00:00,696.5944,1995-03-15 02:00:00,13.0000
08160400,29.912222,-96.903611,1995-05-30 20:00:00,1995-06-07 19:00:00,1013.7431,1995-06-02 00:00:00,52.0000
08160400,29.912222,-96.903611,1997-03-16 23:00:00,1997-03-19 08:00:00,631.4657,1997-03-17 19:00:00,20.0000
08160400,29.912222,-96.903611,1997-06-10 22:00:00,1997-06-13 15:00:00,719.2479,1997-06-11 15:00:00,17.0000
08160400,29.912222,-96.903611,1997-06-24 00:00:00,1997-07-13 00:00:00,795.7034,1997-06-27 09:00:00,81.0000
08160400,29.912222,-96.903611,1997-10-13 18:00:00,1997-10-14 04:00:00,583.3270,1997-10-14 01:00:00,7.0000
08160400,29.912222,-96.903611,1998-10-19 05:00:00,1998-10-22 12:30:00,2542.8528,1998-10-20 09:00:00,28.0000
08160400,29.912222,-96.903611,1998-11-13 11:00:00,1998-11-16 18:00:00,673.9409,1998-11-15 18:00:00,55.0000
08160400,29.912222,-96.903611,2001-11-17 09:15:00,2001-11-19 03:30:00,1067.5451,2001-11-18 07:30:00,22.2500
08160400,29.912222,-96.903611,2001-12-17 03:45:00,2001-12-18 06:45:00,617.3073,2001-12-17 19:15:00,15.5000
08160400,29.912222,-96.903611,2002-07-04 18:45:00,2002-07-05 06:00:00,506.8716,2002-07-04 23:30:00,4.7500
08160400,29.912222,-96.903611,2002-07-08 07:45:00,2002-07-19 10:00:00,699.4261,2002-07-13 17:15:00,129.5000
08160400,29.912222,-96.903611,2002-11-05 02:30:00,2002-11-07 08:30:00,1319.5651,2002-11-05 23:15:00,20.7500
08160400,29.912222,-96.903611,2002-12-11 02:15:00,2002-12-11 08:30:00,489.8814,2002-12-11 04:15:00,2.0000
08160400,29.912222,-96.903611,2003-02-21 03:15:00,2003-02-23 20:00:00,1424.3374,2003-02-22 05:45:00,26.5000
08160400,29.912222,-96.903611,2004-06-10 19:45:00,2004-06-15 17:15:00,753.2281,2004-06-12 04:30:00,32.7500
08160400,29.912222,-96.903611,2004-11-19 00:30:00,2004-12-04 19:00:00,2095.4466,2004-11-23 13:00:00,108.5000
08160400,29.912222,-96.903611,2007-01-15 01:45:00,2007-01-16 06:00:00,807.0301,2007-01-15 17:15:00,15.5000
08160400,29.912222,-96.903611,2007-03-13 09:30:00,2007-03-15 19:30:00,594.6538,2007-03-13 21:00:00,11.5000
08160400,29.912222,-96.903611,2007-06-21 23:15:00,2007-06-23 12:00:00,620.1389,2007-06-22 17:15:00,18.0000
08160400,29.912222,-96.903611,2007-06-29 13:45:00,2007-07-10 04:45:00,1172.3174,2007-07-07 17:00:00,195.2500
08160400,29.912222,-96.903611,2007-07-22 10:30:00,2007-07-23 00:00:00,492.7131,2007-07-22 13:45:00,3.2500
08160400,29.912222,-96.903611,2010-09-10 07:15:00,2010-09-10 19:45:00,515.3666,2010-09-10 13:00:00,5.7500
08160400,29.912222,-96.903611,2012-01-26 12:15:00,2012-01-27 18:45:00,801.3668,2012-01-27 06:00:00,17.7500
08160400,29.912222,-96.903611,2012-03-21 00:00:00,2012-03-22 14:15:00,605.9805,2012-03-22 00:45:00,24.7500
08160400,29.912222,-96.903611,2013-10-15 16:00:00,2013-10-15 22:15:00,487.0498,2013-10-15 17:45:00,1.7500
08160400,29.912222,-96.903611,2013-11-01 06:30:00,2013-11-03 11:15:00,1160.9907,2013-11-02 16:15:00,33.7500
08160400,29.912222,-96.903611,2015-05-18 14:50:00,2015-05-19 23:20:00,727.7430,2015-05-19 07:00:00,16.1667
08160400,29.912222,-96.903611,2015-05-24 21:10:00,2015-05-29 07:10:00,1713.1692,2015-05-27 21:00:00,71.8333
08160400,29.912222,-96.903611,2015-10-25 19:45:00,2015-10-27 04:55:00,628.6340,2015-10-26 13:10:00,17.4167
08160400,29.912222,-96.903611,2015-10-31 18:40:00,2015-11-03 09:10:00,1534.7731,2015-11-02 06:45:00,37.0833
08160400,29.912222,-96.903611,2016-04-18 09:45:00,2016-04-20 18:40:00,1480.9711,2016-04-19 07:05:00,21.3333
08160400,29.912222,-96.903611,2016-05-20 05:50:00,2016-05-22 12:15:00,798.5351,2016-05-21 15:50:00,34.0000
08160400,29.912222,-96.903611,2016-05-27 07:00:00,2016-05-30 06:10:00,2055.8031,2016-05-28 08:25:00,25.4167
08160400,29.912222,-96.903611,2016-06-01 21:25:00,2016-06-02 04:55:00,543.6835,2016-06-02 04:45:00,7.3333
08175800,29.090278,-97.329444,1991-01-20 03:00:00,1991-01-22 17:00:00,368.1190,1991-01-22 00:00:00,45.0000
08175800,29.090278,-97.329444,1991-02-06 04:00:00,1991-02-08 07:00:00,348.2972,1991-02-07 11:00:00,31.0000
08175800,29.090278,-97.329444,1991-04-07 17:00:00,1991-04-08 07:00:00,265.6120,1991-04-08 00:00:00,7.0000
08175800,29.090278,-97.329444,1991-04-16 06:00:00,1991-04-18 06:00:00,322.8121,1991-04-17 08:00:00,26.0000
08175800,29.090278,-97.329444,1991-12-21 21:00:00,1992-01-09 15:00:00,2044.4763,1991-12-24 15:00:00,66.0000
08175800,29.090278,-97.329444,1992-01-19 12:00:00,1992-01-26 02:00:00,356.7923,1992-01-21 11:00:00,47.0000
08175800,29.090278,-97.329444,1992-01-27 05:00:00,1992-02-01 18:00:00,756.0598,1992-01-31 00:00:00,91.0000
08175800,29.090278,-97.329444,1992-02-04 12:00:00,1992-02-11 02:00:00,1438.4958,1992-02-07 00:00:00,60.0000
08175800,29.090278,-97.329444,1992-02-12 23:00:00,1992-02-14 12:00:00,288.8318,1992-02-13 21:00:00,22.0000
08175800,29.090278,-97.329444,1992-02-22 12:00:00,1992-03-01 11:00:00,1093.0303,1992-02-27 10:00:00,118.0000
08175800,29.090278,-97.329444,1992-03-05 10:00:00,1992-03-10 18:00:00,1076.0402,1992-03-07 20:00:00,58.0000
08175800,29.090278,-97.329444,1992-03-13 18:00:00,1992-03-17 06:00:00,259.9487,1992-03-14 22:00:00,28.0000
08175800,29.090278,-97.329444,1992-03-29 19:00:00,1992-04-01 04:00:00,270.9922,1992-03-30 21:00:00,26.0000
08175800,29.090278,-97.329444,1992-04-05 18:00:00,1992-04-10 00:00:00,526.6933,1992-04-08 15:00:00,69.0000
08175800,29.090278,-97.329444,1992-04-18 05:00:00,1992-04-22 14:00:00,586.1587,1992-04-21 09:00:00,76.0000
08175800,29.090278,-97.329444,1992-05-17 13:00:00,1992-05-22 14:00:00,852.3371,1992-05-19 23:00:00,58.0000
08175800,29.090278,-97.329444,1992-05-23 20:00:00,1992-05-27 01:00:00,362.4556,1992-05-25 21:00:00,49.0000
08175800,29.090278,-97.329444,1992-05-31 03:00:00,1992-05-31 04:00:00,252.5863,1992-05-31 04:00:00,1.0000
08175800,29.090278,-97.329444,1992-06-02 05:00:00,1992-06-06 04:00:00,603.1488,1992-06-06 04:00:00,95.0000
08175800,29.090278,-97.329444,1992-06-09 07:00:00,1992-06-10 04:46:00,334.1388,1992-06-10 04:00:00,21.0000
08175800,29.090278,-97.329444,1993-05-07 06:00:00,1993-05-10 22:00:00,453.0695,1993-05-09 21:00:00,63.0000
08175800,29.090278,-97.329444,1993-05-24 07:00:00,1993-05-27 20:00:00,515.3666,1993-05-26 15:00:00,56.0000
08175800,29.090278,-97.329444,1994-10-18 17:00:00,1994-10-22 04:00:00,436.0794,1994-10-19 09:00:00,16.0000
08175800,29.090278,-97.329444,1994-12-30 17:00:00,1995-01-01 01:00:00,305.8219,1994-12-31 07:00:00,14.0000
08175800,29.090278,-97.329444,1995-03-15 01:00:00,1995-03-17 04:00:00,373.7824,1995-03-16 11:00:00,34.0000
08175800,29.090278,-97.329444,1995-06-01 15:00:00,1995-06-02 04:00:00,311.4853,1995-06-02 04:00:00,13.0000
08175800,29.090278,-97.329444,1995-06-03 05:00:00,1995-06-04 22:00:00,393.6042,1995-06-03 20:00:00,15.0000
08175800,29.090278,-97.329444,1996-09-21 08:00:00,1996-09-22 17:00:00,336.9705,1996-09-21 21:00:00,13.0000
08175800,29.090278,-97.329444,1997-04-07 22:00:00,1997-04-08 01:00:00,252.0199,1997-04-08 01:00:00,3.0000
08175800,29.090278,-97.329444,1997-04-11 11:00:00,1997-04-14 09:00:00,580.4954,1997-04-12 06:00:00,19.0000
08175800,29.090278,-97.329444,1997-06-08 00:00:00,1997-06-14 18:00:00,498.3765,1997-06-11 11:00:00,83.0000
08175800,29.090278,-97.329444,1997-06-21 19:00:00,1997-06-28 11:00:00,552.1785,1997-06-22 11:00:00,16.0000
08175800,29.090278,-97.329444,1997-10-13 18:00:00,1997-10-15 13:00:00,305.8219,1997-10-14 15:00:00,21.0000
08175800,29.090278,-97.329444,1998-02-22 22:00:00,1998-02-23 11:45:00,269.5764,1998-02-23 05:00:00,7.0000
08175800,29.090278,-97.329444,1998-09-11 13:30:00,1998-09-12 12:15:00,404.9309,1998-09-11 21:15:00,7.7500
08175800,29.090278,-97.329444,1998-10-18 12:00:00,1998-10-26 21:15:00,13393.8684,1998-10-20 05:30:00,41.5000
08175800,29.090278,-97.329444,1998-11-02 02:00:00,1998-11-02 23:30:00,294.4952,1998-11-02 07:15:00,5.2500
08175800,29.090278,-97.329444,1998-11-13 10:00:00,1998-11-19 15:15:00,775.8816,1998-11-17 09:45:00,95.7500
08175800,29.090278,-97.329444,1999-06-26 23:45:00,1999-06-27 14:00:00,272.4081,1999-06-27 05:00:00,5.2500
08175800,29.090278,-97.329444,2000-11-06 03:45:00,2000-11-07 06:00:00,297.3269,2000-11-06 15:30:00,11.7500
08175800,29.090278,-97.329444,2000-11-19 07:45:00,2000-11-22 20:00:00,370.9507,2000-11-21 14:15:00,54.5000
08175800,29.090278,-97.329444,2000-11-25 16:30:00,2000-11-27 21:30:00,359.6240,2000-11-27 02:15:00,33.7500
08175800,29.090278,-97.329444,2001-08-31 09:45:00,2001-09-04 04:45:00,1160.9907,2001-09-02 11:45:00,50.0000
08175800,29.090278,-97.329444,2001-09-08 05:00:00,2001-09-08 20:45:00,275.8061,2001-09-08 10:15:00,5.2500
08175800,29.090278,-97.329444,2001-11-18 15:00:00,2001-11-20 17:15:00,362.4556,2001-11-19 23:00:00,32.0000
08175800,29.090278,-97.329444,2001-12-17 23:30:00,2001-12-19 05:30:00,291.6635,2001-12-18 12:00:00,12.5000
08175800,29.090278,-97.329444,2002-04-09 21:30:00,2002-04-12 02:30:00,404.9309,2002-04-11 09:30:00,36.0000
08175800,29.090278,-97.329444,2002-07-02 20:30:00,2002-07-22 19:00:00,1843.4267,2002-07-09 07:00:00,154.5000
08175800,29.090278,-97.329444,2002-10-11 06:15:00,2002-10-13 19:45:00,407.7626,2002-10-13 04:30:00,46.2500
08175800,29.090278,-97.329444,2002-10-24 18:30:00,2002-10-30 03:15:00,690.9311,2002-10-28 14:00:00,92.5000
08175800,29.090278,-97.329444,2002-11-04 22:15:00,2002-11-10 18:30:00,1820.7732,2002-11-07 18:00:00,67.7500
08175800,29.090278,-97.329444,2002-12-07 03:00:00,2002-12-07 19:30:00,268.4437,2002-12-07 12:00:00,9.0000
08175800,29.090278,-97.329444,2002-12-12 11:30:00,2002-12-16 05:00:00,436.0794,2002-12-13 16:15:00,28.7500
08175800,29.090278,-97.329444,2003-02-22 03:30:00,2003-02-26 11:45:00,662.6142,2003-02-24 20:15:00,64.7500
08175800,29.090278,-97.329444,2004-06-11 18:15:00,2004-06-14 19:00:00,433.2478,2004-06-14 13:15:00,67.0000
08175800,29.090278,-97.329444,2004-06-26 08:45:00,2004-06-26 21:45:00,288.8318,2004-06-26 12:45:00,4.0000
08175800,29.090278,-97.329444,2004-07-01 10:00:00,2004-07-05 07:30:00,382.2774,2004-07-04 12:45:00,74.7500
08175800,29.090278,-97.329444,2004-10-26 00:45:00,2004-10-28 03:15:00,308.6536,2004-10-27 12:45:00,36.0000
08175800,29.090278,-97.329444,2004-11-19 03:30:00,2004-11-29 21:15:00,3199.8037,2004-11-25 03:30:00,144.0000
08175800,29.090278,-97.329444,2004-12-03 12:30:00,2004-12-09 19:30:00,262.7803,2004-12-04 21:30:00,33.0000
08175800,29.090278,-97.329444,2005-03-08 02:00:00,2005-03-10 17:00:00,348.2972,2005-03-08 18:30:00,16.5000
08175800,29.090278,-97.329444,2007-03-14 00:15:00,2007-03-18 01:45:00,634.2974,2007-03-16 17:45:00,65.5000
08175800,29.090278,-97.329444,2007-04-02 03:15:00,2007-04-04 05:30:00,365.2873,2007-04-03 04:00:00,24.7500
08175800,29.090278,-97.329444,2007-04-30 22:00:00,2007-05-05 15:45:00,682.4360,2007-05-01 09:30:00,11.5000
08175800,29.090278,-97.329444,2007-07-02 11:45:00,2007-07-02 23:00:00,279.2041,2007-07-02 16:45:00,5.0000
08175800,29.090278,-97.329444,2007-07-06 06:15:00,2007-07-11 03:45:00,345.4655,2007-07-10 00:00:00,89.7500
08175800,29.090278,-97.329444,2007-07-15 20:00:00,2007-07-18 07:15:00,300.1586,2007-07-17 13:15:00,41.2500
08175800,29.090278,-97.329444,2007-07-22 12:00:00,2007-07-31 07:15:00,543.6835,2007-07-25 13:45:00,73.7500
08175800,29.090278,-97.329444,2007-08-05 13:15:00,2007-08-06 01:30:00,252.8694,2007-08-05 16:30:00,3.2500
08175800,29.090278,-97.329444,2009-04-19 02:45:00,2009-04-21 11:30:00,413.4260,2009-04-20 11:00:00,32.2500
08175800,29.090278,-97.329444,2009-10-04 20:30:00,2009-10-08 00:45:00,501.2082,2009-10-05 10:15:00,13.7500
08175800,29.090278,-97.329444,2009-11-21 07:00:00,2009-11-24 17:15:00,591.8221,2009-11-23 06:15:00,47.2500
08175800,29.090278,-97.329444,2010-01-16 18:30:00,2010-01-19 17:00:00,436.0794,2010-01-18 12:15:00,41.7500
08175800,29.090278,-97.329444,2010-02-06 05:00:00,2010-02-07 12:00:00,278.3546,2010-02-06 21:30:00,16.5000
08175800,29.090278,-97.329444,2010-02-13 04:45:00,2010-02-15 12:00:00,379.4457,2010-02-14 10:00:00,29.2500
08175800,29.090278,-97.329444,2010-05-18 16:30:00,2010-05-18 20:45:00,254.2853,2010-05-18 18:45:00,2.2500
08175800,29.090278,-97.329444,2010-06-11 08:15:00,2010-06-13 08:15:00,382.2774,2010-06-12 14:45:00,30.5000
08175800,29.090278,-97.329444,2012-01-27 06:15:00,2012-01-29 12:15:00,492.7131,2012-01-28 18:45:00,36.5000
08175800,29.090278,-97.329444,2012-02-19 22:00:00,2012-02-21 08:00:00,342.6338,2012-02-20 14:45:00,16.7500
08175800,29.090278,-97.329444,2012-03-21 15:15:00,2012-03-24 07:30:00,436.0794,2012-03-23 01:00:00,33.7500
08175800,29.090278,-97.329444,2012-07-12 19:45:00,2012-07-13 06:30:00,331.3071,2012-07-12 23:45:00,4.0000
08175800,29.090278,-97.329444,2013-11-02 15:30:00,2013-11-04 14:15:00,373.7824,2013-11-03 21:45:00,31.2500
08175800,29.090278,-97.329444,2014-05-29 07:15:00,2014-05-30 18:45:00,305.8219,2014-05-30 00:00:00,16.7500
08175800,29.090278,-97.329444,2015-03-22 09:00:00,2015-03-24 18:00:00,270.9922,2015-03-22 15:30:00,6.5000
08175800,29.090278,-97.329444,2015-04-26 14:15:00,2015-04-28 05:30:00,314.3170,2015-04-27 13:45:00,23.5000
08175800,29.090278,-97.329444,2015-05-18 23:15:00,2015-05-22 19:45:00,617.3073,2015-05-21 18:00:00,66.7500
08175800,29.090278,-97.329444,2015-05-25 17:00:00,2015-06-04 09:30:00,1370.5354,2015-05-29 01:15:00,80.2500
08175800,29.090278,-97.329444,2015-06-16 09:45:00,2015-06-17 21:15:00,322.8121,2015-06-17 05:00:00,19.2500
08175800,29.090278,-97.329444,2015-11-01 15:00:00,2015-11-05 01:45:00,495.5448,2015-11-03 21:30:00,54.5000
08175800,29.090278,-97.329444,2016-04-20 15:15:00,2016-04-23 03:00:00,339.8022,2016-04-21 11:00:00,19.7500
08175800,29.090278,-97.329444,2016-05-20 01:15:00,2016-05-24 16:45:00,521.0300,2016-05-22 16:00:00,62.7500
08175800,29.090278,-97.329444,1991-01-20 03:00:00,1991-01-22 17:00:00,368.1190,1991-01-22 00:00:00,45.0000
08175800,29.090278,-97.329444,1991-02-06 04:00:00,1991-02-08 07:00:00,348.2972,1991-02-07 11:00:00,31.0000
08175800,29.090278,-97.329444,1991-04-07 17:00:00,1991-04-08 07:00:00,265.6120,1991-04-08 00:00:00,7.0000
08175800,29.090278,-97.329444,1991-04-16 06:00:00,1991-04-18 06:00:00,322.8121,1991-04-17 08:00:00,26.0000
08175800,29.090278,-97.329444,1991-12-21 21:00:00,1992-01-09 15:00:00,2044.4763,1991-12-24 15:00:00,66.0000
08175800,29.090278,-97.329444,1992-01-19 12:00:00,1992-01-26 02:00:00,356.7923,1992-01-21 11:00:00,47.0000
08175800,29.090278,-97.329444,1992-01-27 05:00:00,1992-02-01 18:00:00,756.0598,1992-01-31 00:00:00,91.0000
08175800,29.090278,-97.329444,1992-02-04 12:00:00,1992-02-11 02:00:00,1438.4958,1992-02-07 00:00:00,60.0000
08175800,29.090278,-97.329444,1992-02-12 23:00:00,1992-02-14 12:00:00,288.8318,1992-02-13 21:00:00,22.0000
08175800,29.090278,-97.329444,1992-02-22 12:00:00,1992-03-01 11:00:00,1093.0303,1992-02-27 10:00:00,118.0000
08175800,29.090278,-97.329444,1992-03-05 10:00:00,1992-03-10 18:00:00,1076.0402,1992-03-07 20:00:00,58.0000
08175800,29.090278,-97.329444,1992-03-13 18:00:00,1992-03-17 06:00:00,259.9487,1992-03-14 22:00:00,28.0000
08175800,29.090278,-97.329444,1992-03-29 19:00:00,1992-04-01 04:00:00,270.9922,1992-03-30 21:00:00,26.0000
08175800,29.090278,-97.329444,1992-04-05 18:00:00,1992-04-10 00:00:00,526.6933,1992-04-08 15:00:00,69.0000
08175800,29.090278,-97.329444,1992-04-18 05:00:00,1992-04-22 14:00:00,586.1587,1992-04-21 09:00:00,76.0000
08175800,29.090278,-97.329444,1992-05-17 13:00:00,1992-05-22 14:00:00,852.3371,1992-05-19 23:00:00,58.0000
08175800,29.090278,-97.329444,1992-05-23 20:00:00,1992-05-27 01:00:00,362.4556,1992-05-25 21:00:00,49.0000
08175800,29.090278,-97.329444,1992-05-31 03:00:00,1992-05-31 04:00:00,252.5863,1992-05-31 04:00:00,1.0000
08175800,29.090278,-97.329444,1992-06-02 05:00:00,1992-06-06 04:00:00,603.1488,1992-06-06 04:00:00,95.0000
08175800,29.090278,-97.329444,1992-06-09 07:00:00,1992-06-10 04:46:00,334.1388,1992-06-10 04:00:00,21.0000
08175800,29.090278,-97.329444,1993-05-07 06:00:00,1993-05-10 22:00:00,453.0695,1993-05-09 21:00:00,63.0000
08175800,29.090278,-97.329444,1993-05-24 07:00:00,1993-05-27 20:00:00,515.3666,1993-05-26 15:00:00,56.0000
08175800,29.090278,-97.329444,1994-10-18 17:00:00,1994-10-22 04:00:00,436.0794,1994-10-19 09:00:00,16.0000
08175800,29.090278,-97.329444,1994-12-30 17:00:00,1995-01-01 01:00:00,305.8219,1994-12-31 07:00:00,14.0000
08175800,29.090278,-97.329444,1995-03-15 01:00:00,1995-03-17 04:00:00,373.7824,1995-03-16 11:00:00,34.0000
08175800,29.090278,-97.329444,1995-06-01 15:00:00,1995-06-02 04:00:00,311.4853,1995-06-02 04:00:00,13.0000
08175800,29.090278,-97.329444,1995-06-03 05:00:00,1995-06-04 22:00:00,393.6042,1995-06-03 20:00:00,15.0000
08175800,29.090278,-97.329444,1996-09-21 08:00:00,1996-09-22 17:00:00,336.9705,1996-09-21 21:00:00,13.0000
08175800,29.090278,-97.329444,1997-04-07 22:00:00,1997-04-08 01:00:00,252.0199,1997-04-08 01:00:00,3.0000
08175800,29.090278,-97.329444,1997-04-11 11:00:00,1997-04-14 09:00:00,580.4954,1997-04-12 06:00:00,19.0000
08175800,29.090278,-97.329444,1997-06-08 00:00:00,1997-06-14 18:00:00,498.3765,1997-06-11 11:00:00,83.0000
08175800,29.090278,-97.329444,1997-06-21 19:00:00,1997-06-28 11:00:00,552.1785,1997-06-22 11:00:00,16.0000
08175800,29.090278,-97.329444,1997-10-13 18:00:00,1997-10-15 13:00:00,305.8219,1997-10-14 15:00:00,21.0000
08175800,29.090278,-97.329444,1998-02-22 22:00:00,1998-02-23 11:45:00,269.5764,1998-02-23 05:00:00,7.0000
08175800,29.090278,-97.329444,1998-09-11 13:30:00,1998-09-12 12:15:00,404.9309,1998-09-11 21:15:00,7.7500
08175800,29.090278,-97.329444,1998-10-18 12:00:00,1998-10-26 21:15:00,13393.8684,1998-10-20 05:30:00,41.5000
08175800,29.090278,-97.329444,1998-11-02 02:00:00,1998-11-02 23:30:00,294.4952,1998-11-02 07:15:00,5.2500
08175800,29.090278,-97.329444,1998-11-13 10:00:00,1998-11-19 15:15:00,775.8816,1998-11-17 09:45:00,95.7500
08175800,29.090278,-97.329444,1999-06-26 23:45:00,1999-06-27 14:00:00,272.4081,1999-06-27 05:00:00,5.2500
08175800,29.090278,-97.329444,2000-11-06 03:45:00,2000-11-07 06:00:00,297.3269,2000-11-06 15:30:00,11.7500
08175800,29.090278,-97.329444,2000-11-19 07:45:00,2000-11-22 20:00:00,370.9507,2000-11-21 14:15:00,54.5000
08175800,29.090278,-97.329444,2000-11-25 16:30:00,2000-11-27 21:30:00,359.6240,2000-11-27 02:15:00,33.7500
08175800,29.090278,-97.329444,2001-08-31 09:45:00,2001-09-04 04:45:00,1160.9907,2001-09-02 11:45:00,50.0000
08175800,29.090278,-97.329444,2001-09-08 05:00:00,2001-09-08 20:45:00,275.8061,2001-09-08 10:15:00,5.2500
08175800,29.090278,-97.329444,2001-11-18 15:00:00,2001-11-20 17:15:00,362.4556,2001-11-19 23:00:00,32.0000
08175800,29.090278,-97.329444,2001-12-17 23:30:00,2001-12-19 05:30:00,291.6635,2001-12-18 12:00:00,12.5000
08175800,29.090278,-97.329444,2002-04-09 21:30:00,2002-04-12 02:30:00,404.9309,2002-04-11 09:30:00,36.0000
08175800,29.090278,-97.329444,2002-07-02 20:30:00,2002-07-22 19:00:00,1843.4267,2002-07-09 07:00:00,154.5000
08175800,29.090278,-97.329444,2002-10-11 06:15:00,2002-10-13 19:45:00,407.7626,2002-10-13 04:30:00,46.2500
08175800,29.090278,-97.329444,2002-10-24 18:30:00,2002-10-30 03:15:00,690.9311,2002-10-28 14:00:00,92.5000
08175800,29.090278,-97.329444,2002-11-04 22:15:00,2002-11-10 18:30:00,1820.7732,2002-11-07 18:00:00,67.7500
08175800,29.090278,-97.329444,2002-12-07 03:00:00,2002-12-07 19:30:00,268.4437,2002-12-07 12:00:00,9.0000
08175800,29.090278,-97.329444,2002-12-12 11:30:00,2002-12-16 05:00:00,436.0794,2002-12-13 16:15:00,28.7500
08175800,29.090278,-97.329444,2003-02-22 03:30:00,2003-02-26 11:45:00,662.6142,2003-02-24 20:15:00,64.7500
08175800,29.090278,-97.329444,2004-06-11 18:15:00,2004-06-14 19:00:00,433.2478,2004-06-14 13:15:00,67.0000
08175800,29.090278,-97.329444,2004-06-26 08:45:00,2004-06-26 21:45:00,288.8318,2004-06-26 12:45:00,4.0000
08175800,29.090278,-97.329444,2004-07-01 10:00:00,2004-07-05 07:30:00,382.2774,2004-07-04 12:45:00,74.7500
08175800,29.090278,-97.329444,2004-10-26 00:45:00,2004-10-28 03:15:00,308.6536,2004-10-27 12:45:00,36.0000
08175800,29.090278,-97.329444,2004-11-19 03:30:00,2004-11-29 21:15:00,3199.8037,2004-11-25 03:30:00,144.0000
08175800,29.090278,-97.329444,2004-12-03 12:30:00,2004-12-09 19:30:00,262.7803,2004-12-04 21:30:00,33.0000
08175800,29.090278,-97.329444,2005-03-08 02:00:00,2005-03-10 17:00:00,348.2972,2005-03-08 18:30:00,16.5000
08175800,29.090278,-97.329444,2007-03-14 00:15:00,2007-03-18 01:45:00,634.2974,2007-03-16 17:45:00,65.5000
08175800,29.090278,-97.329444,2007-04-02 03:15:00,2007-04-04 05:30:00,365.2873,2007-04-03 04:00:00,24.7500
08175800,29.090278,-97.329444,2007-04-30 22:00:00,2007-05-05 15:45:00,682.4360,2007-05-01 09:30:00,11.5000
08175800,29.090278,-97.329444,2007-07-02 11:45:00,2007-07-02 23:00:00,279.2041,2007-07-02 16:45:00,5.0000
08175800,29.090278,-97.329444,2007-07-06 06:15:00,2007-07-11 03:45:00,345.4655,2007-07-10 00:00:00,89.7500
08175800,29.090278,-97.329444,2007-07-15 20:00:00,2007-07-18 07:15:00,300.1586,2007-07-17 13:15:00,41.2500
08175800,29.090278,-97.329444,2007-07-22 12:00:00,2007-07-31 07:15:00,543.6835,2007-07-25 13:45:00,73.7500
08175800,29.090278,-97.329444,2007-08-05 13:15:00,2007-08-06 01:30:00,252.8694,2007-08-05 16:30:00,3.2500
08175800,29.090278,-97.329444,2009-04-19 02:45:00,2009-04-21 11:30:00,413.4260,2009-04-20 11:00:00,32.2500
08175800,29.090278,-97.329444,2009-10-04 20:30:00,2009-10-08 00:45:00,501.2082,2009-10-05 10:15:00,13.7500
08175800,29.090278,-97.329444,2009-11-21 07:00:00,2009-11-24 17:15:00,591.8221,2009-11-23 06:15:00,47.2500
08175800,29.090278,-97.329444,2010-01-16 18:30:00,2010-01-19 17:00:00,436.0794,2010-01-18 12:15:00,41.7500
08175800,29.090278,-97.329444,2010-02-06 05:00:00,2010-02-07 12:00:00,278.3546,2010-02-06 21:30:00,16.5000
08175800,29.090278,-97.329444,2010-02-13 04:45:00,2010-02-15 12:00:00,379.4457,2010-02-14 10:00:00,29.2500
08175800,29.090278,-97.329444,2010-05-18 16:30:00,2010-05-18 20:45:00,254.2853,2010-05-18 18:45:00,2.2500
08175800,29.090278,-97.329444,2010-06-11 08:15:00,2010-06-13 08:15:00,382.2774,2010-06-12 14:45:00,30.5000
08175800,29.090278,-97.329444,2012-01-27 06:15:00,2012-01-29 12:15:00,492.7131,2012-01-28 18:45:00,36.5000
08175800,29.090278,-97.329444,2012-02-19 22:00:00,2012-02-21 08:00:00,342.6338,2012-02-20 14:45:00,16.7500
08175800,29.090278,-97.329444,2012-03-21 15:15:00,2012-03-24 07:30:00,436.0794,2012-03-23 01:00:00,33.7500
08175800,29.090278,-97.329444,2012-07-12 19:45:00,2012-07-13 06:30:00,331.3071,2012-07-12 23:45:00,4.0000
08175800,29.090278,-97.329444,2013-11-02 15:30:00,2013-11-04 14:15:00,373.7824,2013-11-03 21:45:00,31.2500
08175800,29.090278,-97.329444,2014-05-29 07:15:00,2014-05-30 18:45:00,305.8219,2014-05-30 00:00:00,16.7500
08175800,29.090278,-97.329444,2015-03-22 09:00:00,2015-03-24 18:00:00,270.9922,2015-03-22 15:30:00,6.5000
08175800,29.090278,-97.329444,2015-04-26 14:15:00,2015-04-28 05:30:00,314.3170,2015-04-27 13:45:00,23.5000
08175800,29.090278,-97.329444,2015-05-18 23:15:00,2015-05-22 19:45:00,617.3073,2015-05-21 18:00:00,66.7500
08175800,29.090278,-97.329444,2015-05-25 17:00:00,2015-06-04 09:30:00,1370.5354,2015-05-29 01:15:00,80.2500
08175800,29.090278,-97.329444,2015-06-16 09:45:00,2015-06-17 21:15:00,322.8121,2015-06-17 05:00:00,19.2500
08175800,29.090278,-97.329444,2015-11-01 15:00:00,2015-11-05 01:45:00,495.5448,2015-11-03 21:30:00,54.5000
08175800,29.090278,-97.329444,2016-04-20 15:15:00,2016-04-23 03:00:00,339.8022,2016-04-21 11:00:00,19.7500
08175800,29.090278,-97.329444,2016-05-20 01:15:00,2016-05-24 16:45:00,521.0300,2016-05-22 16:00:00,62.7500
08084800,32.930833,-99.642222,1992-02-04 15:30:00,1992-02-06 22:30:00,88.0654,1992-02-05 23:00:00,31.5000
08084800,32.930833,-99.642222,1992-02-25 09:30:00,1992-02-28 00:32:09,111.0020,1992-02-27 04:30:54,43.0150
08084800,32.930833,-99.642222,1992-07-05 16:30:00,1992-07-06 02:00:00,70.2258,1992-07-05 21:00:00,4.5000
08084800,32.930833,-99.642222,2003-06-05 19:30:00,2003-06-07 17:00:00,147.5308,2003-06-06 12:30:00,17.0000
08084800,32.930833,-99.642222,2003-06-26 12:15:00,2003-06-27 15:15:00,135.9209,2003-06-26 22:15:00,10.0000
08084800,32.930833,-99.642222,2005-08-16 10:00:00,2005-08-19 08:15:00,331.3071,2005-08-17 01:45:00,15.7500
08084800,32.930833,-99.642222,2007-05-01 12:45:00,2007-05-01 19:15:00,69.9426,2007-05-01 15:45:00,3.0000
08084800,32.930833,-99.642222,2007-06-29 01:30:00,2007-06-29 14:30:00,84.1010,2007-06-29 07:15:00,5.7500
08084800,32.930833,-99.642222,2007-08-18 13:30:00,2007-08-22 11:15:00,169.6179,2007-08-20 16:45:00,51.2500
08084800,32.930833,-99.642222,2010-04-17 14:15:00,2010-04-20 05:15:00,128.8417,2010-04-18 04:45:00,14.5000
08084800,32.930833,-99.642222,2015-04-27 02:30:00,2015-04-27 11:15:00,89.4812,2015-04-27 05:15:00,2.7500
08084800,32.930833,-99.642222,2015-05-30 09:15:00,2015-06-01 00:00:00,125.7268,2015-05-30 19:30:00,10.2500
08084800,32.930833,-99.642222,2016-05-13 20:45:00,2016-05-15 17:45:00,136.2040,2016-05-14 06:15:00,9.5000
08086290,32.648333,-99.004167,1997-02-20 19:45:00,1997-02-21 09:15:00,199.3506,1997-02-21 02:00:00,6.2500
08086290,32.648333,-99.004167,1997-05-15 19:15:00,1997-05-15 21:45:00,129.9743,1997-05-15 20:30:00,1.2500
08086290,32.648333,-99.004167,1997-06-23 10:30:00,1997-06-24 10:45:00,279.4873,1997-06-23 18:30:00,8.0000
08086290,32.648333,-99.004167,1998-03-16 16:00:00,1998-03-17 03:30:00,166.2199,1998-03-16 20:30:00,4.5000
08086290,32.648333,-99.004167,2002-07-07 01:15:00,2002-07-07 08:45:00,156.3090,2002-07-07 05:00:00,3.7500
08086290,32.648333,-99.004167,2007-03-31 04:00:00,2007-03-31 11:30:00,157.1585,2007-03-31 09:15:00,5.2500
08086290,32.648333,-99.004167,2007-06-25 14:00:00,2007-06-30 00:00:00,300.1586,2007-06-27 19:45:00,53.7500
08086290,32.648333,-99.004167,2008-04-24 05:15:00,2008-04-24 14:30:00,174.1486,2008-04-24 08:45:00,3.5000
08086290,32.648333,-99.004167,2013-07-16 13:30:00,2013-07-17 14:15:00,214.6417,2013-07-16 18:45:00,5.2500
08086290,32.648333,-99.004167,2015-05-27 10:45:00,2015-05-27 21:30:00,190.2892,2015-05-27 15:30:00,4.7500
08086290,32.648333,-99.004167,2015-05-29 13:45:00,2015-05-29 17:00:00,129.1248,2015-05-29 15:30:00,1.7500
08086290,32.648333,-99.004167,2015-07-08 20:00:00,2015-07-09 08:30:00,215.4912,2015-07-09 02:15:00,6.2500
08086290,32.648333,-99.004167,2016-04-20 13:30:00,2016-04-21 01:30:00,181.5110,2016-04-20 18:45:00,5.2500
08086290,32.648333,-99.004167,2016-05-30 10:00:00,2016-06-01 18:15:00,272.4081,2016-05-30 18:00:00,8.0000
08114000,29.582222,-95.757500,1991-11-03 07:00:00,1991-11-12 16:00:00,699.4261,1991-11-07 00:00:00,89.0000
08114000,29.582222,-95.757500,1992-05-20 05:00:00,1992-05-21 04:30:00,1013.7431,1992-05-21 04:00:00,23.0000
08114000,29.582222,-95.757500,1992-05-23 05:00:00,1992-06-02 04:30:00,1025.0698,1992-05-26 08:30:00,75.5000
08114000,29.582222,-95.757500,1992-06-03 05:00:00,1992-06-04 04:30:00,1704.6742,1992-06-04 04:30:00,23.5000
08114000,29.582222,-95.757500,1992-06-11 05:00:00,1992-06-19 04:30:00,1084.5352,1992-06-16 21:00:00,136.0000
08114000,29.582222,-95.757500,1992-06-29 05:00:00,1992-07-27 14:00:00,552.1785,1992-07-02 15:30:00,82.5000
08114000,29.582222,-95.757500,1994-02-24 22:00:00,1994-02-28 21:34:00,662.6142,1994-02-26 15:30:00,41.5000
08114000,29.582222,-95.757500,1994-05-15 22:30:00,1994-05-28 23:30:00,985.4263,1994-05-17 23:30:00,49.0000
08114000,29.582222,-95.757500,1994-05-31 20:30:00,1994-06-01 04:30:00,421.9210,1994-06-01 01:00:00,4.5000
08114000,29.582222,-95.757500,1994-06-02 05:30:00,1994-06-03 04:00:00,402.0992,1994-06-02 07:30:00,2.0000
08114000,29.582222,-95.757500,1994-10-18 00:00:00,1994-10-27 12:00:00,2494.7142,1994-10-21 05:30:00,77.5000
08114000,29.582222,-95.757500,1994-12-17 19:30:00,1994-12-28 08:30:00,1339.3868,1994-12-20 01:30:00,54.0000
08114000,29.582222,-95.757500,1994-12-31 02:30:00,1995-01-05 02:00:00,690.9311,1995-01-01 20:30:00,42.0000
08114000,29.582222,-95.757500,1995-01-13 05:00:00,1995-01-25 12:00:00,622.9706,1995-01-20 00:00:00,163.0000
08114000,29.582222,-95.757500,1995-01-27 05:30:00,1995-01-30 23:30:00,758.8915,1995-01-28 20:00:00,38.5000
08114000,29.582222,-95.757500,1995-03-14 19:30:00,1995-03-27 19:00:00,1144.0006,1995-03-17 14:30:00,67.0000
08114000,29.582222,-95.757500,1995-04-06 09:00:00,1995-04-21 21:30:00,639.9607,1995-04-08 23:00:00,62.0000
08114000,29.582222,-95.757500,1995-04-24 09:30:00,1995-04-30 02:30:00,521.0300,1995-04-27 16:00:00,78.5000
08114000,29.582222,-95.757500,1995-05-10 23:30:00,1995-05-24 07:30:00,911.8025,1995-05-16 04:00:00,124.5000
08114000,29.582222,-95.757500,1995-06-02 02:00:00,1995-06-07 22:30:00,770.2182,1995-06-03 21:30:00,43.5000
08114000,29.582222,-95.757500,1995-06-16 08:30:00,1995-06-20 17:00:00,580.4954,1995-06-18 13:00:00,52.5000
08114000,29.582222,-95.757500,1995-08-04 17:30:00,1995-08-16 00:30:00,812.6935,1995-08-08 22:00:00,100.5000
08114000,29.582222,-95.757500,1996-09-22 06:15:00,1996-09-25 13:45:00,699.4261,1996-09-23 06:00:00,23.7500
08114000,29.582222,-95.757500,1996-12-19 22:30:00,1996-12-20 13:30:00,427.5844,1996-12-20 12:45:00,14.2500
08114000,29.582222,-95.757500,1997-01-22 19:15:00,1997-01-24 23:30:00,682.4360,1997-01-23 15:30:00,20.2500
08114000,29.582222,-95.757500,1997-04-05 06:00:00,1997-06-05 05:30:00,1537.6048,1997-04-10 02:30:00,115.5000
08114000,29.582222,-95.757500,1997-06-08 06:45:00,1997-07-06 12:15:00,866.4955,1997-06-13 14:45:00,128.0000
08114000,29.582222,-95.757500,1997-12-23 23:45:00,1997-12-31 16:15:00,1192.1392,1997-12-25 18:30:00,42.7500
08114000,29.582222,-95.757500,1998-01-07 09:45:00,1998-01-22 17:15:00,1500.7929,1998-01-11 13:15:00,99.5000
08114000,29.582222,-95.757500,1998-01-24 15:45:00,1998-01-27 00:45:00,441.7428,1998-01-25 10:00:00,18.2500
08114000,29.582222,-95.757500,1998-02-13 21:00:00,1998-02-14 20:00:00,396.4359,1998-02-14 02:00:00,5.0000
08114000,29.582222,-95.757500,1998-02-22 05:45:00,1998-03-04 05:45:00,1059.0501,1998-02-28 04:00:00,142.2500
08114000,29.582222,-95.757500,1998-03-10 06:00:00,1998-03-13 18:00:00,498.3765,1998-03-10 15:45:00,9.7500
08114000,29.582222,-95.757500,1998-03-20 00:30:00,1998-04-02 03:45:00,1056.2184,1998-03-25 14:00:00,133.5000
08114000,29.582222,-95.757500,1998-10-18 22:30:00,1998-10-30 22:45:00,2273.8428,1998-10-22 17:15:00,90.7500
08114000,29.582222,-95.757500,1998-11-13 12:00:00,1998-11-27 02:30:00,2256.8527,1998-11-16 20:15:00,80.2500
08114000,29.582222,-95.757500,1998-12-12 21:00:00,1998-12-23 05:45:00,1186.4759,1998-12-14 23:30:00,50.5000
08114000,29.582222,-95.757500,1999-02-02 09:15:00,1999-02-10 19:00:00,676.7726,1999-02-05 08:30:00,71.2500
08114000,29.582222,-95.757500,2000-05-06 17:00:00,2000-05-07 07:00:00,413.4260,2000-05-06 23:00:00,6.0000
08114000,29.582222,-95.757500,2000-11-06 15:30:00,2000-11-14 06:00:00,911.8025,2000-11-08 06:00:00,38.5000
08114000,29.582222,-95.757500,2000-11-20 19:30:00,2000-11-21 03:00:00,396.4359,2000-11-20 21:30:00,2.0000
08114000,29.582222,-95.757500,2000-12-29 06:00:00,2001-01-02 21:00:00,965.6045,2000-12-30 22:00:00,40.0000
08114000,29.582222,-95.757500,2001-01-05 10:30:00,2001-01-06 09:00:00,399.2675,2001-01-06 01:00:00,14.5000
08114000,29.582222,-95.757500,2001-01-14 20:00:00,2001-01-16 11:00:00,441.7428,2001-01-15 09:00:00,13.0000
08114000,29.582222,-95.757500,2001-01-19 21:30:00,2001-01-25 19:30:00,877.8222,2001-01-22 01:30:00,52.0000
08114000,29.582222,-95.757500,2001-01-29 07:00:00,2001-02-04 05:30:00,506.8716,2001-02-02 13:30:00,102.5000
08114000,29.582222,-95.757500,2001-02-21 03:30:00,2001-02-22 06:30:00,419.0893,2001-02-21 13:30:00,10.0000
08114000,29.582222,-95.757500,2001-03-29 06:00:00,2001-04-08 13:30:00,1056.2184,2001-03-31 23:30:00,65.5000
08114000,29.582222,-95.757500,2001-05-09 17:30:00,2001-05-13 01:30:00,631.4657,2001-05-11 02:30:00,33.0000
08114000,29.582222,-95.757500,2001-06-10 16:30:00,2001-06-12 07:30:00,591.8221,2001-06-11 06:30:00,14.0000
08114000,29.582222,-95.757500,2001-06-17 04:00:00,2001-06-18 08:00:00,472.8913,2001-06-17 18:00:00,14.0000
08114000,29.582222,-95.757500,2001-09-02 22:30:00,2001-09-06 01:30:00,744.7331,2001-09-04 01:30:00,27.0000
08114000,29.582222,-95.757500,2001-09-08 21:30:00,2001-09-14 00:00:00,588.9904,2001-09-10 21:00:00,47.5000
08114000,29.582222,-95.757500,2001-10-14 22:30:00,2001-10-16 01:30:00,464.3963,2001-10-15 12:00:00,13.5000
08114000,29.582222,-95.757500,2001-11-19 15:00:00,2001-11-22 08:30:00,685.2677,2001-11-20 21:00:00,30.0000
08114000,29.582222,-95.757500,2001-12-12 10:00:00,2001-12-14 14:30:00,464.3963,2001-12-13 17:30:00,31.5000
08114000,29.582222,-95.757500,2001-12-18 02:30:00,2002-01-01 00:00:00,1480.9711,2001-12-21 14:30:00,84.0000
08114000,29.582222,-95.757500,2002-04-09 18:30:00,2002-04-11 15:00:00,455.9012,2002-04-10 10:00:00,15.5000
08114000,29.582222,-95.757500,2002-07-19 01:00:00,2002-07-19 19:00:00,399.2675,2002-07-19 05:00:00,4.0000
08114000,29.582222,-95.757500,2002-08-16 18:00:00,2002-08-18 16:30:00,798.5351,2002-08-17 10:00:00,16.0000
08114000,29.582222,-95.757500,2002-10-24 11:00:00,2002-10-31 21:30:00,934.4559,2002-10-27 00:30:00,61.5000
08114000,29.582222,-95.757500,2002-11-04 11:00:00,2002-11-14 07:30:00,2118.1001,2002-11-07 23:30:00,84.5000
08114000,29.582222,-95.757500,2002-12-08 06:00:00,2002-12-19 22:30:00,1430.0008,2002-12-14 19:30:00,157.5000
08114000,29.582222,-95.757500,2002-12-25 02:00:00,2003-01-07 10:30:00,705.0895,2003-01-02 06:30:00,196.5000
08114000,29.582222,-95.757500,2003-01-14 17:30:00,2003-01-15 19:30:00,410.5943,2003-01-15 02:00:00,8.5000
08114000,29.582222,-95.757500,2003-02-22 09:00:00,2003-02-25 05:30:00,1738.6544,2003-02-25 05:30:00,68.5000
08114000,29.582222,-95.757500,2003-10-12 10:00:00,2003-10-16 15:00:00,832.5153,2003-10-13 23:00:00,37.0000
08114000,29.582222,-95.757500,2004-01-27 09:00:00,2004-01-27 20:30:00,399.2675,2004-01-27 12:30:00,3.5000
08114000,29.582222,-95.757500,2004-02-11 21:30:00,2004-02-12 05:00:00,515.3666,2004-02-12 05:00:00,7.5000
08114000,29.582222,-95.757500,2004-02-13 06:00:00,2004-02-18 21:00:00,1107.1887,2004-02-13 19:30:00,13.5000
08114000,29.582222,-95.757500,2004-03-09 12:30:00,2004-03-10 23:00:00,413.4260,2004-03-09 22:00:00,9.5000
08114000,29.582222,-95.757500,2004-04-28 10:30:00,2004-05-12 14:00:00,761.7232,2004-05-06 02:00:00,183.5000
08114000,29.582222,-95.757500,2004-05-14 07:30:00,2004-05-16 04:30:00,1404.5156,2004-05-16 04:30:00,45.0000
08114000,29.582222,-95.757500,2004-05-18 05:00:00,2004-05-23 18:00:00,1883.0703,2004-05-18 22:00:00,17.0000
08114000,29.582222,-95.757500,2004-06-11 06:00:00,2004-06-12 04:30:00,648.4558,2004-06-12 04:30:00,22.5000
08114000,29.582222,-95.757500,2004-06-14 05:00:00,2004-06-28 04:30:00,1565.9216,2004-06-15 18:00:00,37.0000
08114000,29.582222,-95.757500,2004-07-03 05:00:00,2004-07-15 18:30:00,1928.3773,2004-07-03 05:30:00,0.5000
08114000,29.582222,-95.757500,2006-10-20 22:30:00,2006-10-23 23:00:00,495.5448,2006-10-21 20:30:00,22.0000
08114000,29.582222,-95.757500,2007-01-06 07:30:00,2007-01-07 16:00:00,421.9210,2007-01-06 20:30:00,13.0000
08114000,29.582222,-95.757500,2007-01-15 04:30:00,2007-01-15 05:30:00,475.7230,2007-01-15 05:30:00,1.0000
08114000,29.582222,-95.757500,2007-01-17 06:00:00,2007-01-25 05:30:00,1679.1890,2007-01-19 02:30:00,44.5000
08114000,29.582222,-95.757500,2007-03-15 03:45:00,2007-03-25 00:15:00,1829.2683,2007-03-17 19:00:00,63.2500
08114000,29.582222,-95.757500,2007-03-28 23:30:00,2007-04-17 18:15:00,1098.6936,2007-04-04 16:15:00,160.7500
08114000,29.582222,-95.757500,2007-05-04 04:00:00,2007-05-23 00:00:00,1676.3573,2007-05-08 13:15:00,105.2500
08114000,29.582222,-95.757500,2008-05-07 10:30:00,2008-05-08 05:15:00,421.9210,2008-05-07 16:30:00,6.0000
08114000,29.582222,-95.757500,2008-05-17 21:00:00,2008-05-21 06:15:00,722.0796,2008-05-19 07:30:00,34.5000
08114000,29.582222,-95.757500,2009-04-19 05:30:00,2009-04-22 03:15:00,812.6935,2009-04-20 12:30:00,31.0000
08114000,29.582222,-95.757500,2009-04-30 00:30:00,2009-05-01 11:15:00,532.3567,2009-04-30 13:30:00,13.0000
08114000,29.582222,-95.757500,2009-05-05 06:15:00,2009-05-09 19:15:00,506.8716,2009-05-06 16:30:00,34.2500
08114000,29.582222,-95.757500,2009-09-17 00:45:00,2009-09-18 13:00:00,489.8814,2009-09-17 15:45:00,15.0000
08114000,29.582222,-95.757500,2009-10-25 13:00:00,2009-11-13 21:15:00,1506.4562,2009-11-01 02:00:00,158.0000
08114000,29.582222,-95.757500,2009-12-05 17:30:00,2009-12-07 14:45:00,421.9210,2009-12-06 13:00:00,19.5000
08114000,29.582222,-95.757500,2010-04-24 15:30:00,2010-05-02 00:00:00,614.4756,2010-04-28 22:15:00,102.7500
08114000,29.582222,-95.757500,2010-06-12 07:15:00,2010-06-16 07:30:00,608.8122,2010-06-13 16:00:00,32.7500
08114000,29.582222,-95.757500,2010-09-12 15:00:00,2010-09-21 13:00:00,773.0499,2010-09-14 01:15:00,34.2500
08114000,29.582222,-95.757500,2012-01-29 05:45:00,2012-01-30 13:45:00,453.0695,2012-01-29 17:45:00,12.0000
08114000,29.582222,-95.757500,2012-02-06 13:45:00,2012-02-09 20:15:00,625.8023,2012-02-08 01:15:00,35.5000
08114000,29.582222,-95.757500,2012-02-19 21:15:00,2012-02-24 20:15:00,770.2182,2012-02-22 15:00:00,65.7500
08114000,29.582222,-95.757500,2012-03-13 05:15:00,2012-03-17 12:15:00,727.7430,2012-03-14 20:15:00,39.0000
08114000,29.582222,-95.757500,2012-03-22 06:30:00,2012-04-09 04:00:00,1438.4958,2012-03-26 03:45:00,93.2500
08114000,29.582222,-95.757500,2012-07-13 19:15:00,2012-07-14 10:45:00,419.0893,2012-07-14 00:15:00,5.0000
08114000,29.582222,-95.757500,2013-01-14 06:15:00,2013-01-14 16:00:00,396.4359,2013-01-14 08:00:00,1.7500
08114000,29.582222,-95.757500,2013-10-31 16:30:00,2013-11-08 03:45:00,1260.0997,2013-11-05 08:30:00,113.0000
08114000,29.582222,-95.757500,2013-11-10 04:45:00,2013-11-11 03:30:00,399.2675,2013-11-10 19:00:00,14.2500
08114000,29.582222,-95.757500,2013-11-27 16:15:00,2013-12-01 09:15:00,458.7329,2013-11-30 01:30:00,57.2500
08114000,29.582222,-95.757500,2014-05-14 20:30:00,2014-05-16 23:15:00,617.3073,2014-05-15 13:45:00,17.2500
08114000,29.582222,-95.757500,2014-05-29 01:15:00,2014-06-02 10:00:00,841.0103,2014-05-30 10:15:00,33.0000
08114000,29.582222,-95.757500,2015-01-25 15:30:00,2015-01-29 17:15:00,702.2578,2015-01-27 08:15:00,40.7500
08114000,29.582222,-95.757500,2015-03-10 21:15:00,2015-03-20 22:45:00,1262.9314,2015-03-14 03:15:00,78.0000
08114000,29.582222,-95.757500,2015-03-22 03:00:00,2015-03-27 11:45:00,880.6539,2015-03-23 20:00:00,41.0000
08114000,29.582222,-95.757500,2015-04-18 12:15:00,2015-04-20 12:30:00,407.7626,2015-04-19 19:45:00,31.5000
08114000,29.582222,-95.757500,2015-05-02 19:30:00,2015-05-04 13:00:00,441.7428,2015-05-03 13:30:00,18.0000
08114000,29.582222,-95.757500,2015-06-30 05:00:00,2015-07-23 03:30:00,1223.2878,2015-07-02 22:45:00,65.7500
08114000,29.582222,-95.757500,2016-03-10 19:30:00,2016-03-31 00:00:00,1636.7137,2016-03-17 13:30:00,161.0000
08143600,31.517222,-98.740278,1997-06-25 07:45:00,1997-06-27 17:15:00,373.7824,1997-06-26 13:15:00,29.5000
08143600,31.517222,-98.740278,1998-07-04 18:15:00,1998-07-04 21:00:00,274.9566,1998-07-04 19:15:00,1.0000
08143600,31.517222,-98.740278,2002-07-08 05:30:00,2002-07-11 12:15:00,778.7133,2002-07-09 07:45:00,26.2500
08143600,31.517222,-98.740278,2004-11-18 20:00:00,2004-11-20 17:30:00,325.6437,2004-11-19 19:30:00,23.5000
08143600,31.517222,-98.740278,2005-08-10 13:15:00,2005-08-10 20:00:00,356.7923,2005-08-10 15:45:00,2.5000
08143600,31.517222,-98.740278,2007-06-17 18:30:00,2007-06-18 14:15:00,455.9012,2007-06-18 01:15:00,6.7500
08143600,31.517222,-98.740278,2007-06-28 12:30:00,2007-07-02 05:45:00,396.4359,2007-06-30 13:45:00,49.2500
08143600,31.517222,-98.740278,2015-07-09 15:55:00,2015-07-11 23:55:00,399.2675,2015-07-10 20:00:00,28.0833
08143600,31.517222,-98.740278,2016-04-23 02:55:00,2016-04-24 01:15:00,271.5586,2016-04-23 13:30:00,10.5833
08143600,31.517222,-98.740278,2016-05-29 04:10:00,2016-05-30 10:55:00,288.8318,2016-05-29 21:10:00,17.0000
08143600,31.517222,-98.740278,2016-05-31 19:25:00,2016-06-02 03:40:00,370.9507,2016-06-02 03:05:00,31.6667
08146000,31.213056,-98.719167,1998-03-16 22:01:24,1998-03-17 08:01:36,243.5249,1998-03-17 03:00:00,4.9767
08146000,31.213056,-98.719167,2000-11-04 02:15:00,2000-11-05 15:45:00,1308.2383,2000-11-04 07:15:00,5.0000
08146000,31.213056,-98.719167,2000-11-06 18:30:00,2000-11-07 11:15:00,339.8022,2000-11-07 01:30:00,7.0000
08146000,31.213056,-98.719167,2004-06-09 17:30:00,2004-06-10 13:15:00,421.9210,2004-06-09 23:00:00,5.5000
08146000,31.213056,-98.719167,2004-11-18 07:00:00,2004-11-19 03:00:00,563.5052,2004-11-18 12:30:00,5.5000
08146000,31.213056,-98.719167,2007-06-29 01:15:00,2007-06-29 13:00:00,195.6694,2007-06-29 07:30:00,6.2500
08146000,31.213056,-98.719167,2007-07-15 04:15:00,2007-07-15 08:45:00,185.4753,2007-07-15 06:15:00,2.0000
08162000,29.308889,-96.103611,1991-01-11 18:00:00,1991-01-14 06:00:00,815.5252,1991-01-13 05:00:00,35.0000
08162000,29.308889,-96.103611,1991-01-19 16:00:00,1991-01-22 05:00:00,637.1290,1991-01-20 20:00:00,28.0000
08162000,29.308889,-96.103611,1991-02-06 08:00:00,1991-02-07 21:00:00,436.0794,1991-02-06 22:00:00,14.0000
08162000,29.308889,-96.103611,1991-04-07 04:00:00,1991-04-09 06:00:00,470.0597,1991-04-08 10:00:00,30.0000
08162000,29.308889,-96.103611,1991-04-15 14:00:00,1991-04-17 08:00:00,679.6043,1991-04-16 06:00:00,16.0000
08162000,29.308889,-96.103611,1991-04-19 14:00:00,1991-04-20 10:00:00,368.1190,1991-04-19 23:00:00,9.0000
08162000,29.308889,-96.103611,1991-12-22 15:00:00,1992-01-26 11:00:00,1752.8128,1991-12-27 22:00:00,127.0000
08162000,29.308889,-96.103611,1992-03-29 23:00:00,1992-04-01 05:00:00,319.9804,1992-03-31 23:00:00,48.0000
08162000,29.308889,-96.103611,1992-04-06 11:00:00,1992-04-08 05:00:00,450.2379,1992-04-06 22:00:00,11.0000
08162000,29.308889,-96.103611,1992-04-18 01:00:00,1992-04-22 19:00:00,509.7032,1992-04-21 07:00:00,78.0000
08162000,29.308889,-96.103611,1992-05-17 07:00:00,1992-05-27 17:00:00,914.6341,1992-05-24 04:00:00,165.0000
08162000,29.308889,-96.103611,1992-05-29 06:00:00,1992-06-20 16:00:00,1203.4660,1992-06-04 18:00:00,156.0000
08162000,29.308889,-96.103611,1993-04-08 22:00:00,1993-04-09 22:00:00,342.6338,1993-04-09 05:00:00,7.0000
08162000,29.308889,-96.103611,1993-05-06 22:00:00,1993-05-09 08:00:00,659.7825,1993-05-07 21:00:00,23.0000
08162000,29.308889,-96.103611,1993-06-20 17:00:00,1993-06-25 01:00:00,900.4757,1993-06-22 03:00:00,34.0000
08162000,29.308889,-96.103611,1994-05-16 06:00:00,1994-05-17 14:00:00,390.7725,1994-05-16 19:00:00,13.0000
08162000,29.308889,-96.103611,1994-10-18 07:00:00,1994-10-22 22:00:00,1404.5156,1994-10-20 14:00:00,55.0000
08162000,29.308889,-96.103611,1994-12-18 08:00:00,1994-12-20 02:00:00,557.8419,1994-12-19 05:00:00,21.0000
08162000,29.308889,-96.103611,1994-12-31 00:00:00,1995-01-01 10:00:00,427.5844,1994-12-31 16:00:00,16.0000
08162000,29.308889,-96.103611,1995-03-14 18:00:00,1995-03-17 08:00:00,600.3171,1995-03-16 12:00:00,42.0000
08162000,29.308889,-96.103611,1995-04-07 02:00:00,1995-04-08 23:00:00,373.7824,1995-04-07 14:00:00,12.0000
08162000,29.308889,-96.103611,1995-05-31 22:00:00,1995-06-10 04:00:00,993.9213,1995-06-03 19:00:00,69.0000
08162000,29.308889,-96.103611,1996-09-22 21:00:00,1996-09-23 18:00:00,336.9705,1996-09-23 06:00:00,9.0000
08162000,29.308889,-96.103611,1997-01-22 11:14:00,1997-01-23 20:37:00,498.3765,1997-01-23 00:29:00,13.2500
08162000,29.308889,-96.103611,1997-02-22 15:52:00,1997-02-22 19:42:00,294.4952,1997-02-22 17:27:00,1.5833
08162000,29.308889,-96.103611,1997-02-28 19:02:00,1997-03-04 20:37:00,481.3864,1997-03-02 18:12:00,47.1667
08162000,29.308889,-96.103611,1997-03-11 22:07:00,1997-03-23 23:07:00,866.4955,1997-03-19 03:07:00,173.0000
08162000,29.308889,-96.103611,1997-04-04 15:07:00,1997-04-09 11:36:00,376.6141,1997-04-05 21:07:00,30.0000
08162000,29.308889,-96.103611,1997-04-11 07:00:00,1997-04-12 06:05:00,433.2478,1997-04-11 13:00:00,6.0000
08162000,29.308889,-96.103611,1997-04-26 23:10:00,1997-04-28 04:10:00,631.4657,1997-04-27 18:10:00,19.0000
08162000,29.308889,-96.103611,1997-05-02 22:06:00,1997-05-06 01:06:00,342.6338,1997-05-04 15:06:00,41.0000
08162000,29.308889,-96.103611,1997-05-22 23:16:00,1997-05-24 03:16:00,328.4754,1997-05-23 10:16:00,11.0000
08162000,29.308889,-96.103611,1997-05-25 11:16:00,1997-05-27 17:16:00,385.1091,1997-05-26 03:16:00,16.0000
08162000,29.308889,-96.103611,1997-05-31 18:45:00,1997-06-01 19:45:00,317.1487,1997-06-01 07:15:00,12.5000
08162000,29.308889,-96.103611,1997-06-08 00:45:00,1997-06-20 17:30:00,690.9311,1997-06-13 08:00:00,127.2500
08162000,29.308889,-96.103611,1997-06-22 03:15:00,1997-06-24 04:45:00,385.1091,1997-06-22 13:45:00,10.5000
08162000,29.308889,-96.103611,1997-10-13 16:30:00,1997-10-16 09:45:00,713.5845,1997-10-15 06:30:00,38.0000
08162000,29.308889,-96.103611,1998-02-23 08:30:00,1998-02-24 12:30:00,356.7923,1998-02-23 22:15:00,13.7500
08162000,29.308889,-96.103611,1998-02-27 08:00:00,1998-03-01 06:45:00,487.0498,1998-02-28 00:15:00,16.2500
08162000,29.308889,-96.103611,1998-03-19 18:30:00,1998-03-25 05:45:00,351.1289,1998-03-22 20:45:00,74.2500
08162000,29.308889,-96.103611,1998-03-26 06:00:00,1998-03-27 07:00:00,348.2972,1998-03-26 06:15:00,0.2500
08162000,29.308889,-96.103611,1998-10-18 13:00:00,1998-10-20 04:45:00,1302.5749,1998-10-20 04:45:00,39.7500
08162000,29.308889,-96.103611,1998-10-21 05:00:00,1998-10-26 05:45:00,2118.1001,1998-10-23 09:45:00,52.7500
08162000,29.308889,-96.103611,1998-11-13 15:15:00,1998-11-19 09:30:00,1254.4363,1998-11-16 02:30:00,59.2500
08162000,29.308889,-96.103611,1998-12-13 08:00:00,1998-12-14 14:45:00,368.1190,1998-12-13 18:30:00,10.5000
08162000,29.308889,-96.103611,1999-06-27 00:15:00,1999-06-27 08:45:00,308.6536,1999-06-27 03:45:00,3.5000
08162000,29.308889,-96.103611,2000-11-06 10:00:00,2000-11-07 16:00:00,402.0992,2000-11-06 22:15:00,12.2500
08162000,29.308889,-96.103611,2000-11-20 03:15:00,2000-11-20 14:00:00,311.4853,2000-11-20 06:45:00,3.5000
08162000,29.308889,-96.103611,2001-03-15 19:00:00,2001-03-17 07:15:00,410.5943,2001-03-16 05:45:00,10.7500
08162000,29.308889,-96.103611,2001-03-29 19:15:00,2001-03-31 11:30:00,317.1487,2001-03-31 02:00:00,30.7500
08162000,29.308889,-96.103611,2001-10-14 16:00:00,2001-10-15 04:45:00,370.9507,2001-10-15 00:45:00,8.7500
08162000,29.308889,-96.103611,2001-11-18 18:30:00,2001-11-21 06:15:00,852.3371,2001-11-20 01:00:00,30.5000
08162000,29.308889,-96.103611,2001-12-18 03:00:00,2001-12-20 07:30:00,620.1389,2001-12-19 05:15:00,26.2500
08162000,29.308889,-96.103611,2002-04-09 18:15:00,2002-04-10 17:15:00,368.1190,2002-04-10 03:30:00,9.2500
08162000,29.308889,-96.103611,2002-07-05 21:45:00,2002-07-07 06:15:00,413.4260,2002-07-06 12:30:00,14.7500
08162000,29.308889,-96.103611,2002-07-08 23:15:00,2002-07-12 04:45:00,673.9409,2002-07-12 04:15:00,77.0000
08162000,29.308889,-96.103611,2002-07-13 05:00:00,2002-07-20 04:45:00,829.6836,2002-07-15 03:00:00,46.0000
08162000,29.308889,-96.103611,2002-10-25 21:15:00,2002-10-29 12:15:00,583.3270,2002-10-26 19:30:00,22.2500
08162000,29.308889,-96.103611,2002-11-05 03:45:00,2002-11-09 18:45:00,1302.5749,2002-11-08 06:30:00,74.7500
08162000,29.308889,-96.103611,2002-12-06 09:45:00,2002-12-07 04:30:00,311.4853,2002-12-06 14:15:00,4.5000
08162000,29.308889,-96.103611,2002-12-11 04:15:00,2002-12-15 21:45:00,535.1884,2002-12-14 05:00:00,72.7500
08162000,29.308889,-96.103611,2002-12-26 13:00:00,2002-12-27 01:15:00,302.9903,2002-12-26 17:30:00,4.5000
08162000,29.308889,-96.103611,2003-01-01 17:00:00,2003-01-02 17:30:00,302.9903,2003-01-02 00:15:00,7.2500
08162000,29.308889,-96.103611,2003-02-22 04:30:00,2003-03-01 06:00:00,1251.6046,2003-02-24 10:45:00,54.2500
08162000,29.308889,-96.103611,2003-03-04 20:00:00,2003-03-06 18:30:00,359.6240,2003-03-05 04:00:00,8.0000
08162000,29.308889,-96.103611,2004-02-12 17:45:00,2004-02-13 16:00:00,319.9804,2004-02-13 06:30:00,12.7500
08162000,29.308889,-96.103611,2004-06-09 14:30:00,2004-06-19 07:00:00,724.9113,2004-06-13 15:30:00,97.0000
08162000,29.308889,-96.103611,2004-06-24 14:45:00,2004-07-04 19:00:00,515.3666,2004-06-26 08:45:00,42.0000
08162000,29.308889,-96.103611,2004-11-20 03:45:00,2004-12-09 06:30:00,2072.7932,2004-11-26 21:45:00,162.0000
08162000,29.308889,-96.103611,2004-12-10 11:15:00,2004-12-11 12:45:00,294.4952,2004-12-10 14:00:00,2.7500
08162000,29.308889,-96.103611,2005-02-08 21:45:00,2005-02-10 16:15:00,419.0893,2005-02-09 13:30:00,15.7500
08162000,29.308889,-96.103611,2005-03-04 05:15:00,2005-03-06 08:30:00,368.1190,2005-03-05 09:30:00,28.2500
08162000,29.308889,-96.103611,2005-03-08 11:45:00,2005-03-10 18:00:00,342.6338,2005-03-09 15:00:00,27.2500
08162000,29.308889,-96.103611,2007-01-15 14:45:00,2007-01-18 07:45:00,702.2578,2007-01-17 03:30:00,36.7500
08162000,29.308889,-96.103611,2007-03-14 15:00:00,2007-03-17 18:45:00,671.1093,2007-03-15 17:15:00,26.2500
08162000,29.308889,-96.103611,2007-04-01 15:00:00,2007-04-03 10:00:00,404.9309,2007-04-02 03:00:00,12.0000
08162000,29.308889,-96.103611,2007-05-27 23:15:00,2007-06-01 20:30:00,489.8814,2007-05-30 04:30:00,53.2500
08162000,29.308889,-96.103611,2007-06-06 10:15:00,2007-06-08 01:30:00,385.1091,2007-06-07 07:30:00,21.2500
08162000,29.308889,-96.103611,2007-06-22 14:00:00,2007-06-27 05:15:00,552.1785,2007-06-24 06:00:00,40.0000
08162000,29.308889,-96.103611,2007-06-30 12:45:00,2007-07-02 04:45:00,651.2875,2007-07-02 04:30:00,39.7500
08162000,29.308889,-96.103611,2007-07-03 05:00:00,2007-07-07 04:45:00,928.7926,2007-07-07 03:45:00,94.7500
08162000,29.308889,-96.103611,2007-08-04 21:30:00,2007-08-05 12:00:00,308.6536,2007-08-05 03:30:00,6.0000
08162000,29.308889,-96.103611,2007-11-19 05:45:00,2007-11-20 23:45:00,580.4954,2007-11-19 18:45:00,13.0000
08162000,29.308889,-96.103611,2009-04-18 16:30:00,2009-04-21 00:30:00,874.9906,2009-04-19 09:00:00,16.5000
08162000,29.308889,-96.103611,2009-10-05 12:15:00,2009-10-07 01:15:00,393.6042,2009-10-06 00:00:00,11.7500
08162000,29.308889,-96.103611,2009-10-28 09:15:00,2009-10-29 06:15:00,342.6338,2009-10-28 16:15:00,7.0000
08162000,29.308889,-96.103611,2010-02-13 06:30:00,2010-02-15 05:30:00,453.0695,2010-02-14 01:15:00,18.7500
08162000,29.308889,-96.103611,2010-09-11 13:15:00,2010-09-12 18:30:00,410.5943,2010-09-12 02:00:00,12.7500
08162000,29.308889,-96.103611,2012-01-27 11:15:00,2012-01-29 17:00:00,654.1192,2012-01-28 16:00:00,28.7500
08162000,29.308889,-96.103611,2012-02-19 14:45:00,2012-02-21 15:30:00,487.0498,2012-02-20 06:15:00,15.5000
08162000,29.308889,-96.103611,2012-03-12 21:15:00,2012-03-14 03:30:00,424.7527,2012-03-13 10:00:00,12.7500
08162000,29.308889,-96.103611,2012-03-21 21:30:00,2012-03-24 15:15:00,673.9409,2012-03-23 06:45:00,33.2500
08162000,29.308889,-96.103611,2013-10-17 08:30:00,2013-10-18 00:15:00,336.9705,2013-10-17 14:00:00,5.5000
08162000,29.308889,-96.103611,2013-11-02 12:15:00,2013-11-05 16:00:00,903.3074,2013-11-04 12:45:00,49.5000
08162000,29.308889,-96.103611,2014-05-14 11:40:00,2014-05-15 19:25:00,393.6042,2014-05-14 23:05:00,11.4167
08162000,29.308889,-96.103611,2014-05-29 01:20:00,2014-05-31 03:10:00,430.4161,2014-05-29 15:25:00,14.0833
08162000,29.308889,-96.103611,2015-01-25 13:10:00,2015-01-26 14:50:00,345.4655,2015-01-26 01:05:00,11.9167
08162000,29.308889,-96.103611,2015-03-10 17:20:00,2015-03-13 15:10:00,588.9904,2015-03-11 11:50:00,18.5000
08162000,29.308889,-96.103611,2015-03-22 18:45:00,2015-03-24 06:05:00,424.7527,2015-03-23 07:35:00,12.8333
08162000,29.308889,-96.103611,2015-04-19 07:05:00,2015-04-20 07:50:00,368.1190,2015-04-19 17:25:00,10.3333
08162000,29.308889,-96.103611,2015-04-26 19:50:00,2015-04-27 15:20:00,385.1091,2015-04-27 04:05:00,8.2500
08162000,29.308889,-96.103611,2015-05-17 02:20:00,2015-05-17 07:55:00,294.4952,2015-05-17 05:10:00,2.8333
08162000,29.308889,-96.103611,2015-05-19 09:55:00,2015-05-22 08:00:00,784.3767,2015-05-20 20:20:00,34.4167
08162000,29.308889,-96.103611,2015-05-26 00:20:00,2015-06-02 16:00:00,1489.4661,2015-05-31 02:05:00,121.7500
08162000,29.308889,-96.103611,2015-06-17 15:30:00,2015-06-21 20:35:00,906.1391,2015-06-19 05:00:00,37.5000
08162000,29.308889,-96.103611,2015-10-26 04:20:00,2015-10-29 09:00:00,778.7133,2015-10-27 19:00:00,38.6667
08162000,29.308889,-96.103611,2015-11-01 23:30:00,2015-11-05 20:30:00,1112.8521,2015-11-04 14:50:00,63.3333
08162000,29.308889,-96.103611,2015-11-19 00:55:00,2015-11-20 04:30:00,399.2675,2015-11-19 12:20:00,11.4167
08162000,29.308889,-96.103611,2015-12-14 15:00:00,2015-12-16 09:45:00,450.2379,2015-12-15 08:00:00,17.0000
08162000,29.308889,-96.103611,2016-03-11 08:50:00,2016-03-14 00:10:00,535.1884,2016-03-12 10:40:00,25.8333
08162000,29.308889,-96.103611,2016-04-19 01:35:00,2016-05-01 06:25:00,1843.4267,2016-04-22 02:50:00,73.2500
08162000,29.308889,-96.103611,2016-05-20 11:45:00,2016-05-24 20:25:00,860.8321,2016-05-23 06:55:00,67.1667
08162000,29.308889,-96.103611,2016-05-28 04:10:00,2016-06-02 04:55:00,1741.4861,2016-05-31 20:10:00,88.0000
08173000,29.699444,-97.603333,1991-12-21 11:00:00,1991-12-24 12:00:00,758.8915,1991-12-22 04:00:00,17.0000
08173000,29.699444,-97.603333,1991-12-27 05:00:00,1991-12-27 17:00:00,139.8852,1991-12-27 11:00:00,6.0000
08173000,29.699444,-97.603333,1992-01-27 13:00:00,1992-01-28 17:00:00,190.0060,1992-01-27 21:00:00,8.0000
08173000,29.699444,-97.603333,1992-02-04 05:00:00,1992-02-06 08:00:00,362.4556,1992-02-04 23:00:00,18.0000
08173000,29.699444,-97.603333,1992-02-23 00:00:00,1992-02-26 12:00:00,278.9209,1992-02-25 09:00:00,57.0000
08173000,29.699444,-97.603333,1992-03-04 14:00:00,1992-03-06 05:00:00,351.1289,1992-03-05 00:00:00,10.0000
08173000,29.699444,-97.603333,1992-05-22 20:00:00,1992-05-23 21:00:00,172.7328,1992-05-23 12:00:00,16.0000
08173000,29.699444,-97.603333,1993-03-23 19:00:00,1993-03-24 03:00:00,163.1050,1993-03-23 23:00:00,4.0000
08173000,29.699444,-97.603333,1993-05-06 03:00:00,1993-05-07 04:00:00,182.6437,1993-05-06 12:00:00,9.0000
08173000,29.699444,-97.603333,2001-12-16 12:15:00,2001-12-17 00:45:00,141.3011,2001-12-16 14:15:00,2.0000
08173000,29.699444,-97.603333,2002-07-03 10:30:00,2002-07-03 16:00:00,141.3011,2002-07-03 13:00:00,2.5000
08173000,29.699444,-97.603333,2002-10-09 08:15:00,2002-10-10 04:45:00,396.4359,2002-10-09 15:15:00,7.0000
08173000,29.699444,-97.603333,2002-10-25 01:45:00,2002-10-26 04:45:00,246.3566,2002-10-25 10:45:00,9.0000
08173000,29.699444,-97.603333,2002-11-05 01:00:00,2002-11-06 23:15:00,427.5844,2002-11-05 15:00:00,14.0000
08173000,29.699444,-97.603333,2002-12-04 19:15:00,2002-12-05 15:30:00,188.8734,2002-12-05 04:45:00,9.5000
08173000,29.699444,-97.603333,2003-02-20 22:15:00,2003-02-22 17:30:00,319.9804,2003-02-21 09:00:00,10.7500
08173000,29.699444,-97.603333,2004-06-10 04:30:00,2004-06-12 01:15:00,302.9903,2004-06-10 21:15:00,16.7500
08173000,29.699444,-97.603333,2004-07-01 04:30:00,2004-07-02 14:00:00,173.8654,2004-07-01 13:30:00,9.0000
08173000,29.699444,-97.603333,2004-11-18 19:45:00,2004-11-19 03:15:00,140.1684,2004-11-19 00:15:00,4.5000
08173000,29.699444,-97.603333,2007-03-14 06:00:00,2007-03-15 10:15:00,177.8298,2007-03-14 18:00:00,12.0000
08173000,29.699444,-97.603333,2009-11-21 08:00:00,2009-11-21 13:45:00,137.0535,2009-11-21 10:45:00,2.7500
08173000,29.699444,-97.603333,2010-02-12 09:45:00,2010-02-13 05:45:00,181.7942,2010-02-12 20:15:00,10.5000
08173000,29.699444,-97.603333,2010-04-17 03:00:00,2010-04-17 21:30:00,274.1071,2010-04-17 10:00:00,7.0000
08173000,29.699444,-97.603333,2012-01-25 18:45:00,2012-01-27 03:45:00,540.8518,2012-01-26 03:30:00,8.7500
08173000,29.699444,-97.603333,2012-03-20 21:30:00,2012-03-22 05:00:00,183.7763,2012-03-21 18:00:00,20.5000
08173000,29.699444,-97.603333,2013-10-31 23:00:00,2013-11-02 06:00:00,543.6835,2013-11-01 04:15:00,5.2500
08173000,29.699444,-97.603333,2015-04-24 17:15:00,2015-04-25 21:45:00,185.1922,2015-04-24 23:45:00,6.5000
08173000,29.699444,-97.603333,2015-05-18 06:00:00,2015-05-19 15:15:00,156.5922,2015-05-19 07:45:00,25.7500
08173000,29.699444,-97.603333,2015-05-24 12:15:00,2015-05-26 04:45:00,256.5506,2015-05-24 23:30:00,11.2500
08173000,29.699444,-97.603333,2015-05-31 08:30:00,2015-05-31 14:00:00,135.6377,2015-05-31 10:45:00,2.2500
08173000,29.699444,-97.603333,2015-10-31 12:00:00,2015-11-02 01:30:00,447.4062,2015-10-31 16:30:00,4.5000
08173000,29.699444,-97.603333,2016-05-20 15:00:00,2016-05-21 20:00:00,211.5268,2016-05-21 07:00:00,16.0000
08173000,29.699444,-97.603333,2016-05-28 06:15:00,2016-05-29 11:45:00,248.6219,2016-05-28 17:00:00,10.7500
08189500,28.291667,-97.278889,1991-10-31 12:00:00,1991-10-31 23:00:00,107.3208,1991-10-31 17:00:00,5.0000
08189500,28.291667,-97.278889,1992-04-18 22:00:00,1992-04-20 15:00:00,172.4496,1992-04-19 18:00:00,20.0000
08189500,28.291667,-97.278889,1992-05-18 22:00:00,1992-05-19 08:00:00,107.0377,1992-05-19 01:00:00,3.0000
08189500,28.291667,-97.278889,1992-06-08 04:00:00,1992-06-09 13:00:00,141.3011,1992-06-08 21:00:00,17.0000
08189500,28.291667,-97.278889,1993-02-10 13:00:00,1993-02-12 12:00:00,174.9981,1993-02-11 16:00:00,27.0000
08189500,28.291667,-97.278889,1993-03-13 17:00:00,1993-03-14 01:00:00,104.4892,1993-03-13 21:00:00,4.0000
08189500,28.291667,-97.278889,1993-05-25 05:00:00,1993-05-25 16:00:00,106.7545,1993-05-25 14:00:00,9.0000
08189500,28.291667,-97.278889,1993-06-20 08:00:00,1993-06-24 12:00:00,195.9526,1993-06-23 08:00:00,72.0000
08189500,28.291667,-97.278889,1994-03-17 05:00:00,1994-03-18 07:00:00,131.1070,1994-03-17 18:00:00,13.0000
08189500,28.291667,-97.278889,1994-05-16 18:00:00,1994-05-17 12:00:00,109.0199,1994-05-17 01:00:00,7.0000
08189500,28.291667,-97.278889,1994-10-19 21:00:00,1994-10-21 23:00:00,221.7209,1994-10-20 20:00:00,23.0000
08189500,28.291667,-97.278889,1996-06-27 11:00:00,1996-06-27 18:00:00,103.3565,1996-06-27 14:00:00,3.0000
08189500,28.291667,-97.278889,1997-03-19 05:00:00,1997-03-21 02:00:00,160.8397,1997-03-20 07:00:00,26.0000
08189500,28.291667,-97.278889,1997-04-05 01:00:00,1997-04-07 07:00:00,251.1704,1997-04-05 23:00:00,22.0000
08189500,28.291667,-97.278889,1997-10-11 23:00:00,1997-10-16 09:00:00,305.8219,1997-10-14 17:00:00,66.0000
08189500,28.291667,-97.278889,1998-08-22 20:00:00,1998-08-24 10:15:00,139.8852,1998-08-23 16:15:00,20.2500
08189500,28.291667,-97.278889,1998-09-17 06:15:00,1998-09-19 01:30:00,130.2575,1998-09-18 06:45:00,24.5000
08189500,28.291667,-97.278889,1998-10-18 22:15:00,1998-10-22 13:15:00,453.0695,1998-10-20 01:15:00,27.0000
08189500,28.291667,-97.278889,1998-11-15 07:30:00,1998-11-17 09:45:00,187.4575,1998-11-16 07:15:00,23.7500
08189500,28.291667,-97.278889,2001-05-07 04:45:00,2001-05-09 00:30:00,212.6595,2001-05-07 22:30:00,17.7500
08189500,28.291667,-97.278889,2001-08-31 11:30:00,2001-09-04 14:30:00,1328.0601,2001-09-01 21:30:00,34.0000
08189500,28.291667,-97.278889,2001-11-17 04:15:00,2001-11-20 01:15:00,461.5646,2001-11-18 04:15:00,24.0000
08189500,28.291667,-97.278889,2002-07-18 00:45:00,2002-07-18 14:45:00,111.0020,2002-07-18 06:00:00,5.2500
08189500,28.291667,-97.278889,2002-09-17 18:15:00,2002-09-17 22:30:00,102.5070,2002-09-17 18:45:00,0.5000
08189500,28.291667,-97.278889,2002-10-25 23:30:00,2002-10-27 23:30:00,188.3070,2002-10-27 00:45:00,25.2500
08189500,28.291667,-97.278889,2002-11-06 06:15:00,2002-11-07 01:45:00,115.2496,2002-11-06 16:00:00,9.7500
08189500,28.291667,-97.278889,2003-09-20 08:45:00,2003-09-21 16:45:00,119.4971,2003-09-20 21:45:00,13.0000
08189500,28.291667,-97.278889,2004-04-04 07:30:00,2004-04-09 19:45:00,314.3170,2004-04-08 05:30:00,94.0000
08189500,28.291667,-97.278889,2004-05-14 08:15:00,2004-05-17 12:45:00,322.8121,2004-05-15 23:30:00,39.2500
08189500,28.291667,-97.278889,2005-03-07 01:15:00,2005-03-09 17:15:00,253.1526,2005-03-08 07:45:00,30.5000
08189500,28.291667,-97.278889,2007-01-28 19:15:00,2007-01-29 12:15:00,112.4179,2007-01-29 03:45:00,8.5000
08189500,28.291667,-97.278889,2007-03-15 12:00:00,2007-03-16 18:45:00,133.3723,2007-03-16 06:30:00,18.5000
08189500,28.291667,-97.278889,2007-04-02 06:00:00,2007-04-02 23:45:00,113.2674,2007-04-02 18:00:00,12.0000
08189500,28.291667,-97.278889,2007-07-03 07:00:00,2007-07-09 02:45:00,385.1091,2007-07-06 17:00:00,82.0000
08189500,28.291667,-97.278889,2007-07-27 08:45:00,2007-07-28 07:00:00,112.1347,2007-07-27 20:00:00,11.2500
08189500,28.291667,-97.278889,2009-10-05 18:45:00,2009-10-06 03:15:00,104.7723,2009-10-05 23:00:00,4.2500
08189500,28.291667,-97.278889,2009-11-21 11:45:00,2009-11-23 19:00:00,176.4140,2009-11-22 17:45:00,30.0000
08189500,28.291667,-97.278889,2010-01-16 14:45:00,2010-01-18 00:15:00,132.8060,2010-01-17 08:30:00,17.7500
08189500,28.291667,-97.278889,2010-02-04 23:45:00,2010-02-06 09:00:00,139.0357,2010-02-05 16:00:00,16.2500
08189500,28.291667,-97.278889,2010-09-20 08:30:00,2010-09-22 23:00:00,178.1130,2010-09-21 22:00:00,37.5000
08189500,28.291667,-97.278889,2013-05-27 06:00:00,2013-05-28 14:15:00,117.7981,2013-05-27 19:30:00,13.5000
08189500,28.291667,-97.278889,2015-04-19 19:45:00,2015-04-21 01:00:00,120.0634,2015-04-20 12:30:00,16.7500
08189500,28.291667,-97.278889,2015-05-17 00:00:00,2015-05-19 03:00:00,163.3882,2015-05-18 04:00:00,28.0000
08189500,28.291667,-97.278889,2015-06-19 08:00:00,2015-06-20 00:30:00,111.2852,2015-06-19 15:45:00,7.7500
08208000,28.621944,-98.281111,1991-12-22 08:00:00,1991-12-25 11:00:00,255.1348,1991-12-23 13:00:00,29.0000
08208000,28.621944,-98.281111,1991-12-27 09:00:00,1991-12-29 04:00:00,143.2832,1991-12-28 03:00:00,18.0000
08208000,28.621944,-98.281111,1992-01-28 04:00:00,1992-01-29 22:00:00,147.2476,1992-01-28 18:00:00,14.0000
08208000,28.621944,-98.281111,1992-02-03 20:00:00,1992-02-07 18:00:00,223.4199,1992-02-05 20:00:00,48.0000
08208000,28.621944,-98.281111,1992-02-24 08:00:00,1992-02-27 18:00:00,192.8377,1992-02-26 07:00:00,47.0000
08208000,28.621944,-98.281111,1992-04-27 03:00:00,1992-04-29 01:00:00,156.0258,1992-04-27 18:00:00,15.0000
08208000,28.621944,-98.281111,1992-11-21 08:00:00,1992-11-23 00:00:00,204.4476,1992-11-21 19:00:00,11.0000
08208000,28.621944,-98.281111,1993-05-25 03:00:00,1993-05-27 05:00:00,246.0734,1993-05-25 20:00:00,17.0000
08208000,28.621944,-98.281111,1993-06-28 05:00:00,1993-06-30 13:00:00,348.2972,1993-06-28 23:00:00,18.0000
08208000,28.621944,-98.281111,1994-04-30 08:00:00,1994-05-01 11:00:00,156.3090,1994-04-30 19:00:00,11.0000
08208000,28.621944,-98.281111,1994-05-16 13:00:00,1994-05-17 21:00:00,163.3882,1994-05-17 01:00:00,12.0000
08208000,28.621944,-98.281111,1996-08-31 14:00:00,1996-09-01 10:00:00,132.5228,1996-08-31 22:00:00,8.0000
08208000,28.621944,-98.281111,1997-06-23 08:00:00,1997-06-23 23:00:00,84.1010,1997-06-23 16:00:00,8.0000
08208000,28.621944,-98.281111,1999-03-29 22:00:00,1999-03-30 18:45:00,109.5862,1999-03-30 06:15:00,8.2500
08208000,28.621944,-98.281111,1999-06-27 21:00:00,1999-06-28 08:45:00,83.8179,1999-06-28 02:30:00,5.5000
08208000,28.621944,-98.281111,2000-06-11 22:45:00,2000-06-13 17:15:00,110.1525,2000-06-12 21:30:00,22.7500
08208000,28.621944,-98.281111,2001-11-15 05:00:00,2001-11-17 10:30:00,515.3666,2001-11-15 10:00:00,5.0000
08208000,28.621944,-98.281111,2002-07-02 06:00:00,2002-07-09 05:15:00,300.1586,2002-07-03 03:00:00,21.0000
08208000,28.621944,-98.281111,2002-07-15 11:00:00,2002-07-16 06:00:00,103.3565,2002-07-15 18:15:00,7.2500
08208000,28.621944,-98.281111,2002-09-10 03:00:00,2002-09-13 08:45:00,373.7824,2002-09-11 09:45:00,30.7500
08208000,28.621944,-98.281111,2002-09-17 06:30:00,2002-09-17 23:30:00,91.7466,2002-09-17 13:45:00,7.2500
08208000,28.621944,-98.281111,2002-10-25 12:15:00,2002-10-28 17:45:00,248.9051,2002-10-26 19:30:00,31.2500
08208000,28.621944,-98.281111,2002-11-05 12:15:00,2002-11-08 07:45:00,278.3546,2002-11-06 20:30:00,32.2500
08208000,28.621944,-98.281111,2002-12-14 06:00:00,2002-12-14 18:00:00,84.6674,2002-12-14 11:00:00,5.0000
08208000,28.621944,-98.281111,2003-07-17 15:45:00,2003-07-19 10:00:00,152.3446,2003-07-18 09:00:00,17.2500
08208000,28.621944,-98.281111,2003-09-20 07:00:00,2003-09-21 23:45:00,206.9961,2003-09-20 21:15:00,14.2500
08208000,28.621944,-98.281111,2004-04-26 09:30:00,2004-04-27 06:30:00,90.3307,2004-04-26 19:00:00,9.5000
08208000,28.621944,-98.281111,2004-06-12 22:45:00,2004-06-13 13:45:00,83.2515,2004-06-13 06:45:00,8.0000
08208000,28.621944,-98.281111,2004-06-24 19:15:00,2004-06-25 18:45:00,95.4278,2004-06-25 03:00:00,7.7500
08208000,28.621944,-98.281111,2004-07-03 03:45:00,2004-07-04 00:15:00,82.9684,2004-07-03 15:15:00,11.5000
08208000,28.621944,-98.281111,2007-03-14 16:00:00,2007-03-17 07:15:00,433.2478,2007-03-15 13:45:00,21.7500
08208000,28.621944,-98.281111,2007-05-29 18:30:00,2007-05-30 13:15:00,92.5961,2007-05-30 03:00:00,8.5000
08208000,28.621944,-98.281111,2007-06-19 01:30:00,2007-06-19 09:30:00,80.1367,2007-06-19 04:45:00,3.2500
08208000,28.621944,-98.281111,2007-06-30 04:15:00,2007-07-02 03:30:00,119.7803,2007-07-01 03:45:00,23.5000
08208000,28.621944,-98.281111,2007-07-04 16:15:00,2007-07-09 06:15:00,359.6240,2007-07-06 05:15:00,37.0000
08208000,28.621944,-98.281111,2007-07-22 03:15:00,2007-07-24 13:00:00,265.0457,2007-07-22 15:15:00,12.0000
08208000,28.621944,-98.281111,2007-07-26 05:30:00,2007-07-29 19:45:00,264.7625,2007-07-28 01:15:00,43.7500
08208000,28.621944,-98.281111,2010-01-17 07:45:00,2010-01-18 19:30:00,131.9565,2010-01-17 22:15:00,14.5000
08208000,28.621944,-98.281111,2010-04-18 06:30:00,2010-04-20 16:30:00,138.7525,2010-04-19 13:00:00,30.5000
08208000,28.621944,-98.281111,2010-06-11 19:30:00,2010-06-12 10:30:00,86.9327,2010-06-12 02:15:00,6.7500
08208000,28.621944,-98.281111,2014-05-28 21:15:00,2014-05-29 22:15:00,96.2773,2014-05-29 10:15:00,13.0000
08208000,28.621944,-98.281111,2015-03-22 11:45:00,2015-03-24 02:00:00,127.4258,2015-03-23 06:45:00,19.0000
08208000,28.621944,-98.281111,2015-04-24 21:00:00,2015-04-25 20:30:00,98.2595,2015-04-25 05:45:00,8.7500
08208000,28.621944,-98.281111,2015-05-15 07:15:00,2015-05-21 06:30:00,475.7230,2015-05-17 14:30:00,55.2500
08210000,28.427222,-98.177778,1991-12-22 23:00:00,1991-12-26 18:00:00,249.1883,1991-12-25 03:00:00,52.0000
08210000,28.427222,-98.177778,1991-12-28 13:00:00,1991-12-30 00:00:00,138.4694,1991-12-29 07:00:00,18.0000
08210000,28.427222,-98.177778,1992-01-29 05:00:00,1992-01-30 20:00:00,143.5664,1992-01-29 23:00:00,18.0000
08210000,28.427222,-98.177778,1992-02-04 13:00:00,1992-02-09 08:00:00,258.2496,1992-02-07 07:00:00,66.0000
08210000,28.427222,-98.177778,1992-02-25 11:00:00,1992-02-28 19:00:00,190.2892,1992-02-27 11:00:00,48.0000
08210000,28.427222,-98.177778,1992-04-28 05:00:00,1992-04-30 00:00:00,148.0971,1992-04-29 02:00:00,21.0000
08210000,28.427222,-98.177778,1992-05-18 02:00:00,1992-05-25 14:00:00,202.1823,1992-05-23 05:00:00,123.0000
08210000,28.427222,-98.177778,1992-06-03 14:00:00,1992-06-05 20:00:00,120.3466,1992-06-05 11:00:00,45.0000
08210000,28.427222,-98.177778,1992-06-09 16:00:00,1992-06-11 23:00:00,130.5407,1992-06-10 18:00:00,26.0000
08210000,28.427222,-98.177778,1992-11-22 14:00:00,1992-11-23 21:00:00,146.6813,1992-11-23 06:00:00,16.0000
08210000,28.427222,-98.177778,1993-05-26 07:00:00,1993-05-28 06:00:00,184.9090,1993-05-27 07:00:00,24.0000
08210000,28.427222,-98.177778,1993-06-29 03:00:00,1993-07-01 20:00:00,258.2496,1993-06-30 18:00:00,39.0000
08210000,28.427222,-98.177778,1994-05-17 20:00:00,1994-05-18 11:00:00,124.5941,1994-05-18 03:00:00,7.0000
08210000,28.427222,-98.177778,1997-06-22 10:00:00,1997-06-25 12:00:00,182.6437,1997-06-23 10:00:00,24.0000
08210000,28.427222,-98.177778,1997-07-11 10:51:00,1997-07-12 17:00:00,118.0813,1997-07-11 20:51:00,10.0000
08210000,28.427222,-98.177778,1998-09-06 22:00:00,1998-09-13 04:45:00,280.3368,1998-09-09 10:30:00,60.5000
08210000,28.427222,-98.177778,1999-09-05 01:45:00,1999-09-07 17:30:00,127.7090,1999-09-06 09:15:00,31.5000
08210000,28.427222,-98.177778,2001-09-07 20:45:00,2001-09-10 09:45:00,160.2734,2001-09-08 21:15:00,24.5000
08210000,28.427222,-98.177778,2001-11-15 23:30:00,2001-11-19 10:45:00,353.9606,2001-11-17 07:30:00,32.0000
08210000,28.427222,-98.177778,2001-11-22 20:45:00,2001-11-26 16:45:00,194.5367,2001-11-24 09:45:00,37.0000
08210000,28.427222,-98.177778,2001-12-04 14:00:00,2001-12-05 12:00:00,118.9308,2001-12-05 01:15:00,11.2500
08210000,28.427222,-98.177778,2002-09-10 09:00:00,2002-09-26 09:45:00,1373.3671,2002-09-13 00:00:00,63.0000
08210000,28.427222,-98.177778,2003-07-16 13:30:00,2003-07-21 14:45:00,181.2278,2003-07-19 20:15:00,78.7500
08210000,28.427222,-98.177778,2003-09-21 18:30:00,2003-09-22 20:30:00,129.9743,2003-09-22 08:15:00,13.7500
08210000,28.427222,-98.177778,2003-10-12 22:30:00,2003-10-26 09:15:00,518.1983,2003-10-19 15:00:00,160.5000
08210000,28.427222,-98.177778,2004-04-06 23:15:00,2004-04-08 20:00:00,132.8060,2004-04-07 22:00:00,22.7500
08210000,28.427222,-98.177778,2004-04-13 11:45:00,2004-04-16 22:45:00,144.6991,2004-04-15 00:15:00,36.5000
08210000,28.427222,-98.177778,2004-04-26 04:30:00,2004-05-01 09:30:00,187.7407,2004-04-28 03:45:00,47.2500
08210000,28.427222,-98.177778,2004-05-02 09:45:00,2004-05-04 21:15:00,122.3288,2004-05-04 01:30:00,39.7500
08210000,28.427222,-98.177778,2004-07-01 21:45:00,2004-07-14 22:15:00,244.0912,2004-07-04 08:45:00,59.0000
08210000,28.427222,-98.177778,2007-03-15 04:00:00,2007-03-18 15:15:00,270.4259,2007-03-17 07:00:00,51.0000
08210000,28.427222,-98.177778,2007-07-22 16:15:00,2007-08-04 17:00:00,416.2576,2007-07-29 07:45:00,159.5000
08210000,28.427222,-98.177778,2007-08-09 03:30:00,2007-08-11 23:00:00,158.5743,2007-08-10 03:45:00,24.2500
08210000,28.427222,-98.177778,2007-08-18 17:15:00,2007-08-22 01:30:00,118.0813,2007-08-21 08:15:00,63.0000
08210000,28.427222,-98.177778,2010-01-18 21:45:00,2010-01-19 10:45:00,118.3644,2010-01-19 02:15:00,4.5000
08210000,28.427222,-98.177778,2010-04-16 17:00:00,2010-04-21 14:00:00,183.7763,2010-04-17 10:45:00,17.7500
08210000,28.427222,-98.177778,2013-05-26 01:00:00,2013-05-27 09:30:00,179.8120,2013-05-26 18:15:00,17.2500
08210000,28.427222,-98.177778,2013-10-19 09:45:00,2013-10-30 08:15:00,478.5547,2013-10-21 09:45:00,48.0000
08210000,28.427222,-98.177778,2015-05-15 22:15:00,2015-05-22 21:00:00,424.7527,2015-05-19 04:30:00,78.2500
08210000,28.427222,-98.177778,2015-05-31 12:30:00,2015-06-10 22:45:00,260.5150,2015-06-03 04:45:00,64.2500
08067000,30.057500,-94.818056,1991-02-22 12:00:00,1991-03-08 01:00:00,713.5845,1991-02-23 21:00:00,33.0000
08067000,30.057500,-94.818056,1992-05-30 06:00:00,1992-06-17 04:00:00,761.7232,1992-06-07 18:00:00,204.0000
08067000,30.057500,-94.818056,1992-12-17 06:00:00,1993-01-02 23:00:00,860.8321,1992-12-21 12:00:00,102.0000
08067000,30.057500,-94.818056,1993-01-11 00:00:00,1993-01-19 11:00:00,722.0796,1993-01-15 04:00:00,100.0000
08067000,30.057500,-94.818056,1993-01-20 16:00:00,1993-01-26 17:00:00,821.1886,1993-01-22 10:00:00,42.0000
08067000,30.057500,-94.818056,1993-05-08 07:00:00,1993-05-19 09:00:00,753.2281,1993-05-14 19:00:00,156.0000
08067000,30.057500,-94.818056,1993-06-21 19:00:00,1993-07-06 22:00:00,2018.9912,1993-06-30 00:00:00,197.0000
08067000,30.057500,-94.818056,1993-11-03 03:00:00,1993-11-08 02:00:00,639.9607,1993-11-06 14:00:00,83.0000
08067000,30.057500,-94.818056,1994-05-12 20:00:00,1994-06-08 07:00:00,957.1094,1994-05-18 02:00:00,126.0000
08067000,30.057500,-94.818056,1994-10-18 05:00:00,1994-11-02 21:00:00,3822.7743,1994-10-21 10:00:00,77.0000
08067000,30.057500,-94.818056,1994-12-17 05:00:00,1995-01-08 15:00:00,1565.9216,1994-12-23 17:00:00,156.0000
08067000,30.057500,-94.818056,1995-03-09 18:00:00,1995-03-10 08:00:00,588.9904,1995-03-09 20:00:00,2.0000
08067000,30.057500,-94.818056,1998-02-18 05:30:00,1998-02-21 21:00:00,631.4657,1998-02-19 07:45:00,26.2500
08067000,30.057500,-94.818056,1998-02-24 12:00:00,1998-03-12 22:30:00,852.3371,1998-03-01 12:45:00,120.7500
08067000,30.057500,-94.818056,1998-10-20 17:00:00,1998-10-26 13:45:00,818.3569,1998-10-22 06:45:00,37.7500
08067000,30.057500,-94.818056,1998-11-14 01:00:00,1998-11-27 05:45:00,1880.2386,1998-11-18 09:30:00,104.5000
08067000,30.057500,-94.818056,1998-12-12 07:30:00,1998-12-23 05:45:00,1095.8620,1998-12-16 06:00:00,94.5000
08067000,30.057500,-94.818056,1998-12-25 06:00:00,1998-12-29 21:45:00,897.6440,1998-12-25 09:00:00,3.0000
08067000,30.057500,-94.818056,1999-01-31 08:00:00,1999-02-15 01:30:00,1231.7828,1999-02-07 07:45:00,167.7500
08067000,30.057500,-94.818056,1999-04-05 09:00:00,1999-04-07 00:15:00,696.5944,1999-04-06 04:15:00,19.2500
08067000,30.057500,-94.818056,1999-06-27 05:00:00,1999-06-29 17:00:00,852.3371,1999-06-27 22:15:00,17.2500
08067000,30.057500,-94.818056,2000-11-07 21:00:00,2000-11-14 04:00:00,679.6043,2000-11-08 15:45:00,18.7500
08067000,30.057500,-94.818056,2001-01-19 16:15:00,2001-02-02 12:45:00,914.6341,2001-01-23 05:45:00,85.5000
08067000,30.057500,-94.818056,2001-06-09 02:45:00,2001-06-19 11:00:00,1648.0405,2001-06-13 22:00:00,115.2500
08067000,30.057500,-94.818056,2002-02-10 06:30:00,2002-02-18 05:15:00,594.6538,2002-02-16 13:00:00,150.5000
08067000,30.057500,-94.818056,2002-10-26 18:30:00,2002-11-02 15:45:00,917.4658,2002-10-30 12:30:00,91.0000
08067000,30.057500,-94.818056,2002-11-05 04:30:00,2002-11-14 03:00:00,1803.7831,2002-11-10 15:15:00,130.7500
08067000,30.057500,-94.818056,2002-12-08 00:00:00,2002-12-11 21:30:00,699.4261,2002-12-10 06:00:00,54.0000
08067000,30.057500,-94.818056,2002-12-14 00:00:00,2002-12-17 05:45:00,682.4360,2002-12-15 06:45:00,30.7500
08067000,30.057500,-94.818056,2002-12-18 06:00:00,2002-12-18 21:00:00,597.4855,2002-12-18 06:15:00,0.2500
08067000,30.057500,-94.818056,2002-12-27 06:00:00,2003-01-03 19:45:00,637.1290,2003-01-01 16:45:00,130.7500
08067000,30.057500,-94.818056,2003-02-22 09:45:00,2003-02-24 05:45:00,1042.0600,2003-02-24 01:00:00,39.2500
08067000,30.057500,-94.818056,2003-02-25 06:00:00,2003-03-02 05:45:00,1492.2978,2003-02-27 23:15:00,65.2500
08067000,30.057500,-94.818056,2003-03-04 06:00:00,2003-03-05 05:45:00,1160.9907,2003-03-04 09:15:00,3.2500
08067000,30.057500,-94.818056,2003-11-19 16:45:00,2003-11-20 14:15:00,600.3171,2003-11-20 01:00:00,8.2500
08067000,30.057500,-94.818056,2004-01-26 15:15:00,2004-01-30 09:00:00,713.5845,2004-01-27 16:45:00,25.5000
08067000,30.057500,-94.818056,2004-02-12 02:30:00,2004-02-14 05:45:00,1090.1986,2004-02-14 05:30:00,51.0000
08067000,30.057500,-94.818056,2004-02-16 06:00:00,2004-02-19 07:45:00,1206.2977,2004-02-16 06:15:00,0.2500
08067000,30.057500,-94.818056,2004-03-04 09:30:00,2004-03-10 08:15:00,597.4855,2004-03-05 21:45:00,36.2500
08067000,30.057500,-94.818056,2004-11-19 13:15:00,2004-11-21 01:15:00,713.5845,2004-11-20 01:45:00,12.5000
08067000,30.057500,-94.818056,2004-11-23 09:15:00,2004-12-13 19:15:00,1302.5749,2004-11-27 23:45:00,110.5000
08067000,30.057500,-94.818056,2005-01-14 20:00:00,2005-01-26 06:15:00,696.5944,2005-01-20 06:45:00,130.7500
08067000,30.057500,-94.818056,2005-03-02 22:30:00,2005-03-11 07:45:00,781.5450,2005-03-07 22:00:00,119.5000
08067000,30.057500,-94.818056,2005-09-26 05:00:00,2005-09-28 17:00:00,1160.9907,2005-09-27 01:45:00,20.7500
08067000,30.057500,-94.818056,2006-10-18 05:00:00,2006-10-21 09:15:00,719.2479,2006-10-19 05:15:00,24.2500
08067000,30.057500,-94.818056,2006-10-28 08:45:00,2006-11-01 03:15:00,877.8222,2006-10-29 21:15:00,37.5000
08067000,30.057500,-94.818056,2007-01-06 01:00:00,2007-01-11 16:15:00,634.2974,2007-01-07 02:00:00,25.0000
08067000,30.057500,-94.818056,2007-01-16 06:00:00,2007-01-28 15:45:00,1313.9017,2007-01-20 05:15:00,95.2500
08067000,30.057500,-94.818056,2007-04-11 12:00:00,2007-04-19 06:00:00,838.1787,2007-04-16 05:15:00,113.2500
08067000,30.057500,-94.818056,2008-02-18 13:15:00,2008-02-24 15:30:00,835.3470,2008-02-19 22:15:00,33.0000
08067000,30.057500,-94.818056,2008-03-13 16:45:00,2008-03-22 00:30:00,634.2974,2008-03-19 02:45:00,130.0000
08067000,30.057500,-94.818056,2008-03-31 03:45:00,2008-04-05 04:45:00,795.7034,2008-04-05 02:15:00,118.5000
08067000,30.057500,-94.818056,2008-04-08 05:00:00,2008-04-15 06:15:00,829.6836,2008-04-09 04:30:00,23.5000
08067000,30.057500,-94.818056,2009-04-20 05:00:00,2009-04-23 15:30:00,773.0499,2009-04-21 06:15:00,25.2500
08067000,30.057500,-94.818056,2009-05-04 23:15:00,2009-05-09 17:15:00,815.5252,2009-05-06 00:30:00,25.2500
08067000,30.057500,-94.818056,2012-02-04 08:30:00,2012-02-10 22:15:00,1033.5649,2012-02-08 03:15:00,90.7500
08067000,30.057500,-94.818056,2012-02-19 13:30:00,2012-02-25 00:45:00,668.2776,2012-02-20 20:00:00,30.5000
08067000,30.057500,-94.818056,2012-03-13 05:00:00,2012-03-19 00:30:00,1036.3966,2012-03-14 15:30:00,34.5000
08067000,30.057500,-94.818056,2013-11-28 11:30:00,2013-12-02 23:15:00,617.3073,2013-11-29 16:00:00,28.5000
08067000,30.057500,-94.818056,2014-05-15 16:15:00,2014-05-18 18:30:00,736.2380,2014-05-17 03:45:00,35.5000
08067000,30.057500,-94.818056,2015-03-11 05:00:00,2015-03-29 01:00:00,1449.8225,2015-03-16 11:30:00,126.5000
08067000,30.057500,-94.818056,2015-04-28 19:45:00,2015-05-09 10:30:00,761.7232,2015-05-07 01:30:00,197.7500
08069000,30.035556,-95.428611,1989-05-18 06:00:00,1989-05-19 17:00:00,351.1289,1989-05-18 20:00:00,14.0000
08069000,30.035556,-95.428611,1989-06-27 04:00:00,1989-06-27 19:00:00,266.4615,1989-06-27 09:00:00,5.0000
08069000,30.035556,-95.428611,1992-04-18 03:00:00,1992-04-18 06:00:00,213.5090,1992-04-18 04:00:00,1.0000
08069000,30.035556,-95.428611,1994-10-18 07:00:00,1994-10-21 10:00:00,302.9903,1994-10-19 16:00:00,33.0000
08069000,30.035556,-95.428611,1998-01-07 02:30:00,1998-01-07 11:15:00,259.0991,1998-01-07 05:15:00,2.7500
08069000,30.035556,-95.428611,1998-10-18 12:15:00,1998-10-22 10:00:00,353.9606,1998-10-18 19:30:00,7.2500
08069000,30.035556,-95.428611,1998-11-13 02:15:00,1998-11-15 22:15:00,302.9903,1998-11-13 13:00:00,10.7500
08069000,30.035556,-95.428611,2001-06-09 03:15:00,2001-06-11 13:00:00,436.0794,2001-06-09 15:00:00,11.7500
08069000,30.035556,-95.428611,2002-10-29 05:45:00,2002-10-29 13:45:00,245.2239,2002-10-29 07:45:00,2.0000
08069000,30.035556,-95.428611,2003-10-10 01:15:00,2003-10-10 01:30:00,205.8635,2003-10-10 01:30:00,0.2500
08069000,30.035556,-95.428611,2003-11-17 20:45:00,2003-11-18 15:45:00,345.4655,2003-11-18 01:30:00,4.7500
08069000,30.035556,-95.428611,2004-11-22 22:45:00,2004-11-23 07:45:00,233.6140,2004-11-23 02:30:00,3.7500
08069000,30.035556,-95.428611,2005-12-14 20:30:00,2005-12-14 23:45:00,219.1724,2005-12-14 21:30:00,1.0000
08069000,30.035556,-95.428611,2006-10-16 11:30:00,2006-10-17 06:15:00,267.3110,2006-10-16 19:30:00,8.0000
08069000,30.035556,-95.428611,2007-10-15 22:45:00,2007-10-16 11:00:00,269.5764,2007-10-16 02:30:00,3.7500
08069000,30.035556,-95.428611,2008-09-13 13:15:00,2008-09-15 10:15:00,359.6240,2008-09-13 20:15:00,7.0000
08069000,30.035556,-95.428611,2009-04-28 08:45:00,2009-04-30 02:30:00,345.4655,2009-04-28 19:45:00,11.0000
08069000,30.035556,-95.428611,2009-10-30 03:00:00,2009-10-30 12:30:00,238.1447,2009-10-30 05:15:00,2.2500
08069000,30.035556,-95.428611,2012-07-12 18:00:00,2012-07-13 02:45:00,221.1546,2012-07-12 20:15:00,2.2500
08069000,30.035556,-95.428611,2012-07-14 04:30:00,2012-07-14 23:45:00,224.8358,2012-07-14 14:15:00,9.7500
08069000,30.035556,-95.428611,2014-05-28 10:15:00,2014-05-28 15:45:00,216.6239,2014-05-28 12:00:00,1.7500
08069000,30.035556,-95.428611,2015-05-26 04:30:00,2015-05-27 21:15:00,247.7724,2015-05-26 09:00:00,4.5000
08069000,30.035556,-95.428611,2016-04-18 07:30:00,2016-04-22 16:45:00,410.5943,2016-04-18 18:00:00,10.5000
08069000,30.035556,-95.428611,2016-05-27 21:45:00,2016-05-29 23:00:00,275.8061,2016-05-28 01:45:00,4.0000
08069000,30.035556,-95.428611,2016-06-02 00:45:00,2016-06-02 04:45:00,328.4754,2016-06-02 04:15:00,3.5000
08085500,32.934444,-99.224167,1997-06-24 15:30:00,1997-06-25 18:15:00,152.6278,1997-06-25 04:30:00,13.0000
08085500,32.934444,-99.224167,2002-03-31 10:15:00,2002-03-31 18:15:00,132.8060,2002-03-31 13:45:00,3.5000
08085500,32.934444,-99.224167,2002-07-08 21:15:00,2002-07-09 21:00:00,147.8139,2002-07-09 09:45:00,12.5000
08085500,32.934444,-99.224167,2003-06-27 14:30:00,2003-06-28 08:15:00,138.1862,2003-06-27 23:30:00,9.0000
08085500,32.934444,-99.224167,2004-07-28 14:45:00,2004-07-29 03:45:00,174.4318,2004-07-28 20:15:00,5.5000
08085500,32.934444,-99.224167,2004-11-17 06:15:00,2004-11-18 04:15:00,185.7585,2004-11-17 15:00:00,8.7500
08085500,32.934444,-99.224167,2005-08-15 12:30:00,2005-08-22 05:15:00,470.0597,2005-08-18 21:30:00,81.0000
08085500,32.934444,-99.224167,2007-05-02 03:00:00,2007-05-03 08:45:00,150.6456,2007-05-02 15:45:00,12.7500
08085500,32.934444,-99.224167,2007-05-10 09:15:00,2007-05-10 22:45:00,180.0951,2007-05-10 11:15:00,2.0000
08085500,32.934444,-99.224167,2007-06-02 14:45:00,2007-06-03 19:15:00,135.6377,2007-06-02 19:15:00,4.5000
08085500,32.934444,-99.224167,2007-06-28 20:00:00,2007-06-30 19:00:00,198.5011,2007-06-29 20:15:00,24.2500
08085500,32.934444,-99.224167,2007-07-02 19:45:00,2007-07-03 08:30:00,164.2377,2007-07-03 02:15:00,6.5000
08085500,32.934444,-99.224167,2007-08-19 15:30:00,2007-08-24 23:30:00,286.0002,2007-08-23 04:30:00,85.0000
08085500,32.934444,-99.224167,2010-04-17 16:45:00,2010-04-19 20:15:00,174.1486,2010-04-17 22:15:00,5.5000
08085500,32.934444,-99.224167,2015-05-21 15:45:00,2015-05-21 21:45:00,133.3723,2015-05-21 18:30:00,2.7500
08085500,32.934444,-99.224167,2015-05-30 10:45:00,2015-06-02 01:00:00,399.2675,2015-05-31 23:15:00,36.5000
08085500,32.934444,-99.224167,2016-05-14 02:30:00,2016-05-17 00:15:00,288.8318,2016-05-15 20:15:00,41.7500
08085500,32.934444,-99.224167,2016-05-30 06:45:00,2016-06-02 04:45:00,273.5407,2016-06-01 08:15:00,49.5000
08068090,30.085833,-95.299722,1994-10-17 14:00:00,1994-10-18 04:00:00,1614.0603,1994-10-18 04:00:00,14.0000
08068090,30.085833,-95.299722,1994-12-18 07:00:00,1994-12-21 04:00:00,222.8536,1994-12-19 15:00:00,32.0000
08068090,30.085833,-95.299722,1995-01-19 06:00:00,1995-01-19 23:00:00,153.1941,1995-01-19 14:00:00,8.0000
08068090,30.085833,-95.299722,1995-01-21 08:00:00,1995-01-22 07:00:00,145.8318,1995-01-21 19:00:00,11.0000
08068090,30.085833,-95.299722,1995-01-27 06:00:00,1995-01-30 20:00:00,348.2972,1995-01-28 00:00:00,18.0000
08068090,30.085833,-95.299722,1995-03-14 04:00:00,1995-03-17 14:00:00,172.1664,1995-03-16 15:00:00,59.0000
08068090,30.085833,-95.299722,1995-04-08 12:00:00,1995-04-09 16:00:00,151.4951,1995-04-09 01:00:00,13.0000
08068090,30.085833,-95.299722,1997-03-15 06:00:00,1997-03-16 08:00:00,174.9981,1997-03-15 13:00:00,7.0000
08068090,30.085833,-95.299722,1997-03-19 05:00:00,1997-03-19 23:00:00,205.2971,1997-03-19 12:00:00,7.0000
08068090,30.085833,-95.299722,1997-11-29 12:00:00,1997-11-30 01:00:00,156.0258,1997-11-29 18:00:00,6.0000
08068090,30.085833,-95.299722,1997-12-21 17:00:00,1997-12-22 03:00:00,150.6456,1997-12-21 22:00:00,5.0000
08068090,30.085833,-95.299722,1998-01-07 02:00:00,1998-01-15 00:00:00,478.5547,1998-01-07 19:00:00,17.0000
08068090,30.085833,-95.299722,1998-02-26 18:00:00,1998-03-02 12:00:00,206.1466,1998-02-27 05:00:00,11.0000
08068090,30.085833,-95.299722,1998-10-18 16:00:00,1998-10-24 08:00:00,552.1785,1998-10-19 08:00:00,16.0000
08068090,30.085833,-95.299722,1998-11-13 03:00:00,1998-11-14 05:00:00,976.9312,1998-11-14 05:00:00,26.0000
08068090,30.085833,-95.299722,1998-12-12 06:30:00,1998-12-12 15:30:00,143.0001,1998-12-12 10:15:00,3.7500
08068090,30.085833,-95.299722,2000-11-07 05:45:00,2000-11-07 08:15:00,136.2040,2000-11-07 06:15:00,0.5000
08068090,30.085833,-95.299722,2001-01-20 22:00:00,2001-01-23 03:45:00,202.7486,2001-01-22 00:45:00,26.7500
08068090,30.085833,-95.299722,2001-03-03 04:45:00,2001-03-07 05:00:00,180.9446,2001-03-06 04:15:00,71.5000
08068090,30.085833,-95.299722,2001-03-15 11:15:00,2001-03-15 22:00:00,149.7961,2001-03-15 14:45:00,3.5000
08068090,30.085833,-95.299722,2001-03-28 23:45:00,2001-03-29 04:30:00,137.0535,2001-03-29 03:15:00,3.5000
08068090,30.085833,-95.299722,2001-06-09 04:15:00,2001-06-16 21:00:00,959.9411,2001-06-09 17:45:00,13.5000
08068090,30.085833,-95.299722,2001-06-17 21:15:00,2001-06-18 23:15:00,153.4773,2001-06-18 13:15:00,16.0000
08068090,30.085833,-95.299722,2001-12-12 13:15:00,2001-12-15 10:30:00,232.1981,2001-12-13 04:00:00,14.7500
08068090,30.085833,-95.299722,2002-10-23 02:30:00,2002-10-23 15:15:00,165.6536,2002-10-23 07:30:00,5.0000
08068090,30.085833,-95.299722,2002-10-25 02:00:00,2002-11-01 10:45:00,368.1190,2002-10-29 15:45:00,110.7500
08068090,30.085833,-95.299722,2002-11-04 04:30:00,2002-11-10 12:15:00,1155.3273,2002-11-07 07:15:00,74.7500
08068090,30.085833,-95.299722,2002-12-13 05:30:00,2002-12-14 03:15:00,153.7605,2002-12-13 11:30:00,6.0000
08068090,30.085833,-95.299722,2003-02-22 03:15:00,2003-02-26 11:30:00,217.1902,2003-02-22 16:15:00,13.0000
08068090,30.085833,-95.299722,2003-11-18 00:15:00,2003-11-19 05:30:00,274.3902,2003-11-18 09:30:00,9.2500
08068090,30.085833,-95.299722,2004-01-17 16:45:00,2004-01-18 11:15:00,178.3961,2004-01-17 22:30:00,5.7500
08068090,30.085833,-95.299722,2004-01-19 13:15:00,2004-01-21 13:00:00,172.4496,2004-01-20 10:00:00,20.7500
08068090,30.085833,-95.299722,2004-01-25 13:45:00,2004-01-28 19:30:00,201.8991,2004-01-26 01:00:00,11.2500
08068090,30.085833,-95.299722,2004-02-11 11:15:00,2004-02-17 07:15:00,509.7032,2004-02-14 08:30:00,69.2500
08068090,30.085833,-95.299722,2004-05-02 05:00:00,2004-05-03 05:30:00,322.8121,2004-05-02 06:30:00,1.5000
08068090,30.085833,-95.299722,2004-05-14 03:15:00,2004-05-14 04:45:00,174.1486,2004-05-14 04:45:00,1.5000
08068090,30.085833,-95.299722,2004-06-15 19:15:00,2004-06-17 02:15:00,174.4318,2004-06-15 23:15:00,4.0000
08068090,30.085833,-95.299722,2004-06-28 00:30:00,2004-07-03 17:15:00,345.4655,2004-07-01 01:45:00,73.2500
08068090,30.085833,-95.299722,2004-11-23 03:45:00,2004-11-24 00:00:00,190.5724,2004-11-23 10:45:00,7.0000
08068090,30.085833,-95.299722,2004-11-26 21:00:00,2004-11-27 13:00:00,139.8852,2004-11-27 04:00:00,7.0000
08068090,30.085833,-95.299722,2005-02-08 02:00:00,2005-02-12 04:45:00,206.9961,2005-02-08 15:00:00,13.0000
08068090,30.085833,-95.299722,2006-10-16 20:30:00,2006-10-20 09:45:00,458.7329,2006-10-17 12:45:00,16.2500
08068090,30.085833,-95.299722,2006-10-27 00:15:00,2006-10-28 07:45:00,339.8022,2006-10-27 11:00:00,10.7500
08068090,30.085833,-95.299722,2007-01-15 14:15:00,2007-01-21 02:30:00,512.5349,2007-01-17 05:15:00,39.0000
08068090,30.085833,-95.299722,2008-02-20 04:00:00,2008-02-20 17:45:00,147.2476,2008-02-20 11:15:00,7.2500
08068090,30.085833,-95.299722,2008-09-13 20:30:00,2008-09-16 00:15:00,637.1290,2008-09-14 14:00:00,17.5000
08068090,30.085833,-95.299722,2008-11-12 07:30:00,2008-11-15 00:15:00,322.8121,2008-11-12 21:45:00,14.2500
08068090,30.085833,-95.299722,2009-04-19 02:30:00,2009-04-22 14:45:00,253.7189,2009-04-19 12:45:00,10.2500
08068090,30.085833,-95.299722,2009-04-28 10:00:00,2009-04-30 05:00:00,404.9309,2009-04-29 02:30:00,16.5000
08068090,30.085833,-95.299722,2009-10-30 07:00:00,2009-11-01 06:45:00,286.0002,2009-10-30 19:30:00,12.5000
08068090,30.085833,-95.299722,2009-12-27 02:15:00,2009-12-28 01:30:00,160.2734,2009-12-27 13:30:00,11.2500
08068090,30.085833,-95.299722,2012-02-18 21:15:00,2012-02-19 13:15:00,169.0516,2012-02-19 03:15:00,6.0000
08068090,30.085833,-95.299722,2012-07-12 23:15:00,2012-07-13 20:15:00,236.7288,2012-07-13 07:15:00,8.0000
08068090,30.085833,-95.299722,2014-05-28 16:15:00,2014-05-29 11:15:00,158.8575,2014-05-28 23:30:00,7.2500
08068090,30.085833,-95.299722,2015-03-10 07:15:00,2015-03-14 21:30:00,373.7824,2015-03-13 05:45:00,70.5000
08068090,30.085833,-95.299722,2015-03-24 06:15:00,2015-03-25 23:30:00,194.5367,2015-03-25 02:00:00,19.7500
08068090,30.085833,-95.299722,2015-05-13 01:00:00,2015-05-24 00:30:00,538.0201,2015-05-14 10:30:00,33.5000
08068090,30.085833,-95.299722,2015-05-26 05:15:00,2015-06-02 01:00:00,625.8023,2015-05-29 02:15:00,69.0000
08068090,30.085833,-95.299722,2015-06-20 07:45:00,2015-06-23 10:30:00,365.2873,2015-06-21 09:30:00,25.7500
08068090,30.085833,-95.299722,2015-12-16 18:00:00,2015-12-17 19:00:00,142.1506,2015-12-17 09:00:00,15.0000
08068090,30.085833,-95.299722,2016-03-10 10:15:00,2016-03-16 06:30:00,464.3963,2016-03-13 03:15:00,64.0000
08068090,30.085833,-95.299722,2016-04-18 11:00:00,2016-04-24 05:00:00,722.0796,2016-04-19 06:45:00,19.7500
08068090,30.085833,-95.299722,2016-05-01 02:15:00,2016-05-02 00:45:00,170.7506,2016-05-01 12:00:00,9.7500
08068090,30.085833,-95.299722,2016-05-03 12:45:00,2016-05-05 18:15:00,174.9981,2016-05-04 20:30:00,31.7500
08068090,30.085833,-95.299722,2016-05-27 06:00:00,2016-06-02 04:45:00,1506.4562,2016-05-29 12:30:00,54.5000
08091000,32.258889,-97.702222,1990-04-22 14:00:00,1990-04-24 06:00:00,891.9807,1990-04-23 02:00:00,12.0000
08091000,32.258889,-97.702222,1990-04-26 15:00:00,1990-04-30 03:00:00,2259.6844,1990-04-28 21:00:00,54.0000
08091000,32.258889,-97.702222,1990-05-02 15:00:00,1990-05-09 19:00:00,1520.6147,1990-05-05 11:00:00,68.0000
08091000,32.258889,-97.702222,1991-10-27 16:00:00,1991-10-28 13:00:00,1299.7433,1991-10-28 00:00:00,8.0000
08091000,32.258889,-97.702222,1991-10-29 23:00:00,1991-10-30 09:00:00,937.2876,1991-10-30 04:00:00,5.0000
08091000,32.258889,-97.702222,1991-12-20 19:00:00,1991-12-28 04:00:00,2537.1895,1991-12-21 11:00:00,16.0000
08091000,32.258889,-97.702222,1995-08-03 07:15:00,1995-08-03 18:15:00,911.8025,1995-08-03 11:00:00,3.7500
08091000,32.258889,-97.702222,1997-02-20 12:45:00,1997-02-23 18:00:00,1735.8227,1997-02-22 23:45:00,59.0000
08091000,32.258889,-97.702222,1997-05-09 20:45:00,1997-05-09 23:30:00,855.1688,1997-05-09 21:30:00,0.7500
08091000,32.258889,-97.702222,1998-03-16 15:00:00,1998-03-17 08:30:00,1364.8720,1998-03-16 23:30:00,8.5000
08091000,32.258889,-97.702222,2004-06-09 20:30:00,2004-06-10 06:45:00,1209.1293,2004-06-10 02:00:00,5.5000
08091000,32.258889,-97.702222,2007-03-31 11:15:00,2007-04-02 09:30:00,1189.3076,2007-03-31 15:30:00,4.2500
08091000,32.258889,-97.702222,2007-06-27 05:45:00,2007-07-05 08:15:00,1622.5553,2007-06-30 02:30:00,68.7500
08091000,32.258889,-97.702222,2010-04-19 12:30:00,2010-04-20 15:00:00,996.7530,2010-04-20 05:30:00,17.0000
08091000,32.258889,-97.702222,2015-05-29 04:15:00,2015-06-01 21:15:00,1486.6344,2015-05-29 17:30:00,13.2500
08091000,32.258889,-97.702222,2015-11-28 11:45:00,2015-12-01 02:15:00,1461.1493,2015-11-30 02:45:00,39.0000
08091000,32.258889,-97.702222,2016-03-09 09:30:00,2016-03-10 02:45:00,971.2678,2016-03-09 16:30:00,7.0000
08091000,32.258889,-97.702222,2016-04-18 14:45:00,2016-04-23 08:00:00,1248.7729,2016-04-19 22:45:00,32.0000
08091000,32.258889,-97.702222,2016-05-31 21:30:00,2016-06-02 04:45:00,1469.6443,2016-06-01 15:00:00,17.5000
08092000,32.150556,-97.402500,2010-09-08 15:30:00,2010-09-08 23:00:00,693.7627,2010-09-08 20:15:00,4.7500
08092000,32.150556,-97.402500,2015-04-27 12:15:00,2015-04-27 14:30:00,634.2974,2015-04-27 13:15:00,1.0000
08092000,32.150556,-97.402500,2015-05-29 11:45:00,2015-05-29 18:45:00,634.2974,2015-05-29 15:15:00,3.5000
08094800,31.976389,-98.032500,1997-02-20 23:30:00,1997-02-21 01:30:00,461.5646,1997-02-21 00:30:00,1.0000
08094800,31.976389,-98.032500,2016-05-27 18:45:00,2016-05-28 03:00:00,546.5151,2016-05-27 23:30:00,4.7500
08095000,31.785833,-97.567778,1995-06-11 16:00:00,1995-06-11 20:30:00,824.0202,1995-06-11 18:00:00,2.0000
08095000,31.785833,-97.567778,1997-02-20 12:00:00,1997-02-21 12:45:00,1019.4065,1997-02-21 03:00:00,15.0000
08095000,31.785833,-97.567778,1998-03-16 15:15:00,1998-03-17 06:30:00,3879.4080,1998-03-16 23:15:00,8.0000
08095000,31.785833,-97.567778,2004-05-01 08:00:00,2004-05-01 12:15:00,1101.5253,2004-05-01 10:00:00,2.0000
08095000,31.785833,-97.567778,2004-06-10 01:30:00,2004-06-10 05:15:00,866.4955,2004-06-10 03:30:00,2.0000
08095000,31.785833,-97.567778,2004-11-17 22:00:00,2004-11-18 01:00:00,801.3668,2004-11-17 23:00:00,1.0000
08095000,31.785833,-97.567778,2007-06-27 05:00:00,2007-06-29 01:15:00,1316.7334,2007-06-27 19:00:00,14.0000
08095000,31.785833,-97.567778,2007-07-09 12:15:00,2007-07-09 13:45:00,792.8717,2007-07-09 13:30:00,1.2500
08095000,31.785833,-97.567778,2007-09-05 16:00:00,2007-09-05 18:00:00,798.5351,2007-09-05 16:15:00,0.2500
08095000,31.785833,-97.567778,2010-01-29 08:00:00,2010-01-29 18:00:00,999.5847,2010-01-29 12:00:00,4.0000
08095000,31.785833,-97.567778,2015-05-29 12:00:00,2015-05-30 02:15:00,1129.8422,2015-05-29 16:15:00,4.2500
08095000,31.785833,-97.567778,2016-04-18 09:00:00,2016-04-18 10:15:00,835.3470,2016-04-18 09:30:00,0.5000
08019200,32.559722,-95.206389,1998-01-10 20:30:00,1998-01-23 11:15:00,359.6240,1998-01-13 15:45:00,67.2500
08019200,32.559722,-95.206389,1998-03-23 16:30:00,1998-03-24 19:00:00,170.1842,1998-03-24 00:00:00,7.5000
08019200,32.559722,-95.206389,1998-12-11 09:00:00,1998-12-28 07:00:00,424.7527,1998-12-16 01:30:00,112.5000
08019200,32.559722,-95.206389,1999-02-04 06:30:00,1999-02-09 10:15:00,206.9961,1999-02-05 19:15:00,36.7500
08019200,32.559722,-95.206389,1999-03-19 10:00:00,1999-03-21 22:15:00,184.9090,1999-03-20 12:45:00,26.7500
08019200,32.559722,-95.206389,2000-06-18 23:15:00,2000-06-28 23:45:00,478.5547,2000-06-20 01:15:00,26.0000
08019200,32.559722,-95.206389,2000-12-30 08:45:00,2001-01-10 12:30:00,407.7626,2001-01-01 18:30:00,57.7500
08019200,32.559722,-95.206389,2001-01-22 00:15:00,2001-01-28 16:15:00,240.1269,2001-01-24 11:15:00,59.0000
08019200,32.559722,-95.206389,2001-02-17 17:45:00,2001-03-10 05:07:39,787.2083,2001-02-20 13:30:00,67.7500
08019200,32.559722,-95.206389,2001-03-13 06:00:00,2001-03-25 19:15:00,560.6736,2001-03-16 07:28:57,73.4825
08019200,32.559722,-95.206389,2001-03-29 07:46:42,2001-04-03 23:15:00,197.9348,2001-03-30 22:45:00,38.9717
08019200,32.559722,-95.206389,2002-03-22 17:30:00,2002-03-31 06:30:00,334.1388,2002-03-25 07:00:00,61.5000
08019200,32.559722,-95.206389,2002-04-05 08:45:00,2002-04-14 14:30:00,248.0556,2002-04-09 18:45:00,105.0000
08019200,32.559722,-95.206389,2003-02-27 18:00:00,2003-03-05 19:00:00,227.3843,2003-03-02 00:15:00,54.2500
08019200,32.559722,-95.206389,2007-01-19 02:15:00,2007-01-21 21:15:00,175.8476,2007-01-20 10:00:00,31.7500
08019200,32.559722,-95.206389,2007-07-06 22:45:00,2007-07-26 07:45:00,523.8617,2007-07-10 08:15:00,81.5000
08019200,32.559722,-95.206389,2008-03-13 10:00:00,2008-03-18 03:30:00,205.8635,2008-03-15 13:00:00,51.0000
08019200,32.559722,-95.206389,2008-03-22 18:45:00,2008-04-02 04:45:00,325.6437,2008-03-25 14:15:00,67.5000
08019200,32.559722,-95.206389,2008-04-06 15:30:00,2008-04-12 01:30:00,181.5110,2008-04-10 15:30:00,96.0000
08019200,32.559722,-95.206389,2009-05-06 00:30:00,2009-05-14 15:45:00,492.7131,2009-05-08 04:15:00,51.7500
08019200,32.559722,-95.206389,2009-10-14 01:00:00,2009-11-09 10:45:00,682.4360,2009-10-17 16:45:00,87.7500
08019200,32.559722,-95.206389,2010-02-04 16:00:00,2010-02-12 05:45:00,404.9309,2010-02-09 18:30:00,122.5000
08019200,32.559722,-95.206389,2010-03-14 23:00:00,2010-03-17 09:30:00,185.4753,2010-03-16 02:00:00,27.0000
08019200,32.559722,-95.206389,2010-03-31 03:00:00,2010-04-02 06:15:00,181.2278,2010-03-31 23:00:00,20.0000
08019200,32.559722,-95.206389,2012-03-23 11:30:00,2012-03-29 17:00:00,368.1190,2012-03-25 17:00:00,53.5000
08019200,32.559722,-95.206389,2015-03-12 19:30:00,2015-03-18 13:00:00,203.8813,2015-03-15 16:30:00,69.0000
08019200,32.559722,-95.206389,2015-05-27 12:15:00,2015-06-09 11:15:00,311.4853,2015-06-01 01:45:00,109.5000
08019200,32.559722,-95.206389,2016-03-10 01:30:00,2016-03-24 00:15:00,676.7726,2016-03-13 11:15:00,80.7500
08020900,32.416667,-94.709722,1997-04-16 08:30:00,1997-04-24 06:45:00,263.3467,1997-04-20 02:30:00,90.0000
08020900,32.416667,-94.709722,1998-10-08 11:00:00,1998-10-09 12:15:00,219.4556,1998-10-08 18:15:00,7.2500
08020900,32.416667,-94.709722,1998-12-15 16:15:00,1999-01-07 02:00:00,362.4556,1998-12-22 20:00:00,171.7500
08020900,32.416667,-94.709722,1999-01-31 00:30:00,1999-02-05 08:45:00,294.4952,1999-02-01 04:45:00,28.2500
08020900,32.416667,-94.709722,1999-02-12 03:45:00,1999-02-14 01:30:00,217.4734,1999-02-13 01:45:00,22.0000
08020900,32.416667,-94.709722,2000-06-25 15:15:00,2000-07-08 08:45:00,351.1289,2000-07-01 08:15:00,137.0000
08020900,32.416667,-94.709722,2003-02-22 16:45:00,2003-02-28 11:30:00,264.7625,2003-02-24 05:30:00,36.7500
08020900,32.416667,-94.709722,2003-03-07 08:00:00,2003-03-10 23:00:00,218.8892,2003-03-09 01:30:00,41.5000
08020900,32.416667,-94.709722,2007-01-15 19:15:00,2007-01-25 13:15:00,255.9843,2007-01-17 15:00:00,43.7500
08020900,32.416667,-94.709722,2007-06-21 09:15:00,2007-06-25 00:30:00,241.8259,2007-06-22 20:30:00,35.2500
08020900,32.416667,-94.709722,2008-03-28 08:30:00,2008-04-16 11:15:00,464.3963,2008-04-01 11:30:00,99.0000
08020900,32.416667,-94.709722,2008-05-15 03:00:00,2008-05-19 20:15:00,288.8318,2008-05-16 12:00:00,33.0000
08020900,32.416667,-94.709722,2009-05-10 23:45:00,2009-05-21 01:30:00,373.7824,2009-05-14 21:45:00,94.0000
08020900,32.416667,-94.709722,2010-02-10 05:15:00,2010-03-04 01:30:00,421.9210,2010-02-16 18:45:00,157.5000
08020900,32.416667,-94.709722,2012-03-30 23:00:00,2012-04-02 12:15:00,222.8536,2012-04-01 05:45:00,30.7500
08020900,32.416667,-94.709722,2015-03-10 02:15:00,2015-03-26 02:30:00,297.3269,2015-03-11 20:15:00,42.0000
08020900,32.416667,-94.709722,2015-05-12 17:15:00,2015-05-16 01:45:00,229.6496,2015-05-14 08:00:00,38.7500
08020900,32.416667,-94.709722,2016-03-09 15:45:00,2016-03-28 13:15:00,744.7331,2016-03-16 11:45:00,163.0000
08020900,32.416667,-94.709722,2016-04-30 06:45:00,2016-05-14 11:45:00,577.6637,2016-05-08 03:15:00,188.5000
08030500,30.303611,-93.743611,1989-05-19 00:00:00,1989-07-01 04:00:00,2542.8528,1989-05-25 01:00:00,145.0000
08030500,30.303611,-93.743611,1991-12-12 10:00:00,1991-12-29 23:00:00,682.4360,1991-12-15 07:00:00,69.0000
08030500,30.303611,-93.743611,1992-06-06 16:00:00,1992-06-12 21:00:00,305.8219,1992-06-07 16:00:00,24.0000
08030500,30.303611,-93.743611,1992-07-26 03:00:00,1992-08-03 16:00:00,308.6536,1992-07-29 21:00:00,90.0000
08030500,30.303611,-93.743611,1992-12-17 15:00:00,1993-01-14 05:00:00,529.5250,1992-12-20 19:00:00,76.0000
08030500,30.303611,-93.743611,1993-01-18 06:00:00,1993-01-20 05:00:00,458.7329,1993-01-20 05:00:00,47.0000
08030500,30.303611,-93.743611,1993-01-21 06:00:00,1993-01-25 05:00:00,662.6142,1993-01-24 16:00:00,82.0000
08030500,30.303611,-93.743611,1993-01-29 06:00:00,1993-01-30 05:00:00,489.8814,1993-01-29 14:00:00,8.0000
08030500,30.303611,-93.743611,1994-01-29 17:00:00,1994-02-05 14:00:00,812.6935,1994-02-01 14:00:00,69.0000
08030500,30.303611,-93.743611,1994-10-19 01:00:00,1994-12-10 22:00:00,908.9708,1994-10-21 19:00:00,66.0000
08030500,30.303611,-93.743611,1995-12-20 11:00:00,1995-12-24 18:00:00,475.7230,1995-12-22 07:00:00,44.0000
08030500,30.303611,-93.743611,1997-01-31 22:00:00,1997-02-11 22:15:00,370.9507,1997-02-04 14:45:00,88.7500
08030500,30.303611,-93.743611,1997-06-06 14:00:00,1997-06-10 22:00:00,362.4556,1997-06-09 15:15:00,73.2500
08030500,30.303611,-93.743611,1998-09-13 08:00:00,1998-09-23 13:45:00,1557.4266,1998-09-17 01:00:00,89.0000
08030500,30.303611,-93.743611,1998-10-19 13:45:00,1998-10-21 23:15:00,379.4457,1998-10-20 07:45:00,18.0000
08030500,30.303611,-93.743611,1999-02-24 06:00:00,1999-03-06 05:45:00,453.0695,1999-03-01 15:30:00,129.5000
08030500,30.303611,-93.743611,1999-06-28 04:00:00,1999-07-01 08:30:00,351.1289,1999-06-29 08:30:00,28.5000
08030500,30.303611,-93.743611,2000-05-07 21:00:00,2000-05-09 19:00:00,317.1487,2000-05-09 00:30:00,27.5000
08030500,30.303611,-93.743611,2000-07-17 06:00:00,2000-07-18 06:15:00,291.6635,2000-07-17 15:00:00,9.0000
08030500,30.303611,-93.743611,2000-11-28 00:45:00,2000-12-07 07:15:00,336.9705,2000-12-02 09:45:00,105.0000
08030500,30.303611,-93.743611,2001-01-01 07:15:00,2001-01-01 16:30:00,283.1685,2001-01-01 11:00:00,3.7500
08030500,30.303611,-93.743611,2001-06-09 04:30:00,2001-06-17 04:15:00,818.3569,2001-06-12 12:30:00,80.0000
08030500,30.303611,-93.743611,2001-09-02 00:00:00,2001-09-05 07:45:00,370.9507,2001-09-02 18:00:00,18.0000
08030500,30.303611,-93.743611,2001-09-09 12:30:00,2001-09-22 11:00:00,450.2379,2001-09-15 12:15:00,143.7500
08030500,30.303611,-93.743611,2001-11-28 11:15:00,2001-12-08 05:30:00,1039.2283,2001-12-02 16:00:00,100.7500
08030500,30.303611,-93.743611,2001-12-15 12:15:00,2002-01-01 05:45:00,1112.8521,2001-12-17 20:00:00,55.7500
08030500,30.303611,-93.743611,2002-01-03 06:00:00,2002-02-02 22:45:00,458.7329,2002-01-05 19:30:00,61.5000
08030500,30.303611,-93.743611,2002-02-07 16:00:00,2002-02-17 05:45:00,433.2478,2002-02-15 02:15:00,178.2500
08030500,30.303611,-93.743611,2002-02-20 06:00:00,2002-03-12 20:30:00,430.4161,2002-02-20 07:30:00,1.5000
08030500,30.303611,-93.743611,2002-03-31 06:00:00,2002-04-06 05:45:00,334.1388,2002-04-06 04:15:00,142.2500
08030500,30.303611,-93.743611,2002-04-09 05:00:00,2002-04-10 04:45:00,492.7131,2002-04-10 04:00:00,23.0000
08030500,30.303611,-93.743611,2002-04-11 05:00:00,2002-04-12 04:45:00,572.0003,2002-04-12 02:45:00,21.7500
08030500,30.303611,-93.743611,2002-04-14 05:00:00,2002-04-21 04:45:00,634.2974,2002-04-18 17:00:00,108.0000
08030500,30.303611,-93.743611,2002-04-22 05:00:00,2002-04-23 04:45:00,614.4756,2002-04-22 06:30:00,1.5000
08030500,30.303611,-93.743611,2002-04-24 05:00:00,2002-04-26 04:45:00,552.1785,2002-04-24 06:15:00,1.2500
08030500,30.303611,-93.743611,2002-04-27 05:00:00,2002-05-02 11:15:00,467.2280,2002-04-27 10:00:00,5.0000
08030500,30.303611,-93.743611,2002-08-16 17:00:00,2002-08-19 19:30:00,317.1487,2002-08-17 21:00:00,28.0000
08030500,30.303611,-93.743611,2002-12-05 12:30:00,2002-12-29 05:45:00,679.6043,2002-12-09 03:15:00,86.7500
08030500,30.303611,-93.743611,2003-01-04 06:00:00,2003-01-06 05:45:00,781.5450,2003-01-05 05:15:00,23.2500
08030500,30.303611,-93.743611,2003-01-07 06:00:00,2003-01-09 05:45:00,656.9508,2003-01-07 07:30:00,1.5000
08030500,30.303611,-93.743611,2003-01-11 06:00:00,2003-02-03 12:00:00,481.3864,2003-01-11 06:15:00,0.2500
08030500,30.303611,-93.743611,2003-02-21 18:45:00,2003-03-13 05:45:00,795.7034,2003-02-26 11:15:00,112.5000
08030500,30.303611,-93.743611,2003-03-15 06:00:00,2003-03-22 05:45:00,572.0003,2003-03-15 06:15:00,0.2500
08030500,30.303611,-93.743611,2004-01-19 23:00:00,2004-01-22 02:15:00,339.8022,2004-01-20 21:30:00,22.5000
08030500,30.303611,-93.743611,2004-01-27 08:45:00,2004-02-06 02:15:00,444.5745,2004-01-30 07:00:00,70.2500
08030500,30.303611,-93.743611,2004-02-07 19:15:00,2004-02-19 05:45:00,1146.8323,2004-02-16 06:45:00,203.5000
08030500,30.303611,-93.743611,2004-05-04 08:15:00,2004-05-11 04:45:00,535.1884,2004-05-11 01:15:00,161.0000
08030500,30.303611,-93.743611,2004-05-12 05:00:00,2004-05-26 12:30:00,1141.1689,2004-05-19 13:45:00,176.7500
08030500,30.303611,-93.743611,2004-06-24 17:15:00,2004-07-14 01:45:00,801.3668,2004-06-29 04:00:00,106.7500
08030500,30.303611,-93.743611,2004-11-05 14:45:00,2004-11-12 09:00:00,373.7824,2004-11-08 08:00:00,65.2500
08030500,30.303611,-93.743611,2004-11-21 20:30:00,2005-01-07 06:30:00,937.2876,2004-11-28 17:45:00,165.2500
08030500,30.303611,-93.743611,2005-01-16 03:15:00,2005-01-18 03:30:00,305.8219,2005-01-17 01:15:00,22.0000
08030500,30.303611,-93.743611,2005-09-26 21:45:00,2005-09-29 08:15:00,334.1388,2005-09-28 02:45:00,29.0000
08030500,30.303611,-93.743611,2006-05-02 14:00:00,2006-05-08 14:00:00,492.7131,2006-05-05 15:00:00,73.0000
08030500,30.303611,-93.743611,2006-07-30 07:15:00,2006-07-30 23:45:00,282.6021,2006-07-30 19:00:00,11.7500
08030500,30.303611,-93.743611,2006-10-17 14:15:00,2006-11-05 02:15:00,1648.0405,2006-10-22 06:45:00,112.5000
08030500,30.303611,-93.743611,2007-01-01 02:15:00,2007-01-15 00:00:00,792.8717,2007-01-04 16:15:00,86.0000
08030500,30.303611,-93.743611,2007-02-16 06:00:00,2007-02-25 11:45:00,569.1686,2007-02-17 12:15:00,30.2500
08030500,30.303611,-93.743611,2007-07-13 00:00:00,2007-07-15 04:45:00,339.8022,2007-07-15 04:15:00,52.2500
08030500,30.303611,-93.743611,2007-09-13 11:00:00,2007-09-16 04:45:00,399.2675,2007-09-15 15:45:00,52.7500
08030500,30.303611,-93.743611,2007-09-17 05:00:00,2007-09-26 12:00:00,407.7626,2007-09-18 09:00:00,28.0000
08030500,30.303611,-93.743611,2007-09-28 08:45:00,2007-10-03 12:30:00,328.4754,2007-10-01 15:15:00,78.5000
08030500,30.303611,-93.743611,2008-02-19 02:00:00,2008-03-01 08:15:00,413.4260,2008-02-21 16:15:00,62.2500
08030500,30.303611,-93.743611,2008-03-07 16:15:00,2008-03-29 05:00:00,436.0794,2008-03-16 04:30:00,203.2500
08030500,30.303611,-93.743611,2008-04-03 16:30:00,2008-05-03 06:15:00,1073.2085,2008-04-11 11:15:00,186.7500
08030500,30.303611,-93.743611,2008-05-18 21:15:00,2008-05-27 04:30:00,353.9606,2008-05-25 03:15:00,150.0000
08030500,30.303611,-93.743611,2008-05-29 08:15:00,2008-06-01 01:45:00,311.4853,2008-05-30 14:45:00,30.5000
08030500,30.303611,-93.743611,2008-12-15 00:30:00,2008-12-16 20:30:00,297.3269,2008-12-15 19:45:00,19.2500
08030500,30.303611,-93.743611,2008-12-20 03:45:00,2008-12-22 11:15:00,300.1586,2008-12-21 10:30:00,30.7500
08030500,30.303611,-93.743611,2009-03-17 19:15:00,2009-03-20 11:15:00,314.3170,2009-03-19 02:30:00,31.2500
08030500,30.303611,-93.743611,2009-03-26 23:30:00,2009-04-11 00:45:00,532.3567,2009-04-02 15:00:00,159.5000
08030500,30.303611,-93.743611,2009-04-20 07:30:00,2009-05-18 23:45:00,605.9805,2009-04-24 16:30:00,105.0000
08030500,30.303611,-93.743611,2009-05-21 00:15:00,2009-05-28 05:30:00,370.9507,2009-05-24 23:15:00,95.0000
08030500,30.303611,-93.743611,2009-10-25 00:00:00,2009-10-28 04:45:00,348.2972,2009-10-27 21:15:00,69.2500
08030500,30.303611,-93.743611,2009-12-02 06:00:00,2009-12-03 05:45:00,436.0794,2009-12-02 07:30:00,1.5000
08030500,30.303611,-93.743611,2010-01-26 06:00:00,2010-04-10 08:30:00,464.3963,2010-02-03 04:15:00,190.2500
08030500,30.303611,-93.743611,2010-09-16 00:45:00,2010-09-25 14:15:00,376.6141,2010-09-23 22:00:00,189.2500
08030500,30.303611,-93.743611,2012-02-06 17:15:00,2012-02-11 05:15:00,362.4556,2012-02-09 07:30:00,62.2500
08030500,30.303611,-93.743611,2012-02-19 04:00:00,2012-02-26 02:30:00,441.7428,2012-02-23 02:15:00,94.2500
08030500,30.303611,-93.743611,2012-03-12 18:00:00,2012-03-17 23:45:00,368.1190,2012-03-15 15:45:00,69.7500
08030500,30.303611,-93.743611,2012-03-23 05:00:00,2012-04-17 04:15:00,1489.4661,2012-03-26 00:30:00,67.5000
08030500,30.303611,-93.743611,2012-07-16 19:45:00,2012-07-17 22:30:00,294.4952,2012-07-17 05:15:00,9.5000
08030500,30.303611,-93.743611,2013-02-16 06:30:00,2013-02-25 05:45:00,331.3071,2013-02-23 13:00:00,174.5000
08030500,30.303611,-93.743611,2013-04-14 04:30:00,2013-04-17 18:30:00,359.6240,2013-04-15 23:30:00,43.0000
08030500,30.303611,-93.743611,2013-05-12 03:45:00,2013-05-16 08:45:00,424.7527,2013-05-14 08:30:00,52.7500
08030500,30.303611,-93.743611,2013-11-02 12:15:00,2013-11-17 05:45:00,487.0498,2013-11-06 06:30:00,91.2500
08030500,30.303611,-93.743611,2013-11-29 01:00:00,2013-12-08 22:15:00,487.0498,2013-12-06 05:15:00,172.2500
08030500,30.303611,-93.743611,2013-12-20 19:15:00,2013-12-23 15:15:00,297.3269,2013-12-22 09:30:00,38.2500
08030500,30.303611,-93.743611,2013-12-26 07:15:00,2014-01-05 02:00:00,453.0695,2014-01-01 16:15:00,153.0000
08030500,30.303611,-93.743611,2014-02-15 00:30:00,2014-02-20 21:15:00,353.9606,2014-02-17 11:30:00,59.0000
08030500,30.303611,-93.743611,2014-03-22 06:00:00,2014-03-29 13:45:00,291.6635,2014-03-23 05:00:00,23.0000
08030500,30.303611,-93.743611,2014-04-11 09:00:00,2014-04-20 17:15:00,461.5646,2014-04-18 05:30:00,164.5000
08030500,30.303611,-93.743611,2014-05-27 19:45:00,2014-06-01 04:45:00,356.7923,2014-05-30 22:45:00,75.0000
08030500,30.303611,-93.743611,2014-06-02 05:00:00,2014-06-08 21:45:00,325.6437,2014-06-02 05:30:00,0.5000
08030500,30.303611,-93.743611,2014-06-14 03:00:00,2014-06-15 17:45:00,291.6635,2014-06-15 02:00:00,23.0000
08030500,30.303611,-93.743611,2015-01-02 07:30:00,2015-01-05 17:45:00,336.9705,2015-01-03 20:15:00,36.7500
08030500,30.303611,-93.743611,2015-01-07 08:00:00,2015-02-05 20:00:00,453.0695,2015-01-15 18:45:00,202.7500
08030500,30.303611,-93.743611,2015-10-28 23:15:00,2015-11-23 09:15:00,1166.6541,2015-11-04 21:00:00,166.7500
08030500,30.303611,-93.743611,2016-03-10 07:45:00,2016-04-13 15:30:00,5550.1019,2016-03-15 19:00:00,130.2500
08051500,33.336111,-97.179167,2004-06-07 04:00:00,2004-06-07 07:15:00,231.9150,2004-06-07 05:15:00,1.2500
08051500,33.336111,-97.179167,2007-06-18 16:15:00,2007-06-18 18:45:00,220.3051,2007-06-18 17:45:00,1.5000
08051500,33.336111,-97.179167,2007-06-26 21:00:00,2007-06-27 07:45:00,362.4556,2007-06-27 01:45:00,4.7500
08051500,33.336111,-97.179167,2007-06-30 11:45:00,2007-06-30 16:15:00,240.4100,2007-06-30 13:30:00,1.7500
08051500,33.336111,-97.179167,2010-09-08 18:30:00,2010-09-09 00:15:00,238.7110,2010-09-08 22:45:00,4.2500
08051500,33.336111,-97.179167,2014-07-17 13:30:00,2014-07-17 21:00:00,275.2397,2014-07-17 15:00:00,1.5000
08051500,33.336111,-97.179167,2015-05-08 06:00:00,2015-05-09 03:15:00,512.5349,2015-05-08 09:00:00,3.0000
08051500,33.336111,-97.179167,2015-05-10 21:45:00,2015-05-11 23:00:00,368.1190,2015-05-11 00:15:00,2.5000
08051500,33.336111,-97.179167,2015-05-20 09:30:00,2015-05-21 04:45:00,402.0992,2015-05-20 13:30:00,4.0000
08051500,33.336111,-97.179167,2015-06-17 23:30:00,2015-06-19 09:45:00,512.5349,2015-06-18 16:45:00,17.2500
08051500,33.336111,-97.179167,2015-11-27 11:15:00,2015-11-28 23:15:00,253.1526,2015-11-28 15:45:00,28.5000
08051500,33.336111,-97.179167,2016-03-08 19:45:00,2016-03-08 23:00:00,205.0140,2016-03-08 21:30:00,1.7500
08061540,32.959722,-96.614167,1991-04-12 09:00:00,1991-04-12 12:30:00,461.5646,1991-04-12 11:00:00,2.0000
08061540,32.959722,-96.614167,1994-10-21 15:00:00,1994-10-22 01:00:00,453.0695,1994-10-21 17:30:00,2.5000
08061540,32.959722,-96.614167,1995-03-13 11:45:00,1995-03-13 21:30:00,461.5646,1995-03-13 17:15:00,5.5000
08061540,32.959722,-96.614167,1995-05-06 07:30:00,1995-05-06 09:00:00,265.6120,1995-05-06 08:15:00,0.7500
08061540,32.959722,-96.614167,1995-05-08 10:00:00,1995-05-08 17:45:00,317.1487,1995-05-08 14:45:00,4.7500
08061540,32.959722,-96.614167,1996-10-28 05:15:00,1996-10-28 09:45:00,258.8160,1996-10-28 08:30:00,3.2500
08061540,32.959722,-96.614167,1997-05-20 03:45:00,1997-05-20 07:15:00,441.7428,1997-05-20 05:00:00,1.2500
08061540,32.959722,-96.614167,1997-12-21 05:15:00,1997-12-21 08:15:00,233.0476,1997-12-21 07:00:00,1.7500
08061540,32.959722,-96.614167,1998-01-05 06:45:00,1998-01-05 17:00:00,911.8025,1998-01-05 10:15:00,3.5000
08061540,32.959722,-96.614167,1998-02-26 06:45:00,1998-02-26 09:00:00,257.4001,1998-02-26 08:00:00,1.2500
08061540,32.959722,-96.614167,1999-06-11 05:15:00,1999-06-11 08:15:00,254.2853,1999-06-11 06:45:00,1.5000
08061540,32.959722,-96.614167,2000-06-11 20:15:00,2000-06-11 23:15:00,221.7209,2000-06-11 22:15:00,2.0000
08061540,32.959722,-96.614167,2000-11-06 03:15:00,2000-11-06 06:15:00,223.1368,2000-11-06 05:00:00,1.7500
08061540,32.959722,-96.614167,2001-02-16 09:00:00,2001-02-16 18:00:00,470.0597,2001-02-16 13:15:00,4.2500
08061540,32.959722,-96.614167,2001-03-24 17:45:00,2001-03-24 18:30:00,208.1288,2001-03-24 18:00:00,0.2500
08061540,32.959722,-96.614167,2001-05-07 05:45:00,2001-05-07 06:15:00,208.6952,2001-05-07 06:00:00,0.2500
08061540,32.959722,-96.614167,2001-12-16 12:15:00,2001-12-16 14:00:00,217.1902,2001-12-16 13:15:00,1.0000
08061540,32.959722,-96.614167,2002-01-31 13:00:00,2002-01-31 21:45:00,291.6635,2002-01-31 17:30:00,4.5000
08061540,32.959722,-96.614167,2002-03-20 03:45:00,2002-03-20 13:15:00,523.8617,2002-03-20 07:30:00,3.7500
08061540,32.959722,-96.614167,2002-10-19 01:15:00,2002-10-19 12:45:00,331.3071,2002-10-19 09:15:00,8.0000
08061540,32.959722,-96.614167,2003-04-06 08:15:00,2003-04-06 09:45:00,217.4734,2003-04-06 09:15:00,1.0000
08061540,32.959722,-96.614167,2006-03-19 20:30:00,2006-03-20 04:45:00,288.8318,2006-03-19 22:15:00,1.7500
08061540,32.959722,-96.614167,2007-03-31 07:00:00,2007-03-31 08:00:00,209.8278,2007-03-31 07:45:00,0.7500
08061540,32.959722,-96.614167,2007-10-15 17:30:00,2007-10-16 00:15:00,225.6853,2007-10-15 22:45:00,5.2500
08061540,32.959722,-96.614167,2008-03-18 18:45:00,2008-03-19 08:30:00,656.9508,2008-03-18 23:15:00,4.5000
08061540,32.959722,-96.614167,2009-05-03 04:30:00,2009-05-03 11:45:00,421.9210,2009-05-03 08:45:00,4.2500
08061540,32.959722,-96.614167,2010-09-08 17:30:00,2010-09-09 00:45:00,291.6635,2010-09-08 21:00:00,3.5000
08061540,32.959722,-96.614167,2012-01-25 13:00:00,2012-01-26 01:00:00,546.5151,2012-01-25 17:30:00,4.5000
08061540,32.959722,-96.614167,2012-03-20 13:15:00,2012-03-20 19:45:00,255.7011,2012-03-20 16:45:00,3.5000
08061540,32.959722,-96.614167,2014-07-31 10:30:00,2014-07-31 12:30:00,226.8179,2014-07-31 11:45:00,1.2500
08061540,32.959722,-96.614167,2015-04-13 19:30:00,2015-04-13 21:00:00,227.9506,2015-04-13 20:30:00,1.0000
08061540,32.959722,-96.614167,2015-05-10 16:30:00,2015-05-10 19:00:00,253.4358,2015-05-10 17:30:00,1.0000
08061540,32.959722,-96.614167,2015-05-17 11:00:00,2015-05-17 14:45:00,269.5764,2015-05-17 13:00:00,2.0000
08061540,32.959722,-96.614167,2015-05-24 08:00:00,2015-05-24 18:30:00,257.9665,2015-05-24 11:45:00,3.7500
08061540,32.959722,-96.614167,2015-05-29 08:15:00,2015-05-31 02:00:00,1356.3770,2015-05-29 12:30:00,4.2500
08061540,32.959722,-96.614167,2015-10-23 15:45:00,2015-10-24 08:15:00,294.4952,2015-10-23 19:30:00,3.7500
08061540,32.959722,-96.614167,2015-10-31 04:45:00,2015-10-31 08:00:00,253.1526,2015-10-31 06:15:00,1.5000
08061540,32.959722,-96.614167,2015-11-27 06:30:00,2015-11-28 20:45:00,1025.0698,2015-11-27 15:30:00,9.0000
08061540,32.959722,-96.614167,2015-12-27 15:45:00,2015-12-28 11:45:00,244.0912,2015-12-27 17:30:00,1.7500
08061540,32.959722,-96.614167,2016-04-18 11:45:00,2016-04-18 14:30:00,231.9150,2016-04-18 12:45:00,1.0000
08061540,32.959722,-96.614167,2016-04-20 11:00:00,2016-04-20 13:00:00,220.5882,2016-04-20 12:00:00,1.0000
08061540,32.959722,-96.614167,2016-05-30 04:00:00,2016-05-30 05:45:00,233.8972,2016-05-30 05:00:00,1.0000
08061540,32.959722,-96.614167,2016-06-01 00:15:00,2016-06-01 06:15:00,297.3269,2016-06-01 04:30:00,4.2500
08162500,28.973889,-96.012222,1991-04-16 14:30:00,1991-04-16 21:30:00,656.9508,1991-04-16 19:00:00,4.5000
08162500,28.973889,-96.012222,1991-12-23 03:00:00,1992-01-15 19:00:00,1970.8525,1991-12-28 00:00:00,117.0000
08162500,28.973889,-96.012222,1993-06-21 09:00:00,1993-06-24 17:00:00,1090.1986,1993-06-22 14:00:00,29.0000
08162500,28.973889,-96.012222,1994-10-18 19:00:00,1994-10-22 17:00:00,2013.3278,1994-10-20 14:00:00,43.0000
08162500,28.973889,-96.012222,1995-03-16 15:00:00,1995-03-17 01:00:00,688.0994,1995-03-16 18:00:00,3.0000
08162500,28.973889,-96.012222,1995-06-01 18:00:00,1995-06-06 15:00:00,1081.7035,1995-06-04 08:00:00,62.0000
08162500,28.973889,-96.012222,2001-11-19 20:00:00,2001-11-20 22:45:00,812.6935,2001-11-20 10:15:00,14.2500
08162500,28.973889,-96.012222,2002-07-13 14:00:00,2002-07-19 03:15:00,934.4559,2002-07-16 07:00:00,65.0000
08162500,28.973889,-96.012222,2002-10-27 06:00:00,2002-10-27 13:45:00,648.4558,2002-10-27 06:15:00,0.2500
08162500,28.973889,-96.012222,2002-11-05 12:30:00,2002-11-09 16:00:00,1367.7037,2002-11-08 09:30:00,69.0000
08162500,28.973889,-96.012222,2003-02-22 22:00:00,2003-02-26 01:45:00,1299.7433,2003-02-25 00:00:00,50.0000
08162500,28.973889,-96.012222,2004-06-13 12:15:00,2004-06-14 12:45:00,676.7726,2004-06-14 01:15:00,13.0000
08162500,28.973889,-96.012222,2004-06-16 19:45:00,2004-06-17 03:45:00,656.9508,2004-06-16 21:00:00,1.2500
08162500,28.973889,-96.012222,2004-06-24 19:45:00,2004-06-27 03:00:00,716.4162,2004-06-26 14:30:00,42.7500
08162500,28.973889,-96.012222,2004-11-21 03:15:00,2004-12-06 00:45:00,2089.7833,2004-11-27 15:30:00,156.2500
08162500,28.973889,-96.012222,2007-03-15 10:00:00,2007-03-16 14:30:00,719.2479,2007-03-15 21:30:00,11.5000
08162500,28.973889,-96.012222,2007-07-02 12:15:00,2007-07-21 17:45:00,1155.3273,2007-07-05 19:45:00,79.5000
08162500,28.973889,-96.012222,2007-07-28 01:00:00,2007-07-29 01:45:00,707.9212,2007-07-28 11:15:00,10.2500
08162500,28.973889,-96.012222,2009-04-19 07:30:00,2009-04-20 18:30:00,925.9609,2009-04-19 22:00:00,14.5000
08162500,28.973889,-96.012222,2012-03-23 14:30:00,2012-03-23 23:00:00,654.1192,2012-03-23 18:00:00,3.5000
08162500,28.973889,-96.012222,2013-11-03 21:45:00,2013-11-05 12:30:00,843.8420,2013-11-04 23:45:00,26.0000
08162500,28.973889,-96.012222,2015-05-20 12:10:00,2015-05-21 21:40:00,770.2182,2015-05-21 04:50:00,16.6667
08162500,28.973889,-96.012222,2015-05-27 00:00:00,2015-06-01 17:35:00,1410.1790,2015-05-31 14:20:00,110.3333
08162500,28.973889,-96.012222,2015-06-18 03:40:00,2015-06-20 22:15:00,1047.7233,2015-06-19 15:50:00,36.1667
08162500,28.973889,-96.012222,2015-10-27 02:05:00,2015-10-28 23:35:00,764.5549,2015-10-27 22:25:00,20.3333
08162500,28.973889,-96.012222,2015-11-03 00:00:00,2015-11-05 18:35:00,985.4263,2015-11-04 22:10:00,46.1667
08162500,28.973889,-96.012222,2016-04-19 17:20:00,2016-04-24 15:00:00,1766.9712,2016-04-22 19:20:00,74.0000
08162500,28.973889,-96.012222,2016-05-21 18:00:00,2016-05-24 12:55:00,872.1589,2016-05-23 05:45:00,35.7500
08162500,28.973889,-96.012222,2016-05-28 23:10:00,2016-06-02 04:55:00,1699.0108,2016-06-01 08:30:00,81.3333
08136500,31.515833,-99.919167,2012-09-29 20:45:00,2012-09-29 23:15:00,838.1787,2012-09-29 22:00:00,1.2500
08020000,32.526944,-94.960000,1991-11-10 22:30:00,1991-11-13 05:30:00,156.8753,1991-11-12 03:30:00,29.0000
08020000,32.526944,-94.960000,1992-07-06 05:30:00,1992-07-16 16:30:00,209.5447,1992-07-11 00:30:00,115.0000
08020000,32.526944,-94.960000,1992-12-16 10:30:00,1992-12-29 17:30:00,211.5268,1992-12-24 02:00:00,183.5000
08020000,32.526944,-94.960000,1993-01-06 11:30:00,1993-01-20 14:00:00,202.4655,1993-01-11 13:30:00,122.0000
08020000,32.526944,-94.960000,1993-03-02 15:00:00,1993-03-19 10:30:00,291.6635,1993-03-08 23:30:00,152.5000
08020000,32.526944,-94.960000,1993-10-25 13:30:00,1993-11-02 17:00:00,221.1546,1993-10-29 23:30:00,106.0000
08020000,32.526944,-94.960000,1994-02-23 04:30:00,1994-03-24 01:30:00,385.1091,1994-03-03 06:30:00,194.0000
08020000,32.526944,-94.960000,1994-05-19 22:30:00,1994-05-28 14:00:00,188.8734,1994-05-24 00:00:00,97.5000
08020000,32.526944,-94.960000,1994-07-19 00:00:00,1994-08-01 22:30:00,322.8121,1994-07-25 04:30:00,148.5000
08020000,32.526944,-94.960000,1994-11-08 21:30:00,1994-11-27 02:00:00,259.3823,1994-11-17 08:30:00,203.0000
08020000,32.526944,-94.960000,1994-12-16 10:30:00,1995-01-04 19:30:00,673.9409,1994-12-21 18:00:00,127.5000
08020000,32.526944,-94.960000,1995-03-20 06:30:00,1995-03-29 15:30:00,231.0655,1995-03-24 07:00:00,96.5000
08020000,32.526944,-94.960000,1995-04-11 17:00:00,1995-04-19 17:30:00,184.9090,1995-04-15 00:00:00,79.0000
08020000,32.526944,-94.960000,1995-04-29 13:30:00,1995-05-05 17:00:00,177.2635,1995-05-02 21:00:00,79.5000
08020000,32.526944,-94.960000,1995-05-09 13:00:00,1995-05-28 10:00:00,682.4360,1995-05-15 21:00:00,152.0000
08020000,32.526944,-94.960000,1997-04-10 11:00:00,1997-04-22 20:45:00,253.4358,1997-04-15 12:00:00,121.0000
08020000,32.526944,-94.960000,1997-04-27 23:45:00,1997-04-29 04:45:00,199.6338,1997-04-29 04:45:00,29.0000
08020000,32.526944,-94.960000,1998-02-17 08:15:00,1998-02-24 13:45:00,174.7149,1998-02-21 02:00:00,89.7500
08020000,32.526944,-94.960000,1998-03-24 10:45:00,1998-03-30 01:30:00,170.7506,1998-03-27 09:00:00,70.2500
08020000,32.526944,-94.960000,1998-10-07 11:00:00,1998-10-08 16:15:00,157.4417,1998-10-08 00:30:00,13.5000
08020000,32.526944,-94.960000,1998-11-22 02:30:00,1998-11-25 01:45:00,159.9902,1998-11-23 14:15:00,35.7500
08020000,32.526944,-94.960000,1998-12-11 16:00:00,1999-01-06 18:30:00,419.0893,1998-12-19 02:30:00,178.5000
08020000,32.526944,-94.960000,1999-03-19 21:30:00,1999-03-26 03:15:00,205.8635,1999-03-23 14:15:00,88.7500
08020000,32.526944,-94.960000,1999-05-28 10:00:00,1999-06-14 15:45:00,191.4219,1999-05-31 22:00:00,84.0000
08020000,32.526944,-94.960000,2000-06-20 22:15:00,2000-07-07 08:45:00,390.7725,2000-06-24 12:30:00,86.2500
08020000,32.526944,-94.960000,2000-12-28 02:00:00,2001-01-15 19:15:00,478.5547,2001-01-05 04:45:00,194.7500
08020000,32.526944,-94.960000,2001-01-18 19:15:00,2001-02-03 12:30:00,225.6853,2001-01-27 04:45:00,201.5000
08020000,32.526944,-94.960000,2001-02-16 13:45:00,2001-04-09 00:00:00,676.7726,2001-02-21 23:00:00,129.2500
08020000,32.526944,-94.960000,2001-12-17 13:45:00,2002-01-01 05:45:00,928.7926,2001-12-23 04:30:00,134.7500
08020000,32.526944,-94.960000,2002-03-21 08:00:00,2002-04-19 15:45:00,339.8022,2002-03-28 00:30:00,160.5000
08020000,32.526944,-94.960000,2003-02-27 07:45:00,2003-03-11 21:15:00,202.7486,2003-03-05 17:30:00,153.7500
08020000,32.526944,-94.960000,2007-01-14 20:30:00,2007-01-26 03:15:00,201.8991,2007-01-18 00:15:00,75.7500
08020000,32.526944,-94.960000,2007-06-16 22:30:00,2007-06-23 08:30:00,205.8635,2007-06-19 13:30:00,63.0000
08020000,32.526944,-94.960000,2007-07-06 14:30:00,2007-07-30 15:15:00,560.6736,2007-07-12 10:00:00,139.5000
08020000,32.526944,-94.960000,2008-05-16 00:15:00,2008-05-17 09:00:00,157.1585,2008-05-16 12:00:00,11.7500
08020000,32.526944,-94.960000,2009-05-06 05:00:00,2009-05-18 16:45:00,594.6538,2009-05-10 18:45:00,109.7500
08020000,32.526944,-94.960000,2009-10-13 15:15:00,2009-11-15 00:30:00,662.6142,2009-10-19 20:30:00,149.2500
08020000,32.526944,-94.960000,2010-02-05 23:00:00,2010-02-12 05:45:00,424.7527,2010-02-12 05:45:00,150.7500
08020000,32.526944,-94.960000,2010-02-13 06:00:00,2010-03-01 13:30:00,438.9111,2010-02-13 11:30:00,5.5000
08020000,32.526944,-94.960000,2010-03-16 19:00:00,2010-03-20 06:00:00,161.9724,2010-03-18 10:30:00,39.5000
08020000,32.526944,-94.960000,2010-04-01 21:45:00,2010-04-04 20:15:00,160.2734,2010-04-03 09:15:00,35.5000
08020000,32.526944,-94.960000,2012-03-24 12:30:00,2012-04-01 11:45:00,232.7645,2012-03-29 07:15:00,114.7500
08020000,32.526944,-94.960000,2015-03-09 21:00:00,2015-03-25 20:30:00,238.4278,2015-03-15 20:15:00,143.2500
08020000,32.526944,-94.960000,2015-11-11 02:45:00,2015-11-17 03:00:00,162.8219,2015-11-14 01:15:00,70.5000
08020000,32.526944,-94.960000,2016-03-09 16:00:00,2016-03-29 05:45:00,741.9014,2016-03-14 18:30:00,121.5000
08033500,31.025000,-94.399444,1991-01-15 18:00:00,1991-01-26 01:00:00,651.2875,1991-01-20 20:00:00,122.0000
08033500,31.025000,-94.399444,1991-12-31 06:00:00,1992-01-02 21:00:00,518.1983,1991-12-31 21:00:00,15.0000
08033500,31.025000,-94.399444,1992-02-08 11:00:00,1992-02-10 15:00:00,515.3666,1992-02-08 22:00:00,11.0000
08033500,31.025000,-94.399444,1993-06-28 01:00:00,1993-07-03 05:00:00,614.4756,1993-06-29 19:00:00,42.0000
08033500,31.025000,-94.399444,1994-10-18 21:00:00,1994-10-26 16:00:00,1197.8026,1994-10-20 19:00:00,46.0000
08033500,31.025000,-94.399444,1994-12-19 15:00:00,1994-12-24 02:00:00,532.3567,1994-12-20 19:00:00,28.0000
08033500,31.025000,-94.399444,1995-01-20 17:00:00,1995-01-25 06:00:00,608.8122,1995-01-22 13:00:00,44.0000
08033500,31.025000,-94.399444,1995-03-17 06:00:00,1995-03-18 18:00:00,523.8617,1995-03-17 19:00:00,13.0000
08033500,31.025000,-94.399444,1998-01-08 12:00:00,1998-01-15 08:00:00,617.3073,1998-01-10 09:00:00,45.0000
08033500,31.025000,-94.399444,1998-11-15 06:00:00,1998-11-20 14:00:00,787.2083,1998-11-17 04:00:00,46.0000
08033500,31.025000,-94.399444,1999-02-02 00:00:00,1999-02-10 01:00:00,724.9113,1999-02-04 13:00:00,61.0000
08033500,31.025000,-94.399444,2001-06-11 04:00:00,2001-06-18 16:00:00,798.5351,2001-06-13 16:00:00,60.0000
08033500,31.025000,-94.399444,2003-02-26 05:00:00,2003-03-02 13:00:00,526.6933,2003-02-27 01:00:00,20.0000
08033500,31.025000,-94.399444,2003-03-04 05:00:00,2003-03-05 18:00:00,506.8716,2003-03-04 17:00:00,12.0000
08033500,31.025000,-94.399444,2004-11-24 08:00:00,2004-12-02 01:00:00,710.7528,2004-11-27 17:00:00,81.0000
08033500,31.025000,-94.399444,2006-10-17 01:30:00,2006-10-17 21:15:00,526.6933,2006-10-17 05:15:00,3.7500
08033500,31.025000,-94.399444,2007-01-17 21:00:00,2007-01-22 19:15:00,597.4855,2007-01-19 06:30:00,33.5000
08033500,31.025000,-94.399444,2007-07-19 01:45:00,2007-07-25 15:00:00,586.1587,2007-07-22 15:00:00,85.2500
08033500,31.025000,-94.399444,2012-03-15 03:45:00,2012-03-17 12:15:00,526.6933,2012-03-15 21:30:00,17.7500
08033500,31.025000,-94.399444,2015-03-22 22:15:00,2015-03-28 00:00:00,546.5151,2015-03-24 16:45:00,42.5000
08033500,31.025000,-94.399444,2015-05-20 11:00:00,2015-06-05 16:45:00,812.6935,2015-05-28 05:15:00,186.2500
08033500,31.025000,-94.399444,2016-03-11 16:30:00,2016-03-17 16:00:00,597.4855,2016-03-14 08:00:00,62.5000
08033500,31.025000,-94.399444,2016-05-29 04:00:00,2016-06-02 04:45:00,824.0202,2016-05-31 05:45:00,49.7500
08076700,29.836944,-95.233056,1984-10-26 01:00:00,1984-10-27 04:00:00,396.4359,1984-10-26 12:00:00,11.0000
08076700,29.836944,-95.233056,1993-03-02 01:00:00,1993-03-02 19:00:00,387.9408,1993-03-02 08:00:00,7.0000
08076700,29.836944,-95.233056,1993-04-08 02:00:00,1993-04-08 07:00:00,236.4457,1993-04-08 04:00:00,2.0000
08076700,29.836944,-95.233056,1993-11-16 23:00:00,1993-11-17 03:00:00,230.2160,1993-11-17 01:00:00,2.0000
08076700,29.836944,-95.233056,1994-05-16 13:00:00,1994-05-16 20:00:00,250.3209,1994-05-16 16:00:00,3.0000
08076700,29.836944,-95.233056,1995-01-27 08:00:00,1995-01-27 15:00:00,246.0734,1995-01-27 11:00:00,3.0000
08076700,29.836944,-95.233056,1997-03-12 18:30:00,1997-03-13 12:30:00,379.4457,1997-03-13 00:00:00,5.5000
08076700,29.836944,-95.233056,1997-04-04 16:30:00,1997-04-05 04:00:00,294.4952,1997-04-04 20:00:00,3.5000
08076700,29.836944,-95.233056,1997-05-24 23:30:00,1997-05-25 19:00:00,464.3963,1997-05-25 06:30:00,7.0000
08076700,29.836944,-95.233056,1998-01-07 08:30:00,1998-01-07 18:00:00,264.4793,1998-01-07 12:00:00,3.5000
08076700,29.836944,-95.233056,1998-09-11 12:30:00,1998-09-12 12:30:00,438.9111,1998-09-11 23:00:00,10.5000
08076700,29.836944,-95.233056,1998-10-18 22:15:00,1998-10-19 07:30:00,257.1170,1998-10-19 02:15:00,4.0000
08076700,29.836944,-95.233056,1998-11-13 06:30:00,1998-11-15 00:15:00,376.6141,1998-11-13 17:30:00,11.0000
08076700,29.836944,-95.233056,1998-12-11 23:45:00,1998-12-12 05:45:00,235.5962,1998-12-12 03:00:00,3.2500
08076700,29.836944,-95.233056,1999-05-13 00:15:00,1999-05-13 01:00:00,214.9249,1999-05-13 00:45:00,0.5000
08076700,29.836944,-95.233056,2000-05-20 08:00:00,2000-05-21 02:00:00,382.2774,2000-05-20 14:30:00,6.5000
08076700,29.836944,-95.233056,2001-03-28 07:15:00,2001-03-28 21:00:00,305.8219,2001-03-28 12:00:00,4.7500
08076700,29.836944,-95.233056,2001-06-06 05:00:00,2001-06-07 04:30:00,492.7131,2001-06-06 13:45:00,8.7500
08076700,29.836944,-95.233056,2001-06-09 02:15:00,2001-06-09 04:45:00,444.5745,2001-06-09 04:45:00,2.5000
08076700,29.836944,-95.233056,2001-10-12 03:00:00,2001-10-12 05:00:00,215.7744,2001-10-12 04:15:00,1.2500
08076700,29.836944,-95.233056,2001-10-13 17:30:00,2001-10-14 02:00:00,239.8437,2001-10-13 21:45:00,4.2500
08076700,29.836944,-95.233056,2001-12-12 10:45:00,2001-12-12 23:00:00,308.6536,2001-12-12 15:15:00,4.5000
08076700,29.836944,-95.233056,2002-04-08 15:00:00,2002-04-09 05:15:00,325.6437,2002-04-08 20:45:00,5.7500
08076700,29.836944,-95.233056,2002-09-20 07:30:00,2002-09-20 13:15:00,223.7031,2002-09-20 09:45:00,2.2500
08076700,29.836944,-95.233056,2002-10-29 05:45:00,2002-10-30 14:15:00,586.1587,2002-10-29 22:45:00,17.0000
08076700,29.836944,-95.233056,2003-10-10 05:30:00,2003-10-10 12:15:00,234.7467,2003-10-10 08:00:00,2.5000
08076700,29.836944,-95.233056,2003-11-17 06:30:00,2003-11-19 04:00:00,467.2280,2003-11-18 15:00:00,32.5000
08076700,29.836944,-95.233056,2004-06-24 18:45:00,2004-06-26 00:15:00,221.7209,2004-06-24 20:45:00,2.0000
08076700,29.836944,-95.233056,2004-11-18 06:00:00,2004-11-18 15:45:00,291.6635,2004-11-18 08:15:00,2.2500
08076700,29.836944,-95.233056,2004-11-23 02:15:00,2004-11-23 20:00:00,359.6240,2004-11-23 10:00:00,7.7500
08076700,29.836944,-95.233056,2005-05-30 11:00:00,2005-05-30 14:45:00,222.5704,2005-05-30 12:15:00,1.2500
08076700,29.836944,-95.233056,2006-06-19 11:30:00,2006-06-20 11:45:00,467.2280,2006-06-19 20:00:00,8.5000
08076700,29.836944,-95.233056,2006-07-26 22:45:00,2006-07-27 04:00:00,225.4021,2006-07-27 01:15:00,2.5000
08076700,29.836944,-95.233056,2006-10-16 10:30:00,2006-10-17 20:00:00,526.6933,2006-10-17 03:00:00,16.5000
08076700,29.836944,-95.233056,2007-07-07 00:30:00,2007-07-07 10:45:00,274.9566,2007-07-07 04:30:00,4.0000
08076700,29.836944,-95.233056,2008-09-13 13:45:00,2008-09-15 18:00:00,600.3171,2008-09-15 01:30:00,35.7500
08076700,29.836944,-95.233056,2008-10-16 06:45:00,2008-10-16 20:30:00,297.3269,2008-10-16 11:45:00,5.0000
08076700,29.836944,-95.233056,2008-11-12 13:00:00,2008-11-12 20:45:00,243.2417,2008-11-12 15:45:00,2.7500
08076700,29.836944,-95.233056,2009-04-18 21:45:00,2009-04-19 19:00:00,404.9309,2009-04-19 05:15:00,7.5000
08076700,29.836944,-95.233056,2009-04-28 15:15:00,2009-04-29 07:00:00,288.8318,2009-04-28 20:15:00,5.0000
08076700,29.836944,-95.233056,2010-07-03 05:00:00,2010-07-03 22:45:00,410.5943,2010-07-03 05:15:00,0.2500
08076700,29.836944,-95.233056,2015-05-26 06:15:00,2015-05-27 09:15:00,487.0498,2015-05-26 15:15:00,9.0000
08076700,29.836944,-95.233056,2015-10-25 07:45:00,2015-10-26 07:15:00,339.8022,2015-10-25 16:00:00,8.2500
08076700,29.836944,-95.233056,2016-04-18 14:15:00,2016-04-19 20:15:00,407.7626,2016-04-19 05:15:00,15.0000
08076700,29.836944,-95.233056,2016-05-28 01:30:00,2016-05-28 18:45:00,328.4754,2016-05-28 08:00:00,6.5000
08096500,31.535833,-97.073056,1997-03-10 16:15:00,1997-03-11 00:45:00,1076.0402,1997-03-10 19:45:00,3.5000
08096500,31.535833,-97.073056,2007-03-30 13:45:00,2007-03-31 03:15:00,1129.8422,2007-03-30 19:00:00,5.2500
08096500,31.535833,-97.073056,2015-10-24 22:00:00,2015-10-25 02:30:00,1047.7233,2015-10-24 23:45:00,1.7500
08111500,30.128889,-96.187500,1991-01-10 20:00:00,1991-01-24 08:00:00,1497.9612,1991-01-13 06:00:00,58.0000
08111500,30.128889,-96.187500,1991-02-06 13:00:00,1991-02-08 16:00:00,645.6241,1991-02-07 11:00:00,22.0000
08111500,30.128889,-96.187500,1991-04-15 10:00:00,1991-04-21 21:00:00,829.6836,1991-04-16 12:00:00,26.0000
08111500,30.128889,-96.187500,1991-05-06 13:00:00,1991-05-07 05:00:00,563.5052,1991-05-06 21:00:00,8.0000
08111500,30.128889,-96.187500,1991-05-17 06:00:00,1991-05-18 18:00:00,631.4657,1991-05-17 21:00:00,15.0000
08111500,30.128889,-96.187500,1991-06-11 16:00:00,1991-06-13 18:00:00,552.1785,1991-06-11 22:00:00,6.0000
08111500,30.128889,-96.187500,1991-06-15 13:00:00,1991-06-18 17:00:00,560.6736,1991-06-16 14:00:00,25.0000
08111500,30.128889,-96.187500,1991-11-03 15:00:00,1991-11-10 20:00:00,705.0895,1991-11-08 18:00:00,123.0000
08111500,30.128889,-96.187500,1991-12-21 19:00:00,1992-02-01 05:00:00,3284.7542,1991-12-28 01:00:00,150.0000
08111500,30.128889,-96.187500,1992-02-04 06:00:00,1992-02-07 05:59:00,2166.2388,1992-02-07 05:59:00,71.9833
08111500,30.128889,-96.187500,1992-02-08 06:00:00,1992-02-10 05:00:00,2392.7735,1992-02-08 16:00:00,10.0000
08111500,30.128889,-96.187500,1992-04-16 04:00:00,1992-04-17 00:00:00,552.1785,1992-04-16 11:00:00,7.0000
08111500,30.128889,-96.187500,1992-04-18 05:00:00,1992-04-22 06:00:00,724.9113,1992-04-20 19:00:00,62.0000
08111500,30.128889,-96.187500,1992-04-23 15:00:00,1992-04-28 16:00:00,628.6340,1992-04-26 02:00:00,59.0000
08111500,30.128889,-96.187500,1992-05-20 05:00:00,1992-06-02 04:00:00,1200.6343,1992-05-21 00:00:00,19.0000
08111500,30.128889,-96.187500,1992-06-03 05:00:00,1992-06-04 04:00:00,1599.9018,1992-06-04 04:00:00,23.0000
08111500,30.128889,-96.187500,1992-06-08 05:00:00,1992-06-10 04:00:00,889.1490,1992-06-09 16:00:00,35.0000
08111500,30.128889,-96.187500,1992-06-11 05:00:00,1992-06-19 04:00:00,1180.8125,1992-06-15 17:00:00,108.0000
08111500,30.128889,-96.187500,1992-06-30 09:00:00,1992-07-03 11:00:00,577.6637,1992-07-01 12:00:00,27.0000
08111500,30.128889,-96.187500,1992-12-16 06:00:00,1992-12-16 10:00:00,552.1785,1992-12-16 07:00:00,1.0000
08111500,30.128889,-96.187500,1992-12-17 12:00:00,1992-12-19 07:00:00,662.6142,1992-12-18 06:00:00,18.0000
08111500,30.128889,-96.187500,1993-04-08 03:00:00,1993-04-12 05:00:00,690.9311,1993-04-10 07:00:00,52.0000
08111500,30.128889,-96.187500,1993-05-05 00:00:00,1993-05-15 23:00:00,1144.0006,1993-05-12 15:00:00,183.0000
08111500,30.128889,-96.187500,1993-06-20 14:00:00,1993-06-22 04:00:00,991.0896,1993-06-22 04:00:00,38.0000
08111500,30.128889,-96.187500,1993-06-23 05:00:00,1993-06-29 20:00:00,1308.2383,1993-06-23 17:00:00,12.0000
08111500,30.128889,-96.187500,1994-02-25 02:00:00,1994-02-25 21:00:00,566.3369,1994-02-25 10:00:00,8.0000
08111500,30.128889,-96.187500,1994-05-16 05:00:00,1994-05-20 11:00:00,668.2776,1994-05-17 01:00:00,20.0000
08111500,30.128889,-96.187500,1994-10-17 09:00:00,1994-10-20 04:00:00,3086.5363,1994-10-18 03:00:00,18.0000
08111500,30.128889,-96.187500,1994-12-16 20:00:00,1994-12-24 00:00:00,1339.3868,1994-12-18 20:00:00,48.0000
08111500,30.128889,-96.187500,1994-12-30 16:00:00,1995-01-01 23:00:00,699.4261,1994-12-31 16:00:00,24.0000
08111500,30.128889,-96.187500,1995-01-18 14:00:00,1995-01-19 09:00:00,569.1686,1995-01-18 20:00:00,6.0000
08111500,30.128889,-96.187500,1995-01-27 04:00:00,1995-01-28 04:00:00,705.0895,1995-01-27 12:00:00,8.0000
08111500,30.128889,-96.187500,1995-03-15 00:00:00,1995-03-20 22:00:00,1101.5253,1995-03-16 15:00:00,39.0000
08111500,30.128889,-96.187500,1995-04-07 17:00:00,1995-04-09 19:00:00,594.6538,1995-04-08 15:00:00,22.0000
08111500,30.128889,-96.187500,1995-04-13 09:00:00,1995-04-15 04:00:00,631.4657,1995-04-14 02:00:00,17.0000
08111500,30.128889,-96.187500,1995-05-10 12:00:00,1995-05-21 17:00:00,886.3173,1995-05-15 03:00:00,111.0000
08111500,30.128889,-96.187500,1995-06-01 23:00:00,1995-06-05 10:00:00,693.7627,1995-06-02 15:00:00,16.0000
08111500,30.128889,-96.187500,1995-06-16 10:00:00,1995-06-18 02:00:00,577.6637,1995-06-17 07:00:00,21.0000
08111500,30.128889,-96.187500,1995-08-04 16:00:00,1995-08-12 22:00:00,807.0301,1995-08-07 20:00:00,76.0000
08111500,30.128889,-96.187500,1996-09-21 23:00:00,1996-09-22 13:00:00,583.3270,1996-09-22 03:00:00,4.0000
08111500,30.128889,-96.187500,1997-04-05 04:00:00,1997-04-12 04:00:00,1514.9513,1997-04-08 14:00:00,81.0000
08111500,30.128889,-96.187500,1997-04-26 15:00:00,1997-05-02 04:00:00,1172.3174,1997-04-29 12:00:00,69.0000
08111500,30.128889,-96.187500,1997-05-12 13:00:00,1997-05-22 14:00:00,858.0005,1997-05-15 21:00:00,80.0000
08111500,30.128889,-96.187500,1997-06-11 02:00:00,1997-06-16 16:00:00,886.3173,1997-06-12 23:00:00,45.0000
08111500,30.128889,-96.187500,1997-06-29 12:00:00,1997-07-03 18:00:00,639.9607,1997-06-30 20:00:00,32.0000
08111500,30.128889,-96.187500,1997-12-23 01:00:00,1997-12-28 01:00:00,1245.9413,1997-12-24 17:00:00,40.0000
08111500,30.128889,-96.187500,1998-01-06 22:00:00,1998-01-19 21:00:00,1548.9315,1998-01-10 11:00:00,85.0000
08111500,30.128889,-96.187500,1998-02-22 15:00:00,1998-03-04 05:00:00,908.9708,1998-02-27 03:00:00,108.0000
08111500,30.128889,-96.187500,1998-03-19 07:00:00,1998-03-30 00:00:00,1076.0402,1998-03-24 05:00:00,118.0000
08111500,30.128889,-96.187500,1998-10-18 18:00:00,1998-10-28 02:00:00,2239.8626,1998-10-22 06:00:00,84.0000
08111500,30.128889,-96.187500,1998-11-12 23:00:00,1998-11-24 01:00:00,1679.1890,1998-11-14 00:00:00,25.0000
08111500,30.128889,-96.187500,1999-02-02 06:00:00,1999-02-07 20:00:00,747.5648,1999-02-04 00:00:00,42.0000
08111500,30.128889,-96.187500,2000-11-05 13:00:00,2000-11-10 14:00:00,1042.0600,2000-11-07 03:00:00,38.0000
08111500,30.128889,-96.187500,2000-12-28 08:00:00,2000-12-31 16:00:00,1056.2184,2000-12-29 15:00:00,31.0000
08111500,30.128889,-96.187500,2001-01-19 15:00:00,2001-01-23 06:00:00,860.8321,2001-01-21 02:00:00,35.0000
08111500,30.128889,-96.187500,2001-01-31 23:00:00,2001-02-01 15:00:00,560.6736,2001-02-01 06:00:00,7.0000
08111500,30.128889,-96.187500,2001-03-28 16:00:00,2001-04-05 00:00:00,1044.8916,2001-03-31 10:00:00,66.0000
08111500,30.128889,-96.187500,2001-05-08 20:00:00,2001-05-10 23:00:00,710.7528,2001-05-10 01:00:00,29.0000
08111500,30.128889,-96.187500,2001-06-09 18:00:00,2001-06-10 12:00:00,671.1093,2001-06-10 02:00:00,8.0000
08111500,30.128889,-96.187500,2001-09-01 23:00:00,2001-09-03 19:00:00,807.0301,2001-09-02 17:00:00,18.0000
08111500,30.128889,-96.187500,2001-09-07 22:00:00,2001-09-08 20:00:00,605.9805,2001-09-08 08:00:00,10.0000
08111500,30.128889,-96.187500,2001-11-18 13:00:00,2001-11-20 14:00:00,775.8816,2001-11-19 14:00:00,25.0000
08111500,30.128889,-96.187500,2001-12-17 13:00:00,2001-12-27 19:00:00,1676.3573,2001-12-20 07:00:00,66.0000
08111500,30.128889,-96.187500,2002-08-15 20:00:00,2002-08-16 21:00:00,1005.2481,2002-08-16 02:00:00,6.0000
08111500,30.128889,-96.187500,2002-10-25 03:00:00,2002-10-26 13:00:00,860.8321,2002-10-25 15:00:00,12.0000
08111500,30.128889,-96.187500,2002-11-04 15:00:00,2002-11-11 08:00:00,1885.9020,2002-11-06 01:00:00,34.0000
08111500,30.128889,-96.187500,2002-12-11 02:00:00,2002-12-16 18:00:00,1277.0898,2002-12-13 13:00:00,59.0000
08111500,30.128889,-96.187500,2002-12-24 08:00:00,2002-12-28 18:00:00,727.7430,2002-12-26 20:00:00,60.0000
08111500,30.128889,-96.187500,2002-12-31 21:00:00,2003-01-01 09:00:00,563.5052,2003-01-01 03:00:00,6.0000
08111500,30.128889,-96.187500,2003-01-02 16:00:00,2003-01-04 18:00:00,668.2776,2003-01-03 11:00:00,19.0000
08111500,30.128889,-96.187500,2003-02-21 13:00:00,2003-03-09 17:00:00,2106.7734,2003-02-25 05:00:00,88.0000
08111500,30.128889,-96.187500,2003-10-11 09:00:00,2003-10-14 07:00:00,988.2579,2003-10-12 14:00:00,29.0000
08111500,30.128889,-96.187500,2004-02-11 08:00:00,2004-02-16 09:00:00,1110.0204,2004-02-12 11:00:00,27.0000
08111500,30.128889,-96.187500,2004-04-27 10:00:00,2004-04-29 03:00:00,645.6241,2004-04-28 05:00:00,19.0000
08111500,30.128889,-96.187500,2004-05-03 05:00:00,2004-05-08 21:00:00,829.6836,2004-05-05 01:00:00,44.0000
08111500,30.128889,-96.187500,2004-05-14 05:00:00,2004-05-21 02:00:00,2061.4664,2004-05-17 05:00:00,72.0000
08111500,30.128889,-96.187500,2004-11-19 17:00:00,2004-11-25 05:00:00,1948.1990,2004-11-25 04:00:00,131.0000
08111500,30.128889,-96.187500,2004-11-27 06:00:00,2004-12-01 05:00:00,2381.4468,2004-11-27 20:00:00,14.0000
08111500,30.128889,-96.187500,2004-12-03 06:00:00,2004-12-04 05:00:00,1379.0304,2004-12-04 05:00:00,23.0000
08111500,30.128889,-96.187500,2004-12-05 06:00:00,2004-12-21 11:00:00,1432.8324,2004-12-05 15:00:00,9.0000
08111500,30.128889,-96.187500,2005-02-03 16:00:00,2005-02-06 08:00:00,662.6142,2005-02-04 17:00:00,25.0000
08111500,30.128889,-96.187500,2005-02-08 06:00:00,2005-02-13 22:00:00,855.1688,2005-02-08 14:00:00,8.0000
08111500,30.128889,-96.187500,2005-02-25 19:00:00,2005-03-17 01:00:00,1302.5749,2005-03-05 18:00:00,191.0000
08111500,30.128889,-96.187500,2005-08-12 15:00:00,2005-08-15 10:00:00,1050.5550,2005-08-13 23:00:00,32.0000
08111500,30.128889,-96.187500,2006-10-20 03:30:00,2006-10-20 23:00:00,572.0003,2006-10-20 08:45:00,5.2500
08111500,30.128889,-96.187500,2007-01-14 08:15:00,2007-01-20 05:45:00,1588.5751,2007-01-17 19:45:00,83.5000
08111500,30.128889,-96.187500,2007-03-14 06:15:00,2007-03-20 15:15:00,1662.1989,2007-03-15 17:00:00,34.7500
08111500,30.128889,-96.187500,2007-03-28 04:30:00,2007-04-14 23:30:00,1112.8521,2007-04-03 10:45:00,150.2500
08111500,30.128889,-96.187500,2007-05-03 11:45:00,2007-05-18 21:15:00,1540.4365,2007-05-06 19:15:00,79.5000
08111500,30.128889,-96.187500,2007-09-08 07:30:00,2007-09-15 04:15:00,628.6340,2007-09-08 22:45:00,15.2500
08111500,30.128889,-96.187500,2008-05-17 01:00:00,2008-05-19 08:00:00,809.8618,2008-05-18 03:45:00,26.7500
08111500,30.128889,-96.187500,2009-04-19 08:00:00,2009-04-19 17:30:00,591.8221,2009-04-19 11:30:00,3.5000
08111500,30.128889,-96.187500,2009-04-28 23:15:00,2009-04-29 15:45:00,671.1093,2009-04-29 05:30:00,6.2500
08111500,30.128889,-96.187500,2009-05-04 23:45:00,2009-05-06 05:15:00,557.8419,2009-05-05 07:45:00,8.0000
08111500,30.128889,-96.187500,2009-09-15 19:45:00,2009-09-16 14:45:00,594.6538,2009-09-16 05:00:00,9.2500
08111500,30.128889,-96.187500,2009-10-16 11:00:00,2009-10-18 00:30:00,659.7825,2009-10-17 02:15:00,15.2500
08111500,30.128889,-96.187500,2009-10-24 11:15:00,2009-11-08 21:30:00,1673.5256,2009-10-30 15:30:00,148.2500
08111500,30.128889,-96.187500,2010-01-31 04:00:00,2010-03-01 03:45:00,1472.4760,2010-02-08 10:15:00,198.2500
08111500,30.128889,-96.187500,2010-03-03 22:00:00,2010-03-06 03:45:00,577.6637,2010-03-05 07:30:00,33.5000
08111500,30.128889,-96.187500,2010-03-10 19:30:00,2010-03-15 18:45:00,937.2876,2010-03-12 04:45:00,33.2500
08111500,30.128889,-96.187500,2010-03-16 19:15:00,2010-03-19 17:00:00,637.1290,2010-03-17 21:00:00,25.7500
08111500,30.128889,-96.187500,2010-03-27 20:45:00,2010-03-28 22:00:00,580.4954,2010-03-28 09:00:00,12.2500
08111500,30.128889,-96.187500,2010-04-23 22:30:00,2010-04-29 10:45:00,654.1192,2010-04-27 16:45:00,90.2500
08111500,30.128889,-96.187500,2010-06-11 11:30:00,2010-06-13 21:45:00,696.5944,2010-06-12 07:45:00,20.2500
08111500,30.128889,-96.187500,2010-09-11 10:30:00,2010-09-17 07:45:00,928.7926,2010-09-12 17:00:00,30.5000
08111500,30.128889,-96.187500,2012-01-28 04:30:00,2012-01-28 22:30:00,577.6637,2012-01-28 13:00:00,8.5000
08111500,30.128889,-96.187500,2012-02-05 12:15:00,2012-02-06 05:45:00,631.4657,2012-02-06 05:45:00,17.5000
08111500,30.128889,-96.187500,2012-02-20 06:45:00,2012-02-22 21:30:00,841.0103,2012-02-21 12:15:00,29.5000
08111500,30.128889,-96.187500,2012-03-12 11:45:00,2012-03-15 06:30:00,716.4162,2012-03-13 17:15:00,29.5000
08111500,30.128889,-96.187500,2012-03-21 10:15:00,2012-04-04 16:45:00,1631.0504,2012-03-24 14:15:00,76.0000
08111500,30.128889,-96.187500,2013-11-01 19:45:00,2013-11-05 19:45:00,1370.5354,2013-11-03 21:15:00,50.5000
08111500,30.128889,-96.187500,2014-05-13 23:30:00,2014-05-14 12:30:00,617.3073,2014-05-14 04:45:00,5.2500
08111500,30.128889,-96.187500,2014-05-28 21:00:00,2014-05-29 15:45:00,625.8023,2014-05-29 04:30:00,7.5000
08111500,30.128889,-96.187500,2015-01-24 22:15:00,2015-01-27 06:15:00,702.2578,2015-01-26 00:00:00,25.7500
08111500,30.128889,-96.187500,2015-03-10 07:45:00,2015-03-15 11:00:00,1152.4957,2015-03-13 03:00:00,67.2500
08111500,30.128889,-96.187500,2015-03-21 23:30:00,2015-03-23 06:15:00,676.7726,2015-03-22 09:45:00,10.2500
08111500,30.128889,-96.187500,2015-05-07 04:00:00,2015-05-10 14:45:00,739.0697,2015-05-09 10:00:00,54.0000
08111500,30.128889,-96.187500,2015-07-13 13:15:00,2015-07-17 18:30:00,631.4657,2015-07-15 15:30:00,50.2500
08111500,30.128889,-96.187500,2015-11-17 21:00:00,2015-11-22 16:15:00,957.1094,2015-11-20 04:30:00,55.5000
08111500,30.128889,-96.187500,2015-11-30 20:45:00,2015-12-09 05:45:00,1053.3867,2015-12-09 05:30:00,200.7500
08111500,30.128889,-96.187500,2015-12-10 16:30:00,2016-01-14 10:00:00,1509.2879,2015-12-17 02:45:00,154.2500
08111500,30.128889,-96.187500,2016-03-10 13:30:00,2016-03-25 08:30:00,1693.3474,2016-03-15 13:45:00,119.2500
08147000,31.217778,-98.564167,1991-12-20 22:00:00,1991-12-25 08:00:00,1342.2185,1991-12-21 17:00:00,19.0000
08147000,31.217778,-98.564167,1997-02-21 04:30:00,1997-02-22 00:45:00,1149.6640,1997-02-21 11:00:00,6.5000
08147000,31.217778,-98.564167,1997-06-23 05:45:00,1997-06-25 04:00:00,1597.0701,1997-06-24 00:30:00,18.7500
08147000,31.217778,-98.564167,2000-11-04 11:15:00,2000-11-05 16:45:00,1650.8722,2000-11-04 23:30:00,12.2500
08147000,31.217778,-98.564167,2004-06-09 19:00:00,2004-06-10 19:00:00,1475.3077,2004-06-10 02:45:00,7.7500
08147000,31.217778,-98.564167,2004-11-18 19:30:00,2004-11-19 10:00:00,937.2876,2004-11-19 01:45:00,6.2500
08167500,29.860278,-98.383333,1987-07-18 03:00:00,1987-07-18 14:00:00,1990.6743,1987-07-18 07:00:00,4.0000
08167500,29.860278,-98.383333,1991-12-21 03:00:00,1991-12-22 18:00:00,2245.5259,1991-12-22 00:00:00,21.0000
08167500,29.860278,-98.383333,1992-02-04 11:00:00,1992-02-04 14:00:00,937.2876,1992-02-04 12:00:00,1.0000
08167500,29.860278,-98.383333,1992-05-21 23:00:00,1992-05-22 01:00:00,965.6045,1992-05-22 00:00:00,1.0000
08167500,29.860278,-98.383333,2004-04-07 10:15:00,2004-04-07 12:45:00,894.8124,2004-04-07 10:45:00,0.5000
08167500,29.860278,-98.383333,2004-11-17 15:00:00,2004-11-17 19:30:00,985.4263,2004-11-17 16:45:00,1.7500
08167500,29.860278,-98.383333,2007-07-21 17:45:00,2007-07-21 20:15:00,920.2975,2007-07-21 18:30:00,0.7500
08167500,29.860278,-98.383333,2007-08-17 09:15:00,2007-08-18 03:45:00,1597.0701,2007-08-17 17:15:00,8.0000
08167500,29.860278,-98.383333,2015-05-24 01:00:00,2015-05-24 23:15:00,1693.3474,2015-05-24 03:45:00,2.7500
08167500,29.860278,-98.383333,2015-10-30 14:15:00,2015-10-30 16:30:00,1220.4561,2015-10-30 15:00:00,0.7500
08167500,29.860278,-98.383333,2016-05-30 01:30:00,2016-05-30 04:15:00,908.9708,2016-05-30 02:45:00,1.2500
08022040,32.327222,-94.353333,1992-02-27 05:00:00,1992-02-28 05:16:00,345.4655,1992-02-27 09:00:00,4.0000
08022040,32.327222,-94.353333,1992-03-05 21:00:00,1992-03-15 19:00:00,382.2774,1992-03-06 19:00:00,22.0000
08022040,32.327222,-94.353333,1992-03-18 21:00:00,1992-03-28 16:00:00,413.4260,1992-03-22 19:00:00,94.0000
08022040,32.327222,-94.353333,1994-03-09 23:00:00,1994-03-12 12:16:00,348.2972,1994-03-10 18:00:00,19.0000
08022040,32.327222,-94.353333,1994-12-17 15:00:00,1994-12-20 06:00:00,365.2873,1994-12-18 17:00:00,26.0000
08022040,32.327222,-94.353333,1994-12-25 06:00:00,1995-01-07 00:00:00,518.1983,1994-12-31 18:00:00,156.0000
08022040,32.327222,-94.353333,1995-04-23 16:00:00,1995-04-27 07:00:00,453.0695,1995-04-24 18:00:00,26.0000
08022040,32.327222,-94.353333,1995-05-20 13:00:00,1995-05-28 09:00:00,399.2675,1995-05-23 17:00:00,76.0000
08022040,32.327222,-94.353333,1997-02-14 00:45:00,1997-02-16 18:45:00,382.2774,1997-02-14 14:45:00,14.0000
08022040,32.327222,-94.353333,1997-02-25 12:00:00,1997-03-20 07:45:00,583.3270,1997-03-05 04:00:00,184.0000
08022040,32.327222,-94.353333,1997-04-06 01:30:00,1997-04-06 15:45:00,353.9606,1997-04-06 05:00:00,2.5000
08022040,32.327222,-94.353333,1997-04-29 05:15:00,1997-05-01 07:15:00,368.1190,1997-04-29 17:30:00,12.2500
08022040,32.327222,-94.353333,1997-05-08 23:00:00,1997-05-13 12:15:00,353.9606,1997-05-10 09:15:00,34.2500
08022040,32.327222,-94.353333,1997-05-28 21:45:00,1997-05-29 10:30:00,362.4556,1997-05-29 01:00:00,3.2500
08022040,32.327222,-94.353333,1998-01-08 08:15:00,1998-01-17 02:45:00,376.6141,1998-01-09 10:00:00,25.7500
08022040,32.327222,-94.353333,1998-01-22 09:45:00,1998-01-27 15:00:00,368.1190,1998-01-24 10:15:00,48.5000
08022040,32.327222,-94.353333,1999-02-01 06:00:00,1999-02-04 13:15:00,404.9309,1999-02-01 07:45:00,1.7500
08022040,32.327222,-94.353333,1999-04-05 18:15:00,1999-04-06 19:15:00,359.6240,1999-04-06 00:00:00,5.7500
08022040,32.327222,-94.353333,2001-01-18 20:00:00,2001-01-23 13:45:00,399.2675,2001-01-20 02:30:00,30.5000
08022040,32.327222,-94.353333,2001-12-18 03:45:00,2001-12-22 03:15:00,385.1091,2001-12-18 22:45:00,19.0000
08022040,32.327222,-94.353333,2001-12-25 04:45:00,2001-12-28 05:45:00,812.6935,2001-12-28 05:45:00,73.0000
08022040,32.327222,-94.353333,2001-12-31 06:00:00,2002-01-01 05:30:00,1030.7332,2001-12-31 07:15:00,1.2500
08022040,32.327222,-94.353333,2002-04-02 06:45:00,2002-04-04 18:30:00,351.1289,2002-04-02 21:45:00,15.0000
08022040,32.327222,-94.353333,2002-04-08 17:15:00,2002-04-15 04:30:00,475.7230,2002-04-09 11:15:00,18.0000
08022040,32.327222,-94.353333,2003-02-24 05:00:00,2003-02-28 06:15:00,427.5844,2003-02-25 06:45:00,25.7500
08022040,32.327222,-94.353333,2007-07-07 11:45:00,2007-07-13 09:45:00,453.0695,2007-07-09 00:15:00,36.5000
08022040,32.327222,-94.353333,2007-07-14 12:15:00,2007-07-27 09:15:00,504.0399,2007-07-20 13:30:00,145.2500
08022040,32.327222,-94.353333,2008-03-31 00:00:00,2008-04-09 17:30:00,455.9012,2008-04-01 19:00:00,43.0000
08022040,32.327222,-94.353333,2008-05-15 13:00:00,2008-05-18 19:30:00,379.4457,2008-05-15 21:00:00,8.0000
08022040,32.327222,-94.353333,2009-05-16 15:45:00,2009-05-19 08:00:00,348.2972,2009-05-17 12:00:00,20.2500
08022040,32.327222,-94.353333,2009-10-13 15:30:00,2009-10-15 04:45:00,387.9408,2009-10-15 03:45:00,36.2500
08022040,32.327222,-94.353333,2009-10-22 16:00:00,2009-11-15 01:15:00,724.9113,2009-10-30 18:15:00,194.2500
08022040,32.327222,-94.353333,2010-02-16 10:15:00,2010-02-27 21:00:00,382.2774,2010-02-20 10:45:00,96.5000
08022040,32.327222,-94.353333,2015-03-10 22:15:00,2015-03-17 13:45:00,382.2774,2015-03-12 09:15:00,35.0000
08022040,32.327222,-94.353333,2015-05-28 08:00:00,2015-06-01 21:15:00,359.6240,2015-05-28 21:30:00,13.5000
08022040,32.327222,-94.353333,2016-03-09 20:00:00,2016-03-29 13:45:00,928.7926,2016-03-11 21:45:00,49.7500
08022040,32.327222,-94.353333,2016-04-30 11:00:00,2016-05-18 13:00:00,787.2083,2016-05-01 05:15:00,18.2500
08075500,29.674167,-95.289167,2001-06-09 08:45:00,2001-06-09 11:30:00,730.5746,2001-06-09 09:30:00,0.7500
08057000,32.774722,-96.821667,1988-06-02 03:30:00,1988-06-02 11:00:00,242.1090,1988-06-02 06:45:00,3.2500
08057000,32.774722,-96.821667,1989-01-29 11:00:00,1989-01-29 20:45:00,245.7902,1989-01-29 15:15:00,4.2500
08057000,32.774722,-96.821667,1989-02-17 18:30:00,1989-02-19 12:15:00,404.9309,1989-02-18 16:00:00,21.5000
08057000,32.774722,-96.821667,1989-03-28 17:30:00,1989-03-31 15:00:00,475.7230,1989-03-29 16:45:00,23.2500
08057000,32.774722,-96.821667,1989-05-05 05:30:00,1989-05-08 20:45:00,555.0102,1989-05-05 21:00:00,15.5000
08057000,32.774722,-96.821667,1989-05-16 20:00:00,1989-05-28 13:00:00,1662.1989,1989-05-18 00:15:00,28.2500
08057000,32.774722,-96.821667,1989-06-03 10:15:00,1989-06-04 04:45:00,242.1090,1989-06-03 12:30:00,2.2500
08057000,32.774722,-96.821667,1989-06-06 05:00:00,1989-06-25 09:30:00,1217.6244,1989-06-14 14:15:00,201.2500
08057000,32.774722,-96.821667,1989-06-27 23:45:00,1989-07-16 15:00:00,433.2478,1989-07-03 22:15:00,142.5000
08057000,32.774722,-96.821667,1990-01-19 19:15:00,1990-01-20 16:15:00,269.5764,1990-01-20 10:00:00,14.7500
08057000,32.774722,-96.821667,1990-02-01 15:30:00,1990-02-03 09:00:00,498.3765,1990-02-02 08:30:00,17.0000
08057000,32.774722,-96.821667,1990-03-12 03:00:00,1990-03-13 22:15:00,317.1487,1990-03-13 02:30:00,23.5000
08057000,32.774722,-96.821667,1990-04-21 14:00:00,1990-04-22 16:30:00,270.9922,1990-04-22 00:15:00,10.2500
08057000,32.774722,-96.821667,1990-08-05 23:30:00,1990-08-07 04:15:00,283.1685,1990-08-06 15:30:00,16.0000
08057000,32.774722,-96.821667,1991-04-12 20:00:00,1991-04-14 15:00:00,288.8318,1991-04-13 23:15:00,27.2500
08057000,32.774722,-96.821667,1991-05-25 13:45:00,1991-05-26 13:45:00,331.3071,1991-05-26 02:00:00,12.2500
08057000,32.774722,-96.821667,1991-10-27 06:15:00,1991-11-21 05:00:00,1010.9114,1991-10-29 20:45:00,62.5000
08057000,32.774722,-96.821667,1991-12-09 16:45:00,1991-12-10 05:15:00,263.0635,1991-12-10 00:00:00,7.2500
08057000,32.774722,-96.821667,1991-12-12 04:45:00,1991-12-14 07:30:00,291.6635,1991-12-12 20:45:00,16.0000
08057000,32.774722,-96.821667,1991-12-19 14:30:00,1992-02-17 07:45:00,1761.3079,1991-12-22 01:00:00,58.5000
08057000,32.774722,-96.821667,1992-02-25 01:45:00,1992-03-16 00:00:00,546.5151,1992-02-26 15:15:00,37.5000
08057000,32.774722,-96.821667,1992-05-18 07:00:00,1992-05-19 23:45:00,351.1289,1992-05-18 21:30:00,14.5000
08057000,32.774722,-96.821667,1992-05-29 06:45:00,1992-05-30 01:30:00,252.3031,1992-05-29 13:45:00,7.0000
08057000,32.774722,-96.821667,1992-06-02 05:45:00,1992-06-03 15:45:00,336.9705,1992-06-02 20:15:00,14.5000
08057000,32.774722,-96.821667,1992-06-11 09:30:00,1992-06-11 20:30:00,249.7546,1992-06-11 14:00:00,4.5000
08057000,32.774722,-96.821667,1992-06-28 16:45:00,1992-07-01 16:00:00,552.1785,1992-06-30 04:30:00,35.7500
08057000,32.774722,-96.821667,1992-12-14 13:45:00,1992-12-17 00:30:00,637.1290,1992-12-15 17:30:00,27.7500
08057000,32.774722,-96.821667,1993-02-04 12:15:00,1993-02-05 19:30:00,376.6141,1993-02-05 02:15:00,14.0000
08057000,32.774722,-96.821667,1993-02-15 20:00:00,1993-02-17 02:15:00,308.6536,1993-02-16 09:15:00,13.2500
08057000,32.774722,-96.821667,1993-02-25 09:30:00,1993-03-07 08:45:00,668.2776,1993-02-26 09:15:00,23.7500
08057000,32.774722,-96.821667,1993-03-08 19:45:00,1993-03-10 02:30:00,237.5783,1993-03-09 09:45:00,14.0000
08057000,32.774722,-96.821667,1993-03-22 23:00:00,1993-03-24 17:30:00,370.9507,1993-03-23 17:00:00,18.0000
08057000,32.774722,-96.821667,1993-03-29 08:15:00,1993-03-29 16:15:00,236.4457,1993-03-29 12:15:00,4.0000
08057000,32.774722,-96.821667,1993-06-26 06:30:00,1993-06-27 07:00:00,317.1487,1993-06-26 15:15:00,8.7500
08057000,32.774722,-96.821667,1993-10-19 01:15:00,1993-10-21 18:45:00,577.6637,1993-10-20 09:30:00,32.2500
08057000,32.774722,-96.821667,1993-10-23 04:00:00,1993-10-25 02:45:00,261.0813,1993-10-24 04:30:00,24.5000
08057000,32.774722,-96.821667,1994-05-12 13:30:00,1994-05-23 22:45:00,424.7527,1994-05-13 04:00:00,14.5000
08057000,32.774722,-96.821667,1994-05-26 14:30:00,1994-05-27 17:15:00,269.5764,1994-05-27 05:45:00,15.2500
08057000,32.774722,-96.821667,1994-07-11 09:30:00,1994-07-13 03:30:00,368.1190,1994-07-11 18:15:00,8.7500
08057000,32.774722,-96.821667,1994-09-01 14:45:00,1994-09-02 08:30:00,305.8219,1994-09-02 00:45:00,10.0000
08057000,32.774722,-96.821667,1994-10-18 19:45:00,1994-10-20 02:00:00,368.1190,1994-10-19 12:15:00,16.5000
08057000,32.774722,-96.821667,1994-10-21 10:00:00,1994-10-23 08:30:00,487.0498,1994-10-22 01:00:00,15.0000
08057000,32.774722,-96.821667,1994-10-25 15:45:00,1994-10-27 02:15:00,348.2972,1994-10-26 08:00:00,16.2500
08057000,32.774722,-96.821667,1994-11-05 07:30:00,1994-11-06 23:30:00,461.5646,1994-11-06 02:00:00,18.5000
08057000,32.774722,-96.821667,1994-11-10 06:30:00,1994-11-10 18:15:00,254.5685,1994-11-10 12:30:00,6.0000
08057000,32.774722,-96.821667,1994-11-15 06:15:00,1994-11-23 08:45:00,504.0399,1994-11-16 03:30:00,21.2500
08057000,32.774722,-96.821667,1994-11-25 11:00:00,1994-11-26 17:45:00,233.3308,1994-11-26 06:00:00,19.0000
08057000,32.774722,-96.821667,1994-12-10 13:15:00,1994-12-11 03:30:00,243.5249,1994-12-10 19:30:00,6.2500
08057000,32.774722,-96.821667,1995-03-13 09:15:00,1995-03-15 22:15:00,807.0301,1995-03-14 09:30:00,24.2500
08057000,32.774722,-96.821667,1995-03-17 20:30:00,1995-03-21 17:00:00,260.5150,1995-03-18 06:15:00,9.7500
08057000,32.774722,-96.821667,1995-03-23 00:00:00,1995-03-23 19:00:00,234.1803,1995-03-23 09:30:00,9.5000
08057000,32.774722,-96.821667,1995-03-26 01:00:00,1995-03-26 05:45:00,294.4952,1995-03-26 05:45:00,4.7500
08057000,32.774722,-96.821667,1995-04-04 23:15:00,1995-04-06 04:45:00,339.8022,1995-04-06 04:30:00,29.2500
08057000,32.774722,-96.821667,1995-04-10 20:30:00,1995-04-11 04:45:00,317.1487,1995-04-11 04:45:00,8.2500
08057000,32.774722,-96.821667,1995-04-20 03:45:00,1995-04-22 09:00:00,359.6240,1995-04-20 23:15:00,19.5000
08057000,32.774722,-96.821667,1995-05-06 03:30:00,1995-05-06 04:45:00,356.7923,1995-05-06 04:45:00,1.2500
08057000,32.774722,-96.821667,1995-05-07 05:00:00,1995-05-13 04:45:00,874.9906,1995-05-09 10:45:00,53.7500
08057000,32.774722,-96.821667,1996-10-28 04:45:00,1996-10-30 01:30:00,529.5250,1996-10-29 01:45:00,21.0000
08057000,32.774722,-96.821667,1996-11-07 20:00:00,1996-11-08 18:30:00,317.1487,1996-11-08 06:30:00,10.5000
08057000,32.774722,-96.821667,1996-11-24 17:15:00,1996-11-27 10:00:00,489.8814,1996-11-25 10:30:00,17.2500
08057000,32.774722,-96.821667,1996-11-29 22:30:00,1996-12-01 08:15:00,331.3071,1996-11-30 14:45:00,16.2500
08057000,32.774722,-96.821667,1997-02-12 20:00:00,1997-03-24 16:45:00,781.5450,1997-02-13 20:15:00,24.2500
08057000,32.774722,-96.821667,1997-03-25 17:00:00,1997-03-26 23:45:00,275.2397,1997-03-26 09:00:00,16.0000
08057000,32.774722,-96.821667,1997-04-04 13:30:00,1997-04-17 11:45:00,713.5845,1997-04-05 13:15:00,23.7500
08057000,32.774722,-96.821667,1997-04-25 23:45:00,1997-04-28 04:30:00,436.0794,1997-04-26 21:45:00,22.0000
08057000,32.774722,-96.821667,1997-05-01 09:15:00,1997-05-03 09:30:00,244.0912,1997-05-02 14:15:00,29.0000
08057000,32.774722,-96.821667,1997-05-09 22:45:00,1997-05-11 08:30:00,339.8022,1997-05-10 12:45:00,14.0000
08057000,32.774722,-96.821667,1997-05-14 10:30:00,1997-05-18 12:15:00,314.3170,1997-05-16 12:45:00,50.2500
08057000,32.774722,-96.821667,1997-05-20 01:45:00,1997-05-21 23:00:00,373.7824,1997-05-20 23:15:00,21.5000
08057000,32.774722,-96.821667,1997-06-01 04:45:00,1997-06-03 22:45:00,245.7902,1997-06-01 18:45:00,14.0000
08057000,32.774722,-96.821667,1997-06-17 14:30:00,1997-06-18 22:15:00,331.3071,1997-06-18 04:30:00,14.0000
08057000,32.774722,-96.821667,1997-06-23 06:30:00,1997-06-23 13:15:00,234.7467,1997-06-23 10:00:00,3.5000
08057000,32.774722,-96.821667,1997-12-21 02:30:00,1997-12-23 07:15:00,753.2281,1997-12-21 23:00:00,20.5000
08057000,32.774722,-96.821667,1998-01-05 09:15:00,1998-01-08 18:15:00,535.1884,1998-01-06 01:45:00,16.5000
08057000,32.774722,-96.821667,1998-01-12 01:45:00,1998-01-13 14:45:00,319.9804,1998-01-12 14:30:00,12.7500
08057000,32.774722,-96.821667,1998-02-22 21:00:00,1998-02-23 09:15:00,267.8774,1998-02-23 02:30:00,5.5000
08057000,32.774722,-96.821667,1998-02-26 06:15:00,1998-03-01 11:30:00,526.6933,1998-02-27 04:00:00,21.7500
08057000,32.774722,-96.821667,1998-03-16 10:45:00,1998-04-03 12:30:00,795.7034,1998-03-17 16:15:00,29.5000
08057000,32.774722,-96.821667,1998-10-03 10:45:00,1998-10-04 06:00:00,297.3269,1998-10-03 21:00:00,10.2500
08057000,32.774722,-96.821667,1998-11-13 16:00:00,1998-11-14 20:30:00,390.7725,1998-11-14 08:45:00,16.7500
08057000,32.774722,-96.821667,1998-12-04 11:15:00,1998-12-05 20:15:00,419.0893,1998-12-05 05:30:00,18.2500
08057000,32.774722,-96.821667,1999-05-30 19:15:00,1999-05-31 22:00:00,336.9705,1999-05-31 09:00:00,13.7500
08057000,32.774722,-96.821667,2000-06-05 00:00:00,2000-06-06 07:45:00,365.2873,2000-06-05 16:00:00,16.0000
08057000,32.774722,-96.821667,2000-06-11 14:45:00,2000-06-12 18:15:00,373.7824,2000-06-11 18:45:00,4.0000
08057000,32.774722,-96.821667,2000-06-15 17:45:00,2000-06-16 08:00:00,265.8952,2000-06-15 23:30:00,5.7500
08057000,32.774722,-96.821667,2000-11-06 13:15:00,2000-11-07 13:45:00,319.9804,2000-11-07 04:15:00,15.0000
08057000,32.774722,-96.821667,2000-12-26 14:00:00,2000-12-28 09:00:00,467.2280,2000-12-27 10:45:00,20.7500
08057000,32.774722,-96.821667,2001-01-30 03:15:00,2001-01-30 11:45:00,256.5506,2001-01-30 07:45:00,4.5000
08057000,32.774722,-96.821667,2001-02-16 05:30:00,2001-02-18 17:15:00,883.4856,2001-02-17 06:15:00,24.7500
08057000,32.774722,-96.821667,2001-02-25 09:30:00,2001-03-03 17:00:00,518.1983,2001-02-28 22:15:00,84.7500
08057000,32.774722,-96.821667,2001-03-08 23:15:00,2001-03-14 05:15:00,523.8617,2001-03-13 02:00:00,98.7500
08057000,32.774722,-96.821667,2001-03-25 03:00:00,2001-03-26 06:30:00,297.3269,2001-03-25 15:30:00,12.5000
08057000,32.774722,-96.821667,2001-03-28 10:15:00,2001-03-30 09:15:00,317.1487,2001-03-29 03:45:00,17.5000
08057000,32.774722,-96.821667,2001-05-07 04:30:00,2001-05-07 08:45:00,236.1625,2001-05-07 07:00:00,2.5000
08057000,32.774722,-96.821667,2001-07-01 23:45:00,2001-07-03 02:45:00,345.4655,2001-07-02 14:00:00,14.2500
08057000,32.774722,-96.821667,2001-12-16 21:45:00,2001-12-18 05:15:00,334.1388,2001-12-17 14:00:00,16.2500
08057000,32.774722,-96.821667,2002-01-31 14:00:00,2002-02-02 11:30:00,659.7825,2002-02-01 08:00:00,18.0000
08057000,32.774722,-96.821667,2002-03-20 02:00:00,2002-03-23 05:45:00,917.4658,2002-03-20 21:45:00,19.7500
08057000,32.774722,-96.821667,2002-03-30 13:15:00,2002-04-01 10:00:00,421.9210,2002-03-31 10:15:00,21.0000
08057000,32.774722,-96.821667,2002-04-07 21:30:00,2002-04-10 04:45:00,829.6836,2002-04-08 22:45:00,25.2500
08057000,32.774722,-96.821667,2002-04-17 11:00:00,2002-04-18 17:30:00,279.7704,2002-04-17 21:00:00,10.0000
08057000,32.774722,-96.821667,2002-05-05 12:15:00,2002-05-07 16:00:00,444.5745,2002-05-06 13:45:00,25.5000
08057000,32.774722,-96.821667,2002-10-19 02:45:00,2002-10-21 09:15:00,770.2182,2002-10-19 23:15:00,20.5000
08057000,32.774722,-96.821667,2003-02-22 23:45:00,2003-02-23 02:45:00,233.6140,2003-02-23 00:45:00,1.0000
08057000,32.774722,-96.821667,2003-05-26 02:00:00,2003-05-26 10:30:00,246.0734,2003-05-26 06:45:00,4.7500
08057000,32.774722,-96.821667,2003-06-13 17:00:00,2003-06-15 00:00:00,334.1388,2003-06-14 12:30:00,19.5000
08057000,32.774722,-96.821667,2003-09-12 11:15:00,2003-09-13 06:30:00,288.8318,2003-09-12 19:30:00,8.2500
08057000,32.774722,-96.821667,2004-01-17 07:15:00,2004-01-18 18:00:00,370.9507,2004-01-18 03:15:00,20.0000
08057000,32.774722,-96.821667,2004-02-26 02:45:00,2004-02-26 10:00:00,245.2239,2004-02-26 07:45:00,5.0000
08057000,32.774722,-96.821667,2004-04-25 01:15:00,2004-04-26 00:45:00,308.6536,2004-04-25 14:45:00,13.5000
08057000,32.774722,-96.821667,2004-06-03 09:15:00,2004-06-04 09:45:00,264.4793,2004-06-04 00:30:00,15.2500
08057000,32.774722,-96.821667,2004-06-08 02:00:00,2004-07-02 10:45:00,818.3569,2004-06-10 18:30:00,64.5000
08057000,32.774722,-96.821667,2004-07-29 06:00:00,2004-08-01 04:45:00,801.3668,2004-07-30 04:15:00,22.2500
08057000,32.774722,-96.821667,2004-08-03 01:30:00,2004-08-07 07:00:00,259.6655,2004-08-03 21:30:00,20.0000
08057000,32.774722,-96.821667,2004-08-20 02:30:00,2004-08-21 06:00:00,348.2972,2004-08-20 15:45:00,13.2500
08057000,32.774722,-96.821667,2004-10-04 23:00:00,2004-10-06 01:45:00,322.8121,2004-10-05 11:30:00,12.5000
08057000,32.774722,-96.821667,2004-11-01 15:45:00,2004-11-02 22:45:00,370.9507,2004-11-02 07:00:00,15.2500
08057000,32.774722,-96.821667,2004-11-18 01:45:00,2004-11-19 21:30:00,455.9012,2004-11-18 23:45:00,22.0000
08057000,32.774722,-96.821667,2004-11-22 16:00:00,2004-11-25 05:15:00,413.4260,2004-11-23 21:15:00,29.2500
08057000,32.774722,-96.821667,2004-11-30 12:45:00,2004-12-02 14:30:00,245.7902,2004-12-01 02:30:00,13.7500
08057000,32.774722,-96.821667,2005-01-03 23:00:00,2005-01-05 14:30:00,421.9210,2005-01-04 17:30:00,18.5000
08057000,32.774722,-96.821667,2006-02-25 12:45:00,2006-02-27 08:45:00,438.9111,2006-02-26 12:00:00,23.2500
08057000,32.774722,-96.821667,2006-03-19 14:00:00,2006-03-22 15:45:00,1240.2779,2006-03-20 09:15:00,19.2500
08057000,32.774722,-96.821667,2006-10-16 13:15:00,2006-10-17 19:15:00,339.8022,2006-10-17 04:15:00,15.0000
08057000,32.774722,-96.821667,2006-12-30 07:00:00,2006-12-31 16:30:00,404.9309,2006-12-31 01:45:00,18.7500
08057000,32.774722,-96.821667,2007-01-13 06:00:00,2007-01-15 08:45:00,484.2181,2007-01-14 08:45:00,26.7500
08057000,32.774722,-96.821667,2007-03-31 05:45:00,2007-04-02 12:15:00,611.6439,2007-04-01 04:15:00,22.5000
08057000,32.774722,-96.821667,2007-05-09 18:30:00,2007-05-09 23:45:00,233.8972,2007-05-09 19:30:00,1.0000
08057000,32.774722,-96.821667,2007-05-30 21:30:00,2007-06-01 02:30:00,294.4952,2007-05-31 10:15:00,12.7500
08057000,32.774722,-96.821667,2007-06-03 14:15:00,2007-06-06 07:45:00,286.0002,2007-06-04 21:45:00,31.5000
08057000,32.774722,-96.821667,2007-06-18 02:45:00,2007-06-20 07:30:00,453.0695,2007-06-19 11:45:00,33.0000
08057000,32.774722,-96.821667,2007-06-27 00:45:00,2007-06-29 04:45:00,1095.8620,2007-06-28 12:15:00,35.5000
08057000,32.774722,-96.821667,2007-07-01 05:00:00,2007-07-04 04:45:00,648.4558,2007-07-03 17:30:00,60.5000
08057000,32.774722,-96.821667,2007-07-05 05:00:00,2007-07-07 04:45:00,642.7924,2007-07-05 05:30:00,0.5000
08057000,32.774722,-96.821667,2007-07-13 05:00:00,2007-07-14 04:45:00,302.9903,2007-07-14 04:30:00,23.5000
08057000,32.774722,-96.821667,2007-07-17 05:00:00,2007-07-17 10:30:00,252.5863,2007-07-17 05:15:00,0.2500
08057000,32.774722,-96.821667,2007-07-23 22:30:00,2007-07-25 14:00:00,286.0002,2007-07-24 23:00:00,24.5000
08057000,32.774722,-96.821667,2007-08-01 23:45:00,2007-08-03 14:30:00,239.8437,2007-08-02 17:00:00,17.2500
08057000,32.774722,-96.821667,2007-09-10 14:30:00,2007-09-12 17:00:00,566.3369,2007-09-11 11:15:00,20.7500
08057000,32.774722,-96.821667,2007-10-15 19:15:00,2007-10-17 03:45:00,365.2873,2007-10-16 11:00:00,15.7500
08057000,32.774722,-96.821667,2008-03-10 16:30:00,2008-03-11 13:00:00,257.9665,2008-03-11 02:45:00,10.2500
08057000,32.774722,-96.821667,2008-03-18 18:30:00,2008-03-21 15:30:00,781.5450,2008-03-19 15:00:00,20.5000
08057000,32.774722,-96.821667,2008-04-10 03:00:00,2008-04-12 02:30:00,356.7923,2008-04-11 09:00:00,30.0000
08057000,32.774722,-96.821667,2008-04-18 09:45:00,2008-04-19 14:00:00,294.4952,2008-04-19 00:15:00,14.5000
08057000,32.774722,-96.821667,2008-04-24 12:15:00,2008-04-26 07:00:00,404.9309,2008-04-25 07:30:00,19.2500
08057000,32.774722,-96.821667,2008-11-11 14:00:00,2008-11-12 18:45:00,356.7923,2008-11-12 06:15:00,16.2500
08057000,32.774722,-96.821667,2009-03-12 04:15:00,2009-03-13 13:00:00,402.0992,2009-03-12 23:15:00,19.0000
08057000,32.774722,-96.821667,2009-05-03 04:45:00,2009-05-04 22:15:00,475.7230,2009-05-04 01:45:00,21.0000
08057000,32.774722,-96.821667,2009-06-11 10:30:00,2009-06-13 22:00:00,858.0005,2009-06-12 07:30:00,21.0000
08057000,32.774722,-96.821667,2009-09-12 20:15:00,2009-09-16 07:30:00,880.6539,2009-09-14 08:45:00,36.5000
08057000,32.774722,-96.821667,2009-10-09 13:30:00,2009-10-11 14:00:00,523.8617,2009-10-10 12:30:00,23.0000
08057000,32.774722,-96.821667,2009-10-22 05:45:00,2009-10-25 05:15:00,724.9113,2009-10-23 08:45:00,27.0000
08057000,32.774722,-96.821667,2009-10-26 09:45:00,2009-11-10 16:00:00,373.7824,2009-10-27 11:00:00,25.2500
08057000,32.774722,-96.821667,2009-11-20 22:30:00,2009-11-22 05:00:00,291.6635,2009-11-21 08:00:00,9.5000
08057000,32.774722,-96.821667,2010-01-29 05:45:00,2010-01-31 11:15:00,625.8023,2010-01-30 04:00:00,22.2500
08057000,32.774722,-96.821667,2010-02-05 08:45:00,2010-02-05 22:15:00,249.7546,2010-02-05 13:15:00,4.5000
08057000,32.774722,-96.821667,2010-02-08 20:45:00,2010-02-20 20:45:00,495.5448,2010-02-14 23:45:00,147.0000
08057000,32.774722,-96.821667,2010-03-08 09:45:00,2010-03-11 04:45:00,278.0714,2010-03-09 00:30:00,14.7500
08057000,32.774722,-96.821667,2010-03-21 02:15:00,2010-03-21 22:00:00,272.4081,2010-03-21 10:30:00,8.2500
08057000,32.774722,-96.821667,2010-03-25 11:15:00,2010-03-26 21:00:00,280.3368,2010-03-26 01:00:00,13.7500
08057000,32.774722,-96.821667,2010-09-08 11:00:00,2010-09-12 05:00:00,1251.6046,2010-09-09 09:15:00,22.2500
08057000,32.774722,-96.821667,2010-09-25 21:30:00,2010-09-26 20:00:00,286.0002,2010-09-26 10:00:00,12.5000
08057000,32.774722,-96.821667,2011-05-02 22:30:00,2011-05-04 01:45:00,356.7923,2011-05-03 11:00:00,12.5000
08057000,32.774722,-96.821667,2011-06-22 05:45:00,2011-06-22 06:45:00,234.1803,2011-06-22 06:00:00,0.2500
08057000,32.774722,-96.821667,2011-12-05 03:00:00,2011-12-06 03:45:00,264.7625,2011-12-05 13:00:00,10.0000
08057000,32.774722,-96.821667,2012-01-10 19:45:00,2012-01-11 04:45:00,240.6932,2012-01-11 01:00:00,5.2500
08057000,32.774722,-96.821667,2012-01-25 12:30:00,2012-01-28 06:45:00,778.7133,2012-01-26 07:00:00,18.5000
08057000,32.774722,-96.821667,2012-02-19 09:00:00,2012-02-20 06:30:00,286.0002,2012-02-19 19:30:00,10.5000
08057000,32.774722,-96.821667,2012-03-20 08:30:00,2012-03-24 05:00:00,753.2281,2012-03-21 05:00:00,20.5000
08057000,32.774722,-96.821667,2012-04-04 09:15:00,2012-04-04 22:30:00,244.0912,2012-04-04 15:00:00,5.7500
08057000,32.774722,-96.821667,2012-04-09 07:30:00,2012-04-09 21:30:00,258.5328,2012-04-09 13:30:00,6.0000
08057000,32.774722,-96.821667,2013-01-09 17:00:00,2013-01-11 01:00:00,345.4655,2013-01-10 10:15:00,17.2500
08057000,32.774722,-96.821667,2013-12-22 04:15:00,2013-12-22 20:45:00,272.6912,2013-12-22 11:30:00,7.2500
08057000,32.774722,-96.821667,2015-04-25 09:15:00,2015-04-26 04:15:00,280.9031,2015-04-25 20:00:00,10.7500
08057000,32.774722,-96.821667,2015-05-08 11:15:00,2015-05-11 04:45:00,356.7923,2015-05-11 04:15:00,65.0000
08057000,32.774722,-96.821667,2015-07-04 18:45:00,2015-07-17 20:15:00,288.8318,2015-07-09 15:00:00,116.2500
08057000,32.774722,-96.821667,2015-07-20 04:00:00,2015-07-22 16:15:00,242.3922,2015-07-21 11:00:00,31.0000
08057000,32.774722,-96.821667,2015-10-23 14:00:00,2015-10-26 10:15:00,818.3569,2015-10-24 19:30:00,29.5000
08057000,32.774722,-96.821667,2015-10-31 04:15:00,2015-11-02 10:00:00,611.6439,2015-10-31 23:45:00,19.5000
08057000,32.774722,-96.821667,2015-11-17 19:30:00,2015-11-18 14:45:00,266.7447,2015-11-18 04:45:00,9.2500
08057000,32.774722,-96.821667,2015-11-27 07:00:00,2015-12-06 11:00:00,1192.1392,2015-11-28 19:00:00,36.0000
08057000,32.774722,-96.821667,2015-12-09 08:15:00,2015-12-15 19:30:00,416.2576,2015-12-14 07:30:00,119.2500
08057000,32.774722,-96.821667,2016-01-02 08:15:00,2016-02-05 23:00:00,416.2576,2016-01-07 23:45:00,135.5000
08057000,32.774722,-96.821667,2016-02-11 01:15:00,2016-02-11 19:00:00,238.7110,2016-02-11 14:30:00,13.2500
08057000,32.774722,-96.821667,2016-02-23 11:30:00,2016-02-25 15:45:00,365.2873,2016-02-24 10:15:00,22.7500
08057000,32.774722,-96.821667,2016-03-09 11:45:00,2016-03-15 04:00:00,336.9705,2016-03-10 17:15:00,29.5000
08057000,32.774722,-96.821667,2016-03-16 18:45:00,2016-03-19 16:45:00,286.0002,2016-03-18 11:30:00,40.7500
08057000,32.774722,-96.821667,2016-03-24 14:45:00,2016-03-26 00:30:00,280.3368,2016-03-25 05:15:00,14.5000
08057000,32.774722,-96.821667,2016-04-17 23:30:00,2016-05-03 21:15:00,472.8913,2016-04-21 12:45:00,85.2500
08057000,32.774722,-96.821667,2016-05-04 22:45:00,2016-05-07 11:45:00,246.3566,2016-05-06 10:45:00,36.0000
08057000,32.774722,-96.821667,2016-05-10 02:15:00,2016-05-20 23:30:00,325.6437,2016-05-12 17:30:00,63.2500
08057000,32.774722,-96.821667,2016-05-27 14:45:00,2016-06-02 04:45:00,555.0102,2016-06-02 00:30:00,129.7500
08074500,29.775000,-95.396944,1989-05-18 05:00:00,1989-05-18 23:00:00,506.8716,1989-05-18 19:30:00,14.5000
08074500,29.775000,-95.396944,1989-06-26 23:00:00,1989-06-27 06:30:00,518.1983,1989-06-27 01:00:00,2.0000
08074500,29.775000,-95.396944,1992-03-04 19:30:00,1992-03-05 05:00:00,710.7528,1992-03-04 23:00:00,3.5000
08074500,29.775000,-95.396944,1997-03-12 15:30:00,1997-03-12 18:30:00,407.7626,1997-03-12 17:00:00,1.5000
08074500,29.775000,-95.396944,1997-05-24 22:30:00,1997-05-25 02:30:00,441.7428,1997-05-24 23:45:00,1.2500
08074500,29.775000,-95.396944,1998-09-11 10:00:00,1998-09-11 23:00:00,600.3171,1998-09-11 15:30:00,5.5000
08074500,29.775000,-95.396944,2001-06-09 03:45:00,2001-06-09 04:45:00,410.5943,2001-06-09 04:45:00,1.0000
08074500,29.775000,-95.396944,2002-10-29 04:00:00,2002-10-29 12:00:00,450.2379,2002-10-29 07:15:00,3.2500
08074500,29.775000,-95.396944,2003-11-17 21:30:00,2003-11-18 05:00:00,512.5349,2003-11-17 23:30:00,2.0000
08074500,29.775000,-95.396944,2006-06-19 14:00:00,2006-06-19 17:45:00,410.5943,2006-06-19 15:15:00,1.2500
08074500,29.775000,-95.396944,2006-10-16 21:15:00,2006-10-16 23:45:00,396.4359,2006-10-16 22:15:00,1.0000
08074500,29.775000,-95.396944,2007-05-11 05:15:00,2007-05-11 06:30:00,373.7824,2007-05-11 05:45:00,0.5000
08074500,29.775000,-95.396944,2008-09-13 11:45:00,2008-09-14 20:30:00,566.3369,2008-09-14 14:30:00,26.7500
08074500,29.775000,-95.396944,2009-04-18 20:15:00,2009-04-18 21:45:00,370.9507,2009-04-18 20:45:00,0.5000
08074500,29.775000,-95.396944,2009-04-28 12:00:00,2009-04-28 17:00:00,438.9111,2009-04-28 13:45:00,1.7500
08074500,29.775000,-95.396944,2013-09-21 04:00:00,2013-09-21 05:30:00,379.4457,2013-09-21 04:15:00,0.2500
08074500,29.775000,-95.396944,2015-10-25 04:30:00,2015-10-25 10:30:00,489.8814,2015-10-25 07:00:00,2.5000
08074500,29.775000,-95.396944,2015-10-31 14:45:00,2015-10-31 18:15:00,424.7527,2015-10-31 16:15:00,1.5000
08074500,29.775000,-95.396944,2016-04-18 10:45:00,2016-04-19 02:00:00,622.9706,2016-04-18 12:15:00,1.5000
08078000,29.369167,-95.320556,1991-04-06 19:00:00,1991-04-07 07:00:00,94.0119,1991-04-07 00:00:00,5.0000
08078000,29.369167,-95.320556,1992-05-28 15:00:00,1992-05-30 07:00:00,103.9228,1992-05-29 08:00:00,17.0000
08078000,29.369167,-95.320556,1994-10-19 12:00:00,1994-10-21 19:00:00,111.5684,1994-10-20 08:00:00,20.0000
08078000,29.369167,-95.320556,2002-08-16 02:45:00,2002-08-18 22:30:00,133.9387,2002-08-17 02:00:00,23.2500
08078000,29.369167,-95.320556,2002-10-25 22:00:00,2002-10-26 19:30:00,97.4100,2002-10-26 04:30:00,6.5000
08078000,29.369167,-95.320556,2004-05-15 04:00:00,2004-05-15 18:15:00,94.5783,2004-05-15 12:00:00,8.0000
08078000,29.369167,-95.320556,2006-10-16 14:00:00,2006-10-20 03:00:00,177.8298,2006-10-17 18:30:00,28.5000
08078000,29.369167,-95.320556,2007-04-01 16:30:00,2007-04-02 04:00:00,94.8614,2007-04-01 22:00:00,5.5000
08078000,29.369167,-95.320556,2007-07-06 23:30:00,2007-07-07 12:15:00,93.7288,2007-07-07 05:45:00,6.2500
08078000,29.369167,-95.320556,2009-04-20 01:30:00,2009-04-20 20:00:00,96.5604,2009-04-20 09:15:00,7.7500
08078000,29.369167,-95.320556,2010-07-03 03:15:00,2010-07-05 08:45:00,129.9743,2010-07-04 01:30:00,22.2500
08078000,29.369167,-95.320556,2012-05-13 17:45:00,2012-05-14 12:45:00,100.5248,2012-05-14 02:45:00,9.0000
08078000,29.369167,-95.320556,2013-11-01 12:45:00,2013-11-02 04:00:00,94.8614,2013-11-01 18:45:00,6.0000
08028500,30.746944,-93.608333,1989-05-18 22:00:00,1989-05-22 04:00:00,2888.3184,1989-05-22 03:00:00,77.0000
08028500,30.746944,-93.608333,1989-06-09 05:00:00,1989-06-19 10:00:00,1081.7035,1989-06-12 23:00:00,90.0000
08028500,30.746944,-93.608333,1989-06-28 06:00:00,1989-06-29 04:00:00,1251.6046,1989-06-28 23:00:00,17.0000
08028500,30.746944,-93.608333,1991-01-19 06:00:00,1991-01-22 05:00:00,928.7926,1991-01-22 03:00:00,69.0000
08028500,30.746944,-93.608333,1991-01-25 06:00:00,1991-01-28 21:00:00,891.9807,1991-01-27 20:00:00,62.0000
08028500,30.746944,-93.608333,1991-04-19 10:00:00,1991-04-24 04:00:00,2372.9517,1991-04-23 07:00:00,93.0000
08028500,30.746944,-93.608333,1992-02-26 23:00:00,1992-03-01 22:00:00,795.7034,1992-02-28 04:00:00,29.0000
08028500,30.746944,-93.608333,1992-03-05 04:00:00,1992-03-14 18:00:00,1129.8422,1992-03-10 03:00:00,119.0000
08028500,30.746944,-93.608333,1993-04-09 01:00:00,1993-04-13 08:00:00,889.1490,1993-04-11 16:00:00,63.0000
08028500,30.746944,-93.608333,1995-01-19 14:00:00,1995-01-21 19:00:00,858.0005,1995-01-20 05:00:00,15.0000
08028500,30.746944,-93.608333,1995-01-23 19:00:00,1995-02-02 10:00:00,1432.8324,1995-01-28 11:00:00,112.0000
08028500,30.746944,-93.608333,1995-04-11 20:00:00,1995-04-14 01:00:00,860.8321,1995-04-12 18:00:00,22.0000
08028500,30.746944,-93.608333,1995-04-26 07:00:00,1995-05-03 10:00:00,942.9510,1995-04-28 09:00:00,50.0000
08028500,30.746944,-93.608333,1997-02-14 01:00:00,1997-02-14 16:45:00,792.8717,1997-02-14 08:45:00,7.7500
08028500,30.746944,-93.608333,1997-03-14 06:00:00,1997-03-24 16:30:00,1050.5550,1997-03-17 11:15:00,77.2500
08028500,30.746944,-93.608333,1997-04-09 05:00:00,1997-04-15 15:00:00,1333.7235,1997-04-12 12:00:00,79.0000
08028500,30.746944,-93.608333,1997-05-05 21:45:00,1997-05-10 03:15:00,829.6836,1997-05-07 09:30:00,35.7500
08028500,30.746944,-93.608333,1998-01-07 18:00:00,1998-01-11 15:45:00,886.3173,1998-01-08 13:00:00,19.0000
08028500,30.746944,-93.608333,1998-01-17 07:15:00,1998-01-19 06:45:00,767.3865,1998-01-17 21:30:00,14.2500
08028500,30.746944,-93.608333,1998-01-22 19:15:00,1998-01-27 16:15:00,869.3272,1998-01-24 02:15:00,31.0000
08028500,30.746944,-93.608333,1998-03-01 00:15:00,1998-03-02 19:00:00,778.7133,1998-03-01 21:45:00,21.5000
08028500,30.746944,-93.608333,1998-12-12 23:15:00,1998-12-13 10:15:00,775.8816,1998-12-13 01:30:00,2.2500
08028500,30.746944,-93.608333,1999-01-30 22:45:00,1999-02-10 20:30:00,2622.1400,1999-02-03 13:00:00,86.2500
08028500,30.746944,-93.608333,1999-04-04 23:45:00,1999-04-06 06:15:00,863.6638,1999-04-05 10:00:00,10.2500
08028500,30.746944,-93.608333,2001-03-04 06:00:00,2001-04-04 02:30:00,2211.5457,2001-03-08 06:00:00,96.0000
08028500,30.746944,-93.608333,2001-12-14 10:30:00,2001-12-15 15:30:00,991.0896,2001-12-14 21:00:00,10.5000
08028500,30.746944,-93.608333,2002-04-13 22:45:00,2002-04-20 18:30:00,818.3569,2002-04-16 19:45:00,69.0000
08028500,30.746944,-93.608333,2002-11-04 23:00:00,2002-11-08 13:45:00,911.8025,2002-11-05 20:15:00,21.2500
08028500,30.746944,-93.608333,2003-02-23 00:30:00,2003-02-25 00:15:00,784.3767,2003-02-23 08:45:00,8.2500
08028500,30.746944,-93.608333,2003-03-04 11:45:00,2003-03-11 13:15:00,889.1490,2003-03-06 18:30:00,54.7500
08028500,30.746944,-93.608333,2004-02-12 16:15:00,2004-02-15 21:45:00,897.6440,2004-02-13 06:15:00,14.0000
08028500,30.746944,-93.608333,2004-02-27 20:00:00,2004-02-28 15:45:00,761.7232,2004-02-28 01:30:00,5.5000
08028500,30.746944,-93.608333,2004-05-13 15:00:00,2004-05-19 13:15:00,1118.5154,2004-05-15 20:45:00,53.7500
08028500,30.746944,-93.608333,2004-07-02 09:15:00,2004-07-02 12:00:00,758.8915,2004-07-02 10:00:00,0.7500
08028500,30.746944,-93.608333,2004-11-24 02:45:00,2004-11-28 20:45:00,942.9510,2004-11-25 12:00:00,33.2500
08028500,30.746944,-93.608333,2005-02-10 05:15:00,2005-02-11 10:30:00,821.1886,2005-02-10 16:30:00,11.2500
08028500,30.746944,-93.608333,2006-10-17 19:00:00,2006-10-20 22:45:00,985.4263,2006-10-18 08:30:00,13.5000
08028500,30.746944,-93.608333,2006-12-31 00:00:00,2007-01-01 21:15:00,1087.3669,2006-12-31 13:15:00,13.2500
08028500,30.746944,-93.608333,2008-04-02 08:30:00,2008-04-12 19:00:00,1132.6739,2008-04-08 14:15:00,149.7500
08028500,30.746944,-93.608333,2009-10-31 06:30:00,2009-11-13 23:45:00,1979.3476,2009-11-05 03:15:00,117.7500
08028500,30.746944,-93.608333,2012-03-21 15:45:00,2012-03-26 21:45:00,1404.5156,2012-03-23 21:30:00,53.7500
08028500,30.746944,-93.608333,2015-03-19 21:45:00,2015-03-29 21:00:00,1223.2878,2015-03-25 14:45:00,137.0000
08028500,30.746944,-93.608333,2015-05-20 13:30:00,2015-06-06 22:15:00,1404.5156,2015-05-26 03:45:00,134.2500
08028500,30.746944,-93.608333,2015-06-18 14:15:00,2015-06-25 00:45:00,993.9213,2015-06-19 04:00:00,13.7500
08028500,30.746944,-93.608333,2015-11-01 06:00:00,2015-11-04 06:00:00,934.4559,2015-11-01 18:45:00,12.7500
08028500,30.746944,-93.608333,2015-12-20 05:30:00,2015-12-28 06:30:00,931.6243,2015-12-24 13:15:00,103.7500
08028500,30.746944,-93.608333,2015-12-29 19:45:00,2016-01-21 02:30:00,1186.4759,2016-01-06 07:45:00,180.0000
08028500,30.746944,-93.608333,2016-01-27 23:45:00,2016-01-28 09:30:00,758.8915,2016-01-28 02:15:00,2.5000
08028500,30.746944,-93.608333,2016-03-10 08:00:00,2016-03-24 12:00:00,7843.7665,2016-03-13 09:30:00,72.5000
08028500,30.746944,-93.608333,2016-03-29 21:00:00,2016-04-01 02:30:00,872.1589,2016-03-31 02:00:00,29.0000
08028500,30.746944,-93.608333,2016-05-03 04:45:00,2016-05-12 05:30:00,1175.1491,2016-05-07 09:30:00,100.7500
08065000,31.648333,-95.789167,1989-05-19 03:00:00,1989-05-23 04:00:00,1792.4564,1989-05-23 03:00:00,96.0000
08065000,31.648333,-95.789167,1990-03-11 13:00:00,1990-03-27 06:00:00,1265.7630,1990-03-18 21:00:00,176.0000
08065000,31.648333,-95.789167,1990-04-01 22:00:00,1990-04-10 09:00:00,1138.3372,1990-04-03 21:00:00,47.0000
08065000,31.648333,-95.789167,1990-04-21 12:00:00,1990-04-28 23:00:00,688.0994,1990-04-25 02:00:00,86.0000
08065000,31.648333,-95.789167,1990-05-03 14:00:00,1990-06-01 04:00:00,3029.9026,1990-05-07 15:00:00,97.0000
08065000,31.648333,-95.789167,1991-04-19 05:00:00,1991-04-25 03:00:00,605.9805,1991-04-23 07:00:00,98.0000
08065000,31.648333,-95.789167,1991-11-04 11:00:00,1991-11-18 12:00:00,1495.1295,1991-11-06 16:00:00,53.0000
08065000,31.648333,-95.789167,1991-11-24 15:00:00,1991-11-28 01:00:00,535.1884,1991-11-25 20:00:00,29.0000
08065000,31.648333,-95.789167,1991-12-19 14:00:00,1992-03-17 05:00:00,3001.5857,1991-12-24 20:00:00,126.0000
08065000,31.648333,-95.789167,1992-12-21 18:00:00,1992-12-27 19:00:00,673.9409,1992-12-24 22:00:00,76.0000
08065000,31.648333,-95.789167,1993-02-19 22:00:00,1993-02-26 17:00:00,628.6340,1993-02-22 19:00:00,69.0000
08065000,31.648333,-95.789167,1993-03-02 01:00:00,1993-03-06 05:00:00,696.5944,1993-03-06 05:00:00,100.0000
08065000,31.648333,-95.789167,1993-03-07 06:00:00,1993-03-21 05:00:00,764.5549,1993-03-07 21:00:00,15.0000
08065000,31.648333,-95.789167,1993-03-22 22:00:00,1993-03-28 05:00:00,577.6637,1993-03-26 20:00:00,94.0000
08065000,31.648333,-95.789167,1993-10-25 15:00:00,1993-10-29 04:00:00,971.2678,1993-10-28 22:00:00,79.0000
08065000,31.648333,-95.789167,1994-02-24 15:00:00,1994-03-07 00:00:00,1081.7035,1994-02-28 11:00:00,92.0000
08065000,31.648333,-95.789167,1994-05-19 19:00:00,1994-05-30 12:00:00,651.2875,1994-05-24 15:00:00,116.0000
08065000,31.648333,-95.789167,1994-10-31 16:00:00,1994-11-03 00:00:00,535.1884,1994-11-01 23:00:00,31.0000
08065000,31.648333,-95.789167,1994-11-11 06:00:00,1994-11-18 15:00:00,622.9706,1994-11-15 15:00:00,105.0000
08065000,31.648333,-95.789167,1994-12-15 15:00:00,1994-12-28 14:00:00,1605.5652,1994-12-21 05:00:00,134.0000
08065000,31.648333,-95.789167,1995-03-17 06:00:00,1995-03-22 05:00:00,1211.9610,1995-03-20 23:00:00,89.0000
08065000,31.648333,-95.789167,1995-04-13 17:00:00,1995-04-23 04:00:00,608.8122,1995-04-18 20:00:00,123.0000
08065000,31.648333,-95.789167,1995-04-24 19:00:00,1995-04-25 04:00:00,529.5250,1995-04-25 04:00:00,9.0000
08065000,31.648333,-95.789167,1995-04-29 05:00:00,1995-04-30 04:00:00,713.5845,1995-04-29 20:00:00,15.0000
08065000,31.648333,-95.789167,1995-05-10 11:00:00,1995-05-28 19:00:00,2188.8922,1995-05-14 09:00:00,94.0000
08065000,31.648333,-95.789167,1997-04-07 07:15:00,1997-04-22 08:30:00,1214.7927,1997-04-11 19:00:00,107.7500
08065000,31.648333,-95.789167,1997-04-28 10:15:00,1997-05-09 14:30:00,1211.9610,1997-05-02 10:45:00,96.5000
08065000,31.648333,-95.789167,1997-12-26 08:00:00,1997-12-30 05:45:00,787.2083,1997-12-30 05:00:00,93.0000
08065000,31.648333,-95.789167,1997-12-31 06:00:00,1998-01-04 10:00:00,928.7926,1998-01-01 01:00:00,19.0000
08065000,31.648333,-95.789167,1998-01-07 10:00:00,1998-01-09 05:45:00,1042.0600,1998-01-09 05:45:00,43.7500
08065000,31.648333,-95.789167,1998-01-13 06:00:00,1998-02-02 15:15:00,1492.2978,1998-01-13 06:15:00,0.2500
08065000,31.648333,-95.789167,1998-03-02 06:45:00,1998-03-10 12:15:00,608.8122,1998-03-07 05:00:00,118.2500
08065000,31.648333,-95.789167,1998-03-19 14:15:00,1998-04-08 05:00:00,855.1688,1998-03-28 00:00:00,201.7500
08065000,31.648333,-95.789167,1998-11-15 09:00:00,1998-11-24 01:30:00,1537.6048,1998-11-18 02:00:00,65.0000
08065000,31.648333,-95.789167,1999-01-29 09:45:00,1999-02-09 05:15:00,1223.2878,1999-02-03 08:45:00,119.0000
08065000,31.648333,-95.789167,2000-06-22 15:45:00,2000-06-26 21:00:00,563.5052,2000-06-24 22:30:00,54.7500
08065000,31.648333,-95.789167,2000-12-28 19:30:00,2001-01-07 03:45:00,948.6144,2001-01-03 18:30:00,143.0000
08065000,31.648333,-95.789167,2001-01-21 04:45:00,2001-01-26 16:45:00,656.9508,2001-01-24 22:45:00,90.0000
08065000,31.648333,-95.789167,2001-12-19 10:00:00,2001-12-29 02:15:00,1551.7632,2001-12-22 23:30:00,85.5000
08065000,31.648333,-95.789167,2002-02-09 16:00:00,2002-02-12 16:15:00,540.8518,2002-02-11 12:30:00,44.5000
08065000,31.648333,-95.789167,2002-03-25 12:45:00,2002-04-28 03:45:00,747.5648,2002-03-31 10:15:00,141.5000
08065000,31.648333,-95.789167,2003-02-22 18:45:00,2003-03-06 15:15:00,945.7827,2003-02-28 14:00:00,139.2500
08065000,31.648333,-95.789167,2004-05-01 23:15:00,2004-05-10 17:45:00,773.0499,2004-05-08 06:00:00,150.7500
08065000,31.648333,-95.789167,2004-07-05 13:00:00,2004-07-10 18:30:00,569.1686,2004-07-08 12:15:00,71.2500
08065000,31.648333,-95.789167,2004-11-23 04:45:00,2004-12-06 17:15:00,798.5351,2004-11-30 11:15:00,174.5000
08065000,31.648333,-95.789167,2005-01-09 03:15:00,2005-01-21 02:15:00,597.4855,2005-01-13 14:15:00,107.0000
08065000,31.648333,-95.789167,2006-03-28 21:15:00,2006-03-29 13:00:00,523.8617,2006-03-28 23:30:00,2.2500
08065000,31.648333,-95.789167,2007-01-16 03:45:00,2007-01-22 05:30:00,812.6935,2007-01-19 15:00:00,83.2500
08065000,31.648333,-95.789167,2007-04-04 23:15:00,2007-04-13 02:30:00,1194.9709,2007-04-08 03:30:00,76.2500
08065000,31.648333,-95.789167,2007-05-06 06:45:00,2007-05-12 19:30:00,784.3767,2007-05-10 00:30:00,89.7500
08065000,31.648333,-95.789167,2007-06-02 06:00:00,2007-06-16 13:15:00,733.4063,2007-06-09 18:15:00,180.2500
08065000,31.648333,-95.789167,2008-03-23 01:00:00,2008-04-04 10:30:00,1186.4759,2008-03-28 01:45:00,120.7500
08065000,31.648333,-95.789167,2008-04-30 04:30:00,2008-05-02 16:45:00,543.6835,2008-05-01 06:15:00,25.7500
08065000,31.648333,-95.789167,2009-05-02 03:00:00,2009-05-02 18:00:00,526.6933,2009-05-02 07:15:00,4.2500
08065000,31.648333,-95.789167,2009-10-16 14:45:00,2009-10-26 04:45:00,1158.1590,2009-10-20 14:45:00,96.0000
08065000,31.648333,-95.789167,2009-10-28 05:00:00,2009-11-18 09:15:00,1413.0106,2009-10-31 18:45:00,85.7500
08065000,31.648333,-95.789167,2010-02-01 19:15:00,2010-03-20 22:00:00,1135.5055,2010-02-09 09:00:00,181.7500
08065000,31.648333,-95.789167,2010-03-27 14:00:00,2010-04-04 01:45:00,625.8023,2010-04-01 03:00:00,109.0000
08065000,31.648333,-95.789167,2010-06-13 09:00:00,2010-06-18 02:30:00,656.9508,2010-06-16 12:30:00,75.5000
08065000,31.648333,-95.789167,2012-02-03 02:30:00,2012-02-03 23:30:00,583.3270,2012-02-03 06:00:00,3.5000
08065000,31.648333,-95.789167,2012-03-24 05:00:00,2012-04-04 22:15:00,1313.9017,2012-03-26 16:30:00,59.5000
08065000,31.648333,-95.789167,2013-10-31 22:15:00,2013-11-01 06:15:00,529.5250,2013-11-01 01:15:00,3.0000
08065000,31.648333,-95.789167,2015-03-12 15:15:00,2015-03-14 23:15:00,557.8419,2015-03-13 19:45:00,28.5000
08065000,31.648333,-95.789167,2015-04-30 19:30:00,2015-05-03 18:30:00,552.1785,2015-05-02 15:00:00,43.5000
08065000,31.648333,-95.789167,2015-10-26 00:15:00,2015-11-15 16:30:00,2916.6352,2015-10-27 16:45:00,40.5000
08065000,31.648333,-95.789167,2015-11-22 20:30:00,2015-11-24 05:00:00,529.5250,2015-11-23 11:15:00,14.7500
08065000,31.648333,-95.789167,2016-03-09 23:15:00,2016-03-26 10:30:00,1786.7930,2016-03-13 06:15:00,78.0000
08065000,31.648333,-95.789167,2016-04-21 08:45:00,2016-05-13 06:00:00,1144.0006,2016-04-27 11:30:00,146.7500
08065000,31.648333,-95.789167,2016-05-31 09:00:00,2016-06-02 04:45:00,574.8320,2016-06-01 22:15:00,37.2500
08066500,30.425000,-94.850556,1989-06-03 17:00:00,1989-06-08 16:00:00,1291.2482,1989-06-07 02:00:00,81.0000
08066500,30.425000,-94.850556,1989-06-27 17:00:00,1989-07-07 20:00:00,2364.4567,1989-07-02 15:00:00,118.0000
08066500,30.425000,-94.850556,1990-03-30 06:00:00,1990-04-03 09:00:00,1531.9414,1990-03-31 16:00:00,34.0000
08066500,30.425000,-94.850556,1990-05-12 21:00:00,1990-05-26 04:00:00,2973.2689,1990-05-20 19:00:00,190.0000
08066500,30.425000,-94.850556,1991-01-15 13:00:00,1991-01-22 05:00:00,1795.2881,1991-01-19 03:00:00,86.0000
08066500,30.425000,-94.850556,1992-02-05 05:00:00,1992-02-16 02:00:00,1619.7236,1992-02-07 23:00:00,66.0000
08066500,30.425000,-94.850556,1993-06-23 13:00:00,1993-06-29 21:00:00,1806.6148,1993-06-28 06:00:00,113.0000
08066500,30.425000,-94.850556,1994-10-18 05:00:00,1994-10-22 11:00:00,3454.6553,1994-10-19 03:00:00,22.0000
08066500,30.425000,-94.850556,1994-12-18 11:00:00,1995-01-01 00:00:00,1866.0802,1994-12-21 01:00:00,62.0000
08066500,30.425000,-94.850556,1995-01-20 06:00:00,1995-01-23 14:00:00,1410.1790,1995-01-20 07:00:00,1.0000
08066500,30.425000,-94.850556,1995-01-27 18:00:00,1995-01-29 08:00:00,1362.0403,1995-01-28 05:00:00,11.0000
08066500,30.425000,-94.850556,1998-01-07 05:45:00,1998-01-14 05:45:00,2188.8922,1998-01-08 20:45:00,39.0000
08066500,30.425000,-94.850556,1998-01-18 06:00:00,1998-01-27 00:30:00,1594.2385,1998-01-23 07:30:00,121.5000
08066500,30.425000,-94.850556,1998-11-13 21:30:00,1998-11-21 10:30:00,2792.0411,1998-11-15 23:30:00,50.0000
08066500,30.425000,-94.850556,1998-12-12 10:45:00,1998-12-19 09:45:00,1446.9909,1998-12-13 05:00:00,18.2500
08066500,30.425000,-94.850556,1999-01-31 02:15:00,1999-02-11 04:00:00,1565.9216,1999-02-02 07:45:00,53.5000
08066500,30.425000,-94.850556,1999-06-26 12:30:00,1999-06-27 09:45:00,1396.0205,1999-06-26 22:15:00,9.7500
08066500,30.425000,-94.850556,2001-06-09 05:00:00,2001-06-14 09:15:00,2146.4170,2001-06-11 07:45:00,50.7500
08066500,30.425000,-94.850556,2002-11-05 09:30:00,2002-11-10 19:45:00,2211.5457,2002-11-07 19:45:00,58.2500
08066500,30.425000,-94.850556,2003-02-22 01:45:00,2003-02-22 05:45:00,1279.9215,2003-02-22 05:45:00,4.0000
08066500,30.425000,-94.850556,2003-02-25 06:00:00,2003-03-03 10:45:00,1908.5555,2003-02-25 08:45:00,2.7500
08066500,30.425000,-94.850556,2004-05-14 11:45:00,2004-05-17 15:45:00,1597.0701,2004-05-16 00:30:00,36.7500
08066500,30.425000,-94.850556,2004-06-28 09:30:00,2004-07-05 07:00:00,1772.6346,2004-07-02 15:00:00,101.5000
08066500,30.425000,-94.850556,2004-11-24 07:15:00,2004-11-29 07:45:00,1461.1493,2004-11-25 13:45:00,30.5000
08066500,30.425000,-94.850556,2004-11-30 23:15:00,2004-12-01 20:30:00,1228.9511,2004-12-01 08:45:00,9.5000
08066500,30.425000,-94.850556,2005-02-08 21:00:00,2005-02-12 20:45:00,1285.5848,2005-02-10 17:15:00,44.2500
08066500,30.425000,-94.850556,2005-09-25 11:45:00,2005-09-26 16:45:00,1625.3870,2005-09-26 04:30:00,16.7500
08066500,30.425000,-94.850556,2007-01-15 21:15:00,2007-01-21 05:30:00,1432.8324,2007-01-16 23:45:00,26.5000
08066500,30.425000,-94.850556,2009-10-30 05:15:00,2009-11-08 15:45:00,2013.3278,2009-10-31 13:45:00,32.5000
08066500,30.425000,-94.850556,2010-02-12 08:15:00,2010-02-22 14:30:00,1449.8225,2010-02-13 23:15:00,39.0000
08066500,30.425000,-94.850556,2012-03-12 22:15:00,2012-03-14 05:30:00,1271.4264,2012-03-13 06:00:00,7.7500
08066500,30.425000,-94.850556,2015-03-12 05:15:00,2015-03-17 07:30:00,1285.5848,2015-03-13 13:15:00,32.0000
08066500,30.425000,-94.850556,2015-05-14 03:15:00,2015-05-16 02:30:00,1248.7729,2015-05-14 14:45:00,11.5000
08066500,30.425000,-94.850556,2015-11-01 13:30:00,2015-11-20 22:30:00,1574.4167,2015-11-09 02:30:00,181.0000
08066500,30.425000,-94.850556,2016-03-10 22:00:00,2016-03-29 04:30:00,1815.1099,2016-03-12 04:30:00,30.5000
08066500,30.425000,-94.850556,2016-04-30 16:15:00,2016-05-09 09:15:00,1962.3575,2016-05-03 09:30:00,65.2500
08066500,30.425000,-94.850556,2016-05-27 22:15:00,2016-06-02 04:45:00,2381.4468,2016-05-30 01:15:00,51.0000
08161000,29.706111,-96.536667,1991-12-22 18:00:00,1991-12-31 04:00:00,2061.4664,1991-12-25 09:00:00,63.0000
08161000,29.706111,-96.536667,1992-02-04 09:00:00,1992-02-09 13:00:00,1741.4861,1992-02-07 05:00:00,68.0000
08161000,29.706111,-96.536667,1992-02-12 02:00:00,1992-02-13 17:00:00,982.5946,1992-02-13 04:00:00,26.0000
08161000,29.706111,-96.536667,1992-02-22 22:00:00,1992-02-27 07:00:00,1410.1790,1992-02-25 07:00:00,57.0000
08161000,29.706111,-96.536667,1992-03-04 17:00:00,1992-03-08 18:00:00,1591.4068,1992-03-07 03:00:00,58.0000
08161000,29.706111,-96.536667,1992-05-22 22:00:00,1992-05-23 11:00:00,1033.5649,1992-05-23 05:00:00,7.0000
08161000,29.706111,-96.536667,1992-06-02 14:00:00,1992-06-05 03:00:00,1231.7828,1992-06-03 07:00:00,17.0000
08161000,29.706111,-96.536667,1994-10-17 22:00:00,1994-10-20 03:00:00,1599.9018,1994-10-19 01:00:00,27.0000
08161000,29.706111,-96.536667,1995-06-01 11:00:00,1995-06-03 14:00:00,1033.5649,1995-06-02 04:00:00,17.0000
08161000,29.706111,-96.536667,1998-10-18 16:00:00,1998-10-23 06:30:00,1919.8822,1998-10-21 11:00:00,67.0000
08161000,29.706111,-96.536667,1998-11-13 13:30:00,1998-11-16 09:45:00,1129.8422,1998-11-14 02:30:00,13.0000
08161000,29.706111,-96.536667,2002-11-05 10:15:00,2002-11-07 20:15:00,1472.4760,2002-11-06 09:15:00,23.0000
08161000,29.706111,-96.536667,2003-02-21 20:30:00,2003-02-24 03:45:00,1441.3275,2003-02-23 03:30:00,31.0000
08161000,29.706111,-96.536667,2004-11-21 16:45:00,2004-11-27 03:45:00,2401.2686,2004-11-24 14:30:00,69.7500
08161000,29.706111,-96.536667,2007-07-07 13:30:00,2007-07-09 15:15:00,1112.8521,2007-07-08 11:30:00,22.0000
08161000,29.706111,-96.536667,2009-04-18 05:00:00,2009-04-18 13:15:00,1008.0797,2009-04-18 08:15:00,3.2500
08161000,29.706111,-96.536667,2013-11-02 21:30:00,2013-11-03 19:15:00,1059.0501,2013-11-03 09:30:00,13.0000
08161000,29.706111,-96.536667,2015-05-26 07:15:00,2015-05-30 04:50:00,1815.1099,2015-05-28 12:15:00,53.0000
08161000,29.706111,-96.536667,2015-11-01 23:40:00,2015-11-03 23:00:00,1376.1987,2015-11-03 06:25:00,30.7500
08161000,29.706111,-96.536667,2016-04-18 13:20:00,2016-04-21 16:45:00,3822.7743,2016-04-19 02:15:00,12.9167
08161000,29.706111,-96.536667,2016-05-27 21:10:00,2016-05-31 04:30:00,2319.1497,2016-05-29 07:00:00,33.8333
08062700,32.147500,-96.102222,1989-04-03 07:00:00,1989-04-04 10:00:00,475.7230,1989-04-03 18:00:00,11.0000
08062700,32.147500,-96.102222,1989-05-10 01:00:00,1989-05-12 05:00:00,472.8913,1989-05-11 09:00:00,32.0000
08062700,32.147500,-96.102222,1989-05-17 15:00:00,1989-05-30 19:00:00,1659.3672,1989-05-21 22:00:00,103.0000
08062700,32.147500,-96.102222,1989-06-10 06:00:00,1989-06-28 07:00:00,1727.3276,1989-06-18 17:00:00,203.0000
08062700,32.147500,-96.102222,1990-01-21 11:00:00,1990-01-24 17:00:00,756.0598,1990-01-22 16:00:00,29.0000
08062700,32.147500,-96.102222,1990-02-03 11:00:00,1990-02-07 22:00:00,699.4261,1990-02-05 06:00:00,43.0000
08062700,32.147500,-96.102222,1990-03-09 09:00:00,1990-03-12 03:00:00,707.9212,1990-03-10 12:00:00,27.0000
08062700,32.147500,-96.102222,1990-03-15 00:00:00,1990-03-21 09:00:00,880.6539,1990-03-17 11:00:00,59.0000
08062700,32.147500,-96.102222,1990-03-30 02:00:00,1990-04-04 03:00:00,906.1391,1990-03-31 08:00:00,30.0000
08062700,32.147500,-96.102222,1990-04-16 11:00:00,1990-04-22 18:00:00,798.5351,1990-04-20 03:00:00,88.0000
08062700,32.147500,-96.102222,1990-04-29 17:00:00,1990-05-28 12:00:00,2692.9321,1990-05-08 01:00:00,200.0000
08062700,32.147500,-96.102222,1990-05-31 18:00:00,1990-06-05 04:00:00,637.1290,1990-06-03 15:00:00,69.0000
08062700,32.147500,-96.102222,1991-04-17 03:00:00,1991-04-19 19:00:00,586.1587,1991-04-18 08:00:00,29.0000
08062700,32.147500,-96.102222,1991-10-31 14:00:00,1991-11-10 09:00:00,1336.5552,1991-11-03 11:00:00,69.0000
08062700,32.147500,-96.102222,1991-11-20 12:00:00,1991-11-21 22:00:00,481.3864,1991-11-21 00:00:00,12.0000
08062700,32.147500,-96.102222,1991-12-13 05:00:00,1991-12-15 20:00:00,484.2181,1991-12-14 00:00:00,19.0000
08062700,32.147500,-96.102222,1991-12-21 10:00:00,1992-01-16 04:00:00,1990.6743,1991-12-25 20:00:00,106.0000
08062700,32.147500,-96.102222,1992-02-14 07:00:00,1992-02-18 02:00:00,495.5448,1992-02-15 16:00:00,33.0000
08062700,32.147500,-96.102222,1992-02-23 19:00:00,1992-03-17 19:00:00,1243.1096,1992-02-28 02:00:00,103.0000
08062700,32.147500,-96.102222,1992-12-16 14:00:00,1992-12-22 16:00:00,693.7627,1992-12-19 01:00:00,59.0000
08062700,32.147500,-96.102222,1993-02-28 05:00:00,1993-03-08 00:00:00,710.7528,1993-03-02 18:00:00,61.0000
08062700,32.147500,-96.102222,1993-10-21 00:00:00,1993-10-27 23:00:00,1067.5451,1993-10-22 16:00:00,40.0000
08062700,32.147500,-96.102222,1994-02-23 02:30:00,1994-02-27 09:15:00,671.1093,1994-02-24 20:15:00,41.7500
08062700,32.147500,-96.102222,1994-03-12 08:30:00,1994-03-13 00:00:00,470.0597,1994-03-12 14:15:00,5.7500
08062700,32.147500,-96.102222,1994-05-15 07:30:00,1994-05-22 11:15:00,645.6241,1994-05-17 18:45:00,59.2500
08062700,32.147500,-96.102222,1994-10-25 03:30:00,1994-10-31 04:00:00,620.1389,1994-10-27 08:00:00,52.5000
08062700,32.147500,-96.102222,1994-11-06 02:15:00,1994-11-14 03:30:00,656.9508,1994-11-09 03:15:00,73.0000
08062700,32.147500,-96.102222,1994-11-19 02:15:00,1994-11-24 12:45:00,538.0201,1994-11-20 21:00:00,42.7500
08062700,32.147500,-96.102222,1994-12-11 14:15:00,1994-12-23 01:30:00,1056.2184,1994-12-17 20:00:00,149.7500
08062700,32.147500,-96.102222,1995-03-15 02:00:00,1995-03-22 13:00:00,934.4559,1995-03-17 23:00:00,69.0000
08062700,32.147500,-96.102222,1995-04-10 22:15:00,1995-04-16 00:45:00,495.5448,1995-04-14 15:15:00,89.0000
08062700,32.147500,-96.102222,1995-04-22 18:45:00,1995-04-27 02:30:00,600.3171,1995-04-24 01:45:00,31.0000
08062700,32.147500,-96.102222,1995-05-08 09:15:00,1995-05-23 03:30:00,1749.9811,1995-05-11 19:45:00,82.5000
08062700,32.147500,-96.102222,1997-04-05 03:30:00,1997-04-18 08:00:00,1042.0600,1997-04-09 07:15:00,98.7500
08062700,32.147500,-96.102222,1997-04-26 11:15:00,1997-05-05 03:45:00,945.7827,1997-04-29 16:00:00,76.7500
08062700,32.147500,-96.102222,1997-05-24 05:45:00,1997-05-26 02:15:00,504.0399,1997-05-25 01:30:00,19.7500
08062700,32.147500,-96.102222,1997-12-23 00:00:00,1997-12-30 05:45:00,985.4263,1997-12-25 22:00:00,70.0000
08062700,32.147500,-96.102222,1998-01-06 10:45:00,1998-01-17 14:00:00,1101.5253,1998-01-09 16:00:00,77.2500
08062700,32.147500,-96.102222,1998-02-28 19:15:00,1998-03-05 17:00:00,555.0102,1998-03-03 21:45:00,74.5000
08062700,32.147500,-96.102222,1998-03-17 08:45:00,1998-04-04 06:45:00,821.1886,1998-03-22 18:00:00,129.2500
08062700,32.147500,-96.102222,1998-11-13 13:30:00,1998-11-18 20:30:00,928.7926,1998-11-16 01:45:00,60.2500
08062700,32.147500,-96.102222,1998-12-06 06:45:00,1998-12-10 00:30:00,688.0994,1998-12-08 11:30:00,52.7500
08062700,32.147500,-96.102222,1998-12-11 21:15:00,1998-12-17 23:00:00,753.2281,1998-12-15 04:00:00,78.7500
08062700,32.147500,-96.102222,1999-01-30 08:00:00,1999-02-04 01:30:00,821.1886,1999-02-02 02:45:00,66.7500
08062700,32.147500,-96.102222,1999-06-03 05:00:00,1999-06-04 04:45:00,487.0498,1999-06-03 14:30:00,9.5000
08062700,32.147500,-96.102222,2000-06-06 09:30:00,2000-06-08 18:45:00,639.9607,2000-06-07 08:45:00,23.2500
08062700,32.147500,-96.102222,2000-06-13 16:30:00,2000-06-14 19:15:00,492.7131,2000-06-13 21:30:00,5.0000
08062700,32.147500,-96.102222,2000-06-18 11:30:00,2000-06-21 15:30:00,526.6933,2000-06-19 03:00:00,15.5000
08062700,32.147500,-96.102222,2000-12-28 04:15:00,2001-01-02 05:45:00,798.5351,2000-12-31 01:30:00,69.2500
08062700,32.147500,-96.102222,2001-01-19 08:00:00,2001-01-22 01:15:00,591.8221,2001-01-20 22:15:00,38.2500
08062700,32.147500,-96.102222,2001-02-16 15:30:00,2001-04-05 06:45:00,1268.5947,2001-02-19 21:30:00,78.0000
08062700,32.147500,-96.102222,2001-12-16 23:15:00,2001-12-23 17:15:00,1489.4661,2001-12-18 22:15:00,47.0000
08062700,32.147500,-96.102222,2002-02-04 02:15:00,2002-02-05 20:45:00,506.8716,2002-02-05 07:30:00,29.2500
08062700,32.147500,-96.102222,2002-02-07 08:15:00,2002-02-09 22:15:00,526.6933,2002-02-08 22:30:00,38.2500
08062700,32.147500,-96.102222,2002-03-31 14:15:00,2002-04-21 04:30:00,775.8816,2002-04-04 07:15:00,89.0000
08062700,32.147500,-96.102222,2002-05-08 15:30:00,2002-05-10 07:15:00,487.0498,2002-05-09 11:30:00,20.0000
08062700,32.147500,-96.102222,2002-10-23 04:00:00,2002-10-24 14:45:00,487.0498,2002-10-24 00:30:00,20.5000
08062700,32.147500,-96.102222,2003-01-01 20:00:00,2003-01-03 12:15:00,532.3567,2003-01-02 21:00:00,25.0000
08062700,32.147500,-96.102222,2003-02-22 15:00:00,2003-02-27 11:45:00,668.2776,2003-02-25 17:00:00,74.0000
08062700,32.147500,-96.102222,2004-05-01 22:15:00,2004-05-05 11:45:00,631.4657,2004-05-03 04:30:00,30.2500
08062700,32.147500,-96.102222,2004-06-11 04:30:00,2004-06-20 18:45:00,563.5052,2004-06-17 21:00:00,160.5000
08062700,32.147500,-96.102222,2004-06-29 04:15:00,2004-07-07 04:00:00,744.7331,2004-07-03 17:30:00,109.2500
08062700,32.147500,-96.102222,2004-08-01 05:00:00,2004-08-07 05:00:00,753.2281,2004-08-04 05:15:00,72.2500
08062700,32.147500,-96.102222,2004-11-23 23:00:00,2004-11-29 13:15:00,722.0796,2004-11-27 14:15:00,87.2500
08062700,32.147500,-96.102222,2005-01-04 19:00:00,2005-01-11 22:45:00,654.1192,2005-01-07 17:30:00,70.5000
08062700,32.147500,-96.102222,2005-01-13 13:15:00,2005-01-17 12:30:00,535.1884,2005-01-16 03:30:00,62.2500
08062700,32.147500,-96.102222,2006-03-21 23:15:00,2006-03-27 07:00:00,866.4955,2006-03-25 08:15:00,81.0000
08062700,32.147500,-96.102222,2007-04-01 13:45:00,2007-04-06 17:45:00,1146.8323,2007-04-03 07:30:00,41.7500
08062700,32.147500,-96.102222,2007-06-02 16:15:00,2007-06-03 20:45:00,470.0597,2007-06-02 23:45:00,7.5000
08062700,32.147500,-96.102222,2007-06-06 20:15:00,2007-06-07 23:45:00,464.3963,2007-06-07 03:45:00,7.5000
08062700,32.147500,-96.102222,2007-08-03 20:30:00,2007-08-05 16:45:00,492.7131,2007-08-05 01:15:00,28.7500
08062700,32.147500,-96.102222,2008-03-20 03:30:00,2008-03-27 11:00:00,1226.1195,2008-03-23 14:15:00,82.7500
08062700,32.147500,-96.102222,2009-05-05 20:30:00,2009-05-08 02:15:00,597.4855,2009-05-07 04:15:00,31.7500
08062700,32.147500,-96.102222,2009-06-14 21:00:00,2009-06-16 22:45:00,532.3567,2009-06-16 05:45:00,32.7500
08062700,32.147500,-96.102222,2009-09-16 21:30:00,2009-09-20 05:15:00,631.4657,2009-09-19 00:30:00,51.0000
08062700,32.147500,-96.102222,2009-10-11 06:45:00,2009-10-20 00:45:00,1217.6244,2009-10-15 23:00:00,112.2500
08062700,32.147500,-96.102222,2009-10-22 23:00:00,2009-11-06 12:45:00,1033.5649,2009-10-30 05:30:00,174.5000
08062700,32.147500,-96.102222,2010-01-30 03:30:00,2010-02-26 15:45:00,1022.2382,2010-02-02 06:00:00,74.5000
08062700,32.147500,-96.102222,2010-03-03 19:00:00,2010-03-05 16:30:00,475.7230,2010-03-04 17:15:00,22.2500
08062700,32.147500,-96.102222,2010-03-09 19:15:00,2010-03-15 10:30:00,659.7825,2010-03-13 00:00:00,76.7500
08062700,32.147500,-96.102222,2010-03-26 04:00:00,2010-03-30 14:00:00,594.6538,2010-03-28 11:45:00,55.7500
08062700,32.147500,-96.102222,2010-06-10 21:15:00,2010-06-13 05:45:00,758.8915,2010-06-11 20:30:00,23.2500
08062700,32.147500,-96.102222,2010-09-11 13:15:00,2010-09-15 18:45:00,538.0201,2010-09-14 11:30:00,70.2500
08062700,32.147500,-96.102222,2012-01-26 21:00:00,2012-02-01 12:15:00,716.4162,2012-01-31 03:45:00,102.7500
08062700,32.147500,-96.102222,2012-03-20 22:00:00,2012-03-29 20:30:00,1175.1491,2012-03-24 17:30:00,91.5000
08062700,32.147500,-96.102222,2015-04-27 01:30:00,2015-05-01 02:00:00,569.1686,2015-04-29 20:45:00,67.2500
08062700,32.147500,-96.102222,2015-10-24 17:30:00,2015-10-30 01:45:00,600.3171,2015-10-26 02:45:00,33.2500
08062700,32.147500,-96.102222,2015-11-02 00:00:00,2015-11-06 00:45:00,506.8716,2015-11-04 02:30:00,50.5000
08062700,32.147500,-96.102222,2015-11-29 10:00:00,2016-01-22 06:00:00,1905.7238,2015-12-03 13:45:00,99.7500
08062700,32.147500,-96.102222,2016-02-24 11:00:00,2016-02-29 01:00:00,594.6538,2016-02-27 10:30:00,71.5000
08062700,32.147500,-96.102222,2016-03-09 09:00:00,2016-03-22 23:00:00,1291.2482,2016-03-11 17:15:00,56.2500
08062700,32.147500,-96.102222,2016-04-18 20:15:00,2016-05-07 15:15:00,1064.7134,2016-04-23 19:00:00,118.7500
08062700,32.147500,-96.102222,2016-05-31 11:45:00,2016-06-02 04:45:00,622.9706,2016-06-02 04:45:00,41.0000
08066250,30.571944,-94.948611,1990-05-14 02:00:00,1990-05-29 03:00:00,3029.9026,1990-05-20 18:00:00,160.0000
08066250,30.571944,-94.948611,1991-01-15 19:00:00,1991-01-19 23:00:00,1662.1989,1991-01-16 20:00:00,25.0000
08066250,30.571944,-94.948611,1991-12-26 20:00:00,1991-12-28 05:00:00,1789.6247,1991-12-27 17:00:00,21.0000
08066250,30.571944,-94.948611,1991-12-29 06:00:00,1992-01-04 05:00:00,2375.7834,1992-01-03 22:00:00,136.0000
08066250,30.571944,-94.948611,1992-03-04 23:00:00,1992-03-12 08:00:00,1900.0604,1992-03-05 18:00:00,19.0000
08066250,30.571944,-94.948611,1993-06-27 01:00:00,1993-06-28 14:00:00,1684.8524,1993-06-27 19:00:00,18.0000
08066250,30.571944,-94.948611,1994-10-17 13:00:00,1994-10-21 00:00:00,3539.6058,1994-10-18 13:00:00,24.0000
08066250,30.571944,-94.948611,1994-12-17 14:00:00,1994-12-21 23:00:00,1631.0504,1994-12-20 19:00:00,77.0000
08066250,30.571944,-94.948611,1998-01-07 09:15:00,1998-01-10 06:00:00,1902.8921,1998-01-08 02:45:00,17.5000
08066250,30.571944,-94.948611,1998-11-13 22:15:00,1998-11-17 22:15:00,2449.4072,1998-11-15 11:00:00,36.7500
08066250,30.571944,-94.948611,2001-06-09 06:15:00,2001-06-13 03:45:00,2254.0210,2001-06-10 17:45:00,35.5000
08066250,30.571944,-94.948611,2002-11-05 21:15:00,2002-11-09 08:45:00,1883.0703,2002-11-07 08:00:00,34.7500
08066250,30.571944,-94.948611,2003-02-22 19:15:00,2003-02-26 03:30:00,1611.2286,2003-02-24 14:15:00,43.0000
08066250,30.571944,-94.948611,2004-06-30 05:15:00,2004-07-02 16:15:00,1608.3969,2004-07-02 07:00:00,49.7500
08066250,30.571944,-94.948611,2005-09-25 06:45:00,2005-09-26 10:30:00,2245.5259,2005-09-25 21:00:00,14.2500
08066250,30.571944,-94.948611,2007-01-16 06:00:00,2007-01-17 03:45:00,1588.5751,2007-01-16 10:15:00,4.2500
08066250,30.571944,-94.948611,2007-07-16 02:30:00,2007-07-24 04:45:00,1815.1099,2007-07-20 09:00:00,102.5000
08066250,30.571944,-94.948611,2009-10-31 05:00:00,2009-11-01 14:15:00,2030.3179,2009-10-31 06:45:00,1.7500
08066250,30.571944,-94.948611,2015-11-08 00:45:00,2015-11-09 05:15:00,1531.9414,2015-11-08 04:30:00,3.7500
08066250,30.571944,-94.948611,2015-12-13 20:00:00,2015-12-22 13:15:00,1990.6743,2015-12-16 23:00:00,75.0000
08066250,30.571944,-94.948611,2016-01-07 17:15:00,2016-01-15 09:45:00,2041.6446,2016-01-10 13:45:00,68.5000
08066250,30.571944,-94.948611,2016-03-11 01:45:00,2016-03-13 10:45:00,1766.9712,2016-03-11 17:00:00,15.2500
08066250,30.571944,-94.948611,2016-04-30 17:30:00,2016-05-05 13:15:00,1925.5456,2016-05-01 12:45:00,19.2500
08066250,30.571944,-94.948611,2016-05-27 21:00:00,2016-06-02 00:00:00,2627.8034,2016-05-29 06:15:00,33.2500
08075770,29.793056,-95.267778,1984-10-26 00:00:00,1984-10-26 06:00:00,75.8891,1984-10-26 02:30:00,2.5000
08075770,29.793056,-95.267778,1989-06-26 22:00:00,1989-06-27 13:30:00,98.2595,1989-06-27 02:00:00,4.0000
08075770,29.793056,-95.267778,1992-03-04 21:30:00,1992-03-05 03:00:00,79.2872,1992-03-04 23:00:00,1.5000
08075770,29.793056,-95.267778,1993-03-23 03:30:00,1993-03-23 10:30:00,81.8357,1993-03-23 05:30:00,2.0000
08075770,29.793056,-95.267778,1994-10-18 02:30:00,1994-10-18 21:00:00,97.1268,1994-10-18 06:30:00,4.0000
08075770,29.793056,-95.267778,1998-09-11 10:15:00,1998-09-11 20:45:00,88.6317,1998-09-11 15:30:00,5.2500
08075770,29.793056,-95.267778,2001-06-09 03:00:00,2001-06-10 08:15:00,91.4634,2001-06-09 08:30:00,5.5000
08075770,29.793056,-95.267778,2006-06-19 13:00:00,2006-06-19 17:15:00,87.7822,2006-06-19 14:45:00,1.7500
08075770,29.793056,-95.267778,2006-10-16 09:15:00,2006-10-16 16:15:00,92.8793,2006-10-16 11:45:00,2.5000
08075770,29.793056,-95.267778,2007-08-16 19:15:00,2007-08-17 04:45:00,97.1268,2007-08-16 22:30:00,3.2500
08075770,29.793056,-95.267778,2008-09-13 11:30:00,2008-09-14 02:15:00,124.3110,2008-09-13 17:30:00,6.0000
08075770,29.793056,-95.267778,2010-07-02 22:00:00,2010-07-03 04:30:00,95.7109,2010-07-02 23:45:00,1.7500
08075770,29.793056,-95.267778,2015-05-26 06:15:00,2015-05-26 16:00:00,101.0911,2015-05-26 09:45:00,3.5000
08075770,29.793056,-95.267778,2015-10-25 07:30:00,2015-10-25 09:15:00,73.6238,2015-10-25 08:30:00,1.0000
08075770,29.793056,-95.267778,2015-10-31 11:45:00,2015-11-01 00:45:00,111.8515,2015-10-31 20:00:00,8.2500
08181800,29.221944,-98.355556,1991-01-18 18:00:00,1991-01-18 20:00:00,197.6516,1991-01-18 19:00:00,1.0000
08181800,29.221944,-98.355556,1991-12-19 15:00:00,1991-12-20 05:00:00,365.2873,1991-12-20 01:00:00,10.0000
08181800,29.221944,-98.355556,1991-12-21 06:00:00,1991-12-23 16:00:00,552.1785,1991-12-22 16:00:00,34.0000
08181800,29.221944,-98.355556,1992-01-27 02:00:00,1992-01-28 05:00:00,302.9903,1992-01-27 07:00:00,5.0000
08181800,29.221944,-98.355556,1992-02-04 09:00:00,1992-02-07 06:00:00,458.7329,1992-02-05 05:00:00,20.0000
08181800,29.221944,-98.355556,1992-03-04 11:00:00,1992-03-07 11:00:00,314.3170,1992-03-04 23:00:00,12.0000
08181800,29.221944,-98.355556,1992-04-18 02:00:00,1992-04-18 14:00:00,222.0041,1992-04-18 07:00:00,5.0000
08181800,29.221944,-98.355556,1992-05-22 01:00:00,1992-05-24 12:00:00,555.0102,1992-05-22 07:00:00,6.0000
08181800,29.221944,-98.355556,1992-05-27 12:00:00,1992-05-28 23:00:00,586.1587,1992-05-27 18:00:00,6.0000
08181800,29.221944,-98.355556,1992-06-09 21:00:00,1992-06-10 04:00:00,286.0002,1992-06-10 00:00:00,3.0000
08181800,29.221944,-98.355556,1992-06-11 13:00:00,1992-06-12 06:00:00,198.7843,1992-06-11 18:00:00,5.0000
08181800,29.221944,-98.355556,1993-05-05 22:00:00,1993-05-07 09:00:00,436.0794,1993-05-06 19:00:00,21.0000
08181800,29.221944,-98.355556,1993-06-26 19:00:00,1993-06-27 04:00:00,202.1823,1993-06-26 21:00:00,2.0000
08181800,29.221944,-98.355556,1994-10-08 14:00:00,1994-10-09 08:00:00,221.4377,1994-10-09 00:00:00,10.0000
08181800,29.221944,-98.355556,1995-06-29 17:00:00,1995-06-30 08:00:00,251.4536,1995-06-29 22:00:00,5.0000
08181800,29.221944,-98.355556,1997-06-23 05:00:00,1997-06-27 06:45:00,390.7725,1997-06-24 06:00:00,25.0000
08181800,29.221944,-98.355556,1998-08-23 07:30:00,1998-08-23 15:45:00,204.1645,1998-08-23 10:30:00,3.0000
08181800,29.221944,-98.355556,1998-10-17 20:45:00,1998-10-21 14:45:00,2123.7635,1998-10-18 16:15:00,19.5000
08181800,29.221944,-98.355556,2000-06-11 04:15:00,2000-06-11 15:15:00,212.3763,2000-06-11 06:45:00,2.5000
08181800,29.221944,-98.355556,2000-10-24 20:15:00,2000-10-25 04:00:00,191.4219,2000-10-24 23:30:00,3.2500
08181800,29.221944,-98.355556,2001-04-24 02:15:00,2001-04-25 07:00:00,233.8972,2001-04-24 08:30:00,6.2500
08181800,29.221944,-98.355556,2001-08-31 02:15:00,2001-08-31 23:45:00,220.3051,2001-08-31 05:45:00,3.5000
08181800,29.221944,-98.355556,2001-11-16 16:15:00,2001-11-17 08:30:00,251.4536,2001-11-17 00:00:00,7.7500
08181800,29.221944,-98.355556,2002-07-01 18:30:00,2002-07-11 11:15:00,1919.8822,2002-07-06 06:00:00,107.5000
08181800,29.221944,-98.355556,2002-09-08 15:45:00,2002-09-11 10:45:00,373.7824,2002-09-10 11:45:00,44.0000
08181800,29.221944,-98.355556,2002-10-09 12:45:00,2002-10-10 22:45:00,353.9606,2002-10-10 02:15:00,13.5000
08181800,29.221944,-98.355556,2002-10-23 13:30:00,2002-10-26 13:30:00,430.4161,2002-10-25 13:15:00,47.7500
08181800,29.221944,-98.355556,2002-11-05 11:15:00,2002-11-05 14:30:00,183.4932,2002-11-05 12:30:00,1.2500
08181800,29.221944,-98.355556,2004-06-10 01:15:00,2004-06-11 03:00:00,455.9012,2004-06-10 11:15:00,10.0000
08181800,29.221944,-98.355556,2004-06-30 02:15:00,2004-07-01 18:30:00,267.5942,2004-07-01 04:15:00,26.0000
08181800,29.221944,-98.355556,2004-10-25 07:45:00,2004-10-26 01:00:00,225.6853,2004-10-25 18:00:00,10.2500
08181800,29.221944,-98.355556,2004-11-17 11:00:00,2004-11-19 15:45:00,286.0002,2004-11-18 09:15:00,22.2500
08181800,29.221944,-98.355556,2004-11-22 13:45:00,2004-11-25 02:30:00,588.9904,2004-11-23 13:30:00,23.7500
08181800,29.221944,-98.355556,2007-03-13 23:15:00,2007-03-14 23:00:00,291.6635,2007-03-14 04:15:00,5.0000
08181800,29.221944,-98.355556,2007-03-31 11:45:00,2007-04-01 06:30:00,255.9843,2007-03-31 15:30:00,3.7500
08181800,29.221944,-98.355556,2007-04-30 23:45:00,2007-05-01 10:15:00,201.6159,2007-05-01 00:45:00,1.0000
08181800,29.221944,-98.355556,2007-06-28 23:00:00,2007-06-30 11:45:00,407.7626,2007-06-29 18:30:00,19.5000
08181800,29.221944,-98.355556,2007-07-07 16:15:00,2007-07-08 11:30:00,255.9843,2007-07-08 00:00:00,7.7500
08181800,29.221944,-98.355556,2007-07-21 18:45:00,2007-07-23 08:00:00,339.8022,2007-07-22 14:30:00,19.7500
08181800,29.221944,-98.355556,2007-07-24 12:15:00,2007-07-28 19:15:00,529.5250,2007-07-26 06:30:00,42.2500
08181800,29.221944,-98.355556,2007-08-16 22:00:00,2007-08-21 12:15:00,1189.3076,2007-08-17 20:15:00,22.2500
08181800,29.221944,-98.355556,2009-10-04 22:15:00,2009-10-05 17:30:00,294.4952,2009-10-05 06:45:00,8.5000
08181800,29.221944,-98.355556,2010-01-15 22:00:00,2010-01-16 11:30:00,215.4912,2010-01-16 03:15:00,5.2500
08181800,29.221944,-98.355556,2010-02-04 05:15:00,2010-02-04 12:00:00,188.5902,2010-02-04 09:00:00,3.7500
08181800,29.221944,-98.355556,2010-04-18 09:00:00,2010-04-19 02:45:00,300.1586,2010-04-18 16:15:00,7.2500
08181800,29.221944,-98.355556,2010-05-15 14:15:00,2010-05-16 22:45:00,268.4437,2010-05-16 11:45:00,21.5000
08181800,29.221944,-98.355556,2010-09-08 01:00:00,2010-09-10 02:00:00,455.9012,2010-09-08 17:30:00,16.5000
08181800,29.221944,-98.355556,2011-10-10 07:15:00,2011-10-10 13:30:00,195.3862,2011-10-10 10:00:00,2.7500
08181800,29.221944,-98.355556,2012-01-25 15:30:00,2012-01-26 08:00:00,249.4714,2012-01-25 19:00:00,3.5000
08181800,29.221944,-98.355556,2012-08-19 14:45:00,2012-08-20 10:45:00,328.4754,2012-08-19 20:45:00,6.0000
08181800,29.221944,-98.355556,2013-05-25 17:30:00,2013-05-27 13:45:00,908.9708,2013-05-26 09:30:00,16.0000
08181800,29.221944,-98.355556,2014-05-13 11:30:00,2014-05-14 04:30:00,294.4952,2014-05-13 15:30:00,4.0000
08181800,29.221944,-98.355556,2014-05-27 00:45:00,2014-05-27 06:00:00,208.1288,2014-05-27 02:15:00,1.5000
08181800,29.221944,-98.355556,2014-11-06 10:15:00,2014-11-06 17:00:00,198.7843,2014-11-06 13:00:00,2.7500
08181800,29.221944,-98.355556,2015-04-25 10:30:00,2015-04-26 19:30:00,308.6536,2015-04-25 19:45:00,9.2500
08181800,29.221944,-98.355556,2015-05-24 07:00:00,2015-05-25 22:00:00,540.8518,2015-05-24 17:00:00,10.0000
08181800,29.221944,-98.355556,2015-06-15 02:15:00,2015-06-15 09:15:00,223.1368,2015-06-15 04:45:00,2.5000
08181800,29.221944,-98.355556,2015-06-18 16:15:00,2015-06-19 01:00:00,214.3585,2015-06-18 20:45:00,4.5000
08181800,29.221944,-98.355556,2015-10-24 19:15:00,2015-10-25 19:00:00,300.1586,2015-10-24 23:45:00,4.5000
08181800,29.221944,-98.355556,2015-10-31 08:45:00,2015-11-01 10:45:00,356.7923,2015-10-31 17:30:00,8.7500
08181800,29.221944,-98.355556,2016-05-18 13:45:00,2016-05-21 07:00:00,334.1388,2016-05-20 01:45:00,36.0000
08095200,31.669444,-97.469167,1990-04-26 22:00:00,1990-04-27 16:00:00,1611.2286,1990-04-27 04:00:00,6.0000
08095200,31.669444,-97.469167,1991-12-20 21:00:00,1991-12-22 06:00:00,6229.7063,1991-12-21 08:00:00,11.0000
08095200,31.669444,-97.469167,1992-02-04 18:00:00,1992-02-05 03:30:00,1194.9709,1992-02-04 23:00:00,5.0000
08095200,31.669444,-97.469167,1992-02-25 07:30:00,1992-02-26 04:30:00,1616.8919,1992-02-25 23:30:00,16.0000
08095200,31.669444,-97.469167,1995-05-08 14:30:00,1995-05-08 23:00:00,1200.6343,1995-05-08 18:30:00,4.0000
08095200,31.669444,-97.469167,1995-06-11 18:00:00,1995-06-11 23:30:00,1104.3570,1995-06-11 22:00:00,4.0000
08095200,31.669444,-97.469167,1997-02-21 03:00:00,1997-02-21 15:45:00,1316.7334,1997-02-21 09:00:00,6.0000
08095200,31.669444,-97.469167,1998-03-16 17:30:00,1998-03-17 11:30:00,2605.1499,1998-03-17 05:15:00,11.7500
08095200,31.669444,-97.469167,2004-05-01 11:45:00,2004-05-01 15:15:00,1206.2977,2004-05-01 13:45:00,2.0000
08095200,31.669444,-97.469167,2004-06-10 04:00:00,2004-06-10 07:30:00,1030.7332,2004-06-10 06:00:00,2.0000
08095200,31.669444,-97.469167,2004-11-17 23:15:00,2004-11-18 03:45:00,1025.0698,2004-11-18 00:30:00,1.2500
08095200,31.669444,-97.469167,2007-06-27 05:15:00,2007-06-29 04:45:00,1602.7335,2007-06-27 23:30:00,18.2500
08095200,31.669444,-97.469167,2007-09-05 17:15:00,2007-09-05 23:00:00,1291.2482,2007-09-05 20:00:00,2.7500
08095200,31.669444,-97.469167,2010-01-29 10:00:00,2010-01-29 23:15:00,1305.4066,2010-01-29 15:45:00,5.7500
08095200,31.669444,-97.469167,2015-05-29 17:15:00,2015-05-30 04:15:00,1064.7134,2015-05-30 01:45:00,8.5000
08095200,31.669444,-97.469167,2016-04-18 11:30:00,2016-04-18 14:00:00,1064.7134,2016-04-18 13:00:00,1.5000
08065350,31.338333,-95.656111,1989-05-21 19:00:00,1989-06-03 04:00:00,1514.9513,1989-05-27 05:00:00,130.0000
08065350,31.338333,-95.656111,1989-06-20 02:00:00,1989-07-01 05:00:00,1523.4463,1989-06-24 18:00:00,112.0000
08065350,31.338333,-95.656111,1990-05-07 00:00:00,1990-05-25 04:00:00,3086.5363,1990-05-10 10:00:00,82.0000
08065350,31.338333,-95.656111,1991-11-08 04:00:00,1991-11-14 12:00:00,1061.8817,1991-11-10 20:00:00,64.0000
08065350,31.338333,-95.656111,1991-12-22 09:00:00,1991-12-25 05:00:00,1534.7731,1991-12-25 05:00:00,68.0000
08065350,31.338333,-95.656111,1991-12-26 06:00:00,1992-01-10 16:00:00,3086.5363,1991-12-26 19:00:00,13.0000
08065350,31.338333,-95.656111,1992-02-02 09:00:00,1992-02-10 23:00:00,1127.0105,1992-02-06 10:59:00,97.9833
08065350,31.338333,-95.656111,1993-06-22 03:00:00,1993-06-23 08:00:00,999.5847,1993-06-22 11:00:00,8.0000
08065350,31.338333,-95.656111,1994-02-28 10:00:00,1994-03-05 11:51:00,1076.0402,1994-03-02 14:00:00,52.0000
08065350,31.338333,-95.656111,1995-03-21 13:00:00,1995-03-22 05:00:00,976.9312,1995-03-22 05:00:00,16.0000
08065350,31.338333,-95.656111,1995-03-24 06:00:00,1995-03-27 05:00:00,1061.8817,1995-03-24 07:00:00,1.0000
08065350,31.338333,-95.656111,1995-05-13 18:00:00,1995-05-25 19:00:00,1953.8624,1995-05-17 09:00:00,87.0000
08065350,31.338333,-95.656111,1997-02-28 05:00:00,1997-03-11 16:00:00,1308.2383,1997-03-04 10:00:00,101.0000
08065350,31.338333,-95.656111,1997-03-20 03:00:00,1997-03-21 08:00:00,897.6440,1997-03-20 19:00:00,16.0000
08065350,31.338333,-95.656111,1997-04-11 19:00:00,1997-04-18 12:00:00,1110.0204,1997-04-14 21:00:00,74.0000
08065350,31.338333,-95.656111,1997-05-02 15:00:00,1997-05-07 23:00:00,1098.6936,1997-05-04 22:00:00,55.0000
08065350,31.338333,-95.656111,1998-01-10 14:00:00,1998-01-13 05:00:00,1772.6346,1998-01-13 04:00:00,62.0000
08065350,31.338333,-95.656111,1998-11-18 20:00:00,1998-11-23 21:00:00,1118.5154,1998-11-21 05:00:00,57.0000
08065350,31.338333,-95.656111,1999-01-30 06:00:00,1999-02-08 12:00:00,1461.1493,1999-01-31 05:00:00,23.0000
08065350,31.338333,-95.656111,2001-12-25 06:00:00,2001-12-28 05:00:00,1095.8620,2001-12-26 03:00:00,21.0000
08065350,31.338333,-95.656111,2004-12-01 15:00:00,2004-12-03 07:00:00,908.9708,2004-12-02 05:00:00,14.0000
08065350,31.338333,-95.656111,2007-07-04 12:30:00,2007-07-14 04:45:00,1911.3871,2007-07-12 07:15:00,186.7500
08065350,31.338333,-95.656111,2007-07-17 05:00:00,2007-07-23 23:30:00,1503.6246,2007-07-17 05:15:00,0.2500
08065350,31.338333,-95.656111,2010-02-05 14:30:00,2010-02-22 13:15:00,1132.6739,2010-02-10 16:45:00,122.2500
08065350,31.338333,-95.656111,2012-03-26 17:00:00,2012-04-03 02:45:00,1107.1887,2012-03-29 18:15:00,73.2500
08065350,31.338333,-95.656111,2015-10-27 20:30:00,2015-11-15 10:00:00,2313.4864,2015-10-30 12:45:00,64.2500
08065350,31.338333,-95.656111,2015-12-07 06:00:00,2015-12-26 18:30:00,1716.0009,2015-12-08 08:45:00,26.7500
08065350,31.338333,-95.656111,2015-12-28 07:45:00,2016-01-13 08:45:00,2038.8130,2016-01-03 01:30:00,137.7500
08065350,31.338333,-95.656111,2016-03-12 03:45:00,2016-03-23 22:15:00,1792.4564,2016-03-15 23:00:00,90.2500
08065350,31.338333,-95.656111,2016-04-26 07:30:00,2016-05-07 05:30:00,1141.1689,2016-05-01 22:30:00,135.0000
08026000,31.063889,-93.519444,1989-05-19 12:00:00,1989-05-23 07:00:00,3284.7542,1989-05-20 19:00:00,31.0000
08026000,31.063889,-93.519444,1989-06-30 01:00:00,1989-07-01 04:00:00,2033.1496,1989-07-01 04:00:00,27.0000
08026000,31.063889,-93.519444,1991-04-19 18:00:00,1991-04-23 17:00:00,2259.6844,1991-04-21 01:00:00,31.0000
08026000,31.063889,-93.519444,1999-01-31 08:15:00,1999-02-05 03:15:00,3511.2890,1999-02-01 20:00:00,35.7500
08026000,31.063889,-93.519444,2009-10-31 20:30:00,2009-11-06 18:15:00,2132.2585,2009-11-03 16:45:00,69.2500
08026000,31.063889,-93.519444,2015-05-21 16:15:00,2015-05-25 20:30:00,1489.4661,2015-05-24 10:45:00,66.5000
08026000,31.063889,-93.519444,2016-03-10 05:00:00,2016-03-19 20:00:00,6258.0231,2016-03-11 15:30:00,34.5000
08074020,29.870556,-95.480278,2001-06-09 06:45:00,2001-06-09 21:00:00,379.4457,2001-06-09 11:15:00,4.5000
08074020,29.870556,-95.480278,2002-10-29 04:45:00,2002-10-29 11:45:00,274.6734,2002-10-29 07:00:00,2.2500
08074020,29.870556,-95.480278,2003-11-17 22:00:00,2003-11-18 02:15:00,236.7288,2003-11-17 23:00:00,1.0000
08074020,29.870556,-95.480278,2006-06-19 13:30:00,2006-06-19 17:30:00,235.5962,2006-06-19 16:00:00,2.5000
08074020,29.870556,-95.480278,2006-10-16 13:45:00,2006-10-16 15:45:00,222.2872,2006-10-16 14:30:00,0.7500
08074020,29.870556,-95.480278,2009-04-28 11:15:00,2009-04-28 16:45:00,253.7189,2009-04-28 13:30:00,2.2500
08074020,29.870556,-95.480278,2015-05-26 04:15:00,2015-05-26 09:15:00,258.5328,2015-05-26 06:45:00,2.5000
08074020,29.870556,-95.480278,2016-04-18 08:15:00,2016-04-19 01:00:00,365.2873,2016-04-18 17:45:00,9.5000
08076180,29.933611,-95.233613,1989-05-18 07:00:00,1989-05-19 12:00:00,218.0397,1989-05-18 21:00:00,14.0000
08076180,29.933611,-95.233613,1989-06-26 23:00:00,1989-06-27 23:00:00,227.3843,1989-06-27 06:00:00,7.0000
08076180,29.933611,-95.233613,1991-06-15 18:00:00,1991-06-15 22:00:00,73.9070,1991-06-15 20:00:00,2.0000
08076180,29.933611,-95.233613,1992-03-04 20:00:00,1992-03-05 14:00:00,282.6021,1992-03-05 00:00:00,4.0000
08076180,29.933611,-95.233613,1993-03-02 01:00:00,1993-03-02 09:00:00,82.9684,1993-03-02 05:00:00,4.0000
08076180,29.933611,-95.233613,1993-06-20 22:00:00,1993-06-22 06:00:00,110.4357,1993-06-22 01:00:00,27.0000
08076180,29.933611,-95.233613,2001-06-06 04:00:00,2001-06-06 19:45:00,146.6813,2001-06-06 07:30:00,3.5000
08076180,29.933611,-95.233613,2001-06-09 02:30:00,2001-06-09 04:45:00,167.3526,2001-06-09 04:45:00,2.2500
08076180,29.933611,-95.233613,2001-10-11 21:30:00,2001-10-11 22:30:00,65.9783,2001-10-11 22:00:00,0.5000
08076180,29.933611,-95.233613,2001-10-12 23:15:00,2001-10-13 03:30:00,79.8535,2001-10-13 00:45:00,1.5000
08076180,29.933611,-95.233613,2001-12-12 09:00:00,2001-12-12 15:00:00,88.0654,2001-12-12 11:00:00,2.0000
08076180,29.933611,-95.233613,2002-04-08 15:00:00,2002-04-08 17:30:00,67.9604,2002-04-08 15:45:00,0.7500
08076180,29.933611,-95.233613,2002-10-29 03:30:00,2002-10-30 04:30:00,217.1902,2002-10-29 09:00:00,5.5000
08076180,29.933611,-95.233613,2003-10-09 23:00:00,2003-10-10 08:00:00,108.1704,2003-10-10 02:00:00,3.0000
08076180,29.933611,-95.233613,2003-11-17 01:45:00,2003-11-18 17:30:00,129.4080,2003-11-18 07:45:00,30.0000
08076180,29.933611,-95.233613,2004-11-18 01:45:00,2004-11-18 06:15:00,82.4020,2004-11-18 03:15:00,1.5000
08076180,29.933611,-95.233613,2004-11-23 02:00:00,2004-11-23 07:15:00,76.1723,2004-11-23 04:15:00,2.2500
08076180,29.933611,-95.233613,2005-05-30 05:00:00,2005-05-30 09:45:00,89.7644,2005-05-30 06:30:00,1.5000
08076180,29.933611,-95.233613,2006-10-16 08:15:00,2006-10-17 09:30:00,143.0001,2006-10-17 00:00:00,15.7500
08076180,29.933611,-95.233613,2008-09-13 11:45:00,2008-09-15 08:30:00,160.2734,2008-09-14 16:15:00,28.5000
08076180,29.933611,-95.233613,2008-10-15 23:45:00,2008-10-16 17:45:00,157.1585,2008-10-16 04:15:00,4.5000
08076180,29.933611,-95.233613,2008-11-12 08:15:00,2008-11-12 13:15:00,85.2337,2008-11-12 09:30:00,1.2500
08076180,29.933611,-95.233613,2009-04-18 19:30:00,2009-04-19 10:45:00,128.8417,2009-04-18 22:15:00,2.7500
08076180,29.933611,-95.233613,2009-04-28 13:45:00,2009-04-28 20:15:00,74.4733,2009-04-28 15:45:00,2.0000
08076180,29.933611,-95.233613,2010-07-02 21:30:00,2010-07-03 11:45:00,122.6119,2010-07-03 00:15:00,2.7500
08076180,29.933611,-95.233613,2014-08-01 06:15:00,2014-08-01 14:45:00,94.8614,2014-08-01 08:15:00,2.0000
08076180,29.933611,-95.233613,2015-05-26 04:30:00,2015-05-26 21:30:00,121.4793,2015-05-26 07:30:00,3.0000
08076180,29.933611,-95.233613,2015-10-25 06:15:00,2015-10-25 16:45:00,79.5703,2015-10-25 08:30:00,2.2500
08076180,29.933611,-95.233613,2015-10-31 11:00:00,2015-11-01 05:15:00,123.4615,2015-10-31 16:30:00,5.5000
08076180,29.933611,-95.233613,2016-04-18 12:15:00,2016-04-19 09:30:00,106.4713,2016-04-18 21:00:00,8.7500
08076180,29.933611,-95.233613,2016-05-27 23:00:00,2016-05-28 09:15:00,93.7288,2016-05-28 01:45:00,2.7500
08076500,29.861667,-95.334722,1983-08-18 15:30:00,1983-08-19 23:30:00,95.1446,1983-08-18 22:00:00,6.5000
08076500,29.861667,-95.334722,1984-10-25 18:30:00,1984-10-26 13:30:00,132.5228,1984-10-25 23:00:00,4.5000
08076500,29.861667,-95.334722,1986-06-08 20:00:00,1986-06-09 02:30:00,53.5188,1986-06-08 22:30:00,2.5000
08076500,29.861667,-95.334722,1991-04-05 21:30:00,1991-04-06 02:00:00,53.5188,1991-04-05 23:30:00,2.0000
08076500,29.861667,-95.334722,1991-05-16 00:00:00,1991-05-16 02:00:00,43.3248,1991-05-16 01:00:00,1.0000
08076500,29.861667,-95.334722,1991-11-17 16:00:00,1991-11-17 21:30:00,63.9961,1991-11-17 18:00:00,2.0000
08076500,29.861667,-95.334722,1991-12-21 20:30:00,1991-12-22 02:30:00,60.8812,1991-12-21 23:00:00,2.5000
08076500,29.861667,-95.334722,1992-01-18 16:00:00,1992-01-18 18:00:00,40.2099,1992-01-18 17:00:00,1.0000
08076500,29.861667,-95.334722,1992-03-04 19:00:00,1992-03-05 13:00:00,137.0535,1992-03-05 01:00:00,6.0000
08076500,29.861667,-95.334722,1992-04-17 23:30:00,1992-04-18 07:00:00,73.0575,1992-04-18 02:00:00,2.5000
08076500,29.861667,-95.334722,1992-05-16 20:00:00,1992-05-17 03:00:00,63.9961,1992-05-16 22:30:00,2.5000
08076500,29.861667,-95.334722,1993-03-01 22:00:00,1993-03-02 08:30:00,72.4911,1993-03-02 03:30:00,5.5000
08076500,29.861667,-95.334722,1993-03-23 02:00:00,1993-03-23 08:30:00,75.0396,1993-03-23 04:00:00,2.0000
08076500,29.861667,-95.334722,1993-04-04 03:30:00,1993-04-04 05:30:00,41.6258,1993-04-04 04:30:00,1.0000
08076500,29.861667,-95.334722,1993-04-07 21:30:00,1993-04-08 02:00:00,54.9347,1993-04-07 23:00:00,1.5000
08076500,29.861667,-95.334722,2001-03-28 02:00:00,2001-03-28 15:00:00,65.9783,2001-03-28 08:15:00,6.2500
08076500,29.861667,-95.334722,2001-06-06 02:00:00,2001-06-06 15:45:00,119.4971,2001-06-06 06:30:00,4.5000
08076500,29.861667,-95.334722,2001-06-09 01:45:00,2001-06-09 04:45:00,121.4793,2001-06-09 04:45:00,3.0000
08076500,29.861667,-95.334722,2001-10-11 19:15:00,2001-10-11 21:00:00,39.6436,2001-10-11 20:00:00,0.7500
08076500,29.861667,-95.334722,2001-10-13 14:30:00,2001-10-13 16:45:00,38.7941,2001-10-13 15:00:00,0.5000
08076500,29.861667,-95.334722,2001-12-12 07:00:00,2001-12-12 15:15:00,69.9426,2001-12-12 09:45:00,2.7500
08076500,29.861667,-95.334722,2002-04-08 10:00:00,2002-04-08 21:15:00,71.6416,2002-04-08 15:00:00,5.0000
08076500,29.861667,-95.334722,2002-10-29 02:15:00,2002-10-30 00:15:00,106.1882,2002-10-29 06:30:00,4.2500
08076500,29.861667,-95.334722,2002-12-12 21:15:00,2002-12-13 02:30:00,50.6872,2002-12-12 23:00:00,1.7500
08076500,29.861667,-95.334722,2003-09-12 09:45:00,2003-09-12 14:15:00,51.2535,2003-09-12 11:15:00,1.5000
08076500,29.861667,-95.334722,2003-10-10 00:15:00,2003-10-10 03:45:00,42.4753,2003-10-10 01:45:00,1.5000
08076500,29.861667,-95.334722,2003-11-17 01:15:00,2003-11-18 17:30:00,95.1446,2003-11-18 00:15:00,23.0000
08076500,29.861667,-95.334722,2004-01-17 07:45:00,2004-01-17 13:00:00,52.6693,2004-01-17 09:30:00,1.7500
08076500,29.861667,-95.334722,2004-01-25 08:45:00,2004-01-25 11:15:00,42.1921,2004-01-25 09:30:00,0.7500
08076500,29.861667,-95.334722,2004-03-14 20:30:00,2004-03-14 23:15:00,42.1921,2004-03-14 21:15:00,0.7500
08076500,29.861667,-95.334722,2004-04-11 06:00:00,2004-04-11 07:00:00,38.2277,2004-04-11 06:15:00,0.2500
08076500,29.861667,-95.334722,2004-05-01 18:15:00,2004-05-01 23:15:00,46.1565,2004-05-01 20:00:00,1.7500
08076500,29.861667,-95.334722,2004-06-14 00:30:00,2004-06-14 03:00:00,43.8911,2004-06-14 01:30:00,1.0000
08076500,29.861667,-95.334722,2004-06-24 02:00:00,2004-06-24 07:45:00,53.5188,2004-06-24 04:00:00,2.0000
08076500,29.861667,-95.334722,2004-06-25 17:00:00,2004-06-25 18:15:00,38.5109,2004-06-25 17:15:00,0.2500
08076500,29.861667,-95.334722,2004-11-18 01:30:00,2004-11-18 06:45:00,55.2179,2004-11-18 03:30:00,2.0000
08076500,29.861667,-95.334722,2004-11-22 19:30:00,2004-11-23 10:15:00,59.7485,2004-11-23 01:45:00,6.2500
08076500,29.861667,-95.334722,2005-02-09 06:45:00,2005-02-09 07:15:00,38.2277,2005-02-09 07:15:00,0.5000
08076500,29.861667,-95.334722,2005-02-24 17:15:00,2005-02-24 19:45:00,40.7763,2005-02-24 18:00:00,0.7500
08076500,29.861667,-95.334722,2005-05-09 02:00:00,2005-05-09 03:45:00,39.3604,2005-05-09 02:30:00,0.5000
08076500,29.861667,-95.334722,2005-05-30 04:30:00,2005-05-30 11:30:00,68.5268,2005-05-30 06:30:00,2.0000
08076500,29.861667,-95.334722,2006-10-16 07:15:00,2006-10-17 08:15:00,85.8000,2006-10-16 23:00:00,15.7500
08076500,29.861667,-95.334722,2007-03-14 22:45:00,2007-03-15 05:45:00,55.2179,2007-03-15 00:45:00,2.0000
08076500,29.861667,-95.334722,2007-05-04 04:15:00,2007-05-04 06:15:00,39.9268,2007-05-04 05:00:00,0.7500
08076500,29.861667,-95.334722,2007-05-11 05:00:00,2007-05-11 13:45:00,63.9961,2007-05-11 07:00:00,2.0000
08076500,29.861667,-95.334722,2007-05-28 20:45:00,2007-05-29 01:15:00,44.1743,2007-05-28 22:00:00,1.2500
08076500,29.861667,-95.334722,2007-07-06 19:15:00,2007-07-07 07:15:00,88.0654,2007-07-06 23:00:00,3.7500
08076500,29.861667,-95.334722,2007-07-27 15:30:00,2007-07-27 18:45:00,43.0416,2007-07-27 17:00:00,1.5000
08076500,29.861667,-95.334722,2007-08-16 19:30:00,2007-08-18 05:45:00,50.4040,2007-08-16 23:00:00,3.5000
08076500,29.861667,-95.334722,2007-10-16 01:30:00,2007-10-16 04:15:00,42.1921,2007-10-16 02:30:00,1.0000
08076500,29.861667,-95.334722,2008-09-13 10:15:00,2008-09-15 11:15:00,125.4436,2008-09-14 16:00:00,29.7500
08076500,29.861667,-95.334722,2008-11-12 07:45:00,2008-11-12 15:15:00,63.4297,2008-11-12 10:00:00,2.2500
08076500,29.861667,-95.334722,2009-04-18 18:30:00,2009-04-19 10:30:00,91.1802,2009-04-18 21:00:00,2.5000
08076500,29.861667,-95.334722,2009-04-28 12:30:00,2009-04-28 21:15:00,53.2357,2009-04-28 15:00:00,2.5000
08076500,29.861667,-95.334722,2009-10-22 15:00:00,2009-10-22 17:30:00,39.9268,2009-10-22 15:45:00,0.7500
08076500,29.861667,-95.334722,2010-05-15 02:45:00,2010-05-15 11:00:00,53.5188,2010-05-15 04:45:00,2.0000
08076500,29.861667,-95.334722,2010-07-02 16:00:00,2010-07-03 11:00:00,90.8971,2010-07-02 22:45:00,6.7500
08076500,29.861667,-95.334722,2010-07-08 00:45:00,2010-07-08 09:00:00,49.8377,2010-07-08 05:15:00,4.5000
08076500,29.861667,-95.334722,2010-09-07 19:15:00,2010-09-07 21:45:00,41.0594,2010-09-07 20:15:00,1.0000
08076500,29.861667,-95.334722,2010-12-30 01:00:00,2010-12-30 03:15:00,39.6436,2010-12-30 02:45:00,1.7500
08076500,29.861667,-95.334722,2012-01-25 19:45:00,2012-01-25 23:15:00,42.7584,2012-01-25 21:15:00,1.5000
08076500,29.861667,-95.334722,2012-02-18 14:45:00,2012-02-18 20:15:00,47.0060,2012-02-18 17:15:00,2.5000
08076500,29.861667,-95.334722,2012-03-11 18:15:00,2012-03-12 00:45:00,50.4040,2012-03-11 20:30:00,2.2500
08076500,29.861667,-95.334722,2012-03-29 21:15:00,2012-03-29 22:15:00,38.5109,2012-03-29 21:30:00,0.2500
08076500,29.861667,-95.334722,2013-09-21 05:30:00,2013-09-21 09:15:00,43.0416,2013-09-21 07:00:00,1.5000
08076500,29.861667,-95.334722,2013-10-31 17:30:00,2013-10-31 20:30:00,40.7763,2013-10-31 18:45:00,1.2500
08076500,29.861667,-95.334722,2014-05-28 14:00:00,2014-05-28 17:45:00,40.4931,2014-05-28 15:30:00,1.5000
08076500,29.861667,-95.334722,2014-08-01 07:00:00,2014-08-01 16:00:00,59.1822,2014-08-01 09:30:00,2.5000
08076500,29.861667,-95.334722,2014-12-19 11:15:00,2014-12-19 22:45:00,42.7584,2014-12-19 12:45:00,1.5000
08076500,29.861667,-95.334722,2015-05-26 04:00:00,2015-05-27 01:30:00,104.2060,2015-05-26 07:30:00,3.5000
08076500,29.861667,-95.334722,2015-06-28 17:00:00,2015-06-28 18:45:00,38.2277,2015-06-28 17:15:00,0.2500
08076500,29.861667,-95.334722,2015-07-01 01:15:00,2015-07-01 06:45:00,43.6079,2015-07-01 03:15:00,2.0000
08076500,29.861667,-95.334722,2015-10-25 04:00:00,2015-10-25 22:45:00,81.2693,2015-10-25 07:30:00,3.5000
08076500,29.861667,-95.334722,2015-10-31 09:30:00,2015-11-01 05:00:00,99.1090,2015-10-31 16:15:00,6.7500
08076500,29.861667,-95.334722,2016-04-18 11:30:00,2016-04-19 14:45:00,72.7743,2016-04-18 18:30:00,7.0000
08076500,29.861667,-95.334722,2016-05-27 23:45:00,2016-05-28 09:00:00,58.0495,2016-05-28 02:15:00,2.5000
08073700,29.746667,-95.523333,1992-03-04 19:45:00,1992-03-05 18:06:00,212.3763,1992-03-05 01:00:00,5.2500
08073700,29.746667,-95.523333,1994-10-18 10:45:00,1994-10-18 22:15:00,139.8852,1994-10-18 13:45:00,3.0000
08073700,29.746667,-95.523333,1997-05-22 04:15:00,1997-05-22 07:45:00,144.9823,1997-05-22 05:30:00,1.2500
08073700,29.746667,-95.523333,1998-09-11 13:15:00,1998-09-12 00:45:00,162.8219,1998-09-11 16:30:00,3.2500
08073700,29.746667,-95.523333,2001-03-28 08:15:00,2001-03-28 14:00:00,142.7169,2001-03-28 10:30:00,2.2500
08073700,29.746667,-95.523333,2001-06-09 12:15:00,2001-06-09 13:00:00,134.5050,2001-06-09 12:30:00,0.2500
08073700,29.746667,-95.523333,2002-10-29 06:30:00,2002-10-29 12:45:00,140.4516,2002-10-29 08:30:00,2.0000
08073700,29.746667,-95.523333,2003-11-18 01:30:00,2003-11-18 15:15:00,169.0516,2003-11-18 07:30:00,6.0000
08073700,29.746667,-95.523333,2006-10-16 20:30:00,2006-10-17 05:00:00,149.7961,2006-10-16 22:30:00,2.0000
08073700,29.746667,-95.523333,2009-04-28 11:15:00,2009-04-29 02:45:00,226.2516,2009-04-28 15:00:00,3.7500
08073700,29.746667,-95.523333,2015-05-26 05:45:00,2015-05-27 01:15:00,208.4120,2015-05-26 09:45:00,4.0000
08073700,29.746667,-95.523333,2015-10-25 05:30:00,2015-10-25 17:45:00,150.0793,2015-10-25 08:15:00,2.7500
08073700,29.746667,-95.523333,2016-04-18 11:45:00,2016-04-19 11:30:00,203.8813,2016-04-18 17:00:00,5.2500
08075400,29.618611,-95.445833,2001-06-07 13:30:00,2001-06-07 17:15:00,214.3585,2001-06-07 15:30:00,2.0000
08075400,29.618611,-95.445833,2001-06-09 05:45:00,2001-06-09 14:15:00,255.7011,2001-06-09 09:00:00,3.2500
08075400,29.618611,-95.445833,2015-05-26 07:15:00,2015-05-26 10:45:00,230.2160,2015-05-26 09:15:00,2.0000
08075400,29.618611,-95.445833,2015-10-31 08:45:00,2015-10-31 11:15:00,221.4377,2015-10-31 09:45:00,1.0000
08076000,29.918056,-95.306667,1989-05-18 05:00:00,1989-05-19 06:00:00,458.7329,1989-05-18 21:30:00,16.5000
08076000,29.918056,-95.306667,1989-06-26 22:00:00,1989-06-27 17:00:00,467.2280,1989-06-27 07:30:00,9.5000
08076000,29.918056,-95.306667,1991-12-21 22:00:00,1991-12-21 23:00:00,144.9823,1991-12-21 23:00:00,1.0000
08076000,29.918056,-95.306667,1992-03-04 20:30:00,1992-03-05 08:00:00,270.7091,1992-03-05 02:30:00,6.0000
08076000,29.918056,-95.306667,1993-03-02 02:00:00,1993-03-02 05:00:00,159.1407,1993-03-02 03:30:00,1.5000
08076000,29.918056,-95.306667,1994-10-18 02:30:00,1994-10-18 19:00:00,202.4655,1994-10-18 15:00:00,12.5000
08076000,29.918056,-95.306667,1997-03-12 14:45:00,1997-03-12 23:15:00,302.9903,1997-03-12 18:00:00,3.2500
08076000,29.918056,-95.306667,1997-05-24 21:45:00,1997-05-25 06:15:00,370.9507,1997-05-25 00:15:00,2.5000
08076000,29.918056,-95.306667,1998-01-07 04:15:00,1998-01-07 08:30:00,188.0239,1998-01-07 06:00:00,1.7500
08076000,29.918056,-95.306667,1998-09-11 10:30:00,1998-09-11 22:15:00,334.1388,1998-09-11 16:30:00,6.0000
08076000,29.918056,-95.306667,1998-10-18 17:00:00,1998-10-18 20:45:00,161.9724,1998-10-18 18:15:00,1.2500
08076000,29.918056,-95.306667,1998-11-13 03:15:00,1998-11-13 16:00:00,157.7248,1998-11-13 13:45:00,10.5000
08076000,29.918056,-95.306667,2000-05-20 04:45:00,2000-05-20 12:30:00,187.1744,2000-05-20 07:15:00,2.5000
08076000,29.918056,-95.306667,2001-06-06 03:45:00,2001-06-06 14:45:00,396.4359,2001-06-06 06:45:00,3.0000
08076000,29.918056,-95.306667,2001-06-09 03:30:00,2001-06-10 12:15:00,750.3964,2001-06-09 13:00:00,9.5000
08076000,29.918056,-95.306667,2001-10-11 19:00:00,2001-10-11 21:15:00,143.0001,2001-10-11 19:45:00,0.7500
08076000,29.918056,-95.306667,2001-12-12 08:30:00,2001-12-12 10:45:00,150.9288,2001-12-12 09:15:00,0.7500
08076000,29.918056,-95.306667,2002-04-08 13:15:00,2002-04-08 17:45:00,169.6179,2002-04-08 15:00:00,1.7500
08076000,29.918056,-95.306667,2002-10-29 03:45:00,2002-10-29 22:00:00,404.9309,2002-10-29 13:30:00,9.7500
08076000,29.918056,-95.306667,2003-11-17 21:45:00,2003-11-18 13:30:00,342.6338,2003-11-18 03:30:00,5.7500
08076000,29.918056,-95.306667,2004-11-22 23:15:00,2004-11-23 06:45:00,214.6417,2004-11-23 02:30:00,3.2500
08076000,29.918056,-95.306667,2005-12-14 19:45:00,2005-12-15 03:30:00,270.4259,2005-12-14 22:30:00,2.7500
08076000,29.918056,-95.306667,2006-05-29 14:45:00,2006-05-29 20:30:00,236.7288,2006-05-29 16:15:00,1.5000
08076000,29.918056,-95.306667,2006-06-19 10:30:00,2006-06-19 22:00:00,288.8318,2006-06-19 13:15:00,2.7500
08076000,29.918056,-95.306667,2006-06-23 00:45:00,2006-06-23 03:30:00,169.0516,2006-06-23 02:00:00,1.2500
08076000,29.918056,-95.306667,2006-10-16 10:00:00,2006-10-17 06:15:00,269.0100,2006-10-16 22:30:00,12.5000
08076000,29.918056,-95.306667,2007-05-11 05:15:00,2007-05-11 09:00:00,156.5922,2007-05-11 06:30:00,1.2500
08076000,29.918056,-95.306667,2007-10-15 23:45:00,2007-10-16 05:15:00,188.0239,2007-10-16 01:45:00,2.0000
08076000,29.918056,-95.306667,2008-09-13 12:00:00,2008-09-15 00:45:00,297.3269,2008-09-13 18:15:00,6.2500
08076000,29.918056,-95.306667,2009-04-18 20:00:00,2009-04-19 03:00:00,209.2615,2009-04-18 21:45:00,1.7500
08076000,29.918056,-95.306667,2009-04-28 12:30:00,2009-04-28 18:45:00,186.8912,2009-04-28 15:00:00,2.5000
08076000,29.918056,-95.306667,2009-10-22 14:45:00,2009-10-22 18:30:00,153.7605,2009-10-22 16:15:00,1.5000
08076000,29.918056,-95.306667,2009-10-30 05:15:00,2009-10-30 10:00:00,159.7070,2009-10-30 07:30:00,2.2500
08076000,29.918056,-95.306667,2010-07-02 20:30:00,2010-07-03 06:00:00,267.8774,2010-07-02 23:15:00,2.7500
08076000,29.918056,-95.306667,2012-01-25 20:30:00,2012-01-25 22:45:00,142.4337,2012-01-25 21:15:00,0.7500
08076000,29.918056,-95.306667,2013-09-21 04:30:00,2013-09-21 06:30:00,140.7347,2013-09-21 05:30:00,1.0000
08076000,29.918056,-95.306667,2014-08-01 06:15:00,2014-08-01 14:00:00,220.8714,2014-08-01 08:15:00,2.0000
08076000,29.918056,-95.306667,2015-05-26 04:30:00,2015-05-26 18:15:00,279.4873,2015-05-26 08:45:00,4.2500
08076000,29.918056,-95.306667,2015-06-28 15:00:00,2015-06-28 18:00:00,146.6813,2015-06-28 16:00:00,1.0000
08076000,29.918056,-95.306667,2015-10-25 04:15:00,2015-10-25 16:30:00,233.8972,2015-10-25 07:30:00,3.2500
08076000,29.918056,-95.306667,2015-10-31 10:30:00,2015-10-31 23:45:00,231.6318,2015-10-31 16:45:00,6.2500
08076000,29.918056,-95.306667,2016-04-18 09:00:00,2016-04-19 08:30:00,336.9705,2016-04-18 22:00:00,13.0000
08076000,29.918056,-95.306667,2016-05-27 23:00:00,2016-05-28 06:45:00,197.0853,2016-05-28 01:00:00,2.0000
08076000,29.918056,-95.306667,2016-06-02 04:15:00,2016-06-02 04:45:00,154.6100,2016-06-02 04:45:00,0.5000
08040600,30.790833,-94.150833,1991-01-18 17:00:00,1991-03-26 21:00:00,591.8221,1991-01-25 23:00:00,174.0000
08040600,30.790833,-94.150833,1991-05-25 05:00:00,1991-06-02 00:00:00,557.8419,1991-05-30 11:00:00,126.0000
08040600,30.790833,-94.150833,1991-06-09 05:00:00,1991-06-13 21:00:00,540.8518,1991-06-11 05:00:00,48.0000
08040600,30.790833,-94.150833,1991-06-18 01:00:00,1991-06-21 04:00:00,484.2181,1991-06-20 15:00:00,62.0000
08040600,30.790833,-94.150833,1991-06-22 05:00:00,1991-07-01 17:00:00,498.3765,1991-06-24 13:00:00,56.0000
08040600,30.790833,-94.150833,1992-01-25 16:00:00,1992-01-28 05:00:00,495.5448,1992-01-28 04:00:00,60.0000
08040600,30.790833,-94.150833,1992-01-30 06:00:00,1992-02-24 15:00:00,637.1290,1992-02-06 04:59:00,166.9833
08040600,30.790833,-94.150833,1992-04-18 05:00:00,1992-05-01 14:00:00,535.1884,1992-04-22 22:00:00,113.0000
08040600,30.790833,-94.150833,1993-04-13 14:00:00,1993-04-22 15:00:00,501.2082,1993-04-18 19:00:00,125.0000
08040600,30.790833,-94.150833,1993-05-05 05:00:00,1993-05-07 20:00:00,470.0597,1993-05-05 22:00:00,17.0000
08040600,30.790833,-94.150833,1993-06-29 11:00:00,1993-07-09 17:00:00,504.0399,1993-07-02 19:00:00,80.0000
08040600,30.790833,-94.150833,1994-03-09 22:00:00,1994-03-18 05:00:00,506.8716,1994-03-15 23:00:00,145.0000
08040600,30.790833,-94.150833,1994-10-18 02:00:00,1994-10-30 00:00:00,1002.4164,1994-10-23 08:00:00,126.0000
08040600,30.790833,-94.150833,1995-02-17 06:00:00,1995-03-01 05:00:00,557.8419,1995-02-21 01:00:00,91.0000
08040600,30.790833,-94.150833,1995-03-04 06:00:00,1995-03-05 05:00:00,566.3369,1995-03-05 02:00:00,20.0000
08040600,30.790833,-94.150833,1995-03-12 06:00:00,1995-03-13 05:00:00,572.0003,1995-03-12 21:00:00,15.0000
08040600,30.790833,-94.150833,1995-03-17 06:00:00,1995-03-22 05:00:00,580.4954,1995-03-21 23:00:00,113.0000
08040600,30.790833,-94.150833,1995-03-24 06:00:00,1995-03-30 05:00:00,560.6736,1995-03-28 22:00:00,112.0000
08040600,30.790833,-94.150833,1995-04-04 05:00:00,1995-04-25 04:00:00,600.3171,1995-04-12 05:00:00,192.0000
08040600,30.790833,-94.150833,1996-09-27 23:00:00,1996-09-28 21:00:00,560.6736,1996-09-28 12:00:00,13.0000
08040600,30.790833,-94.150833,1997-02-14 00:00:00,1997-02-14 16:00:00,489.8814,1997-02-14 06:00:00,6.0000
08040600,30.790833,-94.150833,1997-02-25 21:00:00,1997-02-28 16:00:00,543.6835,1997-02-26 13:00:00,16.0000
08040600,30.790833,-94.150833,1997-03-05 21:00:00,1997-04-23 04:00:00,563.5052,1997-03-14 01:00:00,196.0000
08040600,30.790833,-94.150833,1997-04-24 05:00:00,1997-05-05 14:00:00,501.2082,1997-04-27 01:00:00,68.0000
08040600,30.790833,-94.150833,1998-01-07 06:00:00,1998-02-07 20:00:00,741.9014,1998-01-08 06:00:00,24.0000
08040600,30.790833,-94.150833,1998-11-14 16:00:00,1998-11-23 20:00:00,713.5845,1998-11-20 07:00:00,135.0000
08040600,30.790833,-94.150833,1998-12-12 03:00:00,1998-12-14 17:00:00,600.3171,1998-12-13 04:00:00,25.0000
08040600,30.790833,-94.150833,1999-01-03 05:00:00,1999-01-05 22:00:00,501.2082,1999-01-04 03:00:00,22.0000
08040600,30.790833,-94.150833,1999-01-08 12:00:00,1999-01-10 15:00:00,475.7230,1999-01-09 08:00:00,20.0000
08040600,30.790833,-94.150833,1999-01-13 18:00:00,1999-01-15 05:00:00,475.7230,1999-01-14 11:00:00,17.0000
08040600,30.790833,-94.150833,1999-03-13 16:00:00,1999-03-17 19:00:00,838.1787,1999-03-14 12:00:00,20.0000
08040600,30.790833,-94.150833,1999-03-31 22:00:00,1999-04-01 19:00:00,461.5646,1999-04-01 01:00:00,3.0000
08040600,30.790833,-94.150833,1999-04-04 07:00:00,1999-04-06 20:00:00,764.5549,1999-04-05 02:00:00,19.0000
08040600,30.790833,-94.150833,2001-06-09 00:00:00,2001-06-10 16:00:00,498.3765,2001-06-09 12:00:00,12.0000
08040600,30.790833,-94.150833,2001-06-11 21:00:00,2001-06-26 17:00:00,824.0202,2001-06-17 15:00:00,138.0000
08040600,30.790833,-94.150833,2001-12-14 02:00:00,2001-12-21 03:00:00,574.8320,2001-12-15 02:00:00,24.0000
08040600,30.790833,-94.150833,2001-12-23 10:00:00,2001-12-26 14:00:00,529.5250,2001-12-24 19:55:00,33.9167
08040600,30.790833,-94.150833,2001-12-30 19:00:00,2002-01-01 03:00:00,472.8913,2001-12-31 10:00:00,15.0000
08040600,30.790833,-94.150833,2002-01-05 19:00:00,2002-01-12 17:00:00,526.6933,2002-01-08 22:00:00,75.0000
08040600,30.790833,-94.150833,2002-04-10 17:00:00,2002-04-19 15:00:00,560.6736,2002-04-14 16:00:00,95.0000
08040600,30.790833,-94.150833,2002-11-04 16:00:00,2002-11-09 08:00:00,654.1192,2002-11-05 16:00:00,24.0000
08040600,30.790833,-94.150833,2002-12-30 23:00:00,2003-01-05 05:00:00,572.0003,2003-01-01 02:00:00,27.0000
08040600,30.790833,-94.150833,2003-01-08 06:00:00,2003-01-09 18:00:00,501.2082,2003-01-08 23:00:00,17.0000
08040600,30.790833,-94.150833,2003-03-28 09:00:00,2003-03-31 01:00:00,478.5547,2003-03-29 04:00:00,19.0000
08040600,30.790833,-94.150833,2004-02-06 07:00:00,2004-02-06 15:00:00,467.2280,2004-02-06 11:00:00,4.0000
08040600,30.790833,-94.150833,2004-02-11 23:00:00,2004-02-14 18:00:00,552.1785,2004-02-12 18:00:00,19.0000
08040600,30.790833,-94.150833,2004-02-17 18:00:00,2004-02-22 02:00:00,472.8913,2004-02-19 04:00:00,34.0000
08040600,30.790833,-94.150833,2004-03-02 17:00:00,2004-03-04 17:00:00,487.0498,2004-03-03 12:00:00,19.0000
08040600,30.790833,-94.150833,2004-03-08 23:00:00,2004-03-09 15:00:00,461.5646,2004-03-09 03:00:00,4.0000
08040600,30.790833,-94.150833,2004-05-02 03:00:00,2004-05-03 20:00:00,532.3567,2004-05-02 20:00:00,17.0000
08040600,30.790833,-94.150833,2004-05-18 11:00:00,2004-05-25 06:00:00,574.8320,2004-05-19 05:00:00,18.0000
08040600,30.790833,-94.150833,2004-07-02 09:00:00,2004-07-08 10:00:00,498.3765,2004-07-03 19:00:00,34.0000
08040600,30.790833,-94.150833,2005-02-08 23:00:00,2005-03-14 17:00:00,557.8419,2005-02-15 05:00:00,150.0000
08040600,30.790833,-94.150833,2005-03-21 21:00:00,2005-03-29 16:00:00,504.0399,2005-03-23 10:00:00,37.0000
08040600,30.790833,-94.150833,2005-09-24 14:00:00,2005-09-26 14:00:00,685.2677,2005-09-25 17:00:00,27.0000
08040600,30.790833,-94.150833,2006-10-18 02:00:00,2006-10-23 17:15:00,761.7232,2006-10-20 09:30:00,55.5000
08040600,30.790833,-94.150833,2006-12-30 19:15:00,2007-01-02 05:30:00,662.6142,2006-12-31 10:00:00,14.7500
08040600,30.790833,-94.150833,2007-01-17 18:00:00,2007-01-25 05:45:00,577.6637,2007-01-22 00:15:00,102.2500
08040600,30.790833,-94.150833,2007-01-26 06:00:00,2007-01-27 21:00:00,501.2082,2007-01-26 08:45:00,2.7500
08040600,30.790833,-94.150833,2007-07-21 15:00:00,2007-07-29 16:15:00,512.5349,2007-07-26 11:45:00,116.7500
08040600,30.790833,-94.150833,2007-07-31 09:15:00,2007-07-31 15:00:00,467.2280,2007-07-31 14:15:00,5.0000
08040600,30.790833,-94.150833,2007-08-02 05:00:00,2007-08-04 02:15:00,569.1686,2007-08-03 00:30:00,19.5000
08040600,30.790833,-94.150833,2007-08-06 16:30:00,2007-08-09 20:45:00,489.8814,2007-08-08 11:45:00,43.2500
08040600,30.790833,-94.150833,2009-04-19 20:15:00,2009-04-20 07:00:00,464.3963,2009-04-20 00:00:00,3.7500
08040600,30.790833,-94.150833,2009-05-04 05:00:00,2009-05-05 02:00:00,521.0300,2009-05-04 17:00:00,12.0000
08040600,30.790833,-94.150833,2009-11-02 19:15:00,2009-11-09 14:45:00,515.3666,2009-11-05 13:00:00,65.7500
08040600,30.790833,-94.150833,2009-12-24 22:00:00,2009-12-26 21:00:00,518.1983,2009-12-25 12:45:00,14.7500
08040600,30.790833,-94.150833,2012-03-12 07:00:00,2012-03-13 17:15:00,509.7032,2012-03-12 16:30:00,9.5000
08040600,30.790833,-94.150833,2012-03-16 02:30:00,2012-03-22 22:00:00,552.1785,2012-03-22 01:15:00,142.7500
08040600,30.790833,-94.150833,2013-11-01 00:15:00,2013-11-02 06:00:00,659.7825,2013-11-01 15:15:00,15.0000
08040600,30.790833,-94.150833,2015-03-13 00:00:00,2015-03-15 20:15:00,509.7032,2015-03-13 14:45:00,14.7500
08040600,30.790833,-94.150833,2015-06-22 02:15:00,2015-07-01 03:00:00,572.0003,2015-06-26 11:30:00,105.2500
08040600,30.790833,-94.150833,2016-01-02 02:15:00,2016-01-03 17:45:00,467.2280,2016-01-02 13:15:00,11.0000
08040600,30.790833,-94.150833,2016-01-04 23:30:00,2016-01-10 17:30:00,518.1983,2016-01-08 03:45:00,76.2500
08040600,30.790833,-94.150833,2016-01-11 18:15:00,2016-01-24 08:30:00,546.5151,2016-01-12 15:00:00,20.7500
08040600,30.790833,-94.150833,2016-03-10 00:30:00,2016-04-11 22:00:00,801.3668,2016-03-11 07:45:00,31.2500
08040600,30.790833,-94.150833,2016-05-22 23:00:00,2016-05-24 22:45:00,467.2280,2016-05-23 15:45:00,16.7500
08040600,30.790833,-94.150833,2016-05-27 20:30:00,2016-06-02 04:45:00,843.8420,2016-05-28 21:30:00,25.0000
08057200,32.889167,-96.756389,1991-10-26 09:00:00,1991-10-30 01:00:00,577.6637,1991-10-29 06:45:00,70.7500
08057200,32.889167,-96.756389,1991-12-09 05:30:00,1991-12-09 11:15:00,504.0399,1991-12-09 07:30:00,2.0000
08057200,32.889167,-96.756389,1991-12-20 18:00:00,1991-12-21 09:30:00,682.4360,1991-12-20 21:30:00,3.5000
08057200,32.889167,-96.756389,1992-03-09 09:30:00,1992-03-09 13:45:00,351.1289,1992-03-09 11:15:00,1.7500
08057200,32.889167,-96.756389,1992-05-14 17:45:00,1992-05-14 21:45:00,526.6933,1992-05-14 19:45:00,2.0000
08057200,32.889167,-96.756389,1992-05-17 18:30:00,1992-05-18 18:30:00,396.4359,1992-05-18 14:30:00,20.0000
08057200,32.889167,-96.756389,1992-06-27 20:30:00,1992-06-28 15:45:00,580.4954,1992-06-28 12:45:00,16.2500
08057200,32.889167,-96.756389,1992-08-02 01:45:00,1992-08-02 02:45:00,86.9327,1992-08-02 02:15:00,0.5000
08057200,32.889167,-96.756389,1993-10-13 06:15:00,1993-10-13 09:30:00,455.9012,1993-10-13 07:30:00,1.2500
08057200,32.889167,-96.756389,1993-10-19 12:45:00,1993-10-19 16:45:00,209.5447,1993-10-19 14:45:00,2.0000
08057200,32.889167,-96.756389,1993-12-03 08:15:00,1993-12-03 11:00:00,138.4694,1993-12-03 09:30:00,1.2500
08057200,32.889167,-96.756389,1994-03-01 04:30:00,1994-03-01 09:00:00,217.4734,1994-03-01 05:45:00,1.2500
08057200,32.889167,-96.756389,1994-04-30 07:45:00,1994-04-30 09:30:00,87.7822,1994-04-30 08:45:00,1.0000
08057200,32.889167,-96.756389,1994-05-12 05:30:00,1994-05-12 10:15:00,1061.8817,1994-05-12 06:30:00,1.0000
08057200,32.889167,-96.756389,1994-05-13 12:00:00,1994-05-13 14:45:00,382.2774,1994-05-13 13:00:00,1.0000
08057200,32.889167,-96.756389,1994-05-29 17:00:00,1994-05-29 18:30:00,91.4634,1994-05-29 17:30:00,0.5000
08057200,32.889167,-96.756389,1994-07-11 03:15:00,1994-07-11 14:45:00,628.6340,1994-07-11 04:45:00,1.5000
08057200,32.889167,-96.756389,1994-08-07 23:45:00,1994-08-08 01:30:00,77.0218,1994-08-08 00:45:00,1.0000
08057200,32.889167,-96.756389,1994-09-01 00:00:00,1994-09-01 08:30:00,379.4457,1994-09-01 03:00:00,3.0000
08057200,32.889167,-96.756389,1994-09-02 19:45:00,1994-09-02 21:45:00,104.7723,1994-09-02 20:30:00,0.7500
08057200,32.889167,-96.756389,1994-10-07 21:30:00,1994-10-08 01:00:00,447.4062,1994-10-07 22:30:00,1.0000
08057200,32.889167,-96.756389,1994-10-17 01:30:00,1994-10-17 02:45:00,83.8179,1994-10-17 02:00:00,0.5000
08057200,32.889167,-96.756389,1994-10-18 13:00:00,1994-10-18 19:45:00,376.6141,1994-10-18 17:15:00,4.2500
08057200,32.889167,-96.756389,1994-10-21 12:15:00,1994-10-21 23:00:00,818.3569,1994-10-21 14:00:00,1.7500
08057200,32.889167,-96.756389,1994-10-25 15:00:00,1994-10-25 17:00:00,87.2159,1994-10-25 15:45:00,0.7500
08057200,32.889167,-96.756389,1994-11-05 05:00:00,1994-11-05 12:15:00,464.3963,1994-11-05 06:15:00,1.2500
08057200,32.889167,-96.756389,1994-11-14 22:30:00,1994-11-15 09:00:00,251.4536,1994-11-14 23:45:00,1.2500
08057200,32.889167,-96.756389,1995-03-13 02:15:00,1995-03-13 18:30:00,716.4162,1995-03-13 09:15:00,7.0000
08057200,32.889167,-96.756389,1995-03-26 01:15:00,1995-03-26 05:45:00,438.9111,1995-03-26 03:00:00,1.7500
08057200,32.889167,-96.756389,1995-04-04 08:30:00,1995-04-04 12:45:00,202.4655,1995-04-04 10:15:00,1.7500
08057200,32.889167,-96.756389,1995-04-05 15:00:00,1995-04-05 21:30:00,200.2001,1995-04-05 17:00:00,2.0000
08057200,32.889167,-96.756389,1995-05-06 02:45:00,1995-05-06 09:30:00,665.4459,1995-05-06 04:00:00,1.2500
08057200,32.889167,-96.756389,1995-05-08 05:00:00,1995-05-08 16:30:00,498.3765,1995-05-08 06:15:00,1.2500
08057200,32.889167,-96.756389,1997-10-23 16:30:00,1997-10-23 21:30:00,308.6536,1997-10-23 18:15:00,1.7500
08057200,32.889167,-96.756389,1997-11-28 14:30:00,1997-11-28 16:15:00,146.6813,1997-11-28 15:15:00,0.7500
08057200,32.889167,-96.756389,1997-12-08 00:00:00,1997-12-08 02:45:00,100.8080,1997-12-08 01:15:00,1.2500
08057200,32.889167,-96.756389,1997-12-20 22:00:00,1997-12-21 09:45:00,569.1686,1997-12-21 04:00:00,6.0000
08057200,32.889167,-96.756389,1997-12-23 17:00:00,1997-12-23 19:45:00,119.4971,1997-12-23 18:00:00,1.0000
08057200,32.889167,-96.756389,1998-01-05 00:15:00,1998-01-05 12:30:00,625.8023,1998-01-05 08:30:00,8.2500
08057200,32.889167,-96.756389,1998-01-11 21:15:00,1998-01-11 23:30:00,109.8694,1998-01-11 22:30:00,1.2500
08057200,32.889167,-96.756389,1998-02-26 03:45:00,1998-02-26 09:30:00,586.1587,1998-02-26 05:00:00,1.2500
08057200,32.889167,-96.756389,1998-03-16 14:15:00,1998-03-17 05:30:00,140.1684,1998-03-16 15:45:00,1.5000
08057200,32.889167,-96.756389,1998-05-27 09:00:00,1998-05-27 11:00:00,161.4060,1998-05-27 09:45:00,0.7500
08057200,32.889167,-96.756389,1998-10-02 21:15:00,1998-10-03 01:00:00,223.4199,1998-10-02 23:45:00,2.5000
08057200,32.889167,-96.756389,1998-11-01 13:30:00,1998-11-01 18:15:00,317.1487,1998-11-01 14:45:00,1.2500
08057200,32.889167,-96.756389,1998-11-13 08:45:00,1998-11-13 11:00:00,90.3307,1998-11-13 09:45:00,1.0000
08057200,32.889167,-96.756389,1998-12-04 04:00:00,1998-12-04 12:00:00,430.4161,1998-12-04 05:15:00,1.2500
08057200,32.889167,-96.756389,1999-03-08 16:45:00,1999-03-08 19:45:00,288.8318,1999-03-08 18:00:00,1.2500
08057200,32.889167,-96.756389,1999-04-26 15:15:00,1999-04-26 16:30:00,84.9505,1999-04-26 15:45:00,0.5000
08057200,32.889167,-96.756389,1999-05-26 04:30:00,1999-05-26 16:45:00,124.3110,1999-05-26 14:30:00,10.0000
08057200,32.889167,-96.756389,1999-06-10 11:45:00,1999-06-10 16:00:00,207.2793,1999-06-10 13:15:00,1.5000
08057200,32.889167,-96.756389,1999-06-12 03:15:00,1999-06-12 07:45:00,278.3546,1999-06-12 05:00:00,1.7500
08057200,32.889167,-96.756389,1999-11-23 03:15:00,1999-11-23 06:15:00,280.0536,1999-11-23 04:30:00,1.2500
08057200,32.889167,-96.756389,1999-12-12 02:00:00,1999-12-12 14:30:00,216.0575,1999-12-12 08:15:00,6.2500
08057200,32.889167,-96.756389,2000-02-23 05:30:00,2000-02-23 09:45:00,300.1586,2000-02-23 07:15:00,1.7500
08057200,32.889167,-96.756389,2000-02-26 06:30:00,2000-02-26 09:00:00,186.3249,2000-02-26 07:30:00,1.0000
08057200,32.889167,-96.756389,2000-05-01 06:00:00,2000-05-01 10:15:00,200.2001,2000-05-01 07:30:00,1.5000
08057200,32.889167,-96.756389,2000-05-19 05:15:00,2000-05-19 07:30:00,196.2357,2000-05-19 06:00:00,0.7500
08057200,32.889167,-96.756389,2000-06-11 16:00:00,2000-06-11 23:15:00,668.2776,2000-06-11 19:15:00,3.2500
08057200,32.889167,-96.756389,2000-06-15 00:45:00,2000-06-15 01:45:00,74.1901,2000-06-15 01:15:00,0.5000
08057200,32.889167,-96.756389,2000-06-17 20:30:00,2000-06-18 01:00:00,546.5151,2000-06-17 21:30:00,1.0000
08057200,32.889167,-96.756389,2000-10-16 00:45:00,2000-10-16 06:30:00,521.0300,2000-10-16 03:00:00,2.2500
08057200,32.889167,-96.756389,2000-10-29 08:45:00,2000-10-29 12:30:00,430.4161,2000-10-29 10:15:00,1.5000
08057200,32.889167,-96.756389,2000-11-06 00:00:00,2000-11-06 07:30:00,572.0003,2000-11-06 03:15:00,3.2500
08057200,32.889167,-96.756389,2000-11-24 14:00:00,2000-11-24 17:45:00,280.0536,2000-11-24 15:00:00,1.0000
08057200,32.889167,-96.756389,2000-12-26 04:45:00,2000-12-26 21:45:00,450.2379,2000-12-26 08:15:00,3.5000
08057200,32.889167,-96.756389,2001-02-15 22:15:00,2001-02-16 16:15:00,639.9607,2001-02-16 10:00:00,11.7500
08057200,32.889167,-96.756389,2001-02-27 23:00:00,2001-02-28 23:00:00,300.1586,2001-02-28 00:00:00,1.0000
08057200,32.889167,-96.756389,2001-03-11 21:30:00,2001-03-11 23:45:00,169.0516,2001-03-11 22:15:00,0.7500
08057200,32.889167,-96.756389,2001-03-24 13:15:00,2001-03-24 19:45:00,464.3963,2001-03-24 15:00:00,1.7500
08057200,32.889167,-96.756389,2001-05-06 08:15:00,2001-05-07 07:15:00,453.0695,2001-05-06 11:00:00,2.7500
08057200,32.889167,-96.756389,2001-06-15 03:15:00,2001-06-15 05:15:00,139.3189,2001-06-15 04:00:00,0.7500
08057200,32.889167,-96.756389,2001-06-30 15:30:00,2001-07-01 12:45:00,128.2753,2001-06-30 16:45:00,1.2500
08057200,32.889167,-96.756389,2001-08-31 15:15:00,2001-08-31 17:15:00,132.2397,2001-08-31 16:15:00,1.0000
08057200,32.889167,-96.756389,2001-12-16 08:00:00,2001-12-16 15:30:00,634.2974,2001-12-16 10:15:00,2.2500
08057200,32.889167,-96.756389,2002-01-31 08:15:00,2002-01-31 18:00:00,597.4855,2002-01-31 10:15:00,2.0000
08057200,32.889167,-96.756389,2002-03-18 18:00:00,2002-03-20 09:00:00,727.7430,2002-03-20 03:30:00,33.5000
08057200,32.889167,-96.756389,2002-04-07 22:15:00,2002-04-08 07:15:00,430.4161,2002-04-08 03:00:00,4.7500
08057200,32.889167,-96.756389,2002-10-09 11:45:00,2002-10-09 13:15:00,74.1901,2002-10-09 12:30:00,0.7500
08057200,32.889167,-96.756389,2002-10-18 22:00:00,2002-10-19 13:45:00,532.3567,2002-10-19 02:45:00,4.7500
08057200,32.889167,-96.756389,2002-12-30 20:45:00,2002-12-31 02:00:00,433.2478,2002-12-30 22:00:00,1.2500
08057200,32.889167,-96.756389,2003-04-06 04:45:00,2003-04-06 09:45:00,436.0794,2003-04-06 06:30:00,1.7500
08057200,32.889167,-96.756389,2003-05-25 06:45:00,2003-05-25 14:00:00,498.3765,2003-05-25 08:45:00,2.0000
08057200,32.889167,-96.756389,2003-06-12 22:00:00,2003-06-13 00:30:00,169.6179,2003-06-12 23:00:00,1.0000
08057200,32.889167,-96.756389,2003-09-01 10:30:00,2003-09-01 15:30:00,402.0992,2003-09-01 12:30:00,2.0000
08057200,32.889167,-96.756389,2003-09-11 21:45:00,2003-09-12 01:15:00,118.9308,2003-09-11 23:15:00,1.5000
08057200,32.889167,-96.756389,2003-09-18 21:30:00,2003-09-19 03:15:00,501.2082,2003-09-18 23:00:00,1.5000
08057200,32.889167,-96.756389,2003-11-07 16:00:00,2003-11-07 19:00:00,190.5724,2003-11-07 17:00:00,1.0000
08057200,32.889167,-96.756389,2003-11-17 22:45:00,2003-11-18 02:30:00,305.8219,2003-11-18 00:00:00,1.2500
08057200,32.889167,-96.756389,2004-01-17 03:15:00,2004-01-17 11:45:00,625.8023,2004-01-17 06:45:00,3.5000
08057200,32.889167,-96.756389,2004-03-04 22:45:00,2004-03-05 01:15:00,121.7624,2004-03-04 23:30:00,0.7500
08057200,32.889167,-96.756389,2004-04-24 10:00:00,2004-04-24 14:45:00,81.8357,2004-04-24 11:45:00,1.7500
08057200,32.889167,-96.756389,2004-05-28 02:30:00,2004-05-28 07:30:00,334.1388,2004-05-28 04:30:00,2.0000
08057200,32.889167,-96.756389,2004-06-03 03:45:00,2004-06-03 06:15:00,147.5308,2004-06-03 04:45:00,1.0000
08057200,32.889167,-96.756389,2004-06-07 08:00:00,2004-06-07 09:15:00,78.4377,2004-06-07 08:30:00,0.5000
08057200,32.889167,-96.756389,2004-06-19 20:45:00,2004-06-19 22:00:00,112.7010,2004-06-19 21:15:00,0.5000
08057200,32.889167,-96.756389,2004-06-29 20:15:00,2004-06-30 00:30:00,365.2873,2004-06-29 22:30:00,2.2500
08057200,32.889167,-96.756389,2004-07-29 01:30:00,2004-07-29 11:30:00,331.3071,2004-07-29 04:45:00,3.2500
08057200,32.889167,-96.756389,2004-09-06 12:15:00,2004-09-06 15:15:00,115.8159,2004-09-06 13:30:00,1.2500
08057200,32.889167,-96.756389,2004-10-04 12:45:00,2004-10-04 20:30:00,492.7131,2004-10-04 15:00:00,2.2500
08057200,32.889167,-96.756389,2004-11-01 09:00:00,2004-11-01 12:00:00,103.9228,2004-11-01 10:45:00,1.7500
08057200,32.889167,-96.756389,2004-11-17 20:00:00,2004-11-17 22:45:00,88.6317,2004-11-17 21:00:00,1.0000
08057200,32.889167,-96.756389,2004-11-23 20:15:00,2004-11-23 22:15:00,152.9110,2004-11-23 21:00:00,0.7500
08057200,32.889167,-96.756389,2005-01-03 02:00:00,2005-01-04 05:00:00,407.7626,2005-01-03 19:00:00,17.0000
08057200,32.889167,-96.756389,2005-05-28 23:45:00,2005-05-29 02:00:00,105.0555,2005-05-29 00:45:00,1.0000
08057200,32.889167,-96.756389,2005-06-01 08:45:00,2005-06-01 11:45:00,167.3526,2005-06-01 10:15:00,1.5000
08057200,32.889167,-96.756389,2005-07-15 23:45:00,2005-07-16 01:45:00,288.8318,2005-07-16 00:30:00,0.7500
08057200,32.889167,-96.756389,2005-08-16 03:15:00,2005-08-16 05:15:00,224.2694,2005-08-16 04:15:00,1.0000
08057200,32.889167,-96.756389,2006-01-28 16:00:00,2006-01-28 16:30:00,67.9604,2006-01-28 16:15:00,0.2500
08057200,32.889167,-96.756389,2006-02-25 08:00:00,2006-02-25 16:45:00,396.4359,2006-02-25 13:15:00,5.2500
08057200,32.889167,-96.756389,2006-03-19 12:00:00,2006-03-20 05:45:00,317.1487,2006-03-19 21:30:00,9.5000
08057200,32.889167,-96.756389,2006-10-16 05:45:00,2006-10-16 15:15:00,300.1586,2006-10-16 11:45:00,6.0000
08057200,32.889167,-96.756389,2006-12-30 00:45:00,2006-12-30 07:15:00,196.5189,2006-12-30 04:00:00,3.2500
08057200,32.889167,-96.756389,2007-01-13 01:15:00,2007-01-13 08:00:00,185.1922,2007-01-13 03:45:00,2.5000
08057200,32.889167,-96.756389,2007-03-13 23:30:00,2007-03-14 01:15:00,92.8793,2007-03-14 00:15:00,0.7500
08057200,32.889167,-96.756389,2007-03-31 02:30:00,2007-03-31 08:30:00,297.3269,2007-03-31 03:45:00,1.2500
08057200,32.889167,-96.756389,2007-04-25 05:45:00,2007-04-25 08:15:00,92.0298,2007-04-25 07:00:00,1.2500
08057200,32.889167,-96.756389,2007-05-03 01:00:00,2007-05-03 07:00:00,308.6536,2007-05-03 02:15:00,1.2500
08057200,32.889167,-96.756389,2007-05-30 16:30:00,2007-05-30 20:30:00,146.1149,2007-05-30 17:45:00,1.2500
08057200,32.889167,-96.756389,2007-07-23 00:15:00,2007-07-23 01:30:00,90.8971,2007-07-23 00:45:00,0.5000
08057200,32.889167,-96.756389,2007-09-10 14:00:00,2007-09-10 18:30:00,294.4952,2007-09-10 15:15:00,1.2500
08057200,32.889167,-96.756389,2007-10-15 07:45:00,2007-10-15 21:15:00,308.6536,2007-10-15 18:45:00,11.0000
08057200,32.889167,-96.756389,2008-02-16 22:45:00,2008-02-17 02:15:00,84.1010,2008-02-17 00:15:00,1.5000
08057200,32.889167,-96.756389,2008-03-03 13:00:00,2008-03-03 14:45:00,73.6238,2008-03-03 13:45:00,0.7500
08057200,32.889167,-96.756389,2008-03-06 22:45:00,2008-03-06 23:45:00,73.3406,2008-03-06 23:15:00,0.5000
08057200,32.889167,-96.756389,2008-03-10 08:15:00,2008-03-10 11:45:00,98.8258,2008-03-10 09:30:00,1.2500
08057200,32.889167,-96.756389,2008-03-18 17:00:00,2008-03-19 04:00:00,416.2576,2008-03-18 18:45:00,1.7500
08057200,32.889167,-96.756389,2008-04-09 09:00:00,2008-04-10 12:45:00,144.1327,2008-04-10 10:45:00,25.7500
08057200,32.889167,-96.756389,2008-04-24 06:15:00,2008-04-24 10:30:00,136.7704,2008-04-24 09:00:00,2.7500
08057200,32.889167,-96.756389,2008-05-15 04:45:00,2008-05-15 06:30:00,186.0417,2008-05-15 05:15:00,0.5000
08057200,32.889167,-96.756389,2008-05-27 20:00:00,2008-05-27 20:45:00,71.6416,2008-05-27 20:30:00,0.5000
08057200,32.889167,-96.756389,2008-11-11 04:15:00,2008-11-11 13:45:00,311.4853,2008-11-11 05:30:00,1.2500
08057200,32.889167,-96.756389,2009-03-12 02:00:00,2009-03-12 06:15:00,97.4100,2009-03-12 04:15:00,2.2500
08057200,32.889167,-96.756389,2009-04-12 12:30:00,2009-04-12 12:45:00,69.3763,2009-04-12 12:45:00,0.2500
08057200,32.889167,-96.756389,2009-05-02 22:00:00,2009-05-03 09:15:00,269.2932,2009-05-03 05:00:00,7.0000
08057200,32.889167,-96.756389,2009-05-16 12:30:00,2009-05-16 14:30:00,87.2159,2009-05-16 13:45:00,1.2500
08057200,32.889167,-96.756389,2009-06-11 12:00:00,2009-06-11 18:00:00,305.8219,2009-06-11 14:15:00,2.2500
08057200,32.889167,-96.756389,2009-07-30 12:30:00,2009-07-30 14:15:00,80.1367,2009-07-30 13:15:00,0.7500
08057200,32.889167,-96.756389,2009-08-21 11:45:00,2009-08-21 15:00:00,239.8437,2009-08-21 13:15:00,1.5000
08057200,32.889167,-96.756389,2009-09-12 02:00:00,2009-09-12 04:30:00,127.1426,2009-09-12 03:15:00,1.2500
08057200,32.889167,-96.756389,2009-09-13 05:15:00,2009-09-13 11:45:00,107.8872,2009-09-13 09:30:00,4.2500
08057200,32.889167,-96.756389,2009-10-02 00:45:00,2009-10-02 01:30:00,71.9248,2009-10-02 01:00:00,0.2500
08057200,32.889167,-96.756389,2009-10-09 09:15:00,2009-10-09 16:15:00,271.5586,2009-10-09 11:15:00,2.0000
08057200,32.889167,-96.756389,2009-11-20 11:45:00,2009-11-20 12:45:00,76.4555,2009-11-20 12:00:00,0.2500
08057200,32.889167,-96.756389,2010-01-29 02:00:00,2010-01-29 08:15:00,159.4238,2010-01-29 04:30:00,2.5000
08057200,32.889167,-96.756389,2010-02-08 18:00:00,2010-02-08 21:15:00,98.5426,2010-02-08 19:45:00,1.7500
08057200,32.889167,-96.756389,2010-09-08 08:15:00,2010-09-08 23:45:00,399.2675,2010-09-08 18:00:00,9.7500
08057200,32.889167,-96.756389,2010-09-15 02:45:00,2010-09-15 03:15:00,75.6060,2010-09-15 03:00:00,0.2500
08057200,32.889167,-96.756389,2011-04-04 11:45:00,2011-04-04 15:30:00,197.9348,2011-04-04 13:15:00,1.5000
08057200,32.889167,-96.756389,2011-04-15 05:30:00,2011-04-15 06:30:00,88.0654,2011-04-15 05:45:00,0.2500
08057200,32.889167,-96.756389,2011-05-02 12:45:00,2011-05-02 20:45:00,133.9387,2011-05-02 16:30:00,3.7500
08057200,32.889167,-96.756389,2011-05-11 22:30:00,2011-05-12 00:30:00,78.1545,2011-05-11 23:15:00,0.7500
08057200,32.889167,-96.756389,2011-05-21 00:30:00,2011-05-21 03:15:00,128.8417,2011-05-21 01:45:00,1.2500
08057200,32.889167,-96.756389,2011-05-25 02:45:00,2011-05-25 07:45:00,232.1981,2011-05-25 05:15:00,2.5000
08057200,32.889167,-96.756389,2011-06-21 10:15:00,2011-06-22 08:15:00,222.5704,2011-06-22 06:30:00,20.2500
08057200,32.889167,-96.756389,2011-12-04 12:15:00,2011-12-05 12:45:00,79.0040,2011-12-04 13:00:00,0.7500
08057200,32.889167,-96.756389,2012-01-25 03:45:00,2012-01-25 21:00:00,385.1091,2012-01-25 15:45:00,12.0000
08057200,32.889167,-96.756389,2012-03-20 02:15:00,2012-03-20 19:00:00,264.4793,2012-03-20 04:00:00,1.7500
08057200,32.889167,-96.756389,2012-06-06 23:45:00,2012-06-07 04:30:00,115.5327,2012-06-07 01:30:00,1.7500
08057200,32.889167,-96.756389,2012-08-15 08:15:00,2012-08-15 11:45:00,143.0001,2012-08-15 09:15:00,1.0000
08057200,32.889167,-96.756389,2012-09-30 01:15:00,2012-09-30 01:45:00,68.8099,2012-09-30 01:30:00,0.2500
08057200,32.889167,-96.756389,2012-10-14 08:30:00,2012-10-14 09:15:00,71.6416,2012-10-14 08:45:00,0.2500
08057200,32.889167,-96.756389,2012-12-25 17:30:00,2012-12-25 20:00:00,81.2693,2012-12-25 18:15:00,0.7500
08057200,32.889167,-96.756389,2013-01-09 07:30:00,2013-01-09 10:15:00,75.8891,2013-01-09 08:45:00,1.2500
08057200,32.889167,-96.756389,2013-02-10 10:45:00,2013-02-10 13:00:00,96.2773,2013-02-10 11:45:00,1.0000
08057200,32.889167,-96.756389,2013-03-10 06:00:00,2013-03-10 10:00:00,205.0140,2013-03-10 07:15:00,1.2500
08057200,32.889167,-96.756389,2013-05-16 05:00:00,2013-05-16 09:30:00,254.2853,2013-05-16 06:00:00,1.0000
08057200,32.889167,-96.756389,2013-05-21 21:30:00,2013-05-21 22:45:00,77.3050,2013-05-21 22:00:00,0.5000
08057200,32.889167,-96.756389,2013-06-09 13:00:00,2013-06-09 15:45:00,112.1347,2013-06-09 14:00:00,1.0000
08057200,32.889167,-96.756389,2013-10-27 04:00:00,2013-10-27 06:30:00,95.7109,2013-10-27 05:00:00,1.0000
08057200,32.889167,-96.756389,2013-12-21 18:00:00,2013-12-21 20:00:00,71.0753,2013-12-21 19:00:00,1.0000
08057200,32.889167,-96.756389,2014-03-16 01:15:00,2014-03-16 04:15:00,84.6674,2014-03-16 02:00:00,0.7500
08057200,32.889167,-96.756389,2014-05-08 21:00:00,2014-05-08 23:45:00,233.0476,2014-05-08 22:00:00,1.0000
08057200,32.889167,-96.756389,2014-07-31 10:15:00,2014-07-31 12:30:00,111.8515,2014-07-31 11:15:00,1.0000
08057200,32.889167,-96.756389,2014-10-06 11:15:00,2014-10-06 13:00:00,132.2397,2014-10-06 12:00:00,0.7500
08057200,32.889167,-96.756389,2014-10-13 08:45:00,2014-10-13 12:15:00,154.3268,2014-10-13 09:45:00,1.0000
08057200,32.889167,-96.756389,2015-02-23 00:45:00,2015-02-23 03:30:00,99.6753,2015-02-23 02:00:00,1.2500
08057200,32.889167,-96.756389,2015-04-13 17:15:00,2015-04-13 20:45:00,112.9842,2015-04-13 18:15:00,1.0000
08057200,32.889167,-96.756389,2015-04-18 04:30:00,2015-04-19 06:15:00,131.9565,2015-04-18 06:00:00,1.5000
08057200,32.889167,-96.756389,2015-04-25 01:30:00,2015-04-25 04:15:00,163.9545,2015-04-25 02:15:00,0.7500
08057200,32.889167,-96.756389,2015-05-08 05:00:00,2015-05-08 08:30:00,217.1902,2015-05-08 06:00:00,1.0000
08057200,32.889167,-96.756389,2015-05-10 13:45:00,2015-05-10 18:45:00,236.1625,2015-05-10 14:45:00,1.0000
08057200,32.889167,-96.756389,2015-05-17 08:30:00,2015-05-17 15:15:00,262.7803,2015-05-17 10:30:00,2.0000
08057200,32.889167,-96.756389,2015-05-24 06:00:00,2015-05-24 16:15:00,252.8694,2015-05-24 10:00:00,4.0000
08057200,32.889167,-96.756389,2015-05-29 07:00:00,2015-05-29 16:00:00,532.3567,2015-05-29 10:15:00,3.2500
08057200,32.889167,-96.756389,2015-06-17 13:30:00,2015-06-17 18:30:00,98.2595,2015-06-17 14:30:00,1.0000
08057200,32.889167,-96.756389,2015-06-27 02:30:00,2015-06-27 04:30:00,124.3110,2015-06-27 03:15:00,0.7500
08057200,32.889167,-96.756389,2015-10-23 03:45:00,2015-10-24 15:15:00,268.1605,2015-10-23 18:15:00,14.5000
08057200,32.889167,-96.756389,2015-10-31 03:15:00,2015-10-31 12:00:00,244.3744,2015-10-31 04:45:00,1.5000
08057200,32.889167,-96.756389,2015-11-17 12:00:00,2015-11-17 16:15:00,107.3208,2015-11-17 13:00:00,1.0000
08057200,32.889167,-96.756389,2015-11-27 03:30:00,2015-11-28 17:15:00,656.9508,2015-11-27 13:15:00,9.7500
08057200,32.889167,-96.756389,2015-11-29 17:30:00,2015-11-29 19:45:00,72.2080,2015-11-29 18:45:00,1.2500
08057200,32.889167,-96.756389,2015-12-13 11:00:00,2015-12-13 15:00:00,72.4911,2015-12-13 11:30:00,0.5000
08057200,32.889167,-96.756389,2015-12-27 01:30:00,2015-12-28 12:15:00,226.5348,2015-12-27 14:30:00,13.0000
08057200,32.889167,-96.756389,2016-01-07 04:30:00,2016-01-07 06:15:00,82.9684,2016-01-07 05:15:00,0.7500
08057200,32.889167,-96.756389,2016-02-23 11:30:00,2016-02-23 13:30:00,76.7387,2016-02-23 12:15:00,0.7500
08057200,32.889167,-96.756389,2016-03-08 17:00:00,2016-03-08 20:30:00,79.5703,2016-03-08 18:30:00,1.5000
08057200,32.889167,-96.756389,2016-04-17 15:15:00,2016-04-18 14:30:00,197.9348,2016-04-18 11:15:00,20.0000
08057200,32.889167,-96.756389,2016-04-20 08:30:00,2016-04-20 14:00:00,348.2972,2016-04-20 09:45:00,1.2500
08057200,32.889167,-96.756389,2016-04-27 05:45:00,2016-04-27 07:45:00,70.7921,2016-04-27 07:15:00,1.5000
08057200,32.889167,-96.756389,2016-05-31 22:45:00,2016-06-01 06:00:00,339.8022,2016-06-01 00:30:00,1.7500
08068325,30.105278,-95.546389,2006-10-16 12:00:00,2006-10-17 04:45:00,39.3604,2006-10-16 16:15:00,4.2500
08068325,30.105278,-95.546389,2008-09-14 05:00:00,2008-09-15 04:45:00,203.8813,2008-09-14 18:15:00,13.2500
08068325,30.105278,-95.546389,2009-04-28 07:30:00,2009-04-29 04:15:00,51.2535,2009-04-29 04:15:00,20.7500
08068325,30.105278,-95.546389,2012-07-12 13:45:00,2012-07-15 00:15:00,64.8456,2012-07-12 21:45:00,8.0000
08068325,30.105278,-95.546389,2013-10-31 13:30:00,2013-11-01 01:15:00,35.6792,2013-10-31 19:15:00,5.7500
08068325,30.105278,-95.546389,2014-05-27 21:45:00,2014-05-28 16:30:00,28.6000,2014-05-28 00:15:00,2.5000
08068325,30.105278,-95.546389,2015-05-26 05:00:00,2015-05-29 04:45:00,47.8555,2015-05-27 20:00:00,39.0000
08068325,30.105278,-95.546389,2016-03-10 09:15:00,2016-03-12 06:15:00,40.4931,2016-03-10 13:30:00,4.2500
08068325,30.105278,-95.546389,2016-04-18 06:00:00,2016-04-21 02:45:00,201.3328,2016-04-18 12:15:00,6.2500
08068325,30.105278,-95.546389,2016-05-27 03:00:00,2016-05-30 09:45:00,87.7822,2016-05-28 18:15:00,39.2500
08068325,30.105278,-95.546389,2016-06-01 23:15:00,2016-06-02 04:45:00,55.7842,2016-06-02 04:45:00,5.5000
