GaugeID, Lat, Lon, Start Time (UTC), End Time (UTC), Peak Q (cms), Peak Time (UTC), Delta Time (h)
10132500,41.176389,-111.405556,2011-05-21 06:00:00,2011-05-25 05:45:00,9.4295,2011-05-24 22:15:00,88.2500
10132500,41.176389,-111.405556,2011-05-30 06:00:00,2011-06-10 15:15:00,11.0153,2011-06-07 09:30:00,195.5000
10289500,38.173889,-119.232778,2005-05-16 17:30:00,2005-05-17 10:15:00,9.5428,2005-05-16 22:45:00,5.2500
10289500,38.173889,-119.232778,2005-05-19 04:00:00,2005-05-21 19:30:00,5.5218,2005-05-21 08:15:00,52.2500
10289500,38.173889,-119.232778,2005-05-23 09:30:00,2005-05-30 02:00:00,7.0792,2005-05-28 11:00:00,121.5000
10289500,38.173889,-119.232778,2005-06-01 18:30:00,2005-06-03 22:30:00,5.4085,2005-06-02 18:00:00,23.5000
10289500,38.173889,-119.232778,2005-06-15 11:15:00,2005-06-18 04:15:00,6.2580,2005-06-16 16:30:00,29.2500
10289500,38.173889,-119.232778,2005-07-02 12:30:00,2005-07-04 15:30:00,6.4562,2005-07-03 00:15:00,11.7500
10289500,38.173889,-119.232778,2005-07-06 20:45:00,2005-07-10 08:30:00,5.3236,2005-07-09 20:45:00,72.0000
10289500,38.173889,-119.232778,2005-07-16 07:00:00,2005-07-17 00:00:00,5.6917,2005-07-16 07:30:00,0.5000
10289500,38.173889,-119.232778,2006-05-14 07:00:00,2006-05-21 01:30:00,9.4295,2006-05-19 11:15:00,124.2500
10289500,38.173889,-119.232778,2006-06-05 12:30:00,2006-06-14 07:15:00,5.7766,2006-06-08 13:15:00,72.7500
10289500,38.173889,-119.232778,2006-06-19 11:45:00,2006-07-04 08:30:00,5.3236,2006-06-27 17:15:00,197.5000
10289500,38.173889,-119.232778,2006-07-06 16:00:00,2006-07-06 22:45:00,4.3325,2006-07-06 19:15:00,3.2500
10289500,38.173889,-119.232778,2009-05-20 11:00:00,2009-05-21 22:15:00,5.1537,2009-05-20 13:15:00,2.2500
10289500,38.173889,-119.232778,2009-06-01 16:45:00,2009-06-01 23:45:00,4.5873,2009-06-01 23:45:00,7.0000
10289500,38.173889,-119.232778,2010-06-04 09:15:00,2010-06-11 08:30:00,12.7709,2010-06-06 16:00:00,54.7500
10289500,38.173889,-119.232778,2010-06-29 00:45:00,2010-07-01 00:30:00,4.7855,2010-06-29 17:30:00,16.7500
10289500,38.173889,-119.232778,2011-06-15 15:45:00,2011-06-20 21:00:00,5.7766,2011-06-17 11:00:00,43.2500
10289500,38.173889,-119.232778,2011-06-22 10:15:00,2011-07-27 03:30:00,11.2135,2011-06-24 15:30:00,53.2500
10289500,38.173889,-119.232778,2011-07-31 22:00:00,2011-08-02 06:15:00,4.8139,2011-08-01 17:45:00,19.7500
10310500,39.113333,-119.797222,1997-01-01 16:30:00,1997-01-03 13:00:00,7.5323,1997-01-02 21:15:00,28.7500
10310500,39.113333,-119.797222,2005-12-31 10:00:00,2005-12-31 22:00:00,7.1358,2005-12-31 17:45:00,7.7500
10336700,39.240278,-119.943889,1995-06-04 23:30:00,1995-06-05 05:30:00,1.9255,1995-06-05 00:45:00,1.2500
10336700,39.240278,-119.943889,1995-06-27 00:00:00,1995-06-27 04:45:00,2.0671,1995-06-27 00:45:00,0.7500
10336700,39.240278,-119.943889,1997-01-02 08:00:00,1997-01-03 07:30:00,4.6440,1997-01-02 16:10:00,8.1667
10336700,39.240278,-119.943889,1998-06-07 06:00:00,1998-06-07 11:15:00,2.4352,1998-06-07 07:30:00,1.5000
10336700,39.240278,-119.943889,1998-06-13 01:45:00,1998-06-13 02:45:00,2.0954,1998-06-13 02:00:00,0.2500
10336700,39.240278,-119.943889,2005-12-31 11:00:00,2005-12-31 21:00:00,2.0671,2005-12-31 17:30:00,6.5000
10336700,39.240278,-119.943889,2006-05-19 00:00:00,2006-05-19 07:30:00,1.8689,2006-05-19 00:45:00,0.7500
10336700,39.240278,-119.943889,2014-07-21 01:15:00,2014-07-21 02:00:00,3.2564,2014-07-21 01:20:00,0.0833
10174500,37.651111,-112.429444,1993-05-17 00:00:00,1993-05-30 14:30:00,34.5466,1993-05-17 17:00:00,17.0000
10174500,37.651111,-112.429444,2011-05-09 08:30:00,2011-05-11 09:00:00,33.4139,2011-05-10 04:00:00,19.5000
10336645,39.051944,-120.117500,1996-02-05 18:30:00,1996-02-05 23:15:00,11.2135,1996-02-05 21:00:00,2.5000
10336645,39.051944,-120.117500,1996-05-16 10:15:00,1996-05-16 19:30:00,15.9424,1996-05-16 13:15:00,3.0000
10336645,39.051944,-120.117500,1996-05-18 09:30:00,1996-05-18 15:00:00,13.2240,1996-05-18 11:45:00,2.2500
10336645,39.051944,-120.117500,2005-05-19 13:45:00,2005-05-20 04:45:00,11.7798,2005-05-19 16:30:00,2.7500
10336645,39.051944,-120.117500,2005-12-31 06:15:00,2005-12-31 07:45:00,15.4610,2005-12-31 07:45:00,1.5000
10336645,39.051944,-120.117500,2012-12-02 19:00:00,2012-12-02 20:00:00,11.4400,2012-12-02 19:15:00,0.2500
10349300,39.376963,-119.743611,1995-03-11 03:00:00,1995-03-11 09:00:00,22.3137,1995-03-11 04:00:00,1.0000
10349300,39.376963,-119.743611,1997-01-22 23:45:00,1997-01-23 02:45:00,9.9392,1997-01-23 00:45:00,1.0000
10349300,39.376963,-119.743611,1997-01-25 15:00:00,1997-02-02 03:30:00,22.8234,1997-01-25 18:00:00,3.0000
10349300,39.376963,-119.743611,1998-03-24 11:00:00,1998-03-24 19:45:00,13.8753,1998-03-24 11:45:00,0.7500
10349300,39.376963,-119.743611,1999-02-09 02:00:00,1999-02-09 20:15:00,13.5921,1999-02-09 10:00:00,8.0000
10349300,39.376963,-119.743611,2005-12-22 04:15:00,2005-12-22 07:00:00,12.2046,2005-12-22 05:30:00,1.2500
10349300,39.376963,-119.743611,2005-12-31 05:00:00,2006-01-01 00:30:00,101.9406,2005-12-31 17:00:00,12.0000
10349300,39.376963,-119.743611,2006-02-28 13:15:00,2006-02-28 15:00:00,9.2030,2006-02-28 14:00:00,0.7500
10349300,39.376963,-119.743611,1995-03-11 03:00:00,1995-03-11 09:00:00,22.3137,1995-03-11 04:00:00,1.0000
10349300,39.376963,-119.743611,1997-01-22 23:45:00,1997-01-23 02:45:00,9.9392,1997-01-23 00:45:00,1.0000
10349300,39.376963,-119.743611,1997-01-25 15:00:00,1997-02-02 03:30:00,22.8234,1997-01-25 18:00:00,3.0000
10349300,39.376963,-119.743611,1998-03-24 11:00:00,1998-03-24 19:45:00,13.8753,1998-03-24 11:45:00,0.7500
10349300,39.376963,-119.743611,1999-02-09 02:00:00,1999-02-09 20:15:00,13.5921,1999-02-09 10:00:00,8.0000
10349300,39.376963,-119.743611,2005-12-22 04:15:00,2005-12-22 07:00:00,12.2046,2005-12-22 05:30:00,1.2500
10349300,39.376963,-119.743611,2005-12-31 05:00:00,2006-01-01 00:30:00,101.9406,2005-12-31 17:00:00,12.0000
10349300,39.376963,-119.743611,2006-02-28 13:15:00,2006-02-28 15:00:00,9.2030,2006-02-28 14:00:00,0.7500
10338000,39.296389,-120.204444,1995-03-09 22:15:00,1995-03-10 01:30:00,45.5901,1995-03-09 23:45:00,1.5000
10338000,39.296389,-120.204444,1995-05-01 13:00:00,1995-05-02 04:00:00,45.8733,1995-05-01 15:00:00,2.0000
10338000,39.296389,-120.204444,1998-03-24 07:30:00,1998-03-24 22:00:00,53.2357,1998-03-24 13:15:00,5.7500
10338000,39.296389,-120.204444,1998-03-26 03:30:00,1998-03-27 02:00:00,43.8911,1998-03-26 05:00:00,1.5000
10338000,39.296389,-120.204444,1998-04-02 01:00:00,1998-04-09 19:45:00,45.5901,1998-04-02 04:30:00,3.5000
10338000,39.296389,-120.204444,1998-06-07 09:15:00,1998-06-28 15:30:00,73.6238,1998-06-14 03:15:00,162.0000
10338000,39.296389,-120.204444,1999-05-23 02:15:00,1999-05-29 11:45:00,53.5188,1999-05-27 02:30:00,96.2500
10338000,39.296389,-120.204444,2005-05-19 00:15:00,2005-05-20 08:30:00,67.1109,2005-05-19 14:15:00,14.0000
10338000,39.296389,-120.204444,2005-12-22 22:45:00,2005-12-23 05:00:00,61.4476,2005-12-23 01:15:00,2.5000
10338000,39.296389,-120.204444,2005-12-31 02:15:00,2006-01-01 08:00:00,170.7506,2005-12-31 18:15:00,16.0000
10338000,39.296389,-120.204444,2006-02-28 07:15:00,2006-02-28 12:45:00,51.8198,2006-02-28 10:30:00,3.2500
10338000,39.296389,-120.204444,2006-06-29 03:45:00,2006-07-01 00:00:00,53.8020,2006-06-30 03:15:00,23.5000
10338000,39.296389,-120.204444,2010-10-25 00:30:00,2010-10-25 05:45:00,52.1030,2010-10-25 03:00:00,2.5000
10338000,39.296389,-120.204444,2012-12-02 17:30:00,2012-12-02 21:15:00,51.2535,2012-12-02 19:15:00,1.7500
10338000,39.296389,-120.204444,2016-01-30 08:45:00,2016-01-30 10:30:00,42.4753,2016-01-30 09:45:00,1.0000
10290500,38.172222,-119.323611,1995-06-28 15:15:00,1995-07-03 20:30:00,16.8485,1995-06-30 01:00:00,33.7500
10290500,38.172222,-119.323611,1995-07-07 10:00:00,1995-07-12 21:45:00,17.2166,1995-07-10 20:30:00,82.5000
10290500,38.172222,-119.323611,1997-01-03 01:30:00,1997-01-05 06:45:00,33.1307,1997-01-03 14:45:00,13.2500
10290500,38.172222,-119.323611,2011-06-24 16:00:00,2011-06-26 08:45:00,14.9230,2011-06-24 21:00:00,5.0000
10316500,40.690833,-115.476111,1991-06-04 23:00:00,1991-06-05 14:00:00,8.6650,1991-06-05 02:00:00,3.0000
10316500,40.690833,-115.476111,1991-06-09 23:00:00,1991-06-20 04:00:00,13.3656,1991-06-12 04:00:00,53.0000
10316500,40.690833,-115.476111,1993-05-13 22:00:00,1993-05-29 06:00:00,14.5549,1993-05-21 01:00:00,171.0000
10316500,40.690833,-115.476111,1993-06-15 04:00:00,1993-06-16 10:00:00,8.3535,1993-06-16 03:00:00,23.0000
10316500,40.690833,-115.476111,1993-06-20 01:00:00,1993-06-23 07:00:00,9.3729,1993-06-22 05:00:00,52.0000
10316500,40.690833,-115.476111,1994-05-13 03:00:00,1994-05-16 17:00:00,8.7499,1994-05-16 03:00:00,72.0000
10316500,40.690833,-115.476111,1994-05-27 22:00:00,1994-06-03 06:00:00,8.6933,1994-05-28 01:00:00,3.0000
10316500,40.690833,-115.476111,1995-06-01 03:00:00,1995-06-08 07:00:00,22.2854,1995-06-03 16:00:00,61.0000
10316500,40.690833,-115.476111,1995-06-12 00:00:00,1995-06-20 06:00:00,11.8648,1995-06-15 03:00:00,75.0000
10316500,40.690833,-115.476111,1995-06-24 02:00:00,1995-07-13 06:00:00,11.7798,1995-06-28 02:00:00,96.0000
10316500,40.690833,-115.476111,1996-05-12 04:00:00,1996-05-20 09:00:00,20.8412,1996-05-17 01:00:00,117.0000
10316500,40.690833,-115.476111,1996-06-03 06:00:00,1996-06-25 09:00:00,18.6042,1996-06-09 07:00:00,145.0000
10316500,40.690833,-115.476111,1997-05-11 04:00:00,1997-05-25 14:00:00,19.8218,1997-05-17 02:00:00,142.0000
10316500,40.690833,-115.476111,1997-05-30 04:00:00,1997-06-29 06:00:00,23.7295,1997-06-05 06:00:00,146.0000
10316500,40.690833,-115.476111,1999-05-23 21:30:00,1999-07-08 07:30:00,18.2360,1999-05-28 01:30:00,100.0000
10316500,40.690833,-115.476111,2000-05-23 04:15:00,2000-05-31 06:45:00,13.3939,2000-05-26 08:30:00,76.2500
10316500,40.690833,-115.476111,2000-06-03 01:30:00,2000-06-08 05:30:00,8.2402,2000-06-06 03:00:00,73.5000
10316500,40.690833,-115.476111,2001-05-15 01:15:00,2001-05-18 06:30:00,16.4521,2001-05-16 08:30:00,31.2500
10316500,40.690833,-115.476111,2002-05-17 23:00:00,2002-05-20 06:30:00,8.4667,2002-05-19 00:30:00,25.5000
10316500,40.690833,-115.476111,2002-05-29 02:30:00,2002-06-01 06:45:00,13.5355,2002-06-01 02:45:00,72.2500
10316500,40.690833,-115.476111,2002-06-02 07:00:00,2002-06-09 09:30:00,11.5816,2002-06-02 07:15:00,0.2500
10316500,40.690833,-115.476111,2003-05-23 22:15:00,2003-06-13 05:45:00,22.4269,2003-05-30 23:45:00,169.5000
10316500,40.690833,-115.476111,2003-06-15 02:45:00,2003-06-17 06:45:00,7.5889,2003-06-16 08:30:00,29.7500
10316500,40.690833,-115.476111,2004-06-05 00:45:00,2004-06-08 05:15:00,7.9570,2004-06-05 04:30:00,3.7500
10316500,40.690833,-115.476111,2005-06-15 20:45:00,2005-07-11 04:30:00,15.8008,2005-06-22 03:15:00,150.5000
10316500,40.690833,-115.476111,2006-05-13 03:00:00,2006-05-28 06:30:00,21.6907,2006-05-20 02:00:00,167.0000
10316500,40.690833,-115.476111,2006-06-04 01:00:00,2006-06-14 05:45:00,16.1689,2006-06-08 08:45:00,103.7500
10316500,40.690833,-115.476111,2006-06-19 01:30:00,2006-06-20 06:45:00,7.5889,2006-06-19 03:30:00,2.0000
10316500,40.690833,-115.476111,2008-05-18 01:00:00,2008-05-22 09:30:00,13.5638,2008-05-20 02:00:00,49.0000
10316500,40.690833,-115.476111,2008-06-03 02:15:00,2008-06-03 06:45:00,7.3907,2008-06-03 04:15:00,2.0000
10316500,40.690833,-115.476111,2008-06-15 00:45:00,2008-06-29 03:00:00,10.3356,2008-06-23 02:45:00,194.0000
10316500,40.690833,-115.476111,2009-05-18 00:00:00,2009-06-05 06:15:00,9.9392,2009-05-21 01:30:00,73.5000
10316500,40.690833,-115.476111,2009-06-20 03:45:00,2009-06-21 15:15:00,11.1568,2009-06-20 14:30:00,10.7500
10316500,40.690833,-115.476111,2010-06-03 00:30:00,2010-06-13 00:30:00,32.2812,2010-06-07 00:30:00,96.0000
10316500,40.690833,-115.476111,2010-06-15 00:30:00,2010-06-16 13:00:00,8.1269,2010-06-15 02:45:00,2.2500
10316500,40.690833,-115.476111,2010-06-20 00:30:00,2010-07-01 06:30:00,8.7782,2010-06-26 02:00:00,145.5000
10316500,40.690833,-115.476111,2011-06-07 21:30:00,2011-07-16 06:15:00,20.9545,2011-06-16 03:00:00,197.5000
10316500,40.690833,-115.476111,2014-05-26 00:45:00,2014-06-13 06:00:00,10.0808,2014-05-28 03:30:00,50.7500
10316500,40.690833,-115.476111,2015-05-31 01:00:00,2015-06-02 08:00:00,8.0986,2015-06-02 05:00:00,52.0000
10316500,40.690833,-115.476111,2015-06-11 00:00:00,2015-06-13 05:45:00,20.7846,2015-06-11 04:00:00,4.0000
10316500,40.690833,-115.476111,2016-05-14 00:00:00,2016-05-16 15:30:00,8.8065,2016-05-15 02:30:00,26.5000
10316500,40.690833,-115.476111,2016-05-30 23:00:00,2016-06-02 06:45:00,11.7232,2016-06-02 03:15:00,52.2500
10329500,41.534722,-117.416944,1993-03-15 02:00:00,1993-03-23 14:00:00,58.3327,1993-03-18 01:00:00,71.0000
10329500,41.534722,-117.416944,1993-03-25 03:00:00,1993-03-29 10:00:00,10.2224,1993-03-27 07:00:00,52.0000
10329500,41.534722,-117.416944,1993-05-13 10:00:00,1993-05-17 02:00:00,8.3252,1993-05-14 14:00:00,28.0000
10329500,41.534722,-117.416944,1995-02-01 00:00:00,1995-02-03 06:00:00,23.5596,1995-02-02 03:30:00,27.5000
10329500,41.534722,-117.416944,1995-03-11 04:45:00,1995-03-12 11:00:00,29.7327,1995-03-11 13:00:00,8.2500
10329500,41.534722,-117.416944,1995-03-14 16:15:00,1995-03-14 21:15:00,8.0986,1995-03-14 17:15:00,1.0000
10329500,41.534722,-117.416944,1995-03-21 02:30:00,1995-03-21 12:15:00,9.4012,1995-03-21 05:15:00,2.7500
10329500,41.534722,-117.416944,1995-04-29 23:30:00,1995-04-30 06:45:00,10.1091,1995-04-30 02:45:00,3.2500
10329500,41.534722,-117.416944,1995-05-01 19:45:00,1995-05-02 06:45:00,7.7588,1995-05-01 22:15:00,2.5000
10329500,41.534722,-117.416944,1995-05-03 07:00:00,1995-05-16 07:45:00,32.5644,1995-05-07 03:15:00,92.2500
10329500,41.534722,-117.416944,1995-05-19 08:30:00,1995-05-28 14:45:00,8.7499,1995-05-22 18:15:00,81.7500
10329500,41.534722,-117.416944,1995-05-31 09:00:00,1995-06-05 20:30:00,8.0986,1995-06-03 12:45:00,75.7500
10329500,41.534722,-117.416944,1996-02-20 06:15:00,1996-02-20 09:15:00,7.5323,1996-02-20 07:15:00,1.0000
10329500,41.534722,-117.416944,1996-03-11 01:15:00,1996-03-12 09:30:00,12.2046,1996-03-11 06:00:00,4.7500
10329500,41.534722,-117.416944,1996-12-30 05:15:00,1996-12-30 13:00:00,8.8065,1996-12-30 08:30:00,3.2500
10329500,41.534722,-117.416944,1997-01-01 05:30:00,1997-01-05 04:45:00,71.9248,1997-01-02 10:15:00,28.7500
10329500,41.534722,-117.416944,1997-03-11 00:45:00,1997-03-12 06:45:00,17.5564,1997-03-11 04:30:00,3.7500
10329500,41.534722,-117.416944,1997-03-16 04:15:00,1997-03-20 07:30:00,8.7782,1997-03-16 06:45:00,2.5000
10329500,41.534722,-117.416944,1997-03-22 06:30:00,1997-03-22 10:15:00,6.7960,1997-03-22 09:15:00,2.7500
10329500,41.534722,-117.416944,1997-04-23 11:30:00,1997-04-25 03:45:00,9.6277,1997-04-23 19:00:00,7.5000
10329500,41.534722,-117.416944,1998-03-23 01:45:00,1998-03-26 17:15:00,15.2911,1998-03-24 22:00:00,44.2500
10329500,41.534722,-117.416944,1998-04-05 00:15:00,1998-04-05 02:45:00,7.1642,1998-04-05 01:00:00,0.7500
10329500,41.534722,-117.416944,1998-04-23 09:30:00,1998-04-25 14:30:00,8.9481,1998-04-24 10:00:00,24.5000
10329500,41.534722,-117.416944,1998-05-26 08:30:00,1998-05-28 11:45:00,9.7976,1998-05-27 05:30:00,21.0000
10329500,41.534722,-117.416944,1998-06-03 08:30:00,1998-06-10 15:00:00,8.9481,1998-06-04 06:45:00,22.2500
10329500,41.534722,-117.416944,1998-06-12 08:30:00,1998-06-12 16:30:00,6.7960,1998-06-12 10:15:00,1.7500
10329500,41.534722,-117.416944,1999-03-01 02:00:00,1999-03-02 09:30:00,14.9230,1999-03-02 02:00:00,24.0000
10329500,41.534722,-117.416944,1999-03-04 01:45:00,1999-03-04 05:30:00,7.5889,1999-03-04 02:45:00,1.0000
10329500,41.534722,-117.416944,1999-03-19 04:30:00,1999-03-21 13:00:00,8.7782,1999-03-20 06:30:00,26.0000
10329500,41.534722,-117.416944,1999-05-25 10:45:00,1999-05-29 15:00:00,7.1642,1999-05-26 07:15:00,20.5000
10329500,41.534722,-117.416944,2002-02-20 23:00:00,2002-02-21 00:15:00,7.5889,2002-02-20 23:30:00,0.5000
10329500,41.534722,-117.416944,2002-03-07 02:00:00,2002-03-07 06:30:00,9.3162,2002-03-07 03:45:00,1.7500
10329500,41.534722,-117.416944,2002-04-15 07:30:00,2002-04-15 14:45:00,7.2208,2002-04-15 09:15:00,1.7500
10329500,41.534722,-117.416944,2004-03-14 02:45:00,2004-03-20 14:00:00,11.1852,2004-03-20 06:15:00,147.5000
10329500,41.534722,-117.416944,2005-03-10 03:15:00,2005-03-10 06:45:00,6.9376,2005-03-10 05:45:00,2.5000
10329500,41.534722,-117.416944,2005-05-16 17:45:00,2005-05-26 09:45:00,16.5087,2005-05-17 04:30:00,10.7500
10329500,41.534722,-117.416944,2005-12-22 12:15:00,2005-12-23 14:15:00,19.9634,2005-12-22 12:45:00,0.5000
10329500,41.534722,-117.416944,2005-12-29 01:00:00,2005-12-29 09:00:00,13.0257,2005-12-29 04:00:00,3.0000
10329500,41.534722,-117.416944,2005-12-31 05:30:00,2006-01-01 16:30:00,50.6872,2005-12-31 09:30:00,4.0000
10329500,41.534722,-117.416944,2006-02-28 08:45:00,2006-03-01 05:00:00,17.8679,2006-02-28 21:00:00,12.2500
10329500,41.534722,-117.416944,2006-04-04 16:15:00,2006-04-10 10:00:00,44.4574,2006-04-05 12:15:00,20.0000
10329500,41.534722,-117.416944,2006-04-14 06:45:00,2006-04-20 11:15:00,9.9109,2006-04-15 07:15:00,24.5000
10329500,41.534722,-117.416944,2006-04-22 09:45:00,2006-05-21 15:15:00,13.0257,2006-04-30 16:30:00,198.7500
10329500,41.534722,-117.416944,2006-05-23 06:00:00,2006-05-23 10:15:00,7.1642,2006-05-23 07:30:00,1.5000
10329500,41.534722,-117.416944,2011-01-17 08:00:00,2011-01-18 16:00:00,23.5596,2011-01-17 16:00:00,8.0000
10329500,41.534722,-117.416944,2011-03-10 03:15:00,2011-03-11 07:15:00,8.1553,2011-03-11 04:45:00,25.5000
10329500,41.534722,-117.416944,2011-03-16 05:30:00,2011-03-17 09:30:00,18.6608,2011-03-16 14:45:00,9.2500
10329500,41.534722,-117.416944,2011-03-31 00:15:00,2011-04-04 10:00:00,15.4610,2011-04-02 08:15:00,56.0000
10329500,41.534722,-117.416944,2011-04-17 09:45:00,2011-04-27 08:15:00,29.1664,2011-04-18 21:45:00,36.0000
10329500,41.534722,-117.416944,2011-06-07 05:15:00,2011-06-17 14:30:00,10.3073,2011-06-08 13:30:00,32.2500
10329500,41.534722,-117.416944,2011-06-19 11:30:00,2011-06-20 00:15:00,7.2208,2011-06-19 16:15:00,4.7500
10329500,41.534722,-117.416944,2016-03-14 10:30:00,2016-03-15 06:00:00,7.8438,2016-03-14 14:00:00,3.5000
10128500,40.737222,-111.247222,1987-11-17 07:00:00,1987-11-18 06:00:00,1.6424,1987-11-18 06:00:00,23.0000
10128500,40.737222,-111.247222,1988-01-10 07:00:00,1988-01-12 06:00:00,1.5857,1988-01-12 03:00:00,44.0000
10128500,40.737222,-111.247222,1988-01-13 07:00:00,1988-02-02 06:00:00,1.6707,1988-01-20 13:00:00,174.0000
10128500,40.737222,-111.247222,1988-02-10 07:00:00,1988-03-08 06:12:06,1.9255,1988-02-16 06:00:00,143.0000
10128500,40.737222,-111.247222,1989-11-29 07:00:00,1989-12-11 06:45:00,1.8123,1989-12-05 04:15:00,141.2500
10128500,40.737222,-111.247222,1990-11-30 19:45:00,1990-12-04 06:45:00,1.7273,1990-11-30 22:00:00,2.2500
10128500,40.737222,-111.247222,1990-12-05 07:00:00,1990-12-07 06:45:00,1.5574,1990-12-05 23:30:00,16.5000
10128500,40.737222,-111.247222,1990-12-08 07:00:00,1990-12-16 06:45:00,1.6141,1990-12-14 04:30:00,141.5000
10128500,40.737222,-111.247222,1990-12-17 07:00:00,1990-12-21 06:45:00,1.3309,1990-12-18 10:15:00,27.2500
10128500,40.737222,-111.247222,1991-01-28 07:00:00,1991-01-29 06:45:00,1.6424,1991-01-29 03:00:00,20.0000
10128500,40.737222,-111.247222,1993-02-16 07:00:00,1993-02-26 06:45:00,1.3309,1993-02-19 22:30:00,87.5000
10128500,40.737222,-111.247222,1993-07-22 06:00:00,1993-10-31 05:29:00,20.2182,1993-07-24 04:00:00,46.0000
10128500,40.737222,-111.247222,1993-11-01 07:00:00,1993-11-07 06:59:00,2.4069,1993-11-06 23:14:00,136.2333
10128500,40.737222,-111.247222,1994-06-09 06:00:00,1994-07-25 05:15:00,12.9691,1994-06-09 07:00:00,1.0000
10128500,40.737222,-111.247222,1996-01-16 07:00:00,1996-01-18 06:30:00,1.7556,1996-01-17 08:15:00,25.2500
10128500,40.737222,-111.247222,1997-12-19 07:00:00,1997-12-22 06:45:00,3.4547,1997-12-22 06:00:00,71.0000
10128500,40.737222,-111.247222,1998-03-03 07:00:00,1998-03-04 06:45:00,2.1238,1998-03-04 03:15:00,20.2500
10128500,40.737222,-111.247222,1998-03-11 07:00:00,1998-03-21 06:45:00,2.4069,1998-03-12 23:00:00,40.0000
10128500,40.737222,-111.247222,1999-11-27 07:00:00,1999-12-04 06:45:00,1.8972,1999-12-03 01:00:00,138.0000
10128500,40.737222,-111.247222,2000-02-09 07:00:00,2000-02-19 06:45:00,1.6990,2000-02-17 00:15:00,185.2500
10128500,40.737222,-111.247222,2002-11-12 07:00:00,2002-11-26 06:45:00,2.0954,2002-11-13 00:30:00,17.5000
10128500,40.737222,-111.247222,2002-11-29 07:00:00,2002-12-07 06:45:00,2.4069,2002-11-30 01:30:00,18.5000
10128500,40.737222,-111.247222,2003-05-31 06:00:00,2003-09-19 05:45:00,55.2179,2003-05-31 07:15:00,1.2500
10128500,40.737222,-111.247222,2005-02-13 07:00:00,2005-02-18 06:45:00,3.0582,2005-02-17 22:15:00,111.2500
10128500,40.737222,-111.247222,2008-12-07 07:00:00,2008-12-09 06:45:00,1.7556,2008-12-07 18:30:00,11.5000
10128500,40.737222,-111.247222,2009-11-28 07:00:00,2009-11-29 06:45:00,1.6141,2009-11-28 21:30:00,14.5000
10128500,40.737222,-111.247222,2010-06-09 06:00:00,2010-11-20 06:45:00,99.9585,2010-06-10 08:50:00,26.8333
10128500,40.737222,-111.247222,2010-11-21 07:00:00,2010-11-23 06:45:00,1.9822,2010-11-21 21:00:00,14.0000
10128500,40.737222,-111.247222,2012-01-04 07:00:00,2012-01-08 06:45:00,2.2087,2012-01-05 02:45:00,19.7500
10128500,40.737222,-111.247222,2012-01-21 07:00:00,2012-01-23 06:45:00,2.0954,2012-01-23 04:00:00,45.0000
10128500,40.737222,-111.247222,2012-01-24 07:00:00,2012-01-25 06:45:00,1.9255,2012-01-25 01:00:00,18.0000
10128500,40.737222,-111.247222,2012-01-26 07:00:00,2012-01-28 06:45:00,2.0671,2012-01-28 01:30:00,42.5000
10128500,40.737222,-111.247222,2012-02-10 07:00:00,2012-02-16 06:45:00,1.9539,2012-02-11 23:45:00,40.7500
10128500,40.737222,-111.247222,2012-11-13 07:00:00,2012-12-09 06:45:00,1.8689,2012-11-19 01:15:00,138.2500
10128500,40.737222,-111.247222,2012-12-13 07:00:00,2012-12-19 06:45:00,1.5291,2012-12-13 22:00:00,15.0000
10128500,40.737222,-111.247222,2013-01-28 07:00:00,2013-02-02 06:45:00,1.5008,2013-01-28 10:15:00,3.2500
10128500,40.737222,-111.247222,2013-02-09 07:00:00,2013-02-11 06:45:00,1.3026,2013-02-11 01:45:00,42.7500
10128500,40.737222,-111.247222,2013-02-20 07:00:00,2013-02-23 06:45:00,1.3026,2013-02-20 20:15:00,13.2500
10128500,40.737222,-111.247222,2013-11-27 07:00:00,2013-12-04 06:45:00,1.6990,2013-11-27 19:30:00,12.5000
10128500,40.737222,-111.247222,2014-11-23 07:00:00,2014-12-23 18:45:00,2.8034,2014-11-25 18:45:00,59.7500
10128500,40.737222,-111.247222,2015-12-09 07:00:00,2015-12-12 06:45:00,1.7556,2015-12-09 21:45:00,14.7500
10128500,40.737222,-111.247222,2015-12-14 23:00:00,2015-12-15 06:45:00,1.7556,2015-12-14 23:15:00,0.2500
10322000,40.716124,-116.093336,1993-03-17 07:15:00,1993-03-20 07:45:00,11.4117,1993-03-19 07:00:00,47.7500
10322000,40.716124,-116.093336,1993-03-30 08:00:00,1993-05-24 07:00:00,10.5622,1993-03-30 08:30:00,0.5000
10322000,40.716124,-116.093336,1995-01-11 00:45:00,1995-01-11 14:45:00,2.4352,1995-01-11 10:45:00,10.0000
10322000,40.716124,-116.093336,1995-01-14 10:30:00,1995-01-15 18:30:00,2.9166,1995-01-15 12:45:00,26.2500
10322000,40.716124,-116.093336,1995-01-27 05:45:00,1995-01-27 09:45:00,2.3786,1995-01-27 06:30:00,0.7500
10322000,40.716124,-116.093336,1995-01-31 07:15:00,1995-02-02 15:30:00,3.5679,1995-02-01 09:15:00,26.0000
10322000,40.716124,-116.093336,1995-02-05 05:15:00,1995-02-05 11:00:00,2.1804,1995-02-05 05:30:00,0.2500
10322000,40.716124,-116.093336,1995-03-22 05:45:00,1995-03-22 19:45:00,2.0954,1995-03-22 19:30:00,13.7500
10322000,40.716124,-116.093336,1995-04-17 08:45:00,1995-04-17 09:45:00,2.5202,1995-04-17 09:30:00,0.7500
10322000,40.716124,-116.093336,1995-05-06 05:15:00,1995-05-19 06:45:00,3.6246,1995-05-13 09:15:00,172.0000
10322000,40.716124,-116.093336,1995-12-31 14:00:00,1995-12-31 23:30:00,3.3131,1995-12-31 15:30:00,1.5000
10322000,40.716124,-116.093336,1996-05-29 07:30:00,1996-06-03 18:45:00,2.7467,1996-05-30 04:00:00,20.5000
10322000,40.716124,-116.093336,1997-01-02 02:00:00,1997-01-07 02:30:00,9.3162,1997-01-03 07:30:00,29.5000
10322000,40.716124,-116.093336,1997-01-09 03:00:00,1997-01-13 07:30:00,3.1432,1997-01-09 23:30:00,20.5000
10322000,40.716124,-116.093336,1997-01-15 01:30:00,1997-01-15 03:30:00,2.0388,1997-01-15 02:15:00,0.7500
10322000,40.716124,-116.093336,1997-01-19 02:00:00,1997-01-22 03:00:00,2.0954,1997-01-20 06:45:00,28.7500
10322000,40.716124,-116.093336,1997-01-26 23:00:00,1997-01-30 00:45:00,2.1521,1997-01-27 03:45:00,4.7500
10322000,40.716124,-116.093336,1997-02-01 22:45:00,1997-02-04 04:15:00,2.1238,1997-02-03 07:00:00,32.2500
10322000,40.716124,-116.093336,1997-06-19 18:00:00,1997-06-19 19:00:00,2.0105,1997-06-19 18:15:00,0.2500
10322000,40.716124,-116.093336,1998-01-12 14:30:00,1998-01-13 00:45:00,3.0299,1998-01-12 16:45:00,2.2500
10322000,40.716124,-116.093336,1998-01-16 04:30:00,1998-01-19 03:30:00,6.5129,1998-01-17 14:45:00,34.2500
10322000,40.716124,-116.093336,1998-02-10 01:45:00,1998-02-10 03:00:00,2.0105,1998-02-10 02:45:00,1.0000
10322000,40.716124,-116.093336,1998-06-23 02:45:00,1998-06-26 17:45:00,2.7467,1998-06-24 07:00:00,28.2500
10322000,40.716124,-116.093336,1999-02-17 22:00:00,1999-02-18 02:15:00,2.4352,1999-02-17 23:30:00,1.5000
10322000,40.716124,-116.093336,1999-05-05 00:45:00,1999-05-05 01:45:00,2.0954,1999-05-05 01:00:00,0.2500
10322000,40.716124,-116.093336,1999-05-08 19:00:00,1999-05-17 08:45:00,2.3220,1999-05-16 23:15:00,196.2500
10322000,40.716124,-116.093336,1999-05-25 14:45:00,1999-05-27 13:00:00,2.0954,1999-05-26 05:00:00,14.2500
10322000,40.716124,-116.093336,2000-04-08 07:45:00,2000-04-08 08:30:00,2.0671,2000-04-08 08:00:00,0.2500
10322000,40.716124,-116.093336,2000-04-09 18:00:00,2000-04-11 19:30:00,2.0671,2000-04-10 19:00:00,25.0000
10322000,40.716124,-116.093336,2000-04-22 22:15:00,2000-04-23 07:45:00,2.1238,2000-04-23 03:45:00,5.5000
10322000,40.716124,-116.093336,2002-02-20 21:30:00,2002-02-21 07:45:00,2.6335,2002-02-21 05:30:00,8.0000
10322000,40.716124,-116.093336,2004-03-24 08:00:00,2004-03-28 17:30:00,3.0016,2004-03-24 18:15:00,10.2500
10322000,40.716124,-116.093336,2004-04-02 03:30:00,2004-04-14 20:00:00,3.4263,2004-04-08 22:45:00,162.2500
10322000,40.716124,-116.093336,2004-04-17 14:30:00,2004-04-19 20:00:00,2.0954,2004-04-18 15:30:00,25.0000
10322000,40.716124,-116.093336,2005-03-13 10:00:00,2005-03-16 04:00:00,2.4069,2005-03-14 08:15:00,22.2500
10322000,40.716124,-116.093336,2005-03-20 15:15:00,2005-03-22 06:45:00,2.2937,2005-03-21 15:45:00,24.5000
10322000,40.716124,-116.093336,2005-12-31 17:45:00,2006-01-11 05:45:00,11.6099,2006-01-01 03:15:00,9.5000
10322000,40.716124,-116.093336,2006-01-12 06:00:00,2006-01-14 04:15:00,2.5768,2006-01-12 08:45:00,2.7500
10322000,40.716124,-116.093336,2006-01-17 01:15:00,2006-01-17 05:45:00,2.1521,2006-01-17 02:45:00,1.5000
10322000,40.716124,-116.093336,2006-01-31 10:00:00,2006-02-14 07:45:00,9.2313,2006-02-03 03:00:00,65.0000
10322000,40.716124,-116.093336,2006-06-24 21:00:00,2006-06-25 03:45:00,2.4352,2006-06-25 02:30:00,5.5000
10322000,40.716124,-116.093336,2006-06-28 14:45:00,2006-06-30 02:45:00,3.4263,2006-06-28 21:00:00,6.2500
10322000,40.716124,-116.093336,2006-07-02 19:45:00,2006-07-03 04:15:00,3.0865,2006-07-02 23:45:00,4.0000
10322000,40.716124,-116.093336,2006-07-15 21:15:00,2006-07-16 03:15:00,2.5768,2006-07-15 22:00:00,0.7500
10322000,40.716124,-116.093336,2008-05-09 02:00:00,2008-05-16 01:45:00,2.5768,2008-05-10 23:15:00,45.2500
10322000,40.716124,-116.093336,2008-05-17 15:00:00,2008-05-21 02:15:00,2.2370,2008-05-19 23:00:00,56.0000
10322000,40.716124,-116.093336,2008-07-06 15:00:00,2008-07-06 19:30:00,2.0671,2008-07-06 19:15:00,4.2500
10322000,40.716124,-116.093336,2009-04-21 04:15:00,2009-04-27 01:45:00,2.2087,2009-04-23 20:15:00,64.0000
10322000,40.716124,-116.093336,2009-05-04 05:00:00,2009-05-10 02:00:00,2.3220,2009-05-05 21:30:00,40.5000
10322000,40.716124,-116.093336,2011-01-19 14:00:00,2011-01-26 06:15:00,2.9450,2011-01-19 22:45:00,8.7500
10322000,40.716124,-116.093336,2016-03-06 20:15:00,2016-03-19 05:45:00,6.8244,2016-03-08 02:30:00,30.2500
10322000,40.716124,-116.093336,2016-03-22 17:45:00,2016-03-26 16:30:00,2.3503,2016-03-23 20:15:00,26.5000
10322000,40.716124,-116.093336,2016-03-29 07:45:00,2016-03-30 18:15:00,2.1238,2016-03-30 00:45:00,17.0000
10322000,40.716124,-116.093336,2016-04-08 05:00:00,2016-04-27 23:45:00,4.1626,2016-04-15 15:30:00,178.5000
10322000,40.716124,-116.093336,2016-05-04 01:00:00,2016-05-04 17:00:00,2.2937,2016-05-04 05:00:00,4.0000
10322000,40.716124,-116.093336,2016-05-07 09:15:00,2016-05-08 08:45:00,2.0954,2016-05-07 10:30:00,1.2500
10322000,40.716124,-116.093336,2016-05-09 11:00:00,2016-05-11 00:45:00,2.4636,2016-05-10 00:30:00,13.5000
10109000,41.743333,-111.781944,1993-05-21 17:00:00,1993-05-23 15:00:00,34.2634,1993-05-22 12:00:00,19.0000
10109000,41.743333,-111.781944,1993-05-26 09:00:00,1993-05-29 12:00:00,34.2634,1993-05-27 11:00:00,26.0000
10109000,41.743333,-111.781944,1995-06-06 12:30:00,1995-06-06 13:15:00,32.5644,1995-06-06 12:45:00,0.2500
10109000,41.743333,-111.781944,1995-06-14 06:30:00,1995-06-17 13:15:00,36.2456,1995-06-15 09:30:00,27.0000
10109000,41.743333,-111.781944,1996-05-17 07:15:00,1996-05-20 05:00:00,41.0594,1996-05-18 23:00:00,39.7500
10109000,41.743333,-111.781944,1996-06-05 13:45:00,1996-06-14 14:00:00,36.5287,1996-06-10 11:30:00,117.7500
10109000,41.743333,-111.781944,1997-05-14 09:30:00,1997-05-27 16:15:00,48.1386,1997-05-22 11:45:00,194.2500
10109000,41.743333,-111.781944,1997-05-29 11:30:00,1997-06-16 01:00:00,41.3426,1997-06-01 08:00:00,68.5000
10109000,41.743333,-111.781944,1997-06-19 01:30:00,1997-06-19 02:15:00,34.2634,1997-06-19 01:45:00,0.2500
10109000,41.743333,-111.781944,1999-05-24 12:40:00,1999-06-06 00:10:00,41.9089,1999-05-30 11:10:00,142.5000
10109000,41.743333,-111.781944,1999-06-07 08:40:00,1999-06-10 13:55:00,33.9802,1999-06-08 08:10:00,23.5000
10109000,41.743333,-111.781944,1999-06-13 07:40:00,1999-06-22 21:25:00,38.2277,1999-06-16 16:55:00,81.2500
10109000,41.743333,-111.781944,2005-04-28 17:45:00,2005-04-28 21:00:00,33.4139,2005-04-28 18:00:00,0.2500
10109000,41.743333,-111.781944,2005-05-23 13:15:00,2005-05-27 17:00:00,35.6792,2005-05-24 12:15:00,23.0000
10109000,41.743333,-111.781944,2006-05-16 10:30:00,2006-05-29 10:45:00,45.3070,2006-05-21 11:00:00,120.5000
10109000,41.743333,-111.781944,2006-06-08 13:30:00,2006-06-11 18:45:00,33.1307,2006-06-10 12:30:00,47.0000
10109000,41.743333,-111.781944,2011-05-24 16:45:00,2011-05-24 17:00:00,32.5644,2011-05-24 17:00:00,0.2500
10109000,41.743333,-111.781944,2011-06-17 06:00:00,2011-07-14 00:00:00,48.4218,2011-06-25 12:30:00,198.5000
10299100,38.648611,-119.325000,2006-05-19 08:30:00,2006-05-21 07:00:00,5.7766,2006-05-20 12:30:00,28.0000
10299100,38.648611,-119.325000,2010-06-05 04:30:00,2010-06-08 11:15:00,5.0687,2010-06-05 05:30:00,1.0000
10299100,38.648611,-119.325000,2010-07-17 03:30:00,2010-07-17 06:00:00,7.8438,2010-07-17 05:15:00,1.7500
10299100,38.648611,-119.325000,2011-06-15 20:15:00,2011-06-16 10:45:00,4.0210,2011-06-16 10:15:00,14.0000
10299100,38.648611,-119.325000,2011-06-23 07:45:00,2011-06-24 19:00:00,6.3430,2011-06-24 12:00:00,28.2500
10311100,39.153889,-119.806944,1997-01-02 08:00:00,1997-01-03 09:45:00,3.3131,1997-01-02 15:30:00,7.5000
10311100,39.153889,-119.806944,2005-12-31 08:30:00,2005-12-31 18:45:00,2.4636,2005-12-31 16:30:00,8.0000
10320000,40.685000,-115.812500,1995-06-06 14:15:00,1995-06-07 21:45:00,45.3070,1995-06-07 01:45:00,11.5000
10320000,40.685000,-115.812500,2005-05-20 19:15:00,2005-05-26 06:45:00,63.1466,2005-05-25 14:45:00,115.5000
10320000,40.685000,-115.812500,2005-05-28 07:00:00,2005-06-03 18:30:00,63.9961,2005-05-30 02:30:00,43.5000
10320000,40.685000,-115.812500,2006-05-17 19:14:00,2006-05-24 21:59:00,48.4218,2006-05-17 22:44:00,3.5000
10320000,40.685000,-115.812500,2010-06-07 16:00:00,2010-06-11 18:45:00,54.6515,2010-06-08 03:45:00,11.7500
10320000,40.685000,-115.812500,2011-06-14 18:15:00,2011-06-17 06:45:00,47.8555,2011-06-17 03:00:00,56.7500
10320000,40.685000,-115.812500,2011-06-23 23:15:00,2011-06-26 18:45:00,44.7406,2011-06-25 20:30:00,45.2500
10336660,39.107500,-120.161111,1989-03-08 11:30:00,1989-03-10 11:00:00,7.1075,1989-03-09 02:00:00,14.5000
10336660,39.107500,-120.161111,1989-04-09 03:30:00,1989-04-11 14:00:00,5.8050,1989-04-11 04:15:00,48.7500
10336660,39.107500,-120.161111,1989-04-15 01:30:00,1989-04-22 06:15:00,5.9182,1989-04-21 03:30:00,146.0000
10336660,39.107500,-120.161111,1989-05-05 01:45:00,1989-05-10 09:15:00,8.6083,1989-05-08 06:00:00,76.2500
10336660,39.107500,-120.161111,1991-05-26 01:00:00,1991-05-26 04:45:00,5.0121,1991-05-26 02:15:00,1.2500
10336660,39.107500,-120.161111,1993-03-17 20:45:00,1993-03-18 07:30:00,6.6545,1993-03-18 01:15:00,4.5000
10336660,39.107500,-120.161111,1993-05-01 01:30:00,1993-05-01 12:30:00,5.1253,1993-05-01 04:15:00,2.7500
10336660,39.107500,-120.161111,1993-05-03 00:00:00,1993-05-04 10:45:00,5.7766,1993-05-03 05:00:00,5.0000
10336660,39.107500,-120.161111,1993-05-30 04:00:00,1993-06-05 20:15:00,15.1212,1993-05-31 19:45:00,39.7500
10336660,39.107500,-120.161111,1993-06-10 23:30:00,1993-06-21 09:15:00,7.1925,1993-06-15 04:15:00,100.7500
10336660,39.107500,-120.161111,1995-03-09 20:15:00,1995-03-11 12:45:00,9.3162,1995-03-10 01:30:00,5.2500
10336660,39.107500,-120.161111,1995-04-29 14:45:00,1995-05-04 07:30:00,18.0095,1995-05-01 15:15:00,48.5000
10336660,39.107500,-120.161111,1995-06-10 02:30:00,1995-06-17 08:00:00,9.8826,1995-06-12 05:15:00,50.7500
10336660,39.107500,-120.161111,1995-06-18 22:00:00,1995-06-27 06:45:00,12.9974,1995-06-27 03:00:00,197.0000
10336660,39.107500,-120.161111,1995-12-12 09:30:00,1995-12-13 02:15:00,13.9602,1995-12-12 15:15:00,5.7500
10336660,39.107500,-120.161111,1996-02-05 00:00:00,1996-02-06 16:45:00,18.4909,1996-02-05 11:00:00,11.0000
10336660,39.107500,-120.161111,1996-05-01 01:00:00,1996-05-04 10:15:00,6.2863,1996-05-02 04:45:00,27.7500
10336660,39.107500,-120.161111,1996-05-08 02:30:00,1996-05-08 09:15:00,4.9554,1996-05-08 04:00:00,1.5000
10336660,39.107500,-120.161111,1996-05-10 04:30:00,1996-05-23 09:45:00,27.2691,1996-05-16 12:00:00,151.5000
10336660,39.107500,-120.161111,1996-06-02 03:15:00,1996-06-09 06:30:00,5.5784,1996-06-04 02:30:00,47.2500
10336660,39.107500,-120.161111,1996-11-18 05:30:00,1996-11-18 19:00:00,9.1463,1996-11-18 13:15:00,7.7500
10336660,39.107500,-120.161111,1996-12-05 14:15:00,1996-12-05 21:45:00,7.0509,1996-12-05 17:45:00,3.5000
10336660,39.107500,-120.161111,1996-12-12 06:30:00,1996-12-12 07:45:00,5.6351,1996-12-12 07:45:00,1.2500
10336660,39.107500,-120.161111,1996-12-31 00:15:00,1997-01-05 15:30:00,83.2515,1997-01-01 22:15:00,46.0000
10336660,39.107500,-120.161111,1997-04-19 08:30:00,1997-04-24 06:30:00,7.5889,1997-04-19 14:00:00,5.5000
10336660,39.107500,-120.161111,1997-04-25 17:55:00,1997-04-28 17:55:00,6.7960,1997-04-26 20:55:00,27.0000
10336660,39.107500,-120.161111,1997-05-14 07:00:00,1997-05-20 06:15:00,5.4652,1997-05-15 02:45:00,19.7500
10336660,39.107500,-120.161111,1998-03-23 11:45:00,1998-03-25 13:45:00,11.0436,1998-03-24 13:15:00,25.5000
10336660,39.107500,-120.161111,1998-05-25 02:30:00,1998-05-26 04:45:00,5.4368,1998-05-25 12:45:00,10.2500
10336660,39.107500,-120.161111,1998-06-02 00:00:00,1998-07-07 06:30:00,12.2329,1998-06-07 07:45:00,127.7500
10336660,39.107500,-120.161111,1999-05-13 00:30:00,1999-05-13 08:45:00,5.3236,1999-05-13 03:15:00,2.7500
10336660,39.107500,-120.161111,1999-06-04 21:45:00,1999-06-07 09:30:00,5.9749,1999-06-06 00:00:00,26.2500
10336660,39.107500,-120.161111,1999-06-11 00:45:00,1999-06-25 16:15:00,8.2402,1999-06-19 05:15:00,196.5000
10336660,39.107500,-120.161111,2000-05-05 00:15:00,2000-05-06 03:30:00,5.0404,2000-05-05 02:00:00,1.7500
10336660,39.107500,-120.161111,2000-05-08 02:30:00,2000-05-08 06:45:00,6.7111,2000-05-08 06:45:00,4.2500
10336660,39.107500,-120.161111,2000-05-21 02:45:00,2000-05-22 06:45:00,6.2863,2000-05-22 02:30:00,23.7500
10336660,39.107500,-120.161111,2000-05-26 07:00:00,2000-05-29 08:30:00,5.3236,2000-05-27 02:30:00,19.5000
10336660,39.107500,-120.161111,2002-05-15 02:00:00,2002-05-19 08:30:00,6.7111,2002-05-18 02:15:00,72.2500
10336660,39.107500,-120.161111,2002-05-30 01:00:00,2002-06-01 07:30:00,5.8333,2002-05-31 03:00:00,26.0000
10336660,39.107500,-120.161111,2003-03-26 18:45:00,2003-03-26 22:45:00,4.9554,2003-03-26 20:00:00,1.2500
10336660,39.107500,-120.161111,2003-05-16 02:30:00,2003-05-16 06:30:00,4.9554,2003-05-16 04:30:00,2.0000
10336660,39.107500,-120.161111,2003-05-21 02:00:00,2003-06-11 02:30:00,10.5339,2003-05-29 02:30:00,192.5000
10336660,39.107500,-120.161111,2004-05-03 01:45:00,2004-05-06 12:00:00,6.8527,2004-05-05 03:15:00,49.5000
10336660,39.107500,-120.161111,2005-05-09 08:45:00,2005-05-09 17:45:00,5.1820,2005-05-09 12:45:00,4.0000
10336660,39.107500,-120.161111,2005-05-15 00:45:00,2005-06-17 14:30:00,21.6624,2005-05-19 16:00:00,111.2500
10336660,39.107500,-120.161111,2005-06-22 01:15:00,2005-06-23 05:15:00,5.4368,2005-06-22 02:45:00,1.5000
10336660,39.107500,-120.161111,2005-12-02 06:30:00,2005-12-02 10:00:00,5.9182,2005-12-02 08:30:00,2.0000
10336660,39.107500,-120.161111,2005-12-22 08:00:00,2005-12-24 01:45:00,22.4553,2005-12-23 01:15:00,17.2500
10336660,39.107500,-120.161111,2005-12-28 05:30:00,2005-12-29 11:00:00,10.8737,2005-12-28 21:45:00,16.2500
10336660,39.107500,-120.161111,2005-12-30 22:15:00,2006-01-03 02:15:00,63.9961,2005-12-31 19:15:00,21.0000
10336660,39.107500,-120.161111,2006-02-27 22:00:00,2006-03-01 11:15:00,13.0824,2006-02-28 09:15:00,11.2500
10336660,39.107500,-120.161111,2006-05-29 03:45:00,2006-05-30 02:45:00,4.9838,2006-05-29 06:00:00,2.2500
10336660,39.107500,-120.161111,2006-05-31 04:00:00,2006-06-13 06:45:00,11.8648,2006-06-05 01:45:00,117.7500
10336660,39.107500,-120.161111,2006-06-18 01:30:00,2006-06-19 06:00:00,4.8988,2006-06-18 02:15:00,0.7500
10336660,39.107500,-120.161111,2006-06-22 01:30:00,2006-06-27 02:45:00,5.7200,2006-06-25 00:30:00,71.0000
10336660,39.107500,-120.161111,2006-06-28 03:00:00,2006-06-28 07:45:00,4.8988,2006-06-28 05:30:00,2.5000
10336660,39.107500,-120.161111,2007-05-10 03:15:00,2007-05-10 04:30:00,5.0404,2007-05-10 04:30:00,1.2500
10336660,39.107500,-120.161111,2008-05-08 02:30:00,2008-05-08 04:15:00,4.8139,2008-05-08 03:00:00,0.5000
10336660,39.107500,-120.161111,2008-05-12 01:00:00,2008-05-12 06:15:00,5.8333,2008-05-12 02:30:00,1.5000
10336660,39.107500,-120.161111,2008-05-15 00:30:00,2008-05-19 22:45:00,9.7127,2008-05-18 04:15:00,75.7500
10336660,39.107500,-120.161111,2009-04-22 03:30:00,2009-04-23 10:30:00,5.3236,2009-04-23 06:15:00,26.7500
10336660,39.107500,-120.161111,2009-05-01 22:30:00,2009-05-16 06:45:00,16.9618,2009-05-05 14:00:00,87.5000
10336660,39.107500,-120.161111,2009-05-17 07:00:00,2009-05-24 10:15:00,7.6739,2009-05-18 03:00:00,20.0000
10336660,39.107500,-120.161111,2010-05-17 03:15:00,2010-05-17 11:45:00,5.2669,2010-05-17 06:15:00,3.0000
10336660,39.107500,-120.161111,2010-05-20 05:45:00,2010-05-21 13:30:00,6.2014,2010-05-21 04:45:00,23.0000
10336660,39.107500,-120.161111,2010-06-02 01:15:00,2010-06-20 06:30:00,13.0824,2010-06-07 01:15:00,120.0000
10336660,39.107500,-120.161111,2010-06-23 00:30:00,2010-06-24 09:30:00,5.6634,2010-06-24 02:15:00,25.7500
10336660,39.107500,-120.161111,2010-06-26 23:15:00,2010-06-29 07:15:00,5.4368,2010-06-27 01:00:00,1.7500
10336660,39.107500,-120.161111,2011-04-20 02:45:00,2011-04-20 07:30:00,4.8705,2011-04-20 04:00:00,1.2500
10336660,39.107500,-120.161111,2011-05-06 03:45:00,2011-05-09 03:30:00,7.3057,2011-05-08 07:30:00,51.7500
10336660,39.107500,-120.161111,2011-05-13 00:45:00,2011-05-16 19:30:00,8.9764,2011-05-14 07:00:00,30.2500
10336660,39.107500,-120.161111,2011-05-18 12:00:00,2011-05-18 13:00:00,5.6917,2011-05-18 12:15:00,0.2500
10336660,39.107500,-120.161111,2011-06-06 10:45:00,2011-06-06 21:15:00,6.1731,2011-06-06 16:15:00,5.5000
10336660,39.107500,-120.161111,2012-04-22 01:00:00,2012-04-22 06:45:00,6.2297,2012-04-22 04:15:00,3.2500
10336660,39.107500,-120.161111,2012-04-23 08:45:00,2012-04-27 12:30:00,13.6770,2012-04-26 17:30:00,80.7500
10336660,39.107500,-120.161111,2012-05-15 01:00:00,2012-05-15 06:30:00,6.7111,2012-05-15 05:15:00,4.2500
10336660,39.107500,-120.161111,2012-11-30 19:00:00,2012-12-01 06:30:00,6.2580,2012-11-30 23:15:00,4.2500
10336660,39.107500,-120.161111,2012-12-02 10:30:00,2012-12-03 05:15:00,34.8297,2012-12-02 18:45:00,8.2500
10336660,39.107500,-120.161111,2012-12-05 16:00:00,2012-12-06 03:15:00,7.3057,2012-12-05 20:15:00,4.2500
10336660,39.107500,-120.161111,2015-02-09 01:00:00,2015-02-10 01:15:00,18.1794,2015-02-09 04:15:00,3.2500
10336660,39.107500,-120.161111,2016-01-30 04:15:00,2016-01-31 02:45:00,14.8097,2016-01-30 11:15:00,7.0000
10336660,39.107500,-120.161111,2016-03-06 01:00:00,2016-03-06 16:45:00,8.2402,2016-03-06 08:15:00,7.2500
10336660,39.107500,-120.161111,2016-03-21 08:30:00,2016-03-21 18:30:00,5.8899,2016-03-21 11:45:00,3.2500
10336660,39.107500,-120.161111,2016-04-10 05:45:00,2016-04-10 15:30:00,5.4085,2016-04-10 08:00:00,2.2500
10336660,39.107500,-120.161111,2016-05-10 01:30:00,2016-05-10 08:00:00,5.1253,2016-05-10 04:00:00,2.5000
10336660,39.107500,-120.161111,2016-05-13 01:00:00,2016-05-16 04:30:00,6.4846,2016-05-14 05:45:00,28.7500
10336660,39.107500,-120.161111,2016-05-18 00:30:00,2016-05-20 07:30:00,5.3519,2016-05-20 03:30:00,51.0000
10336660,39.107500,-120.161111,2016-06-02 01:45:00,2016-06-02 03:45:00,4.8422,2016-06-02 02:00:00,0.2500
10336775,38.903339,-119.968889,1995-06-30 06:45:00,1995-06-30 10:45:00,9.5428,1995-06-30 08:15:00,1.5000
10336775,38.903339,-119.968889,1997-01-01 21:15:00,1997-01-03 08:45:00,14.8947,1997-01-02 18:15:00,21.0000
10338500,39.323611,-120.233333,1997-01-01 04:45:00,1997-01-10 15:00:00,24.4374,1997-01-02 22:30:00,41.7500
10338500,39.323611,-120.233333,1999-05-26 17:15:00,1999-05-28 00:30:00,13.9885,1999-05-26 18:00:00,0.7500
10338500,39.323611,-120.233333,2005-05-19 17:15:00,2005-05-23 15:45:00,16.0840,2005-05-20 03:30:00,10.2500
10338500,39.323611,-120.233333,2005-12-31 15:00:00,2006-01-03 17:30:00,13.5355,2006-01-01 05:15:00,14.2500
10338500,39.323611,-120.233333,2009-05-02 09:30:00,2009-05-04 19:45:00,14.0735,2009-05-02 10:00:00,0.5000
10338500,39.323611,-120.233333,2011-06-29 16:45:00,2011-06-30 15:30:00,12.5444,2011-06-29 17:45:00,1.0000
10338500,39.323611,-120.233333,2012-04-26 16:00:00,2012-04-27 15:15:00,16.6503,2012-04-27 01:00:00,9.0000
10339400,39.328889,-120.116667,1995-06-06 18:30:00,1995-06-06 21:30:00,16.7069,1995-06-06 19:15:00,0.7500
10339400,39.328889,-120.116667,1995-07-17 19:30:00,1995-07-17 22:45:00,16.2256,1995-07-17 20:30:00,1.0000
10339400,39.328889,-120.116667,2006-01-01 18:15:00,2006-01-07 07:15:00,18.6891,2006-01-03 03:30:00,33.2500
10339400,39.328889,-120.116667,2006-03-03 21:15:00,2006-03-05 11:45:00,19.1139,2006-03-03 22:15:00,1.0000
10339400,39.328889,-120.116667,2006-04-04 23:15:00,2006-04-05 22:00:00,17.1883,2006-04-04 23:30:00,0.2500
10339400,39.328889,-120.116667,2006-04-20 19:15:00,2006-04-20 19:30:00,14.1867,2006-04-20 19:30:00,0.2500
10344500,39.386944,-120.094444,1997-01-04 16:45:00,1997-01-16 16:30:00,77.0218,1997-01-08 22:30:00,101.7500
10344500,39.386944,-120.094444,2006-03-03 01:15:00,2006-03-04 01:00:00,54.0852,2006-03-03 16:45:00,15.5000
10311200,39.176389,-119.804722,1997-01-02 11:03:00,1997-01-02 23:03:00,9.5145,1997-01-02 13:18:00,2.2500
10311200,39.176389,-119.804722,2005-12-31 12:15:00,2006-01-01 07:15:00,3.5113,2005-12-31 19:00:00,6.7500
10293000,38.327778,-119.213889,1995-07-08 15:30:00,1995-07-15 15:00:00,33.1307,1995-07-08 20:00:00,4.5000
10293000,38.327778,-119.213889,1997-01-01 18:15:00,1997-01-10 16:15:00,54.0852,1997-01-04 11:30:00,65.2500
10296000,38.379722,-119.449167,1995-06-05 03:45:00,1995-06-05 19:15:00,86.3664,1995-06-05 09:15:00,5.5000
10296000,38.379722,-119.449167,1995-06-12 09:00:00,1995-06-14 13:15:00,79.2872,1995-06-13 12:15:00,27.2500
10296000,38.379722,-119.449167,1995-06-25 05:30:00,1995-07-02 14:15:00,94.8614,1995-06-28 14:00:00,80.5000
10296000,38.379722,-119.449167,1995-07-04 08:30:00,1995-07-04 12:30:00,72.4911,1995-07-04 09:30:00,1.0000
10296000,38.379722,-119.449167,1995-07-06 07:30:00,1995-07-11 13:15:00,109.3030,1995-07-09 11:45:00,76.2500
10296000,38.379722,-119.449167,1996-05-16 08:15:00,1996-05-17 05:45:00,130.5407,1996-05-16 18:00:00,9.7500
10296000,38.379722,-119.449167,1997-01-02 01:30:00,1997-01-04 04:15:00,348.2972,1997-01-02 23:00:00,21.5000
10296000,38.379722,-119.449167,1998-06-17 07:00:00,1998-06-17 09:15:00,73.0575,1998-06-17 07:15:00,0.2500
10296000,38.379722,-119.449167,1998-06-22 05:30:00,1998-06-22 12:00:00,73.3406,1998-06-22 08:45:00,3.2500
10296000,38.379722,-119.449167,1998-07-09 08:45:00,1998-07-09 11:00:00,72.2080,1998-07-09 09:30:00,0.7500
10296000,38.379722,-119.449167,1999-05-29 04:45:00,1999-05-29 09:30:00,74.4733,1999-05-29 07:30:00,2.7500
10296000,38.379722,-119.449167,2003-05-29 02:30:00,2003-05-31 12:45:00,85.2337,2003-05-30 08:45:00,30.2500
10296000,38.379722,-119.449167,2005-05-16 15:00:00,2005-05-17 10:30:00,97.1268,2005-05-17 01:00:00,10.0000
10296000,38.379722,-119.449167,2005-05-19 00:45:00,2005-05-21 16:00:00,91.4634,2005-05-21 05:30:00,52.7500
10296000,38.379722,-119.449167,2005-05-23 04:30:00,2005-05-29 18:15:00,98.2595,2005-05-28 10:30:00,126.0000
10296000,38.379722,-119.449167,2005-06-02 06:30:00,2005-06-02 12:45:00,76.1723,2005-06-02 07:00:00,0.5000
10296000,38.379722,-119.449167,2005-06-15 06:45:00,2005-06-16 11:30:00,75.3228,2005-06-15 09:15:00,2.5000
10296000,38.379722,-119.449167,2006-05-15 06:15:00,2006-05-21 14:00:00,106.7545,2006-05-20 08:30:00,122.2500
10296000,38.379722,-119.449167,2006-06-04 05:30:00,2006-06-09 14:30:00,99.3921,2006-06-07 07:00:00,73.5000
10296000,38.379722,-119.449167,2010-06-05 01:00:00,2010-06-10 07:30:00,105.6218,2010-06-07 07:00:00,54.0000
10296000,38.379722,-119.449167,2010-10-25 06:45:00,2010-10-25 13:15:00,96.5604,2010-10-25 10:00:00,3.2500
10296000,38.379722,-119.449167,2011-06-14 09:15:00,2011-06-17 18:45:00,89.4812,2011-06-16 10:45:00,49.5000
10296000,38.379722,-119.449167,2011-06-19 07:00:00,2011-06-25 17:15:00,114.4001,2011-06-24 09:30:00,122.5000
10296000,38.379722,-119.449167,2011-06-28 06:15:00,2011-06-30 06:30:00,97.6931,2011-06-29 19:15:00,37.0000
10296000,38.379722,-119.449167,2011-07-03 07:45:00,2011-07-05 15:15:00,80.9862,2011-07-05 10:30:00,50.7500
10296000,38.379722,-119.449167,2011-07-07 06:15:00,2011-07-08 15:15:00,84.6674,2011-07-08 09:00:00,26.7500
10308200,38.714722,-119.763889,1993-05-18 04:30:00,1993-05-22 07:45:00,83.5347,1993-05-19 08:45:00,28.2500
10308200,38.714722,-119.763889,1993-05-24 04:45:00,1993-05-25 08:00:00,75.3228,1993-05-24 07:30:00,2.7500
10308200,38.714722,-119.763889,1995-03-09 22:45:00,1995-03-11 08:45:00,167.3526,1995-03-11 04:15:00,29.5000
10308200,38.714722,-119.763889,1995-05-01 11:30:00,1995-05-02 14:45:00,137.6199,1995-05-02 02:15:00,14.7500
10308200,38.714722,-119.763889,1995-05-22 04:00:00,1995-05-22 14:30:00,79.0040,1995-05-22 07:45:00,3.7500
10308200,38.714722,-119.763889,1995-05-29 03:45:00,1995-06-06 19:30:00,144.9823,1995-06-05 06:00:00,170.2500
10308200,38.714722,-119.763889,1995-06-11 04:30:00,1995-06-15 15:30:00,110.7189,1995-06-12 05:45:00,25.2500
10308200,38.714722,-119.763889,1995-06-23 05:30:00,1995-07-11 08:30:00,118.3644,1995-06-26 08:00:00,74.5000
10308200,38.714722,-119.763889,1996-05-13 04:15:00,1996-05-16 06:45:00,118.6476,1996-05-16 06:45:00,74.5000
10308200,38.714722,-119.763889,1996-05-18 07:00:00,1996-05-19 14:00:00,154.0436,1996-05-18 13:00:00,6.0000
10308200,38.714722,-119.763889,1996-06-07 08:30:00,1996-06-08 10:45:00,72.4911,1996-06-08 08:00:00,23.5000
10308200,38.714722,-119.763889,1997-01-01 11:45:00,1997-01-04 07:45:00,535.1884,1997-01-02 21:45:00,34.0000
10308200,38.714722,-119.763889,1998-03-24 16:30:00,1998-03-25 00:45:00,74.7565,1998-03-24 16:45:00,0.2500
10308200,38.714722,-119.763889,1999-05-24 03:00:00,1999-05-30 02:00:00,108.1704,1999-05-29 04:15:00,121.2500
10308200,38.714722,-119.763889,1999-05-31 03:45:00,1999-05-31 09:00:00,72.2080,1999-05-31 05:00:00,1.2500
10308200,38.714722,-119.763889,2003-05-28 04:00:00,2003-05-31 12:00:00,88.0654,2003-05-30 05:15:00,49.2500
10308200,38.714722,-119.763889,2005-05-16 09:45:00,2005-05-17 11:15:00,140.4516,2005-05-16 20:30:00,10.7500
10308200,38.714722,-119.763889,2005-05-18 16:15:00,2005-05-29 17:15:00,134.2219,2005-05-21 04:30:00,60.2500
10308200,38.714722,-119.763889,2005-06-01 04:30:00,2005-06-02 10:30:00,73.6238,2005-06-02 06:30:00,26.0000
10308200,38.714722,-119.763889,2005-12-31 06:15:00,2005-12-31 07:45:00,87.4991,2005-12-31 07:45:00,1.5000
10308200,38.714722,-119.763889,2006-02-28 09:45:00,2006-02-28 12:45:00,74.7565,2006-02-28 11:30:00,1.7500
10308200,38.714722,-119.763889,2006-05-02 05:15:00,2006-05-02 08:30:00,69.9426,2006-05-02 06:30:00,1.2500
10308200,38.714722,-119.763889,2006-05-08 06:00:00,2006-05-09 12:15:00,75.8891,2006-05-09 07:30:00,25.5000
10308200,38.714722,-119.763889,2006-05-11 07:45:00,2006-05-22 17:30:00,123.4615,2006-05-19 07:30:00,191.7500
10308200,38.714722,-119.763889,2006-05-25 02:30:00,2006-05-26 11:15:00,75.3228,2006-05-25 06:15:00,3.7500
10308200,38.714722,-119.763889,2006-06-03 03:45:00,2006-06-09 10:15:00,88.9149,2006-06-07 06:30:00,98.7500
10308200,38.714722,-119.763889,2010-06-04 04:00:00,2010-06-10 11:00:00,112.7010,2010-06-06 04:30:00,48.5000
10308200,38.714722,-119.763889,2010-10-25 01:45:00,2010-10-25 12:30:00,116.9486,2010-10-25 05:30:00,3.7500
10308200,38.714722,-119.763889,2011-03-16 07:45:00,2011-03-16 18:45:00,92.0298,2011-03-16 15:15:00,7.5000
10308200,38.714722,-119.763889,2011-05-07 05:00:00,2011-05-08 13:30:00,74.1901,2011-05-08 08:45:00,27.7500
10308200,38.714722,-119.763889,2011-05-14 06:45:00,2011-05-14 08:45:00,70.5089,2011-05-14 07:00:00,0.2500
10308200,38.714722,-119.763889,2011-06-28 05:00:00,2011-06-30 09:30:00,117.7981,2011-06-29 15:30:00,34.5000
10308789,38.716944,-119.659167,2005-12-31 14:00:00,2005-12-31 19:30:00,1.9255,2005-12-31 16:30:00,2.5000
10308789,38.716944,-119.659167,2006-04-28 23:00:00,2006-05-01 01:30:00,1.3592,2006-04-30 22:30:00,47.5000
10315500,41.252778,-115.255556,1989-04-20 11:00:00,1989-04-25 19:00:00,15.3760,1989-04-23 01:00:00,62.0000
10315500,41.252778,-115.255556,1993-03-27 20:00:00,1993-04-01 19:00:00,15.8291,1993-03-29 23:00:00,51.0000
10315500,41.252778,-115.255556,1996-05-16 22:00:00,1996-05-21 12:00:00,16.7353,1996-05-19 07:00:00,57.0000
10315500,41.252778,-115.255556,1997-05-14 02:00:00,1997-05-23 08:00:00,15.7725,1997-05-17 19:00:00,89.0000
10315500,41.252778,-115.255556,2005-05-11 21:15:00,2005-05-12 09:15:00,12.4594,2005-05-11 23:15:00,2.0000
10315500,41.252778,-115.255556,2005-05-18 09:30:00,2005-06-02 15:15:00,26.3347,2005-05-19 06:30:00,21.0000
10315500,41.252778,-115.255556,2011-04-20 16:15:00,2011-04-24 09:30:00,16.5654,2011-04-21 13:30:00,21.2500
10315500,41.252778,-115.255556,2011-05-09 23:45:00,2011-05-21 08:45:00,22.9933,2011-05-17 19:15:00,187.5000
10315500,41.252778,-115.255556,2011-05-24 02:15:00,2011-05-27 05:00:00,13.9319,2011-05-26 03:00:00,48.7500
10343000,39.456667,-120.286111,1997-01-02 14:30:00,1997-01-06 20:15:00,9.2030,1997-01-04 02:00:00,35.5000
10343000,39.456667,-120.286111,2002-11-13 00:00:00,2002-11-13 00:45:00,6.9659,2002-11-13 00:15:00,0.2500
10343000,39.456667,-120.286111,2003-06-02 19:00:00,2003-06-02 19:45:00,6.7394,2003-06-02 19:15:00,0.2500
10343000,39.456667,-120.286111,2005-05-20 03:15:00,2005-05-23 20:45:00,7.9854,2005-05-23 16:00:00,84.7500
10343000,39.456667,-120.286111,2005-12-31 00:30:00,2006-01-05 02:30:00,7.5040,2005-12-31 18:00:00,17.5000
10343000,39.456667,-120.286111,2011-06-23 01:15:00,2011-06-24 02:30:00,8.1553,2011-06-23 19:30:00,18.2500
10343000,39.456667,-120.286111,2016-05-06 15:30:00,2016-05-06 22:45:00,6.9659,2016-05-06 16:00:00,0.5000
10154200,40.557778,-111.168056,1990-06-11 18:00:00,1990-06-11 21:00:00,58.3327,1990-06-11 19:00:00,1.0000
10154200,40.557778,-111.168056,1991-05-27 05:00:00,1991-05-27 07:00:00,56.0674,1991-05-27 06:00:00,1.0000
10154200,40.557778,-111.168056,1993-05-19 04:00:00,1993-05-27 12:00:00,78.7208,1993-05-22 12:00:00,80.0000
10154200,40.557778,-111.168056,1993-05-31 01:00:00,1993-06-02 15:00:00,67.6773,1993-05-31 06:00:00,5.0000
10154200,40.557778,-111.168056,1995-06-06 03:00:00,1995-06-06 21:00:00,67.1109,1995-06-06 08:00:00,5.0000
10154200,40.557778,-111.168056,1995-06-13 02:00:00,1995-06-16 18:00:00,77.3050,1995-06-15 05:00:00,51.0000
10154200,40.557778,-111.168056,1995-06-20 03:00:00,1995-06-22 07:00:00,57.2000,1995-06-20 05:00:00,2.0000
10154200,40.557778,-111.168056,1995-06-25 04:00:00,1995-06-25 07:00:00,56.3505,1995-06-25 05:00:00,1.0000
10154200,40.557778,-111.168056,1996-05-14 04:00:00,1996-05-18 16:00:00,72.7743,1996-05-17 05:00:00,73.0000
10154200,40.557778,-111.168056,1997-05-15 03:00:00,1997-05-25 01:00:00,78.1545,1997-05-18 07:00:00,76.0000
10154200,40.557778,-111.168056,1997-06-01 03:00:00,1997-06-06 17:00:00,72.7743,1997-06-04 04:00:00,73.0000
10154200,40.557778,-111.168056,1998-06-02 04:00:00,1998-06-02 10:00:00,57.4832,1998-06-02 06:00:00,2.0000
10154200,40.557778,-111.168056,1999-05-26 01:00:00,1999-05-31 15:45:00,70.5089,1999-05-29 06:00:00,77.0000
10154200,40.557778,-111.168056,2000-05-24 03:45:00,2000-05-24 09:15:00,56.9169,2000-05-24 05:30:00,1.7500
10154200,40.557778,-111.168056,2000-05-26 06:00:00,2000-05-26 13:30:00,59.7485,2000-05-26 09:00:00,3.0000
10154200,40.557778,-111.168056,2001-05-16 14:15:00,2001-05-17 13:30:00,65.4119,2001-05-17 03:00:00,12.7500
10154200,40.557778,-111.168056,2003-05-24 03:15:00,2003-05-30 10:15:00,64.8456,2003-05-27 05:00:00,73.7500
10154200,40.557778,-111.168056,2005-05-29 04:00:00,2005-05-29 07:00:00,55.2179,2005-05-29 04:45:00,0.7500
10154200,40.557778,-111.168056,2006-05-22 03:45:00,2006-05-22 08:15:00,55.7842,2006-05-22 05:15:00,1.5000
10154200,40.557778,-111.168056,2006-05-26 01:00:00,2006-05-27 16:00:00,60.8812,2006-05-27 06:00:00,29.0000
10154200,40.557778,-111.168056,2008-05-19 04:45:00,2008-05-22 02:15:00,79.0040,2008-05-21 05:30:00,48.7500
10154200,40.557778,-111.168056,2009-05-19 02:30:00,2009-05-21 06:15:00,62.0139,2009-05-19 05:50:00,3.3333
10154200,40.557778,-111.168056,2010-06-05 01:15:00,2010-06-11 13:30:00,91.4634,2010-06-07 04:20:00,51.0833
10154200,40.557778,-111.168056,2011-06-09 02:15:00,2011-06-09 12:45:00,59.1822,2011-06-09 05:45:00,3.5000
10154200,40.557778,-111.168056,2011-06-11 06:45:00,2011-06-13 07:15:00,61.1644,2011-06-12 05:30:00,22.7500
10154200,40.557778,-111.168056,2011-07-06 03:30:00,2011-07-06 15:00:00,60.0317,2011-07-06 09:30:00,6.0000
10154200,40.557778,-111.168056,2014-05-26 04:15:00,2014-05-30 13:00:00,66.8278,2014-05-28 05:15:00,49.0000
10321000,40.727778,-116.008333,1993-03-22 02:00:00,1993-03-31 09:00:00,83.2515,1993-03-28 23:00:00,165.0000
10321000,40.727778,-116.008333,1995-06-05 03:00:00,1995-06-22 06:00:00,186.3249,1995-06-08 05:00:00,74.0000
10321000,40.727778,-116.008333,1995-06-29 07:00:00,1995-07-06 22:00:00,82.9684,1995-07-02 04:00:00,69.0000
10321000,40.727778,-116.008333,1996-05-19 01:00:00,1996-05-23 20:00:00,75.0396,1996-05-20 07:00:00,30.0000
10321000,40.727778,-116.008333,1996-06-11 07:00:00,1996-06-12 06:00:00,63.4297,1996-06-12 04:00:00,21.0000
10321000,40.727778,-116.008333,1997-03-24 06:00:00,1997-03-25 02:00:00,62.5802,1997-03-24 17:00:00,11.0000
10321000,40.727778,-116.008333,1997-06-16 07:00:00,1997-06-18 20:00:00,79.2872,1997-06-16 08:00:00,1.0000
10321000,40.727778,-116.008333,1998-05-13 12:45:00,1998-05-13 14:00:00,62.0139,1998-05-13 14:00:00,1.2500
10321000,40.727778,-116.008333,1998-05-15 18:30:00,1998-05-22 15:45:00,72.4911,1998-05-20 08:45:00,110.2500
10321000,40.727778,-116.008333,1998-05-30 01:30:00,1998-05-31 19:30:00,65.1287,1998-05-30 13:15:00,11.7500
10321000,40.727778,-116.008333,1998-06-05 02:45:00,1998-06-30 03:15:00,98.2595,1998-06-12 15:15:00,180.5000
10321000,40.727778,-116.008333,1999-06-02 11:45:00,1999-06-08 23:45:00,75.3228,1999-06-06 18:45:00,103.0000
10321000,40.727778,-116.008333,2005-05-01 02:00:00,2005-05-02 15:00:00,66.2614,2005-05-01 22:00:00,20.0000
10321000,40.727778,-116.008333,2005-06-25 05:00:00,2005-06-28 01:00:00,65.9783,2005-06-26 09:00:00,28.0000
10321000,40.727778,-116.008333,2006-04-05 22:00:00,2006-05-14 09:00:00,125.4436,2006-04-08 17:00:00,67.0000
10321000,40.727778,-116.008333,2006-05-16 03:00:00,2006-06-02 00:00:00,112.4179,2006-05-24 04:00:00,193.0000
10321000,40.727778,-116.008333,2006-06-11 06:00:00,2006-06-12 23:00:00,65.6951,2006-06-11 22:00:00,16.0000
10321000,40.727778,-116.008333,2010-06-08 06:30:00,2010-06-15 01:00:00,84.6674,2010-06-11 13:45:00,79.2500
10321000,40.727778,-116.008333,2011-05-22 01:45:00,2011-05-28 19:30:00,71.9248,2011-05-26 13:00:00,107.2500
10321000,40.727778,-116.008333,2011-06-14 05:00:00,2011-07-09 03:45:00,95.9941,2011-06-19 22:15:00,137.2500
10322500,40.607500,-116.200833,1993-03-22 03:00:00,1993-03-31 16:00:00,105.6218,1993-03-28 12:00:00,153.0000
10322500,40.607500,-116.200833,1995-06-06 06:00:00,1995-06-22 23:00:00,165.6536,1995-06-09 00:00:00,66.0000
10322500,40.607500,-116.200833,1995-06-30 14:00:00,1995-07-03 10:00:00,82.4020,1995-07-02 10:00:00,44.0000
10322500,40.607500,-116.200833,1996-05-20 07:00:00,1996-05-21 10:00:00,75.8891,1996-05-20 12:00:00,5.0000
10322500,40.607500,-116.200833,1997-03-22 10:00:00,1997-03-24 23:00:00,77.3050,1997-03-23 12:00:00,26.0000
10322500,40.607500,-116.200833,1997-05-22 19:30:00,1997-05-23 21:15:00,77.3050,1997-05-22 20:45:00,1.2500
10322500,40.607500,-116.200833,1997-06-08 00:15:00,1997-06-16 04:30:00,99.9585,1997-06-10 00:30:00,48.2500
10322500,40.607500,-116.200833,1998-05-18 14:30:00,1998-05-21 13:15:00,79.0040,1998-05-20 11:15:00,44.7500
10322500,40.607500,-116.200833,1998-06-06 07:00:00,1998-06-09 06:45:00,92.5961,1998-06-07 18:30:00,35.5000
10322500,40.607500,-116.200833,1998-06-10 07:00:00,1998-06-15 06:45:00,94.0119,1998-06-12 22:00:00,63.0000
10322500,40.607500,-116.200833,1998-06-17 07:00:00,1998-06-22 13:00:00,86.6496,1998-06-18 09:00:00,26.0000
10322500,40.607500,-116.200833,1998-06-25 08:00:00,1998-06-28 21:30:00,80.7030,1998-06-25 22:00:00,14.0000
10322500,40.607500,-116.200833,1999-06-02 17:30:00,1999-06-04 06:45:00,76.7387,1999-06-03 17:45:00,24.2500
10322500,40.607500,-116.200833,1999-06-05 13:15:00,1999-06-08 17:15:00,83.8179,1999-06-06 21:30:00,32.2500
10322500,40.607500,-116.200833,2005-05-01 20:00:00,2005-05-02 02:15:00,74.1901,2005-05-01 21:30:00,1.5000
10322500,40.607500,-116.200833,2006-04-05 00:45:00,2006-05-13 07:30:00,179.2456,2006-04-09 06:00:00,101.2500
10322500,40.607500,-116.200833,2006-05-17 07:30:00,2006-06-02 03:00:00,125.4436,2006-05-24 03:15:00,163.7500
10322500,40.607500,-116.200833,2010-06-10 02:30:00,2010-06-12 12:30:00,84.1010,2010-06-12 05:30:00,51.0000
10322500,40.607500,-116.200833,2011-05-22 18:30:00,2011-05-28 08:15:00,81.2693,2011-05-26 19:45:00,97.2500
10322500,40.607500,-116.200833,2011-06-15 05:45:00,2011-07-08 01:45:00,103.6397,2011-06-20 09:00:00,123.2500
10340500,39.373333,-120.130556,1995-03-11 20:45:00,1995-03-13 02:00:00,30.2990,1995-03-11 21:15:00,0.5000
10340500,39.373333,-120.130556,1995-05-01 19:30:00,1995-05-03 15:45:00,44.7406,1995-05-01 21:00:00,1.5000
10340500,39.373333,-120.130556,1997-01-02 18:45:00,1997-01-08 17:30:00,57.4832,1997-01-03 22:15:00,27.5000
10340500,39.373333,-120.130556,1997-01-13 17:45:00,1997-01-15 17:15:00,39.9268,1997-01-13 23:45:00,6.0000
10340500,39.373333,-120.130556,2006-01-02 03:45:00,2006-01-05 20:30:00,57.2000,2006-01-03 20:45:00,41.0000
10348245,39.568889,-119.725556,2006-01-01 01:45:00,2006-01-01 05:45:00,8.0986,2006-01-01 02:45:00,1.0000
10038000,42.126667,-110.972500,1999-06-05 15:45:00,1999-06-12 00:30:00,81.2693,1999-06-08 17:45:00,74.0000
10038000,42.126667,-110.972500,2010-06-17 05:00:00,2010-06-21 12:30:00,86.6496,2010-06-19 04:53:00,47.8833
10038000,42.126667,-110.972500,2011-05-16 07:15:00,2011-05-17 23:15:00,77.0218,2011-05-17 09:30:00,26.2500
10038000,42.126667,-110.972500,2011-05-24 18:00:00,2011-05-28 02:30:00,76.7387,2011-05-25 10:45:00,16.7500
10038000,42.126667,-110.972500,2011-07-08 06:00:00,2011-07-23 01:30:00,105.3387,2011-07-08 11:00:00,5.0000
10131000,40.920556,-111.400833,1993-05-22 09:00:00,1993-05-23 16:00:00,50.6872,1993-05-22 22:00:00,13.0000
10131000,40.920556,-111.400833,2011-04-19 04:00:00,2011-04-19 16:00:00,42.4753,2011-04-19 10:25:00,6.4167
10131000,40.920556,-111.400833,2011-05-09 07:30:00,2011-05-09 17:30:00,34.5466,2011-05-09 11:45:00,4.2500
10131000,40.920556,-111.400833,2011-05-16 06:15:00,2011-05-16 18:45:00,34.2634,2011-05-16 10:00:00,3.7500
10131000,40.920556,-111.400833,2011-06-07 07:15:00,2011-06-07 11:00:00,31.7149,2011-06-07 10:45:00,3.5000
10312150,39.463894,-119.046113,1995-06-27 02:30:00,1995-07-13 22:15:00,68.5268,1995-07-03 18:00:00,159.5000
10312150,39.463894,-119.046113,1995-08-11 02:00:00,1995-08-11 06:00:00,53.5188,1995-08-11 02:45:00,0.7500
10312150,39.463894,-119.046113,1996-05-06 05:45:00,1996-05-06 06:15:00,50.4040,1996-05-06 06:15:00,0.5000
10312150,39.463894,-119.046113,1996-05-15 22:45:00,1996-05-29 06:45:00,68.8099,1996-05-17 23:00:00,48.2500
10312150,39.463894,-119.046113,1996-06-21 19:30:00,1996-06-21 22:00:00,54.3683,1996-06-21 20:30:00,1.0000
10312150,39.463894,-119.046113,1997-01-04 22:15:00,1997-01-05 13:30:00,51.2535,1997-01-04 23:15:00,1.0000
10312150,39.463894,-119.046113,1997-01-08 08:00:00,1997-02-22 00:00:00,63.4297,1997-01-09 19:30:00,35.5000
10312150,39.463894,-119.046113,1998-06-15 22:15:00,1998-07-04 12:45:00,58.8990,1998-06-16 13:45:00,15.5000
10312150,39.463894,-119.046113,1999-05-25 15:30:00,1999-06-03 14:30:00,49.2713,1999-06-01 23:30:00,176.0000
10312150,39.463894,-119.046113,2006-04-09 14:30:00,2006-04-10 16:15:00,48.9881,2006-04-10 06:00:00,15.5000
10312150,39.463894,-119.046113,2006-04-14 04:00:00,2006-04-16 12:00:00,46.4396,2006-04-16 11:45:00,55.7500
10312150,39.463894,-119.046113,2006-04-17 13:45:00,2006-05-05 03:00:00,46.4396,2006-04-19 05:45:00,40.0000
10312150,39.463894,-119.046113,2006-05-10 16:30:00,2006-05-13 04:00:00,46.1565,2006-05-13 01:15:00,56.7500
10312150,39.463894,-119.046113,2006-05-15 00:00:00,2006-05-17 19:15:00,46.1565,2006-05-15 00:45:00,0.7500
10312150,39.463894,-119.046113,2006-06-08 01:45:00,2006-06-08 02:45:00,46.4396,2006-06-08 02:15:00,0.5000
10312150,39.463894,-119.046113,2006-06-09 17:00:00,2006-06-14 14:30:00,57.4832,2006-06-11 23:15:00,54.2500
10338700,39.321111,-120.206944,1995-03-11 00:15:00,1995-03-11 01:15:00,25.4002,1995-03-11 00:45:00,0.5000
10338700,39.321111,-120.206944,1995-05-01 13:00:00,1995-05-02 08:30:00,30.0159,1995-05-01 23:15:00,10.2500
10338700,39.321111,-120.206944,1996-05-16 09:15:00,1996-05-19 06:00:00,36.5287,1996-05-18 04:45:00,43.5000
10338700,39.321111,-120.206944,1996-12-31 09:15:00,1997-01-01 07:45:00,36.2456,1997-01-01 04:00:00,18.7500
10338700,39.321111,-120.206944,1999-05-26 23:45:00,1999-05-27 04:15:00,26.3630,1999-05-27 02:00:00,2.2500
10338700,39.321111,-120.206944,2003-05-25 01:15:00,2003-05-25 03:15:00,26.4479,2003-05-25 02:00:00,0.7500
10338700,39.321111,-120.206944,2005-05-19 10:00:00,2005-05-21 04:30:00,36.5287,2005-05-19 18:30:00,8.5000
10338700,39.321111,-120.206944,2005-12-23 00:15:00,2005-12-23 01:45:00,26.6745,2005-12-23 01:15:00,1.0000
10338700,39.321111,-120.206944,2005-12-31 03:15:00,2006-01-01 05:45:00,50.1208,2005-12-31 18:15:00,15.0000
10338700,39.321111,-120.206944,2012-04-26 16:15:00,2012-04-27 08:00:00,30.0159,2012-04-26 17:30:00,1.2500
10338700,39.321111,-120.206944,2012-12-02 16:30:00,2012-12-02 20:30:00,32.5644,2012-12-02 19:00:00,2.5000
10113500,41.623611,-111.738056,2005-04-28 16:15:00,2005-04-29 11:00:00,44.4574,2005-04-28 23:30:00,7.2500
10113500,41.623611,-111.738056,2011-04-18 09:15:00,2011-04-19 21:00:00,31.7149,2011-04-19 08:00:00,22.7500
10113500,41.623611,-111.738056,2011-05-07 06:00:00,2011-05-10 07:15:00,31.1485,2011-05-08 10:45:00,28.7500
10113500,41.623611,-111.738056,2011-05-12 09:15:00,2011-05-26 16:00:00,41.0594,2011-05-16 08:30:00,95.2500
10113500,41.623611,-111.738056,2005-04-28 16:15:00,2005-04-29 11:00:00,44.4574,2005-04-28 23:30:00,7.2500
10113500,41.623611,-111.738056,2011-04-18 09:15:00,2011-04-19 21:00:00,31.7149,2011-04-19 08:00:00,22.7500
10113500,41.623611,-111.738056,2011-05-07 06:00:00,2011-05-10 07:15:00,31.1485,2011-05-08 10:45:00,28.7500
10113500,41.623611,-111.738056,2011-05-12 09:15:00,2011-05-26 16:00:00,41.0594,2011-05-16 08:30:00,95.2500
10126000,41.576389,-112.100000,1987-03-31 08:00:00,1987-04-11 07:00:00,54.9347,1987-04-04 14:00:00,102.0000
10126000,41.576389,-112.100000,1987-04-12 19:00:00,1987-04-14 05:00:00,49.8377,1987-04-13 11:00:00,16.0000
10126000,41.576389,-112.100000,1987-04-20 12:00:00,1987-04-20 15:00:00,45.0238,1987-04-20 13:00:00,1.0000
10126000,41.576389,-112.100000,1987-04-25 10:00:00,1987-04-25 19:00:00,49.5545,1987-04-25 14:00:00,4.0000
10126000,41.576389,-112.100000,1987-05-20 15:00:00,1987-06-08 09:00:00,87.2159,1987-05-28 22:00:00,199.0000
10126000,41.576389,-112.100000,1988-03-29 14:00:00,1988-03-29 21:00:00,46.7228,1988-03-29 17:00:00,3.0000
10126000,41.576389,-112.100000,1988-04-03 16:00:00,1988-04-03 19:00:00,44.1743,1988-04-03 17:00:00,1.0000
10126000,41.576389,-112.100000,1988-05-06 13:00:00,1988-05-07 20:00:00,48.9881,1988-05-06 14:00:00,1.0000
10126000,41.576389,-112.100000,1989-11-13 06:54:30,1989-11-15 06:36:33,55.2179,1989-11-14 22:44:48,39.8383
10126000,41.576389,-112.100000,1990-01-10 13:46:45,1990-01-12 11:40:42,54.9347,1990-01-11 20:41:18,30.9092
10126000,41.576389,-112.100000,1990-01-13 22:28:36,1990-01-14 03:08:09,44.4574,1990-01-13 23:22:06,0.8917
10126000,41.576389,-112.100000,1990-01-17 02:24:54,1990-01-17 10:34:51,45.0238,1990-01-17 04:42:33,2.2942
10126000,41.576389,-112.100000,1990-03-28 05:00:00,1990-03-28 06:00:00,45.5901,1990-03-28 06:00:00,1.0000
10126000,41.576389,-112.100000,1991-04-12 04:00:00,1991-04-12 10:00:00,46.1565,1991-04-12 06:00:00,2.0000
10126000,41.576389,-112.100000,1991-04-13 22:00:00,1991-04-14 05:00:00,47.8555,1991-04-14 01:00:00,3.0000
10126000,41.576389,-112.100000,1991-04-22 12:00:00,1991-04-22 19:00:00,45.8733,1991-04-22 15:00:00,3.0000
10126000,41.576389,-112.100000,1991-04-24 15:00:00,1991-04-25 17:00:00,48.9881,1991-04-24 19:00:00,4.0000
10126000,41.576389,-112.100000,1991-04-29 04:00:00,1991-05-01 21:00:00,58.8990,1991-04-29 14:00:00,10.0000
10126000,41.576389,-112.100000,1991-05-07 12:00:00,1991-05-07 20:00:00,49.2713,1991-05-07 15:00:00,3.0000
10126000,41.576389,-112.100000,1991-05-12 05:00:00,1991-05-12 08:00:00,44.1743,1991-05-12 06:00:00,1.0000
10126000,41.576389,-112.100000,1991-05-13 13:00:00,1991-05-16 18:00:00,51.8198,1991-05-13 21:00:00,8.0000
10126000,41.576389,-112.100000,1991-05-18 02:00:00,1991-05-24 09:00:00,56.3505,1991-05-23 10:00:00,128.0000
10126000,41.576389,-112.100000,1991-06-07 06:00:00,1991-06-15 05:20:36,100.8080,1991-06-07 21:35:36,15.5933
10126000,41.576389,-112.100000,1991-06-16 06:00:00,1991-06-17 04:48:24,56.6337,1991-06-16 06:51:27,0.8575
10126000,41.576389,-112.100000,1991-09-18 17:00:00,1991-09-19 05:00:00,66.5446,1991-09-19 05:00:00,12.0000
10126000,41.576389,-112.100000,1992-03-31 21:00:00,1992-03-31 23:00:00,44.1743,1992-03-31 22:00:00,1.0000
10126000,41.576389,-112.100000,1992-11-05 02:00:00,1992-11-05 16:00:00,45.0238,1992-11-05 09:00:00,7.0000
10126000,41.576389,-112.100000,1993-06-25 08:00:00,1993-06-25 20:00:00,48.1386,1993-06-25 15:00:00,7.0000
10126000,41.576389,-112.100000,1993-07-27 12:00:00,1993-07-29 01:00:00,47.8555,1993-07-28 18:00:00,30.0000
10126000,41.576389,-112.100000,1993-07-30 11:00:00,1993-07-31 02:00:00,45.3070,1993-07-30 20:00:00,9.0000
10126000,41.576389,-112.100000,1993-10-18 00:00:00,1993-10-18 11:00:00,45.8733,1993-10-18 06:00:00,6.0000
10126000,41.576389,-112.100000,1993-10-26 16:00:00,1993-10-28 05:00:00,54.9347,1993-10-27 18:00:00,26.0000
10126000,41.576389,-112.100000,1994-01-08 02:00:00,1994-01-09 08:00:00,47.0060,1994-01-08 07:00:00,5.0000
10126000,41.576389,-112.100000,1994-01-10 14:00:00,1994-01-10 21:00:00,45.0238,1994-01-10 17:00:00,3.0000
10126000,41.576389,-112.100000,1994-01-17 08:00:00,1994-01-17 14:00:00,44.1743,1994-01-17 11:00:00,3.0000
10126000,41.576389,-112.100000,1994-02-01 20:00:00,1994-02-01 22:00:00,44.7406,1994-02-01 21:00:00,1.0000
10126000,41.576389,-112.100000,1994-02-06 16:00:00,1994-02-06 22:00:00,46.1565,1994-02-06 18:00:00,2.0000
10126000,41.576389,-112.100000,1994-02-19 20:00:00,1994-02-20 06:00:00,50.4040,1994-02-20 00:00:00,4.0000
10126000,41.576389,-112.100000,1994-02-26 16:00:00,1994-03-08 04:00:00,69.9426,1994-03-04 03:00:00,131.0000
10126000,41.576389,-112.100000,1994-03-09 09:00:00,1994-03-10 17:00:00,47.5723,1994-03-09 16:00:00,7.0000
10126000,41.576389,-112.100000,1994-03-12 01:00:00,1994-03-13 20:00:00,54.9347,1994-03-12 09:00:00,8.0000
10126000,41.576389,-112.100000,1994-03-16 18:00:00,1994-03-17 12:00:00,57.4832,1994-03-17 02:00:00,8.0000
10126000,41.576389,-112.100000,1994-03-20 07:00:00,1994-03-28 21:00:00,69.3763,1994-03-24 15:00:00,104.0000
10126000,41.576389,-112.100000,1994-03-30 03:00:00,1994-03-30 22:00:00,45.3070,1994-03-30 05:00:00,2.0000
10126000,41.576389,-112.100000,1994-04-02 07:00:00,1994-04-03 13:00:00,49.2713,1994-04-02 10:00:00,3.0000
10126000,41.576389,-112.100000,1994-04-06 19:00:00,1994-04-06 23:00:00,44.1743,1994-04-06 20:00:00,1.0000
10126000,41.576389,-112.100000,1994-04-09 15:00:00,1994-04-10 03:00:00,45.8733,1994-04-09 18:00:00,3.0000
10126000,41.576389,-112.100000,1994-04-11 12:00:00,1994-04-16 10:00:00,56.6337,1994-04-13 10:00:00,46.0000
10126000,41.576389,-112.100000,1994-04-18 06:00:00,1994-04-20 05:00:00,66.2614,1994-04-18 19:00:00,13.0000
10126000,41.576389,-112.100000,1994-04-21 07:00:00,1994-04-28 12:00:00,74.1901,1994-04-25 20:00:00,109.0000
10126000,41.576389,-112.100000,1995-01-12 14:00:00,1995-01-13 20:00:00,54.3683,1995-01-13 08:00:00,18.0000
10126000,41.576389,-112.100000,1995-01-15 13:00:00,1995-01-19 02:00:00,53.2357,1995-01-17 18:00:00,53.0000
10126000,41.576389,-112.100000,1995-02-04 22:00:00,1995-02-05 06:00:00,55.2179,1995-02-05 06:00:00,8.0000
10126000,41.576389,-112.100000,1995-02-13 07:00:00,1995-02-13 11:00:00,45.0238,1995-02-13 09:00:00,2.0000
10126000,41.576389,-112.100000,1995-02-26 00:00:00,1995-02-26 20:00:00,57.2000,1995-02-26 12:00:00,12.0000
10126000,41.576389,-112.100000,1995-03-04 18:00:00,1995-03-09 06:00:00,58.8990,1995-03-06 06:00:00,36.0000
10126000,41.576389,-112.100000,1995-04-27 04:00:00,1995-04-28 06:00:00,50.4040,1995-04-28 01:00:00,21.0000
10126000,41.576389,-112.100000,1995-11-14 15:30:00,1995-11-20 17:00:00,57.7664,1995-11-16 01:00:00,33.5000
10126000,41.576389,-112.100000,1996-01-25 07:45:00,1996-01-26 06:45:00,79.8535,1996-01-26 06:45:00,23.0000
10126000,41.576389,-112.100000,1996-02-07 08:30:00,1996-02-08 00:00:00,49.8377,1996-02-07 13:45:00,5.2500
10126000,41.576389,-112.100000,1996-02-09 07:30:00,1996-02-14 08:30:00,55.7842,1996-02-11 04:00:00,44.5000
10126000,41.576389,-112.100000,1996-02-20 06:00:00,1996-02-27 08:45:00,65.9783,1996-02-23 16:15:00,82.2500
10126000,41.576389,-112.100000,1996-02-28 21:45:00,1996-02-29 10:30:00,50.1208,1996-02-29 04:00:00,6.2500
10126000,41.576389,-112.100000,1996-03-03 09:15:00,1996-03-04 02:30:00,46.1565,1996-03-03 13:15:00,4.0000
10126000,41.576389,-112.100000,1996-03-06 09:45:00,1996-03-22 06:45:00,86.9327,1996-03-08 08:45:00,47.0000
10126000,41.576389,-112.100000,1996-03-24 09:15:00,1996-03-28 16:30:00,65.4119,1996-03-27 05:45:00,68.5000
10126000,41.576389,-112.100000,1996-05-07 08:45:00,1996-05-08 04:15:00,50.9703,1996-05-07 14:45:00,6.0000
10126000,41.576389,-112.100000,1996-05-09 08:45:00,1996-05-16 05:45:00,52.1030,1996-05-10 07:15:00,22.5000
10126000,41.576389,-112.100000,1996-11-24 02:45:00,1996-11-24 23:15:00,44.7406,1996-11-24 10:45:00,8.0000
10126000,41.576389,-112.100000,1996-12-10 15:30:00,1996-12-21 06:45:00,83.5347,1996-12-14 07:45:00,88.2500
10126000,41.576389,-112.100000,1996-12-24 07:00:00,1996-12-28 06:45:00,68.5268,1996-12-28 06:45:00,95.7500
10126000,41.576389,-112.100000,1997-06-22 06:00:00,1997-06-23 05:45:00,136.2040,1997-06-22 06:30:00,0.5000
10126000,41.576389,-112.100000,1997-06-25 06:00:00,1997-07-03 21:45:00,114.9664,1997-06-25 06:15:00,0.2500
10126000,41.576389,-112.100000,1997-07-13 19:00:00,1997-07-20 23:15:00,71.3585,1997-07-15 22:00:00,51.0000
10126000,41.576389,-112.100000,1997-07-22 02:30:00,1997-07-22 23:45:00,50.4040,1997-07-22 11:00:00,8.5000
10126000,41.576389,-112.100000,1997-08-01 02:00:00,1997-08-02 07:15:00,47.5723,1997-08-01 17:30:00,15.5000
10126000,41.576389,-112.100000,1997-08-11 06:00:00,1997-08-19 05:45:00,71.9248,1997-08-13 09:30:00,51.5000
10126000,41.576389,-112.100000,1997-09-04 17:30:00,1997-09-09 22:15:00,45.5901,1997-09-07 17:00:00,71.5000
10126000,41.576389,-112.100000,1997-11-19 07:00:00,1997-12-08 06:45:00,89.4812,1997-11-21 03:30:00,44.5000
10126000,41.576389,-112.100000,1997-12-13 07:00:00,1998-01-09 06:45:00,90.8971,1997-12-20 03:15:00,164.2500
10126000,41.576389,-112.100000,1998-01-10 07:00:00,1998-02-07 06:45:00,106.7545,1998-01-15 00:15:00,113.2500
10126000,41.576389,-112.100000,1998-06-17 06:00:00,1998-06-18 05:45:00,123.4615,1998-06-17 11:00:00,5.0000
10126000,41.576389,-112.100000,1998-06-19 06:00:00,1998-07-09 17:45:00,143.0001,1998-06-20 15:15:00,33.2500
10126000,41.576389,-112.100000,1998-07-14 08:45:00,1998-07-14 17:45:00,44.4574,1998-07-14 17:45:00,9.0000
10126000,41.576389,-112.100000,1998-08-30 01:15:00,1998-08-30 19:45:00,58.6159,1998-08-30 11:30:00,10.2500
10126000,41.576389,-112.100000,1998-09-12 16:00:00,1998-09-15 05:00:00,46.7228,1998-09-14 15:30:00,47.5000
10126000,41.576389,-112.100000,1998-09-20 15:45:00,1998-09-23 05:45:00,59.1822,1998-09-23 05:45:00,62.0000
10126000,41.576389,-112.100000,1998-09-24 06:00:00,1998-10-06 05:45:00,80.4198,1998-09-30 07:30:00,145.5000
10126000,41.576389,-112.100000,1998-10-07 06:00:00,1998-11-02 06:45:00,79.0040,1998-10-09 20:00:00,62.0000
10126000,41.576389,-112.100000,1999-09-06 09:30:00,1999-09-07 20:00:00,47.8555,1999-09-07 17:15:00,31.7500
10126000,41.576389,-112.100000,1999-09-09 21:00:00,1999-09-15 03:15:00,48.9881,1999-09-13 20:45:00,95.7500
10126000,41.576389,-112.100000,1999-09-18 03:45:00,1999-09-19 03:15:00,46.1565,1999-09-18 04:45:00,1.0000
10126000,41.576389,-112.100000,1999-09-21 04:15:00,1999-09-26 15:45:00,51.5367,1999-09-21 17:15:00,13.0000
10126000,41.576389,-112.100000,1999-09-27 18:00:00,1999-09-28 22:15:00,47.8555,1999-09-27 22:15:00,4.2500
10126000,41.576389,-112.100000,1999-10-09 03:00:00,1999-10-14 22:00:00,55.7842,1999-10-12 21:45:00,90.7500
10126000,41.576389,-112.100000,1999-10-26 16:00:00,1999-12-17 12:00:00,80.4198,1999-10-29 05:15:00,61.2500
10126000,41.576389,-112.100000,2000-01-19 07:00:00,2000-01-29 06:45:00,89.1981,2000-01-19 22:00:00,15.0000
10126000,41.576389,-112.100000,2000-03-23 07:00:00,2000-03-26 06:45:00,56.0674,2000-03-23 13:30:00,6.5000
10126000,41.576389,-112.100000,2000-04-08 08:00:00,2000-04-11 05:45:00,68.5268,2000-04-08 17:15:00,9.2500
10126000,41.576389,-112.100000,2000-04-29 06:00:00,2000-05-03 05:45:00,65.4119,2000-05-02 08:00:00,74.0000
10126000,41.576389,-112.100000,2001-02-25 22:45:00,2001-02-26 03:15:00,44.4574,2001-02-26 00:30:00,1.7500
10126000,41.576389,-112.100000,2001-03-05 05:00:00,2001-03-05 10:00:00,44.4574,2001-03-05 06:45:00,1.7500
10126000,41.576389,-112.100000,2001-03-07 02:15:00,2001-03-07 18:30:00,45.8733,2001-03-07 13:15:00,11.0000
10126000,41.576389,-112.100000,2001-03-10 04:30:00,2001-03-16 21:45:00,67.3941,2001-03-13 12:15:00,79.7500
10126000,41.576389,-112.100000,2001-03-18 08:00:00,2001-03-20 09:15:00,71.9248,2001-03-19 21:00:00,37.0000
10126000,41.576389,-112.100000,2001-03-22 07:15:00,2001-04-19 19:45:00,74.1901,2001-03-29 23:15:00,184.0000
10126000,41.576389,-112.100000,2001-04-21 05:30:00,2001-04-22 06:00:00,73.9070,2001-04-21 17:15:00,11.7500
10126000,41.576389,-112.100000,2001-04-23 09:00:00,2001-04-25 00:00:00,62.5802,2001-04-24 14:15:00,29.2500
10126000,41.576389,-112.100000,2001-04-28 07:30:00,2001-04-29 21:15:00,55.5010,2001-04-28 12:30:00,5.0000
10126000,41.576389,-112.100000,2001-05-01 13:00:00,2001-05-01 19:15:00,45.3070,2001-05-01 17:00:00,4.0000
10126000,41.576389,-112.100000,2001-12-04 18:00:00,2001-12-05 21:45:00,45.3070,2001-12-05 18:45:00,24.7500
10126000,41.576389,-112.100000,2001-12-07 17:30:00,2001-12-14 02:30:00,56.3505,2001-12-11 20:45:00,99.2500
10126000,41.576389,-112.100000,2002-03-01 13:15:00,2002-03-01 16:30:00,74.1901,2002-03-01 15:30:00,2.2500
10126000,41.576389,-112.100000,2002-03-24 12:30:00,2002-04-02 23:15:00,77.8713,2002-03-26 12:15:00,47.7500
10126000,41.576389,-112.100000,2002-04-04 10:30:00,2002-04-11 12:15:00,63.4297,2002-04-06 14:30:00,52.0000
10126000,41.576389,-112.100000,2002-04-13 06:00:00,2002-04-13 20:30:00,47.8555,2002-04-13 09:00:00,3.0000
10126000,41.576389,-112.100000,2002-04-17 02:30:00,2002-04-23 22:30:00,67.3941,2002-04-20 15:15:00,84.7500
10126000,41.576389,-112.100000,2002-04-27 13:00:00,2002-04-29 21:15:00,62.0139,2002-04-28 13:45:00,24.7500
10126000,41.576389,-112.100000,2002-12-03 07:00:00,2002-12-04 06:45:00,54.9347,2002-12-03 20:30:00,13.5000
10126000,41.576389,-112.100000,2003-03-21 06:00:00,2003-03-23 11:15:00,45.3070,2003-03-21 19:45:00,13.7500
10126000,41.576389,-112.100000,2004-01-02 12:00:00,2004-01-02 19:15:00,46.4396,2004-01-02 14:30:00,2.5000
10126000,41.576389,-112.100000,2004-03-15 02:30:00,2004-04-13 10:15:00,60.5981,2004-03-22 07:30:00,173.0000
10126000,41.576389,-112.100000,2004-05-29 20:45:00,2004-06-04 18:00:00,53.8020,2004-06-01 23:00:00,74.2500
10126000,41.576389,-112.100000,2004-12-11 00:45:00,2004-12-12 15:15:00,53.5188,2004-12-11 07:45:00,7.0000
10126000,41.576389,-112.100000,2004-12-23 09:30:00,2004-12-25 16:45:00,48.1386,2004-12-25 09:30:00,48.0000
10126000,41.576389,-112.100000,2005-01-03 12:45:00,2005-01-03 22:00:00,48.1386,2005-01-03 15:45:00,3.0000
10126000,41.576389,-112.100000,2005-01-11 08:00:00,2005-01-12 06:45:00,51.8198,2005-01-12 05:45:00,21.7500
10126000,41.576389,-112.100000,2005-03-11 10:30:00,2005-03-11 14:45:00,44.1743,2005-03-11 11:15:00,0.7500
10126000,41.576389,-112.100000,2005-11-30 10:30:00,2005-12-01 20:00:00,52.9525,2005-11-30 16:30:00,6.0000
10126000,41.576389,-112.100000,2005-12-07 13:15:00,2005-12-07 18:45:00,45.3070,2005-12-07 13:45:00,0.5000
10126000,41.576389,-112.100000,2005-12-26 12:00:00,2005-12-30 06:00:00,48.9881,2005-12-29 06:30:00,66.5000
10126000,41.576389,-112.100000,2005-12-31 11:00:00,2006-01-11 22:45:00,105.0555,2006-01-05 07:45:00,116.7500
10126000,41.576389,-112.100000,2006-01-13 02:00:00,2006-01-15 21:15:00,55.7842,2006-01-15 13:15:00,59.2500
10126000,41.576389,-112.100000,2006-01-17 12:00:00,2006-01-18 00:00:00,52.9525,2006-01-17 17:00:00,5.0000
10126000,41.576389,-112.100000,2006-01-19 11:45:00,2006-01-22 23:30:00,64.2792,2006-01-20 15:00:00,27.2500
10126000,41.576389,-112.100000,2006-01-24 11:15:00,2006-01-24 18:45:00,45.8733,2006-01-24 15:00:00,3.7500
10126000,41.576389,-112.100000,2006-01-31 10:30:00,2006-02-04 06:45:00,59.1822,2006-02-03 15:00:00,76.5000
10126000,41.576389,-112.100000,2006-02-06 14:00:00,2006-02-08 06:45:00,67.3941,2006-02-07 05:30:00,15.5000
10126000,41.576389,-112.100000,2006-10-10 07:00:00,2006-10-10 19:00:00,50.1208,2006-10-10 12:45:00,5.7500
10126000,41.576389,-112.100000,2006-10-17 14:45:00,2006-10-19 15:30:00,46.4396,2006-10-19 12:00:00,45.2500
10126000,41.576389,-112.100000,2006-10-24 10:15:00,2006-10-24 18:15:00,47.0060,2006-10-24 13:15:00,3.0000
10126000,41.576389,-112.100000,2006-10-30 17:00:00,2006-10-31 20:45:00,52.3862,2006-10-31 13:45:00,20.7500
10126000,41.576389,-112.100000,2006-11-07 14:45:00,2006-11-07 19:30:00,45.3070,2006-11-07 16:15:00,1.5000
10126000,41.576389,-112.100000,2006-11-13 21:15:00,2006-11-19 02:00:00,56.9169,2006-11-18 15:45:00,114.5000
10126000,41.576389,-112.100000,2006-11-20 19:15:00,2006-11-23 21:00:00,50.1208,2006-11-21 09:30:00,14.2500
10126000,41.576389,-112.100000,2006-11-25 13:30:00,2006-11-26 00:45:00,50.1208,2006-11-25 18:00:00,4.5000
10126000,41.576389,-112.100000,2006-11-27 15:45:00,2006-11-28 19:15:00,56.0674,2006-11-28 06:45:00,15.0000
10126000,41.576389,-112.100000,2006-12-12 11:00:00,2006-12-13 00:45:00,54.0852,2006-12-12 17:15:00,6.2500
10126000,41.576389,-112.100000,2006-12-15 14:45:00,2006-12-17 23:00:00,51.8198,2006-12-16 17:15:00,26.5000
10126000,41.576389,-112.100000,2006-12-19 11:45:00,2006-12-25 01:45:00,50.1208,2006-12-22 19:45:00,80.0000
10126000,41.576389,-112.100000,2006-12-27 16:00:00,2007-01-01 22:00:00,57.2000,2006-12-28 17:30:00,25.5000
10126000,41.576389,-112.100000,2007-01-03 14:15:00,2007-01-04 19:45:00,49.5545,2007-01-03 19:15:00,5.0000
10126000,41.576389,-112.100000,2007-01-09 15:30:00,2007-01-13 00:15:00,59.1822,2007-01-10 17:15:00,25.7500
10126000,41.576389,-112.100000,2007-01-15 16:30:00,2007-01-16 13:30:00,52.1030,2007-01-16 02:45:00,10.2500
10126000,41.576389,-112.100000,2007-01-21 19:45:00,2007-01-22 22:15:00,44.7406,2007-01-22 22:15:00,26.5000
10126000,41.576389,-112.100000,2007-02-13 07:00:00,2007-02-16 13:00:00,67.1109,2007-02-15 14:15:00,55.2500
10126000,41.576389,-112.100000,2007-02-19 16:45:00,2007-02-25 00:15:00,63.9961,2007-02-20 16:00:00,23.2500
10126000,41.576389,-112.100000,2007-02-26 12:30:00,2007-03-01 01:30:00,59.4654,2007-02-28 18:15:00,53.7500
10126000,41.576389,-112.100000,2007-03-02 19:00:00,2007-03-03 23:30:00,48.7050,2007-03-03 18:45:00,23.7500
10126000,41.576389,-112.100000,2007-03-10 07:00:00,2007-04-08 16:45:00,80.4198,2007-03-12 16:45:00,56.7500
10126000,41.576389,-112.100000,2007-04-10 04:30:00,2007-04-18 14:45:00,72.2080,2007-04-13 15:15:00,82.7500
10126000,41.576389,-112.100000,2008-02-29 23:00:00,2008-03-01 06:00:00,44.4574,2008-03-01 02:30:00,3.5000
10126000,41.576389,-112.100000,2008-03-19 06:00:00,2008-03-20 18:45:00,48.7050,2008-03-19 09:45:00,3.7500
10126000,41.576389,-112.100000,2008-03-22 06:00:00,2008-03-26 18:45:00,61.4476,2008-03-24 09:30:00,51.5000
10126000,41.576389,-112.100000,2008-03-29 09:45:00,2008-03-29 22:15:00,49.2713,2008-03-29 16:15:00,6.5000
10126000,41.576389,-112.100000,2008-04-08 04:45:00,2008-04-08 12:15:00,45.8733,2008-04-08 08:15:00,3.5000
10126000,41.576389,-112.100000,2008-04-18 06:15:00,2008-04-20 23:00:00,58.3327,2008-04-20 13:15:00,55.0000
10126000,41.576389,-112.100000,2008-04-22 04:45:00,2008-04-30 12:15:00,63.7129,2008-04-25 16:00:00,83.2500
10126000,41.576389,-112.100000,2008-05-10 14:45:00,2008-05-11 19:00:00,46.7228,2008-05-11 15:45:00,25.0000
10126000,41.576389,-112.100000,2008-05-13 14:30:00,2008-05-14 21:15:00,46.4396,2008-05-14 16:45:00,26.2500
10126000,41.576389,-112.100000,2008-05-20 12:00:00,2008-05-29 11:15:00,71.6416,2008-05-24 12:45:00,96.7500
10126000,41.576389,-112.100000,2008-11-05 03:30:00,2008-11-07 20:15:00,48.9881,2008-11-06 23:00:00,43.5000
10126000,41.576389,-112.100000,2009-02-27 03:45:00,2009-03-01 05:15:00,55.5010,2009-02-27 09:30:00,5.7500
10126000,41.576389,-112.100000,2009-03-02 17:00:00,2009-03-03 03:15:00,45.3070,2009-03-03 00:00:00,7.0000
10126000,41.576389,-112.100000,2009-03-04 23:45:00,2009-03-13 09:15:00,73.9070,2009-03-06 18:30:00,42.7500
10126000,41.576389,-112.100000,2009-10-20 09:45:00,2009-10-21 09:00:00,56.6337,2009-10-20 20:30:00,10.7500
10126000,41.576389,-112.100000,2009-11-02 16:30:00,2009-11-03 00:45:00,45.3070,2009-11-02 20:00:00,3.5000
10126000,41.576389,-112.100000,2009-11-30 21:30:00,2009-12-03 17:30:00,57.2000,2009-12-01 22:30:00,25.0000
10126000,41.576389,-112.100000,2010-04-04 00:30:00,2010-04-05 02:30:00,45.5901,2010-04-04 10:00:00,9.5000
10126000,41.576389,-112.100000,2010-04-08 06:30:00,2010-04-09 10:00:00,68.2436,2010-04-08 18:30:00,12.0000
10126000,41.576389,-112.100000,2010-06-04 21:30:00,2010-06-22 22:00:00,79.5703,2010-06-11 00:15:00,146.7500
10126000,41.576389,-112.100000,2010-12-21 10:30:00,2010-12-28 21:45:00,77.0218,2010-12-23 04:15:00,41.7500
10126000,41.576389,-112.100000,2011-02-07 09:15:00,2011-02-11 07:00:00,47.0060,2011-02-10 08:30:00,71.2500
10126000,41.576389,-112.100000,2011-02-13 20:15:00,2011-02-14 16:15:00,45.3070,2011-02-14 06:00:00,9.7500
10126000,41.576389,-112.100000,2011-08-06 06:00:00,2011-08-13 18:30:00,71.6416,2011-08-06 19:00:00,13.0000
10126000,41.576389,-112.100000,2011-09-10 13:30:00,2011-09-10 20:15:00,47.5723,2011-09-10 16:30:00,3.0000
10126000,41.576389,-112.100000,2011-09-13 12:00:00,2011-09-27 00:30:00,62.2971,2011-09-21 14:00:00,194.0000
10126000,41.576389,-112.100000,2012-01-14 11:15:00,2012-01-15 18:45:00,45.8733,2012-01-15 10:15:00,23.0000
10126000,41.576389,-112.100000,2012-01-18 09:30:00,2012-01-31 12:30:00,109.5862,2012-01-23 09:45:00,120.2500
10126000,41.576389,-112.100000,2012-02-04 17:30:00,2012-02-05 07:45:00,44.7406,2012-02-05 00:15:00,6.7500
10126000,41.576389,-112.100000,2012-02-20 13:15:00,2012-02-21 03:45:00,45.8733,2012-02-20 20:30:00,7.2500
10126000,41.576389,-112.100000,2012-02-23 08:00:00,2012-02-23 17:45:00,45.3070,2012-02-23 11:30:00,3.5000
10126000,41.576389,-112.100000,2012-02-24 22:15:00,2012-02-28 07:15:00,49.8377,2012-02-27 12:30:00,62.2500
10126000,41.576389,-112.100000,2012-02-29 17:30:00,2012-03-01 06:30:00,46.4396,2012-02-29 23:15:00,5.7500
10126000,41.576389,-112.100000,2012-03-04 08:00:00,2012-03-05 05:00:00,45.0238,2012-03-04 20:15:00,12.2500
10126000,41.576389,-112.100000,2012-03-14 06:00:00,2012-04-22 16:00:00,70.7921,2012-03-22 17:00:00,203.0000
10126000,41.576389,-112.100000,2012-04-29 06:00:00,2012-05-01 22:30:00,59.4654,2012-04-30 01:00:00,19.0000
10126000,41.576389,-112.100000,2013-03-13 05:30:00,2013-03-14 05:00:00,44.4574,2013-03-13 10:45:00,5.2500
10126000,41.576389,-112.100000,2013-03-15 11:30:00,2013-03-22 05:00:00,61.7307,2013-03-19 19:45:00,104.2500
10126000,41.576389,-112.100000,2013-03-23 15:15:00,2013-03-29 05:45:00,47.0060,2013-03-24 04:45:00,13.5000
10126000,41.576389,-112.100000,2013-04-03 08:00:00,2013-04-20 18:45:00,58.0495,2013-04-11 12:15:00,196.2500
10126000,41.576389,-112.100000,2013-04-23 21:30:00,2013-04-25 04:15:00,48.7050,2013-04-24 08:45:00,11.2500
10126000,41.576389,-112.100000,2014-03-02 01:30:00,2014-03-08 01:00:00,68.5268,2014-03-04 15:45:00,62.2500
10126000,41.576389,-112.100000,2014-04-16 22:30:00,2014-04-19 22:00:00,47.2891,2014-04-17 22:00:00,23.5000
10126000,41.576389,-112.100000,2014-04-23 23:30:00,2014-05-01 17:45:00,53.2357,2014-04-30 10:45:00,155.2500
10126000,41.576389,-112.100000,2014-05-10 21:45:00,2014-05-13 03:00:00,46.4396,2014-05-12 00:15:00,26.5000
10126000,41.576389,-112.100000,2016-02-19 19:00:00,2016-02-26 08:15:00,62.8634,2016-02-20 22:00:00,27.0000
10126000,41.576389,-112.100000,2016-02-27 10:45:00,2016-02-29 08:30:00,48.4218,2016-02-28 10:00:00,23.2500
10126000,41.576389,-112.100000,2016-05-08 04:15:00,2016-06-02 05:45:00,73.3406,2016-05-12 04:45:00,96.5000
10011500,40.965278,-110.852778,1990-06-11 14:00:00,1990-06-12 02:00:00,71.9248,1990-06-11 21:00:00,7.0000
10011500,40.965278,-110.852778,1991-06-11 08:00:00,1991-06-15 11:00:00,72.2080,1991-06-13 11:00:00,51.0000
10011500,40.965278,-110.852778,1993-05-22 01:00:00,1993-05-23 03:00:00,60.3149,1993-05-22 09:00:00,8.0000
10011500,40.965278,-110.852778,1993-05-26 05:00:00,1993-05-27 14:00:00,63.9961,1993-05-27 06:00:00,25.0000
10011500,40.965278,-110.852778,1995-06-13 07:00:00,1995-06-16 19:00:00,70.2258,1995-06-15 06:00:00,47.0000
10011500,40.965278,-110.852778,1995-06-21 06:00:00,1995-06-21 08:00:00,54.3683,1995-06-21 07:00:00,1.0000
10011500,40.965278,-110.852778,1995-06-25 07:00:00,1995-06-25 09:00:00,54.3683,1995-06-25 08:00:00,1.0000
10011500,40.965278,-110.852778,1995-06-27 04:00:00,1995-06-29 12:00:00,60.5981,1995-06-28 08:00:00,28.0000
10011500,40.965278,-110.852778,1995-07-03 12:00:00,1995-07-04 04:00:00,58.6159,1995-07-03 18:00:00,6.0000
10011500,40.965278,-110.852778,1995-07-08 06:00:00,1995-07-08 10:00:00,55.5010,1995-07-08 08:00:00,2.0000
10011500,40.965278,-110.852778,1995-07-12 06:00:00,1995-07-13 07:00:00,54.6515,1995-07-12 08:00:00,2.0000
10011500,40.965278,-110.852778,1996-05-16 02:00:00,1996-05-18 05:00:00,66.2614,1996-05-17 05:00:00,27.0000
10011500,40.965278,-110.852778,1996-06-06 06:00:00,1996-06-06 11:00:00,56.0674,1996-06-06 08:00:00,2.0000
10011500,40.965278,-110.852778,1996-06-08 07:00:00,1996-06-10 13:00:00,59.4654,1996-06-09 07:00:00,24.0000
10011500,40.965278,-110.852778,1997-06-05 05:00:00,1997-06-05 13:00:00,59.1822,1997-06-05 08:00:00,3.0000
10011500,40.965278,-110.852778,1997-06-10 06:00:00,1997-06-11 06:00:00,54.3683,1997-06-10 07:00:00,1.0000
10011500,40.965278,-110.852778,1999-06-17 04:30:00,1999-06-20 12:00:00,59.1822,1999-06-20 07:30:00,75.0000
10011500,40.965278,-110.852778,2003-05-29 06:00:00,2003-05-30 09:45:00,57.2000,2003-05-30 06:30:00,24.5000
10011500,40.965278,-110.852778,2005-05-23 04:30:00,2005-05-25 10:30:00,62.8634,2005-05-24 07:30:00,27.0000
10011500,40.965278,-110.852778,2008-05-20 02:00:00,2008-05-21 16:00:00,63.7129,2008-05-21 06:15:00,28.2500
10011500,40.965278,-110.852778,2010-06-06 02:45:00,2010-06-07 05:45:00,79.5703,2010-06-07 05:30:00,26.7500
10011500,40.965278,-110.852778,2010-06-10 06:00:00,2010-06-10 13:15:00,67.9604,2010-06-10 06:45:00,0.7500
10011500,40.965278,-110.852778,2011-06-06 01:30:00,2011-06-09 13:30:00,63.7129,2011-06-07 03:15:00,25.7500
10011500,40.965278,-110.852778,2011-06-12 01:30:00,2011-06-19 18:00:00,75.3228,2011-06-16 07:45:00,102.2500
10011500,40.965278,-110.852778,2011-06-23 04:00:00,2011-07-12 15:30:00,95.9941,2011-06-30 11:50:00,175.8333
10293500,38.813621,-119.047780,1995-06-03 13:15:00,1995-06-10 13:45:00,24.2675,1995-06-05 13:45:00,48.5000
10293500,38.813621,-119.047780,1996-05-18 04:00:00,1996-05-18 17:15:00,28.3168,1996-05-18 14:00:00,10.0000
10293500,38.813621,-119.047780,1996-05-24 01:45:00,1996-05-26 01:15:00,26.8161,1996-05-25 13:45:00,36.0000
10293500,38.813621,-119.047780,1997-01-03 16:15:00,1997-01-08 07:45:00,73.9070,1997-01-04 09:30:00,17.2500
10293500,38.813621,-119.047780,1997-01-10 08:00:00,1997-01-11 20:30:00,37.0951,1997-01-10 08:15:00,0.2500
10293500,38.813621,-119.047780,1997-01-26 18:00:00,1997-01-27 00:45:00,26.2214,1997-01-26 20:30:00,2.5000
10293500,38.813621,-119.047780,1998-04-01 10:00:00,1998-04-02 19:15:00,23.8428,1998-04-01 19:15:00,9.2500
10293500,38.813621,-119.047780,1998-07-07 15:30:00,1998-07-07 17:15:00,35.9624,1998-07-07 17:15:00,1.7500
10293500,38.813621,-119.047780,2005-05-23 17:30:00,2005-05-25 02:00:00,27.4673,2005-05-24 21:00:00,27.5000
10293500,38.813621,-119.047780,2005-05-30 17:45:00,2005-06-02 05:15:00,28.8832,2005-06-01 12:15:00,42.5000
10293500,38.813621,-119.047780,2005-06-03 09:30:00,2005-06-10 18:00:00,27.1275,2005-06-05 00:15:00,38.7500
10293500,38.813621,-119.047780,2005-06-19 19:45:00,2005-06-21 16:30:00,24.1543,2005-06-20 15:15:00,19.5000
10293500,38.813621,-119.047780,2006-05-17 12:15:00,2006-05-31 09:15:00,28.3168,2006-05-23 18:15:00,150.0000
10293500,38.813621,-119.047780,2006-06-07 17:15:00,2006-06-17 02:45:00,27.7222,2006-06-11 09:00:00,87.7500
10293500,38.813621,-119.047780,2006-06-26 06:30:00,2006-06-29 04:00:00,26.2214,2006-06-27 20:15:00,37.7500
10293500,38.813621,-119.047780,2011-06-22 18:45:00,2011-07-15 00:45:00,34.5466,2011-06-30 18:15:00,191.5000
10297500,38.728056,-119.427779,1995-07-07 06:00:00,1995-07-14 04:00:00,73.6238,1995-07-11 06:00:00,96.0000
10297500,38.728056,-119.427779,1996-05-17 16:00:00,1996-05-17 20:00:00,55.2179,1996-05-17 17:00:00,1.0000
10297500,38.728056,-119.427779,1997-01-03 05:00:00,1997-01-03 07:00:00,84.9505,1997-01-03 07:00:00,2.0000
10297500,38.728056,-119.427779,1999-06-15 12:45:00,1999-06-17 08:45:00,61.1644,1999-06-16 06:15:00,17.5000
10297500,38.728056,-119.427779,2005-05-29 21:30:00,2005-05-30 23:00:00,58.8990,2005-05-30 10:00:00,12.5000
10297500,38.728056,-119.427779,2006-05-16 03:30:00,2006-05-23 14:45:00,66.5446,2006-05-21 09:45:00,126.2500
10297500,38.728056,-119.427779,2006-06-06 23:00:00,2006-06-09 19:15:00,61.7307,2006-06-08 11:00:00,36.0000
10297500,38.728056,-119.427779,2011-06-30 07:15:00,2011-06-30 23:00:00,56.0674,2011-06-30 11:45:00,4.5000
10318500,40.936111,-115.623611,1993-03-26 23:00:00,1993-03-28 17:00:00,71.9248,1993-03-27 23:00:00,24.0000
10318500,40.936111,-115.623611,1995-06-04 16:00:00,1995-06-12 04:00:00,108.7367,1995-06-06 04:00:00,36.0000
10318500,40.936111,-115.623611,1997-06-07 19:45:00,1997-06-08 20:30:00,63.9961,1997-06-08 15:15:00,19.5000
10318500,40.936111,-115.623611,1998-06-05 15:15:00,1998-06-06 12:15:00,69.3763,1998-06-06 00:15:00,9.0000
10318500,40.936111,-115.623611,1998-06-10 01:15:00,1998-06-11 14:15:00,65.1287,1998-06-10 16:45:00,15.5000
10318500,40.936111,-115.623611,1999-05-31 00:45:00,1999-06-02 00:00:00,67.6773,1999-06-01 12:30:00,35.7500
10318500,40.936111,-115.623611,1999-06-03 18:45:00,1999-06-08 15:30:00,80.4198,1999-06-04 21:30:00,26.7500
10318500,40.936111,-115.623611,2005-05-13 03:45:00,2005-05-14 21:15:00,68.8099,2005-05-13 20:15:00,16.5000
10318500,40.936111,-115.623611,2005-05-17 15:30:00,2005-06-04 23:00:00,123.4615,2005-05-19 05:00:00,37.5000
10318500,40.936111,-115.623611,2006-03-02 02:00:00,2006-03-02 12:00:00,72.7743,2006-03-02 08:00:00,6.0000
10318500,40.936111,-115.623611,2006-04-05 23:30:00,2006-04-12 04:30:00,106.4713,2006-04-07 10:00:00,34.5000
10318500,40.936111,-115.623611,2006-04-15 00:15:00,2006-04-22 02:45:00,69.3763,2006-04-17 13:15:00,61.0000
10318500,40.936111,-115.623611,2006-05-21 09:15:00,2006-05-26 19:45:00,75.3228,2006-05-24 00:15:00,63.0000
10318500,40.936111,-115.623611,2011-06-20 23:45:00,2011-06-21 23:00:00,63.9961,2011-06-21 10:15:00,10.5000
10347310,39.524444,-119.994444,1995-03-09 20:00:00,1995-03-11 01:15:00,33.9802,1995-03-09 21:15:00,1.2500
10347310,39.524444,-119.994444,2005-12-31 02:00:00,2005-12-31 21:30:00,39.3604,2005-12-31 12:30:00,10.5000
10163000,40.237778,-111.698611,1984-05-24 05:00:00,1984-05-26 12:00:00,58.0495,1984-05-25 18:00:00,37.0000
10163000,40.237778,-111.698611,1984-06-01 01:00:00,1984-06-05 15:00:00,49.8377,1984-06-04 14:00:00,85.0000
10163000,40.237778,-111.698611,1988-05-24 20:00:00,1988-05-25 18:00:00,44.4574,1988-05-24 21:00:00,1.0000
10163000,40.237778,-111.698611,1993-05-22 19:00:00,1993-05-29 16:00:00,47.2891,1993-05-26 14:00:00,91.0000
10163000,40.237778,-111.698611,1993-06-04 05:00:00,1993-06-06 16:00:00,43.3248,1993-06-05 12:00:00,31.0000
10163000,40.237778,-111.698611,2005-05-22 02:30:00,2005-05-28 12:30:00,47.5723,2005-05-25 20:00:00,89.5000
10163000,40.237778,-111.698611,2005-05-30 14:30:00,2005-06-01 17:30:00,55.2179,2005-05-30 15:30:00,1.0000
10163000,40.237778,-111.698611,2005-06-02 18:00:00,2005-06-06 16:30:00,46.1565,2005-06-02 20:00:00,2.0000
10163000,40.237778,-111.698611,2009-06-04 22:00:00,2009-06-05 17:00:00,43.6079,2009-06-05 09:45:00,11.7500
10163000,40.237778,-111.698611,2011-05-24 00:30:00,2011-05-30 22:00:00,47.8555,2011-05-30 11:23:00,154.8833
10163000,40.237778,-111.698611,2011-07-06 05:45:00,2011-07-06 16:45:00,44.1743,2011-07-06 06:30:00,0.7500
10163000,40.237778,-111.698611,2011-07-08 00:15:00,2011-07-08 01:00:00,44.7406,2011-07-08 00:45:00,0.5000
10296500,38.513333,-119.448889,1995-06-01 08:00:00,1995-06-02 10:30:00,70.2258,1995-06-01 10:30:00,2.5000
10296500,38.513333,-119.448889,1995-06-04 07:30:00,1995-06-06 01:45:00,94.2951,1995-06-05 10:45:00,27.2500
10296500,38.513333,-119.448889,1995-06-12 06:30:00,1995-06-15 10:45:00,90.6139,1995-06-14 11:30:00,53.0000
10296500,38.513333,-119.448889,1995-06-25 06:00:00,1995-07-02 14:00:00,88.0654,1995-06-26 10:45:00,28.7500
10296500,38.513333,-119.448889,1995-07-04 06:30:00,1995-07-09 06:45:00,129.1248,1995-07-08 11:30:00,101.0000
10296500,38.513333,-119.448889,1995-07-10 07:00:00,1995-07-11 14:15:00,95.7109,1995-07-10 07:45:00,0.7500
10296500,38.513333,-119.448889,1996-05-16 06:30:00,1996-05-17 06:00:00,114.4001,1996-05-16 16:30:00,10.0000
10296500,38.513333,-119.448889,1997-01-02 00:15:00,1997-01-02 07:45:00,103.3565,1997-01-02 07:45:00,7.5000
10296500,38.513333,-119.448889,1998-06-15 10:00:00,1998-06-17 14:45:00,75.8891,1998-06-17 06:30:00,44.5000
10296500,38.513333,-119.448889,1998-06-19 06:45:00,1998-06-23 13:30:00,77.3050,1998-06-22 07:45:00,73.0000
10296500,38.513333,-119.448889,1998-06-26 05:00:00,1998-06-26 13:45:00,73.9070,1998-06-26 11:00:00,6.0000
10296500,38.513333,-119.448889,1998-06-30 08:15:00,1998-06-30 12:15:00,68.5268,1998-06-30 09:00:00,0.7500
10296500,38.513333,-119.448889,1998-07-09 08:30:00,1998-07-09 11:15:00,68.5268,1998-07-09 11:15:00,2.7500
10296500,38.513333,-119.448889,1999-05-25 09:30:00,1999-05-26 14:45:00,76.7387,1999-05-26 09:45:00,24.2500
10296500,38.513333,-119.448889,1999-05-28 05:30:00,1999-05-29 16:45:00,77.8713,1999-05-29 12:00:00,30.5000
10296500,38.513333,-119.448889,1999-06-15 06:45:00,1999-06-15 12:45:00,71.3585,1999-06-15 10:00:00,3.2500
10296500,38.513333,-119.448889,2003-05-25 06:00:00,2003-05-25 13:45:00,75.8891,2003-05-25 09:15:00,3.2500
10296500,38.513333,-119.448889,2003-05-28 06:15:00,2003-05-31 16:15:00,96.2773,2003-05-29 07:45:00,25.5000
10296500,38.513333,-119.448889,2005-05-16 16:00:00,2005-05-17 04:30:00,97.4100,2005-05-16 20:45:00,4.7500
10296500,38.513333,-119.448889,2005-05-20 05:00:00,2005-05-21 11:30:00,80.7030,2005-05-21 05:00:00,24.0000
10296500,38.513333,-119.448889,2005-05-26 08:00:00,2005-05-29 13:30:00,80.7030,2005-05-27 10:45:00,26.7500
10296500,38.513333,-119.448889,2006-05-13 08:45:00,2006-05-22 16:45:00,114.4001,2006-05-20 06:45:00,166.0000
10296500,38.513333,-119.448889,2006-06-02 10:00:00,2006-06-09 06:45:00,101.0911,2006-06-07 08:00:00,118.0000
10296500,38.513333,-119.448889,2010-06-04 10:45:00,2010-06-10 13:45:00,115.8159,2010-06-06 08:45:00,46.0000
10296500,38.513333,-119.448889,2010-10-25 08:45:00,2010-10-25 11:45:00,71.9248,2010-10-25 11:00:00,2.2500
10296500,38.513333,-119.448889,2011-06-15 12:00:00,2011-06-17 15:45:00,79.5703,2011-06-16 11:15:00,23.2500
10296500,38.513333,-119.448889,2011-06-19 07:00:00,2011-06-26 15:00:00,103.6397,2011-06-24 10:30:00,123.5000
10296500,38.513333,-119.448889,2011-06-28 06:00:00,2011-06-30 08:00:00,87.4991,2011-06-29 20:00:00,38.0000
10296500,38.513333,-119.448889,2011-07-03 08:45:00,2011-07-04 06:45:00,69.3763,2011-07-04 06:30:00,21.7500
10296500,38.513333,-119.448889,2011-07-07 08:30:00,2011-07-08 15:45:00,79.0040,2011-07-08 08:30:00,24.0000
10336676,39.132222,-120.156667,1996-05-16 11:00:00,1996-05-16 13:45:00,28.8832,1996-05-16 12:15:00,1.2500
10336676,39.132222,-120.156667,1997-01-01 13:30:00,1997-01-02 23:00:00,71.6416,1997-01-02 07:45:00,18.2500
10336676,39.132222,-120.156667,2005-12-31 04:15:00,2005-12-31 21:45:00,47.0060,2005-12-31 17:00:00,12.7500
10336676,39.132222,-120.156667,2012-12-02 17:00:00,2012-12-02 18:00:00,33.6970,2012-12-02 17:45:00,0.7500
10336676,39.132222,-120.156667,1996-05-16 11:00:00,1996-05-16 13:45:00,28.8832,1996-05-16 12:15:00,1.2500
10336676,39.132222,-120.156667,1997-01-01 13:30:00,1997-01-02 23:00:00,71.6416,1997-01-02 07:45:00,18.2500
10336676,39.132222,-120.156667,2005-12-31 04:15:00,2005-12-31 21:45:00,47.0060,2005-12-31 17:00:00,12.7500
10336676,39.132222,-120.156667,2012-12-02 17:00:00,2012-12-02 18:00:00,33.6970,2012-12-02 17:45:00,0.7500
10337500,39.166389,-120.143333,1996-05-16 21:45:00,1996-05-27 17:00:00,66.5446,1996-05-21 22:45:00,121.0000
10337500,39.166389,-120.143333,1996-12-12 20:30:00,1996-12-19 20:15:00,56.9169,1996-12-17 00:30:00,100.0000
10337500,39.166389,-120.143333,1998-06-13 16:30:00,1998-06-25 16:30:00,50.4040,1998-06-13 21:30:00,5.0000
10337500,39.166389,-120.143333,1999-02-09 22:00:00,1999-03-06 00:15:00,57.2000,1999-02-11 18:30:00,44.5000
10039500,42.211111,-111.053056,1997-05-26 04:00:00,1997-05-28 22:00:00,81.8357,1997-05-26 23:30:00,19.5000
10039500,42.211111,-111.053056,1997-06-02 12:15:00,1997-06-03 17:30:00,80.1367,1997-06-02 21:30:00,9.2500
10039500,42.211111,-111.053056,1999-06-08 09:00:00,1999-06-10 20:15:00,80.1367,1999-06-08 23:00:00,14.0000
10039500,42.211111,-111.053056,2010-06-18 01:00:00,2010-06-20 16:00:00,85.2337,2010-06-19 06:45:00,29.7500
10039500,42.211111,-111.053056,2011-05-17 10:45:00,2011-05-19 14:15:00,82.6852,2011-05-18 02:30:00,15.7500
10039500,42.211111,-111.053056,2011-05-24 19:15:00,2011-06-01 16:00:00,83.5347,2011-05-26 02:45:00,31.5000
10308800,38.793889,-119.671667,1995-03-09 23:45:00,1995-03-11 14:15:00,29.7327,1995-03-10 21:30:00,21.7500
10308800,38.793889,-119.671667,1995-05-02 01:45:00,1995-05-02 04:15:00,7.6455,1995-05-02 02:15:00,0.5000
10308800,38.793889,-119.671667,1998-03-24 16:15:00,1998-03-25 05:15:00,10.0808,1998-03-25 01:15:00,9.0000
10308800,38.793889,-119.671667,2005-12-31 10:45:00,2005-12-31 23:15:00,27.4673,2005-12-31 17:30:00,6.7500
10311000,39.107778,-119.712222,1995-03-11 17:00:00,1995-03-13 00:00:00,219.1724,1995-03-12 08:00:00,15.0000
10311000,39.107778,-119.712222,1996-05-17 13:45:00,1996-05-19 13:30:00,153.4773,1996-05-18 02:45:00,13.0000
10311000,39.107778,-119.712222,1997-01-02 11:00:00,1997-01-05 20:00:00,863.6638,1997-01-03 13:30:00,26.5000
10311000,39.107778,-119.712222,2005-05-21 08:00:00,2005-05-22 14:00:00,146.6813,2005-05-22 05:30:00,21.5000
10311000,39.107778,-119.712222,2005-12-31 23:30:00,2006-01-03 00:45:00,336.9705,2006-01-01 18:15:00,18.7500
10312000,39.291667,-119.311111,1995-03-11 10:00:00,1995-03-13 17:00:00,178.1130,1995-03-13 00:00:00,38.0000
10312000,39.291667,-119.311111,1995-06-05 18:15:00,1995-06-05 19:15:00,111.2852,1995-06-05 19:15:00,1.0000
10312000,39.291667,-119.311111,1996-05-18 07:00:00,1996-05-20 17:00:00,156.5922,1996-05-18 19:30:00,12.5000
10312000,39.291667,-119.311111,1997-01-02 17:45:00,1997-01-03 07:45:00,163.6714,1997-01-03 07:00:00,13.2500
10312000,39.291667,-119.311111,1998-03-26 08:30:00,1998-03-26 20:30:00,116.3822,1998-03-26 14:15:00,5.7500
10312000,39.291667,-119.311111,1999-05-28 13:15:00,1999-05-30 19:15:00,112.4179,1999-05-30 13:45:00,48.5000
10312000,39.291667,-119.311111,2005-05-21 03:15:00,2005-05-23 17:00:00,128.2753,2005-05-22 18:45:00,39.5000
10312000,39.291667,-119.311111,2006-01-03 08:00:00,2006-01-04 01:00:00,212.3763,2006-01-03 08:15:00,0.2500
10336780,38.920000,-119.971389,1995-07-06 07:00:00,1995-07-12 23:15:00,7.7305,1995-07-08 10:00:00,51.0000
10336780,38.920000,-119.971389,1996-05-16 05:45:00,1996-05-18 23:00:00,8.5800,1996-05-16 17:30:00,11.7500
10336780,38.920000,-119.971389,1996-06-08 07:00:00,1996-06-09 12:30:00,6.2297,1996-06-08 09:00:00,2.0000
10336780,38.920000,-119.971389,1997-01-01 14:15:00,1997-01-05 18:15:00,15.1495,1997-01-02 22:15:00,32.0000
10336780,38.920000,-119.971389,1997-06-14 14:45:00,1997-06-14 19:45:00,6.4846,1997-06-14 18:00:00,3.2500
10336780,38.920000,-119.971389,1998-06-07 08:30:00,1998-06-07 11:30:00,6.3430,1998-06-07 09:30:00,1.0000
10336780,38.920000,-119.971389,1998-06-19 08:30:00,1998-06-23 15:45:00,6.4846,1998-06-22 09:15:00,72.7500
10336780,38.920000,-119.971389,1998-06-25 08:45:00,1998-06-26 15:45:00,6.5695,1998-06-26 10:15:00,25.5000
10336780,38.920000,-119.971389,1998-06-29 08:15:00,1998-06-30 15:45:00,6.2863,1998-06-30 09:30:00,25.2500
10336780,38.920000,-119.971389,1999-05-26 02:00:00,1999-05-29 21:30:00,7.6172,1999-05-29 07:30:00,77.5000
10336780,38.920000,-119.971389,1999-05-31 04:00:00,1999-06-01 12:45:00,6.5978,1999-05-31 07:30:00,3.5000
10336780,38.920000,-119.971389,1999-06-18 06:45:00,1999-06-18 12:45:00,6.2863,1999-06-18 08:45:00,2.0000
10336780,38.920000,-119.971389,2005-12-31 07:59:40,2006-01-01 11:29:40,17.4149,2005-12-31 22:14:40,14.2500
10336780,38.920000,-119.971389,2006-05-15 07:15:00,2006-05-28 00:15:00,8.6650,2006-05-19 08:00:00,96.7500
10336780,38.920000,-119.971389,2006-06-02 09:15:00,2006-06-14 08:15:00,8.5517,2006-06-07 09:45:00,120.5000
103366092,38.848611,-120.026111,1993-05-18 03:45:00,1993-05-21 09:45:00,45.3070,1993-05-19 04:15:00,24.5000
103366092,38.848611,-120.026111,1993-05-24 05:30:00,1993-05-24 07:00:00,36.8119,1993-05-24 06:00:00,0.5000
103366092,38.848611,-120.026111,1993-05-31 20:45:00,1993-06-01 01:30:00,39.3604,1993-05-31 21:45:00,1.0000
103366092,38.848611,-120.026111,1996-05-16 09:45:00,1996-05-17 01:15:00,65.6951,1996-05-16 13:45:00,4.0000
103366092,38.848611,-120.026111,2005-05-16 15:00:00,2005-05-16 18:45:00,40.7763,2005-05-16 17:00:00,2.0000
103366092,38.848611,-120.026111,2005-12-31 07:44:50,2006-01-01 01:29:50,56.9169,2005-12-31 17:14:50,9.5000
103366092,38.848611,-120.026111,2010-10-25 04:30:00,2010-10-25 08:45:00,46.7228,2010-10-25 06:45:00,2.2500
103366092,38.848611,-120.026111,2011-06-29 12:15:00,2011-06-29 20:00:00,39.6436,2011-06-29 15:30:00,3.2500
10133600,40.687500,-111.532778,2005-05-23 14:00:00,2005-05-26 05:30:00,3.2848,2005-05-24 05:15:00,15.2500
10133600,40.687500,-111.532778,2006-05-05 03:45:00,2006-05-05 04:15:00,3.0865,2006-05-05 04:00:00,0.2500
10133600,40.687500,-111.532778,2011-06-19 12:00:00,2011-06-19 14:45:00,3.2281,2011-06-19 13:15:00,1.2500
10242000,37.672222,-113.033889,2006-07-29 00:30:00,2006-07-29 01:00:00,59.7485,2006-07-29 00:45:00,0.2500
10242000,37.672222,-113.033889,2006-07-31 02:30:00,2006-07-31 07:30:00,54.0852,2006-07-31 07:15:00,4.7500
10325000,40.667778,-116.930278,1993-05-21 07:00:00,1993-06-13 06:00:00,62.0139,1993-05-27 18:00:00,155.0000
10325000,40.667778,-116.930278,1995-05-28 17:00:00,1995-06-01 21:00:00,54.0852,1995-05-29 21:00:00,28.0000
10325000,40.667778,-116.930278,1995-06-06 06:00:00,1995-07-13 02:00:00,115.8159,1995-06-13 06:00:00,168.0000
10325000,40.667778,-116.930278,1996-03-16 23:00:00,1996-03-28 14:00:00,55.2179,1996-03-20 05:00:00,78.0000
10325000,40.667778,-116.930278,1996-04-04 18:00:00,1996-04-19 13:00:00,56.9169,1996-04-07 03:00:00,56.0000
10325000,40.667778,-116.930278,1996-05-20 11:00:00,1996-06-05 19:00:00,69.9426,1996-05-22 18:00:00,55.0000
10325000,40.667778,-116.930278,1996-06-09 16:00:00,1996-06-21 04:00:00,60.5981,1996-06-13 22:00:00,102.0000
10325000,40.667778,-116.930278,1997-01-07 12:00:00,1997-01-07 17:00:00,85.5169,1997-01-07 15:30:00,3.5000
10325000,40.667778,-116.930278,1997-03-18 13:30:00,1997-04-07 01:45:00,84.9505,1997-03-26 07:15:00,185.7500
10325000,40.667778,-116.930278,1997-04-26 07:15:00,1997-05-05 11:30:00,53.5188,1997-04-27 22:30:00,39.2500
10325000,40.667778,-116.930278,1997-05-17 12:45:00,1997-06-02 01:30:00,74.7565,1997-05-25 16:30:00,195.7500
10325000,40.667778,-116.930278,1999-06-18 18:30:00,1999-06-25 08:15:00,55.7842,1999-06-22 20:15:00,97.7500
10325000,40.667778,-116.930278,2006-03-04 10:00:00,2006-03-07 01:00:00,60.0317,2006-03-05 07:00:00,21.0000
10325000,40.667778,-116.930278,2010-06-12 04:15:00,2010-06-17 08:45:00,63.4297,2010-06-13 19:45:00,39.5000
10325000,40.667778,-116.930278,2011-04-22 18:00:00,2011-05-01 16:45:00,63.1466,2011-04-25 05:15:00,59.2500
10327500,40.992222,-117.316667,1993-03-29 15:00:00,1993-04-14 13:00:00,76.4555,1993-04-03 17:00:00,122.0000
10327500,40.992222,-117.316667,1993-06-05 00:00:00,1993-06-12 00:00:00,43.0416,1993-06-06 06:00:00,30.0000
10327500,40.992222,-117.316667,1993-06-13 12:00:00,1993-06-13 18:00:00,40.4931,1993-06-13 16:00:00,4.0000
10327500,40.992222,-117.316667,1995-06-03 10:00:00,1995-06-05 05:00:00,41.9089,1995-06-03 22:00:00,12.0000
10327500,40.992222,-117.316667,1996-03-22 02:00:00,1996-04-01 20:00:00,47.8555,1996-03-28 21:00:00,163.0000
10327500,40.992222,-117.316667,1996-05-25 20:00:00,1996-06-03 17:00:00,54.3683,1996-05-31 09:00:00,133.0000
10327500,40.992222,-117.316667,1996-06-16 05:00:00,1996-06-23 09:00:00,44.1743,1996-06-18 11:00:00,54.0000
10327500,40.992222,-117.316667,1997-04-28 21:45:00,1997-05-09 21:30:00,47.5723,1997-05-02 23:15:00,97.5000
10327500,40.992222,-117.316667,1998-06-17 07:00:00,1998-06-19 06:45:00,84.9505,1998-06-19 02:30:00,43.5000
10327500,40.992222,-117.316667,2006-03-08 01:00:00,2006-03-11 16:00:00,44.7406,2006-03-09 02:00:00,25.0000
10327500,40.992222,-117.316667,2006-04-01 07:00:00,2006-04-04 06:00:00,51.2535,2006-04-04 03:00:00,67.0000
10351600,39.584722,-119.440278,1995-03-11 05:00:00,1995-03-11 17:00:00,191.7051,1995-03-11 11:15:00,6.2500
10351600,39.584722,-119.440278,1996-05-16 21:15:00,1996-05-21 04:30:00,196.8021,1996-05-18 16:00:00,42.7500
10351600,39.584722,-119.440278,1996-12-30 05:45:00,1997-01-17 04:30:00,557.8419,1997-01-03 09:45:00,100.0000
10351600,39.584722,-119.440278,1997-01-25 19:30:00,1997-01-27 15:15:00,236.7288,1997-01-26 04:30:00,9.0000
10351600,39.584722,-119.440278,1998-03-24 17:00:00,1998-03-25 02:15:00,180.9446,1998-03-24 21:15:00,4.2500
10351600,39.584722,-119.440278,2005-12-31 11:45:00,2006-01-02 20:15:00,421.9210,2006-01-01 00:30:00,12.7500
10351600,39.584722,-119.440278,2006-02-28 14:45:00,2006-02-28 23:45:00,193.4041,2006-02-28 18:30:00,3.7500
10128500,40.737222,-111.247222,1990-06-11 13:15:00,1990-06-12 06:15:00,74.4733,1990-06-11 19:45:00,6.5000
10128500,40.737222,-111.247222,1991-06-12 05:00:00,1991-06-14 12:00:00,67.3941,1991-06-13 09:15:00,28.2500
10128500,40.737222,-111.247222,1993-05-22 08:00:00,1993-05-22 13:15:00,56.9169,1993-05-22 08:30:00,0.5000
10128500,40.737222,-111.247222,1993-05-26 03:15:00,1993-05-27 16:30:00,59.4654,1993-05-26 08:30:00,5.2500
10128500,40.737222,-111.247222,1993-06-16 06:30:00,1993-06-16 15:30:00,54.9347,1993-06-16 10:00:00,3.5000
10128500,40.737222,-111.247222,1995-06-14 08:45:00,1995-06-16 19:00:00,75.6060,1995-06-15 08:30:00,23.7500
10128500,40.737222,-111.247222,1995-06-28 09:15:00,1995-06-29 12:15:00,54.3683,1995-06-29 10:45:00,25.5000
10128500,40.737222,-111.247222,1996-06-09 06:00:00,1996-06-11 11:00:00,59.4654,1996-06-10 10:45:00,28.7500
10128500,40.737222,-111.247222,1997-06-04 07:15:00,1997-06-11 16:15:00,62.5802,1997-06-11 07:45:00,168.5000
10128500,40.737222,-111.247222,1999-06-16 04:30:00,1999-06-20 12:00:00,64.2792,1999-06-17 07:45:00,27.2500
10128500,40.737222,-111.247222,2003-05-31 06:00:00,2003-05-31 09:45:00,55.2179,2003-05-31 07:15:00,1.2500
10128500,40.737222,-111.247222,2005-05-24 05:45:00,2005-05-25 14:00:00,69.6594,2005-05-24 15:00:00,9.2500
10128500,40.737222,-111.247222,2005-06-18 07:30:00,2005-06-18 10:15:00,53.8020,2005-06-18 09:15:00,1.7500
10128500,40.737222,-111.247222,2008-06-17 08:15:00,2008-06-20 13:00:00,62.2971,2008-06-19 10:45:00,50.5000
10128500,40.737222,-111.247222,2010-06-06 01:30:00,2010-06-06 05:45:00,70.5089,2010-06-06 05:15:00,3.7500
10128500,40.737222,-111.247222,2010-06-09 06:00:00,2010-06-11 11:00:00,99.9585,2010-06-10 08:50:00,26.8333
10128500,40.737222,-111.247222,2011-06-16 00:30:00,2011-06-20 13:00:00,69.6594,2011-06-17 11:45:00,35.2500
10128500,40.737222,-111.247222,2011-07-11 10:00:00,2011-07-11 12:30:00,54.0852,2011-07-11 10:15:00,0.2500
10128500,40.737222,-111.247222,2014-05-28 07:00:00,2014-05-29 08:45:00,54.0852,2014-05-28 08:30:00,1.5000
10301500,39.152246,-119.098889,1995-06-08 07:45:00,1995-06-11 04:30:00,47.8555,1995-06-09 05:45:00,22.0000
10301500,39.152246,-119.098889,1995-07-02 03:30:00,1995-07-06 06:45:00,55.5010,1995-07-05 17:30:00,86.0000
10301500,39.152246,-119.098889,1995-07-07 07:00:00,1995-07-19 16:00:00,70.7921,1995-07-14 14:45:00,175.7500
10301500,39.152246,-119.098889,1997-01-04 02:15:00,1997-01-07 07:45:00,73.6238,1997-01-06 13:30:00,59.2500
10301500,39.152246,-119.098889,1997-01-08 08:00:00,1997-01-20 08:45:00,70.7921,1997-01-08 08:30:00,0.5000
10301500,39.152246,-119.098889,1997-01-27 09:15:00,1997-01-28 01:00:00,49.8377,1997-01-27 16:00:00,6.7500
10301500,39.152246,-119.098889,1998-06-16 02:00:00,1998-06-19 11:30:00,51.5367,1998-06-18 05:45:00,51.7500
10301500,39.152246,-119.098889,2005-05-31 20:15:00,2005-06-02 12:00:00,50.6872,2005-06-01 16:45:00,20.5000
10301500,39.152246,-119.098889,2005-06-05 10:30:00,2005-06-06 01:30:00,47.8555,2005-06-05 18:45:00,8.2500
10301500,39.152246,-119.098889,2006-05-17 22:00:00,2006-06-01 01:30:00,63.4297,2006-05-24 10:30:00,156.5000
10301500,39.152246,-119.098889,2006-06-08 15:15:00,2006-06-13 14:30:00,58.0495,2006-06-10 18:15:00,51.0000
10301500,39.152246,-119.098889,2011-06-26 16:00:00,2011-07-07 13:30:00,51.2535,2011-07-02 12:30:00,140.5000
10301500,39.152246,-119.098889,2011-07-09 18:30:00,2011-07-13 15:00:00,48.4218,2011-07-10 11:00:00,16.5000
10319900,40.627250,-115.730280,1995-06-03 23:00:00,1995-06-04 00:00:00,76.7387,1995-06-03 23:45:00,0.7500
10348000,39.530278,-119.794444,1995-03-11 02:45:00,1995-03-11 09:00:00,180.9446,1995-03-11 05:00:00,2.2500
10348000,39.530278,-119.794444,1995-05-02 00:15:00,1995-05-02 10:15:00,151.7783,1995-05-02 05:30:00,5.2500
10348000,39.530278,-119.794444,1996-05-16 15:15:00,1996-05-21 01:30:00,211.2437,1996-05-18 16:15:00,49.0000
10348000,39.530278,-119.794444,1996-12-29 22:45:00,1996-12-30 06:15:00,173.2991,1996-12-30 00:15:00,1.5000
10348000,39.530278,-119.794444,1996-12-31 07:30:00,1997-01-08 07:45:00,512.5349,1997-01-02 16:00:00,56.5000
10348000,39.530278,-119.794444,1998-03-24 12:15:00,1998-03-24 18:15:00,156.8753,1998-03-24 16:00:00,3.7500
10348000,39.530278,-119.794444,2005-12-31 06:00:00,2006-01-02 09:30:00,464.3963,2005-12-31 17:30:00,11.5000
10348000,39.530278,-119.794444,2006-02-28 11:00:00,2006-02-28 13:45:00,168.7684,2006-02-28 12:00:00,1.0000
10348000,39.530278,-119.794444,1995-03-11 02:45:00,1995-03-11 09:00:00,180.9446,1995-03-11 05:00:00,2.2500
10348000,39.530278,-119.794444,1995-05-02 00:15:00,1995-05-02 10:15:00,151.7783,1995-05-02 05:30:00,5.2500
10348000,39.530278,-119.794444,1996-05-16 15:15:00,1996-05-21 01:30:00,211.2437,1996-05-18 16:15:00,49.0000
10348000,39.530278,-119.794444,1996-12-29 22:45:00,1996-12-30 06:15:00,173.2991,1996-12-30 00:15:00,1.5000
10348000,39.530278,-119.794444,1996-12-31 07:30:00,1997-01-08 07:45:00,512.5349,1997-01-02 16:00:00,56.5000
10348000,39.530278,-119.794444,1998-03-24 12:15:00,1998-03-24 18:15:00,156.8753,1998-03-24 16:00:00,3.7500
10348000,39.530278,-119.794444,2005-12-31 06:00:00,2006-01-02 09:30:00,464.3963,2005-12-31 17:30:00,11.5000
10348000,39.530278,-119.794444,2006-02-28 11:00:00,2006-02-28 13:45:00,168.7684,2006-02-28 12:00:00,1.0000
10351700,39.777237,-119.337500,1995-03-11 14:00:00,1995-03-12 04:00:00,205.5803,1995-03-11 22:00:00,8.0000
10351700,39.777237,-119.337500,1995-05-02 15:00:00,1995-05-03 05:00:00,171.6001,1995-05-02 22:00:00,7.0000
10351700,39.777237,-119.337500,1996-05-17 06:00:00,1996-05-23 20:00:00,236.1625,1996-05-19 09:00:00,51.0000
10351700,39.777237,-119.337500,1996-12-30 14:00:00,1997-01-17 13:00:00,600.3171,1997-01-03 19:00:00,101.0000
10351700,39.777237,-119.337500,1997-01-23 11:00:00,1997-01-23 13:00:00,150.3625,1997-01-23 12:00:00,1.0000
10351700,39.777237,-119.337500,1997-01-26 00:00:00,1997-01-30 18:00:00,224.8358,1997-01-26 13:00:00,13.0000
10351700,39.777237,-119.337500,1998-03-25 01:00:00,1998-03-25 11:30:00,179.5288,1998-03-25 06:15:00,5.2500
10351700,39.777237,-119.337500,2005-12-31 22:15:00,2006-01-03 05:45:00,359.6240,2006-01-01 12:00:00,13.7500
10351700,39.777237,-119.337500,2006-03-01 00:15:00,2006-03-01 06:00:00,162.2555,2006-03-01 03:15:00,3.0000
10105900,41.575556,-111.854444,2005-04-28 13:00:00,2005-04-29 11:45:00,133.0892,2005-04-29 00:30:00,11.5000
10105900,41.575556,-111.854444,2011-03-17 03:15:00,2011-03-17 04:45:00,39.9268,2011-03-17 03:45:00,0.5000
10105900,41.575556,-111.854444,2011-04-19 00:15:00,2011-04-19 00:30:00,34.8297,2011-04-19 00:30:00,0.2500
10105900,41.575556,-111.854444,2011-05-16 07:15:00,2011-05-16 14:15:00,36.8119,2011-05-16 09:00:00,1.7500
10105900,41.575556,-111.854444,2011-05-24 15:15:00,2011-05-24 20:45:00,43.8911,2011-05-24 17:15:00,2.0000
10105900,41.575556,-111.854444,2011-05-30 10:30:00,2011-05-31 07:30:00,65.1287,2011-05-31 00:20:00,13.8333
10301600,39.103333,-118.928333,1995-05-29 11:15:00,1995-06-01 12:45:00,35.1129,1995-05-30 11:15:00,24.0000
10301600,39.103333,-118.928333,1996-05-19 16:30:00,1996-05-25 05:15:00,35.9624,1996-05-20 07:30:00,15.0000
10301600,39.103333,-118.928333,1997-01-05 18:45:00,1997-01-09 07:45:00,41.6258,1997-01-08 17:00:00,70.2500
10301600,39.103333,-118.928333,1997-01-10 08:00:00,1997-01-15 07:45:00,40.4931,1997-01-14 22:00:00,110.0000
10301600,39.103333,-118.928333,1997-01-16 08:00:00,1997-01-20 07:30:00,37.9446,1997-01-16 16:45:00,8.7500
10301600,39.103333,-118.928333,1998-06-14 14:30:00,1998-06-21 04:15:00,37.9446,1998-06-18 16:45:00,98.2500
10301600,39.103333,-118.928333,2005-06-01 01:30:00,2005-06-09 11:15:00,36.8119,2005-06-02 07:45:00,30.2500
10301600,39.103333,-118.928333,2006-06-07 20:30:00,2006-06-17 14:30:00,40.7763,2006-06-11 13:15:00,88.7500
10311300,39.165028,-119.722222,1992-12-09 12:00:00,1992-12-09 14:15:00,4.9554,1992-12-09 13:00:00,1.0000
10311300,39.165028,-119.722222,1993-01-21 03:24:03,1993-01-21 05:24:12,4.3042,1993-01-21 03:54:06,0.5008
10311300,39.165028,-119.722222,1993-01-22 07:25:54,1993-01-22 09:11:00,4.5307,1993-01-22 08:10:57,0.7508
10311300,39.165028,-119.722222,1993-10-06 00:45:00,1993-10-06 02:15:00,6.2580,1993-10-06 01:15:00,0.5000
10311300,39.165028,-119.722222,1994-05-07 11:45:00,1994-05-07 13:15:00,4.3325,1994-05-07 12:30:00,0.7500
10311300,39.165028,-119.722222,1995-01-10 16:30:00,1995-01-11 07:30:00,23.6446,1995-01-11 04:30:00,12.0000
10311300,39.165028,-119.722222,1995-01-15 01:15:00,1995-01-15 03:45:00,6.9093,1995-01-15 02:00:00,0.7500
10311300,39.165028,-119.722222,1995-03-09 23:00:00,1995-03-11 10:00:00,28.8832,1995-03-11 03:45:00,28.7500
10311300,39.165028,-119.722222,1995-03-21 02:00:00,1995-03-21 04:30:00,4.8422,1995-03-21 02:45:00,0.7500
10311300,39.165028,-119.722222,1995-12-12 18:45:00,1995-12-13 02:30:00,11.5533,1995-12-12 20:15:00,1.5000
10311300,39.165028,-119.722222,1996-02-19 11:45:00,1996-02-20 08:30:00,11.3267,1996-02-20 02:15:00,14.5000
10311300,39.165028,-119.722222,1996-03-05 00:45:00,1996-03-06 02:30:00,28.2885,1996-03-05 03:00:00,2.2500
10311300,39.165028,-119.722222,1996-03-12 21:30:00,1996-03-13 00:15:00,4.3891,1996-03-12 22:30:00,1.0000
10311300,39.165028,-119.722222,1996-03-28 11:30:00,1996-03-28 17:00:00,4.3325,1996-03-28 15:45:00,4.2500
10311300,39.165028,-119.722222,1996-11-18 08:30:00,1996-11-18 11:00:00,3.9644,1996-11-18 09:30:00,1.0000
10311300,39.165028,-119.722222,1996-11-22 08:15:00,1996-11-22 11:15:00,8.3252,1996-11-22 09:00:00,0.7500
10311300,39.165028,-119.722222,1996-12-05 12:30:00,1996-12-05 20:30:00,16.7069,1996-12-05 16:30:00,4.0000
10311300,39.165028,-119.722222,1996-12-10 17:30:00,1996-12-10 22:15:00,5.9182,1996-12-10 19:00:00,1.5000
10311300,39.165028,-119.722222,1996-12-29 20:15:00,1996-12-30 08:45:00,12.6010,1996-12-30 02:15:00,6.0000
10311300,39.165028,-119.722222,1997-01-01 17:15:00,1997-01-03 21:15:00,28.6000,1997-01-02 17:15:00,24.0000
10311300,39.165028,-119.722222,1997-01-22 23:00:00,1997-01-23 05:30:00,12.4877,1997-01-23 02:15:00,3.2500
10311300,39.165028,-119.722222,1997-01-25 14:00:00,1997-01-27 03:45:00,22.0305,1997-01-25 23:30:00,9.5000
10311300,39.165028,-119.722222,1997-06-14 10:00:00,1997-06-15 04:15:00,6.0598,1997-06-15 02:00:00,16.0000
10311300,39.165028,-119.722222,1998-01-19 03:00:00,1998-01-19 07:00:00,12.5727,1998-01-19 04:45:00,1.7500
10311300,39.165028,-119.722222,1998-02-03 21:45:00,1998-02-03 22:30:00,3.6246,1998-02-03 22:00:00,0.2500
10311300,39.165028,-119.722222,1998-03-24 10:30:00,1998-03-25 08:45:00,19.2555,1998-03-24 16:30:00,6.0000
10311300,39.165028,-119.722222,1998-06-07 05:15:00,1998-06-07 13:45:00,10.4206,1998-06-07 09:45:00,4.5000
10311300,39.165028,-119.722222,1999-01-18 21:15:00,1999-01-19 15:30:00,6.4279,1999-01-18 21:30:00,0.2500
10311300,39.165028,-119.722222,2000-01-24 15:15:00,2000-01-25 07:00:00,5.8616,2000-01-25 05:00:00,13.7500
10311300,39.165028,-119.722222,2000-02-14 19:30:00,2000-02-14 20:30:00,4.4457,2000-02-14 19:45:00,0.2500
10311300,39.165028,-119.722222,2000-11-29 19:30:00,2000-11-29 22:30:00,5.9182,2000-11-29 21:15:00,1.7500
10311300,39.165028,-119.722222,2001-12-02 20:15:00,2001-12-03 00:00:00,7.9287,2001-12-02 22:00:00,1.7500
10311300,39.165028,-119.722222,2002-11-08 18:30:00,2002-11-08 21:30:00,8.6650,2002-11-08 20:15:00,1.7500
10311300,39.165028,-119.722222,2002-12-16 17:15:00,2002-12-17 00:15:00,4.2475,2002-12-16 22:30:00,5.2500
10311300,39.165028,-119.722222,2005-12-02 04:36:30,2005-12-02 14:06:30,11.6949,2005-12-02 10:21:30,5.7500
10311300,39.165028,-119.722222,2005-12-22 06:00:00,2005-12-22 14:30:00,9.6277,2005-12-22 07:30:00,1.5000
10311300,39.165028,-119.722222,2005-12-31 02:45:00,2006-01-03 00:06:30,51.8198,2005-12-31 18:15:00,15.5000
10311300,39.165028,-119.722222,2006-02-28 12:45:00,2006-02-28 17:00:00,7.0792,2006-02-28 15:15:00,2.5000
10311300,39.165028,-119.722222,2008-01-04 23:15:00,2008-01-05 02:30:00,5.3519,2008-01-05 00:00:00,0.7500
10311300,39.165028,-119.722222,2009-10-14 03:15:00,2009-10-14 07:45:00,6.5978,2009-10-14 04:00:00,0.7500
10311300,39.165028,-119.722222,2010-01-13 15:15:00,2010-01-13 16:30:00,4.4741,2010-01-13 15:45:00,0.5000
10311300,39.165028,-119.722222,2010-10-25 00:15:00,2010-10-25 07:30:00,9.7410,2010-10-25 03:45:00,3.5000
10311300,39.165028,-119.722222,2010-12-19 12:00:00,2010-12-20 02:30:00,5.1820,2010-12-19 14:15:00,2.2500
10311300,39.165028,-119.722222,2011-06-06 08:45:00,2011-06-06 11:30:00,4.7855,2011-06-06 09:15:00,0.5000
10311300,39.165028,-119.722222,2012-01-21 10:45:00,2012-01-21 17:00:00,10.3073,2012-01-21 11:30:00,0.7500
10311300,39.165028,-119.722222,2012-01-24 00:30:00,2012-01-24 03:00:00,5.5784,2012-01-24 01:30:00,1.0000
10311300,39.165028,-119.722222,2012-12-02 20:45:00,2012-12-03 00:15:00,6.6545,2012-12-02 22:00:00,1.2500
10311300,39.165028,-119.722222,2014-02-09 18:15:00,2014-02-09 22:45:00,8.1553,2014-02-09 19:00:00,0.7500
10333000,40.692500,-118.203333,1986-04-22 08:00:00,1986-04-24 16:00:00,38.7941,1986-04-22 14:00:00,6.0000
10333000,40.692500,-118.203333,1996-04-16 19:00:00,1996-04-27 17:00:00,41.9089,1996-04-22 02:00:00,127.0000
10333000,40.692500,-118.203333,1996-06-05 07:00:00,1996-06-08 19:00:00,40.4931,1996-06-06 22:00:00,39.0000
10333000,40.692500,-118.203333,1997-04-06 08:00:00,1997-04-18 04:00:00,50.1208,1997-04-10 10:00:00,98.0000
10333000,40.692500,-118.203333,1999-06-15 11:15:00,1999-06-23 08:00:00,45.5901,1999-06-20 04:30:00,113.2500
10333000,40.692500,-118.203333,2006-04-11 23:30:00,2006-06-29 11:00:00,133.3723,2006-04-19 22:15:00,190.7500
10333000,40.692500,-118.203333,2011-07-09 03:30:00,2011-07-10 01:15:00,38.7941,2011-07-09 13:30:00,10.0000
10333000,40.692500,-118.203333,2011-07-18 02:30:00,2011-07-19 01:45:00,39.0772,2011-07-18 16:00:00,13.5000
10336610,38.922500,-119.990556,1995-03-10 05:00:00,1995-03-11 10:15:00,33.9802,1995-03-11 06:00:00,25.0000
10336610,38.922500,-119.990556,1995-05-01 14:00:00,1995-05-02 16:30:00,41.3426,1995-05-02 03:45:00,13.7500
10336610,38.922500,-119.990556,1995-06-02 08:30:00,1995-06-04 19:15:00,33.9802,1995-06-02 13:30:00,5.0000
10336610,38.922500,-119.990556,1995-06-26 12:15:00,1995-06-27 15:45:00,30.2990,1995-06-26 14:15:00,2.0000
10336610,38.922500,-119.990556,1996-05-16 10:15:00,1996-05-18 23:15:00,50.4040,1996-05-16 20:45:00,10.5000
10336610,38.922500,-119.990556,1997-01-01 12:30:00,1997-01-02 07:45:00,107.6040,1997-01-02 07:45:00,19.2500
10336610,38.922500,-119.990556,1998-03-24 12:45:00,1998-03-25 11:00:00,41.9089,1998-03-24 20:00:00,7.2500
10336610,38.922500,-119.990556,2005-05-16 21:15:00,2005-05-17 03:30:00,33.4139,2005-05-17 00:00:00,2.7500
10336610,38.922500,-119.990556,2005-05-21 08:00:00,2005-05-21 13:15:00,30.5822,2005-05-21 09:30:00,1.5000
10336610,38.922500,-119.990556,2005-12-31 07:30:00,2006-01-01 14:30:00,80.7030,2005-12-31 21:00:00,13.5000
10336610,38.922500,-119.990556,2011-06-23 13:45:00,2011-06-23 20:30:00,30.5822,2011-06-23 16:15:00,2.5000
10336610,38.922500,-119.990556,2011-06-29 19:00:00,2011-06-30 13:45:00,35.9624,2011-06-30 02:30:00,7.5000
10301500,39.152246,-119.098889,1995-07-12 04:15:00,1995-07-16 22:30:00,70.7921,1995-07-14 14:45:00,58.5000
10301500,39.152246,-119.098889,1997-01-05 12:30:00,1997-01-07 07:45:00,73.6238,1997-01-06 13:30:00,25.0000
10301500,39.152246,-119.098889,1997-01-08 08:00:00,1997-01-12 17:00:00,70.7921,1997-01-08 08:30:00,0.5000
10301500,39.152246,-119.098889,2006-05-23 03:15:00,2006-05-26 09:15:00,63.4297,2006-05-24 10:30:00,31.2500
10301500,39.152246,-119.098889,2006-05-29 05:45:00,2006-05-31 03:15:00,62.2971,2006-05-30 04:45:00,23.0000
10346000,39.428056,-120.033056,1997-01-01 16:00:00,1997-01-03 05:30:00,421.9210,1997-01-02 12:45:00,20.7500
10346000,39.428056,-120.033056,2005-12-31 15:00:00,2005-12-31 23:15:00,286.0002,2005-12-31 20:30:00,5.5000
10346000,39.428056,-120.033056,1997-01-01 16:00:00,1997-01-03 05:30:00,421.9210,1997-01-02 12:45:00,20.7500
10346000,39.428056,-120.033056,2005-12-31 15:00:00,2005-12-31 23:15:00,286.0002,2005-12-31 20:30:00,5.5000
10347460,39.507222,-119.930833,1995-03-11 02:00:00,1995-03-11 08:15:00,184.6258,1995-03-11 03:45:00,1.7500
10347460,39.507222,-119.930833,1995-05-01 22:00:00,1995-05-02 14:45:00,200.2001,1995-05-02 06:15:00,8.2500
10347460,39.507222,-119.930833,1996-12-31 09:00:00,1997-01-01 07:45:00,189.4397,1997-01-01 07:45:00,22.7500
10347460,39.507222,-119.930833,2005-12-31 07:45:00,2006-01-01 06:14:00,334.1388,2005-12-31 19:14:00,11.4833
10335000,40.467500,-118.306667,1998-06-09 00:00:00,1998-07-13 03:15:00,67.9604,1998-06-09 06:30:00,6.5000
10335000,40.467500,-118.306667,2005-06-03 06:00:00,2005-06-04 14:45:00,57.4832,2005-06-04 08:00:00,26.0000
10335000,40.467500,-118.306667,2005-06-17 02:00:00,2005-06-18 13:15:00,56.6337,2005-06-17 14:45:00,12.7500
10335000,40.467500,-118.306667,2005-06-23 06:00:00,2005-06-28 17:30:00,59.7485,2005-06-25 17:15:00,59.2500
10129900,40.735278,-111.475278,2001-11-29 16:45:00,2001-11-29 18:00:00,1.7556,2001-11-29 17:15:00,0.5000
10129900,40.735278,-111.475278,2002-03-30 21:15:00,2002-04-03 05:45:00,1.9822,2002-04-01 02:45:00,29.5000
10129900,40.735278,-111.475278,2004-03-20 21:45:00,2004-03-21 04:30:00,1.9539,2004-03-21 00:15:00,2.5000
10129900,40.735278,-111.475278,2005-05-30 18:45:00,2005-05-31 06:15:00,1.6990,2005-05-30 20:30:00,1.7500
10129900,40.735278,-111.475278,2006-03-29 12:15:00,2006-03-31 06:30:00,2.2653,2006-03-30 01:00:00,12.7500
10129900,40.735278,-111.475278,2006-04-03 22:15:00,2006-04-08 12:00:00,2.0671,2006-04-04 02:00:00,3.7500
10129900,40.735278,-111.475278,2006-05-05 09:00:00,2006-05-05 17:45:00,1.6990,2006-05-05 13:15:00,4.2500
10129900,40.735278,-111.475278,2008-04-15 20:15:00,2008-04-16 04:00:00,1.6707,2008-04-15 22:30:00,2.2500
10129900,40.735278,-111.475278,2008-04-19 01:30:00,2008-04-20 15:30:00,2.0671,2008-04-20 02:45:00,25.2500
10129900,40.735278,-111.475278,2009-04-15 15:30:00,2009-04-16 10:15:00,1.6990,2009-04-16 07:45:00,16.2500
10129900,40.735278,-111.475278,2011-03-17 19:00:00,2011-03-19 04:00:00,2.4636,2011-03-18 00:30:00,5.5000
10129900,40.735278,-111.475278,2011-04-01 00:15:00,2011-04-09 13:15:00,4.2475,2011-04-03 07:45:00,55.5000
10129900,40.735278,-111.475278,2011-04-18 12:45:00,2011-04-20 13:00:00,2.7184,2011-04-19 04:30:00,15.7500
10129900,40.735278,-111.475278,2011-05-09 10:45:00,2011-05-10 11:00:00,2.0388,2011-05-09 15:30:00,4.7500
10129900,40.735278,-111.475278,2011-05-19 13:45:00,2011-05-22 01:00:00,3.2281,2011-05-20 22:15:00,32.5000
10129900,40.735278,-111.475278,2011-05-29 07:45:00,2011-05-31 07:15:00,2.3786,2011-05-29 16:15:00,8.5000
10129900,40.735278,-111.475278,2012-03-13 19:15:00,2012-03-17 02:30:00,2.1804,2012-03-16 02:15:00,55.0000
10129900,40.735278,-111.475278,2014-03-01 23:15:00,2014-03-02 05:15:00,2.0671,2014-03-02 01:00:00,1.7500
10129900,40.735278,-111.475278,2014-09-28 06:30:00,2014-09-28 21:30:00,1.8972,2014-09-28 12:30:00,6.0000
10351650,39.632222,-119.282222,1995-03-11 08:30:00,1995-03-11 17:30:00,192.2714,1995-03-11 13:30:00,5.0000
10351650,39.632222,-119.282222,1996-05-17 02:15:00,1996-05-20 15:00:00,221.4377,1996-05-19 01:15:00,47.0000
10351650,39.632222,-119.282222,1996-12-30 08:15:00,1997-01-13 07:45:00,540.8518,1997-01-03 12:45:00,100.5000
10351650,39.632222,-119.282222,1997-01-15 08:00:00,1997-01-17 04:30:00,232.7645,1997-01-15 10:45:00,2.7500
10351650,39.632222,-119.282222,1997-01-25 23:30:00,1997-01-27 14:00:00,237.5783,1997-01-26 07:00:00,7.5000
10351650,39.632222,-119.282222,2005-12-31 14:00:00,2006-01-02 22:45:00,419.0893,2006-01-01 04:00:00,14.0000
10351650,39.632222,-119.282222,2006-02-28 18:00:00,2006-03-01 00:45:00,203.0318,2006-02-28 21:15:00,3.2500
10348200,39.517512,-119.741391,1995-03-11 04:15:00,1995-03-11 06:15:00,217.1902,1995-03-11 05:30:00,1.2500
10348200,39.517512,-119.741391,1996-05-18 11:00:00,1996-05-18 22:15:00,222.0041,1996-05-18 16:00:00,5.0000
10348200,39.517512,-119.741391,2005-12-31 08:15:00,2006-01-01 08:45:00,416.2576,2005-12-31 18:30:00,10.2500
10348850,39.354444,-119.857500,1995-07-09 02:00:00,1995-07-09 11:00:00,3.0299,1995-07-09 11:00:00,9.0000
10348850,39.354444,-119.857500,1996-05-15 11:00:00,1996-05-18 21:00:00,4.5024,1996-05-16 11:00:00,24.0000
10348850,39.354444,-119.857500,1996-06-25 07:00:00,1996-06-25 11:00:00,3.2848,1996-06-25 09:00:00,2.0000
10348850,39.354444,-119.857500,1996-06-26 20:00:00,1996-06-27 07:00:00,3.2281,1996-06-27 03:00:00,7.0000
10348850,39.354444,-119.857500,1999-05-26 21:45:00,1999-05-30 15:45:00,4.5590,1999-05-27 01:00:00,3.2500
10348850,39.354444,-119.857500,2005-05-23 01:45:00,2005-05-23 02:15:00,3.8228,2005-05-23 02:15:00,0.5000
10348850,39.354444,-119.857500,2005-05-27 23:45:00,2005-05-28 00:15:00,3.1715,2005-05-28 00:15:00,0.5000
10348850,39.354444,-119.857500,2006-05-18 22:15:00,2006-05-20 03:30:00,3.4830,2006-05-19 04:00:00,5.7500
10348850,39.354444,-119.857500,2006-06-10 02:00:00,2006-06-11 06:00:00,4.5307,2006-06-11 02:00:00,24.0000
10348850,39.354444,-119.857500,2006-06-13 00:45:00,2006-06-13 02:30:00,3.0582,2006-06-13 01:30:00,0.7500
10348850,39.354444,-119.857500,2006-06-20 06:45:00,2006-06-21 06:45:00,4.3325,2006-06-21 00:15:00,17.5000
10348850,39.354444,-119.857500,2009-05-21 06:15:00,2009-05-23 00:45:00,3.1149,2009-05-22 00:15:00,18.0000
10348850,39.354444,-119.857500,2011-06-19 23:00:00,2011-06-20 03:00:00,3.1432,2011-06-20 02:45:00,3.7500
10348850,39.354444,-119.857500,2011-06-22 18:00:00,2011-06-24 04:30:00,3.7378,2011-06-24 01:30:00,31.5000
10348850,39.354444,-119.857500,2011-06-29 00:00:00,2011-06-30 02:45:00,3.1998,2011-06-29 00:30:00,0.5000
10310000,38.769722,-119.832778,1995-05-01 12:00:00,1995-05-02 06:45:00,39.6436,1995-05-02 06:15:00,18.2500
10310000,38.769722,-119.832778,1995-05-11 04:45:00,1995-05-12 07:45:00,24.3808,1995-05-12 04:45:00,24.0000
10310000,38.769722,-119.832778,1995-05-20 02:15:00,1995-05-24 17:00:00,32.8475,1995-05-22 06:45:00,52.5000
10310000,38.769722,-119.832778,1995-05-27 01:30:00,1995-06-06 10:45:00,41.3426,1995-06-02 04:30:00,147.0000
10310000,38.769722,-119.832778,1995-06-12 02:30:00,1995-06-15 11:15:00,30.0159,1995-06-12 06:30:00,4.0000
10310000,38.769722,-119.832778,1995-06-25 07:30:00,1995-06-28 11:45:00,27.6372,1995-06-27 06:30:00,47.0000
10310000,38.769722,-119.832778,1996-05-15 18:15:00,1996-05-16 06:45:00,30.8654,1996-05-16 06:45:00,12.5000
10310000,38.769722,-119.832778,1996-05-18 07:00:00,1996-05-18 20:45:00,34.8297,1996-05-18 14:30:00,7.5000
10310000,38.769722,-119.832778,1997-04-22 02:45:00,1997-04-22 07:45:00,24.7206,1997-04-22 05:15:00,2.5000
10310000,38.769722,-119.832778,1998-05-01 03:15:00,1998-05-03 05:45:00,24.7206,1998-05-02 05:30:00,26.2500
10310000,38.769722,-119.832778,1998-06-07 05:15:00,1998-06-08 11:15:00,31.9980,1998-06-07 10:45:00,5.5000
10310000,38.769722,-119.832778,1999-05-12 03:15:00,1999-05-13 10:00:09,28.3168,1999-05-13 04:45:00,25.5000
10310000,38.769722,-119.832778,1999-05-23 05:08:00,1999-05-27 06:58:00,30.8654,1999-05-26 05:58:00,72.8333
10310000,38.769722,-119.832778,1999-05-29 07:00:00,1999-05-29 17:00:00,30.2990,1999-05-29 07:15:00,0.2500
10310000,38.769722,-119.832778,2003-05-29 04:30:00,2003-05-30 13:00:00,25.4285,2003-05-30 07:15:00,26.7500
10310000,38.769722,-119.832778,2005-05-16 05:30:00,2005-05-17 08:15:00,50.6872,2005-05-16 16:00:00,10.5000
10310000,38.769722,-119.832778,2005-05-18 12:45:00,2005-05-24 12:00:00,60.8812,2005-05-19 05:15:00,16.5000
10310000,38.769722,-119.832778,2005-05-27 05:15:00,2005-05-28 11:30:00,26.0232,2005-05-27 08:00:00,2.7500
10310000,38.769722,-119.832778,2005-12-31 07:15:00,2006-01-01 06:45:00,77.0218,2005-12-31 21:00:00,13.7500
10310000,38.769722,-119.832778,2006-04-29 04:00:00,2006-05-03 08:45:00,27.6372,2006-05-01 03:45:00,47.7500
10310000,38.769722,-119.832778,2006-05-07 06:15:00,2006-05-10 06:45:00,26.7311,2006-05-09 06:30:00,48.2500
10310000,38.769722,-119.832778,2006-05-12 03:00:00,2006-05-22 12:30:00,33.4139,2006-05-19 07:00:00,172.0000
10310000,38.769722,-119.832778,2010-06-05 02:15:00,2010-06-08 08:30:00,27.8071,2010-06-05 07:30:00,5.2500
10310000,38.769722,-119.832778,2010-10-25 08:45:00,2010-10-25 09:45:00,23.3897,2010-10-25 09:00:00,0.2500
10310000,38.769722,-119.832778,2011-06-29 14:45:00,2011-06-29 21:45:00,25.0038,2011-06-29 18:00:00,3.2500
10350000,39.520556,-119.700000,1995-03-10 23:45:00,1995-03-11 15:30:00,249.1883,1995-03-11 06:00:00,6.2500
10350000,39.520556,-119.700000,1995-05-02 01:45:00,1995-05-02 12:00:00,170.7506,1995-05-02 07:00:00,5.2500
10350000,39.520556,-119.700000,1996-05-16 16:30:00,1996-05-21 01:00:00,203.8813,1996-05-18 16:30:00,48.0000
10350000,39.520556,-119.700000,1996-12-30 01:00:00,1997-01-13 07:45:00,523.8617,1997-01-03 03:30:00,98.5000
10350000,39.520556,-119.700000,1997-01-25 17:00:00,1997-01-27 07:15:00,202.7486,1997-01-26 00:30:00,7.5000
10350000,39.520556,-119.700000,1998-03-24 14:00:00,1998-03-24 21:00:00,172.4496,1998-03-24 17:15:00,3.2500
10350000,39.520556,-119.700000,2005-12-31 08:15:00,2006-01-02 13:15:00,387.9408,2006-01-01 03:00:00,18.7500
10350000,39.520556,-119.700000,2006-02-28 12:15:00,2006-02-28 17:15:00,175.2813,2006-02-28 13:45:00,1.5000
10350000,39.520556,-119.700000,1995-03-10 23:45:00,1995-03-11 15:30:00,249.1883,1995-03-11 06:00:00,6.2500
10350000,39.520556,-119.700000,1995-05-02 01:45:00,1995-05-02 12:00:00,170.7506,1995-05-02 07:00:00,5.2500
10350000,39.520556,-119.700000,1996-05-16 16:30:00,1996-05-21 01:00:00,203.8813,1996-05-18 16:30:00,48.0000
10350000,39.520556,-119.700000,1996-12-30 01:00:00,1997-01-13 07:45:00,523.8617,1997-01-03 03:30:00,98.5000
10350000,39.520556,-119.700000,1997-01-25 17:00:00,1997-01-27 07:15:00,202.7486,1997-01-26 00:30:00,7.5000
10350000,39.520556,-119.700000,1998-03-24 14:00:00,1998-03-24 21:00:00,172.4496,1998-03-24 17:15:00,3.2500
10350000,39.520556,-119.700000,2005-12-31 08:15:00,2006-01-02 13:15:00,387.9408,2006-01-01 03:00:00,18.7500
10350000,39.520556,-119.700000,2006-02-28 12:15:00,2006-02-28 17:15:00,175.2813,2006-02-28 13:45:00,1.5000
10126000,41.576389,-112.100000,1998-05-13 16:00:00,1998-05-17 20:00:00,179.8120,1998-05-15 16:00:00,48.0000
10126000,41.576389,-112.100000,1999-05-05 21:45:00,1999-05-09 00:15:00,175.2813,1999-05-07 17:30:00,43.7500
10126000,41.576389,-112.100000,2005-04-29 23:00:00,2005-05-06 06:30:00,227.6674,2005-05-03 04:30:00,77.5000
10126000,41.576389,-112.100000,2005-05-11 20:15:00,2005-05-21 15:30:00,191.7051,2005-05-16 01:45:00,101.5000
10126000,41.576389,-112.100000,2006-04-19 07:45:00,2006-04-24 00:30:00,183.2100,2006-04-22 03:15:00,67.5000
10126000,41.576389,-112.100000,2011-05-18 11:30:00,2011-06-05 08:30:00,184.6258,2011-05-21 07:45:00,68.2500
10126000,41.576389,-112.100000,2011-06-19 04:30:00,2011-06-20 00:45:00,168.2021,2011-06-19 14:00:00,9.5000
10136500,41.136944,-111.831667,1986-02-19 17:00:00,1986-02-20 06:00:00,158.5743,1986-02-19 21:00:00,4.0000
10136500,41.136944,-111.831667,1986-02-23 18:00:00,1986-02-24 03:00:00,100.2416,1986-02-23 20:00:00,2.0000
10136500,41.136944,-111.831667,1986-03-09 02:00:00,1986-03-09 11:00:00,118.9308,1986-03-09 05:00:00,3.0000
10136500,41.136944,-111.831667,1995-06-15 03:00:00,1995-06-15 20:30:00,101.3743,1995-06-15 20:15:00,17.2500
10136500,41.136944,-111.831667,2011-03-17 03:00:00,2011-03-17 07:15:00,109.0199,2011-03-17 05:00:00,2.0000
10136500,41.136944,-111.831667,2011-04-18 15:45:00,2011-04-20 11:00:00,140.1684,2011-04-18 23:05:00,7.3333
10136500,41.136944,-111.831667,2011-05-09 07:15:00,2011-05-09 21:00:00,97.4100,2011-05-09 15:00:00,7.7500
10310407,39.012500,-119.830000,2005-05-20 08:15:00,2005-05-21 23:45:00,140.4516,2005-05-21 13:00:00,28.7500
10141000,41.278333,-112.091111,2011-05-07 00:45:00,2011-05-09 23:45:00,112.4179,2011-05-09 07:45:00,55.0000
