GaugeID, Lat, Lon, Start Time (UTC), End Time (UTC), Peak Q (cms), Peak Time (UTC), Delta Time (h)
13295000,44.222500,-114.931111,1995-06-06 03:00:00,1995-06-06 14:30:00,30.2990,1995-06-06 06:15:00,3.2500
13295000,44.222500,-114.931111,1996-05-14 23:45:00,1996-05-20 12:45:00,49.2713,1996-05-18 09:45:00,82.0000
13295000,44.222500,-114.931111,1996-06-05 08:15:00,1996-06-19 21:00:00,43.0416,1996-06-10 15:15:00,127.0000
13295000,44.222500,-114.931111,1997-05-14 05:45:00,1997-05-26 19:45:00,41.0594,1997-05-18 11:30:00,101.7500
13295000,44.222500,-114.931111,1999-05-28 12:45:00,1999-05-31 19:30:00,35.6792,1999-05-30 03:00:00,38.2500
13295000,44.222500,-114.931111,1999-06-02 01:30:00,1999-06-04 20:45:00,31.9980,1999-06-03 01:45:00,24.2500
13295000,44.222500,-114.931111,1999-06-16 23:00:00,1999-06-23 01:00:00,34.5466,1999-06-19 16:45:00,65.7500
13295000,44.222500,-114.931111,2003-05-30 01:15:00,2003-06-03 00:30:00,39.6436,2003-05-31 14:45:00,37.5000
13295000,44.222500,-114.931111,2006-05-18 09:45:00,2006-05-25 05:45:00,42.1921,2006-05-21 13:45:00,76.0000
13295000,44.222500,-114.931111,2006-06-08 15:15:00,2006-06-10 06:15:00,30.5822,2006-06-08 19:45:00,4.5000
13295000,44.222500,-114.931111,2008-05-20 09:30:00,2008-05-22 05:15:00,34.2634,2008-05-21 13:15:00,27.7500
13295000,44.222500,-114.931111,2009-06-06 16:15:00,2009-06-07 09:30:00,32.5644,2009-06-07 00:45:00,8.5000
13295000,44.222500,-114.931111,2010-06-03 14:45:00,2010-06-10 09:15:00,62.5802,2010-06-05 09:30:00,42.7500
13295000,44.222500,-114.931111,2011-06-24 17:45:00,2011-06-24 21:30:00,30.5822,2011-06-24 20:30:00,2.7500
13295000,44.222500,-114.931111,2012-04-26 13:45:00,2012-04-28 03:00:00,42.4753,2012-04-27 02:45:00,13.0000
13295000,44.222500,-114.931111,2012-06-05 18:45:00,2012-06-06 15:00:00,31.9980,2012-06-06 04:30:00,9.7500
13174500,41.688889,-115.843889,2006-04-20 23:15:00,2006-05-12 22:30:00,28.2319,2006-04-25 13:15:00,110.0000
13174500,41.688889,-115.843889,2011-05-11 05:15:00,2011-05-17 03:45:00,11.7798,2011-05-15 18:30:00,109.2500
13052200,43.781944,-111.209167,1995-06-16 19:58:57,1995-06-17 15:13:54,46.4396,1995-06-17 02:43:54,6.7492
13052200,43.781944,-111.209167,1995-07-10 05:12:27,1995-07-15 10:12:09,51.5367,1995-07-13 10:57:15,77.7467
13052200,43.781944,-111.209167,1996-06-11 06:00:00,1996-06-20 08:30:00,53.2357,1996-06-12 11:30:00,29.5000
13052200,43.781944,-111.209167,1997-05-18 07:45:00,1997-05-28 02:30:00,63.9961,1997-05-25 16:00:00,176.2500
13052200,43.781944,-111.209167,1998-07-01 23:07:48,1998-07-05 05:58:09,54.6515,1998-07-05 03:58:03,76.8375
13052200,43.781944,-111.209167,1999-06-17 09:00:00,1999-06-28 01:30:00,56.9169,1999-06-23 15:30:00,150.5000
13052200,43.781944,-111.209167,2006-06-09 02:30:00,2006-06-12 08:45:00,55.7842,2006-06-10 06:15:00,27.7500
13052200,43.781944,-111.209167,2006-06-15 02:15:00,2006-06-16 07:45:00,49.8377,2006-06-15 16:45:00,14.5000
13052200,43.781944,-111.209167,2008-06-23 19:45:00,2008-07-10 01:30:00,58.6159,2008-07-01 13:15:00,185.5000
13052200,43.781944,-111.209167,2009-06-19 19:45:00,2009-06-20 09:15:00,46.1565,2009-06-20 01:30:00,5.7500
13052200,43.781944,-111.209167,2009-06-21 21:15:00,2009-06-24 01:00:00,51.5367,2009-06-22 17:00:00,19.7500
13052200,43.781944,-111.209167,2009-06-27 03:00:00,2009-06-30 09:00:00,53.2357,2009-06-28 13:15:00,34.2500
13052200,43.781944,-111.209167,2010-06-06 10:30:00,2010-06-10 00:45:00,53.5188,2010-06-08 18:45:00,56.2500
13052200,43.781944,-111.209167,2011-06-15 16:30:00,2011-06-18 12:00:00,49.8377,2011-06-16 21:45:00,29.2500
13052200,43.781944,-111.209167,2015-06-11 19:45:00,2015-06-12 20:30:00,47.5723,2015-06-12 05:15:00,9.5000
12323240,45.994722,-112.535833,1995-02-19 23:45:00,1995-02-21 03:15:00,8.5800,1995-02-20 02:45:00,3.0000
12323240,45.994722,-112.535833,1996-02-09 02:00:00,1996-02-09 04:00:00,6.0032,1996-02-09 03:00:00,1.0000
12323240,45.994722,-112.535833,2003-03-14 01:45:00,2003-03-14 07:45:00,6.6261,2003-03-14 05:15:00,3.5000
12323240,45.994722,-112.535833,2011-06-09 03:15:00,2011-06-09 15:45:00,6.5129,2011-06-09 06:30:00,3.2500
12323760,46.133611,-112.913333,2003-05-31 09:30:00,2003-06-01 20:00:00,19.1139,2003-05-31 16:00:00,6.5000
12323760,46.133611,-112.913333,2009-05-31 07:30:00,2009-06-01 22:15:00,18.8307,2009-06-01 12:15:00,28.7500
12323760,46.133611,-112.913333,2010-06-16 22:30:00,2010-06-17 06:45:00,16.7353,2010-06-16 23:00:00,0.5000
12323760,46.133611,-112.913333,2011-06-08 01:30:00,2011-06-10 11:30:00,20.3598,2011-06-09 15:15:00,37.7500
12323760,46.133611,-112.913333,2011-06-22 05:30:00,2011-07-09 21:15:00,26.8444,2011-06-24 11:00:00,53.5000
14183000,44.789167,-122.617500,1988-10-19 19:30:00,1988-10-29 10:00:00,68.8099,1988-10-24 19:00:00,119.5000
14183000,44.789167,-122.617500,1988-12-30 11:30:00,1989-01-01 12:00:00,82.9684,1988-12-30 22:00:00,10.5000
14183000,44.789167,-122.617500,1989-01-03 05:00:00,1989-02-11 10:00:00,611.6439,1989-01-10 05:00:00,168.0000
14183000,44.789167,-122.617500,1989-02-17 07:30:00,1989-02-25 11:00:00,101.0911,1989-02-23 03:30:00,140.0000
14183000,44.789167,-122.617500,1989-03-06 00:00:00,1989-05-15 17:35:36,273.5407,1989-03-06 10:30:00,10.5000
14183000,44.789167,-122.617500,1989-05-19 06:08:51,1989-05-20 11:10:00,69.3763,1989-05-19 10:39:03,4.5033
14183000,44.789167,-122.617500,1989-05-25 07:44:27,1989-06-01 10:51:03,120.9129,1989-05-27 21:16:48,61.5392
14183000,44.789167,-122.617500,1989-06-03 11:22:54,1989-06-10 10:59:21,89.1981,1989-06-06 04:55:24,65.5417
14183000,44.789167,-122.617500,1989-09-19 09:00:00,1989-10-07 11:00:00,89.1981,1989-09-26 20:00:00,179.0000
14183000,44.789167,-122.617500,1989-10-27 01:00:00,1989-11-01 04:30:00,87.2159,1989-10-27 12:00:00,11.0000
14183000,44.789167,-122.617500,1989-11-05 00:30:00,1989-12-01 13:00:00,197.0853,1989-11-12 22:00:00,189.5000
14183000,44.789167,-122.617500,1989-12-04 06:00:00,1989-12-19 01:00:00,328.4754,1989-12-05 07:30:00,25.5000
14183000,44.789167,-122.617500,1990-01-05 22:00:00,1990-02-16 07:30:00,382.2774,1990-01-12 12:30:00,158.5000
14183000,44.789167,-122.617500,1990-02-21 06:00:00,1990-03-12 19:30:00,103.3565,1990-02-26 11:00:00,125.0000
14183000,44.789167,-122.617500,1990-04-18 12:30:00,1990-04-20 11:30:00,77.3050,1990-04-19 12:00:00,23.5000
14183000,44.789167,-122.617500,1990-04-23 08:30:00,1990-05-11 13:00:00,705.0895,1990-04-28 05:30:00,117.0000
14183000,44.789167,-122.617500,1991-01-10 18:00:00,1991-01-27 23:00:00,376.6141,1991-01-15 02:00:00,104.0000
14183000,44.789167,-122.617500,1991-02-03 03:30:00,1991-02-07 16:00:00,118.9308,1991-02-05 17:30:00,62.0000
14183000,44.789167,-122.617500,1991-02-13 08:00:00,1991-02-24 23:30:00,215.2080,1991-02-21 01:00:00,185.0000
14183000,44.789167,-122.617500,1991-03-03 06:00:00,1991-03-14 13:00:00,196.2357,1991-03-04 23:30:00,41.5000
14183000,44.789167,-122.617500,1991-04-04 21:00:00,1991-04-15 21:00:00,181.7942,1991-04-05 22:00:00,25.0000
14183000,44.789167,-122.617500,1991-04-23 14:00:00,1991-04-30 12:00:00,79.0040,1991-04-27 09:00:00,91.0000
14183000,44.789167,-122.617500,1991-06-21 03:30:00,1991-06-21 09:00:00,68.5268,1991-06-21 05:00:00,1.5000
14183000,44.789167,-122.617500,1991-09-28 13:11:27,1991-09-29 02:11:15,68.5268,1991-09-28 22:11:21,8.9983
14183000,44.789167,-122.617500,1991-10-04 05:39:27,1991-10-06 05:38:42,73.9070,1991-10-04 08:39:24,2.9992
14183000,44.789167,-122.617500,1992-01-02 19:30:00,1992-01-03 09:00:00,80.9862,1992-01-02 21:30:00,2.0000
14183000,44.789167,-122.617500,1992-01-04 14:00:00,1992-01-07 10:30:00,77.3050,1992-01-04 22:30:00,8.5000
14183000,44.789167,-122.617500,1992-01-10 20:00:00,1992-01-17 14:00:00,100.5248,1992-01-11 08:00:00,12.0000
14183000,44.789167,-122.617500,1992-01-27 23:30:00,1992-02-05 03:00:00,158.0080,1992-01-29 14:00:00,38.5000
14183000,44.789167,-122.617500,1992-02-19 07:00:00,1992-02-26 13:30:00,233.3308,1992-02-21 01:00:00,42.0000
14183000,44.789167,-122.617500,1992-03-07 18:00:00,1992-03-07 20:00:00,67.9604,1992-03-07 18:30:00,0.5000
14183000,44.789167,-122.617500,1992-04-09 17:30:00,1992-04-13 02:00:00,220.5882,1992-04-10 04:00:00,10.5000
14183000,44.789167,-122.617500,1992-04-17 09:30:00,1992-04-20 13:30:00,180.0951,1992-04-18 05:00:00,19.5000
14183000,44.789167,-122.617500,1992-04-30 21:00:00,1992-05-01 22:30:00,85.5169,1992-04-30 23:00:00,2.0000
14183000,44.789167,-122.617500,1992-10-07 10:00:00,1992-10-08 15:30:00,87.7822,1992-10-08 00:30:00,14.5000
14183000,44.789167,-122.617500,1992-10-11 03:00:00,1992-10-23 11:30:00,91.1802,1992-10-13 01:00:00,46.0000
14183000,44.789167,-122.617500,1993-01-06 13:30:00,1993-01-07 14:30:00,91.7466,1993-01-07 09:30:00,20.0000
14183000,44.789167,-122.617500,1993-01-20 15:30:00,1993-01-31 15:30:00,125.4436,1993-01-21 00:00:00,8.5000
14183000,44.789167,-122.617500,1993-02-02 15:00:00,1993-02-06 13:30:00,80.7030,1993-02-03 14:00:00,23.0000
14183000,44.789167,-122.617500,1993-03-04 20:30:00,1993-03-09 14:00:00,139.3189,1993-03-05 08:30:00,12.0000
14183000,44.789167,-122.617500,1993-10-31 21:30:00,1993-11-02 02:00:00,73.0575,1993-10-31 23:00:00,1.5000
14183000,44.789167,-122.617500,1993-11-23 12:30:00,1993-11-26 07:00:00,96.2773,1993-11-24 19:30:00,31.0000
14183000,44.789167,-122.617500,1993-12-01 09:00:00,1993-12-16 14:00:00,305.8219,1993-12-02 00:00:00,15.0000
14183000,44.789167,-122.617500,1994-01-01 16:00:00,1994-01-21 09:30:00,351.1289,1994-01-03 09:00:00,41.0000
14183000,44.789167,-122.617500,1994-02-23 19:00:00,1994-03-07 05:30:00,322.8121,1994-02-24 23:00:00,28.0000
14183000,44.789167,-122.617500,1994-04-07 08:00:00,1994-04-14 14:30:00,126.5763,1994-04-10 11:30:00,75.5000
14183000,44.789167,-122.617500,1994-04-23 08:30:00,1994-04-25 10:30:00,68.8099,1994-04-24 10:00:00,25.5000
14183000,44.789167,-122.617500,1994-05-11 06:00:00,1994-05-11 09:30:00,68.8099,1994-05-11 06:30:00,0.5000
14183000,44.789167,-122.617500,1994-05-12 20:00:00,1994-05-13 12:00:00,86.6496,1994-05-13 06:30:00,10.5000
14183000,44.789167,-122.617500,1994-06-07 14:30:00,1994-06-09 14:00:00,86.6496,1994-06-07 22:00:00,7.5000
14183000,44.789167,-122.617500,1994-06-14 16:30:00,1994-06-18 12:30:00,97.6931,1994-06-15 07:30:00,15.0000
14183000,44.789167,-122.617500,1994-10-06 20:30:00,1994-10-09 03:30:00,72.4911,1994-10-07 02:30:00,6.0000
14183000,44.789167,-122.617500,1994-10-10 22:30:00,1994-10-18 05:00:00,76.7387,1994-10-15 07:30:00,105.0000
14183000,44.789167,-122.617500,1994-10-19 21:00:00,1994-10-24 16:30:00,78.1545,1994-10-22 01:30:00,52.5000
14183000,44.789167,-122.617500,1994-10-27 08:00:00,1994-12-15 14:30:00,586.1587,1994-11-01 04:30:00,117.5000
14183000,44.789167,-122.617500,1995-04-08 03:30:00,1995-04-20 12:00:00,134.5050,1995-04-14 23:00:00,163.5000
14183000,44.789167,-122.617500,1995-04-29 22:30:00,1995-05-23 00:00:00,203.0318,1995-05-03 02:30:00,76.0000
14183000,44.789167,-122.617500,1995-06-07 09:00:00,1995-06-09 09:30:00,73.9070,1995-06-07 11:00:00,2.0000
14183000,44.789167,-122.617500,1995-06-19 20:00:00,1995-06-23 18:30:00,91.7466,1995-06-20 06:30:00,10.5000
14183000,44.789167,-122.617500,1996-02-05 14:30:00,1996-02-27 22:30:00,1523.4463,1996-02-07 21:00:00,54.5000
14183000,44.789167,-122.617500,1996-04-01 18:30:00,1996-04-04 01:00:00,83.5347,1996-04-02 21:00:00,26.5000
14183000,44.789167,-122.617500,1996-05-14 00:30:00,1996-06-03 03:30:00,265.3289,1996-05-19 16:30:00,136.0000
14183000,44.789167,-122.617500,1997-02-17 21:30:00,1997-02-23 09:00:00,147.5308,1997-02-19 19:00:00,45.5000
14183000,44.789167,-122.617500,1997-03-02 01:30:00,1997-04-05 14:00:00,311.4853,1997-03-10 12:30:00,203.0000
14183000,44.789167,-122.617500,1997-04-14 07:00:00,1997-05-22 11:30:00,402.0992,1997-04-20 13:30:00,150.5000
14183000,44.789167,-122.617500,1997-05-24 13:30:00,1997-06-08 13:00:00,133.9387,1997-06-01 09:30:00,188.0000
14183000,44.789167,-122.617500,1997-07-01 22:30:00,1997-07-04 04:00:00,89.4812,1997-07-03 02:30:00,28.0000
14183000,44.789167,-122.617500,1997-12-16 12:00:00,1997-12-25 20:30:00,286.0002,1997-12-17 14:00:00,26.0000
14183000,44.789167,-122.617500,1998-02-13 00:00:00,1998-02-16 15:00:00,107.8872,1998-02-13 07:30:00,7.5000
14183000,44.789167,-122.617500,1998-02-19 12:00:00,1998-02-25 01:00:00,106.7545,1998-02-21 21:00:00,57.0000
14183000,44.789167,-122.617500,1998-02-28 20:00:00,1998-03-07 08:30:00,133.0892,1998-03-01 11:00:00,15.0000
14183000,44.789167,-122.617500,1998-03-12 07:30:00,1998-03-15 20:00:00,73.0575,1998-03-13 10:00:00,26.5000
14183000,44.789167,-122.617500,1998-03-22 13:00:00,1998-04-02 03:30:00,164.5209,1998-03-27 13:30:00,120.5000
14183000,44.789167,-122.617500,1998-04-11 03:30:00,1998-04-14 17:00:00,81.2693,1998-04-11 14:00:00,10.5000
14183000,44.789167,-122.617500,1998-04-24 05:00:00,1998-04-25 20:00:00,74.4733,1998-04-24 16:00:00,11.0000
14183000,44.789167,-122.617500,1998-05-02 07:30:00,1998-05-14 06:30:00,100.8080,1998-05-05 22:00:00,86.5000
14183000,44.789167,-122.617500,1998-06-26 12:30:00,1998-06-28 06:00:00,83.8179,1998-06-26 23:30:00,11.0000
14183000,44.789167,-122.617500,1998-06-29 13:00:00,1998-06-29 17:00:00,71.6416,1998-06-29 15:00:00,2.0000
14183000,44.789167,-122.617500,1999-03-11 14:00:00,1999-03-17 09:00:00,101.9406,1999-03-13 11:30:00,45.5000
14183000,44.789167,-122.617500,1999-04-07 12:30:00,1999-04-10 10:30:00,90.0476,1999-04-08 21:30:00,33.0000
14183000,44.789167,-122.617500,1999-07-08 04:30:00,1999-07-10 12:00:00,73.9070,1999-07-09 09:30:00,29.0000
14183000,44.789167,-122.617500,1999-07-13 10:30:00,1999-07-18 05:30:00,83.2515,1999-07-15 03:30:00,41.0000
14183000,44.789167,-122.617500,1999-09-08 11:30:00,1999-09-09 11:00:00,80.4198,1999-09-09 01:00:00,13.5000
14183000,44.789167,-122.617500,1999-10-26 21:30:00,1999-10-27 00:30:00,67.9604,1999-10-26 22:30:00,1.0000
14183000,44.789167,-122.617500,2000-02-01 10:00:00,2000-02-21 02:00:00,334.1388,2000-02-02 04:00:00,18.0000
14183000,44.789167,-122.617500,2000-02-22 12:30:00,2000-03-08 16:00:00,154.6100,2000-02-27 10:00:00,117.5000
14183000,44.789167,-122.617500,2000-03-14 10:30:00,2000-03-29 13:30:00,139.8852,2000-03-19 15:00:00,124.5000
14183000,44.789167,-122.617500,2000-12-05 01:00:00,2000-12-07 02:00:00,91.1802,2000-12-06 02:30:00,25.5000
14183000,44.789167,-122.617500,2000-12-15 03:00:00,2000-12-18 16:00:00,117.2317,2000-12-15 14:30:00,11.5000
14183000,44.789167,-122.617500,2000-12-21 15:00:00,2000-12-31 07:00:00,164.2377,2000-12-23 14:30:00,47.5000
14183000,44.789167,-122.617500,2001-01-22 04:30:00,2001-01-22 12:00:00,70.5089,2001-01-22 06:00:00,1.5000
14183000,44.789167,-122.617500,2001-02-05 09:00:00,2001-02-06 14:00:00,87.2159,2001-02-05 14:00:00,5.0000
14183000,44.789167,-122.617500,2001-03-19 03:30:00,2001-03-21 09:30:00,133.0892,2001-03-19 17:30:00,14.0000
14183000,44.789167,-122.617500,2001-03-28 05:30:00,2001-03-30 18:00:00,101.0911,2001-03-28 13:00:00,7.5000
14183000,44.789167,-122.617500,2001-06-12 10:30:00,2001-06-12 23:00:00,72.4911,2001-06-12 13:00:00,2.5000
14183000,44.789167,-122.617500,2001-10-23 04:30:00,2001-10-24 05:30:00,117.7981,2001-10-23 06:30:00,2.0000
14183000,44.789167,-122.617500,2001-10-31 01:30:00,2001-11-02 22:30:00,118.9308,2001-10-31 23:30:00,22.0000
14183000,44.789167,-122.617500,2002-02-03 20:30:00,2002-02-13 19:30:00,124.3110,2002-02-08 07:30:00,107.0000
14183000,44.789167,-122.617500,2002-02-19 22:30:00,2002-02-27 23:00:00,150.3625,2002-02-23 19:00:00,92.5000
14183000,44.789167,-122.617500,2002-04-27 04:30:00,2002-04-28 08:30:00,73.6238,2002-04-27 09:00:00,4.5000
14183000,44.789167,-122.617500,2002-06-15 07:00:00,2002-06-27 00:00:00,120.0634,2002-06-18 16:00:00,81.0000
14183000,44.789167,-122.617500,2002-06-29 15:00:00,2002-06-30 17:00:00,81.8357,2002-06-29 21:30:00,6.5000
14183000,44.789167,-122.617500,2002-10-02 11:30:00,2002-10-11 09:00:00,70.2258,2002-10-03 21:00:00,33.5000
14183000,44.789167,-122.617500,2003-02-18 02:00:00,2003-02-26 01:00:00,133.0892,2003-02-22 10:30:00,104.5000
14183000,44.789167,-122.617500,2003-05-31 00:30:00,2003-06-03 11:30:00,87.7822,2003-05-31 15:00:00,14.5000
14183000,44.789167,-122.617500,2003-10-12 12:00:00,2003-10-14 15:00:00,81.2693,2003-10-12 16:00:00,4.0000
14183000,44.789167,-122.617500,2003-10-16 04:30:00,2003-10-17 22:00:00,75.0396,2003-10-16 07:00:00,2.5000
14183000,44.789167,-122.617500,2003-11-11 20:00:00,2003-11-14 08:00:00,73.9070,2003-11-12 03:00:00,7.0000
14183000,44.789167,-122.617500,2003-12-13 08:00:00,2003-12-17 07:30:00,504.0399,2003-12-14 00:30:00,16.5000
14183000,44.789167,-122.617500,2003-12-19 08:00:00,2003-12-29 07:30:00,197.3684,2003-12-20 18:00:00,34.0000
14183000,44.789167,-122.617500,2004-03-19 09:00:00,2004-03-20 03:00:00,67.9604,2004-03-19 20:00:00,11.0000
14183000,44.789167,-122.617500,2004-03-27 11:30:00,2004-04-07 13:00:00,110.1525,2004-04-02 05:30:00,138.0000
14183000,44.789167,-122.617500,2004-04-20 08:00:00,2004-04-25 23:00:00,99.6753,2004-04-21 17:00:00,33.0000
14183000,44.789167,-122.617500,2004-05-19 13:00:00,2004-05-19 19:30:00,67.9604,2004-05-19 15:30:00,2.5000
14183000,44.789167,-122.617500,2004-05-23 10:30:00,2004-05-24 22:30:00,84.3842,2004-05-23 16:00:00,5.5000
14183000,44.789167,-122.617500,2004-05-27 05:00:00,2004-06-18 03:00:00,223.1368,2004-05-29 12:00:00,55.0000
14183000,44.789167,-122.617500,2004-08-25 14:30:00,2004-08-27 15:30:00,101.3743,2004-08-26 18:30:00,28.0000
14183000,44.789167,-122.617500,2004-09-13 23:00:00,2004-10-01 18:00:00,122.6119,2004-09-19 07:30:00,128.5000
14183000,44.789167,-122.617500,2004-12-07 17:00:00,2004-12-27 07:00:00,342.6338,2004-12-10 13:00:00,68.0000
14183000,44.789167,-122.617500,2004-12-30 14:00:00,2004-12-31 04:30:00,67.9604,2004-12-30 21:30:00,7.5000
14183000,44.789167,-122.617500,2005-01-18 03:30:00,2005-01-25 13:30:00,269.8595,2005-01-18 14:00:00,10.5000
14183000,44.789167,-122.617500,2005-03-27 02:30:00,2005-04-05 11:30:00,311.4853,2005-03-27 23:00:00,20.5000
14183000,44.789167,-122.617500,2005-04-07 20:00:00,2005-04-14 17:30:00,84.3842,2005-04-08 09:00:00,13.0000
14183000,44.789167,-122.617500,2005-04-16 07:30:00,2005-04-21 04:00:00,128.8417,2005-04-17 03:30:00,20.0000
14183000,44.789167,-122.617500,2005-04-23 22:30:00,2005-04-25 01:00:00,73.6238,2005-04-24 05:30:00,7.0000
14183000,44.789167,-122.617500,2005-04-28 09:00:00,2005-04-29 16:30:00,72.4911,2005-04-28 15:00:00,6.0000
14183000,44.789167,-122.617500,2005-06-01 07:00:00,2005-06-03 23:30:00,79.8535,2005-06-02 21:30:00,38.5000
14183000,44.789167,-122.617500,2005-06-06 04:00:00,2005-06-13 11:30:00,123.7446,2005-06-07 17:30:00,37.5000
14183000,44.789167,-122.617500,2005-06-17 22:00:00,2005-06-20 13:30:00,87.4991,2005-06-18 14:30:00,16.5000
14183000,44.789167,-122.617500,2005-10-01 16:00:00,2005-10-01 22:00:00,69.9426,2005-10-01 18:30:00,2.5000
14183000,44.789167,-122.617500,2005-10-20 16:00:00,2005-10-21 01:00:00,69.3763,2005-10-20 17:30:00,1.5000
14183000,44.789167,-122.617500,2006-02-28 15:30:00,2006-03-02 15:00:00,84.3842,2006-02-28 22:30:00,7.0000
14183000,44.789167,-122.617500,2006-03-09 05:00:00,2006-03-09 18:00:00,73.0575,2006-03-09 08:00:00,3.0000
14183000,44.789167,-122.617500,2006-06-13 12:00:00,2006-06-19 12:00:00,77.8713,2006-06-18 19:30:00,127.5000
14183000,44.789167,-122.617500,2006-10-09 05:30:00,2006-10-09 07:30:00,67.9604,2006-10-09 06:00:00,0.5000
14183000,44.789167,-122.617500,2007-02-15 10:30:00,2007-04-05 10:30:00,348.2972,2007-02-16 07:30:00,21.0000
14183000,44.789167,-122.617500,2007-04-07 11:00:00,2007-04-28 21:00:00,96.2773,2007-04-10 08:00:00,69.0000
14183000,44.789167,-122.617500,2007-05-02 16:00:00,2007-05-05 11:00:00,69.9426,2007-05-02 20:30:00,4.5000
14183000,44.789167,-122.617500,2008-02-25 22:00:00,2008-03-05 02:00:00,123.7446,2008-03-01 14:30:00,112.5000
14183000,44.789167,-122.617500,2008-07-17 00:30:00,2008-07-17 04:00:00,70.7921,2008-07-17 03:00:00,2.5000
14183000,44.789167,-122.617500,2008-08-21 06:30:00,2008-08-21 12:00:00,72.4911,2008-08-21 08:00:00,1.5000
14183000,44.789167,-122.617500,2008-12-02 17:00:00,2008-12-06 08:00:00,111.5684,2008-12-05 02:30:00,57.5000
14183000,44.789167,-122.617500,2008-12-15 19:30:00,2008-12-19 14:30:00,75.3228,2008-12-16 08:00:00,12.5000
14183000,44.789167,-122.617500,2008-12-21 23:30:00,2008-12-23 13:00:00,80.7030,2008-12-22 08:30:00,9.0000
14183000,44.789167,-122.617500,2008-12-25 06:00:00,2008-12-25 09:30:00,68.5268,2008-12-25 08:00:00,2.0000
14183000,44.789167,-122.617500,2008-12-27 14:30:00,2009-02-04 04:00:00,727.7430,2009-01-02 07:30:00,137.0000
14183000,44.789167,-122.617500,2009-02-24 04:00:00,2009-03-10 12:30:00,159.7070,2009-02-26 08:00:00,52.0000
14183000,44.789167,-122.617500,2009-06-09 20:30:00,2009-06-09 21:30:00,68.5268,2009-06-09 21:00:00,0.5000
14183000,44.789167,-122.617500,2009-09-29 06:30:00,2009-09-29 08:30:00,70.2258,2009-09-29 07:00:00,0.5000
14183000,44.789167,-122.617500,2009-10-01 19:30:00,2009-10-10 06:15:00,75.3228,2009-10-06 18:30:00,119.0000
14183000,44.789167,-122.617500,2009-10-15 00:15:00,2009-10-17 12:30:00,85.2337,2009-10-17 09:00:00,56.7500
14183000,44.789167,-122.617500,2009-12-08 22:15:00,2009-12-11 01:00:00,121.7624,2009-12-09 23:00:00,24.7500
14183000,44.789167,-122.617500,2010-02-04 06:15:00,2010-02-07 11:15:00,71.0753,2010-02-05 11:15:00,29.0000
14183000,44.789167,-122.617500,2010-02-11 20:45:00,2010-02-19 10:45:00,81.2693,2010-02-13 01:15:00,28.5000
14183000,44.789167,-122.617500,2010-02-24 21:45:00,2010-03-01 04:45:00,82.6852,2010-02-25 14:00:00,16.2500
14183000,44.789167,-122.617500,2010-03-12 07:45:00,2010-03-15 06:15:00,96.5604,2010-03-13 01:30:00,17.7500
14183000,44.789167,-122.617500,2010-03-17 05:45:00,2010-03-18 08:15:00,71.0753,2010-03-17 08:00:00,2.2500
14183000,44.789167,-122.617500,2010-03-22 06:45:00,2010-03-23 20:15:00,73.6238,2010-03-22 17:45:00,11.0000
14183000,44.789167,-122.617500,2010-03-26 01:45:00,2010-04-23 17:00:00,269.8595,2010-03-30 01:45:00,96.0000
14183000,44.789167,-122.617500,2010-06-28 19:30:00,2010-06-28 21:15:00,74.4733,2010-06-28 19:45:00,0.2500
14183000,44.789167,-122.617500,2010-09-15 22:00:00,2010-09-15 23:00:00,70.2258,2010-09-15 22:15:00,0.2500
14183000,44.789167,-122.617500,2010-09-20 12:45:00,2010-09-21 00:30:00,70.7921,2010-09-20 16:15:00,3.5000
14183000,44.789167,-122.617500,2010-10-01 17:15:00,2010-10-07 03:30:00,128.5585,2010-10-02 22:45:00,29.5000
14183000,44.789167,-122.617500,2010-10-09 16:30:00,2010-10-12 18:30:00,83.8179,2010-10-11 05:30:00,37.0000
14183000,44.789167,-122.617500,2011-01-08 05:15:00,2011-01-09 12:30:00,70.7921,2011-01-09 03:30:00,22.2500
14183000,44.789167,-122.617500,2011-01-10 19:15:00,2011-02-06 14:15:00,1030.7332,2011-01-17 01:00:00,149.7500
14183000,44.789167,-122.617500,2011-02-14 19:45:00,2011-02-20 03:00:00,98.2595,2011-02-16 04:45:00,33.0000
14183000,44.789167,-122.617500,2011-02-24 05:00:00,2011-02-24 05:30:00,71.3585,2011-02-24 05:15:00,0.2500
14183000,44.789167,-122.617500,2011-09-26 23:30:00,2011-10-04 05:45:00,93.7288,2011-10-03 08:15:00,152.7500
14183000,44.789167,-122.617500,2011-10-08 02:00:00,2011-11-16 04:45:00,135.9209,2011-10-11 19:00:00,89.0000
14183000,44.789167,-122.617500,2011-11-17 06:30:00,2011-12-05 18:00:00,238.4278,2011-11-22 23:15:00,136.7500
14183000,44.789167,-122.617500,2012-02-18 06:15:00,2012-03-02 11:15:00,276.0893,2012-02-22 23:45:00,113.5000
14183000,44.789167,-122.617500,2012-06-02 03:30:00,2012-06-21 21:15:00,194.2536,2012-06-09 12:45:00,177.2500
14183000,44.789167,-122.617500,2012-06-23 03:00:00,2012-07-06 06:00:00,100.2416,2012-06-24 18:45:00,39.7500
14183000,44.789167,-122.617500,2012-09-16 19:30:00,2012-09-24 20:15:00,91.1802,2012-09-22 11:45:00,136.2500
14183000,44.789167,-122.617500,2013-05-23 06:45:00,2013-06-07 17:45:00,238.4278,2013-05-30 19:30:00,180.7500
14183000,44.789167,-122.617500,2013-07-10 22:45:00,2013-07-10 23:15:00,80.4198,2013-07-10 23:00:00,0.2500
14183000,44.789167,-122.617500,2013-09-18 00:00:00,2013-09-18 21:30:00,97.1268,2013-09-18 01:45:00,1.7500
14183000,44.789167,-122.617500,2013-09-23 10:00:00,2013-11-23 18:30:00,342.6338,2013-09-30 09:45:00,167.7500
14183000,44.789167,-122.617500,2013-12-01 22:15:00,2013-12-26 16:15:00,370.9507,2013-12-02 14:30:00,16.2500
14183000,44.789167,-122.617500,2014-01-09 09:00:00,2014-01-19 12:30:00,189.7229,2014-01-13 11:45:00,98.7500
14183000,44.789167,-122.617500,2015-02-06 02:30:00,2015-02-17 10:00:00,336.9705,2015-02-10 12:15:00,105.7500
14183000,44.789167,-122.617500,2015-03-15 03:00:00,2015-03-19 23:45:00,145.5486,2015-03-15 16:30:00,13.5000
14183000,44.789167,-122.617500,2015-03-21 08:00:00,2015-04-06 22:00:00,104.2060,2015-03-24 21:15:00,85.2500
14183000,44.789167,-122.617500,2015-04-11 17:45:00,2015-04-18 03:00:00,77.8713,2015-04-12 06:30:00,12.7500
14183000,44.789167,-122.617500,2015-10-31 04:15:00,2015-11-03 13:00:00,300.1586,2015-11-01 08:15:00,29.0000
14183000,44.789167,-122.617500,2015-11-08 20:00:00,2015-11-09 18:30:00,79.8535,2015-11-09 03:30:00,7.5000
14183000,44.789167,-122.617500,2015-11-13 17:00:00,2015-11-15 09:45:00,93.1624,2015-11-14 01:15:00,8.2500
14183000,44.789167,-122.617500,2015-11-17 09:15:00,2015-11-24 23:45:00,402.0992,2015-11-18 08:15:00,23.0000
14183000,44.789167,-122.617500,2016-05-23 06:15:00,2016-05-24 19:00:00,75.0396,2016-05-23 21:30:00,15.2500
12324200,46.397778,-112.741944,1997-06-12 11:03:21,1997-06-15 05:28:39,57.2000,1997-06-14 11:59:54,48.9425
12324200,46.397778,-112.741944,2011-06-10 12:15:00,2011-06-11 23:15:00,56.6337,2011-06-10 20:00:00,7.7500
12324200,46.397778,-112.741944,2011-06-13 05:15:00,2011-06-15 14:00:00,56.6337,2011-06-14 10:00:00,28.7500
13016450,43.500833,-110.870833,2011-07-04 17:15:00,2011-07-10 10:45:00,32.8475,2011-07-07 20:00:00,74.7500
13027500,43.079722,-111.037222,1993-05-18 14:24:24,1993-05-24 22:30:21,90.6139,1993-05-22 19:18:24,100.9000
13027500,43.079722,-111.037222,1993-05-27 10:41:45,1993-05-29 17:23:30,84.3842,1993-05-28 15:25:03,28.7217
13027500,43.079722,-111.037222,1996-05-17 04:15:00,1996-05-23 14:45:00,109.8694,1996-05-19 03:30:00,47.2500
13027500,43.079722,-111.037222,1996-06-07 10:15:00,1996-06-08 00:15:00,82.4020,1996-06-07 12:15:00,2.0000
13027500,43.079722,-111.037222,1996-06-10 07:45:00,1996-06-13 08:30:00,84.1010,1996-06-11 18:15:00,34.5000
13027500,43.079722,-111.037222,1999-05-26 08:30:00,1999-06-11 14:00:00,109.0199,1999-05-31 20:00:00,131.5000
13027500,43.079722,-111.037222,1999-06-17 23:45:00,1999-06-18 23:00:00,83.8179,1999-06-18 07:30:00,7.7500
13027500,43.079722,-111.037222,2006-04-16 17:17:00,2006-04-18 04:02:00,102.7902,2006-04-17 13:47:00,20.5000
13027500,43.079722,-111.037222,2006-05-20 08:47:00,2006-05-22 05:47:00,88.6317,2006-05-21 14:17:00,29.5000
13027500,43.079722,-111.037222,2008-05-21 21:30:00,2008-05-22 17:15:00,83.2515,2008-05-22 08:45:00,11.2500
13027500,43.079722,-111.037222,2009-06-07 11:15:00,2009-06-09 17:15:00,90.3307,2009-06-08 02:15:00,15.0000
13027500,43.079722,-111.037222,2009-06-18 14:15:00,2009-06-27 10:45:00,99.1090,2009-06-21 05:32:00,63.2833
13027500,43.079722,-111.037222,2011-05-09 11:45:00,2011-05-09 17:00:00,83.5347,2011-05-09 13:15:00,1.5000
13027500,43.079722,-111.037222,2011-05-14 11:15:00,2011-05-20 05:15:00,117.7981,2011-05-16 15:45:00,52.5000
13027500,43.079722,-111.037222,2011-05-22 09:45:00,2011-07-12 05:00:00,126.0100,2011-05-25 14:00:00,76.2500
13162225,41.890556,-115.427778,1999-05-24 23:45:00,1999-06-01 12:15:00,23.3331,1999-05-25 00:15:00,0.5000
13162225,41.890556,-115.427778,2001-05-15 18:15:00,2001-05-16 16:00:00,22.4836,2001-05-16 16:00:00,21.7500
13162225,41.890556,-115.427778,2002-05-31 02:45:00,2002-06-01 06:45:00,13.6204,2002-05-31 07:00:00,4.2500
13162225,41.890556,-115.427778,2002-06-02 07:00:00,2002-06-03 16:45:00,15.3760,2002-06-02 11:45:00,4.7500
13162225,41.890556,-115.427778,2003-05-24 23:45:00,2003-05-30 07:15:00,17.3016,2003-05-29 07:45:00,104.0000
13162225,41.890556,-115.427778,2003-05-31 13:00:00,2003-06-01 08:15:00,11.0436,2003-06-01 06:45:00,17.7500
13162225,41.890556,-115.427778,2005-05-18 07:00:00,2005-05-25 08:45:00,17.0751,2005-05-20 02:45:00,43.7500
13162225,41.890556,-115.427778,2005-05-29 00:15:00,2005-05-31 09:15:00,13.5638,2005-05-30 08:00:00,31.7500
13162225,41.890556,-115.427778,2006-05-15 22:30:00,2006-05-16 04:15:00,11.8364,2006-05-16 00:15:00,1.7500
13162225,41.890556,-115.427778,2006-05-18 23:30:00,2006-05-23 08:00:00,30.0159,2006-05-21 00:15:00,48.7500
13162225,41.890556,-115.427778,2006-06-08 07:15:00,2006-06-09 02:00:00,11.7515,2006-06-09 01:15:00,18.0000
13162225,41.890556,-115.427778,2009-05-19 11:30:00,2009-05-19 16:00:00,10.2507,2009-05-19 14:30:00,3.0000
13162225,41.890556,-115.427778,2010-06-04 06:45:00,2010-06-10 22:15:00,14.8097,2010-06-07 02:30:00,67.7500
13162225,41.890556,-115.427778,2011-05-14 00:30:00,2011-05-16 16:15:00,14.0452,2011-05-15 18:00:00,41.5000
13162225,41.890556,-115.427778,2011-06-19 02:45:00,2011-06-20 03:15:00,10.7038,2011-06-19 04:45:00,2.0000
13162225,41.890556,-115.427778,2011-06-21 22:30:00,2011-06-23 11:15:00,11.4117,2011-06-23 03:45:00,29.2500
13292000,45.562500,-116.833333,1995-05-07 07:00:00,1995-05-12 21:30:00,124.8773,1995-05-07 18:00:00,11.0000
13292000,45.562500,-116.833333,1995-12-13 01:30:00,1995-12-13 13:00:00,108.7367,1995-12-13 07:30:00,6.0000
13292000,45.562500,-116.833333,1996-05-18 05:30:00,1996-05-20 00:30:00,93.7288,1996-05-18 12:30:00,7.0000
13292000,45.562500,-116.833333,1996-12-31 14:00:00,1997-01-01 07:30:00,133.0892,1997-01-01 07:30:00,17.5000
13292000,45.562500,-116.833333,1997-04-20 15:30:00,1997-04-22 12:00:00,121.4793,1997-04-21 02:00:00,10.5000
13292000,45.562500,-116.833333,1997-05-13 08:30:00,1997-05-18 15:00:00,93.4456,1997-05-16 10:30:00,74.0000
13292000,45.562500,-116.833333,1998-05-22 20:30:00,1998-05-31 08:00:00,179.8120,1998-05-27 02:00:00,101.5000
13292000,45.562500,-116.833333,1999-05-21 08:00:00,1999-05-30 11:00:00,110.1525,1999-05-26 07:30:00,119.5000
13292000,45.562500,-116.833333,2003-05-30 20:15:00,2003-05-31 14:00:00,88.0654,2003-05-31 04:15:00,8.0000
13292000,45.562500,-116.833333,2006-04-30 08:00:00,2006-04-30 15:00:00,83.2515,2006-04-30 10:00:00,2.0000
13292000,45.562500,-116.833333,2006-05-16 07:00:00,2006-05-23 17:00:00,107.6040,2006-05-21 07:15:00,120.2500
13292000,45.562500,-116.833333,2008-05-16 05:30:00,2008-06-04 14:15:00,172.4496,2008-05-19 11:15:00,77.7500
13292000,45.562500,-116.833333,1995-05-07 07:00:00,1995-05-12 21:30:00,124.8773,1995-05-07 18:00:00,11.0000
13292000,45.562500,-116.833333,1995-12-13 01:30:00,1995-12-13 13:00:00,108.7367,1995-12-13 07:30:00,6.0000
13292000,45.562500,-116.833333,1996-05-18 05:30:00,1996-05-20 00:30:00,93.7288,1996-05-18 12:30:00,7.0000
13292000,45.562500,-116.833333,1996-12-31 14:00:00,1997-01-01 07:30:00,133.0892,1997-01-01 07:30:00,17.5000
13292000,45.562500,-116.833333,1997-04-20 15:30:00,1997-04-22 12:00:00,121.4793,1997-04-21 02:00:00,10.5000
13292000,45.562500,-116.833333,1997-05-13 08:30:00,1997-05-18 15:00:00,93.4456,1997-05-16 10:30:00,74.0000
13292000,45.562500,-116.833333,1998-05-22 20:30:00,1998-05-31 08:00:00,179.8120,1998-05-27 02:00:00,101.5000
13292000,45.562500,-116.833333,1999-05-21 08:00:00,1999-05-30 11:00:00,110.1525,1999-05-26 07:30:00,119.5000
13292000,45.562500,-116.833333,2003-05-30 20:15:00,2003-05-31 14:00:00,88.0654,2003-05-31 04:15:00,8.0000
13292000,45.562500,-116.833333,2006-04-30 08:00:00,2006-04-30 15:00:00,83.2515,2006-04-30 10:00:00,2.0000
13292000,45.562500,-116.833333,2006-05-16 07:00:00,2006-05-23 17:00:00,107.6040,2006-05-21 07:15:00,120.2500
13292000,45.562500,-116.833333,2008-05-16 05:30:00,2008-06-04 14:15:00,172.4496,2008-05-19 11:15:00,77.7500
12431000,47.784722,-117.403333,1995-03-16 00:45:00,1995-03-17 00:00:00,52.9525,1995-03-16 11:45:00,11.0000
12431000,47.784722,-117.403333,1995-03-19 16:30:00,1995-03-20 08:30:00,48.1386,1995-03-19 23:00:00,6.5000
12431000,47.784722,-117.403333,1995-03-21 14:45:00,1995-03-22 11:00:00,48.9881,1995-03-22 01:00:00,10.2500
12431000,47.784722,-117.403333,1996-02-09 11:30:00,1996-02-11 01:45:00,69.6594,1996-02-10 02:15:00,14.7500
12431000,47.784722,-117.403333,1996-02-20 06:00:00,1996-02-21 01:00:00,51.2535,1996-02-20 17:00:00,11.0000
12431000,47.784722,-117.403333,1997-01-03 00:45:00,1997-01-04 07:45:00,56.9169,1997-01-04 04:15:00,27.5000
12431000,47.784722,-117.403333,1997-03-18 03:30:00,1997-04-05 16:00:00,116.3822,1997-03-21 15:30:00,84.0000
12431000,47.784722,-117.403333,1997-04-21 01:15:00,1997-04-26 13:45:00,55.5010,1997-04-21 14:45:00,13.5000
12431000,47.784722,-117.403333,1997-04-28 04:30:00,1997-04-29 00:15:00,45.3070,1997-04-28 08:45:00,4.2500
12431000,47.784722,-117.403333,1999-02-25 17:00:00,1999-02-27 12:00:00,56.0674,1999-02-26 12:00:00,19.0000
12431000,47.784722,-117.403333,1999-02-28 23:00:00,1999-03-03 06:00:00,62.5802,1999-03-01 18:15:00,19.2500
12431000,47.784722,-117.403333,2000-04-15 05:00:00,2000-04-16 13:00:00,59.1822,2000-04-15 18:15:00,13.2500
12431000,47.784722,-117.403333,2006-01-11 21:15:00,2006-01-12 19:00:00,53.2357,2006-01-12 04:15:00,7.0000
12431000,47.784722,-117.403333,2006-01-15 09:00:00,2006-01-16 09:15:00,49.8377,2006-01-15 19:00:00,10.0000
12431000,47.784722,-117.403333,2011-04-27 06:30:00,2011-04-29 04:15:00,60.8812,2011-04-27 17:30:00,11.0000
12431000,47.784722,-117.403333,2012-03-31 04:45:00,2012-04-03 09:30:00,54.0852,2012-03-31 16:15:00,11.5000
12431000,47.784722,-117.403333,2014-03-06 12:45:00,2014-03-07 17:30:00,67.3941,2014-03-07 04:00:00,15.2500
13055000,43.927222,-111.613889,1993-05-21 20:00:00,1993-05-24 14:00:00,140.4516,1993-05-22 16:30:00,20.5000
13055000,43.927222,-111.613889,1995-06-05 11:15:00,1995-06-07 21:00:00,127.1426,1995-06-06 20:45:00,33.5000
13055000,43.927222,-111.613889,1995-06-14 15:00:00,1995-06-19 03:30:00,132.5228,1995-06-15 21:00:00,30.0000
13055000,43.927222,-111.613889,1996-05-16 12:09:18,1996-05-20 04:11:00,163.6714,1996-05-17 17:39:51,29.5092
13055000,43.927222,-111.613889,1996-06-05 16:45:00,1996-06-19 01:15:00,136.4872,1996-06-11 18:45:00,146.0000
13055000,43.927222,-111.613889,1999-05-28 15:30:00,1999-06-02 04:00:00,133.9387,1999-05-31 19:00:00,75.5000
13055000,43.927222,-111.613889,1999-06-03 23:30:00,1999-06-05 06:15:00,117.5149,1999-06-04 14:15:00,14.7500
13055000,43.927222,-111.613889,1999-06-07 17:15:00,1999-06-10 00:45:00,110.7189,1999-06-07 23:00:00,5.7500
13055000,43.927222,-111.613889,1999-06-22 13:45:00,1999-06-23 02:45:00,112.1347,1999-06-22 19:15:00,5.5000
13055000,43.927222,-111.613889,2006-05-18 15:45:00,2006-05-28 05:15:00,137.0535,2006-05-20 21:15:00,53.5000
13055000,43.927222,-111.613889,2006-06-09 12:32:00,2006-06-11 12:32:00,116.9486,2006-06-10 15:47:00,27.2500
13055000,43.927222,-111.613889,2008-05-20 20:30:00,2008-05-22 21:15:00,119.4971,2008-05-22 03:30:00,31.0000
13055000,43.927222,-111.613889,2008-06-27 12:45:00,2008-06-29 05:30:00,114.6832,2008-06-27 21:00:00,8.2500
13055000,43.927222,-111.613889,2008-06-30 19:30:00,2008-06-30 21:00:00,112.9842,2008-06-30 21:00:00,1.5000
13055000,43.927222,-111.613889,2009-06-21 17:32:00,2009-06-24 01:47:00,121.1961,2009-06-22 20:47:00,27.2500
13055000,43.927222,-111.613889,2010-06-05 11:17:00,2010-06-12 07:17:00,175.8476,2010-06-08 05:32:00,66.2500
13055000,43.927222,-111.613889,2011-05-25 17:00:00,2011-05-25 21:30:00,109.5862,2011-05-25 19:45:00,2.7500
13055000,43.927222,-111.613889,2011-06-07 11:30:00,2011-06-11 04:00:00,166.2199,2011-06-08 15:30:00,28.0000
13055000,43.927222,-111.613889,2011-06-13 17:30:00,2011-06-19 00:30:00,169.3347,2011-06-15 04:30:00,35.0000
13055000,43.927222,-111.613889,2011-06-22 20:15:00,2011-07-16 08:45:00,154.8932,2011-06-26 00:30:00,76.2500
13148500,43.390000,-113.999722,2005-05-16 23:28:00,2005-05-22 04:43:00,70.5089,2005-05-20 03:13:00,75.7500
13348000,46.732500,-117.180000,2009-01-08 04:15:00,2009-01-09 06:00:00,48.1386,2009-01-09 01:45:00,21.5000
13348000,46.732500,-117.180000,2011-01-16 20:15:00,2011-01-17 04:00:00,41.6258,2011-01-16 22:45:00,2.5000
13348000,46.732500,-117.180000,2012-03-26 17:15:00,2012-03-27 04:45:00,70.5089,2012-03-26 21:45:00,4.5000
13348000,46.732500,-117.180000,2012-03-31 00:30:00,2012-03-31 02:15:00,35.9624,2012-03-31 01:15:00,0.7500
12370000,48.024444,-113.978889,1997-05-16 03:45:00,1997-05-17 05:45:00,202.4655,1997-05-17 05:30:00,25.7500
12370000,48.024444,-113.978889,1997-05-26 08:45:00,1997-05-28 01:00:00,182.9268,1997-05-27 08:15:00,23.5000
12370000,48.024444,-113.978889,1997-06-02 04:30:00,1997-06-10 15:30:00,206.7130,1997-06-03 08:45:00,28.2500
12370000,48.024444,-113.978889,1997-06-12 09:30:00,1997-06-18 21:30:00,185.7585,1997-06-13 14:00:00,28.5000
12370000,48.024444,-113.978889,2011-06-10 05:45:00,2011-06-11 09:00:00,178.6793,2011-06-10 14:30:00,8.7500
12370000,48.024444,-113.978889,2011-06-25 11:45:00,2011-06-26 16:15:00,180.0951,2011-06-25 18:00:00,6.2500
12370000,48.024444,-113.978889,2011-07-01 12:45:00,2011-07-04 14:00:00,190.0060,2011-07-02 13:15:00,24.5000
12452800,47.818611,-120.421944,1995-05-30 04:00:00,1995-06-04 15:00:00,92.8793,1995-05-31 12:00:00,32.0000
12452800,47.818611,-120.421944,1995-11-30 02:30:00,1995-11-30 22:45:00,94.0119,1995-11-30 07:45:00,5.2500
12452800,47.818611,-120.421944,1996-06-04 15:30:00,1996-06-05 09:45:00,77.8713,1996-06-04 16:30:00,1.0000
12452800,47.818611,-120.421944,1997-05-14 10:45:00,1997-05-18 18:45:00,92.5961,1997-05-16 12:30:00,49.7500
12452800,47.818611,-120.421944,1997-05-31 13:00:00,1997-06-02 20:15:00,98.5426,1997-06-01 12:15:00,23.2500
12452800,47.818611,-120.421944,1997-06-12 10:30:00,1997-06-19 06:15:00,88.6317,1997-06-16 06:15:00,91.7500
12452800,47.818611,-120.421944,1998-05-05 07:15:00,1998-05-08 12:00:00,81.2693,1998-05-07 09:15:00,50.0000
12452800,47.818611,-120.421944,1999-06-15 07:15:00,1999-06-21 13:15:00,124.8773,1999-06-17 10:15:00,51.0000
12452800,47.818611,-120.421944,1999-06-25 06:00:00,1999-06-25 19:15:00,78.4377,1999-06-25 09:15:00,3.2500
12452800,47.818611,-120.421944,2002-06-16 03:45:00,2002-06-16 23:15:00,80.9862,2002-06-16 09:45:00,6.0000
12452800,47.818611,-120.421944,2006-05-18 02:30:00,2006-05-23 18:15:00,116.0991,2006-05-19 13:30:00,35.0000
12452800,47.818611,-120.421944,2007-06-03 07:30:00,2007-06-06 02:15:00,95.7109,2007-06-05 04:15:00,44.7500
12452800,47.818611,-120.421944,2008-05-18 08:00:00,2008-05-21 11:30:00,94.0119,2008-05-19 12:00:00,28.0000
12452800,47.818611,-120.421944,2011-06-08 08:15:00,2011-06-08 15:15:00,77.8713,2011-06-08 09:45:00,1.5000
12452800,47.818611,-120.421944,2013-05-09 07:45:00,2013-05-09 14:00:00,79.8535,2013-05-09 10:15:00,2.5000
12452800,47.818611,-120.421944,2013-05-12 06:15:00,2013-05-13 20:15:00,83.5347,2013-05-13 07:30:00,25.2500
12452800,47.818611,-120.421944,2016-04-21 04:45:00,2016-04-24 14:30:00,97.9763,2016-04-22 13:45:00,33.0000
12452800,47.818611,-120.421944,2016-05-08 06:15:00,2016-05-09 09:15:00,82.4020,2016-05-08 11:30:00,5.2500
13161500,41.933333,-115.673611,1993-03-26 03:00:00,1993-03-31 12:00:00,31.7149,1993-03-27 16:00:00,37.0000
13161500,41.933333,-115.673611,1993-05-13 09:00:00,1993-05-17 17:00:00,20.6147,1993-05-15 10:00:00,49.0000
13161500,41.933333,-115.673611,1995-05-12 10:00:00,1995-05-12 16:00:00,18.0378,1995-05-12 11:00:00,1.0000
13161500,41.933333,-115.673611,1995-06-03 20:00:00,1995-06-05 05:00:00,24.1260,1995-06-04 03:00:00,7.0000
13161500,41.933333,-115.673611,1997-06-08 09:00:00,1997-06-08 19:45:00,18.1794,1997-06-08 09:15:00,0.2500
13161500,41.933333,-115.673611,1998-04-24 08:14:00,1998-04-24 21:14:00,18.1228,1998-04-24 16:14:00,8.0000
13161500,41.933333,-115.673611,1998-05-11 06:14:00,1998-05-20 15:29:00,26.6178,1998-05-17 06:14:00,144.0000
13161500,41.933333,-115.673611,1998-05-27 02:44:00,1998-05-29 08:29:00,19.1422,1998-05-28 05:29:00,26.7500
13161500,41.933333,-115.673611,1998-06-03 03:59:00,1998-06-03 09:59:00,18.9157,1998-06-03 04:59:00,1.0000
13161500,41.933333,-115.673611,1998-06-12 05:14:00,1998-06-12 07:29:00,19.0572,1998-06-12 06:29:00,1.2500
13161500,41.933333,-115.673611,1999-05-30 10:14:00,1999-05-30 10:44:00,17.9529,1999-05-30 10:29:00,0.2500
13161500,41.933333,-115.673611,2002-04-05 23:45:00,2002-04-07 03:30:00,19.3687,2002-04-06 23:45:00,24.0000
13161500,41.933333,-115.673611,2004-03-24 10:00:00,2004-03-24 15:00:00,18.6608,2004-03-24 13:45:00,3.7500
13161500,41.933333,-115.673611,2005-04-28 16:45:00,2005-04-30 20:45:00,20.8412,2005-04-29 03:15:00,10.5000
13161500,41.933333,-115.673611,2005-05-06 13:15:00,2005-05-08 00:45:00,18.5759,2005-05-07 02:15:00,13.0000
13161500,41.933333,-115.673611,2005-05-09 14:45:00,2005-05-31 13:30:00,45.8733,2005-05-17 20:15:00,197.5000
13161500,41.933333,-115.673611,2011-04-01 11:30:00,2011-04-05 10:45:00,24.5790,2011-04-03 04:15:00,40.7500
13161500,41.933333,-115.673611,2011-04-17 04:30:00,2011-05-01 08:15:00,43.8911,2011-04-19 06:00:00,49.5000
13305000,44.940000,-113.639167,1995-06-05 00:15:00,1995-06-06 15:45:00,67.3941,1995-06-06 12:00:00,35.7500
13305000,44.940000,-113.639167,1995-06-07 16:45:00,1995-06-08 02:30:00,58.8990,1995-06-07 20:30:00,3.7500
13305000,44.940000,-113.639167,1995-06-18 06:15:00,1995-06-18 13:15:00,43.8911,1995-06-18 07:15:00,1.0000
13305000,44.940000,-113.639167,1995-07-10 09:45:00,1995-07-10 12:45:00,42.4753,1995-07-10 11:00:00,1.2500
13305000,44.940000,-113.639167,1997-06-08 10:00:00,1997-06-08 16:30:00,50.9703,1997-06-08 16:30:00,6.5000
13305000,44.940000,-113.639167,2009-06-22 06:00:00,2009-06-23 05:45:00,47.2891,2009-06-23 05:45:00,23.7500
12389500,47.591944,-115.228611,1997-04-28 06:30:00,1997-04-29 20:00:00,105.9050,1997-04-28 23:15:00,16.7500
12389500,47.591944,-115.228611,1997-05-11 11:30:00,1997-05-20 02:45:00,151.7783,1997-05-17 14:30:00,147.0000
12389500,47.591944,-115.228611,1997-05-25 21:15:00,1997-05-26 22:45:00,96.2773,1997-05-26 05:30:00,8.2500
12389500,47.591944,-115.228611,1997-05-31 12:00:00,1997-06-02 20:15:00,106.1882,1997-06-01 17:00:00,29.0000
12389500,47.591944,-115.228611,2002-05-22 08:00:00,2002-05-24 13:30:00,129.4080,2002-05-23 06:15:00,22.2500
12389500,47.591944,-115.228611,2008-05-18 04:00:00,2008-05-22 12:00:00,136.4872,2008-05-19 16:00:00,36.0000
12389500,47.591944,-115.228611,2011-05-15 05:30:00,2011-05-18 13:30:00,129.9743,2011-05-17 03:30:00,46.0000
12389500,47.591944,-115.228611,2011-06-08 15:15:00,2011-06-10 19:00:00,108.4535,2011-06-09 14:15:00,23.0000
12389500,47.591944,-115.228611,2012-04-24 15:45:00,2012-04-28 02:30:00,107.6040,2012-04-25 19:45:00,28.0000
12390700,47.586111,-115.354167,1995-11-30 07:00:00,1995-12-02 07:00:00,109.8694,1995-11-30 19:15:00,12.2500
12390700,47.586111,-115.354167,1996-02-09 07:00:00,1996-02-10 19:00:00,146.1149,1996-02-09 23:30:00,16.5000
12390700,47.586111,-115.354167,1997-05-14 08:00:00,1997-05-17 23:45:00,78.7208,1997-05-17 08:15:00,72.2500
12390700,47.586111,-115.354167,2008-05-18 07:45:00,2008-05-21 03:15:00,85.8000,2008-05-19 14:30:00,30.7500
13050500,43.966944,-111.672500,1989-05-11 07:30:00,1989-05-11 19:30:00,242.9585,1989-05-11 13:30:00,6.0000
13050500,43.966944,-111.672500,1993-05-14 08:57:39,1993-05-18 14:57:12,270.7091,1993-05-15 17:27:30,32.4975
13050500,43.966944,-111.672500,1995-05-12 09:30:00,1995-05-13 12:30:00,274.6734,1995-05-12 15:30:00,6.0000
13050500,43.966944,-111.672500,1995-05-16 10:00:00,1995-05-21 21:00:00,261.0813,1995-05-17 15:30:00,29.5000
13050500,43.966944,-111.672500,1996-05-15 09:00:00,1996-05-19 16:00:00,328.4754,1996-05-17 15:00:00,54.0000
13050500,43.966944,-111.672500,1997-05-08 12:57:48,1997-05-26 09:33:27,297.3269,1997-05-12 15:27:30,98.4950
13050500,43.966944,-111.672500,1997-05-29 18:05:12,1997-06-06 00:39:00,300.1586,1997-05-30 07:05:30,13.0050
13050500,43.966944,-111.672500,1997-06-11 17:12:00,1997-06-12 00:42:09,222.5704,1997-06-11 22:42:06,5.5017
13050500,43.966944,-111.672500,1999-05-01 19:30:00,1999-05-01 21:00:00,222.5704,1999-05-01 20:00:00,0.5000
13050500,43.966944,-111.672500,1999-05-24 13:30:00,1999-05-28 21:00:00,245.7902,1999-05-26 15:00:00,49.5000
13050500,43.966944,-111.672500,1999-05-30 02:00:00,1999-06-09 19:00:00,286.0002,1999-06-04 01:30:00,119.5000
13050500,43.966944,-111.672500,2008-05-19 18:15:00,2008-05-22 14:15:00,234.1803,2008-05-19 19:30:00,1.2500
13050500,43.966944,-111.672500,2010-06-07 20:30:00,2010-06-09 16:45:00,270.9922,2010-06-08 15:30:00,19.0000
13050500,43.966944,-111.672500,2011-05-16 06:45:00,2011-05-17 03:00:00,247.2061,2011-05-16 19:00:00,12.2500
13050500,43.966944,-111.672500,2011-05-24 16:45:00,2011-05-27 06:45:00,288.8318,2011-05-25 19:45:00,27.0000
13050500,43.966944,-111.672500,2011-06-07 18:30:00,2011-06-10 13:30:00,396.4359,2011-06-08 18:45:00,24.2500
13050500,43.966944,-111.672500,2011-06-14 16:15:00,2011-06-15 08:15:00,244.3744,2011-06-15 02:00:00,9.7500
12302055,48.355556,-115.313889,1989-11-12 18:15:00,1989-11-13 01:00:00,109.3030,1989-11-12 21:00:00,2.7500
12302055,48.355556,-115.313889,1990-11-25 17:45:06,1990-11-26 19:00:00,152.3446,1990-11-26 06:30:00,12.7483
12302055,48.355556,-115.313889,1991-04-06 15:00:45,1991-04-07 00:31:24,102.5070,1991-04-06 18:31:00,3.5042
12302055,48.355556,-115.313889,1995-11-30 10:45:00,1995-12-01 22:00:00,167.0694,1995-11-30 21:45:00,11.0000
12302055,48.355556,-115.313889,1996-02-09 09:00:00,1996-02-12 21:00:00,345.4655,1996-02-10 02:30:00,17.5000
12302055,48.355556,-115.313889,1996-04-10 13:15:00,1996-04-13 05:45:00,114.6832,1996-04-12 08:00:00,42.7500
12302055,48.355556,-115.313889,1996-04-24 21:45:00,1996-04-25 23:00:00,111.5684,1996-04-25 10:30:00,12.7500
12302055,48.355556,-115.313889,1997-03-22 00:45:00,1997-03-22 01:30:00,102.2238,1997-03-22 01:00:00,0.2500
12302055,48.355556,-115.313889,1997-03-27 11:45:00,1997-03-29 03:00:00,112.7010,1997-03-28 07:00:00,19.2500
12302055,48.355556,-115.313889,1997-04-20 21:30:00,1997-05-02 00:45:00,198.5011,1997-04-28 14:45:00,185.2500
12302055,48.355556,-115.313889,1997-05-10 19:45:00,1997-05-19 04:15:00,143.2832,1997-05-16 18:30:00,142.7500
12302055,48.355556,-115.313889,1997-06-01 10:30:00,1997-06-02 13:45:00,123.1783,1997-06-01 20:30:00,10.0000
12302055,48.355556,-115.313889,2002-04-14 09:00:00,2002-04-17 08:15:00,195.6694,2002-04-15 10:30:00,25.5000
12302055,48.355556,-115.313889,2002-05-22 14:45:00,2002-05-24 02:30:00,124.3110,2002-05-23 06:30:00,15.7500
12302055,48.355556,-115.313889,2008-05-17 09:30:00,2008-05-22 06:00:00,145.2654,2008-05-19 16:45:00,55.2500
12302055,48.355556,-115.313889,2011-05-15 05:30:00,2011-05-18 13:15:00,144.4159,2011-05-17 04:45:00,47.2500
12302055,48.355556,-115.313889,2012-04-24 09:00:00,2012-04-28 07:15:00,133.6555,2012-04-25 15:15:00,30.2500
12331800,46.712222,-113.330000,1995-02-01 22:15:00,1995-02-02 07:45:00,127.1426,1995-02-01 22:45:00,0.5000
12331800,46.712222,-113.330000,1995-06-06 22:45:00,1995-06-08 09:45:00,107.0377,1995-06-07 12:15:00,13.5000
12331800,46.712222,-113.330000,1996-02-08 10:45:00,1996-02-11 03:30:00,277.5051,1996-02-09 19:30:00,32.7500
12331800,46.712222,-113.330000,1997-01-01 20:00:00,1997-01-01 20:30:00,111.2852,1997-01-01 20:15:00,0.2500
12331800,46.712222,-113.330000,1997-05-17 10:45:00,1997-05-20 10:00:00,107.3208,1997-05-19 03:00:00,40.2500
12331800,46.712222,-113.330000,1997-05-25 06:30:00,1997-05-28 13:45:00,119.4971,1997-05-26 08:15:00,25.7500
12331800,46.712222,-113.330000,1998-06-20 03:00:00,1998-06-24 15:45:00,131.9565,1998-06-21 03:00:00,24.0000
12331800,46.712222,-113.330000,1998-06-26 15:45:00,1998-06-29 15:30:00,136.7704,1998-06-27 18:30:00,26.7500
12331800,46.712222,-113.330000,1998-07-04 06:30:00,1998-07-06 18:15:00,130.2575,1998-07-04 22:15:00,15.7500
12331800,46.712222,-113.330000,2003-03-14 03:00:00,2003-03-14 22:30:00,129.6912,2003-03-14 16:30:00,13.5000
12331800,46.712222,-113.330000,2005-06-04 17:00:00,2005-06-05 23:00:00,100.5248,2005-06-05 04:15:00,11.2500
12331800,46.712222,-113.330000,2007-06-07 22:30:00,2007-06-08 06:00:00,95.1446,2007-06-08 02:15:00,3.7500
12331800,46.712222,-113.330000,2009-05-25 17:00:00,2009-06-03 01:45:00,105.6218,2009-05-26 14:30:00,21.5000
12331800,46.712222,-113.330000,2010-06-17 17:00:00,2010-06-22 15:30:00,118.3644,2010-06-18 18:00:00,25.0000
12331800,46.712222,-113.330000,2011-05-25 08:45:00,2011-05-29 12:30:00,115.5327,2011-05-27 12:00:00,51.2500
12331800,46.712222,-113.330000,2011-06-03 12:00:00,2011-06-05 07:45:00,98.5426,2011-06-03 22:45:00,10.7500
12331800,46.712222,-113.330000,2011-06-07 11:00:00,2011-07-03 20:15:00,232.7645,2011-06-11 03:45:00,88.7500
13011500,43.850278,-110.517778,1989-05-10 07:30:00,1989-05-11 11:45:00,82.9684,1989-05-11 05:30:00,22.0000
13011500,43.850278,-110.517778,1989-05-22 05:00:00,1989-05-24 11:00:00,79.8535,1989-05-24 04:15:00,47.2500
13011500,43.850278,-110.517778,1989-06-03 11:00:00,1989-06-03 20:00:00,70.5089,1989-06-03 14:15:00,3.2500
13011500,43.850278,-110.517778,1993-05-20 03:30:00,1993-05-21 05:45:00,73.0575,1993-05-20 06:00:00,2.5000
13011500,43.850278,-110.517778,1993-05-26 06:00:00,1993-05-28 11:00:00,74.7565,1993-05-27 05:00:00,23.0000
13011500,43.850278,-110.517778,1995-06-02 06:29:54,1995-06-07 07:28:45,101.3743,1995-06-06 12:43:57,102.2342
13011500,43.850278,-110.517778,1996-05-17 02:00:00,1996-05-17 10:15:00,68.5268,1996-05-17 05:15:00,3.2500
13011500,43.850278,-110.517778,1996-05-18 11:00:00,1996-05-18 19:15:00,70.5089,1996-05-18 15:30:00,4.5000
13011500,43.850278,-110.517778,1997-05-11 07:32:00,1997-05-26 18:02:00,129.6912,1997-05-18 07:32:00,168.0000
13011500,43.850278,-110.517778,1997-05-28 04:17:00,1997-06-23 21:02:00,138.4694,1997-06-05 07:32:00,195.2500
13011500,43.850278,-110.517778,1998-05-07 05:17:00,1998-05-09 11:47:00,70.7921,1998-05-07 09:32:00,4.2500
13011500,43.850278,-110.517778,1998-05-22 04:02:00,1998-05-22 19:02:00,81.5525,1998-05-22 11:47:00,7.7500
13011500,43.850278,-110.517778,1998-05-26 07:02:00,1998-05-27 17:02:00,79.5703,1998-05-27 08:32:00,25.5000
13011500,43.850278,-110.517778,1998-05-29 04:47:00,1998-05-30 19:17:00,92.0298,1998-05-30 08:32:00,27.7500
13011500,43.850278,-110.517778,1998-06-01 06:32:00,1998-06-04 12:32:00,84.9505,1998-06-02 08:17:00,25.7500
13011500,43.850278,-110.517778,1999-05-23 02:32:00,1999-05-31 20:32:00,134.2219,1999-05-28 07:32:00,125.0000
13011500,43.850278,-110.517778,1999-06-02 07:17:00,1999-06-05 12:02:00,86.9327,1999-06-03 11:02:00,27.7500
13011500,43.850278,-110.517778,1999-06-07 02:47:00,1999-06-09 07:32:00,89.7644,1999-06-07 06:32:00,3.7500
13011500,43.850278,-110.517778,1999-06-14 05:17:00,1999-06-26 10:02:00,114.4001,1999-06-15 08:02:00,26.7500
13011500,43.850278,-110.517778,2000-05-04 03:30:00,2000-05-05 13:30:00,80.9862,2000-05-04 07:30:00,4.0000
13011500,43.850278,-110.517778,2000-05-26 05:30:00,2000-05-30 11:30:00,84.9505,2000-05-26 13:00:00,7.5000
13011500,43.850278,-110.517778,2001-05-16 09:00:00,2001-05-16 13:45:00,72.4911,2001-05-16 10:00:00,1.0000
13011500,43.850278,-110.517778,2002-05-20 05:02:00,2002-05-21 16:02:00,92.8793,2002-05-21 07:02:00,26.0000
13011500,43.850278,-110.517778,2002-05-31 03:32:00,2002-06-01 13:47:00,90.6139,2002-06-01 08:02:00,28.5000
13011500,43.850278,-110.517778,2003-05-23 04:47:00,2003-06-01 15:02:00,104.2060,2003-05-29 11:17:00,150.5000
13011500,43.850278,-110.517778,2005-05-20 02:17:00,2005-05-24 14:02:00,102.2238,2005-05-21 10:17:00,32.0000
13011500,43.850278,-110.517778,2006-05-16 06:32:00,2006-05-27 14:32:00,163.9545,2006-05-23 10:02:00,171.5000
13011500,43.850278,-110.517778,2007-05-13 06:47:00,2007-05-14 11:02:00,73.6238,2007-05-14 07:02:00,24.2500
13011500,43.850278,-110.517778,2008-05-19 06:30:00,2008-05-22 10:30:00,89.4812,2008-05-21 12:30:00,54.0000
13011500,43.850278,-110.517778,2008-06-01 04:45:00,2008-06-03 14:45:00,81.5525,2008-06-03 07:15:00,50.5000
13011500,43.850278,-110.517778,2008-06-05 04:15:00,2008-06-06 14:00:00,71.9248,2008-06-06 07:30:00,27.2500
13011500,43.850278,-110.517778,2008-06-17 08:15:00,2008-06-20 08:30:00,74.4733,2008-06-18 07:30:00,23.2500
13011500,43.850278,-110.517778,2009-05-31 06:45:00,2009-06-01 09:45:00,68.2436,2009-05-31 08:30:00,1.7500
13011500,43.850278,-110.517778,2010-06-05 02:45:00,2010-06-05 14:30:00,76.1723,2010-06-05 07:00:00,4.2500
13011500,43.850278,-110.517778,2010-06-07 01:45:00,2010-06-08 17:00:00,82.1189,2010-06-07 10:30:00,8.7500
13011500,43.850278,-110.517778,2011-06-06 05:02:00,2011-06-09 16:17:00,86.6496,2011-06-07 11:47:00,30.7500
13011500,43.850278,-110.517778,2011-06-12 05:02:00,2011-06-16 21:02:00,108.1704,2011-06-14 13:47:00,56.7500
13011500,43.850278,-110.517778,2011-06-22 05:02:00,2011-07-05 12:32:00,103.9228,2011-06-24 09:02:00,52.0000
13011500,43.850278,-110.517778,2013-05-14 04:00:00,2013-05-17 10:00:00,82.1189,2013-05-14 08:45:00,4.7500
13011500,43.850278,-110.517778,2014-05-26 08:00:00,2014-06-03 10:00:00,84.6674,2014-05-29 10:00:00,74.0000
13175100,41.860556,-115.988333,1995-05-07 04:00:00,1995-05-08 11:45:00,25.4002,1995-05-08 02:15:00,22.2500
13175100,41.860556,-115.988333,1998-05-16 19:30:00,1998-05-18 23:00:00,31.4317,1998-05-17 06:45:00,11.2500
13175100,41.860556,-115.988333,2005-05-09 19:15:00,2005-05-10 08:00:00,27.9770,2005-05-10 02:15:00,7.0000
13175100,41.860556,-115.988333,2005-05-12 00:30:00,2005-05-12 23:00:00,25.3153,2005-05-12 17:15:00,16.7500
13175100,41.860556,-115.988333,2005-05-16 18:30:00,2005-05-19 20:45:00,43.6079,2005-05-17 05:00:00,10.5000
13175100,41.860556,-115.988333,2005-12-31 13:30:00,2005-12-31 20:30:00,29.4495,2005-12-31 16:15:00,2.7500
13175100,41.860556,-115.988333,2006-04-05 02:45:00,2006-04-07 06:30:00,33.4139,2006-04-05 18:00:00,15.2500
13175100,41.860556,-115.988333,2006-04-15 06:30:00,2006-04-17 12:15:00,26.0232,2006-04-16 10:45:00,28.2500
13175100,41.860556,-115.988333,2006-05-19 05:45:00,2006-05-21 01:00:00,26.4763,2006-05-19 15:00:00,9.2500
13175100,41.860556,-115.988333,2011-04-17 20:30:00,2011-04-22 08:30:00,48.4218,2011-04-19 09:15:00,36.7500
13175100,41.860556,-115.988333,2011-05-07 05:15:00,2011-05-24 21:30:00,42.1921,2011-05-15 13:45:00,200.5000
13175100,41.860556,-115.988333,2011-05-26 07:00:00,2011-05-26 19:00:00,25.3153,2011-05-26 12:00:00,5.0000
13175100,41.860556,-115.988333,2016-02-16 07:30:00,2016-02-16 07:45:00,23.4747,2016-02-16 07:45:00,0.2500
13235000,44.085278,-115.622222,1996-05-15 19:30:00,1996-05-19 09:15:00,184.9090,1996-05-18 13:15:00,65.7500
13235000,44.085278,-115.622222,1996-06-08 06:15:00,1996-06-12 20:30:00,202.4655,1996-06-10 03:30:00,45.2500
13235000,44.085278,-115.622222,1997-05-15 22:58:45,1997-05-19 12:04:39,189.1565,1997-05-18 04:02:24,53.0608
13235000,44.085278,-115.622222,1997-06-01 22:42:03,1997-06-02 01:12:12,168.2021,1997-06-02 01:12:12,2.5025
13235000,44.085278,-115.622222,1999-05-29 15:02:00,1999-05-29 20:32:00,177.5466,1999-05-29 18:47:00,3.7500
13235000,44.085278,-115.622222,2003-05-30 12:17:00,2003-05-31 17:32:00,181.2278,2003-05-31 04:32:00,16.2500
13235000,44.085278,-115.622222,2006-05-19 06:00:00,2006-05-23 13:45:00,211.8100,2006-05-21 04:45:00,46.7500
13235000,44.085278,-115.622222,2010-06-04 23:15:00,2010-06-06 12:15:00,247.7724,2010-06-05 12:30:00,13.2500
13235000,44.085278,-115.622222,2011-06-24 11:15:00,2011-06-24 16:15:00,171.0338,2011-06-24 14:00:00,2.7500
13235000,44.085278,-115.622222,2012-04-26 23:15:00,2012-04-27 12:15:00,177.8298,2012-04-27 03:30:00,4.2500
13302500,45.183611,-113.895278,1996-06-08 21:15:00,1996-06-14 05:45:00,453.0695,1996-06-11 00:45:00,51.5000
13302500,45.183611,-113.895278,1996-06-16 18:45:00,1996-06-18 06:30:00,351.1289,1996-06-16 22:45:00,4.0000
13302500,45.183611,-113.895278,1997-05-17 23:45:00,1997-05-19 19:30:00,356.7923,1997-05-18 23:15:00,23.5000
13302500,45.183611,-113.895278,1997-06-18 22:30:00,1997-06-20 04:30:00,351.1289,1997-06-19 19:45:00,21.2500
13302500,45.183611,-113.895278,1999-06-19 03:15:00,1999-06-20 02:45:00,345.4655,1999-06-20 00:30:00,21.2500
13302500,45.183611,-113.895278,2003-05-31 17:30:00,2003-06-01 14:15:00,368.1190,2003-06-01 01:30:00,8.0000
13302500,45.183611,-113.895278,2006-05-20 06:30:00,2006-05-24 03:00:00,421.9210,2006-05-21 21:30:00,39.0000
13302500,45.183611,-113.895278,2010-06-05 23:15:00,2010-06-09 02:15:00,362.4556,2010-06-06 04:30:00,5.2500
13302500,45.183611,-113.895278,2011-06-24 17:15:00,2011-06-26 14:30:00,370.9507,2011-06-25 03:30:00,10.2500
13302500,45.183611,-113.895278,2012-04-27 17:45:00,2012-04-28 04:00:00,359.6240,2012-04-27 23:15:00,5.5000
14210000,45.300000,-122.352778,1988-10-01 07:30:00,1988-10-04 06:30:00,22.3420,1988-10-01 12:00:00,4.5000
14210000,45.300000,-122.352778,1988-10-05 07:00:00,1988-10-14 06:30:00,28.3168,1988-10-10 19:00:00,132.0000
14210000,45.300000,-122.352778,1993-11-25 08:00:00,1993-12-16 07:45:00,174.1486,1993-12-02 06:15:00,166.2500
14210000,45.300000,-122.352778,1997-08-08 07:00:00,1997-08-11 06:00:00,65.1287,1997-08-09 00:00:00,17.0000
14210000,45.300000,-122.352778,2005-03-10 08:00:00,2005-03-13 07:30:00,33.6970,2005-03-11 16:00:00,32.0000
14210000,45.300000,-122.352778,2005-05-17 07:00:00,2005-05-18 05:30:00,77.5882,2005-05-18 04:00:00,21.0000
14210000,45.300000,-122.352778,2005-06-20 07:00:00,2005-08-01 06:30:00,62.8634,2005-06-20 15:30:00,8.5000
14210000,45.300000,-122.352778,2005-08-05 07:00:00,2005-08-15 06:30:00,24.9471,2005-08-08 16:30:00,81.5000
14210000,45.300000,-122.352778,2005-08-17 07:00:00,2005-08-27 06:30:00,24.2109,2005-08-20 06:00:00,71.0000
14210000,45.300000,-122.352778,2012-01-25 08:00:00,2012-01-29 07:45:00,438.9111,2012-01-25 15:00:00,7.0000
14210000,45.300000,-122.352778,2012-01-30 08:00:00,2012-02-07 07:45:00,243.8080,2012-01-30 14:30:00,6.5000
14210000,45.300000,-122.352778,2012-02-08 08:00:00,2012-02-19 07:45:00,135.3545,2012-02-11 14:45:00,78.7500
12354000,47.296944,-115.121667,2008-05-21 06:15:00,2008-05-21 11:45:00,144.4159,2008-05-21 09:45:00,3.5000
13037500,43.612500,-111.660000,1991-06-15 02:31:39,1991-06-18 03:45:00,665.4459,1991-06-15 03:46:36,1.2492
13037500,43.612500,-111.660000,1996-06-14 12:30:00,1996-06-30 15:30:00,682.4360,1996-06-18 09:45:00,93.2500
13037500,43.612500,-111.660000,1997-06-07 21:32:51,1997-06-19 05:47:39,1231.7828,1997-06-14 00:10:51,146.6333
13037500,43.612500,-111.660000,2009-06-22 22:15:00,2009-07-03 09:30:00,741.9014,2009-06-27 08:15:00,106.0000
13037500,43.612500,-111.660000,2010-06-13 14:45:00,2010-06-15 00:15:00,679.6043,2010-06-14 00:15:00,9.5000
13037500,43.612500,-111.660000,2011-05-24 21:32:00,2011-05-27 16:02:00,676.7726,2011-05-26 10:47:00,37.2500
13037500,43.612500,-111.660000,2011-05-28 23:02:00,2011-06-03 05:47:00,707.9212,2011-06-02 06:17:00,103.2500
13037500,43.612500,-111.660000,2011-06-05 06:00:00,2011-06-08 05:47:00,739.0697,2011-06-07 16:17:00,58.2833
13037500,43.612500,-111.660000,2011-07-07 14:02:00,2011-07-12 12:00:00,702.2578,2011-07-09 18:47:00,52.7500
13037500,43.612500,-111.660000,2011-07-13 22:15:00,2011-07-18 08:30:00,705.0895,2011-07-16 23:15:00,73.0000
13037500,43.612500,-111.660000,2011-07-20 11:15:00,2011-07-23 04:00:00,688.0994,2011-07-21 07:00:00,19.7500
13338500,46.086389,-115.976667,1990-05-29 20:15:00,1990-05-30 04:45:00,258.5328,1990-05-29 22:15:00,2.0000
13338500,46.086389,-115.976667,1995-05-07 02:00:00,1995-05-07 18:15:00,314.3170,1995-05-07 05:15:00,3.2500
13338500,46.086389,-115.976667,1996-02-07 23:30:00,1996-02-08 08:00:00,342.6338,1996-02-08 04:30:00,5.0000
13338500,46.086389,-115.976667,1996-05-18 12:30:00,1996-05-19 17:45:00,243.5249,1996-05-18 19:15:00,6.7500
13338500,46.086389,-115.976667,1996-05-22 15:15:00,1996-05-22 19:00:00,241.8259,1996-05-22 16:15:00,1.0000
13338500,46.086389,-115.976667,1997-01-01 14:15:00,1997-01-01 19:45:00,328.4754,1997-01-01 15:45:00,1.5000
13338500,46.086389,-115.976667,1997-04-20 19:15:00,1997-04-20 22:30:00,225.1189,1997-04-20 19:45:00,0.5000
13338500,46.086389,-115.976667,1997-04-27 18:00:00,1997-04-27 23:45:00,305.8219,1997-04-27 20:00:00,2.0000
13338500,46.086389,-115.976667,2009-05-19 15:30:00,2009-05-19 17:15:00,224.8358,2009-05-19 16:15:00,0.7500
13338500,46.086389,-115.976667,2010-06-10 04:00:00,2010-06-10 05:00:00,236.1625,2010-06-10 04:15:00,0.2500
13338500,46.086389,-115.976667,2011-05-15 16:00:00,2011-05-17 07:00:00,325.6437,2011-05-16 10:00:00,18.0000
13338500,46.086389,-115.976667,2011-06-08 07:00:00,2011-06-10 17:45:00,390.7725,2011-06-08 12:00:00,5.0000
12306500,48.999167,-116.179722,1989-05-07 02:00:12,1989-05-12 11:15:21,164.5209,1989-05-08 08:00:15,30.0008
12306500,48.999167,-116.179722,1990-06-04 17:43:18,1990-06-05 11:13:33,133.3723,1990-06-04 22:58:21,5.2508
12306500,48.999167,-116.179722,1990-06-07 14:59:15,1990-06-08 05:29:30,145.5486,1990-06-07 20:44:21,5.7517
12306500,48.999167,-116.179722,1991-05-18 01:30:00,1991-05-25 16:00:00,174.9981,1991-05-20 07:45:00,54.2500
12306500,48.999167,-116.179722,1991-06-11 23:15:00,1991-06-12 08:30:00,132.2397,1991-06-12 03:15:00,4.0000
12306500,48.999167,-116.179722,1996-04-24 13:00:00,1996-04-25 01:30:00,138.7525,1996-04-24 16:15:00,3.2500
12306500,48.999167,-116.179722,1996-05-16 04:30:00,1996-05-20 19:45:00,136.7704,1996-05-19 14:00:00,81.5000
12306500,48.999167,-116.179722,1996-05-27 02:30:00,1996-05-29 11:45:00,139.0357,1996-05-28 08:30:00,30.0000
12306500,48.999167,-116.179722,1996-05-31 13:30:00,1996-06-01 05:30:00,136.7704,1996-05-31 18:30:00,5.0000
12306500,48.999167,-116.179722,1996-06-04 02:45:00,1996-06-09 17:30:00,141.8674,1996-06-05 07:30:00,28.7500
12306500,48.999167,-116.179722,1997-05-11 05:00:00,1997-05-22 21:15:00,251.7368,1997-05-17 09:45:00,148.7500
12306500,48.999167,-116.179722,1997-05-25 05:15:00,1997-06-07 13:45:00,225.4021,1997-06-01 13:45:00,176.5000
12306500,48.999167,-116.179722,1998-05-27 13:45:00,1998-05-28 18:45:00,159.1407,1998-05-27 17:45:00,4.0000
12306500,48.999167,-116.179722,1998-05-30 09:15:00,1998-06-01 07:00:00,203.3150,1998-05-30 17:00:00,7.7500
12306500,48.999167,-116.179722,1999-05-24 05:15:00,1999-06-01 13:15:00,202.1823,1999-05-26 08:15:00,51.0000
12306500,48.999167,-116.179722,2002-05-21 06:30:00,2002-06-06 12:45:00,263.6298,2002-05-22 03:45:00,21.2500
12306500,48.999167,-116.179722,2006-05-17 05:00:00,2006-05-25 14:15:00,194.8199,2006-05-21 02:15:00,93.2500
12306500,48.999167,-116.179722,2007-03-25 11:00:00,2007-03-26 12:30:00,167.3526,2007-03-25 18:30:00,7.5000
12306500,48.999167,-116.179722,2008-05-18 01:30:00,2008-05-26 14:45:00,239.2774,2008-05-21 10:00:00,80.5000
12306500,48.999167,-116.179722,2010-06-03 11:30:00,2010-06-04 01:15:00,141.0179,2010-06-03 14:45:00,3.2500
12306500,48.999167,-116.179722,2011-05-15 07:30:00,2011-05-17 16:30:00,135.3545,2011-05-16 15:15:00,31.7500
12306500,48.999167,-116.179722,2011-05-22 05:15:00,2011-05-29 14:45:00,180.9446,2011-05-26 22:00:00,112.7500
12306500,48.999167,-116.179722,2011-06-06 04:45:00,2011-06-14 17:15:00,188.8734,2011-06-09 04:00:00,71.2500
12306500,48.999167,-116.179722,2012-04-25 02:45:00,2012-04-28 13:15:00,158.8575,2012-04-27 09:30:00,54.7500
12306500,48.999167,-116.179722,2012-05-01 08:30:00,2012-05-01 13:00:00,129.1248,2012-05-01 09:00:00,0.5000
12306500,48.999167,-116.179722,2012-05-16 06:45:00,2012-05-19 01:30:00,150.3625,2012-05-17 09:00:00,26.2500
12306500,48.999167,-116.179722,2012-05-23 00:45:00,2012-05-23 16:00:00,136.4872,2012-05-23 06:30:00,5.7500
12306500,48.999167,-116.179722,2012-06-05 11:15:00,2012-06-09 18:15:00,174.1486,2012-06-06 21:00:00,33.7500
12306500,48.999167,-116.179722,2013-05-11 05:15:00,2013-05-15 23:30:00,186.0417,2013-05-14 08:30:00,75.2500
12306500,48.999167,-116.179722,2014-05-17 10:45:00,2014-05-27 19:30:00,155.4595,2014-05-24 07:15:00,164.5000
12306500,48.999167,-116.179722,1989-05-07 02:00:12,1989-05-12 11:15:21,164.5209,1989-05-08 08:00:15,30.0008
12306500,48.999167,-116.179722,1990-06-04 17:43:18,1990-06-05 11:13:33,133.3723,1990-06-04 22:58:21,5.2508
12306500,48.999167,-116.179722,1990-06-07 14:59:15,1990-06-08 05:29:30,145.5486,1990-06-07 20:44:21,5.7517
12306500,48.999167,-116.179722,1991-05-18 01:30:00,1991-05-25 16:00:00,174.9981,1991-05-20 07:45:00,54.2500
12306500,48.999167,-116.179722,1991-06-11 23:15:00,1991-06-12 08:30:00,132.2397,1991-06-12 03:15:00,4.0000
12306500,48.999167,-116.179722,1996-04-24 13:00:00,1996-04-25 01:30:00,138.7525,1996-04-24 16:15:00,3.2500
12306500,48.999167,-116.179722,1996-05-16 04:30:00,1996-05-20 19:45:00,136.7704,1996-05-19 14:00:00,81.5000
12306500,48.999167,-116.179722,1996-05-27 02:30:00,1996-05-29 11:45:00,139.0357,1996-05-28 08:30:00,30.0000
12306500,48.999167,-116.179722,1996-05-31 13:30:00,1996-06-01 05:30:00,136.7704,1996-05-31 18:30:00,5.0000
12306500,48.999167,-116.179722,1996-06-04 02:45:00,1996-06-09 17:30:00,141.8674,1996-06-05 07:30:00,28.7500
12306500,48.999167,-116.179722,1997-05-11 05:00:00,1997-05-22 21:15:00,251.7368,1997-05-17 09:45:00,148.7500
12306500,48.999167,-116.179722,1997-05-25 05:15:00,1997-06-07 13:45:00,225.4021,1997-06-01 13:45:00,176.5000
12306500,48.999167,-116.179722,1998-05-27 13:45:00,1998-05-28 18:45:00,159.1407,1998-05-27 17:45:00,4.0000
12306500,48.999167,-116.179722,1998-05-30 09:15:00,1998-06-01 07:00:00,203.3150,1998-05-30 17:00:00,7.7500
12306500,48.999167,-116.179722,1999-05-24 05:15:00,1999-06-01 13:15:00,202.1823,1999-05-26 08:15:00,51.0000
12306500,48.999167,-116.179722,2002-05-21 06:30:00,2002-06-06 12:45:00,263.6298,2002-05-22 03:45:00,21.2500
12306500,48.999167,-116.179722,2006-05-17 05:00:00,2006-05-25 14:15:00,194.8199,2006-05-21 02:15:00,93.2500
12306500,48.999167,-116.179722,2007-03-25 11:00:00,2007-03-26 12:30:00,167.3526,2007-03-25 18:30:00,7.5000
12306500,48.999167,-116.179722,2008-05-18 01:30:00,2008-05-26 14:45:00,239.2774,2008-05-21 10:00:00,80.5000
12306500,48.999167,-116.179722,2010-06-03 11:30:00,2010-06-04 01:15:00,141.0179,2010-06-03 14:45:00,3.2500
12306500,48.999167,-116.179722,2011-05-15 07:30:00,2011-05-17 16:30:00,135.3545,2011-05-16 15:15:00,31.7500
12306500,48.999167,-116.179722,2011-05-22 05:15:00,2011-05-29 14:45:00,180.9446,2011-05-26 22:00:00,112.7500
12306500,48.999167,-116.179722,2011-06-06 04:45:00,2011-06-14 17:15:00,188.8734,2011-06-09 04:00:00,71.2500
12306500,48.999167,-116.179722,2012-04-25 02:45:00,2012-04-28 13:15:00,158.8575,2012-04-27 09:30:00,54.7500
12306500,48.999167,-116.179722,2012-05-01 08:30:00,2012-05-01 13:00:00,129.1248,2012-05-01 09:00:00,0.5000
12306500,48.999167,-116.179722,2012-05-16 06:45:00,2012-05-19 01:30:00,150.3625,2012-05-17 09:00:00,26.2500
12306500,48.999167,-116.179722,2012-05-23 00:45:00,2012-05-23 16:00:00,136.4872,2012-05-23 06:30:00,5.7500
12306500,48.999167,-116.179722,2012-06-05 11:15:00,2012-06-09 18:15:00,174.1486,2012-06-06 21:00:00,33.7500
12306500,48.999167,-116.179722,2013-05-11 05:15:00,2013-05-15 23:30:00,186.0417,2013-05-14 08:30:00,75.2500
12306500,48.999167,-116.179722,2014-05-17 10:45:00,2014-05-27 19:30:00,155.4595,2014-05-24 07:15:00,164.5000
13011900,43.838056,-110.440833,1997-06-05 09:02:00,1997-06-12 01:47:00,169.0516,1997-06-11 10:47:00,145.7500
13011900,43.838056,-110.440833,1997-06-19 08:02:00,1997-06-19 21:47:00,164.2377,1997-06-19 15:17:00,7.2500
13011900,43.838056,-110.440833,2011-07-01 11:30:00,2011-07-01 18:15:00,164.2377,2011-07-01 15:45:00,4.2500
13011900,43.838056,-110.440833,2011-07-04 15:00:00,2011-07-04 20:15:00,161.9724,2011-07-04 16:15:00,1.2500
13011900,43.838056,-110.440833,2011-07-06 12:30:00,2011-07-07 15:45:00,161.1229,2011-07-06 13:15:00,0.7500
13075500,42.871667,-112.468056,1989-04-19 05:58:36,1989-04-25 04:05:42,24.9471,1989-04-22 12:17:30,78.3150
13075500,42.871667,-112.468056,1997-03-21 07:07:36,1997-03-29 18:50:09,25.2869,1997-03-23 12:10:51,53.0542
13075500,42.871667,-112.468056,1998-04-12 06:12:12,1998-04-14 06:45:39,24.9755,1998-04-12 16:27:57,10.2625
13075500,42.871667,-112.468056,1998-06-04 02:15:00,1998-06-05 18:00:00,23.1349,1998-06-05 18:00:00,39.7500
13075500,42.871667,-112.468056,1999-04-30 07:59:45,1999-05-09 21:44:30,29.1664,1999-05-04 05:14:39,93.2483
13075500,42.871667,-112.468056,1999-05-24 15:14:06,1999-06-09 23:14:24,27.0426,1999-05-31 10:29:51,163.2625
13075500,42.871667,-112.468056,2007-02-12 06:45:00,2007-02-13 04:45:00,23.6729,2007-02-12 23:15:00,16.5000
13075500,42.871667,-112.468056,2007-02-17 16:15:00,2007-02-17 23:45:00,23.5879,2007-02-17 19:30:00,3.2500
13075500,42.871667,-112.468056,2011-04-18 19:00:00,2011-04-20 06:15:00,24.4374,2011-04-19 09:00:00,14.0000
13075500,42.871667,-112.468056,2012-01-22 05:30:00,2012-01-22 17:30:00,22.8517,2012-01-22 14:30:00,9.0000
13346800,46.731944,-117.023333,1990-02-10 14:31:18,1990-02-11 10:46:21,11.6099,1990-02-11 01:46:21,11.2508
13346800,46.731944,-117.023333,1990-02-24 00:31:18,1990-02-24 03:01:24,6.1448,1990-02-24 01:16:21,0.7508
13346800,46.731944,-117.023333,1991-01-13 23:30:00,1991-01-16 07:30:00,11.6665,1991-01-16 01:30:00,50.0000
13346800,46.731944,-117.023333,1992-08-22 15:00:00,1992-08-22 15:45:00,5.2103,1992-08-22 15:15:00,0.2500
13346800,46.731944,-117.023333,1993-03-08 01:00:00,1993-03-08 05:00:00,6.1731,1993-03-08 02:30:00,1.5000
13346800,46.731944,-117.023333,1993-03-15 20:45:00,1993-03-16 01:15:00,6.7394,1993-03-15 22:45:00,2.0000
13346800,46.731944,-117.023333,1993-04-30 07:00:00,1993-04-30 11:00:00,5.9465,1993-04-30 10:15:00,3.2500
13346800,46.731944,-117.023333,1993-05-04 14:15:00,1993-05-04 18:45:00,7.3341,1993-05-04 16:30:00,2.2500
13346800,46.731944,-117.023333,1994-12-27 18:30:00,1994-12-27 19:15:00,5.1820,1994-12-27 19:15:00,0.7500
13346800,46.731944,-117.023333,1995-01-31 20:15:00,1995-01-31 21:00:00,5.1820,1995-01-31 20:45:00,0.5000
13346800,46.731944,-117.023333,1995-02-02 03:45:00,1995-02-02 10:15:00,7.6172,1995-02-02 08:00:00,4.2500
13346800,46.731944,-117.023333,1995-02-20 01:00:00,1995-02-20 12:15:00,9.4012,1995-02-20 05:15:00,4.2500
13346800,46.731944,-117.023333,1995-03-21 06:00:00,1995-03-21 06:45:00,5.2669,1995-03-21 06:30:00,0.5000
13346800,46.731944,-117.023333,1995-11-11 16:45:00,1995-11-11 19:30:00,6.1164,1995-11-11 18:30:00,1.7500
13346800,46.731944,-117.023333,1996-01-08 10:15:00,1996-01-08 13:45:00,5.5501,1996-01-08 11:15:00,1.0000
13346800,46.731944,-117.023333,1996-02-07 05:15:00,1996-02-10 06:45:00,27.4673,1996-02-09 15:00:00,57.7500
13346800,46.731944,-117.023333,1996-02-18 12:00:00,1996-02-19 17:30:00,9.3446,1996-02-19 14:15:00,26.2500
13346800,46.731944,-117.023333,1996-04-23 23:15:00,1996-04-24 18:30:00,16.0840,1996-04-24 09:45:00,10.5000
13346800,46.731944,-117.023333,1996-05-18 06:00:00,1996-05-18 07:45:00,5.8616,1996-05-18 07:00:00,1.0000
13346800,46.731944,-117.023333,1996-12-31 14:15:00,1997-01-03 04:45:00,21.3226,1997-01-01 14:30:00,24.2500
13346800,46.731944,-117.023333,1997-01-31 13:15:00,1997-02-02 02:15:00,8.8915,1997-01-31 17:15:00,4.0000
13346800,46.731944,-117.023333,1997-02-14 20:45:00,1997-02-15 02:45:00,7.6172,1997-02-14 23:30:00,2.7500
13346800,46.731944,-117.023333,1997-06-01 01:30:00,1997-06-01 03:00:00,8.4951,1997-06-01 02:00:00,0.5000
13346800,46.731944,-117.023333,1997-10-31 00:15:00,1997-10-31 00:45:00,5.2669,1997-10-31 00:45:00,0.5000
13346800,46.731944,-117.023333,1998-12-02 17:15:00,1998-12-02 18:15:00,5.3802,1998-12-02 18:00:00,0.7500
13346800,46.731944,-117.023333,1998-12-28 04:30:00,1998-12-30 01:00:00,12.1196,1998-12-28 15:00:00,10.5000
13346800,46.731944,-117.023333,1999-01-22 01:00:00,1999-01-22 03:15:00,5.2669,1999-01-22 02:00:00,1.0000
13346800,46.731944,-117.023333,1999-02-23 12:15:00,1999-02-25 20:00:00,10.3923,1999-02-24 05:15:00,17.0000
13346800,46.731944,-117.023333,1999-02-28 02:45:00,1999-02-28 21:45:00,8.5517,1999-02-28 08:00:00,5.2500
13346800,46.731944,-117.023333,2000-02-02 07:30:00,2000-02-03 03:15:00,8.6650,2000-02-02 11:45:00,4.2500
13346800,46.731944,-117.023333,2002-01-25 23:00:00,2002-01-26 00:30:00,5.2669,2002-01-26 00:00:00,1.0000
13346800,46.731944,-117.023333,2002-02-22 12:00:00,2002-02-24 16:00:00,10.8170,2002-02-24 05:00:00,41.0000
13346800,46.731944,-117.023333,2002-03-11 20:15:00,2002-03-12 13:30:00,8.2685,2002-03-12 09:30:00,13.2500
13346800,46.731944,-117.023333,2002-03-24 19:15:00,2002-03-25 01:45:00,6.3430,2002-03-24 23:30:00,4.2500
13346800,46.731944,-117.023333,2003-01-31 13:00:00,2003-02-01 11:45:00,10.7038,2003-01-31 20:00:00,7.0000
13346800,46.731944,-117.023333,2003-03-11 01:30:00,2003-03-11 07:00:00,7.2208,2003-03-11 04:45:00,3.2500
13346800,46.731944,-117.023333,2004-01-30 01:15:00,2004-01-31 00:00:00,7.1925,2004-01-30 03:00:00,1.7500
13346800,46.731944,-117.023333,2004-02-18 08:45:00,2004-02-19 04:30:00,7.3057,2004-02-18 12:45:00,4.0000
13346800,46.731944,-117.023333,2005-01-18 14:15:00,2005-01-18 14:45:00,5.3519,2005-01-18 14:30:00,0.2500
13346800,46.731944,-117.023333,2006-01-11 08:00:00,2006-01-11 09:15:00,5.6067,2006-01-11 08:30:00,0.5000
13346800,46.731944,-117.023333,2006-01-18 02:15:00,2006-01-18 09:30:00,6.4846,2006-01-18 06:30:00,4.2500
13346800,46.731944,-117.023333,2007-01-03 18:00:00,2007-01-03 22:30:00,6.1448,2007-01-03 19:45:00,1.7500
13346800,46.731944,-117.023333,2008-03-01 02:45:00,2008-03-01 07:30:00,5.7200,2008-03-01 04:45:00,2.0000
13346800,46.731944,-117.023333,2009-01-08 16:30:00,2009-01-09 11:15:00,7.7305,2009-01-09 00:30:00,8.0000
13346800,46.731944,-117.023333,2009-02-26 05:15:00,2009-02-26 09:45:00,6.0598,2009-02-26 07:30:00,2.2500
13346800,46.731944,-117.023333,2009-03-16 03:00:00,2009-03-16 08:00:00,6.5978,2009-03-16 05:30:00,2.5000
13346800,46.731944,-117.023333,2010-12-14 10:30:00,2010-12-14 12:00:00,6.1731,2010-12-14 11:15:00,0.7500
13346800,46.731944,-117.023333,2011-01-16 11:00:00,2011-01-17 03:45:00,9.5994,2011-01-16 19:15:00,8.2500
13346800,46.731944,-117.023333,2011-03-10 19:15:00,2011-03-11 07:00:00,8.5234,2011-03-11 02:45:00,7.5000
13346800,46.731944,-117.023333,2011-04-02 17:45:00,2011-04-02 20:45:00,6.4846,2011-04-02 19:00:00,1.2500
13346800,46.731944,-117.023333,2011-04-05 05:00:00,2011-04-05 13:30:00,7.7588,2011-04-05 09:45:00,4.7500
13346800,46.731944,-117.023333,2012-03-26 09:30:00,2012-03-27 08:45:00,11.2701,2012-03-26 16:00:00,6.5000
13346800,46.731944,-117.023333,2012-03-30 14:45:00,2012-03-31 07:45:00,9.3162,2012-03-30 21:30:00,6.7500
13346800,46.731944,-117.023333,2015-02-09 12:00:00,2015-02-09 13:00:00,5.5784,2015-02-09 12:15:00,0.2500
14113000,45.756667,-121.208889,1995-01-14 00:30:00,1995-01-15 05:00:00,227.3843,1995-01-14 15:30:00,15.0000
14113000,45.756667,-121.208889,1995-01-30 20:00:00,1995-02-04 12:00:00,430.4161,1995-02-02 06:00:00,58.0000
14113000,45.756667,-121.208889,1995-02-17 19:30:00,1995-02-22 19:00:00,283.1685,1995-02-20 07:30:00,60.0000
14113000,45.756667,-121.208889,1995-11-30 08:00:00,1995-11-30 23:00:00,210.1110,1995-11-30 11:30:00,3.5000
14113000,45.756667,-121.208889,1995-12-13 09:00:00,1995-12-13 22:00:00,208.6952,1995-12-13 13:30:00,4.5000
14113000,45.756667,-121.208889,1996-01-16 10:00:00,1996-01-17 01:00:00,211.5268,1996-01-16 14:30:00,4.5000
14113000,45.756667,-121.208889,1996-02-07 08:00:00,1996-02-08 07:30:00,1090.1986,1996-02-08 07:00:00,23.0000
14113000,45.756667,-121.208889,1997-01-01 04:00:00,1997-01-05 11:00:00,574.8320,1997-01-02 18:30:00,38.5000
14113000,45.756667,-121.208889,1997-01-31 19:00:00,1997-02-02 16:00:00,294.4952,1997-02-01 09:00:00,14.0000
14113000,45.756667,-121.208889,1997-03-20 13:00:00,1997-03-21 15:00:00,197.0853,1997-03-20 17:30:00,4.5000
14113000,45.756667,-121.208889,1998-12-28 05:30:00,1998-12-29 10:30:00,254.2853,1998-12-28 13:30:00,8.0000
14113000,45.756667,-121.208889,1999-02-28 03:30:00,1999-03-02 09:30:00,273.2576,1999-02-28 17:00:00,13.5000
14113000,45.756667,-121.208889,2003-01-31 18:30:00,2003-02-02 23:00:00,390.7725,2003-02-01 08:00:00,13.5000
14113000,45.756667,-121.208889,2005-12-31 07:00:00,2005-12-31 16:30:00,212.3763,2005-12-31 08:30:00,1.5000
14113000,45.756667,-121.208889,2006-01-10 18:30:00,2006-01-14 14:30:00,322.8121,2006-01-11 10:00:00,15.5000
14113000,45.756667,-121.208889,2006-11-07 17:00:00,2006-11-08 05:00:00,211.2437,2006-11-07 23:30:00,6.5000
14113000,45.756667,-121.208889,2006-12-15 11:30:00,2006-12-15 17:30:00,196.5189,2006-12-15 13:30:00,2.0000
14113000,45.756667,-121.208889,2007-01-03 16:30:00,2007-01-04 07:30:00,225.6853,2007-01-03 23:30:00,7.0000
14113000,45.756667,-121.208889,2011-01-16 10:00:00,2011-01-19 17:00:00,339.8022,2011-01-17 18:15:00,32.2500
14113000,45.756667,-121.208889,2012-03-30 12:45:00,2012-04-02 03:30:00,419.0893,2012-03-31 00:15:00,11.5000
14113000,45.756667,-121.208889,2014-03-06 11:00:00,2014-03-07 03:30:00,222.2872,2014-03-06 15:00:00,4.0000
14113000,45.756667,-121.208889,2014-03-09 15:30:00,2014-03-10 17:45:00,211.2437,2014-03-09 20:45:00,5.2500
14113000,45.756667,-121.208889,2015-02-07 22:00:00,2015-02-08 18:00:00,199.9169,2015-02-08 04:00:00,6.0000
14113000,45.756667,-121.208889,2015-02-10 05:00:00,2015-02-10 08:45:00,192.8377,2015-02-10 07:00:00,2.0000
14113000,45.756667,-121.208889,2015-12-09 12:45:00,2015-12-10 15:30:00,339.8022,2015-12-10 01:30:00,12.7500
14162500,44.125000,-122.469444,1990-04-28 05:30:00,1990-04-28 08:30:00,637.1290,1990-04-28 07:30:00,2.0000
14162500,44.125000,-122.469444,1996-02-07 09:00:00,1996-02-09 21:30:00,874.9906,1996-02-07 21:00:00,12.0000
14162500,44.125000,-122.469444,1996-11-19 16:00:00,1996-11-20 04:00:00,659.7825,1996-11-19 18:00:00,2.0000
14162500,44.125000,-122.469444,1999-11-26 10:30:00,1999-11-26 16:30:00,659.7825,1999-11-26 12:00:00,1.5000
14162500,44.125000,-122.469444,2011-01-17 00:15:00,2011-01-17 11:45:00,773.0499,2011-01-17 05:15:00,5.0000
14189000,44.714722,-123.014167,1988-11-22 02:00:00,1988-12-01 10:00:00,1061.8817,1988-11-28 17:30:00,159.5000
14189000,44.714722,-123.014167,1989-01-10 02:30:00,1989-01-13 23:00:00,1466.8127,1989-01-10 16:30:00,14.0000
14189000,44.714722,-123.014167,1989-03-06 14:00:00,1989-03-07 15:00:00,622.9706,1989-03-06 20:30:00,6.5000
14189000,44.714722,-123.014167,1989-12-05 11:30:00,1989-12-05 18:00:00,569.1686,1989-12-05 14:00:00,2.5000
14189000,44.714722,-123.014167,1990-01-29 15:30:00,1990-01-29 22:30:00,518.1983,1990-01-29 18:00:00,2.5000
14189000,44.714722,-123.014167,1990-04-27 22:30:00,1990-05-02 06:30:00,1339.3868,1990-04-28 14:30:00,16.0000
14189000,44.714722,-123.014167,1990-11-14 09:30:00,1990-11-14 19:30:00,523.8617,1990-11-14 12:00:00,2.5000
14189000,44.714722,-123.014167,1990-11-25 12:00:00,1990-11-28 16:30:00,965.6045,1990-11-25 23:00:00,11.0000
14189000,44.714722,-123.014167,1990-11-30 07:00:00,1990-12-02 09:00:00,546.5151,1990-11-30 14:00:00,7.0000
14189000,44.714722,-123.014167,1990-12-10 18:00:00,1990-12-12 20:00:00,628.6340,1990-12-11 12:00:00,18.0000
14189000,44.714722,-123.014167,1991-01-12 19:30:00,1991-01-18 11:30:00,860.8321,1991-01-13 07:30:00,12.0000
14189000,44.714722,-123.014167,1991-03-04 18:00:00,1991-03-06 01:00:00,679.6043,1991-03-05 05:00:00,11.0000
14189000,44.714722,-123.014167,1991-05-18 00:30:00,1991-05-20 09:30:00,648.4558,1991-05-19 03:30:00,27.0000
14189000,44.714722,-123.014167,1991-11-20 18:30:00,1991-11-22 22:30:00,659.7825,1991-11-21 08:00:00,13.5000
14189000,44.714722,-123.014167,1991-11-25 15:00:00,1991-12-02 11:30:00,974.0995,1991-11-27 13:00:00,46.0000
14189000,44.714722,-123.014167,1991-12-06 10:00:00,1991-12-14 14:30:00,1087.3669,1991-12-07 08:00:00,22.0000
14189000,44.714722,-123.014167,1992-02-20 19:30:00,1992-02-23 03:30:00,651.2875,1992-02-21 06:00:00,10.5000
14189000,44.714722,-123.014167,1992-11-22 05:00:00,1992-11-24 02:30:00,790.0400,1992-11-22 13:00:00,8.0000
14189000,44.714722,-123.014167,1992-12-01 03:30:00,1992-12-04 05:00:00,719.2479,1992-12-02 19:00:00,39.5000
14189000,44.714722,-123.014167,1992-12-10 21:00:00,1992-12-11 13:30:00,574.8320,1992-12-11 03:30:00,6.5000
14189000,44.714722,-123.014167,1993-03-16 02:00:00,1993-03-27 19:00:00,1228.9511,1993-03-23 23:30:00,189.5000
14189000,44.714722,-123.014167,1993-04-03 15:30:00,1993-04-06 23:00:00,866.4955,1993-04-04 05:30:00,13.0000
14189000,44.714722,-123.014167,1993-04-09 09:30:00,1993-04-13 00:30:00,679.6043,1993-04-11 11:30:00,50.0000
14189000,44.714722,-123.014167,1993-04-26 04:30:00,1993-04-27 14:00:00,523.8617,1993-04-26 09:00:00,4.5000
14189000,44.714722,-123.014167,1993-04-30 15:00:00,1993-05-01 06:00:00,521.0300,1993-04-30 17:30:00,2.5000
14189000,44.714722,-123.014167,1993-05-08 13:00:00,1993-05-09 19:30:00,574.8320,1993-05-08 20:30:00,7.5000
14189000,44.714722,-123.014167,1993-12-02 07:30:00,1993-12-02 08:30:00,506.8716,1993-12-02 08:00:00,0.5000
14189000,44.714722,-123.014167,1993-12-11 05:00:00,1993-12-12 14:00:00,526.6933,1993-12-11 09:00:00,4.0000
14189000,44.714722,-123.014167,1994-01-03 13:30:00,1994-01-08 06:30:00,736.2380,1994-01-06 05:00:00,63.5000
14189000,44.714722,-123.014167,1994-01-09 15:00:00,1994-01-13 05:30:00,611.6439,1994-01-10 11:00:00,20.0000
14189000,44.714722,-123.014167,1994-02-24 19:30:00,1994-02-26 05:00:00,858.0005,1994-02-25 06:30:00,11.0000
14189000,44.714722,-123.014167,1994-10-28 03:30:00,1994-10-28 14:30:00,600.3171,1994-10-28 09:00:00,5.5000
14189000,44.714722,-123.014167,1994-11-01 05:00:00,1994-11-06 14:00:00,1226.1195,1994-11-01 16:00:00,11.0000
14189000,44.714722,-123.014167,1994-11-30 06:30:00,1994-12-05 18:00:00,1211.9610,1994-12-01 14:30:00,32.0000
14189000,44.714722,-123.014167,1994-12-17 18:30:00,1994-12-20 09:30:00,546.5151,1994-12-18 08:30:00,14.0000
14189000,44.714722,-123.014167,1994-12-27 05:30:00,1994-12-29 21:30:00,761.7232,1994-12-27 14:30:00,9.0000
14189000,44.714722,-123.014167,1995-01-13 11:00:00,1995-01-20 20:30:00,1381.8621,1995-01-14 19:00:00,32.0000
14189000,44.714722,-123.014167,1995-01-31 11:00:00,1995-02-08 05:00:00,971.2678,1995-02-02 09:30:00,46.5000
14189000,44.714722,-123.014167,1995-02-17 22:30:00,1995-02-22 09:00:00,1461.1493,1995-02-18 15:00:00,16.5000
14189000,44.714722,-123.014167,1995-05-03 02:00:00,1995-05-04 16:30:00,591.8221,1995-05-03 08:30:00,6.5000
14189000,44.714722,-123.014167,1995-11-09 10:00:00,1995-11-09 16:00:00,532.3567,1995-11-09 13:00:00,3.0000
14189000,44.714722,-123.014167,1995-11-11 15:30:00,1995-11-19 04:00:00,1056.2184,1995-11-12 10:30:00,19.0000
14189000,44.714722,-123.014167,1995-11-26 07:00:00,1995-12-20 21:30:00,1342.2185,1995-12-01 21:30:00,134.5000
14189000,44.714722,-123.014167,1995-12-31 04:00:00,1996-01-13 11:00:00,903.3074,1995-12-31 22:30:00,18.5000
14189000,44.714722,-123.014167,1996-01-15 20:30:00,1996-01-30 01:00:00,1008.0797,1996-01-21 10:30:00,134.0000
14189000,44.714722,-123.014167,1996-02-06 12:00:00,1996-02-09 07:30:00,4757.2302,1996-02-08 05:30:00,41.5000
14189000,44.714722,-123.014167,1996-04-23 09:00:00,1996-04-27 21:00:00,1050.5550,1996-04-24 19:30:00,34.5000
14189000,44.714722,-123.014167,1996-05-19 10:00:00,1996-05-20 22:00:00,535.1884,1996-05-20 05:00:00,19.0000
14189000,44.714722,-123.014167,1996-05-22 23:00:00,1996-05-24 21:30:00,572.0003,1996-05-23 11:30:00,12.5000
14189000,44.714722,-123.014167,1996-10-25 05:00:00,1996-10-26 14:00:00,566.3369,1996-10-25 10:30:00,5.5000
14189000,44.714722,-123.014167,1996-11-18 14:00:00,1996-12-18 16:30:00,2537.1895,1996-11-20 02:30:00,36.5000
14189000,44.714722,-123.014167,1996-12-25 04:00:00,1997-01-15 17:30:00,1764.1395,1996-12-27 00:30:00,44.5000
14189000,44.714722,-123.014167,1997-01-18 07:00:00,1997-01-18 22:00:00,523.8617,1997-01-18 12:00:00,5.0000
14189000,44.714722,-123.014167,1997-01-31 05:00:00,1997-02-02 07:30:00,1639.5454,1997-02-01 09:00:00,28.0000
14189000,44.714722,-123.014167,1997-03-10 07:30:00,1997-03-15 09:00:00,1042.0600,1997-03-11 12:00:00,28.5000
14189000,44.714722,-123.014167,1997-03-16 09:30:00,1997-03-22 12:30:00,784.3767,1997-03-17 12:30:00,27.0000
14189000,44.714722,-123.014167,1997-04-20 17:00:00,1997-04-22 10:30:00,733.4063,1997-04-21 00:30:00,7.5000
14189000,44.714722,-123.014167,1997-04-23 11:00:00,1997-04-25 11:00:00,673.9409,1997-04-24 13:30:00,26.5000
14189000,44.714722,-123.014167,1997-10-31 05:30:00,1997-11-01 14:30:00,767.3865,1997-10-31 11:30:00,6.0000
14189000,44.714722,-123.014167,1997-12-17 13:00:00,1997-12-18 13:00:00,614.4756,1997-12-17 22:30:00,9.5000
14189000,44.714722,-123.014167,1998-01-11 19:12:39,1998-01-30 01:43:24,934.4559,1998-01-15 08:31:06,85.3075
14189000,44.714722,-123.014167,1998-11-21 09:30:00,1998-12-01 07:30:00,1053.3867,1998-11-27 01:00:00,135.5000
14189000,44.714722,-123.014167,1998-12-11 22:30:00,1998-12-16 15:30:00,795.7034,1998-12-12 14:00:00,15.5000
14189000,44.714722,-123.014167,1998-12-26 12:00:00,1999-01-11 04:30:00,2174.7338,1998-12-29 04:00:00,64.0000
14189000,44.714722,-123.014167,1999-01-15 10:30:00,1999-01-27 18:00:00,1090.1986,1999-01-18 16:30:00,78.0000
14189000,44.714722,-123.014167,1999-02-07 10:30:00,1999-02-08 11:00:00,634.2974,1999-02-07 20:30:00,10.0000
14189000,44.714722,-123.014167,1999-02-23 23:00:00,1999-02-25 16:00:00,583.3270,1999-02-24 11:00:00,12.0000
14189000,44.714722,-123.014167,1999-02-27 15:00:00,1999-03-06 17:00:00,1030.7332,1999-02-28 20:30:00,29.5000
14189000,44.714722,-123.014167,1999-05-18 14:00:00,1999-05-20 09:00:00,583.3270,1999-05-19 07:30:00,17.5000
14189000,44.714722,-123.014167,1999-11-25 11:00:00,1999-12-24 04:00:00,2344.6349,1999-11-26 22:00:00,35.0000
14189000,44.714722,-123.014167,2000-01-10 09:30:00,2000-01-17 20:00:00,778.7133,2000-01-11 14:00:00,28.5000
14189000,44.714722,-123.014167,2000-02-02 07:00:00,2000-02-03 12:00:00,603.1488,2000-02-02 14:30:00,7.5000
14189000,44.714722,-123.014167,2000-02-15 08:00:00,2000-02-15 20:00:00,512.5349,2000-02-15 11:30:00,3.5000
14189000,44.714722,-123.014167,2000-06-13 03:00:00,2000-06-13 14:00:00,540.8518,2000-06-13 05:00:00,2.0000
14189000,44.714722,-123.014167,2001-11-23 02:00:00,2001-11-24 14:30:00,858.0005,2001-11-23 15:30:00,13.5000
14189000,44.714722,-123.014167,2001-11-29 09:30:00,2001-12-11 01:30:00,976.9312,2001-12-07 10:30:00,193.0000
14189000,44.714722,-123.014167,2001-12-13 23:00:00,2001-12-24 21:00:00,1033.5649,2001-12-14 16:00:00,17.0000
14189000,44.714722,-123.014167,2002-01-08 16:30:00,2002-01-09 11:00:00,574.8320,2002-01-08 23:00:00,6.5000
14189000,44.714722,-123.014167,2002-01-21 06:30:00,2002-01-23 09:00:00,809.8618,2002-01-21 21:00:00,14.5000
14189000,44.714722,-123.014167,2002-01-25 11:30:00,2002-01-28 01:00:00,923.1292,2002-01-26 09:00:00,21.5000
14189000,44.714722,-123.014167,2002-03-12 10:30:00,2002-03-14 12:30:00,620.1389,2002-03-12 15:00:00,4.5000
14189000,44.714722,-123.014167,2002-04-11 05:30:00,2002-04-19 22:00:00,1093.0303,2002-04-14 20:30:00,87.0000
14189000,44.714722,-123.014167,2002-12-16 23:00:00,2002-12-17 04:00:00,509.7032,2002-12-17 00:30:00,1.5000
14189000,44.714722,-123.014167,2002-12-29 20:30:00,2003-01-07 08:00:00,874.9906,2002-12-31 21:30:00,49.0000
14189000,44.714722,-123.014167,2003-01-27 03:00:00,2003-01-29 04:00:00,685.2677,2003-01-27 11:30:00,8.5000
14189000,44.714722,-123.014167,2003-01-30 07:30:00,2003-02-05 12:00:00,1248.7729,2003-02-01 14:00:00,54.5000
14189000,44.714722,-123.014167,2003-03-08 00:00:00,2003-03-17 02:00:00,894.8124,2003-03-08 19:00:00,19.0000
14189000,44.714722,-123.014167,2003-03-22 08:30:00,2003-03-30 14:30:00,937.2876,2003-03-23 04:00:00,19.5000
14189000,44.714722,-123.014167,2003-11-29 23:30:00,2003-11-30 11:00:00,580.4954,2003-11-30 02:30:00,3.0000
14189000,44.714722,-123.014167,2003-12-05 22:00:00,2003-12-09 13:30:00,654.1192,2003-12-06 21:00:00,23.0000
14189000,44.714722,-123.014167,2003-12-13 04:30:00,2003-12-22 17:00:00,1441.3275,2003-12-14 10:00:00,29.5000
14189000,44.714722,-123.014167,2003-12-29 13:30:00,2003-12-30 16:00:00,631.4657,2003-12-30 01:00:00,11.5000
14189000,44.714722,-123.014167,2004-01-16 12:00:00,2004-01-17 03:00:00,515.3666,2004-01-16 18:00:00,6.0000
14189000,44.714722,-123.014167,2004-01-24 01:30:00,2004-02-08 08:30:00,1192.1392,2004-01-30 01:30:00,144.0000
14189000,44.714722,-123.014167,2004-12-09 18:00:00,2004-12-14 12:00:00,815.5252,2004-12-12 04:30:00,58.5000
14189000,44.714722,-123.014167,2005-03-28 01:00:00,2005-03-28 22:30:00,620.1389,2005-03-28 09:30:00,8.5000
14189000,44.714722,-123.014167,2005-11-14 07:00:00,2005-11-14 15:30:00,518.1983,2005-11-14 09:30:00,2.5000
14189000,44.714722,-123.014167,2006-11-07 14:30:00,2006-11-29 05:30:00,1446.9909,2006-11-08 06:00:00,15.5000
14189000,44.714722,-123.014167,2006-12-12 17:00:00,2007-01-01 18:00:00,1328.0601,2006-12-15 07:30:00,62.5000
14189000,44.714722,-123.014167,2007-01-03 11:30:00,2007-01-14 23:30:00,1177.9808,2007-01-04 07:00:00,19.5000
14189000,44.714722,-123.014167,2007-02-16 07:00:00,2007-02-18 05:30:00,824.0202,2007-02-16 22:00:00,15.0000
14189000,44.714722,-123.014167,2007-11-18 01:30:00,2007-11-21 15:00:00,761.7232,2007-11-19 13:00:00,35.5000
14189000,44.714722,-123.014167,2007-12-03 22:30:00,2007-12-10 01:30:00,821.1886,2007-12-04 20:30:00,22.0000
14189000,44.714722,-123.014167,2007-12-20 13:30:00,2007-12-21 06:30:00,546.5151,2007-12-20 18:30:00,5.0000
14189000,44.714722,-123.014167,2007-12-24 03:30:00,2007-12-28 05:00:00,1070.3768,2007-12-24 16:00:00,12.5000
14189000,44.714722,-123.014167,2007-12-29 21:30:00,2007-12-31 09:30:00,549.3468,2007-12-30 18:30:00,21.0000
14189000,44.714722,-123.014167,2008-01-09 07:30:00,2008-01-16 08:00:00,724.9113,2008-01-13 06:30:00,95.0000
14189000,44.714722,-123.014167,2008-03-18 22:00:00,2008-03-20 15:30:00,617.3073,2008-03-19 10:30:00,12.5000
14189000,44.714722,-123.014167,2008-05-16 16:28:00,2008-05-24 07:28:00,733.4063,2008-05-22 04:58:00,132.5000
14189000,44.714722,-123.014167,2008-06-04 19:28:00,2008-06-05 15:28:00,526.6933,2008-06-05 01:28:00,6.0000
14189000,44.714722,-123.014167,2008-11-12 12:00:00,2008-11-14 23:30:00,1019.4065,2008-11-13 20:00:00,32.0000
14189000,44.714722,-123.014167,2008-12-28 12:00:00,2009-01-16 23:00:00,1749.9811,2009-01-02 22:30:00,130.5000
14189000,44.714722,-123.014167,2009-02-26 09:30:00,2009-02-26 18:30:00,521.0300,2009-02-26 14:30:00,5.0000
14189000,44.714722,-123.014167,2009-05-06 04:00:00,2009-05-09 20:00:00,792.8717,2009-05-07 16:00:00,36.0000
14189000,44.714722,-123.014167,2009-12-21 22:15:00,2009-12-23 08:30:00,634.2974,2009-12-22 07:30:00,9.2500
14189000,44.714722,-123.014167,2010-01-01 10:15:00,2010-01-03 09:45:00,603.1488,2010-01-02 12:45:00,26.5000
14189000,44.714722,-123.014167,2010-01-05 19:15:00,2010-01-13 09:45:00,894.8124,2010-01-07 06:30:00,35.2500
14189000,44.714722,-123.014167,2010-03-29 18:00:00,2010-03-31 20:45:00,809.8618,2010-03-30 11:45:00,17.7500
14189000,44.714722,-123.014167,2010-06-02 19:00:00,2010-06-08 07:00:00,1206.2977,2010-06-03 15:45:00,20.7500
14189000,44.714722,-123.014167,2010-11-18 12:45:00,2010-11-21 03:30:00,767.3865,2010-11-18 21:45:00,9.0000
14189000,44.714722,-123.014167,2010-11-23 11:45:00,2010-11-23 21:15:00,512.5349,2010-11-23 14:30:00,2.7500
14189000,44.714722,-123.014167,2010-12-01 08:00:00,2010-12-04 07:30:00,693.7627,2010-12-01 19:00:00,11.0000
14189000,44.714722,-123.014167,2010-12-09 19:00:00,2010-12-24 13:15:00,1061.8817,2010-12-13 20:15:00,97.2500
14189000,44.714722,-123.014167,2010-12-29 02:30:00,2010-12-30 19:30:00,877.8222,2010-12-29 16:00:00,13.5000
14189000,44.714722,-123.014167,2011-01-14 05:30:00,2011-01-14 18:15:00,540.8518,2011-01-14 09:00:00,3.5000
14189000,44.714722,-123.014167,2011-01-16 07:30:00,2011-01-29 18:30:00,1665.0306,2011-01-17 10:45:00,27.2500
14189000,44.714722,-123.014167,2011-03-17 04:30:00,2011-03-17 07:45:00,506.8716,2011-03-17 05:45:00,1.2500
14189000,44.714722,-123.014167,2011-03-30 15:00:00,2011-03-31 04:45:00,543.6835,2011-03-30 18:45:00,3.7500
14189000,44.714722,-123.014167,2011-04-01 10:15:00,2011-04-03 02:15:00,526.6933,2011-04-02 18:00:00,31.7500
14189000,44.714722,-123.014167,2011-04-05 14:30:00,2011-04-06 16:30:00,566.3369,2011-04-05 18:30:00,4.0000
14189000,44.714722,-123.014167,2011-04-16 10:30:00,2011-04-19 00:00:00,798.5351,2011-04-17 13:45:00,27.2500
14189000,44.714722,-123.014167,2011-12-29 04:15:00,2012-01-06 09:00:00,1390.3572,2011-12-31 02:00:00,45.7500
14189000,44.714722,-123.014167,2012-01-19 01:15:00,2012-02-08 04:00:00,2557.0112,2012-01-20 06:30:00,29.2500
14189000,44.714722,-123.014167,2012-02-23 03:00:00,2012-02-23 13:30:00,549.3468,2012-02-23 06:54:00,3.9000
14189000,44.714722,-123.014167,2012-03-15 17:30:00,2012-03-19 16:30:00,1084.5352,2012-03-16 18:00:00,24.5000
14189000,44.714722,-123.014167,2012-03-20 19:00:00,2012-03-25 18:45:00,911.8025,2012-03-22 14:30:00,43.5000
14189000,44.714722,-123.014167,2012-03-28 01:23:00,2012-04-07 08:45:00,1421.5057,2012-03-31 08:30:00,79.1167
14189000,44.714722,-123.014167,2012-04-20 01:53:00,2012-04-21 20:30:00,639.9607,2012-04-20 17:00:00,15.1167
14189000,44.714722,-123.014167,2012-04-26 07:00:00,2012-04-28 17:54:00,631.4657,2012-04-27 01:00:00,18.0000
14189000,44.714722,-123.014167,2012-10-29 11:30:00,2012-10-29 16:15:00,506.8716,2012-10-29 13:00:00,1.5000
14189000,44.714722,-123.014167,2012-11-20 03:15:00,2012-12-13 06:00:00,1325.2284,2012-11-21 01:30:00,22.2500
14189000,44.714722,-123.014167,2012-12-17 14:30:00,2012-12-22 02:23:00,659.7825,2012-12-18 00:00:00,9.5000
14189000,44.714722,-123.014167,2013-01-29 12:45:00,2013-01-31 23:24:00,710.7528,2013-01-30 03:15:00,14.5000
14189000,44.714722,-123.014167,2013-09-30 09:30:00,2013-10-01 00:45:00,654.1192,2013-09-30 15:30:00,6.0000
14189000,44.714722,-123.014167,2013-12-02 18:15:00,2013-12-03 08:45:00,611.6439,2013-12-02 23:30:00,5.2500
14189000,44.714722,-123.014167,2014-02-11 17:45:00,2014-03-19 04:15:00,1328.0601,2014-02-13 09:00:00,39.2500
14189000,44.714722,-123.014167,2014-03-29 06:00:00,2014-03-30 16:45:00,685.2677,2014-03-29 16:00:00,10.0000
14189000,44.714722,-123.014167,2014-04-24 23:45:00,2014-04-25 04:00:00,518.1983,2014-04-25 01:00:00,1.2500
14189000,44.714722,-123.014167,2014-05-10 06:45:00,2014-05-12 12:15:00,659.7825,2014-05-11 00:45:00,18.0000
14189000,44.714722,-123.014167,2014-11-14 22:30:00,2014-11-15 04:45:00,518.1983,2014-11-15 00:30:00,2.0000
14189000,44.714722,-123.014167,2014-11-28 15:00:00,2014-12-02 02:00:00,843.8420,2014-11-29 19:15:00,28.2500
14189000,44.714722,-123.014167,2014-12-05 08:45:00,2014-12-07 03:00:00,535.1884,2014-12-05 15:45:00,7.0000
14189000,44.714722,-123.014167,2014-12-21 02:30:00,2015-01-02 13:45:00,1240.2779,2014-12-21 21:00:00,18.5000
14189000,44.714722,-123.014167,2015-01-18 09:45:00,2015-01-19 11:30:00,634.2974,2015-01-18 19:00:00,9.2500
14189000,44.714722,-123.014167,2015-02-10 12:45:00,2015-02-11 05:15:00,588.9904,2015-02-10 19:15:00,6.5000
14189000,44.714722,-123.014167,2015-11-18 13:00:00,2015-11-18 16:30:00,538.0201,2015-11-18 14:30:00,1.5000
14189000,44.714722,-123.014167,2016-01-18 02:15:00,2016-01-21 18:23:00,628.6340,2016-01-18 11:23:00,9.1333
14189000,44.714722,-123.014167,2016-01-29 03:00:00,2016-01-31 20:54:00,577.6637,2016-01-29 08:45:00,5.7500
14309000,42.825000,-123.177778,1997-01-02 13:00:00,1997-01-03 19:30:00,70.5089,1997-01-02 20:00:00,7.0000
14339000,42.525000,-122.841667,1977-12-14 11:42:36,1977-12-16 07:17:30,787.2083,1977-12-15 09:45:03,22.0408
14339000,42.525000,-122.841667,1981-12-19 14:30:00,1981-12-20 12:00:00,696.5944,1981-12-19 19:00:00,4.5000
14339000,42.525000,-122.841667,1983-02-18 04:57:57,1983-02-18 15:27:42,676.7726,1983-02-18 06:27:57,1.5000
14339000,42.525000,-122.841667,1983-03-30 09:33:21,1983-03-30 20:03:06,639.9607,1983-03-30 14:03:15,4.4983
14339000,42.525000,-122.841667,1986-02-22 21:27:15,1986-02-22 23:27:12,450.2379,1986-02-22 22:27:15,1.0000
14339000,42.525000,-122.841667,1996-11-19 04:43:45,1996-11-19 06:43:48,453.0695,1996-11-19 05:13:45,0.5000
14339000,42.525000,-122.841667,1996-12-05 05:25:48,1996-12-05 10:25:57,532.3567,1996-12-05 07:55:51,2.5008
14339000,42.525000,-122.841667,1996-12-08 21:58:33,1996-12-09 12:59:03,504.0399,1996-12-09 04:28:45,6.5033
14339000,42.525000,-122.841667,1996-12-10 21:30:33,1996-12-11 04:04:12,504.0399,1996-12-10 23:31:42,2.0192
14339000,42.525000,-122.841667,1996-12-30 06:19:48,1997-01-12 14:30:00,722.0796,1997-01-02 04:59:12,70.6567
14339000,42.525000,-122.841667,1998-01-17 06:30:00,1998-01-17 16:30:00,583.3270,1998-01-17 10:30:00,4.0000
14339000,42.525000,-122.841667,1998-11-21 19:30:00,1998-11-22 03:30:00,617.3073,1998-11-21 22:30:00,3.0000
14339000,42.525000,-122.841667,1999-02-28 15:30:00,1999-02-28 17:30:00,455.9012,1999-02-28 16:30:00,1.0000
14339000,42.525000,-122.841667,2000-01-11 13:30:00,2000-01-11 17:00:00,472.8913,2000-01-11 15:30:00,2.0000
14339000,42.525000,-122.841667,2005-12-01 21:00:00,2005-12-02 00:30:00,518.1983,2005-12-01 22:00:00,1.0000
14339000,42.525000,-122.841667,2005-12-30 17:00:00,2006-01-01 00:00:00,920.2975,2005-12-30 23:30:00,6.5000
14339000,42.525000,-122.841667,2012-03-30 21:15:00,2012-03-30 23:15:00,453.0695,2012-03-30 21:45:00,0.5000
14339000,42.525000,-122.841667,2012-12-02 12:45:00,2012-12-02 21:15:00,611.6439,2012-12-02 17:00:00,4.2500
14339000,42.525000,-122.841667,2012-12-05 08:45:00,2012-12-05 09:15:00,447.4062,2012-12-05 09:00:00,0.2500
14339000,42.525000,-122.841667,2015-12-13 12:00:00,2015-12-13 18:00:00,639.9607,2015-12-13 15:00:00,3.0000
14339000,42.525000,-122.841667,2016-01-18 00:30:00,2016-01-18 06:45:00,487.0498,2016-01-18 03:00:00,2.5000
14357500,42.324167,-122.865556,1995-12-12 18:00:00,1995-12-13 02:00:00,106.4713,1995-12-13 00:00:00,6.0000
14357500,42.324167,-122.865556,1996-01-17 02:00:00,1996-01-17 05:30:00,99.3921,1996-01-17 04:00:00,2.0000
14357500,42.324167,-122.865556,1996-12-09 01:00:00,1996-12-09 16:30:00,111.2852,1996-12-09 09:30:00,8.5000
14357500,42.324167,-122.865556,1996-12-31 05:30:00,1997-01-01 07:30:00,223.9863,1996-12-31 10:30:00,5.0000
14357500,42.324167,-122.865556,1997-01-03 08:00:00,1997-01-03 21:30:00,161.1229,1997-01-03 09:00:00,1.0000
14357500,42.324167,-122.865556,2004-02-17 23:30:00,2004-02-18 07:00:00,109.3030,2004-02-18 05:30:00,6.0000
14357500,42.324167,-122.865556,2005-12-30 19:30:00,2006-01-01 03:45:00,238.1447,2005-12-31 03:30:00,8.0000
14357500,42.324167,-122.865556,2012-12-02 14:15:00,2012-12-02 19:30:00,110.7189,2012-12-02 16:45:00,2.5000
14357500,42.324167,-122.865556,2015-02-07 00:30:00,2015-02-07 05:15:00,112.4179,2015-02-07 02:45:00,2.2500
12334510,46.722500,-113.682222,1997-05-17 19:00:00,1997-05-19 22:30:00,156.5922,1997-05-18 06:45:00,11.7500
12334510,46.722500,-113.682222,1997-06-01 12:15:00,1997-06-04 03:30:00,146.1149,1997-06-01 21:45:00,9.5000
12334510,46.722500,-113.682222,1997-06-05 18:30:00,1997-06-07 10:45:00,143.8496,1997-06-05 21:15:00,2.7500
12334510,46.722500,-113.682222,1997-06-08 23:45:00,1997-06-13 06:15:00,153.7605,1997-06-09 11:15:00,11.5000
12334510,46.722500,-113.682222,2009-05-20 21:00:00,2009-05-21 04:00:00,135.9209,2009-05-20 22:00:00,1.0000
12334510,46.722500,-113.682222,2009-05-25 03:15:00,2009-05-27 02:45:00,144.1327,2009-05-25 17:30:00,14.2500
12334510,46.722500,-113.682222,2009-05-29 20:15:00,2009-06-02 04:00:00,138.4694,2009-05-30 23:00:00,26.7500
12334510,46.722500,-113.682222,2011-05-25 12:45:00,2011-05-27 15:30:00,147.5308,2011-05-26 22:45:00,34.0000
14170000,44.313056,-123.295278,1995-01-14 04:00:00,1995-01-14 19:00:00,177.8298,1995-01-14 13:00:00,9.0000
14170000,44.313056,-123.295278,1996-01-28 00:00:00,1996-01-28 11:00:00,169.3347,1996-01-28 04:00:00,4.0000
14170000,44.313056,-123.295278,1996-02-07 00:00:00,1996-02-08 18:00:00,270.7091,1996-02-08 05:00:00,29.0000
14170000,44.313056,-123.295278,1996-02-18 13:00:00,1996-02-18 20:30:00,167.3526,1996-02-18 16:00:00,3.0000
14170000,44.313056,-123.295278,1996-02-23 23:30:00,1996-02-24 06:00:00,164.2377,1996-02-24 02:00:00,2.5000
14170000,44.313056,-123.295278,1996-11-19 13:00:00,1996-11-20 10:30:00,196.5189,1996-11-20 01:00:00,12.0000
14170000,44.313056,-123.295278,1996-12-13 14:30:00,1996-12-14 07:00:00,168.7684,1996-12-13 19:30:00,5.0000
14170000,44.313056,-123.295278,1996-12-26 10:00:00,1996-12-26 21:00:00,172.4496,1996-12-26 15:00:00,5.0000
14170000,44.313056,-123.295278,1996-12-29 22:30:00,1997-01-02 19:30:00,183.7763,1996-12-30 04:30:00,6.0000
14170000,44.313056,-123.295278,1998-12-28 10:30:00,1998-12-29 12:00:00,215.4912,1998-12-29 01:00:00,14.5000
14170000,44.313056,-123.295278,1999-01-18 08:30:00,1999-01-18 11:30:00,161.9724,1999-01-18 10:00:00,1.5000
14170000,44.313056,-123.295278,2002-12-31 05:30:00,2002-12-31 13:30:00,174.4318,2002-12-31 08:00:00,2.5000
14170000,44.313056,-123.295278,2005-12-31 03:30:00,2005-12-31 15:30:00,172.7328,2005-12-31 08:00:00,4.5000
14170000,44.313056,-123.295278,2006-01-10 13:00:00,2006-01-11 19:00:00,193.4041,2006-01-11 04:30:00,15.5000
14170000,44.313056,-123.295278,2006-01-14 06:00:00,2006-01-23 22:00:00,229.0833,2006-01-18 09:30:00,99.5000
14170000,44.313056,-123.295278,2006-01-27 09:00:00,2006-01-31 02:00:00,179.8120,2006-01-29 02:30:00,41.5000
14170000,44.313056,-123.295278,2006-02-01 07:00:00,2006-02-02 04:00:00,180.9446,2006-02-01 16:00:00,9.0000
14170000,44.313056,-123.295278,2007-01-03 20:30:00,2007-01-04 07:30:00,169.0516,2007-01-04 01:00:00,4.5000
14170000,44.313056,-123.295278,2012-01-19 13:15:00,2012-01-20 10:00:00,187.4575,2012-01-20 01:30:00,12.2500
14170000,44.313056,-123.295278,2012-01-25 01:30:00,2012-01-25 20:30:00,180.3783,2012-01-25 12:00:00,10.5000
14170000,44.313056,-123.295278,2012-03-30 14:00:00,2012-03-30 22:45:00,164.5209,2012-03-30 18:00:00,4.0000
14183000,44.789167,-122.617500,1988-11-23 03:30:00,1988-11-23 05:00:00,453.0695,1988-11-23 04:30:00,1.0000
14183000,44.789167,-122.617500,1988-11-28 07:00:00,1988-11-28 08:00:00,464.3963,1988-11-28 07:30:00,0.5000
14183000,44.789167,-122.617500,1989-01-10 02:00:00,1989-01-10 11:00:00,611.6439,1989-01-10 05:00:00,3.0000
14183000,44.789167,-122.617500,1990-04-28 00:30:00,1990-04-28 13:30:00,705.0895,1990-04-28 05:30:00,5.0000
14183000,44.789167,-122.617500,1990-11-25 12:30:00,1990-11-25 16:00:00,521.0300,1990-11-25 14:30:00,2.0000
14183000,44.789167,-122.617500,1991-11-25 22:30:00,1991-11-26 00:00:00,458.7329,1991-11-25 23:30:00,1.0000
14183000,44.789167,-122.617500,1992-11-22 03:00:00,1992-11-22 06:00:00,467.2280,1992-11-22 04:00:00,1.0000
14183000,44.789167,-122.617500,1993-03-23 05:30:00,1993-03-23 18:30:00,535.1884,1993-03-23 16:30:00,11.0000
14183000,44.789167,-122.617500,1994-11-01 00:00:00,1994-11-01 09:30:00,586.1587,1994-11-01 04:30:00,4.5000
14183000,44.789167,-122.617500,1994-12-01 04:00:00,1994-12-01 07:30:00,509.7032,1994-12-01 05:30:00,1.5000
14183000,44.789167,-122.617500,1995-02-03 12:30:00,1995-02-03 20:30:00,447.4062,1995-02-03 13:00:00,0.5000
14183000,44.789167,-122.617500,1995-02-18 02:00:00,1995-02-18 10:00:00,552.1785,1995-02-18 06:00:00,4.0000
14183000,44.789167,-122.617500,1995-11-11 21:30:00,1995-11-12 04:00:00,569.1686,1995-11-12 00:00:00,2.5000
14183000,44.789167,-122.617500,1995-11-13 23:00:00,1995-11-14 06:30:00,470.0597,1995-11-14 00:00:00,1.0000
14183000,44.789167,-122.617500,1995-11-28 08:30:00,1995-11-28 16:00:00,512.5349,1995-11-28 12:30:00,4.0000
14183000,44.789167,-122.617500,1995-11-30 01:30:00,1995-11-30 17:00:00,506.8716,1995-11-30 13:00:00,11.5000
14183000,44.789167,-122.617500,1995-12-02 21:00:00,1995-12-03 09:00:00,464.3963,1995-12-02 22:00:00,1.0000
14183000,44.789167,-122.617500,1995-12-04 13:30:00,1995-12-05 21:30:00,489.8814,1995-12-04 22:00:00,8.5000
14183000,44.789167,-122.617500,1995-12-07 22:00:00,1995-12-09 23:30:00,461.5646,1995-12-08 00:00:00,2.0000
14183000,44.789167,-122.617500,1995-12-12 17:00:00,1995-12-12 21:30:00,450.2379,1995-12-12 19:00:00,2.0000
14183000,44.789167,-122.617500,1995-12-14 09:30:00,1995-12-17 03:30:00,501.2082,1995-12-15 00:00:00,14.5000
14183000,44.789167,-122.617500,1996-02-06 13:30:00,1996-02-12 12:30:00,1523.4463,1996-02-07 21:00:00,31.5000
14183000,44.789167,-122.617500,1996-02-13 17:00:00,1996-02-18 20:30:00,560.6736,1996-02-18 14:00:00,117.0000
14183000,44.789167,-122.617500,1996-04-24 08:00:00,1996-04-24 17:00:00,492.7131,1996-04-24 12:30:00,4.5000
14183000,44.789167,-122.617500,1996-11-19 12:00:00,1996-11-20 05:30:00,577.6637,1996-11-19 15:30:00,3.5000
14183000,44.789167,-122.617500,1996-12-01 10:30:00,1996-12-03 12:00:00,501.2082,1996-12-01 12:30:00,2.0000
14183000,44.789167,-122.617500,1996-12-04 23:30:00,1996-12-05 08:30:00,597.4855,1996-12-05 03:00:00,3.5000
14183000,44.789167,-122.617500,1996-12-12 20:00:00,1996-12-14 08:30:00,450.2379,1996-12-12 21:00:00,1.0000
14183000,44.789167,-122.617500,1996-12-25 11:30:00,1996-12-27 03:30:00,532.3567,1996-12-26 22:00:00,34.5000
14183000,44.789167,-122.617500,1996-12-29 23:30:00,1996-12-30 07:00:00,521.0300,1996-12-30 04:00:00,4.5000
14183000,44.789167,-122.617500,1996-12-31 08:30:00,1997-01-01 13:00:00,506.8716,1996-12-31 12:00:00,3.5000
14183000,44.789167,-122.617500,1997-01-03 20:00:00,1997-01-13 18:30:00,529.5250,1997-01-03 22:30:00,2.5000
14183000,44.789167,-122.617500,1997-01-31 17:00:00,1997-02-01 16:00:00,591.8221,1997-01-31 23:00:00,6.0000
14183000,44.789167,-122.617500,1997-10-31 03:00:00,1997-10-31 06:00:00,509.7032,1997-10-31 04:00:00,1.0000
14183000,44.789167,-122.617500,1998-11-21 08:30:00,1998-11-21 11:00:00,481.3864,1998-11-21 09:30:00,1.0000
14183000,44.789167,-122.617500,1998-12-28 03:00:00,1998-12-29 12:00:00,716.4162,1998-12-28 16:30:00,13.5000
14183000,44.789167,-122.617500,1999-11-25 14:00:00,1999-11-26 22:30:00,1005.2481,1999-11-26 10:30:00,20.5000
14183000,44.789167,-122.617500,1999-12-16 20:00:00,1999-12-16 23:00:00,464.3963,1999-12-16 20:30:00,0.5000
14183000,44.789167,-122.617500,2001-12-07 03:00:00,2001-12-07 04:30:00,447.4062,2001-12-07 04:00:00,1.0000
14183000,44.789167,-122.617500,2001-12-14 07:30:00,2001-12-14 08:30:00,447.4062,2001-12-14 08:30:00,1.0000
14183000,44.789167,-122.617500,2002-04-14 09:00:00,2002-04-15 07:30:00,645.6241,2002-04-14 11:30:00,2.5000
14183000,44.789167,-122.617500,2003-02-01 03:30:00,2003-02-01 07:30:00,464.3963,2003-02-01 05:00:00,1.5000
14183000,44.789167,-122.617500,2003-12-13 21:30:00,2003-12-14 03:00:00,504.0399,2003-12-14 00:30:00,3.0000
14183000,44.789167,-122.617500,2004-01-29 13:30:00,2004-01-29 23:30:00,495.5448,2004-01-29 18:00:00,4.5000
14183000,44.789167,-122.617500,2005-12-31 03:30:00,2005-12-31 13:00:00,453.0695,2005-12-31 04:30:00,1.0000
14183000,44.789167,-122.617500,2006-01-10 01:30:00,2006-01-11 11:30:00,535.1884,2006-01-11 07:00:00,29.5000
14183000,44.789167,-122.617500,2006-01-17 13:00:00,2006-01-18 02:00:00,549.3468,2006-01-17 16:30:00,3.5000
14183000,44.789167,-122.617500,2006-01-19 21:30:00,2006-01-26 10:00:00,521.0300,2006-01-21 20:30:00,47.0000
14183000,44.789167,-122.617500,2006-11-07 11:00:00,2006-11-08 06:30:00,807.0301,2006-11-07 19:30:00,8.5000
14183000,44.789167,-122.617500,2006-12-13 15:00:00,2006-12-13 19:00:00,560.6736,2006-12-13 16:30:00,1.5000
14183000,44.789167,-122.617500,2006-12-14 20:00:00,2006-12-15 02:30:00,560.6736,2006-12-14 22:30:00,2.5000
14183000,44.789167,-122.617500,2006-12-25 14:30:00,2006-12-25 15:30:00,447.4062,2006-12-25 14:46:00,0.2667
14183000,44.789167,-122.617500,2007-01-03 15:00:00,2007-01-03 22:30:00,470.0597,2007-01-03 20:00:00,5.0000
14183000,44.789167,-122.617500,2008-11-13 07:30:00,2008-11-13 17:30:00,662.6142,2008-11-13 11:00:00,3.5000
14183000,44.789167,-122.617500,2009-01-02 00:00:00,2009-01-02 20:00:00,727.7430,2009-01-02 07:30:00,7.5000
14183000,44.789167,-122.617500,2009-01-07 20:30:00,2009-01-08 02:30:00,467.2280,2009-01-07 22:30:00,2.0000
14183000,44.789167,-122.617500,2009-05-06 11:00:00,2009-05-08 14:00:00,549.3468,2009-05-07 09:00:00,22.0000
14183000,44.789167,-122.617500,2010-06-02 21:30:00,2010-06-05 15:45:00,665.4459,2010-06-03 05:30:00,8.0000
14183000,44.789167,-122.617500,2011-01-16 10:30:00,2011-01-17 12:15:00,1030.7332,2011-01-17 01:00:00,14.5000
14183000,44.789167,-122.617500,2011-12-29 07:45:00,2011-12-29 10:30:00,458.7329,2011-12-29 08:30:00,0.7500
14183000,44.789167,-122.617500,2011-12-30 12:15:00,2011-12-30 23:00:00,600.3171,2011-12-30 16:45:00,4.5000
14183000,44.789167,-122.617500,2012-01-19 06:00:00,2012-01-20 12:00:00,801.3668,2012-01-19 21:00:00,15.0000
14183000,44.789167,-122.617500,2012-01-25 07:15:00,2012-01-25 14:15:00,484.2181,2012-01-25 09:30:00,2.2500
14183000,44.789167,-122.617500,2012-01-26 14:30:00,2012-01-27 09:15:00,523.8617,2012-01-26 20:45:00,6.2500
14183000,44.789167,-122.617500,2012-01-30 11:00:00,2012-01-30 12:15:00,444.5745,2012-01-30 11:30:00,0.5000
14183000,44.789167,-122.617500,2012-03-30 18:15:00,2012-03-31 06:45:00,557.8419,2012-03-31 00:15:00,6.0000
14183000,44.789167,-122.617500,2012-12-04 19:00:00,2012-12-05 17:30:00,549.3468,2012-12-05 10:15:00,15.2500
14183000,44.789167,-122.617500,2014-02-12 17:15:00,2014-02-13 06:00:00,580.4954,2014-02-12 21:00:00,3.7500
14183000,44.789167,-122.617500,2014-03-09 12:45:00,2014-03-10 12:15:00,594.6538,2014-03-09 18:30:00,5.7500
14183000,44.789167,-122.617500,2014-11-29 08:15:00,2014-11-29 11:30:00,453.0695,2014-11-29 10:00:00,1.7500
14183000,44.789167,-122.617500,2014-12-21 06:15:00,2014-12-21 22:45:00,543.6835,2014-12-21 12:00:00,5.7500
14183000,44.789167,-122.617500,2015-12-07 18:30:00,2015-12-08 05:45:00,509.7032,2015-12-07 20:00:00,1.5000
14183000,44.789167,-122.617500,2015-12-13 05:45:00,2015-12-13 15:15:00,458.7329,2015-12-13 12:45:00,7.0000
14183000,44.789167,-122.617500,2015-12-18 01:15:00,2015-12-18 20:30:00,634.2974,2015-12-18 05:30:00,4.2500
12358500,48.495278,-114.009167,1996-06-09 10:30:00,1996-06-09 22:15:00,659.7825,1996-06-09 14:45:00,4.2500
12358500,48.495278,-114.009167,1997-05-16 05:15:00,1997-05-19 06:15:00,934.4559,1997-05-17 17:30:00,36.2500
12358500,48.495278,-114.009167,1997-06-01 00:30:00,1997-06-02 22:15:00,809.8618,1997-06-01 21:30:00,21.0000
12358500,48.495278,-114.009167,2006-06-16 17:45:00,2006-06-17 00:15:00,637.1290,2006-06-16 20:00:00,2.2500
12358500,48.495278,-114.009167,2008-05-19 04:00:00,2008-05-22 12:00:00,869.3272,2008-05-19 17:00:00,13.0000
12358500,48.495278,-114.009167,2008-05-24 02:45:00,2008-05-27 02:15:00,719.2479,2008-05-25 20:15:00,41.5000
12358500,48.495278,-114.009167,2011-06-07 19:00:00,2011-06-09 04:45:00,713.5845,2011-06-08 08:15:00,13.2500
12358500,48.495278,-114.009167,2012-04-27 15:45:00,2012-04-27 22:30:00,639.9607,2012-04-27 18:00:00,2.2500
12358500,48.495278,-114.009167,2013-05-13 13:15:00,2013-05-15 10:00:00,815.5252,2013-05-14 17:00:00,27.7500
12358500,48.495278,-114.009167,2014-05-24 13:00:00,2014-05-25 13:30:00,654.1192,2014-05-24 18:00:00,5.0000
12449950,48.077500,-119.983889,1995-05-30 16:30:00,1995-05-31 21:00:00,410.5943,1995-05-30 17:00:00,0.5000
12449950,48.077500,-119.983889,1997-05-15 13:30:00,1997-05-18 05:45:00,475.7230,1997-05-16 18:30:00,29.0000
12449950,48.077500,-119.983889,1997-06-01 08:00:00,1997-06-02 01:45:00,450.2379,1997-06-01 16:15:00,8.2500
12449950,48.077500,-119.983889,1997-06-13 05:30:00,1997-06-13 11:15:00,416.2576,1997-06-13 07:30:00,2.0000
12449950,48.077500,-119.983889,1999-06-16 08:30:00,1999-06-20 03:45:00,588.9904,1999-06-17 18:30:00,34.0000
12449950,48.077500,-119.983889,2006-05-18 07:30:00,2006-05-22 07:15:00,588.9904,2006-05-19 17:30:00,34.0000
12449950,48.077500,-119.983889,2008-05-18 09:45:00,2008-05-21 06:00:00,535.1884,2008-05-19 16:45:00,31.0000
12449950,48.077500,-119.983889,2011-06-07 13:00:00,2011-06-09 06:30:00,455.9012,2011-06-08 14:45:00,25.7500
12449950,48.077500,-119.983889,2016-04-22 11:15:00,2016-04-24 01:00:00,461.5646,2016-04-22 21:45:00,10.5000
13010065,44.098889,-110.667500,1995-06-06 03:30:00,1995-06-06 12:45:00,325.6437,1995-06-06 08:15:00,4.7500
13010065,44.098889,-110.667500,1996-06-04 05:15:00,1996-06-06 09:30:00,424.7527,1996-06-05 08:15:00,27.0000
13010065,44.098889,-110.667500,1996-06-08 05:15:00,1996-06-11 09:30:00,342.6338,1996-06-11 06:45:00,73.5000
13010065,44.098889,-110.667500,1997-05-30 03:47:00,1997-05-30 09:17:00,317.1487,1997-05-30 07:02:00,3.2500
13010065,44.098889,-110.667500,1997-06-01 01:32:00,1997-06-02 12:47:00,362.4556,1997-06-01 06:17:00,4.7500
13010065,44.098889,-110.667500,1997-06-04 03:02:00,1997-06-07 10:17:00,410.5943,1997-06-05 07:17:00,28.2500
13010065,44.098889,-110.667500,2009-05-31 05:45:00,2009-05-31 09:15:00,300.1586,2009-05-31 07:15:00,1.5000
13010065,44.098889,-110.667500,2010-06-07 06:15:00,2010-06-08 05:30:00,305.8219,2010-06-07 10:30:00,4.2500
13010065,44.098889,-110.667500,2011-06-24 04:47:00,2011-06-24 10:02:00,308.6536,2011-06-24 07:32:00,2.7500
13018750,43.372222,-110.738611,1996-06-06 00:10:27,1996-06-20 08:00:00,702.2578,1996-06-11 21:04:45,140.9050
13018750,43.372222,-110.738611,1997-06-02 01:30:00,1997-06-03 03:30:00,617.3073,1997-06-02 02:30:00,1.0000
13018750,43.372222,-110.738611,1997-06-04 22:30:00,1997-06-19 05:30:00,911.8025,1997-06-11 19:30:00,165.0000
13018750,43.372222,-110.738611,2010-06-08 18:15:00,2010-06-09 03:30:00,597.4855,2010-06-08 23:00:00,4.7500
13056500,43.825833,-111.905000,1989-05-09 01:30:00,1989-05-15 22:30:00,267.8774,1989-05-12 13:30:00,84.0000
13056500,43.825833,-111.905000,1989-05-17 17:30:00,1989-05-21 03:30:00,208.4120,1989-05-19 03:30:00,34.0000
13056500,43.825833,-111.905000,1991-05-19 01:00:00,1991-05-27 14:00:00,232.7645,1991-05-20 06:30:00,29.5000
13056500,43.825833,-111.905000,1993-05-08 17:09:39,1993-05-09 11:38:48,179.5288,1993-05-09 04:09:09,10.9917
13056500,43.825833,-111.905000,1993-05-13 06:00:00,1993-06-15 01:20:15,300.1586,1993-05-17 11:30:15,101.5042
13056500,43.825833,-111.905000,1995-06-02 10:30:00,1995-06-12 20:00:00,280.0536,1995-06-07 23:30:00,133.0000
13056500,43.825833,-111.905000,1995-06-14 12:00:00,1995-06-24 17:30:00,217.1902,1995-06-21 09:00:00,165.0000
13056500,43.825833,-111.905000,1996-05-14 05:15:18,1996-06-17 20:00:00,390.7725,1996-05-18 12:48:57,103.5608
13056500,43.825833,-111.905000,1998-05-04 07:30:00,1998-05-20 13:30:00,250.0378,1998-05-12 12:30:00,197.0000
13056500,43.825833,-111.905000,1998-05-22 13:30:00,1998-06-06 23:00:00,223.4199,1998-05-24 04:30:00,39.0000
13056500,43.825833,-111.905000,1998-06-13 23:00:00,1998-06-22 20:30:00,250.0378,1998-06-16 07:30:00,56.5000
13056500,43.825833,-111.905000,1998-06-24 14:00:00,1998-07-04 21:00:00,286.0002,1998-06-28 08:30:00,90.5000
13056500,43.825833,-111.905000,1999-05-02 07:30:00,1999-05-06 10:00:00,236.4457,1999-05-04 12:00:00,52.5000
13056500,43.825833,-111.905000,1999-05-10 09:30:00,1999-05-11 12:00:00,180.6615,1999-05-10 17:00:00,7.5000
13056500,43.825833,-111.905000,2002-06-04 07:30:00,2002-06-05 02:30:00,186.0417,2002-06-04 16:30:00,9.0000
13056500,43.825833,-111.905000,2005-05-22 02:15:00,2005-05-26 06:00:00,206.4298,2005-05-23 12:15:00,34.0000
13056500,43.825833,-111.905000,2006-06-10 17:15:00,2006-06-12 19:15:00,193.4041,2006-06-11 14:15:00,21.0000
13056500,43.825833,-111.905000,2008-05-18 14:30:00,2008-06-10 00:30:00,305.8219,2008-05-23 00:30:00,106.0000
13056500,43.825833,-111.905000,2008-06-12 17:15:00,2008-06-13 09:00:00,180.9446,2008-06-12 23:45:00,6.5000
13056500,43.825833,-111.905000,2009-06-09 00:30:00,2009-06-09 06:15:00,178.3961,2009-06-09 05:00:00,4.5000
13056500,43.825833,-111.905000,2009-06-18 10:30:00,2009-06-25 12:00:00,220.5882,2009-06-23 17:45:00,127.2500
13056500,43.825833,-111.905000,2010-06-06 03:15:00,2010-06-15 04:45:00,385.1091,2010-06-09 14:15:00,83.0000
13056500,43.825833,-111.905000,2011-05-09 22:30:00,2011-05-12 07:30:00,201.6159,2011-05-10 20:45:00,22.2500
13056500,43.825833,-111.905000,2012-04-26 08:00:00,2012-04-30 04:45:00,222.5704,2012-04-28 23:30:00,63.5000
13105000,41.944722,-114.688611,1993-05-14 07:30:00,1993-05-19 08:00:00,30.5822,1993-05-16 11:15:00,51.7500
13105000,41.944722,-114.688611,1995-02-01 02:00:00,1995-02-01 16:15:00,46.7228,1995-02-01 11:45:00,9.7500
13105000,41.944722,-114.688611,1997-05-14 19:45:00,1997-05-19 18:45:00,26.8444,1997-05-16 03:45:00,32.0000
13105000,41.944722,-114.688611,1998-05-11 21:30:00,1998-05-19 16:30:00,31.4317,1998-05-17 03:00:00,125.5000
13105000,41.944722,-114.688611,2005-05-17 15:45:00,2005-05-24 03:00:00,40.4931,2005-05-19 01:45:00,34.0000
13105000,41.944722,-114.688611,2006-03-01 02:15:00,2006-03-01 10:45:00,30.8654,2006-03-01 06:30:00,4.2500
13105000,41.944722,-114.688611,2006-04-06 17:15:00,2006-04-08 07:45:00,29.1664,2006-04-07 07:45:00,14.5000
13105000,41.944722,-114.688611,2006-04-15 21:30:00,2006-04-20 04:15:00,33.9802,2006-04-18 06:00:00,56.5000
13105000,41.944722,-114.688611,2006-05-18 02:30:00,2006-05-25 00:45:00,32.2812,2006-05-22 05:45:00,99.2500
13105000,41.944722,-114.688611,2009-04-24 11:15:00,2009-04-26 10:00:00,28.2036,2009-04-25 03:00:00,15.7500
13105000,41.944722,-114.688611,2009-06-22 20:30:00,2009-06-23 00:15:00,25.9665,2009-06-23 00:00:00,3.5000
13105000,41.944722,-114.688611,2011-04-19 13:30:00,2011-04-24 00:00:00,35.9624,2011-04-20 14:30:00,25.0000
13316500,45.413056,-116.325278,1999-05-26 04:45:00,1999-05-26 05:45:00,177.8298,1999-05-26 05:30:00,0.7500
13316500,45.413056,-116.325278,2003-05-30 03:15:00,2003-05-31 09:15:00,204.7308,2003-05-31 01:30:00,22.2500
13316500,45.413056,-116.325278,2006-05-20 01:30:00,2006-05-21 10:45:00,195.9526,2006-05-21 00:30:00,23.0000
13316500,45.413056,-116.325278,2006-05-23 03:45:00,2006-05-23 08:45:00,176.9803,2006-05-23 06:15:00,2.5000
13316500,45.413056,-116.325278,2010-06-03 08:00:00,2010-06-03 10:45:00,186.6080,2010-06-03 08:45:00,0.7500
13316500,45.413056,-116.325278,2010-06-04 17:15:00,2010-06-07 10:15:00,246.6397,2010-06-04 22:15:00,5.0000
13316500,45.413056,-116.325278,2012-04-26 21:30:00,2012-04-27 13:30:00,200.7664,2012-04-27 01:30:00,4.0000
14152000,43.998333,-122.904722,1991-12-08 23:00:00,1991-12-09 03:00:00,555.0102,1991-12-09 00:30:00,1.5000
14152000,43.998333,-122.904722,1995-12-07 20:00:00,1995-12-09 03:30:00,566.3369,1995-12-08 23:30:00,27.5000
14152000,43.998333,-122.904722,1995-12-17 20:30:00,1995-12-19 09:00:00,594.6538,1995-12-17 23:30:00,3.0000
14152000,43.998333,-122.904722,1995-12-20 23:00:00,1995-12-21 22:30:00,555.0102,1995-12-21 01:30:00,2.5000
14152000,43.998333,-122.904722,1996-02-14 00:00:00,1996-02-15 00:30:00,557.8419,1996-02-14 02:00:00,2.0000
14152000,43.998333,-122.904722,1996-11-19 07:00:00,1996-11-19 11:00:00,577.6637,1996-11-19 08:30:00,1.5000
14152000,43.998333,-122.904722,1996-11-21 01:30:00,1996-12-04 20:00:00,617.3073,1996-11-29 02:00:00,192.5000
14152000,43.998333,-122.904722,1996-12-08 01:30:00,1996-12-08 02:30:00,552.1785,1996-12-08 02:00:00,0.5000
14152000,43.998333,-122.904722,1996-12-28 10:00:00,1997-01-18 19:30:00,651.2875,1996-12-31 08:30:00,70.5000
14152000,43.998333,-122.904722,1998-01-22 23:00:00,1998-01-23 21:30:00,572.0003,1998-01-23 03:00:00,4.0000
14152000,43.998333,-122.904722,1998-12-04 10:30:00,1998-12-06 00:00:00,572.0003,1998-12-04 12:00:00,1.5000
14152000,43.998333,-122.904722,1998-12-07 20:00:00,1998-12-12 09:30:00,569.1686,1998-12-08 08:30:00,12.5000
14152000,43.998333,-122.904722,1998-12-31 11:30:00,1999-01-01 19:00:00,605.9805,1998-12-31 13:30:00,2.0000
14152000,43.998333,-122.904722,1999-01-25 22:00:00,1999-01-26 02:30:00,574.8320,1999-01-25 23:00:00,1.0000
14152000,43.998333,-122.904722,2006-01-21 18:00:00,2006-01-28 11:00:00,645.6241,2006-01-22 00:00:00,6.0000
14152000,43.998333,-122.904722,2009-01-10 03:30:00,2009-01-11 18:30:00,637.1290,2009-01-10 07:00:00,3.5000
14152000,43.998333,-122.904722,2010-06-04 10:30:00,2010-06-05 06:00:00,560.6736,2010-06-04 15:30:00,5.0000
14152000,43.998333,-122.904722,2012-01-24 23:45:00,2012-01-25 06:00:00,577.6637,2012-01-25 04:15:00,4.5000
14152000,43.998333,-122.904722,2014-12-24 20:45:00,2014-12-26 17:15:00,574.8320,2014-12-25 01:00:00,4.2500
14152000,43.998333,-122.904722,2014-12-28 04:45:00,2014-12-29 20:45:00,555.0102,2014-12-28 12:45:00,8.0000
14152000,43.998333,-122.904722,2014-12-31 02:15:00,2015-01-01 04:00:00,555.0102,2014-12-31 09:00:00,6.7500
12340000,46.899722,-113.755556,1997-05-17 12:00:00,1997-05-19 03:30:00,458.7329,1997-05-18 11:15:00,23.2500
12340000,46.899722,-113.755556,2011-06-07 22:45:00,2011-06-11 18:00:00,484.2181,2011-06-09 06:45:00,32.0000
12340500,46.877222,-113.931389,1996-06-09 20:00:00,1996-06-11 13:30:00,523.8617,1996-06-10 15:30:00,19.5000
12340500,46.877222,-113.931389,1997-05-14 13:15:00,1997-05-22 21:45:00,764.5549,1997-05-18 11:15:00,94.0000
12340500,46.877222,-113.931389,1997-05-24 14:15:00,1997-05-27 20:30:00,594.6538,1997-05-25 13:15:00,23.0000
12340500,46.877222,-113.931389,1997-05-31 20:30:00,1997-06-10 00:45:00,699.4261,1997-06-02 12:45:00,40.2500
12340500,46.877222,-113.931389,2011-05-16 20:45:00,2011-05-18 05:30:00,523.8617,2011-05-17 20:45:00,24.0000
12340500,46.877222,-113.931389,2011-05-23 23:45:00,2011-05-29 22:15:00,642.7924,2011-05-27 05:00:00,77.2500
12340500,46.877222,-113.931389,2011-06-03 07:30:00,2011-06-19 09:00:00,807.0301,2011-06-10 01:00:00,161.5000
12340500,46.877222,-113.931389,2011-06-23 13:15:00,2011-06-27 01:15:00,586.1587,2011-06-25 03:45:00,38.5000
12340500,46.877222,-113.931389,2011-06-30 21:45:00,2011-07-01 05:45:00,509.7032,2011-07-01 01:15:00,3.5000
12340500,46.877222,-113.931389,2012-04-27 20:00:00,2012-04-28 14:45:00,523.8617,2012-04-28 05:00:00,9.0000
13062500,43.197500,-112.369167,1995-05-24 11:30:00,1995-05-29 03:00:00,614.4756,1995-05-25 15:30:00,28.0000
13062500,43.197500,-112.369167,1995-06-08 00:30:00,1995-06-10 18:30:00,600.3171,1995-06-09 04:30:00,28.0000
13062500,43.197500,-112.369167,1996-05-18 16:00:00,1996-05-23 07:00:00,673.9409,1996-05-20 06:30:00,38.5000
13062500,43.197500,-112.369167,1996-05-30 21:30:00,1996-06-02 23:00:00,546.5151,1996-06-01 17:30:00,44.0000
13062500,43.197500,-112.369167,1997-04-24 19:00:00,1997-04-26 02:00:00,538.0201,1997-04-24 21:30:00,2.5000
13062500,43.197500,-112.369167,1997-06-17 06:00:00,1997-06-27 05:30:00,1231.7828,1997-06-18 06:00:00,24.0000
13062500,43.197500,-112.369167,1998-05-24 23:13:00,1998-05-26 18:13:00,543.6835,1998-05-25 10:58:00,11.7500
13062500,43.197500,-112.369167,1998-05-29 18:13:00,1998-05-30 00:43:00,540.8518,1998-05-29 20:13:00,2.0000
13062500,43.197500,-112.369167,1999-05-30 13:02:00,1999-06-15 04:02:00,741.9014,1999-06-05 23:32:00,154.5000
13062500,43.197500,-112.369167,2006-04-28 19:30:00,2006-05-06 20:15:00,611.6439,2006-05-03 22:45:00,123.2500
13062500,43.197500,-112.369167,2009-05-08 01:00:00,2009-05-09 10:30:00,543.6835,2009-05-08 12:30:00,11.5000
13062500,43.197500,-112.369167,2009-07-01 06:00:00,2009-07-01 11:45:00,546.5151,2009-07-01 07:30:00,1.5000
13062500,43.197500,-112.369167,2010-06-10 17:45:00,2010-06-16 04:45:00,614.4756,2010-06-14 18:15:00,96.5000
13168500,42.771111,-115.720278,1997-01-03 13:45:00,1997-01-03 18:00:00,112.7010,1997-01-03 16:15:00,2.5000
13168500,42.771111,-115.720278,2005-05-17 13:30:00,2005-05-19 08:00:00,159.1407,2005-05-17 23:45:00,10.2500
13168500,42.771111,-115.720278,2011-04-19 02:45:00,2011-04-20 11:30:00,138.1862,2011-04-19 08:00:00,5.2500
13168500,42.771111,-115.720278,2011-05-15 14:15:00,2011-05-17 19:45:00,124.8773,2011-05-15 22:30:00,8.2500
13233300,43.987500,-117.218889,2011-01-17 18:45:00,2011-01-19 02:15:00,325.6437,2011-01-18 11:45:00,17.0000
13266000,44.270000,-116.772222,1989-03-11 08:21:27,1989-03-12 15:08:15,286.0002,1989-03-12 09:22:57,25.0250
13266000,44.270000,-116.772222,1989-03-25 19:26:48,1989-03-26 17:43:06,322.8121,1989-03-26 04:42:18,9.2583
13266000,44.270000,-116.772222,1993-03-18 05:33:27,1993-03-22 13:23:54,552.1785,1993-03-21 07:02:54,73.4908
13266000,44.270000,-116.772222,1993-03-26 07:00:00,1993-03-29 11:00:00,433.2478,1993-03-27 05:45:00,22.7500
13266000,44.270000,-116.772222,1993-04-04 18:21:24,1993-04-06 00:22:57,370.9507,1993-04-05 06:22:00,12.0100
13266000,44.270000,-116.772222,1995-02-02 06:30:57,1995-02-02 21:01:00,322.8121,1995-02-02 11:01:00,4.5008
13266000,44.270000,-116.772222,1996-05-18 06:45:00,1996-05-20 03:30:00,365.2873,1996-05-18 21:45:00,15.0000
13266000,44.270000,-116.772222,1996-12-11 02:15:00,1996-12-11 17:30:00,305.8219,1996-12-11 09:45:00,7.5000
13266000,44.270000,-116.772222,1996-12-29 21:30:00,1996-12-31 06:45:00,481.3864,1996-12-30 12:15:00,14.7500
13266000,44.270000,-116.772222,1998-03-24 10:00:00,1998-03-24 17:30:00,269.0100,1998-03-24 14:00:00,4.0000
13266000,44.270000,-116.772222,1998-05-26 14:30:00,1998-05-29 08:30:00,481.3864,1998-05-27 09:45:00,19.2500
13266000,44.270000,-116.772222,1999-02-24 22:45:00,1999-02-26 12:15:00,305.8219,1999-02-26 04:45:00,30.0000
13266000,44.270000,-116.772222,1999-03-01 09:30:00,1999-03-01 11:15:00,264.4793,1999-03-01 10:30:00,1.0000
13266000,44.270000,-116.772222,1999-03-22 05:15:00,1999-03-22 13:00:00,283.1685,1999-03-22 08:00:00,2.7500
13266000,44.270000,-116.772222,1999-03-26 13:00:00,1999-03-27 12:15:00,305.8219,1999-03-27 02:30:00,13.5000
13266000,44.270000,-116.772222,2000-02-23 16:30:00,2000-02-24 16:00:00,416.2576,2000-02-24 04:45:00,12.2500
13266000,44.270000,-116.772222,2000-02-27 22:30:00,2000-02-28 21:00:00,470.0597,2000-02-28 06:30:00,8.0000
13266000,44.270000,-116.772222,2005-12-29 00:00:00,2005-12-29 23:00:00,509.7032,2005-12-29 10:30:00,10.5000
13266000,44.270000,-116.772222,2006-01-01 03:30:00,2006-01-02 02:00:00,441.7428,2006-01-01 14:30:00,11.0000
13266000,44.270000,-116.772222,2006-02-28 18:30:00,2006-03-01 15:00:00,390.7725,2006-03-01 06:15:00,11.7500
13266000,44.270000,-116.772222,2006-03-26 03:15:00,2006-03-27 05:00:00,387.9408,2006-03-26 13:30:00,10.2500
13266000,44.270000,-116.772222,2006-03-31 22:00:00,2006-04-02 10:45:00,291.6635,2006-04-02 03:00:00,28.0000
13266000,44.270000,-116.772222,2006-04-04 11:30:00,2006-04-08 05:15:00,484.2181,2006-04-06 00:15:00,36.7500
13266000,44.270000,-116.772222,2010-06-05 00:30:00,2010-06-06 10:30:00,416.2576,2010-06-05 14:00:00,13.5000
13266000,44.270000,-116.772222,2011-03-16 02:30:00,2011-03-17 15:00:00,526.6933,2011-03-16 13:45:00,11.2500
13266000,44.270000,-116.772222,2012-01-21 15:00:00,2012-01-21 20:30:00,280.9031,2012-01-21 18:45:00,3.7500
13266000,44.270000,-116.772222,2014-03-10 14:45:00,2014-03-11 21:15:00,455.9012,2014-03-11 08:00:00,17.2500
13266000,44.270000,-116.772222,2016-03-14 07:00:00,2016-03-14 21:15:00,286.0002,2016-03-14 13:30:00,6.5000
13206000,43.660556,-116.279167,1993-05-22 20:32:48,1993-05-24 18:33:21,190.5724,1993-05-23 15:33:03,19.0042
13206000,43.660556,-116.279167,1996-02-24 04:21:18,1996-02-24 06:06:15,185.7585,1996-02-24 04:36:18,0.2500
13206000,43.660556,-116.279167,1996-03-08 20:17:06,1996-03-28 22:00:18,194.5367,1996-03-15 23:30:24,171.2217
13206000,43.660556,-116.279167,1996-05-23 18:45:00,1996-05-28 17:45:00,191.9882,1996-05-25 18:45:00,48.0000
13206000,43.660556,-116.279167,1997-01-21 13:46:06,1997-01-21 14:31:06,186.3249,1997-01-21 14:01:06,0.2500
13206000,43.660556,-116.279167,2006-06-10 00:32:00,2006-06-11 16:32:00,189.4397,2006-06-11 10:02:00,33.5000
13206000,43.660556,-116.279167,2008-05-18 01:30:00,2008-05-22 22:15:00,205.8635,2008-05-21 03:15:00,73.7500
13206000,43.660556,-116.279167,2011-05-26 18:00:00,2011-06-03 18:45:00,193.4041,2011-05-28 03:15:00,33.2500
13206000,43.660556,-116.279167,2011-06-05 23:45:00,2011-06-06 04:30:00,190.8555,2011-06-06 00:15:00,0.5000
13206000,43.660556,-116.279167,2012-04-04 09:15:00,2012-04-05 13:15:00,186.6080,2012-04-04 23:30:00,14.2500
13206000,43.660556,-116.279167,2012-04-10 21:30:00,2012-04-17 05:00:00,190.5724,2012-04-13 05:15:00,55.7500
12424000,47.652778,-117.448611,1996-02-07 17:15:00,1996-02-10 02:30:00,430.4161,1996-02-09 05:45:00,36.5000
12424000,47.652778,-117.448611,2014-03-06 15:15:00,2014-03-06 17:45:00,245.2239,2014-03-06 16:45:00,1.5000
14018500,46.027778,-118.728611,1991-05-20 00:00:00,1991-05-21 02:00:00,182.0773,1991-05-20 08:30:00,8.5000
14018500,46.027778,-118.728611,1991-12-07 13:00:00,1991-12-08 06:00:00,146.9644,1991-12-07 19:00:00,6.0000
14018500,46.027778,-118.728611,1993-05-04 23:00:00,1993-05-06 15:00:00,204.7308,1993-05-05 12:00:00,13.0000
14018500,46.027778,-118.728611,1996-02-19 18:00:00,1996-02-21 07:30:00,141.5842,1996-02-20 07:30:00,13.5000
14018500,46.027778,-118.728611,1996-04-24 15:00:00,1996-04-26 16:00:00,297.3269,1996-04-25 02:00:00,11.0000
14018500,46.027778,-118.728611,1996-12-31 03:30:00,1997-01-04 20:30:00,382.2774,1997-01-01 22:30:00,43.0000
14018500,46.027778,-118.728611,1997-01-31 13:00:00,1997-02-03 11:30:00,356.7923,1997-02-01 14:30:00,25.5000
14018500,46.027778,-118.728611,1997-03-10 23:00:00,1997-03-12 00:00:00,157.1585,1997-03-11 05:30:00,6.5000
14018500,46.027778,-118.728611,1997-03-21 03:00:00,1997-03-21 20:00:00,130.2575,1997-03-21 12:30:00,9.5000
14018500,46.027778,-118.728611,1997-04-24 05:00:00,1997-04-24 09:30:00,124.0278,1997-04-24 08:00:00,3.0000
14018500,46.027778,-118.728611,1999-03-01 09:45:00,1999-03-01 21:45:00,126.8595,1999-03-01 15:15:00,5.5000
14018500,46.027778,-118.728611,2002-02-24 17:30:00,2002-02-25 10:00:00,143.0001,2002-02-25 01:00:00,7.5000
14018500,46.027778,-118.728611,2002-04-15 04:00:00,2002-04-15 19:00:00,140.4516,2002-04-15 10:30:00,6.5000
14018500,46.027778,-118.728611,2003-01-31 09:30:00,2003-02-03 10:00:00,314.3170,2003-02-02 02:30:00,41.0000
14018500,46.027778,-118.728611,2003-03-16 21:30:00,2003-03-16 23:00:00,121.7624,2003-03-16 22:00:00,0.5000
14018500,46.027778,-118.728611,2004-01-29 22:00:00,2004-01-31 18:00:00,206.1466,2004-01-30 14:00:00,16.0000
14018500,46.027778,-118.728611,2006-01-18 21:30:00,2006-01-19 06:30:00,126.2931,2006-01-19 03:30:00,6.0000
14018500,46.027778,-118.728611,2006-04-06 15:00:00,2006-04-07 16:00:00,148.3803,2006-04-06 22:30:00,7.5000
14018500,46.027778,-118.728611,2007-01-04 17:00:00,2007-01-05 01:30:00,131.6733,2007-01-04 20:15:00,3.2500
14018500,46.027778,-118.728611,2009-01-02 19:15:00,2009-01-03 22:00:00,192.8377,2009-01-03 07:00:00,11.7500
14018500,46.027778,-118.728611,2009-01-08 02:00:00,2009-01-10 19:30:00,274.9566,2009-01-09 14:15:00,36.2500
14018500,46.027778,-118.728611,2009-03-29 17:30:00,2009-03-30 18:15:00,157.1585,2009-03-30 01:45:00,8.2500
14018500,46.027778,-118.728611,2009-04-03 06:15:00,2009-04-04 14:45:00,151.4951,2009-04-03 22:00:00,15.7500
14018500,46.027778,-118.728611,2009-04-08 16:30:00,2009-04-09 14:00:00,132.2397,2009-04-09 00:45:00,8.2500
14018500,46.027778,-118.728611,2011-01-17 04:00:00,2011-01-19 03:45:00,227.1011,2011-01-17 18:00:00,14.0000
14018500,46.027778,-118.728611,2011-01-22 16:30:00,2011-01-23 04:15:00,133.0892,2011-01-22 21:15:00,4.7500
14018500,46.027778,-118.728611,2011-04-03 04:45:00,2011-04-04 01:00:00,132.8060,2011-04-03 12:15:00,7.5000
14018500,46.027778,-118.728611,2011-04-05 18:15:00,2011-04-07 19:30:00,208.4120,2011-04-06 14:00:00,19.7500
14018500,46.027778,-118.728611,2012-03-17 02:30:00,2012-03-18 06:30:00,147.8139,2012-03-17 11:30:00,9.0000
14018500,46.027778,-118.728611,2012-03-31 15:45:00,2012-04-02 12:00:00,153.7605,2012-04-01 00:30:00,8.7500
14018500,46.027778,-118.728611,2013-04-20 19:45:00,2013-04-22 13:45:00,163.9545,2013-04-21 03:30:00,7.7500
14018500,46.027778,-118.728611,2014-03-07 04:45:00,2014-03-07 20:30:00,135.6377,2014-03-07 08:00:00,3.2500
14018500,46.027778,-118.728611,2014-03-10 13:30:00,2014-03-12 12:15:00,184.3427,2014-03-11 11:45:00,22.2500
14018500,46.027778,-118.728611,2015-02-11 01:45:00,2015-02-12 06:45:00,173.2991,2015-02-11 12:15:00,10.5000
14046500,44.793889,-120.005556,1989-03-10 08:30:00,1989-03-14 05:00:00,540.8518,1989-03-11 15:30:00,31.0000
14046500,44.793889,-120.005556,1989-05-10 19:00:00,1989-05-12 16:00:00,600.3171,1989-05-11 06:00:00,11.0000
14046500,44.793889,-120.005556,1991-05-19 22:30:00,1991-05-22 16:00:00,685.2677,1991-05-20 15:30:00,17.0000
14046500,44.793889,-120.005556,1993-03-17 19:00:00,1993-03-27 04:30:00,631.4657,1993-03-24 21:30:00,170.5000
14046500,44.793889,-120.005556,1993-04-04 15:30:00,1993-04-05 19:00:00,387.9408,1993-04-04 21:00:00,5.5000
14046500,44.793889,-120.005556,1993-05-04 11:00:00,1993-05-05 14:30:00,419.0893,1993-05-04 17:00:00,6.0000
14046500,44.793889,-120.005556,1993-05-07 10:00:00,1993-05-08 01:30:00,376.6141,1993-05-07 17:30:00,7.5000
14046500,44.793889,-120.005556,1993-05-13 17:30:00,1993-05-14 22:30:00,382.2774,1993-05-13 21:30:00,4.0000
14046500,44.793889,-120.005556,1996-02-07 17:00:00,1996-02-11 23:30:00,730.5746,1996-02-10 03:30:00,58.5000
14046500,44.793889,-120.005556,1996-12-30 12:00:00,1997-01-05 01:30:00,996.7530,1997-01-02 06:30:00,66.5000
14046500,44.793889,-120.005556,1997-02-01 11:30:00,1997-02-02 21:00:00,620.1389,1997-02-01 20:30:00,9.0000
14046500,44.793889,-120.005556,1997-04-20 15:00:00,1997-04-22 08:30:00,421.9210,1997-04-21 06:30:00,15.5000
14046500,44.793889,-120.005556,1997-04-23 19:00:00,1997-04-25 07:30:00,458.7329,1997-04-24 03:30:00,8.5000
14046500,44.793889,-120.005556,1999-03-01 13:15:00,1999-03-01 20:45:00,387.9408,1999-03-01 16:15:00,3.0000
14046500,44.793889,-120.005556,2005-05-17 05:30:00,2005-05-17 20:30:00,419.0893,2005-05-17 10:00:00,4.5000
14046500,44.793889,-120.005556,2006-01-01 14:00:00,2006-01-01 21:00:00,410.5943,2006-01-01 17:30:00,3.5000
14046500,44.793889,-120.005556,2008-05-16 18:00:00,2008-05-21 20:00:00,453.0695,2008-05-18 22:00:00,52.0000
14046500,44.793889,-120.005556,2009-04-22 20:45:00,2009-04-23 23:00:00,376.6141,2009-04-22 22:30:00,1.7500
14046500,44.793889,-120.005556,2010-06-03 16:00:00,2010-06-08 03:15:00,588.9904,2010-06-05 13:00:00,45.0000
14046500,44.793889,-120.005556,2011-01-17 04:30:00,2011-01-19 08:00:00,722.0796,2011-01-17 23:30:00,19.0000
14046500,44.793889,-120.005556,2011-04-01 16:30:00,2011-04-04 10:45:00,492.7131,2011-04-03 04:15:00,35.7500
14046500,44.793889,-120.005556,2011-04-06 02:00:00,2011-04-06 14:00:00,382.2774,2011-04-06 03:15:00,1.2500
14046500,44.793889,-120.005556,2011-04-17 23:00:00,2011-04-19 04:45:00,393.6042,2011-04-18 04:30:00,5.5000
14046500,44.793889,-120.005556,2011-05-14 20:30:00,2011-05-17 06:45:00,900.4757,2011-05-17 00:15:00,51.7500
14046500,44.793889,-120.005556,2011-05-19 07:00:00,2011-05-22 07:00:00,495.5448,2011-05-19 07:15:00,0.2500
14046500,44.793889,-120.005556,2011-06-03 02:00:00,2011-06-04 09:45:00,458.7329,2011-06-03 15:30:00,13.5000
14046500,44.793889,-120.005556,2012-04-27 10:30:00,2012-04-28 03:00:00,416.2576,2012-04-27 16:00:00,5.5000
14046500,44.793889,-120.005556,2014-03-10 22:00:00,2014-03-12 06:45:00,597.4855,2014-03-11 05:00:00,7.0000
14211500,45.477778,-122.506667,1987-02-01 08:00:00,1987-02-01 20:30:00,37.9446,1987-02-01 15:00:00,7.0000
14211500,45.477778,-122.506667,1991-02-20 17:30:00,1991-02-21 01:00:00,31.9980,1991-02-20 21:30:00,4.0000
14211500,45.477778,-122.506667,1991-12-06 21:30:00,1991-12-07 03:30:00,31.7149,1991-12-07 00:30:00,3.0000
14211500,45.477778,-122.506667,1994-02-24 03:30:00,1994-02-25 10:00:00,45.3070,1994-02-25 03:00:00,23.5000
14211500,45.477778,-122.506667,1994-11-01 08:00:00,1994-11-01 18:00:00,36.8119,1994-11-01 12:30:00,4.5000
14211500,45.477778,-122.506667,1996-02-06 14:00:00,1996-02-07 03:30:00,40.4931,1996-02-06 20:00:00,6.0000
14211500,45.477778,-122.506667,1996-12-08 06:00:00,1996-12-08 16:00:00,38.5109,1996-12-08 09:30:00,3.5000
14211500,45.477778,-122.506667,1996-12-29 19:00:00,1996-12-30 01:30:00,31.4317,1996-12-29 21:30:00,2.5000
14211500,45.477778,-122.506667,1997-01-01 06:30:00,1997-01-01 16:00:00,39.6436,1997-01-01 09:00:00,2.5000
14211500,45.477778,-122.506667,2003-01-31 21:00:00,2003-02-01 12:30:00,51.5367,2003-02-01 04:30:00,7.5000
14211500,45.477778,-122.506667,2003-12-14 02:00:00,2003-12-14 09:30:00,32.2812,2003-12-14 05:30:00,3.5000
14211500,45.477778,-122.506667,2005-12-30 17:30:00,2005-12-31 10:30:00,32.5644,2005-12-31 04:30:00,11.0000
14211500,45.477778,-122.506667,2006-01-11 05:00:00,2006-01-11 09:00:00,30.2990,2006-01-11 06:30:00,1.5000
14211500,45.477778,-122.506667,2006-12-14 22:00:00,2006-12-15 01:30:00,29.1664,2006-12-14 23:00:00,1.0000
14211500,45.477778,-122.506667,2007-01-03 16:30:00,2007-01-03 18:30:00,28.2319,2007-01-03 17:30:00,1.0000
14211500,45.477778,-122.506667,2007-12-03 08:00:00,2007-12-04 06:30:00,40.4931,2007-12-03 18:30:00,10.5000
14211500,45.477778,-122.506667,2007-12-24 08:30:00,2007-12-24 09:30:00,27.8638,2007-12-24 09:00:00,0.5000
14211500,45.477778,-122.506667,2009-01-01 23:30:00,2009-01-02 22:30:00,68.8099,2009-01-02 14:30:00,15.0000
14211500,45.477778,-122.506667,2012-01-19 18:00:00,2012-01-20 08:00:00,51.5367,2012-01-20 00:30:00,6.5000
14211500,45.477778,-122.506667,2015-12-07 17:30:00,2015-12-08 10:00:00,77.5882,2015-12-08 01:45:00,8.2500
14211500,45.477778,-122.506667,2015-12-09 11:45:00,2015-12-09 18:45:00,32.2812,2015-12-09 15:00:00,3.2500
14211500,45.477778,-122.506667,2015-12-18 04:00:00,2015-12-18 14:00:00,34.8297,2015-12-18 08:45:00,4.7500
14325000,42.891667,-124.069444,1988-11-22 23:38:18,1988-11-23 05:38:24,339.8022,1988-11-23 01:38:21,2.0008
14325000,42.891667,-124.069444,1990-01-07 11:30:00,1990-01-08 14:30:00,549.3468,1990-01-08 06:00:00,18.5000
14325000,42.891667,-124.069444,1995-01-09 14:00:00,1995-01-10 17:00:00,682.4360,1995-01-09 21:30:00,7.5000
14325000,42.891667,-124.069444,1995-01-13 21:30:00,1995-01-14 19:30:00,407.7626,1995-01-14 02:30:00,5.0000
14325000,42.891667,-124.069444,1995-01-31 20:30:00,1995-02-01 01:30:00,305.8219,1995-02-01 00:00:00,3.5000
14325000,42.891667,-124.069444,1995-12-12 09:32:57,1995-12-13 13:08:42,495.5448,1995-12-13 00:05:57,14.5500
14325000,42.891667,-124.069444,1996-01-20 21:00:00,1996-01-21 07:00:00,382.2774,1996-01-20 23:30:00,2.5000
14325000,42.891667,-124.069444,1996-02-09 10:00:00,1996-02-09 15:00:00,314.3170,1996-02-09 12:30:00,2.5000
14325000,42.891667,-124.069444,1996-04-24 03:30:00,1996-04-24 10:30:00,317.1487,1996-04-24 06:00:00,2.5000
14325000,42.891667,-124.069444,1996-11-18 19:00:00,1996-11-20 08:30:00,1090.1986,1996-11-19 03:30:00,8.5000
14325000,42.891667,-124.069444,1996-12-05 02:00:00,1996-12-05 10:00:00,356.7923,1996-12-05 04:30:00,2.5000
14325000,42.891667,-124.069444,1996-12-08 13:30:00,1996-12-09 08:30:00,433.2478,1996-12-08 19:30:00,6.0000
14325000,42.891667,-124.069444,1996-12-30 01:00:00,1997-01-01 23:00:00,470.0597,1997-01-01 13:30:00,60.5000
14325000,42.891667,-124.069444,1998-11-21 08:00:00,1998-11-22 06:30:00,464.3963,1998-11-21 17:30:00,9.5000
14325000,42.891667,-124.069444,1998-11-30 17:30:00,1998-11-30 23:30:00,348.2972,1998-11-30 19:00:00,1.5000
14325000,42.891667,-124.069444,1998-12-02 11:00:00,1998-12-03 08:00:00,478.5547,1998-12-02 20:30:00,9.5000
14325000,42.891667,-124.069444,1999-02-06 20:30:00,1999-02-07 04:00:00,328.4754,1999-02-06 22:30:00,2.0000
14325000,42.891667,-124.069444,1999-02-18 21:00:00,1999-02-19 06:00:00,300.1586,1999-02-19 03:30:00,6.5000
14325000,42.891667,-124.069444,1999-02-28 05:00:00,1999-02-28 18:00:00,373.7824,1999-02-28 10:30:00,5.5000
14325000,42.891667,-124.069444,2000-01-11 03:00:00,2000-01-11 12:30:00,368.1190,2000-01-11 08:00:00,5.0000
14325000,42.891667,-124.069444,2000-01-14 05:00:00,2000-01-14 19:30:00,334.1388,2000-01-14 10:30:00,5.5000
14325000,42.891667,-124.069444,2000-02-27 05:30:00,2000-02-27 09:30:00,311.4853,2000-02-27 07:00:00,1.5000
14325000,42.891667,-124.069444,2002-12-14 22:00:00,2002-12-16 20:30:00,552.1785,2002-12-16 09:30:00,35.5000
14325000,42.891667,-124.069444,2002-12-27 17:00:00,2002-12-27 19:30:00,311.4853,2002-12-27 18:00:00,1.0000
14325000,42.891667,-124.069444,2002-12-31 00:30:00,2002-12-31 18:30:00,453.0695,2002-12-31 05:00:00,4.5000
14325000,42.891667,-124.069444,2003-12-13 20:00:00,2003-12-14 10:30:00,464.3963,2003-12-14 04:30:00,8.5000
14325000,42.891667,-124.069444,2004-12-08 13:00:00,2004-12-09 22:00:00,382.2774,2004-12-09 16:00:00,27.0000
14325000,42.891667,-124.069444,2005-12-22 13:00:00,2005-12-22 20:00:00,317.1487,2005-12-22 15:30:00,2.5000
14325000,42.891667,-124.069444,2005-12-28 05:00:00,2005-12-29 07:00:00,566.3369,2005-12-28 18:00:00,13.0000
14325000,42.891667,-124.069444,2005-12-30 17:30:00,2006-01-01 06:00:00,724.9113,2005-12-30 23:00:00,5.5000
14325000,42.891667,-124.069444,2006-01-10 20:30:00,2006-01-11 12:30:00,385.1091,2006-01-11 07:30:00,11.0000
14325000,42.891667,-124.069444,2006-01-17 21:00:00,2006-01-18 11:00:00,404.9309,2006-01-18 00:30:00,3.5000
14325000,42.891667,-124.069444,2006-12-26 05:30:00,2006-12-27 05:30:00,444.5745,2006-12-26 21:00:00,15.5000
14325000,42.891667,-124.069444,2007-11-19 05:30:00,2007-11-19 11:30:00,319.9804,2007-11-19 08:00:00,2.5000
14325000,42.891667,-124.069444,2007-12-03 23:30:00,2007-12-04 13:00:00,450.2379,2007-12-04 05:00:00,5.5000
14325000,42.891667,-124.069444,2008-12-29 14:00:00,2008-12-30 04:00:00,572.0003,2008-12-29 18:00:00,4.0000
14325000,42.891667,-124.069444,2010-01-01 14:00:00,2010-01-01 15:30:00,300.1586,2010-01-01 14:30:00,0.5000
14325000,42.891667,-124.069444,2010-12-29 05:30:00,2010-12-29 07:30:00,328.4754,2010-12-29 07:30:00,2.0000
14325000,42.891667,-124.069444,2012-01-19 03:45:00,2012-01-20 08:30:00,682.4360,2012-01-19 20:45:00,17.0000
14325000,42.891667,-124.069444,2012-01-21 11:45:00,2012-01-21 15:00:00,305.8219,2012-01-21 13:30:00,1.7500
14325000,42.891667,-124.069444,2012-03-15 21:45:00,2012-03-16 17:45:00,458.7329,2012-03-16 03:30:00,5.7500
14325000,42.891667,-124.069444,2012-03-21 17:00:00,2012-03-22 14:15:00,608.8122,2012-03-22 02:00:00,9.0000
14325000,42.891667,-124.069444,2012-03-30 04:30:00,2012-03-31 22:15:00,532.3567,2012-03-30 14:30:00,10.0000
14325000,42.891667,-124.069444,2012-11-20 07:15:00,2012-11-21 00:45:00,572.0003,2012-11-20 15:15:00,8.0000
14325000,42.891667,-124.069444,2012-12-02 10:30:00,2012-12-02 18:00:00,328.4754,2012-12-02 14:00:00,3.5000
14325000,42.891667,-124.069444,2014-12-21 15:45:00,2014-12-22 00:15:00,334.1388,2014-12-21 19:45:00,4.0000
14325000,42.891667,-124.069444,2015-02-06 17:00:00,2015-02-08 00:00:00,467.2280,2015-02-06 21:45:00,4.7500
14325000,42.891667,-124.069444,2015-12-08 00:45:00,2015-12-08 02:45:00,297.3269,2015-12-08 02:00:00,1.2500
14325000,42.891667,-124.069444,2015-12-13 06:00:00,2015-12-13 19:30:00,410.5943,2015-12-13 11:30:00,5.5000
14325000,42.891667,-124.069444,2015-12-18 00:45:00,2015-12-18 22:30:00,478.5547,2015-12-18 13:30:00,12.7500
14325000,42.891667,-124.069444,2016-03-13 21:45:00,2016-03-13 22:15:00,297.3269,2016-03-13 22:15:00,0.5000
14359000,42.437500,-122.986111,1977-12-15 00:33:03,1977-12-16 07:02:33,1090.1986,1977-12-15 15:02:48,14.4958
14359000,42.437500,-122.986111,1980-01-14 01:25:00,1980-01-14 05:55:06,821.1886,1980-01-14 03:25:03,2.0008
14359000,42.437500,-122.986111,1981-12-19 16:49:42,1981-12-20 16:45:30,1633.8820,1981-12-20 04:47:36,11.9650
14359000,42.437500,-122.986111,1983-02-18 03:00:00,1983-02-18 20:00:00,1435.6641,1983-02-18 09:00:00,6.0000
14359000,42.437500,-122.986111,1983-03-30 12:30:00,1983-03-31 01:00:00,1144.0006,1983-03-30 17:30:00,5.0000
14359000,42.437500,-122.986111,1996-12-05 09:00:00,1996-12-05 16:00:00,880.6539,1996-12-05 12:00:00,3.0000
14359000,42.437500,-122.986111,1996-12-08 08:30:00,1996-12-11 07:00:00,1073.2085,1996-12-09 06:30:00,22.0000
14359000,42.437500,-122.986111,1996-12-31 06:30:00,1997-01-04 04:00:00,1996.3377,1997-01-01 21:30:00,39.0000
14359000,42.437500,-122.986111,1998-01-17 11:00:00,1998-01-17 15:30:00,815.5252,1998-01-17 13:00:00,2.0000
14359000,42.437500,-122.986111,1998-11-21 23:30:00,1998-11-22 09:30:00,993.9213,1998-11-22 04:00:00,4.5000
14359000,42.437500,-122.986111,2002-12-28 11:30:00,2002-12-28 16:00:00,778.7133,2002-12-28 14:00:00,2.5000
14359000,42.437500,-122.986111,2005-12-01 23:00:00,2005-12-02 06:30:00,957.1094,2005-12-02 02:30:00,3.5000
14359000,42.437500,-122.986111,2005-12-30 20:30:00,2006-01-01 05:00:00,1755.6445,2005-12-31 05:30:00,9.0000
14359000,42.437500,-122.986111,2012-12-02 16:00:00,2012-12-03 00:30:00,1081.7035,2012-12-02 20:45:00,4.7500
14359000,42.437500,-122.986111,2015-12-13 15:30:00,2015-12-13 21:30:00,1022.2382,2015-12-13 19:15:00,3.7500
14359000,42.437500,-122.986111,2016-01-18 04:15:00,2016-01-18 07:15:00,784.3767,2016-01-18 05:30:00,1.2500
14377100,42.231944,-123.662500,1988-11-22 00:00:00,1988-11-26 15:00:00,741.9014,1988-11-23 03:00:00,27.0000
14377100,42.231944,-123.662500,1988-11-28 11:30:00,1988-11-28 19:30:00,131.9565,1988-11-28 14:30:00,3.0000
14377100,42.231944,-123.662500,1989-01-10 07:30:00,1989-01-11 18:00:00,382.2774,1989-01-10 14:30:00,7.0000
14377100,42.231944,-123.662500,1989-01-22 08:30:00,1989-01-23 01:00:00,157.1585,1989-01-22 13:00:00,4.5000
14377100,42.231944,-123.662500,1989-02-22 22:30:00,1989-02-23 07:30:00,193.1209,1989-02-23 02:30:00,4.0000
14377100,42.231944,-123.662500,1989-03-05 19:30:00,1989-03-08 01:30:18,407.7626,1989-03-06 01:00:00,5.5000
14377100,42.231944,-123.662500,1989-03-09 10:01:48,1989-03-15 08:38:18,314.3170,1989-03-10 07:02:45,21.0158
14377100,42.231944,-123.662500,1989-03-17 13:10:39,1989-03-20 14:44:00,188.0239,1989-03-18 21:12:06,32.0242
14377100,42.231944,-123.662500,1989-03-21 15:45:09,1989-03-22 22:46:33,157.1585,1989-03-21 22:15:27,6.5050
14377100,42.231944,-123.662500,1989-03-25 13:19:24,1989-03-26 17:20:42,171.3169,1989-03-25 20:49:45,7.5058
14377100,42.231944,-123.662500,1989-04-02 09:27:57,1989-04-04 06:30:03,146.9644,1989-04-03 12:29:15,27.0217
14377100,42.231944,-123.662500,1990-05-31 09:38:27,1990-06-01 23:08:45,192.2714,1990-06-01 04:08:36,18.5025
14377100,42.231944,-123.662500,1991-01-12 09:58:06,1991-01-14 04:27:45,187.7407,1991-01-13 02:57:57,16.9975
14377100,42.231944,-123.662500,1991-02-03 02:23:24,1991-02-03 11:53:18,137.6199,1991-02-03 07:23:21,4.9992
14377100,42.231944,-123.662500,1991-02-05 02:52:57,1991-02-06 04:52:45,176.1308,1991-02-05 13:22:51,10.4983
14377100,42.231944,-123.662500,1991-03-03 15:17:12,1991-03-06 11:46:33,481.3864,1991-03-05 01:46:54,34.4950
14377100,42.231944,-123.662500,1991-12-07 04:20:21,1991-12-07 14:20:30,163.3882,1991-12-07 07:50:24,3.5008
14377100,42.231944,-123.662500,1992-01-28 14:28:42,1992-01-29 03:28:42,158.8575,1992-01-28 18:58:42,4.5000
14377100,42.231944,-123.662500,1992-02-20 15:00:00,1992-02-23 03:00:00,216.9070,1992-02-20 20:00:00,5.0000
14377100,42.231944,-123.662500,1992-04-17 05:30:00,1992-04-18 12:00:00,203.0318,1992-04-17 09:30:00,4.0000
14377100,42.231944,-123.662500,1992-12-09 03:00:00,1992-12-11 18:30:00,263.6298,1992-12-10 22:30:00,43.5000
14377100,42.231944,-123.662500,1992-12-28 13:30:00,1992-12-28 21:30:00,126.5763,1992-12-28 16:30:00,3.0000
14377100,42.231944,-123.662500,1992-12-31 21:00:00,1993-01-01 15:30:00,134.5050,1993-01-01 07:30:00,10.5000
14377100,42.231944,-123.662500,1993-01-20 05:28:21,1993-01-24 06:27:27,741.9014,1993-01-20 20:58:12,15.4975
14377100,42.231944,-123.662500,1993-02-12 03:23:15,1993-02-12 19:53:06,143.5664,1993-02-12 08:23:12,4.9992
14377100,42.231944,-123.662500,1993-03-15 10:46:18,1993-03-20 16:30:00,317.1487,1993-03-18 05:00:00,66.2283
14377100,42.231944,-123.662500,1993-03-23 10:00:00,1993-03-25 10:00:00,286.0002,1993-03-23 18:00:00,8.0000
14377100,42.231944,-123.662500,1993-04-03 15:00:00,1993-04-06 11:00:00,192.5546,1993-04-05 03:30:00,35.5000
14377100,42.231944,-123.662500,1993-04-09 18:30:00,1993-04-12 08:30:00,197.6516,1993-04-10 10:00:00,15.5000
14377100,42.231944,-123.662500,1993-04-18 04:30:00,1993-04-19 14:00:00,148.3803,1993-04-18 17:30:00,13.0000
14377100,42.231944,-123.662500,1993-05-31 09:30:00,1993-05-31 20:30:00,129.1248,1993-05-31 14:00:00,4.5000
14377100,42.231944,-123.662500,1993-12-08 06:04:33,1993-12-09 16:18:30,317.1487,1993-12-09 00:42:09,18.6267
14377100,42.231944,-123.662500,1994-11-25 08:30:00,1994-11-26 01:00:00,178.6793,1994-11-25 12:30:00,4.0000
14377100,42.231944,-123.662500,1994-12-01 16:30:00,1994-12-01 21:00:00,120.0634,1994-12-01 18:30:00,2.0000
14377100,42.231944,-123.662500,1994-12-17 01:30:00,1994-12-19 07:30:00,202.1823,1994-12-17 10:30:00,9.0000
14377100,42.231944,-123.662500,1995-01-08 04:30:00,1995-01-17 20:30:00,891.9807,1995-01-09 22:30:00,42.0000
14377100,42.231944,-123.662500,1995-01-30 11:00:00,1995-02-04 15:00:00,521.0300,1995-02-01 00:30:00,37.5000
14377100,42.231944,-123.662500,1995-02-18 08:00:00,1995-02-18 14:00:00,124.5941,1995-02-18 09:30:00,1.5000
14377100,42.231944,-123.662500,1995-03-09 12:00:00,1995-03-17 01:00:00,336.9705,1995-03-10 00:30:00,12.5000
14377100,42.231944,-123.662500,1995-03-18 13:00:00,1995-03-24 11:30:00,464.3963,1995-03-20 18:00:00,53.0000
14377100,42.231944,-123.662500,1995-04-07 12:00:00,1995-04-10 00:30:00,185.4753,1995-04-08 06:00:00,18.0000
14377100,42.231944,-123.662500,1995-04-13 05:30:00,1995-04-14 22:30:00,178.3961,1995-04-13 13:30:00,8.0000
14377100,42.231944,-123.662500,1995-12-05 21:30:00,1995-12-06 11:30:00,180.6615,1995-12-06 01:30:00,4.0000
14377100,42.231944,-123.662500,1995-12-11 12:00:00,1995-12-17 08:30:00,662.6142,1995-12-13 03:30:00,39.5000
14377100,42.231944,-123.662500,1995-12-29 15:00:00,1996-01-01 08:00:00,250.3209,1995-12-31 06:00:00,39.0000
14377100,42.231944,-123.662500,1996-01-09 22:30:00,1996-01-10 14:00:00,142.4337,1996-01-10 03:00:00,4.5000
14377100,42.231944,-123.662500,1996-01-15 20:30:00,1996-01-26 03:00:00,370.9507,1996-01-21 04:00:00,127.5000
14377100,42.231944,-123.662500,1996-01-27 08:30:00,1996-01-30 01:30:00,353.9606,1996-01-28 01:30:00,17.0000
14377100,42.231944,-123.662500,1996-02-04 13:30:00,1996-02-11 20:00:00,263.9130,1996-02-09 15:30:00,122.0000
14377100,42.231944,-123.662500,1996-02-18 06:30:00,1996-02-25 06:30:00,257.9665,1996-02-19 12:00:00,29.5000
14377100,42.231944,-123.662500,1996-03-04 20:30:00,1996-03-06 19:30:00,222.5704,1996-03-05 12:00:00,15.5000
14377100,42.231944,-123.662500,1996-03-08 01:00:00,1996-03-12 23:00:00,166.5031,1996-03-11 23:00:00,94.0000
14377100,42.231944,-123.662500,1996-04-01 07:00:00,1996-04-03 00:00:00,214.9249,1996-04-01 19:30:00,12.5000
14377100,42.231944,-123.662500,1996-04-24 01:00:00,1996-04-26 21:00:00,424.7527,1996-04-24 12:00:00,11.0000
14377100,42.231944,-123.662500,1996-05-18 14:30:00,1996-05-19 23:00:00,169.6179,1996-05-18 22:00:00,7.5000
14377100,42.231944,-123.662500,1996-05-21 21:30:00,1996-05-22 23:30:00,165.9367,1996-05-22 04:00:00,6.5000
14377100,42.231944,-123.662500,1996-11-18 18:30:00,1996-11-21 03:00:00,651.2875,1996-11-19 04:00:00,9.5000
14377100,42.231944,-123.662500,1996-12-04 23:30:00,1996-12-12 07:30:00,790.0400,1996-12-08 23:30:00,96.0000
14377100,42.231944,-123.662500,1996-12-25 23:00:00,1997-01-03 07:30:00,1059.0501,1997-01-01 17:00:00,162.0000
14377100,42.231944,-123.662500,1997-01-25 20:00:00,1997-01-30 02:30:00,257.9665,1997-01-26 10:00:00,14.0000
14377100,42.231944,-123.662500,1997-01-31 21:30:00,1997-02-02 09:30:00,183.4932,1997-02-01 08:30:00,11.0000
14377100,42.231944,-123.662500,1997-04-20 14:30:00,1997-04-20 22:00:00,139.3189,1997-04-20 17:00:00,2.5000
14377100,42.231944,-123.662500,1997-04-22 02:00:00,1997-04-22 06:30:00,120.9129,1997-04-22 03:30:00,1.5000
14377100,42.231944,-123.662500,1997-04-23 07:00:00,1997-04-24 01:00:00,131.1070,1997-04-23 10:00:00,3.0000
14377100,42.231944,-123.662500,1997-12-17 08:30:00,1997-12-18 07:00:00,178.9625,1997-12-17 16:30:00,8.0000
14377100,42.231944,-123.662500,1998-01-04 04:00:00,1998-01-05 03:30:00,160.5565,1998-01-04 08:30:00,4.5000
14377100,42.231944,-123.662500,1998-01-11 18:30:00,1998-01-28 12:00:00,710.7528,1998-01-17 12:30:00,138.0000
14377100,42.231944,-123.662500,1998-01-30 04:30:00,1998-01-30 13:00:00,120.6298,1998-01-30 07:30:00,3.0000
14377100,42.231944,-123.662500,1998-02-03 12:30:00,1998-02-03 22:30:00,122.6119,1998-02-03 17:00:00,4.5000
14377100,42.231944,-123.662500,1998-02-05 17:30:00,1998-02-16 20:00:00,217.1902,1998-02-11 13:30:00,140.0000
14377100,42.231944,-123.662500,1998-02-19 13:00:00,1998-02-24 22:30:00,472.8913,1998-02-21 19:30:00,54.5000
14377100,42.231944,-123.662500,1998-03-22 13:00:00,1998-03-27 00:00:00,498.3765,1998-03-24 00:00:00,35.0000
14377100,42.231944,-123.662500,1998-11-21 06:30:00,1998-11-28 10:30:00,761.7232,1998-11-21 23:00:00,16.5000
14377100,42.231944,-123.662500,1998-11-29 20:00:00,1998-12-05 09:30:00,532.3567,1998-12-02 21:00:00,73.0000
14377100,42.231944,-123.662500,1999-01-17 23:30:00,1999-01-25 14:30:00,518.1983,1999-01-23 04:00:00,124.5000
14377100,42.231944,-123.662500,1999-02-06 18:30:00,1999-02-10 03:15:00,356.7923,1999-02-07 17:00:00,22.5000
14377100,42.231944,-123.662500,2000-01-20 04:00:00,2000-01-21 12:30:00,154.3268,2000-01-20 10:30:00,6.5000
14377100,42.231944,-123.662500,2000-01-24 21:30:00,2000-01-26 08:30:00,127.1426,2000-01-25 23:00:00,25.5000
14377100,42.231944,-123.662500,2000-02-14 08:00:00,2000-02-16 21:30:00,331.3071,2000-02-15 01:30:00,17.5000
14377100,42.231944,-123.662500,2000-02-26 17:00:00,2000-03-01 22:00:00,387.9408,2000-02-27 08:30:00,15.5000
14377100,42.231944,-123.662500,2001-11-22 07:00:00,2001-11-23 06:30:00,173.2991,2001-11-22 21:00:00,14.0000
14377100,42.231944,-123.662500,2001-11-29 00:00:00,2001-11-30 05:30:00,283.1685,2001-11-29 06:00:00,6.0000
14377100,42.231944,-123.662500,2001-12-01 20:00:00,2001-12-03 18:30:00,152.3446,2001-12-02 01:00:00,5.0000
14377100,42.231944,-123.662500,2001-12-05 15:30:00,2001-12-07 13:00:00,227.1011,2001-12-06 10:00:00,18.5000
14377100,42.231944,-123.662500,2001-12-14 04:30:00,2001-12-15 09:30:00,325.6437,2001-12-14 09:30:00,5.0000
14377100,42.231944,-123.662500,2001-12-17 08:30:00,2001-12-20 18:00:00,194.2536,2001-12-17 13:00:00,4.5000
14377100,42.231944,-123.662500,2002-01-02 17:30:00,2002-01-03 22:00:00,159.4238,2002-01-03 01:00:00,7.5000
14377100,42.231944,-123.662500,2002-01-06 08:30:00,2002-01-10 10:00:00,334.1388,2002-01-06 19:00:00,10.5000
14377100,42.231944,-123.662500,2002-01-26 05:30:00,2002-01-27 07:00:00,180.9446,2002-01-26 13:00:00,7.5000
14377100,42.231944,-123.662500,2002-02-07 19:00:00,2002-02-09 15:00:00,308.6536,2002-02-08 05:30:00,10.5000
14377100,42.231944,-123.662500,2002-02-20 21:00:00,2002-02-21 01:00:00,119.4971,2002-02-20 22:30:00,1.5000
14377100,42.231944,-123.662500,2002-02-23 22:00:00,2002-02-24 01:30:00,118.9308,2002-02-23 23:30:00,1.5000
14377100,42.231944,-123.662500,2002-03-12 14:00:00,2002-03-12 18:00:00,119.4971,2002-03-12 16:00:00,2.0000
14377100,42.231944,-123.662500,2002-11-10 15:00:00,2002-11-10 23:00:00,149.2298,2002-11-10 19:00:00,4.0000
14377100,42.231944,-123.662500,2002-12-14 12:00:00,2002-12-18 09:00:00,620.1389,2002-12-16 14:30:00,50.5000
14377100,42.231944,-123.662500,2002-12-21 06:00:00,2002-12-22 01:00:00,150.0793,2002-12-21 14:00:00,8.0000
14377100,42.231944,-123.662500,2002-12-27 11:30:00,2003-01-05 21:00:00,532.3567,2002-12-28 03:30:00,16.0000
14377100,42.231944,-123.662500,2003-01-14 02:30:00,2003-01-15 10:00:00,180.6615,2003-01-14 09:30:00,7.0000
14377100,42.231944,-123.662500,2003-01-25 06:00:00,2003-01-26 03:30:00,149.5130,2003-01-25 11:00:00,5.0000
14377100,42.231944,-123.662500,2003-01-27 11:00:00,2003-01-29 01:30:00,198.7843,2003-01-27 21:30:00,10.5000
14377100,42.231944,-123.662500,2003-02-17 06:30:00,2003-02-17 21:30:00,124.5941,2003-02-17 16:00:00,9.5000
14377100,42.231944,-123.662500,2003-03-15 08:00:00,2003-03-17 03:00:00,210.1110,2003-03-15 16:00:00,8.0000
14377100,42.231944,-123.662500,2003-03-23 00:30:00,2003-03-23 19:30:00,166.2199,2003-03-23 05:00:00,4.5000
14377100,42.231944,-123.662500,2003-03-26 04:30:00,2003-03-28 03:00:00,210.1110,2003-03-26 15:30:00,11.0000
14377100,42.231944,-123.662500,2003-12-06 14:30:00,2003-12-06 23:30:00,159.4238,2003-12-06 18:00:00,3.5000
14377100,42.231944,-123.662500,2003-12-13 07:30:00,2003-12-15 12:30:00,444.5745,2003-12-13 21:30:00,14.0000
14377100,42.231944,-123.662500,2003-12-29 11:30:00,2003-12-31 00:00:00,300.1586,2003-12-30 01:30:00,14.0000
14377100,42.231944,-123.662500,2004-01-01 18:00:00,2004-01-02 17:30:00,178.1130,2004-01-01 23:30:00,5.5000
14377100,42.231944,-123.662500,2004-01-08 15:00:00,2004-01-11 04:00:00,178.6793,2004-01-09 08:00:00,17.0000
14377100,42.231944,-123.662500,2004-01-27 16:30:00,2004-01-28 12:30:00,157.4417,2004-01-28 00:00:00,7.5000
14377100,42.231944,-123.662500,2004-02-16 22:30:00,2004-02-20 09:30:00,387.9408,2004-02-17 20:00:00,21.5000
14377100,42.231944,-123.662500,2004-02-26 13:30:00,2004-02-28 09:30:00,191.4219,2004-02-27 05:00:00,15.5000
14377100,42.231944,-123.662500,2004-04-21 02:30:00,2004-04-22 06:45:00,227.6674,2004-04-21 12:15:00,9.7500
14377100,42.231944,-123.662500,2004-12-07 10:00:00,2004-12-09 07:45:00,543.6835,2004-12-09 05:45:00,43.7500
14377100,42.231944,-123.662500,2005-03-21 05:30:00,2005-03-21 10:15:00,127.4258,2005-03-21 07:00:00,1.5000
14377100,42.231944,-123.662500,2005-03-28 01:30:00,2005-03-30 22:45:00,291.6635,2005-03-29 15:45:00,38.2500
14377100,42.231944,-123.662500,2005-04-08 21:45:00,2005-04-10 07:30:00,244.0912,2005-04-09 05:45:00,8.0000
14377100,42.231944,-123.662500,2005-05-18 20:45:00,2005-05-19 10:00:00,124.5941,2005-05-18 22:45:00,2.0000
14377100,42.231944,-123.662500,2005-11-06 08:00:00,2005-11-07 10:30:00,242.9585,2005-11-06 16:00:00,8.0000
14377100,42.231944,-123.662500,2005-11-29 07:30:00,2005-11-29 14:00:00,122.0456,2005-11-29 10:00:00,2.5000
14377100,42.231944,-123.662500,2005-12-01 11:15:00,2005-12-03 13:30:00,572.0003,2005-12-01 22:15:00,11.0000
14377100,42.231944,-123.662500,2005-12-19 16:30:00,2005-12-24 21:30:00,402.0992,2005-12-23 02:45:00,82.2500
14377100,42.231944,-123.662500,2005-12-26 10:45:00,2006-01-05 13:45:00,1039.2283,2005-12-31 03:15:00,112.5000
14377100,42.231944,-123.662500,2006-01-08 03:15:00,2006-01-08 18:30:00,121.1961,2006-01-08 11:45:00,8.5000
14377100,42.231944,-123.662500,2006-01-10 11:15:00,2006-01-22 14:30:00,591.8221,2006-01-11 08:45:00,21.5000
14377100,42.231944,-123.662500,2006-01-28 18:15:00,2006-02-06 22:45:00,373.7824,2006-02-01 17:00:00,94.7500
14377100,42.231944,-123.662500,2006-02-27 23:45:00,2006-03-01 17:30:00,191.1387,2006-02-28 18:45:00,19.0000
14377100,42.231944,-123.662500,2006-03-07 07:45:00,2006-03-08 10:30:00,158.8575,2006-03-07 15:45:00,8.0000
14377100,42.231944,-123.662500,2006-03-16 19:15:00,2006-03-17 22:00:00,181.2278,2006-03-17 02:45:00,7.5000
14377100,42.231944,-123.662500,2006-11-14 07:00:00,2006-11-14 16:15:00,162.2555,2006-11-14 10:30:00,3.5000
14377100,42.231944,-123.662500,2006-11-22 16:30:00,2006-11-24 01:30:00,252.3031,2006-11-23 06:45:00,14.2500
14377100,42.231944,-123.662500,2006-11-27 04:30:00,2006-11-27 12:15:00,123.1783,2006-11-27 08:00:00,3.5000
14377100,42.231944,-123.662500,2006-12-12 03:30:00,2006-12-17 04:15:00,526.6933,2006-12-13 20:15:00,40.7500
14377100,42.231944,-123.662500,2006-12-25 14:00:00,2006-12-28 07:45:00,719.2479,2006-12-27 02:15:00,36.2500
14377100,42.231944,-123.662500,2007-01-03 20:45:00,2007-01-06 03:30:00,302.9903,2007-01-04 04:30:00,7.7500
14377100,42.231944,-123.662500,2007-02-11 10:30:00,2007-02-12 17:30:00,181.2278,2007-02-11 21:00:00,10.5000
14377100,42.231944,-123.662500,2007-02-25 02:30:00,2007-02-27 08:30:00,234.1803,2007-02-25 17:45:00,15.2500
14377100,42.231944,-123.662500,2007-03-08 05:30:00,2007-03-08 14:30:00,122.0456,2007-03-08 09:00:00,3.5000
14377100,42.231944,-123.662500,2007-10-19 11:30:00,2007-10-20 05:15:00,331.3071,2007-10-19 16:30:00,5.0000
14377100,42.231944,-123.662500,2007-11-18 03:30:00,2007-11-19 23:15:00,141.5842,2007-11-18 07:00:00,3.5000
14377100,42.231944,-123.662500,2007-12-04 04:00:00,2007-12-05 04:30:00,288.8318,2007-12-04 09:30:00,5.5000
14377100,42.231944,-123.662500,2007-12-18 22:00:00,2007-12-21 14:45:00,328.4754,2007-12-20 12:00:00,38.0000
14377100,42.231944,-123.662500,2007-12-24 11:00:00,2007-12-25 00:45:00,141.8674,2007-12-24 15:30:00,4.5000
14377100,42.231944,-123.662500,2008-01-04 18:15:00,2008-01-07 04:00:00,300.1586,2008-01-04 22:45:00,4.5000
14377100,42.231944,-123.662500,2008-01-08 17:45:00,2008-01-14 01:15:00,203.8813,2008-01-09 06:45:00,13.0000
14377100,42.231944,-123.662500,2008-01-31 18:15:00,2008-02-04 18:00:00,280.9031,2008-02-01 00:15:00,6.0000
14377100,42.231944,-123.662500,2008-12-25 11:15:00,2008-12-25 16:15:00,124.0278,2008-12-25 13:15:00,2.0000
14377100,42.231944,-123.662500,2009-01-02 10:30:00,2009-01-03 18:00:00,267.3110,2009-01-02 17:00:00,6.5000
14377100,42.231944,-123.662500,2009-02-23 01:00:00,2009-02-26 22:45:00,281.4695,2009-02-24 04:15:00,27.2500
14377100,42.231944,-123.662500,2009-03-02 14:15:00,2009-03-04 19:15:00,178.1130,2009-03-02 18:45:00,4.5000
14377100,42.231944,-123.662500,2009-03-15 23:45:00,2009-03-18 16:45:00,402.0992,2009-03-16 20:45:00,21.0000
14377100,42.231944,-123.662500,2009-05-05 05:30:00,2009-05-06 06:15:00,216.3407,2009-05-05 11:30:00,6.0000
14377100,42.231944,-123.662500,2009-12-16 04:30:00,2009-12-17 02:00:00,173.0159,2009-12-16 12:30:00,8.0000
14377100,42.231944,-123.662500,2010-01-01 01:15:00,2010-01-03 06:30:00,506.8716,2010-01-01 16:00:00,14.7500
14377100,42.231944,-123.662500,2010-01-12 21:15:00,2010-01-15 04:00:00,264.4793,2010-01-13 21:00:00,23.7500
14377100,42.231944,-123.662500,2010-01-25 05:00:00,2010-01-26 17:15:00,168.4852,2010-01-25 11:30:00,6.5000
14377100,42.231944,-123.662500,2010-03-29 22:00:00,2010-04-01 02:15:00,201.6159,2010-03-30 15:00:00,17.0000
14377100,42.231944,-123.662500,2010-04-02 21:45:00,2010-04-04 02:00:00,186.3249,2010-04-03 02:00:00,4.2500
14377100,42.231944,-123.662500,2010-04-06 10:15:00,2010-04-06 23:00:00,123.4615,2010-04-06 15:15:00,5.0000
14377100,42.231944,-123.662500,2010-04-27 14:30:00,2010-04-28 06:45:00,247.2061,2010-04-28 06:45:00,16.2500
14377100,42.231944,-123.662500,2010-06-03 05:45:00,2010-06-06 03:15:00,345.4655,2010-06-04 16:45:00,35.0000
14377100,42.231944,-123.662500,2010-12-01 14:15:00,2010-12-03 08:15:00,213.5090,2010-12-01 19:45:00,5.5000
14377100,42.231944,-123.662500,2010-12-12 04:15:00,2010-12-12 14:15:00,128.2753,2010-12-12 08:00:00,3.7500
14377100,42.231944,-123.662500,2010-12-14 03:15:00,2010-12-15 23:30:00,216.3407,2010-12-14 21:15:00,18.0000
14377100,42.231944,-123.662500,2010-12-18 19:45:00,2010-12-22 20:30:00,247.2061,2010-12-21 00:15:00,52.5000
14377100,42.231944,-123.662500,2010-12-27 06:15:00,2010-12-31 08:00:00,501.2082,2010-12-29 09:30:00,51.2500
14377100,42.231944,-123.662500,2011-01-13 19:30:00,2011-01-15 13:00:00,261.0813,2011-01-14 04:15:00,8.7500
14377100,42.231944,-123.662500,2011-01-16 14:45:00,2011-01-18 11:15:00,182.0773,2011-01-17 10:45:00,20.0000
14377100,42.231944,-123.662500,2011-02-15 18:30:00,2011-02-16 07:45:00,234.4635,2011-02-16 04:30:00,10.0000
14377100,42.231944,-123.662500,2011-03-03 01:30:00,2011-03-03 06:30:00,118.9308,2011-03-03 03:15:00,1.7500
14377100,42.231944,-123.662500,2011-03-05 16:30:00,2011-03-12 21:30:00,276.9388,2011-03-11 01:00:00,128.5000
14377100,42.231944,-123.662500,2011-03-13 23:45:00,2011-03-20 13:15:00,288.8318,2011-03-16 07:45:00,56.0000
14377100,42.231944,-123.662500,2011-03-28 20:30:00,2011-03-29 01:30:00,126.2931,2011-03-28 23:15:00,2.7500
14377100,42.231944,-123.662500,2011-04-16 04:00:00,2011-04-19 22:00:00,166.2199,2011-04-18 19:00:00,63.0000
14377100,42.231944,-123.662500,2011-11-22 19:00:00,2011-11-24 15:15:00,176.9803,2011-11-24 06:45:00,35.7500
14377100,42.231944,-123.662500,2011-12-30 08:45:00,2011-12-31 16:00:00,294.4952,2011-12-30 21:45:00,13.0000
14377100,42.231944,-123.662500,2012-01-19 02:00:00,2012-01-27 22:45:00,804.1984,2012-01-20 01:15:00,23.2500
14377100,42.231944,-123.662500,2012-03-15 14:45:00,2012-03-19 04:45:00,518.1983,2012-03-16 15:30:00,24.7500
14377100,42.231944,-123.662500,2012-03-21 04:00:00,2012-03-24 07:15:00,311.4853,2012-03-22 10:15:00,30.2500
14377100,42.231944,-123.662500,2012-03-28 02:30:00,2012-04-05 15:15:00,792.8717,2012-03-30 22:30:00,68.0000
14377100,42.231944,-123.662500,2012-11-20 09:45:00,2012-11-22 12:45:00,376.6141,2012-11-20 21:00:00,11.2500
14377100,42.231944,-123.662500,2012-11-29 23:30:00,2012-12-07 17:00:00,727.7430,2012-12-02 18:30:00,67.0000
14377100,42.231944,-123.662500,2012-12-17 09:30:00,2012-12-18 17:30:00,256.5506,2012-12-17 15:15:00,5.7500
14377100,42.231944,-123.662500,2012-12-20 23:45:00,2012-12-27 13:00:00,218.0397,2012-12-26 09:45:00,130.0000
14377100,42.231944,-123.662500,2013-01-24 06:30:00,2013-01-24 15:00:00,134.2219,2013-01-24 09:00:00,2.5000
14377100,42.231944,-123.662500,2013-01-26 09:00:00,2013-01-26 18:00:00,124.3110,2013-01-26 12:45:00,3.7500
14377100,42.231944,-123.662500,2013-09-30 10:45:00,2013-09-30 18:45:00,171.3169,2013-09-30 13:15:00,2.5000
14377100,42.231944,-123.662500,2014-02-13 00:45:00,2014-02-17 16:45:00,518.1983,2014-02-15 01:30:00,48.7500
14377100,42.231944,-123.662500,2014-02-19 09:15:00,2014-02-20 00:00:00,148.0971,2014-02-19 13:30:00,4.2500
14377100,42.231944,-123.662500,2014-03-06 10:45:00,2014-03-08 02:00:00,212.6595,2014-03-07 05:15:00,18.5000
14377100,42.231944,-123.662500,2014-03-09 13:45:00,2014-03-12 04:00:00,334.1388,2014-03-09 21:30:00,7.7500
14377100,42.231944,-123.662500,2014-03-29 00:45:00,2014-03-31 09:45:00,342.6338,2014-03-29 12:45:00,12.0000
14377100,42.231944,-123.662500,2014-11-22 11:00:00,2014-11-23 05:15:00,193.1209,2014-11-22 15:45:00,4.7500
14377100,42.231944,-123.662500,2014-12-11 19:30:00,2014-12-13 00:30:00,185.4753,2014-12-12 06:15:00,10.7500
14377100,42.231944,-123.662500,2014-12-20 04:00:00,2014-12-23 15:45:00,351.1289,2014-12-21 21:00:00,41.0000
14377100,42.231944,-123.662500,2015-01-18 02:30:00,2015-01-19 12:15:00,225.4021,2015-01-18 16:30:00,14.0000
14377100,42.231944,-123.662500,2015-02-03 18:45:00,2015-02-04 09:15:00,170.1842,2015-02-03 23:15:00,4.5000
14377100,42.231944,-123.662500,2015-02-06 04:00:00,2015-02-11 19:15:00,778.7133,2015-02-07 00:45:00,20.7500
14377100,42.231944,-123.662500,2015-03-24 12:15:00,2015-03-25 04:00:00,185.4753,2015-03-24 16:00:00,3.7500
14377100,42.231944,-123.662500,2015-12-04 07:45:00,2015-12-04 16:30:00,135.6377,2015-12-04 10:15:00,2.5000
14377100,42.231944,-123.662500,2015-12-07 22:30:00,2015-12-15 05:00:00,651.2875,2015-12-13 16:45:00,138.2500
14377100,42.231944,-123.662500,2015-12-17 21:00:00,2015-12-24 21:45:00,450.2379,2015-12-18 20:30:00,23.5000
14377100,42.231944,-123.662500,2016-01-13 12:15:00,2016-01-26 06:30:00,685.2677,2016-01-18 04:15:00,112.0000
14377100,42.231944,-123.662500,2016-01-28 22:15:00,2016-02-01 04:15:00,271.8417,2016-01-29 23:15:00,25.0000
14377100,42.231944,-123.662500,2016-02-19 05:15:00,2016-02-20 13:45:00,138.7525,2016-02-19 23:45:00,18.5000
14377100,42.231944,-123.662500,2016-03-05 22:00:00,2016-03-17 00:45:00,455.9012,2016-03-14 03:45:00,196.7500
14377100,42.231944,-123.662500,2016-03-21 17:15:00,2016-03-24 10:00:00,246.3566,2016-03-22 08:00:00,14.7500
14187500,44.498611,-122.822222,1996-02-07 14:30:00,1996-02-13 14:30:00,826.8519,1996-02-08 01:00:00,10.5000
14187500,44.498611,-122.822222,1996-11-19 09:30:00,1996-11-20 10:30:00,622.9706,1996-11-19 17:30:00,8.0000
14187500,44.498611,-122.822222,1998-12-29 10:00:00,1998-12-29 13:30:00,549.3468,1998-12-29 11:00:00,1.0000
12350250,46.443333,-114.122778,1996-06-04 15:30:00,1996-06-07 00:00:00,487.0498,1996-06-05 20:45:00,29.2500
12350250,46.443333,-114.122778,1996-06-08 13:15:00,1996-06-12 06:15:00,529.5250,1996-06-09 22:15:00,33.0000
12350250,46.443333,-114.122778,2003-05-29 19:15:00,2003-06-01 12:30:00,498.3765,2003-05-31 16:00:00,44.7500
12352500,46.831944,-114.053056,1996-06-05 17:15:00,1996-06-13 22:00:00,574.8320,1996-06-11 01:30:00,128.2500
12352500,46.831944,-114.053056,1996-06-18 04:15:00,1996-06-18 18:30:00,453.0695,1996-06-18 08:45:00,4.5000
12352500,46.831944,-114.053056,1997-05-14 14:00:00,1997-05-26 18:15:00,702.2578,1997-05-19 02:00:00,108.0000
12352500,46.831944,-114.053056,1997-05-31 09:45:00,1997-06-14 22:45:00,591.8221,1997-06-02 20:15:00,58.5000
12352500,46.831944,-114.053056,2003-05-27 04:15:00,2003-06-03 19:30:00,611.6439,2003-06-01 16:30:00,132.2500
12352500,46.831944,-114.053056,2006-05-20 05:15:00,2006-05-22 20:30:00,495.5448,2006-05-21 15:00:00,33.7500
12352500,46.831944,-114.053056,2008-05-20 03:45:00,2008-05-23 14:15:00,555.0102,2008-05-21 18:45:00,39.0000
12352500,46.831944,-114.053056,2009-05-25 19:00:00,2009-05-27 19:15:00,472.8913,2009-05-26 11:30:00,16.5000
12352500,46.831944,-114.053056,2009-05-29 09:15:00,2009-06-03 03:30:00,506.8716,2009-06-01 12:30:00,75.2500
12352500,46.831944,-114.053056,2011-06-08 07:15:00,2011-06-11 05:00:00,526.6933,2011-06-09 11:30:00,28.2500
12352500,46.831944,-114.053056,2011-06-24 00:45:00,2011-06-26 03:15:00,521.0300,2011-06-25 13:45:00,37.0000
12352500,46.831944,-114.053056,2011-07-01 00:15:00,2011-07-01 22:00:00,461.5646,2011-07-01 13:00:00,12.7500
12352500,46.831944,-114.053056,2012-04-27 16:15:00,2012-04-29 00:30:00,498.3765,2012-04-28 09:45:00,17.5000
12352500,46.831944,-114.053056,2014-05-25 09:00:00,2014-05-30 19:45:00,481.3864,2014-05-26 02:30:00,17.5000
12353000,46.869167,-114.125833,1997-05-15 21:15:00,1997-05-21 08:30:00,1560.2582,1997-05-19 00:00:00,74.7500
12353000,46.869167,-114.125833,1997-06-02 01:00:00,1997-06-04 00:15:00,1231.7828,1997-06-02 20:45:00,19.7500
12353000,46.869167,-114.125833,1997-06-06 01:30:00,1997-06-07 15:45:00,1186.4759,1997-06-06 15:00:00,13.5000
12353000,46.869167,-114.125833,2011-06-08 10:15:00,2011-06-14 01:15:00,1330.8918,2011-06-09 21:45:00,35.5000
13249500,43.930556,-116.442778,1996-05-16 05:15:00,1996-05-19 20:15:00,538.0201,1996-05-19 01:00:00,67.7500
13249500,43.930556,-116.442778,1997-01-01 05:21:54,1997-01-04 03:37:48,863.6638,1997-01-02 12:22:18,31.0067
13249500,43.930556,-116.442778,1997-04-21 02:14:03,1997-04-21 20:00:00,518.1983,1997-04-21 12:14:48,10.0125
13249500,43.930556,-116.442778,2006-04-30 21:00:00,2006-05-01 06:00:00,472.8913,2006-04-30 23:30:00,2.5000
13249500,43.930556,-116.442778,2006-05-20 21:15:00,2006-05-22 00:45:00,467.2280,2006-05-21 15:15:00,18.0000
13249500,43.930556,-116.442778,2010-06-05 05:00:00,2010-06-11 21:15:00,690.9311,2010-06-05 22:45:00,17.7500
13249500,43.930556,-116.442778,2012-04-27 02:30:00,2012-04-28 09:00:00,600.3171,2012-04-27 17:50:00,15.3333
14301500,45.476111,-123.723889,1986-11-24 09:00:00,1986-11-24 19:00:00,370.9507,1986-11-24 11:30:00,2.5000
14301500,45.476111,-123.723889,1987-02-01 08:00:00,1987-02-01 23:00:00,535.1884,1987-02-01 14:30:00,6.5000
14301500,45.476111,-123.723889,1987-03-03 20:00:00,1987-03-04 09:30:00,467.2280,1987-03-04 03:00:00,7.0000
14301500,45.476111,-123.723889,1989-12-04 15:00:00,1989-12-05 21:30:00,877.8222,1989-12-04 22:30:00,7.5000
14301500,45.476111,-123.723889,1990-01-07 09:30:00,1990-01-07 16:30:00,410.5943,1990-01-07 11:00:00,1.5000
14301500,45.476111,-123.723889,1990-01-09 10:00:00,1990-01-10 16:30:00,855.1688,1990-01-10 01:30:00,15.5000
14301500,45.476111,-123.723889,1990-01-29 00:30:00,1990-01-29 06:00:00,370.9507,1990-01-29 02:30:00,2.0000
14301500,45.476111,-123.723889,1990-02-10 09:00:00,1990-02-11 08:00:00,416.2576,1990-02-10 23:30:00,14.5000
14301500,45.476111,-123.723889,1990-11-25 05:00:00,1990-11-25 13:30:00,387.9408,1990-11-25 07:00:00,2.0000
14301500,45.476111,-123.723889,1991-04-04 21:30:00,1991-04-06 05:00:00,730.5746,1991-04-05 13:00:00,15.5000
14301500,45.476111,-123.723889,1992-01-28 11:30:00,1992-01-28 15:30:00,368.1190,1992-01-28 13:00:00,1.5000
14301500,45.476111,-123.723889,1994-11-30 21:00:00,1994-12-01 12:30:00,566.3369,1994-12-01 03:30:00,6.5000
14301500,45.476111,-123.723889,1994-12-17 10:00:00,1994-12-18 01:00:00,447.4062,1994-12-17 15:30:00,5.5000
14301500,45.476111,-123.723889,1994-12-20 14:00:00,1994-12-21 04:30:00,376.6141,1994-12-20 16:00:00,2.0000
14301500,45.476111,-123.723889,1994-12-27 07:30:00,1994-12-28 00:00:00,509.7032,1994-12-27 13:30:00,6.0000
14301500,45.476111,-123.723889,1995-01-31 17:30:00,1995-02-01 06:30:00,430.4161,1995-01-31 22:00:00,4.5000
14301500,45.476111,-123.723889,1995-02-19 12:30:00,1995-02-19 18:30:00,353.9606,1995-02-19 16:00:00,3.5000
14301500,45.476111,-123.723889,1995-11-11 13:30:00,1995-11-12 02:00:00,475.7230,1995-11-11 18:00:00,4.5000
14301500,45.476111,-123.723889,1995-11-28 06:30:00,1995-11-30 18:00:00,552.1785,1995-11-30 00:30:00,42.0000
14301500,45.476111,-123.723889,1996-04-23 14:30:00,1996-04-24 13:00:00,546.5151,1996-04-23 23:00:00,8.5000
14301500,45.476111,-123.723889,1996-12-29 19:00:00,1996-12-30 13:00:00,436.0794,1996-12-30 06:00:00,11.0000
14301500,45.476111,-123.723889,1997-10-30 19:00:00,1997-10-31 09:00:00,620.1389,1997-10-31 00:30:00,5.5000
14301500,45.476111,-123.723889,1997-12-17 02:00:00,1997-12-17 07:30:00,362.4556,1997-12-17 04:30:00,2.5000
14301500,45.476111,-123.723889,1998-11-21 03:00:00,1998-11-21 12:30:00,413.4260,1998-11-21 05:00:00,2.0000
14301500,45.476111,-123.723889,1998-11-25 15:00:00,1998-11-26 19:00:00,492.7131,1998-11-26 03:30:00,12.5000
14301500,45.476111,-123.723889,1998-12-02 09:30:00,1998-12-02 20:00:00,402.0992,1998-12-02 11:00:00,1.5000
14301500,45.476111,-123.723889,1998-12-28 00:00:00,1998-12-30 02:00:00,999.5847,1998-12-28 07:30:00,7.5000
14301500,45.476111,-123.723889,1999-02-24 12:30:00,1999-02-25 08:30:00,470.0597,1999-02-24 23:30:00,11.0000
14301500,45.476111,-123.723889,1999-02-27 21:30:00,1999-02-28 17:00:00,489.8814,1999-02-28 04:00:00,6.5000
14301500,45.476111,-123.723889,1999-11-25 10:30:00,1999-11-26 22:30:00,719.2479,1999-11-26 03:30:00,17.0000
14301500,45.476111,-123.723889,1999-12-15 12:00:00,1999-12-16 12:30:00,416.2576,1999-12-16 03:00:00,15.0000
14301500,45.476111,-123.723889,2001-11-14 12:30:00,2001-11-15 01:00:00,438.9111,2001-11-14 14:30:00,2.0000
14301500,45.476111,-123.723889,2001-12-14 06:00:00,2001-12-14 10:00:00,362.4556,2001-12-14 07:00:00,1.0000
14301500,45.476111,-123.723889,2001-12-16 23:00:00,2001-12-17 15:00:00,464.3963,2001-12-17 07:00:00,8.0000
14301500,45.476111,-123.723889,2002-01-07 15:30:00,2002-01-08 13:00:00,427.5844,2002-01-08 06:30:00,15.0000
14301500,45.476111,-123.723889,2002-01-25 11:30:00,2002-01-26 00:00:00,444.5745,2002-01-25 16:30:00,5.0000
14301500,45.476111,-123.723889,2003-01-31 14:30:00,2003-02-01 11:30:00,504.0399,2003-02-01 01:00:00,10.5000
14301500,45.476111,-123.723889,2004-01-29 15:45:00,2004-01-30 00:45:00,356.7923,2004-01-29 18:15:00,2.5000
14301500,45.476111,-123.723889,2006-01-10 07:00:00,2006-01-11 23:15:00,639.9607,2006-01-10 15:30:00,8.5000
14301500,45.476111,-123.723889,2006-01-30 09:00:00,2006-01-31 02:00:00,492.7131,2006-01-30 15:00:00,6.0000
14301500,45.476111,-123.723889,2006-11-06 09:15:00,2006-11-08 13:30:00,1093.0303,2006-11-07 00:00:00,14.7500
14301500,45.476111,-123.723889,2006-12-15 00:45:00,2006-12-15 15:15:00,433.2478,2006-12-15 05:30:00,4.7500
14301500,45.476111,-123.723889,2007-12-03 07:00:00,2007-12-04 22:30:00,937.2876,2007-12-03 19:30:00,12.5000
14301500,45.476111,-123.723889,2008-11-13 01:00:00,2008-11-13 16:45:00,662.6142,2008-11-13 06:00:00,5.0000
14301500,45.476111,-123.723889,2009-01-01 20:30:00,2009-01-02 18:45:00,538.0201,2009-01-02 02:15:00,5.7500
14301500,45.476111,-123.723889,2009-01-07 19:15:00,2009-01-09 07:45:00,662.6142,2009-01-08 12:30:00,17.2500
14301500,45.476111,-123.723889,2010-12-13 02:00:00,2010-12-13 11:15:00,379.4457,2010-12-13 05:45:00,3.7500
14301500,45.476111,-123.723889,2011-01-16 14:30:00,2011-01-17 19:45:00,555.0102,2011-01-16 23:30:00,9.0000
14301500,45.476111,-123.723889,2011-03-10 11:15:00,2011-03-10 20:45:00,410.5943,2011-03-10 15:00:00,3.7500
14301500,45.476111,-123.723889,2011-11-22 18:45:00,2011-11-23 23:45:00,464.3963,2011-11-22 23:45:00,5.0000
14301500,45.476111,-123.723889,2011-12-29 03:00:00,2011-12-30 22:45:00,487.0498,2011-12-29 07:15:00,4.2500
14301500,45.476111,-123.723889,2012-01-21 10:00:00,2012-01-21 20:15:00,399.2675,2012-01-21 14:00:00,4.0000
14301500,45.476111,-123.723889,2012-01-25 08:30:00,2012-01-25 11:30:00,353.9606,2012-01-25 10:15:00,1.7500
14301500,45.476111,-123.723889,2012-03-15 16:00:00,2012-03-16 12:15:00,532.3567,2012-03-15 20:45:00,4.7500
14301500,45.476111,-123.723889,2012-03-29 23:45:00,2012-03-30 23:00:00,472.8913,2012-03-30 05:30:00,5.7500
14301500,45.476111,-123.723889,2012-11-19 14:00:00,2012-11-20 13:15:00,594.6538,2012-11-20 00:30:00,10.5000
14301500,45.476111,-123.723889,2013-09-30 03:45:00,2013-09-30 06:45:00,461.5646,2013-09-30 06:45:00,3.0000
14301500,45.476111,-123.723889,2013-12-02 06:30:00,2013-12-02 13:00:00,402.0992,2013-12-02 08:45:00,2.2500
14301500,45.476111,-123.723889,2014-03-06 22:15:00,2014-03-07 05:30:00,365.2873,2014-03-07 01:15:00,3.0000
14301500,45.476111,-123.723889,2014-12-20 23:30:00,2014-12-22 00:45:00,566.3369,2014-12-21 08:30:00,9.0000
14301500,45.476111,-123.723889,2015-11-17 21:45:00,2015-11-18 18:45:00,730.5746,2015-11-18 04:30:00,6.7500
14301500,45.476111,-123.723889,2015-12-07 14:45:00,2015-12-10 11:45:00,903.3074,2015-12-09 09:00:00,42.2500
14301500,45.476111,-123.723889,2015-12-18 09:15:00,2015-12-18 17:15:00,370.9507,2015-12-18 11:45:00,2.5000
13249500,43.930556,-116.442778,1996-05-17 15:30:00,1996-05-19 18:00:00,538.0201,1996-05-19 01:00:00,33.5000
13249500,43.930556,-116.442778,1997-01-01 05:51:54,1997-01-04 00:37:45,863.6638,1997-01-02 12:22:18,30.5067
13249500,43.930556,-116.442778,1997-04-21 02:14:03,1997-04-21 17:45:00,518.1983,1997-04-21 12:14:48,10.0125
13249500,43.930556,-116.442778,2006-04-30 21:30:00,2006-05-01 02:45:00,472.8913,2006-04-30 23:30:00,2.0000
13249500,43.930556,-116.442778,2006-05-21 08:15:00,2006-05-21 22:30:00,467.2280,2006-05-21 15:15:00,7.0000
13249500,43.930556,-116.442778,2010-06-05 05:30:00,2010-06-11 14:00:00,690.9311,2010-06-05 22:45:00,17.2500
13249500,43.930556,-116.442778,2012-04-27 04:30:00,2012-04-28 08:15:00,600.3171,2012-04-27 17:50:00,13.3333
13183000,43.654444,-117.255833,1995-05-21 06:30:00,1995-05-21 07:00:00,331.3071,1995-05-21 06:45:00,0.2500
13183000,43.654444,-117.255833,1998-05-14 22:00:00,1998-05-14 23:45:00,305.8219,1998-05-14 22:30:00,0.5000
13183000,43.654444,-117.255833,1998-05-16 05:45:00,1998-05-17 13:00:00,300.1586,1998-05-17 06:30:00,24.7500
13183000,43.654444,-117.255833,2011-04-02 16:00:00,2011-04-02 19:00:00,311.4853,2011-04-02 16:30:00,0.5000
13183000,43.654444,-117.255833,2011-04-20 06:00:00,2011-04-20 08:15:00,288.8318,2011-04-20 07:30:00,1.5000
14166000,44.270556,-123.172500,1986-11-23 01:00:00,1986-11-23 03:30:00,1067.5451,1986-11-23 01:30:00,0.5000
14166000,44.270556,-123.172500,1986-11-28 03:00:00,1986-11-29 12:00:00,1228.9511,1986-11-28 09:00:00,6.0000
14166000,44.270556,-123.172500,1986-11-30 13:00:00,1986-12-02 20:00:00,1180.8125,1986-12-01 12:30:00,23.5000
14166000,44.270556,-123.172500,1987-12-10 22:30:00,1987-12-11 14:00:00,1217.6244,1987-12-11 03:30:00,5.0000
14166000,44.270556,-123.172500,1988-01-10 22:30:00,1988-01-11 20:00:00,1333.7235,1988-01-11 07:00:00,8.5000
14166000,44.270556,-123.172500,1988-01-14 09:30:00,1988-01-18 03:30:00,1449.8225,1988-01-15 23:30:00,38.0000
14166000,44.270556,-123.172500,1988-11-23 08:00:00,1988-11-25 22:30:00,1568.7533,1988-11-23 22:30:00,14.5000
14166000,44.270556,-123.172500,1988-11-28 21:30:00,1988-11-29 12:30:00,1087.3669,1988-11-29 00:00:00,2.5000
14166000,44.270556,-123.172500,1990-01-08 16:30:00,1990-01-09 03:00:00,1172.3174,1990-01-08 23:00:00,6.5000
14166000,44.270556,-123.172500,1990-04-28 14:30:00,1990-05-01 07:00:00,1316.7334,1990-04-29 00:30:00,10.0000
14166000,44.270556,-123.172500,1991-01-13 15:30:00,1991-01-13 19:30:00,1067.5451,1991-01-13 16:00:00,0.5000
14166000,44.270556,-123.172500,1991-01-15 21:00:00,1991-01-17 01:00:00,1141.1689,1991-01-16 13:00:00,16.0000
14166000,44.270556,-123.172500,1991-05-18 13:30:00,1991-05-20 07:30:00,1234.6145,1991-05-19 09:30:00,20.0000
14166000,44.270556,-123.172500,1993-03-18 17:00:00,1993-03-20 09:30:00,1251.6046,1993-03-19 09:00:00,16.0000
14166000,44.270556,-123.172500,1993-03-21 17:00:00,1993-03-26 11:30:00,1163.8224,1993-03-25 14:00:00,93.0000
14166000,44.270556,-123.172500,1995-01-14 05:00:00,1995-01-20 06:30:00,1789.6247,1995-01-15 00:00:00,19.0000
14166000,44.270556,-123.172500,1995-02-02 11:00:00,1995-02-06 05:00:00,1260.0997,1995-02-02 19:30:00,8.5000
14166000,44.270556,-123.172500,1995-11-28 13:30:00,1995-11-29 00:30:00,1144.0006,1995-11-28 18:30:00,5.0000
14166000,44.270556,-123.172500,1995-11-30 20:00:00,1995-12-02 18:30:00,1257.2680,1995-12-02 06:30:00,34.5000
14166000,44.270556,-123.172500,1995-12-05 09:30:00,1995-12-10 11:30:00,1248.7729,1995-12-10 00:30:00,111.0000
14166000,44.270556,-123.172500,1995-12-12 17:00:00,1995-12-21 10:00:00,1288.4165,1995-12-15 15:00:00,70.0000
14166000,44.270556,-123.172500,1996-01-09 21:30:00,1996-01-11 08:30:00,1169.4858,1996-01-10 14:30:00,17.0000
14166000,44.270556,-123.172500,1996-01-21 07:00:00,1996-01-26 03:30:00,1231.7828,1996-01-21 13:30:00,6.5000
14166000,44.270556,-123.172500,1996-02-07 11:00:00,1996-02-23 05:30:00,2154.9120,1996-02-08 12:00:00,25.0000
14166000,44.270556,-123.172500,1996-04-25 12:30:00,1996-04-26 12:30:00,1087.3669,1996-04-25 17:30:00,5.0000
14166000,44.270556,-123.172500,1996-11-19 05:30:00,1996-12-23 02:00:00,2372.9517,1996-11-20 06:00:00,24.5000
14166000,44.270556,-123.172500,1996-12-24 13:00:00,1997-01-16 01:30:00,1778.2980,1997-01-01 01:30:00,180.5000
14166000,44.270556,-123.172500,1997-01-31 23:00:00,1997-02-05 01:30:00,1546.0998,1997-02-01 16:00:00,17.0000
14166000,44.270556,-123.172500,1998-01-14 11:00:00,1998-01-16 04:30:00,1144.0006,1998-01-15 18:00:00,31.0000
14166000,44.270556,-123.172500,1998-01-19 14:30:00,1998-01-22 02:30:00,1104.3570,1998-01-20 12:00:00,21.5000
14166000,44.270556,-123.172500,1998-01-23 14:30:00,1998-01-24 05:30:00,1081.7035,1998-01-24 00:30:00,10.0000
14166000,44.270556,-123.172500,1998-01-25 07:00:00,1998-01-26 05:30:00,1118.5154,1998-01-25 18:00:00,11.0000
14166000,44.270556,-123.172500,1998-11-22 03:30:00,1998-11-22 23:30:00,1268.5947,1998-11-22 12:30:00,9.0000
14166000,44.270556,-123.172500,1998-11-24 09:00:00,1998-11-25 13:30:00,1299.7433,1998-11-25 02:00:00,17.0000
14166000,44.270556,-123.172500,1998-11-27 04:30:00,1998-12-04 01:00:00,1537.6048,1998-12-03 10:00:00,149.5000
14166000,44.270556,-123.172500,1998-12-08 21:30:00,1998-12-09 07:30:00,1098.6936,1998-12-09 03:00:00,5.5000
14166000,44.270556,-123.172500,1998-12-12 08:30:00,1998-12-14 03:00:00,1135.5055,1998-12-12 16:30:00,8.0000
14166000,44.270556,-123.172500,1998-12-28 16:30:00,1999-01-05 03:30:00,1900.0604,1998-12-29 08:30:00,16.0000
14166000,44.270556,-123.172500,1999-01-18 12:30:00,1999-01-27 12:00:00,1509.2879,1999-01-22 06:30:00,90.0000
14166000,44.270556,-123.172500,1999-03-01 02:00:00,1999-03-01 19:30:00,1115.6838,1999-03-01 06:30:00,4.5000
14166000,44.270556,-123.172500,1999-11-26 11:30:00,1999-11-27 13:00:00,1568.7533,1999-11-27 02:30:00,15.0000
14166000,44.270556,-123.172500,2000-01-11 09:00:00,2000-01-12 04:30:00,1534.7731,2000-01-11 20:00:00,11.0000
14166000,44.270556,-123.172500,2000-01-14 05:30:00,2000-01-15 22:30:00,1228.9511,2000-01-14 16:00:00,10.5000
14166000,44.270556,-123.172500,2000-01-17 10:30:00,2000-01-18 23:30:00,1127.0105,2000-01-17 17:30:00,7.0000
14166000,44.270556,-123.172500,2001-12-14 17:30:00,2001-12-15 11:30:00,1206.2977,2001-12-15 01:00:00,7.5000
14166000,44.270556,-123.172500,2001-12-18 09:30:00,2001-12-20 23:00:00,1155.3273,2001-12-19 14:00:00,28.5000
14166000,44.270556,-123.172500,2002-01-26 13:00:00,2002-01-27 03:00:00,1135.5055,2002-01-26 19:30:00,6.5000
14166000,44.270556,-123.172500,2002-12-31 15:00:00,2003-01-01 01:30:00,1135.5055,2002-12-31 20:00:00,5.0000
14166000,44.270556,-123.172500,2003-02-01 21:00:00,2003-02-02 03:30:00,1095.8620,2003-02-02 01:30:00,4.5000
14166000,44.270556,-123.172500,2003-12-14 03:30:00,2003-12-17 14:00:00,1846.2584,2003-12-14 19:30:00,16.0000
14166000,44.270556,-123.172500,2005-12-29 11:30:00,2005-12-29 20:30:00,1107.1887,2005-12-29 15:30:00,4.0000
14166000,44.270556,-123.172500,2006-01-31 11:00:00,2006-02-06 16:00:00,1333.7235,2006-02-05 13:30:00,122.5000
14166000,44.270556,-123.172500,2006-12-15 10:00:00,2006-12-15 16:00:00,1081.7035,2006-12-15 13:30:00,3.5000
14166000,44.270556,-123.172500,2006-12-25 21:30:00,2006-12-31 06:00:00,1396.0205,2006-12-27 01:30:00,28.0000
14166000,44.270556,-123.172500,2007-01-03 22:00:00,2007-01-05 15:30:00,1599.9018,2007-01-04 14:00:00,16.0000
14166000,44.270556,-123.172500,2007-11-19 18:30:00,2007-11-19 23:30:00,1087.3669,2007-11-19 21:00:00,2.5000
14166000,44.270556,-123.172500,2007-12-24 20:00:00,2007-12-25 09:00:00,1166.6541,2007-12-25 00:30:00,4.5000
14166000,44.270556,-123.172500,2008-01-11 21:30:00,2008-01-14 13:00:00,1180.8125,2008-01-13 16:00:00,42.5000
14166000,44.270556,-123.172500,2008-12-29 03:00:00,2009-01-13 06:30:00,1670.6939,2008-12-30 10:00:00,31.0000
14166000,44.270556,-123.172500,2010-06-03 10:30:00,2010-06-08 03:30:00,1633.8820,2010-06-05 12:30:00,50.0000
14166000,44.270556,-123.172500,2010-12-29 16:30:00,2010-12-30 14:45:00,1245.9413,2010-12-30 01:00:00,8.5000
14166000,44.270556,-123.172500,2011-01-17 01:30:00,2011-01-18 21:30:00,1631.0504,2011-01-17 22:00:00,20.5000
14166000,44.270556,-123.172500,2011-01-21 05:45:00,2011-01-23 02:30:00,1090.1986,2011-01-21 10:15:00,4.5000
14166000,44.270556,-123.172500,2011-04-17 15:45:00,2011-04-18 06:00:00,1135.5055,2011-04-17 21:30:00,5.7500
14166000,44.270556,-123.172500,2011-12-31 03:00:00,2011-12-31 17:45:00,1243.1096,2011-12-31 10:30:00,7.5000
14166000,44.270556,-123.172500,2012-01-19 17:00:00,2012-01-31 11:30:00,1781.1297,2012-01-26 01:15:00,152.2500
14166000,44.270556,-123.172500,2012-03-17 03:00:00,2012-03-17 12:45:00,1081.7035,2012-03-17 04:30:00,1.5000
14166000,44.270556,-123.172500,2012-03-21 17:30:00,2012-03-24 01:00:00,1560.2582,2012-03-22 19:30:00,26.0000
14166000,44.270556,-123.172500,2012-03-30 16:00:00,2012-04-05 16:15:00,1735.8227,2012-03-31 18:15:00,26.2500
14166000,44.270556,-123.172500,2012-11-21 02:45:00,2012-11-21 14:45:00,1228.9511,2012-11-21 08:30:00,5.7500
14166000,44.270556,-123.172500,2012-11-23 10:15:00,2012-11-27 17:30:00,1285.5848,2012-11-25 17:15:00,55.0000
14166000,44.270556,-123.172500,2012-12-01 02:00:00,2012-12-04 07:15:00,1605.5652,2012-12-03 07:30:00,53.5000
14166000,44.270556,-123.172500,2012-12-05 14:15:00,2012-12-10 05:00:00,1480.9711,2012-12-06 16:15:00,26.0000
14166000,44.270556,-123.172500,2014-02-13 04:00:00,2014-02-25 00:15:00,1580.0800,2014-02-16 23:30:00,91.5000
14166000,44.270556,-123.172500,2014-03-07 05:15:00,2014-03-08 11:45:00,1155.3273,2014-03-07 18:45:00,13.5000
14166000,44.270556,-123.172500,2014-03-10 01:30:00,2014-03-12 22:45:00,1486.6344,2014-03-11 05:30:00,28.0000
14166000,44.270556,-123.172500,2014-11-29 21:30:00,2014-11-30 11:00:00,1158.1590,2014-11-30 03:30:00,6.0000
14166000,44.270556,-123.172500,2014-12-21 23:30:00,2014-12-31 23:30:00,1503.6246,2014-12-25 13:30:00,86.0000
14166000,44.270556,-123.172500,2015-12-13 13:30:00,2015-12-15 22:00:00,1492.2978,2015-12-14 03:15:00,13.7500
14166000,44.270556,-123.172500,2015-12-18 01:30:00,2015-12-21 07:00:00,1766.9712,2015-12-19 06:45:00,29.2500
14166000,44.270556,-123.172500,2015-12-23 15:30:00,2015-12-27 06:45:00,1325.2284,2015-12-24 15:00:00,23.5000
14166000,44.270556,-123.172500,2016-01-20 16:30:00,2016-01-21 00:45:00,1081.7035,2016-01-20 19:30:00,3.0000
12510500,46.253611,-119.476944,1990-11-27 00:00:00,1990-11-29 00:00:00,639.9607,1990-11-27 20:00:00,20.0000
12510500,46.253611,-119.476944,1995-02-03 03:00:00,1995-02-04 10:00:00,444.5745,1995-02-03 17:00:00,14.0000
12510500,46.253611,-119.476944,1995-02-22 03:00:00,1995-02-25 09:00:00,492.7131,1995-02-23 00:00:00,21.0000
12510500,46.253611,-119.476944,1995-12-01 04:00:00,1995-12-04 19:00:00,744.7331,1995-12-02 15:00:00,35.0000
12510500,46.253611,-119.476944,1996-02-08 08:00:00,1996-02-28 23:00:00,1376.1987,1996-02-11 08:00:00,72.0000
12510500,46.253611,-119.476944,1997-03-21 22:00:00,1997-03-23 15:00:00,461.5646,1997-03-22 14:00:00,16.0000
12510500,46.253611,-119.476944,1997-03-29 09:00:00,1997-03-30 04:00:00,433.2478,1997-03-29 16:00:00,7.0000
12510500,46.253611,-119.476944,1997-04-22 08:00:00,1997-04-23 22:00:00,475.7230,1997-04-22 22:00:00,14.0000
12510500,46.253611,-119.476944,1997-05-13 09:00:00,1997-05-20 14:00:00,518.1983,1997-05-17 09:00:00,96.0000
12510500,46.253611,-119.476944,1997-06-01 13:00:00,1997-06-06 12:00:00,481.3864,1997-06-03 02:00:00,37.0000
12510500,46.253611,-119.476944,2003-02-02 05:45:00,2003-02-04 02:15:00,526.6933,2003-02-03 04:00:00,22.2500
12510500,46.253611,-119.476944,2006-11-09 19:00:00,2006-11-10 08:30:00,430.4161,2006-11-09 23:15:00,4.2500
12510500,46.253611,-119.476944,2007-03-14 14:15:00,2007-03-16 09:00:00,489.8814,2007-03-15 06:30:00,16.2500
12510500,46.253611,-119.476944,2009-01-09 18:00:00,2009-01-12 11:45:00,719.2479,2009-01-11 02:15:00,32.2500
12510500,46.253611,-119.476944,2011-01-18 17:45:00,2011-01-21 12:30:00,656.9508,2011-01-20 02:15:00,32.5000
12510500,46.253611,-119.476944,2011-04-02 17:30:00,2011-04-05 01:00:00,540.8518,2011-04-03 13:30:00,20.0000
12510500,46.253611,-119.476944,2011-05-17 07:15:00,2011-05-21 10:45:00,716.4162,2011-05-18 12:00:00,28.7500
12510500,46.253611,-119.476944,2012-04-25 22:30:00,2012-05-04 05:00:00,526.6933,2012-04-27 21:45:00,47.2500
12510500,46.253611,-119.476944,2015-12-11 03:30:00,2015-12-13 03:15:00,617.3073,2015-12-12 02:45:00,23.2500
12510500,46.253611,-119.476944,2016-02-17 12:00:00,2016-02-21 02:00:00,560.6736,2016-02-18 15:30:00,27.5000
14207500,45.350833,-122.675000,1995-12-15 16:30:00,1995-12-21 12:30:00,351.1289,1995-12-17 13:00:00,44.5000
14207500,45.350833,-122.675000,1996-02-07 22:00:00,1996-02-15 21:30:00,747.5648,1996-02-10 08:30:00,58.5000
14207500,45.350833,-122.675000,1996-12-10 23:30:00,1996-12-14 10:30:00,265.0457,1996-12-12 04:00:00,28.5000
14207500,45.350833,-122.675000,1996-12-29 17:30:00,1997-01-09 06:00:00,583.3270,1997-01-02 22:30:00,101.0000
14207500,45.350833,-122.675000,1998-01-19 09:00:00,1998-01-22 14:30:00,273.8239,1998-01-20 19:00:00,34.0000
14207500,45.350833,-122.675000,1998-11-29 17:00:00,1998-12-03 15:30:00,266.7447,1998-11-30 20:00:00,27.0000
14207500,45.350833,-122.675000,1998-12-04 23:00:00,1998-12-06 18:30:00,254.8516,1998-12-06 01:00:00,26.0000
14207500,45.350833,-122.675000,1999-01-01 05:00:00,1999-01-02 23:00:00,257.4001,1999-01-01 22:30:00,17.5000
14207500,45.350833,-122.675000,1999-01-22 13:30:00,1999-01-27 08:30:00,322.8121,1999-01-24 02:00:00,36.5000
14207500,45.350833,-122.675000,1999-02-02 17:00:00,1999-02-03 11:30:00,251.7368,1999-02-02 23:00:00,6.0000
14207500,45.350833,-122.675000,1999-02-06 06:30:00,1999-02-13 23:00:00,365.2873,1999-02-09 23:00:00,88.5000
14207500,45.350833,-122.675000,1999-02-25 06:30:00,1999-03-08 02:00:00,444.5745,1999-03-02 01:00:00,114.5000
14207500,45.350833,-122.675000,2005-12-31 20:00:00,2006-01-05 04:00:00,297.3269,2006-01-02 18:30:00,46.5000
14207500,45.350833,-122.675000,2006-01-10 14:00:00,2006-01-21 14:00:00,385.1091,2006-01-14 06:00:00,88.0000
14207500,45.350833,-122.675000,2006-02-02 01:30:00,2006-02-07 00:30:00,317.1487,2006-02-03 08:30:00,31.0000
14207500,45.350833,-122.675000,2007-12-07 15:00:00,2007-12-08 07:30:00,250.3209,2007-12-07 20:00:00,5.0000
14207500,45.350833,-122.675000,2015-12-11 05:15:00,2015-12-24 19:00:00,373.7824,2015-12-13 10:15:00,53.0000
14299800,45.807222,-123.281944,2001-12-17 07:30:00,2001-12-17 11:00:00,128.2753,2001-12-17 09:30:00,2.0000
14299800,45.807222,-123.281944,2002-01-07 23:00:00,2002-01-08 12:30:00,157.4417,2002-01-08 06:00:00,7.0000
14299800,45.807222,-123.281944,2006-01-30 10:30:00,2006-01-30 23:00:00,154.3268,2006-01-30 13:00:00,2.5000
14299800,45.807222,-123.281944,2006-12-15 03:00:00,2006-12-15 13:30:00,144.9823,2006-12-15 06:00:00,3.0000
14299800,45.807222,-123.281944,2007-12-03 09:00:00,2007-12-04 17:00:00,498.3765,2007-12-03 22:30:00,13.5000
14299800,45.807222,-123.281944,2012-03-30 04:00:00,2012-03-30 04:56:00,117.5149,2012-03-30 04:45:00,0.7500
14299800,45.807222,-123.281944,2012-11-19 19:00:00,2012-11-20 08:30:00,200.4833,2012-11-20 00:45:00,5.7500
14299800,45.807222,-123.281944,2015-12-07 17:45:00,2015-12-10 00:30:00,265.6120,2015-12-09 09:30:00,39.7500
14157500,43.980556,-122.965278,1988-01-15 12:30:00,1988-01-15 19:30:00,362.4556,1988-01-15 16:00:00,3.5000
14157500,43.980556,-122.965278,1989-01-10 11:00:00,1989-01-10 20:30:00,441.7428,1989-01-10 15:30:00,4.5000
14157500,43.980556,-122.965278,1991-05-18 22:30:00,1991-05-19 05:00:00,353.9606,1991-05-19 00:30:00,2.0000
14157500,43.980556,-122.965278,1995-01-14 01:30:00,1995-01-14 19:30:00,464.3963,1995-01-14 12:30:00,11.0000
14157500,43.980556,-122.965278,1996-11-19 02:00:00,1996-11-22 04:30:00,945.7827,1996-11-19 15:00:00,13.0000
14157500,43.980556,-122.965278,1996-12-09 01:00:00,1996-12-09 05:30:00,356.7923,1996-12-09 03:30:00,2.5000
14157500,43.980556,-122.965278,1996-12-11 01:00:00,1996-12-11 07:30:00,365.2873,1996-12-11 05:30:00,4.5000
14157500,43.980556,-122.965278,1996-12-13 14:30:00,1996-12-14 14:00:00,362.4556,1996-12-13 22:00:00,7.5000
14157500,43.980556,-122.965278,1996-12-31 06:00:00,1997-01-02 00:00:00,441.7428,1996-12-31 15:00:00,9.0000
14157500,43.980556,-122.965278,1997-01-03 08:00:00,1997-01-03 19:30:00,348.2972,1997-01-03 10:00:00,2.0000
14157500,43.980556,-122.965278,1998-12-28 15:52:42,1998-12-29 02:52:30,424.7527,1998-12-28 19:22:39,3.4992
14157500,43.980556,-122.965278,1999-01-21 19:13:18,1999-01-22 02:43:09,376.6141,1999-01-21 22:43:15,3.4992
14157500,43.980556,-122.965278,2000-01-11 07:30:00,2000-01-11 15:30:00,433.2478,2000-01-11 11:30:00,4.0000
14157500,43.980556,-122.965278,2000-01-14 04:30:00,2000-01-14 11:30:00,387.9408,2000-01-14 07:00:00,2.5000
14157500,43.980556,-122.965278,2003-12-14 03:30:00,2003-12-14 15:00:00,461.5646,2003-12-14 10:30:00,7.0000
14157500,43.980556,-122.965278,2005-12-31 07:00:00,2005-12-31 11:00:00,351.1289,2005-12-31 09:00:00,2.0000
14157500,43.980556,-122.965278,2006-01-17 23:00:00,2006-01-18 19:00:00,540.8518,2006-01-18 08:00:00,9.0000
14157500,43.980556,-122.965278,2008-12-29 23:30:00,2008-12-30 05:30:00,359.6240,2008-12-30 02:00:00,2.5000
14157500,43.980556,-122.965278,2012-01-19 19:45:00,2012-01-20 05:15:00,365.2873,2012-01-19 23:30:00,3.7500
14157500,43.980556,-122.965278,2012-03-22 00:15:00,2012-03-22 15:15:00,410.5943,2012-03-22 08:45:00,8.5000
14157500,43.980556,-122.965278,2012-03-31 06:00:00,2012-03-31 11:00:00,353.9606,2012-03-31 08:15:00,2.2500
14157500,43.980556,-122.965278,2012-12-02 16:30:00,2012-12-03 02:30:00,404.9309,2012-12-02 21:45:00,5.2500
12414500,47.274722,-116.188056,1990-11-25 04:33:12,1990-11-26 16:54:00,679.6043,1990-11-25 21:58:48,17.4267
12414500,47.274722,-116.188056,1991-05-19 08:00:00,1991-05-20 11:30:00,464.3963,1991-05-19 19:00:00,11.0000
12414500,47.274722,-116.188056,1995-02-20 07:00:00,1995-02-21 08:00:00,594.6538,1995-02-20 17:15:00,10.2500
12414500,47.274722,-116.188056,1996-02-08 08:00:00,1996-02-11 06:00:00,1110.0204,1996-02-09 21:45:00,37.7500
12414500,47.274722,-116.188056,1996-04-24 12:00:00,1996-04-25 21:45:00,651.2875,1996-04-24 21:00:00,9.0000
12414500,47.274722,-116.188056,1997-04-21 03:30:00,1997-04-21 15:15:00,450.2379,1997-04-21 08:15:00,4.7500
12414500,47.274722,-116.188056,1997-04-27 18:30:00,1997-04-29 09:15:00,586.1587,1997-04-28 05:15:00,10.7500
12414500,47.274722,-116.188056,1997-05-11 02:45:00,1997-05-21 20:30:00,710.7528,1997-05-14 14:15:00,83.5000
12414500,47.274722,-116.188056,1997-05-31 05:00:00,1997-06-03 01:00:00,642.7924,1997-06-01 11:45:00,30.7500
12414500,47.274722,-116.188056,1999-05-25 09:15:00,1999-05-26 21:45:00,472.8913,1999-05-26 11:15:00,26.0000
12414500,47.274722,-116.188056,2000-04-14 13:00:00,2000-04-14 20:00:00,436.0794,2000-04-14 16:00:00,3.0000
12414500,47.274722,-116.188056,2002-04-14 12:45:00,2002-04-15 23:45:00,668.2776,2002-04-15 02:00:00,13.2500
12414500,47.274722,-116.188056,2002-05-20 09:00:00,2002-05-23 13:15:00,467.2280,2002-05-20 16:30:00,7.5000
12414500,47.274722,-116.188056,2002-05-28 10:45:00,2002-06-01 21:45:00,487.0498,2002-05-29 10:00:00,23.2500
12414500,47.274722,-116.188056,2003-02-01 06:45:00,2003-02-01 21:30:00,512.5349,2003-02-01 13:15:00,6.5000
12414500,47.274722,-116.188056,2008-05-17 04:45:00,2008-05-22 19:15:00,654.1192,2008-05-19 13:00:00,56.2500
12414500,47.274722,-116.188056,2008-05-29 16:00:00,2008-05-30 10:15:00,436.0794,2008-05-30 00:00:00,8.0000
12414500,47.274722,-116.188056,2008-06-01 12:30:00,2008-06-03 02:00:00,438.9111,2008-06-02 07:30:00,19.0000
12414500,47.274722,-116.188056,2011-01-17 04:15:00,2011-01-18 18:45:00,645.6241,2011-01-18 00:45:00,20.5000
12414500,47.274722,-116.188056,2011-04-01 02:30:00,2011-04-01 17:45:00,484.2181,2011-04-01 09:00:00,6.5000
12414500,47.274722,-116.188056,2011-05-15 00:45:00,2011-05-17 21:00:00,588.9904,2011-05-16 15:15:00,38.5000
12414500,47.274722,-116.188056,2011-05-22 08:45:00,2011-05-23 15:15:00,455.9012,2011-05-22 15:30:00,6.7500
12414500,47.274722,-116.188056,2011-05-26 15:15:00,2011-05-27 05:00:00,433.2478,2011-05-26 20:15:00,5.0000
12414500,47.274722,-116.188056,2011-06-07 08:00:00,2011-06-08 19:45:00,461.5646,2011-06-07 16:45:00,8.7500
12414500,47.274722,-116.188056,2012-03-31 05:45:00,2012-03-31 16:30:00,461.5646,2012-03-31 10:15:00,4.5000
12414500,47.274722,-116.188056,2012-04-23 09:15:00,2012-04-28 13:45:00,586.1587,2012-04-25 11:15:00,50.0000
12442500,48.984722,-119.617222,1991-05-20 05:00:00,1991-05-26 02:00:00,722.0796,1991-05-22 15:00:00,58.0000
12442500,48.984722,-119.617222,1996-06-04 23:00:00,1996-06-06 03:59:00,498.3765,1996-06-05 05:00:00,6.0000
12442500,48.984722,-119.617222,1996-06-08 16:59:00,1996-06-09 12:59:00,509.7032,1996-06-09 01:59:00,9.0000
12442500,48.984722,-119.617222,1997-05-14 14:59:00,1997-05-21 08:00:00,758.8915,1997-05-18 04:59:00,86.0000
12442500,48.984722,-119.617222,1997-05-30 15:00:00,1997-06-03 15:00:00,605.9805,1997-06-02 02:59:00,59.9833
12442500,48.984722,-119.617222,1999-06-16 20:00:00,1999-06-20 03:00:00,546.5151,1999-06-17 09:00:00,13.0000
12442500,48.984722,-119.617222,2002-05-30 15:30:00,2002-06-01 10:15:00,509.7032,2002-05-31 03:45:00,12.2500
12442500,48.984722,-119.617222,2008-05-19 10:00:00,2008-05-22 16:30:00,566.3369,2008-05-21 06:00:00,44.0000
12442500,48.984722,-119.617222,2011-06-07 18:15:00,2011-06-15 11:30:00,580.4954,2011-06-10 03:15:00,57.0000
12442500,48.984722,-119.617222,2013-05-11 01:15:00,2013-05-15 17:45:00,614.4756,2013-05-14 01:30:00,72.2500
12442500,48.984722,-119.617222,2014-05-18 01:00:00,2014-05-18 17:45:00,501.2082,2014-05-18 07:00:00,6.0000
12459000,47.583333,-120.618333,1990-11-24 17:00:00,1990-11-27 01:30:00,1121.3471,1990-11-25 16:00:00,23.0000
12459000,47.583333,-120.618333,1995-11-29 14:00:00,1995-12-02 09:00:00,1169.4858,1995-11-30 18:00:00,28.0000
12459000,47.583333,-120.618333,1997-05-15 10:00:00,1997-05-18 12:00:00,605.9805,1997-05-17 09:00:00,47.0000
12459000,47.583333,-120.618333,1999-06-16 12:00:00,1999-06-18 11:30:00,620.1389,1999-06-17 09:30:00,21.5000
12459000,47.583333,-120.618333,2006-05-19 04:30:00,2006-05-20 16:30:00,597.4855,2006-05-19 10:30:00,6.0000
12459000,47.583333,-120.618333,2006-11-07 07:00:00,2006-11-09 02:00:00,858.0005,2006-11-08 03:30:00,20.5000
12459000,47.583333,-120.618333,2008-05-19 07:30:00,2008-05-19 17:00:00,580.4954,2008-05-19 09:00:00,1.5000
13060000,43.413056,-112.135000,1997-05-25 23:45:00,1997-05-27 20:45:00,773.0499,1997-05-26 11:45:00,12.0000
13060000,43.413056,-112.135000,1997-06-01 15:30:00,1997-06-01 21:45:00,761.7232,1997-06-01 16:45:00,1.2500
13060000,43.413056,-112.135000,1997-06-09 02:30:00,1997-06-28 08:30:00,1353.5453,1997-06-17 08:00:00,197.5000
13060000,43.413056,-112.135000,1999-06-02 08:17:45,1999-06-07 08:19:24,792.8717,1999-06-03 06:00:00,21.7042
13060000,43.413056,-112.135000,2011-06-08 11:45:00,2011-06-12 02:00:00,891.9807,2011-06-10 17:15:00,53.5000
13251000,44.042222,-116.925278,1996-05-19 00:56:24,1996-05-20 06:42:33,557.8419,1996-05-19 14:41:54,13.7583
13251000,44.042222,-116.925278,1997-04-21 23:14:06,1997-04-22 03:59:24,509.7032,1997-04-22 01:44:15,2.5025
13251000,44.042222,-116.925278,1998-05-27 15:15:00,1998-05-28 21:00:00,543.6835,1998-05-28 06:00:00,14.7500
13251000,44.042222,-116.925278,2010-06-05 23:00:00,2010-06-10 22:00:00,665.4459,2010-06-06 18:30:00,19.5000
13251000,44.042222,-116.925278,2012-04-28 00:45:00,2012-04-28 19:15:00,557.8419,2012-04-28 10:07:00,9.3667
13258500,44.579444,-116.643333,2010-06-05 04:45:00,2010-06-05 07:00:00,278.6378,2010-06-05 05:45:00,1.0000
13258500,44.579444,-116.643333,2014-03-10 20:00:00,2014-03-11 05:15:00,314.3170,2014-03-10 23:20:00,3.3333
13269000,44.245556,-116.980833,1997-01-01 22:15:00,1997-01-05 06:00:00,2381.4468,1997-01-03 17:15:00,43.0000
13269000,44.245556,-116.980833,1998-05-27 03:45:00,1998-05-31 16:45:00,2228.5358,1998-05-28 17:45:00,38.0000
13269000,44.245556,-116.980833,2006-04-17 13:45:00,2006-04-19 03:15:00,1897.2287,2006-04-18 20:30:00,30.7500
13269000,44.245556,-116.980833,2006-04-24 15:45:00,2006-04-25 19:30:00,1902.8921,2006-04-25 05:45:00,14.0000
14046000,44.813889,-119.430556,2010-06-05 00:30:00,2010-06-05 07:30:00,441.7428,2010-06-05 03:30:00,3.0000
14046000,44.813889,-119.430556,2011-05-15 08:45:00,2011-05-17 23:30:00,801.3668,2011-05-16 14:00:00,29.2500
14046000,44.813889,-119.430556,2014-03-10 17:30:00,2014-03-11 01:15:00,498.3765,2014-03-10 20:30:00,3.0000
14120000,45.655556,-121.547222,1987-12-10 06:00:00,1987-12-10 11:30:00,424.7527,1987-12-10 08:30:00,2.5000
14120000,45.655556,-121.547222,1991-01-15 12:43:36,1991-01-15 14:14:00,351.1289,1991-01-15 13:13:45,0.5025
14120000,45.655556,-121.547222,1995-11-11 18:00:00,1995-11-12 00:00:00,385.1091,1995-11-11 21:00:00,3.0000
14120000,45.655556,-121.547222,1996-02-07 03:30:00,1996-02-09 23:00:00,659.7825,1996-02-08 05:00:00,25.5000
14120000,45.655556,-121.547222,1999-11-25 19:30:00,1999-11-26 11:00:00,387.9408,1999-11-26 02:30:00,7.0000
14120000,45.655556,-121.547222,2011-01-16 19:30:00,2011-01-17 11:00:00,467.2280,2011-01-17 02:30:00,7.0000
14120000,45.655556,-121.547222,2014-12-21 09:15:00,2014-12-21 14:15:00,359.6240,2014-12-21 10:30:00,1.2500
14120000,45.655556,-121.547222,2015-12-07 21:45:00,2015-12-08 06:00:00,396.4359,2015-12-08 02:30:00,4.7500
14163900,44.070000,-122.770000,1996-02-07 05:30:00,1996-02-10 07:00:00,1588.5751,1996-02-07 21:00:00,15.5000
14163900,44.070000,-122.770000,1996-11-19 07:30:00,1996-11-20 09:30:00,869.3272,1996-11-19 18:30:00,11.0000
14163900,44.070000,-122.770000,1996-12-26 09:30:00,1996-12-27 05:30:00,773.0499,1996-12-26 15:00:00,5.5000
14163900,44.070000,-122.770000,1998-12-28 13:00:00,1998-12-29 02:30:00,798.5351,1998-12-28 16:30:00,3.5000
14163900,44.070000,-122.770000,1999-11-26 11:00:00,1999-11-26 20:30:00,849.5054,1999-11-26 15:00:00,4.0000
14163900,44.070000,-122.770000,2005-12-31 01:30:00,2005-12-31 18:30:00,821.1886,2005-12-31 08:00:00,6.5000
14163900,44.070000,-122.770000,2006-01-11 04:45:00,2006-01-11 18:15:00,807.0301,2006-01-11 12:00:00,7.2500
14163900,44.070000,-122.770000,2011-01-16 23:30:00,2011-01-17 15:45:00,968.4362,2011-01-17 07:15:00,7.7500
14163900,44.070000,-122.770000,2011-12-30 20:15:00,2011-12-30 22:15:00,727.7430,2011-12-30 20:45:00,0.5000
14163900,44.070000,-122.770000,2012-01-19 15:30:00,2012-01-20 10:45:00,829.6836,2012-01-19 21:15:00,5.7500
14163900,44.070000,-122.770000,2012-01-25 03:45:00,2012-01-27 00:45:00,838.1787,2012-01-25 12:15:00,8.5000
14163900,44.070000,-122.770000,2012-03-31 03:00:00,2012-03-31 06:15:00,733.4063,2012-03-31 03:30:00,0.5000
14163900,44.070000,-122.770000,2012-12-05 13:00:00,2012-12-05 16:15:00,724.9113,2012-12-05 14:15:00,1.2500
14163900,44.070000,-122.770000,2014-02-14 21:30:00,2014-02-15 05:30:00,753.2281,2014-02-14 23:45:00,2.2500
14163900,44.070000,-122.770000,2014-12-21 17:00:00,2014-12-22 21:30:00,874.9906,2014-12-22 10:15:00,17.2500
14163900,44.070000,-122.770000,2015-12-18 05:30:00,2015-12-19 00:00:00,756.0598,2015-12-18 18:15:00,12.7500
14301000,45.704167,-123.754167,1986-11-24 07:00:00,1986-11-25 12:00:00,560.6736,1986-11-24 20:00:00,13.0000
14301000,45.704167,-123.754167,1987-02-01 06:30:00,1987-02-03 18:30:00,787.2083,1987-02-01 16:00:00,9.5000
14301000,45.704167,-123.754167,1987-03-03 10:30:00,1987-03-06 09:00:00,897.6440,1987-03-04 02:30:00,16.0000
14301000,45.704167,-123.754167,1989-12-04 19:30:00,1989-12-05 12:00:00,498.3765,1989-12-04 22:30:00,3.0000
14301000,45.704167,-123.754167,1990-01-07 07:00:00,1990-01-12 12:30:00,1512.1196,1990-01-10 00:30:00,65.5000
14301000,45.704167,-123.754167,1990-01-28 21:30:00,1990-01-31 09:00:00,574.8320,1990-01-29 04:00:00,6.5000
14301000,45.704167,-123.754167,1990-02-09 23:00:00,1990-02-13 06:30:00,815.5252,1990-02-10 23:00:00,24.0000
14301000,45.704167,-123.754167,1990-11-25 03:00:00,1990-11-25 20:00:00,498.3765,1990-11-25 08:30:00,5.5000
14301000,45.704167,-123.754167,1991-01-12 21:30:00,1991-01-13 07:00:00,447.4062,1991-01-13 00:00:00,2.5000
14301000,45.704167,-123.754167,1991-04-04 23:30:00,1991-04-08 01:00:00,971.2678,1991-04-05 16:30:00,17.0000
14301000,45.704167,-123.754167,1992-01-28 04:30:00,1992-02-01 06:30:00,710.7528,1992-01-29 19:30:00,39.0000
14301000,45.704167,-123.754167,1994-11-01 00:30:00,1994-11-01 16:00:00,478.5547,1994-11-01 04:30:00,4.0000
14301000,45.704167,-123.754167,1994-11-30 20:30:00,1994-12-03 02:30:00,594.6538,1994-12-01 03:00:00,6.5000
14301000,45.704167,-123.754167,1994-12-17 11:00:00,1994-12-23 03:00:00,841.0103,1994-12-21 00:30:00,85.5000
14301000,45.704167,-123.754167,1994-12-27 06:00:00,1994-12-29 13:00:00,682.4360,1994-12-27 15:00:00,9.0000
14301000,45.704167,-123.754167,1995-01-31 15:30:00,1995-02-02 05:30:00,563.5052,1995-01-31 23:00:00,7.5000
14301000,45.704167,-123.754167,1995-02-19 10:00:00,1995-02-21 01:30:00,523.8617,1995-02-20 05:00:00,19.0000
14301000,45.704167,-123.754167,1995-11-11 15:30:00,1995-11-12 04:00:00,521.0300,1995-11-11 19:00:00,3.5000
14301000,45.704167,-123.754167,1995-11-28 03:30:00,1995-12-03 05:30:00,920.2975,1995-11-30 03:00:00,47.5000
14301000,45.704167,-123.754167,1995-12-13 01:00:00,1995-12-16 21:00:00,713.5845,1995-12-14 23:00:00,46.0000
14301000,45.704167,-123.754167,1996-01-07 20:00:00,1996-01-08 03:00:00,444.5745,1996-01-07 22:00:00,2.0000
14301000,45.704167,-123.754167,1996-02-06 17:30:00,1996-02-11 21:00:00,1990.6743,1996-02-08 21:30:00,52.0000
14301000,45.704167,-123.754167,1996-04-23 10:30:00,1996-04-26 14:00:00,1002.4164,1996-04-24 00:30:00,14.0000
14301000,45.704167,-123.754167,1996-12-05 01:30:00,1996-12-05 08:30:00,450.2379,1996-12-05 03:30:00,2.0000
14301000,45.704167,-123.754167,1996-12-25 09:00:00,1996-12-25 13:30:00,438.9111,1996-12-25 10:30:00,1.5000
14301000,45.704167,-123.754167,1996-12-26 18:30:00,1996-12-27 21:00:00,450.2379,1996-12-26 23:00:00,4.5000
14301000,45.704167,-123.754167,1996-12-29 14:00:00,1997-01-04 16:30:00,971.2678,1997-01-01 07:30:00,65.5000
14301000,45.704167,-123.754167,1997-03-19 06:00:00,1997-03-20 11:30:00,509.7032,1997-03-19 11:30:00,5.5000
14301000,45.704167,-123.754167,1997-10-30 19:30:00,1997-10-31 10:00:00,645.6241,1997-10-30 23:30:00,4.0000
14301000,45.704167,-123.754167,1997-11-20 17:30:00,1997-11-21 19:00:00,455.9012,1997-11-21 10:30:00,17.0000
14301000,45.704167,-123.754167,1997-12-17 01:30:00,1997-12-18 12:30:00,464.3963,1997-12-17 06:00:00,4.5000
14301000,45.704167,-123.754167,1998-01-14 20:30:00,1998-01-16 17:00:00,509.7032,1998-01-15 20:00:00,23.5000
14301000,45.704167,-123.754167,1998-11-21 08:00:00,1998-11-21 14:30:00,455.9012,1998-11-21 11:00:00,3.0000
14301000,45.704167,-123.754167,1998-11-25 09:00:00,1998-11-28 17:00:00,971.2678,1998-11-26 02:00:00,17.0000
14301000,45.704167,-123.754167,1998-12-02 02:30:00,1998-12-04 16:30:00,693.7627,1998-12-02 12:30:00,10.0000
14301000,45.704167,-123.754167,1998-12-13 06:00:00,1998-12-14 06:30:00,501.2082,1998-12-13 14:30:00,8.5000
14301000,45.704167,-123.754167,1998-12-27 23:30:00,1998-12-31 05:00:00,974.0995,1998-12-28 08:00:00,8.5000
14301000,45.704167,-123.754167,1999-01-18 16:00:00,1999-01-22 20:00:00,509.7032,1999-01-19 13:00:00,21.0000
14301000,45.704167,-123.754167,1999-01-29 03:00:00,1999-01-31 04:30:00,526.6933,1999-01-30 06:00:00,27.0000
14301000,45.704167,-123.754167,1999-02-06 23:30:00,1999-02-09 12:00:00,574.8320,1999-02-08 02:30:00,27.0000
14301000,45.704167,-123.754167,1999-02-22 22:30:00,1999-03-02 06:00:00,869.3272,1999-02-24 22:00:00,47.5000
14301000,45.704167,-123.754167,1999-11-25 09:00:00,1999-11-28 02:00:00,942.9510,1999-11-26 00:30:00,15.5000
14301000,45.704167,-123.754167,1999-12-15 01:00:00,1999-12-17 16:00:00,671.1093,1999-12-16 04:30:00,27.5000
14301000,45.704167,-123.754167,2001-11-14 17:00:00,2001-11-15 03:00:00,470.0597,2001-11-14 21:30:00,4.5000
14301000,45.704167,-123.754167,2001-11-23 01:00:00,2001-11-23 16:30:00,455.9012,2001-11-23 05:30:00,4.5000
14301000,45.704167,-123.754167,2001-12-01 00:00:00,2001-12-03 21:00:00,665.4459,2001-12-02 04:00:00,28.0000
14301000,45.704167,-123.754167,2001-12-14 03:00:00,2001-12-19 13:30:00,790.0400,2001-12-17 06:30:00,75.5000
14301000,45.704167,-123.754167,2002-01-07 10:30:00,2002-01-10 01:30:00,668.2776,2002-01-08 06:00:00,19.5000
14301000,45.704167,-123.754167,2002-01-25 07:30:00,2002-01-27 14:30:00,659.7825,2002-01-25 18:00:00,10.5000
14301000,45.704167,-123.754167,2003-01-31 11:30:00,2003-02-03 01:30:00,787.2083,2003-02-01 02:30:00,15.0000
14301000,45.704167,-123.754167,2003-03-22 12:30:00,2003-03-23 21:30:00,535.1884,2003-03-22 18:30:00,6.0000
14301000,45.704167,-123.754167,2004-01-29 13:30:00,2004-02-01 00:30:00,577.6637,2004-01-30 13:30:00,24.0000
14301000,45.704167,-123.754167,2004-12-11 11:00:00,2004-12-11 12:30:00,436.0794,2004-12-11 12:00:00,1.0000
14301000,45.704167,-123.754167,2005-03-27 15:00:00,2005-03-27 18:00:00,444.5745,2005-03-27 16:00:00,1.0000
14301000,45.704167,-123.754167,2005-12-28 17:30:00,2005-12-29 06:30:00,475.7230,2005-12-28 21:30:00,4.0000
14301000,45.704167,-123.754167,2006-01-10 07:00:00,2006-01-14 04:30:00,733.4063,2006-01-11 10:30:00,27.5000
14301000,45.704167,-123.754167,2006-01-30 04:00:00,2006-02-02 23:00:00,707.9212,2006-01-30 15:30:00,11.5000
14301000,45.704167,-123.754167,2006-11-06 10:00:00,2006-11-09 15:30:00,1056.2184,2006-11-07 16:00:00,30.0000
14301000,45.704167,-123.754167,2006-11-24 08:00:00,2006-11-25 11:30:00,453.0695,2006-11-25 01:30:00,17.5000
14301000,45.704167,-123.754167,2006-12-14 21:00:00,2006-12-17 05:30:00,662.6142,2006-12-15 05:00:00,8.0000
14301000,45.704167,-123.754167,2007-01-08 01:00:00,2007-01-08 05:00:00,441.7428,2007-01-08 03:00:00,2.0000
14301000,45.704167,-123.754167,2007-12-03 06:00:00,2007-12-06 16:30:00,1480.9711,2007-12-03 20:00:00,14.0000
14301000,45.704167,-123.754167,2008-11-13 00:30:00,2008-11-13 20:00:00,736.2380,2008-11-13 05:30:00,5.0000
14301000,45.704167,-123.754167,2009-01-01 18:30:00,2009-01-04 05:30:00,750.3964,2009-01-02 03:00:00,8.5000
14301000,45.704167,-123.754167,2009-01-07 15:30:00,2009-01-10 19:30:00,954.2777,2009-01-08 14:30:00,23.0000
14301000,45.704167,-123.754167,2009-11-17 06:15:00,2009-11-18 13:45:00,549.3468,2009-11-17 14:15:00,8.0000
14301000,45.704167,-123.754167,2009-11-19 17:45:00,2009-11-21 02:30:00,484.2181,2009-11-20 00:00:00,6.2500
14301000,45.704167,-123.754167,2010-12-12 15:15:00,2010-12-14 05:00:00,560.6736,2010-12-13 03:15:00,12.0000
14301000,45.704167,-123.754167,2011-01-13 15:15:00,2011-01-15 00:00:00,472.8913,2011-01-14 00:15:00,9.0000
14301000,45.704167,-123.754167,2011-01-16 11:45:00,2011-01-18 22:00:00,784.3767,2011-01-17 03:00:00,15.2500
14301000,45.704167,-123.754167,2011-03-10 09:30:00,2011-03-11 23:00:00,521.0300,2011-03-10 14:30:00,5.0000
14301000,45.704167,-123.754167,2011-11-22 23:00:00,2011-11-24 22:30:00,707.9212,2011-11-23 16:00:00,17.0000
14301000,45.704167,-123.754167,2011-12-30 07:45:00,2011-12-31 11:15:00,526.6933,2011-12-30 13:45:00,6.0000
14301000,45.704167,-123.754167,2012-01-21 03:00:00,2012-01-23 13:00:00,608.8122,2012-01-21 15:30:00,12.5000
14301000,45.704167,-123.754167,2012-01-25 08:00:00,2012-01-25 16:00:00,444.5745,2012-01-25 11:00:00,3.0000
14301000,45.704167,-123.754167,2012-03-15 10:00:00,2012-03-18 10:45:00,773.0499,2012-03-15 23:00:00,13.0000
14301000,45.704167,-123.754167,2012-03-29 18:45:00,2012-04-01 22:15:00,722.0796,2012-03-30 18:00:00,23.2500
14301000,45.704167,-123.754167,2012-11-19 13:15:00,2012-11-22 09:15:00,931.6243,2012-11-19 23:15:00,10.0000
14301000,45.704167,-123.754167,2012-12-02 10:00:00,2012-12-05 22:30:00,501.2082,2012-12-04 17:00:00,55.0000
14301000,45.704167,-123.754167,2012-12-17 21:00:00,2012-12-19 02:00:00,467.2280,2012-12-18 07:15:00,10.2500
14301000,45.704167,-123.754167,2012-12-20 06:45:00,2012-12-22 10:30:00,580.4954,2012-12-20 23:15:00,16.5000
14301000,45.704167,-123.754167,2013-12-02 07:30:00,2013-12-02 15:00:00,472.8913,2013-12-02 10:00:00,2.5000
14301000,45.704167,-123.754167,2014-02-17 11:15:00,2014-02-20 22:30:00,690.9311,2014-02-19 02:30:00,39.2500
14301000,45.704167,-123.754167,2014-03-06 12:30:00,2014-03-10 16:00:00,699.4261,2014-03-07 03:45:00,15.2500
14301000,45.704167,-123.754167,2014-12-21 00:45:00,2014-12-23 03:30:00,642.7924,2014-12-21 17:30:00,16.7500
14301000,45.704167,-123.754167,2015-02-06 21:30:00,2015-02-09 22:00:00,622.9706,2015-02-08 06:15:00,32.7500
14301000,45.704167,-123.754167,2015-11-17 21:15:00,2015-11-19 09:30:00,829.6836,2015-11-18 05:15:00,8.0000
14301000,45.704167,-123.754167,2015-12-07 11:45:00,2015-12-10 17:00:00,1333.7235,2015-12-09 09:15:00,45.5000
14301000,45.704167,-123.754167,2015-12-18 07:15:00,2015-12-20 01:30:00,532.3567,2015-12-18 15:00:00,7.7500
14305500,44.715278,-123.886111,1987-03-03 22:30:00,1987-03-04 07:00:00,359.6240,1987-03-04 02:00:00,3.5000
14305500,44.715278,-123.886111,1989-01-10 02:00:00,1989-01-10 18:00:00,436.0794,1989-01-10 06:00:00,4.0000
14305500,44.715278,-123.886111,1989-12-04 23:30:00,1989-12-05 14:30:00,487.0498,1989-12-05 04:30:00,5.0000
14305500,44.715278,-123.886111,1990-01-07 08:30:00,1990-01-10 12:00:00,461.5646,1990-01-07 12:30:00,4.0000
14305500,44.715278,-123.886111,1990-01-29 01:30:00,1990-01-29 11:00:00,362.4556,1990-01-29 03:30:00,2.0000
14305500,44.715278,-123.886111,1990-02-10 01:30:00,1990-02-11 08:00:00,402.0992,1990-02-10 10:30:00,9.0000
14305500,44.715278,-123.886111,1991-01-12 21:00:00,1991-01-13 02:00:00,325.6437,1991-01-12 23:00:00,2.0000
14305500,44.715278,-123.886111,1991-04-05 05:00:00,1991-04-06 09:00:00,580.4954,1991-04-05 17:30:00,12.5000
14305500,44.715278,-123.886111,1992-11-22 01:00:00,1992-11-22 05:30:00,339.8022,1992-11-22 03:00:00,2.0000
14305500,44.715278,-123.886111,1994-02-24 12:30:00,1994-02-25 17:30:00,518.1983,1994-02-24 23:30:00,11.0000
14305500,44.715278,-123.886111,1994-10-27 17:00:00,1994-10-27 22:00:00,351.1289,1994-10-27 18:30:00,1.5000
14305500,44.715278,-123.886111,1994-11-30 23:30:00,1994-12-01 20:00:00,475.7230,1994-12-01 04:30:00,5.0000
14305500,44.715278,-123.886111,1994-12-17 08:00:00,1994-12-18 03:00:00,444.5745,1994-12-17 14:30:00,6.5000
14305500,44.715278,-123.886111,1994-12-27 04:30:00,1994-12-28 02:00:00,495.5448,1994-12-27 11:30:00,7.0000
14305500,44.715278,-123.886111,1995-01-31 18:00:00,1995-02-01 13:00:00,404.9309,1995-02-01 00:30:00,6.5000
14305500,44.715278,-123.886111,1995-02-17 20:00:00,1995-02-20 13:30:00,532.3567,1995-02-19 19:00:00,47.0000
14305500,44.715278,-123.886111,1995-11-11 18:00:00,1995-11-12 11:30:00,458.7329,1995-11-11 22:30:00,4.5000
14305500,44.715278,-123.886111,1995-11-28 02:30:00,1995-12-01 20:30:00,628.6340,1995-11-30 06:00:00,51.5000
14305500,44.715278,-123.886111,1995-12-13 06:30:00,1995-12-13 10:30:00,322.8121,1995-12-13 07:30:00,1.0000
14305500,44.715278,-123.886111,1996-01-08 01:00:00,1996-01-08 06:30:00,334.1388,1996-01-08 03:00:00,2.0000
14305500,44.715278,-123.886111,1996-02-06 13:00:00,1996-02-10 05:30:00,982.5946,1996-02-08 04:00:00,39.0000
14305500,44.715278,-123.886111,1996-04-23 16:00:00,1996-04-24 18:30:00,549.3468,1996-04-24 02:30:00,10.5000
14305500,44.715278,-123.886111,1996-11-19 14:30:00,1996-11-20 11:30:00,642.7924,1996-11-19 20:30:00,6.0000
14305500,44.715278,-123.886111,1996-12-05 00:30:00,1996-12-05 13:00:00,413.4260,1996-12-05 04:00:00,3.5000
14305500,44.715278,-123.886111,1996-12-08 11:00:00,1996-12-08 18:30:00,317.1487,1996-12-08 13:00:00,2.0000
14305500,44.715278,-123.886111,1996-12-25 07:30:00,1996-12-28 03:30:00,622.9706,1996-12-26 22:00:00,38.5000
14305500,44.715278,-123.886111,1996-12-29 17:30:00,1996-12-30 14:30:00,416.2576,1996-12-30 01:00:00,7.5000
14305500,44.715278,-123.886111,1997-01-01 01:30:00,1997-01-01 20:00:00,419.0893,1997-01-01 10:00:00,8.5000
14305500,44.715278,-123.886111,1997-01-31 13:00:00,1997-02-01 16:00:00,472.8913,1997-01-31 20:00:00,7.0000
14305500,44.715278,-123.886111,1997-10-30 23:30:00,1997-10-31 10:00:00,475.7230,1997-10-31 03:00:00,3.5000
14305500,44.715278,-123.886111,1997-12-17 03:00:00,1997-12-17 12:00:00,353.9606,1997-12-17 05:30:00,2.5000
14305500,44.715278,-123.886111,1998-11-21 03:00:00,1998-11-21 15:00:00,458.7329,1998-11-21 07:00:00,4.0000
14305500,44.715278,-123.886111,1998-11-25 15:30:00,1998-11-27 04:30:00,543.6835,1998-11-26 11:00:00,19.5000
14305500,44.715278,-123.886111,1998-12-02 09:00:00,1998-12-03 07:00:00,557.8419,1998-12-02 15:00:00,6.0000
14305500,44.715278,-123.886111,1998-12-12 00:00:00,1998-12-12 07:00:00,348.2972,1998-12-12 02:30:00,2.5000
14305500,44.715278,-123.886111,1998-12-28 01:00:00,1998-12-31 01:30:00,1146.8323,1998-12-28 15:00:00,14.0000
14305500,44.715278,-123.886111,1999-01-21 15:00:00,1999-01-21 18:30:00,314.3170,1999-01-21 16:00:00,1.0000
14305500,44.715278,-123.886111,1999-02-24 09:00:00,1999-02-25 07:30:00,504.0399,1999-02-25 00:00:00,15.0000
14305500,44.715278,-123.886111,1999-02-27 19:30:00,1999-03-01 00:30:00,654.1192,1999-02-28 05:30:00,10.0000
14305500,44.715278,-123.886111,1999-11-25 07:00:00,1999-11-27 10:30:00,1486.6344,1999-11-26 08:30:00,25.5000
14305500,44.715278,-123.886111,1999-12-15 03:00:00,1999-12-17 15:00:00,577.6637,1999-12-16 19:30:00,40.5000
14305500,44.715278,-123.886111,2000-02-02 01:00:00,2000-02-02 04:30:00,317.1487,2000-02-02 02:00:00,1.0000
14305500,44.715278,-123.886111,2001-11-14 11:00:00,2001-11-14 19:00:00,376.6141,2001-11-14 13:30:00,2.5000
14305500,44.715278,-123.886111,2001-11-22 21:30:00,2001-11-23 13:00:00,453.0695,2001-11-23 04:00:00,6.5000
14305500,44.715278,-123.886111,2001-12-14 02:00:00,2001-12-14 18:30:00,438.9111,2001-12-14 06:00:00,4.0000
14305500,44.715278,-123.886111,2001-12-17 05:00:00,2001-12-17 14:30:00,362.4556,2001-12-17 09:00:00,4.0000
14305500,44.715278,-123.886111,2002-01-07 10:30:00,2002-01-09 01:30:00,515.3666,2002-01-08 08:00:00,21.5000
14305500,44.715278,-123.886111,2002-01-25 13:00:00,2002-01-26 11:00:00,472.8913,2002-01-25 19:00:00,6.0000
14305500,44.715278,-123.886111,2002-03-12 05:00:00,2002-03-12 08:30:00,322.8121,2002-03-12 05:30:00,0.5000
14305500,44.715278,-123.886111,2003-01-30 23:30:00,2003-02-01 19:00:00,492.7131,2003-02-01 02:30:00,27.0000
14305500,44.715278,-123.886111,2003-03-07 20:30:00,2003-03-08 07:30:00,368.1190,2003-03-08 01:00:00,4.5000
14305500,44.715278,-123.886111,2003-03-22 14:00:00,2003-03-23 01:30:00,365.2873,2003-03-22 19:00:00,5.0000
14305500,44.715278,-123.886111,2004-01-29 07:30:00,2004-01-31 03:30:00,586.1587,2004-01-29 19:00:00,11.5000
14305500,44.715278,-123.886111,2004-12-11 11:30:00,2004-12-11 19:30:00,356.7923,2004-12-11 14:00:00,2.5000
14305500,44.715278,-123.886111,2005-03-27 12:30:00,2005-03-27 23:30:00,385.1091,2005-03-27 16:30:00,4.0000
14305500,44.715278,-123.886111,2005-12-23 02:00:00,2005-12-23 04:30:00,317.1487,2005-12-23 02:30:00,0.5000
14305500,44.715278,-123.886111,2005-12-28 16:30:00,2005-12-29 08:00:00,424.7527,2005-12-28 21:00:00,4.5000
14305500,44.715278,-123.886111,2005-12-30 12:30:00,2005-12-31 18:30:00,404.9309,2005-12-30 17:00:00,4.5000
14305500,44.715278,-123.886111,2006-01-10 06:00:00,2006-01-12 04:30:00,710.7528,2006-01-10 17:00:00,11.0000
14305500,44.715278,-123.886111,2006-01-30 16:00:00,2006-01-30 18:00:00,314.3170,2006-01-30 16:30:00,0.5000
14305500,44.715278,-123.886111,2006-11-07 02:00:00,2006-11-08 14:00:00,1027.9015,2006-11-07 11:30:00,9.5000
14305500,44.715278,-123.886111,2006-12-14 21:00:00,2006-12-15 18:30:00,467.2280,2006-12-15 05:30:00,8.5000
14305500,44.715278,-123.886111,2007-12-03 08:00:00,2007-12-04 18:30:00,744.7331,2007-12-03 22:00:00,14.0000
14305500,44.715278,-123.886111,2008-11-13 01:30:00,2008-11-14 00:30:00,792.8717,2008-11-13 09:30:00,8.0000
14305500,44.715278,-123.886111,2008-12-28 11:30:00,2008-12-29 07:00:00,470.0597,2008-12-28 18:30:00,7.0000
14305500,44.715278,-123.886111,2009-01-01 22:30:00,2009-01-03 07:30:00,812.6935,2009-01-02 12:30:00,14.0000
14305500,44.715278,-123.886111,2009-01-07 20:00:00,2009-01-09 07:30:00,495.5448,2009-01-08 15:00:00,19.0000
14305500,44.715278,-123.886111,2010-12-29 05:30:00,2010-12-29 12:00:00,328.4754,2010-12-29 07:30:00,2.0000
14305500,44.715278,-123.886111,2011-01-16 05:00:00,2011-01-18 03:00:00,841.0103,2011-01-17 01:30:00,20.5000
14305500,44.715278,-123.886111,2011-12-29 03:30:00,2011-12-31 06:00:00,470.0597,2011-12-30 15:30:00,36.0000
14305500,44.715278,-123.886111,2012-01-18 21:30:00,2012-01-22 01:00:00,1067.5451,2012-01-19 22:00:00,24.5000
14305500,44.715278,-123.886111,2012-01-25 05:30:00,2012-01-25 12:30:00,348.2972,2012-01-25 07:30:00,2.0000
14305500,44.715278,-123.886111,2012-03-15 14:00:00,2012-03-16 14:30:00,526.6933,2012-03-15 21:30:00,7.5000
14305500,44.715278,-123.886111,2012-03-30 03:30:00,2012-03-31 08:30:00,489.8814,2012-03-30 17:00:00,13.5000
14305500,44.715278,-123.886111,2012-10-29 09:45:00,2012-10-29 19:45:00,393.6042,2012-10-29 14:15:00,4.5000
14305500,44.715278,-123.886111,2012-11-19 15:00:00,2012-11-20 19:30:00,583.3270,2012-11-20 02:45:00,11.7500
14305500,44.715278,-123.886111,2012-12-05 06:00:00,2012-12-05 12:00:00,325.6437,2012-12-05 08:15:00,2.2500
14305500,44.715278,-123.886111,2013-09-30 03:45:00,2013-09-30 14:00:00,467.2280,2013-09-30 08:15:00,4.5000
14305500,44.715278,-123.886111,2014-02-12 14:30:00,2014-02-13 05:00:00,416.2576,2014-02-12 19:45:00,5.2500
14305500,44.715278,-123.886111,2014-12-20 21:00:00,2014-12-22 13:00:00,824.0202,2014-12-21 08:30:00,11.5000
14305500,44.715278,-123.886111,2015-01-18 10:15:00,2015-01-18 13:30:00,322.8121,2015-01-18 11:45:00,1.5000
14305500,44.715278,-123.886111,2015-02-10 05:15:00,2015-02-10 20:30:00,393.6042,2015-02-10 10:15:00,5.0000
14305500,44.715278,-123.886111,2015-11-18 04:00:00,2015-11-18 14:30:00,421.9210,2015-11-18 07:45:00,3.7500
14305500,44.715278,-123.886111,2015-12-07 14:45:00,2015-12-10 06:15:00,911.8025,2015-12-08 01:00:00,10.2500
14305500,44.715278,-123.886111,2015-12-13 03:30:00,2015-12-13 11:45:00,353.9606,2015-12-13 05:00:00,1.5000
14305500,44.715278,-123.886111,2015-12-17 21:00:00,2015-12-19 06:45:00,727.7430,2015-12-18 08:30:00,11.5000
14366000,42.241667,-123.138889,1997-01-01 08:00:00,1997-01-03 21:30:00,841.0103,1997-01-02 03:30:00,19.5000
14369500,42.354167,-123.405556,1981-12-20 02:07:33,1981-12-20 09:07:42,611.6439,1981-12-20 05:37:39,3.5017
14369500,42.354167,-123.405556,1983-02-18 11:00:00,1983-02-18 22:30:00,617.3073,1983-02-18 17:30:00,6.5000
14369500,42.354167,-123.405556,1996-12-31 07:00:00,1997-01-04 16:00:00,1245.9413,1997-01-02 08:30:00,49.5000
14369500,42.354167,-123.405556,2005-12-30 23:00:00,2005-12-31 11:00:00,614.4756,2005-12-31 04:00:00,5.0000
14165000,44.093056,-122.956111,1986-11-28 01:30:00,1986-11-29 06:30:00,167.3526,1986-11-28 20:00:00,18.5000
14165000,44.093056,-122.956111,1989-01-10 09:00:00,1989-01-11 07:30:00,217.7566,1989-01-10 16:30:00,7.5000
14165000,44.093056,-122.956111,1995-01-14 02:30:00,1995-01-15 07:30:00,220.5882,1995-01-14 13:30:00,11.0000
14165000,44.093056,-122.956111,1996-01-21 04:30:00,1996-01-22 05:30:00,164.5209,1996-01-21 09:00:00,4.5000
14165000,44.093056,-122.956111,1996-02-07 05:30:00,1996-02-08 07:30:00,382.2774,1996-02-07 21:30:00,16.0000
14165000,44.093056,-122.956111,1996-11-19 02:30:00,1996-11-21 00:00:00,317.1487,1996-11-19 18:00:00,15.5000
14165000,44.093056,-122.956111,1996-12-05 07:30:00,1996-12-05 21:30:00,158.0080,1996-12-05 11:30:00,4.0000
14165000,44.093056,-122.956111,1996-12-08 08:00:00,1996-12-10 04:00:00,202.4655,1996-12-09 00:30:00,16.5000
14165000,44.093056,-122.956111,1996-12-26 01:30:00,1996-12-28 11:30:00,236.1625,1996-12-26 14:30:00,13.0000
14165000,44.093056,-122.956111,1996-12-30 05:30:00,1997-01-02 07:30:00,163.1050,1997-01-01 16:00:00,58.5000
14165000,44.093056,-122.956111,1997-01-31 17:00:00,1997-02-02 02:30:00,217.4734,1997-02-01 06:00:00,13.0000
14165000,44.093056,-122.956111,1998-12-02 23:00:00,1998-12-03 14:30:00,154.6100,1998-12-03 05:00:00,6.0000
14165000,44.093056,-122.956111,1998-12-28 13:30:00,1998-12-29 07:30:00,232.7645,1998-12-29 00:00:00,10.5000
14165000,44.093056,-122.956111,1999-01-18 12:30:00,1999-01-18 13:00:00,132.2397,1999-01-18 13:00:00,0.5000
14165000,44.093056,-122.956111,1999-01-21 11:30:00,1999-01-23 22:30:00,175.2813,1999-01-21 22:30:00,11.0000
14165000,44.093056,-122.956111,1999-11-26 06:00:00,1999-11-27 07:00:00,242.3922,1999-11-26 18:30:00,12.5000
14165000,44.093056,-122.956111,2000-01-11 07:00:00,2000-01-11 21:00:00,175.8476,2000-01-11 12:00:00,5.0000
14165000,44.093056,-122.956111,2000-01-14 08:00:00,2000-01-15 11:00:00,153.1941,2000-01-14 16:30:00,8.5000
14165000,44.093056,-122.956111,2002-01-26 03:30:00,2002-01-26 19:00:00,152.9110,2002-01-26 09:30:00,6.0000
14165000,44.093056,-122.956111,2003-12-14 00:00:00,2003-12-14 22:30:00,242.1090,2003-12-14 07:30:00,7.5000
14165000,44.093056,-122.956111,2005-12-30 22:00:00,2006-01-02 00:30:00,247.7724,2005-12-31 17:30:00,19.5000
14165000,44.093056,-122.956111,2006-01-11 00:30:00,2006-01-12 14:30:00,207.8457,2006-01-11 15:00:00,14.5000
14165000,44.093056,-122.956111,2006-01-17 20:00:00,2006-01-19 11:30:00,239.8437,2006-01-18 06:00:00,10.0000
14165000,44.093056,-122.956111,2007-01-03 22:30:00,2007-01-04 10:30:00,150.0793,2007-01-04 02:30:00,4.0000
14165000,44.093056,-122.956111,2008-12-28 21:30:00,2008-12-30 12:30:00,168.4852,2008-12-30 02:00:00,28.5000
14165000,44.093056,-122.956111,2009-01-02 15:30:00,2009-01-03 06:30:00,158.5743,2009-01-02 22:00:00,6.5000
14165000,44.093056,-122.956111,2011-01-17 05:30:00,2011-01-17 18:30:00,146.1149,2011-01-17 12:30:00,7.0000
14165000,44.093056,-122.956111,2012-01-19 12:00:00,2012-01-20 07:30:00,240.4100,2012-01-20 03:30:00,15.5000
14165000,44.093056,-122.956111,2012-03-22 10:30:00,2012-03-22 17:00:00,139.6021,2012-03-22 13:00:00,2.5000
14165000,44.093056,-122.956111,2014-02-14 19:30:00,2014-02-15 14:45:00,166.2199,2014-02-15 00:15:00,4.7500
14165000,44.093056,-122.956111,2014-12-21 22:45:00,2014-12-22 23:00:00,141.5842,2014-12-22 15:45:00,17.0000
14165000,44.093056,-122.956111,2015-12-18 02:45:00,2015-12-19 14:30:00,188.8734,2015-12-18 12:30:00,9.7500
12363000,48.361944,-114.183889,1996-06-05 10:15:00,1996-06-06 05:00:00,1328.0601,1996-06-05 19:00:00,8.7500
12363000,48.361944,-114.183889,1996-06-09 06:30:00,1996-06-10 18:15:00,1413.0106,1996-06-09 20:45:00,14.2500
12363000,48.361944,-114.183889,1997-05-16 06:45:00,1997-05-19 10:45:00,1721.6643,1997-05-17 23:30:00,40.7500
12363000,48.361944,-114.183889,1997-06-01 08:45:00,1997-06-03 06:15:00,1531.9414,1997-06-02 03:15:00,18.5000
12363000,48.361944,-114.183889,2002-05-31 12:45:00,2002-06-01 02:30:00,1285.5848,2002-05-31 19:00:00,6.2500
12363000,48.361944,-114.183889,2006-06-16 15:15:00,2006-06-17 22:45:00,1330.8918,2006-06-16 21:30:00,6.2500
12363000,48.361944,-114.183889,2008-05-19 05:45:00,2008-05-22 23:15:00,1514.9513,2008-05-20 00:00:00,18.2500
12363000,48.361944,-114.183889,2008-05-24 07:00:00,2008-05-27 16:45:00,1432.8324,2008-05-25 21:15:00,38.2500
12363000,48.361944,-114.183889,2011-06-07 09:30:00,2011-06-09 18:15:00,1393.1889,2011-06-08 10:15:00,24.7500
12363000,48.361944,-114.183889,2011-06-23 06:15:00,2011-06-25 18:45:00,1376.1987,2011-06-24 17:00:00,34.7500
12363000,48.361944,-114.183889,2011-06-30 12:00:00,2011-07-02 00:15:00,1367.7037,2011-06-30 20:30:00,8.5000
12363000,48.361944,-114.183889,2012-04-26 13:30:00,2012-04-28 17:15:00,1401.6839,2012-04-27 21:45:00,32.2500
12363000,48.361944,-114.183889,2012-06-06 19:00:00,2012-06-07 13:45:00,1347.8819,2012-06-07 02:15:00,7.2500
12363000,48.361944,-114.183889,2012-06-18 15:00:00,2012-06-21 08:30:00,1418.6740,2012-06-19 22:15:00,31.2500
12363000,48.361944,-114.183889,2012-06-24 15:45:00,2012-06-28 16:45:00,1503.6246,2012-06-27 10:45:00,67.0000
12363000,48.361944,-114.183889,2013-05-13 10:30:00,2013-05-15 16:15:00,1537.6048,2013-05-14 22:00:00,35.5000
12363000,48.361944,-114.183889,2014-05-23 19:30:00,2014-05-28 11:30:00,1427.1691,2014-05-24 20:30:00,25.0000
14189000,44.714722,-123.014167,1989-01-10 11:30:00,1989-01-10 23:00:00,1466.8127,1989-01-10 16:30:00,5.0000
14189000,44.714722,-123.014167,1990-04-28 11:00:00,1990-04-28 20:00:00,1339.3868,1990-04-28 14:30:00,3.5000
14189000,44.714722,-123.014167,1993-03-23 22:30:00,1993-03-24 00:30:00,1228.9511,1993-03-23 23:30:00,1.0000
14189000,44.714722,-123.014167,1994-11-01 15:30:00,1994-11-01 16:30:00,1226.1195,1994-11-01 16:00:00,0.5000
14189000,44.714722,-123.014167,1995-01-14 13:30:00,1995-01-15 02:30:00,1381.8621,1995-01-14 19:00:00,5.5000
14189000,44.714722,-123.014167,1995-02-18 09:30:00,1995-02-18 20:00:00,1461.1493,1995-02-18 15:00:00,5.5000
14189000,44.714722,-123.014167,1995-11-30 19:00:00,1995-12-02 02:30:00,1342.2185,1995-12-01 21:30:00,26.5000
14189000,44.714722,-123.014167,1995-12-15 06:30:00,1995-12-15 12:30:00,1268.5947,1995-12-15 08:30:00,2.0000
14189000,44.714722,-123.014167,1996-02-07 00:00:00,1996-02-09 07:30:00,4757.2302,1996-02-08 05:30:00,29.5000
14189000,44.714722,-123.014167,1996-11-19 12:00:00,1996-11-21 00:00:00,2537.1895,1996-11-20 02:30:00,14.5000
14189000,44.714722,-123.014167,1996-12-05 08:30:00,1996-12-05 17:30:00,1396.0205,1996-12-05 12:30:00,4.0000
14189000,44.714722,-123.014167,1996-12-25 21:30:00,1996-12-27 17:00:00,1764.1395,1996-12-27 00:30:00,27.0000
14189000,44.714722,-123.014167,1996-12-30 02:30:00,1997-01-02 16:30:00,1483.8028,1996-12-30 12:00:00,9.5000
14189000,44.714722,-123.014167,1997-01-31 23:00:00,1997-02-01 23:00:00,1639.5454,1997-02-01 09:00:00,10.0000
14189000,44.714722,-123.014167,1998-12-28 12:30:00,1998-12-30 04:30:00,2174.7338,1998-12-29 04:00:00,15.5000
14189000,44.714722,-123.014167,1999-11-26 04:30:00,1999-11-27 09:30:00,2344.6349,1999-11-26 22:00:00,17.5000
14189000,44.714722,-123.014167,2003-02-01 12:30:00,2003-02-01 17:00:00,1248.7729,2003-02-01 14:00:00,1.5000
14189000,44.714722,-123.014167,2003-12-14 05:30:00,2003-12-14 18:30:00,1441.3275,2003-12-14 10:00:00,4.5000
14189000,44.714722,-123.014167,2005-12-31 07:00:00,2006-01-01 12:00:00,1565.9216,2005-12-31 20:00:00,13.0000
14189000,44.714722,-123.014167,2006-01-11 11:00:00,2006-01-12 03:00:00,1401.6839,2006-01-11 21:00:00,10.0000
14189000,44.714722,-123.014167,2006-01-17 21:00:00,2006-01-18 21:30:00,1475.3077,2006-01-18 08:30:00,11.5000
14189000,44.714722,-123.014167,2006-11-07 23:30:00,2006-11-08 12:30:00,1446.9909,2006-11-08 06:00:00,6.5000
14189000,44.714722,-123.014167,2006-12-15 04:00:00,2006-12-15 11:00:00,1328.0601,2006-12-15 07:30:00,3.5000
14189000,44.714722,-123.014167,2009-01-02 08:00:00,2009-01-03 08:30:00,1749.9811,2009-01-02 22:30:00,14.5000
14189000,44.714722,-123.014167,2011-01-16 23:30:00,2011-01-17 22:00:00,1665.0306,2011-01-17 10:45:00,11.2500
14189000,44.714722,-123.014167,2011-12-30 20:15:00,2011-12-31 09:30:00,1390.3572,2011-12-31 02:00:00,5.7500
14189000,44.714722,-123.014167,2012-01-19 11:30:00,2012-01-21 00:15:00,2557.0112,2012-01-20 06:30:00,19.0000
14189000,44.714722,-123.014167,2012-03-31 00:54:00,2012-03-31 18:45:00,1421.5057,2012-03-31 08:30:00,7.6000
14189000,44.714722,-123.014167,2012-11-20 20:30:00,2012-11-21 07:15:00,1325.2284,2012-11-21 01:30:00,5.0000
14189000,44.714722,-123.014167,2014-02-13 02:15:00,2014-02-13 15:00:00,1328.0601,2014-02-13 09:00:00,6.7500
14189000,44.714722,-123.014167,2014-12-21 18:00:00,2014-12-22 00:00:00,1240.2779,2014-12-21 21:00:00,3.0000
14189000,44.714722,-123.014167,2015-12-18 07:45:00,2015-12-19 07:00:00,1551.7632,2015-12-18 15:15:00,7.5000
13336500,46.086667,-115.513889,1997-05-17 07:00:00,1997-05-18 12:15:00,1141.1689,1997-05-17 09:45:00,2.7500
12010000,46.374167,-123.742222,1990-01-09 16:00:00,1990-01-10 07:00:00,264.7625,1990-01-09 22:00:00,6.0000
12010000,46.374167,-123.742222,1990-02-10 10:00:00,1990-02-11 05:00:00,254.8516,1990-02-10 20:00:00,10.0000
12010000,46.374167,-123.742222,1990-11-24 14:00:00,1990-11-25 09:00:00,317.1487,1990-11-24 23:00:00,9.0000
12010000,46.374167,-123.742222,1993-12-10 07:00:00,1993-12-10 19:00:00,217.1902,1993-12-10 16:00:00,9.0000
12010000,46.374167,-123.742222,1994-12-20 01:00:00,1994-12-20 20:00:00,288.8318,1994-12-20 11:00:00,10.0000
12010000,46.374167,-123.742222,1994-12-27 13:00:00,1994-12-28 03:00:00,248.0556,1994-12-27 19:00:00,6.0000
12010000,46.374167,-123.742222,1995-11-29 16:00:00,1995-11-30 04:30:00,205.5803,1995-11-29 19:15:00,3.2500
12010000,46.374167,-123.742222,1996-01-07 17:00:00,1996-01-07 18:30:00,185.7585,1996-01-07 17:15:00,0.2500
12010000,46.374167,-123.742222,1996-02-08 10:45:00,1996-02-09 03:00:00,220.3051,1996-02-08 16:15:00,5.5000
12010000,46.374167,-123.742222,1997-01-01 04:45:00,1997-01-01 11:45:00,229.3665,1997-01-01 07:15:00,2.5000
12010000,46.374167,-123.742222,1997-03-18 23:45:00,1997-03-20 03:30:00,356.7923,1997-03-19 06:45:00,7.0000
12010000,46.374167,-123.742222,1998-01-14 21:45:00,1998-01-14 22:45:00,186.3249,1998-01-14 22:30:00,0.7500
12010000,46.374167,-123.742222,1998-12-28 03:30:00,1998-12-28 08:00:00,198.5011,1998-12-28 04:30:00,1.0000
12010000,46.374167,-123.742222,1999-12-15 21:45:00,1999-12-16 11:00:00,265.8952,1999-12-16 03:00:00,5.2500
12010000,46.374167,-123.742222,2001-11-15 02:00:00,2001-11-15 05:15:00,194.5367,2001-11-15 04:00:00,2.0000
12010000,46.374167,-123.742222,2006-01-10 12:30:00,2006-01-10 16:45:00,196.2357,2006-01-10 14:30:00,2.0000
12010000,46.374167,-123.742222,2006-11-06 22:45:00,2006-11-07 13:30:00,201.8991,2006-11-07 01:30:00,2.7500
12010000,46.374167,-123.742222,2007-12-03 11:30:00,2007-12-03 22:15:00,203.3150,2007-12-03 16:30:00,5.0000
12010000,46.374167,-123.742222,2008-11-12 17:00:00,2008-11-13 07:45:00,235.3130,2008-11-12 21:15:00,4.2500
12010000,46.374167,-123.742222,2009-11-20 06:00:00,2009-11-20 11:45:00,191.4219,2009-11-20 09:15:00,3.2500
12010000,46.374167,-123.742222,2012-11-19 18:00:00,2012-11-20 01:30:00,196.8021,2012-11-19 22:00:00,4.0000
12010000,46.374167,-123.742222,2015-01-05 10:15:00,2015-01-05 22:45:00,268.1605,2015-01-05 15:45:00,5.5000
12010000,46.374167,-123.742222,2015-11-18 00:15:00,2015-11-18 06:45:00,211.8100,2015-11-18 03:00:00,2.7500
12445000,48.632500,-119.460556,1990-05-30 21:00:00,1990-06-10 00:00:00,450.2379,1990-06-05 15:00:00,138.0000
12445000,48.632500,-119.460556,1990-06-11 04:00:00,1990-06-26 20:00:00,455.9012,1990-06-12 08:00:00,28.0000
12445000,48.632500,-119.460556,1991-06-22 13:00:00,1991-07-07 20:00:00,481.3864,1991-06-24 07:00:00,42.0000
12445000,48.632500,-119.460556,1995-12-01 07:00:00,1995-12-02 05:00:00,430.4161,1995-12-01 15:00:00,8.0000
12445000,48.632500,-119.460556,1997-05-13 07:00:00,1997-06-20 22:00:00,787.2083,1997-05-18 22:00:00,135.0000
12445000,48.632500,-119.460556,1998-05-05 00:00:00,1998-05-11 06:00:00,464.3963,1998-05-08 12:00:00,84.0000
12445000,48.632500,-119.460556,1998-05-28 10:00:00,1998-05-30 18:00:00,441.7428,1998-05-29 00:00:00,14.0000
12445000,48.632500,-119.460556,1999-05-26 05:00:00,1999-06-04 04:00:00,487.0498,1999-05-28 07:00:00,50.0000
12445000,48.632500,-119.460556,1999-06-05 05:00:00,1999-06-08 22:00:00,447.4062,1999-06-07 08:00:00,51.0000
12445000,48.632500,-119.460556,1999-06-17 07:00:00,1999-06-24 09:00:00,540.8518,1999-06-19 00:00:00,41.0000
12445000,48.632500,-119.460556,2002-05-28 03:00:00,2002-06-09 17:30:00,540.8518,2002-06-01 17:30:00,110.5000
12445000,48.632500,-119.460556,2002-06-14 07:00:00,2002-06-20 18:30:00,489.8814,2002-06-17 13:00:00,78.0000
12445000,48.632500,-119.460556,2006-05-19 08:00:00,2006-05-27 17:30:00,509.7032,2006-05-22 11:30:00,75.5000
12445000,48.632500,-119.460556,2008-05-19 04:30:00,2008-06-04 02:30:00,580.4954,2008-05-22 09:00:00,76.5000
12445000,48.632500,-119.460556,2011-06-30 04:45:00,2011-07-02 17:00:00,416.2576,2011-07-01 09:15:00,28.5000
12445000,48.632500,-119.460556,2012-05-16 17:45:00,2012-05-21 00:45:00,453.0695,2012-05-18 16:15:00,46.5000
12445000,48.632500,-119.460556,2012-05-23 13:00:00,2012-05-24 20:15:00,404.9309,2012-05-23 23:00:00,10.0000
12445000,48.632500,-119.460556,2012-06-19 07:00:00,2012-06-19 22:00:00,396.4359,2012-06-19 10:45:00,3.7500
12445000,48.632500,-119.460556,2013-05-08 21:30:00,2013-05-22 06:45:00,651.2875,2013-05-15 02:30:00,149.0000
12445000,48.632500,-119.460556,2013-05-23 07:00:00,2013-05-25 10:45:00,436.0794,2013-05-23 08:45:00,1.7500
12445000,48.632500,-119.460556,2014-05-16 04:00:00,2014-06-01 06:15:00,529.5250,2014-05-19 10:30:00,78.5000
12445000,48.632500,-119.460556,2014-06-04 01:45:00,2014-06-05 22:15:00,402.0992,2014-06-04 12:15:00,10.5000
12445000,48.632500,-119.460556,2014-06-15 06:15:00,2014-06-15 18:15:00,402.0992,2014-06-15 10:30:00,4.2500
12445000,48.632500,-119.460556,2016-04-21 20:15:00,2016-04-28 23:00:00,523.8617,2016-04-25 08:15:00,84.0000
12445000,48.632500,-119.460556,2016-05-05 23:00:00,2016-05-10 03:45:00,413.4260,2016-05-06 18:45:00,19.7500
12445000,48.632500,-119.460556,1990-05-30 21:00:00,1990-06-10 00:00:00,450.2379,1990-06-05 15:00:00,138.0000
12445000,48.632500,-119.460556,1990-06-11 04:00:00,1990-06-26 20:00:00,455.9012,1990-06-12 08:00:00,28.0000
12445000,48.632500,-119.460556,1991-06-22 13:00:00,1991-07-07 20:00:00,481.3864,1991-06-24 07:00:00,42.0000
12445000,48.632500,-119.460556,1995-12-01 07:00:00,1995-12-02 05:00:00,430.4161,1995-12-01 15:00:00,8.0000
12445000,48.632500,-119.460556,1997-05-13 07:00:00,1997-06-20 22:00:00,787.2083,1997-05-18 22:00:00,135.0000
12445000,48.632500,-119.460556,1998-05-05 00:00:00,1998-05-11 06:00:00,464.3963,1998-05-08 12:00:00,84.0000
12445000,48.632500,-119.460556,1998-05-28 10:00:00,1998-05-30 18:00:00,441.7428,1998-05-29 00:00:00,14.0000
12445000,48.632500,-119.460556,1999-05-26 05:00:00,1999-06-04 04:00:00,487.0498,1999-05-28 07:00:00,50.0000
12445000,48.632500,-119.460556,1999-06-05 05:00:00,1999-06-08 22:00:00,447.4062,1999-06-07 08:00:00,51.0000
12445000,48.632500,-119.460556,1999-06-17 07:00:00,1999-06-24 09:00:00,540.8518,1999-06-19 00:00:00,41.0000
12445000,48.632500,-119.460556,2002-05-28 03:00:00,2002-06-09 17:30:00,540.8518,2002-06-01 17:30:00,110.5000
12445000,48.632500,-119.460556,2002-06-14 07:00:00,2002-06-20 18:30:00,489.8814,2002-06-17 13:00:00,78.0000
12445000,48.632500,-119.460556,2006-05-19 08:00:00,2006-05-27 17:30:00,509.7032,2006-05-22 11:30:00,75.5000
12445000,48.632500,-119.460556,2008-05-19 04:30:00,2008-06-04 02:30:00,580.4954,2008-05-22 09:00:00,76.5000
12445000,48.632500,-119.460556,2011-06-30 04:45:00,2011-07-02 17:00:00,416.2576,2011-07-01 09:15:00,28.5000
12445000,48.632500,-119.460556,2012-05-16 17:45:00,2012-05-21 00:45:00,453.0695,2012-05-18 16:15:00,46.5000
12445000,48.632500,-119.460556,2012-05-23 13:00:00,2012-05-24 20:15:00,404.9309,2012-05-23 23:00:00,10.0000
12445000,48.632500,-119.460556,2012-06-19 07:00:00,2012-06-19 22:00:00,396.4359,2012-06-19 10:45:00,3.7500
12445000,48.632500,-119.460556,2013-05-08 21:30:00,2013-05-22 06:45:00,651.2875,2013-05-15 02:30:00,149.0000
12445000,48.632500,-119.460556,2013-05-23 07:00:00,2013-05-25 10:45:00,436.0794,2013-05-23 08:45:00,1.7500
12445000,48.632500,-119.460556,2014-05-16 04:00:00,2014-06-01 06:15:00,529.5250,2014-05-19 10:30:00,78.5000
12445000,48.632500,-119.460556,2014-06-04 01:45:00,2014-06-05 22:15:00,402.0992,2014-06-04 12:15:00,10.5000
12445000,48.632500,-119.460556,2014-06-15 06:15:00,2014-06-15 18:15:00,402.0992,2014-06-15 10:30:00,4.2500
12445000,48.632500,-119.460556,2016-04-21 20:15:00,2016-04-28 23:00:00,523.8617,2016-04-25 08:15:00,84.0000
12445000,48.632500,-119.460556,2016-05-05 23:00:00,2016-05-10 03:45:00,413.4260,2016-05-06 18:45:00,19.7500
13013650,43.653891,-110.715280,2009-05-31 12:00:00,2009-06-03 01:00:00,421.9210,2009-06-01 16:30:00,28.5000
13013650,43.653891,-110.715280,2009-06-27 12:30:00,2009-06-27 23:00:00,407.7626,2009-06-27 16:00:00,3.5000
13013650,43.653891,-110.715280,2010-06-08 01:30:00,2010-06-12 23:00:00,481.3864,2010-06-08 13:45:00,12.2500
13345000,46.915278,-116.950000,1990-06-02 09:00:00,1990-06-03 16:00:00,164.8040,1990-06-02 23:30:00,14.5000
13345000,46.915278,-116.950000,1995-02-02 07:45:00,1995-02-03 06:00:00,127.7090,1995-02-02 19:30:00,11.7500
13345000,46.915278,-116.950000,1995-02-20 06:45:00,1995-02-21 13:30:00,148.9466,1995-02-20 20:30:00,13.7500
13345000,46.915278,-116.950000,1996-02-07 10:00:00,1996-02-11 14:30:00,413.4260,1996-02-09 21:30:00,59.5000
13345000,46.915278,-116.950000,1996-02-18 20:00:00,1996-02-20 18:00:00,145.2654,1996-02-19 21:45:00,25.7500
13345000,46.915278,-116.950000,1996-04-24 06:15:00,1996-04-25 20:00:00,223.7031,1996-04-24 19:00:00,12.7500
13345000,46.915278,-116.950000,1997-01-01 04:45:00,1997-01-03 15:15:00,237.8615,1997-01-01 18:45:00,14.0000
13345000,46.915278,-116.950000,1997-03-21 05:30:00,1997-03-22 00:00:00,118.3644,1997-03-21 14:15:00,8.7500
13345000,46.915278,-116.950000,1999-02-24 13:45:00,1999-02-26 05:15:00,165.0872,1999-02-25 02:00:00,12.2500
13345000,46.915278,-116.950000,1999-02-28 17:45:00,1999-03-01 13:45:00,124.3110,1999-03-01 03:15:00,9.5000
13345000,46.915278,-116.950000,2000-02-02 13:30:00,2000-02-03 07:00:00,143.8496,2000-02-02 20:15:00,6.7500
13345000,46.915278,-116.950000,2002-02-24 05:15:00,2002-02-25 02:00:00,174.9981,2002-02-24 14:30:00,9.2500
13345000,46.915278,-116.950000,2002-03-12 12:30:00,2002-03-12 18:15:00,110.7189,2002-03-12 14:30:00,2.0000
13345000,46.915278,-116.950000,2002-04-14 19:45:00,2002-04-16 01:00:00,167.0694,2002-04-15 09:15:00,13.5000
13345000,46.915278,-116.950000,2003-02-01 03:00:00,2003-02-02 06:45:00,169.0516,2003-02-01 12:45:00,9.7500
13345000,46.915278,-116.950000,2006-01-11 12:00:00,2006-01-12 03:30:00,127.9921,2006-01-11 17:45:00,5.7500
13345000,46.915278,-116.950000,2007-01-04 01:45:00,2007-01-04 07:45:00,114.1169,2007-01-04 05:15:00,3.5000
13345000,46.915278,-116.950000,2009-01-08 19:45:00,2009-01-09 22:15:00,162.8219,2009-01-09 06:00:00,10.2500
13345000,46.915278,-116.950000,2011-01-16 22:45:00,2011-01-18 19:45:00,173.5823,2011-01-17 10:30:00,11.7500
13345000,46.915278,-116.950000,2011-03-30 21:00:00,2011-04-01 05:00:00,139.6021,2011-03-31 08:15:00,11.2500
13345000,46.915278,-116.950000,2011-04-03 03:00:00,2011-04-03 14:15:00,113.2674,2011-04-03 07:15:00,4.2500
13345000,46.915278,-116.950000,2011-04-05 11:00:00,2011-04-06 09:15:00,142.4337,2011-04-05 21:00:00,10.0000
13345000,46.915278,-116.950000,2012-03-16 21:30:00,2012-03-17 05:15:00,110.7189,2012-03-17 01:30:00,4.0000
13345000,46.915278,-116.950000,2012-03-26 18:15:00,2012-03-27 19:30:00,174.1486,2012-03-27 05:15:00,11.0000
13345000,46.915278,-116.950000,2012-03-30 19:00:00,2012-04-02 00:45:00,208.1288,2012-03-31 13:30:00,18.5000
13345000,46.915278,-116.950000,2014-03-10 05:15:00,2014-03-11 23:00:00,130.8238,2014-03-11 04:00:00,22.7500
13345000,46.915278,-116.950000,2015-02-11 05:15:00,2015-02-11 09:15:00,107.0377,2015-02-11 06:15:00,1.0000
14171000,44.526389,-123.333333,2001-11-23 05:00:00,2001-11-23 08:00:00,57.2000,2001-11-23 06:30:00,1.5000
14171000,44.526389,-123.333333,2001-11-29 09:00:00,2001-12-03 15:00:00,124.3110,2001-12-02 02:30:00,65.5000
14171000,44.526389,-123.333333,2001-12-05 09:30:00,2001-12-08 03:00:00,70.2258,2001-12-07 06:30:00,45.0000
14171000,44.526389,-123.333333,2001-12-14 02:30:00,2001-12-19 10:00:00,95.4278,2001-12-17 12:00:00,81.5000
14171000,44.526389,-123.333333,2002-01-07 07:00:00,2002-01-09 21:30:00,93.7288,2002-01-08 12:00:00,29.0000
14171000,44.526389,-123.333333,2002-01-21 08:00:00,2002-01-24 03:30:00,79.2872,2002-01-21 19:00:00,11.0000
14171000,44.526389,-123.333333,2002-01-25 12:00:00,2002-01-28 16:30:00,128.8417,2002-01-26 00:00:00,12.0000
14171000,44.526389,-123.333333,2002-02-08 04:00:00,2002-02-09 15:30:00,69.6594,2002-02-08 08:00:00,4.0000
14171000,44.526389,-123.333333,2002-03-12 05:30:00,2002-03-12 22:00:00,60.5981,2002-03-12 09:30:00,4.0000
14171000,44.526389,-123.333333,2002-12-16 11:00:00,2002-12-17 08:30:00,91.4634,2002-12-16 18:30:00,7.5000
14171000,44.526389,-123.333333,2002-12-31 04:00:00,2003-01-01 14:30:00,98.8258,2002-12-31 10:30:00,6.5000
14171000,44.526389,-123.333333,2003-01-31 23:00:00,2003-02-03 07:00:00,95.7109,2003-02-01 14:00:00,15.0000
14171000,44.526389,-123.333333,2003-03-08 11:30:00,2003-03-10 00:30:00,67.3941,2003-03-08 21:30:00,10.0000
14171000,44.526389,-123.333333,2003-03-22 19:00:00,2003-03-24 02:30:00,71.6416,2003-03-23 02:00:00,7.0000
14171000,44.526389,-123.333333,2003-12-14 01:00:00,2003-12-15 19:30:00,98.8258,2003-12-14 10:00:00,9.0000
14171000,44.526389,-123.333333,2003-12-29 05:00:00,2003-12-30 12:30:00,77.3050,2003-12-29 13:30:00,8.5000
14171000,44.526389,-123.333333,2004-01-29 18:30:00,2004-02-02 15:00:00,117.7981,2004-01-30 23:00:00,28.5000
14171000,44.526389,-123.333333,2005-12-22 03:00:00,2005-12-24 13:00:00,137.3367,2005-12-23 04:30:00,25.5000
14171000,44.526389,-123.333333,2005-12-28 10:30:00,2006-01-04 13:00:00,368.1190,2005-12-30 20:30:00,58.0000
14171000,44.526389,-123.333333,2006-01-08 00:30:00,2006-01-14 23:30:00,163.3882,2006-01-11 09:00:00,80.5000
14171000,44.526389,-123.333333,2006-01-17 10:00:00,2006-01-22 13:30:00,158.5743,2006-01-17 23:30:00,13.5000
14171000,44.526389,-123.333333,2006-01-28 14:30:00,2006-02-05 22:00:00,148.0971,2006-01-30 18:00:00,51.5000
14171000,44.526389,-123.333333,2006-12-13 17:30:00,2006-12-17 21:30:00,178.9625,2006-12-15 08:30:00,39.0000
14171000,44.526389,-123.333333,2006-12-26 17:00:00,2006-12-28 11:00:00,130.8238,2006-12-27 02:00:00,9.0000
14171000,44.526389,-123.333333,2007-01-03 23:00:00,2007-01-07 20:30:00,71.9248,2007-01-06 18:30:00,67.5000
14171000,44.526389,-123.333333,2007-02-16 12:00:00,2007-02-17 10:30:00,64.8456,2007-02-16 20:30:00,8.5000
14171000,44.526389,-123.333333,2007-02-25 02:30:00,2007-03-01 04:30:00,75.8891,2007-02-28 03:30:00,73.0000
14171000,44.526389,-123.333333,2007-12-03 09:00:00,2007-12-06 01:30:00,353.9606,2007-12-04 05:00:00,20.0000
14171000,44.526389,-123.333333,2007-12-20 11:30:00,2007-12-21 04:30:00,63.7129,2007-12-20 16:00:00,4.5000
14171000,44.526389,-123.333333,2007-12-24 11:30:00,2007-12-25 14:00:00,66.2614,2007-12-24 21:00:00,9.5000
14171000,44.526389,-123.333333,2008-01-05 19:30:00,2008-01-06 03:00:00,58.0495,2008-01-05 21:30:00,2.0000
14171000,44.526389,-123.333333,2008-01-08 20:30:00,2008-01-13 20:00:00,116.0991,2008-01-09 12:00:00,15.5000
14171000,44.526389,-123.333333,2008-01-31 17:00:00,2008-02-04 17:30:00,84.9505,2008-02-03 07:30:00,62.5000
14171000,44.526389,-123.333333,2008-12-28 20:00:00,2008-12-30 22:30:00,76.4555,2008-12-30 03:00:00,31.0000
14171000,44.526389,-123.333333,2009-01-02 04:00:00,2009-01-04 13:30:00,127.9921,2009-01-02 18:30:00,14.5000
14171000,44.526389,-123.333333,2009-01-08 14:30:00,2009-01-10 07:00:00,73.0575,2009-01-08 23:30:00,9.0000
14171000,44.526389,-123.333333,2010-03-29 20:00:00,2010-04-01 06:30:00,92.0298,2010-03-31 02:00:00,30.0000
14171000,44.526389,-123.333333,2010-12-10 04:00:00,2010-12-12 14:30:00,74.7565,2010-12-10 09:00:00,5.0000
14171000,44.526389,-123.333333,2010-12-14 13:00:00,2010-12-16 02:30:00,76.4555,2010-12-14 20:00:00,7.0000
14171000,44.526389,-123.333333,2010-12-29 03:00:00,2010-12-31 10:30:00,102.7902,2010-12-29 15:00:00,12.0000
14171000,44.526389,-123.333333,2011-01-16 16:30:00,2011-01-19 19:30:00,145.2654,2011-01-18 01:00:00,32.5000
14171000,44.526389,-123.333333,2011-03-01 04:00:00,2011-03-03 21:00:00,116.6654,2011-03-02 01:30:00,21.5000
14171000,44.526389,-123.333333,2011-03-16 18:00:00,2011-03-18 04:30:00,68.8099,2011-03-17 01:30:00,7.5000
14171000,44.526389,-123.333333,2012-01-18 10:30:00,2012-01-27 00:00:00,331.3071,2012-01-19 20:30:00,34.0000
14171000,44.526389,-123.333333,2012-03-13 09:00:00,2012-03-13 15:00:00,61.7307,2012-03-13 11:30:00,2.5000
14171000,44.526389,-123.333333,2012-03-15 08:30:00,2012-03-19 08:30:00,146.1149,2012-03-16 01:00:00,16.5000
14171000,44.526389,-123.333333,2012-03-30 01:30:00,2012-04-03 15:00:00,169.9011,2012-03-31 21:00:00,43.5000
14171000,44.526389,-123.333333,2012-11-19 19:00:00,2012-11-22 17:00:00,165.3704,2012-11-20 08:00:00,13.0000
14171000,44.526389,-123.333333,2012-12-02 10:30:00,2012-12-06 14:00:00,99.9585,2012-12-04 17:30:00,55.0000
14171000,44.526389,-123.333333,2012-12-17 14:30:00,2012-12-19 01:30:00,66.2614,2012-12-17 23:30:00,9.0000
14171000,44.526389,-123.333333,2012-12-20 12:00:00,2012-12-24 16:00:00,122.0456,2012-12-21 00:00:00,12.0000
14171000,44.526389,-123.333333,2014-02-12 09:45:00,2014-02-21 17:30:00,129.6912,2014-02-13 00:15:00,14.5000
14171000,44.526389,-123.333333,2014-03-06 03:30:00,2014-03-10 06:45:00,101.0911,2014-03-07 03:45:00,24.2500
14171000,44.526389,-123.333333,2014-03-29 03:00:00,2014-03-30 07:00:00,60.5981,2014-03-30 02:00:00,23.0000
14171000,44.526389,-123.333333,2014-12-20 21:45:00,2014-12-25 16:15:00,164.2377,2014-12-22 10:30:00,36.7500
14171000,44.526389,-123.333333,2015-01-18 08:15:00,2015-01-19 20:30:00,81.5525,2015-01-18 14:45:00,6.5000
14171000,44.526389,-123.333333,2015-02-06 22:45:00,2015-02-12 08:00:00,103.0733,2015-02-10 09:15:00,82.5000
14171000,44.526389,-123.333333,2015-12-07 18:45:00,2015-12-12 00:15:00,107.8872,2015-12-08 04:15:00,9.5000
14171000,44.526389,-123.333333,2015-12-13 00:30:00,2015-12-15 21:00:00,107.6040,2015-12-14 00:15:00,23.7500
14171000,44.526389,-123.333333,2015-12-17 17:45:00,2015-12-25 13:00:00,184.6258,2015-12-18 12:00:00,18.2500
14171000,44.526389,-123.333333,2016-01-13 19:45:00,2016-01-13 22:00:00,56.3505,2016-01-13 20:45:00,1.0000
14171000,44.526389,-123.333333,2016-01-17 02:00:00,2016-01-22 23:30:00,84.3842,2016-01-20 02:45:00,72.7500
14171000,44.526389,-123.333333,2016-03-13 21:15:00,2016-03-17 13:45:00,77.8713,2016-03-15 20:45:00,47.5000
14372300,42.578611,-124.056944,1993-01-20 21:30:00,1993-01-21 18:30:00,1277.0898,1993-01-21 00:00:00,2.5000
14372300,42.578611,-124.056944,1995-12-12 18:00:00,1995-12-14 02:00:00,1747.1494,1995-12-13 04:00:00,10.0000
14372300,42.578611,-124.056944,1995-12-15 17:30:00,1995-12-16 13:00:00,1271.4264,1995-12-16 00:00:00,6.5000
14372300,42.578611,-124.056944,1996-01-21 16:30:00,1996-01-22 01:30:00,1163.8224,1996-01-21 21:00:00,4.5000
14372300,42.578611,-124.056944,1996-01-28 10:30:00,1996-01-28 12:30:00,1104.3570,1996-01-28 11:30:00,1.0000
14372300,42.578611,-124.056944,1996-11-19 05:00:00,1996-11-20 02:30:00,1197.8026,1996-11-19 21:00:00,16.0000
14372300,42.578611,-124.056944,1996-12-05 19:00:00,1996-12-06 08:00:00,1330.8918,1996-12-06 00:00:00,5.0000
14372300,42.578611,-124.056944,1996-12-08 07:30:00,1996-12-14 14:00:00,3964.3585,1996-12-09 02:30:00,19.0000
14372300,42.578611,-124.056944,1996-12-27 13:30:00,1997-01-07 04:30:00,6824.3600,1997-01-02 11:00:00,141.5000
14372300,42.578611,-124.056944,1998-01-17 15:30:00,1998-01-18 13:30:00,1645.2088,1998-01-17 23:30:00,8.0000
14372300,42.578611,-124.056944,1998-02-21 23:00:00,1998-02-22 21:00:00,1486.6344,1998-02-22 08:30:00,9.5000
14372300,42.578611,-124.056944,1998-03-23 18:00:00,1998-03-24 18:30:00,1430.0008,1998-03-24 03:00:00,9.0000
14372300,42.578611,-124.056944,1998-11-22 05:30:00,1998-11-23 04:30:00,1631.0504,1998-11-22 16:30:00,11.0000
14372300,42.578611,-124.056944,1998-11-24 08:30:00,1998-11-24 21:30:00,1251.6046,1998-11-24 13:30:00,5.0000
14372300,42.578611,-124.056944,1998-12-03 16:00:00,1998-12-03 18:00:00,1107.1887,1998-12-03 17:00:00,1.0000
14372300,42.578611,-124.056944,1999-01-22 01:30:00,1999-01-22 05:00:00,1112.8521,1999-01-22 03:00:00,1.5000
14372300,42.578611,-124.056944,1999-01-23 07:30:00,1999-01-24 09:30:00,1642.3771,1999-01-23 18:00:00,10.5000
14372300,42.578611,-124.056944,1999-02-08 03:00:00,1999-02-08 14:30:00,1209.1293,1999-02-08 09:00:00,6.0000
14372300,42.578611,-124.056944,1999-02-19 08:00:00,1999-02-19 22:00:00,1291.2482,1999-02-19 14:00:00,6.0000
14372300,42.578611,-124.056944,1999-02-28 11:30:00,1999-03-02 00:30:00,1874.5752,1999-03-01 02:00:00,14.5000
14372300,42.578611,-124.056944,2000-01-11 18:00:00,2000-01-12 02:30:00,1206.2977,2000-01-11 22:00:00,4.0000
14372300,42.578611,-124.056944,2000-01-14 11:30:00,2000-01-15 17:30:00,1868.9119,2000-01-14 23:00:00,11.5000
14372300,42.578611,-124.056944,2002-12-16 16:30:00,2002-12-16 19:30:00,1121.3471,2002-12-16 18:00:00,1.5000
14372300,42.578611,-124.056944,2002-12-28 12:00:00,2002-12-29 23:00:00,1874.5752,2002-12-29 00:00:00,12.0000
14372300,42.578611,-124.056944,2002-12-31 04:30:00,2003-01-01 13:30:00,1962.3575,2002-12-31 16:30:00,12.0000
14372300,42.578611,-124.056944,2004-02-18 05:00:00,2004-02-19 01:00:00,1262.9314,2004-02-18 09:30:00,4.5000
14372300,42.578611,-124.056944,2004-12-09 14:00:00,2004-12-10 02:00:00,1223.2878,2004-12-09 19:30:00,5.5000
14372300,42.578611,-124.056944,2005-12-02 12:30:00,2005-12-02 19:30:00,1220.4561,2005-12-02 15:30:00,3.0000
14372300,42.578611,-124.056944,2005-12-28 06:30:00,2006-01-04 10:30:00,3851.0911,2005-12-31 12:00:00,77.5000
14372300,42.578611,-124.056944,2006-01-11 10:30:00,2006-01-12 02:30:00,1144.0006,2006-01-11 17:00:00,6.5000
14372300,42.578611,-124.056944,2006-01-18 07:30:00,2006-01-19 20:30:00,1509.2879,2006-01-18 21:00:00,13.5000
14372300,42.578611,-124.056944,2006-02-02 01:30:00,2006-02-02 16:00:00,1251.6046,2006-02-02 07:00:00,5.5000
14372300,42.578611,-124.056944,2006-12-26 06:00:00,2006-12-28 05:00:00,2299.3279,2006-12-26 23:30:00,17.5000
14372300,42.578611,-124.056944,2008-01-05 13:30:00,2008-01-06 02:00:00,1189.3076,2008-01-05 17:30:00,4.0000
14372300,42.578611,-124.056944,2008-12-29 15:45:00,2008-12-30 08:00:00,1353.5453,2008-12-29 21:00:00,5.2500
14372300,42.578611,-124.056944,2010-12-29 13:15:00,2010-12-30 07:15:00,1302.5749,2010-12-30 00:15:00,11.0000
14372300,42.578611,-124.056944,2012-01-19 21:45:00,2012-01-20 13:00:00,1384.6938,2012-01-20 05:00:00,7.2500
14372300,42.578611,-124.056944,2012-12-02 15:30:00,2012-12-03 18:00:00,1953.8624,2012-12-03 08:00:00,16.5000
14372300,42.578611,-124.056944,2012-12-05 09:00:00,2012-12-06 12:15:00,1665.0306,2012-12-06 01:00:00,16.0000
14372300,42.578611,-124.056944,2015-02-06 18:45:00,2015-02-08 19:15:00,2944.9520,2015-02-07 03:45:00,9.0000
14372300,42.578611,-124.056944,2015-12-13 18:30:00,2015-12-14 15:30:00,1747.1494,2015-12-14 07:00:00,12.5000
14372300,42.578611,-124.056944,2016-01-18 00:30:00,2016-01-19 10:30:00,2310.6547,2016-01-18 17:30:00,17.0000
14372300,42.578611,-124.056944,2016-03-14 03:15:00,2016-03-15 08:00:00,1353.5453,2016-03-14 19:45:00,16.5000
12389000,47.429722,-114.855000,1996-06-10 21:30:00,1996-06-13 04:00:00,2557.0112,1996-06-12 00:15:00,26.7500
12389000,47.429722,-114.855000,1997-05-16 05:30:00,1997-05-29 02:30:00,3114.8531,1997-05-19 02:45:00,69.2500
12389000,47.429722,-114.855000,1997-05-30 19:45:00,1997-06-21 06:15:00,2973.2689,1997-06-03 12:45:00,89.0000
12389000,47.429722,-114.855000,2011-06-08 07:45:00,2011-07-04 20:30:00,2944.9520,2011-06-09 15:30:00,31.7500
14302480,45.446389,-123.709167,1996-04-23 19:00:00,1996-04-24 11:30:00,325.6437,1996-04-24 00:00:00,5.0000
14302480,45.446389,-123.709167,1996-12-25 07:00:00,1996-12-25 16:00:00,294.4952,1996-12-25 10:30:00,3.5000
14302480,45.446389,-123.709167,1996-12-30 00:00:00,1996-12-30 10:30:00,280.6199,1996-12-30 04:00:00,4.0000
14302480,45.446389,-123.709167,1997-01-01 06:30:00,1997-01-01 19:00:00,288.8318,1997-01-01 08:30:00,2.0000
14302480,45.446389,-123.709167,1997-10-30 22:30:00,1997-10-31 06:30:00,319.9804,1997-10-31 00:30:00,2.0000
14302480,45.446389,-123.709167,1998-11-21 04:00:00,1998-11-21 08:30:00,279.7704,1998-11-21 05:00:00,1.0000
14302480,45.446389,-123.709167,1998-11-25 20:30:00,1998-11-26 20:00:00,365.2873,1998-11-26 04:30:00,8.0000
14302480,45.446389,-123.709167,1998-12-02 09:30:00,1998-12-02 21:30:00,317.1487,1998-12-02 14:00:00,4.5000
14302480,45.446389,-123.709167,1998-12-28 00:00:00,1998-12-30 09:00:00,608.8122,1998-12-28 07:30:00,7.5000
14302480,45.446389,-123.709167,1999-02-24 13:30:00,1999-02-25 10:30:00,331.3071,1999-02-24 21:30:00,8.0000
14302480,45.446389,-123.709167,1999-02-27 22:00:00,1999-02-28 17:00:00,322.8121,1999-02-28 04:30:00,6.5000
14302480,45.446389,-123.709167,1999-11-25 09:00:00,1999-11-27 01:30:00,637.1290,1999-11-26 04:30:00,19.5000
14302480,45.446389,-123.709167,1999-12-15 09:30:00,1999-12-16 19:00:00,322.8121,1999-12-16 03:30:00,18.0000
14302480,45.446389,-123.709167,2001-12-17 05:30:00,2001-12-17 13:30:00,288.8318,2001-12-17 08:30:00,3.0000
14302480,45.446389,-123.709167,2002-01-25 12:00:00,2002-01-26 03:00:00,339.8022,2002-01-25 17:30:00,5.5000
14302480,45.446389,-123.709167,2003-01-31 17:00:00,2003-02-01 12:00:00,353.9606,2003-02-01 01:30:00,8.5000
14302480,45.446389,-123.709167,2004-01-29 10:00:00,2004-01-30 01:30:00,311.4853,2004-01-29 16:00:00,6.0000
14302480,45.446389,-123.709167,2006-01-10 11:00:00,2006-01-11 18:30:00,356.7923,2006-01-10 15:30:00,4.5000
14302480,45.446389,-123.709167,2006-11-06 20:00:00,2006-11-08 05:30:00,504.0399,2006-11-07 07:30:00,11.5000
14302480,45.446389,-123.709167,2007-12-03 07:00:00,2007-12-04 16:30:00,574.8320,2007-12-03 18:00:00,11.0000
14302480,45.446389,-123.709167,2008-11-13 02:00:00,2008-11-13 16:00:00,470.0597,2008-11-13 06:00:00,4.0000
14302480,45.446389,-123.709167,2009-01-01 20:00:00,2009-01-02 23:00:00,447.4062,2009-01-02 01:30:00,5.5000
14302480,45.446389,-123.709167,2009-01-08 01:00:00,2009-01-09 04:30:00,345.4655,2009-01-08 16:30:00,15.5000
14302480,45.446389,-123.709167,2011-01-16 14:30:00,2011-01-17 17:30:00,430.4161,2011-01-17 00:30:00,10.0000
14302480,45.446389,-123.709167,2012-03-15 18:00:00,2012-03-16 04:30:00,297.3269,2012-03-15 22:30:00,4.5000
14302480,45.446389,-123.709167,2012-03-30 07:30:00,2012-03-30 19:00:00,294.4952,2012-03-30 11:30:00,4.0000
14302480,45.446389,-123.709167,2012-11-19 21:15:00,2012-11-20 07:30:00,314.3170,2012-11-20 01:00:00,3.7500
14302480,45.446389,-123.709167,2013-12-02 06:15:00,2013-12-02 15:15:00,325.6437,2013-12-02 09:15:00,3.0000
14302480,45.446389,-123.709167,2015-11-17 23:45:00,2015-11-18 17:15:00,484.2181,2015-11-18 05:15:00,5.5000
14302480,45.446389,-123.709167,2015-12-07 18:30:00,2015-12-10 04:30:00,467.2280,2015-12-09 12:30:00,42.0000
14307620,44.062500,-123.881944,1986-11-27 18:00:00,1986-11-28 22:00:00,495.5448,1986-11-28 13:00:00,19.0000
14307620,44.062500,-123.881944,1987-02-01 05:30:00,1987-02-03 05:30:00,552.1785,1987-02-01 21:30:00,16.0000
14307620,44.062500,-123.881944,1989-01-10 05:30:00,1989-01-11 02:00:00,625.8023,1989-01-10 12:30:00,7.0000
14307620,44.062500,-123.881944,1990-01-07 11:00:00,1990-01-08 23:30:00,654.1192,1990-01-07 15:30:00,4.5000
14307620,44.062500,-123.881944,1990-02-09 00:30:00,1990-02-09 15:30:00,506.8716,1990-02-09 05:30:00,5.0000
14307620,44.062500,-123.881944,1991-01-13 01:30:00,1991-01-13 03:30:00,464.3963,1991-01-13 02:00:00,0.5000
14307620,44.062500,-123.881944,1992-02-20 21:35:24,1992-02-21 01:35:21,467.2280,1992-02-20 23:35:21,1.9992
14307620,44.062500,-123.881944,1995-11-30 08:30:00,1995-12-01 21:30:00,518.1983,1995-11-30 13:00:00,4.5000
14307620,44.062500,-123.881944,1995-12-12 20:30:00,1995-12-13 22:30:00,586.1587,1995-12-13 06:00:00,9.5000
14307620,44.062500,-123.881944,1995-12-14 23:00:00,1995-12-15 16:30:00,572.0003,1995-12-15 04:00:00,5.0000
14307620,44.062500,-123.881944,1996-01-21 00:00:00,1996-01-22 07:30:00,552.1785,1996-01-21 09:30:00,9.5000
14307620,44.062500,-123.881944,1996-02-07 01:30:00,1996-02-07 07:30:00,790.0400,1996-02-07 07:30:00,6.0000
14307620,44.062500,-123.881944,2001-12-14 05:30:00,2001-12-14 22:30:00,574.8320,2001-12-14 10:30:00,5.0000
14307620,44.062500,-123.881944,2002-01-25 21:00:00,2002-01-26 21:30:00,569.1686,2002-01-26 03:30:00,6.5000
14307620,44.062500,-123.881944,2003-12-29 16:00:00,2003-12-30 04:30:00,506.8716,2003-12-29 20:30:00,4.5000
14307620,44.062500,-123.881944,2005-12-22 23:30:00,2005-12-23 09:30:00,512.5349,2005-12-23 04:30:00,5.0000
14307620,44.062500,-123.881944,2005-12-28 16:00:00,2006-01-02 04:30:00,1039.2283,2005-12-31 02:30:00,58.5000
14307620,44.062500,-123.881944,2006-01-10 09:00:00,2006-01-13 03:30:00,942.9510,2006-01-11 09:00:00,24.0000
14307620,44.062500,-123.881944,2006-01-17 15:30:00,2006-01-19 15:30:00,787.2083,2006-01-18 01:00:00,9.5000
14307620,44.062500,-123.881944,2006-02-01 11:00:00,2006-02-01 22:30:00,501.2082,2006-02-01 15:30:00,4.5000
14307620,44.062500,-123.881944,2006-11-07 15:00:00,2006-11-08 05:30:00,673.9409,2006-11-07 21:00:00,6.0000
14307620,44.062500,-123.881944,2006-12-14 22:00:00,2006-12-15 22:00:00,645.6241,2006-12-15 05:00:00,7.0000
14307620,44.062500,-123.881944,2006-12-26 18:30:00,2006-12-27 18:30:00,642.7924,2006-12-27 01:00:00,6.5000
14307620,44.062500,-123.881944,2007-01-03 22:00:00,2007-01-04 07:30:00,489.8814,2007-01-04 02:00:00,4.0000
14307620,44.062500,-123.881944,2007-12-03 20:00:00,2007-12-04 22:00:00,858.0005,2007-12-04 05:30:00,9.5000
14307620,44.062500,-123.881944,2008-01-09 07:00:00,2008-01-09 18:00:00,487.0498,2008-01-09 10:30:00,3.5000
14307620,44.062500,-123.881944,2008-01-31 21:30:00,2008-02-01 05:30:00,472.8913,2008-01-31 23:30:00,2.0000
14307620,44.062500,-123.881944,2008-12-28 11:00:00,2008-12-29 09:00:00,654.1192,2008-12-28 19:30:00,8.5000
14307620,44.062500,-123.881944,2009-01-02 13:30:00,2009-01-02 22:30:00,504.0399,2009-01-02 17:00:00,3.5000
14307620,44.062500,-123.881944,2010-12-29 02:15:00,2010-12-30 00:30:00,625.8023,2010-12-29 09:45:00,7.5000
14307620,44.062500,-123.881944,2011-01-16 17:00:00,2011-01-17 17:30:00,608.8122,2011-01-17 03:15:00,10.2500
14307620,44.062500,-123.881944,2011-12-29 03:00:00,2011-12-31 12:00:00,747.5648,2011-12-30 17:15:00,38.2500
14307620,44.062500,-123.881944,2012-01-18 19:15:00,2012-01-22 14:00:00,1367.7037,2012-01-19 23:30:00,28.2500
14307620,44.062500,-123.881944,2012-01-25 02:30:00,2012-01-25 22:15:00,586.1587,2012-01-25 09:15:00,6.7500
14307620,44.062500,-123.881944,2012-03-15 22:15:00,2012-03-16 23:30:00,521.0300,2012-03-16 03:15:00,5.0000
14307620,44.062500,-123.881944,2012-03-30 09:45:00,2012-04-01 22:15:00,778.7133,2012-03-30 22:30:00,12.7500
14307620,44.062500,-123.881944,2012-11-20 03:00:00,2012-11-21 06:00:00,645.6241,2012-11-20 07:30:00,4.5000
14307620,44.062500,-123.881944,2014-02-12 18:30:00,2014-02-15 08:00:00,628.6340,2014-02-13 00:45:00,6.2500
14307620,44.062500,-123.881944,2014-12-20 23:15:00,2014-12-22 20:00:00,951.4460,2014-12-21 11:00:00,11.7500
14307620,44.062500,-123.881944,2015-02-10 06:00:00,2015-02-10 22:00:00,535.1884,2015-02-10 12:45:00,6.7500
14307620,44.062500,-123.881944,2015-12-07 18:30:00,2015-12-08 13:00:00,651.2875,2015-12-08 00:45:00,6.2500
14307620,44.062500,-123.881944,2015-12-09 17:45:00,2015-12-09 21:30:00,470.0597,2015-12-09 19:00:00,1.2500
14307620,44.062500,-123.881944,2015-12-13 05:15:00,2015-12-14 03:45:00,552.1785,2015-12-13 09:45:00,4.5000
14307620,44.062500,-123.881944,2015-12-17 21:30:00,2015-12-19 16:45:00,920.2975,2015-12-18 12:00:00,14.5000
12061500,47.310000,-123.175833,1989-11-09 01:00:00,1989-11-11 10:45:00,180.3783,1989-11-09 21:00:00,20.0000
12061500,47.310000,-123.175833,1989-12-03 12:00:00,1989-12-06 13:00:00,464.3963,1989-12-04 18:15:00,30.2500
12061500,47.310000,-123.175833,1990-01-06 03:00:00,1990-01-11 06:45:00,385.1091,1990-01-07 13:45:00,34.7500
12061500,47.310000,-123.175833,1990-01-28 21:00:00,1990-01-29 19:45:00,183.2100,1990-01-29 02:45:00,5.7500
12061500,47.310000,-123.175833,1990-02-03 16:45:00,1990-02-04 04:45:00,135.0714,1990-02-03 20:15:00,3.5000
12061500,47.310000,-123.175833,1990-02-10 12:15:00,1990-02-13 06:15:00,362.4556,1990-02-11 17:45:00,29.5000
12061500,47.310000,-123.175833,1990-03-07 19:30:00,1990-03-08 11:00:00,140.7347,1990-03-08 00:30:00,5.0000
12061500,47.310000,-123.175833,1990-11-29 20:30:00,1990-11-29 22:15:00,116.3822,1990-11-29 21:00:00,0.5000
12061500,47.310000,-123.175833,1990-12-04 01:15:00,1990-12-06 10:45:00,523.8617,1990-12-04 19:45:00,18.5000
12061500,47.310000,-123.175833,1990-12-09 06:00:00,1990-12-10 21:00:00,227.9506,1990-12-09 21:00:00,15.0000
12061500,47.310000,-123.175833,1991-01-11 23:30:00,1991-01-16 02:30:00,413.4260,1991-01-13 13:00:00,37.5000
12061500,47.310000,-123.175833,1991-02-02 07:15:00,1991-02-07 08:00:00,489.8814,1991-02-05 04:00:00,68.7500
12061500,47.310000,-123.175833,1991-02-19 15:30:00,1991-02-21 05:15:00,241.2595,1991-02-19 21:45:00,6.2500
12061500,47.310000,-123.175833,1991-03-02 18:30:00,1991-03-05 06:00:00,211.8100,1991-03-04 06:30:00,36.0000
12061500,47.310000,-123.175833,1991-04-04 03:00:00,1991-04-06 20:15:00,283.1685,1991-04-04 11:45:00,8.7500
12061500,47.310000,-123.175833,1991-08-30 08:30:00,1991-09-01 15:15:00,241.8259,1991-08-31 02:15:00,17.7500
12061500,47.310000,-123.175833,1991-11-17 10:30:00,1991-11-18 00:45:00,169.0516,1991-11-17 14:30:00,4.0000
12061500,47.310000,-123.175833,1991-11-19 17:00:00,1991-11-21 17:15:00,512.5349,1991-11-20 07:30:00,14.5000
12061500,47.310000,-123.175833,1991-12-05 20:00:00,1991-12-07 21:30:00,424.7527,1991-12-06 04:45:00,8.7500
12061500,47.310000,-123.175833,1991-12-09 15:45:00,1991-12-10 00:00:00,133.0892,1991-12-09 18:00:00,2.2500
12061500,47.310000,-123.175833,1992-02-22 02:00:00,1992-02-23 03:30:00,274.9566,1992-02-22 11:30:00,9.5000
12061500,47.310000,-123.175833,1992-04-16 20:00:00,1992-04-18 00:45:00,157.7248,1992-04-17 00:15:00,4.2500
12061500,47.310000,-123.175833,1993-01-25 09:15:00,1993-01-26 10:15:00,345.4655,1993-01-25 18:00:00,8.7500
12061500,47.310000,-123.175833,1993-03-04 23:00:00,1993-03-05 06:00:00,135.9209,1993-03-05 02:00:00,3.0000
12061500,47.310000,-123.175833,1993-03-23 03:15:00,1993-03-24 00:15:00,189.1565,1993-03-23 09:00:00,5.7500
12061500,47.310000,-123.175833,1993-04-25 18:30:00,1993-04-27 12:00:00,141.5842,1993-04-27 01:15:00,30.7500
12061500,47.310000,-123.175833,1993-12-04 07:45:00,1993-12-04 18:00:00,176.1308,1993-12-04 11:45:00,4.0000
12061500,47.310000,-123.175833,1993-12-09 23:00:00,1993-12-12 17:00:00,648.4558,1993-12-10 17:00:00,18.0000
12061500,47.310000,-123.175833,1993-12-13 19:30:00,1993-12-14 23:00:00,148.0971,1993-12-14 11:15:00,15.7500
12061500,47.310000,-123.175833,1994-01-01 09:30:00,1994-01-01 19:30:00,141.0179,1994-01-01 13:45:00,4.2500
12061500,47.310000,-123.175833,1994-01-04 14:45:00,1994-01-05 19:15:00,280.0536,1994-01-04 23:15:00,8.5000
12061500,47.310000,-123.175833,1994-02-16 17:00:00,1994-02-18 07:30:00,242.3922,1994-02-17 08:45:00,15.7500
12061500,47.310000,-123.175833,1994-02-28 16:30:00,1994-03-02 07:45:00,430.4161,1994-03-02 07:15:00,38.7500
12061500,47.310000,-123.175833,1994-03-04 08:00:00,1994-03-04 23:45:00,132.5228,1994-03-04 18:00:00,10.0000
12061500,47.310000,-123.175833,1994-04-09 03:45:00,1994-04-09 10:15:00,121.4793,1994-04-09 06:15:00,2.5000
12061500,47.310000,-123.175833,1994-10-31 19:30:00,1994-11-01 03:15:00,174.1486,1994-10-31 23:00:00,3.5000
12061500,47.310000,-123.175833,1994-11-30 12:15:00,1994-12-02 01:00:00,617.3073,1994-11-30 22:45:00,10.5000
12061500,47.310000,-123.175833,1994-12-17 16:00:00,1994-12-19 07:45:00,470.0597,1994-12-18 07:15:00,15.2500
12061500,47.310000,-123.175833,1994-12-26 14:30:00,1994-12-29 23:00:00,795.7034,1994-12-27 23:45:00,33.2500
12061500,47.310000,-123.175833,1995-01-10 06:45:00,1995-01-10 14:00:00,125.4436,1995-01-10 10:00:00,3.2500
12061500,47.310000,-123.175833,1995-01-14 22:00:00,1995-01-15 23:30:00,196.2357,1995-01-15 07:15:00,9.2500
12061500,47.310000,-123.175833,1995-01-18 18:45:00,1995-01-19 20:15:00,267.5942,1995-01-19 02:15:00,7.5000
12061500,47.310000,-123.175833,1995-01-29 09:00:00,1995-02-03 03:30:00,758.8915,1995-02-01 03:15:00,66.2500
12061500,47.310000,-123.175833,1995-02-17 15:00:00,1995-02-22 08:00:00,877.8222,1995-02-19 11:45:00,44.7500
12061500,47.310000,-123.175833,1995-03-09 19:45:00,1995-03-12 19:45:00,208.6952,1995-03-12 01:15:00,53.5000
12061500,47.310000,-123.175833,1995-03-13 22:45:00,1995-03-15 23:45:00,220.3051,1995-03-15 01:00:00,26.2500
12061500,47.310000,-123.175833,1995-11-08 05:45:00,1995-11-09 22:30:00,498.3765,1995-11-08 22:30:00,16.7500
12061500,47.310000,-123.175833,1995-11-11 09:00:00,1995-11-12 10:45:00,376.6141,1995-11-11 15:45:00,6.7500
12061500,47.310000,-123.175833,1995-11-18 10:00:00,1995-11-18 20:45:00,159.7070,1995-11-18 13:00:00,3.0000
12061500,47.310000,-123.175833,1995-11-23 18:00:00,1995-11-26 09:30:00,424.7527,1995-11-24 03:45:00,9.7500
12061500,47.310000,-123.175833,1995-11-29 03:30:00,1995-12-01 20:15:00,591.8221,1995-11-30 00:15:00,20.7500
12061500,47.310000,-123.175833,1995-12-10 18:30:00,1995-12-21 23:00:00,487.0498,1995-12-13 11:15:00,64.7500
12061500,47.310000,-123.175833,1996-01-07 02:00:00,1996-01-09 00:30:00,291.6635,1996-01-07 21:45:00,19.7500
12061500,47.310000,-123.175833,1996-01-15 04:30:00,1996-01-17 00:45:00,200.7664,1996-01-15 20:30:00,16.0000
12061500,47.310000,-123.175833,1996-02-05 23:00:00,1996-02-10 13:15:00,427.5844,1996-02-08 23:30:00,72.5000
12061500,47.310000,-123.175833,1996-02-18 11:30:00,1996-02-21 13:45:00,170.7506,1996-02-18 22:30:00,11.0000
12061500,47.310000,-123.175833,1996-04-23 07:30:00,1996-04-27 07:00:00,453.0695,1996-04-24 04:15:00,20.7500
12061500,47.310000,-123.175833,1996-10-14 23:15:00,1996-10-15 08:00:00,162.5387,1996-10-15 02:45:00,3.5000
12061500,47.310000,-123.175833,1996-11-28 04:30:00,1996-11-28 23:00:00,216.6239,1996-11-28 10:00:00,5.5000
12061500,47.310000,-123.175833,1997-01-17 19:00:00,1997-01-19 07:45:00,515.3666,1997-01-19 07:45:00,36.7500
12061500,47.310000,-123.175833,1997-01-30 11:00:00,1997-01-31 16:30:00,351.1289,1997-01-30 15:45:00,4.7500
12061500,47.310000,-123.175833,1997-03-18 03:30:00,1997-03-18 07:45:00,161.9724,1997-03-18 07:45:00,4.2500
12061500,47.310000,-123.175833,1997-04-20 10:45:00,1997-04-21 02:15:00,158.5743,1997-04-20 17:00:00,6.2500
12061500,47.310000,-123.175833,1997-09-17 09:15:00,1997-09-18 17:00:00,168.4852,1997-09-18 08:00:00,22.7500
12061500,47.310000,-123.175833,1997-10-04 04:00:00,1997-10-04 06:45:00,131.3902,1997-10-04 06:45:00,2.7500
12061500,47.310000,-123.175833,1997-10-10 00:45:00,1997-10-10 06:45:00,201.3328,1997-10-10 06:45:00,6.0000
12061500,47.310000,-123.175833,1997-11-23 23:45:00,1997-11-24 13:00:00,128.8417,1997-11-24 04:45:00,5.0000
12061500,47.310000,-123.175833,1997-11-28 18:30:00,1997-11-29 07:45:00,175.5644,1997-11-28 23:45:00,5.2500
12061500,47.310000,-123.175833,1998-02-12 18:15:00,1998-02-13 07:45:00,201.8991,1998-02-13 07:30:00,13.2500
12061500,47.310000,-123.175833,1998-02-19 08:30:00,1998-02-20 00:15:00,149.2298,1998-02-19 13:15:00,4.7500
12061500,47.310000,-123.175833,1998-11-22 08:00:00,1998-11-25 07:45:00,311.4853,1998-11-24 17:00:00,57.0000
12061500,47.310000,-123.175833,1998-12-02 02:00:00,1998-12-03 04:30:00,206.7130,1998-12-02 12:00:00,10.0000
12061500,47.310000,-123.175833,1998-12-27 23:45:00,1998-12-29 07:45:00,387.9408,1998-12-28 11:45:00,12.0000
12061500,47.310000,-123.175833,1998-12-30 08:00:00,1998-12-31 13:00:00,410.5943,1998-12-30 08:15:00,0.2500
12061500,47.310000,-123.175833,1999-01-14 18:00:00,1999-01-15 17:15:00,351.1289,1999-01-15 01:45:00,7.7500
12061500,47.310000,-123.175833,1999-01-18 12:45:00,1999-01-22 05:30:00,308.6536,1999-01-19 06:15:00,17.5000
12061500,47.310000,-123.175833,1999-01-29 04:45:00,1999-01-29 07:45:00,210.1110,1999-01-29 07:45:00,3.0000
12061500,47.310000,-123.175833,1999-02-02 07:00:00,1999-02-03 21:45:00,297.3269,1999-02-03 00:00:00,17.0000
12061500,47.310000,-123.175833,1999-02-07 02:15:00,1999-02-08 04:30:00,157.1585,1999-02-07 11:30:00,9.2500
12061500,47.310000,-123.175833,1999-02-22 21:00:00,1999-02-24 07:45:00,210.1110,1999-02-23 04:15:00,7.2500
12061500,47.310000,-123.175833,1999-02-26 08:00:00,1999-03-02 05:15:00,215.7744,1999-02-28 16:45:00,56.7500
12061500,47.310000,-123.175833,1999-03-03 17:00:00,1999-03-04 11:00:00,138.1862,1999-03-04 00:30:00,7.5000
12061500,47.310000,-123.175833,1999-03-13 21:30:00,1999-03-15 03:45:00,196.2357,1999-03-14 07:30:00,10.0000
12061500,47.310000,-123.175833,1999-10-31 11:00:00,1999-10-31 18:30:00,151.4951,1999-10-31 14:00:00,3.0000
12061500,47.310000,-123.175833,1999-11-06 20:00:00,1999-11-07 14:30:00,308.6536,1999-11-07 03:45:00,7.7500
12061500,47.310000,-123.175833,1999-11-09 20:15:00,1999-11-12 07:45:00,546.5151,1999-11-12 05:30:00,57.2500
12061500,47.310000,-123.175833,1999-11-24 22:30:00,1999-11-26 11:00:00,184.6258,1999-11-25 03:45:00,5.2500
12061500,47.310000,-123.175833,1999-12-02 09:15:00,1999-12-03 14:00:00,353.9606,1999-12-02 19:15:00,10.0000
12061500,47.310000,-123.175833,1999-12-06 12:00:00,1999-12-07 09:00:00,167.3526,1999-12-06 21:00:00,9.0000
12061500,47.310000,-123.175833,1999-12-12 16:15:00,1999-12-13 21:00:00,373.7824,1999-12-13 01:45:00,9.5000
12061500,47.310000,-123.175833,1999-12-15 01:15:00,1999-12-15 07:45:00,189.4397,1999-12-15 07:45:00,6.5000
12061500,47.310000,-123.175833,1999-12-17 08:00:00,1999-12-19 13:30:00,376.6141,1999-12-18 13:00:00,29.0000
12061500,47.310000,-123.175833,2000-02-01 18:15:00,2000-02-02 17:15:00,234.7467,2000-02-02 03:00:00,8.7500
12061500,47.310000,-123.175833,2000-06-12 11:45:00,2000-06-13 05:15:00,294.4952,2000-06-12 18:00:00,6.2500
12061500,47.310000,-123.175833,2000-12-17 04:00:00,2000-12-17 10:45:00,149.7961,2000-12-17 06:45:00,2.7500
12061500,47.310000,-123.175833,2001-01-05 12:45:00,2001-01-05 23:15:00,158.5743,2001-01-05 16:45:00,4.0000
12061500,47.310000,-123.175833,2001-11-14 09:15:00,2001-11-15 07:45:00,436.0794,2001-11-15 07:45:00,22.5000
12061500,47.310000,-123.175833,2001-11-20 01:45:00,2001-11-21 07:45:00,351.1289,2001-11-21 07:45:00,30.0000
12061500,47.310000,-123.175833,2001-11-22 08:00:00,2001-11-23 17:30:00,300.1586,2001-11-22 21:00:00,13.0000
12061500,47.310000,-123.175833,2001-12-01 20:30:00,2001-12-03 01:00:00,317.1487,2001-12-02 08:45:00,12.2500
12061500,47.310000,-123.175833,2001-12-13 20:45:00,2001-12-15 08:15:00,444.5745,2001-12-14 09:30:00,12.7500
12061500,47.310000,-123.175833,2002-01-07 00:30:00,2002-01-07 07:45:00,455.9012,2002-01-07 07:45:00,7.2500
12061500,47.310000,-123.175833,2002-01-25 00:15:00,2002-01-26 08:45:00,322.8121,2002-01-25 14:00:00,13.7500
12061500,47.310000,-123.175833,2002-02-21 21:00:00,2002-02-22 07:45:00,444.5745,2002-02-22 06:30:00,9.5000
12061500,47.310000,-123.175833,2002-02-23 08:00:00,2002-02-24 13:00:00,362.4556,2002-02-23 08:15:00,0.2500
12061500,47.310000,-123.175833,2002-03-11 18:45:00,2002-03-12 14:30:00,272.1249,2002-03-12 01:30:00,6.7500
12061500,47.310000,-123.175833,2002-04-14 05:45:00,2002-04-15 08:45:00,291.6635,2002-04-14 14:15:00,8.5000
12061500,47.310000,-123.175833,2002-11-13 03:00:00,2002-11-13 08:45:00,121.1961,2002-11-13 05:45:00,2.7500
12061500,47.310000,-123.175833,2002-11-19 06:00:00,2002-11-20 08:45:00,376.6141,2002-11-19 14:00:00,8.0000
12061500,47.310000,-123.175833,2002-12-12 08:45:00,2002-12-17 07:45:00,302.9903,2002-12-12 18:15:00,9.5000
12061500,47.310000,-123.175833,2002-12-26 08:30:00,2002-12-26 12:30:00,122.6119,2002-12-26 09:45:00,1.2500
12061500,47.310000,-123.175833,2003-01-23 00:45:00,2003-01-24 22:45:00,223.1368,2003-01-23 12:15:00,11.5000
12061500,47.310000,-123.175833,2003-01-31 08:00:00,2003-02-01 05:30:00,248.3387,2003-01-31 13:15:00,5.2500
12061500,47.310000,-123.175833,2003-03-13 01:30:00,2003-03-13 07:45:00,410.5943,2003-03-13 07:45:00,6.2500
12061500,47.310000,-123.175833,2003-03-15 08:00:00,2003-03-16 13:45:00,317.1487,2003-03-15 08:15:00,0.2500
12061500,47.310000,-123.175833,2003-03-22 04:00:00,2003-03-22 07:45:00,158.5743,2003-03-22 07:45:00,3.7500
12061500,47.310000,-123.175833,2003-10-16 19:00:00,2003-10-17 06:45:00,515.3666,2003-10-17 06:00:00,11.0000
12061500,47.310000,-123.175833,2003-10-18 07:00:00,2003-10-20 06:45:00,501.2082,2003-10-18 07:45:00,0.7500
12061500,47.310000,-123.175833,2003-11-28 22:45:00,2003-11-29 07:45:00,515.3666,2003-11-29 07:45:00,9.0000
12061500,47.310000,-123.175833,2003-12-06 06:00:00,2003-12-07 11:00:00,302.9903,2003-12-06 13:30:00,7.5000
12061500,47.310000,-123.175833,2004-01-10 14:30:00,2004-01-11 04:30:00,128.5585,2004-01-10 17:45:00,3.2500
12061500,47.310000,-123.175833,2004-01-14 16:45:00,2004-01-16 08:15:00,225.1189,2004-01-15 05:30:00,12.7500
12061500,47.310000,-123.175833,2004-01-30 05:30:00,2004-01-31 12:30:00,385.1091,2004-01-30 15:15:00,9.7500
12061500,47.310000,-123.175833,2004-11-02 13:15:00,2004-11-03 00:00:00,182.9268,2004-11-02 17:00:00,3.7500
12061500,47.310000,-123.175833,2004-11-25 08:30:00,2004-11-25 19:00:00,215.7744,2004-11-25 12:30:00,4.0000
12061500,47.310000,-123.175833,2004-12-08 17:15:00,2004-12-09 04:30:00,129.4080,2004-12-08 22:15:00,5.0000
12061500,47.310000,-123.175833,2004-12-14 10:30:00,2004-12-15 19:30:00,277.5051,2004-12-15 01:00:00,14.5000
12061500,47.310000,-123.175833,2005-01-17 19:30:00,2005-01-18 07:45:00,552.1785,2005-01-18 07:30:00,12.0000
12061500,47.310000,-123.175833,2005-01-19 08:00:00,2005-01-20 13:00:00,419.0893,2005-01-19 08:30:00,0.5000
12061500,47.310000,-123.175833,2005-01-23 05:30:00,2005-01-23 14:45:00,128.5585,2005-01-23 09:30:00,4.0000
12061500,47.310000,-123.175833,2005-03-20 22:15:00,2005-03-21 09:30:00,140.4516,2005-03-21 04:30:00,6.2500
12061500,47.310000,-123.175833,2005-03-27 02:30:00,2005-03-27 10:15:00,129.4080,2005-03-27 04:45:00,2.2500
12061500,47.310000,-123.175833,2005-04-16 17:00:00,2005-04-17 06:45:00,182.9268,2005-04-16 21:45:00,4.7500
12061500,47.310000,-123.175833,2005-10-31 14:00:00,2005-11-01 00:45:00,219.4556,2005-10-31 17:45:00,3.7500
12061500,47.310000,-123.175833,2005-12-21 07:45:00,2005-12-22 07:45:00,272.1249,2005-12-22 07:45:00,24.0000
12061500,47.310000,-123.175833,2005-12-28 08:00:00,2006-01-03 03:00:00,261.0813,2005-12-31 19:00:00,83.0000
12061500,47.310000,-123.175833,2006-01-05 21:30:00,2006-01-07 07:45:00,552.1785,2006-01-06 14:45:00,17.2500
12061500,47.310000,-123.175833,2006-01-30 07:30:00,2006-01-30 07:45:00,154.8932,2006-01-30 07:45:00,0.2500
12061500,47.310000,-123.175833,2006-11-04 22:15:00,2006-11-06 07:45:00,461.5646,2006-11-05 06:30:00,8.2500
12061500,47.310000,-123.175833,2006-11-08 08:00:00,2006-11-08 22:30:00,266.4615,2006-11-08 08:15:00,0.2500
12061500,47.310000,-123.175833,2006-11-10 19:30:00,2006-11-13 07:45:00,421.9210,2006-11-13 07:15:00,59.7500
12061500,47.310000,-123.175833,2006-11-15 21:00:00,2006-11-16 07:45:00,634.2974,2006-11-16 07:45:00,10.7500
12061500,47.310000,-123.175833,2006-11-19 22:45:00,2006-11-23 23:45:00,294.4952,2006-11-21 23:30:00,48.7500
12061500,47.310000,-123.175833,2006-12-11 18:15:00,2006-12-13 07:45:00,359.6240,2006-12-12 06:45:00,12.5000
12061500,47.310000,-123.175833,2006-12-14 08:00:00,2006-12-15 07:45:00,475.7230,2006-12-15 07:15:00,23.2500
12061500,47.310000,-123.175833,2006-12-21 12:45:00,2006-12-22 06:45:00,150.6456,2006-12-21 17:45:00,5.0000
12061500,47.310000,-123.175833,2006-12-25 04:45:00,2006-12-26 08:15:00,266.4615,2006-12-25 12:30:00,7.7500
12061500,47.310000,-123.175833,2007-01-04 08:00:00,2007-01-04 19:30:00,161.4060,2007-01-04 08:45:00,0.7500
12061500,47.310000,-123.175833,2007-01-06 03:45:00,2007-01-10 13:15:00,407.7626,2007-01-08 02:00:00,46.2500
12061500,47.310000,-123.175833,2007-02-20 10:15:00,2007-02-20 20:30:00,142.1506,2007-02-20 13:45:00,3.5000
12061500,47.310000,-123.175833,2007-03-11 04:45:00,2007-03-11 07:45:00,165.9367,2007-03-11 07:45:00,3.0000
12061500,47.310000,-123.175833,2007-03-24 16:45:00,2007-03-25 19:30:00,204.7308,2007-03-25 04:30:00,11.7500
12061500,47.310000,-123.175833,2007-07-22 13:00:00,2007-07-23 00:15:00,213.7922,2007-07-22 18:00:00,5.0000
12061500,47.310000,-123.175833,2007-10-19 03:30:00,2007-10-19 11:15:00,143.8496,2007-10-19 06:00:00,2.5000
12061500,47.310000,-123.175833,2007-11-13 00:45:00,2007-11-13 09:15:00,181.2278,2007-11-13 03:45:00,3.0000
12061500,47.310000,-123.175833,2007-11-16 08:00:00,2007-11-17 06:45:00,359.6240,2007-11-16 14:45:00,6.7500
12061500,47.310000,-123.175833,2008-01-05 01:00:00,2008-01-06 13:00:00,238.7110,2008-01-05 16:45:00,15.7500
12061500,47.310000,-123.175833,2008-01-11 11:30:00,2008-01-13 09:30:00,133.3723,2008-01-11 18:15:00,6.7500
12061500,47.310000,-123.175833,2008-11-07 03:15:00,2008-11-07 07:45:00,342.6338,2008-11-07 07:30:00,4.2500
12061500,47.310000,-123.175833,2008-11-09 08:00:00,2008-11-12 07:45:00,461.5646,2008-11-09 08:15:00,0.2500
12061500,47.310000,-123.175833,2009-04-13 01:45:00,2009-04-13 15:30:00,178.1130,2009-04-13 06:30:00,4.7500
12061500,47.310000,-123.175833,2009-05-05 14:30:00,2009-05-07 00:00:00,223.1368,2009-05-06 01:00:00,10.5000
12061500,47.310000,-123.175833,2011-12-30 08:00:00,2011-12-30 21:00:00,123.7446,2011-12-30 14:15:00,6.2500
12061500,47.310000,-123.175833,2012-01-25 07:15:00,2012-01-25 07:45:00,119.7803,2012-01-25 07:45:00,0.5000
12061500,47.310000,-123.175833,2012-01-30 04:45:00,2012-01-30 18:00:00,134.7882,2012-01-30 09:30:00,4.7500
12061500,47.310000,-123.175833,2012-12-06 08:00:00,2012-12-08 01:15:00,150.6456,2012-12-06 08:15:00,0.2500
12061500,47.310000,-123.175833,2013-03-20 18:15:00,2013-03-21 12:15:00,147.8139,2013-03-20 23:45:00,5.5000
12061500,47.310000,-123.175833,2013-04-07 07:00:00,2013-04-07 20:45:00,128.8417,2013-04-07 14:30:00,7.5000
12061500,47.310000,-123.175833,2013-09-29 04:30:00,2013-09-29 06:45:00,143.8496,2013-09-29 06:45:00,2.2500
12061500,47.310000,-123.175833,2013-11-19 08:15:00,2013-11-19 23:15:00,150.6456,2013-11-19 11:45:00,3.5000
12061500,47.310000,-123.175833,2014-01-11 12:00:00,2014-01-11 12:30:00,147.8139,2014-01-11 12:30:00,0.5000
12061500,47.310000,-123.175833,2014-02-12 13:15:00,2014-02-13 04:15:00,148.6634,2014-02-12 16:00:00,2.7500
12061500,47.310000,-123.175833,2014-02-16 05:30:00,2014-02-20 03:00:00,150.6456,2014-02-19 13:00:00,79.5000
12061500,47.310000,-123.175833,2014-03-05 09:45:00,2014-03-05 15:00:00,150.6456,2014-03-05 15:00:00,5.2500
12061500,47.310000,-123.175833,2014-03-16 10:45:00,2014-03-16 23:30:00,128.2753,2014-03-16 14:15:00,3.5000
12061500,47.310000,-123.175833,2014-03-29 17:00:00,2014-03-30 21:45:00,141.0179,2014-03-30 04:15:00,11.2500
12061500,47.310000,-123.175833,2014-04-24 16:15:00,2014-04-25 03:30:00,126.5763,2014-04-24 20:00:00,3.7500
12061500,47.310000,-123.175833,2014-05-04 16:00:00,2014-05-06 09:30:00,150.6456,2014-05-05 19:15:00,27.2500
12061500,47.310000,-123.175833,2014-10-21 23:45:00,2014-10-22 12:00:00,149.7961,2014-10-22 12:00:00,12.2500
12061500,47.310000,-123.175833,2014-10-26 04:30:00,2014-10-26 23:45:00,150.6456,2014-10-26 06:30:00,2.0000
12061500,47.310000,-123.175833,2014-10-28 19:15:00,2014-10-31 18:15:00,150.6456,2014-10-29 11:45:00,16.5000
12061500,47.310000,-123.175833,2014-11-04 07:15:00,2014-11-04 09:30:00,150.6456,2014-11-04 09:30:00,2.2500
12061500,47.310000,-123.175833,2014-11-22 03:15:00,2014-11-22 14:00:00,143.2832,2014-11-22 07:15:00,4.0000
12061500,47.310000,-123.175833,2014-11-27 11:00:00,2014-11-27 14:45:00,148.6634,2014-11-27 14:45:00,3.7500
12061500,47.310000,-123.175833,2014-12-09 12:00:00,2014-12-09 14:15:00,150.6456,2014-12-09 14:15:00,2.2500
12061500,47.310000,-123.175833,2014-12-20 16:30:00,2014-12-21 01:30:00,149.7961,2014-12-21 01:30:00,9.0000
12061500,47.310000,-123.175833,2015-01-05 09:15:00,2015-01-06 20:15:00,150.6456,2015-01-06 09:45:00,24.5000
12061500,47.310000,-123.175833,2015-01-18 11:45:00,2015-01-19 22:15:00,149.7961,2015-01-19 11:00:00,23.2500
12061500,47.310000,-123.175833,2015-02-05 21:15:00,2015-02-05 23:15:00,150.6456,2015-02-05 23:15:00,2.0000
12061500,47.310000,-123.175833,2015-03-16 03:45:00,2015-03-16 15:30:00,132.8060,2015-03-16 08:30:00,4.7500
12061500,47.310000,-123.175833,2015-10-31 15:00:00,2015-10-31 16:00:00,144.4159,2015-10-31 16:00:00,1.0000
12061500,47.310000,-123.175833,2015-11-13 06:15:00,2015-11-13 07:45:00,147.2476,2015-11-13 07:45:00,1.5000
12061500,47.310000,-123.175833,2015-12-03 15:45:00,2015-12-05 23:15:00,150.6456,2015-12-04 16:30:00,24.7500
12061500,47.310000,-123.175833,2015-12-18 08:00:00,2015-12-22 18:30:00,150.6456,2015-12-18 14:15:00,6.2500
12061500,47.310000,-123.175833,2016-01-12 22:45:00,2016-01-13 00:45:00,148.6634,2016-01-13 00:45:00,2.0000
12061500,47.310000,-123.175833,2016-01-16 19:45:00,2016-01-17 00:15:00,148.6634,2016-01-17 00:15:00,4.5000
12061500,47.310000,-123.175833,2016-01-27 00:45:00,2016-01-28 06:30:00,147.2476,2016-01-28 06:30:00,29.7500
12061500,47.310000,-123.175833,2016-02-12 18:00:00,2016-02-17 15:45:00,150.6456,2016-02-14 06:30:00,36.5000
12061500,47.310000,-123.175833,2016-02-19 18:45:00,2016-02-21 03:45:00,150.6456,2016-02-20 03:00:00,8.2500
12061500,47.310000,-123.175833,2016-03-01 22:15:00,2016-03-02 00:00:00,147.2476,2016-03-02 00:00:00,1.7500
12061500,47.310000,-123.175833,2016-03-10 03:15:00,2016-03-10 05:45:00,147.2476,2016-03-10 05:45:00,2.5000
14188800,44.712222,-122.768889,2006-01-11 07:00:00,2006-01-11 07:30:00,279.7704,2006-01-11 07:30:00,0.5000
14188800,44.712222,-122.768889,2006-11-07 14:00:00,2006-11-07 23:00:00,390.7725,2006-11-07 18:00:00,4.0000
14188800,44.712222,-122.768889,2009-01-02 02:30:00,2009-01-02 17:15:00,436.0794,2009-01-02 13:30:00,11.0000
14188800,44.712222,-122.768889,2011-12-30 14:15:00,2011-12-30 17:00:00,286.0002,2011-12-30 15:30:00,1.2500
14188800,44.712222,-122.768889,2012-01-19 01:30:00,2012-01-20 06:45:00,538.0201,2012-01-19 17:30:00,16.0000
13340000,46.478333,-116.257500,1995-11-30 20:36:06,1995-12-02 13:19:03,2265.3477,1995-12-01 03:05:48,6.4950
13340000,46.478333,-116.257500,1996-05-18 18:30:00,1996-05-19 06:45:00,2002.0011,1996-05-19 00:45:00,6.2500
13340000,46.478333,-116.257500,1997-05-14 13:15:00,1997-05-19 16:45:00,2398.4369,1997-05-17 17:15:00,76.0000
13340000,46.478333,-116.257500,1997-06-01 12:45:00,1997-06-02 00:30:00,2035.9813,1997-06-01 18:30:00,5.7500
13340000,46.478333,-116.257500,2008-05-19 11:15:00,2008-05-22 04:00:00,2120.9318,2008-05-19 18:45:00,7.5000
13340000,46.478333,-116.257500,2011-06-07 18:45:00,2011-06-09 04:00:00,2055.8031,2011-06-08 18:15:00,23.5000
14171000,44.526389,-123.333333,2001-11-29 16:00:00,2001-11-29 19:00:00,75.6060,2001-11-29 17:00:00,1.0000
14171000,44.526389,-123.333333,2001-12-01 12:30:00,2001-12-03 01:00:00,124.3110,2001-12-02 02:30:00,14.0000
14171000,44.526389,-123.333333,2001-12-14 04:30:00,2001-12-15 14:30:00,92.8793,2001-12-14 12:00:00,7.5000
14171000,44.526389,-123.333333,2001-12-17 06:30:00,2001-12-18 02:30:00,95.4278,2001-12-17 12:00:00,5.5000
14171000,44.526389,-123.333333,2002-01-08 05:30:00,2002-01-09 04:00:00,93.7288,2002-01-08 12:00:00,6.5000
14171000,44.526389,-123.333333,2002-01-21 14:00:00,2002-01-22 22:00:00,79.2872,2002-01-21 19:00:00,5.0000
14171000,44.526389,-123.333333,2002-01-25 16:00:00,2002-01-27 19:00:00,128.8417,2002-01-26 00:00:00,8.0000
14171000,44.526389,-123.333333,2002-12-16 14:30:00,2002-12-17 01:00:00,91.4634,2002-12-16 18:30:00,4.0000
14171000,44.526389,-123.333333,2002-12-31 06:00:00,2002-12-31 23:00:00,98.8258,2002-12-31 10:30:00,4.5000
14171000,44.526389,-123.333333,2003-02-01 05:00:00,2003-02-02 13:00:00,95.7109,2003-02-01 14:00:00,9.0000
14171000,44.526389,-123.333333,2003-12-14 03:30:00,2003-12-15 05:00:00,98.8258,2003-12-14 10:00:00,6.5000
14171000,44.526389,-123.333333,2003-12-29 11:30:00,2003-12-29 16:30:00,77.3050,2003-12-29 13:30:00,2.0000
14171000,44.526389,-123.333333,2004-01-30 11:00:00,2004-02-01 16:00:00,117.7981,2004-01-30 23:00:00,12.0000
14171000,44.526389,-123.333333,2005-12-22 06:30:00,2005-12-23 23:00:00,137.3367,2005-12-23 04:30:00,22.0000
14171000,44.526389,-123.333333,2005-12-28 14:00:00,2006-01-03 05:00:00,368.1190,2005-12-30 20:30:00,54.5000
14171000,44.526389,-123.333333,2006-01-10 08:00:00,2006-01-14 03:00:00,163.3882,2006-01-11 09:00:00,25.0000
14171000,44.526389,-123.333333,2006-01-17 12:00:00,2006-01-19 22:00:00,158.5743,2006-01-17 23:30:00,11.5000
14171000,44.526389,-123.333333,2006-01-20 22:30:00,2006-01-21 04:00:00,76.7387,2006-01-21 01:00:00,2.5000
14171000,44.526389,-123.333333,2006-01-28 18:00:00,2006-02-02 16:00:00,148.0971,2006-01-30 18:00:00,48.0000
14171000,44.526389,-123.333333,2006-12-14 20:00:00,2006-12-17 10:00:00,178.9625,2006-12-15 08:30:00,12.5000
14171000,44.526389,-123.333333,2006-12-26 19:30:00,2006-12-27 20:00:00,130.8238,2006-12-27 02:00:00,6.5000
14171000,44.526389,-123.333333,2007-02-28 01:30:00,2007-02-28 07:30:00,75.8891,2007-02-28 03:30:00,2.0000
14171000,44.526389,-123.333333,2007-12-03 16:00:00,2007-12-05 15:30:00,353.9606,2007-12-04 05:00:00,13.0000
14171000,44.526389,-123.333333,2008-01-09 01:00:00,2008-01-12 10:30:00,116.0991,2008-01-09 12:00:00,11.0000
14171000,44.526389,-123.333333,2008-02-01 09:30:00,2008-02-03 19:30:00,84.9505,2008-02-03 07:30:00,46.0000
14171000,44.526389,-123.333333,2008-12-29 23:30:00,2008-12-30 05:30:00,76.4555,2008-12-30 03:00:00,3.5000
14171000,44.526389,-123.333333,2009-01-02 07:30:00,2009-01-04 02:30:00,127.9921,2009-01-02 18:30:00,11.0000
14171000,44.526389,-123.333333,2010-03-30 04:30:00,2010-03-31 14:00:00,92.0298,2010-03-31 02:00:00,21.5000
14171000,44.526389,-123.333333,2010-12-10 08:30:00,2010-12-10 09:30:00,74.7565,2010-12-10 09:00:00,0.5000
14171000,44.526389,-123.333333,2010-12-14 18:30:00,2010-12-15 02:00:00,76.4555,2010-12-14 20:00:00,1.5000
14171000,44.526389,-123.333333,2010-12-29 06:30:00,2010-12-30 18:30:00,102.7902,2010-12-29 15:00:00,8.5000
14171000,44.526389,-123.333333,2011-01-16 21:30:00,2011-01-18 23:30:00,145.2654,2011-01-18 01:00:00,27.5000
14171000,44.526389,-123.333333,2011-03-01 14:30:00,2011-03-03 04:00:00,116.6654,2011-03-02 01:30:00,11.0000
14171000,44.526389,-123.333333,2012-01-18 13:00:00,2012-01-23 19:00:00,331.3071,2012-01-19 20:30:00,31.5000
14171000,44.526389,-123.333333,2012-01-25 01:30:00,2012-01-25 20:00:00,86.6496,2012-01-25 07:30:00,6.0000
14171000,44.526389,-123.333333,2012-03-15 15:00:00,2012-03-18 13:00:00,146.1149,2012-03-16 01:00:00,10.0000
14171000,44.526389,-123.333333,2012-03-30 06:00:00,2012-04-02 21:30:00,169.9011,2012-03-31 21:00:00,39.0000
14171000,44.526389,-123.333333,2012-11-20 01:00:00,2012-11-22 05:30:00,165.3704,2012-11-20 08:00:00,7.0000
14171000,44.526389,-123.333333,2012-12-02 14:00:00,2012-12-05 15:00:00,99.9585,2012-12-04 17:30:00,51.5000
14171000,44.526389,-123.333333,2012-12-20 15:30:00,2012-12-22 13:00:00,122.0456,2012-12-21 00:00:00,8.5000
14171000,44.526389,-123.333333,2014-02-12 13:15:00,2014-02-20 08:15:00,129.6912,2014-02-13 00:15:00,11.0000
14171000,44.526389,-123.333333,2014-03-06 12:45:00,2014-03-08 06:15:00,101.0911,2014-03-07 03:45:00,15.0000
14171000,44.526389,-123.333333,2014-12-21 00:15:00,2014-12-23 21:15:00,164.2377,2014-12-22 10:30:00,34.2500
14171000,44.526389,-123.333333,2015-01-18 11:15:00,2015-01-18 21:00:00,81.5525,2015-01-18 14:45:00,3.5000
14171000,44.526389,-123.333333,2015-02-07 13:30:00,2015-02-08 21:45:00,91.4634,2015-02-07 20:00:00,6.5000
14171000,44.526389,-123.333333,2015-02-09 23:00:00,2015-02-11 11:45:00,103.0733,2015-02-10 09:15:00,10.2500
14171000,44.526389,-123.333333,2015-12-07 21:00:00,2015-12-11 00:30:00,107.8872,2015-12-08 04:15:00,7.2500
14171000,44.526389,-123.333333,2015-12-13 05:00:00,2015-12-15 06:00:00,107.6040,2015-12-14 00:15:00,19.2500
14171000,44.526389,-123.333333,2015-12-17 21:15:00,2015-12-20 17:30:00,184.6258,2015-12-18 12:00:00,14.7500
14171000,44.526389,-123.333333,2015-12-21 19:30:00,2015-12-22 19:45:00,87.4991,2015-12-22 01:45:00,6.2500
14171000,44.526389,-123.333333,2016-01-18 01:30:00,2016-01-18 07:00:00,76.7387,2016-01-18 03:45:00,2.2500
14171000,44.526389,-123.333333,2016-01-19 21:15:00,2016-01-20 23:15:00,84.3842,2016-01-20 02:45:00,5.5000
14171000,44.526389,-123.333333,2016-03-15 08:30:00,2016-03-16 03:15:00,77.8713,2016-03-15 20:45:00,12.2500
14203500,45.475000,-123.123056,1986-11-24 17:30:00,1986-11-30 02:30:00,48.4218,1986-11-28 05:30:00,84.0000
14203500,45.475000,-123.123056,1987-01-01 23:30:00,1987-01-08 03:00:00,33.9802,1987-01-05 15:30:00,88.0000
14203500,45.475000,-123.123056,1987-01-28 12:00:00,1987-02-09 03:00:00,98.8258,1987-02-02 01:30:00,109.5000
14203500,45.475000,-123.123056,1987-03-03 20:30:00,1987-03-18 07:30:00,86.0832,1987-03-04 11:00:00,14.5000
14203500,45.475000,-123.123056,1989-01-10 17:00:00,1989-01-13 06:30:00,35.6792,1989-01-11 13:00:00,20.0000
14203500,45.475000,-123.123056,1989-01-16 21:00:00,1989-01-19 12:30:00,28.0337,1989-01-17 22:30:00,25.5000
14203500,45.475000,-123.123056,1989-03-16 21:00:00,1989-03-21 23:00:00,36.2456,1989-03-18 23:30:00,50.5000
14203500,45.475000,-123.123056,1991-01-13 06:30:00,1991-01-14 05:45:00,27.7788,1991-01-13 15:45:00,9.2500
14203500,45.475000,-123.123056,1991-01-15 10:00:00,1991-01-17 21:15:00,33.4139,1991-01-16 03:00:00,17.0000
14203500,45.475000,-123.123056,1991-03-05 06:30:00,1991-03-05 13:15:00,25.5418,1991-03-05 07:00:00,0.5000
14203500,45.475000,-123.123056,1991-04-05 01:00:00,1991-04-13 14:45:00,176.4140,1991-04-06 02:30:00,25.5000
14203500,45.475000,-123.123056,1992-01-28 17:45:00,1992-02-01 20:15:00,52.3862,1992-01-29 10:30:00,16.7500
14203500,45.475000,-123.123056,1992-02-21 20:30:00,1992-02-23 21:15:00,31.7149,1992-02-22 22:30:00,26.0000
14203500,45.475000,-123.123056,1993-01-21 07:30:00,1993-01-23 02:00:00,33.1307,1993-01-21 19:00:00,11.5000
14203500,45.475000,-123.123056,1993-04-10 12:30:00,1993-04-15 00:00:00,39.0772,1993-04-11 16:00:00,27.5000
14203500,45.475000,-123.123056,1993-12-11 14:00:00,1993-12-12 18:45:00,32.2812,1993-12-12 00:00:00,10.0000
14203500,45.475000,-123.123056,1994-01-05 11:45:00,1994-01-07 13:15:00,30.2990,1994-01-06 08:30:00,20.7500
14203500,45.475000,-123.123056,1994-02-24 16:45:00,1994-03-02 03:30:00,58.8990,1994-02-25 15:45:00,23.0000
14203500,45.475000,-123.123056,1994-12-01 05:15:00,1994-12-04 11:30:00,74.7565,1994-12-01 15:00:00,9.7500
14203500,45.475000,-123.123056,1995-02-03 08:00:00,1995-02-13 21:00:00,43.8911,1995-02-03 08:15:00,0.2500
14203500,45.475000,-123.123056,1995-02-17 13:15:00,1995-02-22 18:15:00,71.9248,1995-02-20 06:15:00,65.0000
14203500,45.475000,-123.123056,1995-03-11 05:15:00,1995-03-11 12:30:00,25.5418,1995-03-11 06:15:00,1.0000
14203500,45.475000,-123.123056,1995-03-14 02:30:00,1995-03-23 22:45:00,37.0951,1995-03-15 05:45:00,27.2500
14203500,45.475000,-123.123056,1995-11-12 02:15:00,1995-11-13 06:15:00,56.9169,1995-11-12 09:45:00,7.5000
14203500,45.475000,-123.123056,1996-01-06 07:30:00,1996-01-14 05:00:00,47.8555,1996-01-08 15:15:00,55.7500
14203500,45.475000,-123.123056,1996-04-23 12:45:00,1996-04-27 12:15:00,107.6040,1996-04-24 10:15:00,21.5000
14203500,45.475000,-123.123056,1996-11-25 15:45:00,1996-11-25 23:30:00,25.5418,1996-11-25 18:00:00,2.2500
14203500,45.475000,-123.123056,1996-11-28 17:15:00,1996-11-30 08:00:00,30.2990,1996-11-29 05:00:00,11.7500
14203500,45.475000,-123.123056,1997-01-18 07:15:00,1997-01-20 04:00:00,29.7327,1997-01-19 03:15:00,20.0000
14203500,45.475000,-123.123056,1997-01-22 02:00:00,1997-01-25 23:45:00,29.7327,1997-01-22 20:00:00,18.0000
14203500,45.475000,-123.123056,1997-01-31 12:45:00,1997-02-06 14:00:00,51.2535,1997-02-01 03:15:00,14.5000
14203500,45.475000,-123.123056,1997-11-20 11:30:00,1997-11-28 02:15:00,62.0139,1997-11-21 01:15:00,13.7500
14203500,45.475000,-123.123056,1997-11-29 05:45:00,1997-12-07 18:30:00,32.2812,1997-11-30 10:45:00,29.0000
14203500,45.475000,-123.123056,1997-12-17 06:15:00,1997-12-19 19:15:00,45.8733,1997-12-17 18:30:00,12.2500
14203500,45.475000,-123.123056,1998-01-06 00:45:00,1998-01-09 12:45:00,38.7941,1998-01-07 22:45:00,46.0000
14203500,45.475000,-123.123056,1998-01-11 20:00:00,1998-02-09 23:45:00,72.2080,1998-01-15 05:30:00,81.5000
14203500,45.475000,-123.123056,1998-02-13 04:00:00,1998-02-16 09:30:00,37.0951,1998-02-13 21:30:00,17.5000
14203500,45.475000,-123.123056,1998-02-20 01:30:00,1998-02-28 04:15:00,51.2535,1998-02-22 06:45:00,53.2500
14203500,45.475000,-123.123056,1998-03-01 17:45:00,1998-03-07 04:00:00,31.7149,1998-03-02 22:15:00,28.5000
14203500,45.475000,-123.123056,1998-11-21 22:30:00,1998-12-07 00:30:00,112.7010,1998-11-26 15:15:00,112.7500
14203500,45.475000,-123.123056,1998-12-08 21:45:00,1998-12-16 07:45:00,56.6337,1998-12-14 01:15:00,123.5000
14203500,45.475000,-123.123056,1999-11-25 19:15:00,1999-11-29 03:30:00,89.4812,1999-11-26 15:00:00,19.7500
14203500,45.475000,-123.123056,1999-12-03 01:00:00,1999-12-04 18:15:00,33.9802,1999-12-03 10:30:00,9.5000
14203500,45.475000,-123.123056,1999-12-14 10:45:00,1999-12-28 22:15:00,89.4812,1999-12-16 10:15:00,47.5000
14203500,45.475000,-123.123056,2000-01-05 21:15:00,2000-01-07 07:45:00,27.6372,2000-01-06 10:00:00,12.7500
14203500,45.475000,-123.123056,2000-01-10 01:45:00,2000-01-11 22:15:00,31.9980,2000-01-10 18:30:00,16.7500
14203500,45.475000,-123.123056,2000-01-13 10:30:00,2000-01-17 06:30:00,32.2812,2000-01-15 02:15:00,39.7500
14203500,45.475000,-123.123056,2000-01-19 10:15:00,2000-01-25 02:00:00,36.8119,2000-01-22 11:30:00,73.2500
14203500,45.475000,-123.123056,2000-02-02 13:45:00,2000-02-03 12:15:00,28.8832,2000-02-02 20:30:00,6.7500
14203500,45.475000,-123.123056,2001-11-23 13:15:00,2001-11-24 07:15:00,28.6000,2001-11-23 20:30:00,7.2500
14203500,45.475000,-123.123056,2001-11-29 13:30:00,2001-12-09 14:15:00,87.7822,2001-12-01 23:15:00,57.7500
14203500,45.475000,-123.123056,2001-12-14 07:45:00,2001-12-28 22:15:00,84.6674,2001-12-17 17:45:00,82.0000
14203500,45.475000,-123.123056,2002-01-07 07:45:00,2002-02-05 01:30:00,109.5862,2002-01-08 14:45:00,31.0000
14203500,45.475000,-123.123056,2002-02-08 18:00:00,2002-02-10 16:30:00,32.5644,2002-02-09 10:45:00,16.7500
14203500,45.475000,-123.123056,2002-03-12 15:00:00,2002-03-16 16:15:00,38.2277,2002-03-14 13:00:00,46.0000
14203500,45.475000,-123.123056,2002-03-19 21:15:00,2002-03-23 02:45:00,36.5287,2002-03-21 01:00:00,27.7500
14203500,45.475000,-123.123056,2002-12-16 20:00:00,2002-12-17 21:00:00,30.2990,2002-12-17 05:45:00,9.7500
14203500,45.475000,-123.123056,2002-12-31 17:00:00,2003-01-07 05:00:00,45.3070,2003-01-05 11:45:00,114.7500
14203500,45.475000,-123.123056,2003-01-30 23:15:00,2003-02-07 17:30:00,96.2773,2003-02-01 12:45:00,37.5000
14203500,45.475000,-123.123056,2003-02-18 19:15:00,2003-02-19 12:30:00,26.8444,2003-02-18 23:45:00,4.5000
14203500,45.475000,-123.123056,2003-03-08 04:00:00,2003-03-17 04:00:00,47.0060,2003-03-13 08:00:00,124.0000
14203500,45.475000,-123.123056,2003-03-21 14:00:00,2003-03-29 08:30:00,60.8812,2003-03-25 17:00:00,99.0000
14203500,45.475000,-123.123056,2004-01-29 09:30:00,2004-02-10 03:00:00,92.0298,2004-01-30 09:45:00,24.2500
14203500,45.475000,-123.123056,2005-01-19 02:30:00,2005-01-22 06:30:00,43.8911,2005-01-19 13:15:00,10.7500
14203500,45.475000,-123.123056,2005-03-27 22:45:00,2005-03-31 14:45:00,50.4040,2005-03-28 07:45:00,9.0000
14203500,45.475000,-123.123056,2006-11-07 11:30:00,2006-11-09 11:45:00,63.9961,2006-11-07 18:45:00,7.2500
14203500,45.475000,-123.123056,2006-11-24 12:15:00,2006-11-28 16:45:00,33.6970,2006-11-25 06:45:00,18.5000
14203500,45.475000,-123.123056,2006-12-14 01:00:00,2006-12-24 14:15:00,80.1367,2006-12-15 17:15:00,40.2500
14203500,45.475000,-123.123056,2007-03-03 11:15:00,2007-03-05 18:30:00,26.7028,2007-03-04 03:15:00,16.0000
14203500,45.475000,-123.123056,2007-12-03 15:00:00,2007-12-06 04:15:00,277.7883,2007-12-04 05:30:00,14.5000
14203500,45.475000,-123.123056,2007-12-21 00:45:00,2007-12-22 00:30:00,27.6372,2007-12-21 08:30:00,7.7500
14203500,45.475000,-123.123056,2007-12-28 00:00:00,2007-12-29 15:30:00,32.8475,2007-12-28 21:15:00,21.2500
14203500,45.475000,-123.123056,2008-01-01 05:00:00,2008-01-04 07:15:00,32.5644,2008-01-02 14:15:00,33.2500
14203500,45.475000,-123.123056,2008-01-05 15:45:00,2008-01-22 19:00:00,43.6079,2008-01-12 08:45:00,161.0000
14203500,45.475000,-123.123056,2008-02-02 13:45:00,2008-02-03 13:15:00,27.7788,2008-02-03 03:15:00,13.5000
14203500,45.475000,-123.123056,2008-02-05 03:15:00,2008-02-06 08:00:00,27.3541,2008-02-05 20:15:00,17.0000
14203500,45.475000,-123.123056,2008-02-08 15:45:00,2008-02-12 10:45:00,33.4139,2008-02-09 19:30:00,27.7500
14203500,45.475000,-123.123056,2009-01-02 01:30:00,2009-01-11 21:15:00,101.9406,2009-01-02 18:45:00,17.2500
14203500,45.475000,-123.123056,2009-01-13 07:00:00,2009-01-20 13:30:00,33.9802,2009-01-14 19:30:00,36.5000
14203500,45.475000,-123.123056,2010-01-02 10:15:00,2010-01-03 19:00:00,28.0620,2010-01-02 19:15:00,9.0000
14203500,45.475000,-123.123056,2010-01-06 20:45:00,2010-01-10 13:00:00,27.0709,2010-01-07 07:00:00,10.2500
14203500,45.475000,-123.123056,2010-01-13 00:45:00,2010-01-26 17:00:00,35.3961,2010-01-19 04:45:00,148.0000
14203500,45.475000,-123.123056,2010-03-31 03:15:00,2010-04-04 07:00:00,31.7149,2010-04-02 20:45:00,65.5000
14203500,45.475000,-123.123056,2010-04-06 15:30:00,2010-04-10 00:30:00,30.8654,2010-04-08 09:45:00,42.2500
14203500,45.475000,-123.123056,2010-12-09 23:45:00,2010-12-24 14:00:00,49.5545,2010-12-12 14:30:00,62.7500
14203500,45.475000,-123.123056,2010-12-28 06:45:00,2011-01-07 01:00:00,53.2357,2010-12-29 14:45:00,32.0000
14203500,45.475000,-123.123056,2011-01-14 00:00:00,2011-01-22 12:45:00,54.6515,2011-01-17 07:30:00,79.5000
14203500,45.475000,-123.123056,2011-03-10 10:30:00,2011-03-20 19:15:00,46.4396,2011-03-14 18:15:00,102.7500
14203500,45.475000,-123.123056,2011-11-23 17:00:00,2011-11-25 00:30:00,31.1485,2011-11-24 05:00:00,12.0000
14203500,45.475000,-123.123056,2011-12-29 16:45:00,2012-01-01 13:45:00,39.0772,2011-12-31 04:45:00,36.0000
14203500,45.475000,-123.123056,2012-01-19 18:30:00,2012-02-02 09:15:00,54.6515,2012-01-21 21:15:00,50.7500
14203500,45.475000,-123.123056,2012-03-13 05:15:00,2012-03-23 05:45:00,95.4278,2012-03-16 06:45:00,73.5000
14203500,45.475000,-123.123056,2012-03-29 08:15:00,2012-04-05 18:00:00,96.2773,2012-03-31 00:30:00,40.2500
14203500,45.475000,-123.123056,2012-11-20 00:45:00,2012-11-27 20:15:00,77.0218,2012-11-20 12:00:00,11.2500
14203500,45.475000,-123.123056,2012-12-01 08:30:00,2013-01-03 10:30:00,60.8812,2012-12-05 04:00:00,91.5000
14203500,45.475000,-123.123056,2014-02-13 16:45:00,2014-02-25 12:45:00,63.1466,2014-02-19 09:45:00,137.0000
14203500,45.475000,-123.123056,2014-03-02 04:30:00,2014-03-14 10:30:00,52.9525,2014-03-07 13:30:00,129.0000
14203500,45.475000,-123.123056,2014-03-29 11:15:00,2014-04-01 21:15:00,31.7149,2014-03-30 16:45:00,29.5000
14203500,45.475000,-123.123056,2014-12-21 09:30:00,2014-12-24 03:15:00,46.4396,2014-12-21 21:00:00,11.5000
14203500,45.475000,-123.123056,2015-01-18 21:45:00,2015-01-20 08:30:00,28.1753,2015-01-19 07:00:00,9.2500
14203500,45.475000,-123.123056,2015-02-06 22:30:00,2015-02-13 16:15:00,53.2357,2015-02-08 05:15:00,30.7500
14203500,45.475000,-123.123056,2015-11-18 13:30:00,2015-11-20 10:45:00,33.4139,2015-11-18 20:30:00,7.0000
14203500,45.475000,-123.123056,2015-12-07 11:45:00,2016-01-05 02:15:00,116.9486,2015-12-09 21:15:00,57.5000
14203500,45.475000,-123.123056,2016-01-13 11:00:00,2016-02-02 22:00:00,46.1565,2016-01-14 07:45:00,20.7500
14203500,45.475000,-123.123056,2016-02-05 02:45:00,2016-02-07 17:30:00,27.6089,2016-02-05 17:45:00,15.0000
14303600,45.266667,-123.845833,2008-11-13 05:30:00,2008-11-13 11:30:00,555.0102,2008-11-13 07:30:00,2.0000
14303600,45.266667,-123.845833,2009-01-01 23:30:00,2009-01-02 19:15:00,625.8023,2009-01-02 11:15:00,11.7500
14303600,45.266667,-123.845833,2011-01-16 20:30:00,2011-01-17 08:00:00,538.0201,2011-01-17 01:45:00,5.2500
14303600,45.266667,-123.845833,2015-12-07 22:00:00,2015-12-08 03:45:00,506.8716,2015-12-08 00:00:00,2.0000
14303600,45.266667,-123.845833,2015-12-09 11:45:00,2015-12-09 14:45:00,470.0597,2015-12-09 12:30:00,0.7500
14308000,42.930556,-122.947222,1989-01-10 10:30:00,1989-01-10 14:00:00,824.0202,1989-01-10 11:30:00,1.0000
14308000,42.930556,-122.947222,1996-12-05 05:30:00,1996-12-05 10:00:00,778.7133,1996-12-05 07:00:00,1.5000
14308000,42.930556,-122.947222,1996-12-08 18:30:00,1996-12-09 06:00:00,767.3865,1996-12-08 22:30:00,4.0000
14308000,42.930556,-122.947222,1997-01-01 10:30:00,1997-01-01 19:00:00,897.6440,1997-01-01 13:00:00,2.5000
14308000,42.930556,-122.947222,2005-12-30 21:30:00,2005-12-31 06:30:00,894.8124,2005-12-31 01:00:00,3.5000
14308000,42.930556,-122.947222,2011-01-16 17:45:00,2011-01-17 09:30:00,815.5252,2011-01-17 04:45:00,11.0000
14308000,42.930556,-122.947222,2014-02-14 23:30:00,2014-02-15 03:00:00,696.5944,2014-02-15 01:00:00,1.5000
14308000,42.930556,-122.947222,2014-12-21 08:30:00,2014-12-22 19:45:00,1211.9610,2014-12-21 13:45:00,5.2500
14308000,42.930556,-122.947222,2015-12-13 10:00:00,2015-12-13 13:15:00,764.5549,2015-12-13 11:45:00,1.7500
14316700,43.350000,-122.727778,1996-11-18 22:29:54,1996-11-19 08:29:42,889.1490,1996-11-19 03:59:48,5.4983
14316700,43.350000,-122.727778,2005-12-30 22:00:00,2005-12-31 02:45:00,744.7331,2005-12-31 00:15:00,2.2500
12401500,48.981389,-118.765278,1990-05-30 11:00:00,1990-06-06 03:00:00,419.0893,1990-06-03 05:30:00,90.5000
12401500,48.981389,-118.765278,1990-06-11 14:30:00,1990-06-12 09:30:00,368.1190,1990-06-11 20:30:00,6.0000
12401500,48.981389,-118.765278,1991-05-21 20:30:00,1991-05-22 07:00:00,351.1289,1991-05-21 23:00:00,2.5000
12401500,48.981389,-118.765278,1993-05-13 13:30:00,1993-05-18 04:00:00,430.4161,1993-05-15 04:00:00,38.5000
12401500,48.981389,-118.765278,1996-06-04 16:30:00,1996-06-06 04:30:00,370.9507,1996-06-05 00:30:00,8.0000
12401500,48.981389,-118.765278,1996-06-08 21:00:00,1996-06-09 05:30:00,351.1289,1996-06-09 00:00:00,3.0000
12401500,48.981389,-118.765278,1997-05-13 16:30:00,1997-05-19 08:30:00,495.5448,1997-05-17 06:30:00,86.0000
12401500,48.981389,-118.765278,1997-05-29 23:00:00,1997-06-03 15:30:00,555.0102,1997-06-02 07:00:00,80.0000
12401500,48.981389,-118.765278,1997-06-05 01:00:00,1997-06-06 12:00:00,399.2675,1997-06-05 23:00:00,22.0000
12401500,48.981389,-118.765278,1998-05-03 17:00:00,1998-05-06 23:30:00,373.7824,1998-05-04 21:00:00,28.0000
12401500,48.981389,-118.765278,1999-05-25 18:00:00,1999-05-27 14:00:00,393.6042,1999-05-26 21:00:00,27.0000
12401500,48.981389,-118.765278,2005-05-16 20:00:00,2005-05-17 22:00:00,393.6042,2005-05-17 10:30:00,14.5000
12401500,48.981389,-118.765278,2006-05-17 21:30:00,2006-05-27 02:30:00,509.7032,2006-05-22 02:30:00,101.0000
12401500,48.981389,-118.765278,2008-05-18 16:00:00,2008-05-22 14:30:00,427.5844,2008-05-20 04:30:00,36.5000
12401500,48.981389,-118.765278,2011-05-15 17:00:00,2011-05-18 18:15:00,404.9309,2011-05-17 12:00:00,43.0000
12401500,48.981389,-118.765278,2011-05-22 05:30:00,2011-05-29 11:15:00,450.2379,2011-05-27 10:30:00,125.0000
12401500,48.981389,-118.765278,2011-06-06 17:30:00,2011-06-10 05:45:00,430.4161,2011-06-09 05:15:00,59.7500
12401500,48.981389,-118.765278,2012-04-27 04:30:00,2012-04-28 17:00:00,436.0794,2012-04-27 22:15:00,17.7500
12401500,48.981389,-118.765278,2012-06-10 18:15:00,2012-06-11 09:15:00,365.2873,2012-06-11 00:30:00,6.2500
12401500,48.981389,-118.765278,2012-06-24 20:00:00,2012-06-25 03:00:00,353.9606,2012-06-25 00:00:00,4.0000
12401500,48.981389,-118.765278,2013-05-08 17:30:00,2013-05-15 01:00:00,402.0992,2013-05-12 00:00:00,78.5000
12401500,48.981389,-118.765278,2013-05-23 16:15:00,2013-05-24 03:00:00,351.1289,2013-05-23 21:00:00,4.7500
12401500,48.981389,-118.765278,2014-05-17 23:30:00,2014-05-18 07:45:00,345.4655,2014-05-18 02:00:00,2.5000
12401500,48.981389,-118.765278,2016-04-21 16:30:00,2016-04-25 06:45:00,399.2675,2016-04-23 00:30:00,32.0000
12354500,47.301944,-115.086389,1997-05-15 16:00:00,1997-05-21 18:00:00,1951.0307,1997-05-18 15:00:00,71.0000
12354500,47.301944,-115.086389,1997-06-02 20:00:00,1997-06-03 22:00:00,1582.9117,1997-06-03 08:00:00,12.0000
12354500,47.301944,-115.086389,2011-06-09 18:45:00,2011-06-10 23:30:00,1571.5850,2011-06-10 11:00:00,16.2500
14210000,45.300000,-122.352778,1986-11-27 18:00:00,1986-11-28 04:00:00,512.5349,1986-11-27 20:30:00,2.5000
14210000,45.300000,-122.352778,1987-02-01 20:00:00,1987-02-02 00:00:00,467.2280,1987-02-01 20:30:00,0.5000
14210000,45.300000,-122.352778,1988-11-23 03:00:00,1988-11-23 11:30:00,529.5250,1988-11-23 06:30:00,3.5000
14210000,45.300000,-122.352778,1989-01-10 05:00:00,1989-01-10 17:30:00,648.4558,1989-01-10 10:00:00,5.0000
14210000,45.300000,-122.352778,1989-12-05 08:00:00,1989-12-05 12:00:00,509.7032,1989-12-05 09:30:00,1.5000
14210000,45.300000,-122.352778,1990-01-07 17:00:00,1990-01-09 12:30:00,662.6142,1990-01-08 12:00:00,19.0000
14210000,45.300000,-122.352778,1990-04-27 23:00:00,1990-04-28 17:30:00,699.4261,1990-04-28 07:00:00,8.0000
14210000,45.300000,-122.352778,1991-01-15 15:30:00,1991-01-15 19:00:00,475.7230,1991-01-15 17:00:00,1.5000
14210000,45.300000,-122.352778,1991-11-27 07:00:00,1991-11-27 11:00:00,472.8913,1991-11-27 10:00:00,3.0000
14210000,45.300000,-122.352778,1991-12-06 22:30:00,1991-12-07 14:30:00,625.8023,1991-12-07 04:00:00,5.5000
14210000,45.300000,-122.352778,1992-11-22 06:00:00,1992-11-22 11:00:00,523.8617,1992-11-22 07:00:00,1.0000
14210000,45.300000,-122.352778,1993-03-18 17:30:00,1993-03-18 19:00:00,470.0597,1993-03-18 18:30:00,1.0000
14210000,45.300000,-122.352778,1993-03-23 15:00:00,1993-03-24 02:00:00,506.8716,1993-03-23 18:30:00,3.5000
14210000,45.300000,-122.352778,1994-12-01 07:00:00,1994-12-01 15:00:00,518.1983,1994-12-01 09:00:00,2.0000
14210000,45.300000,-122.352778,1995-01-14 05:30:00,1995-01-15 06:00:00,569.1686,1995-01-14 15:00:00,9.5000
14210000,45.300000,-122.352778,1995-01-31 17:30:00,1995-02-02 17:00:00,736.2380,1995-02-01 05:30:00,12.0000
14210000,45.300000,-122.352778,1995-02-18 02:30:00,1995-02-18 15:00:00,557.8419,1995-02-18 07:00:00,4.5000
14210000,45.300000,-122.352778,1995-11-11 23:00:00,1995-11-12 13:30:00,659.7825,1995-11-12 03:00:00,4.0000
14210000,45.300000,-122.352778,1995-11-28 06:00:00,1995-12-02 10:00:00,1135.5055,1995-11-28 13:30:00,7.5000
14210000,45.300000,-122.352778,1996-02-06 15:00:00,1996-02-10 20:30:00,1951.0307,1996-02-08 05:00:00,38.0000
14210000,45.300000,-122.352778,1996-04-24 06:00:00,1996-04-25 01:30:00,611.6439,1996-04-24 14:30:00,8.5000
14210000,45.300000,-122.352778,1996-11-19 16:00:00,1996-11-20 14:00:00,940.1193,1996-11-20 00:30:00,8.5000
14210000,45.300000,-122.352778,1996-12-05 03:30:00,1996-12-05 18:30:00,693.7627,1996-12-05 07:30:00,4.0000
14210000,45.300000,-122.352778,1996-12-25 13:00:00,1996-12-28 04:30:00,639.9607,1996-12-27 05:00:00,40.0000
14210000,45.300000,-122.352778,1996-12-29 23:00:00,1997-01-04 00:00:00,962.7728,1997-01-01 15:30:00,64.5000
14210000,45.300000,-122.352778,1997-01-31 16:30:00,1997-02-02 02:30:00,849.5054,1997-02-01 05:00:00,12.5000
14210000,45.300000,-122.352778,1997-10-31 02:30:00,1997-10-31 12:00:00,702.2578,1997-10-31 07:00:00,4.5000
14210000,45.300000,-122.352778,1998-11-21 09:30:00,1998-11-21 14:00:00,467.2280,1998-11-21 10:30:00,1.0000
14210000,45.300000,-122.352778,1998-12-02 16:30:00,1998-12-03 05:00:00,569.1686,1998-12-02 20:00:00,3.5000
14210000,45.300000,-122.352778,1998-12-28 04:30:00,1998-12-30 18:30:00,976.9312,1998-12-28 13:30:00,9.0000
14210000,45.300000,-122.352778,1999-02-28 08:00:00,1999-03-01 05:00:00,563.5052,1999-02-28 18:00:00,10.0000
14210000,45.300000,-122.352778,1999-11-25 21:00:00,1999-11-27 05:30:00,1019.4065,1999-11-26 11:30:00,14.5000
14210000,45.300000,-122.352778,2001-12-14 10:30:00,2001-12-14 14:30:00,484.2181,2001-12-14 11:00:00,0.5000
14210000,45.300000,-122.352778,2002-04-14 11:30:00,2002-04-15 01:30:00,648.4558,2002-04-14 16:30:00,5.0000
14210000,45.300000,-122.352778,2003-01-30 23:30:00,2003-02-01 19:00:00,642.7924,2003-02-01 06:30:00,31.0000
14210000,45.300000,-122.352778,2003-12-14 00:30:00,2003-12-14 08:00:00,552.1785,2003-12-14 03:30:00,3.0000
14210000,45.300000,-122.352778,2004-01-29 14:30:00,2004-01-30 17:30:00,512.5349,2004-01-29 21:00:00,6.5000
14210000,45.300000,-122.352778,2005-12-23 04:30:00,2005-12-23 11:30:00,526.6933,2005-12-23 06:30:00,2.0000
14210000,45.300000,-122.352778,2005-12-28 21:30:00,2005-12-29 05:30:00,475.7230,2005-12-29 01:30:00,4.0000
14210000,45.300000,-122.352778,2005-12-30 20:00:00,2006-01-01 16:00:00,900.4757,2005-12-31 15:30:00,19.5000
14210000,45.300000,-122.352778,2006-01-10 14:30:00,2006-01-12 09:00:00,1010.9114,2006-01-11 09:30:00,19.0000
14210000,45.300000,-122.352778,2006-01-17 18:30:00,2006-01-18 04:30:00,487.0498,2006-01-17 22:00:00,3.5000
14210000,45.300000,-122.352778,2006-11-07 11:30:00,2006-11-08 12:30:00,959.9411,2006-11-07 19:30:00,8.0000
14210000,45.300000,-122.352778,2006-12-13 18:00:00,2006-12-15 23:00:00,877.8222,2006-12-15 04:00:00,34.0000
14210000,45.300000,-122.352778,2007-01-03 16:30:00,2007-01-04 13:30:00,685.2677,2007-01-03 23:30:00,7.0000
14210000,45.300000,-122.352778,2007-12-03 22:00:00,2007-12-05 10:30:00,702.2578,2007-12-04 08:00:00,10.0000
14210000,45.300000,-122.352778,2008-11-13 11:00:00,2008-11-13 17:00:00,487.0498,2008-11-13 12:30:00,1.5000
14210000,45.300000,-122.352778,2009-01-02 03:00:00,2009-01-03 06:30:00,1030.7332,2009-01-02 13:30:00,10.5000
14210000,45.300000,-122.352778,2009-01-08 18:00:00,2009-01-09 03:30:00,509.7032,2009-01-08 21:30:00,3.5000
14210000,45.300000,-122.352778,2010-12-13 07:30:00,2010-12-15 01:00:00,608.8122,2010-12-13 15:30:00,8.0000
14210000,45.300000,-122.352778,2011-01-16 11:00:00,2011-01-18 09:15:00,1237.4462,2011-01-17 03:45:00,16.7500
14210000,45.300000,-122.352778,2011-12-29 07:30:00,2011-12-31 07:30:00,736.2380,2011-12-30 18:00:00,34.5000
14210000,45.300000,-122.352778,2012-01-19 13:45:00,2012-01-20 07:45:00,824.0202,2012-01-20 07:15:00,17.5000
14210000,45.300000,-122.352778,2012-03-16 03:30:00,2012-03-16 17:45:00,543.6835,2012-03-16 08:30:00,5.0000
14210000,45.300000,-122.352778,2012-03-30 16:30:00,2012-03-31 16:00:00,722.0796,2012-03-31 00:15:00,7.7500
14210000,45.300000,-122.352778,2012-11-20 06:45:00,2012-11-21 08:45:00,654.1192,2012-11-20 11:45:00,5.0000
14210000,45.300000,-122.352778,2012-12-04 20:45:00,2012-12-05 20:30:00,566.3369,2012-12-05 12:00:00,15.2500
14210000,45.300000,-122.352778,2013-12-02 15:15:00,2013-12-02 20:15:00,475.7230,2013-12-02 15:30:00,0.2500
14210000,45.300000,-122.352778,2014-02-14 20:00:00,2014-02-16 16:15:00,535.1884,2014-02-16 10:15:00,38.2500
14210000,45.300000,-122.352778,2014-03-06 08:15:00,2014-03-06 17:00:00,504.0399,2014-03-06 13:00:00,4.7500
14210000,45.300000,-122.352778,2014-03-09 18:00:00,2014-03-10 05:00:00,492.7131,2014-03-09 22:45:00,4.7500
14210000,45.300000,-122.352778,2014-12-21 11:00:00,2014-12-22 23:30:00,688.0994,2014-12-21 18:30:00,7.5000
14210000,45.300000,-122.352778,2015-01-18 14:30:00,2015-01-18 17:45:00,447.4062,2015-01-18 17:15:00,2.7500
14210000,45.300000,-122.352778,2015-11-18 09:45:00,2015-11-18 12:45:00,470.0597,2015-11-18 10:15:00,0.5000
14210000,45.300000,-122.352778,2015-12-07 21:15:00,2015-12-08 15:15:00,804.1984,2015-12-08 04:30:00,7.2500
14210000,45.300000,-122.352778,2015-12-09 17:45:00,2015-12-09 23:00:00,464.3963,2015-12-09 18:15:00,0.5000
14210000,45.300000,-122.352778,2015-12-18 08:00:00,2015-12-19 06:45:00,747.5648,2015-12-18 17:45:00,9.7500
14310000,42.923611,-123.427778,1993-01-20 17:20:51,1993-01-20 21:50:33,594.6538,1993-01-20 19:20:42,1.9975
14310000,42.923611,-123.427778,1995-01-09 18:00:00,1995-01-10 08:30:00,974.0995,1995-01-09 22:00:00,4.0000
14310000,42.923611,-123.427778,1996-12-08 14:30:00,1996-12-09 14:00:00,775.8816,1996-12-08 21:00:00,6.5000
14310000,42.923611,-123.427778,1997-01-01 11:00:00,1997-01-01 21:00:00,662.6142,1997-01-01 14:00:00,3.0000
14310000,42.923611,-123.427778,2002-12-16 12:30:00,2002-12-16 14:00:00,557.8419,2002-12-16 13:00:00,0.5000
14310000,42.923611,-123.427778,2002-12-31 07:00:00,2002-12-31 19:00:00,690.9311,2002-12-31 10:30:00,3.5000
14310000,42.923611,-123.427778,2005-12-28 19:00:00,2005-12-29 03:30:00,639.9607,2005-12-28 21:30:00,2.5000
14310000,42.923611,-123.427778,2005-12-31 00:00:00,2006-01-01 04:00:00,665.4459,2005-12-31 03:00:00,3.0000
14310000,42.923611,-123.427778,2006-12-26 09:30:00,2006-12-26 11:30:00,560.6736,2006-12-26 11:00:00,1.5000
14310000,42.923611,-123.427778,2015-02-06 20:15:00,2015-02-07 20:00:00,869.3272,2015-02-07 02:00:00,5.7500
14319500,43.272222,-123.411111,1996-11-19 01:00:00,1996-11-19 20:30:00,2548.5162,1996-11-19 09:30:00,8.5000
14319500,43.272222,-123.411111,1996-12-05 09:00:00,1996-12-05 15:30:00,1619.7236,1996-12-05 11:00:00,2.0000
14319500,43.272222,-123.411111,1996-12-08 20:30:00,1996-12-09 15:00:00,1704.6742,1996-12-09 03:00:00,6.5000
14319500,43.272222,-123.411111,1997-01-01 18:30:00,1997-01-01 20:30:00,1430.0008,1997-01-01 19:00:00,0.5000
14319500,43.272222,-123.411111,1998-11-21 20:00:00,1998-11-22 07:30:00,1670.6939,1998-11-22 01:30:00,5.5000
14319500,43.272222,-123.411111,2005-12-30 23:30:00,2005-12-31 16:00:00,2004.8327,2005-12-31 06:00:00,6.5000
14319500,43.272222,-123.411111,2008-12-29 18:30:00,2008-12-30 04:30:00,1616.8919,2008-12-30 01:00:00,6.5000
14319500,43.272222,-123.411111,2011-01-17 03:15:00,2011-01-17 13:30:00,1650.8722,2011-01-17 08:30:00,5.2500
14319500,43.272222,-123.411111,2014-12-21 15:00:00,2014-12-22 09:00:00,1866.0802,2014-12-21 22:15:00,7.2500
14319500,43.272222,-123.411111,2015-12-13 13:00:00,2015-12-13 16:15:00,1483.8028,2015-12-13 14:15:00,1.2500
14361500,42.430556,-123.316667,1981-12-19 23:00:00,1981-12-20 17:00:00,2234.1992,1981-12-20 09:00:00,10.0000
14361500,42.430556,-123.316667,1983-02-18 06:00:00,1983-02-18 20:30:00,2075.6249,1983-02-18 13:30:00,7.5000
14361500,42.430556,-123.316667,1983-03-30 18:44:48,1983-03-30 22:14:57,1461.1493,1983-03-30 20:14:51,1.5008
14361500,42.430556,-123.316667,2005-12-30 22:30:00,2005-12-31 16:00:00,2214.3774,2005-12-31 07:30:00,9.0000
14400000,42.123611,-124.186111,1990-01-08 05:12:15,1990-01-08 11:42:21,1396.0205,1990-01-08 09:12:18,4.0008
14400000,42.123611,-124.186111,2000-01-14 09:30:00,2000-01-14 19:00:00,1237.4462,2000-01-14 13:30:00,4.0000
14400000,42.123611,-124.186111,2003-12-13 18:30:00,2003-12-14 09:30:00,1288.4165,2003-12-14 07:30:00,13.0000
14400000,42.123611,-124.186111,2004-12-09 13:00:00,2004-12-09 21:30:00,1364.8720,2004-12-09 17:00:00,4.0000
14400000,42.123611,-124.186111,2005-12-28 14:00:00,2005-12-29 00:00:00,1359.2086,2005-12-28 19:00:00,5.0000
14400000,42.123611,-124.186111,2005-12-30 18:30:00,2005-12-31 08:00:00,1650.8722,2005-12-30 23:00:00,4.5000
14400000,42.123611,-124.186111,2006-01-11 06:30:00,2006-01-11 09:00:00,1189.3076,2006-01-11 07:00:00,0.5000
14400000,42.123611,-124.186111,2008-12-28 18:45:00,2008-12-30 00:30:00,1446.9909,2008-12-29 19:30:00,24.7500
14400000,42.123611,-124.186111,2012-01-19 14:30:00,2012-01-20 04:15:00,1520.6147,2012-01-19 21:45:00,7.2500
14400000,42.123611,-124.186111,2012-03-30 16:15:00,2012-03-30 19:45:00,1172.3174,2012-03-30 17:45:00,1.5000
14400000,42.123611,-124.186111,2012-11-20 09:45:00,2012-11-20 22:30:00,1602.7335,2012-11-20 16:30:00,6.7500
13334300,46.097222,-116.976667,1996-06-08 17:30:00,1996-06-13 04:00:00,4304.1607,1996-06-10 21:30:00,52.0000
13334300,46.097222,-116.976667,1997-01-01 21:15:00,1997-01-05 01:45:00,5068.7155,1997-01-02 06:00:00,8.7500
13334300,46.097222,-116.976667,1997-05-16 12:30:00,1997-05-20 04:30:00,4360.7944,1997-05-18 19:15:00,54.7500
13334300,46.097222,-116.976667,1997-06-12 09:30:00,1997-06-14 00:45:00,4020.9922,1997-06-12 19:30:00,10.0000
13334300,46.097222,-116.976667,1997-06-15 06:00:00,1997-06-17 03:30:00,4020.9922,1997-06-15 11:00:00,5.0000
13334300,46.097222,-116.976667,1998-05-26 19:30:00,1998-05-31 05:30:00,4785.5471,1998-05-27 16:30:00,21.0000
13334300,46.097222,-116.976667,1999-05-27 03:45:00,1999-05-27 15:15:00,4304.1607,1999-05-27 08:00:00,4.2500
13334300,46.097222,-116.976667,2003-05-31 13:15:00,2003-06-01 13:30:00,4417.4281,2003-05-31 23:15:00,10.0000
13334300,46.097222,-116.976667,2006-05-20 19:30:00,2006-05-22 08:45:00,4162.5765,2006-05-21 15:30:00,20.0000
13334300,46.097222,-116.976667,2006-05-23 10:30:00,2006-05-24 00:30:00,3964.3585,2006-05-23 16:15:00,5.7500
13334300,46.097222,-116.976667,2008-05-22 03:15:00,2008-05-22 09:30:00,4049.3091,2008-05-22 06:00:00,2.7500
13334300,46.097222,-116.976667,2010-06-05 14:30:00,2010-06-09 09:30:00,4898.8145,2010-06-06 05:00:00,14.5000
13334300,46.097222,-116.976667,2011-05-16 14:45:00,2011-05-17 06:30:00,4077.6259,2011-05-17 00:45:00,10.0000
13334300,46.097222,-116.976667,2011-05-23 18:00:00,2011-05-28 05:45:00,4105.9428,2011-05-27 05:15:00,83.2500
13334300,46.097222,-116.976667,2011-06-08 09:00:00,2011-06-11 01:00:00,4162.5765,2011-06-08 20:00:00,11.0000
13334300,46.097222,-116.976667,2011-06-14 18:00:00,2011-06-16 08:15:00,3964.3585,2011-06-14 21:15:00,3.2500
14142500,45.449167,-122.243889,1995-11-11 20:30:00,1995-11-12 04:00:00,1430.0008,1995-11-12 00:00:00,3.5000
14142500,45.449167,-122.243889,1995-11-28 10:30:00,1995-11-28 18:00:00,1563.0899,1995-11-28 13:30:00,3.0000
14142500,45.449167,-122.243889,1996-02-07 07:30:00,1996-02-09 14:30:00,1942.5357,1996-02-08 05:30:00,22.0000
14142500,45.449167,-122.243889,1999-11-25 16:30:00,1999-11-26 14:00:00,1631.0504,1999-11-26 06:30:00,14.0000
14142500,45.449167,-122.243889,2011-01-16 18:45:00,2011-01-17 03:45:00,1747.1494,2011-01-17 02:15:00,7.5000
12013500,46.651111,-123.651389,1990-01-09 22:00:00,1990-01-10 12:00:00,331.3071,1990-01-10 04:00:00,6.0000
12013500,46.651111,-123.651389,1990-11-24 21:00:00,1990-11-25 11:00:00,334.1388,1990-11-25 04:00:00,7.0000
12013500,46.651111,-123.651389,1993-12-10 17:00:00,1993-12-10 20:00:00,286.0002,1993-12-10 18:00:00,1.0000
12013500,46.651111,-123.651389,1994-12-20 05:00:00,1994-12-21 04:00:00,419.0893,1994-12-20 15:00:00,10.0000
12013500,46.651111,-123.651389,1994-12-27 20:00:00,1994-12-28 05:00:00,308.6536,1994-12-27 23:00:00,3.0000
12013500,46.651111,-123.651389,1996-02-08 18:00:00,1996-02-09 07:00:00,311.4853,1996-02-09 00:00:00,6.0000
12013500,46.651111,-123.651389,1996-04-24 05:00:00,1996-04-24 07:00:00,286.0002,1996-04-24 06:00:00,1.0000
12013500,46.651111,-123.651389,1997-03-19 08:00:00,1997-03-20 00:00:00,342.6338,1997-03-19 15:00:00,7.0000
12013500,46.651111,-123.651389,1998-11-26 03:00:00,1998-11-26 04:00:00,282.8853,1998-11-26 04:00:00,1.0000
12013500,46.651111,-123.651389,1999-02-24 18:00:00,1999-02-25 08:00:00,339.8022,1999-02-25 01:00:00,7.0000
12013500,46.651111,-123.651389,1999-12-16 06:00:00,1999-12-16 07:00:00,286.0002,1999-12-16 07:00:00,1.0000
12013500,46.651111,-123.651389,2001-12-17 06:00:00,2001-12-17 16:00:00,311.4853,2001-12-17 10:00:00,4.0000
12013500,46.651111,-123.651389,2006-01-10 18:00:00,2006-01-10 21:00:00,286.0002,2006-01-10 19:00:00,1.0000
12013500,46.651111,-123.651389,2006-01-30 13:00:00,2006-01-30 23:00:00,311.4853,2006-01-30 18:00:00,5.0000
12013500,46.651111,-123.651389,2007-12-03 13:30:00,2007-12-04 11:45:00,427.5844,2007-12-04 00:45:00,11.2500
12013500,46.651111,-123.651389,2009-01-07 19:00:00,2009-01-08 23:00:00,368.1190,2009-01-08 11:45:00,16.7500
12013500,46.651111,-123.651389,2009-11-17 08:15:00,2009-11-17 21:45:00,319.9804,2009-11-17 15:15:00,7.0000
12013500,46.651111,-123.651389,2009-11-20 01:45:00,2009-11-20 13:30:00,297.3269,2009-11-20 07:30:00,5.7500
12013500,46.651111,-123.651389,2012-11-19 20:45:00,2012-11-20 12:45:00,365.2873,2012-11-20 05:30:00,8.7500
12013500,46.651111,-123.651389,2015-11-18 04:00:00,2015-11-18 11:30:00,305.8219,2015-11-18 07:15:00,3.2500
13011000,43.858333,-110.585833,1997-06-11 18:45:00,1997-06-13 00:30:00,342.6338,1997-06-11 20:30:00,1.7500
14200000,45.244444,-122.686111,2003-02-01 08:00:00,2003-02-01 16:30:00,467.2280,2003-02-01 10:30:00,2.5000
14200000,45.244444,-122.686111,2005-12-31 06:30:00,2005-12-31 22:30:00,478.5547,2005-12-31 14:30:00,8.0000
14200000,45.244444,-122.686111,2006-01-11 10:30:00,2006-01-11 13:30:00,419.0893,2006-01-11 12:00:00,1.5000
14200000,45.244444,-122.686111,2006-11-07 19:00:00,2006-11-08 08:30:00,501.2082,2006-11-08 00:30:00,5.5000
14200000,45.244444,-122.686111,2009-01-02 10:00:00,2009-01-03 02:30:00,690.9311,2009-01-02 18:30:00,8.5000
14200000,45.244444,-122.686111,2011-01-17 03:00:00,2011-01-17 10:30:00,475.7230,2011-01-17 06:00:00,3.0000
14200000,45.244444,-122.686111,2012-01-19 19:00:00,2012-01-20 17:30:00,690.9311,2012-01-20 04:30:00,9.5000
14200000,45.244444,-122.686111,2012-03-31 00:00:00,2012-03-31 06:30:00,450.2379,2012-03-31 03:00:00,3.0000
14200000,45.244444,-122.686111,2012-11-20 11:30:00,2012-11-21 00:00:00,444.5745,2012-11-20 20:00:00,8.5000
14200000,45.244444,-122.686111,2015-12-08 05:45:00,2015-12-08 10:45:00,447.4062,2015-12-08 07:45:00,2.0000
14200000,45.244444,-122.686111,2015-12-18 11:30:00,2015-12-19 00:45:00,495.5448,2015-12-18 20:30:00,9.0000
14202000,45.233333,-122.748889,1994-02-26 00:00:00,1994-02-27 13:00:00,176.1308,1994-02-26 07:00:00,7.0000
14202000,45.233333,-122.748889,1995-01-15 10:30:00,1995-01-18 13:30:00,185.7585,1995-01-17 03:30:00,41.0000
14202000,45.233333,-122.748889,1995-02-19 10:00:00,1995-02-22 00:30:00,194.5367,1995-02-20 18:30:00,32.5000
14202000,45.233333,-122.748889,1995-12-01 01:30:00,1995-12-05 18:30:00,250.8873,1995-12-03 10:00:00,56.5000
14202000,45.233333,-122.748889,1995-12-13 10:00:00,1995-12-17 12:00:00,190.0060,1995-12-16 05:30:00,67.5000
14202000,45.233333,-122.748889,1996-01-22 01:30:00,1996-01-23 17:30:00,178.9625,1996-01-22 17:00:00,15.5000
14202000,45.233333,-122.748889,1996-02-07 03:00:00,1996-02-13 20:30:00,1237.4462,1996-02-08 12:00:00,33.0000
14202000,45.233333,-122.748889,1996-11-20 02:00:00,1996-11-24 16:00:00,526.6933,1996-11-21 00:00:00,22.0000
14202000,45.233333,-122.748889,1996-12-06 05:30:00,1996-12-14 16:00:00,291.6635,1996-12-09 09:30:00,76.0000
14202000,45.233333,-122.748889,1996-12-27 00:00:00,1997-01-07 03:30:00,453.0695,1997-01-03 06:00:00,174.0000
14202000,45.233333,-122.748889,1997-02-01 05:00:00,1997-02-04 22:30:00,283.1685,1997-02-02 19:00:00,38.0000
14202000,45.233333,-122.748889,1997-03-12 04:30:00,1997-03-14 00:00:00,176.9803,1997-03-13 04:00:00,23.5000
14202000,45.233333,-122.748889,2003-02-01 03:30:00,2003-02-05 03:30:00,255.9843,2003-02-02 07:30:00,28.0000
14202000,45.233333,-122.748889,2003-03-09 02:00:00,2003-03-12 01:30:00,191.9882,2003-03-10 14:30:00,36.5000
14202000,45.233333,-122.748889,2005-12-30 21:00:00,2006-01-05 21:00:00,382.2774,2006-01-01 18:00:00,45.0000
14202000,45.233333,-122.748889,2006-01-10 11:30:00,2006-01-15 07:30:00,334.1388,2006-01-12 18:00:00,54.5000
14202000,45.233333,-122.748889,2006-01-16 08:00:00,2006-01-23 15:30:00,259.0991,2006-01-19 00:30:00,64.5000
14202000,45.233333,-122.748889,2006-12-16 08:00:00,2006-12-18 01:00:00,179.2456,2006-12-17 02:00:00,18.0000
14202000,45.233333,-122.748889,2006-12-27 19:00:00,2006-12-29 06:30:00,176.4140,2006-12-28 12:00:00,17.0000
14202000,45.233333,-122.748889,2007-01-04 21:30:00,2007-01-06 23:00:00,175.5644,2007-01-05 15:00:00,17.5000
14202000,45.233333,-122.748889,2009-01-02 17:00:00,2009-01-06 14:00:00,305.8219,2009-01-03 11:30:00,18.5000
14202000,45.233333,-122.748889,2010-12-12 20:30:00,2010-12-18 05:00:00,213.2259,2010-12-16 05:00:00,80.5000
14202000,45.233333,-122.748889,2010-12-29 23:30:00,2010-12-31 22:00:00,182.6437,2010-12-30 12:30:00,13.0000
14202000,45.233333,-122.748889,2011-01-18 04:30:00,2011-01-21 20:30:00,225.1189,2011-01-19 21:30:00,41.0000
14202000,45.233333,-122.748889,2012-01-19 23:30:00,2012-01-28 13:30:00,648.4558,2012-01-20 20:30:00,21.0000
14202000,45.233333,-122.748889,2012-03-16 17:30:00,2012-03-20 15:00:00,239.2774,2012-03-18 11:00:00,41.5000
14202000,45.233333,-122.748889,2012-03-22 18:00:00,2012-03-25 03:30:00,193.4041,2012-03-23 21:00:00,27.0000
14202000,45.233333,-122.748889,2012-03-31 16:30:00,2012-04-05 00:00:00,276.9388,2012-04-02 03:00:00,34.5000
14202000,45.233333,-122.748889,2012-11-21 10:00:00,2012-11-25 23:00:00,263.0635,2012-11-23 04:30:00,42.5000
14202000,45.233333,-122.748889,2014-02-15 14:00:00,2014-02-22 06:00:00,212.0932,2014-02-17 12:45:00,46.7500
14202000,45.233333,-122.748889,2015-12-09 06:00:00,2015-12-16 17:45:00,302.9903,2015-12-11 06:00:00,48.0000
14202000,45.233333,-122.748889,2015-12-18 10:15:00,2015-12-26 03:45:00,336.9705,2015-12-19 14:00:00,27.7500
14191000,44.944444,-123.041667,1986-11-28 19:00:00,1986-12-01 05:00:00,2823.1896,1986-11-30 00:00:00,29.0000
14191000,44.944444,-123.041667,1987-02-02 20:30:00,1987-02-04 05:00:00,2709.9222,1987-02-03 10:00:00,13.5000
14191000,44.944444,-123.041667,1989-01-12 06:30:00,1989-01-13 00:30:00,2616.4766,1989-01-12 13:30:00,7.0000
14191000,44.944444,-123.041667,1995-01-14 18:00:00,1995-01-18 18:00:00,3539.6058,1995-01-16 15:00:00,45.0000
14191000,44.944444,-123.041667,1995-02-19 02:00:00,1995-02-20 06:00:00,2675.9420,1995-02-19 18:30:00,16.5000
14191000,44.944444,-123.041667,1995-12-01 08:00:00,1995-12-04 08:30:00,2916.6352,1995-12-02 12:00:00,28.0000
14191000,44.944444,-123.041667,1995-12-12 03:30:00,1995-12-19 12:00:00,3313.0711,1995-12-15 20:30:00,89.0000
14191000,44.944444,-123.041667,1996-01-21 08:30:00,1996-01-25 13:30:00,2823.1896,1996-01-23 00:00:00,39.5000
14191000,44.944444,-123.041667,1996-02-07 07:30:00,1996-02-16 21:30:00,6909.3106,1996-02-09 01:00:00,41.5000
14191000,44.944444,-123.041667,1996-02-19 04:30:00,1996-02-22 01:00:00,2860.0015,1996-02-20 03:30:00,23.0000
14191000,44.944444,-123.041667,1996-11-20 00:00:00,1996-12-17 13:30:00,4417.4281,1996-11-22 02:00:00,50.0000
14191000,44.944444,-123.041667,1996-12-26 04:30:00,1997-01-09 17:30:00,4813.8639,1997-01-02 22:00:00,185.5000
14191000,44.944444,-123.041667,1997-02-01 12:00:00,1997-02-04 21:00:00,3143.1700,1997-02-02 09:00:00,21.0000
14191000,44.944444,-123.041667,1998-11-26 11:00:00,1998-11-29 10:30:00,2860.0015,1998-11-27 17:00:00,30.0000
14191000,44.944444,-123.041667,1998-12-01 17:30:00,1998-12-06 11:30:00,3001.5857,1998-12-03 18:00:00,48.5000
14191000,44.944444,-123.041667,1998-12-28 23:30:00,1999-01-03 07:30:00,4587.3291,1998-12-30 10:30:00,35.0000
14191000,44.944444,-123.041667,1999-01-18 20:00:00,1999-01-26 02:00:00,3539.6058,1999-01-24 02:30:00,126.5000
14191000,44.944444,-123.041667,1999-03-01 01:30:00,1999-03-03 10:00:00,2817.5262,1999-03-02 05:30:00,28.0000
14191000,44.944444,-123.041667,1999-11-27 06:00:00,1999-11-28 21:00:00,2944.9520,1999-11-27 17:30:00,11.5000
14191000,44.944444,-123.041667,2003-02-01 17:00:00,2003-02-02 20:00:00,2724.0806,2003-02-02 05:30:00,12.5000
14191000,44.944444,-123.041667,2005-12-30 23:00:00,2006-01-05 01:30:00,3992.6754,2006-01-02 01:00:00,50.0000
14191000,44.944444,-123.041667,2006-01-30 09:30:00,2006-02-03 09:30:00,2729.7440,2006-01-31 02:30:00,17.0000
14191000,44.944444,-123.041667,2006-02-05 08:00:00,2006-02-06 10:30:00,2633.4667,2006-02-05 19:30:00,11.5000
14191000,44.944444,-123.041667,2006-12-15 11:30:00,2006-12-17 04:00:00,2792.0411,2006-12-16 06:30:00,19.0000
14191000,44.944444,-123.041667,2006-12-27 04:30:00,2006-12-29 08:30:00,2916.6352,2006-12-27 20:30:00,16.0000
14191000,44.944444,-123.041667,2007-01-05 01:00:00,2007-01-05 17:30:00,2599.4865,2007-01-05 10:00:00,9.0000
14191000,44.944444,-123.041667,2009-01-02 16:00:00,2009-01-05 19:30:00,3171.4868,2009-01-03 14:30:00,22.5000
14191000,44.944444,-123.041667,2009-01-08 01:00:00,2009-01-10 02:30:00,2641.9618,2009-01-08 23:30:00,22.5000
14191000,44.944444,-123.041667,2011-01-17 19:00:00,2011-01-20 06:15:00,2916.6352,2011-01-18 19:15:00,24.2500
14191000,44.944444,-123.041667,2012-01-19 20:00:00,2012-01-30 20:30:00,4813.8639,2012-01-21 06:15:00,34.2500
14191000,44.944444,-123.041667,2012-03-23 22:15:00,2012-03-24 19:15:00,2616.4766,2012-03-24 08:30:00,10.2500
14191000,44.944444,-123.041667,2012-03-31 07:45:00,2012-04-04 18:00:00,3482.9721,2012-04-02 04:15:00,44.5000
14191000,44.944444,-123.041667,2012-12-04 10:15:00,2012-12-07 18:45:00,2828.8530,2012-12-05 14:30:00,28.2500
14191000,44.944444,-123.041667,2014-02-13 23:45:00,2014-02-23 21:45:00,3058.2194,2014-02-17 01:15:00,73.5000
14191000,44.944444,-123.041667,2014-03-10 21:45:00,2014-03-12 23:30:00,2641.9618,2014-03-12 02:30:00,28.7500
14191000,44.944444,-123.041667,2014-12-22 21:15:00,2014-12-28 07:45:00,2860.0015,2014-12-25 00:15:00,51.0000
14191000,44.944444,-123.041667,2015-12-14 05:45:00,2015-12-16 11:30:00,2709.9222,2015-12-15 05:45:00,24.0000
14191000,44.944444,-123.041667,2015-12-18 12:15:00,2015-12-23 02:30:00,3539.6058,2015-12-19 23:00:00,34.7500
14191000,44.944444,-123.041667,2015-12-24 15:00:00,2015-12-27 02:45:00,2746.7341,2015-12-25 22:30:00,31.5000
14174000,44.638889,-123.105556,1995-01-15 05:21:21,1995-01-17 12:52:27,2302.1596,1995-01-16 03:51:48,22.5075
14174000,44.638889,-123.105556,1996-02-07 23:30:00,1996-02-12 07:30:00,3539.6058,1996-02-09 12:30:00,37.0000
14174000,44.638889,-123.105556,1996-11-20 06:00:00,1996-11-24 06:00:00,2860.0015,1996-11-21 13:00:00,31.0000
14174000,44.638889,-123.105556,1996-12-06 14:30:00,1996-12-11 22:30:00,2268.1794,1996-12-09 14:00:00,71.5000
14174000,44.638889,-123.105556,1996-12-14 05:00:00,1996-12-15 19:00:00,1959.5258,1996-12-15 00:00:00,19.0000
14174000,44.638889,-123.105556,1996-12-26 22:30:00,1997-01-06 21:30:00,2741.0708,1997-01-02 13:30:00,159.0000
14174000,44.638889,-123.105556,1998-12-29 12:00:00,1998-12-31 20:30:00,2426.7538,1998-12-30 11:30:00,23.5000
14174000,44.638889,-123.105556,1999-01-22 18:30:00,1999-01-24 12:00:00,2047.3080,1999-01-23 11:30:00,17.0000
14174000,44.638889,-123.105556,2005-12-31 22:30:00,2006-01-03 10:00:00,2313.4864,2006-01-02 05:30:00,31.0000
14174000,44.638889,-123.105556,2006-01-12 05:30:00,2006-01-13 23:30:00,2188.8922,2006-01-13 01:30:00,20.0000
14174000,44.638889,-123.105556,2006-01-18 00:00:00,2006-01-23 19:00:00,2452.2389,2006-01-19 20:00:00,44.0000
14174000,44.638889,-123.105556,2012-01-20 11:45:00,2012-01-22 15:15:00,2316.3181,2012-01-21 12:45:00,25.0000
14174000,44.638889,-123.105556,2012-01-26 10:45:00,2012-01-29 03:15:00,2069.9615,2012-01-27 13:30:00,26.7500
14174000,44.638889,-123.105556,2012-04-01 03:00:00,2012-04-03 08:30:00,2194.5556,2012-04-02 02:30:00,23.5000
14174000,44.638889,-123.105556,2015-12-19 13:00:00,2015-12-21 16:00:00,2160.5754,2015-12-20 15:00:00,26.0000
12451000,48.329722,-120.690556,1988-05-12 07:15:00,1988-05-14 20:30:00,300.1586,1988-05-13 07:00:00,23.7500
12451000,48.329722,-120.690556,1988-05-23 03:30:00,1988-05-23 17:45:00,148.9466,1988-05-23 08:45:00,5.2500
12451000,48.329722,-120.690556,1988-06-15 05:15:00,1988-06-17 21:45:00,189.1565,1988-06-17 06:45:00,49.5000
12451000,48.329722,-120.690556,1988-06-22 04:00:00,1988-06-23 14:30:00,150.0793,1988-06-23 06:45:00,26.7500
12451000,48.329722,-120.690556,1988-06-27 05:00:00,1988-06-27 08:45:00,136.4872,1988-06-27 06:30:00,1.5000
12451000,48.329722,-120.690556,1988-10-16 11:45:00,1988-10-17 00:15:00,339.8022,1988-10-16 18:30:00,6.7500
12451000,48.329722,-120.690556,1989-05-06 23:00:00,1989-05-10 06:45:00,199.3506,1989-05-08 07:00:00,32.0000
12451000,48.329722,-120.690556,1989-06-01 23:30:00,1989-06-15 12:30:00,229.6496,1989-06-03 07:15:00,31.7500
12451000,48.329722,-120.690556,1989-11-09 18:45:00,1989-11-11 11:30:00,239.5605,1989-11-10 20:45:00,26.0000
12451000,48.329722,-120.690556,1989-12-04 23:45:00,1989-12-05 01:45:00,135.6377,1989-12-05 00:30:00,0.7500
12451000,48.329722,-120.690556,1990-06-22 04:00:00,1990-06-25 19:00:00,180.6615,1990-06-24 08:00:00,52.0000
12451000,48.329722,-120.690556,1990-11-10 00:15:00,1990-11-14 01:45:00,359.6240,1990-11-10 20:30:00,20.2500
12451000,48.329722,-120.690556,1990-11-24 02:45:00,1990-11-26 15:15:00,416.2576,1990-11-24 22:15:00,19.5000
12451000,48.329722,-120.690556,1991-05-19 01:15:00,1991-05-23 15:45:45,209.5447,1991-05-20 08:45:00,31.5000
12451000,48.329722,-120.690556,1991-06-10 11:52:42,1991-06-12 14:23:30,176.4140,1991-06-11 18:15:00,30.3717
12451000,48.329722,-120.690556,1991-06-21 01:56:51,1991-06-21 17:12:06,139.3189,1991-06-21 07:11:54,5.2508
12451000,48.329722,-120.690556,1991-07-09 07:00:00,1991-07-11 14:49:51,144.4159,1991-07-11 06:30:00,47.5000
12451000,48.329722,-120.690556,1991-07-13 00:35:24,1991-07-14 14:00:00,161.6892,1991-07-13 08:05:30,7.5017
12451000,48.329722,-120.690556,1991-07-25 03:10:06,1991-07-25 14:15:00,156.3090,1991-07-25 06:25:09,3.2508
12451000,48.329722,-120.690556,1992-04-29 23:30:00,1992-04-30 18:15:00,151.2120,1992-04-30 08:45:00,9.2500
12451000,48.329722,-120.690556,1992-05-06 03:15:00,1992-05-08 20:15:00,186.8912,1992-05-07 08:30:00,29.2500
12451000,48.329722,-120.690556,1992-05-26 02:45:00,1992-05-27 06:15:00,148.9466,1992-05-26 07:30:00,4.7500
12451000,48.329722,-120.690556,1992-06-12 19:00:00,1992-06-13 02:15:00,142.1506,1992-06-12 21:30:00,2.5000
12451000,48.329722,-120.690556,1993-05-11 22:30:00,1993-05-22 11:45:00,331.3071,1993-05-14 05:30:00,55.0000
12451000,48.329722,-120.690556,1993-05-27 04:00:00,1993-05-29 16:00:00,141.5842,1993-05-27 07:45:00,3.7500
12451000,48.329722,-120.690556,1993-06-01 04:45:00,1993-06-01 12:45:00,143.0001,1993-06-01 07:45:00,3.0000
12451000,48.329722,-120.690556,1994-04-20 04:30:00,1994-04-20 09:00:00,135.3545,1994-04-20 05:30:00,1.0000
12451000,48.329722,-120.690556,1994-05-08 04:30:00,1994-05-12 17:30:00,184.3427,1994-05-09 06:45:00,26.2500
12451000,48.329722,-120.690556,1995-05-10 08:45:00,1995-05-12 00:00:00,152.9110,1995-05-11 05:15:00,20.5000
12451000,48.329722,-120.690556,1995-05-15 16:00:00,1995-05-19 09:30:00,206.4298,1995-05-17 04:30:00,36.5000
12451000,48.329722,-120.690556,1995-05-27 07:00:00,1995-06-06 06:15:00,256.5506,1995-05-30 08:15:00,73.2500
12451000,48.329722,-120.690556,1995-06-11 08:45:00,1995-06-12 10:45:00,150.0793,1995-06-11 12:00:00,3.2500
12451000,48.329722,-120.690556,1995-06-25 02:00:00,1995-06-26 12:00:00,152.3446,1995-06-25 08:15:00,6.2500
12451000,48.329722,-120.690556,1995-07-02 05:45:00,1995-07-03 05:15:00,135.9209,1995-07-02 09:00:00,3.2500
12451000,48.329722,-120.690556,1995-11-08 18:45:00,1995-11-09 10:45:00,215.7744,1995-11-09 02:15:00,7.5000
12451000,48.329722,-120.690556,1995-12-01 08:00:00,1995-12-02 08:30:00,201.0496,1995-12-01 08:15:00,0.2500
12451000,48.329722,-120.690556,1996-06-03 03:15:00,1996-06-10 07:30:00,229.0833,1996-06-04 08:00:00,28.7500
12451000,48.329722,-120.690556,1996-07-03 05:30:00,1996-07-04 20:30:00,151.2120,1996-07-04 06:30:00,25.0000
12451000,48.329722,-120.690556,1996-07-09 05:00:00,1996-07-09 14:45:00,142.4337,1996-07-09 08:45:00,3.7500
12451000,48.329722,-120.690556,1996-07-13 04:30:00,1996-07-16 13:45:00,152.9110,1996-07-15 07:45:00,51.2500
12451000,48.329722,-120.690556,1997-05-11 07:00:00,1997-05-23 08:00:00,297.3269,1997-05-15 08:45:00,97.7500
12451000,48.329722,-120.690556,1997-07-05 01:45:00,1997-07-07 15:45:00,165.6536,1997-07-06 06:00:00,28.2500
12451000,48.329722,-120.690556,1997-07-08 17:30:00,1997-07-11 01:30:00,241.5427,1997-07-09 14:00:00,20.5000
12451000,48.329722,-120.690556,1998-05-01 03:45:00,1998-05-15 01:15:00,217.1902,1998-05-04 06:30:00,74.7500
12451000,48.329722,-120.690556,1998-06-02 05:45:00,1998-06-02 10:45:00,135.3545,1998-06-02 07:15:00,1.5000
12451000,48.329722,-120.690556,1998-06-10 02:00:00,1998-06-10 16:15:00,146.1149,1998-06-10 07:15:00,5.2500
12451000,48.329722,-120.690556,1998-06-12 05:00:00,1998-06-13 10:00:00,139.0357,1998-06-12 07:45:00,2.7500
12451000,48.329722,-120.690556,1999-05-24 04:30:00,1999-06-03 02:15:00,240.6932,1999-05-25 12:30:00,32.0000
12451000,48.329722,-120.690556,1999-06-05 00:00:00,1999-06-07 13:45:00,172.4496,1999-06-06 05:00:00,29.0000
12451000,48.329722,-120.690556,1999-06-13 10:15:00,1999-06-27 06:30:00,342.6338,1999-06-16 11:30:00,73.2500
12451000,48.329722,-120.690556,1999-07-01 06:30:00,1999-07-02 15:30:00,141.0179,1999-07-02 04:45:00,22.2500
12451000,48.329722,-120.690556,1999-07-07 14:00:00,1999-07-14 21:00:00,173.0159,1999-07-11 08:30:00,90.5000
12451000,48.329722,-120.690556,1999-11-12 15:00:00,1999-11-15 11:15:00,336.9705,1999-11-13 02:45:00,11.7500
12451000,48.329722,-120.690556,2000-05-21 16:00:00,2000-05-24 13:45:00,184.3427,2000-05-22 10:00:00,18.0000
12451000,48.329722,-120.690556,2000-06-05 06:30:00,2000-06-07 02:15:00,152.0615,2000-06-06 07:30:00,25.0000
12451000,48.329722,-120.690556,2000-06-14 23:00:00,2000-06-16 16:30:00,178.9625,2000-06-15 07:45:00,8.7500
12451000,48.329722,-120.690556,2000-06-18 04:30:00,2000-06-19 21:45:00,150.6456,2000-06-19 06:30:00,26.0000
12451000,48.329722,-120.690556,2000-06-21 09:00:00,2000-06-22 19:00:00,146.6813,2000-06-22 06:30:00,21.5000
12451000,48.329722,-120.690556,2000-06-27 04:30:00,2000-06-30 16:45:00,162.8219,2000-06-29 06:45:00,50.2500
12451000,48.329722,-120.690556,2001-05-23 04:15:00,2001-05-28 12:00:00,203.0318,2001-05-24 06:45:00,26.5000
12451000,48.329722,-120.690556,2002-05-28 11:45:00,2002-06-07 20:00:00,204.4476,2002-05-30 05:15:00,41.5000
12451000,48.329722,-120.690556,2002-06-12 02:00:00,2002-07-02 07:30:00,253.7189,2002-06-16 08:30:00,102.5000
12451000,48.329722,-120.690556,2002-07-08 07:15:00,2002-07-18 15:45:00,180.3783,2002-07-12 07:00:00,95.7500
12451000,48.329722,-120.690556,2003-05-25 00:15:00,2003-05-26 18:00:00,188.0239,2003-05-25 10:15:00,10.0000
12451000,48.329722,-120.690556,2003-05-28 05:00:00,2003-06-02 10:15:00,173.5823,2003-05-29 07:45:00,26.7500
12451000,48.329722,-120.690556,2003-06-05 07:15:00,2003-06-12 08:30:00,200.7664,2003-06-08 07:30:00,72.2500
12451000,48.329722,-120.690556,2003-10-17 13:00:00,2003-10-18 07:45:00,208.4120,2003-10-17 22:00:00,9.0000
12451000,48.329722,-120.690556,2003-10-20 18:00:00,2003-10-23 10:15:00,736.2380,2003-10-21 05:30:00,11.5000
12451000,48.329722,-120.690556,2003-10-29 00:30:00,2003-10-29 03:30:00,150.3625,2003-10-29 02:00:00,1.5000
12451000,48.329722,-120.690556,2004-05-03 03:00:00,2004-05-03 14:45:00,137.9030,2004-05-03 08:30:00,5.5000
12451000,48.329722,-120.690556,2004-05-20 05:00:00,2004-05-22 09:30:00,149.2298,2004-05-21 15:15:00,34.2500
12451000,48.329722,-120.690556,2004-12-11 11:30:00,2004-12-11 15:00:00,140.1684,2004-12-11 12:15:00,0.7500
12451000,48.329722,-120.690556,2005-01-19 08:00:00,2005-01-20 06:15:00,213.2259,2005-01-19 13:15:00,5.2500
12451000,48.329722,-120.690556,2005-01-23 05:15:00,2005-01-24 20:15:00,171.8833,2005-01-23 12:30:00,7.2500
12451000,48.329722,-120.690556,2006-05-16 07:15:00,2006-06-20 10:30:00,353.9606,2006-05-18 08:45:00,49.5000
12451000,48.329722,-120.690556,2006-06-24 04:45:00,2006-07-01 06:30:00,186.3249,2006-06-27 06:30:00,73.7500
12451000,48.329722,-120.690556,2006-07-05 02:30:00,2006-07-06 09:30:00,142.4337,2006-07-06 07:45:00,29.2500
12451000,48.329722,-120.690556,2006-11-06 15:45:00,2006-11-08 20:00:00,540.8518,2006-11-07 07:30:00,15.7500
12451000,48.329722,-120.690556,2007-03-25 03:45:00,2007-03-25 19:15:00,152.0615,2007-03-25 08:15:00,4.5000
12451000,48.329722,-120.690556,2007-05-09 10:30:00,2007-05-10 05:00:00,141.0179,2007-05-09 12:45:00,2.2500
12451000,48.329722,-120.690556,2007-05-13 05:45:00,2007-05-21 07:45:00,176.6971,2007-05-17 06:45:00,97.0000
12451000,48.329722,-120.690556,2007-05-27 02:45:00,2007-06-07 09:30:00,294.4952,2007-06-04 13:45:00,203.0000
12451000,48.329722,-120.690556,2007-06-10 04:30:00,2007-06-11 13:00:00,146.3981,2007-06-10 14:30:00,10.0000
12451000,48.329722,-120.690556,2007-06-21 05:30:00,2007-06-22 13:15:00,147.5308,2007-06-22 09:30:00,28.0000
12451000,48.329722,-120.690556,2007-07-05 03:00:00,2007-07-07 16:15:00,170.4674,2007-07-06 06:30:00,27.5000
12451000,48.329722,-120.690556,2007-07-12 04:30:00,2007-07-12 12:15:00,137.6199,2007-07-12 07:30:00,3.0000
12451000,48.329722,-120.690556,2007-07-14 03:45:00,2007-07-15 11:00:00,146.3981,2007-07-15 07:45:00,28.0000
12451000,48.329722,-120.690556,2008-05-16 03:15:00,2008-06-03 21:30:00,342.6338,2008-05-18 08:30:00,53.2500
12451000,48.329722,-120.690556,2008-06-28 08:00:00,2008-07-05 06:00:00,209.2615,2008-07-01 06:15:00,70.2500
12451000,48.329722,-120.690556,2008-11-12 16:00:00,2008-11-13 12:00:00,249.7546,2008-11-12 20:30:00,4.5000
12451000,48.329722,-120.690556,2009-05-19 03:30:00,2009-05-19 20:15:00,148.0971,2009-05-19 12:15:00,8.7500
12451000,48.329722,-120.690556,2009-05-26 03:45:00,2009-05-26 15:15:00,142.1506,2009-05-26 06:15:00,2.5000
12451000,48.329722,-120.690556,2009-05-29 04:30:00,2009-06-09 09:45:00,200.4833,2009-06-06 07:30:00,195.0000
12451000,48.329722,-120.690556,2009-06-13 04:00:00,2009-06-16 12:00:00,146.1149,2009-06-14 06:30:00,26.5000
12451000,48.329722,-120.690556,2010-05-16 08:15:00,2010-05-20 19:45:00,181.5110,2010-05-18 06:30:00,46.2500
12451000,48.329722,-120.690556,2010-06-03 01:00:00,2010-06-04 14:30:00,179.8120,2010-06-03 11:30:00,10.5000
12451000,48.329722,-120.690556,2010-06-08 05:00:00,2010-06-08 11:00:00,136.2040,2010-06-08 05:30:00,0.5000
12451000,48.329722,-120.690556,2010-06-10 04:00:00,2010-06-10 09:45:00,136.2040,2010-06-10 07:00:00,3.0000
12451000,48.329722,-120.690556,2010-06-12 08:15:00,2010-06-15 14:00:00,177.8298,2010-06-14 07:15:00,47.0000
12451000,48.329722,-120.690556,2010-06-21 03:45:00,2010-06-29 19:00:00,173.0159,2010-06-24 10:15:00,78.5000
12451000,48.329722,-120.690556,2010-07-09 05:15:00,2010-07-12 14:15:00,154.0436,2010-07-10 06:00:00,24.7500
12451000,48.329722,-120.690556,2011-01-17 06:45:00,2011-01-17 22:15:00,162.8219,2011-01-17 12:30:00,5.7500
12451000,48.329722,-120.690556,2011-05-15 03:45:00,2011-05-17 01:30:00,163.1050,2011-05-16 04:00:00,24.2500
12451000,48.329722,-120.690556,2011-05-21 05:30:00,2011-05-24 09:00:00,153.1941,2011-05-22 11:00:00,29.5000
12451000,48.329722,-120.690556,2011-05-26 07:30:00,2011-05-26 14:15:00,135.0714,2011-05-26 10:00:00,2.5000
12451000,48.329722,-120.690556,2011-06-05 02:45:00,2011-06-16 13:15:00,199.6338,2011-06-07 12:45:00,58.0000
12451000,48.329722,-120.690556,2011-06-18 13:00:00,2011-06-25 06:45:00,181.7942,2011-06-23 10:00:00,117.0000
12451000,48.329722,-120.690556,2011-06-28 10:15:00,2011-07-01 18:15:00,180.9446,2011-06-30 08:00:00,45.7500
12451000,48.329722,-120.690556,2011-07-03 02:15:00,2011-07-09 07:15:00,184.6258,2011-07-08 04:15:00,122.0000
12451000,48.329722,-120.690556,2011-07-19 03:00:00,2011-07-19 16:15:00,147.2476,2011-07-19 07:15:00,4.2500
12451000,48.329722,-120.690556,2012-04-24 06:30:00,2012-04-27 18:15:00,168.4852,2012-04-26 23:15:00,64.7500
12451000,48.329722,-120.690556,2012-05-15 01:15:00,2012-05-19 06:45:00,208.6952,2012-05-16 06:45:00,29.5000
12451000,48.329722,-120.690556,2012-05-21 23:30:00,2012-05-23 21:15:00,165.9367,2012-05-22 14:15:00,14.7500
12451000,48.329722,-120.690556,2012-05-31 23:45:00,2012-06-04 16:00:00,220.8714,2012-06-02 11:00:00,35.2500
12451000,48.329722,-120.690556,2012-06-13 11:15:00,2012-06-15 03:45:00,163.1050,2012-06-14 05:45:00,18.5000
12451000,48.329722,-120.690556,2012-06-17 03:00:00,2012-06-19 21:45:00,219.1724,2012-06-18 05:45:00,26.7500
12451000,48.329722,-120.690556,2012-06-21 07:15:00,2012-06-25 16:45:00,184.6258,2012-06-23 11:00:00,51.7500
12451000,48.329722,-120.690556,2012-06-29 10:45:00,2012-07-04 07:45:00,179.8120,2012-07-01 09:15:00,46.5000
12451000,48.329722,-120.690556,2012-07-07 04:30:00,2012-07-19 13:30:00,229.9328,2012-07-10 08:00:00,75.5000
12451000,48.329722,-120.690556,2012-07-20 22:00:00,2012-07-21 10:00:00,154.6100,2012-07-21 00:00:00,2.0000
12451000,48.329722,-120.690556,2012-11-05 10:00:00,2012-11-05 15:00:00,149.2298,2012-11-05 12:45:00,2.7500
12451000,48.329722,-120.690556,2013-05-07 01:30:00,2013-05-15 18:00:00,245.2239,2013-05-13 04:45:00,147.2500
12451000,48.329722,-120.690556,2013-05-21 20:30:00,2013-05-22 09:15:00,152.6278,2013-05-22 00:30:00,4.0000
12451000,48.329722,-120.690556,2013-06-06 03:15:00,2013-06-08 17:15:00,158.2912,2013-06-07 09:30:00,30.2500
12451000,48.329722,-120.690556,2013-06-30 00:30:00,2013-07-03 19:00:00,173.5823,2013-07-03 06:00:00,77.5000
12451000,48.329722,-120.690556,2014-05-15 03:15:00,2014-05-26 17:45:00,229.3665,2014-05-17 09:00:00,53.7500
12451000,48.329722,-120.690556,2014-06-02 04:15:00,2014-06-06 12:30:00,175.5644,2014-06-04 07:30:00,51.2500
12451000,48.329722,-120.690556,2014-06-09 07:00:00,2014-06-10 17:30:00,150.9288,2014-06-10 06:15:00,23.2500
12451000,48.329722,-120.690556,2014-06-13 07:45:00,2014-06-13 16:15:00,141.0179,2014-06-13 10:00:00,2.2500
12451000,48.329722,-120.690556,2014-06-24 05:15:00,2014-06-25 10:30:00,147.2476,2014-06-24 13:15:00,8.0000
12451000,48.329722,-120.690556,2014-07-03 07:00:00,2014-07-03 12:15:00,139.0357,2014-07-03 11:00:00,4.0000
12451000,48.329722,-120.690556,2014-11-28 13:45:00,2014-11-29 08:00:00,173.5823,2014-11-29 00:30:00,10.7500
12451000,48.329722,-120.690556,2015-05-21 04:30:00,2015-05-25 12:15:00,157.7248,2015-05-24 07:15:00,74.7500
12451000,48.329722,-120.690556,2015-05-30 04:45:00,2015-05-31 09:45:00,141.0179,2015-05-30 08:15:00,3.5000
12451000,48.329722,-120.690556,2015-10-31 21:00:00,2015-11-01 06:45:00,212.0932,2015-11-01 01:45:00,4.7500
12451000,48.329722,-120.690556,2015-11-18 02:30:00,2015-11-18 06:15:00,155.7427,2015-11-18 03:30:00,1.0000
12451000,48.329722,-120.690556,2016-04-09 10:30:00,2016-04-12 12:00:00,148.0971,2016-04-11 11:00:00,48.5000
12451000,48.329722,-120.690556,2016-04-20 03:15:00,2016-04-25 16:00:00,238.4278,2016-04-22 07:45:00,52.5000
12451000,48.329722,-120.690556,2016-05-03 05:15:00,2016-05-10 09:30:00,212.6595,2016-05-08 06:30:00,121.2500
12451000,48.329722,-120.690556,2016-05-14 05:30:00,2016-05-14 14:30:00,138.4694,2016-05-14 08:30:00,3.0000
12451000,48.329722,-120.690556,2016-05-16 06:30:00,2016-05-19 08:30:00,146.6813,2016-05-17 06:45:00,24.2500
14312000,43.133333,-123.397222,1996-11-19 09:30:00,1996-11-19 15:30:00,1713.1692,1996-11-19 13:00:00,3.5000
14312000,43.133333,-123.397222,1997-01-01 16:00:00,1997-01-02 04:00:00,1834.9317,1997-01-01 21:30:00,5.5000
14312000,43.133333,-123.397222,2005-12-31 02:30:00,2006-01-01 10:00:00,2078.4565,2005-12-31 08:30:00,6.0000
14312000,43.133333,-123.397222,2014-12-22 02:00:00,2014-12-22 05:15:00,1577.2484,2014-12-22 03:15:00,1.2500
14312000,43.133333,-123.397222,2015-02-07 03:45:00,2015-02-07 11:45:00,1727.3276,2015-02-07 07:00:00,3.2500
14312000,43.133333,-123.397222,2015-12-13 15:45:00,2015-12-13 23:00:00,1812.2782,2015-12-13 19:15:00,3.5000
14190500,44.783333,-123.233333,1986-11-29 02:00:00,1986-11-29 09:30:00,168.4852,1986-11-29 04:30:00,2.5000
14190500,44.783333,-123.233333,1987-02-01 15:30:00,1987-02-04 01:30:00,353.9606,1987-02-02 04:00:00,12.5000
14190500,44.783333,-123.233333,1990-01-08 02:30:00,1990-01-11 07:30:00,250.0378,1990-01-08 22:00:00,19.5000
14190500,44.783333,-123.233333,1990-01-30 00:30:00,1990-01-30 06:00:00,168.4852,1990-01-30 02:30:00,2.0000
14190500,44.783333,-123.233333,1990-02-10 13:00:00,1990-02-12 08:00:00,223.7031,1990-02-11 06:30:00,17.5000
14190500,44.783333,-123.233333,1994-02-25 04:30:00,1994-02-26 21:00:00,282.0358,1994-02-25 16:30:00,12.0000
14190500,44.783333,-123.233333,1994-12-01 18:35:51,1994-12-03 03:05:09,223.4199,1994-12-02 03:35:39,8.9967
14190500,44.783333,-123.233333,1994-12-18 04:30:00,1994-12-18 18:30:00,178.1130,1994-12-18 11:00:00,6.5000
14190500,44.783333,-123.233333,1994-12-28 02:30:00,1994-12-28 14:30:00,176.4140,1994-12-28 07:30:00,5.0000
14190500,44.783333,-123.233333,1995-01-14 07:30:00,1995-01-17 03:30:00,250.0378,1995-01-15 05:00:00,21.5000
14190500,44.783333,-123.233333,1995-02-01 07:30:00,1995-02-02 18:30:00,222.8536,1995-02-01 19:00:00,11.5000
14190500,44.783333,-123.233333,1995-02-18 07:30:00,1995-02-21 10:00:00,254.8516,1995-02-18 18:30:00,11.0000
14190500,44.783333,-123.233333,1995-11-30 07:00:00,1995-12-03 09:30:00,348.2972,1995-11-30 21:30:00,14.5000
14190500,44.783333,-123.233333,1995-12-12 23:00:00,1995-12-16 14:00:00,223.7031,1995-12-13 22:30:00,23.5000
14190500,44.783333,-123.233333,1996-01-21 10:00:00,1996-01-22 23:30:00,209.5447,1996-01-22 02:00:00,16.0000
14190500,44.783333,-123.233333,1996-02-06 22:00:00,1996-02-11 15:00:00,702.2578,1996-02-08 10:00:00,36.0000
14190500,44.783333,-123.233333,1996-04-24 11:00:00,1996-04-25 12:30:00,205.5803,1996-04-24 21:00:00,10.0000
14190500,44.783333,-123.233333,1996-11-20 01:00:00,1996-11-21 10:30:00,348.2972,1996-11-20 09:30:00,8.5000
14190500,44.783333,-123.233333,1996-12-05 14:00:00,1996-12-07 02:30:00,219.1724,1996-12-05 23:30:00,9.5000
14190500,44.783333,-123.233333,1996-12-08 09:00:00,1996-12-10 08:30:00,244.9407,1996-12-09 04:30:00,19.5000
14190500,44.783333,-123.233333,1996-12-25 22:00:00,1997-01-04 10:00:00,359.6240,1996-12-27 08:00:00,34.0000
14190500,44.783333,-123.233333,1997-02-01 03:00:00,1997-02-02 13:00:00,229.3665,1997-02-01 14:00:00,11.0000
14190500,44.783333,-123.233333,1997-12-18 00:00:00,1997-12-18 04:00:00,168.4852,1997-12-18 02:30:00,2.5000
14190500,44.783333,-123.233333,1998-11-26 08:00:00,1998-11-28 05:30:00,297.3269,1998-11-27 01:00:00,17.0000
14190500,44.783333,-123.233333,1998-12-02 19:00:00,1998-12-04 10:30:00,259.6655,1998-12-03 07:30:00,12.5000
14190500,44.783333,-123.233333,1998-12-28 11:00:00,1999-01-01 03:30:00,756.0598,1998-12-29 02:30:00,15.5000
14190500,44.783333,-123.233333,1999-01-18 16:00:00,1999-01-20 00:00:00,204.7308,1999-01-19 02:30:00,10.5000
14190500,44.783333,-123.233333,1999-01-21 15:00:00,1999-01-23 21:30:00,206.7130,1999-01-22 05:30:00,14.5000
14190500,44.783333,-123.233333,1999-02-07 19:00:00,1999-02-08 16:30:00,184.0595,1999-02-08 03:30:00,8.5000
14190500,44.783333,-123.233333,1999-02-24 03:30:00,1999-02-26 20:30:00,227.6674,1999-02-25 11:00:00,31.5000
14190500,44.783333,-123.233333,1999-02-28 06:30:00,1999-03-02 03:30:00,270.4259,1999-02-28 19:30:00,13.0000
14190500,44.783333,-123.233333,1999-11-26 12:00:00,1999-11-28 04:30:00,515.3666,1999-11-26 21:30:00,9.5000
14190500,44.783333,-123.233333,1999-12-15 13:30:00,1999-12-19 05:30:00,286.0002,1999-12-16 14:00:00,24.5000
14190500,44.783333,-123.233333,2001-12-14 23:30:00,2001-12-15 11:00:00,173.5823,2001-12-15 04:00:00,4.5000
14190500,44.783333,-123.233333,2002-01-08 15:00:00,2002-01-09 12:00:00,191.9882,2002-01-08 23:30:00,8.5000
14190500,44.783333,-123.233333,2002-01-26 06:30:00,2002-01-27 11:30:00,207.8457,2002-01-26 16:00:00,9.5000
14190500,44.783333,-123.233333,2003-02-01 08:30:00,2003-02-02 13:30:00,208.1288,2003-02-01 23:30:00,15.0000
14190500,44.783333,-123.233333,2004-01-30 05:30:00,2004-02-01 09:00:00,262.2140,2004-01-31 02:30:00,21.0000
14190500,44.783333,-123.233333,2005-12-23 13:30:00,2005-12-24 11:30:00,188.8734,2005-12-23 23:00:00,9.5000
14190500,44.783333,-123.233333,2005-12-29 01:30:00,2006-01-02 15:30:00,373.7824,2005-12-31 11:00:00,57.5000
14190500,44.783333,-123.233333,2006-01-10 15:30:00,2006-01-14 07:00:00,356.7923,2006-01-11 07:00:00,15.5000
14190500,44.783333,-123.233333,2006-01-18 00:30:00,2006-01-19 20:00:00,217.7566,2006-01-18 15:00:00,14.5000
14190500,44.783333,-123.233333,2006-01-30 16:30:00,2006-02-02 19:00:00,202.7486,2006-01-31 07:30:00,15.0000
14190500,44.783333,-123.233333,2006-11-08 06:30:00,2006-11-09 04:30:00,199.6338,2006-11-08 15:30:00,9.0000
14190500,44.783333,-123.233333,2006-12-15 06:30:00,2006-12-17 10:30:00,300.1586,2006-12-15 20:00:00,13.5000
14190500,44.783333,-123.233333,2007-12-04 05:00:00,2007-12-05 23:00:00,311.4853,2007-12-04 17:00:00,12.0000
14190500,44.783333,-123.233333,2008-12-29 13:30:00,2008-12-30 17:00:00,174.7149,2008-12-29 22:00:00,8.5000
14190500,44.783333,-123.233333,2009-01-02 13:30:00,2009-01-04 13:00:00,351.1289,2009-01-03 01:30:00,12.0000
14190500,44.783333,-123.233333,2009-01-08 11:00:00,2009-01-10 08:30:00,224.8358,2009-01-09 06:30:00,19.5000
14190500,44.783333,-123.233333,2010-12-29 04:45:00,2010-12-31 05:00:00,235.8793,2010-12-29 23:30:00,18.7500
14190500,44.783333,-123.233333,2011-01-17 03:15:00,2011-01-19 05:00:00,294.4952,2011-01-17 17:45:00,14.5000
14190500,44.783333,-123.233333,2011-12-30 23:30:00,2012-01-01 12:00:00,233.3308,2011-12-31 12:45:00,13.2500
14190500,44.783333,-123.233333,2012-01-19 03:00:00,2012-01-23 17:00:00,880.6539,2012-01-20 03:00:00,24.0000
14190500,44.783333,-123.233333,2012-01-25 17:30:00,2012-01-26 20:00:00,194.8199,2012-01-26 02:30:00,9.0000
14190500,44.783333,-123.233333,2012-03-30 21:30:00,2012-04-01 06:30:00,246.6397,2012-03-31 14:00:00,16.5000
14190500,44.783333,-123.233333,2012-11-20 11:45:00,2012-11-22 15:00:00,262.2140,2012-11-20 23:45:00,12.0000
14190500,44.783333,-123.233333,2012-12-05 11:15:00,2012-12-06 14:15:00,181.2278,2012-12-06 00:30:00,13.2500
14190500,44.783333,-123.233333,2014-02-13 07:15:00,2014-02-17 10:30:00,210.3942,2014-02-13 20:00:00,12.7500
14190500,44.783333,-123.233333,2014-02-19 21:30:00,2014-02-20 02:30:00,167.9189,2014-02-20 00:15:00,2.7500
14190500,44.783333,-123.233333,2014-03-07 03:30:00,2014-03-08 10:00:00,182.6437,2014-03-07 19:15:00,15.7500
14190500,44.783333,-123.233333,2014-12-21 11:45:00,2014-12-23 19:45:00,427.5844,2014-12-21 22:45:00,11.0000
14190500,44.783333,-123.233333,2015-01-18 23:45:00,2015-01-19 16:30:00,174.7149,2015-01-19 06:15:00,6.5000
14190500,44.783333,-123.233333,2015-02-10 18:00:00,2015-02-11 23:00:00,197.0853,2015-02-11 06:45:00,12.7500
14190500,44.783333,-123.233333,2015-12-08 05:15:00,2015-12-11 20:30:00,379.4457,2015-12-08 14:45:00,9.5000
14190500,44.783333,-123.233333,2015-12-13 17:30:00,2015-12-14 23:30:00,186.8912,2015-12-14 05:45:00,12.2500
14190500,44.783333,-123.233333,2015-12-18 08:30:00,2015-12-20 17:00:00,413.4260,2015-12-18 21:00:00,12.5000
14321000,43.586111,-123.554167,1989-01-10 19:30:00,1989-01-11 10:00:00,2831.6847,1989-01-11 01:00:00,5.5000
14321000,43.586111,-123.554167,1995-01-10 09:00:00,1995-01-10 20:00:00,2743.9024,1995-01-10 13:30:00,4.5000
14321000,43.586111,-123.554167,1995-01-14 15:00:00,1995-01-15 00:00:00,2503.2092,1995-01-14 20:00:00,5.0000
14321000,43.586111,-123.554167,1995-12-13 04:30:00,1995-12-14 03:30:00,3001.5857,1995-12-13 11:30:00,7.0000
14321000,43.586111,-123.554167,1996-11-19 08:30:00,1996-11-20 18:30:00,4587.3291,1996-11-19 19:00:00,10.5000
14321000,43.586111,-123.554167,1996-12-05 14:00:00,1996-12-06 07:30:00,3284.7542,1996-12-05 20:30:00,6.5000
14321000,43.586111,-123.554167,1996-12-08 15:30:00,1996-12-10 17:00:00,4785.5471,1996-12-09 11:00:00,19.5000
14321000,43.586111,-123.554167,1996-12-26 19:30:00,1996-12-27 03:00:00,2432.4171,1996-12-26 22:30:00,3.0000
14321000,43.586111,-123.554167,1996-12-30 15:00:00,1997-01-03 09:30:00,3596.2395,1997-01-02 03:00:00,60.0000
14321000,43.586111,-123.554167,1998-11-22 02:30:00,1998-11-22 21:30:00,3313.0711,1998-11-22 09:30:00,7.0000
14321000,43.586111,-123.554167,1998-12-03 07:30:00,1998-12-03 21:00:00,2772.2193,1998-12-03 13:30:00,6.0000
14321000,43.586111,-123.554167,1998-12-29 02:30:00,1998-12-29 16:30:00,2656.1202,1998-12-29 08:30:00,6.0000
14321000,43.586111,-123.554167,2003-12-14 08:00:00,2003-12-14 22:30:00,2944.9520,2003-12-14 13:30:00,5.5000
14321000,43.586111,-123.554167,2005-12-29 00:00:00,2005-12-29 20:00:00,2718.4173,2005-12-29 13:00:00,13.0000
14321000,43.586111,-123.554167,2005-12-31 01:30:00,2006-01-02 02:00:00,4813.8639,2005-12-31 13:30:00,12.0000
14321000,43.586111,-123.554167,2006-01-11 15:30:00,2006-01-12 03:00:00,2636.2984,2006-01-11 20:30:00,5.0000
14321000,43.586111,-123.554167,2006-01-18 12:00:00,2006-01-19 07:30:00,3058.2194,2006-01-18 19:30:00,7.5000
14321000,43.586111,-123.554167,2006-12-26 15:00:00,2006-12-27 09:00:00,2707.0905,2006-12-26 22:00:00,7.0000
14321000,43.586111,-123.554167,2008-12-29 16:30:00,2008-12-30 19:45:00,3681.1901,2008-12-30 07:30:00,15.0000
14321000,43.586111,-123.554167,2011-01-17 05:00:00,2011-01-18 03:15:00,3369.7047,2011-01-17 14:45:00,9.7500
14321000,43.586111,-123.554167,2012-01-20 01:45:00,2012-01-20 20:00:00,2826.0213,2012-01-20 10:45:00,9.0000
14321000,43.586111,-123.554167,2012-03-22 07:45:00,2012-03-23 06:00:00,3228.1205,2012-03-22 16:45:00,9.0000
14321000,43.586111,-123.554167,2012-03-31 08:30:00,2012-04-01 01:00:00,2709.9222,2012-03-31 14:30:00,6.0000
14321000,43.586111,-123.554167,2012-12-03 02:30:00,2012-12-03 13:30:00,2772.2193,2012-12-03 07:00:00,4.5000
14321000,43.586111,-123.554167,2014-02-15 11:00:00,2014-02-15 22:45:00,2692.9321,2014-02-15 16:45:00,5.7500
14321000,43.586111,-123.554167,2014-12-21 21:00:00,2014-12-23 11:15:00,3794.4574,2014-12-22 09:15:00,12.2500
14321000,43.586111,-123.554167,2015-02-07 14:15:00,2015-02-08 08:15:00,2704.2589,2015-02-07 19:30:00,5.2500
14321000,43.586111,-123.554167,2015-12-13 17:00:00,2015-12-14 11:45:00,3426.3384,2015-12-14 00:30:00,7.5000
14321000,43.586111,-123.554167,2015-12-18 14:45:00,2015-12-19 10:00:00,2540.0211,2015-12-18 18:45:00,4.0000
14321000,43.586111,-123.554167,2016-01-18 17:45:00,2016-01-18 20:00:00,2418.2587,2016-01-18 19:00:00,1.2500
12422500,47.659444,-117.448056,1995-12-04 15:00:00,1995-12-05 10:30:00,773.0499,1995-12-04 17:00:00,2.0000
12422500,47.659444,-117.448056,1996-02-11 02:30:00,1996-02-25 04:30:00,1033.5649,1996-02-12 20:45:00,42.2500
12422500,47.659444,-117.448056,2000-04-18 06:30:00,2000-04-27 09:45:00,821.1886,2000-04-20 19:45:00,61.2500
12422500,47.659444,-117.448056,2002-04-16 14:15:00,2002-04-22 01:30:00,889.1490,2002-04-18 17:30:00,51.2500
12422500,47.659444,-117.448056,2002-05-30 00:15:00,2002-06-07 21:15:00,843.8420,2002-06-02 18:45:00,90.5000
12422500,47.659444,-117.448056,2008-05-19 06:45:00,2008-06-12 06:00:00,1155.3273,2008-05-23 17:15:00,106.5000
12422500,47.659444,-117.448056,2012-04-03 04:45:00,2012-04-05 20:30:00,787.2083,2012-04-03 15:30:00,10.7500
12422500,47.659444,-117.448056,2012-04-25 11:00:00,2012-05-09 08:45:00,1036.3966,2012-04-29 15:15:00,100.2500
13015000,43.557222,-110.762778,1997-06-07 01:45:00,1997-06-07 06:30:00,201.3328,1997-06-07 03:45:00,2.0000
13317000,45.750278,-116.323889,1996-05-18 15:15:21,1996-05-19 16:31:15,2460.7340,1996-05-18 23:45:39,8.5050
13317000,45.750278,-116.323889,1996-06-09 02:45:00,1996-06-13 02:30:00,2726.9123,1996-06-10 11:45:00,33.0000
13317000,45.750278,-116.323889,1997-05-15 13:00:00,1997-05-20 21:45:00,2860.0015,1997-05-18 06:30:00,65.5000
13317000,45.750278,-116.323889,1997-06-02 03:45:00,1997-06-02 21:30:00,2378.6151,1997-06-02 07:45:00,4.0000
13317000,45.750278,-116.323889,1999-05-30 11:00:00,1999-05-30 18:00:00,2350.2983,1999-05-30 17:30:00,6.5000
13317000,45.750278,-116.323889,2003-05-30 11:30:00,2003-06-01 18:45:00,2616.4766,2003-05-31 13:45:00,26.2500
13317000,45.750278,-116.323889,2006-05-20 03:15:00,2006-05-22 19:00:00,2656.1202,2006-05-21 10:45:00,31.5000
13317000,45.750278,-116.323889,2008-05-20 01:00:00,2008-05-22 14:00:00,2641.9618,2008-05-21 21:45:00,44.7500
13317000,45.750278,-116.323889,2010-06-05 12:45:00,2010-06-06 02:45:00,2384.2785,2010-06-05 17:30:00,4.7500
12472800,46.628889,-119.863611,1997-06-11 09:30:00,1997-06-15 21:00:00,12657.6304,1997-06-12 16:45:00,31.2500
12472800,46.628889,-119.863611,2012-06-26 14:15:00,2012-06-29 14:30:00,11213.4713,2012-06-27 13:45:00,23.5000
12484500,46.862778,-120.478889,1990-04-16 20:30:00,1990-04-18 02:00:00,177.5466,1990-04-17 18:30:00,22.0000
12484500,46.862778,-120.478889,1990-06-10 17:00:00,1990-06-11 01:00:00,171.0338,1990-06-10 20:00:00,3.0000
12484500,46.862778,-120.478889,1990-06-12 11:30:00,1990-06-14 19:00:00,196.2357,1990-06-13 20:00:00,32.5000
12484500,46.862778,-120.478889,1990-08-21 19:00:00,1990-08-22 09:00:00,200.4833,1990-08-21 23:30:00,4.5000
12484500,46.862778,-120.478889,1990-11-24 18:00:00,1990-11-25 07:30:00,339.8022,1990-11-25 07:30:00,13.5000
12484500,46.862778,-120.478889,1990-12-01 10:00:00,1990-12-06 22:30:00,194.5367,1990-12-03 21:00:00,59.0000
12484500,46.862778,-120.478889,1990-12-18 11:00:00,1990-12-19 04:00:00,184.3427,1990-12-18 20:00:00,9.0000
12484500,46.862778,-120.478889,1991-02-20 06:30:00,1991-02-22 09:30:00,277.7883,1991-02-21 00:00:00,17.5000
12484500,46.862778,-120.478889,1995-02-01 08:00:00,1995-02-02 16:15:00,197.9348,1995-02-01 16:00:00,8.0000
12484500,46.862778,-120.478889,1995-02-20 05:30:00,1995-02-23 10:30:00,252.8694,1995-02-20 23:15:00,17.7500
12484500,46.862778,-120.478889,1995-11-29 02:45:00,1995-12-03 11:45:00,492.7131,1995-11-30 23:45:00,45.0000
12484500,46.862778,-120.478889,1995-12-07 11:30:00,1995-12-12 11:45:00,187.7407,1995-12-12 06:45:00,115.2500
12484500,46.862778,-120.478889,1995-12-15 06:00:00,1995-12-15 13:00:00,174.7149,1995-12-15 08:00:00,2.0000
12484500,46.862778,-120.478889,1996-01-09 18:45:00,1996-01-10 09:15:00,171.0338,1996-01-09 22:30:00,3.7500
12484500,46.862778,-120.478889,1996-01-15 17:30:00,1996-01-18 01:00:00,201.0496,1996-01-16 03:45:00,10.2500
12484500,46.862778,-120.478889,1996-04-09 15:30:00,1996-04-10 20:45:00,178.3961,1996-04-10 00:00:00,8.5000
12484500,46.862778,-120.478889,1996-04-18 04:45:00,1996-04-19 18:30:00,177.8298,1996-04-18 17:00:00,12.2500
12484500,46.862778,-120.478889,1996-04-24 13:15:00,1996-04-30 03:45:00,206.7130,1996-04-26 22:00:00,56.7500
12484500,46.862778,-120.478889,1996-05-19 06:00:00,1996-05-21 01:00:00,174.7149,1996-05-20 12:00:00,30.0000
12484500,46.862778,-120.478889,1996-05-28 08:30:00,1996-05-28 22:15:00,173.8654,1996-05-28 17:15:00,8.7500
12484500,46.862778,-120.478889,1996-06-04 11:15:00,1996-06-06 09:30:00,201.0496,1996-06-05 16:00:00,28.7500
12484500,46.862778,-120.478889,1997-03-20 02:15:00,1997-03-22 12:30:00,232.7645,1997-03-20 18:45:00,16.5000
12484500,46.862778,-120.478889,1997-03-26 14:30:00,1997-04-02 01:15:00,227.6674,1997-03-27 15:45:00,25.2500
12484500,46.862778,-120.478889,1997-04-05 06:00:00,1997-04-15 15:45:00,194.8199,1997-04-10 13:45:00,126.7500
12484500,46.862778,-120.478889,1997-04-16 16:45:00,1997-06-10 08:45:00,319.9804,1997-04-21 08:00:00,111.2500
12484500,46.862778,-120.478889,1998-05-03 04:45:00,1998-05-10 04:15:00,261.0813,1998-05-07 14:30:00,105.7500
12484500,46.862778,-120.478889,1998-12-29 21:15:00,1998-12-31 04:15:00,237.8615,1998-12-30 11:15:00,14.0000
12484500,46.862778,-120.478889,1999-05-24 12:15:00,1999-05-27 06:45:00,229.3665,1999-05-25 22:15:00,34.0000
12484500,46.862778,-120.478889,1999-06-16 12:00:00,1999-06-23 05:00:00,220.0219,1999-06-21 01:45:00,109.7500
12484500,46.862778,-120.478889,1999-06-25 10:15:00,1999-06-29 12:00:00,206.7130,1999-06-26 22:15:00,36.0000
12484500,46.862778,-120.478889,1999-12-16 11:30:00,1999-12-23 11:45:00,251.1704,1999-12-17 10:15:00,22.7500
12484500,46.862778,-120.478889,2000-06-07 12:00:00,2000-06-08 00:15:00,175.5644,2000-06-07 21:45:00,9.7500
12484500,46.862778,-120.478889,2000-06-14 04:45:00,2000-06-14 09:15:00,172.4496,2000-06-14 07:45:00,3.0000
12484500,46.862778,-120.478889,2000-06-15 15:30:00,2000-06-17 06:30:00,185.1922,2000-06-16 21:15:00,29.7500
12484500,46.862778,-120.478889,2002-04-14 16:00:00,2002-04-16 06:15:00,242.1090,2002-04-15 05:30:00,13.5000
12484500,46.862778,-120.478889,2002-06-15 08:45:00,2002-06-18 05:00:00,197.6516,2002-06-16 18:45:00,34.0000
12484500,46.862778,-120.478889,2003-01-31 20:00:00,2003-02-02 14:15:00,257.6833,2003-02-01 12:30:00,16.5000
12484500,46.862778,-120.478889,2006-11-07 09:15:00,2006-11-09 07:15:00,263.9130,2006-11-08 10:00:00,24.7500
12484500,46.862778,-120.478889,2007-03-12 16:30:00,2007-03-15 07:00:00,302.9903,2007-03-13 10:30:00,18.0000
12484500,46.862778,-120.478889,2007-03-19 07:45:00,2007-03-21 02:00:00,190.2892,2007-03-19 18:15:00,10.5000
12484500,46.862778,-120.478889,2007-03-25 10:15:00,2007-03-27 14:00:00,224.2694,2007-03-26 02:00:00,15.7500
12484500,46.862778,-120.478889,2007-05-18 13:30:00,2007-05-19 05:00:00,175.2813,2007-05-18 19:15:00,5.7500
12484500,46.862778,-120.478889,2007-06-04 05:15:00,2007-06-06 07:30:00,199.0674,2007-06-05 20:30:00,39.2500
12484500,46.862778,-120.478889,2008-05-16 15:45:00,2008-05-21 17:15:00,248.0556,2008-05-18 19:15:00,51.5000
12484500,46.862778,-120.478889,2008-11-13 07:00:00,2008-11-14 14:00:00,258.8160,2008-11-13 20:30:00,13.5000
12484500,46.862778,-120.478889,2009-01-07 21:30:00,2009-01-13 15:00:00,639.9607,2009-01-09 01:45:00,28.2500
12484500,46.862778,-120.478889,2011-01-17 00:00:00,2011-01-20 08:45:00,492.7131,2011-01-18 07:00:00,31.0000
12484500,46.862778,-120.478889,2011-03-31 04:45:00,2011-04-12 18:00:00,436.0794,2011-04-01 15:45:00,35.0000
12484500,46.862778,-120.478889,2011-05-15 07:30:00,2011-05-29 03:45:00,487.0498,2011-05-16 13:45:00,30.2500
12484500,46.862778,-120.478889,2011-06-06 03:15:00,2011-06-14 22:45:00,217.7566,2011-06-09 18:45:00,87.5000
12484500,46.862778,-120.478889,2011-06-22 15:15:00,2011-06-24 07:30:00,176.9803,2011-06-23 16:45:00,25.5000
12484500,46.862778,-120.478889,2012-02-22 19:45:00,2012-02-24 03:00:00,268.1605,2012-02-23 09:15:00,13.5000
12484500,46.862778,-120.478889,2012-04-23 10:30:00,2012-05-06 01:45:00,297.3269,2012-04-25 14:00:00,51.5000
12484500,46.862778,-120.478889,2012-05-15 12:00:00,2012-05-25 23:15:00,205.0140,2012-05-17 16:30:00,52.5000
12484500,46.862778,-120.478889,2012-06-03 08:45:00,2012-06-06 21:00:00,195.6694,2012-06-04 06:00:00,21.2500
12484500,46.862778,-120.478889,2012-06-14 13:00:00,2012-06-15 23:00:00,177.8298,2012-06-15 03:00:00,14.0000
12484500,46.862778,-120.478889,2012-06-18 15:30:00,2012-06-20 09:15:00,203.3150,2012-06-19 19:15:00,27.7500
12484500,46.862778,-120.478889,2012-06-24 03:00:00,2012-06-25 02:30:00,176.1308,2012-06-24 20:15:00,17.2500
12484500,46.862778,-120.478889,2013-05-07 18:30:00,2013-05-15 22:00:00,210.9605,2013-05-12 19:15:00,120.7500
12484500,46.862778,-120.478889,2014-03-10 00:45:00,2014-03-11 15:45:00,199.9169,2014-03-10 12:00:00,11.2500
12484500,46.862778,-120.478889,2015-01-06 03:30:00,2015-01-07 13:30:00,233.0476,2015-01-06 16:15:00,12.7500
12484500,46.862778,-120.478889,2015-11-18 07:45:00,2015-11-19 17:15:00,328.4754,2015-11-18 18:15:00,10.5000
12484500,46.862778,-120.478889,2015-12-09 12:30:00,2015-12-11 19:45:00,382.2774,2015-12-10 06:45:00,18.2500
12484500,46.862778,-120.478889,2016-02-15 13:45:00,2016-02-20 21:15:00,376.6141,2016-02-16 08:45:00,19.0000
12484500,46.862778,-120.478889,2016-03-06 17:15:00,2016-03-08 10:30:00,207.2793,2016-03-07 01:15:00,8.0000
12484500,46.862778,-120.478889,2016-04-09 08:30:00,2016-04-14 21:45:00,215.2080,2016-04-10 19:15:00,34.7500
12484500,46.862778,-120.478889,2016-04-19 18:15:00,2016-04-23 07:45:00,184.9090,2016-04-21 19:45:00,49.5000
14211010,45.379444,-122.576111,2003-02-01 03:30:00,2003-02-01 16:30:00,1356.3770,2003-02-01 09:00:00,5.5000
14211010,45.379444,-122.576111,2005-12-31 05:00:00,2006-01-01 01:00:00,1305.4066,2005-12-31 12:30:00,7.5000
14211010,45.379444,-122.576111,2006-01-11 04:00:00,2006-01-11 21:30:00,1311.0700,2006-01-11 14:00:00,10.0000
14211010,45.379444,-122.576111,2006-11-07 20:30:00,2006-11-08 06:30:00,1166.6541,2006-11-07 23:00:00,2.5000
14211010,45.379444,-122.576111,2006-12-15 07:00:00,2006-12-15 09:00:00,1042.0600,2006-12-15 08:30:00,1.5000
14211010,45.379444,-122.576111,2009-01-02 08:00:00,2009-01-03 03:00:00,1917.0505,2009-01-02 14:30:00,6.5000
14211010,45.379444,-122.576111,2011-01-16 23:30:00,2011-01-17 17:30:00,1563.0899,2011-01-17 07:00:00,7.5000
14211010,45.379444,-122.576111,2012-01-19 22:30:00,2012-01-20 14:30:00,1226.1195,2012-01-20 08:30:00,10.0000
12413500,47.555000,-116.324444,1988-04-16 11:23:51,1988-04-18 08:40:51,489.8814,1988-04-17 13:10:00,25.7692
12413500,47.555000,-116.324444,1989-04-08 01:53:06,1989-04-09 07:00:00,506.8716,1989-04-08 16:08:45,14.2608
12413500,47.555000,-116.324444,1989-04-21 15:23:00,1989-04-23 00:24:30,489.8814,1989-04-22 06:23:39,15.0108
12413500,47.555000,-116.324444,1989-12-05 16:18:03,1989-12-06 22:18:12,600.3171,1989-12-06 01:18:06,9.0008
12413500,47.555000,-116.324444,1990-01-10 10:06:24,1990-01-12 02:21:33,801.3668,1990-01-11 01:51:27,15.7508
12413500,47.555000,-116.324444,1990-11-25 08:15:00,1990-11-27 12:30:00,959.9411,1990-11-26 03:30:00,19.2500
12413500,47.555000,-116.324444,1991-02-20 16:00:00,1991-02-22 12:15:00,707.9212,1991-02-21 05:15:00,13.2500
12413500,47.555000,-116.324444,1991-04-05 18:04:24,1991-04-08 01:20:27,713.5845,1991-04-06 23:34:57,29.5092
12413500,47.555000,-116.324444,1995-02-20 07:45:00,1995-02-23 06:30:00,920.2975,1995-02-21 00:45:00,17.0000
12413500,47.555000,-116.324444,1995-11-30 02:15:00,1995-12-03 22:45:00,965.6045,1995-11-30 23:15:00,21.0000
12413500,47.555000,-116.324444,1996-02-08 08:00:00,1996-02-12 05:45:00,1982.1793,1996-02-10 01:30:00,41.5000
12413500,47.555000,-116.324444,1996-02-19 23:45:00,1996-02-20 10:15:00,455.9012,1996-02-20 02:45:00,3.0000
12413500,47.555000,-116.324444,1996-04-24 12:15:00,1996-04-26 18:30:00,903.3074,1996-04-25 04:15:00,16.0000
12413500,47.555000,-116.324444,1997-03-21 03:30:00,1997-03-22 11:00:00,543.6835,1997-03-21 13:15:00,9.7500
12413500,47.555000,-116.324444,1997-04-21 00:30:00,1997-04-22 23:15:00,634.2974,1997-04-21 16:45:00,16.2500
12413500,47.555000,-116.324444,1997-04-27 18:30:00,1997-04-30 12:45:00,758.8915,1997-04-28 17:45:00,23.2500
12413500,47.555000,-116.324444,1997-05-11 02:30:00,1997-05-19 09:30:00,659.7825,1997-05-16 16:45:00,134.2500
12413500,47.555000,-116.324444,1999-05-25 12:30:00,1999-05-27 03:15:00,489.8814,1999-05-26 07:00:00,18.5000
12413500,47.555000,-116.324444,2000-04-14 07:45:00,2000-04-17 16:15:00,824.0202,2000-04-15 08:15:00,24.5000
12413500,47.555000,-116.324444,2002-01-09 03:45:00,2002-01-10 01:30:00,521.0300,2002-01-09 14:00:00,10.2500
12413500,47.555000,-116.324444,2002-04-13 14:30:00,2002-04-17 05:45:00,1064.7134,2002-04-15 09:45:00,43.2500
12413500,47.555000,-116.324444,2002-05-20 16:00:00,2002-05-24 12:45:00,560.6736,2002-05-23 17:00:00,73.0000
12413500,47.555000,-116.324444,2002-05-29 14:45:00,2002-05-29 19:15:00,450.2379,2002-05-29 16:15:00,1.5000
12413500,47.555000,-116.324444,2003-02-01 08:00:00,2003-02-02 20:00:00,682.4360,2003-02-01 21:30:00,13.5000
12413500,47.555000,-116.324444,2003-03-23 12:30:00,2003-03-24 16:45:00,580.4954,2003-03-24 02:45:00,14.2500
12413500,47.555000,-116.324444,2004-12-12 03:45:00,2004-12-13 06:00:00,572.0003,2004-12-12 15:15:00,11.5000
12413500,47.555000,-116.324444,2006-04-15 17:15:00,2006-04-17 04:30:00,588.9904,2006-04-16 08:45:00,15.5000
12413500,47.555000,-116.324444,2007-03-13 03:00:00,2007-03-14 21:00:00,690.9311,2007-03-13 17:30:00,14.5000
12413500,47.555000,-116.324444,2007-03-26 08:00:00,2007-03-27 14:15:00,538.0201,2007-03-26 22:00:00,14.0000
12413500,47.555000,-116.324444,2008-05-07 11:15:00,2008-05-08 17:45:00,481.3864,2008-05-08 01:00:00,13.7500
12413500,47.555000,-116.324444,2008-05-16 11:30:00,2008-05-23 14:00:00,914.6341,2008-05-19 17:45:00,78.2500
12413500,47.555000,-116.324444,2009-01-08 20:45:00,2009-01-09 19:15:00,560.6736,2009-01-09 06:15:00,9.5000
12413500,47.555000,-116.324444,2009-04-22 21:30:00,2009-04-24 02:30:00,472.8913,2009-04-23 14:15:00,16.7500
12413500,47.555000,-116.324444,2010-12-14 06:00:00,2010-12-15 20:00:00,538.0201,2010-12-15 01:15:00,19.2500
12413500,47.555000,-116.324444,2011-01-17 02:30:00,2011-01-19 20:45:00,934.4559,2011-01-18 06:30:00,28.0000
12413500,47.555000,-116.324444,2011-04-01 11:15:00,2011-04-02 06:45:00,495.5448,2011-04-01 18:30:00,7.2500
12413500,47.555000,-116.324444,2011-05-13 00:00:00,2011-05-13 18:00:00,461.5646,2011-05-13 05:00:00,5.0000
12413500,47.555000,-116.324444,2011-05-15 04:00:00,2011-05-18 10:30:00,662.6142,2011-05-17 01:45:00,45.7500
12413500,47.555000,-116.324444,2011-05-22 16:15:00,2011-05-23 19:45:00,487.0498,2011-05-23 02:15:00,10.0000
12413500,47.555000,-116.324444,2012-03-30 23:00:00,2012-04-02 14:00:00,824.0202,2012-03-31 18:30:00,19.5000
12413500,47.555000,-116.324444,2012-04-21 15:15:00,2012-04-28 23:15:00,753.2281,2012-04-25 11:45:00,92.5000
12413500,47.555000,-116.324444,2013-04-06 15:45:00,2013-04-08 13:00:00,538.0201,2013-04-07 10:45:00,19.0000
12413500,47.555000,-116.324444,2014-03-09 23:00:00,2014-03-12 07:00:00,818.3569,2014-03-10 22:30:00,23.5000
12413500,47.555000,-116.324444,2015-02-08 16:30:00,2015-02-12 05:15:00,685.2677,2015-02-09 05:30:00,13.0000
12413500,47.555000,-116.324444,2015-03-16 15:30:00,2015-03-17 14:15:00,521.0300,2015-03-17 00:15:00,8.7500
12413500,47.555000,-116.324444,1988-04-16 11:23:51,1988-04-18 08:40:51,489.8814,1988-04-17 13:10:00,25.7692
12413500,47.555000,-116.324444,1989-04-08 01:53:06,1989-04-09 07:00:00,506.8716,1989-04-08 16:08:45,14.2608
12413500,47.555000,-116.324444,1989-04-21 15:23:00,1989-04-23 00:24:30,489.8814,1989-04-22 06:23:39,15.0108
12413500,47.555000,-116.324444,1989-12-05 16:18:03,1989-12-06 22:18:12,600.3171,1989-12-06 01:18:06,9.0008
12413500,47.555000,-116.324444,1990-01-10 10:06:24,1990-01-12 02:21:33,801.3668,1990-01-11 01:51:27,15.7508
12413500,47.555000,-116.324444,1990-11-25 08:15:00,1990-11-27 12:30:00,959.9411,1990-11-26 03:30:00,19.2500
12413500,47.555000,-116.324444,1991-02-20 16:00:00,1991-02-22 12:15:00,707.9212,1991-02-21 05:15:00,13.2500
12413500,47.555000,-116.324444,1991-04-05 18:04:24,1991-04-08 01:20:27,713.5845,1991-04-06 23:34:57,29.5092
12413500,47.555000,-116.324444,1995-02-20 07:45:00,1995-02-23 06:30:00,920.2975,1995-02-21 00:45:00,17.0000
12413500,47.555000,-116.324444,1995-11-30 02:15:00,1995-12-03 22:45:00,965.6045,1995-11-30 23:15:00,21.0000
12413500,47.555000,-116.324444,1996-02-08 08:00:00,1996-02-12 05:45:00,1982.1793,1996-02-10 01:30:00,41.5000
12413500,47.555000,-116.324444,1996-02-19 23:45:00,1996-02-20 10:15:00,455.9012,1996-02-20 02:45:00,3.0000
12413500,47.555000,-116.324444,1996-04-24 12:15:00,1996-04-26 18:30:00,903.3074,1996-04-25 04:15:00,16.0000
12413500,47.555000,-116.324444,1997-03-21 03:30:00,1997-03-22 11:00:00,543.6835,1997-03-21 13:15:00,9.7500
12413500,47.555000,-116.324444,1997-04-21 00:30:00,1997-04-22 23:15:00,634.2974,1997-04-21 16:45:00,16.2500
12413500,47.555000,-116.324444,1997-04-27 18:30:00,1997-04-30 12:45:00,758.8915,1997-04-28 17:45:00,23.2500
12413500,47.555000,-116.324444,1997-05-11 02:30:00,1997-05-19 09:30:00,659.7825,1997-05-16 16:45:00,134.2500
12413500,47.555000,-116.324444,1999-05-25 12:30:00,1999-05-27 03:15:00,489.8814,1999-05-26 07:00:00,18.5000
12413500,47.555000,-116.324444,2000-04-14 07:45:00,2000-04-17 16:15:00,824.0202,2000-04-15 08:15:00,24.5000
12413500,47.555000,-116.324444,2002-01-09 03:45:00,2002-01-10 01:30:00,521.0300,2002-01-09 14:00:00,10.2500
12413500,47.555000,-116.324444,2002-04-13 14:30:00,2002-04-17 05:45:00,1064.7134,2002-04-15 09:45:00,43.2500
12413500,47.555000,-116.324444,2002-05-20 16:00:00,2002-05-24 12:45:00,560.6736,2002-05-23 17:00:00,73.0000
12413500,47.555000,-116.324444,2002-05-29 14:45:00,2002-05-29 19:15:00,450.2379,2002-05-29 16:15:00,1.5000
12413500,47.555000,-116.324444,2003-02-01 08:00:00,2003-02-02 20:00:00,682.4360,2003-02-01 21:30:00,13.5000
12413500,47.555000,-116.324444,2003-03-23 12:30:00,2003-03-24 16:45:00,580.4954,2003-03-24 02:45:00,14.2500
12413500,47.555000,-116.324444,2004-12-12 03:45:00,2004-12-13 06:00:00,572.0003,2004-12-12 15:15:00,11.5000
12413500,47.555000,-116.324444,2006-04-15 17:15:00,2006-04-17 04:30:00,588.9904,2006-04-16 08:45:00,15.5000
12413500,47.555000,-116.324444,2007-03-13 03:00:00,2007-03-14 21:00:00,690.9311,2007-03-13 17:30:00,14.5000
12413500,47.555000,-116.324444,2007-03-26 08:00:00,2007-03-27 14:15:00,538.0201,2007-03-26 22:00:00,14.0000
12413500,47.555000,-116.324444,2008-05-07 11:15:00,2008-05-08 17:45:00,481.3864,2008-05-08 01:00:00,13.7500
12413500,47.555000,-116.324444,2008-05-16 11:30:00,2008-05-23 14:00:00,914.6341,2008-05-19 17:45:00,78.2500
12413500,47.555000,-116.324444,2009-01-08 20:45:00,2009-01-09 19:15:00,560.6736,2009-01-09 06:15:00,9.5000
12413500,47.555000,-116.324444,2009-04-22 21:30:00,2009-04-24 02:30:00,472.8913,2009-04-23 14:15:00,16.7500
12413500,47.555000,-116.324444,2010-12-14 06:00:00,2010-12-15 20:00:00,538.0201,2010-12-15 01:15:00,19.2500
12413500,47.555000,-116.324444,2011-01-17 02:30:00,2011-01-19 20:45:00,934.4559,2011-01-18 06:30:00,28.0000
12413500,47.555000,-116.324444,2011-04-01 11:15:00,2011-04-02 06:45:00,495.5448,2011-04-01 18:30:00,7.2500
12413500,47.555000,-116.324444,2011-05-13 00:00:00,2011-05-13 18:00:00,461.5646,2011-05-13 05:00:00,5.0000
12413500,47.555000,-116.324444,2011-05-15 04:00:00,2011-05-18 10:30:00,662.6142,2011-05-17 01:45:00,45.7500
12413500,47.555000,-116.324444,2011-05-22 16:15:00,2011-05-23 19:45:00,487.0498,2011-05-23 02:15:00,10.0000
12413500,47.555000,-116.324444,2012-03-30 23:00:00,2012-04-02 14:00:00,824.0202,2012-03-31 18:30:00,19.5000
12413500,47.555000,-116.324444,2012-04-21 15:15:00,2012-04-28 23:15:00,753.2281,2012-04-25 11:45:00,92.5000
12413500,47.555000,-116.324444,2013-04-06 15:45:00,2013-04-08 13:00:00,538.0201,2013-04-07 10:45:00,19.0000
12413500,47.555000,-116.324444,2014-03-09 23:00:00,2014-03-12 07:00:00,818.3569,2014-03-10 22:30:00,23.5000
12413500,47.555000,-116.324444,2015-02-08 16:30:00,2015-02-12 05:15:00,685.2677,2015-02-09 05:30:00,13.0000
12413500,47.555000,-116.324444,2015-03-16 15:30:00,2015-03-17 14:15:00,521.0300,2015-03-17 00:15:00,8.7500
14194150,45.205833,-123.181389,1995-12-14 04:00:00,1995-12-16 13:30:00,492.7131,1995-12-14 13:45:00,9.7500
14194150,45.205833,-123.181389,1996-02-07 10:15:00,1996-02-12 02:30:00,1333.7235,1996-02-09 09:15:00,47.0000
14194150,45.205833,-123.181389,1996-04-25 05:00:00,1996-04-25 19:30:00,461.5646,1996-04-25 10:30:00,5.5000
14194150,45.205833,-123.181389,1996-11-21 03:15:00,1996-11-21 12:45:00,453.0695,1996-11-21 06:00:00,2.7500
14194150,45.205833,-123.181389,1996-12-27 07:45:00,1996-12-29 02:30:00,515.3666,1996-12-27 23:00:00,15.2500
14194150,45.205833,-123.181389,1996-12-30 05:45:00,1997-01-04 09:00:00,690.9311,1996-12-30 22:15:00,16.5000
14194150,45.205833,-123.181389,1998-11-26 22:45:00,1998-11-28 10:00:00,603.1488,1998-11-27 12:00:00,13.2500
14194150,45.205833,-123.181389,1998-12-29 05:00:00,1998-12-31 19:00:00,792.8717,1998-12-29 20:15:00,15.2500
14194150,45.205833,-123.181389,1999-02-25 07:30:00,1999-02-27 04:15:00,668.2776,1999-02-25 21:30:00,14.0000
14194150,45.205833,-123.181389,1999-02-28 19:00:00,1999-03-02 03:45:00,566.3369,1999-03-01 06:15:00,11.2500
14194150,45.205833,-123.181389,1999-11-27 02:15:00,1999-11-28 08:45:00,639.9607,1999-11-27 12:30:00,10.2500
14194150,45.205833,-123.181389,2002-01-09 03:15:00,2002-01-09 21:45:00,484.2181,2002-01-09 10:15:00,7.0000
14194150,45.205833,-123.181389,2005-12-31 01:15:00,2005-12-31 07:45:00,472.8913,2005-12-31 07:45:00,6.5000
14194150,45.205833,-123.181389,2006-01-11 17:15:00,2006-01-13 17:30:00,591.8221,2006-01-12 09:15:00,16.0000
14194150,45.205833,-123.181389,2006-12-16 09:30:00,2006-12-17 03:45:00,472.8913,2006-12-16 15:15:00,5.7500
14194150,45.205833,-123.181389,2007-12-04 10:00:00,2007-12-06 09:45:00,866.4955,2007-12-04 23:45:00,13.7500
14194150,45.205833,-123.181389,2009-01-03 03:00:00,2009-01-04 15:45:00,668.2776,2009-01-03 15:00:00,12.0000
14194150,45.205833,-123.181389,2012-01-20 07:00:00,2012-01-23 13:30:00,727.7430,2012-01-20 22:00:00,15.0000
14194150,45.205833,-123.181389,2012-03-31 18:45:00,2012-04-02 01:30:00,472.8913,2012-04-01 05:45:00,11.0000
14194150,45.205833,-123.181389,2012-11-21 08:30:00,2012-11-22 01:30:00,458.7329,2012-11-21 14:45:00,6.2500
14194150,45.205833,-123.181389,2014-12-22 18:00:00,2014-12-23 01:30:00,444.5745,2014-12-22 19:30:00,1.5000
14194150,45.205833,-123.181389,2015-12-08 22:00:00,2015-12-12 02:45:00,608.8122,2015-12-10 14:15:00,40.2500
14194150,45.205833,-123.181389,2015-12-19 07:45:00,2015-12-20 11:45:00,504.0399,2015-12-19 19:15:00,11.5000
14243000,46.275000,-122.913333,1962-11-20 10:00:30,1962-11-21 18:03:24,1880.2386,1962-11-20 13:58:57,3.9742
14243000,46.275000,-122.913333,1964-01-25 11:12:18,1964-01-26 07:14:06,2055.8031,1964-01-25 18:13:30,7.0200
14243000,46.275000,-122.913333,1964-12-22 19:43:39,1964-12-25 06:55:00,2375.7834,1964-12-23 13:05:00,17.3558
14243000,46.275000,-122.913333,1965-01-29 05:58:54,1965-02-01 07:59:54,2200.2190,1965-01-31 06:51:12,48.8717
14243000,46.275000,-122.913333,1995-11-28 16:45:00,1995-12-04 07:30:00,2973.2689,1995-11-30 10:45:00,42.0000
14243000,46.275000,-122.913333,1996-02-07 16:30:00,1996-02-11 06:15:00,3171.4868,1996-02-09 01:15:00,32.7500
14243000,46.275000,-122.913333,2003-01-31 22:00:00,2003-02-01 12:30:00,1953.8624,2003-02-01 04:45:00,6.7500
14243000,46.275000,-122.913333,2006-11-07 05:15:00,2006-11-08 13:30:00,2188.8922,2006-11-07 20:45:00,15.5000
14243000,46.275000,-122.913333,2007-12-03 21:00:00,2007-12-04 09:00:00,1820.7732,2007-12-04 01:30:00,4.5000
14243000,46.275000,-122.913333,2009-01-07 21:45:00,2009-01-09 06:30:00,3001.5857,2009-01-08 15:45:00,18.0000
14243000,46.275000,-122.913333,2015-12-09 07:30:00,2015-12-10 02:30:00,2404.1003,2015-12-09 16:00:00,8.5000
12413000,47.568889,-116.253333,1990-01-10 20:14:45,1990-01-11 08:14:51,747.5648,1990-01-11 01:44:48,5.5008
12413000,47.568889,-116.253333,1990-11-25 16:00:00,1990-11-26 15:00:00,826.8519,1990-11-26 02:30:00,10.5000
12413000,47.568889,-116.253333,1995-02-20 17:45:00,1995-02-21 14:30:00,773.0499,1995-02-21 01:45:00,8.0000
12413000,47.568889,-116.253333,1995-11-30 18:16:48,1995-12-01 06:47:21,705.0895,1995-11-30 23:47:03,5.5042
12413000,47.568889,-116.253333,1996-02-09 08:15:00,1996-02-11 00:15:00,1602.7335,1996-02-09 23:45:00,15.5000
12413000,47.568889,-116.253333,1996-04-24 22:00:00,1996-04-25 10:00:00,733.4063,1996-04-25 02:00:00,4.0000
12413000,47.568889,-116.253333,2002-04-14 21:00:00,2002-04-15 23:15:00,925.9609,2002-04-15 07:00:00,10.0000
12413000,47.568889,-116.253333,2008-05-19 07:00:00,2008-05-20 18:00:00,775.8816,2008-05-19 20:45:00,13.7500
12413000,47.568889,-116.253333,2011-01-17 19:15:00,2011-01-18 17:15:00,792.8717,2011-01-18 07:15:00,12.0000
